10 15
-3.94379	0.378494	0.176652	-45.995	-167.012	-2.37163	
-2.03655	0.545356	0.243508	-28.6097	-149.414	1.24224	
-4.52307	0.327814	0.156345	49.1884	-192.767	2.43542	
-6.00245	0.198385	0.104487	19.587	-166.885	-14.1578	
-4.57698	0.323098	0.154456	-40.8389	-189.561	-1.80173	
-3.30035	0.434788	0.199207	-63.6523	-175.949	-0.117826	
-7.1503	0.097961	0.0642501	10.8849	-202.286	-7.3725	
-6.69191	0.138065	0.0803187	-10.9191	-231.587	16.6883	
-4.69741	0.312561	0.150234	-29.5189	-173.619	-16.7451	
-4.79639	0.303902	0.146765	22.9231	-195.102	-1.05073	
-4.89461	0.295309	0.143322	-35.7523	-156.933	5.95111	
-3.88174	0.383923	0.178827	5.41351	-205.449	10.9967	
-5.81298	0.214961	0.111129	-15.5962	-172.753	-7.47606	
-5.31767	0.258296	0.128492	9.77383	-236.854	1.77408	
-4.78086	0.30526	0.147309	-11.1691	-183.501	-3.57805	
-5.8191	0.214426	0.110914	-13.2985	-181.329	-14.3009	
-7.56672	0.061529	0.0496529	15.4109	-195.781	5.72579	
-4.77837	0.305478	0.147396	29.7963	-147.777	-10.7813	
-6.01018	0.197709	0.104216	40.9051	-187.482	-7.95649	
-6.62268	0.144122	0.0827454	31.6786	-147.234	2.44194	
-5.59033	0.234441	0.118934	49.2128	-194.64	-5.68447	
-6.31586	0.170965	0.0935007	37.0455	-206.119	-4.48267	
-5.21392	0.267373	0.132128	-32.3022	-173.983	7.95565	
-3.51276	0.416205	0.191761	-15.4504	-174.419	1.93544	
-5.64665	0.229513	0.116959	12.9272	-163.486	11.2082	
-2.20339	0.53076	0.23766	-46.402	-121.597	-6.40612	
-5.83073	0.213408	0.110506	-33.7309	-217.42	-3.96166	
-6.7114	0.136359	0.0796353	-35.6671	-200.86	-12.446	
-6.06953	0.192516	0.102135	-18.3487	-197.216	-0.414089	
-4.28737	0.348435	0.164608	-38.5723	-195.177	-4.3377	
-5.13055	0.274666	0.135051	-32.4515	-161.567	-10.9571	
-4.90293	0.29458	0.14303	-51.0503	-193.385	-2.45807	
-5.18706	0.269722	0.13307	-13.0445	-167.611	-6.98558	
-6.11012	0.188965	0.100713	-12.0679	-204.193	15.3363	
-4.7538	0.307628	0.148257	-26.1287	-179.859	-0.268901	
-5.23183	0.265805	0.1315	-38.9378	-171.637	3.28924	
-4.55021	0.32544	0.155394	-25.6655	-190.674	0.222146	
-6.6569	0.141128	0.0815459	6.19311	-228.017	-1.94002	
-4.08713	0.365954	0.171627	-18.727	-205.946	-0.599868	
-5.19863	0.26871	0.132664	0.00183817	-221.832	14.1889	
-5.20736	0.267947	0.132358	15.0949	-194.27	-7.21994	
-4.89316	0.295435	0.143372	7.9185	-176.746	-7.12295	
-2.997	0.461328	0.209841	-27.6323	-167.683	-3.37741	
-3.57613	0.41066	0.18954	-21.6559	-178.753	14.8265	
-5.94742	0.2032	0.106416	-8.79293	-181.164	-8.3979	
-6.47338	0.157184	0.0879791	-2.76617	-208.77	-9.94347	
-6.01508	0.19728	0.104044	-32.5624	-191.626	-5.61148	
-2.91211	0.468755	0.212816	-6.8007	-212.04	4.19949	
-4.82683	0.301238	0.145697	-9.0313	-206.055	-13.8664	
-5.51519	0.241014	0.121567	9.76816	-179.943	-6.70504	
-5.07922	0.279157	0.13685	-54.122	-184.439	13.5897	
-3.67032	0.40242	0.186238	-5.41178	-190.463	5.33917	
-5.13343	0.274415	0.13495	5.44114	-182.373	3.36367	
-6.37916	0.165427	0.0912818	17.7145	-203.878	13.9242	
-6.05459	0.193823	0.102659	-9.80566	-190.345	6.56005	
-2.35158	0.517795	0.232465	0.857297	-233.743	0.666916	
-5.42078	0.249274	0.124877	55.1971	-203.393	-6.18711	
-2.21519	0.529727	0.237246	-16.1716	-190.098	5.27255	
-4.1387	0.361442	0.169819	2.24027	-190.181	13.9008	
-6.48731	0.155965	0.0874907	46.895	-160.517	3.12286	
-4.04601	0.369551	0.173068	-25.5703	-170.168	-3.07985	
-7.07399	0.104637	0.0669251	32.8138	-199.642	-13.8201	
-4.72884	0.309811	0.149132	-14.2317	-202.465	-2.25808	
-3.51441	0.416061	0.191703	12.6283	-168.896	6.35041	
-5.18467	0.269932	0.133154	-5.13924	-182.042	6.08892	
-5.08999	0.278215	0.136473	38.365	-198.381	-10.6176	
-5.63483	0.230548	0.117374	-8.12887	-144.055	-11.7744	
-4.00239	0.373367	0.174597	13.4627	-226.011	-6.82266	
-5.10266	0.277107	0.136029	-64.2413	-195.586	-0.335041	
-6.25218	0.176536	0.095733	-56.5869	-205.664	6.33956	
-5.33319	0.256938	0.127947	-18.5293	-190.863	0.286038	
-6.91107	0.118891	0.0726362	-52.1976	-163.681	-8.45901	
-4.56627	0.324034	0.154831	-44.089	-144.513	-9.98441	
-3.54691	0.413217	0.190564	-0.660573	-198.392	5.77479	
-3.84747	0.386921	0.180028	-21.3798	-232.558	1.693	
-4.25186	0.351542	0.165852	-1.60395	-213.984	5.03855	
-5.1926	0.269237	0.132876	12.8024	-204.705	-2.17883	
-4.71922	0.310653	0.14947	-16.932	-190.259	5.05738	
-4.44743	0.334431	0.158997	-79.8017	-141.406	13.5259	
-3.45946	0.420868	0.193629	-70.1714	-176.542	-7.301	
-4.74941	0.308011	0.148411	11.6335	-180.09	13.1232	
-5.08686	0.278488	0.136582	4.78318	-187.221	0.801681	
-3.64889	0.404294	0.186989	22.5783	-191.515	9.85446	
-5.18911	0.269543	0.132998	-2.82561	-169.242	-13.4242	
-4.81657	0.302136	0.146057	-7.18277	-213.762	7.45722	
-6.32356	0.170291	0.0932307	-61.5691	-209.819	3.87973	
-3.32133	0.432952	0.198471	-20.1235	-163.373	2.55921	
-0.106505	0.714213	0.311164	-23.3267	66.4905	28.5017	
-2.44402	0.509707	0.229225	-47.8902	-165.185	4.62751	
-7.26981	0.0875049	0.0600607	-10.1219	-142.697	-1.58374	
-4.97321	0.288432	0.140566	-18.1897	-184.921	-0.396724	
-2.65931	0.490872	0.221678	21.5494	-202.155	11.7965	
-5.71519	0.223517	0.114557	5.12269	-196.599	7.93683	
-4.34242	0.343619	0.162678	-19.7918	-189.666	-0.393003	
-6.24291	0.177347	0.0960578	15.381	-173.532	-0.505009	
-3.54627	0.413273	0.190586	-39.343	-199.941	-5.80384	
-2.78339	0.480016	0.217328	-47.4011	-209.386	2.40817	
-3.29337	0.435399	0.199452	-12.4849	-171.178	-1.01641	
-2.54274	0.50107	0.225764	-42.9835	-191.515	0.749326	
0.0996613	0.73225	0.318391	-31.8131	8.16829	-2.81794	
-2.8363	0.475387	0.215474	1.38309	-239.892	2.76518	
-4.97202	0.288536	0.140608	1.88452	-185.748	1.72736	
-3.70715	0.399197	0.184947	3.83564	-180.672	14.0882	
-5.85532	0.211257	0.109645	26.7927	-197.009	-10.5534	
-6.88901	0.120821	0.0734096	5.3374	-187.179	4.65539	
-3.83161	0.388309	0.180584	-38.8855	-170.882	-9.30249	
-2.43779	0.510252	0.229443	-17.9278	-149.328	5.54386	
0.225249	0.743238	0.322794	-74.9947	-57.3426	-32.7432	
-5.23341	0.265667	0.131445	-23.1521	-196.531	-3.76442	
-4.04208	0.369895	0.173206	-0.0511443	-199.608	3.42184	
-6.21035	0.180196	0.0971992	4.93978	-167.037	-7.40099	
-3.97363	0.375884	0.175606	-8.68171	-166.996	1.99536	
-4.19517	0.356502	0.16784	30.0303	-200.533	9.25298	
-4.60239	0.320875	0.153565	25.0589	-159.186	4.47657	
-5.69429	0.225346	0.115289	7.63007	-149.556	-4.04901	
-2.60326	0.495776	0.223643	-14.9171	-182.253	0.469795	
-4.07726	0.366817	0.171973	45.0124	-198.104	-19.7017	
-5.24964	0.264247	0.130876	-25.628	-170.808	10.3861	
-1.77853	0.56793	0.252553	-143.232	-161.203	-6.31313	
-4.30682	0.346734	0.163926	-18.5436	-227.165	1.11602	
-4.58608	0.322301	0.154137	30.6863	-213.531	4.22338	
-3.47345	0.419644	0.193139	-40.7351	-170.578	-9.96993	
-4.20167	0.355933	0.167612	-34.4165	-171.266	-4.6134	
-5.94092	0.203768	0.106644	-5.38252	-158.629	0.442889	
-5.22882	0.266069	0.131606	-3.99316	-196.975	1.05899	
-4.56181	0.324424	0.154987	-68.5937	-165.643	-10.5271	
-6.32923	0.169795	0.093032	34.3374	-164.074	-2.72272	
-4.40144	0.338455	0.160609	-12.9876	-188.185	6.21022	
-3.58453	0.409925	0.189245	-41.6677	-199.978	6.40278	
-5.0572	0.281084	0.137622	-34.5351	-186.506	0.879063	
-3.63037	0.405915	0.187638	-53.518	-212.895	3.47011	
-5.41455	0.249819	0.125095	-5.93178	-150.394	8.92934	
-4.28547	0.348601	0.164674	-52.2392	-189.318	-0.269077	
-5.89297	0.207963	0.108325	10.1152	-159.769	-4.76572	
-6.41299	0.162467	0.090096	-13.1384	-176.351	-9.34233	
-3.54793	0.413128	0.190528	-35.2168	-169.234	-4.37344	
-4.88333	0.296296	0.143717	-26.4038	-160.65	-11.999	
-6.25539	0.176256	0.0956206	-18.0279	-174.916	9.07054	
-4.4264	0.336272	0.159734	-10.3763	-193.447	1.89306	
-4.39753	0.338797	0.160746	-24.2556	-191.081	7.18722	
-5.87535	0.209505	0.108942	-26.9308	-201.61	-10.2819	
-3.42618	0.423779	0.194796	6.78915	-201.227	14.6151	
-6.82636	0.126302	0.0756054	-21.7546	-203.852	-13.674	
0.0418852	0.727196	0.316366	-39.8059	-59.8913	-15.7917	
0.0901123	0.731415	0.318057	-53.2452	-25.1632	-12.522	
-4.32352	0.345273	0.163341	-6.24346	-181.884	7.14079	
-6.08681	0.191004	0.10153	-35.4412	-247.66	-8.97358	
-6.45544	0.158753	0.0886077	-34.4797	-197.474	4.18723	
-5.66684	0.227747	0.116252	28.6629	-186.124	-9.43601	
-7.53854	0.0639943	0.0506406	-45.6928	-201.404	11.2629	
-3.8189	0.389421	0.18103	-45.2041	-188.191	-5.23718	
-5.3671	0.25397	0.126759	8.45745	-160.441	-2.40884	
-3.75567	0.394953	0.183246	-30.5965	-187.017	8.28999	
-6.41639	0.16217	0.0899767	24.6653	-203.482	2.625	
-4.48517	0.33113	0.157674	-4.94393	-211.584	-9.76065	
-5.43292	0.248212	0.124451	-30.9888	-164.913	2.33675	
-5.72605	0.222567	0.114176	-11.7906	-202.324	2.91158	
-3.23805	0.440238	0.201391	-116.402	-189.868	3.5929	
-6.60236	0.1459	0.0834577	-23.2932	-199.789	-2.95955	
-4.12311	0.362805	0.170366	-4.40869	-212.431	-11.5356	
-2.83987	0.475074	0.215349	-30.0991	-199.225	-6.03706	
0.0270178	0.725895	0.315845	-41.5325	50.1815	8.48424	
-2.74152	0.483679	0.218796	40.3283	-161.524	-10.039	
-6.09112	0.190627	0.101379	-8.28691	-243.637	2.21066	
-4.90259	0.29461	0.143042	-8.41274	-154.479	-5.00883	
-6.1357	0.186727	0.099816	-1.20376	-227.465	3.49691	
-4.66299	0.315573	0.151441	-30.7325	-191.835	-5.91941	
-6.53986	0.151368	0.0856486	20.7308	-200.829	-2.67542	
-3.65751	0.403541	0.186687	7.72243	-208.26	5.32335	
-5.48084	0.24402	0.122772	50.2169	-181.465	3.51865	
-5.02401	0.283987	0.138785	-43.091	-179.501	-3.40075	
-4.04987	0.369214	0.172933	6.45443	-216.002	5.34499	
0.00368698	0.723854	0.315027	-50.0496	-86.084	-27.5253	
-3.24682	0.439471	0.201083	26.9203	-171.009	-4.81122	
-2.92556	0.467578	0.212345	23.1916	-166.231	-15.9321	
-5.96003	0.202096	0.105974	-20.4065	-204.702	5.47487	
-3.20205	0.443388	0.202653	-23.0135	-191.552	-5.82024	
-4.49832	0.329979	0.157213	24.8381	-195.209	-5.75912	
-4.93095	0.292129	0.142048	-12.1476	-211.419	-12.4764	
-4.65105	0.316617	0.151859	-34.7863	-206.463	3.24305	
-4.92804	0.292384	0.14215	-41.7996	-202.55	0.351138	
-4.4971	0.330086	0.157256	-18.743	-190.855	14.7601	
-4.44272	0.334844	0.159162	-50.7049	-164.675	1.5375	
-4.01252	0.372481	0.174242	0.270657	-170.047	-5.71118	
-5.87537	0.209503	0.108942	-14.047	-206.281	1.87328	
-5.19449	0.269072	0.132809	-15.0227	-175.998	1.20226	
-5.08866	0.278331	0.136519	-53.4658	-173.164	12.8208	
-7.04774	0.106934	0.0678453	-7.06785	-175.871	8.62828	
24.2226	2.84273	1.164	-46.4286	244.913	-8.24752	
-6.67166	0.139837	0.0810286	-20.6188	-201.903	-4.45519	
-4.4684	0.332597	0.158262	52.9105	-195.171	-4.74711	
-3.51888	0.415669	0.191547	-23.4448	-178.08	-12.2536	
-6.14781	0.185667	0.0993915	-55.1525	-209.761	-6.49188	
-5.6796	0.226631	0.115804	12.3601	-205.218	5.19683	
-4.38538	0.33986	0.161172	-21.7967	-208.492	-14.981	
-6.05216	0.194035	0.102744	-33.9541	-161.475	-9.5019	
-5.62091	0.231766	0.117862	16.5167	-188.523	-2.50182	
-4.87957	0.296624	0.143849	-2.54683	-224.707	0.280468	
-5.66143	0.228221	0.116441	-27.3511	-175.228	13.8493	
-7.74208	0.0461868	0.0435057	-38.6534	-212.736	8.86381	
-3.55321	0.412666	0.190343	67.3322	-182.063	-9.46393	
-2.95269	0.465204	0.211394	-30.8791	-187.844	-1.22372	
-3.95657	0.377376	0.176204	-66.7319	-178.738	2.21836	
-4.33678	0.344112	0.162876	-25.6363	-182.106	-4.49182	
-4.79225	0.304264	0.14691	-18.6823	-151.471	11.4412	
-6.0578	0.193543	0.102547	4.92993	-191.627	15.2506	
-3.24374	0.439741	0.201191	-16.2428	-167.126	11.6079	
-3.1429	0.448563	0.204726	-38.0659	-207.997	-10.4589	
-3.63582	0.405438	0.187447	29.6869	-178.734	-4.71676	
-3.40423	0.4257	0.195565	-87.0163	-150.593	-1.96976	
-4.47251	0.332237	0.158118	-32.269	-193.851	0.799549	
-6.62889	0.143579	0.0825278	-11.732	-275.119	1.70525	
-3.71913	0.39815	0.184527	-97.6954	-217.387	0.853969	
-2.52022	0.50304	0.226554	-57.5859	-133.003	0.463383	
-4.81487	0.302285	0.146117	-44.3459	-211.667	-7.15991	
-7.3517	0.0803411	0.0571903	-4.70587	-172.211	-4.95895	
-5.48664	0.243512	0.122568	6.45094	-166.418	6.93602	
-6.75525	0.132523	0.0780982	58.6545	-207.777	-3.25792	
-4.98186	0.287675	0.140263	-21.8529	-192.491	-7.6871	
-2.98998	0.461942	0.210087	-69.8277	-219.905	15.5964	
-3.61169	0.40755	0.188293	-31.2966	-204.512	-0.150002	
-5.71858	0.22322	0.114438	-17.1253	-203.144	-9.90416	
-2.39738	0.513788	0.23086	-75.2941	-147.313	-7.04072	
-5.09142	0.27809	0.136422	-9.49633	-194.018	10.3435	
-2.63024	0.493415	0.222697	-44.1314	-186.531	0.659503	
-4.91219	0.29377	0.142705	-5.52013	-178.73	-2.29732	
-5.50455	0.241946	0.121941	-7.55308	-208.129	0.0190086	
-3.43164	0.423302	0.194605	-5.53649	-181.009	11.6212	
-6.01242	0.197512	0.104137	-70.3264	-190.04	-4.80762	
-0.121141	0.712933	0.310651	-67.6831	93.5349	40.4455	
-5.84205	0.212418	0.11011	-52.4343	-219.14	-3.06562	
-4.47555	0.331971	0.158011	-40.0745	-197.578	8.72824	
-5.02008	0.284331	0.138923	-5.79629	-154.151	-5.54957	
-3.62189	0.406657	0.187936	-30.0218	-230.075	13.7004	
-6.77637	0.130676	0.077358	-0.616593	-204.121	-2.93152	
-4.23975	0.352601	0.166277	-50.4297	-163.467	8.44445	
-4.94681	0.290741	0.141492	0.575989	-202.285	7.39359	
-3.14339	0.44852	0.204709	-41.3821	-182.187	3.71803	
-7.15827	0.0972639	0.0639708	-7.16021	-194.829	-0.498431	
-5.47573	0.244467	0.122951	-37.4315	-200.315	-5.15129	
-3.92408	0.380219	0.177343	-55.0284	-157.872	7.27261	
-2.38783	0.514623	0.231195	-68.2994	-175.95	16.2406	
-3.72795	0.397378	0.184218	22.9571	-194.961	-20.7425	
-3.00583	0.460555	0.209531	-32.696	-169.732	10.6243	
0.00912765	0.72433	0.315218	-52.0551	-54.1621	-19.7146	
-4.53222	0.327013	0.156025	15.2459	-181.619	-9.95556	
-4.71468	0.31105	0.149629	-26.2884	-167.884	-10.3827	
-5.25869	0.263456	0.130559	-28.8028	-197.907	-8.56855	
-7.09924	0.102428	0.06604	-19.2909	-195.262	-8.02353	
-3.02069	0.459255	0.20901	0.605285	-209.343	-13.0816	
-4.20813	0.355368	0.167385	-58.5094	-218.148	-2.90769	
-5.14224	0.273644	0.134641	-33.4988	-197.938	7.2282	
-3.75267	0.395215	0.183351	-20.9786	-182	7.63087	
-4.37778	0.340525	0.161438	2.51215	-241.566	-4.67223	
-6.07116	0.192373	0.102078	17.8247	-162.799	-0.0452833	
-6.05241	0.194014	0.102736	15.4561	-180.455	3.14099	
-5.3149	0.258538	0.128589	30.5303	-210.509	2.12528	
-5.31047	0.258926	0.128744	23.5094	-196.912	2.13359	
-5.70228	0.224647	0.115009	-29.0286	-193.604	7.40575	
-3.10483	0.451893	0.206061	-56.2665	-171.112	-7.50721	
-6.55694	0.149873	0.0850499	-15.3707	-211.251	-4.28525	
-5.78423	0.217477	0.112137	0.883386	-189.735	-1.4257	
-4.72847	0.309844	0.149146	-25.7812	-194.377	-0.139706	
-5.69271	0.225483	0.115345	-14.0987	-224.758	7.16795	
-6.14656	0.185777	0.0994352	-23.2802	-179.875	-6.73247	
-0.0509716	0.719072	0.313111	-55.8308	-78.9783	-37.3667	
-3.33864	0.431438	0.197865	-15.6538	-232.945	1.71032	
-3.60504	0.408131	0.188526	9.0355	-205.991	-5.43407	
-4.35938	0.342135	0.162083	9.57661	-174.051	0.0582576	
-7.03346	0.108184	0.068346	-20.9792	-141.111	3.75193	
-7.73918	0.0464412	0.0436076	-19.0588	-198.526	0.205302	
-1.97098	0.551093	0.245807	-75.0526	-164.636	0.211686	
0.0943256	0.731784	0.318204	-50.0359	-59.651	-9.15867	
-3.34775	0.430641	0.197545	-39.5356	-204.003	-13.1762	
-3.65068	0.404138	0.186926	-60.1923	-186.933	-0.898028	
-6.16399	0.184252	0.0988243	4.50132	-198.479	-23.2596	
-2.74844	0.483074	0.218554	-11.6954	-158.171	9.61247	
-3.43661	0.422867	0.19443	-16.5523	-173.829	6.5847	
-7.497	0.0676288	0.0520969	-18.723	-187.404	-5.78891	
-0.287954	0.698339	0.304804	22.3624	-36.092	-10.6247	
-5.59434	0.23409	0.118793	-26.3358	-181.746	4.44115	
-5.38615	0.252304	0.126091	-12.2586	-237.192	-10.9335	
-4.62749	0.318679	0.152685	4.30105	-195.655	6.88665	
-2.49339	0.505388	0.227494	12.1313	-196.495	-6.64835	
-5.36594	0.254073	0.126799	25.9637	-177.911	-0.223414	
-4.67599	0.314435	0.150985	-0.247306	-176.207	-13.1999	
-6.65992	0.140864	0.0814399	-65.5572	-197.534	-7.379	
-5.80745	0.215445	0.111323	-56.4726	-207.346	-5.02061	
-3.02869	0.458555	0.20873	-30.6247	-114.356	4.10409	
-5.42408	0.248986	0.124761	-34.9916	-201.421	3.97219	
-6.13965	0.186381	0.0996776	12.3529	-186.213	-13.4138	
-5.34742	0.255693	0.127449	-26.539	-154.984	-5.9092	
-4.84945	0.299259	0.144904	12.8314	-167.066	11.3148	
-4.29039	0.348171	0.164502	-30.1292	-191.382	3.51717	
-2.80341	0.478265	0.216627	-96.5236	-195.731	-14.8174	
-4.60229	0.320883	0.153568	-31.6247	-212.264	-20.7389	
-3.23268	0.440708	0.201579	-32.7643	-171.639	-4.56448	
-5.35225	0.25527	0.127279	-48.768	-172.789	-8.90954	
-6.11865	0.188218	0.100414	-7.78362	-221.081	14.9492	
-5.16654	0.271518	0.133789	9.34903	-195.426	12.5479	
-5.82064	0.214291	0.11086	-30.2355	-171.77	9.33044	
-4.01779	0.37202	0.174057	-27.1638	-152.467	-13.928	
-5.54884	0.238071	0.120388	-1.57913	-229.784	-3.57202	
-2.39254	0.514211	0.231029	43.5889	-161.229	-13.3069	
-3.78569	0.392326	0.182194	-10.5035	-197.482	16.6642	
-7.46996	0.0699947	0.0530449	-18.0098	-200.755	-20.4467	
-4.28131	0.348966	0.16482	-3.05169	-193.597	2.0204	
-4.91477	0.293545	0.142615	-80.538	-176.814	-1.8085	
-4.98097	0.287753	0.140294	1.44722	-184.856	24.6187	
-4.27915	0.349154	0.164896	52.122	-198.11	-8.44957	
-3.56329	0.411783	0.18999	40.3169	-138.33	-2.65453	
-5.47643	0.244406	0.122926	-25.5983	-162.137	-1.37396	
-5.90184	0.207187	0.108014	39.4964	-208.072	7.95729	
-6.77962	0.130391	0.0772439	48.1839	-183.232	-6.5641	
-5.79851	0.216227	0.111636	-33.7871	-177.033	-0.620664	
-3.32934	0.432252	0.198191	-17.7369	-212.361	10.8234	
-5.59519	0.234016	0.118763	-4.59357	-221.656	-2.32157	
-4.94025	0.291316	0.141722	18.7153	-194.798	7.47504	
-2.77238	0.480979	0.217714	-55.3007	-154.813	0.42064	
-3.58577	0.409817	0.189202	6.91339	-170.919	-9.36034	
-4.08666	0.365994	0.171643	-9.60904	-182.161	8.79627	
-6.0313	0.195861	0.103476	-2.3995	-173.267	10.8602	
-4.07498	0.367017	0.172053	-38.0328	-187.484	-0.515513	
-4.46947	0.332503	0.158224	-16.4112	-206.982	14.6822	
-3.48415	0.418708	0.192764	-22.6591	-140.905	1.82223	
-0.0315682	0.720769	0.313791	-29.0284	-29.2742	5.34714	
-4.40593	0.338062	0.160452	-66.2264	-175.25	0.18976	
-7.20433	0.0932341	0.0623562	-29.5049	-208.552	9.64846	
-7.21692	0.0921324	0.0619148	24.017	-199.913	-8.34261	
-3.77752	0.393041	0.18248	-66.278	-166.724	22.8125	
-6.70838	0.136624	0.0797414	27.3661	-190.444	-1.30293	
-4.65994	0.315839	0.151547	-5.78613	-181.928	-4.87513	
-3.4403	0.422544	0.194301	-36.7111	-182.226	0.498738	
-4.96104	0.289496	0.140993	-104.456	-170.542	4.15137	
-5.90028	0.207324	0.108069	-40.909	-195.432	-12.2897	
-5.99385	0.199137	0.104788	5.34609	-200.138	2.17171	
-5.12853	0.274843	0.135122	-24.19	-195.313	2.15116	
-4.14134	0.361211	0.169727	13.634	-178.891	-9.51101	
-6.10628	0.189301	0.100847	-16.0698	-221.496	-0.520742	
-6.95531	0.115021	0.0710855	-22.5781	-224.803	8.71521	
-3.69163	0.400556	0.185491	26.1758	-149.27	-12.3335	
-3.51323	0.416164	0.191745	24.401	-212.16	-11.8029	
-5.29824	0.259995	0.129173	-27.9912	-185.867	-13.0608	
-3.32353	0.43276	0.198394	-65.0969	-185.108	6.90406	
-6.77868	0.130474	0.077277	14.7777	-207.152	2.32901	
-2.37787	0.515495	0.231544	-66.2503	-205.578	0.962253	
-6.36308	0.166834	0.0918456	-31.2342	-178.279	-3.66937	
-5.73679	0.221627	0.113799	-31.1358	-172.769	6.7553	
-5.34251	0.256122	0.127621	-6.25009	-210.111	3.6743	
-5.30214	0.259654	0.129036	9.17248	-208.649	19.9457	
-4.75214	0.307772	0.148315	-37.7812	-195.977	1.76408	
-6.37887	0.165452	0.0912919	-18.8065	-154.177	9.63838	
-5.7434	0.221049	0.113568	24.7113	-218.386	-3.65735	
-5.13291	0.27446	0.134968	11.8546	-143.315	2.25011	
-6.61669	0.144646	0.0829555	9.93891	-186.885	6.12687	
-7.07041	0.104951	0.0670507	-42.7616	-246.716	14.6092	
-6.162	0.184426	0.0988941	20.4663	-188.154	-11.1035	
-0.0318841	0.720742	0.31378	-27.3536	129.549	70.6841	
-5.68884	0.225822	0.11548	30.299	-197.47	9.02843	
-4.90044	0.294798	0.143117	-40.8367	-183.704	3.93125	
-5.56721	0.236463	0.119744	-42.2465	-209.645	-5.85069	
-4.48553	0.331099	0.157662	15.4469	-182.459	-0.253593	
-4.44106	0.334989	0.15922	14.643	-196.77	-16.7476	
-4.69563	0.312717	0.150297	-6.2447	-188.103	11.9096	
-3.93038	0.379668	0.177122	7.05578	-176.466	6.58164	
-5.74452	0.220951	0.113529	-19.9396	-205.756	7.13116	
-7.32246	0.0828987	0.0582151	17.0716	-212.249	3.34294	
-5.72978	0.222241	0.114045	-2.29611	-207.503	-3.71932	
-4.67734	0.314317	0.150938	26.6677	-218.417	-11.8461	
-6.20708	0.180482	0.0973138	-41.8395	-189.788	-7.02822	
-4.21774	0.354527	0.167049	39.2929	-233.815	-10.541	
-4.42519	0.336378	0.159777	-17.5775	-174.309	-4.02275	
-6.14373	0.186024	0.0995346	-20.9874	-198.708	6.85471	
-5.41215	0.250029	0.125179	-20.7402	-171.819	-15.0832	
-7.17712	0.0956146	0.06331	3.13479	-217.757	8.01867	
-6.3077	0.171679	0.0937866	33.7025	-180.113	-0.992225	
-5.36007	0.254586	0.127005	37.4959	-206.472	7.18171	
-3.71569	0.398451	0.184648	-49.9992	-219.297	4.31061	
-3.56972	0.411221	0.189764	26.1831	-192.82	18.6125	
-7.28047	0.0865724	0.059687	-2.58958	-207.541	8.79348	
-3.1051	0.451871	0.206051	-26.0548	-133.196	-0.876992	
-5.19199	0.269291	0.132897	-9.57468	-227.433	2.36374	
-5.53264	0.239488	0.120956	-92.4948	-173.145	-0.113018	
-6.62628	0.143807	0.0826191	-4.99671	-174.622	4.56775	
-6.43972	0.160129	0.089159	-18.8076	-225.795	-3.84091	
-5.96954	0.201264	0.105641	-14.9379	-206.306	0.223374	
-6.42545	0.161377	0.089659	-48.3589	-216.654	5.39166	
-5.08282	0.278842	0.136724	21.2968	-166.793	17.7756	
-5.43726	0.247832	0.124299	5.41216	-162.4	3.44896	
-5.51839	0.240734	0.121455	-36.7658	-192.088	9.33824	
-6.16657	0.184026	0.0987339	-18.0938	-176.323	-7.23154	
-6.29668	0.172643	0.0941731	11.2857	-208.407	11.6777	
-5.63087	0.230894	0.117512	-9.71231	-192.017	-5.14526	
-6.44965	0.15926	0.088811	0.192054	-201.33	5.92979	
-7.12262	0.100383	0.0652205	41.7287	-198.927	5.09322	
-5.70785	0.224159	0.114814	-46.6946	-162.831	-2.53645	
-6.24575	0.177098	0.0959582	16.2064	-214.457	13.5708	
-4.73903	0.30892	0.148775	-16.5566	-185.789	5.59239	
-2.68339	0.488765	0.220834	-54.4815	-165.659	10.3612	
-3.94044	0.378787	0.176769	-29.0263	-175.184	-6.92888	
-5.51166	0.241324	0.121691	6.15824	-217.066	-6.6082	
0.287853	0.748715	0.324988	-46.0049	-24.2617	-12.6383	
-7.59391	0.05915	0.0486997	-14.4141	-189.503	-7.09271	
-5.09867	0.277455	0.136168	-47.8939	-192.183	8.22426	
-5.54102	0.238755	0.120662	42.5217	-232.989	3.2459	
-6.30918	0.17155	0.093735	-22.6238	-209.212	-6.36041	
-5.60534	0.233128	0.118408	3.88808	-190.528	0.0886937	
-5.93279	0.204479	0.106929	24.4297	-172.801	-13.6814	
-4.50942	0.329008	0.156824	31.3351	-187.556	-4.40591	
-4.10595	0.364308	0.170967	47.9572	-226.425	-3.89051	
19.666	2.44408	1.00427	-32.3635	225.349	2.27156	
-5.84945	0.211771	0.10985	3.50797	-203.723	13.8061	
-4.33634	0.34415	0.162891	-32.1201	-170.512	-3.79039	
-5.1265	0.27502	0.135193	-29.9184	-166.085	0.254977	
-3.94126	0.378716	0.17674	-45.285	-165.43	12.0321	
-4.90605	0.294307	0.14292	25.6728	-163.433	-0.950396	
-4.48412	0.331222	0.157711	12.0225	-162.696	-11.5181	
-5.01723	0.284581	0.139023	4.10239	-225.099	-10.9704	
-5.65089	0.229142	0.116811	54.0708	-206.275	8.09675	
-4.18168	0.357681	0.168313	-1.64506	-190.677	-3.11015	
-5.17847	0.270474	0.133371	-40.861	-246.546	-2.91766	
-3.94086	0.378751	0.176754	-27.1597	-206.974	8.41954	
-3.52491	0.415142	0.191335	-27.1581	-193.869	14.4232	
-3.12096	0.450483	0.205495	10.3392	-192.048	-15.9554	
-3.25786	0.438505	0.200696	-29.9075	-193.383	6.89866	
-5.41586	0.249705	0.125049	-7.80188	-183.527	-1.32782	
-7.53206	0.0645617	0.050868	-11.8202	-202.493	-8.47329	
-4.50896	0.329049	0.15684	19.4351	-226.225	1.78865	
-3.58382	0.409988	0.18927	2.6168	-195.797	6.13139	
-3.94219	0.378635	0.176708	14.2599	-180.058	9.67936	
-5.68174	0.226444	0.115729	-36.0174	-164.672	9.30687	
-6.85131	0.124119	0.0747309	31.4573	-193.1	8.30931	
-7.89241	0.0330349	0.0382361	30.178	-210.235	-2.9591	
-4.41201	0.33753	0.160239	34.5668	-196.827	1.82093	
-2.67964	0.489093	0.220965	-27.2764	-181.084	5.59617	
-6.12676	0.18751	0.10013	32.6515	-181.899	-3.92863	
-0.0860294	0.716005	0.311882	-50.5156	88.5136	42.4189	
-3.70388	0.399484	0.185062	-24.9574	-160.277	-4.49966	
-3.09081	0.453121	0.206552	1.61481	-202.02	-1.81749	
-6.49802	0.155028	0.0871152	17.5009	-211.279	2.16326	
-2.44884	0.509285	0.229056	-72.425	-179.909	-0.435173	
-5.76443	0.219209	0.112831	-40.9398	-184.303	-3.26904	
-6.56897	0.148821	0.0846283	-31.6453	-201.269	-7.16419	
-2.51003	0.503932	0.226911	9.42437	-223.367	-17.7808	
-4.95328	0.290176	0.141265	37.4019	-150.384	4.70394	
-6.26223	0.175657	0.0953808	-2.37252	-190.715	-12.7571	
-6.34398	0.168505	0.092515	24.7284	-209.126	-6.32214	
-6.00385	0.198263	0.104438	31.4329	-209.531	-2.74355	
-3.82109	0.38923	0.180953	-17.0857	-189.616	3.44468	
-3.17272	0.445955	0.203681	22.6861	-173.363	-10.5026	
-3.90833	0.381597	0.177895	-23.1003	-192.533	6.17993	
-6.62435	0.143976	0.082687	-7.78996	-145.952	5.08493	
-5.09752	0.277556	0.136209	-32.2211	-223.438	5.5606	
-4.7223	0.310384	0.149362	26.8608	-204.668	1.39475	
-3.05562	0.456199	0.207786	-37.6433	-180.027	-4.41465	
-3.95096	0.377867	0.1764	9.24638	-223.332	-7.60207	
-6.74776	0.133179	0.078361	-16.7962	-193.822	-1.48403	
-5.0089	0.285309	0.139315	-6.85216	-215.639	13.342	
-3.47937	0.419125	0.192931	1.06016	-198.079	-4.42641	
-4.42349	0.336526	0.159836	-20.1641	-204.578	16.0239	
-4.74416	0.308471	0.148595	32.3475	-197.797	1.03986	
-4.12232	0.362875	0.170393	-25.4278	-175.453	-2.90192	
-4.55278	0.325215	0.155304	58.729	-156.907	-13.816	
-5.44555	0.247107	0.124009	-17.3412	-159.894	-4.12721	
-2.539	0.501398	0.225895	-4.53959	-171.857	-1.37737	
-3.99127	0.374341	0.174987	-31.4556	-208.426	8.05845	
-6.58299	0.147594	0.0841366	-15.3504	-189.782	-0.041427	
-6.56227	0.149407	0.084863	7.48882	-193.237	10.4638	
-5.37125	0.253607	0.126613	-58.1262	-196.935	2.43659	
-4.57578	0.323202	0.154498	-1.35923	-190.111	6.87313	
-4.08519	0.366123	0.171695	-9.64149	-213.496	-11.3595	
-1.28146	0.611418	0.269977	24.3248	-133.977	-23.8811	
-4.08091	0.366498	0.171845	-28.8212	-189.909	24.0518	
-4.69763	0.312542	0.150227	-49.0998	-178.778	2.78886	
-2.20771	0.530382	0.237509	-42.3032	-212.317	4.86879	
-1.62385	0.581462	0.257975	-34.6471	-158.983	9.39704	
-4.54343	0.326032	0.155632	39.0789	-188.19	-1.91543	
-7.54721	0.0632362	0.0503369	47.3742	-206.36	1.55912	
-3.44469	0.42216	0.194147	-17.3536	-197.744	6.49374	
-6.26554	0.175367	0.0952645	-51.4435	-209.612	12.5727	
-4.89973	0.294861	0.143142	-1.95001	-170.198	-14.947	
-5.02622	0.283794	0.138708	-24.0107	-203.435	3.9279	
-3.05729	0.456053	0.207727	-23.5425	-201.903	-5.13783	
-3.04765	0.456896	0.208065	-76.111	-210.607	1.68661	
-6.36362	0.166787	0.0918267	-38.314	-177.294	-3.04035	
-4.30711	0.346708	0.163916	22.0883	-170.53	-3.62109	
-4.43538	0.335486	0.15942	15.8203	-191.883	-5.31953	
-5.47778	0.244287	0.122879	16.2834	-199.107	1.54292	
-6.01629	0.197174	0.104002	-29.8901	-180.774	-0.327775	
-4.3957	0.338958	0.16081	-4.668	-208.094	-5.48437	
-6.44861	0.159351	0.0888474	23.6946	-159.54	6.00043	
-5.6207	0.231783	0.117869	16.9263	-206.029	4.84109	
-5.57631	0.235667	0.119425	-40.1936	-191.722	7.94345	
-5.23202	0.265789	0.131494	53.618	-218.984	8.61935	
-6.0434	0.194802	0.103052	-14.3116	-186.051	-5.45358	
-5.83454	0.213075	0.110373	25.7977	-173.95	6.81499	
-6.15424	0.185105	0.0991661	-25.3949	-209.583	4.48153	
-4.253	0.351442	0.165812	-80.9512	-178.385	-6.32482	
-3.38847	0.427079	0.196118	10.7766	-152.834	6.4492	
-4.37414	0.340844	0.161566	18.8127	-219.886	1.69411	
-4.64055	0.317536	0.152227	-44.0238	-211.715	3.40824	
-4.811	0.302624	0.146253	-25.3791	-202.903	7.81445	
-4.50839	0.329099	0.15686	-45.4577	-163.099	16.1687	
-5.32049	0.258048	0.128393	-49.4646	-181.706	-11.1671	
-6.03164	0.195831	0.103464	-48.1236	-207.074	2.72686	
-5.40735	0.250449	0.125348	34.7097	-182.98	3.08532	
-6.2364	0.177917	0.0962862	6.65554	-182.145	1.63566	
-4.43769	0.335284	0.159339	49.7341	-211.34	5.5222	
-2.50963	0.503967	0.226925	-21.4003	-174.78	13.3644	
-4.71602	0.310933	0.149582	-48.292	-136.728	-18.4851	
-4.05406	0.368847	0.172786	-71.5265	-220.502	10.6241	
-3.60647	0.408006	0.188476	-35.3034	-189.66	-0.647741	
-5.80282	0.215851	0.111485	-0.978896	-174.941	11.3334	
-5.59956	0.233634	0.11861	-14.3775	-173.803	7.61781	
-6.68532	0.138641	0.0805495	-2.83134	-213.245	3.8788	
-2.94439	0.46593	0.211685	-67.2892	-158.664	-9.63816	
-3.58004	0.410318	0.189403	-47.5828	-210.833	2.29094	
17.3543	2.24184	0.92324	9.98966	245.425	-0.501005	
-4.52004	0.328079	0.156452	5.22556	-182.372	1.21154	
-6.27285	0.174728	0.0950083	-41.7587	-213.797	4.61973	
0.202252	0.741226	0.321988	-31.3318	-47.2627	-43.5196	
-6.19999	0.181103	0.0975625	-11.5493	-220.568	-2.19254	
-3.15999	0.447068	0.204127	-4.30138	-216.025	23.1879	
-4.81517	0.302259	0.146106	47.4321	-200.083	-1.22612	
-5.32015	0.258079	0.128405	1.10929	-202.704	-5.64232	
-4.54357	0.32602	0.155627	-3.85946	-154.548	-10.7429	
-4.88123	0.296479	0.143791	46.8371	-203.572	5.91438	
-4.41796	0.33701	0.16003	-24.5224	-191.837	-4.43754	
-0.242249	0.702337	0.306406	-23.5784	-103.531	-31.3034	
-6.05681	0.193629	0.102582	6.81212	-217.576	-6.75167	
-5.86802	0.210146	0.109199	-13.9408	-223.308	1.73669	
-5.39495	0.251534	0.125782	-10.0613	-179.073	-1.27459	
-4.80511	0.303138	0.146459	-44.6189	-182.79	-5.94508	
-4.34621	0.343287	0.162545	-5.54082	-250.471	-7.9353	
-5.57961	0.235379	0.119309	42.1618	-161.709	-8.28556	
-5.39612	0.251432	0.125741	12.6534	-220.585	-0.341692	
-4.87284	0.297213	0.144085	10.9712	-182.809	-14.4333	
-4.0612	0.368222	0.172536	-25.1967	-145.162	7.40944	
-5.47885	0.244194	0.122841	-2.00923	-195.908	7.54683	
-3.1207	0.450506	0.205504	-52.4196	-190.544	-15.6395	
-5.09487	0.277788	0.136302	-33.7127	-203.618	-3.13206	
-3.95645	0.377386	0.176208	-47.0916	-188.091	-0.854456	
-3.29503	0.435254	0.199393	16.7729	-173.12	6.76297	
-4.06435	0.367946	0.172425	50.7577	-185.723	1.14766	
-3.47043	0.419908	0.193245	68.9934	-160.428	-7.3951	
-4.05667	0.368618	0.172695	-41.632	-206.329	5.9526	
-2.79801	0.478737	0.216816	-41.9109	-195.299	-8.35085	
-4.86971	0.297487	0.144194	-36.0029	-156.015	9.57992	
-3.97018	0.376185	0.175727	-8.58592	-196.212	6.91589	
-3.9848	0.374907	0.175214	2.3809	-205.915	-5.12713	
-5.61193	0.232551	0.118177	-59.5475	-158.106	9.59407	
-2.80442	0.478176	0.216591	-63.819	-217.609	7.60137	
-3.14481	0.448396	0.204659	-17.5074	-187.925	-4.36563	
-5.0706	0.279912	0.137152	-31.3272	-207.968	6.63428	
-4.42972	0.335981	0.159618	14.7913	-172.035	6.80154	
-2.51314	0.50366	0.226802	-28.3859	-178.491	10.997	
-3.83627	0.387901	0.180421	-24.6205	-153.514	8.47619	
-3.56949	0.411242	0.189773	3.15767	-202.697	-7.22027	
-3.0873	0.453428	0.206675	41.3051	-179.165	13.0966	
-7.38018	0.0778495	0.056192	-2.09847	-224.867	-0.419107	
-3.566	0.411546	0.189895	-11.5503	-157.457	7.19491	
-6.73775	0.134054	0.0787117	12.7296	-192.614	1.1369	
-5.69124	0.225612	0.115396	-4.59024	-177.852	-7.9569	
-4.91194	0.293793	0.142714	1.00248	-183.401	-3.05936	
-6.51324	0.153697	0.0865819	35.8509	-209.271	-9.55797	
-2.75606	0.482407	0.218286	15.4361	-190.19	-0.749393	
-3.63304	0.405681	0.187545	-15.662	-175.301	10.5095	
-4.35913	0.342156	0.162092	-46.0946	-202.047	0.0564011	
-4.88229	0.296386	0.143753	-40.1546	-135.389	-10.6333	
-6.61497	0.144796	0.0830156	-12.84	-170.94	2.24681	
-4.8066	0.303009	0.146407	34.0199	-191.84	5.03233	
-5.34009	0.256334	0.127706	-51.9928	-219.955	-3.24771	
-3.93821	0.378983	0.176847	-53.2518	-168.74	-5.74985	
-3.83929	0.387637	0.180315	-27.1833	-226.168	-5.6339	
-3.31659	0.433367	0.198638	42.4242	-189.929	-11.0055	
-4.71401	0.311109	0.149652	33.2589	-170.973	-9.79362	
-5.29405	0.260362	0.129319	-97.0276	-176.283	9.98539	
-4.95818	0.289746	0.141093	-20.0671	-176.529	7.65501	
-3.18052	0.445272	0.203407	-57.8283	-237.431	-0.30284	
-4.89294	0.295455	0.14338	3.82969	-188.541	8.705	
5.0179	1.16254	0.490796	-54.9249	186.838	4.01281	
-7.40088	0.0760382	0.0554663	-30.3377	-200.764	-1.30382	
-6.74059	0.133806	0.0786121	-35.2883	-166.944	9.49587	
-1.76948	0.568721	0.25287	-83.0661	-176.971	2.8222	
-4.75914	0.307161	0.14807	-18.6851	-178.917	-4.82235	
-0.212427	0.704946	0.307451	-61.7939	25.3618	25.538	
-3.63893	0.405166	0.187338	-18.5234	-184.724	-23.2987	
-5.60216	0.233405	0.118519	-4.61054	-189.214	16.3738	
-4.22025	0.354307	0.166961	-32.7286	-176.497	6.93746	
-6.28945	0.173276	0.0944267	-30.3411	-198.822	-16.163	
-4.17523	0.358246	0.168539	4.65282	-187.69	-2.92932	
-3.79036	0.391918	0.18203	6.73282	-220.126	3.33455	
-3.7509	0.39537	0.183413	-25.2396	-213.971	8.99732	
-6.05138	0.194104	0.102772	-98.3105	-191.685	12.1874	
-6.74506	0.133415	0.0784556	22.1179	-212.984	-14.5582	
-7.18465	0.0949555	0.0630459	-47.2364	-194.556	15.7004	
-3.57703	0.410582	0.189508	57.7001	-178.324	-2.5291	
-4.50992	0.328965	0.156807	0.922758	-171.859	-4.29378	
-5.30373	0.259515	0.12898	-47.3462	-189.203	-1.28447	
0.215883	0.742419	0.322465	-24.7069	88.5312	39.0538	
-4.67297	0.314699	0.151091	-7.14804	-219.379	8.27949	
-6.23561	0.177986	0.0963139	-4.39206	-170.622	5.46941	
-6.46751	0.157697	0.0881847	48.886	-185.059	-2.17409	
-5.15347	0.272661	0.134247	11.2789	-200.012	12.6911	
-4.00773	0.3729	0.17441	-11.5721	-213.693	-8.23846	
-2.67143	0.489811	0.221253	-32.0485	-139.429	-0.89856	
-7.44621	0.0720724	0.0538773	47.1608	-231.023	-6.20157	
-5.38116	0.252741	0.126266	15.1925	-185.094	7.03996	
-6.60716	0.14548	0.0832896	20.4148	-249.698	7.54178	
-4.79328	0.304174	0.146874	45.6018	-206.84	10.2655	
-5.269	0.262553	0.130197	12.4925	-174.955	-1.02955	
-4.71246	0.311244	0.149706	-65.6906	-184.994	16.4759	
-4.32401	0.34523	0.163323	-16.8421	-202.775	-3.72986	
-3.14374	0.44849	0.204697	-41.554	-209.515	-8.0629	
-3.85827	0.385976	0.179649	27.9158	-215.597	-0.602918	
-5.78153	0.217713	0.112231	1.94609	-158.863	-7.29048	
-4.26674	0.35024	0.165331	-46.1488	-160.422	-1.41453	
-3.57937	0.410377	0.189426	-5.80056	-229.416	10.2393	
-1.77475	0.56826	0.252685	-95.6341	-158.769	-11.9712	
-4.03297	0.370692	0.173526	6.15535	-215.648	-4.15256	
-6.01327	0.197438	0.104108	-33.8242	-181.279	-7.36137	
-4.78761	0.30467	0.147072	-11.6521	-208.651	-8.53748	
-3.49189	0.41803	0.192493	-3.51084	-139.027	8.19334	
-0.103846	0.714446	0.311258	-23.1614	21.2308	34.7571	
-5.45166	0.246573	0.123795	27.5357	-199.889	2.02146	
-4.32462	0.345176	0.163302	2.46098	-197.877	-11.8161	
-2.6429	0.492308	0.222253	1.34448	-206.519	0.899982	
-4.25099	0.351618	0.165883	-34.9696	-165.818	-10.6008	
-3.44922	0.421764	0.193988	46.1435	-187.368	-5.57493	
-5.00262	0.285858	0.139535	-55.2931	-222.192	2.68946	
-4.10402	0.364476	0.171035	-46.6726	-158.449	-10.7025	
-5.1952	0.269011	0.132785	-79.7054	-224.157	-1.70714	
-3.60471	0.40816	0.188538	-11.0453	-217.528	-8.25338	
-6.70155	0.137222	0.0799807	-38.6133	-195.515	3.76086	
-6.07611	0.191941	0.101905	-46.269	-181.217	5.45823	
-2.88864	0.470808	0.213639	-12.3696	-199.536	-8.82155	
-6.42219	0.161663	0.0897736	-33.0294	-165.773	7.88855	
-4.31664	0.345874	0.163582	-50.6058	-225.084	17.502	
-3.0478	0.456884	0.20806	36.2476	-165.571	-3.82822	
-6.50525	0.154396	0.0868619	31.2961	-228.847	9.89285	
-2.91307	0.468671	0.212783	-28.8594	-156.189	-1.08522	
-4.72946	0.309758	0.149111	17.4811	-196.302	-10.3225	
-4.85525	0.298752	0.144701	-27.1829	-188.688	10.9336	
-0.145998	0.710758	0.30978	-72.127	97.0563	43.9381	
-5.42947	0.248514	0.124572	-38.7487	-164.126	-1.98859	
-4.68225	0.313887	0.150765	-54.2903	-222.02	9.62226	
-3.91376	0.381122	0.177704	-1.43224	-169.578	6.20645	
-4.08479	0.366158	0.171709	27.2785	-146.007	-5.54835	
-4.59161	0.321818	0.153943	20.4892	-172.918	-9.15726	
-3.41016	0.425181	0.195358	-8.70855	-155.709	-5.32726	
-3.45594	0.421175	0.193753	-44.2672	-186.802	13.8297	
-0.472203	0.682219	0.298345	-15.585	-44.9753	-7.43547	
-4.81443	0.302323	0.146132	-14.9568	-156.553	0.329492	
-4.54719	0.325704	0.1555	-2.95359	-216.978	4.20206	
-4.99978	0.286107	0.139635	-2.52675	-155.732	-8.57683	
-4.20255	0.355856	0.167581	9.95658	-211.635	4.9579	
-4.94262	0.291108	0.141638	-31.255	-196.209	5.29249	
-5.09596	0.277693	0.136263	-19.4762	-197.669	-10.5406	
-7.12103	0.100522	0.0652763	26.3456	-228.773	4.36068	
-6.14291	0.186096	0.0995633	4.75076	-180.653	-5.12862	
-1.73388	0.571837	0.254118	-66.825	-221.777	-1.2847	
-5.70745	0.224194	0.114828	3.81509	-166.564	7.55163	
-4.4646	0.332929	0.158395	-52.1847	-185.059	5.96618	
-2.74882	0.483041	0.21854	5.53473	-220.863	-0.0847453	
-5.21336	0.267422	0.132148	0.606858	-219.55	-1.15754	
-5.96847	0.201358	0.105678	36.0338	-213.723	4.40584	
-4.48222	0.331388	0.157778	-32.9054	-171.706	2.28537	
-7.58638	0.0598093	0.0489638	-25.8412	-179.355	-2.6439	
-3.03701	0.457828	0.208438	-25.6796	-182.041	10.6085	
-3.04854	0.456819	0.208034	-4.0209	-164.389	-4.66293	
-5.20315	0.268315	0.132506	41.2141	-223.74	-7.38922	
-4.79909	0.303665	0.14667	-32.9582	-215.878	8.68037	
17.4577	2.25088	0.926862	-86.5067	236.837	-1.32565	
-7.68371	0.0512942	0.0455521	-41.2852	-198.203	-0.618654	
0.0329941	0.726418	0.316054	-63.0397	-55.1464	-24.2032	
-6.2058	0.180594	0.0973587	-19.8527	-185.857	15.1674	
-5.04839	0.281854	0.137931	-6.30709	-180.201	-6.98544	
-5.09313	0.27794	0.136363	-0.607604	-226.141	10.691	
-4.71247	0.311244	0.149706	-37.9543	-177.751	11.4655	
-4.07037	0.36742	0.172215	28.2666	-228.055	-4.57837	
-4.65376	0.31638	0.151764	21.181	-172.534	6.1557	
-3.71979	0.398091	0.184504	-34.813	-208.068	2.72728	
-4.76538	0.306615	0.147852	-13.7868	-194.46	0.321243	
-3.53512	0.414249	0.190977	-110.256	-180.646	16.8746	
-4.9331	0.291941	0.141972	26.399	-247.039	0.473157	
-7.5594	0.0621691	0.0499093	-100.166	-163.645	-10.0693	
-6.49828	0.155006	0.0871063	1.01155	-130.438	-14.1241	
-6.26783	0.175167	0.0951845	-1.61418	-184.944	-2.26744	
-4.68594	0.313565	0.150636	-16.0611	-184.976	14.9246	
-4.17201	0.358527	0.168651	24.6009	-174.152	0.35433	
-3.96129	0.376963	0.176038	6.79946	-172.805	2.2484	
-4.93954	0.291377	0.141746	15.9195	-158.005	-8.18723	
-5.23221	0.265773	0.131487	13.8992	-183.338	-7.6287	
-7.10668	0.101777	0.0657791	21.3866	-203.226	-6.43292	
-6.07905	0.191683	0.101802	-15.5742	-188.368	12.2572	
-6.38014	0.165341	0.0912474	-19.1779	-190.238	-6.99583	
-3.86937	0.385005	0.17926	-73.8671	-198.196	4.95542	
-2.34953	0.517974	0.232537	-100.827	-210.39	2.00586	
-3.26198	0.438145	0.200552	-0.877827	-179.106	1.61719	
-5.66239	0.228136	0.116407	23.5068	-173.985	-18.0331	
-7.25566	0.088743	0.0605567	-42.7634	-212.975	1.83824	
-1.97688	0.550576	0.2456	-25.5074	-205.161	-1.16277	
-5.82976	0.213493	0.11054	2.03442	-188.245	-2.44613	
-7.17631	0.0956858	0.0633385	-8.16185	-243.307	-8.09967	
-5.05448	0.281321	0.137717	-19.4407	-178.08	12.0123	
-4.98379	0.287506	0.140195	4.75351	-179.986	-2.40195	
-5.07139	0.279842	0.137125	9.90158	-186.751	2.17672	
-5.47428	0.244594	0.123002	27.778	-201.175	-14.7752	
-6.07086	0.1924	0.102089	0.751936	-199.379	-9.68171	
-6.16983	0.183741	0.0986197	2.28452	-189.93	3.7065	
-2.76063	0.482007	0.218126	-19.3349	-179.873	3.0582	
-4.58656	0.322259	0.15412	-94.3863	-174.315	8.70127	
-5.79125	0.216863	0.111891	23.3222	-170.639	-0.33049	
-4.12954	0.362243	0.17014	-11.8917	-140.654	-8.01908	
-2.14012	0.536295	0.239878	8.40434	-159.76	1.47248	
-3.03849	0.457698	0.208386	-39.5384	-191.23	9.49408	
-5.5083	0.241617	0.121809	-27.5223	-182.727	3.42158	
-6.00837	0.197867	0.10428	34.0768	-214.23	1.34295	
-6.15991	0.184609	0.0989674	-6.47344	-172.925	-19.288	
-7.61433	0.0573638	0.047984	-52.6754	-221.737	5.04762	
-4.3033	0.347042	0.164049	-10.3711	-228.298	5.86811	
-5.90945	0.206521	0.107747	-54.6107	-211.266	-4.96407	
-2.95206	0.46526	0.211416	-40.8756	-165.57	-1.14306	
-5.49755	0.242558	0.122186	-7.71255	-241.71	-11.3211	
-3.04934	0.456749	0.208006	-36.2614	-197.039	5.7344	
-4.30763	0.346662	0.163898	-3.11158	-163.38	-3.27252	
-5.72368	0.222774	0.114259	48.545	-163.177	-10.6379	
-3.36951	0.428737	0.196783	5.16808	-183.894	8.12443	
-5.97101	0.201136	0.105589	0.310333	-178.937	8.90216	
-5.87616	0.209434	0.108914	-38.6432	-219.488	-4.52906	
-5.49643	0.242656	0.122225	-16.5339	-191.093	-4.58557	
-6.12679	0.187507	0.100128	-21.3111	-194.72	-15.3721	
-6.44933	0.159288	0.0888221	3.39512	-173.193	-10.5965	
-4.22494	0.353897	0.166796	-73.5646	-173.504	7.67344	
-4.16732	0.358938	0.168816	21.6276	-215.548	2.91844	
-4.2522	0.351512	0.165841	-55.302	-170.766	-5.96654	
-3.00274	0.460825	0.209639	-26.6968	-183.963	5.62399	
-6.70673	0.136768	0.079799	-21.6373	-229.907	-11.3934	
-4.93522	0.291755	0.141898	-35.5932	-162.398	16.3294	
-4.6427	0.317348	0.152152	-1.0032	-191.719	6.98438	
-4.10407	0.364471	0.171033	1.97504	-136.774	-10.3881	
-3.35903	0.429654	0.19715	-79.5188	-177.866	-2.09396	
-4.30016	0.347316	0.164159	-14.461	-220.019	-4.89837	
-2.88068	0.471504	0.213918	-57.6924	-224.468	-1.59868	
-5.74722	0.220715	0.113434	9.29157	-170.044	1.57205	
-4.98132	0.287722	0.140282	-15.4707	-194.187	-6.85664	
-4.28448	0.348688	0.164709	47.6221	-156.372	-12.1891	
-4.57341	0.323409	0.154581	17.5755	-164.825	3.28096	
-4.08927	0.365766	0.171552	-10.0773	-190.209	-2.44887	
-6.05483	0.193802	0.102651	-35.6587	-138.273	-10.1488	
-5.90268	0.207114	0.107985	-11.6351	-196.146	5.49761	
-4.82416	0.301472	0.145791	-55.2457	-202.854	2.98501	
-6.0674	0.192702	0.10221	-8.03858	-198.935	-2.49653	
-5.93104	0.204633	0.10699	21.2188	-241.877	-5.77406	
-5.24345	0.264789	0.131093	-11.0226	-196.608	-7.02458	
-5.63606	0.23044	0.11733	-67.839	-192.873	-4.9165	
-4.40143	0.338456	0.16061	-50.8717	-206.656	6.59186	
-5.55036	0.237938	0.120335	-25.2254	-212.38	2.89697	
-4.3309	0.344627	0.163082	12.1269	-152.423	-1.24936	
-5.21709	0.267095	0.132017	-51.8093	-195.487	-5.12084	
-5.63562	0.230478	0.117346	47.0975	-203.833	8.356	
-4.23745	0.352803	0.166358	0.513688	-180.825	3.642	
-5.50137	0.242224	0.122052	50.6869	-189.112	3.5906	
-6.69395	0.137887	0.0802471	42.254	-217.149	-0.72494	
-3.69223	0.400503	0.18547	-63.4005	-194.351	15.3881	
0.148445	0.736518	0.320102	-47.4707	-56.7146	-36.6992	
-3.99278	0.374208	0.174934	-37.3954	-167.538	-2.78571	
-5.65497	0.228786	0.116668	-36.7366	-202.781	-2.7379	
-5.28014	0.261579	0.129807	-30.159	-215.698	10.732	
-5.2893	0.260777	0.129486	6.51518	-176.139	2.42945	
-7.01669	0.109651	0.0689338	-14.2078	-175.417	16.3245	
-2.49583	0.505175	0.227409	-91.4885	-129.798	15.9936	
-4.97285	0.288463	0.140579	-32.5912	-177.435	-3.48375	
-5.90077	0.207281	0.108052	-10.9304	-198.148	2.00352	
-5.38117	0.25274	0.126265	-28.1012	-199.364	3.4151	
-4.25303	0.351439	0.165812	-41.2353	-157.032	0.122638	
-4.78182	0.305176	0.147275	-3.51416	-201.284	-7.20313	
0.0886277	0.731285	0.318005	-38.0029	71.7565	39.6658	
-4.39156	0.339319	0.160955	2.90472	-165.904	-3.12313	
-6.94535	0.115892	0.0714346	-28.1462	-216.095	3.584	
-7.83459	0.0380933	0.0402629	5.1275	-215.838	6.93186	
-3.30088	0.434742	0.199188	-16.0275	-184.369	15.2477	
-4.37668	0.340622	0.161477	-7.42761	-192.427	9.4553	
-6.80148	0.128479	0.0764778	10.5224	-184.548	-6.73676	
-3.795	0.391512	0.181867	-16.5972	-192.039	-0.0687947	
-4.99833	0.286234	0.139686	-27.7605	-175.34	-8.36975	
-4.58944	0.322007	0.154019	-51.9993	-219.683	8.15446	
-5.9254	0.205126	0.107188	3.99043	-181.905	20.1463	
-4.77425	0.305838	0.14754	31.249	-194.177	-11.7296	
-5.65561	0.22873	0.116645	30.8025	-170.592	9.8642	
-3.75442	0.395062	0.18329	-41.357	-204.983	-10.8787	
-5.15471	0.272552	0.134204	-48.0114	-159.154	-0.342468	
-5.89035	0.208193	0.108417	62.7228	-186.814	1.96238	
-3.20374	0.44324	0.202594	-25.2216	-214.772	-5.08409	
-5.51301	0.241205	0.121644	-24.1361	-222.671	7.54759	
-4.56552	0.3241	0.154857	27.3302	-188.483	-5.43885	
-6.16432	0.184223	0.0988128	-58.6337	-154.297	-1.57101	
-5.1465	0.273271	0.134492	-2.2039	-189.775	-11.6001	
-3.12296	0.450308	0.205425	-63.4705	-159.989	2.58998	
-7.49184	0.0680799	0.0522776	18.8957	-169.689	9.55549	
-5.03318	0.283185	0.138464	22.5801	-171.113	2.90175	
-5.81599	0.214698	0.111023	37.6771	-193.05	-3.20052	
-7.12136	0.100493	0.0652646	-61.521	-196.349	4.64908	
-4.91622	0.293418	0.142564	12.8442	-170.369	4.00063	
-5.19834	0.268736	0.132675	24.9941	-204.965	-6.62791	
-3.60634	0.408017	0.188481	-19.0917	-185.467	2.91255	
-5.31347	0.258663	0.128639	-53.636	-172.566	1.21558	
-5.60997	0.232723	0.118245	0.282192	-181.569	9.80169	
-4.02074	0.371762	0.173954	25.1679	-156.751	-2.29849	
-6.48992	0.155737	0.0873992	-30.3027	-204.636	11.3582	
-6.84531	0.124644	0.0749413	34.8085	-177.261	10.058	
-6.96091	0.114531	0.0708892	13.5195	-211.296	-9.93511	
-3.95254	0.377729	0.176345	-31.9527	-198.328	-0.910785	
-6.7713	0.13112	0.0775358	-89.035	-217.013	2.04849	
-5.80279	0.215853	0.111486	9.13971	-198.652	0.10441	
-6.36814	0.166391	0.0916681	-5.13574	-164.714	-9.74734	
-5.60769	0.232922	0.118325	-0.471054	-204.559	7.65737	
-6.3496	0.168013	0.0923181	6.28455	-173.199	7.11696	
-3.44318	0.422292	0.1942	-32.8971	-182.575	-0.949249	
-4.27321	0.349674	0.165104	14.8736	-208.93	-1.31602	
-4.13872	0.36144	0.169818	-52.6076	-188.164	9.17004	
-5.64601	0.229569	0.116982	-53.7586	-180.319	-2.4136	
-4.49276	0.330466	0.157408	18.681	-199.025	-0.306433	
-4.70538	0.311864	0.149955	-33.2231	-170.911	11.5518	
-2.98244	0.462602	0.210351	-56.4287	-144.398	-3.51396	
-3.95379	0.377619	0.176301	19.9007	-211.808	-11.0166	
-3.14731	0.448177	0.204572	-33.3108	-171.479	3.78781	
-7.95256	0.0277727	0.0361277	-14.1746	-176.414	1.02375	
-2.51124	0.503826	0.226868	-75.0886	-158.507	6.88628	
-6.75324	0.132699	0.0781687	-49.1651	-171.301	14.1149	
-5.68213	0.22641	0.115716	-24.9013	-221.072	1.23941	
-4.12254	0.362856	0.170386	121.331	-204.9	0.870137	
-5.03648	0.282896	0.138348	-0.213229	-175.833	4.96157	
-0.0342691	0.720533	0.313697	-51.2518	26.0556	-3.0404	
-6.85773	0.123557	0.0745059	-4.46527	-219.556	-10.9834	
-3.09606	0.452661	0.206368	-70.514	-181.301	16.2853	
-4.97224	0.288517	0.1406	-0.199779	-170.264	-2.37411	
-4.69627	0.312661	0.150274	37.3979	-185.21	4.71256	
-5.68465	0.226189	0.115627	-42.2676	-213.371	8.41733	
-5.9865	0.19978	0.105046	43.6727	-195.079	6.97724	
-5.05244	0.2815	0.137789	-26.1522	-205.676	-7.40724	
-2.64309	0.492291	0.222247	-38.2926	-179.231	10.4204	
-2.89622	0.470145	0.213373	-54.4137	-177.82	1.00813	
-4.88939	0.295765	0.143505	36.8436	-165.843	2.67339	
-4.49799	0.330008	0.157225	-16.1338	-199.443	-16.7811	
-7.08324	0.103828	0.0666008	-63.8575	-151.463	4.18126	
-4.55659	0.324881	0.15517	4.91079	-200.706	-0.879814	
-3.06822	0.455097	0.207344	-39.8689	-186.827	5.08559	
-3.8182	0.389482	0.181054	-12.1149	-212.658	-5.80171	
-4.93162	0.29207	0.142024	-47.2559	-183.608	10.7272	
-6.15497	0.185041	0.0991407	-19.6851	-162.067	-1.00612	
-6.0593	0.193411	0.102494	-14.7396	-189.963	-0.334932	
-5.34992	0.255474	0.127361	8.61131	-175.603	5.69318	
-5.23259	0.265739	0.131474	-16.1947	-184.923	6.92088	
-5.63357	0.230658	0.117418	-20.8296	-210.338	3.74198	
-3.96069	0.377016	0.176059	1.84976	-217.734	0.342529	
-4.21587	0.354691	0.167114	27.2595	-180.512	3.82409	
-4.35926	0.342146	0.162088	13.1428	-149.815	-2.49911	
-6.4366	0.160401	0.0892682	8.92953	-235.435	-8.81045	
-5.30712	0.259219	0.128861	-24.4256	-185.748	-5.36558	
0.0302393	0.726177	0.315958	-42.8996	20.2203	-11.6599	
-3.88892	0.383295	0.178575	-28.3243	-202.096	15.4552	
-3.71504	0.398507	0.18467	-13.5678	-193.065	23.0393	
-4.23347	0.353151	0.166497	-8.76831	-187.611	1.54972	
-5.78458	0.217446	0.112124	16.7965	-152.098	-5.46464	
-3.64553	0.404588	0.187107	-66.9436	-166.488	-2.34932	
-6.4676	0.15769	0.0881817	48.7793	-194.755	-23.2342	
-4.81271	0.302474	0.146192	-0.0209635	-211.427	12.9492	
-7.61049	0.0576996	0.0481185	14.7445	-192.113	14.4663	
-6.51217	0.15379	0.0866193	-15.4046	-212.463	-4.23056	
-6.17178	0.18357	0.0985513	15.5821	-182.774	-2.95862	
-5.04284	0.28234	0.138125	-32.8092	-164.522	6.24378	
-5.9866	0.199771	0.105042	40.2093	-198.913	7.94337	
-3.67852	0.401703	0.185951	-15.6114	-232.905	5.39276	
-5.40366	0.250772	0.125477	-0.129258	-162.745	6.46975	
-4.67329	0.314671	0.15108	-37.1032	-171.245	11.7456	
-6.42703	0.161239	0.0896036	-2.68455	-178.256	-9.44814	
-7.18133	0.0952465	0.0631625	25.8048	-219.436	-8.08811	
-5.17357	0.270902	0.133543	-21.0418	-186.444	-4.47013	
-2.49668	0.5051	0.227379	-59.5597	-170.374	17.0633	
-4.67826	0.314237	0.150905	-3.00579	-128.709	5.87207	
-6.6033	0.145817	0.0834246	-19.2689	-184.028	-1.67669	
-7.05666	0.106154	0.0675327	-12.0327	-170.763	8.81694	
-2.85673	0.4736	0.214758	-25.9747	-174.714	-7.18241	
-6.89242	0.120523	0.07329	20.3064	-206.616	-10.9869	
-3.25053	0.439147	0.200953	-11.0303	-167.76	-2.68663	
-4.46993	0.332463	0.158208	12.0438	-192.45	-6.12793	
-4.26001	0.350829	0.165567	6.81915	-197.748	11.6886	
-6.36134	0.166986	0.0919066	2.41548	-211.023	16.1678	
-3.94767	0.378155	0.176516	35.9199	-158.374	6.0081	
-5.14208	0.273658	0.134647	4.84812	-222.507	0.946357	
-4.35462	0.342551	0.16225	-30.1751	-224.625	-15.2463	
-4.48887	0.330806	0.157544	-73.5336	-153.477	-1.20347	
-6.24722	0.176971	0.095907	-15.6838	-227.501	3.26072	
0.0829787	0.730791	0.317807	-36.7154	10.8706	-10.2597	
-4.83947	0.300132	0.145254	-25.1533	-171.423	-0.830407	
-4.74527	0.308374	0.148557	-36.9652	-190.535	20.8922	
-4.46325	0.333047	0.158442	-9.59279	-179.155	1.21115	
-2.76972	0.481212	0.217808	22.161	-224.626	-15.3219	
-5.81763	0.214554	0.110966	4.35379	-220.28	3.77117	
-5.98338	0.200053	0.105155	-28.9736	-238.46	-11.6602	
-4.74635	0.308279	0.148519	-31.9685	-171.284	-0.667799	
-5.0126	0.284985	0.139185	-32.7496	-228.568	-8.20654	
-6.17273	0.183488	0.0985182	-36.5863	-165.69	2.45108	
-5.75522	0.220014	0.113153	-30.2243	-209.264	-2.19145	
-4.46981	0.332474	0.158212	-35.5137	-185.361	3.62574	
-7.71056	0.0489443	0.0446105	-18.7624	-191.937	-8.06218	
-5.67636	0.226914	0.115918	-76.6917	-215.338	2.28035	
-5.68126	0.226485	0.115746	-29.6561	-202.469	-15.4714	
-5.08585	0.278577	0.136618	-10.1508	-199.854	-18.0615	
-5.53985	0.238857	0.120703	-12.0667	-139.134	4.56338	
-6.19242	0.181765	0.0978278	-16.5322	-158.148	-11.9038	
0.0165681	0.724981	0.315479	-16.7934	-35.7519	-7.10986	
-5.84592	0.21208	0.109974	17.0848	-173.492	-4.7931	
-3.77635	0.393143	0.182521	-60.4365	-202.471	6.72387	
-4.01446	0.372312	0.174174	-35.63	-186.878	-9.1784	
-3.40811	0.42536	0.195429	-38.2424	-177.96	2.96806	
-5.31688	0.258364	0.128519	-47.4277	-188.761	1.20774	
-5.59017	0.234455	0.118939	-21.6117	-182.047	0.33821	
-4.79581	0.303952	0.146785	-4.65447	-166.982	0.807373	
-4.78778	0.304655	0.147066	-8.00934	-148.306	7.62477	
-5.44545	0.247116	0.124012	-25.9027	-199.165	-7.81525	
-4.40613	0.338045	0.160445	-21.31	-195.482	0.345935	
-5.24019	0.265074	0.131207	20.8624	-218.047	-6.69766	
-5.90195	0.207178	0.10801	79.9097	-146.539	2.12206	
-3.01786	0.459503	0.209109	-73.4468	-224.042	-10.2034	
-0.0655477	0.717797	0.3126	-3.78088	102.063	32.0825	
-4.23076	0.353388	0.166592	-40.4502	-184.909	-1.60076	
-2.46979	0.507452	0.228321	-75.2015	-175.098	6.67093	
-2.99539	0.461469	0.209897	-16.1564	-168.716	4.75555	
-4.78702	0.304722	0.147093	-38.242	-194.052	4.53749	
-4.46182	0.333172	0.158492	-29.2045	-207.971	16.6487	
-5.61775	0.232042	0.117972	21.2684	-188.086	-11.7744	
-3.17211	0.446007	0.203702	-36.807	-212.817	-2.48826	
-5.50506	0.241901	0.121923	-9.50024	-204.451	12.6496	
-6.25287	0.176476	0.0957088	-30.1348	-212.639	6.90441	
-5.04403	0.282235	0.138084	-8.48821	-194.102	-12.2928	
-6.70935	0.136539	0.0797072	23.5094	-183.575	-3.75726	
-4.95081	0.290392	0.141352	-21.7402	-173.999	8.65152	
-4.91218	0.293771	0.142706	-44.4082	-200.738	9.32479	
-1.76484	0.569128	0.253033	2.212	-129.762	-0.69324	
-2.97375	0.463362	0.210656	-112.508	-185.798	-8.53515	
-2.93484	0.466766	0.21202	-50.0219	-196.166	6.68305	
-7.2307	0.0909273	0.0614319	-11.4676	-222.585	-15.3978	
-4.61952	0.319375	0.152964	11.1961	-185.047	-10.715	
-2.41884	0.51191	0.230108	-82.9485	-217.826	6.00804	
-3.62792	0.406129	0.187724	6.15593	-191.427	-0.480687	
-4.85754	0.298552	0.144621	-25.0695	-190.5	-13.8823	
-0.748973	0.658005	0.288643	-33.2965	-125.96	-23.786	
-5.97207	0.201043	0.105552	-18.3293	-200.475	-9.98897	
-3.68682	0.400977	0.18566	-47.3175	-156.218	4.20747	
-4.73211	0.309525	0.149018	-26.6067	-184.159	3.17319	
-5.7919	0.216806	0.111868	-4.13428	-195.432	-3.65557	
-6.68774	0.13843	0.0804649	-15.6893	-216.891	8.39933	
-5.03139	0.283342	0.138527	-53.8599	-164.237	6.78328	
-4.37696	0.340596	0.161467	18.7712	-194.81	2.09197	
-4.39264	0.339225	0.160917	21.6305	-208.316	-9.49666	
-5.56589	0.236579	0.11979	-9.75838	-226.238	-4.83817	
-0.211956	0.704988	0.307468	-74.8759	59.0427	23.551	
-4.83225	0.300765	0.145508	0.214752	-190.739	0.977261	
-6.27385	0.174641	0.0949734	12.062	-200.795	-5.37802	
-4.60944	0.320257	0.153318	-19.5865	-191.476	-6.20907	
-2.89474	0.470274	0.213425	-25.4557	-209.367	13.634	
-4.73442	0.309323	0.148937	73.0802	-210.203	-10.9394	
-6.26091	0.175773	0.0954271	-31.0736	-200.287	3.3832	
-7.16024	0.0970914	0.0639017	4.88328	-203.652	2.87657	
-7.36452	0.079219	0.0567408	-11.6902	-199.095	-5.17224	
-6.39412	0.164118	0.0907572	-12.4761	-166.656	-16.7574	
0.12603	0.734557	0.319316	-37.6567	83.2666	32.5628	
-2.89969	0.469842	0.213252	-66.6718	-192.075	5.40332	
-4.66506	0.315391	0.151368	-5.78398	-208.895	5.22332	
-5.31707	0.258348	0.128513	-24.5034	-209.833	-6.80982	
-5.81238	0.215014	0.11115	18.0667	-190.338	-14.426	
-5.30918	0.259038	0.128789	20.6387	-264.819	9.24551	
0.00147825	0.723661	0.31495	-29.1086	60.108	16.4147	
9.07101	1.51714	0.632875	2.87088	200.562	-6.24371	
-5.11043	0.276427	0.135756	40.5306	-213.166	1.41396	
-5.155	0.272527	0.134194	-45.0946	-206.526	-7.17896	
-0.451592	0.684022	0.299068	2.06008	-69.8183	-28.1603	
-3.25011	0.439183	0.200968	-60.8863	-196.789	11.3587	
-6.13754	0.186566	0.0997516	-34.7392	-173.309	-3.11264	
-6.10019	0.189834	0.101061	6.38754	-198.77	5.76833	
-1.84463	0.562147	0.250236	-105.314	-183.375	-18.0154	
-5.10402	0.276987	0.135981	-41.0796	-165.411	2.16214	
-5.47948	0.244139	0.122819	-38.5545	-153.861	8.03935	
-4.1642	0.359211	0.168925	-33.0418	-172.436	12.1331	
-4.83242	0.300749	0.145501	-19.3986	-133.795	0.925842	
-4.32948	0.344751	0.163132	-4.98094	-191.503	-5.64267	
-4.79726	0.303826	0.146734	-19.6315	-187.813	-2.87993	
-4.53083	0.327135	0.156073	-3.71852	-196.156	-3.19909	
-6.44687	0.159503	0.0889082	-12.9599	-193.8	3.47907	
-3.59737	0.408802	0.188795	-11.2162	-186.613	-9.83877	
-5.03736	0.282819	0.138317	5.18051	-217.181	-12.0128	
-3.78611	0.39229	0.182179	-26.7938	-181.866	6.68261	
-6.82901	0.12607	0.0755128	3.60094	-222.096	-4.78448	
-4.83735	0.300318	0.145329	-49.8142	-185.029	2.7903	
-5.59525	0.23401	0.118761	-13.1241	-216.711	7.78627	
-2.41064	0.512628	0.230395	0.722727	-183.857	-2.11097	
-6.10886	0.189076	0.100757	33.0411	-146.662	0.502764	
-3.18742	0.444668	0.203166	15.8419	-191.212	-9.35209	
-2.48622	0.506015	0.227745	-34.5453	-210.592	-11.7283	
-4.10878	0.364059	0.170868	42.5141	-170.135	-2.64812	
-6.08523	0.191143	0.101585	34.1267	-187.662	-4.62089	
0.0530194	0.72817	0.316756	-30.5654	-34.3169	-11.4208	
-6.25768	0.176055	0.0955402	3.72341	-185.309	8.14677	
-4.51343	0.328657	0.156683	29.5489	-200.744	-4.85521	
-4.6743	0.314583	0.151044	-28.7106	-204.492	4.41083	
-5.38274	0.252602	0.12621	38.8189	-192.545	10.8962	
-0.279877	0.699045	0.305087	-6.89845	-117.611	-34.5215	
-6.29223	0.173032	0.0943291	60.4828	-207.885	-3.30241	
-6.34077	0.168786	0.0926276	25.1407	-190.448	7.42322	
-3.85691	0.386096	0.179697	8.15135	-152.232	-2.8819	
-4.25084	0.351631	0.165888	-27.4483	-195.897	-1.06917	
-6.85369	0.123911	0.0746477	-7.22698	-192.476	0.971578	
-3.69791	0.400006	0.185271	-71.6241	-144.514	-9.53829	
-4.7213	0.310471	0.149397	0.916004	-175.073	12.0273	
-4.14515	0.360877	0.169593	14.2013	-195.287	-10.8908	
-0.152744	0.710168	0.309544	-52.0088	24.9672	17.4883	
-4.02426	0.371454	0.173831	9.13817	-198.478	-0.345235	
-5.30177	0.259687	0.129049	11.7443	-195.497	8.8568	
-0.296685	0.697575	0.304498	-27.3466	-48.102	-15.1268	
-6.75194	0.132813	0.0782145	15.4657	-176.099	7.87912	
-6.99786	0.111298	0.0695939	0.145398	-190.537	-4.46581	
-4.39833	0.338727	0.160718	-14	-223.546	2.93909	
-4.15107	0.36036	0.169386	-53.4078	-177.3	-8.71584	
-5.56457	0.236694	0.119837	-53.5242	-191.023	2.73707	
-4.94896	0.290553	0.141416	-52.9385	-165.303	7.44238	
-6.15228	0.185277	0.0992349	27.7555	-188.595	-6.25954	
-6.77843	0.130495	0.0772857	14.449	-212.145	-12.9915	
-6.64112	0.142509	0.0820992	-2.63005	-163.045	-5.224	
-7.42133	0.0742487	0.0547493	-61.2675	-185.728	-8.89652	
-5.87605	0.209444	0.108918	-10.3257	-150.704	5.92461	
-6.86642	0.122798	0.0742014	-57.3075	-179.469	13.1728	
-5.45535	0.24625	0.123665	12.9758	-180.639	-10.3348	
0.0900084	0.731406	0.318053	-15.3233	164.031	86.036	
-4.00335	0.373283	0.174564	-1.28673	-198.145	-9.13042	
-5.74754	0.220686	0.113423	-9.10839	-209.142	-9.32559	
-4.1325	0.361984	0.170037	5.7838	-192.281	-0.517613	
-3.94491	0.378397	0.176613	43.8971	-165.234	-4.35052	
-0.0423638	0.719825	0.313413	-56.1426	9.00296	15.5167	
-7.25989	0.0883729	0.0604085	-55.8498	-215.483	-15.308	
-4.66338	0.315538	0.151427	-23.4653	-254.998	4.00504	
-2.97973	0.462838	0.210446	-22.8876	-175.499	7.56773	
-5.61944	0.231894	0.117913	14.389	-221.019	6.8033	
-4.53234	0.327003	0.156021	-23.708	-192.918	-2.57679	
-5.41381	0.249884	0.125121	31.9257	-204.191	6.26376	
-5.58296	0.235086	0.119192	1.4414	-202.329	3.28208	
-5.84116	0.212496	0.110141	10.537	-180.078	11.7913	
-5.34726	0.255707	0.127454	12.0789	-172.526	8.38023	
-5.67196	0.227299	0.116072	-31.8297	-225.667	-2.42011	
-3.63524	0.405489	0.187468	-36.2098	-191.479	6.41632	
-2.41973	0.511832	0.230076	-25.1577	-195.628	3.68484	
-5.47301	0.244705	0.123046	-0.618373	-176.421	-5.73907	
-4.69761	0.312544	0.150227	10.3368	-205.612	-14.6408	
-4.54608	0.325801	0.155539	7.73925	-161.697	-4.18923	
-6.23805	0.177773	0.0962284	-14.4095	-196.497	-19.3826	
-4.62021	0.319316	0.15294	25.6412	-229.598	7.84562	
-4.56414	0.324221	0.154906	-42.1319	-190.485	-9.55927	
-3.31626	0.433396	0.198649	-78.0092	-164.454	4.25232	
-6.66076	0.14079	0.0814105	23.9067	-213.677	-6.55752	
-2.70758	0.486648	0.219986	-24.0833	-205.347	-8.15781	
-3.28906	0.435776	0.199603	-65.2492	-218.599	4.56151	
-4.81967	0.301865	0.145948	-46.6204	-212.11	6.86947	
-6.64135	0.142488	0.0820908	-19.2858	-206.888	-6.0021	
-0.0625265	0.718061	0.312706	-70.795	87.1829	45.0232	
-5.98243	0.200137	0.105189	52.8277	-213.013	-3.09652	
-6.79612	0.128948	0.0766658	-3.05331	-199.816	-18.5193	
-5.12805	0.274885	0.135138	19.2361	-186.214	-10.5549	
-6.17302	0.183462	0.0985079	34.6034	-215.599	4.08629	
-3.21124	0.442584	0.202331	-18.7189	-122.575	-1.11043	
-5.85059	0.211671	0.109811	9.82454	-204.791	-0.153067	
-3.25821	0.438475	0.200684	-41.7918	-163.796	6.52361	
-3.95576	0.377447	0.176232	-27.2063	-186.514	14.9311	
-7.14561	0.0983713	0.0644145	30.805	-207.312	1.56013	
-6.54728	0.150718	0.0853885	-27.6433	-207.645	2.29689	
-4.70356	0.312023	0.150019	-9.44784	-217.331	-2.73276	
-6.68753	0.138448	0.0804722	17.4833	-189.633	-5.11128	
-3.30635	0.434263	0.198997	0.724329	-189.63	1.51092	
-5.36071	0.25453	0.126983	-14.5444	-186.92	6.93487	
-4.07487	0.367026	0.172057	2.1037	-194.451	9.24685	
-3.69675	0.400108	0.185311	20.7679	-176.194	11.1638	
-6.24411	0.177242	0.0960157	-74.2582	-178.794	6.0745	
-2.69375	0.487859	0.220471	-7.63484	-206.296	-16.0504	
-0.21271	0.704922	0.307442	-28.1982	-104.135	-36.9016	
-6.3626	0.166876	0.0918624	12.513	-207.552	-5.50164	
-5.73717	0.221594	0.113786	-40.8802	-204.491	0.422296	
-3.30864	0.434063	0.198916	-68.0492	-180.5	10.4977	
-5.49958	0.242381	0.122115	-5.46807	-242.628	-0.1251	
-4.81406	0.302355	0.146145	-66.0231	-199.158	-0.147917	
-5.71601	0.223445	0.114528	-31.133	-230.725	1.42061	
-2.87254	0.472216	0.214203	-30.3682	-165.17	-4.55606	
-5.81801	0.214521	0.110952	8.48721	-195.137	-18.7465	
-3.67919	0.401644	0.185927	-39.4775	-194.702	-8.17525	
-0.343123	0.693512	0.30287	-65.9281	80.5981	32.2366	
-3.75161	0.395308	0.183388	-59.3795	-205.975	4.34182	
-3.80848	0.390332	0.181395	-1.40531	-191.13	-7.59059	
-6.38237	0.165146	0.0911691	10.4694	-204.165	-2.10052	
-3.3636	0.429254	0.19699	-66.7635	-169.938	-5.06732	
-5.33498	0.256781	0.127885	-23.5625	-208.331	2.05001	
-6.36251	0.166884	0.0918656	77.8625	-205.876	-5.56939	
-4.33781	0.344022	0.162839	-0.123171	-178.482	-11.4643	
-4.41833	0.336978	0.160017	-34.0865	-164.895	-6.1521	
-3.06454	0.455419	0.207473	-48.2834	-139.056	0.437937	
-3.62061	0.406769	0.187981	-1.21373	-196.476	3.92041	
-4.32561	0.345089	0.163267	58.9015	-187.684	-17.7323	
-4.46857	0.332582	0.158256	14.7643	-232.074	13.2661	
-0.246176	0.701994	0.306268	-39.7017	5.17754	27.1865	
-5.15892	0.272185	0.134056	7.32031	-210.736	-11.3076	
-0.0537891	0.718825	0.313012	-26.2369	-58.1311	-39.9898	
-5.72927	0.222285	0.114063	-19.7943	-207.697	-5.35126	
-5.76163	0.219454	0.112929	-19.2114	-213.511	-5.97819	
-6.39481	0.164058	0.0907334	-1.33978	-186.98	8.69789	
-4.60308	0.320814	0.153541	-44.6635	-181.562	-5.16375	
-4.14004	0.361325	0.169772	-77.586	-164.611	10.8858	
-3.95381	0.377617	0.1763	32.0537	-161.656	7.88608	
-6.24247	0.177386	0.0960733	-19.9184	-183.959	2.22799	
-5.13729	0.274077	0.134815	-50.9453	-169.636	7.60703	
-4.34491	0.343401	0.162591	-40.5665	-211.456	5.44406	
-2.59631	0.496383	0.223886	-62.3563	-235.348	-1.47976	
-2.98313	0.462541	0.210327	-13.392	-161.255	-1.53241	
-4.91111	0.293865	0.142743	18.5398	-219.481	-9.24469	
-4.5287	0.327321	0.156148	-59.2111	-196.607	-7.43933	
-7.03746	0.107833	0.0682056	17.9767	-215.114	-3.10715	
-3.02826	0.458593	0.208745	44.5639	-200.932	9.78723	
-3.12015	0.450554	0.205524	6.32038	-196.846	13.7055	
-4.99618	0.286422	0.139761	-14.7235	-200.896	-9.47916	
-5.53243	0.239506	0.120963	-0.47025	-147.617	-3.48454	
-6.35047	0.167937	0.0922874	-10.3874	-199.58	-13.4369	
-4.42366	0.336512	0.15983	-28.1253	-183.404	8.67445	
-5.43661	0.24789	0.124322	-3.5687	-154.035	-8.08473	
-4.40552	0.338098	0.160466	-33.06	-145.963	-2.71864	
-2.15375	0.535103	0.2394	-86.9581	-164.567	16.5268	
-4.58708	0.322214	0.154102	-40.3108	-229.652	-10.3073	
-2.45468	0.508775	0.228851	-10.7338	-185.569	-6.45828	
-4.54776	0.325654	0.15548	-21.769	-194.397	-3.05748	
-5.67331	0.227181	0.116025	28.5992	-193.159	-6.73202	
-6.24525	0.177143	0.0959759	-50.7784	-188.152	-0.84058	
-5.81584	0.214711	0.111029	-42.6473	-185.045	2.83953	
-6.18343	0.182551	0.0981429	22.3591	-225.008	5.73264	
0.0823686	0.730738	0.317785	-31.2606	46.5411	34.1586	
-7.17578	0.0957321	0.0633571	-5.90652	-178.614	1.2039	
-7.04098	0.107525	0.0680823	64.5027	-185.622	-0.311297	
-3.43636	0.422889	0.194439	-29.4158	-228.075	-8.27927	
-4.10069	0.364768	0.171152	-21.8219	-188.152	11.523	
-3.57258	0.410971	0.189664	-23.6769	-168.369	7.05431	
-7.46329	0.0705781	0.0532786	-23.398	-203.449	2.25381	
-4.53768	0.326536	0.155833	-22.4476	-199.046	-11.8325	
-6.27182	0.174818	0.0950444	-12.9757	-179.208	-2.95227	
-2.86249	0.473096	0.214556	-0.879105	-198.006	5.9728	
-5.72594	0.222577	0.11418	17.3523	-191.511	2.55865	
-5.61017	0.232705	0.118238	-56.8	-203.116	-2.68436	
-3.87878	0.384182	0.17893	-36.0164	-216.234	-0.790305	
-3.96852	0.376331	0.175785	-44.6971	-193	-2.39738	
-4.67262	0.31473	0.151103	5.10703	-217.744	-4.0072	
-4.1876	0.357164	0.168105	-13.463	-233.974	-5.51054	
-5.00277	0.285845	0.13953	38.7894	-176.68	1.38355	
-3.49662	0.417617	0.192327	-1.73355	-136.485	-7.08641	
-2.8419	0.474897	0.215277	-61.5176	-187.479	11.1023	
-6.71115	0.136382	0.0796443	27.6179	-198.234	1.47702	
-2.18741	0.532158	0.23822	-15.9599	-168.714	2.68615	
-0.199019	0.706119	0.307921	-40.3624	7.57954	-0.797275	
-5.15987	0.272101	0.134023	22.3974	-189.336	-7.29041	
-0.273826	0.699575	0.305299	-71.5148	65.3565	30.9393	
-3.52654	0.414999	0.191278	-39.0967	-133.57	1.86184	
-4.84696	0.299477	0.144992	-17.2963	-148.08	-2.27906	
9.66369	1.56899	0.653651	-63.8847	193.575	-1.42726	
-4.83816	0.300247	0.1453	-13.8991	-246.482	5.87835	
-4.64654	0.317012	0.152017	-42.6615	-183.183	3.17471	
-6.67708	0.139362	0.0808384	34.44	-172.936	-1.37046	
-6.6739	0.139641	0.0809499	42.2464	-187.539	9.27465	
-4.02687	0.371226	0.173739	-28.2463	-211.111	-15.4373	
-5.01827	0.284489	0.138987	9.75415	-138.367	-2.78529	
-5.50235	0.242138	0.122018	-3.94105	-221.963	-5.24294	
-5.90071	0.207286	0.108053	-7.69414	-195.832	-5.32844	
-4.30362	0.347014	0.164038	16.887	-189.412	5.70628	
-4.1606	0.359526	0.169052	-14.8122	-199.503	-2.54355	
-3.68953	0.400739	0.185564	-4.15446	-169.035	6.09494	
-5.22373	0.266514	0.131784	-27.7032	-201.489	9.47292	
-6.27724	0.174343	0.0948544	-14.1375	-164.482	5.18455	
-5.17015	0.271202	0.133663	16.8377	-188.831	2.90398	
-4.06543	0.367852	0.172388	4.89783	-220.297	4.5681	
-3.80089	0.390996	0.181661	-35.2423	-238.217	-4.326	
-6.89503	0.120295	0.0731986	-22.8046	-159.962	0.255471	
-3.48865	0.418314	0.192606	79.3514	-132.047	2.13781	
-6.09015	0.190712	0.101413	14.1833	-175.694	-10.9676	
-4.46598	0.332808	0.158347	-73.6243	-198.017	8.5003	
-7.03893	0.107705	0.0681542	-6.4873	-229.228	9.93974	
-3.68901	0.400785	0.185583	-70.9549	-211.538	-14.0052	
-4.65103	0.316619	0.15186	-77.7775	-202.419	2.04334	
-3.92513	0.380127	0.177306	-21.4526	-177.8	-0.384066	
-3.40465	0.425663	0.195551	-23.622	-134.647	2.08233	
-5.15239	0.272756	0.134285	24.1138	-237.495	-3.0369	
-4.76011	0.307076	0.148036	-41.2702	-210.179	-13.4112	
-0.178533	0.707912	0.30864	-52.0288	52.0493	39.256	
-5.13352	0.274406	0.134947	-30.7246	-191.901	-0.921941	
-5.07373	0.279637	0.137043	20.9759	-192.593	13.5138	
-3.05346	0.456388	0.207861	-69.7912	-167.58	1.52811	
-3.66189	0.403158	0.186534	-58.4748	-140.491	10.7589	
-3.90763	0.381658	0.177919	9.49633	-218.233	-6.12694	
-5.24094	0.265009	0.131181	-20.0702	-202.496	-5.8358	
-6.89775	0.120057	0.0731032	27.6951	-179.261	-5.11601	
-2.44672	0.509471	0.22913	-60.3185	-205.223	8.50027	
-3.52444	0.415183	0.191352	-28.8003	-123.672	-1.5772	
-5.52593	0.240075	0.121191	5.86878	-168.543	-12.6952	
-2.69397	0.487839	0.220463	-33.4579	-195.203	3.77369	
-4.45862	0.333453	0.158605	-8.73051	-199.83	-11.1233	
-3.39342	0.426646	0.195945	-74.0771	-169.426	9.01117	
-4.61663	0.319629	0.153066	-30.5614	-149.109	11.4806	
-5.31345	0.258664	0.128639	6.94059	-196.7	-0.0949624	
-4.16783	0.358893	0.168798	33.4221	-161.103	-0.940719	
-4.18792	0.357135	0.168094	-5.36878	-183.274	22.3179	
-4.23789	0.352764	0.166342	-16.6047	-205.05	2.34261	
-3.31096	0.43386	0.198835	43.3502	-165.373	-10.3693	
-6.19081	0.181906	0.0978844	-37.7971	-157.485	-4.60519	
-3.64132	0.404957	0.187255	-53.9278	-178.976	4.74639	
-7.67254	0.0522708	0.0459434	-13.3942	-181.367	5.31077	
-4.32302	0.345316	0.163358	45.9248	-193.481	0.180013	
-5.02442	0.283951	0.138771	-80.0935	-152.17	17.0765	
-6.00486	0.198174	0.104403	-12.6122	-207.288	-9.14404	
-5.4718	0.24481	0.123088	26.6399	-187.506	-8.39628	
-5.81805	0.214518	0.110951	3.35117	-143.262	17.9094	
-3.07641	0.45438	0.207057	-47.1789	-175.161	3.04015	
-4.64722	0.316953	0.151994	-2.45824	-184.718	-13.4006	
-6.12377	0.187771	0.100234	-75.6568	-170.094	-0.205336	
-5.76504	0.219155	0.112809	-38.0266	-192.183	-8.87881	
-7.09612	0.102701	0.0661493	-8.66889	-198.381	-2.61697	
-5.51502	0.241029	0.121573	34.1684	-202.432	1.36586	
-6.3461	0.16832	0.0924408	-37.7335	-181.246	1.24983	
-6.80371	0.128283	0.0763994	26.9797	-194.107	-3.02921	
-6.35905	0.167186	0.0919866	11.0787	-200.621	1.46142	
-5.29931	0.259902	0.129135	-71.3774	-173.92	20.2966	
0.0169581	0.725015	0.315492	-52.6329	-57.1561	-21.6868	
-4.6446	0.317181	0.152085	7.06268	-201.912	-2.35212	
-4.18838	0.357096	0.168078	-13.891	-196.021	-6.05621	
-3.63697	0.405338	0.187407	7.62917	-215.143	-1.16359	
-5.70189	0.224681	0.115023	-10.2943	-180.36	13.0882	
-5.8989	0.207444	0.108117	-26.1264	-178.464	-2.13869	
-5.18339	0.270043	0.133198	-2.6486	-161.469	3.73211	
-3.304	0.434468	0.199079	11.4115	-183.257	-4.86619	
-2.19434	0.531552	0.237977	-74.528	-195.853	-6.6495	
-6.16546	0.184123	0.0987728	-9.29771	-202.499	-4.06237	
-6.98153	0.112727	0.0701664	-20.2728	-188.088	-2.50249	
-6.5272	0.152475	0.0860923	-16.6273	-187.948	0.987428	
-0.16881	0.708762	0.30898	-46.5213	-0.660175	-11.5312	
-5.36236	0.254386	0.126925	2.93521	-171.014	6.05722	
-3.08232	0.453863	0.20685	-24.0769	-177.141	13.7763	
-5.79234	0.216767	0.111852	-13.1808	-201.836	-8.38212	
-3.19292	0.444187	0.202973	-4.89099	-215.017	-3.7232	
-3.90888	0.381549	0.177875	-5.53423	-200.259	5.38693	
-2.97396	0.463343	0.210648	-32.012	-161.661	3.79434	
-6.51577	0.153475	0.0864929	39.6802	-189.162	-4.38714	
-4.8769	0.296858	0.143942	-58.4521	-167.762	-9.20531	
-3.1375	0.449035	0.204915	16.3423	-189.452	-9.84115	
-2.21476	0.529765	0.237261	-69.989	-200.187	18.8015	
-3.03587	0.457927	0.208478	-0.263491	-257.822	-8.02678	
-1.6762	0.576882	0.25614	-72.4605	-241.135	-2.38208	
-2.96535	0.464097	0.21095	-59.4537	-184.252	3.81012	
-5.37489	0.25329	0.126486	-18.4132	-194.762	6.68041	
-4.46073	0.333268	0.158531	-27.3167	-176.014	-1.10184	
-6.76092	0.132027	0.0778995	-13.536	-185.563	7.24748	
-5.83238	0.213265	0.110449	-7.19437	-204.958	11.2591	
-3.60083	0.4085	0.188674	-31.9078	-235.25	3.43766	
-5.49494	0.242786	0.122277	-34.848	-172.021	-9.80529	
-4.91043	0.293924	0.142767	-3.46655	-168.351	-9.00742	
-7.02489	0.108933	0.0686462	32.9659	-212.353	2.66306	
-7.19474	0.0940732	0.0626924	24.4687	-213.628	9.89183	
-3.85884	0.385926	0.179629	-42.2685	-155.443	-2.94176	
-6.31907	0.170684	0.0933881	-4.02818	-211.029	5.47882	
-3.16589	0.446552	0.20392	-4.71045	-239.44	-1.13121	
-3.36915	0.428768	0.196795	-73.9017	-200.336	-3.96601	
-3.96312	0.376803	0.175974	15.0595	-198.184	-1.14874	
-7.67008	0.0524863	0.0460297	-22.1373	-246.843	-1.0513	
-4.31638	0.345897	0.163591	-26.6969	-165.217	1.99291	
-4.4943	0.330331	0.157354	33.2609	-166.856	-6.5048	
-5.20642	0.268029	0.132391	14.4327	-190.253	2.96778	
-4.47793	0.331763	0.157928	-36.9596	-209.987	-5.37467	
-4.86566	0.297842	0.144336	12.1247	-209.076	5.54607	
-4.95256	0.290238	0.14129	-21.0037	-183.716	-7.15907	
-4.03299	0.37069	0.173525	36.6861	-150.514	-5.939	
-4.52472	0.32767	0.156288	18.7586	-173.74	7.91473	
-4.94329	0.291049	0.141615	-79.9372	-120.123	-0.796256	
-5.68229	0.226395	0.11571	2.38928	-187.244	-2.12478	
-6.33635	0.169172	0.0927824	-51.3112	-176.199	2.12832	
-6.14666	0.185768	0.0994318	-19.3837	-185.584	-3.57354	
-4.29658	0.347629	0.164285	-43.0195	-148.977	10.4189	
-6.23409	0.178119	0.0963672	-20.7252	-174.969	-4.91153	
-5.0832	0.278809	0.13671	-5.0171	-151.599	7.1797	
-7.01379	0.109904	0.0690354	-17.1662	-221.522	-3.38247	
-5.84477	0.212181	0.110015	-11.5135	-201.034	6.92433	
-5.46086	0.245768	0.123472	-27.0749	-223.483	-1.47249	
-6.66807	0.14015	0.0811542	13.5839	-180.082	1.9946	
-2.4113	0.51257	0.230372	-25.1755	-180.824	10.6121	
-3.36949	0.428739	0.196783	-49.7017	-203.7	-15.1316	
-5.51771	0.240794	0.121479	-20.6071	-208.008	-6.70433	
-3.45553	0.421211	0.193767	-51.4554	-200.525	-5.00215	
-5.50357	0.242032	0.121975	28.7176	-210.285	-2.65442	
-4.68532	0.313619	0.150658	-7.72973	-190.616	-14.1685	
-5.42268	0.249108	0.12481	13.7176	-228.751	3.7292	
-4.91375	0.293634	0.142651	-47.657	-157.96	0.622271	
-6.20368	0.180779	0.097433	22.9012	-213.287	-4.97115	
-3.2363	0.440391	0.201452	-23.318	-207.136	6.16426	
-2.01508	0.547235	0.244261	-16.4295	-201.331	2.0837	
-4.28956	0.348243	0.164531	4.86418	-97.5122	-3.05743	
-5.88063	0.209043	0.108757	-60.4132	-148.535	5.45327	
-4.04897	0.369292	0.172965	7.57313	-181.611	-3.20233	
-5.50542	0.241869	0.12191	12.313	-180.363	3.04582	
-5.78821	0.217128	0.111997	24.4632	-209.945	-21.04	
-4.13686	0.361603	0.169884	-30.4028	-199.304	-5.34635	
-2.74691	0.483208	0.218607	-69.9672	-164.705	-0.0102036	
-6.91923	0.118177	0.0723502	-11.704	-189.248	-0.989675	
-3.26094	0.438236	0.200588	18.9232	-217.8	-2.48445	
-4.57936	0.322889	0.154372	-84.4509	-197.259	7.75452	
-5.90111	0.207251	0.108039	35.8742	-185.709	12.2999	
-4.22659	0.353752	0.166738	-101.563	-229.841	4.31592	
-5.6777	0.226797	0.115871	-32.0322	-165.275	1.54815	
-4.91124	0.293853	0.142738	-25.8869	-167.338	7.16325	
-4.28373	0.348754	0.164735	-104.092	-192.058	-3.43563	
-2.99922	0.461134	0.209763	-18.4453	-208.213	-4.62942	
-5.69977	0.224866	0.115097	24.3081	-213.183	3.32483	
-3.12995	0.449696	0.20518	-31.4832	-190.172	-5.46474	
-5.22737	0.266196	0.131657	5.03805	-177.765	-9.8565	
-3.69848	0.399957	0.185251	15.2894	-159.042	3.44662	
-0.286064	0.698504	0.30487	-42.3637	-1.93878	19.0111	
-7.56798	0.0614188	0.0496087	-4.19848	-219.317	1.27497	
-2.98739	0.462169	0.210178	-0.505407	-151.436	2.73817	
-4.17645	0.358139	0.168496	-74.7076	-176.073	-3.91383	
-3.46654	0.420248	0.193381	-20.5415	-171.614	0.908598	
-3.18694	0.44471	0.203182	-31.6208	-188.342	-13.3367	
0.0128673	0.724657	0.315349	-45.5329	-0.232659	10.8316	
-6.23649	0.177909	0.0962828	-10.2967	-183.796	5.06985	
-5.70016	0.224832	0.115083	23.41	-200.126	-3.30062	
-2.63054	0.493388	0.222686	-45.4225	-159.969	-2.48091	
-6.70071	0.137295	0.0800101	11.534	-210.543	-1.86042	
-4.06554	0.367843	0.172384	-12.0768	-246.506	-2.53328	
-4.58436	0.322452	0.154197	-26.4473	-205.938	-3.03258	
-4.83831	0.300234	0.145295	-52.8541	-207.073	1.69955	
-4.59081	0.321887	0.153971	-12.8099	-158.842	-4.32055	
5.32814	1.18968	0.501671	-19.7923	133.564	1.64596	
-5.5423	0.238643	0.120617	-41.8075	-170.921	-5.17752	
-2.63064	0.49338	0.222683	-37.5046	-159.936	-9.40729	
-4.39557	0.338968	0.160815	4.31871	-213.477	1.6706	
-4.52421	0.327714	0.156306	-48.3762	-204.907	-5.86397	
-3.98341	0.375028	0.175263	-62.1986	-182.831	-6.06042	
-5.3065	0.259273	0.128883	-14.6061	-214.247	-15.0374	
-0.410025	0.687659	0.300525	-41.4855	-12.1353	4.6336	
-5.67849	0.226727	0.115843	-52.7575	-168.398	-7.1421	
-3.13023	0.449672	0.20517	-6.63421	-170.284	-4.79998	
-6.63606	0.142951	0.0822764	3.07875	-229.071	-5.54016	
-5.50483	0.241921	0.121931	-45.4188	-197.963	5.8082	
-5.21672	0.267127	0.13203	-48.6002	-167.31	12.4665	
-6.12553	0.187617	0.100173	-13.6553	-172.783	-5.09101	
-6.08047	0.191559	0.101752	-8.77424	-227.985	-2.15952	
-5.60611	0.23306	0.11838	-5.33859	-196.068	-4.01472	
-5.26339	0.263044	0.130394	-2.04532	-199.989	0.265624	
-4.35419	0.342589	0.162265	-19.6936	-176.745	16.9884	
-3.41926	0.424384	0.195039	39.4934	-148.706	0.451824	
-4.2352	0.352999	0.166436	-20.0189	-200.627	8.17799	
-2.49371	0.50536	0.227483	-26.8477	-107.738	-15.2441	
-5.57649	0.235652	0.119419	-69.9308	-166.155	2.60813	
-5.66938	0.227525	0.116163	-28.9801	-197.496	2.81349	
-4.13357	0.361891	0.169999	-21.3457	-183.534	-1.54798	
-3.08224	0.45387	0.206853	-31.311	-172.54	15.4938	
-5.02123	0.284231	0.138883	-10.4178	-178.528	-13.7719	
-5.73149	0.222091	0.113985	-1.47316	-184.573	-13.4591	
0.0665819	0.729356	0.317232	-25.0607	34.8393	17.7141	
-6.06411	0.19299	0.102326	-19.5929	-150.902	6.46567	
-5.6588	0.228451	0.116533	23.7009	-199.141	-2.02749	
-4.84458	0.299685	0.145075	4.87536	-214.138	-4.92603	
-4.43718	0.335328	0.159356	67.7595	-200.417	-1.50358	
-6.72943	0.134783	0.0790034	57.2748	-168.905	9.16876	
-5.30105	0.259749	0.129074	-7.00508	-177.756	-3.28457	
-4.77539	0.305739	0.147501	8.47165	-195.612	6.73188	
-5.57298	0.235959	0.119542	-27.5234	-155.506	-4.71587	
-4.96429	0.289212	0.140879	-0.0820878	-171.111	-3.913	
-3.73592	0.396681	0.183939	15.1019	-206.15	2.83811	
-5.56668	0.23651	0.119763	-47.1292	-187.994	13.2427	
-4.45415	0.333844	0.158761	-14.8917	-191.718	9.23287	
-0.310351	0.696379	0.304019	-71.1173	143.747	57.2721	
-4.52401	0.327731	0.156312	20.2555	-213.221	7.0848	
-3.66429	0.402947	0.186449	-43.5654	-203.362	4.05864	
-6.33057	0.169678	0.092985	-25.4463	-165.458	3.91982	
-3.64735	0.404429	0.187043	-89.4222	-191.143	7.08619	
-3.55784	0.41226	0.190181	-39.2504	-204.197	-1.31718	
-5.11074	0.2764	0.135745	-50.6562	-135.823	12.8969	
-3.19735	0.4438	0.202818	-56.8119	-209.342	18.1726	
-6.47783	0.156794	0.0878229	-9.74081	-209.628	4.50385	
-3.61682	0.407101	0.188113	-26.1524	-173.341	7.99275	
-5.32091	0.258012	0.128378	-9.51294	-183.352	1.22039	
-7.18275	0.0951223	0.0631127	-32.2305	-181.047	5.49635	
-3.69542	0.400224	0.185358	-49.6638	-194.292	6.20199	
-4.06155	0.368192	0.172524	-21.245	-190.479	-11.4768	
-6.07431	0.192098	0.101968	-14.1859	-202.063	12.8521	
-4.5383	0.326481	0.155812	-1.80249	-168.672	-0.468485	
-4.52284	0.327834	0.156354	-37.8573	-160.075	5.37477	
-4.68558	0.313596	0.150649	23.7756	-185.517	-8.65356	
-2.98492	0.462384	0.210264	-78.9612	-171.696	16.5357	
-3.05252	0.45647	0.207894	-6.98478	-232.872	-4.29806	
-4.56298	0.324322	0.154947	-29.4995	-179.873	8.42847	
-5.82019	0.214331	0.110876	8.25836	-179.793	-1.80862	
0.126204	0.734573	0.319322	-22.9717	71.0168	17.2492	
-2.21213	0.529995	0.237354	-13.1618	-180.825	-14.5397	
-6.00796	0.197903	0.104294	-45.0119	-205.767	-13.7611	
-4.62932	0.318518	0.152621	49.575	-161.053	4.18873	
-5.6971	0.225099	0.115191	-46.1007	-186.403	-5.33	
-4.26143	0.350705	0.165517	-85.7821	-184.807	6.4934	
-5.99382	0.19914	0.10479	2.06876	-220.059	0.82592	
-3.99801	0.37375	0.174751	-46.9646	-196.899	8.71757	
-4.50844	0.329093	0.156858	-5.03376	-200.427	1.17191	
-3.55504	0.412505	0.190279	-75.5097	-181.757	5.2522	
-5.12573	0.275088	0.13522	-48.3189	-169.25	-10.1273	
-3.1041	0.451957	0.206086	-93.449	-158.873	-12.3497	
0.22264	0.74301	0.322702	-29.7517	41.4914	4.41772	
-4.50927	0.329021	0.156829	-4.68735	-186.342	-1.70937	
-5.9832	0.200069	0.105162	-36.588	-179.238	12.2635	
-3.49053	0.41815	0.19254	-11.7417	-180.277	-3.34813	
-3.15258	0.447716	0.204387	9.56346	-172.05	-8.55624	
-1.72966	0.572206	0.254266	-130.141	-172.059	1.70425	
-2.51456	0.503535	0.226752	-46.1894	-140.291	12.3657	
-7.00216	0.110922	0.0694431	19.8564	-204.555	-5.50549	
-5.82003	0.214344	0.110882	-39.4585	-194.65	1.00486	
-6.18757	0.182189	0.0979978	-15.5526	-200.367	4.15911	
-5.47626	0.244421	0.122932	0.507375	-183.893	-3.70228	
-2.21169	0.530033	0.237369	-86.505	-186.264	-10.9991	
0.0489057	0.72781	0.316612	-56.2322	83.679	36.4922	
-4.44982	0.334223	0.158913	3.87367	-197.493	1.84859	
-5.10374	0.277012	0.135991	-15.8447	-200.573	-3.20032	
-5.304	0.259491	0.128971	-28.3144	-122.865	6.97429	
-6.70352	0.137049	0.0799117	16.8322	-190.553	-5.46699	
-7.2022	0.0934202	0.0624308	-63.2312	-192.296	4.61094	
-4.93378	0.291881	0.141948	25.0576	-178.321	10.1242	
-2.83929	0.475126	0.215369	-67.9565	-233.511	-4.27424	
-6.76767	0.131437	0.0776628	6.93795	-186.96	-4.61591	
-5.58661	0.234766	0.119064	-16.978	-189.662	2.18017	
-3.93933	0.378885	0.176808	-31.7832	-156.265	0.990248	
-4.16208	0.359396	0.169	-55.9433	-195.401	-6.76975	
-2.50214	0.504622	0.227187	35.3348	-220.763	2.56144	
-2.63227	0.493237	0.222626	-82.2273	-172.124	9.98149	
-4.37612	0.34067	0.161497	-37.5947	-155.027	-2.25812	
-4.40617	0.338041	0.160443	59.7584	-189.336	-6.79302	
-4.83577	0.300456	0.145384	-17.3421	-167.75	2.5024	
-5.16187	0.271926	0.133953	6.65796	-211.408	11.6913	
0.12082	0.734102	0.319133	-35.5728	-22.0298	-20.2761	
-6.28814	0.17339	0.0944723	61.5635	-209.275	0.113618	
-5.77238	0.218513	0.112552	37.3162	-189.707	-10.7038	
-4.12499	0.362642	0.1703	-20.9613	-188.093	9.89879	
-5.0108	0.285143	0.139249	19.2185	-188.232	4.92253	
-5.46616	0.245304	0.123286	-61.1434	-194.687	7.85669	
-6.84955	0.124273	0.0747927	5.41569	-193.802	-0.394515	
-3.8632	0.385545	0.179477	-13.6629	-211.244	-5.77809	
-5.81888	0.214446	0.110922	-23.7092	-225.083	14.9162	
-5.83752	0.212815	0.110269	-42.2827	-188.3	-2.74586	
-5.45923	0.24591	0.123529	-13.2376	-157.344	0.789536	
0.0940233	0.731757	0.318194	-59.7661	-4.23893	-1.12446	
-4.6001	0.321075	0.153645	-1.35918	-202.453	-6.85274	
-4.08999	0.365704	0.171527	15.2738	-204.171	-1.99267	
-3.57196	0.411025	0.189686	-81.9581	-208.207	17.9042	
-3.59949	0.408616	0.188721	-87.7363	-178.009	17.9732	
0.366011	0.755553	0.327728	-63.4888	-81.0326	-28.307	
-3.92818	0.37986	0.177199	-21.0032	-219.11	2.67666	
-4.1861	0.357295	0.168158	-59.053	-212.398	5.82063	
0.201705	0.741178	0.321969	-24.8657	24.2289	-11.1158	
-3.6991	0.399902	0.185229	-8.32493	-182.68	1.09827	
-4.44597	0.334559	0.159048	14.1786	-204.134	8.53273	
-5.3358	0.256709	0.127856	15.9157	-164.538	7.83916	
-4.01561	0.372211	0.174134	-2.11925	-145.697	5.95883	
-5.54938	0.238024	0.120369	-4.25492	-196.172	10.7879	
-5.30548	0.259362	0.128919	42.072	-196.113	-2.62463	
-6.04965	0.194256	0.102833	-6.59063	-204.14	8.76429	
-5.40857	0.250342	0.125305	-17.7018	-156.811	24.3627	
-3.69273	0.400459	0.185452	-35.1909	-196.034	-13.2029	
-3.58554	0.409838	0.18921	-39.9484	-169.939	-3.88863	
-2.92181	0.467906	0.212476	-61.6985	-174.316	-5.8368	
-0.374842	0.690737	0.301758	12.4555	-93.7606	-41.1783	
-4.42428	0.336457	0.159809	-4.90487	-175.555	-9.34591	
-6.28284	0.173854	0.0946582	-37.2253	-216.95	8.93366	
-2.42912	0.511011	0.229747	-54.6777	-193.432	-6.6506	
-4.41007	0.3377	0.160307	4.14719	-172.399	-8.7162	
-6.67291	0.139727	0.0809847	27.2819	-178.099	3.72951	
-5.46779	0.245161	0.123229	-4.61609	-198.597	3.55682	
-4.92203	0.29291	0.14236	-20.5066	-184.091	2.62447	
-6.40361	0.163288	0.0904249	-6.97761	-193.674	-5.12559	
-6.22859	0.1786	0.0965598	-20.4526	-215.248	0.0568232	
-6.71673	0.135893	0.0794486	52.6936	-181.348	-5.14017	
-3.93707	0.379082	0.176887	-55.638	-208.751	-3.83822	
-3.47122	0.419839	0.193217	-42.3947	-202.538	4.44638	
-0.281066	0.698941	0.305045	-60.2978	31.6622	29.1133	
-3.86453	0.385429	0.17943	-31.0566	-164.533	12.849	
-3.47081	0.419875	0.193232	-53.7757	-192.694	-12.9389	
-3.99665	0.37387	0.174799	5.8942	-193.841	-7.09776	
-6.11459	0.188574	0.100556	24.9413	-182.515	7.95894	
-2.88983	0.470704	0.213597	-1.71281	-175.867	-0.120723	
-6.69429	0.137857	0.0802353	26.9921	-237.405	0.213397	
-2.68416	0.488697	0.220807	-15.0584	-181.835	-12.628	
-5.07726	0.279328	0.136919	-60.8647	-179.463	5.45053	
-4.152	0.360278	0.169353	-22.6503	-199.384	-6.04952	
-4.8917	0.295563	0.143423	-23.0049	-198.042	-5.48576	
-4.53404	0.326854	0.155961	-13.3107	-216.691	10.2212	
-4.16524	0.35912	0.168889	-63.5212	-165.073	0.694428	
-5.21477	0.267298	0.132099	-6.56169	-176.104	6.93614	
-5.13583	0.274204	0.134866	-27.4282	-195.302	6.80887	
-6.05851	0.19348	0.102522	-20.3483	-165.909	0.502211	
-5.21187	0.267552	0.1322	-21.8349	-194.464	9.13644	
-5.75918	0.219668	0.113015	-40.5999	-230.774	2.41114	
-5.56865	0.236337	0.119693	-30.6277	-164.195	-2.28792	
-3.8441	0.387216	0.180146	-1.77639	-171.417	9.02929	
-4.4847	0.33117	0.15769	-13.4229	-202.708	-5.63665	
-6.80474	0.128193	0.0763633	33.2907	-196.768	-7.75105	
-1.55575	0.587421	0.260362	-13.8613	-215.04	0.550241	
-4.5088	0.329063	0.156846	-53.0881	-197.548	-17.3042	
-3.89875	0.382435	0.178231	-14.8706	-177.02	1.54258	
-4.34917	0.343028	0.162441	-10.4905	-212.966	-5.55348	
-4.74438	0.308452	0.148588	62.0401	-198.955	-17.2922	
-5.50936	0.241525	0.121772	-29.3545	-200.096	10.3846	
-5.56164	0.236951	0.119939	-29.8886	-150.16	-3.97808	
-6.48839	0.155871	0.0874528	-16.6732	-199.752	19.3165	
-5.43895	0.247685	0.12424	4.17268	-195.787	16.1825	
-6.22109	0.179257	0.096823	-18.3612	-196.35	-8.6414	
-5.24243	0.264878	0.131129	20.2589	-174.719	1.79393	
-4.79764	0.303792	0.146721	-6.26991	-170.739	-6.50725	
-0.086301	0.715981	0.311873	23.9734	-145.864	-37.6049	
-6.75048	0.132941	0.0782657	21.4204	-159.648	-7.80428	
-3.31957	0.433106	0.198533	-16.4976	-206.443	-9.82525	
-4.75291	0.307706	0.148289	-58.1573	-206.074	-5.94734	
-3.99754	0.373792	0.174767	-26.3156	-217.656	-6.68536	
-6.21702	0.179613	0.0969655	1.01616	-199.688	0.822753	
-7.08506	0.103669	0.0665372	4.89283	-188.674	2.54489	
-4.33734	0.344063	0.162856	30.0215	-166.909	-5.29855	
-4.97862	0.287958	0.140377	-26.5835	-201.564	-2.18846	
-6.32466	0.170195	0.0931922	-92.471	-197.66	-3.20937	
-6.93264	0.117004	0.07188	-26.6959	-199.275	1.49663	
-5.13099	0.274628	0.135035	-18.6601	-199.42	9.43704	
-5.34152	0.256209	0.127655	-18.8931	-195.064	-3.71012	
-5.38091	0.252763	0.126275	-34.6496	-192.992	-7.25839	
-5.17619	0.270673	0.133451	-5.32637	-218.901	-1.42422	
-6.49185	0.155568	0.0873315	14.9614	-185.233	0.412272	
-5.28575	0.261088	0.12961	-5.02973	-169.459	1.2197	
-6.27939	0.174156	0.0947791	12.6713	-170.916	7.67042	
-3.93897	0.378916	0.176821	-12.8988	-208.362	1.93515	
-3.08127	0.453955	0.206887	-22.1386	-227.549	-17.2478	
-4.10994	0.363958	0.170828	-26.468	-205.472	-5.30957	
-4.42077	0.336764	0.159932	-17.8334	-166.621	11.1158	
-2.7782	0.480471	0.217511	10.7673	-237.704	-12.849	
-4.93284	0.291964	0.141981	-44.5666	-186.308	-6.17786	
-6.06485	0.192926	0.1023	-4.01366	-196.78	-10.9784	
-4.26721	0.350199	0.165315	3.11859	-164.768	4.0056	
0.0997849	0.732261	0.318396	-45.2348	-26.8329	-1.14005	
-5.00137	0.285968	0.139579	-38.9944	-167.851	1.60788	
-6.44808	0.159397	0.0888658	-10.8209	-199.048	5.41207	
-3.17398	0.445844	0.203637	-62.2619	-199.919	2.86387	
-5.30568	0.259344	0.128912	-55.6712	-208.833	0.9572	
-5.19674	0.268876	0.132731	-28.8759	-203.806	1.62135	
-0.267202	0.700154	0.305531	-57.0175	26.7973	23.5039	
-5.43809	0.24776	0.12427	-11.8952	-179.554	14.5265	
-0.242959	0.702275	0.306381	38.8237	-18.4116	-5.20664	
-3.48198	0.418897	0.19284	-53.7155	-163.505	4.75814	
-4.24103	0.352489	0.166232	-28.4661	-214.786	-2.35665	
-5.93373	0.204398	0.106896	-24.3547	-200.457	-1.87004	
-2.39115	0.514333	0.231078	22.4849	-196.591	-9.56054	
-5.34071	0.256279	0.127684	-25.2164	-191.657	14.9777	
-4.97131	0.288598	0.140633	-31.7082	-204.568	3.41432	
-3.65222	0.404003	0.186872	-83.2947	-166.784	5.95657	
-6.45896	0.158446	0.0884846	17.2653	-181.512	-4.37613	
-5.95269	0.202739	0.106232	31.9215	-194.409	-10.7538	
-4.99026	0.28694	0.139969	8.10626	-183.305	-17.1284	
-6.96794	0.113916	0.0706427	-4.45784	-194.83	-15.2993	
-7.04562	0.107119	0.0679195	49.5538	-193.301	-5.0227	
-4.98277	0.287595	0.140231	17.12	-192.254	-14.903	
-5.49728	0.242582	0.122196	-5.3085	-202.471	1.50556	
-3.83621	0.387907	0.180423	29.1938	-179.712	-0.851443	
-6.02169	0.196701	0.103813	6.65525	-210.617	3.71743	
-5.41902	0.249428	0.124939	55.5979	-193.756	7.49546	
-5.90703	0.206733	0.107832	-12.0072	-158.761	-0.851505	
-6.01164	0.197581	0.104165	-24.9417	-197.177	0.932902	
-5.034	0.283114	0.138435	-14.5378	-186.717	-12.3392	
-2.0905	0.540636	0.241617	-37.3363	-191.274	3.32887	
-5.02318	0.28406	0.138815	-32.3895	-219.029	-5.81805	
-5.79477	0.216555	0.111767	-0.632516	-217.069	1.03414	
-6.41032	0.162701	0.0901897	24.1714	-203.307	-12.077	
-4.58528	0.322371	0.154165	0.729796	-191.826	6.95521	
-2.82885	0.476039	0.215735	6.16907	-170.24	-1.9643	
-5.02043	0.284301	0.138911	-39.6567	-197.562	16.9485	
-6.88872	0.120846	0.0734195	18.2139	-189.048	3.59585	
-4.51826	0.328235	0.156514	19.9762	-189.827	7.13176	
-6.74856	0.133109	0.0783327	-14.6447	-222.084	17.5891	
-3.36387	0.429231	0.19698	-31.6068	-218.407	-5.42052	
-6.76695	0.1315	0.0776882	-9.61204	-158.871	3.05261	
-4.36073	0.342017	0.162036	-14.9737	-194.739	-2.47005	
-5.68781	0.225912	0.115516	15.3969	-175.678	0.98774	
-3.75098	0.395363	0.18341	-6.9034	-191.475	1.92394	
-7.02339	0.109064	0.0686987	0.974154	-185.53	5.18465	
-5.4695	0.245012	0.123169	-35.951	-211.8	9.43588	
-5.52636	0.240037	0.121176	-0.932047	-186.061	-3.68669	
-0.0220828	0.721599	0.314124	-45.5335	68.5318	32.6605	
-3.16447	0.446676	0.20397	-63.824	-179.023	-9.09224	
0.158091	0.737362	0.32044	-39.5352	-51.7611	-16.7179	
-5.63618	0.230429	0.117326	-18.3674	-201.722	4.77321	
-3.4926	0.417968	0.192468	-20.9206	-164.092	-2.88155	
-5.43267	0.248234	0.12446	-12.856	-198.851	-1.23707	
-6.65092	0.141651	0.0817554	-12.9919	-207.659	7.74124	
-5.48417	0.243729	0.122655	-13.5656	-192.654	-4.72267	
-6.19664	0.181395	0.0976798	-13.0296	-188.344	5.63658	
-3.97872	0.375438	0.175427	-59.9543	-168.245	-12.6112	
-6.70648	0.136791	0.079808	57.9889	-213.927	-4.95866	
-4.43188	0.335792	0.159542	15.3511	-175.99	-0.775694	
-5.28599	0.261067	0.129602	-6.4996	-192.327	10.6874	
-4.79111	0.304364	0.14695	1.7702	-185.176	-6.84462	
-3.09705	0.452574	0.206333	-39.4205	-226.301	-2.8373	
-5.47254	0.244746	0.123063	-21.4404	-154.239	-3.00234	
-5.34867	0.255583	0.127405	64.6876	-190.482	0.31656	
-3.87594	0.38443	0.17903	-35.0242	-190.318	9.28479	
-4.57382	0.323374	0.154567	-79.7119	-223.3	-10.5909	
-6.13625	0.186679	0.0997968	-4.65922	-176.052	3.48779	
-5.12496	0.275155	0.135247	-19.053	-174.195	-12.8433	
-4.87116	0.29736	0.144143	-20.4033	-169.411	1.51557	
-4.52823	0.327362	0.156164	-55.0121	-168.611	13.9182	
-4.95721	0.289831	0.141127	12.0704	-207.279	-1.81741	
-6.11442	0.188589	0.100562	-8.79201	-203.696	0.634602	
-3.97537	0.375732	0.175545	-62.9714	-224.991	-10.067	
-4.96266	0.289355	0.140936	-24.3086	-157.638	-3.70062	
-6.06994	0.192481	0.102121	15.5339	-192.291	7.46101	
20.4347	2.51133	1.03122	-27.8808	215.105	7.22963	
-5.63107	0.230877	0.117506	-31.258	-211.358	2.15652	
-3.60605	0.408042	0.188491	-116.414	-224.13	13.2714	
-4.28522	0.348623	0.164683	37.3969	-209.943	1.12717	
-4.09735	0.365059	0.171269	-11.6778	-167.883	-14.6032	
-7.20527	0.0931517	0.0623232	-8.11002	-162.11	7.80044	
-0.282356	0.698828	0.305	-87.9441	71.7948	34.4734	
-6.15909	0.184681	0.0989961	-30.979	-189.011	-4.07919	
-3.10351	0.452009	0.206107	-31.784	-146.931	4.91806	
-0.157365	0.709764	0.309382	-28.6949	3.1522	16.0314	
-5.50694	0.241736	0.121857	-42.6954	-218.938	-13.2234	
-4.43961	0.335115	0.159271	3.98723	-207.816	-8.47685	
-6.34996	0.167982	0.0923054	-24.6734	-177.525	6.86366	
-6.20593	0.180583	0.0973542	46.4843	-195.055	-8.74178	
-6.12198	0.187928	0.100297	-49.4428	-218.517	9.81458	
-4.17151	0.358572	0.168669	-31.8044	-201.519	11.9505	
-4.63208	0.318277	0.152524	-45.1929	-230.991	3.57827	
-4.98633	0.287284	0.140106	12.7555	-198.786	1.18673	
-1.9384	0.553943	0.246949	2.07419	-131.694	10.5448	
-3.49715	0.41757	0.192308	19.0514	-168.402	-9.27073	
-2.78974	0.479461	0.217106	-42.3063	-188.83	12.4871	
-6.15952	0.184643	0.0989812	13.8088	-217.234	4.34436	
-2.20826	0.530333	0.237489	-51.9795	-171.783	-0.326022	
-3.06477	0.455398	0.207465	17.0201	-179.247	4.75054	
-4.1736	0.358388	0.168596	-77.944	-135.602	10.1752	
-4.78043	0.305298	0.147324	-32.4658	-197.563	-1.67563	
-4.42198	0.336658	0.159889	-28.1244	-187.956	3.81189	
-4.68638	0.313526	0.150621	-22.1336	-201.023	2.38713	
-7.53427	0.0643678	0.0507903	-80.9573	-211.987	-13.6364	
-4.27133	0.349838	0.16517	11.1723	-158.656	0.713606	
-3.95555	0.377465	0.176239	30.7745	-168.845	11.0308	
-4.43744	0.335305	0.159347	-38.188	-161.728	2.25289	
-2.10077	0.539738	0.241257	-35.9215	-177.556	2.65708	
-3.91846	0.38071	0.177539	-21.1416	-223.743	-14.8791	
-5.75768	0.219799	0.113067	58.7521	-198.199	-8.41582	
-5.3241	0.257733	0.128266	-75.2439	-208.317	-1.22785	
-4.46487	0.332906	0.158386	-13.6213	-217.438	3.09197	
-6.15461	0.185073	0.0991533	-5.16919	-164.48	-1.33977	
-5.21476	0.267299	0.132099	-22.1009	-198.975	2.21831	
-2.18915	0.532005	0.238159	-97.6899	-162.555	3.27223	
-4.83777	0.300281	0.145314	3.96495	-162.686	-5.86439	
-0.0986714	0.714899	0.311439	-49.4091	-67.8468	-34.5563	
-6.42277	0.161612	0.0897531	-57.4869	-165.207	-2.72143	
-5.66771	0.227671	0.116221	52.43	-187.302	-12.1995	
-4.60605	0.320554	0.153437	-45.7874	-170.224	-12.0031	
-6.58932	0.14704	0.0839147	38.7165	-212.376	1.5051	
-2.01613	0.547143	0.244224	1.6643	-194.323	-8.1152	
-4.3006	0.347277	0.164144	28.1482	-180.767	-4.63452	
-3.13307	0.449423	0.205071	-6.21501	-127.227	-8.8225	
-5.90489	0.20692	0.107907	-55.1354	-159.047	-5.72381	
-2.81165	0.477543	0.216338	-107.382	-180.963	4.9034	
-3.17512	0.445744	0.203597	-15.9763	-163.269	7.12362	
-6.01154	0.19759	0.104169	-24.47	-234.14	15.161	
-5.54779	0.238163	0.120425	8.34775	-214.605	4.37691	
-5.40926	0.250283	0.125281	36.6249	-198.49	-5.36209	
-0.185701	0.707284	0.308388	-21.5138	-92.5991	-46.9323	
-2.39119	0.514329	0.231077	-56.4331	-183.674	5.82499	
-3.91563	0.380958	0.177639	-43.4967	-201.931	15.4194	
-5.87242	0.209761	0.109045	10.5404	-188.908	12.1273	
-4.16195	0.359408	0.169004	0.428771	-214.274	-1.52231	
0.0677141	0.729455	0.317272	-4.86855	-18.6521	4.18125	
-7.07403	0.104634	0.0669236	-2.20672	-168.42	-10.6756	
-7.6793	0.0516797	0.0457066	-20.1796	-190.755	1.79674	
-5.81016	0.215208	0.111228	-2.28449	-147.212	-3.87186	
-7.06869	0.105101	0.067111	40.2316	-239.804	6.71354	
-3.42609	0.423787	0.194799	-30.6387	-208.472	0.176566	
-5.49749	0.242563	0.122188	-33.5792	-173.04	0.70653	
-6.92673	0.117521	0.0720872	-9.97404	-225.547	14.2422	
-5.57698	0.235609	0.119402	-52.3102	-183.259	0.0101494	
-3.48015	0.419058	0.192904	-37.1934	-130.317	12.2824	
-6.09546	0.190248	0.101227	-32.6365	-191.705	-10.1485	
-3.51762	0.415779	0.191591	4.57454	-202.232	7.8358	
-1.62583	0.58129	0.257906	-5.21792	-146.869	4.73411	
-5.36888	0.253815	0.126696	37.154	-160.574	-11.2526	
-5.19749	0.26881	0.132704	-20.8311	-198.671	-1.6471	
-4.61645	0.319645	0.153072	-36.3002	-209.757	13.1409	
-2.9585	0.464696	0.21119	-18.6432	-162.527	-0.198993	
-7.66959	0.0525294	0.046047	34.9625	-235.84	-10.0033	
-0.376406	0.6906	0.301703	-4.06071	-65.7368	-15.896	
-3.65101	0.404109	0.186915	11.9224	-172.245	1.26555	
-5.4776	0.244303	0.122885	-55.9275	-160.852	-4.60971	
-5.47962	0.244127	0.122815	-4.79512	-223.239	4.22073	
-4.76681	0.306489	0.147801	-15.8994	-214.296	3.35102	
-4.43911	0.335159	0.159289	-28.7088	-171.794	6.70822	
-3.55135	0.412829	0.190408	9.15436	-160.26	0.928806	
-4.66011	0.315824	0.151542	-23.3941	-154.593	-6.8818	
-2.87231	0.472237	0.214211	-21.0892	-175.317	-16.9399	
-4.20112	0.35598	0.167631	-67.5413	-170.538	-9.14818	
-7.44107	0.0725216	0.0540573	-25.8733	-202.013	9.99856	
-6.75959	0.132143	0.077946	-5.92238	-196.936	9.35583	
-5.42746	0.24869	0.124643	10.6934	-190.621	-6.99247	
-4.94468	0.290928	0.141566	-27.463	-207.392	-4.97054	
-0.396091	0.688878	0.301013	-7.05251	-15.0633	12.1239	
-3.46166	0.420675	0.193552	34.271	-159.641	8.66703	
-6.1737	0.183402	0.098484	59.8535	-206.576	-10.0706	
-5.1246	0.275187	0.135259	-18.1927	-206.923	9.36327	
-4.27031	0.349928	0.165206	-28.81	-195.333	4.04584	
-4.89306	0.295444	0.143376	-15.8317	-184.083	4.75421	
-2.79547	0.47896	0.216905	-24.016	-226.811	3.5385	
-3.68639	0.401014	0.185675	-5.90019	-205.502	-0.781904	
-0.0230975	0.72151	0.314088	-35.8751	95.5183	57.0408	
-4.1728	0.358459	0.168624	-44.6327	-166.362	-1.94038	
-3.82901	0.388536	0.180675	-34.8886	-169.584	23.9458	
-6.22217	0.179162	0.096785	-28.1284	-172	13.17	
-5.65792	0.228527	0.116564	-27.3987	-188.898	-10.2769	
-5.69238	0.225512	0.115356	3.7849	-165.139	-0.303971	
-5.57824	0.235498	0.119357	5.15928	-182.733	-8.33783	
-6.59363	0.146663	0.0837636	31.5229	-215.434	-15.9925	
-3.4534	0.421398	0.193842	39.9529	-159.092	9.14721	
-4.80506	0.303143	0.146461	-13.6995	-163.338	10.4033	
-4.36121	0.341975	0.162019	10.4538	-204.67	-2.67268	
0.0817067	0.73068	0.317762	-38.0645	24.5192	7.32597	
-4.53183	0.327048	0.156038	-14.5687	-188.368	-0.478382	
-5.50923	0.241536	0.121776	-14.6593	-207.007	9.92016	
-5.08471	0.278677	0.136658	17.4603	-214.62	-4.88998	
-5.29509	0.26027	0.129283	-8.18394	-199.789	2.8714	
-5.7884	0.217112	0.11199	-3.05377	-174.602	5.42556	
-6.90808	0.119152	0.0727408	-31.0815	-204.377	8.66454	
-6.13948	0.186396	0.0996834	-14.0006	-197.162	15.7591	
-2.16675	0.533965	0.238944	-39.9721	-247.083	16.1244	
-4.00995	0.372706	0.174333	-23.3506	-149.124	5.2841	
-3.80472	0.390662	0.181527	-36.4777	-175.763	8.74734	
-5.32708	0.257472	0.128161	-28.2346	-168.282	7.52277	
-0.299347	0.697342	0.304405	-25.9102	-54.4805	-18.2243	
-4.20604	0.35555	0.167459	-44.3511	-179.653	-9.06083	
-4.85092	0.299131	0.144853	-25.6571	-173.13	7.77522	
-1.61532	0.582209	0.258274	-72.3736	-192.256	8.09934	
-5.3787	0.252956	0.126352	-76.7114	-206.632	-0.702015	
-6.44684	0.159506	0.0889094	7.70356	-215.27	3.64826	
-4.11357	0.363641	0.1707	-41.2791	-217.218	-8.16167	
-1.81243	0.564964	0.251365	-81.3694	-199.933	-10.4486	
-6.83629	0.125433	0.0752574	63.3565	-189.321	20.3933	
-5.17186	0.271052	0.133603	40.0219	-202.812	19.9243	
-3.76506	0.394131	0.182917	-7.82353	-180.3	8.61334	
-2.55905	0.499643	0.225192	-14.8071	-172.351	2.92084	
-4.34897	0.343045	0.162448	-69.9009	-166.235	5.85455	
-2.4681	0.507601	0.228381	-12.1951	-206.562	1.98716	
-4.71646	0.310894	0.149566	-58.3514	-200.02	2.29344	
-5.81152	0.215089	0.11118	-2.44604	-173.292	3.43754	
-4.97112	0.288614	0.140639	-49.7094	-190.77	-8.4302	
-3.76037	0.394542	0.183081	-2.20116	-166.3	-9.96188	
-5.7135	0.223665	0.114616	-63.8247	-236.302	7.91582	
-7.07816	0.104273	0.0667791	-38.4707	-136.34	-18.433	
-4.79628	0.303911	0.146768	-69.677	-180.686	14.078	
-6.23671	0.17789	0.0962752	31.7787	-190.522	3.86903	
-6.07533	0.192009	0.101932	-3.6122	-198.878	-11.927	
-4.51622	0.328413	0.156586	-23.3402	-241.556	5.0544	
-5.31251	0.258747	0.128672	-3.87606	-196.334	4.00109	
-3.99603	0.373924	0.17482	-50.7138	-185.332	6.57708	
-5.04602	0.282062	0.138014	-12.3262	-178.39	-2.45191	
-5.54217	0.238655	0.120622	-7.0477	-159.964	-0.699934	
-4.88643	0.296024	0.143608	-7.11347	-143.417	0.200841	
-4.74527	0.308374	0.148556	-84.2202	-163.948	-8.37536	
-0.241274	0.702422	0.30644	-84.8226	85.9234	39.6963	
-5.20981	0.267732	0.132272	-56.4647	-183.994	-6.55455	
-3.63737	0.405302	0.187393	-43.7003	-166.235	-1.47962	
-5.7681	0.218888	0.112702	-80.6377	-171.914	-10.0153	
-6.57795	0.148035	0.0843132	0.503343	-162.613	-2.35905	
-7.34042	0.0813276	0.0575856	-26.4983	-206.372	2.39498	
-2.01643	0.547117	0.244214	-113.492	-167.204	-2.6342	
-5.20191	0.268423	0.132549	-21.4242	-182.103	10.2927	
-3.72999	0.397199	0.184146	38.8077	-210.854	5.22617	
-6.1983	0.181251	0.0976219	0.913827	-225.175	-2.11711	
-3.87947	0.384122	0.178906	-47.3642	-188.372	1.28178	
-4.97742	0.288064	0.140419	16.8472	-178.568	-5.1001	
-4.31101	0.346366	0.163779	-25.8779	-196.467	-1.0902	
-4.67957	0.314122	0.150859	81.68	-172.174	1.99777	
-3.90453	0.381929	0.178028	-31.5339	-185.506	-0.569353	
-7.71627	0.0484455	0.0444107	8.79343	-239.035	7.23027	
-3.58738	0.409676	0.189145	-41.8462	-172.386	10.39	
-5.11011	0.276455	0.135767	-11.6907	-201.634	-18.1315	
-3.39188	0.426781	0.195999	-41.8328	-174.576	-5.1947	
-4.24933	0.351763	0.165941	-20.1659	-184.982	-9.63705	
-3.53046	0.414656	0.191141	-30.0093	-183.829	4.2385	
-5.1019	0.277173	0.136055	28.88	-180.963	-11.9449	
-5.41659	0.249641	0.125024	14.7789	-177.832	-17.0337	
-5.37499	0.253281	0.126482	-43.4503	-147.143	-8.73156	
-4.26867	0.350071	0.165263	2.64088	-190.412	-18.8624	
-6.93586	0.116722	0.071767	-19.8357	-187.077	7.96944	
-6.49077	0.155662	0.0873693	23.6402	-192.269	3.30921	
-3.80358	0.390761	0.181567	-24.0067	-157.989	-4.74048	
-7.53213	0.064555	0.0508653	14.6884	-201.595	-11.8741	
-6.6008	0.146036	0.0835125	-10.1557	-184.427	-2.34422	
-3.1854	0.444845	0.203236	-64.8324	-181.429	1.58662	
-4.462	0.333157	0.158486	24.1443	-217.133	-4.83663	
-5.82954	0.213513	0.110548	-60.3328	-168.096	-2.75996	
-5.83692	0.212867	0.11029	-31.2999	-181.862	-18.5719	
-4.26499	0.350393	0.165392	37.391	-169.468	10.7896	
-3.2313	0.440829	0.201628	-66.7732	-186.867	-3.77869	
-4.4602	0.333314	0.158549	-6.84161	-212.699	-2.6342	
-6.77629	0.130682	0.0773606	18.5649	-200.128	8.01486	
-4.18545	0.357352	0.168181	-15.1492	-211.83	-9.3389	
-3.16444	0.446679	0.203971	-4.59864	-221.094	0.33963	
-4.03283	0.370704	0.17353	15.126	-198.5	13.555	
-6.7919	0.129317	0.0768135	-43.0211	-194.35	12.8628	
-7.39308	0.0767207	0.0557398	-10.7726	-199.427	9.62753	
-6.57945	0.147904	0.0842607	-48.2876	-212.721	1.5537	
-5.45313	0.246444	0.123743	-29.9489	-203.427	13.9693	
-4.54258	0.326107	0.155662	-12.2641	-231.784	11.8899	
-4.4517	0.334058	0.158847	-41.0561	-230.363	0.48508	
-4.20981	0.355221	0.167327	-7.62733	-178.351	18.4414	
-4.77522	0.305753	0.147506	-14.9384	-209.335	-6.10277	
-5.31851	0.258222	0.128462	-54.6511	-188.695	-0.908678	
-7.22816	0.0911489	0.0615207	-25.3477	-205.426	-3.23964	
-1.42435	0.598916	0.264968	-52.9929	-188.963	-8.63988	
-6.17164	0.183583	0.0985564	13.5554	-226.107	-10.1823	
-4.07391	0.367111	0.172091	-47.8605	-195.951	6.69049	
-2.50306	0.504542	0.227155	-28.9634	-166.745	-4.4223	
-3.86282	0.385578	0.17949	-35.3116	-159.887	-9.49122	
-4.00104	0.373485	0.174645	-37.6499	-207.138	2.21615	
-5.36058	0.254541	0.126987	-28.0505	-240.167	4.51167	
-4.61108	0.320114	0.15326	19.2202	-195.121	-5.40098	
-5.14459	0.273438	0.134559	37.502	-209.251	6.74667	
-4.59998	0.321085	0.153649	16.7184	-210.346	1.66104	
-5.62938	0.231024	0.117565	-44.0324	-184.955	15.2609	
-1.46736	0.595154	0.263461	-19.3346	-204.888	6.57246	
-5.43569	0.24797	0.124354	32.9435	-193.165	-9.15651	
-4.9649	0.289159	0.140858	8.00748	-216.976	2.50255	
-5.81738	0.214577	0.110975	-5.6428	-172.356	0.0857807	
-6.79284	0.129235	0.0767807	-52.9307	-222.036	-15.362	
-7.10639	0.101802	0.0657892	35.727	-153.961	3.27158	
-5.77368	0.2184	0.112506	19.2206	-177.103	6.28216	
-7.14712	0.0982393	0.0643616	-16.9684	-184.527	-6.6657	
-2.93459	0.466788	0.212028	-56.5746	-155.84	10.0292	
-6.03791	0.195283	0.103244	27.8297	-168.671	-1.24751	
0.0660233	0.729308	0.317212	-35.4973	121.056	41.0557	
-5.89763	0.207556	0.108162	3.89793	-184.23	8.04005	
-7.16788	0.0964229	0.0636338	23.7654	-169.827	0.830322	
0.171739	0.738556	0.320918	-17.7659	57.0824	36.0077	
-6.13573	0.186724	0.099815	43.4132	-238.001	0.774398	
-4.57486	0.323283	0.15453	-56.3525	-210.149	-6.86488	
-3.97992	0.375333	0.175385	-31.5482	-188.679	14.5064	
-4.71773	0.310784	0.149522	-12.4119	-191.383	8.5385	
-5.42815	0.248629	0.124619	-39.2597	-205.017	4.1656	
-5.77764	0.218053	0.112367	-36.4625	-195.168	-2.77196	
-5.74934	0.220529	0.11336	-1.20635	-239.302	7.00308	
-3.72496	0.397639	0.184322	-35.8375	-173.272	9.53254	
-5.61009	0.232712	0.118241	19.2453	-151.967	3.60975	
-3.4628	0.420575	0.193512	-103.103	-160.501	-4.78422	
-4.74836	0.308103	0.148448	-13.0331	-217.306	2.09113	
-6.74342	0.133559	0.0785131	-29.9585	-221.891	21.4473	
-7.18957	0.0945253	0.0628735	-10.5146	-205.096	0.142443	
-4.16423	0.359208	0.168924	-3.85496	-235.992	-4.68183	
-4.72529	0.310122	0.149257	43.5792	-215.762	-12.7827	
-5.38539	0.252371	0.126118	-82.8641	-179.815	10.5927	
-5.09467	0.277805	0.136308	57.2881	-207.867	4.01565	
-7.21457	0.0923382	0.0619972	-39.8741	-192.792	2.3067	
-4.82026	0.301813	0.145928	-14.6261	-224.771	-10.9457	
-6.99964	0.111142	0.0695314	22.7882	-177.527	13.569	
-5.99936	0.198656	0.104596	-3.21027	-185.229	4.82316	
-2.71375	0.486109	0.21977	-75.4789	-208.222	9.14905	
-4.21529	0.354741	0.167134	-8.81173	-150.043	1.58531	
-4.57312	0.323435	0.154591	-23.02	-214.992	-3.66681	
-5.27761	0.261801	0.129896	-60.5205	-184.598	-4.26658	
-5.3448	0.255922	0.127541	-14.9131	-200.357	13.6222	
-2.69848	0.487445	0.220305	-90.3273	-159.731	7.10735	
-4.77825	0.305489	0.147401	13.2949	-192.787	7.66093	
-5.48586	0.243581	0.122596	-42.9577	-204.043	2.30821	
-3.20247	0.443351	0.202638	-49.0791	-177.012	7.1651	
-4.67762	0.314293	0.150928	-1.74219	-160.132	13.3946	
-3.89774	0.382523	0.178266	1.64142	-193.423	5.17051	
-5.67216	0.227282	0.116065	14.6322	-178.08	-9.08882	
-5.68584	0.226085	0.115585	3.93553	-226.622	4.85978	
-4.09012	0.365692	0.171522	21.6324	-195.775	9.73463	
-4.66634	0.31528	0.151323	-33.5586	-225.052	-4.67652	
-5.78665	0.217265	0.112052	-11.7906	-191.331	7.44819	
-6.05175	0.194071	0.102759	14.4409	-191.44	8.45803	
-6.80827	0.127885	0.0762396	60.6933	-198.665	4.93094	
-3.73306	0.396931	0.184039	-18.161	-194.303	-9.13611	
-3.26332	0.438027	0.200505	-56.7267	-215.829	16.8336	
-6.23862	0.177723	0.0962085	-47.8233	-193.142	-2.34581	
-4.959	0.289675	0.141064	21.4208	-226.594	4.706	
-4.79455	0.304062	0.146829	-67.9505	-198.443	-1.42218	
-6.8833	0.121321	0.0736096	-19.9227	-203.13	-9.52601	
-6.33689	0.169125	0.0927636	17.5075	-224.558	1.73087	
-3.43677	0.422853	0.194425	-0.540516	-166.807	-15.1634	
-7.37299	0.0784786	0.0564441	-7.31981	-205.295	-6.81828	
-5.23667	0.265382	0.131331	-27.4573	-188.013	-12.0696	
-4.28265	0.348848	0.164773	-77.7102	-207.721	10.4619	
-6.04638	0.194541	0.102947	30.8006	-184.077	5.66706	
-4.7179	0.310768	0.149516	-19.1934	-151.815	1.52229	
-7.43523	0.0730326	0.054262	18.8682	-210.401	0.248606	
-4.35716	0.342329	0.162161	-54.0175	-160.002	-2.31746	
-4.19024	0.356933	0.168013	20.1047	-191.824	-1.45706	
-4.95915	0.289662	0.141059	-13.3944	-169.494	2.76244	
-4.56094	0.324501	0.155018	-16.4532	-155.455	2.46556	
-3.03718	0.457812	0.208432	-55.6059	-169.005	-2.516	
-5.6154	0.232247	0.118055	-68.2673	-209.257	-0.513285	
-4.71821	0.310741	0.149505	-23.0644	-165.669	-3.5998	
-1.61196	0.582503	0.258392	-53.3801	-191.911	-3.52423	
-5.47006	0.244963	0.12315	-15.6343	-208.255	7.06734	
-6.42582	0.161345	0.0896462	0.438917	-208.169	4.22263	
-2.71144	0.486311	0.219851	-27.9684	-171.099	4.32912	
-3.87649	0.384383	0.179011	-32.5274	-161.94	-3.97817	
-6.08044	0.191562	0.101753	27.327	-153.177	1.42756	
-5.11491	0.276035	0.135599	-22.6873	-199.791	1.16927	
-3.1905	0.444398	0.203058	-9.91608	-191.266	-6.51548	
-5.47982	0.244109	0.122807	-38.8893	-188.684	-14.8553	
-6.82741	0.12621	0.0755689	-8.55101	-229.088	-7.0963	
-3.99074	0.374387	0.175006	23.732	-148.225	6.80312	
-6.5587	0.149719	0.0849881	28.0666	-223.596	-7.82552	
-3.12044	0.450528	0.205514	-31.4857	-205.493	-2.49079	
-4.61144	0.320083	0.153248	-11.7536	-193.562	2.43591	
-4.27841	0.349219	0.164922	-41.3263	-207.175	0.776033	
-5.12313	0.275316	0.135311	-100.709	-156.252	1.14534	
0.269773	0.747133	0.324355	-39.5482	-19.7898	-15.662	
-5.88096	0.209014	0.108746	-6.04183	-175.907	10.6551	
-5.3778	0.253034	0.126384	13.1742	-204.677	2.02766	
-3.42361	0.424004	0.194886	22.7492	-151.154	4.33925	
-4.9426	0.291109	0.141639	-76.2672	-177.456	-9.27995	
-5.65211	0.229036	0.116768	0.799872	-193.418	1.26936	
-6.87651	0.121915	0.0738476	1.55544	-210.032	-4.67604	
-4.39394	0.339111	0.160872	-16.8453	-199.197	-14.7379	
-4.9542	0.290095	0.141233	4.46195	-148.108	-3.52432	
-5.44581	0.247085	0.124	-17.6741	-210.035	-5.69221	
-4.28852	0.348334	0.164567	-63.3389	-177.39	5.69267	
-6.5761	0.148197	0.0843782	-11.1585	-170.615	-8.78664	
-6.55648	0.149914	0.085066	-74.0591	-241.218	-0.420348	
-6.9237	0.117786	0.0721934	7.53364	-192.872	1.64514	
-2.57629	0.498135	0.224588	-21.0956	-205.706	1.16747	
-4.18062	0.357775	0.16835	23.9714	-199.271	-7.37355	
-6.36266	0.166871	0.0918603	11.731	-161.145	6.62529	
-2.78147	0.480184	0.217396	32.7884	-192.403	-15.9259	
-2.46725	0.507675	0.22841	-74.1401	-177.57	6.63712	
-5.25206	0.264036	0.130791	29.6687	-184.329	-2.57614	
-4.98769	0.287165	0.140059	14.0232	-153.701	0.952033	
-4.29127	0.348093	0.164471	20.2366	-177.898	2.40139	
-5.31555	0.258481	0.128566	19.1202	-156.11	8.01419	
-4.4413	0.334968	0.159212	-42.9199	-165.629	-12.1749	
-4.48137	0.331463	0.157807	-1.22073	-191.233	-5.96032	
-3.67499	0.402012	0.186074	-22.0787	-169.811	-5.48226	
-5.21223	0.26752	0.132188	27.9106	-170.424	5.65455	
-6.56134	0.149488	0.0848956	-39.932	-180.786	-11.083	
-3.83319	0.388171	0.180529	12.2726	-181.415	-1.75648	
-6.94388	0.116021	0.071486	28.4496	-201.696	-7.40841	
-4.03734	0.37031	0.173372	-63.1667	-166.374	4.24374	
-5.84168	0.21245	0.110123	-26.8515	-167.191	-4.74471	
-3.22777	0.441138	0.201751	-10.5256	-203.193	9.38826	
-4.58539	0.322361	0.154161	25.3494	-218.41	-3.68384	
-4.80638	0.303027	0.146414	-50.2638	-182.031	5.53313	
-5.79575	0.216469	0.111733	-15.469	-203.26	2.82807	
-1.74266	0.571068	0.253811	-0.521114	-152.723	-7.65198	
-4.82415	0.301473	0.145791	-2.26186	-176.705	-5.28088	
-0.188016	0.707082	0.308307	-70.5245	37.34	22.8464	
-4.96277	0.289345	0.140932	-42.3631	-159.865	-8.50052	
0.154943	0.737087	0.320329	-7.7775	8.81004	-5.04209	
-6.84338	0.124813	0.0750088	40.8579	-189.032	-1.4881	
-5.69466	0.225313	0.115276	-36.3231	-211.071	5.30383	
-6.982	0.112686	0.0701498	-19.4411	-181.314	2.47985	
-5.95439	0.202589	0.106172	-11.4732	-203.059	-7.57154	
-3.2997	0.434845	0.19923	-55.2997	-196.233	7.67008	
-3.7383	0.396472	0.183855	-57.7401	-181.145	1.72729	
-3.13927	0.448881	0.204853	-93.0923	-135.764	9.58286	
-5.13169	0.274566	0.135011	-46.1998	-155.622	0.866423	
-5.93509	0.204278	0.106848	-13.9434	-189.642	-7.37708	
-5.73125	0.222112	0.113994	-1.87973	-182.912	3.82663	
-4.27037	0.349922	0.165204	-13.8039	-154.25	-12.6974	
-6.63089	0.143403	0.0824575	15.9578	-201.174	16.8385	
-5.95222	0.202779	0.106248	33.593	-177.408	-3.78991	
-5.18239	0.270131	0.133234	-28.7938	-210.443	-5.53625	
-6.09868	0.189966	0.101114	5.60081	-192.649	-6.81504	
-6.76192	0.13194	0.0778644	-33.5054	-199.729	-4.62277	
-6.80631	0.128056	0.0763083	-16.2675	-220.489	-1.43984	
-5.61159	0.232581	0.118188	-37.788	-192.033	-4.02686	
-5.17947	0.270387	0.133336	-31.3562	-176.116	-1.1053	
-5.39805	0.251263	0.125674	8.08539	-180.976	1.56432	
-5.19562	0.268973	0.13277	-12.0219	-219.703	11.9075	
-6.39439	0.164095	0.0907479	-3.98926	-232.294	-13.8007	
-4.39667	0.338873	0.160776	-52.1004	-188.35	-10.2221	
-5.903	0.207085	0.107973	3.81759	-201.994	-11.668	
-3.63856	0.405199	0.187351	-99.0096	-188.335	1.82937	
-4.11967	0.363107	0.170486	34.8154	-190.741	-8.72229	
-5.96677	0.201507	0.105738	-42.5124	-216.151	15.5847	
-4.7267	0.309998	0.149207	-3.58531	-210.685	-4.80314	
-2.38204	0.51513	0.231398	-107.515	-195.568	8.09079	
-4.56309	0.324312	0.154942	11.3919	-193.966	3.64665	
-4.16832	0.358851	0.168781	-12.911	-160.525	-0.67725	
-6.75269	0.132747	0.078188	-57.7059	-213.126	-3.81438	
-6.39691	0.163875	0.0906598	17.6046	-204.058	-1.77432	
-6.07425	0.192104	0.10197	-40.1051	-231.73	0.388676	
-6.13846	0.186486	0.0997194	27.384	-206.322	12.3015	
-5.22625	0.266294	0.131696	16.5675	-175.428	-10.5063	
-5.5323	0.239517	0.120968	27.4114	-214.758	-9.61369	
-2.73885	0.483913	0.21889	-79.6233	-197.691	10.2897	
-3.00615	0.460528	0.20952	-78.8727	-203.897	3.42439	
-6.84723	0.124476	0.0748739	34.6879	-200.291	-1.65788	
-0.208179	0.705318	0.3076	-41.8099	-11.5682	-11.998	
-5.65788	0.228531	0.116566	-7.97506	-184.944	-6.24455	
-5.4843	0.243717	0.12265	-7.7539	-225.862	10.2064	
-3.53101	0.414608	0.191121	-26.5537	-232.146	-3.06402	
-5.92888	0.204821	0.107066	-7.36973	-202.757	-0.686902	
-3.67604	0.40192	0.186038	-41.3268	-153.369	-8.97107	
-6.36908	0.166309	0.0916351	-4.11041	-201.226	-3.20281	
-4.97468	0.288303	0.140515	-55.3751	-158.674	-3.87381	
-3.61193	0.407529	0.188285	-14.0613	-157.344	-5.28775	
-5.94445	0.203459	0.10652	10.3625	-196.07	23.3473	
-3.40973	0.425219	0.195373	-6.51176	-202.499	4.04932	
-6.66249	0.140639	0.0813498	12.7867	-184.366	11.6454	
-5.22074	0.266775	0.131889	-47.9539	-203.962	12.8829	
-5.66687	0.227745	0.116251	-30.8069	-239.181	4.83526	
-4.74516	0.308384	0.14856	-17.3781	-187.382	4.41956	
-3.12139	0.450445	0.20548	-20.9386	-181.486	-2.04655	
-5.07246	0.279748	0.137087	-13.8242	-213.165	-4.74108	
-6.28653	0.173531	0.0945288	-21.9497	-167.618	0.0696571	
-5.62821	0.231126	0.117606	-4.32379	-164.154	-0.0652388	
-7.05592	0.106218	0.0675586	35.2021	-190.372	2.38833	
-4.52671	0.327495	0.156218	7.1926	-197.552	-13.3982	
-3.37049	0.428652	0.196748	-29.2333	-178.103	-14.947	
-3.24104	0.439977	0.201286	-27.847	-216.006	-1.01141	
-4.68371	0.31376	0.150715	2.7728	-216.792	12.0041	
-4.11439	0.363569	0.170672	-2.06226	-172.6	-21.1879	
-5.15666	0.272382	0.134135	-1.79194	-201.894	0.463834	
-4.08744	0.365926	0.171616	19.5274	-181.872	3.88258	
-4.14622	0.360784	0.169556	-10.6891	-188.097	5.68054	
-4.68503	0.313644	0.150668	-27.7218	-199.184	14.2619	
-4.45306	0.333939	0.1588	-31.3991	-166.076	-4.31164	
-2.95759	0.464776	0.211222	-32.0506	-228.314	-3.83442	
-3.04287	0.457315	0.208233	-5.80679	-188.037	3.17024	
-0.167391	0.708886	0.30903	-71.9692	-14.717	2.38135	
-5.44594	0.247073	0.123995	-10.6439	-194.813	3.36584	
-4.12208	0.362896	0.170402	3.1586	-159.584	6.4394	
-0.125831	0.712522	0.310487	-15.9198	-24.1996	-22.1766	
-4.88313	0.296313	0.143724	-29.8328	-167.049	10.597	
-2.59137	0.496816	0.22406	-26.0257	-147.631	9.50567	
-5.73425	0.221849	0.113889	0.0378004	-138.138	10.608	
-6.33683	0.16913	0.0927656	26.7936	-220.362	-14.7467	
-3.58505	0.40988	0.189227	-13.6788	-229.781	-8.29353	
-5.33167	0.257071	0.128001	-49.8844	-208.965	-6.51048	
-5.51906	0.240676	0.121432	-31.102	-225.02	-1.08213	
-3.73555	0.396713	0.183951	-58.0147	-196.248	-3.78349	
-3.21096	0.442609	0.202341	6.60088	-191.004	5.77231	
-3.34857	0.430569	0.197516	10.0431	-176.728	6.789	
-3.22548	0.441338	0.201831	-20.496	-196.542	2.10409	
-5.72966	0.222251	0.114049	22.1398	-196.264	11.7946	
-6.01685	0.197125	0.103982	-32.9733	-196.021	-8.47186	
-4.23994	0.352584	0.16627	-28.4528	-152.451	-0.307213	
-6.45403	0.158877	0.0886572	7.60446	-181.596	6.90431	
-5.11413	0.276103	0.135626	-4.90707	-188.609	7.72757	
-5.16949	0.27126	0.133686	-43.1953	-203.326	5.99605	
-3.50065	0.417264	0.192186	-75.5775	-184.461	3.62503	
-5.30911	0.259044	0.128792	1.5638	-194.65	2.22449	
-4.70789	0.311644	0.149867	15.195	-210.724	2.69908	
-5.14362	0.273523	0.134593	-32.4768	-189.681	5.695	
-4.90067	0.294779	0.143109	21.1776	-146.442	-1.0209	
-4.27842	0.349218	0.164922	-45.6855	-144.214	-1.20874	
-3.86652	0.385255	0.17936	-52.5501	-147.948	8.72995	
-6.54466	0.150948	0.0854805	4.70323	-206.396	13.5646	
-4.868	0.297636	0.144254	46.6937	-213.216	-0.0267229	
-6.584	0.147506	0.0841013	-5.07908	-191.743	1.59456	
-4.58769	0.32216	0.15408	-55.2842	-174.502	8.52031	
-3.47377	0.419616	0.193128	-61.8203	-172.233	6.03387	
-6.46097	0.15827	0.0884141	14.8713	-194.868	2.82406	
-0.276529	0.699338	0.305204	-67.8968	26.4818	26.9415	
-3.84346	0.387272	0.180169	-16.0729	-176.024	7.22821	
-3.32453	0.432673	0.198359	-35.302	-153.525	7.16958	
-5.69279	0.225477	0.115342	48.7628	-175.526	-5.27309	
-5.56096	0.23701	0.119963	-33.2571	-205.335	1.1545	
-6.36931	0.166289	0.0916271	-63.348	-188.052	9.46731	
-6.577	0.148118	0.0843467	40.6726	-214.351	-8.79463	
-0.369354	0.691217	0.301951	4.3553	-94.3496	-37.9948	
-6.03343	0.195674	0.103401	3.61603	-195.895	-3.40688	
-5.49673	0.24263	0.122215	-13.7416	-174.827	4.93859	
-6.81414	0.127371	0.0760339	7.71588	-203.462	5.6094	
-5.32758	0.257428	0.128144	-9.07993	-198.424	6.90699	
-4.89926	0.294902	0.143158	-17.0073	-176.522	-2.84956	
-5.01688	0.284612	0.139036	-8.7277	-176.255	-7.45087	
-6.96206	0.11443	0.0708486	11.6815	-184.469	2.0635	
-2.62747	0.493657	0.222794	-75.5802	-204.04	7.54023	
-6.02277	0.196607	0.103775	21.4522	-200.574	-4.43301	
-5.08076	0.279022	0.136796	-6.85845	-156.585	-4.36513	
-6.73222	0.134538	0.0789055	18.9542	-176.864	-7.85127	
-5.96309	0.201829	0.105867	-15.2935	-187.712	-2.59289	
-3.47829	0.419221	0.192969	-21.0411	-221.082	5.14682	
-5.63672	0.230382	0.117307	-15.2881	-203.445	-1.48606	
-7.23741	0.0903401	0.0611967	-13.6755	-202.66	7.5139	
-5.82935	0.213529	0.110555	8.1161	-138.754	3.89329	
-3.95256	0.377727	0.176344	12.5601	-177.916	2.66483	
-4.02698	0.371216	0.173736	-75.6186	-145.88	10.8215	
-2.28002	0.524055	0.234974	11.9936	-198.534	0.0129081	
-4.47895	0.331674	0.157892	-18.2097	-136.552	-0.16644	
-3.98895	0.374543	0.175069	-79.9297	-155.968	11.3582	
-7.09508	0.102792	0.0661857	25.2	-183.82	0.400779	
-3.84852	0.386829	0.179991	20.5537	-194.103	-0.907648	
-4.62102	0.319244	0.152912	-19.8016	-181.294	-11.2012	
-2.75454	0.48254	0.21834	-46.5893	-163.495	-3.4763	
-6.12569	0.187602	0.100167	25.9862	-202.796	-10.2942	
-1.865	0.560365	0.249522	-112.103	-127.487	11.4388	
-4.0782	0.366735	0.17194	-30.2724	-192.266	5.25988	
-3.11678	0.450848	0.205642	-28.899	-196.645	-9.26333	
0.0292328	0.726089	0.315923	-52.0697	19.51	21.8023	
-2.52684	0.502461	0.226322	-52.5514	-199.432	-12.563	
-5.14152	0.273707	0.134666	-20.6522	-191.714	-7.30782	
-3.17406	0.445837	0.203634	-87.0537	-180.755	-8.55737	
-5.12945	0.274763	0.135089	-37.9582	-168.669	0.625018	
-3.90228	0.382126	0.178107	13.5819	-134.105	-2.43519	
-5.7655	0.219116	0.112793	24.8489	-197.8	13.1167	
-3.75414	0.395086	0.1833	-14.2762	-214.302	9.81437	
-2.89447	0.470298	0.213435	-72.4186	-203.312	5.03829	
-4.16614	0.359041	0.168857	-6.31595	-202.951	-4.56763	
-0.0261406	0.721244	0.313982	-46.7088	-60.8418	-35.9778	
-5.81899	0.214436	0.110918	32.297	-179.356	6.82099	
-4.09081	0.365632	0.171498	-80.1909	-193.304	-5.1742	
-4.51734	0.328316	0.156546	-21.9011	-169.096	4.756	
-4.2953	0.347741	0.16433	47.7774	-205.329	-12.7976	
-5.37701	0.253104	0.126411	14.5476	-199.333	-9.36229	
-5.06804	0.280135	0.137242	22.9207	-204.405	-6.65078	
-5.48859	0.243342	0.1225	-5.58959	-171.115	-4.95851	
-5.43386	0.24813	0.124419	-13.0238	-244.773	11.1606	
-6.36988	0.166239	0.0916072	-13.0888	-175.734	1.07891	
-4.26547	0.350351	0.165375	4.63816	-177.424	-0.782594	
-5.06024	0.280817	0.137515	25.4041	-198.685	-7.51944	
-5.95564	0.202481	0.106128	24.1059	-187.453	6.17031	
-3.77094	0.393617	0.182711	-54.1318	-171.616	4.27204	
-5.06716	0.280212	0.137273	26.1105	-193.248	-20.8054	
-4.42507	0.336388	0.159781	4.26133	-222.746	-11.4814	
-5.38337	0.252547	0.126188	-3.0769	-162.326	0.937424	
-5.11848	0.275722	0.135474	-5.07985	-194.217	5.56496	
-5.20718	0.267962	0.132364	-33.6746	-173.382	-1.59392	
-5.25002	0.264214	0.130863	7.91753	-191.492	-11.6495	
-4.76208	0.306903	0.147967	11.772	-210.672	-4.33524	
-4.65363	0.316392	0.151769	-42.3401	-192.194	-8.57268	
-3.55787	0.412258	0.19018	-8.73613	-166.077	-0.33969	
-3.78613	0.392288	0.182178	11.5108	-133.106	-16.1688	
-7.31822	0.0832696	0.0583637	-12.626	-210.419	-5.09122	
-2.14448	0.535914	0.239725	-88.3817	-161.755	5.79066	
-7.16326	0.0968276	0.063796	-26.8077	-198.13	-1.65753	
-5.87774	0.209295	0.108859	14.6966	-115.224	-1.91059	
-3.53231	0.414494	0.191076	30.3992	-180.683	6.82919	
-4.94216	0.291148	0.141655	-17.0619	-201.298	0.610054	
-4.88458	0.296186	0.143673	-25.508	-164.723	12.0898	
0.0729025	0.729909	0.317453	22.2953	54.021	10.7621	
-5.48866	0.243335	0.122497	3.74406	-226.198	10.4051	
-3.61658	0.407122	0.188122	-26.3594	-228.962	4.0668	
-2.02133	0.546687	0.244042	-34.1576	-205.902	-7.26131	
-6.46861	0.157601	0.0881462	-5.47074	-150.939	7.8596	
-4.40583	0.338071	0.160455	-48.8383	-198.16	-5.51153	
-0.128278	0.712308	0.310401	-83.723	111.688	52.719	
-4.58069	0.322773	0.154326	-12.6771	-167.383	-6.17827	
-5.3599	0.254601	0.127011	-32.1848	-180.705	2.13328	
-3.81776	0.38952	0.181069	23.3216	-165.73	-2.50682	
-7.39557	0.0765029	0.0556525	-61.0271	-205.725	11.8381	
-5.47941	0.244145	0.122822	5.74272	-212.186	-17.2539	
-4.64777	0.316904	0.151974	-11.8735	-211.676	7.971	
-5.06814	0.280126	0.137238	-7.33258	-182.614	8.90309	
-2.46871	0.507547	0.228359	-57.3996	-223.975	-11.1895	
-4.61188	0.320044	0.153232	11.155	-199.646	-12.2997	
-1.6225	0.581581	0.258023	-48.9389	-139.832	-0.610901	
-5.98818	0.199633	0.104987	22.4082	-189.724	-0.548987	
-3.1371	0.44907	0.204929	-22.6922	-197.29	-13.7682	
-7.4159	0.0747242	0.0549398	10.3342	-203.131	3.89721	
-3.04532	0.457101	0.208147	-99.7029	-164.278	14.5059	
-2.0404	0.54502	0.243374	-1.31063	-170.009	-6.87023	
-3.2824	0.436359	0.199836	-57.6202	-172.423	2.91328	
-3.8021	0.390891	0.181618	40.4466	-164.771	2.53147	
-2.79851	0.478693	0.216798	-60.8081	-126.294	8.41851	
-3.08943	0.453241	0.2066	-75.3185	-164.675	18.6603	
-4.11239	0.363744	0.170742	-21.2355	-171.15	1.89508	
-5.12419	0.275223	0.135274	25.5029	-194.393	1.5658	
-4.70828	0.31161	0.149853	31.8608	-184.339	-7.51029	
-5.2448	0.264671	0.131046	0.345882	-212.733	13.3553	
-5.28786	0.260904	0.129536	-38.7943	-166.65	-16.6909	
-5.14859	0.273088	0.134418	28.6066	-173.731	-7.2788	
-5.03617	0.282924	0.138359	56.0698	-164.299	-1.15226	
-6.2092	0.180297	0.0972398	9.91018	-207.574	6.62521	
-3.59489	0.409019	0.188882	1.51173	-191.458	-20.7952	
-6.96039	0.114576	0.0709073	1.31502	-232.755	-9.06801	
-6.44317	0.159827	0.0890381	0.288291	-217.185	9.55723	
-4.86611	0.297802	0.14432	12.2378	-175.758	0.173554	
-3.64008	0.405066	0.187298	8.43087	-228.316	11.6493	
-4.08155	0.366442	0.171823	-64.6987	-208.271	10.684	
-1.37071	0.60361	0.266849	-77.9596	-121.842	-5.67286	
-3.04098	0.45748	0.208299	-61.5234	-200.327	-3.10494	
-4.10009	0.36482	0.171173	-18.4297	-184.49	-0.485467	
-6.37062	0.166174	0.0915812	-22.0914	-215.72	3.27342	
-4.09548	0.365224	0.171334	-48.5525	-193.258	1.00645	
-0.206637	0.705453	0.307654	-15.6258	-8.4381	5.73089	
-5.62196	0.231674	0.117825	-22.6195	-219.993	-6.16814	
-4.11556	0.363466	0.17063	3.1266	-201.578	6.13423	
-2.99392	0.461597	0.209949	-39.6873	-162.409	1.01448	
-4.27423	0.349584	0.165068	-21.1455	-175.69	-0.950346	
-5.36671	0.254005	0.126773	-3.69135	-166.754	-5.1718	
-3.49654	0.417624	0.19233	-41.4268	-212.578	2.76501	
-5.53059	0.239667	0.121028	-4.42593	-151.883	1.19062	
-4.54532	0.325867	0.155565	52.8214	-169.138	3.17352	
-3.0386	0.457688	0.208382	34.9278	-174.963	-4.28334	
-5.34706	0.255724	0.127461	-87.9051	-176.492	-8.80306	
-4.1587	0.359692	0.169118	-22.4824	-175.043	13.6408	
-4.65015	0.316696	0.151891	-24.808	-160.518	-0.247035	
-2.76672	0.481475	0.217913	-16.468	-166.082	-1.41458	
-7.45967	0.0708944	0.0534053	-8.45462	-221.497	-1.67145	
-5.0288	0.283568	0.138618	6.75812	-183.616	-2.8763	
-2.61589	0.494671	0.2232	-30.8865	-170.697	-10.5091	
-5.25543	0.263741	0.130673	-32.7805	-190.799	-21.9558	
-6.71002	0.136481	0.0796838	-16.68	-215.434	-3.57745	
-4.41398	0.337358	0.16017	-43.8089	-221.684	2.01673	
-6.91758	0.118321	0.0724079	-9.8504	-168.648	-7.17014	
-5.00619	0.285546	0.13941	-18.8801	-174.611	5.4521	
-5.24854	0.264343	0.130915	61.5478	-213.039	-0.954764	
-4.33135	0.344587	0.163066	1.55084	-161.92	-5.02313	
-4.33364	0.344387	0.162986	-44.3847	-205.277	-0.768147	
-4.10934	0.364011	0.170849	7.9294	-165.602	-4.70929	
-5.93952	0.203891	0.106693	8.39406	-204.943	7.5246	
-5.50627	0.241795	0.12188	14.3026	-200.057	-5.96465	
-2.80868	0.477804	0.216442	-48.4792	-194.598	8.34612	
-5.03159	0.283324	0.13852	49.3308	-203.699	-11.2995	
-5.41763	0.24955	0.124987	4.19593	-170.751	0.256675	
-5.50763	0.241676	0.121833	-35.9079	-141.202	-2.90539	
-5.65157	0.229083	0.116787	-75.1643	-188.849	10.7274	
-4.20703	0.355464	0.167424	-18.5065	-157.013	1.37912	
-5.12427	0.275216	0.135271	-34.1584	-189.939	-6.4896	
-6.01803	0.197022	0.103941	-7.89492	-176.311	9.2437	
-3.23581	0.440435	0.201469	-25.3632	-183.018	0.485023	
-3.38327	0.427533	0.1963	-11.7688	-162.135	3.56132	
-4.46725	0.332697	0.158302	-20.6738	-140.03	1.55116	
-3.84847	0.386834	0.179993	-10.6817	-198.59	1.10506	
-5.91765	0.205804	0.10746	-38.5553	-228.203	8.93268	
-3.54167	0.413675	0.190748	7.40657	-210.903	10.3748	
-4.1809	0.35775	0.16834	-45.9562	-174.999	13.3198	
-0.217159	0.704532	0.307286	-90.3799	97.8321	42.139	
-1.72725	0.572417	0.254351	-14.2129	-175.876	1.36587	
-4.82479	0.301417	0.145769	6.10968	-218.323	1.30043	
-4.67161	0.314818	0.151139	-35.3504	-200.797	-3.04472	
-3.90564	0.381832	0.177989	-79.1398	-174.114	1.14011	
-5.95258	0.202748	0.106235	39.2899	-189.735	-3.75428	
-3.48602	0.418544	0.192698	-38.4852	-188.832	-14.1636	
-4.83151	0.300829	0.145533	-16.972	-171.269	3.30194	
-5.37878	0.252949	0.126349	-11.9745	-209.282	-6.86516	
-5.23565	0.265472	0.131367	-41.8133	-188.312	4.28394	
-4.35778	0.342275	0.16214	36.4144	-186.905	0.283554	
-5.16806	0.271385	0.133736	30.0312	-214.13	-4.59779	
-3.92317	0.380299	0.177375	-13.8053	-195.933	-12.6074	
-3.1069	0.451713	0.205988	-61.4284	-166.803	2.11466	
-5.22757	0.266178	0.13165	-39.8007	-180.309	-16.5507	
-6.20705	0.180485	0.0973149	-7.11572	-185.836	2.3738	
-8.00377	0.0232921	0.0343325	16.406	-187.137	-3.31158	
-5.85743	0.211073	0.109571	1.85032	-160.431	-4.18483	
-6.79165	0.129339	0.0768222	32.8525	-220.541	-17.0026	
-0.113453	0.713605	0.310921	-59.3752	3.24858	13.8155	
-5.37992	0.252849	0.126309	-24.2845	-193.263	-0.633188	
-7.73321	0.0469631	0.0438167	33.6012	-178.248	-9.45599	
-4.17554	0.358219	0.168528	-27.9438	-204.815	3.52564	
-4.78875	0.30457	0.147032	-38.4762	-172.905	-2.94053	
-5.02081	0.284267	0.138898	-22.5082	-162.255	-3.91416	
-4.22408	0.353972	0.166826	-67.8397	-196.821	7.16973	
-4.20888	0.355302	0.167359	13.6543	-195.741	4.98696	
-5.71109	0.223876	0.1147	7.29895	-192.334	4.92023	
-3.45635	0.42114	0.193738	-27.0551	-187.847	1.67797	
-3.80938	0.390254	0.181363	-50.2759	-161.915	-13.2535	
-6.66773	0.14018	0.0811661	-45.3352	-214.504	4.58934	
-6.89141	0.120611	0.0733255	-12.6233	-186.03	9.57235	
-5.25093	0.264134	0.130831	-60.8447	-180.561	-5.37102	
-6.59915	0.146181	0.0835703	46.7878	-205.319	2.30427	
-5.6249	0.231416	0.117722	-29.9892	-150.864	11.0436	
-3.02776	0.458637	0.208762	3.1846	-203.657	-0.814835	
-1.82268	0.564067	0.251005	-26.7022	-220.513	11.6424	
-3.98454	0.374929	0.175223	-33.3994	-174.282	-0.625053	
-5.29619	0.260174	0.129244	2.38134	-153.919	13.7299	
-3.48549	0.41859	0.192717	-59.6048	-188.589	-2.51412	
0.0951854	0.731859	0.318235	-53.4103	-7.71527	2.8305	
-3.74147	0.396195	0.183744	-15.986	-203.021	-1.93241	
-5.71114	0.223871	0.114699	-92.6832	-163.013	-7.32909	
-2.95006	0.465435	0.211486	-85.2387	-179.888	5.10301	
0.136595	0.735482	0.319686	-32.4445	125.56	60.2766	
-6.59142	0.146857	0.0838412	-6.44228	-217.294	-2.93203	
-3.57667	0.410613	0.189521	-30.459	-188.581	3.45494	
-6.68457	0.138707	0.0805759	-25.7615	-179.371	-10.5478	
-4.50966	0.328987	0.156815	10.5372	-186.285	5.16291	
-6.33431	0.169351	0.0928541	-7.19595	-193.311	4.73534	
-3.87876	0.384184	0.178931	-6.03709	-177.865	-4.8458	
-5.77223	0.218527	0.112557	-16.6293	-188.632	4.10846	
-3.93359	0.379387	0.177009	-14.5979	-156.638	-5.82804	
-4.22665	0.353747	0.166736	-39.4109	-156.984	-10.3209	
-6.36643	0.16654	0.0917279	27.0778	-190.448	-16.7088	
-2.58967	0.496965	0.224119	-18.1158	-206.931	-0.663414	
-3.04142	0.457442	0.208284	-9.01035	-227.002	1.80304	
-4.3899	0.339464	0.161014	-27.6376	-152.343	4.8425	
-4.91577	0.293457	0.14258	-13.69	-213.866	2.1362	
-2.61409	0.494828	0.223263	-16.4542	-196.812	-12.7229	
-4.79543	0.303985	0.146798	-28.6541	-187.943	-14.2307	
-3.86255	0.385601	0.179499	-0.454071	-172.244	-14.6624	
-5.36954	0.253757	0.126673	-2.28825	-149.42	2.20263	
-2.85896	0.473405	0.21468	-48.8803	-214.608	13.2428	
-5.23031	0.265939	0.131554	-16.5158	-212.91	4.08097	
-5.79511	0.216525	0.111755	-24.059	-219.673	-3.53004	
-4.66297	0.315574	0.151441	2.48516	-187.636	-4.87016	
-4.5361	0.326674	0.155889	-10.8184	-163.966	4.73263	
-4.57062	0.323654	0.154679	14.4432	-230.297	-3.92029	
-3.44019	0.422553	0.194305	-56.4703	-189.832	-9.48373	
-3.21837	0.44196	0.202081	39.5838	-200.088	-1.81585	
-6.69423	0.137862	0.0802372	-5.92373	-157.736	2.78467	
-4.8783	0.296736	0.143893	19.8495	-165.043	-8.7683	
0.319643	0.751496	0.326103	-33.1261	15.3753	-6.11711	
23.4146	2.77205	1.13568	-17.5523	238.201	-0.69044	
-6.66988	0.139992	0.0810909	-20.1378	-188.992	8.79467	
-3.91804	0.380747	0.177554	34.1354	-185.937	4.79423	
-7.06301	0.105598	0.0673099	26.6166	-175.292	-2.30542	
-7.3889	0.0770859	0.0558861	1.87011	-179.243	8.19805	
-7.05564	0.106243	0.0675684	4.10354	-225.599	8.72919	
-3.28103	0.436478	0.199884	-15.8252	-226.957	-10.0148	
-3.35608	0.429912	0.197253	-82.751	-178.319	0.857173	
-4.23564	0.35296	0.166421	-46.9802	-204.134	11.2965	
-7.21265	0.0925058	0.0620644	16.9081	-197.291	-12.2346	
-6.45942	0.158406	0.0884685	-41.7631	-191.209	9.73402	
-2.61569	0.494688	0.223207	-72.8348	-172.582	5.718	
-4.12816	0.362364	0.170189	-88.2963	-167.37	-7.49192	
-5.14572	0.273339	0.134519	10.9934	-169.885	5.20774	
-5.09818	0.277498	0.136185	1.93028	-172.773	-5.60567	
-5.49288	0.242967	0.12235	-9.54395	-164.266	3.7691	
-5.15401	0.272613	0.134228	-18.9619	-157.35	-2.98699	
-4.52519	0.327629	0.156271	-40.0511	-177.424	-1.1186	
-3.26668	0.437734	0.200387	-46.1206	-187.719	-0.606089	
-5.19477	0.269048	0.1328	42.1962	-211.556	-3.93892	
0.192272	0.740353	0.321638	20.7313	61.178	19.0462	
-6.36596	0.166582	0.0917447	-44.0755	-170.135	-10.4135	
-0.0316731	0.72076	0.313788	-29.6178	17.2449	18.3948	
-6.00346	0.198296	0.104452	-12.1417	-265.888	11.3397	
-5.60568	0.233098	0.118396	-5.00607	-202.133	-8.0798	
-4.65634	0.316154	0.151674	-8.57204	-159.999	2.47054	
-6.05285	0.193976	0.10272	-45.0135	-226.66	-3.44458	
-3.33576	0.43169	0.197966	-114.748	-180.13	0.353922	
-5.31409	0.258609	0.128617	1.83236	-200.588	-5.03223	
-6.29526	0.172767	0.0942229	8.16201	-164.932	7.03967	
-3.83245	0.388236	0.180555	-29.6614	-174.308	0.0659562	
-4.82826	0.301113	0.145647	-27.1714	-149.943	-1.88847	
-4.38285	0.340081	0.161261	-47.4438	-188.708	-6.73399	
-4.46623	0.332787	0.158338	-37.9108	-220.771	-7.38984	
-5.11277	0.276222	0.135674	-23.2122	-215.229	8.18455	
-5.13354	0.274405	0.134946	-15.8524	-183.072	-3.41511	
-4.04141	0.369954	0.17323	-17.5564	-187.779	-11.2309	
-4.34787	0.343142	0.162487	-9.83447	-202.434	0.0926188	
-5.61807	0.232013	0.117961	-25.9908	-213.239	11.9806	
-4.51439	0.328573	0.15665	-8.2348	-188.137	-14.992	
-3.2904	0.435659	0.199556	-6.58402	-186.352	-12.2792	
-5.12591	0.275072	0.135214	67.7921	-193.75	-5.04785	
-4.08586	0.366065	0.171671	-40.0016	-180.76	17.1863	
-5.82483	0.213925	0.110714	-20.2754	-209.38	8.92811	
-5.06016	0.280825	0.137518	31.401	-169.615	-4.43938	
-4.54439	0.325949	0.155598	-0.39089	-176.568	-17.5151	
-3.49694	0.417588	0.192316	-27.2752	-176.743	-5.95978	
-3.22318	0.44154	0.201912	-13.868	-193.038	-0.561194	
-3.50136	0.417202	0.192161	-30.6418	-230.681	-0.406656	
-4.43635	0.335401	0.159385	-21.3389	-183.455	0.342832	
-6.23361	0.178161	0.0963839	9.99868	-211.986	-3.63277	
-4.94724	0.290704	0.141477	-5.79574	-205.369	13.9217	
-4.19338	0.356658	0.167903	15.8339	-182.53	-8.43938	
-3.00059	0.461014	0.209715	-74.0215	-175.796	4.09909	
-3.1946	0.44404	0.202914	-0.66477	-204.337	-14.4657	
-5.47203	0.244791	0.12308	0.669551	-180.441	-11.2354	
-5.87627	0.209424	0.10891	8.98331	-188.133	-5.81761	
-5.67025	0.227448	0.116132	-51.9716	-204.384	5.49627	
-0.033741	0.720579	0.313715	-51.1941	73.0841	29.0354	
-2.82404	0.47646	0.215904	-89.0226	-209.678	8.2484	
-4.50978	0.328976	0.156811	-46.9079	-193.312	-1.25082	
-6.2184	0.179491	0.096917	-17.1105	-196.462	10.7044	
-5.40247	0.250876	0.125519	31.3671	-193.423	-12.1652	
-5.10175	0.277186	0.13606	30.1201	-235.821	-5.89005	
-6.65537	0.141261	0.0815994	-6.24644	-177.841	0.740457	
-3.52342	0.415272	0.191387	23.4766	-180.183	-19.5006	
-4.10401	0.364477	0.171035	-42.488	-213.281	4.23884	
-6.91925	0.118175	0.0723494	-32.2815	-196.209	-12.3051	
0.241056	0.744621	0.323348	-53.5942	7.53007	-0.519839	
-0.160611	0.70948	0.309268	-39.7013	-50.9026	-10.5355	
-6.07858	0.191725	0.101818	8.80662	-234.286	-3.61842	
-5.98307	0.20008	0.105166	-11.7658	-199.726	-7.57189	
-4.94846	0.290597	0.141434	-8.35286	-185.559	6.03	
-5.87455	0.209575	0.108971	-42.3724	-199.013	7.36049	
-4.19232	0.356751	0.16794	4.98021	-209.548	0.404537	
-5.72811	0.222387	0.114104	29.077	-175.592	-7.29362	
-5.94881	0.203078	0.106368	-27.3318	-178.525	-7.58968	
-5.79878	0.216204	0.111627	-34.0324	-165.709	-13.5575	
-3.40386	0.425732	0.195579	46.9765	-172.41	0.989322	
-4.68984	0.313224	0.1505	50.3524	-196.84	-9.25517	
-6.4249	0.161425	0.0896783	11.8422	-164.01	-3.68744	
-5.38611	0.252308	0.126092	-10.2549	-174.519	9.22931	
-4.31712	0.345832	0.163565	-60.9472	-178.133	5.30451	
-3.56693	0.411465	0.189862	-24.0111	-166.477	-1.63052	
-5.35742	0.254818	0.127098	66.2678	-198.089	7.34507	
-7.38126	0.0777549	0.0561541	9.10518	-201.951	8.00158	
-4.63182	0.318299	0.152533	-35.2874	-199.061	8.77447	
-6.24329	0.177314	0.0960445	-36.2304	-168.016	8.90951	
-5.41974	0.249366	0.124914	18.6446	-171.261	2.96652	
-5.34337	0.256047	0.127591	23.9984	-172.634	-10.0755	
-4.24472	0.352167	0.166103	-4.97731	-198.738	-0.895636	
-4.92543	0.292612	0.142241	-4.49741	-166.154	5.03202	
-4.24422	0.35221	0.16612	-8.37884	-193.724	10.8602	
-4.21992	0.354336	0.166972	-19.8076	-193.855	6.04936	
-4.93949	0.291382	0.141748	-14.8889	-185.583	-10.6533	
-4.47076	0.33239	0.158179	-64.8712	-158.865	-8.33243	
-7.00536	0.110641	0.0693308	-43.6972	-186.133	3.78922	
-5.97602	0.200697	0.105414	-51.3443	-166.508	2.20925	
-6.40201	0.163428	0.0904807	-6.3456	-202.133	-3.74215	
-7.24439	0.0897293	0.0609519	-16.1075	-216.732	-7.88346	
-5.10656	0.276765	0.135892	-42.1369	-202.145	0.921533	
-5.96245	0.201885	0.105889	-41.2011	-183.236	-8.31895	
-8.07077	0.0174307	0.031984	13.4092	-201.013	-5.68355	
4.72702	1.13709	0.4806	-59.2738	228.904	6.76898	
-4.52485	0.327658	0.156283	3.13799	-167.406	24.0321	
-5.98038	0.200316	0.105261	-24.0143	-197.579	2.92291	
-6.23279	0.178233	0.0964128	-58.0801	-173.037	9.59833	
-5.14799	0.273141	0.13444	-25.6929	-239.655	-5.43509	
-4.78069	0.305275	0.147315	-17.0356	-202.007	3.57948	
-3.56407	0.411716	0.189962	-36.1238	-180.64	-10.0466	
-5.90115	0.207247	0.108038	-5.14784	-193.328	-0.508736	
-6.28746	0.17345	0.0944962	34.6997	-191.852	-5.35608	
-3.91676	0.380859	0.177599	-41.1344	-192.75	-10.4006	
-4.50862	0.329078	0.156852	-71.0526	-189.037	-8.42586	
-5.05972	0.280863	0.137534	-11.6803	-180.02	-8.36806	
-2.69832	0.487459	0.220311	-38.3404	-193.257	-11.2577	
-5.79147	0.216843	0.111883	-35.1619	-213.055	9.95077	
-6.42557	0.161366	0.0896548	7.95325	-186.26	-5.61932	
-5.69958	0.224883	0.115104	7.40286	-231.417	-0.192038	
-5.15796	0.272268	0.13409	3.11721	-157.857	10.2558	
-5.00972	0.285238	0.139286	36.0084	-243.237	-0.341799	
-5.4226	0.249115	0.124813	-10.1504	-174.274	6.49833	
-5.51743	0.240818	0.121489	-61.5331	-182.556	10.983	
-3.81225	0.390003	0.181263	-30.0122	-179.098	-3.05006	
-6.50137	0.154735	0.0869979	-6.6088	-214.416	-0.168616	
-3.31058	0.433893	0.198848	-20.6989	-226.17	10.3108	
-5.2705	0.262423	0.130145	26.1499	-182.207	16.5445	
-6.28734	0.17346	0.0945005	-36.7004	-184.968	6.4954	
-6.05538	0.193755	0.102632	28.8523	-202.944	-13.5439	
-5.98186	0.200186	0.105209	-23.8479	-194.765	-6.27335	
-5.49665	0.242637	0.122218	-25.7363	-180.652	21.1665	
-4.30619	0.346788	0.163948	-19.1659	-171.055	15.1821	
-5.60562	0.233103	0.118398	-3.46614	-205.078	-1.5291	
-3.36339	0.429273	0.196997	-30.0936	-188.376	-1.10765	
-5.49074	0.243154	0.122425	-11.2132	-222.33	7.19108	
-5.57393	0.235876	0.119509	10.533	-180.652	-6.06982	
-3.50285	0.417071	0.192108	12.655	-175.759	8.2645	
-4.42535	0.336364	0.159771	30.4705	-177.017	-10.921	
-0.0413309	0.719915	0.313449	-31.5089	91.5468	54.937	
-0.0379589	0.72021	0.313567	-42.9626	-67.6127	-20.2418	
-3.26129	0.438206	0.200576	4.4688	-176.857	-11.0298	
-4.93687	0.291611	0.14184	-1.85103	-185.797	-11.399	
-0.0139799	0.722308	0.314408	-59.6435	13.0066	5.44651	
-6.28951	0.173271	0.0944245	-28.0852	-163.709	-14.9847	
-4.25787	0.351016	0.165642	-33.5364	-165.29	22.9889	
-5.01738	0.284568	0.139018	-38.8732	-180.17	6.70259	
-6.42201	0.161678	0.0897797	-0.0909692	-196.762	14.2441	
-4.25685	0.351105	0.165678	31.114	-139.536	-3.25396	
-5.30432	0.259464	0.12896	-4.12513	-205.002	1.07277	
-2.21379	0.52985	0.237295	-41.2701	-206.683	-4.3043	
-3.62033	0.406794	0.18799	2.27904	-185.403	2.46494	
-5.2371	0.265344	0.131316	35.329	-229.75	-10.5983	
-4.70582	0.311825	0.149939	3.55831	-182.088	-13.0179	
-4.96221	0.289394	0.140952	-13.1587	-201.677	2.73367	
-4.61772	0.319533	0.153028	32.0441	-210.684	-2.85526	
-7.02601	0.108835	0.0686069	-64.7966	-206.528	7.46349	
-6.12194	0.187931	0.100298	7.66011	-178.133	9.4618	
-4.92073	0.293023	0.142406	16.8646	-171.987	-4.2966	
-4.42776	0.336152	0.159686	42.5741	-225.156	-6.45484	
-6.60228	0.145907	0.0834605	-27.0011	-190.523	-4.68986	
-5.34681	0.255746	0.12747	-48.3112	-196.435	8.17912	
-5.68079	0.226527	0.115763	9.97315	-196.719	-0.130654	
-5.05629	0.281163	0.137654	16.1642	-198.166	8.05364	
-3.68264	0.401342	0.185806	10.91	-212.902	-15.3027	
-5.7062	0.224303	0.114872	-38.0833	-153.168	5.86581	
-5.17026	0.271192	0.133659	-10.783	-184.771	5.45069	
-3.19326	0.444157	0.202961	-38.9537	-178.798	-13.0023	
-5.97362	0.200907	0.105498	-32.2886	-197.002	1.85884	
-4.74241	0.308624	0.148657	10.4803	-170.96	16.7384	
-4.59777	0.321279	0.153727	-27.1849	-203.224	13.9248	
-4.83097	0.300876	0.145552	6.71328	-180.952	-4.56808	
-4.69828	0.312485	0.150204	-21.4405	-164.669	10.3419	
-5.67284	0.227222	0.116041	79.3072	-184.523	2.1025	
-6.36868	0.166344	0.0916492	9.28175	-196.657	20.4869	
-5.63743	0.23032	0.117283	-31.8162	-206.042	-2.29057	
-4.21288	0.354952	0.167219	-45.6777	-199.848	7.58668	
-5.59895	0.233687	0.118632	-26.167	-178.344	0.305886	
-1.5598	0.587066	0.26022	-99.2264	-177.781	5.73315	
-0.0856467	0.716038	0.311896	-69.4573	56.2546	32.0749	
-2.13744	0.53653	0.239972	21.5485	-171.994	-13.2199	
-3.82813	0.388613	0.180706	-33.5225	-217.255	-4.59477	
-3.42529	0.423858	0.194827	-31.4427	-152.682	-1.52049	
-4.91411	0.293602	0.142638	-54.2677	-167.991	19.4189	
-6.24623	0.177057	0.0959416	-24.2166	-177.624	5.17721	
-4.37069	0.341145	0.161687	38.6327	-184.995	-14.6738	
-5.33354	0.256907	0.127935	7.65597	-201.467	8.75219	
-5.22961	0.265999	0.131578	8.56829	-174.875	8.91696	
-4.96388	0.289248	0.140893	-24.0112	-161.726	2.47127	
-5.23752	0.265308	0.131301	-43.0227	-198.292	2.28784	
0.309351	0.750596	0.325742	-28.6214	23.0175	5.84396	
-6.79451	0.129088	0.0767219	-19.4955	-208.823	0.886107	
-4.74954	0.308	0.148407	-28.8369	-178.142	7.03525	
-4.20877	0.355312	0.167363	-19.8733	-185.282	7.10476	
-3.30013	0.434807	0.199215	-23.3527	-181.15	3.79908	
-7.44956	0.0717788	0.0537597	34.2314	-202.981	3.81407	
-3.82062	0.38927	0.180969	19.1187	-187.467	5.19957	
-0.305859	0.696772	0.304176	-32.3923	18.0041	16.3303	
-3.40361	0.425754	0.195587	8.3043	-229.941	-6.91188	
-4.52626	0.327535	0.156234	-3.11668	-196.624	11.2066	
-4.70717	0.311707	0.149892	7.8417	-200.148	-5.21811	
-4.30961	0.346489	0.163828	28.4937	-219.875	-13.9608	
-3.12918	0.449763	0.205207	-74.1068	-169.082	18.4635	
-5.12957	0.274752	0.135085	-53.5144	-165.873	-4.83658	
-0.113869	0.713569	0.310906	-7.9404	68.3759	22.3044	
-3.51966	0.415601	0.191519	-8.65496	-224.937	0.465376	
-5.83878	0.212704	0.110224	-21.1925	-177.718	0.733363	
-5.07968	0.279117	0.136834	-15.5626	-159.917	-22.5202	
-5.37426	0.253344	0.126508	36.5454	-204.332	-7.47858	
-4.3951	0.33901	0.160831	-9.38859	-207.953	-7.76834	
-5.34153	0.256208	0.127655	-29.4315	-181.414	0.184995	
-5.06647	0.280273	0.137297	34.7015	-164.868	8.50108	
-6.03047	0.195934	0.103505	17.133	-220.38	-0.0193351	
-0.199201	0.706103	0.307915	-8.21728	-105.153	-27.9173	
-5.44788	0.246903	0.123927	-49.5902	-187.925	1.74596	
-7.14633	0.098308	0.0643892	-18.764	-192.054	-9.35574	
-6.36141	0.16698	0.0919041	-5.14239	-213.461	-9.22962	
-7.59548	0.0590125	0.0486446	-43.8402	-231.555	0.101354	
-6.57315	0.148455	0.0844816	-7.42117	-169.941	-10.076	
-4.19654	0.356381	0.167792	-31.0232	-149.764	-12.4882	
-3.32406	0.432714	0.198376	-14.6791	-193.857	-17.7099	
-6.77771	0.130558	0.077311	0.039787	-194.025	5.43245	
-5.5236	0.240279	0.121273	3.22708	-164.755	4.83791	
-3.53601	0.414171	0.190946	11.7147	-212.57	-0.232359	
-4.89794	0.295017	0.143205	-31.534	-182.12	11.6482	
-5.87631	0.209421	0.108909	30.7363	-194.537	12.9184	
-2.11429	0.538555	0.240783	13.3284	-156.349	6.81301	
-5.40348	0.250788	0.125483	27.9154	-171.643	2.82536	
-5.46677	0.245251	0.123265	-12.0198	-168.525	-0.214941	
-6.21483	0.179804	0.0970422	19.0779	-189.651	3.92837	
-7.08057	0.104062	0.0666945	-15.2052	-153.752	5.17157	
-5.52167	0.240448	0.12134	15.9847	-182.722	-5.40939	
-0.346193	0.693243	0.302762	-42.3871	-19.2413	-9.71376	
-3.6345	0.405553	0.187493	46.7018	-237.242	-1.07036	
-7.43882	0.072719	0.0541364	0.344007	-231.223	8.70012	
-6.31143	0.171353	0.0936562	16.5034	-235.752	-6.71472	
-2.90063	0.469759	0.213219	-110.559	-193.211	15.3672	
-3.32736	0.432425	0.19826	-19.1592	-179.109	-5.84894	
-4.00541	0.373104	0.174492	0.172882	-167.14	0.369826	
-3.39844	0.426207	0.195769	-100.882	-195.848	8.65614	
-5.06113	0.28074	0.137484	14.28	-211.773	6.86371	
-4.53795	0.326512	0.155824	0.551229	-193.031	-14.208	
-3.80641	0.390514	0.181468	-7.48737	-195.814	3.99265	
-6.1749	0.183297	0.0984418	-3.94689	-186.127	-3.6488	
-4.05086	0.369127	0.172898	-61.7378	-161.91	15.9618	
-0.0779724	0.71671	0.312165	-26.7034	-21.5357	-2.62657	
-4.48707	0.330964	0.157607	-32.6708	-189.688	-2.77967	
-6.79374	0.129156	0.0767489	-10.2455	-253.326	4.18761	
0.102451	0.732495	0.318489	-59.7588	-79.2385	-45.9641	
0.221001	0.742866	0.322645	-42.6976	12.5865	-4.77678	
-5.66182	0.228186	0.116428	-35.0211	-215.684	13.6934	
-7.15671	0.0974001	0.0640254	7.93252	-151.072	-2.92103	
-3.16848	0.446325	0.203829	-62.2121	-188.339	6.18837	
-5.50407	0.241988	0.121957	-48.3414	-196.894	7.51402	
-4.40777	0.337901	0.160387	-17.9884	-192.596	-3.39	
-3.88416	0.383711	0.178742	-34.2924	-187.813	3.57806	
-4.30136	0.347211	0.164117	-64.4304	-164.337	-10.9625	
-4.7648	0.306665	0.147872	16.3282	-203.972	-5.92467	
-5.02085	0.284264	0.138896	-19.4634	-162.486	-11.368	
-6.95508	0.115041	0.0710934	15.6975	-202.652	-8.06281	
-2.92766	0.467394	0.212271	-9.83436	-165.325	5.50988	
-3.94365	0.378507	0.176657	-15.1122	-180.162	-11.0237	
-3.94107	0.378732	0.176747	-46.704	-215.755	0.250687	
-4.59622	0.321414	0.153781	-35.7094	-161.429	-4.06	
-4.04247	0.369861	0.173193	-58.9983	-187.125	3.90737	
-0.176707	0.708071	0.308704	-35.6653	-40.0655	-2.84207	
-5.72768	0.222424	0.114119	-13.7398	-196.623	2.2801	
-8.13798	0.0115498	0.0296277	4.43394	-203.289	-6.15952	
-3.01756	0.459529	0.20912	-15.5092	-161.79	-5.81548	
-3.2023	0.443366	0.202644	-91.2055	-172.136	-0.149567	
0.111797	0.733312	0.318817	-46.0777	-10.2137	-2.98965	
-4.35566	0.342461	0.162214	-46.4269	-169.112	-0.755915	
-6.02736	0.196205	0.103614	17.2522	-168.645	8.20459	
-3.5759	0.410681	0.189548	-63.7854	-171.802	1.46854	
-4.71199	0.311286	0.149723	-5.30453	-165.878	-6.46836	
-5.15817	0.27225	0.134083	21.2304	-155.456	2.08564	
-5.05085	0.281639	0.137845	38.1348	-198.287	-6.28975	
-5.50641	0.241783	0.121875	57.9641	-178.339	9.02865	
-0.139236	0.71135	0.310017	-44.8606	-17.7105	6.87366	
-3.92463	0.380171	0.177323	-16.3448	-188.462	-7.31847	
-3.31699	0.433332	0.198624	-38.4629	-203.793	12.9958	
-4.04358	0.369764	0.173154	-21.2897	-170.716	12.8787	
-6.06885	0.192576	0.102159	-26.4217	-227.154	1.9742	
-5.53339	0.239422	0.12093	2.36455	-201.903	-17.1111	
-4.96738	0.288942	0.14077	-7.55567	-193.093	10.885	
-4.01138	0.372581	0.174282	-22.4618	-152.498	5.04655	
-6.301	0.172265	0.0940218	19.0071	-198.2	-9.861	
-6.01129	0.197611	0.104177	14.6507	-208.575	-0.0021935	
-3.63502	0.405508	0.187475	-74.4464	-182.483	-0.0930992	
-2.88045	0.471525	0.213926	-29.2843	-182.519	-6.04656	
-6.77565	0.130739	0.0773833	-28.7092	-175.884	-5.35024	
-4.80144	0.303459	0.146587	6.249	-187.982	3.49375	
-5.82041	0.214311	0.110868	-18.6803	-211.076	7.00166	
-2.67895	0.489154	0.22099	-49.824	-147.375	7.88459	
-6.30856	0.171604	0.0937566	-38.3121	-194.338	11.1073	
-5.32612	0.257556	0.128195	-10.8233	-236.851	3.84663	
-5.66568	0.227848	0.116292	-9.23252	-192.805	-7.41011	
-5.44456	0.247194	0.124043	11.0975	-171.504	5.06484	
-4.48816	0.330869	0.157569	30.5075	-174.887	-6.52229	
-4.66443	0.315447	0.15139	-22.6679	-197.903	-8.20901	
-5.83897	0.212688	0.110218	-5.76246	-205.415	-1.16284	
-5.696	0.225196	0.11523	3.51496	-217.804	7.54073	
-4.47692	0.331851	0.157963	-14.1627	-185.467	-1.29794	
-4.62738	0.318688	0.152689	-18.068	-186.302	-4.7871	
-4.82212	0.30165	0.145863	-47.7462	-192.423	-8.62424	
-6.07313	0.192201	0.102009	-19.4397	-207.749	0.414174	
-4.0238	0.371494	0.173847	-13.8061	-213.676	1.28879	
-4.45065	0.334149	0.158884	28.51	-220.079	3.71689	
-5.34538	0.255871	0.12752	20.8063	-216.021	-2.48856	
-6.13119	0.187121	0.0999741	14.6778	-179.206	1.44492	
-5.0777	0.27929	0.136904	-16.3907	-197.731	2.66978	
-5.4651	0.245397	0.123323	-27.1394	-237.073	-3.36125	
-0.164857	0.709108	0.309119	-40.5445	-35.1002	-14.7652	
-2.83564	0.475445	0.215497	-94.0276	-169.289	1.82372	
-5.97665	0.200642	0.105391	-57.954	-161.621	10.8904	
-5.38514	0.252392	0.126126	-9.02115	-202.87	12.8139	
-4.81626	0.302163	0.146068	-38.5895	-127.114	4.59405	
-1.85488	0.561251	0.249877	-60.3408	-240.791	15.698	
-4.42408	0.336474	0.159815	72.8705	-234.704	-8.13637	
-3.4334	0.423147	0.194543	-30.0563	-200.05	10.5262	
-7.29203	0.0855615	0.059282	34.0288	-238.452	-7.3659	
-5.57968	0.235373	0.119307	-21.6316	-169.325	13.6748	
-5.65241	0.229009	0.116757	32.1363	-201.659	-1.76851	
-4.67426	0.314587	0.151046	-16.9547	-232.757	14.6086	
-6.86599	0.122835	0.0742165	-50.3281	-183.984	3.08247	
-2.58007	0.497804	0.224456	-34.4852	-170.364	5.18962	
-6.53925	0.151421	0.08567	-19.2304	-193.22	-8.69771	
-5.21168	0.267568	0.132207	-5.93894	-170.69	11.0329	
-5.81441	0.214836	0.111079	-16.6763	-205.745	-12.7344	
-7.01618	0.109695	0.0689516	31.8243	-183.711	-6.29318	
-4.11962	0.363112	0.170488	-14.6426	-202.59	-4.77344	
-4.5824	0.322623	0.154266	-48.4684	-179.84	1.01541	
-0.3158	0.695902	0.303828	16.4055	-109.25	-47.0125	
-4.89222	0.295518	0.143405	-14.2926	-174.933	-2.15151	
-5.79219	0.21678	0.111857	-12.2722	-183.781	-0.246257	
-4.64744	0.316933	0.151986	-30.0343	-162.625	-9.67644	
-6.21818	0.179511	0.0969247	-16.2503	-151.54	0.39837	
-4.21997	0.354332	0.166971	57.8829	-198.954	6.32332	
13.0744	1.86739	0.773209	-23.7775	218.918	-10.2477	
-5.2384	0.265231	0.13127	-29.4628	-173.535	16.7363	
-4.38665	0.339749	0.161128	1.40937	-173.794	1.23521	
-4.39901	0.338668	0.160694	-94.7776	-155.435	-3.05384	
-5.25081	0.264145	0.130835	-16.9258	-184.541	1.71099	
-6.94489	0.115932	0.0714507	-5.27086	-184.644	18.9366	
-4.31752	0.345797	0.163551	-25.9736	-153.882	12.1682	
-5.15662	0.272385	0.134137	-64.1481	-210.052	-11.168	
-4.53189	0.327043	0.156036	24.8217	-197.974	14.1668	
-4.58712	0.32221	0.1541	-50.9052	-194.095	6.07395	
-4.33491	0.344276	0.162941	1.65261	-150.866	-4.43877	
-4.96237	0.28938	0.140946	-23.5643	-150.049	0.807326	
0.0329721	0.726416	0.316054	-54.0539	-21.382	-5.63715	
-6.58962	0.147014	0.0839042	5.05435	-191.565	4.76716	
-5.91155	0.206338	0.107673	21.4223	-186.944	-0.0236002	
-4.4268	0.336236	0.15972	11.3059	-212.363	-1.72581	
-5.34286	0.256091	0.127608	0.600942	-194.658	3.09238	
-7.75218	0.0453035	0.0431518	-17.9838	-177.121	-3.45162	
-5.22224	0.266645	0.131837	24.151	-193.587	4.07729	
-6.0958	0.190218	0.101215	13.9464	-213.813	9.28903	
-5.29495	0.260283	0.129288	-54.1475	-173.275	12.0153	
-3.33856	0.431445	0.197868	-66.0236	-171.981	-14.9926	
-7.04819	0.106894	0.0678294	-16.1527	-214.822	10.1542	
-1.73279	0.571932	0.254156	-52.7612	-130.073	8.66062	
-4.1609	0.359499	0.169041	14.822	-193.498	2.67849	
-0.00606111	0.723001	0.314685	-15.1261	39.8294	-2.42671	
-6.17611	0.183192	0.0983997	31.3315	-203.676	-7.02731	
-2.03026	0.545907	0.243729	-80.8424	-216.183	-4.33129	
-0.0242812	0.721407	0.314047	-51.7371	125.582	51.6996	
-6.253	0.176465	0.0957043	-21.2864	-156.708	-2.64524	
-6.25356	0.176415	0.0956844	-26.3251	-154.687	-2.79702	
-6.90734	0.119218	0.072767	-26.8892	-215.72	-6.44438	
-6.14387	0.186013	0.0995298	3.61118	-178.331	-0.347885	
-6.26558	0.175364	0.0952632	-13.6767	-149.601	-9.17569	
-7.20958	0.0927751	0.0621723	-28.3688	-180.966	-8.19336	
-5.82412	0.213987	0.110738	-17.0039	-170.785	8.12387	
-3.5378	0.414014	0.190883	10.4916	-168.167	6.36765	
-7.05481	0.106315	0.0675973	61.835	-195.634	2.80859	
-3.28832	0.435841	0.199629	-52.4557	-214.361	-1.37742	
-6.64692	0.142001	0.0818958	38.0081	-173.104	-6.6847	
-4.64868	0.316824	0.151942	-38.7884	-169.081	-7.32435	
-4.82224	0.30164	0.145858	3.73943	-173.023	2.932	
-2.66321	0.490531	0.221541	-45.1101	-169.03	-15.5683	
-5.46128	0.245731	0.123457	-27.0595	-211.467	0.504932	
-4.60101	0.320995	0.153613	43.6694	-194.24	-8.85285	
-4.36715	0.341455	0.161811	-13.7188	-175.766	-4.76674	
-3.28607	0.436038	0.199708	-48.3277	-170.918	-9.3647	
-5.46813	0.245132	0.123217	3.89033	-207.83	3.72388	
-3.24887	0.439292	0.201011	18.8284	-157.314	5.3719	
-7.05546	0.106258	0.0675745	-7.78928	-158.811	14.37	
-6.06998	0.192477	0.10212	-37.5562	-205.733	9.35872	
-5.81633	0.214668	0.111011	-9.91192	-235.078	10.0462	
-3.91214	0.381263	0.177761	-39.0475	-225.411	0.810914	
-5.95141	0.20285	0.106276	28.934	-245.205	-4.12832	
-2.75025	0.482916	0.21849	-45.0206	-129.79	-0.829311	
-3.97265	0.37597	0.17564	20.5723	-204.58	-7.04782	
-5.34658	0.255766	0.127478	-15.1358	-144.386	7.18776	
-5.72103	0.223006	0.114352	16.2012	-199.222	1.04909	
-3.64863	0.404318	0.186998	-5.0785	-214.93	-5.99569	
-4.1133	0.363664	0.17071	43.0973	-192.532	-3.01136	
-2.90421	0.469445	0.213093	6.40094	-186.027	1.1492	
-6.07638	0.191917	0.101896	-35.2699	-212.674	-3.59013	
-5.36489	0.254164	0.126836	4.49272	-176.264	-6.01939	
-6.38743	0.164704	0.090992	-59.4151	-173.626	-5.51418	
-3.64978	0.404217	0.186958	3.2297	-203.155	11.0156	
-4.33657	0.34413	0.162883	-2.30692	-191.406	-3.2269	
-6.09082	0.190653	0.101389	15.4403	-204.223	-18.743	
-5.74139	0.221224	0.113638	14.802	-161.871	-1.30982	
-3.89647	0.382635	0.178311	4.96041	-193.655	-5.21856	
-5.57007	0.236214	0.119644	-43.8883	-179.979	12.2373	
-5.54862	0.23809	0.120396	-20.3053	-181.135	-2.52771	
-0.121307	0.712918	0.310646	-86.6706	145.407	74.2198	
-4.13727	0.361567	0.169869	36.4245	-172.244	-6.81652	
-6.5053	0.154391	0.0868601	16.1294	-225.182	9.1096	
-5.13188	0.27455	0.135004	45.714	-211.949	8.08491	
-4.79818	0.303745	0.146702	-41.2656	-178.269	-10.5077	
-4.91622	0.293418	0.142564	-78.762	-197.864	-9.12154	
-3.91183	0.38129	0.177772	26.828	-174.393	4.34445	
-3.6652	0.402867	0.186417	4.5499	-196.54	1.31307	
-6.48118	0.156502	0.0877057	-9.04242	-203.198	1.29152	
-4.59872	0.321195	0.153694	36.1924	-176.777	-14.4578	
-5.11732	0.275824	0.135515	-16.6361	-162.42	-1.25491	
-5.44201	0.247417	0.124133	-9.58011	-167.093	2.1825	
-4.55206	0.325278	0.155329	21.9992	-219.628	-8.71857	
-6.24682	0.177005	0.0959208	-40.3506	-211.415	6.41147	
-7.21441	0.0923522	0.0620028	6.28479	-175.837	-9.23028	
-4.13958	0.361365	0.169788	-47.2785	-158.556	-1.28055	
-3.1993	0.443629	0.202749	6.67294	-204.246	-6.27155	
-2.67788	0.489247	0.221027	-40.0395	-206.468	6.76382	
-5.79557	0.216484	0.111739	-67.701	-168.109	-3.15575	
-7.41582	0.0747306	0.0549424	-46.9276	-183.493	-0.725792	
-6.18233	0.182647	0.0981814	-50.2509	-201.202	17.3999	
-3.89614	0.382664	0.178322	2.02264	-199.385	-19.7293	
-5.89348	0.207919	0.108307	-73.5212	-171.842	7.51977	
-5.47747	0.244315	0.12289	-35.7739	-183.154	-13.9331	
-6.68706	0.138489	0.0804885	-53.8086	-173.312	-10.1608	
-5.83008	0.213466	0.110529	-2.69849	-192.404	4.52155	
-0.435858	0.685399	0.299619	-143.453	37.3363	14.2159	
-6.53308	0.151961	0.0858864	-14.4296	-198.225	5.75979	
-3.72083	0.398001	0.184467	-2.67507	-194.117	-1.03583	
-4.08358	0.366264	0.171751	-23.2398	-167.752	-24.7439	
-4.85062	0.299157	0.144864	5.70377	-219.717	8.47712	
-7.03864	0.10773	0.0681642	-14.0207	-203.526	-9.81026	
-6.71099	0.136395	0.0796497	-33.3563	-157.22	-5.79927	
-6.08145	0.191473	0.101718	6.15965	-201.742	-1.61367	
-3.71311	0.398676	0.184738	12.8124	-209.976	0.486242	
-4.95133	0.290346	0.141333	-12.005	-182.946	-15.8133	
-1.13992	0.623801	0.274939	-81.1904	-135.764	4.94561	
-7.37308	0.0784707	0.0564409	36.5536	-172.107	8.62921	
-4.88763	0.295919	0.143566	-0.65693	-199.63	-13.3129	
-5.48974	0.243241	0.12246	-3.0048	-221.978	0.0755732	
-5.23705	0.265348	0.131317	17.8311	-189.652	-7.31264	
-3.26902	0.437529	0.200305	6.79622	-173.158	-0.88898	
-5.29565	0.260222	0.129263	-12.1679	-239.558	-7.80697	
0.305417	0.750252	0.325604	-73.3307	26.2136	8.24482	
-5.40656	0.250518	0.125375	-30.7626	-185.385	6.49436	
-5.34416	0.255978	0.127563	18.7213	-236.279	-1.34636	
-5.70291	0.224591	0.114987	-39.1417	-174.714	3.15264	
-5.93265	0.204492	0.106934	-38.7521	-203.681	4.05904	
-6.82248	0.126642	0.0757417	9.21904	-192.188	-7.94668	
-5.53765	0.23905	0.12078	17.2493	-192.478	3.23526	
-4.72402	0.310233	0.149301	-54.8199	-231.339	6.66602	
-3.51846	0.415706	0.191561	-9.01038	-208.578	-3.62476	
-4.05129	0.369089	0.172883	7.36353	-147.498	-3.1874	
-3.34464	0.430914	0.197655	11.9058	-152.93	-2.93867	
-4.27308	0.349685	0.165109	-26.5161	-170.062	11.6378	
-3.98267	0.375092	0.175289	9.7226	-147.167	-6.49152	
-4.11929	0.36314	0.1705	1.52912	-194.497	-2.69624	
-2.56381	0.499227	0.225026	-120.957	-165.442	6.45401	
-6.23703	0.177862	0.096264	-4.74204	-213.248	10.4522	
-6.16468	0.184192	0.0988003	-4.88875	-191.232	-8.67473	
-2.55585	0.499923	0.225305	-92.9428	-162.629	4.35189	
-4.43841	0.335221	0.159313	-31.9628	-170.545	-10.186	
-5.21878	0.266947	0.131958	-36.1183	-182.875	-1.6542	
-6.36002	0.167102	0.0919529	28.2578	-221.758	-3.22433	
-2.35577	0.517428	0.232318	-105.09	-207.055	3.84941	
-7.02236	0.109154	0.068735	46.7768	-199.855	7.98956	
-5.46736	0.245199	0.123244	17.5179	-173.312	3.33421	
-4.75476	0.307543	0.148224	2.2288	-191.872	-9.70221	
-3.32683	0.432471	0.198279	31.9063	-174.01	0.724821	
-3.17786	0.445504	0.203501	-44.9781	-177.794	-10.8349	
-4.99127	0.286852	0.139933	45.483	-176.11	-12.9003	
-4.14634	0.360774	0.169551	12.3118	-196.814	0.445164	
-5.19649	0.268897	0.132739	-11.2554	-192.683	-7.41507	
-4.64145	0.317457	0.152196	-52.6036	-179.025	17.541	
-6.30555	0.171867	0.0938621	12.2576	-218.593	-1.05208	
-6.02657	0.196275	0.103642	-38.3928	-186.191	10.2867	
-6.6988	0.137462	0.080077	1.38248	-200.303	-9.64286	
-5.75753	0.219813	0.113073	-19.8617	-183.812	2.45613	
-4.83054	0.300914	0.145567	-34.6217	-170.59	0.955326	
-6.40116	0.163503	0.0905107	-27.4958	-171.515	-1.48225	
-7.22372	0.0915374	0.0616764	15.5923	-211.583	4.09887	
-5.38025	0.252821	0.126298	-54.1432	-196.229	-9.17347	
-4.73165	0.309565	0.149034	-55.5607	-154.355	2.24294	
-2.69941	0.487364	0.220272	-14.6255	-242.306	-5.84397	
-6.7874	0.12971	0.0769712	-18.2959	-218.861	-11.1294	
-3.59482	0.409025	0.188885	-43.0431	-217.201	6.31288	
-6.27902	0.174188	0.0947922	23.1132	-173.034	2.38779	
-4.99149	0.286833	0.139926	11.3465	-207.055	2.29449	
-5.58021	0.235326	0.119288	-0.965627	-188.581	-0.128879	
-6.61776	0.144552	0.082918	12.844	-195.96	7.06567	
-5.45312	0.246445	0.123743	2.88994	-190.815	4.22166	
-2.64747	0.491908	0.222093	-69.6499	-210.446	-8.58161	
-4.66791	0.315142	0.151268	-75.1833	-197.443	-6.20719	
15.4542	2.0756	0.856631	-53.0268	234.89	6.81523	
-4.46622	0.332787	0.158338	28.6283	-199.549	-0.714775	
-3.01008	0.460183	0.209382	-46.8809	-160.595	-0.588917	
-4.41371	0.337382	0.160179	43.0149	-167.572	4.77252	
-6.63831	0.142755	0.0821977	-0.425877	-191.725	2.21811	
-3.22784	0.441132	0.201749	-4.23897	-206.8	-6.66952	
-6.59883	0.146209	0.0835816	-29.0006	-213.626	-13.6279	
-5.46754	0.245183	0.123238	6.14783	-187.614	-3.7153	
-3.71166	0.398803	0.184789	23.1838	-232.727	-10.8011	
-5.36391	0.25425	0.126871	-21.1129	-203.779	-14.5601	
-7.24684	0.0895147	0.0608659	-14.0457	-202.506	-0.0436718	
-7.01702	0.109622	0.0689222	-68.0391	-208.534	-0.33571	
-6.49508	0.155285	0.0872183	-11.7255	-181.535	13.9766	
-4.35318	0.342677	0.162301	-60.9361	-183.381	4.98675	
-0.192628	0.706678	0.308146	-65.0916	53.3025	19.8926	
-3.68137	0.401453	0.185851	-13.6696	-155.316	-4.83077	
-4.27726	0.349319	0.164962	-2.67418	-203.856	-4.83887	
-7.46525	0.0704067	0.0532099	-51.3343	-189.436	6.74379	
-4.56784	0.323897	0.154776	26.7374	-191.931	-16.1464	
-6.06287	0.193099	0.102369	12.2877	-189.879	6.99692	
-4.92325	0.292803	0.142317	-36.86	-162.699	-3.56301	
-3.27814	0.436731	0.199986	-125.699	-189.199	13.5965	
-2.16602	0.534029	0.23897	-26.7095	-190.223	0.181344	
-6.55782	0.149796	0.085019	-20.539	-201.283	3.0999	
-3.54279	0.413577	0.190708	-14.6706	-148.169	-15.2089	
-5.27339	0.262169	0.130044	-54.1604	-207.711	6.16054	
-6.24278	0.177358	0.0960624	-25.7844	-202.591	7.71306	
-6.81074	0.127668	0.076153	-41.9233	-261.492	0.702144	
-7.03613	0.10795	0.0682524	8.12251	-202.409	8.70418	
-4.88177	0.296432	0.143772	32.3244	-179.482	13.0665	
-5.22829	0.266115	0.131624	-57.3357	-196.387	8.42924	
-3.32419	0.432702	0.198371	-59.9248	-178.414	11.3939	
-5.92072	0.205536	0.107352	13.7749	-200.321	-8.83471	
-7.21203	0.0925604	0.0620863	-9.22524	-197.754	9.34521	
-4.35023	0.342935	0.162404	16.7949	-166.701	0.711268	
-7.02623	0.108815	0.0685992	-20.7297	-226.708	-9.2673	
-5.77154	0.218587	0.112581	-46.4325	-183.09	-6.40384	
-6.85211	0.12405	0.0747031	-4.24113	-197.713	1.50031	
-5.98446	0.199959	0.105118	10.0883	-212.01	-4.16119	
-4.81914	0.301911	0.145967	-8.03324	-210.423	-6.24831	
-6.01952	0.196892	0.103889	9.2553	-222.314	-9.53556	
-7.13543	0.0992622	0.0647715	-16.8205	-189.227	4.26628	
-3.64099	0.404986	0.187266	19.1958	-204.388	-4.15906	
-6.22188	0.179187	0.096795	5.29451	-170.879	2.49926	
-3.68364	0.401255	0.185771	-36.938	-240.636	-1.6122	
-4.27469	0.349545	0.165052	-10.071	-155.005	-8.96955	
-3.69761	0.400032	0.185281	-10.8467	-158.699	8.13481	
-4.57549	0.323227	0.154508	-41.73	-202.372	-17.0845	
-4.55022	0.325439	0.155394	-61.1948	-180.415	-1.88026	
-5.44465	0.247186	0.12404	-30.8199	-245.698	-3.52004	
-4.14502	0.360889	0.169598	-40.4365	-178.306	6.96913	
-5.69969	0.224873	0.1151	-23.9153	-206.943	5.79442	
-2.34552	0.518325	0.232678	-8.21525	-197.514	-6.99895	
-0.154725	0.709995	0.309474	-48.0332	-15.3438	-5.2621	
-4.54636	0.325776	0.155529	-5.57674	-164.826	-2.63331	
-5.99725	0.19884	0.104669	12.0949	-212.022	-8.99393	
-5.52308	0.240324	0.121291	-64.5347	-189.298	-2.67215	
-3.83736	0.387806	0.180383	-35.8777	-152.564	8.34448	
-0.127449	0.712381	0.31043	-24.9718	21.2623	9.62056	
-5.62373	0.231518	0.117763	18.5165	-205.944	9.39442	
-6.0962	0.190183	0.101201	31.5385	-207.201	-4.71312	
-5.32923	0.257284	0.128086	-24.2606	-199.605	0.057561	
-5.42581	0.248835	0.124701	36.3975	-160.355	6.69205	
-3.36429	0.429194	0.196966	-36.6815	-169.743	-1.90976	
-3.88517	0.383623	0.178707	-3.67483	-143.912	4.58896	
-6.11772	0.1883	0.100446	44.5827	-203.367	4.24152	
-4.80414	0.303224	0.146493	-7.74514	-168.472	-1.82923	
-5.95076	0.202907	0.106299	-37.8885	-194.183	-0.0982271	
-5.7335	0.221915	0.113915	-1.13293	-192.743	-17.2585	
-6.3868	0.164759	0.0910142	-23.5009	-182.001	-5.35705	
-5.08688	0.278487	0.136582	12.4478	-199.223	3.60811	
-4.12107	0.362984	0.170437	-27.8133	-153.11	16.141	
-4.69839	0.312476	0.1502	8.85818	-207.542	-1.66118	
-6.32844	0.169864	0.0930597	17.1314	-224.823	-6.63792	
-6.04467	0.194691	0.103007	-11.5262	-208.056	-2.28673	
-4.77002	0.306208	0.147689	50.8036	-188.217	10.631	
-7.59509	0.0590469	0.0486584	-14.8326	-196.239	-6.91052	
-4.07619	0.366911	0.172011	0.0614144	-195.903	-5.7404	
-4.42414	0.336469	0.159813	-4.6166	-162.456	-7.3318	
-3.80176	0.39092	0.18163	-31.9132	-223.766	-0.891305	
-2.88026	0.471541	0.213933	-51.2478	-184.517	6.04968	
-3.7536	0.395134	0.183319	21.8135	-206.755	-0.607797	
-5.67315	0.227195	0.11603	-4.59338	-180.956	3.08477	
-3.92531	0.380111	0.177299	-53.2845	-161.798	-6.1221	
-6.57307	0.148462	0.0844845	-23.7238	-215.367	-15.4473	
-3.3548	0.430024	0.197298	-44.7678	-183.921	-2.01783	
-7.34113	0.0812656	0.0575608	55.9607	-182.069	9.55588	
-4.0825	0.366358	0.171789	-22.6139	-181.209	5.56226	
-6.28328	0.173815	0.0946427	-20.734	-240.743	3.87312	
-6.16334	0.184309	0.0988472	10.0923	-171.258	-19.837	
0.220122	0.742789	0.322614	-64.6307	-33.5463	-24.2784	
-6.41205	0.16255	0.0901289	21.0658	-186.144	-20.1805	
-5.42017	0.249328	0.124898	-13.8189	-222.812	-15.1202	
-4.3184	0.345721	0.16352	8.61002	-179.754	-1.87276	
-6.0887	0.190839	0.101464	3.14421	-198.722	-1.74054	
-4.85654	0.298639	0.144656	-72.3953	-163.889	-6.59681	
-5.63997	0.230098	0.117194	16.1225	-178.796	15.5485	
-5.28539	0.261119	0.129623	-44.2093	-177.682	-4.42245	
-5.82591	0.21383	0.110675	-8.30052	-177.07	-7.7884	
-6.16543	0.184126	0.098774	38.9394	-168.621	-4.60768	
-4.3691	0.341285	0.161743	7.40296	-210.982	-3.29357	
-3.44246	0.422355	0.194226	-17.8987	-237.927	-5.65684	
-5.79831	0.216245	0.111643	-2.32984	-182.381	-7.65927	
-6.52818	0.15239	0.0860581	-12.5537	-173.879	4.90073	
-5.28685	0.260992	0.129572	-14.3843	-202.053	-1.09699	
-4.79499	0.304024	0.146814	-39.3769	-185.529	-13.6617	
-2.78889	0.479535	0.217136	-71.3906	-178.033	-7.92033	
-7.40796	0.0754189	0.0552181	16.0359	-226.282	-2.08687	
-4.68581	0.313576	0.150641	-1.11484	-188.093	4.88958	
-3.54707	0.413203	0.190558	-21.9339	-184.378	-6.5075	
-7.21647	0.0921721	0.0619307	-8.63559	-236.87	1.814	
-2.41935	0.511865	0.23009	-31.469	-179.423	-11.0157	
-5.78829	0.217122	0.111994	2.81038	-172.604	-4.16757	
-6.29921	0.172422	0.0940844	-14.1623	-183.459	6.08494	
-5.62139	0.231723	0.117845	-18.0543	-183.459	2.61023	
-3.84704	0.386959	0.180043	-121.376	-154.848	-9.68502	
-5.70941	0.224023	0.114759	10.5492	-182.208	-2.95769	
-3.85062	0.386645	0.179918	13.8109	-222.53	-5.66698	
-4.23194	0.353285	0.166551	-27.0949	-196.803	12.5017	
-7.01275	0.109995	0.0690719	-20.6476	-231.552	10.9132	
-5.66107	0.228252	0.116454	-18.726	-172.157	-0.886751	
-3.8293	0.388511	0.180665	-67.0712	-159.725	-5.07032	
-4.942	0.291162	0.14166	-35.5803	-227.411	9.02917	
-4.04641	0.369516	0.173054	-9.646	-205.657	1.14337	
-3.63562	0.405455	0.187454	8.72511	-155.585	-0.652919	
-4.885	0.296149	0.143658	5.07768	-174.49	-1.6102	
-3.58228	0.410123	0.189324	-50.3842	-181.499	1.38538	
-6.16181	0.184443	0.098901	-34.8066	-181.189	2.63929	
-4.31337	0.34616	0.163696	-31.7734	-161.582	0.962849	
-5.38932	0.252026	0.12598	18.0633	-181.261	-4.18065	
-3.49013	0.418184	0.192554	-60.3516	-205.93	9.53793	
-6.7742	0.130865	0.0774339	-18.486	-206.283	9.2187	
-6.17025	0.183704	0.0986049	41.9551	-191.631	12.5785	
-6.35319	0.167699	0.0921923	-16.5665	-207.138	13.8234	
-6.52759	0.152441	0.0860786	-26.9219	-210.266	1.95144	
-3.17612	0.445657	0.203562	9.33566	-162.014	1.00776	
-5.8527	0.211487	0.109737	10.2978	-179.803	5.09981	
-4.3065	0.346762	0.163937	-12.8133	-181.158	3.48677	
-5.06617	0.280298	0.137307	-34.4303	-213.798	4.51771	
-5.08569	0.278591	0.136623	-0.136367	-181.537	-6.79292	
-6.30749	0.171697	0.0937942	-10.6163	-179.736	2.01768	
-4.65351	0.316402	0.151773	-55.5298	-190.478	-1.33677	
-4.71536	0.310991	0.149605	25.05	-151.689	0.495152	
-6.98218	0.11267	0.0701435	-0.220068	-219.022	-9.53726	
-4.70296	0.312076	0.15004	-74.9017	-160.006	-0.236523	
-3.75407	0.395093	0.183302	14.9208	-125.917	12.8218	
-5.64257	0.229871	0.117102	7.19055	-206.398	-5.1887	
-5.98126	0.200238	0.10523	-11.6071	-172.021	-8.84156	
-5.59086	0.234394	0.118915	-4.2458	-218.156	-12.9435	
-5.31986	0.258103	0.128415	12.8191	-213.735	-2.71862	
-5.66708	0.227726	0.116243	18.4412	-182.564	3.03844	
6.7875	1.31736	0.552828	-78.077	254.332	9.46949	
-5.19138	0.269345	0.132919	24.649	-218.431	4.21881	
-6.18489	0.182423	0.0980917	20.3316	-168.128	-5.14858	
-6.39434	0.164099	0.0907497	19.0805	-180.708	-13.3427	
-5.35883	0.254694	0.127049	-39.1106	-184.761	-14.5034	
-3.38514	0.42737	0.196235	-46.0797	-176.562	-10.1129	
-3.52593	0.415053	0.1913	-9.79724	-179.795	-12.0446	
-4.96154	0.289452	0.140975	-13.2616	-174.555	-5.88751	
-5.4299	0.248476	0.124557	1.84278	-212.698	2.95971	
-3.77518	0.393245	0.182562	-37.702	-121.792	-3.44842	
-7.36822	0.0788956	0.0566112	49.1418	-226.473	-11.2398	
-7.22245	0.0916486	0.0617209	22.7524	-195.089	-3.71835	
-2.67165	0.489792	0.221246	-97.9907	-232.609	9.19228	
-6.91907	0.118191	0.0723559	30.4043	-163.208	1.63742	
-3.67077	0.40238	0.186222	-58.4955	-165.1	-6.78943	
-4.99804	0.286259	0.139696	-11.1957	-178.035	-5.44373	
-4.45558	0.333719	0.158711	-39.7965	-193.067	4.29737	
-7.15747	0.097334	0.0639989	-52.2736	-186.741	-10.909	
-5.03131	0.283349	0.13853	17.7801	-221.333	-13.7711	
-6.49729	0.155092	0.087141	-24.7793	-184.893	-14.0624	
-5.74818	0.22063	0.1134	-16.3206	-186.158	4.07379	
-2.68734	0.488419	0.220695	-19.6851	-237.435	-2.89021	
-7.84524	0.0371616	0.0398896	29.0754	-209.839	-1.09351	
-7.66639	0.0528088	0.046159	-41.5475	-167.07	7.76498	
-3.38611	0.427285	0.196201	-58.4272	-174.795	1.40959	
0.143563	0.736091	0.31993	-34.8545	47.2801	23.2396	
-2.51888	0.503158	0.226601	-74.0025	-177.482	6.31607	
-2.87867	0.47168	0.213989	-60.6581	-193.036	-4.73535	
-6.44961	0.159263	0.0888121	19.5884	-211.726	4.08452	
-3.76183	0.394414	0.18303	-69.2881	-205.49	9.70551	
-2.05204	0.544001	0.242965	3.36382	-180.268	-7.20787	
-7.19151	0.0943556	0.0628055	-0.959604	-191.121	4.49557	
-6.58511	0.147408	0.0840622	-50.145	-180.488	-11.4433	
-6.70509	0.136912	0.0798567	11.3369	-217.953	2.50717	
-6.29464	0.172822	0.0942445	-61.8419	-208.962	-1.63954	
-4.17136	0.358584	0.168674	-30.6901	-206.285	10.4273	
-5.46942	0.245019	0.123172	19.7766	-175.971	16.9845	
0.0159361	0.724925	0.315457	-37.0569	149.316	71.041	
-5.71655	0.223398	0.114509	9.24799	-186.091	6.36966	
-5.7838	0.217514	0.112152	-45.7419	-200.108	6.96092	
-2.94506	0.465872	0.211661	-58.8261	-165.927	-5.61871	
-6.0035	0.198293	0.10445	-47.311	-189.371	0.431635	
-7.3594	0.0796669	0.0569202	-14.0634	-212.032	4.36305	
-5.115	0.276027	0.135596	2.95529	-155.742	0.108658	
-4.53035	0.327177	0.15609	-21.7841	-167.746	7.77879	
-3.07402	0.45459	0.207141	-56.9464	-181.317	-3.56513	
-5.3224	0.257881	0.128326	1.32903	-229.373	-13.122	
-7.17458	0.0958372	0.0633992	55.4971	-180.763	-3.95157	
-3.84489	0.387147	0.180118	-25.5593	-196.653	-0.765106	
-6.25155	0.176591	0.095755	-42.9154	-183.775	0.385999	
-2.79078	0.47937	0.21707	-15.7428	-185.986	0.418381	
-4.86801	0.297636	0.144254	-27.462	-212.761	-3.50898	
-5.40984	0.250232	0.125261	38.7268	-167.357	-1.83118	
-3.66487	0.402896	0.186429	44.04	-179.015	-16.3333	
-3.34625	0.430772	0.197598	-4.24546	-166.64	-9.40558	
-4.59541	0.321485	0.15381	-16.7378	-176.305	-1.15401	
-7.84918	0.0368171	0.0397515	-21.0997	-179.636	11.7546	
-1.88792	0.55836	0.248719	-16.7343	-167.883	-26.1808	
-3.42779	0.423639	0.19474	46.1907	-183.113	-19.3929	
-5.71846	0.22323	0.114442	-26.2357	-199.314	-4.59523	
-5.99344	0.199173	0.104803	11.7046	-195.283	-2.68596	
-1.17628	0.62062	0.273664	-133.239	-110.357	2.44314	
-1.79424	0.566556	0.252002	-118.817	-184.766	-6.26147	
-4.79075	0.304395	0.146962	-9.8916	-186.309	10.1832	
0.314205	0.751021	0.325912	-6.92741	90.3983	25.9049	
4.56106	1.12257	0.474782	-38.1146	152.665	-3.3433	
0.0970836	0.732025	0.318301	-64.0164	-73.4329	-23.4858	
-4.91601	0.293436	0.142571	26.8716	-155.058	11.2767	
-5.52012	0.240583	0.121395	26.034	-207.6	9.22669	
-0.106171	0.714242	0.311176	-57.6941	99.1229	32.8242	
-6.88134	0.121492	0.0736784	-8.51053	-157.607	14.5324	
-5.82834	0.213617	0.11059	9.42264	-197.924	-2.89859	
-6.49111	0.155632	0.0873574	-9.99354	-204.058	-9.76178	
-6.28588	0.173588	0.0945516	-11.7164	-199.633	1.14818	
-5.65156	0.229083	0.116787	43.0287	-230.452	1.46854	
-5.50003	0.242341	0.122099	2.93235	-211.147	-0.2274	
-4.86321	0.298056	0.144422	31.0541	-187.692	-4.52841	
-3.95423	0.377581	0.176286	-4.25122	-210.063	5.44261	
-4.99672	0.286375	0.139742	10.7434	-167.307	-0.224996	
-3.04913	0.456767	0.208013	-13.6817	-202.959	-0.347293	
-6.6585	0.140988	0.0814897	30.3085	-196.114	6.2147	
-2.42715	0.511183	0.229816	-78.3933	-145.961	3.75307	
-5.76891	0.218817	0.112674	-1.80134	-187.456	-0.93007	
-6.75055	0.132935	0.078263	15.0413	-167.341	11.9459	
-5.28745	0.26094	0.129551	-64.3658	-156.93	4.79725	
-3.41803	0.424492	0.195082	8.5062	-193.814	-2.61971	
-4.93449	0.291819	0.141924	5.37722	-200.244	-10.4295	
14.3064	1.97518	0.816396	-29.5204	177.209	-0.762196	
-5.00976	0.285234	0.139285	14.323	-190.267	5.92694	
-4.93768	0.291541	0.141812	-18.6553	-185.855	6.21389	
-5.25205	0.264036	0.130792	-31.4706	-192.297	2.75304	
-6.55961	0.14964	0.0849563	-19.6703	-225.682	-8.50327	
-5.01081	0.285142	0.139248	14.6263	-190.87	9.96735	
-7.52335	0.0653238	0.0511734	-25.1848	-243.791	-7.48599	
-5.45876	0.245952	0.123546	-8.21097	-216.1	5.91145	
-6.50961	0.154014	0.086709	5.28334	-144.553	5.25687	
-3.40272	0.425831	0.195618	-18.0306	-205.564	8.39792	
-6.74239	0.133649	0.0785492	-29.5766	-188.926	3.89693	
-3.69096	0.400614	0.185515	-35.6854	-168.029	2.91745	
-5.46403	0.245491	0.123361	-1.74073	-170.877	1.55389	
-5.34509	0.255896	0.12753	-62.7229	-207.938	16.574	
-4.46324	0.333048	0.158443	-37.1225	-200.168	7.20983	
-3.44038	0.422537	0.194298	-46.5542	-229.683	-11.638	
-5.14084	0.273766	0.13469	-9.05797	-199.97	8.64312	
-3.99679	0.373858	0.174794	4.27244	-183.409	26.1179	
-4.75565	0.307466	0.148193	-10.3665	-183.841	-3.97719	
-2.85049	0.474146	0.214977	-24.9185	-200.856	-1.95243	
-4.61907	0.319415	0.15298	-42.7905	-173.965	6.59224	
-4.91301	0.293699	0.142677	-22.7274	-197.68	-4.6339	
-3.50409	0.416963	0.192065	14.837	-218.389	4.51922	
-5.69054	0.225673	0.115421	-2.95612	-182.475	0.830313	
0.097436	0.732056	0.318313	-24.2911	127.367	40.7092	
-3.38286	0.427569	0.196314	-45.8869	-204.928	-9.14533	
-3.44685	0.421971	0.194071	-3.1315	-166.828	-4.04728	
-5.99263	0.199244	0.104831	2.56213	-179.027	3.03023	
-2.62258	0.494085	0.222965	-84.0694	-218.111	9.39908	
-4.6604	0.315799	0.151531	-29.8587	-226.871	-2.29769	
-6.35237	0.167771	0.0922209	3.77226	-205.455	4.74689	
-4.20276	0.355838	0.167574	1.16616	-151.71	-0.404821	
-4.4355	0.335476	0.159415	-40.6985	-216.972	-2.29161	
-4.93836	0.291481	0.141788	-1.84855	-171.391	10.8782	
-2.59759	0.496271	0.223842	-25.9221	-210.472	11.4914	
-5.07497	0.279529	0.136999	-14.9317	-192.259	6.52967	
0.200718	0.741092	0.321934	-31.5965	56.2945	13.7941	
-2.92434	0.467685	0.212388	16.7017	-196.313	-8.51138	
-2.96076	0.464498	0.211111	-54.7738	-171.476	6.63778	
-3.66005	0.403319	0.186598	-82.4387	-154.899	5.52935	
-4.51516	0.328506	0.156623	7.651	-192.33	-24.6896	
-5.09376	0.277885	0.13634	-9.21353	-197.597	-4.47454	
-5.63871	0.230208	0.117237	-33.197	-195.217	13.1425	
-5.39714	0.251342	0.125706	50.6569	-186.189	8.20288	
-3.30359	0.434504	0.199093	-42.9372	-211.177	11.7016	
-3.54419	0.413455	0.190659	-52.751	-158.819	6.59393	
-6.38345	0.165052	0.0911316	36.28	-200.584	1.74433	
-4.35431	0.342579	0.162261	-16.5094	-181.84	2.91599	
-5.90728	0.206712	0.107823	-48.9068	-218.618	12.5192	
-3.78377	0.392494	0.182261	-67.4263	-199.544	-0.717162	
-6.04388	0.19476	0.103035	37.2079	-154.71	4.89015	
-6.27557	0.17449	0.094913	39.8781	-173.817	-1.255	
-5.99128	0.199362	0.104879	30.6483	-177.441	-0.716654	
-4.48505	0.33114	0.157678	-41.3066	-170.274	18.3201	
-3.38124	0.427711	0.196371	-81.0238	-168.581	7.59174	
-7.22297	0.0916034	0.0617028	45.8031	-176.06	-1.77758	
-4.76447	0.306694	0.147883	-55.38	-217.766	1.1271	
-2.89535	0.470221	0.213404	-93.8082	-203.4	2.68763	
-3.52756	0.41491	0.191242	-24.4282	-221.068	5.09427	
-2.14141	0.536183	0.239833	-78.5114	-172.699	6.14044	
-4.77317	0.305933	0.147578	-42.3896	-161.129	-6.0498	
-2.86348	0.473009	0.214521	-22.6857	-209.188	-5.94564	
-6.69436	0.13785	0.0802326	-27.8031	-220.869	8.97572	
-6.15962	0.184635	0.0989778	27.4457	-150.178	9.4652	
-5.90956	0.206512	0.107743	-36.9376	-213.615	2.20347	
-4.80655	0.303012	0.146408	-12.3929	-205.506	5.98605	
-3.82568	0.388828	0.180792	-57.2907	-207.904	-3.19521	
-3.79849	0.391207	0.181745	-22.0711	-195.321	-9.15653	
-3.38668	0.427235	0.196181	-50.0252	-132.844	3.1045	
0.31389	0.750993	0.325901	-51.1092	0.642684	-12.7839	
-5.6871	0.225974	0.115541	34.6516	-157.864	-9.09848	
-5.00758	0.285425	0.139361	-87.9448	-207.03	-2.3051	
-4.6141	0.31985	0.153155	-26.947	-225.129	0.0913269	
-6.12609	0.187568	0.100153	-23.3347	-196.144	-0.307811	
-5.09956	0.277377	0.136137	20.1738	-189.332	-7.39077	
-3.73801	0.396498	0.183865	3.33118	-179.073	-11.5561	
-5.68632	0.226043	0.115569	18.4318	-221.397	-0.86721	
-4.6886	0.313332	0.150543	-23.5336	-192.72	1.93725	
-5.48226	0.243896	0.122722	-35.1653	-227.707	-6.26514	
-3.01518	0.459737	0.209203	-0.217217	-195.274	6.27734	
-3.35837	0.429712	0.197173	-76.7738	-151.519	0.140085	
-5.5466	0.238267	0.120467	-14.0983	-189.743	-13.3591	
-5.93028	0.204699	0.107017	-35.5055	-189.915	4.68186	
-4.33732	0.344065	0.162857	-31.1705	-157.567	9.6243	
-6.02939	0.196028	0.103543	7.27307	-248.171	15.7776	
-6.50045	0.154815	0.08703	28.5643	-193.633	-0.446678	
-4.67709	0.314339	0.150946	-57.8092	-197.903	5.11207	
-7.09224	0.103041	0.0662855	-16.403	-206.26	2.08356	
-3.15206	0.447762	0.204405	-39.6457	-185.094	2.60288	
-2.27618	0.524391	0.235108	-2.54637	-159.548	-0.551012	
-5.40556	0.250606	0.125411	-0.665006	-198.044	-10.03	
-2.72988	0.484698	0.219204	-36.2557	-167.796	-12.9751	
-5.66918	0.227542	0.11617	-8.73248	-171.046	-3.35235	
-5.36985	0.25373	0.126662	-51.5959	-221.171	15.6419	
-6.10298	0.189589	0.100963	-22.9624	-153.473	-0.544893	
-5.22547	0.266362	0.131723	-28.9643	-146.134	10.0744	
-5.34938	0.255521	0.12738	16.3665	-214.822	4.34832	
-6.20965	0.180257	0.0972239	52.2962	-222.903	1.39463	
-6.86668	0.122775	0.0741923	-39.1793	-216.059	4.88789	
-4.53785	0.326521	0.155827	23.6485	-118.26	-12.763	
-5.72774	0.222419	0.114117	-6.37346	-204.69	4.66074	
-6.88828	0.120885	0.0734352	-67.399	-204.808	0.380863	
-2.29049	0.523139	0.234607	-71.5189	-168.463	10.4146	
-4.55952	0.324625	0.155068	-21.5001	-165.216	-9.01125	
-4.13054	0.362156	0.170105	-0.943824	-184.214	0.732451	
-2.42039	0.511775	0.230053	-52.412	-196.73	12.2006	
-6.23196	0.178305	0.0964417	38.4471	-202.61	2.39168	
-5.54581	0.238336	0.120494	3.27797	-174.546	8.46528	
-6.98353	0.112551	0.070096	21.3675	-239.967	2.98423	
-5.69816	0.225007	0.115154	-14.9015	-194.326	4.77944	
-5.46823	0.245123	0.123214	21.1027	-135.006	-6.34333	
-3.84052	0.38753	0.180272	-24.3699	-184.324	-19.3644	
-4.24892	0.351799	0.165955	-66.2911	-219.093	3.97049	
-5.13892	0.273934	0.134757	-15.7775	-182.543	-3.92874	
-6.30032	0.172325	0.0940455	12.7431	-211.778	-11.4586	
-3.28204	0.43639	0.199849	-55.7738	-176.553	2.39109	
-6.61856	0.144482	0.0828898	-55.5563	-197.223	-3.14399	
-4.67045	0.31492	0.151179	-32.8708	-169.926	-9.96214	
-3.86595	0.385304	0.17938	2.5865	-217.626	11.54	
-1.67535	0.576957	0.25617	-38.9007	-204.55	-1.30675	
-5.83163	0.21333	0.110475	5.45285	-176.338	0.215662	
-6.93255	0.117011	0.071883	16.8857	-148.266	-22.6654	
-2.77639	0.480628	0.217574	-53.3466	-154.04	-12.5341	
-3.36241	0.429359	0.197031	-19.9288	-184.15	-9.1644	
-5.11469	0.276054	0.135607	31.865	-187.526	2.78089	
-4.05034	0.369172	0.172917	21.7834	-174.019	-8.00652	
-5.49765	0.242549	0.122182	-31.5475	-155.433	-0.848474	
-6.21946	0.179399	0.09688	-8.48336	-190.408	-14.2904	
-3.33771	0.43152	0.197897	-32.562	-180.765	6.56427	
-2.38589	0.514793	0.231263	-47.3525	-202.464	8.00098	
-3.45436	0.421314	0.193808	13.1107	-156.549	-5.64927	
-5.09635	0.277659	0.13625	-4.34528	-181.863	6.84186	
-5.52603	0.240066	0.121188	-45.8217	-144.85	8.95916	
-1.65213	0.578989	0.256984	27.4232	-176.966	-15.38	
11.6738	1.74486	0.724113	12.3723	201.149	6.65661	
-5.64905	0.229303	0.116875	14.3234	-198.069	11.2864	
-6.33167	0.169582	0.0929466	4.99571	-192.389	-0.415608	
-5.93566	0.204228	0.106828	-19.2958	-195.295	-2.53618	
-4.98178	0.287682	0.140266	-37.0564	-193.443	1.11418	
-3.45308	0.421426	0.193853	-32.9975	-164.333	-1.24287	
-4.2712	0.34985	0.165175	-6.12257	-177.91	-0.227927	
-4.35739	0.342309	0.162153	-37.1744	-203.371	-10.4888	
-4.55859	0.324707	0.1551	-29.8158	-186.398	11.2789	
-3.16275	0.446827	0.204031	-48.0972	-134.702	-4.88796	
-6.54878	0.150588	0.0853361	-34.798	-183.719	3.90333	
-3.79368	0.391627	0.181914	-34.3251	-163.795	-16.7788	
-3.01777	0.459511	0.209113	51.7428	-174.851	-4.38854	
-5.47096	0.244884	0.123118	-64.6442	-148.465	11.8008	
-5.62761	0.231179	0.117627	68.3297	-184.562	9.35499	
-5.73594	0.221702	0.113829	1.606	-191.516	6.4373	
-4.33497	0.34427	0.162939	-111.156	-176.268	2.78896	
-4.08727	0.365942	0.171622	-32.6643	-151.685	0.653128	
-7.30545	0.0843873	0.0588116	1.00926	-214.46	-8.42366	
-6.00797	0.197902	0.104294	1.55642	-156.128	-10.6054	
-6.0074	0.197952	0.104314	-35.0165	-167.452	-4.76487	
-6.00039	0.198565	0.104559	24.7575	-212.309	2.72504	
-7.5031	0.0670947	0.0518829	-10.7981	-218.787	0.263621	
-4.31772	0.345779	0.163544	15.1479	-243.91	-7.61684	
-6.40826	0.162881	0.0902616	-24.2174	-230.385	-2.26499	
-7.37425	0.0783681	0.0563998	-14.2917	-193.747	11.7202	
-2.16744	0.533905	0.23892	-45.8634	-216.473	-1.23966	
-4.06088	0.368251	0.172547	10.4461	-187.795	0.294011	
-4.2492	0.351774	0.165946	18.4747	-192.403	-7.50593	
-5.78175	0.217693	0.112223	-43.7785	-192.501	2.12066	
-5.61037	0.232688	0.118231	-38.8125	-189.443	16.2021	
-3.44371	0.422245	0.194181	16.0062	-223.333	-7.38542	
-2.67864	0.489181	0.221	-57.5332	-182.149	-4.96481	
-6.17162	0.183584	0.098557	-25.0006	-194.89	-1.22408	
-4.10082	0.364756	0.171147	-45.9417	-166.215	-3.69787	
-5.23974	0.265113	0.131223	-13.6376	-213.577	5.00457	
-5.96924	0.20129	0.105651	3.68231	-181.446	-6.27628	
-5.13558	0.274226	0.134874	-5.63303	-235.454	-15.7352	
-4.39252	0.339235	0.160922	-39.8875	-168.054	4.99648	
-3.82322	0.389043	0.180878	-78.5398	-193.45	10.9583	
-6.46892	0.157575	0.0881355	21.2387	-234.828	7.06481	
-4.18452	0.357433	0.168213	-51.7459	-166.766	-3.27762	
-5.79163	0.216829	0.111877	25.6981	-150.184	-1.81108	
-3.87324	0.384667	0.179125	-1.35908	-217.982	-2.1747	
-6.84288	0.124857	0.0750266	-19.3668	-193.535	2.40197	
-5.54704	0.238228	0.120451	10.9951	-204.102	-4.36491	
-3.99017	0.374437	0.175026	17.9693	-192.635	-1.24712	
-4.41638	0.337148	0.160085	13.5045	-184.627	-4.82751	
-4.06734	0.367685	0.172321	-65.6896	-177.595	9.64163	
11.7183	1.74875	0.725673	14.7109	235.805	8.10878	
-3.45364	0.421377	0.193833	-23.6047	-171.938	-2.91393	
-5.43967	0.247622	0.124215	45.4848	-179.246	-2.66711	
-5.5398	0.238862	0.120705	10.7158	-212.908	10.3485	
-4.93274	0.291973	0.141985	16.5543	-186.927	6.91373	
-6.17474	0.183311	0.0984475	22.7776	-197.257	-2.75318	
-3.14857	0.448067	0.204527	-61.415	-164.865	-9.23802	
-2.71698	0.485826	0.219656	24.6817	-188.206	-6.28996	
-5.6995	0.22489	0.115107	-8.30175	-175.628	1.48049	
-4.03516	0.370501	0.173449	-44.8686	-218.236	6.1274	
-4.73473	0.309296	0.148926	2.50644	-196.353	4.99361	
-4.67101	0.314871	0.15116	-22.227	-228.146	-2.26495	
-4.90363	0.294519	0.143005	-28.115	-149.337	-25.183	
0.176646	0.738986	0.32109	-37.2051	-60.1775	-37.2998	
-2.67721	0.489306	0.221051	6.91593	-166.138	10.6906	
-3.54727	0.413185	0.190551	-68.4352	-177.09	-9.39286	
-3.4136	0.42488	0.195237	8.13749	-203.392	-15.2125	
-4.71033	0.311431	0.149781	-10.9446	-141.331	10.9921	
-3.86968	0.384978	0.179249	-10.6015	-224.031	-1.44862	
-6.79323	0.1292	0.0767668	-24.4111	-199.224	2.62686	
-6.21147	0.180098	0.0971599	-29.3845	-183.429	-3.59917	
-5.79556	0.216485	0.111739	-21.9042	-175.429	13.1665	
-0.0151503	0.722206	0.314367	-6.11681	10.5555	12.1575	
-5.76921	0.218791	0.112663	-12.4217	-211.675	2.35274	
-5.64177	0.229941	0.117131	-37.6829	-205.627	0.626382	
-4.07191	0.367285	0.17216	-46.7015	-138.587	1.46308	
-5.18958	0.269502	0.132982	-16.9409	-195.145	-3.0952	
-3.171	0.446105	0.203741	-8.02368	-204.97	-5.05076	
-3.02861	0.458562	0.208732	19.3833	-213.144	-0.549176	
-5.98727	0.199713	0.105019	4.87746	-172.614	-6.2737	
-4.23097	0.353369	0.166585	-56.3509	-229.15	12.7021	
-5.89873	0.207459	0.108123	-10.2203	-154.234	0.93413	
-6.74397	0.13351	0.0784937	-16.2437	-192.816	-11.3851	
-4.32738	0.344934	0.163205	-39.949	-214.382	3.40726	
-5.88004	0.209094	0.108778	-21.438	-192.115	-2.53024	
-4.2345	0.353061	0.166461	-40.753	-165.531	3.53385	
-3.26349	0.438013	0.200499	-29.7988	-175.871	4.07286	
-6.08719	0.190972	0.101517	5.90785	-207.805	1.62866	
-4.64132	0.317468	0.1522	6.93017	-186.573	-1.79722	
-5.65409	0.228862	0.116698	-18.0849	-193.86	6.85723	
-5.25997	0.263343	0.130514	74.9716	-182.343	-5.96114	
-5.3259	0.257575	0.128203	0.0776868	-163.747	-1.53359	
-2.70813	0.486601	0.219967	9.01758	-203.662	2.81149	
-4.17885	0.357929	0.168412	-30.2769	-179.166	13.5647	
-4.39448	0.339064	0.160853	-6.41604	-185.406	6.70574	
-3.82937	0.388505	0.180663	-37.4697	-146.174	-9.01098	
-4.13714	0.361578	0.169874	31.0124	-203.089	3.93452	
-2.8584	0.473454	0.214699	-71.8511	-141.672	5.51646	
-3.53195	0.414526	0.191089	-20.9129	-206.307	-3.06279	
-5.31518	0.258513	0.128579	-59.5426	-204.797	0.421298	
-4.78949	0.304505	0.147006	4.43547	-209.479	0.282918	
-6.51414	0.153618	0.0865502	-62.2013	-234.539	3.73024	
-4.24588	0.352065	0.166062	-28.1576	-199.593	8.88006	
-4.54553	0.325849	0.155558	-52.7452	-184.674	7.8667	
-4.44104	0.334991	0.159221	3.66387	-184.071	-4.07163	
-7.07171	0.104836	0.0670049	3.15714	-201.187	9.73908	
-5.94538	0.203378	0.106488	38.098	-182.144	10.5843	
-5.36475	0.254176	0.126841	23.3017	-162.121	-17.5437	
-6.21682	0.17963	0.0969725	-37.7848	-174.478	16.5164	
-6.99705	0.111368	0.0696221	-10.643	-154.938	-5.46567	
-4.68413	0.313723	0.1507	1.36377	-213.611	-3.49445	
-6.14581	0.185843	0.0994618	-45.7657	-187.678	1.91701	
-3.30337	0.434524	0.199101	-63.9727	-159.811	-4.73153	
-4.38248	0.340114	0.161274	32.5915	-178.423	0.567617	
-5.69518	0.225268	0.115258	-1.31494	-171.992	-2.92598	
-4.33528	0.344244	0.162928	-13.7477	-192.353	-5.69428	
-5.01282	0.284967	0.139178	85.1615	-204.521	8.04954	
-3.93002	0.379699	0.177134	-21.6063	-201.141	-3.88252	
-4.61453	0.319813	0.15314	-20.3847	-188.592	-16.4623	
-6.76672	0.13152	0.0776961	9.39141	-195.866	-4.32117	
16.5708	2.17328	0.895772	-28.3641	215.896	3.16509	
-4.00951	0.372745	0.174348	-55.8581	-173.869	6.16489	
-4.37217	0.341016	0.161635	2.13521	-205.041	-0.476593	
-4.96899	0.288801	0.140714	16.8959	-166.393	3.35391	
-6.728	0.134907	0.0790534	4.43283	-206.263	-5.75142	
-3.34956	0.430483	0.197482	-10.6078	-173.48	-7.24255	
-6.45146	0.159102	0.0887474	-22.2368	-202.728	2.53298	
-5.87569	0.209475	0.10893	-2.10464	-176.791	-1.26458	
-5.77761	0.218056	0.112369	-0.329434	-188.207	4.12028	
-6.05107	0.194131	0.102783	9.43332	-177.49	10.8544	
-2.71082	0.486365	0.219872	12.6451	-174.076	5.61117	
-5.80621	0.215554	0.111366	8.23529	-172.569	8.7458	
-6.0536	0.19391	0.102694	-41.9473	-197.744	5.55379	
-6.61087	0.145155	0.0831593	1.89329	-177.794	6.04374	
-5.30881	0.259071	0.128802	-23.3512	-177.035	-4.97434	
-5.29538	0.260245	0.129273	-56.2656	-234.403	2.73666	
-3.68938	0.400752	0.18557	-24.2407	-174.178	0.013601	
-5.3111	0.25887	0.128722	43.2077	-215.787	3.51487	
-4.76698	0.306475	0.147795	-16.6738	-174.008	5.10727	
-6.55559	0.149991	0.0850972	3.87896	-161.942	4.10765	
-5.18022	0.27032	0.13331	40.6514	-174.68	-4.37186	
-5.38821	0.252124	0.126019	-33.475	-173.143	4.18181	
-3.27471	0.437031	0.200106	16.6181	-201.283	6.0819	
-6.24853	0.176856	0.095861	11.7024	-185.784	-9.77295	
-4.82201	0.30166	0.145866	-68.1094	-184.913	-1.9698	
-6.11293	0.18872	0.100614	15.5031	-197.263	0.441775	
-4.40187	0.338417	0.160594	-4.51915	-144.621	0.680403	
-6.44624	0.159559	0.0889305	-7.84949	-181.862	5.32434	
-3.29303	0.435428	0.199463	37.5078	-212.665	-6.98324	
-6.55339	0.150184	0.0851745	-0.0849951	-173.546	-5.26547	
-4.60989	0.320218	0.153302	-9.6777	-195.486	0.907279	
-5.31564	0.258473	0.128563	15.6497	-180.019	-7.67409	
-5.8393	0.212658	0.110206	14.79	-166.907	-1.7644	
-5.66397	0.227998	0.116352	25.5754	-182.133	1.80247	
-2.21818	0.529465	0.237141	-83.1146	-172.396	7.10842	
-3.42872	0.423557	0.194707	-37.1478	-165.722	0.627663	
-5.11953	0.27563	0.135437	44.6873	-194.983	9.89128	
-4.37895	0.340423	0.161398	-39.0174	-167.863	-13.572	
-3.18708	0.444698	0.203178	-101.166	-159.566	10.2712	
-5.75733	0.21983	0.113079	-13.6577	-202.176	0.0729354	
-2.47941	0.506611	0.227984	-38.5551	-198.966	-13.6856	
-5.38316	0.252566	0.126196	17.6771	-163.902	2.94619	
-4.70295	0.312076	0.15004	-29.8858	-205.703	1.03719	
-3.8806	0.384022	0.178867	-42.2796	-206.167	-4.37913	
-7.14354	0.0985524	0.0644871	-4.27302	-194.196	2.32197	
-3.44538	0.422099	0.194123	-57.3008	-154.24	-3.91634	
-5.92194	0.205428	0.107309	-46.2953	-172.596	3.82352	
-5.5954	0.233997	0.118756	-34.7514	-171.522	9.04896	
-5.22587	0.266327	0.131709	-40.0021	-163.077	5.81943	
-3.91565	0.380957	0.177638	-20.3855	-169.515	-2.04317	
-6.49347	0.155426	0.0872747	15.9169	-252.865	-0.682467	
-4.80747	0.302932	0.146376	-8.25042	-175.953	17.1157	
-6.84254	0.124886	0.0750384	56.8557	-211.589	13.7255	
-3.67203	0.40227	0.186178	13.4991	-191.016	-7.65981	
21.3486	2.59129	1.06325	-48.5045	265.07	-4.88066	
-3.67564	0.401954	0.186051	-6.63803	-207.56	-12.3865	
-3.75066	0.395391	0.183422	17.198	-184.461	-7.58732	
-5.26154	0.263206	0.130459	19.8099	-200.501	-4.05281	
-3.5459	0.413305	0.190599	-76.5309	-167.059	0.314844	
-2.30765	0.521638	0.234005	17.2069	-230.397	-8.57606	
-4.64072	0.317521	0.152222	-21.5502	-208.827	-12.4456	
-5.6949	0.225292	0.115268	-22.5626	-175.458	-4.78778	
-3.45388	0.421356	0.193825	-2.72501	-211.313	7.56485	
-3.63456	0.405548	0.187491	-14.5683	-204.773	2.42626	
-5.67124	0.227362	0.116097	23.482	-184.59	-2.24698	
-5.65177	0.229065	0.11678	12.1441	-189.043	-11.9262	
-5.94225	0.203651	0.106597	-0.724898	-201.932	0.223763	
-7.05425	0.106364	0.0676171	-26.2114	-212.476	-4.6954	
-3.39808	0.426237	0.195781	32.4717	-203.572	-8.78177	
-7.14369	0.0985397	0.064482	-31.6391	-214.182	-1.42319	
-6.81585	0.127222	0.075974	-35.2344	-149.341	-4.42489	
-4.0707	0.367391	0.172203	-11.8404	-169.277	3.91436	
-5.46206	0.245663	0.12343	14.3823	-166.722	-1.46409	
-3.77935	0.392881	0.182416	10.3184	-120.715	2.06257	
-5.32572	0.257591	0.128209	46.9906	-215.082	15.2962	
-4.96165	0.289443	0.140972	-47.5006	-222.004	18.712	
-5.31544	0.25849	0.12857	20.2772	-168.899	6.17387	
-3.58784	0.409636	0.189129	-76.3741	-207.384	-17.9284	
-4.52433	0.327704	0.156301	-12.4936	-139.962	3.55623	
-3.98151	0.375194	0.175329	-38.6584	-178.672	2.89738	
-5.22681	0.266245	0.131677	23.814	-216.658	7.6738	
-6.18169	0.182704	0.0982041	-7.55144	-208.763	14.7878	
10.7419	1.66332	0.691445	-46.7623	214.186	-1.25558	
-5.28558	0.261103	0.129616	45.0092	-195.423	-2.62999	
-4.76957	0.306248	0.147705	-46.4264	-202.068	0.426415	
-5.75311	0.220199	0.113227	1.68209	-171.041	-1.36923	
-4.79279	0.304217	0.146891	-12.9099	-220.367	4.02677	
-4.83746	0.300309	0.145325	15.6686	-196.602	-7.09322	
-4.84435	0.299705	0.145083	-66.5387	-186.501	9.01094	
-4.6291	0.318538	0.152629	-51.4386	-132.278	0.536922	
-2.17585	0.533169	0.238625	-70.182	-179.585	4.9688	
-6.05544	0.193749	0.102629	-4.69048	-157.302	-9.38867	
-5.51704	0.240853	0.121503	18.2713	-221.262	-6.13503	
-6.89925	0.119925	0.0730506	-13.706	-166.919	-1.57281	
-7.10174	0.10221	0.0659524	27.0181	-214.357	-5.00177	
18.4798	2.3403	0.96269	-36.7949	236.692	-3.1733	
-6.50169	0.154707	0.0869866	7.60558	-221.02	1.60196	
-5.75542	0.219998	0.113147	14.4422	-173.646	5.67351	
-4.66433	0.315455	0.151394	16.038	-197.883	5.78929	
-3.61419	0.407331	0.188205	-62.9315	-184.115	13.736	
-3.6988	0.399928	0.185239	-33.7391	-211.743	0.193013	
-5.45724	0.246084	0.123599	-54.5429	-217.578	14.0425	
-6.92502	0.11767	0.0721471	-0.981376	-207.012	-1.64489	
-4.51649	0.328389	0.156576	-0.843959	-201.972	3.27654	
-7.0094	0.110288	0.0691892	31.9738	-176.625	-6.57969	
-2.84314	0.474789	0.215234	-26.3978	-178.482	10.4991	
-3.66671	0.402736	0.186364	38.8839	-179.618	-1.71054	
-4.6753	0.314495	0.151009	-52.9079	-212.025	-2.58197	
-4.664	0.315484	0.151405	24.8301	-188.756	20.3733	
-6.46889	0.157577	0.0881365	12.3507	-196.997	3.95184	
0.182742	0.739519	0.321304	-28.7403	88.701	23.7334	
-3.68309	0.401302	0.18579	39.4771	-205.819	-0.825499	
-4.24812	0.351869	0.165984	-6.5199	-134.976	3.81866	
-4.25275	0.351464	0.165821	25.1723	-207.8	-1.67947	
-5.47291	0.244713	0.12305	-23.9262	-193.532	-3.91475	
-3.89307	0.382931	0.178429	-30.4974	-195.185	4.21775	
-4.98156	0.287702	0.140274	52.9298	-177.392	6.42753	
-3.79712	0.391326	0.181793	-80.8027	-198.14	14.9701	
-5.03658	0.282887	0.138345	19.6359	-167.914	-4.36573	
-5.14161	0.273699	0.134663	-13.3136	-183.649	-14.5958	
-3.47183	0.419785	0.193196	24.007	-183.278	1.03433	
-3.89915	0.3824	0.178216	-33.6613	-175.721	-3.33951	
-2.78224	0.480117	0.217369	-13.7094	-172.433	-9.78411	
-7.43605	0.0729613	0.0542335	-11.3172	-200.572	-1.59641	
-5.73284	0.221973	0.113938	-26.3307	-174.913	0.831749	
-4.10479	0.364408	0.171008	-1.78466	-171.61	0.193355	
-6.69227	0.138034	0.080306	-18.7149	-181.152	4.19106	
-6.7631	0.131837	0.0778232	44.6662	-176.635	13.4121	
-3.19514	0.443993	0.202895	-20.295	-199.398	-7.82404	
-4.80973	0.302735	0.146297	-12.227	-208.93	10.4866	
-3.71278	0.398705	0.184749	47.6922	-161.023	-18.4778	
-4.62191	0.319166	0.152881	7.12003	-212.147	9.19895	
-3.55008	0.41294	0.190453	-43.5068	-165.938	2.90737	
-5.54572	0.238343	0.120497	-9.68763	-181.907	-4.44273	
-3.44134	0.422453	0.194265	25.2669	-197.462	1.9488	
-4.84457	0.299687	0.145076	14.3389	-171.622	-5.37628	
-6.12792	0.187408	0.100089	28.9454	-213.883	-7.93117	
-4.90545	0.29436	0.142942	-11.2409	-161.627	15.5929	
-2.9165	0.46837	0.212662	41.9899	-151.003	-23.8497	
-7.15786	0.0972998	0.0639852	50.9295	-155.796	6.08722	
-5.13267	0.274481	0.134976	10.3555	-182.976	7.214	
-5.60757	0.232932	0.118329	-23.1175	-231.702	5.53785	
-2.11722	0.538298	0.24068	27.0079	-236.854	5.98018	
-4.64268	0.31735	0.152153	11.9838	-188.106	15.8354	
-7.08516	0.10366	0.0665335	28.0691	-211.384	2.28273	
-7.05557	0.106249	0.0675707	12.0118	-223.434	4.28846	
-4.82555	0.30135	0.145742	12.5808	-161.073	9.59906	
-6.07192	0.192307	0.102052	47.5532	-255.592	14.4884	
-4.35368	0.342634	0.162283	12.1396	-164.269	-11.4645	
-4.02619	0.371285	0.173763	-42.371	-156.802	5.76419	
-4.86076	0.29827	0.144508	-6.12411	-216.541	-9.08727	
-7.6638	0.0530358	0.0462499	-19.94	-216.906	6.25419	
-6.35374	0.167651	0.092173	-7.02397	-243.391	-7.67136	
-5.39456	0.251569	0.125796	-17.3624	-177.25	9.96052	
-3.25829	0.438468	0.200681	-14.2927	-188.239	-5.84217	
-4.20083	0.356007	0.167642	11.9103	-207.463	-3.88101	
-6.74639	0.133298	0.0784087	16.1152	-194.687	-3.45599	
-4.9591	0.289666	0.141061	-33.0945	-168.238	19.1015	
-5.54298	0.238584	0.120593	17.7973	-224.927	-11.1236	
-2.68759	0.488398	0.220687	-86.3339	-217.597	1.82073	
-3.23428	0.440569	0.201523	-38.1905	-216.157	4.47075	
-6.41434	0.162349	0.0900487	21.9715	-186.708	-3.12231	
-6.06301	0.193087	0.102364	-69.2596	-182.895	-9.62032	
-5.63381	0.230637	0.117409	-34.1276	-171.682	-5.14303	
-4.33361	0.34439	0.162987	-40.8998	-183.893	4.65356	
-4.24575	0.352076	0.166067	-16.8259	-181.559	-2.0147	
-3.60256	0.408348	0.188613	3.46786	-186.808	-5.46985	
-2.88909	0.470769	0.213623	14.0684	-202.225	4.83273	
-3.40499	0.425633	0.195539	-22.1671	-177.028	-0.172044	
-2.96827	0.463841	0.210848	-31.7745	-122.73	3.15722	
-7.2632	0.0880836	0.0602925	29.8235	-158.491	3.16094	
-4.20759	0.355415	0.167404	-77.923	-182.353	4.11414	
-7.13151	0.0996046	0.0649087	-29.8496	-192.98	-8.5215	
-4.329	0.344793	0.163148	-25.494	-202.603	9.82274	
-5.34849	0.255599	0.127411	-57.151	-203.599	3.23708	
-5.26367	0.26302	0.130384	-53.008	-173.992	4.94072	
-2.93332	0.466899	0.212073	0.0667941	-189.049	14.9729	
-3.32958	0.432231	0.198182	-5.94742	-219.48	-4.39685	
-5.17733	0.270573	0.133411	-2.5063	-138.99	-4.34393	
-3.95679	0.377357	0.176196	-21.7386	-202.825	2.57751	
-4.9705	0.288669	0.140661	1.92552	-211.873	-5.63929	
-5.84618	0.212056	0.109965	-16.9074	-247.261	7.45973	
-2.44487	0.509633	0.229195	17.9364	-207.444	-15.244	
-6.08729	0.190963	0.101513	-12.3058	-195.499	-5.35171	
-3.81398	0.389851	0.181202	-49.8465	-178.075	4.82444	
-3.34066	0.431261	0.197794	-78.9622	-198.994	18.8351	
-2.43419	0.510567	0.229569	0.323434	-174.874	-8.82508	
-3.69699	0.400087	0.185303	-8.74303	-189.035	-1.9372	
-3.42318	0.424042	0.194901	-12.9877	-220.089	-9.13749	
-7.03129	0.108373	0.0684221	23.0051	-178.911	-1.88263	
-6.78042	0.130322	0.0772161	17.1423	-168.381	-0.927233	
-3.94349	0.378521	0.176662	5.22748	-181.659	-1.1292	
-2.80752	0.477905	0.216483	-2.01103	-203.778	6.55182	
-4.25799	0.351006	0.165638	-20.8233	-188.325	0.830072	
-4.32221	0.345387	0.163387	-57.9227	-166.286	3.33239	
0.403802	0.758859	0.329053	1.74869	68.3104	18.3383	
-3.77925	0.39289	0.182419	-56.4339	-191.804	-5.92708	
-2.86587	0.4728	0.214437	-123.782	-127.413	0.932165	
-3.40254	0.425848	0.195625	-13.1876	-192.457	-4.91157	
-4.22421	0.35396	0.166822	-2.53488	-211.286	-12.7515	
-4.70017	0.31232	0.150138	-33.7609	-211.441	-7.7894	
-4.74165	0.30869	0.148683	-10.3825	-167.189	-2.51267	
-4.14083	0.361255	0.169745	19.4134	-174.293	-1.37391	
-6.55848	0.149738	0.0849959	-14.4194	-167.872	-4.49359	
-5.03089	0.283385	0.138544	10.3794	-214.651	13.5982	
-4.11131	0.363838	0.170779	11.6984	-212.701	-6.35767	
-6.12463	0.187695	0.100204	-32.1008	-216.421	4.10955	
-6.0346	0.195572	0.10336	-29.3859	-176.569	-0.614556	
-6.82012	0.126848	0.0758245	7.88861	-261.024	-7.60371	
-3.50037	0.417288	0.192195	-18.5866	-162.724	6.48728	
-6.38487	0.164927	0.0910816	17.4013	-202.158	-2.61888	
-4.21857	0.354455	0.16702	-21.1006	-191.431	1.5761	
-3.67962	0.401606	0.185912	-36.7025	-161.172	0.546323	
-4.02053	0.37178	0.173962	-12.821	-219.791	-9.2048	
-4.34377	0.3435	0.162631	-28.5249	-173.585	-1.69693	
-4.21245	0.354989	0.167234	-23.1208	-201.518	-20.8213	
-5.61378	0.232389	0.118112	-31.4989	-191.299	-5.4316	
-6.11023	0.188955	0.100709	-24.2036	-243.883	11.7408	
-3.04171	0.457416	0.208273	-28.4361	-211.138	-4.58791	
-5.55402	0.237618	0.120206	-10.0582	-205.836	8.3934	
-4.37096	0.341122	0.161677	3.86918	-197.387	0.573919	
-4.40642	0.33802	0.160435	-68.9312	-203.037	-1.91735	
-3.72765	0.397404	0.184228	-3.0799	-185.322	10.2583	
-3.12678	0.449973	0.205291	-12.0942	-221.31	-7.56002	
-4.67521	0.314503	0.151012	3.15359	-154.552	2.93394	
-3.77808	0.392992	0.18246	-45.8411	-197.315	14.4546	
-3.21489	0.442265	0.202203	-29.38	-176.762	8.49816	
-4.61983	0.319349	0.152954	-44.7849	-181.142	-0.56707	
-4.50317	0.329555	0.157043	12.6424	-201.5	2.19215	
-6.07145	0.192348	0.102068	-0.00466147	-226.444	-6.94672	
-6.09908	0.189931	0.1011	17.6355	-206.672	9.37469	
-5.47701	0.244355	0.122906	20.3368	-192.179	3.18546	
-4.45828	0.333482	0.158617	-21.6098	-202.977	-2.61467	
-3.77881	0.392928	0.182435	-66.0481	-177.842	-1.60167	
-3.87022	0.384931	0.17923	-54.5642	-171.668	-0.188868	
-6.24374	0.177275	0.096029	-36.8642	-196.808	-13.0466	
-4.28183	0.34892	0.164802	2.75313	-171.564	-10.7011	
-5.52844	0.239855	0.121103	-20.9791	-190.797	-1.58298	
-3.6292	0.406017	0.187679	-5.401	-197.339	19.2866	
-4.78268	0.305101	0.147245	27.2792	-198.79	4.5347	
-5.84632	0.212044	0.10996	-6.83645	-197.335	-2.7228	
-4.99134	0.286846	0.139931	61.1734	-224.712	-9.80309	
-4.87706	0.296844	0.143937	-27.4417	-180.428	-4.47441	
-6.15018	0.18546	0.0993086	-45.3244	-161.001	4.56556	
-6.21636	0.17967	0.0969886	16.6646	-218.816	8.17467	
-3.14411	0.448457	0.204684	27.3291	-192.883	-7.79478	
-5.12571	0.275089	0.13522	-69.7752	-203.174	11.4206	
-5.93456	0.204325	0.106867	-31.7774	-222.605	-18.5732	
-5.53763	0.239051	0.120781	25.2253	-186.331	1.31754	
-5.64521	0.22964	0.11701	10.5875	-191.198	3.58506	
-4.75226	0.307762	0.148311	-43.9223	-204.032	2.53789	
-3.10064	0.45226	0.206208	-35.3886	-166.978	-6.53824	
-3.92744	0.379925	0.177225	10.3628	-215.323	-10.5346	
-5.59184	0.234308	0.118881	-2.94476	-175.173	-2.09813	
-4.80499	0.303149	0.146463	-43.6605	-208.611	-8.55727	
-5.96493	0.201668	0.105802	-14.3239	-198.109	15.0557	
-4.67174	0.314807	0.151134	5.67495	-168.726	-0.236188	
-5.44952	0.24676	0.12387	65.1188	-167.835	-9.94004	
-6.34041	0.168817	0.0926402	-39.0239	-194.381	-3.49543	
24.3347	2.85254	1.16793	-13.6038	246.607	-5.68423	
-5.74433	0.220968	0.113535	-6.38679	-147.539	3.86932	
-5.8001	0.216088	0.11158	49.1433	-206.155	4.21616	
-3.33155	0.432058	0.198113	-41.6429	-148.897	0.149374	
-6.62492	0.143926	0.0826668	-37.0871	-213.146	-0.874001	
-4.27827	0.349231	0.164927	-34.9226	-194.335	0.0313591	
-6.98936	0.112041	0.0698917	21.4487	-192.34	-16.3403	
-6.90486	0.119434	0.0728538	15.2112	-194.32	-1.65763	
-6.14225	0.186154	0.0995864	-52.5659	-239.971	11.9032	
-4.17125	0.358594	0.168678	-8.4283	-175.097	6.06869	
-2.60672	0.495473	0.223522	-103.029	-127.188	0.541279	
-6.74075	0.133792	0.0786066	-0.367209	-207.769	12.315	
-6.37952	0.165396	0.0912693	-17.8741	-199.514	-1.98602	
-3.54845	0.413082	0.19051	-0.275537	-212.788	-13.4234	
-4.73101	0.309621	0.149056	-17.19	-162.412	10.8732	
-3.02464	0.45891	0.208872	-11.8255	-220.896	3.90452	
-5.40494	0.25066	0.125432	-20.7397	-214.578	-3.68162	
-6.49983	0.15487	0.0870518	-29.5295	-220.886	-13.7105	
-6.21825	0.179505	0.0969224	31.6369	-218.825	-4.51846	
-5.583	0.235082	0.11919	-16.1405	-220.076	7.15541	
-7.84916	0.0368189	0.0397522	56.7577	-234.845	-0.737449	
-6.50141	0.154731	0.0869964	-19.7957	-177.219	-12.0358	
-7.70255	0.0496458	0.0448916	-6.5466	-268.223	-4.55325	
-7.33217	0.0820498	0.057875	15.3991	-180.982	-7.32753	
-4.89805	0.295008	0.143201	26.0041	-197.566	7.90689	
-6.25533	0.176261	0.0956225	-37.4696	-154.854	-1.86719	
-6.25319	0.176448	0.0956977	10.6391	-201.353	3.26927	
-3.58823	0.409602	0.189116	-20.9041	-190.316	7.21268	
-5.87946	0.209145	0.108798	-19.5983	-185.417	-11.8087	
-4.28698	0.348469	0.164621	39.2906	-186.359	2.90433	
-4.36158	0.341942	0.162006	-0.496167	-169.842	-1.76219	
-5.24223	0.264895	0.131136	-56.8512	-193.27	-1.31812	
-4.87295	0.297204	0.144081	-45.0007	-190.177	-0.586911	
-2.15671	0.534844	0.239296	-105.063	-205.448	6.76394	
-7.00116	0.111009	0.0694782	-79.3213	-187.295	-3.99297	
-5.40865	0.250336	0.125302	-37.7279	-187.754	1.44388	
-6.28579	0.173596	0.0945549	26.7174	-194.691	1.09778	
-2.45754	0.508524	0.228751	-73.9572	-197.492	-12.3533	
-4.01629	0.372151	0.17411	-15.6973	-207.141	-1.66521	
-4.35221	0.342762	0.162335	-16.2188	-184.185	-13.7735	
-4.41907	0.336913	0.159991	40.6796	-177.296	4.23832	
-7.29738	0.0850935	0.0590945	36.5937	-243.862	12.2679	
-6.32826	0.16988	0.0930661	-69.1262	-175.767	2.66753	
-5.72815	0.222383	0.114102	-10.3695	-206.167	0.00330023	
-4.27308	0.349685	0.165109	-58.1832	-192.958	10.7493	
-3.58867	0.409563	0.1891	-56.7022	-218.569	1.28103	
-3.87622	0.384406	0.17902	-3.62189	-178.795	5.56996	
-4.29006	0.348199	0.164513	-13.9824	-233.007	11.0423	
-4.754	0.30761	0.14825	10.8115	-230.655	-7.71939	
-5.89672	0.207635	0.108193	-12.6489	-173.777	-4.07833	
-5.94677	0.203256	0.106439	-12.615	-218.619	4.89215	
-4.15028	0.360429	0.169413	-75.6503	-173.575	-4.18143	
-5.47914	0.244169	0.122831	-54.3515	-204.83	2.59457	
-6.24108	0.177507	0.096122	17.5542	-206.567	-11.6716	
-3.94686	0.378226	0.176544	-9.19272	-161.16	15.0138	
-5.75572	0.219971	0.113136	-20.1374	-190.193	0.470692	
-3.27795	0.436748	0.199992	-44.0664	-223.404	-0.212434	
-5.1857	0.269842	0.133118	-25.0356	-172.52	-14.7659	
-5.91141	0.20635	0.107678	59.3006	-230.899	15.8045	
-3.62426	0.406449	0.187852	40.9161	-199.706	2.58708	
-5.02201	0.284162	0.138856	-62.2826	-199.337	4.18359	
-6.48418	0.156239	0.0876003	-37.4252	-183.204	14.9495	
-5.30552	0.259358	0.128917	-17.8523	-187.119	0.558513	
-5.85534	0.211256	0.109644	-23.0143	-143.998	0.165619	
4.07332	1.0799	0.457685	-62.7891	173.591	-12.2962	
-3.33806	0.431489	0.197885	-39.0116	-181.707	6.76885	
-3.96159	0.376937	0.176028	-4.56681	-182.147	-7.59219	
-5.48881	0.243323	0.122492	4.20875	-195.736	-16.2449	
-5.28342	0.261292	0.129692	-1.53076	-216.737	-1.09743	
-3.68399	0.401224	0.185759	21.1106	-213.994	-10.4895	
-3.63036	0.405916	0.187639	-7.93587	-209.654	0.622381	
-0.266723	0.700196	0.305548	-54.2318	32.3684	25.0438	
-6.17351	0.183419	0.0984905	-44.5106	-170.07	-5.14172	
-4.30648	0.346763	0.163938	-41.5312	-209.317	4.9998	
-4.56908	0.323789	0.154733	-12.8555	-156.723	5.89456	
-4.72804	0.309881	0.14916	-62.7606	-187.41	3.43251	
-5.52938	0.239773	0.12107	-19.4024	-191.121	-12.0515	
-6.85043	0.124197	0.074762	-15.9843	-154.66	2.64957	
-3.45266	0.421463	0.193868	-11.201	-200.351	-1.09227	
-6.04144	0.194973	0.10312	-5.98412	-186.953	-3.62786	
-6.19938	0.181156	0.0975839	-46.7396	-184.168	-20.3865	
-5.80414	0.215735	0.111439	-2.00348	-165.218	-18.0759	
-4.2246	0.353927	0.166808	20.3452	-181.694	-2.75189	
-5.56969	0.236247	0.119657	-6.36296	-169.732	-3.87384	
-5.09945	0.277387	0.136141	-40.6968	-207.807	-0.785621	
-5.53193	0.23955	0.120981	-16.8108	-214.643	8.01931	
-3.88494	0.383643	0.178714	-27.4789	-219.204	-1.98659	
-3.71244	0.398735	0.184761	-15.2775	-208.021	-12.0945	
-5.04056	0.282539	0.138205	-52.5038	-173.895	6.819	
-2.73429	0.484312	0.21905	-7.37504	-182.902	-13.4037	
-4.17778	0.358023	0.168449	22.5216	-188.42	0.0664495	
-5.57828	0.235495	0.119356	38.768	-202.043	7.90288	
-5.89952	0.20739	0.108095	-38.7411	-204.437	-4.04836	
-6.82886	0.126083	0.0755179	10.648	-238.171	-6.95264	
-3.31323	0.433661	0.198755	-25.8264	-177.232	1.80745	
-3.5242	0.415203	0.19136	-28.3065	-155.534	-3.38379	
-5.26694	0.262734	0.13027	-24.9638	-173.271	0.0288519	
-5.13035	0.274684	0.135058	10.292	-168.373	-5.0953	
-3.52981	0.414713	0.191164	-53.9403	-154.654	6.33568	
-6.91181	0.118826	0.0726101	34.8402	-207.836	0.170434	
-4.93296	0.291953	0.141977	3.03924	-179.224	-0.287262	
-3.56871	0.411309	0.1898	-107.492	-156.746	10.138	
-3.34724	0.430686	0.197563	4.73687	-191.764	3.0589	
-2.72297	0.485302	0.219446	-58.452	-202.713	-1.67097	
-6.10648	0.189283	0.10084	-9.86552	-183.405	0.746473	
-3.93024	0.37968	0.177127	-20.0204	-181.744	7.72648	
-3.11983	0.450582	0.205535	-18.423	-180.781	14.8038	
-2.57487	0.498259	0.224638	-59.0964	-192.162	-8.3415	
-5.2895	0.26076	0.129479	7.90707	-189.153	8.62768	
-4.65171	0.316559	0.151836	64.8375	-203.817	5.41443	
-4.99709	0.286343	0.139729	10.6057	-243.129	8.47332	
-5.9148	0.206053	0.107559	-42.1853	-182.001	5.84004	
-5.76309	0.219326	0.112878	-40.8082	-200.76	-3.34513	
-2.36325	0.516773	0.232056	-76.2036	-156.982	-3.39034	
-4.17927	0.357892	0.168397	0.935916	-218.181	10.3818	
-4.51086	0.328882	0.156773	26.5221	-186.157	5.35917	
-6.08253	0.191379	0.10168	-60.1424	-183.553	8.09638	
-3.29073	0.43563	0.199544	-63.9928	-189.399	-8.25791	
-2.77279	0.480943	0.2177	-61.2327	-168.338	2.38241	
-4.88217	0.296396	0.143757	-25.8667	-203.79	2.8713	
-3.43923	0.422637	0.194339	-50.9446	-197.375	3.46885	
-3.1537	0.447618	0.204348	-26.0766	-189.794	6.83816	
-3.96794	0.376381	0.175805	-27.7419	-175.356	1.90273	
-5.11663	0.275884	0.135539	32.7118	-190.841	11.307	
-5.40122	0.250986	0.125563	-54.7068	-191.614	-2.57799	
-6.85505	0.123792	0.0745998	-44.9201	-186.487	-3.84551	
-6.41724	0.162095	0.0899469	-6.80027	-151.094	20.2071	
-3.98806	0.374622	0.1751	-0.595749	-153.047	11.0188	
-5.77734	0.21808	0.112378	27.2233	-159.315	18.6441	
-4.74265	0.308603	0.148648	11.0213	-181.452	-4.17754	
-4.53692	0.326602	0.15586	-20.9555	-180.788	-22.1657	
-3.14204	0.448639	0.204756	-45.5483	-154.48	2.52899	
-6.29341	0.17293	0.0942879	-26.362	-197.636	-5.74129	
-5.81276	0.214981	0.111137	-27.1976	-207.924	9.7145	
-7.33366	0.0819188	0.0578225	-34.0132	-200.028	-3.65081	
-5.0124	0.285003	0.139193	36.4934	-225.75	9.30667	
-5.78065	0.21779	0.112262	-5.96679	-177.147	-16.3868	
-4.76361	0.30677	0.147914	-24.3456	-184.352	-3.5027	
-5.2905	0.260673	0.129444	-4.22589	-211.655	2.09807	
-4.56418	0.324217	0.154904	-63.7191	-204.456	21.6096	
-6.88764	0.120941	0.0734575	-5.34017	-179.948	-9.93157	
-5.32627	0.257543	0.12819	-37.753	-175.241	8.46332	
-6.18132	0.182736	0.0982169	-37.5956	-196.237	12.3638	
-5.79768	0.2163	0.111665	56.6068	-187.477	-6.98087	
-4.22588	0.353815	0.166763	27.3152	-186.745	-0.07033	
-4.54693	0.325726	0.155509	24.194	-157.09	-4.12464	
-5.79641	0.216411	0.11171	-0.937609	-222.581	5.70544	
-5.42977	0.248488	0.124562	-26.5613	-172.121	-11.8611	
-5.18466	0.269933	0.133154	-22.7722	-213.538	1.46216	
-2.59512	0.496488	0.223928	-9.70718	-195.65	-9.06259	
-4.61281	0.319963	0.1532	-5.86273	-168.995	-1.06833	
-3.54292	0.413566	0.190704	-53.8096	-194.408	-13.6017	
-3.40352	0.425762	0.19559	-31.8704	-226.663	-2.80847	
-0.182148	0.707595	0.308513	-17.4489	-69.4554	-18.3442	
-6.08769	0.190927	0.101499	-5.59026	-157.042	8.31703	
-3.663	0.403061	0.186495	-50.0039	-200.958	7.65961	
-6.75591	0.132466	0.0780753	40.9764	-194.722	-11.6102	
-5.34858	0.255591	0.127408	18.31	-204.661	-8.68014	
-4.28082	0.349008	0.164837	-19.7701	-204.423	13.0039	
-5.73567	0.221725	0.113839	2.24896	-185.374	-12.084	
-6.81365	0.127414	0.076051	9.47832	-213.942	4.21471	
-6.37343	0.165928	0.0914826	-58.1829	-183.513	5.33417	
-6.55584	0.14997	0.0850885	-26.3498	-163.725	9.25511	
-4.88636	0.29603	0.143611	-26.2993	-207.229	-2.2725	
-7.26631	0.0878118	0.0601836	10.7785	-186.41	1.2655	
-6.45582	0.15872	0.0885946	1.87981	-213.277	-1.92509	
-6.92486	0.117685	0.0721528	20.452	-187.484	16.3487	
-6.02464	0.196443	0.103709	-56.645	-200.901	2.89679	
-6.23656	0.177903	0.0962806	39.4691	-207.817	1.1353	
-6.39217	0.164289	0.0908257	62.8486	-186.536	-3.43493	
-6.33435	0.169347	0.0928525	-5.78049	-204.532	-3.21969	
-4.9947	0.286552	0.139813	0.233187	-178.743	0.655446	
-6.28032	0.174074	0.0947464	-63.317	-199.069	-5.31753	
-5.3399	0.25635	0.127712	-60.6555	-200.762	18.1987	
-4.03754	0.370292	0.173365	10.5032	-146.823	-1.06465	
-6.40467	0.163196	0.0903877	-6.54165	-231.783	9.58068	
-3.92979	0.379719	0.177142	42.1098	-175.993	11.369	
-5.98014	0.200337	0.105269	5.46706	-151.189	-14.9909	
-6.16171	0.184452	0.0989044	42.8814	-181.286	-14.2897	
-4.09554	0.365218	0.171332	12.3782	-155.254	-9.32808	
-4.50636	0.329276	0.156931	-38.861	-165.076	-5.07788	
-6.27488	0.174551	0.0949373	-39.0895	-199.327	-0.567483	
-6.36371	0.166779	0.0918235	-31.5241	-183.777	5.52387	
-5.94984	0.202988	0.106331	-15.4067	-211.419	11.5122	
0.196135	0.740691	0.321773	-33.1958	60.5836	18.5799	
-5.89625	0.207677	0.10821	-28.1518	-163.401	7.12411	
-5.29296	0.260457	0.129358	-14.9793	-156.76	-7.98277	
-4.24369	0.352256	0.166139	15.5119	-206.396	3.37432	
-4.09655	0.365129	0.171297	8.78737	-157.583	11.0229	
-5.42643	0.24878	0.124679	-46.0107	-179.918	-0.876481	
-5.28877	0.260824	0.129505	-38.3057	-151.472	-0.708085	
-4.65689	0.316106	0.151654	28.0916	-166.711	-3.49485	
-5.28421	0.261223	0.129664	-1.0663	-164.043	-11.5799	
-3.50464	0.416915	0.192046	-7.60357	-231.3	-3.11173	
-5.99205	0.199295	0.104852	-8.27895	-223.6	10.8604	
-0.312435	0.696197	0.303946	-74.1165	50.001	20.1681	
-6.41159	0.16259	0.0901451	-79.9922	-156.834	1.78913	
-3.52866	0.414813	0.191204	-16.6302	-197.158	9.71502	
-4.34745	0.343179	0.162502	-27.0217	-139.842	11.694	
-4.03625	0.370405	0.173411	4.72306	-177.764	1.00497	
-3.73328	0.396912	0.184031	-42.8195	-134.837	5.58699	
-3.9039	0.381984	0.17805	-10.3357	-238.582	-14.7999	
-6.41418	0.162363	0.0900541	-7.86349	-237.295	-19.096	
-6.6775	0.139326	0.0808238	28.0061	-191.26	-9.24634	
-6.33571	0.169229	0.092805	-8.8842	-169.621	-0.321529	
-6.04334	0.194807	0.103054	12.225	-144.981	6.83513	
-6.19597	0.181454	0.0977035	-14.623	-185.988	-1.78576	
-5.95027	0.20295	0.106316	-18.9305	-168.374	-5.6486	
-3.34242	0.431107	0.197732	-28.034	-167.002	3.79042	
-4.43067	0.335898	0.159585	7.74558	-203.633	-8.59842	
-5.22812	0.26613	0.13163	49.2267	-166.041	0.841213	
-5.58992	0.234476	0.118948	25.5989	-229.294	6.71645	
-6.30315	0.172077	0.0939462	14.51	-173.679	15.3775	
-3.44187	0.422407	0.194246	-67.2834	-203.159	-10.2275	
-5.94973	0.202997	0.106335	13.0939	-221.012	-3.78171	
-4.02521	0.371371	0.173797	2.04666	-203.868	-8.80737	
-0.228206	0.703566	0.306898	-45.0942	64.8044	10.4476	
-5.97095	0.201141	0.105591	7.23675	-150.524	8.88015	
-3.42768	0.423648	0.194743	-37.4973	-193.755	8.9175	
-6.77134	0.131116	0.0775343	4.76176	-223.877	3.60235	
-3.41327	0.424909	0.195249	-84.4506	-195.461	6.34845	
-6.11046	0.188935	0.100701	-50.5665	-203.521	2.14632	
-5.17823	0.270494	0.133379	-20.8202	-187.544	-4.54118	
-4.99552	0.28648	0.139784	5.90085	-180.705	-7.36085	
-2.54781	0.500626	0.225586	6.79364	-191.129	-4.14192	
-4.70506	0.311892	0.149966	-9.79992	-205.047	0.905774	
-6.06682	0.192753	0.102231	23.4519	-178.361	-15.0871	
-5.87499	0.209537	0.108955	-3.86179	-197.5	-13.8789	
-0.138453	0.711418	0.310045	-20.1046	-8.88901	-9.0234	
-5.33847	0.256476	0.127762	-50.8036	-188.705	-6.95947	
-6.90511	0.119412	0.0728449	-10.8247	-208.835	-0.873916	
-3.95741	0.377303	0.176174	-31.8701	-161.361	-6.64495	
0.059382	0.728727	0.31698	-53.5218	-12.9623	4.38749	
-2.9355	0.466708	0.211996	-26.2089	-221.975	-15.6382	
-3.87608	0.384418	0.179025	-23.2022	-184.639	1.96779	
-2.13038	0.537147	0.240219	10.783	-159.749	1.9117	
-6.95252	0.115264	0.071183	-15.2322	-166.343	-4.2358	
-5.66007	0.228339	0.116489	-57.6829	-183.445	5.38069	
-5.96981	0.201241	0.105631	-75.2081	-179.407	3.98737	
-2.82707	0.476195	0.215797	-49.9211	-171.282	-9.52087	
-3.18779	0.444635	0.203152	-48.3528	-163.45	10.0384	
-3.32099	0.432982	0.198483	-9.9693	-148.455	9.39508	
-3.21039	0.442659	0.20236	12.8523	-189.763	-3.12386	
-5.86602	0.210321	0.10927	-48.2591	-164.736	0.516334	
-4.20966	0.355234	0.167332	7.2266	-157.641	6.91197	
-7.62329	0.0565797	0.0476699	-4.74409	-185.269	-5.10085	
-6.31387	0.171139	0.0935705	-15.5722	-183.069	-4.18848	
-3.87395	0.384605	0.1791	-53.4689	-181.005	8.73802	
-3.7992	0.391145	0.18172	-66.9065	-189.431	6.08571	
-4.94937	0.290517	0.141402	-52.6056	-193.576	-10.6691	
-2.95738	0.464794	0.211229	5.56884	-226.768	-6.1203	
-5.89924	0.207415	0.108105	42.2889	-173.434	-5.82981	
-5.50476	0.241927	0.121933	-22.1087	-187.476	0.349775	
-5.2262	0.266298	0.131698	-10.3834	-173.933	1.78435	
-3.82683	0.388727	0.180752	-9.17256	-200.585	3.39517	
-6.84622	0.124564	0.0749093	-14.9138	-210.513	4.94637	
-7.64688	0.0545156	0.0468428	-33.6998	-193.32	1.09676	
-4.1358	0.361695	0.169921	10.0812	-217.399	-6.66109	
-4.68938	0.313264	0.150516	18.7455	-174.825	3.37128	
-3.52034	0.415541	0.191495	-53.3882	-212.857	14.7136	
-4.77046	0.30617	0.147674	-4.80816	-189.932	9.93873	
-0.66	0.665789	0.291762	73.5858	-160.611	-54.9966	
-5.95233	0.20277	0.106244	11.8689	-180.99	-0.459875	
-4.07574	0.36695	0.172026	-25.3448	-216.558	5.19311	
-4.52984	0.327222	0.156108	4.24299	-135.834	0.402422	
-6.36736	0.166459	0.0916953	-26.9806	-250.713	-2.61933	
-4.46547	0.332853	0.158365	-14.6953	-188.769	9.29312	
-3.75113	0.39535	0.183405	-20.8161	-183.223	3.58219	
-3.79775	0.391271	0.181771	-8.60689	-171.587	-1.62558	
-6.69022	0.138212	0.0803777	-32.201	-215.99	-11.4987	
-5.85887	0.210947	0.10952	-63.2367	-181.007	0.930061	
-4.9456	0.290847	0.141534	-53.3257	-207.829	18.3569	
-5.75069	0.220411	0.113312	10.4948	-212.181	-8.50642	
-5.26439	0.262957	0.130359	33.5686	-189.033	5.59519	
-6.0173	0.197086	0.103967	-6.26918	-210.712	-3.69167	
-3.40572	0.42557	0.195513	-2.70069	-172.239	-12.7209	
-6.40587	0.16309	0.0903454	38.1072	-186.087	3.62214	
-5.13439	0.27433	0.134916	6.64166	-201.479	-5.26791	
-7.39875	0.0762249	0.0555411	-17.476	-204.213	0.474761	
-3.2877	0.435895	0.19965	22.4262	-190.92	6.25348	
-2.98712	0.462192	0.210187	-73.1449	-168.933	4.01744	
-5.62293	0.231589	0.117791	15.827	-172.851	14.6202	
-3.71546	0.398471	0.184656	-68.773	-180.91	10.2972	
-4.87475	0.297046	0.144018	-30.6119	-164.054	0.372345	
-5.2905	0.260672	0.129444	-13.3552	-192.753	9.05446	
-5.19213	0.269279	0.132892	-61.844	-163.735	3.73341	
-5.22597	0.266318	0.131706	2.98477	-207.461	-3.3862	
-7.2024	0.0934027	0.0624237	13.0354	-217.106	-3.24539	
-4.85949	0.298381	0.144553	6.26602	-168.859	15.7051	
-4.08399	0.366229	0.171737	-64.4033	-198.508	-4.37149	
-3.66089	0.403245	0.186569	-15.6678	-200.843	-12.8751	
-6.08847	0.19086	0.101472	29.2583	-178.497	1.21952	
-6.39566	0.163983	0.0907033	-37.0298	-208.932	8.71815	
-5.90496	0.206915	0.107905	-25.3579	-193.796	0.0313755	
-3.31745	0.433292	0.198608	23.6095	-164.129	-20.5994	
-3.82952	0.388492	0.180657	21.8213	-188.601	-3.13438	
-6.44007	0.160099	0.0891468	-15.4887	-185.186	8.18955	
-5.32563	0.257599	0.128212	14.6766	-197.478	-1.05503	
-3.68459	0.401171	0.185738	3.91659	-163.565	-17.1535	
-2.76592	0.481545	0.217941	17.0904	-175.53	-0.0233921	
-5.25712	0.263593	0.130614	-27.6694	-203.701	-0.386777	
-4.08771	0.365903	0.171607	-72.4169	-187.537	-0.601167	
-4.64652	0.317013	0.152018	-30.8315	-198.137	-7.98951	
-5.07443	0.279576	0.137018	-41.8732	-171.983	0.930705	
-6.0433	0.194811	0.103055	-6.9656	-264.791	5.15855	
-5.14056	0.273791	0.1347	-42.394	-155.445	1.02806	
-4.62066	0.319276	0.152925	-52.8729	-176.045	-2.25374	
-5.10661	0.276761	0.13589	16.7588	-150.942	-7.80613	
-4.20152	0.355946	0.167617	-31.5537	-192.954	-13.8048	
-4.35713	0.342331	0.162162	46.9635	-209.175	3.48622	
-3.75713	0.394825	0.183195	-7.31852	-192.524	7.29599	
-5.23565	0.265471	0.131366	-4.18161	-161.847	3.89119	
-3.51667	0.415862	0.191624	-45.0089	-195.236	0.552704	
-4.88878	0.295819	0.143526	-2.43251	-172.511	10.8467	
22.5845	2.69942	1.10658	-23.8709	243.071	-4.32088	
-5.79428	0.216598	0.111784	-15.6721	-190.393	-4.68543	
-4.06745	0.367675	0.172317	-0.717794	-205.019	0.85936	
-4.60355	0.320773	0.153524	5.57755	-183.543	-8.92087	
-2.76669	0.481478	0.217914	-69.6441	-192.478	-13.9509	
-3.73721	0.396567	0.183893	-87.104	-228.142	16.9919	
-7.64445	0.0547281	0.046928	19.4981	-181.383	-8.69298	
-5.47574	0.244466	0.12295	-31.5996	-183.716	12.8767	
-3.88233	0.383871	0.178806	-11.3519	-202.507	9.7422	
-4.1345	0.361809	0.169966	-2.6019	-230.016	-7.72713	
-6.15733	0.184835	0.099058	-38.5572	-189.059	-1.70631	
-6.82612	0.126323	0.075614	8.53222	-201.521	8.31888	
-3.9524	0.377741	0.17635	14.4917	-157.874	3.95457	
-5.85118	0.211619	0.10979	-31.1456	-187.9	-11.0379	
-4.77507	0.305767	0.147512	15.7215	-126.17	-2.81217	
-1.94909	0.553008	0.246574	16.817	-203.039	-16.5565	
-4.97181	0.288554	0.140615	26.3557	-185.942	-2.64933	
-4.82372	0.30151	0.145806	-24.004	-166.52	4.6927	
-3.48565	0.418576	0.192711	-15.4041	-187.535	-8.93096	
-6.3224	0.170393	0.0932713	9.81887	-180.528	-0.0961603	
-3.20289	0.443315	0.202623	-3.71236	-151.967	0.985428	
-4.06195	0.368156	0.17251	-40.4334	-192.882	11.5819	
-5.43707	0.247849	0.124306	-81.7197	-207.797	-5.6698	
-3.02517	0.458863	0.208853	-82.7169	-192.234	-10.4057	
-3.60555	0.408086	0.188508	-49.4017	-194.773	-6.63447	
-3.7214	0.397951	0.184447	-63.3334	-175.658	-4.14132	
-6.14982	0.185492	0.0993212	1.20122	-183.869	-2.79878	
-4.6184	0.319473	0.153004	-26.8063	-168.222	-3.33218	
-3.69402	0.400346	0.185407	-3.52713	-198.577	12.2391	
-5.1883	0.269613	0.133026	-18.9835	-198.594	4.06879	
-2.67206	0.489756	0.221231	-53.2488	-221.671	20.3484	
-5.44999	0.246719	0.123853	-10.5738	-221.455	0.547573	
-6.08867	0.190842	0.101465	-41.7068	-224.48	1.3768	
-3.4265	0.423751	0.194785	11.1626	-168.918	-7.58363	
-7.74195	0.0461986	0.0435104	6.97015	-177.313	-8.05946	
-7.45332	0.0714501	0.053628	5.21784	-199.838	0.23718	
-3.57643	0.410634	0.189529	-32.5096	-200.426	7.70589	
-4.16653	0.359007	0.168844	6.54152	-170.136	-12.5313	
-5.36347	0.254289	0.126886	-42.9708	-181.73	3.57298	
-5.33991	0.25635	0.127712	-18.6635	-168.155	0.0134383	
-5.31625	0.258419	0.128541	5.43387	-205.404	3.89313	
-5.01627	0.284664	0.139057	-3.23826	-168.887	-20.8984	
-6.07767	0.191804	0.10185	-24.365	-158.496	-0.619556	
-5.53848	0.238977	0.120751	49.8811	-172.949	0.492371	
-5.86676	0.210257	0.109244	-80.6152	-201.143	9.3084	
-5.10889	0.276561	0.13581	3.00631	-184.409	6.06173	
-3.16016	0.447053	0.204121	-23.8534	-155.485	10.2641	
-3.25759	0.438529	0.200706	12.3614	-167.976	-6.60358	
-4.15509	0.360008	0.169245	-8.84749	-138.767	0.563672	
-2.72688	0.48496	0.219309	-56.4461	-220.488	1.27365	
-4.78248	0.305118	0.147252	38.241	-183.76	-3.36056	
-3.79231	0.391747	0.181962	-3.15649	-149.139	2.0903	
-2.44156	0.509923	0.229311	-8.20335	-173.916	-5.49042	
-3.40418	0.425704	0.195567	-3.49428	-246.458	-14.5087	
-5.97888	0.200447	0.105313	-6.11245	-214.655	1.88913	
-6.24581	0.177093	0.0959561	9.27908	-200.004	9.34791	
-5.95535	0.202505	0.106138	-45.2294	-187.67	-0.512412	
-3.7366	0.396621	0.183914	25.2455	-203.693	-3.31101	
-6.68223	0.138912	0.0806578	-10.2409	-229.117	-9.9235	
-5.8289	0.213568	0.110571	-17.8895	-165.216	-0.0223802	
-7.40196	0.0759438	0.0554285	-0.323224	-155.748	14.6699	
-4.7005	0.312291	0.150126	-22.6191	-185.155	-2.44904	
-4.01965	0.371858	0.173993	-31.9757	-165.193	-5.69381	
-4.20759	0.355415	0.167404	-43.3878	-183.425	3.48106	
-5.01733	0.284572	0.13902	2.43298	-179.216	-14.1806	
-4.81144	0.302585	0.146237	31.2495	-196.808	3.1244	
-5.34295	0.256084	0.127605	-70.8403	-197.82	12.0894	
-5.81726	0.214587	0.110979	9.69363	-179.741	-12.196	
-6.38968	0.164507	0.0909131	12.9965	-193.43	10.1893	
-3.72466	0.397666	0.184333	-55.8188	-166.832	1.42881	
-2.88946	0.470736	0.21361	37.766	-208.21	-4.65574	
-6.28051	0.174058	0.0947399	27.5792	-201.712	-7.57137	
-5.04512	0.28214	0.138045	-0.700462	-178.396	3.76668	
-6.46433	0.157976	0.0882963	-90.4873	-169.415	-2.08614	
-7.11895	0.100704	0.0653491	-10.8045	-228.826	2.43123	
-3.13788	0.449002	0.204902	-15.6541	-200.114	1.35966	
-4.32562	0.345089	0.163267	-59.5883	-214.924	-2.44402	
-7.76324	0.0443355	0.0427639	11.0551	-177.09	1.86829	
-5.26145	0.263214	0.130462	-27.9767	-158.294	1.44337	
-3.49765	0.417526	0.192291	-24.8356	-169.347	17.9219	
-6.47473	0.157066	0.0879318	-79.0395	-221.174	6.27359	
-7.31038	0.0839559	0.0586387	-6.5143	-196.164	7.35243	
-6.0652	0.192895	0.102287	-6.51944	-200.886	0.648523	
-4.56416	0.324219	0.154905	-36.1946	-179.215	7.88427	
-3.30179	0.434662	0.199156	-29.8749	-215.852	-4.06981	
-4.00303	0.373312	0.174575	-1.75528	-203.125	-5.34613	
-5.10101	0.277251	0.136086	0.869113	-197.636	-8.04909	
-6.8226	0.126631	0.0757375	-4.29339	-188.289	1.12154	
-5.2454	0.264618	0.131025	1.10982	-188.018	-4.86095	
-5.09566	0.277719	0.136274	-24.94	-224.857	8.28975	
-3.44443	0.422183	0.194156	-0.350881	-197.209	-2.37148	
-5.15205	0.272785	0.134297	-31.6273	-175.881	10.4748	
-4.12711	0.362456	0.170226	-44.5765	-138.84	7.7956	
-6.63854	0.142734	0.0821893	-34.4171	-194.4	-10.0188	
-3.13127	0.449581	0.205134	-0.825173	-216.046	7.08349	
-3.77328	0.393412	0.182629	-17.7414	-177.36	12.8677	
-4.63543	0.317983	0.152407	-0.0306935	-170.882	4.73168	
-5.31762	0.2583	0.128493	-15.6742	-169.516	9.55448	
-3.67356	0.402137	0.186124	12.7711	-247.418	-2.04925	
-4.86127	0.298225	0.14449	-44.8537	-202.282	-1.79632	
-3.77167	0.393553	0.182685	-4.96408	-193.156	-4.43051	
-6.81375	0.127405	0.0760476	-82.5039	-207.272	-2.71579	
-6.437	0.160367	0.0892543	-2.46523	-194.518	-4.89137	
-4.04384	0.369741	0.173145	-50.7784	-186.916	2.61109	
-4.16104	0.359488	0.169036	3.29502	-218.69	-10.9917	
-3.9714	0.376078	0.175684	-1.2062	-210.276	8.40428	
-6.04816	0.194386	0.102885	-29.5771	-191.2	1.723	
-6.38267	0.16512	0.0911587	-28.2622	-204.63	-7.14848	
-6.96477	0.114193	0.0707539	11.8871	-208.609	11.0343	
-2.79814	0.478726	0.216812	-26.4208	-185.102	-10.8605	
-7.12536	0.100143	0.0651245	8.94815	-189.855	-15.397	
-5.0252	0.283883	0.138744	50.3188	-199.589	2.23292	
-7.03562	0.107994	0.06827	16.2249	-220.161	-4.45644	
-3.95107	0.377858	0.176397	-50.0812	-233.646	2.33411	
0.0282125	0.726	0.315887	-63.5281	-78.0078	-38.6444	
-4.02305	0.37156	0.173873	-26.6939	-180.022	15.6002	
-4.81877	0.301943	0.14598	-9.68689	-190.201	1.92657	
-4.05734	0.36856	0.172671	24.3951	-176.457	-8.29266	
-4.52861	0.327329	0.156151	7.07671	-149.873	1.20132	
-3.83491	0.38802	0.180468	-3.05055	-186.091	-21.352	
-4.77056	0.306161	0.14767	19.4034	-168.876	-1.05135	
-3.08168	0.453919	0.206872	10.9657	-173.102	-10.1888	
-4.44292	0.334826	0.159155	-21.3213	-218.339	4.87495	
-3.24211	0.439883	0.201249	-63.6665	-206.776	-6.62591	
-5.33704	0.256601	0.127812	-23.95	-171.791	10.7948	
-5.77032	0.218694	0.112624	26.9193	-206.394	-2.16543	
-2.20736	0.530413	0.237521	-77.8019	-167.817	-2.36316	
18.2136	2.31701	0.95336	-24.5584	225.282	-6.16389	
-0.091328	0.715541	0.311696	-49.3281	-81.7275	-35.7769	
-7.54546	0.0633892	0.0503982	-10.8457	-175.729	-5.71154	
-4.43104	0.335865	0.159571	-8.44935	-197.827	-4.19332	
-4.0583	0.368476	0.172637	-8.84162	-208.697	0.521488	
-6.08135	0.191482	0.101721	-66.4037	-199.158	-2.86768	
-6.67989	0.139116	0.0807399	-13.6007	-188.198	6.73781	
-2.18388	0.532466	0.238344	-1.16713	-229.971	-9.33917	
-5.5901	0.234461	0.118942	20.2418	-121.273	-9.26304	
-4.94855	0.290589	0.141431	12.2867	-194.739	1.50019	
-4.49231	0.330505	0.157424	-37.4234	-187.654	15.8192	
-3.05826	0.455968	0.207693	4.37747	-146.709	6.36901	
-5.93197	0.204551	0.106958	2.73887	-182.787	-2.26322	
-6.65858	0.140981	0.0814869	-11.6456	-206.495	-1.62552	
-6.6595	0.1409	0.0814547	20.3973	-187.361	2.02811	
-3.58877	0.409555	0.189097	20.1575	-161.837	-11.2773	
-2.28343	0.523757	0.234854	38.4611	-205.085	-2.37492	
-5.27757	0.261804	0.129897	-10.3123	-206.292	-5.74928	
-4.84265	0.299854	0.145143	-61.8086	-199.547	-6.21849	
-5.66366	0.228026	0.116363	35.4544	-196.946	-2.36235	
-0.311455	0.696282	0.30398	-23.9593	-57.7543	-6.54592	
-5.8157	0.214723	0.111033	-15.879	-205.768	5.3932	
-4.44647	0.334515	0.159031	-4.12925	-198.675	3.95363	
-6.03268	0.195741	0.103428	-38.7968	-220.405	-10.0732	
-6.06604	0.192822	0.102258	2.46235	-186.345	-9.38951	
-4.73692	0.309104	0.148849	-42.4824	-159.628	5.39923	
-6.42575	0.161351	0.0896486	-12.4487	-230.095	9.25636	
-4.7901	0.304452	0.146985	-26.4558	-179.466	1.66808	
-6.8692	0.122554	0.0741039	-1.96785	-188.487	-2.10095	
-6.62525	0.143897	0.0826553	-43.4866	-183.33	-3.74538	
-5.87113	0.209874	0.10909	-10.9558	-203.439	5.17443	
-4.52497	0.327648	0.156279	11.7093	-189.942	-0.419189	
-6.24276	0.177361	0.0960633	11.8093	-223.389	-1.23833	
-7.1033	0.102073	0.0658975	-42.153	-186.261	4.09028	
-3.37861	0.427941	0.196464	-18.4559	-203.351	6.93868	
-5.96967	0.201253	0.105636	-29.1603	-186.647	1.18248	
-5.34277	0.256099	0.127612	-36.623	-178.722	12.5139	
-3.63607	0.405416	0.187438	-29.9632	-216.17	1.52746	
-4.49574	0.330205	0.157303	18.8005	-150.82	2.65111	
-4.04032	0.370049	0.173268	9.41108	-215.191	6.63156	
-0.36116	0.691934	0.302238	9.8276	-121.005	-49.1382	
-4.80069	0.303525	0.146614	-43.481	-202.129	3.07773	
-2.98892	0.462035	0.210124	-48.5003	-204.242	-9.11524	
-3.93486	0.379276	0.176965	15.8636	-187.027	-7.14961	
-4.5954	0.321486	0.15381	-49.4434	-195.221	-1.03738	
-3.52616	0.415032	0.191291	-35.0507	-171.237	-19.2366	
-5.12375	0.275261	0.135289	-2.94601	-194.125	-7.79376	
-5.16332	0.2718	0.133902	15.171	-162.635	5.79269	
-2.93893	0.466408	0.211876	29.4374	-199.996	-1.86031	
-0.159377	0.709588	0.309311	-23.7437	-58.6697	-11.414	
-4.15553	0.359969	0.169229	13.5694	-173.331	3.55927	
-6.22586	0.178839	0.0966555	-8.48211	-207.464	-12.0294	
-6.02273	0.19661	0.103776	32.5316	-169.804	-20.1596	
-6.10441	0.189465	0.100913	-18.1046	-233.011	9.60198	
-2.31061	0.521379	0.233901	4.45834	-191.656	-15.5029	
-4.23053	0.353408	0.1666	-41.2137	-177.752	2.04364	
-4.86253	0.298115	0.144446	27.8058	-179.967	1.80806	
-4.72419	0.310218	0.149295	-49.4065	-175.377	-8.90685	
-2.79096	0.479353	0.217063	-19.821	-179.345	-2.89679	
-3.48989	0.418206	0.192563	57.65	-206.036	-1.28631	
-3.70849	0.39908	0.1849	-20.4235	-180.309	-8.1877	
0.0047067	0.723943	0.315063	-38.76	127.219	73.2793	
-2.92163	0.467922	0.212483	-19.5943	-159.992	-9.29171	
-3.59028	0.409422	0.189044	-11.4352	-161.002	-5.74892	
-2.15077	0.535363	0.239505	-53.1785	-136.533	-9.4498	
-1.198	0.61872	0.272903	-20.5571	-33.1504	4.78226	
-4.66882	0.315062	0.151236	12.6796	-187.491	-0.340269	
-3.58261	0.410094	0.189313	-43.4305	-183.922	0.656979	
-4.99169	0.286815	0.139918	4.84479	-173.014	-9.4749	
-7.11132	0.101371	0.0656165	-25.2281	-188.827	2.88317	
-5.03816	0.282749	0.138289	-46.0252	-196.137	-0.976978	
-5.79947	0.216144	0.111603	-22.8805	-164.77	9.21283	
-4.14923	0.360521	0.16945	-30.6474	-174.026	10.1908	
-5.74081	0.221275	0.113659	19.088	-193.433	-7.68783	
-3.45172	0.421545	0.193901	-31.5226	-223.881	1.08805	
-7.11481	0.101066	0.0654941	23.715	-161.356	5.68007	
-6.37543	0.165753	0.0914124	-32.6116	-214.873	10.9427	
-6.07357	0.192163	0.101994	20.7574	-184.772	-7.36828	
-5.92417	0.205233	0.107231	36.4149	-212.294	-3.32832	
-5.28494	0.261159	0.129639	28.6386	-147.202	1.18126	
-2.7531	0.482666	0.21839	-18.2297	-154.306	-4.65966	
-1.80013	0.56604	0.251796	-27.3026	-241.526	-6.24945	
-4.98188	0.287673	0.140262	-2.86588	-186.805	-3.62726	
-6.23615	0.177939	0.096295	45.3972	-192.029	-0.672689	
-4.55118	0.325355	0.15536	-48.9909	-234.419	4.61784	
-5.08189	0.278924	0.136757	-1.24491	-207.811	-13.9146	
-2.50761	0.504144	0.226996	-21.7709	-182.162	12.5514	
-4.30694	0.346723	0.163922	-0.903005	-148.392	-1.29133	
-3.24986	0.439205	0.200977	-43.0727	-185.232	0.350228	
-2.82508	0.476369	0.215867	-57.4104	-194.65	-2.65005	
-5.34676	0.25575	0.127472	-4.55424	-156.512	-2.67212	
-4.1681	0.35887	0.168789	-1.42892	-177.752	8.74396	
-2.74051	0.483768	0.218832	-66.6383	-226.127	1.9092	
-6.71906	0.13569	0.079367	-3.57603	-192.99	13.2228	
-4.51292	0.328702	0.156701	30.0606	-150.544	-1.64324	
-5.22784	0.266155	0.13164	-7.12288	-193.497	3.52478	
-5.8377	0.212798	0.110262	25.3917	-186.074	-0.964731	
-4.4538	0.333875	0.158774	-51.4394	-175.976	2.11348	
-5.17228	0.271015	0.133588	-16.1161	-224.589	-1.00331	
-5.58648	0.234777	0.119068	-6.8936	-183.742	-9.58103	
-4.30849	0.346587	0.163867	4.51756	-191.111	5.06055	
-5.41493	0.249786	0.125082	-35.8274	-188.816	-3.85195	
-3.15134	0.447825	0.20443	-67.9424	-154.815	2.13703	
-5.72574	0.222594	0.114187	20.9955	-178.373	-9.25173	
-4.36503	0.341641	0.161885	28.2264	-206.008	7.77985	
-6.50073	0.154791	0.0870201	-38.8644	-212.397	2.162	
-3.76054	0.394527	0.183076	-29.2702	-167.446	-1.79616	
-3.16421	0.446699	0.203979	-70.1383	-226.47	0.0810222	
-4.15369	0.36013	0.169294	-62.6951	-198.693	-1.48422	
-3.49455	0.417797	0.192399	-12.6549	-194.045	-3.26907	
-4.40033	0.338552	0.160648	-54.2104	-186.32	8.76841	
-5.14233	0.273636	0.134638	-5.49225	-187.004	6.13093	
-5.05023	0.281694	0.137866	4.86963	-188.765	-0.16804	
-3.91355	0.38114	0.177712	18.4127	-154.397	11.1175	
-4.93644	0.291648	0.141855	-23.7696	-181.908	-7.04992	
-6.42423	0.161484	0.0897019	-32.0532	-173.115	-12.9744	
-5.49004	0.243215	0.122449	30.9721	-176.576	-1.80443	
-6.09277	0.190483	0.101321	12.15	-175.73	-2.6386	
-4.91787	0.293273	0.142506	-26.1522	-180.736	7.62638	
-4.57821	0.32299	0.154413	38.8689	-168.125	1.74366	
-1.98399	0.549955	0.245351	-23.1892	-151.454	-7.46144	
-5.00328	0.285801	0.139512	-38.1281	-162.949	-0.716121	
-4.74943	0.30801	0.148411	2.603	-206.802	-8.33538	
-3.27229	0.437243	0.200191	-31.0334	-208.406	-4.29706	
-4.7842	0.304968	0.147192	10.0531	-172.662	9.9028	
-5.80775	0.215419	0.111312	-9.89299	-162.207	-5.04941	
-6.04936	0.194281	0.102843	13.8037	-183.167	-1.48332	
-2.8699	0.472447	0.214296	4.72934	-188.554	-2.07075	
-4.31069	0.346394	0.16379	-18.0027	-143.469	-8.02381	
-4.88792	0.295893	0.143556	29.5661	-199.81	2.24606	
-4.24075	0.352514	0.166242	35.8668	-198.301	4.17513	
-7.09952	0.102404	0.0660303	5.80582	-220.251	-2.26664	
-6.21505	0.179784	0.0970344	-7.28493	-204.26	2.94769	
-3.77774	0.393022	0.182472	-43.8271	-177.231	5.24577	
-5.6031	0.233324	0.118486	32.966	-157.308	6.46677	
-5.28638	0.261033	0.129588	11.2	-187.938	9.92592	
-5.31771	0.258292	0.12849	-6.22178	-189.387	-6.40166	
-5.68572	0.226095	0.11559	-1.28582	-240.056	3.55866	
-3.13901	0.448904	0.204863	-25.3117	-208.825	-1.29284	
-5.37667	0.253134	0.126423	-23.0772	-190.724	4.18965	
-4.81688	0.302109	0.146046	-24.7577	-188.172	5.56217	
-4.03161	0.370811	0.173573	3.20128	-162.219	4.48128	
-1.57863	0.585419	0.25956	-70.3384	-116.375	5.17371	
-4.72	0.310585	0.149442	-46.3119	-216.625	-2.11821	
-5.06735	0.280196	0.137266	-11.0704	-173.454	-3.62593	
-5.18855	0.269592	0.133018	-36.5552	-169.459	6.18535	
-5.3356	0.256726	0.127863	23.1356	-160.601	0.939283	
-0.0357238	0.720406	0.313646	-32.7981	-10.9317	4.78719	
-7.61598	0.0572193	0.0479261	0.0370892	-145.671	-0.978271	
-3.0743	0.454565	0.207131	-18.8885	-184.352	-7.80039	
-4.1461	0.360795	0.16956	-37.7842	-167.111	3.92365	
-5.80225	0.2159	0.111505	-29.3764	-176.805	-14.0153	
-4.46838	0.332599	0.158263	-37.069	-181.69	-5.8146	
-2.74443	0.483425	0.218694	-32.8542	-187.356	-18.5943	
-0.448683	0.684277	0.29917	34.3467	-124.391	-51.3522	
-3.23603	0.440415	0.201462	-88.1242	-166.899	-3.75626	
-3.4902	0.418178	0.192552	-84.6138	-188.731	-3.5002	
-4.42875	0.336066	0.159652	-51.7304	-223.471	5.12484	
-4.38397	0.339983	0.161221	26.3402	-173.937	9.51941	
-2.91952	0.468106	0.212556	-55.2525	-150.92	13.544	
-4.94185	0.291175	0.141665	16.4078	-231.872	4.64614	
-5.9285	0.204855	0.107079	-8.32001	-194.523	7.01563	
-2.20652	0.530486	0.23755	-72.5322	-194.476	16.4145	
-5.64481	0.229674	0.117024	1.0126	-182.5	-14.529	
-5.90742	0.206699	0.107818	-19.8091	-185.254	-1.65458	
-3.37465	0.428288	0.196603	-13.1835	-189.425	-16.4233	
-5.97401	0.200874	0.105484	-0.533986	-210.843	-5.48067	
-0.133583	0.711844	0.310215	-42.8645	59.4117	44.7235	
-4.61998	0.319336	0.152949	-59.4268	-178.085	-7.84383	
-4.79208	0.304279	0.146916	14.0055	-212.915	10.1071	
-6.22042	0.179315	0.0968464	43.5655	-190.572	3.50076	
-5.82116	0.214246	0.110842	-32.5075	-201.691	-7.73134	
-4.96876	0.288821	0.140722	-64.257	-217.951	-2.27016	
-5.32968	0.257245	0.128071	-46.9763	-177.896	3.57285	
-7.13663	0.0991567	0.0647292	27.5277	-194.062	7.36329	
-5.85221	0.211529	0.109754	9.48733	-196.981	2.10583	
-4.85601	0.298686	0.144675	-28.8057	-212.506	14.3167	
-6.55465	0.150073	0.08513	2.83376	-185.976	9.68108	
-5.09196	0.278043	0.136404	-47.3167	-218.94	-3.47778	
-5.69554	0.225236	0.115245	-31.3494	-148.194	2.10786	
-5.0301	0.283455	0.138572	-28.9546	-197.265	-6.21118	
-3.00002	0.461063	0.209735	3.34272	-211.149	-11.536	
25.6169	2.96472	1.21288	-22.5396	252.317	-9.13862	
-4.5418	0.326175	0.155689	-42.2131	-186.502	-2.18948	
-6.29473	0.172813	0.0942413	-7.89651	-210.377	7.18006	
-4.45378	0.333876	0.158774	14.9366	-192.761	-2.3883	
-5.63454	0.230573	0.117384	-39.642	-170.865	-6.30251	
-7.41924	0.0744321	0.0548228	-13.8733	-221.565	2.71169	
-4.56761	0.323917	0.154784	-34.7402	-165.083	4.06149	
-4.6916	0.313069	0.150438	0.879426	-164.507	-0.864079	
-4.44225	0.334884	0.159178	-32.2596	-194.159	6.73892	
-6.04679	0.194505	0.102933	-3.83412	-185.908	1.13277	
-7.61974	0.0568906	0.0477944	19.1031	-193.338	-6.63117	
-5.75929	0.219658	0.113011	-29.0023	-190.743	2.08942	
-5.36168	0.254445	0.126949	-27.7904	-168.376	-3.05792	
-7.61067	0.0576842	0.0481124	23.9221	-206.674	-14.4328	
-7.00925	0.110302	0.0691946	2.88853	-178.183	1.27088	
-3.11635	0.450886	0.205657	-98.253	-185.294	-5.85508	
-3.95157	0.377814	0.176379	14.792	-191.004	2.70121	
-5.95852	0.202228	0.106027	1.80142	-169.162	0.34097	
-4.82544	0.30136	0.145746	7.34909	-221.14	8.72157	
-6.08067	0.191541	0.101745	-11.6495	-184.916	-6.37498	
-5.86525	0.210389	0.109297	-6.02003	-224.359	-4.6588	
-3.5317	0.414547	0.191097	-57.4113	-188.19	4.77537	
-2.27974	0.52408	0.234984	-77.2323	-180.001	16.2786	
-1.79429	0.566552	0.252001	-70.1618	-154.701	1.81533	
-3.67784	0.401762	0.185974	-75.2328	-182.9	13.0277	
-3.8169	0.389596	0.1811	-73.7744	-207.297	-5.96823	
-5.7309	0.222142	0.114006	8.98397	-222.41	-8.48905	
-6.59835	0.146251	0.0835983	-1.54712	-200.825	-3.64461	
-4.73612	0.309174	0.148877	-13.1566	-204.237	13.7426	
-3.15465	0.447535	0.204314	-33.9699	-182.324	-1.03802	
-6.67807	0.139276	0.0808037	8.56761	-220.425	2.57492	
-4.48362	0.331265	0.157728	-20.7935	-171.191	-5.6669	
-6.42846	0.161114	0.0895535	-3.82649	-181.537	1.77265	
-4.52251	0.327863	0.156365	-18.4042	-225.499	11.7119	
-3.96131	0.376961	0.176037	-0.902246	-213.655	2.5407	
-5.10452	0.276943	0.135963	11.9593	-186.687	-2.49184	
-3.68714	0.400948	0.185648	-47.4144	-173.428	9.49061	
-5.81103	0.215132	0.111197	-18.2611	-165.28	9.52176	
-8.00535	0.0231536	0.034277	7.28125	-204.564	-8.59497	
-6.04539	0.194628	0.102982	2.76012	-164.151	0.873952	
-2.80903	0.477773	0.21643	-74.8068	-217.191	-11.5513	
-5.31277	0.258724	0.128663	10.7414	-232.578	9.26019	
-3.86077	0.385758	0.179562	-45.567	-194.306	4.25553	
-5.70471	0.224434	0.114924	-42.2011	-168.999	-0.414974	
-5.31216	0.258778	0.128685	-6.22962	-191.986	-2.07333	
-4.4746	0.332055	0.158045	11.4105	-189.279	15.1054	
-3.58227	0.410123	0.189324	45.7715	-201.777	-3.0482	
-6.86003	0.123357	0.0744255	13.5794	-211.089	-5.41304	
-5.59858	0.233719	0.118644	12.544	-217.56	-5.83595	
-4.11251	0.363734	0.170737	1.7487	-227.673	6.07181	
-4.14043	0.361291	0.169759	-22.5492	-190.945	-1.57548	
-6.49955	0.154894	0.0870617	66.3003	-199.269	-11.8451	
-3.8885	0.383332	0.17859	-58.6859	-191.158	1.38451	
-3.13095	0.449609	0.205145	3.54077	-172.344	16.8357	
-2.38089	0.51523	0.231438	-59.5418	-184.765	-2.42884	
-5.70158	0.224708	0.115034	56.8959	-194.41	3.6029	
-4.83652	0.300391	0.145358	-13.5885	-186.426	-9.60869	
-1.79915	0.566126	0.25183	-22.7495	-162.938	1.65603	
-4.48721	0.330952	0.157603	5.09273	-177.444	-1.63213	
-4.31762	0.345788	0.163547	-62.1843	-210.121	-14.5224	
-3.64738	0.404427	0.187042	14.3788	-164.154	-3.67784	
-5.02292	0.284083	0.138824	-10.6198	-161.254	3.46995	
-4.00632	0.373024	0.17446	-11.968	-201.964	3.79235	
-6.07279	0.192231	0.102021	8.24658	-190.749	-1.57166	
-6.12118	0.187997	0.100325	-22.1299	-187.515	-17.9634	
-0.159065	0.709615	0.309322	-49.509	37.2253	34.8879	
-5.39824	0.251246	0.125667	10.116	-173.244	6.35125	
-4.9294	0.292265	0.142102	-14.3445	-221.373	6.74022	
-4.94466	0.29093	0.141567	13.5387	-172.791	-6.48666	
-4.89415	0.295348	0.143337	-38.3203	-179.703	2.062	
-6.13384	0.18689	0.0998813	-46.0236	-193.372	3.73934	
-4.85094	0.299129	0.144852	49.3029	-141.905	-7.38851	
-3.69668	0.400113	0.185314	40.1643	-187.154	-10.3756	
-6.24594	0.177082	0.0959516	-38.2296	-159.829	11.3628	
-6.00092	0.198519	0.104541	-43.1406	-216.871	2.74972	
-5.91783	0.205788	0.107453	-41.9743	-170.378	9.89721	
-4.91706	0.293344	0.142534	-39.7159	-184.452	-1.32141	
-3.14512	0.448369	0.204648	-10.7528	-203.47	0.895716	
-7.73641	0.046683	0.0437045	28.5695	-208.311	-5.07966	
-3.10929	0.451504	0.205904	-27.6294	-208.531	5.92057	
19.9526	2.46916	1.01432	-13.5998	230.391	2.62576	
-4.63726	0.317823	0.152343	-54.6106	-127.752	-12.0489	
-6.11188	0.188811	0.100651	-16.446	-198.427	-14.9965	
-0.0376433	0.720238	0.313578	-36.1764	14.0441	5.1835	
-7.13397	0.0993896	0.0648225	7.9187	-214.539	-5.87918	
-1.99331	0.549139	0.245024	-77.3711	-183.772	15.4757	
-2.38963	0.514466	0.231131	-26.7012	-232.312	-11.036	
-4.15763	0.359786	0.169156	-34.6985	-180.865	10.5965	
-4.41689	0.337104	0.160068	-24.9427	-180.071	5.22176	
-5.60924	0.232787	0.118271	30.0511	-183.131	-9.46581	
-4.51183	0.328797	0.156739	-13.6835	-179.519	-7.68261	
-3.33508	0.43175	0.19799	-51.1354	-170.176	4.29793	
-1.21275	0.617429	0.272386	-36.959	-152.201	-2.21188	
-2.92763	0.467397	0.212272	-52.0184	-199.546	-15.0764	
-6.26661	0.175274	0.0952272	12.2584	-183.516	5.78277	
-5.47079	0.244899	0.123124	-4.23937	-165.136	-12.4615	
-4.21116	0.355102	0.167279	-5.71145	-174.898	-11.995	
-4.93542	0.291738	0.141891	-44.3688	-213.287	7.77992	
-3.94825	0.378104	0.176495	0.0524713	-185.235	2.15727	
-4.74777	0.308155	0.148469	5.44341	-214.626	-11.8429	
-3.44443	0.422183	0.194156	-73.0995	-190.886	2.43666	
-5.33347	0.256914	0.127938	-83.719	-149.316	12.8166	
-4.44693	0.334475	0.159014	-5.93882	-195.205	-6.88882	
-3.36191	0.429402	0.197049	-26.058	-211.338	-3.23453	
-3.32354	0.43276	0.198394	12.1129	-193.832	-7.88977	
-2.33093	0.519602	0.233189	-18.7223	-192.894	3.16775	
0.0239894	0.72563	0.315739	-60.0735	-3.66192	-4.38182	
-5.91386	0.206135	0.107592	-6.87099	-157.862	12.3305	
-4.92956	0.292251	0.142096	-12.4455	-168.976	1.80703	
-2.65023	0.491666	0.221996	-25.5415	-229.853	-10.0938	
-4.67485	0.314535	0.151025	-48.7241	-177.352	11.5913	
-5.24752	0.264433	0.13095	-12.2739	-182.947	7.84863	
-3.39706	0.426327	0.195817	-0.944502	-182.088	-9.07799	
-7.09472	0.102823	0.0661984	-3.45691	-206.757	-6.55714	
-0.145072	0.710839	0.309813	-36.7186	-38.3617	-16.0716	
-3.19019	0.444426	0.203069	20.432	-175.392	11.4222	
-2.60277	0.495819	0.22366	-64.572	-183.725	-11.2898	
-6.90075	0.119794	0.0729981	19.1362	-177.422	7.16578	
-5.65457	0.22882	0.116682	2.49103	-202.524	16.4345	
-5.34041	0.256306	0.127694	-12.5864	-220.787	-1.54977	
-7.76271	0.0443821	0.0427826	33.6498	-197.512	-11.3417	
-7.01649	0.109668	0.0689408	-35.939	-154.764	0.658822	
3.28848	1.01124	0.430173	-23.3929	186.302	-5.81789	
-2.88347	0.47126	0.21382	-74.015	-200.335	3.24525	
-3.90207	0.382145	0.178114	-54.8212	-225.754	-6.05994	
-5.27037	0.262434	0.13015	0.654716	-204.785	-5.2247	
-2.30408	0.52195	0.23413	-33.0241	-174.132	1.08457	
-5.84762	0.211931	0.109914	36.6103	-168.888	-4.67834	
-7.29015	0.0857256	0.0593478	17.3865	-159.283	-3.74107	
-4.05852	0.368457	0.17263	-15.3807	-192.139	3.78507	
-5.30622	0.259297	0.128893	-38.8784	-206.489	16.8139	
-5.16101	0.272001	0.133983	-1.31994	-183.109	5.07696	
-4.2646	0.350427	0.165406	-12.912	-192.782	-2.36544	
-3.8226	0.389097	0.1809	-13.1357	-184.931	6.24643	
-3.33894	0.431411	0.197854	-44.215	-188.645	-4.51706	
-5.77593	0.218203	0.112428	51.1258	-190.968	6.62178	
-3.78138	0.392703	0.182345	-15.9001	-219.517	4.49156	
-3.18495	0.444884	0.203252	-36.7408	-192.386	8.35311	
-5.19053	0.269419	0.132948	32.4554	-209.859	-4.87975	
-5.85658	0.211147	0.1096	-26.3789	-170.856	-1.63891	
-3.38091	0.42774	0.196383	-16.5288	-177.391	-9.09899	
-1.61305	0.582407	0.258354	6.58963	-90.8633	-8.96698	
-4.5272	0.327453	0.156201	71.9685	-142.039	3.4639	
-6.83991	0.125116	0.0751305	16.6975	-164.577	2.00485	
-6.92141	0.117987	0.0722738	-28.5264	-193.587	7.0961	
-2.88174	0.471411	0.213881	-56.5637	-164.278	-8.998	
-4.62711	0.318712	0.152699	-38.5437	-156.513	17.0209	
-4.1387	0.361442	0.169819	-57.6595	-199.331	-5.98805	
-4.20742	0.35543	0.16741	-14.4837	-197.086	-12.6537	
-3.28473	0.436154	0.199754	-43.5878	-192.266	4.68623	
-4.55276	0.325217	0.155305	-31.7978	-175.252	9.5012	
-4.32251	0.345361	0.163376	-16.1222	-177.502	-5.91101	
-2.65723	0.491053	0.221751	-68.3417	-213.952	5.29569	
-6.75794	0.132288	0.0780041	17.5634	-190.701	4.93121	
-6.07717	0.191848	0.101868	-3.15904	-210.323	-13.1728	
-1.68272	0.576312	0.255911	-82.5962	-212.322	-0.0852784	
-6.37925	0.165419	0.0912787	-0.322838	-194.574	-0.564325	
-5.98116	0.200248	0.105233	-18.5091	-179.3	-8.1094	
-7.76736	0.0439752	0.0426196	25.2468	-215.352	-13.8699	
-6.50059	0.154803	0.0870251	3.28462	-182.511	-4.20014	
-4.74866	0.308077	0.148438	-6.70392	-175.819	-0.160657	
-4.94753	0.290679	0.141467	-55.1394	-191.659	8.0942	
-5.56676	0.236503	0.11976	-49.6889	-172.68	6.88783	
-3.55934	0.412129	0.190128	-12.8306	-171.908	-4.23305	
-4.95021	0.290444	0.141373	-21.1811	-175.054	-0.115954	
-5.12235	0.275383	0.135338	-18.6515	-212.663	13.3866	
-6.5552	0.150025	0.0851107	-20.3276	-234.263	-4.96633	
-6.62946	0.143529	0.0825079	-52.8793	-194.179	3.1428	
-4.6622	0.315642	0.151468	-24.1469	-209.216	15.3227	
-6.2736	0.174662	0.0949821	-32.0666	-177.309	-7.60131	
-5.90601	0.206822	0.107868	-10.8093	-185.376	3.95608	
-5.35279	0.255223	0.12726	-33.728	-221.46	0.78548	
-4.35697	0.342346	0.162168	-62.4926	-203.175	1.31773	
-5.62515	0.231395	0.117713	-35.1141	-178.284	3.7841	
-3.26978	0.437463	0.200279	-62.8173	-147.396	-12.0943	
-4.10495	0.364395	0.171002	-16.5094	-159.587	4.7849	
-3.81456	0.3898	0.181182	3.62473	-161.548	-7.57137	
-4.97549	0.288232	0.140486	-37.3836	-177.171	5.52429	
-4.34849	0.343087	0.162465	-40.5756	-198.062	2.27995	
-4.86944	0.297511	0.144204	-17.9669	-212.127	7.02511	
-3.86088	0.385748	0.179558	-8.01291	-197.294	-10.9093	
-5.1975	0.268809	0.132704	-3.41673	-187.752	-5.58124	
-0.0619034	0.718115	0.312728	22.1514	-51.9167	-28.4264	
-3.85684	0.386101	0.179699	-55.5846	-160.085	-2.07845	
-5.28876	0.260824	0.129505	-37.0018	-215.78	0.9098	
-3.82584	0.388813	0.180786	-2.79751	-185.711	-5.558	
-4.89864	0.294956	0.14318	-15.1835	-167.756	-18.2676	
-3.10256	0.452092	0.20614	-45.7578	-182.558	-1.69151	
-5.76244	0.219383	0.1129	-17.2378	-171.44	5.60175	
-3.05941	0.455868	0.207653	-34.0775	-194.151	-4.41563	
-5.06487	0.280412	0.137353	36.3904	-205.007	-11.2182	
-5.53727	0.239083	0.120794	26.2211	-189.586	-5.0901	
-4.3235	0.345274	0.163341	-36.5732	-191.451	-12.5111	
-5.34667	0.255758	0.127475	-6.08579	-205.32	8.85314	
-3.46795	0.420125	0.193332	-10.0133	-191.038	-9.55128	
-5.35011	0.255457	0.127354	22.6375	-187.365	-2.69435	
-2.68226	0.488864	0.220874	3.78335	-181.605	-7.65626	
-6.6769	0.139378	0.0808448	-9.10441	-176.303	2.99006	
-0.228595	0.703532	0.306885	-49.8842	-0.682394	-1.42935	
-4.93152	0.292079	0.142028	-45.7259	-197.657	-0.757037	
-1.97855	0.550431	0.245542	-7.22567	-246.369	-0.48787	
-4.61701	0.319595	0.153052	-63.1684	-158.951	6.41636	
-5.69427	0.225347	0.11529	28.1418	-192.464	-4.93015	
-5.43337	0.248173	0.124436	2.81008	-169.047	-4.06792	
-4.12691	0.362474	0.170233	-22.6304	-215.464	-8.44264	
-5.23908	0.265171	0.131246	-51.13	-161.692	-0.175052	
-6.36658	0.166527	0.0917226	-7.21365	-188.964	6.33833	
-6.23006	0.178472	0.0965085	-58.6358	-190.3	8.28173	
-4.67251	0.31474	0.151107	13.6258	-196.815	9.6717	
-5.69301	0.225457	0.115334	67.1489	-197.45	-13.0217	
-5.21026	0.267692	0.132256	16.3586	-203.64	2.22145	
-4.31765	0.345786	0.163546	-27.5348	-167.408	5.03299	
-5.06182	0.280679	0.13746	-46.5558	-205.384	-8.83813	
-6.92516	0.117658	0.0721421	46.1104	-229.401	-8.85948	
-3.14132	0.448701	0.204782	4.39616	-187.689	-2.55109	
-5.99826	0.198751	0.104634	-33.0379	-188.542	14.9107	
-3.61376	0.407368	0.188221	-12.9388	-201.31	10.6449	
-3.78814	0.392112	0.182108	17.0232	-173.381	-4.21938	
-5.23561	0.265474	0.131368	-34.5829	-232.458	-0.0192805	
-5.30967	0.258996	0.128772	26.4365	-228.021	-0.0105899	
-4.51261	0.328729	0.156712	-40.5362	-189.437	10.4224	
-6.65682	0.141135	0.0815486	-21.098	-221.236	-0.437775	
-4.2323	0.353253	0.166538	-36.4235	-179.615	7.66112	
-4.07914	0.366653	0.171907	31.0619	-205.049	-3.38496	
-5.15086	0.27289	0.134339	-7.84959	-201.578	5.70712	
-3.52261	0.415343	0.191416	35.4834	-196.926	-9.07523	
-6.87272	0.122246	0.0739806	30.6886	-231.121	-1.9171	
-2.94411	0.465955	0.211695	-17.8786	-181.94	3.73012	
-2.99574	0.461438	0.209885	-91.9893	-165.391	-4.15088	
-4.93942	0.291388	0.141751	-37.3972	-198.136	-0.922262	
-3.76476	0.394157	0.182927	40.1434	-177.408	-2.16005	
-6.30564	0.171859	0.0938588	-13.6679	-208.529	10.0075	
-4.8218	0.301679	0.145874	34.3394	-186.527	7.24644	
-5.97112	0.201126	0.105585	15.0786	-143.836	4.32227	
-5.29606	0.260186	0.129249	-18.396	-180.089	-8.29573	
-3.51778	0.415765	0.191585	-53.2342	-182.805	4.67752	
-6.93366	0.116915	0.0718443	-24.3227	-248.008	-9.23747	
-5.95785	0.202287	0.106051	67.2439	-166.346	7.34581	
-1.76807	0.568846	0.25292	-91.3794	-176.903	-6.91599	
-3.77049	0.393656	0.182726	-26.0703	-195.926	3.23657	
-4.36109	0.341985	0.162024	-25.8586	-159.679	11.1321	
-0.0196152	0.721815	0.31421	-56.5388	96.3538	36.9063	
-4.01179	0.372545	0.174268	-22.0819	-224.01	13.2843	
-5.07757	0.279301	0.136908	-23.2698	-153.544	-6.04484	
-4.68058	0.314034	0.150824	7.43487	-149.896	-13.7018	
-4.92139	0.292965	0.142383	-37.4122	-197.005	-5.74093	
-6.2068	0.180506	0.0973236	-9.34913	-231.026	22.2131	
-6.20551	0.180619	0.0973689	-36.9902	-178.774	13.8199	
-6.04615	0.194562	0.102955	37.0264	-183.1	8.71928	
-4.56112	0.324485	0.155012	-60.5595	-165.571	-2.25342	
-5.14246	0.273625	0.134633	40.8348	-183.998	-1.82021	
-4.80831	0.302858	0.146346	4.23316	-160.041	0.631798	
-6.53255	0.152007	0.0859048	-40.371	-182.945	-1.6757	
-5.50261	0.242115	0.122009	96.7421	-204.768	-3.69321	
-5.09361	0.277898	0.136346	-7.34235	-214.29	-8.58049	
-5.21841	0.26698	0.131971	21.63	-176.956	8.43451	
-4.93119	0.292108	0.142039	27.0111	-212.091	-10.8471	
-5.93071	0.204661	0.107002	-3.21208	-203.665	-11.8404	
-4.09548	0.365223	0.171334	-67.3188	-170.669	-0.904389	
-5.0941	0.277855	0.136329	-47.9309	-207	4.45532	
-4.93574	0.29171	0.14188	-30.1378	-216.247	-8.98179	
-4.18402	0.357477	0.168231	-3.74646	-205.28	7.40203	
-6.52203	0.152927	0.0862735	3.59516	-191.515	-6.44281	
-4.32701	0.344967	0.163218	-53.5399	-207.035	-13.0942	
-5.58407	0.234989	0.119153	-1.72531	-192.682	-14.6442	
-4.94285	0.291088	0.14163	-30.1755	-231.945	-4.07026	
-5.954	0.202624	0.106185	14.1342	-177.687	-2.99453	
-2.00219	0.548362	0.244713	-57.3385	-124.145	4.16018	
-3.99128	0.374339	0.174987	-25.8943	-184.153	-1.67012	
-5.51237	0.241262	0.121667	-35.1278	-146.675	6.13393	
-4.9129	0.293708	0.14268	20.4027	-185.371	-10.4108	
-6.52854	0.152358	0.0860454	-5.66779	-182.246	3.30062	
-5.78685	0.217248	0.112045	15.6943	-183.189	1.41088	
-7.22323	0.0915809	0.0616938	55.9074	-192.803	-2.25807	
-4.27017	0.34994	0.165211	-28.5106	-213.369	3.33589	
-1.86547	0.560324	0.249505	-72.5049	-154.563	18.4241	
-7.4566	0.0711636	0.0535132	-12.0897	-191.41	-0.242767	
-4.37463	0.340801	0.161549	-49.0363	-152.542	7.00035	
-6.9597	0.114636	0.0709314	4.09985	-197.827	-8.74773	
-3.53756	0.414035	0.190892	-29.3705	-192.634	2.88999	
-5.50514	0.241894	0.12192	-0.47958	-156.375	-1.97496	
-4.20979	0.355223	0.167327	-48.984	-196.08	-4.97456	
-5.63325	0.230686	0.117429	11.9563	-185.519	5.50357	
-4.13461	0.361799	0.169962	-55.8265	-196.009	-3.7779	
-4.50874	0.329068	0.156848	-40.3413	-180.44	5.99126	
-5.1821	0.270156	0.133244	24.7075	-166.827	5.57793	
-4.00118	0.373473	0.17464	-13.4477	-167.197	-3.772	
-4.20609	0.355546	0.167457	-52.5792	-231.933	-7.15318	
-4.78681	0.30474	0.1471	-44.3469	-171.929	0.099821	
-4.43526	0.335497	0.159424	-39.2113	-185.636	2.79359	
-0.0786421	0.716651	0.312141	-54.1993	8.0027	-8.13167	
-5.50045	0.242304	0.122084	-1.97911	-197.722	-4.86192	
-5.59564	0.233976	0.118747	34.6806	-143.156	0.0492889	
-3.7746	0.393297	0.182583	-21.0685	-177.821	3.69038	
-3.99568	0.373955	0.174833	-11.2998	-169.549	4.11277	
-4.33802	0.344004	0.162832	-24.3092	-214.364	5.833	
-3.75899	0.394662	0.18313	-27.8371	-167.865	-0.365142	
-5.39205	0.251788	0.125884	-18.219	-207.943	0.549631	
-2.54074	0.501246	0.225835	-27.9472	-173.416	1.19253	
-3.37698	0.428084	0.196521	-35.4036	-183.75	5.14019	
-5.09038	0.278181	0.136459	-44.7706	-182.444	-10.9236	
-4.87055	0.297414	0.144165	-35.7294	-174.888	-3.02901	
-3.83045	0.38841	0.180625	-43.8309	-160.857	4.67789	
-5.37481	0.253296	0.126488	-28.0222	-162.643	8.52176	
-3.68302	0.401309	0.185793	1.29531	-165.391	-3.38983	
-7.0777	0.104313	0.0667951	-4.45749	-192.283	6.82089	
-4.8762	0.296919	0.143967	4.17085	-177.215	11.7593	
-3.58436	0.409941	0.189251	3.82751	-197.096	-0.730251	
-4.33856	0.343956	0.162813	7.44702	-209.261	15.7362	
-3.34143	0.431194	0.197767	-41.6074	-172.617	-13.1504	
-3.17722	0.445561	0.203523	2.28958	-233.648	-12.4502	
-4.70595	0.311814	0.149935	-3.6044	-183.144	-9.24988	
-3.99843	0.373714	0.174736	-11.2187	-228.004	-17.9233	
-5.46549	0.245363	0.12331	-48.8584	-175.028	2.55204	
-6.11447	0.188584	0.10056	-2.63403	-195.596	7.29927	
-6.6391	0.142685	0.0821698	-8.53773	-195.643	-8.85977	
-6.55173	0.150329	0.0852325	4.31502	-217.9	11.4565	
-5.12052	0.275544	0.135402	-54.0557	-176.172	-4.50379	
-3.78591	0.392307	0.182186	-53.1961	-184.86	-6.89755	
-6.10518	0.189397	0.100886	-27.5706	-177.788	15.661	
-5.55898	0.237184	0.120033	-32.6833	-202.595	-9.57582	
-3.59489	0.409019	0.188882	21.2718	-190.102	4.4449	
-5.45059	0.246666	0.123832	-10.4337	-136.475	0.940068	
-5.06721	0.280208	0.137271	-3.32138	-248.023	-4.3844	
-5.02041	0.284302	0.138912	-49.5089	-184.912	-4.05177	
-4.7298	0.309727	0.149099	4.21157	-226.105	6.17697	
-4.14976	0.360475	0.169432	-1.45724	-184.92	-0.327935	
-6.53007	0.152224	0.0859917	-38.0333	-193.956	-8.77013	
-5.54339	0.238548	0.120579	-2.5593	-214.362	4.04945	
-6.01296	0.197465	0.104119	43.7219	-173.625	6.58133	
-4.97523	0.288255	0.140495	-16.5204	-223.495	3.71533	
-3.09364	0.452873	0.206453	5.34832	-182.385	-6.55799	
-2.97414	0.463328	0.210642	-2.51313	-186.871	9.94167	
-6.41487	0.162303	0.0900302	-55.0734	-165.944	3.32022	
-3.47932	0.41913	0.192933	-22.6502	-196.796	13.2221	
-3.2252	0.441363	0.201841	35.8774	-160.205	-1.79001	
-3.82556	0.388838	0.180796	-6.38582	-217.938	5.73313	
-6.58239	0.147647	0.0841577	-33.9448	-227.627	7.26065	
-4.28739	0.348434	0.164607	-12.8597	-188.564	-6.30837	
-3.2694	0.437496	0.200292	-16.8085	-194.322	-0.467488	
-3.72906	0.397281	0.184179	-36.6942	-152.885	-5.28269	
-4.88269	0.296351	0.143739	-77.4649	-171.473	12.8089	
-4.72329	0.310297	0.149327	-53.6927	-210.918	-4.86643	
-2.95351	0.465133	0.211365	11.6198	-185.275	-7.50328	
-3.60948	0.407743	0.188371	0.0151725	-143.858	3.81889	
-4.81014	0.302699	0.146283	-5.42041	-209.545	-7.40462	
-4.82585	0.301324	0.145732	-18.8596	-185.116	-5.89328	
-5.44823	0.246873	0.123915	-16.2122	-188.974	-2.30959	
-0.0799595	0.716536	0.312095	3.59695	-58.2415	-30.5381	
-6.72823	0.134887	0.0790453	-0.8111	-166.519	-0.990388	
-6.4087	0.162843	0.0902464	-22.3494	-183.631	-14.4976	
-4.17228	0.358504	0.168642	-4.09763	-164.471	2.77651	
-5.3857	0.252343	0.126107	-9.02118	-228.082	-2.1232	
-0.301363	0.697165	0.304334	-72.3336	46.4454	32.9074	
-7.09211	0.103052	0.06629	8.78688	-161.806	-9.04355	
-6.97142	0.113611	0.0705205	10.136	-174.657	10.8613	
-2.37328	0.515896	0.231705	22.4855	-186.408	-8.99987	
-2.27003	0.52493	0.235324	-41.6267	-180.973	2.79028	
-4.74653	0.308263	0.148512	-25.4698	-236.648	11.3113	
-3.50773	0.416645	0.191937	-15.1902	-162.867	9.25555	
-5.3992	0.251162	0.125633	-6.72686	-195.512	-4.2776	
-3.89712	0.382577	0.178287	-59.6491	-159.475	-5.88513	
-4.577	0.323096	0.154455	-23.4725	-185.349	-1.21248	
-4.29633	0.347651	0.164294	10.5981	-161.354	-1.49169	
-3.20826	0.442845	0.202435	-66.297	-138.986	-1.50842	
-4.38091	0.340251	0.161329	-3.15025	-140.481	2.91443	
-3.89727	0.382565	0.178283	-12.5586	-177.562	-11.3316	
-4.5876	0.322168	0.154083	-29.6595	-195.665	-21.3936	
-2.90814	0.469102	0.212956	-65.2298	-218.661	-2.68541	
-5.92694	0.204991	0.107134	-17.2654	-193.024	11.0274	
-6.78339	0.130061	0.0771118	-68.6279	-207.523	-8.37367	
-3.09469	0.452781	0.206416	-40.3638	-183.399	-3.05971	
-5.86049	0.210805	0.109463	-26.6606	-216.677	0.982565	
-4.04382	0.369742	0.173145	2.1552	-202.365	4.33157	
-5.2051	0.268144	0.132437	-21.0597	-199.964	-10.1322	
-3.96498	0.37664	0.175909	-42.8165	-148.269	5.42128	
-7.08975	0.103258	0.0663726	24.8008	-233.151	7.49365	
-6.24318	0.177324	0.0960485	-12.6019	-220.275	8.42724	
-6.10089	0.189772	0.101036	26.9439	-164.461	0.0178469	
-5.23557	0.265478	0.131369	-5.78392	-157.283	12.2341	
-0.00885938	0.722756	0.314587	-15.3412	12.1109	8.80348	
-4.18946	0.357001	0.16804	-38.1292	-162.561	-3.79673	
-4.12735	0.362435	0.170217	18.1026	-198.61	-7.36066	
-5.83316	0.213196	0.110421	3.11528	-231.769	-0.00101588	
-4.20811	0.355369	0.167386	3.67103	-165.763	-8.37202	
-4.03079	0.370882	0.173602	-6.94501	-195.138	6.30001	
-3.39066	0.426887	0.196041	111.519	-177.3	-5.73445	
-3.62944	0.405996	0.187671	-8.7311	-178.597	-5.5089	
-3.46555	0.420335	0.193416	-66.361	-229.418	5.36325	
-4.38826	0.339608	0.161071	-5.46287	-192.241	-1.13546	
-1.6675	0.577644	0.256445	-35.2638	-165.748	-1.39127	
-4.33149	0.344575	0.163061	11.0587	-173.652	-0.518588	
-5.3098	0.258984	0.128767	-3.27075	-183.346	3.04679	
-6.34468	0.168444	0.0924906	12.3731	-203.549	15.1235	
-3.17898	0.445407	0.203462	-14.4621	-200.489	-1.49677	
-6.57632	0.148178	0.0843706	2.5425	-204.726	-2.52075	
-6.81316	0.127457	0.0760681	5.49529	-182.596	5.28779	
-5.55891	0.23719	0.120035	31.7634	-228.164	10.8909	
-5.42217	0.249153	0.124828	-29.8083	-198.866	-0.703653	
-6.84633	0.124555	0.0749057	-49.6026	-160.722	-5.8671	
-6.58052	0.147811	0.0842234	-5.6094	-215.243	-8.93235	
-4.79736	0.303817	0.146731	15.0386	-199.496	13.2709	
-5.85551	0.211241	0.109638	-12.237	-185.026	-1.90516	
-6.70622	0.136813	0.079817	-40.7678	-200.813	0.616424	
-4.67508	0.314515	0.151017	31.9816	-196.319	-15.8859	
-3.57026	0.411174	0.189745	-32.7757	-170.178	6.29512	
-6.61861	0.144477	0.0828879	52.0501	-168.305	-10.534	
-4.81198	0.302538	0.146218	12.7495	-175.47	-3.12702	
-3.83721	0.387819	0.180388	-40.3319	-144.068	5.64719	
-7.20978	0.0927576	0.0621653	-47.7091	-194.273	-1.76897	
-4.15916	0.359652	0.169102	-21.2252	-224.387	-11.882	
-3.41579	0.424688	0.19516	-28.3561	-189.941	-1.9045	
-4.15763	0.359786	0.169156	-58.7081	-183.677	0.468755	
-2.23355	0.528121	0.236603	65.5027	-198.106	-16.1431	
-0.137563	0.711496	0.310076	-23.2981	2.30474	15.088	
-5.07693	0.279357	0.13693	0.686566	-147.403	-2.95684	
0.0326524	0.726388	0.316043	-17.3969	-22.2191	-4.33059	
-6.67859	0.13923	0.0807855	6.47826	-196.584	4.64603	
-3.10725	0.451682	0.205976	20.0383	-213.932	-7.40343	
-5.43566	0.247973	0.124355	-10.1915	-196.874	8.45529	
-6.38496	0.164919	0.0910784	2.12561	-205.525	-15.2594	
-6.03494	0.195542	0.103348	22.0461	-219.602	2.21455	
12.7728	1.84101	0.762637	-30.4116	232.194	-4.74325	
-5.71132	0.223855	0.114692	14.0647	-168.437	-2.04659	
-6.47135	0.157362	0.0880502	20.0641	-211.06	-18.6094	
-4.71269	0.311225	0.149699	31.37	-209.251	9.73647	
-6.03264	0.195744	0.103429	-10.5424	-177.939	5.8674	
-5.64766	0.229425	0.116924	-22.1604	-178.238	0.772221	
-4.91644	0.293398	0.142556	2.41109	-183.803	7.16105	
-5.81817	0.214507	0.110947	-62.7331	-166.632	7.28309	
-6.71386	0.136144	0.079549	19.1424	-200.389	-1.86578	
-7.22569	0.0913656	0.0616075	9.7009	-170.555	14.1114	
-3.63917	0.405145	0.18733	0.503905	-187.16	-5.97813	
-5.21641	0.267155	0.132041	-10.9022	-151.861	-7.77661	
0.080328	0.730559	0.317714	-47.5199	20.133	-7.92523	
-3.8238	0.388992	0.180858	1.02639	-174.399	-10.3943	
-3.46813	0.420109	0.193326	11.8316	-204.542	3.70918	
-3.8753	0.384486	0.179053	-17.9426	-190.124	1.64206	
-3.61697	0.407087	0.188108	6.6007	-166.474	-12.8586	
-2.18719	0.532177	0.238228	-36.872	-186.425	-2.2399	
-4.09895	0.364919	0.171213	-44.4518	-192.015	-3.56905	
-5.75407	0.220115	0.113194	-2.38638	-182.299	14.458	
-5.16484	0.271666	0.133849	-7.95245	-181.555	-10.1423	
-4.28101	0.348991	0.164831	-27.5356	-198.384	16.2548	
-6.68473	0.138693	0.0805704	16.0038	-226.987	12.9707	
-6.46814	0.157642	0.0881626	-25.2164	-175.799	-1.92082	
-5.06212	0.280653	0.13745	-30.8038	-188.083	-4.39883	
-8.0108	0.0226771	0.0340861	18.2727	-188.232	-4.42439	
-5.3743	0.253341	0.126506	-7.81883	-171.57	1.04349	
-4.36604	0.341552	0.16185	-1.34225	-175.771	8.08019	
-4.86891	0.297557	0.144222	-37.7853	-151.627	0.639045	
-4.14344	0.361027	0.169653	-51.9755	-181.437	-4.9809	
-2.02393	0.54646	0.243951	-19.1418	-164.23	1.08361	
-5.28346	0.261289	0.129691	35.396	-209.848	-2.4039	
-6.08617	0.19106	0.101552	-35.9617	-192.718	11.2158	
-4.71069	0.311399	0.149768	-63.8327	-202.782	-9.52922	
-6.42791	0.161162	0.089573	-54.2217	-203.934	11.3938	
-5.46574	0.245341	0.123301	-11.5309	-193.338	-7.25778	
-5.45028	0.246694	0.123843	-37.0987	-189.455	11.8852	
-5.81377	0.214892	0.111101	-1.62338	-179.142	10.9364	
-5.26597	0.262818	0.130304	-12.3759	-179.981	3.94085	
-6.39886	0.163704	0.0905914	-16.7035	-170.964	8.92737	
-4.77523	0.305753	0.147506	-21.7726	-200.419	4.66194	
-6.14426	0.185978	0.099516	-22.2992	-172.589	5.08998	
-3.86341	0.385527	0.179469	-25.8693	-176.141	-7.41795	
-3.96887	0.3763	0.175773	-28.2048	-182.211	-11.2628	
-7.04832	0.106883	0.0678249	-31.2508	-174.334	12.7857	
-2.99862	0.461186	0.209784	-76.8372	-123.655	9.81026	
-3.74389	0.395984	0.183659	-41.2506	-162.691	8.95819	
-5.0643	0.280463	0.137373	-37.6886	-187.871	4.85913	
-3.3938	0.426612	0.195931	-41.1959	-190.208	-2.95631	
-5.93827	0.204	0.106737	-10.2498	-175.473	1.41382	
-5.66314	0.228071	0.116381	-23.2817	-227.907	-0.384992	
-3.81285	0.38995	0.181242	16.7363	-183.585	-2.42081	
-3.71606	0.398418	0.184635	-5.78507	-177.711	-0.241192	
0.166355	0.738085	0.320729	-28.6138	6.71084	12.9881	
-3.20401	0.443217	0.202584	-42.089	-180.156	6.55	
-3.20346	0.443265	0.202603	23.5652	-184.513	-5.61698	
-5.99095	0.199391	0.10489	-0.0584673	-172.828	15.6168	
-6.01834	0.196995	0.10393	-13.954	-209.073	10.0213	
-6.07658	0.191899	0.101888	40.0935	-159.647	-4.37556	
-5.01547	0.284734	0.139085	-0.888872	-207.854	-11.158	
0.117674	0.733826	0.319023	-49.36	-20.3601	-22.9395	
-4.03971	0.370102	0.173289	-12.5918	-213.723	6.73368	
-2.15853	0.534684	0.239232	-0.57938	-168.612	14.5936	
0.060054	0.728785	0.317003	-54.0737	-65.2693	-36.122	
-5.73555	0.221735	0.113843	-19.5646	-182.085	-15.3558	
17.5637	2.26016	0.930578	-27.5936	220.839	-0.392339	
-3.01437	0.459808	0.209232	-37.7803	-152.611	-9.31494	
-5.22298	0.266579	0.131811	1.01224	-208.305	-9.90764	
-2.96399	0.464216	0.210998	-18.8656	-226.914	7.0063	
-4.52143	0.327957	0.156403	-21.3416	-159.173	-3.39356	
-4.88261	0.296358	0.143742	-17.3712	-194.334	-8.50134	
-3.59829	0.408721	0.188763	-37.1838	-178.31	-19.741	
-4.86007	0.29833	0.144532	-18.7162	-202.145	-4.19814	
-6.17129	0.183613	0.0985684	8.78785	-224.082	-11.5087	
-4.63226	0.318261	0.152518	-18.1072	-162.605	-5.51816	
-4.17589	0.358189	0.168516	-15.5889	-199.553	-0.39993	
-5.01903	0.284423	0.13896	-28.4212	-179.2	5.08517	
-4.05791	0.36851	0.172651	-6.66773	-159.127	-4.44067	
-5.24642	0.264529	0.130989	17.2893	-191.93	5.85113	
-5.5298	0.239737	0.121056	21.8932	-170.242	6.19072	
-5.4736	0.244654	0.123026	11.9876	-210.673	10.548	
-6.02415	0.196486	0.103726	-10.8306	-174.178	10.5108	
-5.6483	0.229369	0.116902	31.952	-179.822	19.2103	
-5.44407	0.247236	0.12406	22.6484	-195.667	-15.4404	
-6.15195	0.185305	0.0992464	-78.4166	-206.282	-1.39682	
-3.8504	0.386665	0.179925	-14.7352	-193.999	5.46115	
-5.44019	0.247576	0.124197	-16.625	-168.062	-4.19255	
-4.09106	0.36561	0.171489	-26.5323	-196.456	6.40726	
-4.70523	0.311877	0.14996	-18.329	-213.969	11.2614	
-2.5744	0.4983	0.224654	5.75775	-170.461	-4.26133	
-2.78489	0.479885	0.217276	-60.2931	-181.113	-4.43585	
-6.1855	0.18237	0.0980703	-32.328	-209.572	2.98978	
-0.0794574	0.71658	0.312113	-20.5149	41.6461	2.65552	
-5.82363	0.21403	0.110756	20.3746	-193.296	0.0164462	
-3.60542	0.408098	0.188513	-25.4698	-187.264	13.4348	
-6.80553	0.128125	0.0763358	-38.9517	-176.251	-0.591017	
-3.26257	0.438093	0.200531	-21.6092	-221.404	7.27382	
-6.40946	0.162776	0.0902196	14.1245	-210.79	3.19092	
-3.61506	0.407255	0.188175	-25.938	-228.241	-0.422873	
-5.27925	0.261656	0.129838	26.6475	-190.592	14.7754	
-5.70843	0.224108	0.114794	-5.90181	-170.547	2.64546	
-3.64728	0.404435	0.187045	-67.4003	-216.964	5.32587	
-5.97704	0.200608	0.105378	29.606	-206.713	2.33886	
-4.78853	0.304589	0.14704	2.37241	-166.279	-4.54166	
-7.58222	0.0601725	0.0491094	-1.89136	-161.962	7.11893	
-4.2488	0.351809	0.16596	13.2641	-208.107	13.3681	
-3.7143	0.398572	0.184696	-27.1627	-183.778	-14.0104	
-6.65343	0.141432	0.0816677	-10.6643	-183.737	-2.36086	
-4.27107	0.349861	0.165179	-47.4898	-217.129	3.0488	
-6.31214	0.171291	0.0936313	-11.4647	-152.361	-8.68503	
-3.15008	0.447935	0.204475	-41.8432	-198.685	9.64374	
-5.9577	0.2023	0.106056	15.5633	-196.301	4.16513	
-5.44814	0.246881	0.123918	-36.5357	-196.01	9.93836	
-4.97864	0.287957	0.140376	-15.2852	-175.367	-13.0979	
-3.88077	0.384008	0.178861	3.55126	-181.611	-2.1259	
-3.60014	0.40856	0.188698	-75.8123	-213.672	8.6609	
-3.66068	0.403263	0.186576	-39.8288	-161.064	6.45551	
-5.00537	0.285618	0.139439	-52.4903	-192.967	1.04831	
-4.15317	0.360176	0.169312	-59.4961	-168.623	0.307439	
-4.82459	0.301434	0.145776	-35.7785	-156.204	4.01687	
-6.68109	0.139012	0.0806979	-16.7026	-198.594	6.81738	
-4.41128	0.337594	0.160264	-58.9642	-189.354	4.27481	
-5.89207	0.208042	0.108356	-22.2191	-237.034	-9.16433	
-5.51584	0.240958	0.121545	-11.9306	-216.879	-0.156411	
-6.46648	0.157788	0.0882209	-13.4582	-205.705	8.68493	
-2.66204	0.490633	0.221582	-22.8807	-177.313	0.130975	
-3.00973	0.460214	0.209395	-11.3714	-185.193	-4.78845	
-5.17319	0.270936	0.133556	3.69274	-170.848	8.35339	
-5.63365	0.230651	0.117415	-20.4736	-206.728	3.22726	
-4.24637	0.352022	0.166045	-49.4184	-172.317	9.83364	
-5.35001	0.255466	0.127358	-37.5049	-209.037	-4.16653	
0.0271884	0.72591	0.315851	-18.0922	-69.0613	-46.5893	
-5.32123	0.257984	0.128367	18.8763	-195.415	-4.18792	
-3.90495	0.381893	0.178013	-15.5111	-197.609	-4.79188	
-5.52677	0.240002	0.121162	36.9778	-174.163	-14.0673	
-3.62673	0.406234	0.187766	-41.4319	-183.251	-0.418321	
-6.17455	0.183328	0.0984544	-46.7192	-195.085	-9.93843	
-4.38416	0.339967	0.161215	-3.84985	-186.814	-16.5202	
-6.7898	0.129501	0.0768873	-0.258905	-156.655	-16.407	
-5.95357	0.202661	0.1062	-6.55874	-210.278	13.3145	
-5.06813	0.280128	0.137239	-39.8938	-190.74	-6.24475	
-5.54352	0.238536	0.120575	-40.8895	-193.575	3.25709	
-4.07968	0.366606	0.171888	-45.6136	-177.123	-10.4271	
-3.93231	0.379498	0.177054	-61.1559	-203.702	5.40258	
-5.71371	0.223647	0.114609	31.0417	-157.459	-12.7442	
-7.42546	0.073888	0.0546048	-34.7219	-203.707	-4.93252	
-4.68781	0.313401	0.150571	28.7761	-202.301	-4.18829	
-4.70473	0.31192	0.149977	-41.9543	-170.667	-10.357	
-6.25366	0.176407	0.0956811	-23.1855	-163.071	1.06891	
-2.37026	0.516161	0.231811	-3.34518	-198.259	10.7142	
-0.369177	0.691232	0.301957	-32.2653	-4.36509	4.26352	
-4.11717	0.363325	0.170574	40.7149	-214.186	-17.1613	
-3.77357	0.393387	0.182619	-53.9011	-194.491	3.85249	
-7.05119	0.106632	0.0677243	-47.7847	-212.2	-10.524	
-3.20384	0.443232	0.20259	-11.2467	-190.567	5.0497	
-3.25702	0.438579	0.200726	-46.1753	-142.702	4.12809	
-4.15817	0.359738	0.169137	-44.2078	-226.799	-4.52253	
-6.30189	0.172187	0.0939904	21.6787	-146.594	-1.05866	
-3.91662	0.380872	0.177604	-6.29898	-185.676	6.39075	
-3.12119	0.450463	0.205487	-85.0283	-180.972	-0.270881	
-5.66779	0.227664	0.116218	54.6092	-171.737	5.55784	
-4.98866	0.28708	0.140025	43.2107	-204.037	-2.98972	
-4.28926	0.34827	0.164542	-40.2246	-163.833	10.7504	
-4.04261	0.369849	0.173188	11.966	-194.181	-8.20233	
-5.7426	0.221118	0.113596	-12.8078	-197.503	-6.15768	
-4.03034	0.370922	0.173618	-25.3939	-175.566	9.30096	
-6.47381	0.157147	0.087964	-25.5183	-214.782	9.39683	
-5.71659	0.223394	0.114508	-45.0106	-190.21	16.5694	
-8.104	0.0145235	0.0308191	-23.6231	-179.854	1.91714	
-5.38477	0.252424	0.126139	18.0286	-199.651	3.79113	
-3.05382	0.456357	0.207849	27.8387	-194.278	-3.7977	
-0.204764	0.705617	0.30772	-34.5149	32.6408	16.4505	
-5.8616	0.210708	0.109425	28.8755	-220.097	3.11691	
-7.79423	0.0416242	0.0416776	-24.5725	-200.025	-5.42026	
-5.08213	0.278903	0.136748	-18.4735	-191.962	-0.0211066	
-4.43308	0.335687	0.1595	20.8426	-161.781	-0.464438	
-4.19894	0.356172	0.167708	-23.1955	-204.962	-2.50897	
-3.81413	0.389838	0.181197	-9.73676	-198.974	-3.55568	
-4.06005	0.368323	0.172576	-39.6195	-188.44	-6.50162	
-4.29565	0.34771	0.164317	23.6624	-250.949	2.42614	
-5.13516	0.274263	0.134889	50.8326	-194.507	6.16263	
-5.8683	0.210121	0.10919	49.8021	-204.425	-5.13317	
0.193129	0.740428	0.321668	-56.3945	-5.7877	-0.562382	
-0.361816	0.691876	0.302215	39.7398	-159.789	-61.9199	
-3.18762	0.44465	0.203158	-29.5146	-152.338	1.03012	
-3.23674	0.440354	0.201437	-48.6297	-164.744	-0.0471201	
-3.23907	0.440149	0.201355	-53.9924	-163.14	10.1945	
-4.95101	0.290374	0.141344	-71.8289	-215.221	2.03803	
-5.24668	0.264506	0.13098	-37.0653	-180.332	3.63836	
-4.30385	0.346993	0.16403	-28.4176	-179.898	-2.70067	
-3.88925	0.383266	0.178564	21.7543	-180.215	-3.31393	
-5.32734	0.257449	0.128152	-18.8111	-173.067	-2.81304	
-7.25918	0.0884355	0.0604335	-3.22146	-225.462	9.52835	
-5.52961	0.239753	0.121062	28.869	-190.365	-12.2144	
-4.45164	0.334063	0.15885	-8.33919	-185.937	13.0228	
-4.3205	0.345536	0.163446	-1.07865	-197.057	2.26761	
-3.77209	0.393517	0.182671	18.1772	-194.476	3.78485	
-4.91	0.293962	0.142782	-36.8557	-176.593	-2.95569	
-4.77304	0.305944	0.147583	-31.2022	-189.961	5.6694	
-4.24767	0.351908	0.165999	4.22776	-166.607	-9.88255	
-6.38971	0.164504	0.090912	0.990111	-208.694	2.26156	
-6.40667	0.16302	0.0903175	-14.4841	-228.746	-10.3762	
-3.3377	0.43152	0.197898	31.8668	-201.742	-10.5712	
-6.18441	0.182466	0.0981087	21.1062	-220.121	-9.52658	
-4.1457	0.360829	0.169574	29.089	-160.033	10.2401	
-3.8221	0.389141	0.180918	-29.1482	-177.191	-14.3983	
-5.89158	0.208084	0.108373	25.5536	-170.512	0.0306965	
-5.23942	0.265141	0.131234	11.5341	-169.586	-8.16071	
-6.08722	0.190969	0.101516	4.22659	-236.228	-6.55227	
-4.71094	0.311378	0.14976	-2.94645	-183.514	7.69053	
-5.60338	0.233299	0.118476	-31.8665	-208.507	-3.57963	
-2.48754	0.505899	0.227699	-71.9849	-157.48	5.63552	
-3.45125	0.421586	0.193917	-12.2115	-146.123	1.53627	
-4.31538	0.345985	0.163626	-4.40434	-174.338	-3.5575	
-7.19728	0.0938511	0.0626034	-43.5325	-231.804	-11.0157	
-4.46756	0.33267	0.158291	-20.1954	-216.179	-10.1704	
-4.49988	0.329843	0.157159	-7.98841	-196.082	-0.841668	
-5.74556	0.22086	0.113492	12.6657	-164.107	11.7866	
-6.41885	0.161955	0.0898905	-46.4091	-193.497	2.99863	
-4.37512	0.340758	0.161532	-47.2657	-186.569	-4.29916	
-2.39772	0.513758	0.230848	-41.8437	-189.772	-5.78932	
-5.05122	0.281607	0.137832	0.964496	-210.58	-17.3911	
-4.87249	0.297244	0.144097	-4.96442	-188.103	-2.56726	
-2.65736	0.491043	0.221746	13.1473	-156.615	-5.608	
-5.25256	0.263992	0.130774	-13.3197	-217.494	-7.53044	
-4.83735	0.300318	0.145329	-33.5788	-182.772	4.18497	
-4.84	0.300086	0.145236	17.5819	-190.363	12.6737	
-4.80785	0.302899	0.146363	-7.28022	-224.994	-0.50829	
-5.45384	0.246382	0.123718	12.6496	-230.496	2.90847	
-5.09244	0.278	0.136387	-14.8083	-189.957	6.84076	
-4.68982	0.313225	0.1505	-32.1888	-180.432	-16.0234	
-4.07379	0.36712	0.172094	-46.2159	-175.705	1.59661	
-4.68544	0.313609	0.150654	-15.3781	-181.069	-4.07123	
-4.72769	0.309912	0.149173	24.6801	-222.154	0.876335	
-5.53097	0.239634	0.121015	27.304	-176.676	5.6306	
-4.55382	0.325124	0.155268	-7.52633	-174.058	-4.06482	
-5.95776	0.202295	0.106054	4.36606	-209.667	9.51463	
-3.10745	0.451664	0.205969	-34.037	-145.997	-3.86966	
-5.40617	0.250553	0.125389	1.24791	-151.851	-20.0465	
-7.63484	0.0555692	0.047265	0.192189	-203.184	-16.4057	
-5.13945	0.273888	0.134739	48.7638	-223.035	-0.689897	
-4.89295	0.295453	0.143379	11.3404	-191.845	7.54186	
-3.90099	0.382239	0.178152	-5.74534	-209.669	-6.20088	
-6.64651	0.142037	0.08191	-13.6705	-217.278	1.17648	
-4.65723	0.316076	0.151643	-29.881	-210.026	-1.60095	
-5.81257	0.214997	0.111143	-7.10961	-190.691	3.95651	
-3.1531	0.447671	0.204369	-0.333994	-185.998	6.54291	
-5.35456	0.255068	0.127198	16.9169	-187.286	-3.98125	
-5.04323	0.282305	0.138112	-12.8949	-197.583	-2.1579	
-6.383	0.165091	0.0911472	15.4963	-231.654	7.34907	
7.31874	1.36384	0.57145	-64.1264	211.921	6.8543	
-4.93167	0.292066	0.142022	-11.2913	-193.247	7.59704	
-4.6481	0.316875	0.151963	-22.0247	-182.853	3.5696	
-0.180834	0.70771	0.308559	67.0607	-153.259	-79.5349	
-5.98334	0.200057	0.105157	34.9707	-195.95	-11.8185	
-3.92225	0.380379	0.177407	-14.116	-188.54	-22.3615	
-6.13331	0.186936	0.0998999	-45.6615	-178.434	7.55148	
-2.42925	0.510999	0.229743	-2.23566	-186.583	3.02642	
-3.25885	0.438418	0.200662	5.66028	-225.755	-18.2331	
-6.24045	0.177563	0.0961442	20.6505	-172.192	-5.97521	
-3.82915	0.388524	0.18067	-14.7341	-186.364	-3.8795	
0.189987	0.740153	0.321558	-35.32	70.8175	34.7043	
-5.82318	0.214069	0.110771	-24.8538	-195.916	-7.28087	
-5.32717	0.257464	0.128158	7.04178	-163.509	-5.30797	
-4.81072	0.302648	0.146262	-35.3828	-207.075	-1.8006	
-5.79953	0.216138	0.1116	33.4598	-232.801	-12.7112	
-6.75806	0.132277	0.0779997	24.7516	-181.344	-2.32871	
-6.56677	0.149013	0.0847052	16.5455	-186.713	-5.39049	
-3.20543	0.443093	0.202534	-63.0598	-186.263	0.314922	
-5.18475	0.269924	0.133151	18.7129	-203.846	0.588297	
-6.39859	0.163727	0.0906007	-27.2465	-176.732	-0.45918	
-0.362732	0.691796	0.302183	-26.4244	-25.8078	-2.8156	
-5.51233	0.241265	0.121668	-37.9866	-199.025	-6.97221	
-3.46726	0.420186	0.193356	-44.9803	-169.565	-15.3847	
-3.88323	0.383792	0.178774	-23.209	-252.962	1.44776	
-5.78734	0.217205	0.112028	0.0765771	-159.843	1.57422	
-6.41076	0.162663	0.0901742	-36.4475	-190.653	6.25491	
-2.2389	0.527653	0.236415	-49.0811	-154.584	2.67865	
-0.156549	0.709835	0.30941	-23.8641	-92.9427	-28.3737	
-4.62051	0.319289	0.15293	-15.3118	-186.942	3.63748	
-4.99974	0.286111	0.139636	46.6631	-223.575	-14.932	
-2.63699	0.492825	0.222461	-47.2924	-193.519	-3.94126	
-5.15459	0.272563	0.134208	-8.369	-164.671	8.0577	
-4.48695	0.330974	0.157612	0.00253013	-189.587	4.6422	
-4.90519	0.294383	0.142951	-10.8896	-213.063	5.84735	
-6.22554	0.178867	0.0966668	28.0709	-210.526	0.946646	
-3.90291	0.382071	0.178085	47.0053	-202.702	10.9612	
-3.20945	0.442741	0.202393	-25.9431	-139.02	-5.81715	
-5.49612	0.242683	0.122236	33.7361	-220.751	-9.93564	
12.891	1.85135	0.766783	-51.5713	223.031	-1.91586	
-5.26772	0.262666	0.130242	-19.8742	-195.764	-1.06159	
-4.45642	0.333645	0.158682	11.4289	-175.597	-5.16405	
-6.06583	0.19284	0.102265	-7.99825	-182.7	3.18653	
-5.32542	0.257617	0.12822	-24.9291	-203.676	-4.96899	
-6.83907	0.12519	0.0751601	-9.26523	-217.134	-2.03019	
-3.40167	0.425923	0.195655	-7.41375	-186.569	-12.3593	
-5.08786	0.278402	0.136547	35.6202	-183.17	1.37603	
-4.10674	0.364238	0.170939	-23.0952	-192.404	-21.6424	
-5.38205	0.252662	0.126234	-49.4002	-182.282	5.61656	
-3.5588	0.412177	0.190147	-31.5092	-157.829	-8.46009	
-5.7854	0.217374	0.112095	-30.1231	-203.448	-5.89528	
-6.85438	0.123851	0.0746233	37.4245	-223.154	-0.697454	
-3.63768	0.405276	0.187382	16.896	-175.008	5.22737	
-4.66117	0.315732	0.151504	-37.2865	-173.252	-11.286	
-6.84678	0.124516	0.0748899	-0.215317	-206.478	-16.303	
-5.29806	0.260011	0.129179	10.9889	-208.79	-6.40742	
-5.77444	0.218333	0.11248	18.1354	-194.148	0.138294	
-6.29201	0.173051	0.0943367	26.2128	-164.808	7.22688	
-5.44719	0.246964	0.123951	39.9954	-176.252	-11.1392	
-3.20108	0.443473	0.202687	-85.3203	-186.275	15.2136	
-3.70768	0.399152	0.184928	-29.1276	-204.231	3.89349	
-4.28341	0.348781	0.164747	-10.4616	-188.58	-6.6144	
-6.26491	0.175422	0.0952866	12.193	-215.426	1.22248	
-2.6953	0.487723	0.220416	-25.629	-209.374	-2.35806	
-4.79823	0.30374	0.1467	2.25597	-167.43	-5.7921	
-6.72311	0.135335	0.0792248	13.6475	-196.767	-6.54048	
-3.73946	0.396371	0.183814	-73.2474	-181.463	4.13478	
-5.67263	0.22724	0.116049	-16.0135	-172.656	6.86769	
-6.25488	0.1763	0.0956383	-19.2547	-195.127	9.15728	
-0.223458	0.703981	0.307065	-2.02921	-100.41	-24.4122	
-3.25123	0.439085	0.200929	-30.6682	-183.758	7.52619	
-4.17489	0.358276	0.168551	-0.412688	-183.629	-9.84511	
-6.14913	0.185552	0.0993454	-41.2795	-179.375	-4.06212	
-3.84145	0.387448	0.180239	-25.8414	-204.518	-11.3785	
-5.27249	0.262248	0.130075	8.01587	-182.069	-15.3144	
-4.60126	0.320973	0.153605	-91.1394	-194.624	9.65315	
-5.69718	0.225093	0.115188	42.6733	-172.191	-0.991326	
-5.64699	0.229484	0.116947	-12.9663	-222.766	-5.38658	
-5.56262	0.236865	0.119905	-3.25551	-190.925	1.26044	
-4.47358	0.332144	0.15808	-13.1407	-223.968	1.08475	
-4.46515	0.332881	0.158376	6.10061	-213.055	2.98689	
-3.22964	0.440975	0.201686	-33.4065	-171.634	11.0459	
-4.59438	0.321575	0.153846	1.11097	-177.754	3.89175	
-1.94858	0.553053	0.246592	-51.5733	-185.574	5.30972	
-5.27652	0.261895	0.129934	42.7636	-185.453	15.3693	
-4.87191	0.297294	0.144117	31.66	-199.91	-16.8957	
-5.34265	0.25611	0.127616	-31.2471	-191.546	7.29425	
-5.61674	0.23213	0.118008	-2.64121	-178.86	2.00825	
-6.39104	0.164387	0.0908652	41.7861	-210.258	5.4653	
-2.30906	0.521514	0.233956	-59.566	-224.83	2.92508	
-5.26537	0.262871	0.130325	-16.6231	-155.113	5.70919	
-6.75944	0.132157	0.0779513	-16.7754	-233.985	4.45984	
-3.80851	0.39033	0.181394	48.428	-172.036	2.43607	
-5.98109	0.200254	0.105236	-19.1379	-209.329	-7.693	
-4.31601	0.345929	0.163604	-23.9713	-198.661	1.58906	
-6.09977	0.18987	0.101076	16.7798	-207.798	-6.73939	
-6.36404	0.16675	0.0918119	26.5377	-143.212	1.44638	
-6.16536	0.184132	0.0987762	-52.5085	-197.912	-7.39495	
-3.95333	0.37766	0.176317	-24.1432	-193.047	6.79265	
-6.55082	0.150409	0.0852645	23.0104	-229.614	2.81011	
-2.69678	0.487594	0.220365	0.298699	-184.518	15.5267	
-5.51771	0.240794	0.121479	44.3737	-204.158	-11.5901	
-3.88906	0.383282	0.17857	-14.5044	-188.867	0.715949	
-4.02072	0.371764	0.173955	-39.603	-164.931	1.46836	
-5.47182	0.244809	0.123088	-31.5921	-188.417	-6.39364	
-4.93463	0.291807	0.141918	8.60731	-171.612	-4.18392	
-4.02535	0.371359	0.173793	-32.9843	-219.561	-9.06768	
-5.07119	0.279859	0.137132	-38.6122	-216.227	0.659955	
-6.97902	0.112946	0.0702543	-6.72756	-195.173	-7.35478	
-5.60782	0.232911	0.118321	-8.37533	-191.553	7.88743	
-5.03519	0.283009	0.138394	-109.668	-193.1	0.594839	
-5.56602	0.236568	0.119786	-44.2058	-175.713	1.26821	
-1.66251	0.57808	0.25662	-65.7063	-188.4	-5.80216	
-5.11189	0.276299	0.135705	-34.2718	-197.374	-2.80259	
-4.08613	0.366041	0.171662	42.2718	-192.988	11.9376	
-3.88273	0.383836	0.178792	56.9823	-189.369	3.2908	
-4.90462	0.294433	0.142971	23.2277	-183.558	-13.7845	
-4.42559	0.336342	0.159763	11.0104	-158.939	8.13332	
-4.23463	0.353049	0.166457	5.34893	-161.516	-8.157	
-2.88396	0.471218	0.213803	-52.4783	-215.079	-5.19464	
-5.97479	0.200805	0.105457	-61.0086	-181.869	6.35002	
-8.01726	0.022112	0.0338596	-0.194568	-201.345	2.0686	
-5.05866	0.280955	0.137571	-23.6363	-189.878	-7.829	
-3.81249	0.389982	0.181254	-0.272788	-234.871	-6.43509	
-3.35087	0.430368	0.197436	10.1817	-168.248	-16.6701	
-4.94426	0.290964	0.141581	51.1337	-169.463	-3.27002	
-1.54478	0.588381	0.260747	2.7797	-204.088	-4.01391	
-4.22845	0.35359	0.166673	27.8527	-188.604	-11.102	
-4.66099	0.315747	0.151511	-54.103	-231.928	-11.832	
-4.73595	0.309189	0.148883	-17.153	-212.408	2.06438	
0.418111	0.760111	0.329554	9.80634	80.4406	35.3954	
-4.75903	0.30717	0.148074	-37.7242	-185.054	7.84797	
-2.99969	0.461092	0.209746	15.7585	-168.245	-1.54444	
-3.59722	0.408815	0.1888	-14.4158	-163.605	-0.35369	
-3.7623	0.394373	0.183014	-45.5966	-211.672	-8.8802	
-4.30499	0.346893	0.16399	-15.5922	-212.348	7.46315	
-3.1191	0.450645	0.20556	0.541822	-160.866	-2.8152	
-5.72803	0.222393	0.114107	-83.5371	-173.791	-8.42564	
-3.41141	0.425072	0.195314	-54.4271	-169.738	-16.0534	
-5.27267	0.262232	0.130069	-31.0959	-159.252	-14.8155	
-6.13638	0.186667	0.0997921	-47.2328	-218.69	-5.6012	
-7.06055	0.105813	0.0673962	-34.0997	-172.191	-9.90406	
