10 15
3.96191	0.176652	3.04591	29.8293	-2.37163	170.642	
2.10831	0.243508	2.87995	-11.0129	1.24224	151.729	
4.53494	0.156345	3.06924	-62.9941	2.43542	188.707	
6.00573	0.104487	3.10855	-25.0889	-14.1578	166.147	
4.58837	0.154456	3.07112	27.3893	-1.80173	191.966	
3.32886	0.199207	3.01061	40.126	-0.117826	182.756	
7.15097	0.0642501	3.12789	-13.655	-7.3725	202.118	
6.69333	0.0803187	3.12096	6.13977	16.6883	231.763	
4.70779	0.150234	3.07515	17.9268	-16.7451	175.196	
4.80601	0.146765	3.07832	-35.2143	-1.05073	193.262	
4.90351	0.143322	3.08133	26.2363	5.95111	158.801	
3.90068	0.178827	3.04301	-25.6084	10.9967	203.918	
5.81696	0.111129	3.10463	9.20157	-7.47606	173.211	
5.32394	0.128492	3.09306	-21.2535	1.77408	236.101	
4.7906	0.147309	3.07783	-0.546428	-3.57805	183.84	
5.82305	0.110914	3.10476	6.6123	-14.3009	181.696	
7.56697	0.0496529	3.13346	-17.0024	5.72579	195.649	
4.78813	0.147396	3.07775	-39.1636	-10.7813	145.575	
6.01343	0.104216	3.10871	-47.047	-7.95649	186.036	
6.62425	0.0827454	3.11983	-34.8744	2.44194	146.51	
5.59524	0.118934	3.09968	-57.325	-5.68447	192.407	
6.31818	0.0935007	3.11453	-42.6094	-4.48267	205.041	
5.22077	0.132128	3.09036	23.3496	7.95565	175.409	
3.53733	0.191761	3.02366	-5.17918	1.93544	175.025	
5.65132	0.116959	3.10097	-19.556	11.2082	162.826	
2.26641	0.23766	2.90521	16.6354	-6.40612	129.082	
5.83464	0.110506	3.10501	25.7559	-3.96166	218.509	
6.71279	0.0796353	3.12128	31.5796	-12.446	201.543	
6.07259	0.102135	3.10988	12.0873	-0.414089	197.698	
4.3015	0.164608	3.0605	22.6356	-4.3377	197.66	
5.1379	0.135051	3.08811	23.7679	-10.9571	163.071	
4.91178	0.14303	3.08158	39.3602	-2.45807	196.099	
5.19407	0.13307	3.08964	4.32302	-6.98558	168.062	
6.11305	0.100713	3.11068	5.75014	15.3363	204.468	
4.76374	0.148257	3.07697	14.4594	-0.268901	181.171	
5.23858	0.1315	3.09083	30.1787	3.28924	173.392	
4.56183	0.155394	3.07019	11.9975	0.222146	192.019	
6.6584	0.0815459	3.1204	-11.0246	-1.94002	227.834	
4.10348	0.171627	3.05229	0.285844	-0.599868	206.796	
5.20557	0.132664	3.08995	-11.4527	14.1889	221.536	
5.21425	0.132358	3.09018	-25.058	-7.21994	193.238	
4.90207	0.143372	3.08129	-18.5561	-7.12295	175.948	
3.0323	0.209841	2.98886	1.79972	-3.37741	169.935	
3.59963	0.18954	3.02726	1.12172	14.8265	180.056	
5.95089	0.106416	3.10744	2.60174	-8.3979	181.359	
6.47529	0.0879791	3.11732	-2.30244	-9.94347	208.776	
6.01831	0.104044	3.10881	26.2634	-5.61148	192.59	
2.94959	0.212816	2.98199	-26.9835	4.19949	210.426	
4.83622	0.145697	3.07926	-3.82097	-13.8664	206.217	
5.52046	0.121567	3.09792	-17.6149	-6.70504	179.345	
5.08689	0.13685	3.08669	43.9188	13.5897	187.131	
3.69232	0.186238	3.03239	-15.3787	5.33917	189.918	
5.14076	0.13495	3.08819	-15.1685	3.36367	181.823	
6.3813	0.0912818	3.11567	-22.9938	13.9242	203.35	
6.05769	0.102659	3.10959	3.71031	6.56005	190.562	
2.40791	0.232465	2.92486	-51.101	0.666916	228.09	
5.42651	0.124877	3.09564	-64.482	-6.18711	200.643	
2.27765	0.237246	2.90687	-28.4839	5.27255	188.646	
4.15446	0.169819	3.05448	-18.7777	13.9008	189.265	
6.48919	0.0874907	3.11756	-50.7394	3.12286	159.343	
4.06285	0.173068	3.05051	9.98605	-3.07985	171.789	
7.07476	0.0669251	3.1268	-35.763	-13.8201	199.135	
4.73898	0.149132	3.07617	0.965042	-2.25808	202.962	
3.53895	0.191703	3.02375	-32.3972	6.35041	166.24	
5.19169	0.133154	3.08958	-4.33266	6.08892	182.063	
5.09759	0.136473	3.08699	-49.135	-10.6176	195.991	
5.63954	0.117374	3.1007	2.23301	-11.7744	144.267	
4.01977	0.174597	3.04858	-34.397	-6.82266	223.783	
5.11018	0.136029	3.08734	53.5409	-0.335041	198.782	
6.25467	0.095733	3.11336	50.7596	6.33956	207.179	
5.33938	0.127947	3.09345	9.32326	0.286038	191.533	
6.91209	0.0726362	3.12439	49.3745	-8.45901	164.554	
4.57775	0.154831	3.07075	33.7491	-9.98441	147.272	
3.5709	0.190564	3.02562	-22.3014	5.77479	197.136	
3.86688	0.180028	3.04136	-1.99736	1.693	233.531	
4.26637	0.165852	3.0591	-16.0335	5.03855	213.389	
5.19958	0.132876	3.08979	-23.385	-2.17883	203.768	
4.72943	0.14947	3.07586	4.39823	5.05738	190.96	
4.45999	0.158997	3.06654	68.9737	13.5259	146.992	
3.48497	0.193629	3.02053	48.3374	-7.301	183.724	
4.75939	0.148411	3.07683	-23.2639	13.1232	178.959	
5.09448	0.136582	3.0869	-15.0104	0.801681	186.68	
3.67122	0.186989	3.03124	-43.5316	9.85446	187.864	
5.19611	0.132998	3.0897	-5.95746	-13.4242	169.161	
4.82604	0.146057	3.07895	-6.21399	7.45722	213.793	
6.32586	0.0932307	3.11467	55.8985	3.87973	211.4	
3.34943	0.198471	3.01197	-1.1632	2.55921	164.604	
0.722111	0.311164	1.71883	69.2038	28.5017	13.2649	
2.49661	0.229225	2.93599	13.1572	4.62751	171.483	
7.27034	0.0600607	3.12956	8.40369	-1.58374	142.809	
4.98156	0.140566	3.08366	7.4523	-0.396724	185.664	
2.70423	0.221678	2.95906	-57.8866	11.7965	194.885	
5.71956	0.114557	3.1025	-12.8017	7.93683	196.248	
4.35599	0.162678	3.06263	4.76853	-0.393003	190.636	
6.24543	0.0960578	3.11319	-20.3024	-0.505009	173.025	
3.57027	0.190586	3.02558	15.9346	-5.80384	203.151	
2.82448	0.217328	2.97082	11.1266	2.40817	214.396	
3.32202	0.199452	3.01015	-10.058	-1.01641	171.337	
2.59164	0.225764	2.94703	5.14475	0.749326	196.212	
0.739001	0.318391	1.43552	3.80338	-2.81794	32.624	
2.87587	0.215474	2.97553	-41.0187	2.76518	236.363	
4.98039	0.140608	3.08363	-12.6425	1.72736	185.326	
3.72859	0.184947	3.03432	-23.1571	14.0882	179.223	
5.85913	0.109645	3.10553	-33.8786	-10.5534	195.915	
6.89007	0.0734096	3.12406	-8.61888	4.65539	187.057	
3.85123	0.180584	3.04059	21.4578	-9.30249	173.931	
2.49062	0.229443	2.93526	-13.0452	5.54386	149.833	
0.776621	0.322794	1.27653	-76.629	-32.7432	55.1396	
5.24015	0.131445	3.09087	13.1586	-3.76442	197.452	
4.05897	0.173206	3.05034	-18.1394	3.42184	198.782	
6.21297	0.0971992	3.11259	-9.78231	-7.40099	166.824	
3.99137	0.175606	3.04728	-7.08361	1.99536	167.072	
4.21029	0.16784	3.05682	-46.9024	9.25298	197.27	
4.61356	0.153565	3.07199	-36.0697	4.47657	157.058	
5.69874	0.115289	3.10204	-13.538	-4.04901	149.137	
2.65005	0.223643	2.9534	-19.4425	0.469795	181.826	
4.09373	0.171973	3.05187	-62.5824	-19.7017	193.274	
5.25629	0.130876	3.0913	17.0086	10.3861	171.881	
1.867	0.252553	2.8325	87.4074	-6.31313	197.134	
4.32075	0.163926	3.06126	0.254182	1.11602	227.921	
4.59739	0.154137	3.07143	-45.5805	4.22338	210.854	
3.49871	0.193139	3.02136	19.9815	-9.96993	174.233	
4.21672	0.167612	3.05708	19.8371	-4.6134	173.56	
5.94441	0.106644	3.10731	-0.0582803	0.442889	158.72	
5.23558	0.131606	3.09075	-6.02213	1.05899	196.923	
4.57334	0.154987	3.07059	56.6704	-10.5271	170.092	
6.33151	0.093032	3.11477	-38.7251	-2.72272	163.094	
4.41443	0.160609	3.06485	-1.47874	6.21022	188.626	
3.6079	0.189245	3.02773	18.6766	6.40278	203.418	
5.065	0.137622	3.08607	24.1317	0.879063	188.135	
3.65299	0.187638	3.03024	29.53	3.47011	217.523	
5.42031	0.125095	3.09549	-1.0061	8.92934	150.508	
4.29963	0.164674	3.06043	36.7179	-0.269077	192.93	
5.89664	0.108325	3.10632	-15.7437	-4.76572	159.312	
6.41505	0.090096	3.11626	8.66794	-9.34233	176.628	
3.5719	0.190528	3.02567	15.4068	-4.37344	172.171	
4.89231	0.143717	3.08099	16.6258	-11.999	161.954	
6.25787	0.0956206	3.11342	13.0941	9.07054	175.355	
4.43915	0.159734	3.06577	-4.30742	1.89306	193.678	
4.41056	0.160746	3.0647	9.50608	7.18722	192.379	
5.87909	0.108942	3.10595	19.7292	-10.2819	202.442	
3.45229	0.194796	3.01853	-31.4391	14.6151	198.872	
6.82753	0.0756054	3.12309	17.9799	-13.674	204.22	
0.728401	0.316366	1.51326	-62.0812	-15.7917	36.2961	
0.736945	0.318057	1.44821	-31.4851	-12.522	49.7687	
4.33728	0.163341	3.0619	-8.25539	7.14079	181.804	
6.08981	0.10153	3.11022	27.656	-8.97358	248.65	
6.4574	0.0886077	3.11701	29.6145	4.18723	198.262	
5.67141	0.116252	3.10142	-36.114	-9.43601	184.823	
7.53881	0.0506406	3.1331	43.9815	11.2629	201.784	
3.8387	0.18103	3.03997	25.8796	-5.23718	191.806	
5.37311	0.126759	3.09431	-16.0316	-2.40884	159.862	
3.77638	0.183246	3.03682	10.8695	8.28999	189.191	
6.41844	0.0899767	3.11632	-29.7986	2.625	202.794	
4.49738	0.157674	3.0679	-10.6478	-9.76065	211.373	
5.43859	0.124451	3.09594	23.4301	2.33675	166.155	
5.73038	0.114176	3.10274	3.92344	2.91158	202.63	
3.26784	0.201391	3.00646	89.7623	3.5929	203.819	
6.60397	0.0834577	3.1195	18.8737	-2.95955	200.255	
4.13905	0.170366	3.05383	-14.2288	-11.5356	212	
2.87934	0.215349	2.97584	-3.18442	-6.03706	201.46	
0.726398	0.315845	1.53359	48.602	8.48424	43.3702	
2.78386	0.218796	2.96696	-67.7788	-10.039	152.061	
6.09411	0.101379	3.11031	0.661749	2.21066	243.777	
4.91143	0.143042	3.08157	-0.86874	-5.00883	154.705	
6.13854	0.099816	3.11117	-5.71599	3.49691	227.396	
4.67365	0.151441	3.07402	17.7094	-5.91941	193.473	
6.54161	0.0856486	3.11845	-25.3723	-2.67542	200.295	
3.6797	0.186687	3.03171	-30.515	5.32335	206.157	
5.48627	0.122772	3.0971	-58.2384	3.51865	179.052	
5.03203	0.138785	3.08513	32.8921	-3.40075	181.647	
4.06667	0.172933	3.05068	-26.0387	5.34499	214.524	
0.723863	0.315027	1.5657	-86.3378	-27.5253	49.6105	
3.27643	0.201083	3.00706	-49.6146	-4.81122	165.853	
2.96269	0.212345	2.98311	-49.1359	-15.9321	160.488	
5.96346	0.105974	3.1077	13.4576	5.47487	205.276	
3.2326	0.202653	3.004	-3.4776	-5.82024	192.899	
4.51041	0.157213	3.06837	-39.053	-5.75912	192.869	
4.9396	0.142048	3.08242	-0.377035	-12.4764	211.767	
4.66181	0.151859	3.07362	20.6836	3.24305	208.349	
4.93671	0.14215	3.08233	29.7299	0.351138	204.67	
4.5092	0.157256	3.06832	4.72159	14.7601	191.715	
4.45532	0.159162	3.06637	38.1853	1.5375	168.02	
4.02977	0.174242	3.04903	-15.9873	-5.71118	169.294	
5.8791	0.108942	3.10595	6.68725	1.87328	206.65	
5.20145	0.132809	3.08984	5.89817	1.20226	176.539	
5.09627	0.136519	3.08695	43.9287	12.8208	175.826	
7.04855	0.0678453	3.12642	4.3989	8.62828	175.958	
24.3888	1.164	0.116824	-17.5653	-8.24752	248.656	
6.67312	0.0810286	3.12064	16.3833	-4.45519	202.29	
4.48076	0.158262	3.0673	-67.2516	-4.74711	190.705	
3.54334	0.191547	3.02401	2.39238	-12.2536	179.601	
6.15062	0.0993915	3.1114	48.7954	-6.49188	211.33	
5.68412	0.115804	3.10171	-20.5325	5.19683	204.562	
4.39853	0.161172	3.06425	5.62208	-14.981	209.553	
6.05527	0.102744	3.10954	28.7623	-9.5019	162.48	
5.62568	0.117862	3.10038	-24.2695	-2.50182	187.683	
4.88858	0.143849	3.08088	-11.0924	0.280468	224.448	
5.66603	0.116441	3.1013	20.271	13.8493	176.187	
7.74222	0.0435057	3.13563	37.3836	8.86381	212.963	
3.57709	0.190343	3.02597	-87.8861	-9.46393	173.08	
2.98911	0.211394	2.98532	1.26808	-1.22372	190.361	
3.97452	0.176204	3.0465	49.4595	2.21836	184.266	
4.35041	0.162876	3.06241	11.1516	-4.49182	183.564	
4.8019	0.14691	3.07819	9.04706	11.4412	152.351	
6.06089	0.102547	3.10965	-11.0466	15.2506	191.372	
3.27341	0.201191	3.00685	-6.35566	11.6079	167.793	
3.17475	0.204726	2.99983	8.29608	-10.4589	211.288	
3.65836	0.187447	3.03054	-49.3122	-4.71676	174.343	
3.43074	0.195565	3.01719	67.6577	-1.96976	160.226	
4.48484	0.158118	3.06744	17.8199	0.799549	195.709	
6.63044	0.0825278	3.11994	5.77166	1.70525	275.308	
3.74038	0.184527	3.03494	74.0003	0.853969	226.551	
2.56994	0.226554	2.94458	30.4379	0.463383	141.702	
4.82435	0.146117	3.07889	30.9961	-7.15991	214.03	
7.35214	0.0571903	3.13066	2.82374	-4.95895	172.252	
5.49204	0.122568	3.09724	-13.8234	6.93602	165.969	
6.75655	0.0780982	3.12198	-62.7186	-3.25792	206.587	
4.99016	0.140263	3.08391	10.7198	-7.6871	193.431	
3.02546	0.210087	2.98831	35.4328	15.5964	227.988	
3.63461	0.188293	3.02923	8.16731	-0.150002	206.731	
5.72294	0.114438	3.10258	9.18872	-9.90416	203.657	
2.45182	0.23086	2.93047	42.7522	-7.04072	159.821	
5.09901	0.136422	3.08703	-1.09916	10.3435	194.247	
2.67612	0.222697	2.95615	8.9826	0.659503	191.47	
4.92096	0.142705	3.08186	-5.15947	-2.29732	178.74	
5.50986	0.121941	3.09767	-1.59345	0.0190086	208.26	
3.45765	0.194605	3.01886	-16.6652	11.6212	180.326	
6.01567	0.104137	3.10875	64.0489	-4.80762	192.246	
0.723152	0.310651	1.73911	103.551	40.4455	51.058	
5.84591	0.11011	3.10525	44.437	-3.06562	220.9	
4.48785	0.158011	3.06755	25.3496	8.72824	200.001	
5.02812	0.138923	3.08501	-2.92993	-5.54957	154.232	
3.64465	0.187936	3.02978	4.16342	13.7004	231.988	
6.77763	0.077358	3.12231	-3.31907	-2.93152	204.095	
4.25439	0.166277	3.05862	36.7081	8.44445	167.084	
4.95535	0.141492	3.08289	-12.4435	7.39359	201.903	
3.17523	0.204709	2.99986	15.2322	3.71803	186.206	
7.15893	0.0639708	3.12801	4.51253	-0.498431	194.909	
5.48118	0.122951	3.09698	28.46	-5.15129	201.785	
3.94245	0.177343	3.045	39.5463	7.27261	162.443	
2.44266	0.231195	2.92932	29.6968	16.2406	186.391	
3.74907	0.184218	3.0354	-43.4925	-20.7425	191.429	
3.04091	0.209531	2.98955	6.61234	10.6243	172.726	
0.724387	0.315218	1.5582	-54.8137	-19.7146	51.3685	
4.544	0.156025	3.06956	-28.2767	-9.95556	180.051	
4.72493	0.149629	3.07571	15.1793	-10.3827	169.25	
5.26528	0.130559	3.09154	18.8642	-8.56855	199.1	
7.09998	0.06604	3.12717	16.472	-8.02353	195.52	
3.0554	0.20901	2.99071	-32.0646	-13.0816	206.873	
4.22311	0.167385	3.05734	39.9451	-2.90769	222.297	
5.14951	0.134641	3.08843	22.9331	7.2282	199.438	
3.77343	0.183351	3.03666	1.80112	7.63087	183.197	
4.39101	0.161438	3.06396	-21.2381	-4.67223	240.643	
6.07421	0.102078	3.10992	-22.9717	-0.0452833	162.153	
6.05552	0.102736	3.10955	-21.2298	3.14099	179.867	
5.32118	0.128589	3.09299	-40.7221	2.12528	208.777	
5.31678	0.128744	3.09287	-33.0711	2.13359	195.534	
5.7067	0.115009	3.10222	21.3848	7.40575	194.596	
3.13755	0.206061	2.99706	31.0351	-7.50721	177.431	
6.55865	0.0850499	3.11874	10.5394	-4.28525	211.547	
5.78831	0.112137	3.10401	-8.01144	-1.4257	189.568	
4.73861	0.149146	3.07616	13.0163	-0.139706	195.647	
5.69718	0.115345	3.102	5.19216	7.16795	225.14	
6.14937	0.0994352	3.11138	17.8354	-6.73247	180.497	
0.720876	0.313111	1.64156	-74.8329	-37.3667	61.2755	
3.3664	0.197865	3.01308	-14.3295	1.71032	233.03	
3.62807	0.188526	3.02886	-32.1506	-5.43407	203.667	
4.37279	0.162083	3.06327	-23.1653	0.0582576	172.768	
7.03429	0.068346	3.12621	18.8065	3.75193	141.417	
7.73931	0.0436076	3.13559	17.8671	0.205302	198.637	
2.04657	0.245807	2.86895	27.9479	0.211686	178.764	
0.737838	0.318204	1.4426	-65.5582	-9.15867	41.9995	
3.37534	0.197545	3.01366	13.1849	-13.1762	207.38	
3.67298	0.186926	3.03134	39.2585	-0.898028	192.421	
6.16675	0.0988243	3.11171	-10.4295	-23.2596	198.256	
2.79057	0.218554	2.96761	-15.8621	9.61247	157.807	
3.46253	0.19443	3.01916	-4.80074	6.5847	174.549	
7.4973	0.0520969	3.13257	17.0318	-5.78891	187.565	
0.755377	0.304804	1.9619	-41.8914	-10.6247	-6.91534	
5.59923	0.118793	3.09977	18.7144	4.44115	182.689	
5.39206	0.126091	3.09478	1.14655	-10.9335	237.506	
4.63845	0.152685	3.07283	-17.7331	6.88665	194.897	
2.5441	0.227494	2.94161	-50.9235	-6.64835	190.169	
5.37195	0.126799	3.09428	-34.3492	-0.223414	176.484	
4.68655	0.150985	3.07445	-11.5755	-13.1999	175.826	
6.66141	0.0814399	3.12044	61.3654	-7.379	198.876	
5.81145	0.111323	3.10451	48.747	-5.02061	209.297	
3.06321	0.20873	2.99133	13.1607	4.10409	117.652	
5.42979	0.124761	3.09572	25.7185	3.97219	202.814	
6.14248	0.0996776	3.11124	-17.9975	-13.4138	185.752	
5.35353	0.127449	3.09381	19.1064	-5.9092	156.075	
4.85868	0.144904	3.07996	-23.0971	11.3148	165.958	
4.3045	0.164502	3.06062	14.5505	3.51717	193.192	
2.84392	0.216627	2.97262	62.2326	-14.8174	209.176	
4.61347	0.153568	3.07198	16.7844	-20.7389	213.949	
3.26258	0.201579	3.0061	9.27908	-4.56448	174.492	
5.35834	0.127279	3.09393	40.481	-8.90954	174.916	
6.12155	0.100414	3.11084	0.982392	14.9492	221.216	
5.17367	0.133789	3.08909	-19.5923	12.5479	194.667	
5.82458	0.11086	3.10479	23.8955	9.33044	172.766	
4.03498	0.174057	3.04926	12.9909	-13.928	154.322	
5.55394	0.120388	3.09871	-8.27208	-3.57202	229.641	
2.44717	0.231029	2.92989	-76.4941	-13.3069	148.471	
3.80597	0.182194	3.03833	-9.90922	16.6642	197.513	
7.47028	0.0530449	3.13222	16.128	-20.4467	200.915	
4.2955	0.16482	3.06026	-12.6862	2.0204	193.205	
4.92352	0.142615	3.08194	69.853	-1.8085	181.301	
4.98927	0.140294	3.08389	-12.1063	24.6187	184.465	
4.29337	0.164896	3.06018	-68.0604	-8.44957	193.215	
3.58701	0.18999	3.02654	-55.9305	-2.65453	132.788	
5.48188	0.122926	3.09699	18.3441	-1.37396	163.117	
5.90548	0.108014	3.1065	-46.7721	7.95729	206.558	
6.78088	0.0772439	3.12236	-51.6984	-6.5641	182.272	
5.80254	0.111636	3.10432	27.1666	-0.620664	178.169	
3.35728	0.198191	3.01248	-9.75231	10.8234	212.877	
5.60008	0.118763	3.09979	-4.67298	-2.32157	221.654	
4.94883	0.141722	3.08269	-30.1498	7.47504	193.359	
2.8138	0.217714	2.96981	28.0236	0.42064	161.987	
3.60911	0.189202	3.0278	-26.2766	-9.36034	169.028	
4.10302	0.171643	3.05227	-6.67822	8.79627	182.292	
6.03448	0.103476	3.10913	-3.2255	10.8602	173.254	
4.09148	0.172053	3.05177	21.0617	-0.515513	190.14	
4.48182	0.158224	3.06734	1.01011	14.6822	207.629	
3.50922	0.192764	3.02199	5.68491	1.82223	142.602	
0.72146	0.313791	1.61457	-27.976	5.34714	30.2815	
4.41888	0.160452	3.06501	52.6249	0.18976	179.803	
7.20493	0.0623562	3.12865	26.8037	9.64846	208.916	
7.21751	0.0619148	3.12883	-26.567	-8.34261	199.59	
3.79791	0.18248	3.03792	48.6681	22.8125	172.688	
6.70977	0.0797414	3.12123	-31.2382	-1.30293	189.847	
4.67064	0.151547	3.07392	-6.52948	-4.87513	181.903	
3.46615	0.194301	3.01938	14.2228	0.498738	185.342	
4.96948	0.140993	3.0833	94.3436	4.15137	176.337	
5.90392	0.108069	3.10647	34.0209	-12.2897	196.748	
5.99716	0.104788	3.10838	-11.9887	2.17171	199.85	
5.13589	0.135122	3.08805	13.7034	2.15116	196.328	
4.15706	0.169727	3.05459	-29.1264	-9.51101	177.029	
6.10922	0.100847	3.1106	9.19878	-0.520742	221.888	
6.95626	0.0710855	3.12506	18.8579	8.71521	225.146	
3.7133	0.185491	3.03351	-42.125	-12.3335	145.576	
3.53779	0.191745	3.02369	-49.1887	-11.8029	207.817	
5.30461	0.129173	3.09256	18.8476	-13.0608	187.016	
3.35159	0.198394	3.01211	40.6506	6.90406	191.964	
6.77993	0.077277	3.12235	-18.7614	2.32901	206.83	
2.4331	0.231544	2.92811	21.1911	0.962253	214.947	
6.36526	0.0918456	3.11538	26.5507	-3.66937	179.036	
5.74107	0.113799	3.10298	24.4431	6.7553	173.842	
5.34865	0.127621	3.09369	-3.81833	3.6743	210.169	
5.3085	0.129036	3.09266	-19.3671	19.9457	207.951	
4.7621	0.148315	3.07692	25.0363	1.76408	198.009	
6.38102	0.0912919	3.11566	14.8026	9.63838	154.612	
5.74765	0.113568	3.10312	-33.092	-3.65735	217.275	
5.14024	0.134968	3.08817	-19.4898	2.25011	142.477	
6.61827	0.0829555	3.11974	-14.021	6.12687	186.623	
7.07119	0.0670507	3.12675	39.0952	14.6092	247.324	
6.16476	0.0988941	3.11167	-26.086	-11.1035	187.458	
0.721447	0.31378	1.61501	130.631	70.6841	21.6015	
5.69332	0.11548	3.10192	-38.1077	9.02843	196.113	
4.9093	0.143117	3.08151	29.7317	3.93125	185.825	
5.57223	0.119744	3.09914	33.312	-5.85069	211.249	
4.49773	0.157662	3.06791	-28.8366	-0.253593	180.827	
4.45367	0.15922	3.06631	-29.4018	-16.7476	195.111	
4.70603	0.150297	3.07509	-6.2686	11.9096	188.102	
3.94868	0.177122	3.04529	-23.9904	6.58164	174.97	
5.74877	0.113529	3.10315	12.0167	7.13116	206.37	
7.32293	0.0582151	3.13027	-19.4733	3.34294	212.042	
5.73409	0.114045	3.10283	-5.74796	-3.71932	207.436	
4.68789	0.150938	3.07449	-41.2523	-11.8461	216.138	
6.20971	0.0973138	3.11252	36.3058	-7.02822	190.924	
4.23261	0.167049	3.05773	-58.7394	-10.541	229.702	
4.43795	0.159777	3.06572	4.3151	-4.02275	175.139	
6.14655	0.0995346	3.11132	14.9639	6.85471	199.252	
5.41793	0.125179	3.09543	12.789	-15.0832	172.593	
7.17776	0.06331	3.12827	-6.03524	8.01867	217.696	
6.31004	0.0937866	3.11438	-38.5904	-0.992225	179.129	
5.36611	0.127005	3.09413	-47.2493	7.18171	204.461	
3.73699	0.184648	3.03477	26.332	4.31061	223.378	
3.59332	0.189764	3.0269	-48.0774	18.6125	188.557	
7.28099	0.059687	3.1297	0.121691	8.79348	207.557	
3.1378	0.206051	2.99708	6.60191	-0.876992	135.559	
5.19897	0.132897	3.08977	-2.21851	2.36374	227.624	
5.53782	0.120956	3.09833	84.9205	-0.113018	176.983	
6.62784	0.0826191	3.11989	1.2067	4.56775	174.689	
6.44171	0.089159	3.11673	13.1889	-3.84091	226.193	
5.97293	0.105641	3.10789	7.9777	0.223374	206.692	
6.42748	0.089659	3.11648	42.9041	5.39166	217.8	
5.09046	0.136724	3.08679	-30.4013	17.7756	165.376	
5.44291	0.124299	3.09604	-12.8011	3.44896	161.985	
5.52364	0.121455	3.098	28.3592	9.33824	193.508	
6.16932	0.0987339	3.11176	12.8261	-7.23154	176.784	
6.29905	0.0941731	3.11418	-16.9935	11.6777	208.02	
5.6356	0.117512	3.10061	1.83712	-5.14526	192.254	
6.45161	0.088811	3.1169	-5.16191	5.92979	201.264	
7.12332	0.0652205	3.1275	-44.5279	5.09322	198.32	
5.71225	0.114814	3.10234	40.2689	-2.53645	164.538	
6.24827	0.0959582	3.11325	-22.2784	13.5708	213.912	
4.74909	0.148775	3.0765	4.43631	5.59239	186.473	
2.72754	0.220834	2.96142	23.9141	10.3612	172.741	
3.95861	0.176769	3.04576	12.1302	-6.92888	177.158	
5.51694	0.121691	3.09784	-15.6473	-6.6082	216.589	
0.802143	0.324988	1.20376	-39.1548	-12.6383	34.2343	
7.59414	0.0486997	3.1338	12.9377	-7.09271	189.609	
5.10621	0.136168	3.08723	37.3806	8.22426	194.501	
5.54616	0.120662	3.09853	-52.5122	3.2459	230.943	
6.31151	0.093735	3.11441	16.9289	-6.36041	209.75	
5.61018	0.118408	3.10003	-11.802	0.0886937	190.202	
5.93632	0.106929	3.10714	-30.3674	-13.6814	171.857	
4.52141	0.156824	3.06876	-44.8998	-4.40591	184.779	
4.12208	0.170967	3.0531	-67.7809	-3.89051	221.3	
19.8173	1.00427	0.123646	-4.32392	2.27156	227.62	
5.85328	0.10985	3.1054	-10.8763	13.8061	203.462	
4.34998	0.162891	3.06239	18.5293	-3.79039	172.518	
5.13388	0.135193	3.088	20.9783	0.254977	167.449	
3.95941	0.17674	3.0458	29.2541	12.0321	169.003	
4.91487	0.14292	3.08168	-35.4132	-0.950396	161.602	
4.49633	0.157711	3.06786	-23.9747	-11.5181	161.368	
5.02529	0.139023	3.08493	-16.8431	-10.9704	224.506	
5.65554	0.116811	3.10107	-62.3839	8.09675	203.914	
4.19695	0.168313	3.05627	-14.6112	-3.11015	190.124	
5.18553	0.133371	3.08941	27.9457	-2.91766	248.342	
3.95902	0.176754	3.04578	7.23436	8.41954	208.623	
3.54927	0.191335	3.02436	4.29576	14.4232	195.714	
3.1533	0.205495	2.99824	-37.6692	-15.9554	188.601	
3.28724	0.200696	3.0078	3.84361	6.89866	195.644	
5.42161	0.125049	3.09552	-0.659135	-1.32782	183.691	
7.53233	0.050868	3.13302	10.0841	-8.47329	202.587	
4.52095	0.15684	3.06875	-35.8488	1.78865	224.21	
3.60719	0.18927	3.02769	-24.8539	6.13139	194.231	
3.96033	0.176708	3.04584	-31.4093	9.67936	177.87	
5.68625	0.115729	3.10176	29.4311	9.30687	165.975	
6.85244	0.0747309	3.12348	-34.9498	8.30931	192.499	
7.89248	0.0382361	3.13741	-31.0577	-2.9591	210.107	
4.4249	0.160239	3.06524	-49.48	1.82093	193.617	
2.72391	0.220965	2.96106	-5.68155	5.59617	183.038	
6.12962	0.10013	3.111	-38.2007	-3.92863	180.815	
0.721154	0.311882	1.69038	93.9077	42.4189	39.5957	
3.72536	0.185062	3.03415	7.62635	-4.49966	162.029	
3.12385	0.206552	2.99603	-30.9011	-1.81749	199.649	
6.49987	0.0871152	3.11774	-22.5351	2.16326	210.801	
2.50124	0.229056	2.93655	34.2761	-0.435173	190.886	
5.7686	0.112831	3.10358	33.9067	-3.26904	185.725	
6.57065	0.0846283	3.11894	27.0786	-7.16419	201.934	
2.56012	0.226911	2.94346	-53.2074	-17.7808	217.142	
4.96177	0.141265	3.08308	-46.1326	4.70394	147.939	
6.26469	0.0953808	3.11355	-2.97592	-12.7571	190.706	
6.34622	0.092515	3.11504	-30.2724	-6.32214	208.395	
6.00712	0.104438	3.10858	-38.3313	-2.74355	208.379	
3.84086	0.180953	3.04008	-2.2178	3.44468	190.371	
3.2039	0.203681	3.00195	-46.5959	-10.5026	168.518	
3.92691	0.177895	3.04426	4.28159	6.17993	193.867	
6.62591	0.082687	3.11986	4.61669	5.08493	146.087	
5.10507	0.136209	3.0872	20.0254	5.5606	224.859	
4.73249	0.149362	3.07596	-40.2262	1.39475	202.465	
3.08949	0.207786	2.99339	10.6476	-4.41465	183.612	
3.96899	0.1764	3.04624	-30.4666	-7.60207	221.437	
6.74907	0.078361	3.12186	12.9682	-1.48403	194.116	
5.01702	0.139315	3.08469	-5.42195	13.342	215.68	
3.50453	0.192931	3.02171	-24.742	-4.42641	196.531	
4.43628	0.159836	3.06566	4.58722	16.0239	205.518	
4.75418	0.148595	3.07666	-45.1132	1.03986	195.281	
4.13826	0.170393	3.05379	9.94481	-2.90192	177.007	
4.56438	0.155304	3.07028	-69.7595	-13.816	152.324	
5.45116	0.124009	3.09625	10.0752	-4.12721	160.515	
2.58803	0.225895	2.94662	-28.8414	-1.37737	169.48	
4.00878	0.174987	3.04808	11.8553	8.05845	210.453	
6.58465	0.0841366	3.11918	11.0926	-0.041427	190.079	
6.56397	0.084863	3.11883	-11.8853	10.4638	193.016	
5.37724	0.126613	3.09441	48.7734	2.43659	199.457	
4.58718	0.154498	3.07108	-12.0389	6.87313	189.735	
4.10157	0.171695	3.05221	-9.45457	-11.3595	213.504	
1.41985	0.269977	2.69641	-79.6474	-23.8811	110.444	
4.09733	0.171845	3.05202	11.7186	24.0518	191.726	
4.70801	0.150227	3.07516	37.1233	2.78886	181.643	
2.27053	0.237509	2.90582	-8.46309	4.86879	216.325	
1.72482	0.257975	2.79774	-20.9765	9.39704	161.356	
4.55512	0.155632	3.06996	-52.4483	-1.91543	184.91	
7.54747	0.0503369	3.13321	-49.1015	1.55912	205.956	
3.47046	0.194147	3.01965	-6.8296	6.49374	198.386	
6.268	0.0952645	3.11361	45.5588	12.5727	210.97	
4.90859	0.143142	3.08149	-8.27733	-14.947	170.007	
5.03422	0.138708	3.08519	12.5043	3.9279	204.465	
3.09112	0.207727	2.99352	-6.50331	-5.13783	203.167	
3.08171	0.208065	2.99278	44.045	1.68661	219.564	
6.3658	0.0918267	3.11539	33.6557	-3.04035	178.237	
4.32104	0.163916	3.06127	-35.7	-3.62109	168.208	
4.44805	0.15942	3.0661	-30.2476	-5.31953	190.143	
5.48323	0.122879	3.09703	-25.1377	1.54292	198.183	
6.01952	0.104002	3.10883	23.9527	-0.327775	181.656	
4.40875	0.16081	3.06463	-11.3447	-5.48437	207.837	
6.45057	0.0888474	3.11689	-27.6285	6.00043	158.906	
5.62548	0.117869	3.10038	-25.4008	4.84109	205.157	
5.58129	0.119425	3.09936	32.0624	7.94345	193.248	
5.23876	0.131494	3.09084	-64.6591	8.61935	215.981	
6.04654	0.103052	3.10937	8.31011	-5.45358	186.415	
5.83843	0.110373	3.10509	-32.1288	6.81499	172.892	
6.15703	0.0991661	3.11152	19.0825	4.48153	210.252	
4.2675	0.165812	3.05915	65.9857	-6.32482	184.445	
3.41528	0.196118	3.01621	-29.8039	6.4492	150.287	
4.3874	0.161566	3.06383	-35.8381	1.69411	217.76	
4.6514	0.152227	3.07327	29.468	3.40824	214.226	
4.8205	0.146253	3.07877	12.5911	7.81445	204.097	
4.52038	0.15686	3.06872	33.463	16.1687	165.975	
5.32675	0.128393	3.09313	40.604	-11.1671	183.889	
6.03482	0.103464	3.10914	41.3787	2.72686	208.526	
5.41315	0.125348	3.09531	-43.1384	3.08532	181.178	
6.23894	0.0962862	3.11307	-11.8471	1.63566	181.881	
4.45033	0.159339	3.06618	-65.5149	5.5222	206.992	
2.55973	0.226925	2.94342	-13.4298	13.3644	175.573	
4.72626	0.149582	3.07576	39.1923	-18.4851	139.609	
4.0708	0.172786	3.05086	51.2531	10.6241	226.076	
3.62948	0.188476	3.02894	13.7592	-0.647741	192.426	
5.80683	0.111485	3.10441	-5.52465	11.3334	174.856	
5.60443	0.11861	3.09989	7.11964	7.61781	174.252	
6.68676	0.0805495	3.12086	-1.59061	3.8788	213.257	
2.98103	0.211685	2.98465	41.6632	-9.63816	167.231	
3.60348	0.189403	3.02748	23.2664	2.29094	214.88	
17.4985	0.92324	0.128469	41.3501	-0.501005	242.123	
4.53193	0.156452	3.06914	-18.4143	1.21154	181.515	
6.27529	0.0950083	3.11375	35.7896	4.61973	214.876	
0.768324	0.321988	1.30442	-53.8435	-43.5196	17.7854	
6.20263	0.0975625	3.11239	5.10425	-2.19254	220.811	
3.19146	0.204127	3.00105	-26.0024	23.1879	214.498	
4.82465	0.146106	3.0789	-59.8739	-1.22612	196.718	
5.3264	0.128405	3.09312	-10.9295	-5.64232	202.412	
4.55526	0.155627	3.06996	-7.21146	-10.7429	154.428	
4.89022	0.143791	3.08093	-59.0928	5.91438	200.358	
4.4308	0.16003	3.06546	9.86012	-4.43754	193.146	
0.742942	0.306406	1.90294	-90.1849	-31.3034	56.0479	
6.0599	0.102582	3.10963	-13.7607	-6.75167	217.247	
5.87178	0.109199	3.1058	5.93989	1.73669	223.664	
5.40081	0.125782	3.095	1.71034	-1.27459	179.348	
4.81467	0.146459	3.07859	33.0216	-5.94508	185.236	
4.35975	0.162545	3.06277	-14.1985	-7.9353	250.13	
5.58457	0.119309	3.09943	-48.9401	-8.28556	159.788	
5.40198	0.125741	3.09503	-22.9067	-0.341692	219.757	
4.8819	0.144085	3.08067	-22.0803	-14.4333	181.801	
4.07786	0.172536	3.05117	11.986	7.40944	146.844	
5.48429	0.122841	3.09705	-6.71577	7.54683	195.803	
3.15305	0.205504	2.99822	24.657	-15.6395	196.079	
5.10244	0.136302	3.08712	22.5773	-3.13206	205.151	
3.97441	0.176208	3.0465	29.0189	-0.854456	191.713	
3.32365	0.199393	3.01026	-39.2996	6.76297	169.432	
4.08097	0.172425	3.05131	-67.296	1.14766	180.39	
3.49574	0.193245	3.02118	-87.7643	-7.3951	150.979	
4.07339	0.172695	3.05097	22.7896	5.9526	209.25	
2.83868	0.216816	2.97213	8.37377	-8.35085	199.57	
4.87878	0.144194	3.08058	26.4227	9.57992	157.92	
3.98796	0.175727	3.04712	-9.96105	6.91589	196.147	
4.00239	0.175214	3.04778	-21.6586	-5.12713	204.787	
5.61674	0.118177	3.10018	52.9503	9.59407	160.436	
2.8449	0.216591	2.97271	26.3348	7.60137	225.24	
3.17661	0.204659	2.99996	-9.19459	-4.36563	188.515	
5.07832	0.137152	3.08645	19.8166	6.63428	209.378	
4.44244	0.159618	3.06589	-27.76	6.80154	170.424	
2.56311	0.226802	2.9438	-7.24166	10.997	180.589	
3.85583	0.180421	3.04082	9.05196	8.47619	155.212	
3.5931	0.189773	3.02689	-26.3363	-7.22027	201.004	
3.12042	0.206675	2.99577	-66.9013	13.0966	171.262	
7.38059	0.056192	3.13104	-0.273513	-0.419107	224.876	
3.58967	0.189895	3.02669	-6.57793	7.19491	157.743	
6.73908	0.0787117	3.1217	-16.5586	1.1369	192.323	
5.69571	0.115396	3.10197	-2.45823	-7.9569	177.894	
4.92071	0.142714	3.08185	-11.9507	-3.05936	183.014	
6.51505	0.0865819	3.118	-40.7778	-9.55797	208.367	
2.79796	0.218286	2.96831	-47.9964	-0.749393	184.681	
3.65562	0.187545	3.03039	-3.88874	10.5095	175.957	
4.37254	0.162092	3.06326	30.1428	0.0564011	205.035	
4.89128	0.143753	3.08096	31.8769	-10.6333	137.574	
6.61656	0.0830156	3.11971	9.0961	2.24681	171.18	
4.81614	0.146407	3.07864	-46.0222	5.03233	189.319	
5.34623	0.127706	3.09363	41.3869	-3.24771	222.195	
3.9564	0.176847	3.04566	36.8433	-5.74985	173.065	
3.85881	0.180315	3.04097	4.32605	-5.6339	227.754	
3.34478	0.198638	3.01166	-66.6748	-11.0055	182.831	
4.72427	0.149652	3.07569	-44.4459	-9.79362	168.412	
5.30045	0.129319	3.09245	88.2514	9.98539	180.836	
4.96664	0.141093	3.08322	9.73452	7.65501	177.399	
3.21154	0.203407	3.0025	24.3506	-0.30284	243.156	
4.90185	0.14338	3.08128	-15.1869	8.705	187.968	
5.15081	0.490796	0.227662	-11.3382	4.01281	194.414	
7.40127	0.0554663	3.13132	28.2735	-1.30382	201.065	
6.74192	0.0786121	3.12174	31.968	9.49587	167.612	
1.85863	0.25287	2.83062	24.9306	2.8222	193.9	
4.76904	0.14807	3.07714	7.12279	-4.82235	179.749	
0.736257	0.307451	1.86348	42.1122	25.538	51.8485	
3.66141	0.187338	3.03071	-2.03159	-23.2987	185.639	
5.60702	0.118519	3.09995	-3.26994	16.3738	189.242	
4.23509	0.166961	3.05783	17.8482	6.93746	178.616	
6.29183	0.0944267	3.11405	24.8541	-16.163	199.582	
4.19057	0.168539	3.056	-20.6811	-2.92932	186.605	
3.81056	0.18203	3.03856	-29.3372	3.33455	218.266	
3.77168	0.183413	3.03657	2.67081	8.99732	215.438	
6.05449	0.102772	3.10953	92.1146	12.1874	194.738	
6.74638	0.0784556	3.12182	-26.3255	-14.5582	212.505	
7.18528	0.0630459	3.12838	44.6611	15.7004	195.164	
3.60051	0.189508	3.02731	-77.6588	-2.5291	170.581	
4.5219	0.156807	3.06878	-13.4229	-4.29378	171.337	
5.31008	0.12898	3.0927	38.0429	-1.28447	191.291	
0.773169	0.322465	1.28782	78.1115	39.0538	48.4437	
4.68356	0.151091	3.07435	-7.60871	8.27949	219.364	
6.23815	0.0963139	3.11306	-0.477887	5.46941	170.677	
6.46943	0.0881847	3.11721	-53.3825	-2.17409	183.812	
5.16068	0.134247	3.08873	-21.8306	12.6911	199.137	
4.02505	0.17441	3.04881	-8.27525	-8.23846	213.847	
2.71596	0.221253	2.96026	6.37768	-0.89856	142.922	
7.44656	0.0538773	3.13191	-49.3946	-6.20157	230.556	
5.38709	0.126266	3.09466	-23.8596	7.03996	184.178	
6.60876	0.0832896	3.11958	-25.9065	7.54178	249.188	
4.80292	0.146874	3.07822	-58.6096	10.2655	203.536	
5.27554	0.130197	3.0918	-21.1842	-1.02955	174.117	
4.72273	0.149706	3.07564	53.356	16.4759	188.921	
4.33777	0.163323	3.06192	0.650387	-3.72986	203.473	
3.17557	0.204697	2.99989	11.5475	-8.0629	213.283	
3.87753	0.179649	3.04189	-49.2381	-0.602918	211.748	
5.78562	0.112231	3.10395	-7.92272	-7.29048	158.677	
4.28109	0.165331	3.05969	32.8699	-1.41453	163.66	
3.60282	0.189426	3.02744	-20.3687	10.2393	228.583	
1.86351	0.252685	2.83172	42.664	-11.9712	180.37	
4.04997	0.173526	3.04993	-25.8677	-4.15256	214.18	
6.01651	0.104108	3.10877	27.8572	-7.36137	182.291	
4.79729	0.147072	3.07804	-1.62253	-8.53748	208.97	
3.51683	0.192493	3.02245	-13.0397	8.19334	138.459	
0.721954	0.311258	1.71514	24.3415	34.7571	19.8667	
5.45723	0.123795	3.09639	-36.5391	2.02146	198.44	
4.33837	0.163302	3.06194	-18.197	-11.8161	197.054	
2.68836	0.222253	2.95743	-39.1407	0.899982	202.78	
4.26551	0.165883	3.05907	21.1817	-10.6008	168.136	
3.47491	0.193988	3.01992	-68.5439	-5.57493	180.382	
5.01078	0.139535	3.08451	42.5273	2.68946	224.984	
4.12017	0.171035	3.05302	32.473	-10.7025	161.956	
5.20216	0.132785	3.08986	68.0073	-1.70714	227.979	
3.62774	0.188538	3.02884	-13.499	-8.25338	217.39	
6.70295	0.0799807	3.12112	34.6026	3.76086	196.265	
6.07914	0.101905	3.11001	40.5243	5.45823	182.587	
2.92675	0.213639	2.98003	-19.8895	-8.82155	198.927	
6.42422	0.0897736	3.11643	28.8473	7.88855	166.552	
4.33047	0.163582	3.06164	32.4667	17.502	228.407	
3.08185	0.20806	2.99279	-60.3928	-3.82822	158.368	
6.50708	0.0868619	3.11786	-36.7172	9.89285	228.04	
2.95053	0.212783	2.98207	3.68343	-1.08522	158.79	
4.73959	0.149111	3.07619	-30.2731	-10.3225	194.74	
4.86444	0.144701	3.08014	15.5432	10.9336	190.002	
0.725598	0.30978	1.77339	109.584	43.9381	51.1231	
5.43515	0.124572	3.09585	31.2037	-1.98859	165.726	
4.69276	0.150765	3.07466	39.3184	9.62226	225.154	
3.93227	0.177704	3.04452	-15.0102	6.20645	168.918	
4.10117	0.171709	3.05219	-40.2052	-5.54835	142.988	
4.60287	0.153943	3.07162	-32.5289	-9.15726	171.062	
3.43656	0.195358	3.01755	-10.6231	-5.32726	155.59	
3.48151	0.193753	3.02032	21.3438	13.8297	190.785	
0.829698	0.298345	2.17624	-28.1111	-7.43547	38.4114	
4.82392	0.146132	3.07888	5.11593	0.329492	157.183	
4.55884	0.1555	3.07009	-12.5559	4.20206	216.635	
5.00796	0.139635	3.08443	-6.37443	-8.57683	155.622	
4.21759	0.167581	3.05712	-27.7776	4.9579	210.04	
4.95119	0.141638	3.08276	19.6647	5.29249	197.707	
5.10352	0.136263	3.08715	8.69173	-10.5406	198.436	
7.12174	0.0652763	3.12748	-29.572	4.36068	228.378	
6.14573	0.0995633	3.11131	-10.2189	-5.12862	180.426	
1.82574	0.254118	2.82302	-5.99991	-1.2847	231.549	
5.71185	0.114828	3.10233	-10.3499	7.55163	166.286	
4.477	0.158395	3.06716	38.2784	5.96618	188.427	
2.79094	0.21854	2.96764	-43.6771	-0.0847453	216.572	
5.22021	0.132148	3.09034	-11.8532	-1.15754	219.23	
5.97186	0.105678	3.10787	-43.2196	4.40584	212.386	
4.49445	0.157778	3.06779	20.1555	2.28537	173.665	
7.58661	0.0489638	3.13371	24.4265	-2.6439	179.553	
3.07132	0.208438	2.99197	-1.74335	10.6085	183.835	
3.08258	0.208034	2.99285	-20.3849	-4.66293	163.17	
5.21006	0.132506	3.09007	-52.6819	-7.38922	221.321	
4.80869	0.14667	3.0784	19.2599	8.68037	217.528	
17.6022	0.926862	0.128226	-55.5109	-1.32565	245.955	
7.68388	0.0455521	3.13492	39.9611	-0.618654	198.475	
0.727167	0.316054	1.52541	-57.95	-24.2032	60.4726	
6.20843	0.0973587	3.1125	14.438	15.1674	186.356	
5.05625	0.137931	3.08582	-3.74778	-6.98544	180.272	
5.10071	0.136363	3.08708	-11.7158	10.691	225.838	
4.72273	0.149706	3.07564	26.1574	11.4655	179.866	
4.08692	0.172215	3.05157	-48.6546	-4.57837	224.59	
4.6645	0.151764	3.07371	-32.8347	6.1557	170.7	
3.74104	0.184504	3.03498	12.4743	2.72728	210.591	
4.77523	0.147852	3.07734	1.27224	0.321243	194.944	
3.55931	0.190977	3.02494	88.4826	16.8746	192.25	
4.94173	0.141972	3.08248	-40.9471	0.473157	245.048	
7.55966	0.0499093	3.13337	98.8168	-10.0693	164.463	
6.50012	0.0871063	3.11774	-4.12175	-14.1241	130.376	
6.27027	0.0951845	3.11365	-3.55307	-2.26744	184.916	
4.69642	0.150636	3.07478	3.67495	14.9246	185.636	
4.18739	0.168651	3.05587	-39.4216	0.35433	171.407	
3.97919	0.176038	3.04672	-23.1393	2.2484	171.384	
4.94813	0.141746	3.08267	-25.1962	-8.18723	156.793	
5.23895	0.131487	3.09084	-23.1821	-7.6287	182.397	
7.10741	0.0657791	3.12727	-24.2945	-6.43292	202.899	
6.08207	0.101802	3.11007	9.6299	12.2572	188.765	
6.38228	0.0912474	3.11568	14.2431	-6.99583	190.671	
3.88848	0.17926	3.04242	53.8804	4.95542	204.536	
2.40595	0.232537	2.92461	53.1685	2.00586	227.163	
3.29128	0.200552	3.00807	-22.9731	1.61719	177.629	
5.66699	0.116407	3.10132	-30.4919	-18.0331	172.897	
7.25621	0.0605567	3.12936	40.1555	1.83824	213.483	
2.05212	0.2456	2.86997	-30.4717	-1.16277	204.482	
5.83367	0.11054	3.10499	-8.92219	-2.44613	188.044	
7.17694	0.0633385	3.12826	4.91725	-8.09967	243.395	
5.0623	0.137717	3.08599	9.51442	12.0123	178.885	
4.99207	0.140195	3.08397	-15.1115	-2.40195	179.413	
5.0791	0.137125	3.08647	-20.1759	2.17672	185.922	
5.47974	0.123002	3.09694	-36.73	-14.7752	199.735	
6.07391	0.102089	3.10991	-7.06718	-9.68171	199.255	
6.17256	0.0986197	3.11182	-7.93722	3.7065	189.778	
2.8024	0.218126	2.96873	-11.8911	3.0582	180.518	
4.59787	0.15412	3.07145	81.9366	8.70127	180.502	
5.79531	0.111891	3.10416	-29.6913	-0.33049	169.647	
4.1454	0.17014	3.0541	-0.444768	-8.01908	141.155	
2.20629	0.239878	2.89606	-46.9861	1.47248	152.926	
3.07277	0.208386	2.99208	10.6131	9.49408	194.986	
5.5136	0.121809	3.09776	19.4884	3.42158	183.757	
6.01163	0.10428	3.10867	-41.1095	1.34295	212.992	
6.16268	0.0989674	3.11163	1.29039	-19.288	173.041	
7.61454	0.047984	3.13406	51.0034	5.04762	222.128	
4.31727	0.164049	3.06112	-8.01408	5.86811	228.392	
5.91306	0.107747	3.10666	47.1986	-4.96407	213.045	
2.9885	0.211416	2.98527	14.6006	-1.14306	169.915	
5.50289	0.122186	3.0975	-2.94912	-11.3211	241.815	
3.08335	0.208006	2.99291	6.67315	5.7344	200.237	
4.32156	0.163898	3.06129	-10.0043	-3.27252	163.103	
5.72801	0.114259	3.10269	-54.8546	-10.6379	161.166	
3.39668	0.196783	3.01503	-28.3383	8.12443	181.771	
5.9744	0.105589	3.10792	-6.33431	8.90216	178.826	
5.87989	0.108914	3.10597	30.8008	-4.52906	220.725	
5.50179	0.122225	3.09747	8.08966	-4.58557	191.636	
6.12966	0.100128	3.111	15.3446	-15.3721	195.281	
6.4513	0.0888221	3.1169	-7.67037	-10.5965	173.056	
4.23974	0.166796	3.05802	58.8252	7.67344	179.039	
4.18274	0.168816	3.05567	-40.0448	2.91844	212.897	
4.2667	0.165841	3.05911	41.0455	-5.96654	174.742	
3.0379	0.209639	2.98931	-1.51785	5.62399	185.884	
6.70813	0.079799	3.1212	16.9454	-11.3934	230.301	
4.94384	0.141898	3.08254	25.9475	16.3294	164.215	
4.65353	0.152152	3.07334	-12.0735	6.98438	191.342	
4.12023	0.171033	3.05302	-14.0662	-10.3881	136.063	
3.38639	0.19715	3.01437	56.3091	-2.09396	186.518	
4.31417	0.164159	3.061	-3.29879	-4.89837	220.469	
2.91901	0.213918	2.97935	20.6768	-1.59868	230.839	
5.75146	0.113434	3.10321	-15.8102	1.57205	169.562	
4.98962	0.140282	3.0839	4.24727	-6.85664	194.756	
4.29865	0.164709	3.06039	-60.1493	-12.1891	151.994	
4.58484	0.154581	3.071	-29.1583	3.28096	163.174	
4.1056	0.171552	3.05238	-6.90837	-2.44887	190.35	
6.05793	0.102651	3.1096	31.2169	-10.1488	139.343	
5.90631	0.107985	3.10652	4.74979	5.49761	196.433	
4.83357	0.145791	3.07918	42.486	2.98501	205.905	
6.07046	0.10221	3.10984	1.71949	-2.49653	199.09	
5.93456	0.10699	3.1071	-29.5464	-5.77406	241.002	
5.25013	0.131093	3.09114	1.09271	-7.02458	196.913	
5.64077	0.11733	3.10073	59.903	-4.9165	195.483	
4.41442	0.16061	3.06485	34.8775	6.59186	209.948	
5.55546	0.120335	3.09875	16.1061	2.89697	213.265	
4.34459	0.163082	3.06219	-24.1794	-1.24936	150.981	
5.22393	0.132017	3.09044	41.7464	-5.12084	197.88	
5.64033	0.117346	3.10072	-55.3873	8.356	201.739	
4.25211	0.166358	3.05853	-15.5152	3.642	180.158	
5.5067	0.122052	3.09759	-58.9564	3.5906	186.7	
6.69537	0.0802471	3.121	-46.7171	-0.72494	216.233	
3.71389	0.18547	3.03354	42.072	15.3881	200.055	
0.751329	0.320102	1.37191	-64.9757	-36.6992	35.3295	
4.01028	0.174934	3.04814	21.5989	-2.78571	170.296	
5.6596	0.116668	3.10116	28.5093	-2.7379	204.101	
5.28661	0.129807	3.09209	19.4494	10.732	216.926	
5.29573	0.129486	3.09233	-15.1809	2.42945	175.604	
7.01754	0.0689338	3.12597	11.4651	16.3245	175.618	
2.54644	0.227409	2.94188	63.9201	15.9936	145.368	
4.98121	0.140579	3.08365	22.2613	-3.48375	179.024	
5.9044	0.108052	3.10648	3.96744	2.00352	198.41	
5.3871	0.126265	3.09466	18.717	3.4151	200.463	
4.26752	0.165812	3.05915	28.1633	0.122638	159.895	
4.79155	0.147275	3.07786	-9.31288	-7.20313	201.099	
0.736636	0.318005	1.45019	66.663	39.6658	46.3601	
4.40465	0.160955	3.06448	-15.6768	-3.12313	165.188	
6.94631	0.0714346	3.12491	24.5369	3.584	216.534	
7.83468	0.0402629	3.13673	-6.17687	6.93186	215.811	
3.32938	0.199188	3.01064	-8.18414	15.2477	184.883	
4.38991	0.161477	3.06392	-7.52555	9.4553	192.423	
6.80269	0.0764778	3.12271	-14.006	-6.73676	184.316	
3.81514	0.181867	3.03879	-3.19759	-0.0687947	192.728	
5.00652	0.139686	3.08439	17.6905	-8.36975	176.64	
4.60072	0.154019	3.07154	36.496	8.15446	222.784	
5.92895	0.107188	3.10699	-10.2815	20.1463	181.658	
4.78404	0.14754	3.07762	-43.5986	-11.7296	191.782	
5.66023	0.116645	3.10117	-37.6709	9.8642	169.208	
3.77515	0.18329	3.03675	19.6789	-10.8787	208.185	
5.16191	0.134204	3.08877	39.541	-0.342468	161.467	
5.89402	0.108417	3.10626	-69.2825	1.96238	184.482	
3.23426	0.202594	3.00411	-4.44992	-5.08409	216.202	
5.51829	0.121644	3.09787	14.3801	7.54759	223.513	
4.57701	0.154857	3.07072	-40.6082	-5.43885	186.075	
6.16707	0.0988128	3.11172	53.9983	-1.57101	155.98	
5.15375	0.134492	3.08854	-7.86175	-11.6001	189.625	
3.15526	0.205425	2.99839	39.9876	2.58998	167.41	
7.49215	0.0522776	3.13251	-20.4368	9.55549	169.511	
5.04114	0.138464	3.08539	-32.1567	2.90175	169.575	
5.81995	0.111023	3.10469	-44.7731	-3.20052	191.529	
7.12207	0.0652646	3.12748	58.7444	4.64908	197.197	
4.92497	0.142564	3.08198	-22.9715	4.00063	169.301	
5.20528	0.132675	3.08994	-35.5426	-6.62791	203.401	
3.62935	0.188481	3.02893	-1.87982	2.91255	186.438	
5.31976	0.128639	3.09295	45.1818	1.21558	174.97	
5.61479	0.118245	3.10013	-7.80766	9.80169	181.402	
4.03789	0.173954	3.04939	-39.4928	-2.29849	153.768	
6.49179	0.0873992	3.1176	25.3848	11.3582	205.304	
6.84644	0.0749413	3.12339	-38.0299	10.058	176.598	
6.96185	0.0708892	3.12514	-16.9937	-9.93511	211.045	
3.97055	0.176345	3.04632	12.9404	-0.910785	200.468	
6.77257	0.0775358	3.12223	84.8168	2.04849	218.696	
5.8068	0.111486	3.10441	-16.5178	0.10441	198.175	
6.37031	0.0916681	3.11547	0.831702	-9.74734	164.792	
5.61253	0.118325	3.10008	-8.01861	7.65737	204.402	
6.35182	0.0923181	3.11514	-10.8637	7.11696	172.972	
3.46898	0.1942	3.01956	10.4269	-0.949249	185.222	
4.28749	0.165104	3.05995	-31.8637	-1.31602	207.021	
4.15448	0.169818	3.05448	36.0378	9.17004	192.028	
5.65068	0.116982	3.10095	46.3884	-2.4136	182.354	
4.5049	0.157408	3.06817	-33.2306	-0.306433	197.119	
4.7157	0.149955	3.07541	21.8475	11.5518	172.734	
3.0181	0.210351	2.98771	33.6292	-3.51396	151.341	
3.97178	0.176301	3.04637	-39.9483	-11.0166	208.957	
3.17906	0.204572	3.00014	8.80343	3.78781	174.462	
7.95261	0.0361277	3.1381	13.5584	1.02375	176.463	
2.56129	0.226868	2.94359	42.4419	6.88628	170.181	
6.75455	0.0781687	3.12195	45.7903	14.1149	172.233	
5.68664	0.115716	3.10177	16.0798	1.23941	221.888	
4.13848	0.170386	3.0538	-138.829	0.870137	193.473	
5.04442	0.138348	3.08548	-9.64797	4.96157	175.568	
0.721348	0.313697	1.61832	28.461	-3.0404	49.9561	
6.85884	0.0745059	3.12358	0.509392	-10.9834	219.601	
3.12897	0.206368	2.99642	43.5438	16.2853	189.595	
4.9806	0.1406	3.08363	-9.66362	-2.37411	169.99	
4.70667	0.150274	3.07511	-49.6186	4.71256	182.317	
5.68915	0.115627	3.10182	33.7511	8.41733	214.882	
5.98983	0.105046	3.10823	-50.1549	6.97724	193.514	
5.06027	0.137789	3.08593	14.6701	-7.40724	206.812	
2.68855	0.222247	2.95745	4.82669	10.4204	183.213	
2.93413	0.213373	2.98067	25.2179	1.00813	184.242	
4.89832	0.143505	3.08117	-46.7902	2.67339	163.316	
4.51008	0.157225	3.06836	1.49711	-16.7811	200.089	
7.084	0.0666008	3.12694	61.6307	4.18126	152.383	
4.56816	0.15517	3.07041	-19.1722	-0.879814	199.848	
3.10179	0.207344	2.99434	12.026	5.08559	190.655	
3.83801	0.181054	3.03994	-9.52821	-5.80171	212.79	
4.94026	0.142024	3.08244	36.3183	10.7272	186.08	
6.15775	0.0991407	3.11154	14.806	-1.00612	162.586	
6.06238	0.102494	3.10968	8.67155	-0.334932	190.337	
5.35602	0.127361	3.09388	-16.9775	5.69318	174.992	
5.23934	0.131474	3.09085	6.79456	6.92088	185.507	
5.63829	0.117418	3.10067	12.2074	3.74198	211.014	
3.97859	0.176059	3.04669	-22.4742	0.342529	216.579	
4.23076	0.167114	3.05766	-42.297	3.82409	177.591	
4.37266	0.162088	3.06327	-24.825	-2.49911	148.328	
6.4386	0.0892682	3.11668	-14.792	-8.81045	235.139	
5.31344	0.128861	3.09279	15.3347	-5.36558	186.718	
0.726806	0.315958	1.52918	18.418	-11.6599	43.7038	
3.90776	0.178575	3.04335	8.36502	15.4552	203.9	
3.73635	0.18467	3.03473	-7.10127	23.0393	193.41	
4.24817	0.166497	3.05837	-6.85816	1.54972	187.69	
5.78867	0.112124	3.10402	-22.4981	-5.46464	151.36	
3.66792	0.187107	3.03106	48.1707	-2.34932	172.856	
6.46952	0.0881817	3.11722	-53.5118	-23.2342	193.508	
4.8222	0.146192	3.07883	-13.2409	12.9492	211.012	
7.61071	0.0481185	3.13401	-16.2006	14.4663	191.996	
6.51398	0.0866193	3.11798	10.3842	-4.23056	212.767	
6.17451	0.0985513	3.11186	-21.0092	-2.95862	182.23	
5.05074	0.138125	3.08566	23.561	6.24378	166.099	
5.98994	0.105042	3.10824	-46.8209	7.94337	197.461	
3.70038	0.185951	3.03282	-9.76434	5.39276	233.223	
5.40948	0.125477	3.09522	-7.41542	6.46975	162.576	
4.68387	0.15108	3.07436	25.5148	11.7456	173.351	
6.42906	0.0896036	3.11651	-1.78689	-9.44814	178.267	
7.18196	0.0631625	3.12833	-28.7126	-8.08811	219.075	
5.18066	0.133543	3.08928	11.2636	-4.47013	187.289	
2.54726	0.227379	2.94198	24.5931	17.0633	178.801	
4.6888	0.150905	3.07452	-5.62686	5.87207	128.621	
6.60491	0.0834246	3.11951	15.2014	-1.67669	184.408	
7.05745	0.0675327	3.12655	9.46284	8.81694	170.924	
2.89572	0.214758	2.9773	-2.94971	-7.18241	176.609	
6.89347	0.07329	3.12411	-23.9157	-10.9869	206.229	
3.28006	0.200953	3.00731	-11.5293	-2.68663	167.726	
4.48228	0.158208	3.06735	-26.2852	-6.12793	191.026	
4.27443	0.165567	3.05942	-23.0266	11.6886	196.522	
6.36353	0.0919066	3.11535	-7.95213	16.1678	210.887	
3.96574	0.176516	3.04609	-50.8581	6.0081	154.227	
5.14935	0.134647	3.08842	-16.6662	0.946357	221.934	
4.36808	0.16225	3.06309	12.4667	-15.2463	226.299	
4.50104	0.157544	3.06803	62.0549	-1.20347	158.466	
6.24972	0.095907	3.11327	9.23543	3.26072	227.854	
0.735487	0.317807	1.45773	6.6589	-10.2597	37.7075	
4.84877	0.145254	3.07965	14.4943	-0.830407	172.651	
4.75528	0.148557	3.0767	24.5314	20.8922	192.532	
4.47566	0.158442	3.06711	-3.7653	1.21115	179.372	
2.81121	0.217808	2.96957	-60.2844	-15.3219	217.517	
5.82159	0.110966	3.10473	-12.4692	3.77117	219.97	
5.98673	0.105155	3.10817	20.989	-11.6602	239.295	
4.75635	0.148519	3.07673	20.7997	-0.667799	172.996	
5.0207	0.139185	3.0848	19.7228	-8.20654	230.058	
6.17545	0.0985182	3.11188	31.6471	2.45108	166.703	
5.75943	0.113153	3.10338	22.2082	-2.19145	210.266	
4.48216	0.158212	3.06735	21.6663	3.62574	187.485	
7.71072	0.0446105	3.13525	17.5437	-8.06218	192.053	
5.68089	0.115918	3.10164	68.0292	2.28035	218.229	
5.68577	0.115746	3.10175	21.5675	-15.4714	203.49	
5.09348	0.136618	3.08687	-0.794962	-18.0615	200.11	
5.545	0.120703	3.0985	6.06215	4.56338	139.525	
6.19509	0.0978278	3.11225	11.885	-11.9038	158.565	
0.72517	0.315479	1.54795	-36.1263	-7.10986	15.9722	
5.84976	0.109974	3.10533	-23.3634	-4.7931	172.758	
3.79676	0.182521	3.03786	39.1463	6.72387	207.641	
4.03169	0.174174	3.04911	18.2202	-9.1784	189.37	
3.43455	0.195429	3.01743	15.9082	2.96806	181.326	
5.32316	0.128519	3.09304	38.2101	1.20774	190.841	
5.59508	0.118939	3.09968	13.9643	0.33821	182.792	
4.80543	0.146785	3.0783	-5.91677	0.807373	166.942	
4.79746	0.147066	3.07805	-1.42474	7.62477	148.515	
5.45106	0.124012	3.09624	16.8472	-7.81525	200.135	
4.41908	0.160445	3.06502	6.29379	0.345935	196.539	
5.24689	0.131207	3.09105	-31.8515	-6.69766	216.715	
5.90558	0.10801	3.1065	-85.0014	2.12206	143.646	
3.05264	0.209109	2.99049	38.8857	-10.2034	232.545	
0.720783	0.3126	1.66186	101.984	32.0825	-5.51633	
4.2455	0.166592	3.05826	24.9183	-1.60076	187.634	
2.52139	0.228321	2.93895	38.4228	6.67093	186.65	
3.03072	0.209897	2.98873	-9.72124	4.75555	169.209	
4.7967	0.147093	3.07802	25.8372	4.53749	196.09	
4.47424	0.158492	3.06706	13.6369	16.6487	209.569	
5.62254	0.117972	3.10031	-29.0126	-11.7744	187.048	
3.20332	0.203702	3.00191	6.8174	-2.48826	215.869	
5.51037	0.121923	3.09768	0.515816	12.6496	204.671	
6.25536	0.0957088	3.11338	24.1238	6.90441	213.405	
5.05192	0.138084	3.0857	-2.36895	-12.2928	194.273	
6.71074	0.0797072	3.12124	-27.2396	-3.75726	183.059	
4.95932	0.141352	3.083	11.5144	8.65152	174.974	
4.92095	0.142706	3.08186	32.3453	9.32479	203.031	
1.85434	0.253033	2.82964	-41.9316	-0.69324	122.821	
3.00963	0.210656	2.98702	82.5615	-8.53515	200.904	
2.97173	0.21202	2.98387	18.5895	6.68305	201.588	
7.23127	0.0614319	3.12902	8.66787	-15.3978	222.711	
4.63055	0.152964	3.07257	-23.9323	-10.715	183.834	
2.47241	0.230108	2.93304	36.0503	6.00804	230.281	
3.65058	0.187724	3.03011	-27.4141	-0.480687	189.554	
4.86671	0.144621	3.08021	13.3359	-13.8823	191.68	
0.996961	0.288643	2.42076	-58.1205	-23.786	116.604	
5.97545	0.105552	3.10794	11.574	-9.98897	200.978	
3.70856	0.18566	3.03326	30.1496	4.20747	160.418	
4.74222	0.149018	3.07628	14.5298	3.17319	185.503	
5.79596	0.111868	3.10418	-3.17901	-3.65557	195.45	
6.68917	0.0804649	3.1209	11.1974	8.39933	217.169	
5.03936	0.138527	3.08534	44.5403	6.78328	167.006	
4.3902	0.161467	3.06393	-33.8282	2.09197	192.766	
4.40572	0.160917	3.06452	-37.6059	-9.49666	206.032	
5.57092	0.11979	3.09911	0.141997	-4.83817	226.448	
0.736161	0.307468	1.86285	78.1008	23.551	54.7056	
4.8416	0.145508	3.07943	-12.0632	0.977261	190.357	
6.27628	0.0949734	3.11376	-17.6446	-5.37802	200.382	
4.62056	0.153318	3.07223	6.26789	-6.20907	192.373	
2.93269	0.213425	2.98054	-8.44688	13.634	210.74	
4.74451	0.148937	3.07635	-86.6291	-10.9394	204.991	
6.26337	0.0954271	3.11353	25.4406	3.3832	201.08	
7.1609	0.0639017	3.12803	-7.64405	2.87657	203.567	
7.36495	0.0567408	3.13084	9.54801	-5.17224	199.209	
6.39623	0.0907572	3.11593	8.19579	-16.7574	166.922	
0.745291	0.319316	1.40088	75.6996	32.5628	51.195	
2.9375	0.213252	2.98096	35.0918	5.40332	200.267	
4.67571	0.151368	3.07409	-8.31979	5.22332	208.809	
5.32334	0.128513	3.09304	14.2911	-6.80982	210.775	
5.81636	0.11115	3.10462	-25.0906	-14.426	189.54	
5.3155	0.128789	3.09284	-33.5195	9.24551	263.498	
0.723662	0.31495	1.56875	60.0484	16.4147	29.2313	
9.19701	0.632875	0.165718	35.9163	-6.24371	197.341	
5.1179	0.135756	3.08755	-51.9849	1.41396	210.666	
5.1622	0.134194	3.08878	34.1286	-7.17896	208.618	
0.819647	0.299068	2.15431	-59.4007	-28.1603	36.7478	
3.27965	0.200968	3.00728	33.9856	11.3587	203.169	
6.14037	0.0997516	3.1112	29.4574	-3.11264	174.285	
6.10314	0.101061	3.11048	-12.5671	5.76833	198.476	
1.92839	0.250236	2.84579	47.2835	-18.0154	206.111	
5.11153	0.135981	3.08738	32.0558	2.16214	167.394	
5.48491	0.122819	3.09707	31.6678	8.03935	155.425	
4.17966	0.168925	3.05554	18.1	12.1331	174.637	
4.84177	0.145501	3.07944	11.0504	0.925842	134.742	
4.34318	0.163132	3.06213	-10.2358	-5.64267	191.294	
4.80687	0.146734	3.07834	7.72126	-2.87993	188.678	
4.54263	0.156073	3.06952	-10.4172	-3.19909	195.915	
6.44884	0.0889082	3.11686	8.16261	3.47907	194.061	
3.62053	0.188795	3.02844	-9.92635	-9.83877	186.686	
5.0453	0.138317	3.08551	-17.3467	-12.0128	216.549	
3.80638	0.182179	3.03835	7.90785	6.68261	183.659	
6.83017	0.0755128	3.12313	-7.69975	-4.78448	221.992	
4.84666	0.145329	3.07959	38.2533	2.7903	187.76	
5.60014	0.118761	3.09979	4.05699	7.78627	217.07	
2.46454	0.230395	2.93206	-38.9494	-2.11097	179.685	
6.11178	0.100757	3.11065	-37.5624	0.502764	145.569	
3.21829	0.203166	3.00298	-42.1096	-9.35209	187.189	
2.53719	0.227745	2.94081	-8.14898	-11.7283	213.251	
4.12488	0.170868	3.05322	-57.3642	-2.64812	165.719	
6.08823	0.101585	3.11019	-40.0016	-4.62089	186.498	
0.730098	0.316756	1.49811	-36.4459	-11.4208	27.9926	
6.26016	0.0955402	3.11347	-8.93342	8.14677	185.131	
4.52538	0.156683	3.0689	-44.05	-4.85521	198.068	
4.68487	0.151044	3.07439	14.9144	4.41083	205.959	
5.38867	0.12621	3.0947	-47.8021	10.8962	190.514	
0.752991	0.305087	1.95162	-106.621	-34.5215	50.1188	
6.29461	0.0943291	3.1141	-66.1745	-3.30241	206.143	
6.34301	0.0926276	3.11498	-30.1996	7.42322	189.711	
3.87618	0.179697	3.04182	-23.2743	-2.8819	150.663	
4.26536	0.165888	3.05906	11.2053	-1.06917	197.493	
6.85481	0.0746477	3.12352	3.74649	0.971578	192.576	
3.71948	0.185271	3.03384	55.6671	-9.53829	151.379	
4.7315	0.149397	3.07593	-12.4019	12.0273	174.636	
4.16083	0.169593	3.05475	-31.0854	-10.8908	193.319	
0.726408	0.309544	1.78265	35.345	17.4883	45.5961	
4.04137	0.173831	3.04955	-27.3422	-0.345235	196.798	
5.30812	0.129049	3.09265	-21.2944	8.8568	194.689	
0.758045	0.304498	1.97293	-33.5619	-15.1268	43.9913	
6.75324	0.0782145	3.12192	-18.926	7.87912	175.761	
6.99874	0.0695939	3.12569	-3.17541	-4.46581	190.51	
4.41136	0.160718	3.06473	-3.20634	2.93909	223.961	
4.16668	0.169386	3.055	37.8737	-8.71584	181.254	
5.5696	0.119837	3.09908	45.3578	2.73707	193.125	
4.95748	0.141416	3.08295	43.1592	7.44238	168.121	
6.15507	0.0992349	3.11149	-33.4199	-6.25954	187.674	
6.77969	0.0772857	3.12234	-18.5297	-12.9915	211.828	
6.64264	0.0820992	3.12014	-0.868457	-5.224	163.064	
7.4217	0.0547493	3.13159	59.4063	-8.89652	186.331	
5.87978	0.108918	3.10596	4.95088	5.92461	150.976	
6.86751	0.0742014	3.12371	54.0892	13.1728	180.465	
5.46091	0.123665	3.09648	-21.1082	-10.3348	179.871	
0.736923	0.318053	1.44835	160.931	86.036	35.2435	
4.02072	0.174564	3.04862	-17.1146	-9.13042	197.409	
5.75178	0.113423	3.10321	1.07724	-9.32559	209.337	
4.14833	0.170037	3.05422	-22.5403	-0.517613	191.043	
3.96301	0.176613	3.04596	-59.4734	-4.35052	160.288	
0.72107	0.313413	1.62958	12.2859	15.5167	55.5167	
7.26043	0.0604085	3.12942	53.2228	-15.308	216.146	
4.67404	0.151427	3.07403	6.19713	4.00504	256.001	
3.01546	0.210446	2.9875	-4.32073	7.56773	176.933	
5.62423	0.117913	3.10035	-23.4896	6.8033	220.237	
4.54412	0.156021	3.06957	9.76377	-2.57679	194.124	
5.41958	0.125121	3.09547	-41.3065	6.26376	202.502	
5.5879	0.119192	3.09951	-9.9522	3.28208	202.089	
5.84503	0.110141	3.10523	-17.0768	11.7913	179.576	
5.35337	0.127454	3.09381	-20.3059	8.38023	171.753	
5.67651	0.116072	3.10154	22.768	-2.42011	226.761	
3.65778	0.187468	3.03051	14.7599	6.41632	194.313	
2.47327	0.230076	2.93314	-15.8712	3.68484	196.6	
5.47848	0.123046	3.09691	-7.26234	-5.73907	176.272	
4.708	0.150227	3.07516	-23.9637	-14.6408	204.472	
4.55774	0.155539	3.07005	-19.278	-4.18923	160.73	
6.24058	0.0962284	3.1131	8.80612	-19.3826	196.827	
4.63123	0.15294	3.07259	-41.4105	7.84562	227.284	
4.57564	0.154906	3.07068	28.5286	-9.55927	192.992	
3.34446	0.198649	3.01164	56.0405	4.25232	173.176	
6.66225	0.0814105	3.12046	-28.4169	-6.55752	213.124	
2.75097	0.219986	2.96376	-12.6226	-8.15781	206.369	
3.3178	0.199603	3.00987	35.972	4.56151	225.276	
4.82912	0.145948	3.07904	33.2704	6.86947	214.609	
6.64288	0.0820908	3.12014	14.8436	-6.0021	207.254	
0.720778	0.312706	1.65765	92.9956	45.0232	62.9651	
5.98577	0.105189	3.10815	-59.9203	-3.09652	211.128	
6.79734	0.0766658	3.12262	-0.73783	-18.5193	199.838	
5.13541	0.135138	3.08804	-29.1761	-10.5549	184.917	
6.17574	0.0985079	3.11188	-40.9929	4.08629	214.476	
3.24159	0.202331	3.00463	1.80802	-1.11043	123.983	
5.85441	0.109811	3.10543	-17.2225	-0.153067	204.302	
3.28758	0.200684	3.00782	19.5724	6.52361	167.907	
3.97373	0.176232	3.04646	9.36718	14.9311	188.255	
7.14629	0.0644145	3.12783	-33.6558	1.56013	206.868	
6.54901	0.0853885	3.11858	22.8573	2.29689	208.226	
4.7139	0.150019	3.07535	-4.95849	-2.73276	217.48	
6.68896	0.0804722	3.12089	-21.4046	-5.11128	189.23	
3.33475	0.198997	3.011	-25.4125	1.51092	187.921	
5.36675	0.126983	3.09415	5.66291	6.93487	187.4	
4.09136	0.172057	3.05176	-19.539	9.24685	193.478	
3.71834	0.185311	3.03378	-39.6065	11.1638	172.936	
6.24663	0.0960157	3.11321	69.1552	6.0745	180.829	
2.73757	0.220471	2.96243	-29.251	-16.0504	204.354	
0.736315	0.307442	1.86386	-91.5493	-36.9016	57.079	
6.36479	0.0918624	3.11537	-17.9504	-5.50164	207.152	
5.74145	0.113786	3.10299	32.9573	0.422296	205.916	
3.33699	0.198916	3.01115	43.9924	10.4977	187.818	
5.50491	0.122115	3.09755	-5.22013	-0.1251	242.634	
4.82355	0.146145	3.07887	53.4094	-0.147917	202.905	
5.72037	0.114528	3.10252	22.0969	1.42061	231.765	
2.9111	0.214203	2.97866	3.17328	-4.55606	167.909	
5.82197	0.110952	3.10474	-15.6716	-18.7465	194.692	
3.70105	0.185927	3.03286	18.1149	-8.17525	197.837	
0.773752	0.30287	2.03024	101.476	32.2366	23.3497	
3.77238	0.183388	3.03661	37.4684	4.34182	211.064	
3.82843	0.181395	3.03946	-18.0889	-7.59059	190.278	
6.38451	0.0911691	3.11572	-15.747	-2.10052	203.826	
3.39088	0.19699	3.01466	44.7138	-5.06732	177.022	
5.34115	0.127885	3.0935	13.5195	2.05001	209.223	
6.3647	0.0918656	3.11537	-83.2338	-5.56939	203.764	
4.35143	0.162839	3.06245	-13.9879	-11.4643	177.933	
4.43116	0.160017	3.06547	21.4479	-6.1521	167.01	
3.0982	0.207473	2.99406	27.3184	0.437937	144.643	
3.64339	0.187981	3.02971	-20.7297	3.92041	195.384	
4.33936	0.163267	3.06198	-73.6406	-17.7323	182.405	
4.48093	0.158256	3.0673	-31.9485	13.2661	230.338	
0.743907	0.306268	1.90808	18.0241	27.1865	35.7515	
5.16609	0.134056	3.08888	-18.4131	-11.3076	210.057	
0.720835	0.313012	1.64549	-56.0112	-39.9898	30.5015	
5.73359	0.114063	3.10281	11.7273	-5.35126	208.309	
5.76581	0.112929	3.10352	11.071	-5.97819	214.087	
6.39691	0.0907334	3.11594	-3.45604	8.69789	186.953	
4.61424	0.153541	3.07201	31.9319	-5.16375	184.228	
4.15578	0.169772	3.05454	62.9801	10.8858	170.733	
3.97181	0.1763	3.04637	-47.2778	7.88608	157.876	
6.24499	0.0960733	3.11318	14.6852	2.22799	184.451	
5.1446	0.134815	3.08829	41.8356	7.60703	172.109	
4.35846	0.162591	3.06272	23.7799	5.44406	213.995	
2.64334	0.223886	2.95268	17.0517	-1.47976	242.871	
3.01877	0.210327	2.98777	-11.474	-1.53241	161.403	
4.91989	0.142743	3.08183	-31.6163	-9.24469	217.982	
4.54052	0.156148	3.06944	44.8838	-7.43933	200.364	
7.03829	0.0682056	3.12627	-21.2703	-3.10715	214.814	
3.06278	0.208745	2.9913	-74.1472	9.78723	191.994	
3.15251	0.205524	2.99818	-34.3886	13.7055	193.922	
5.00438	0.139761	3.08433	3.20125	-9.47916	201.409	
5.53761	0.120963	3.09833	-5.91474	-3.48454	147.499	
6.35269	0.0922874	3.11515	5.10773	-13.4369	199.785	
4.43644	0.15983	3.06567	14.1328	8.67445	185.009	
5.44226	0.124322	3.09603	-3.45114	-8.08473	154.038	
4.41848	0.160466	3.065	21.7941	-2.71864	148.065	
2.21922	0.2394	2.89807	44.7117	16.5268	180.679	
4.59838	0.154102	3.07146	24.1197	-10.3073	231.912	
2.50685	0.228851	2.93722	-27.1516	-6.45828	183.886	
4.55941	0.15548	3.07011	7.82867	-3.05748	195.456	
5.67785	0.116025	3.10157	-36.305	-6.73202	191.86	
6.24776	0.0959759	3.11324	45.4234	-0.84058	189.516	
5.8198	0.111029	3.10469	35.7914	2.83953	186.492	
6.18613	0.0981429	3.11208	-28.9893	5.73264	224.25	
0.735365	0.317785	1.45855	42.7467	34.1586	36.277	
7.17642	0.0633571	3.12825	3.52331	1.2039	178.677	
7.0418	0.0680823	3.12632	-67.3296	-0.311297	184.616	
3.46228	0.194439	3.01915	1.33814	-8.27927	229.96	
4.11688	0.171152	3.05287	5.0652	11.523	189.346	
3.59614	0.189664	3.02706	4.28041	7.05431	169.972	
7.46362	0.0532786	3.13214	21.4731	2.25381	203.661	
4.54941	0.155833	3.06976	8.10309	-11.8325	200.144	
6.27426	0.0950444	3.11373	7.97742	-2.95227	179.5	
2.90132	0.214556	2.9778	-31.42	5.9728	195.499	
5.73026	0.11418	3.10274	-24.778	2.55865	190.693	
5.615	0.118238	3.10014	48.3333	-2.68436	205.295	
3.89776	0.17893	3.04287	14.5279	-0.790305	218.731	
3.98632	0.175785	3.04705	26.2772	-2.39738	196.358	
4.6832	0.151103	3.07434	-19.7288	-4.0072	216.909	
4.2028	0.168105	3.05651	-6.46939	-5.51054	234.272	
5.01093	0.13953	3.08452	-48.8049	1.38355	174.18	
3.52147	0.192327	3.02272	-14.4647	-7.08641	135.728	
2.88131	0.215277	2.97602	29.7759	11.1023	195.055	
6.71253	0.0796443	3.12127	-31.6398	1.47702	197.632	
2.25121	0.23822	2.90295	-24.3743	2.68615	167.705	
0.73363	0.307921	1.84552	18.2448	-0.797275	36.7927	
5.16704	0.134023	3.08891	-32.3369	-7.29041	187.894	
0.751256	0.305299	1.94388	86.9269	30.9393	42.7732	
3.55088	0.191278	3.02445	23.2182	1.86184	137.224	
4.8562	0.144992	3.07988	8.13148	-2.27906	148.865	
9.79024	0.653651	0.160955	-32.0364	-1.42726	201.311	
4.84747	0.1453	3.07961	-1.39436	5.87835	246.87	
4.65734	0.152017	3.07347	30.0938	3.17471	185.662	
6.67854	0.0808384	3.12072	-38.0412	-1.37046	172.179	
6.67536	0.0809499	3.12067	-46.1602	9.27465	186.614	
4.04394	0.173739	3.04967	8.74749	-15.4373	212.812	
5.02633	0.138987	3.08496	-17.5701	-2.78529	137.594	
5.50768	0.122018	3.09761	-5.82105	-5.24294	221.921	
5.90435	0.108053	3.10648	0.814262	-5.32844	195.981	
4.31758	0.164038	3.06113	-32.0559	5.70628	187.442	
4.1761	0.169052	3.05539	-2.41831	-2.54355	200.038	
3.71123	0.185564	3.0334	-14.1223	6.09494	168.496	
5.23052	0.131784	3.09062	17.4006	9.47292	202.639	
6.27967	0.0948544	3.11383	9.56549	5.18455	164.811	
5.17726	0.133663	3.08919	-26.7062	2.90398	187.69	
4.08204	0.172388	3.05136	-24.7299	4.5681	218.96	
3.82095	0.181661	3.03908	10.6806	-4.326	240.573	
6.89607	0.0731986	3.12415	20.0107	0.255471	160.335	
3.51364	0.192606	3.02226	-94.5078	2.13781	121.661	
6.09313	0.101413	3.11029	-19.6755	-10.9676	175.164	
4.47837	0.158347	3.06721	58.7052	8.5003	202.941	
7.03975	0.0681542	3.12629	2.97946	9.93974	229.3	
3.71072	0.185583	3.03337	47.6922	-14.0052	217.964	
4.6618	0.15186	3.07362	63.8501	2.04334	207.234	
3.94349	0.177306	3.04505	4.21399	-0.384066	179.04	
3.43116	0.195551	3.01721	6.73549	2.08233	136.538	
5.1596	0.134285	3.0887	-36.6349	-3.0369	235.888	
4.77	0.148036	3.07717	27.654	-13.4112	212.399	
0.730077	0.30864	1.81784	63.1922	39.256	37.7211	
5.14085	0.134947	3.08819	20.4375	-0.921941	193.268	
5.08143	0.137043	3.08653	-31.5428	13.5138	191.147	
3.08738	0.207861	2.99323	44.2522	1.52811	176.056	
3.68401	0.186534	3.03194	42.7491	10.7589	146.046	
3.92623	0.177919	3.04423	-30.6652	-6.12694	216.277	
5.24763	0.131181	3.09107	9.81845	-5.8358	203.251	
6.89879	0.0731032	3.12419	-30.8105	-5.11601	178.752	
2.4992	0.22913	2.9363	17.2165	8.50027	213.209	
3.54881	0.191352	3.02433	14.1339	-1.5772	126.192	
5.53115	0.121191	3.09817	-13.1787	-12.6952	168.129	
2.73779	0.220463	2.96245	-1.86031	3.77369	198.041	
4.47107	0.158605	3.06694	-6.1971	-11.1233	199.924	
3.42013	0.195945	3.01652	52.3633	9.01117	177.344	
4.62768	0.153066	3.07247	20.1897	11.4806	150.863	
5.31974	0.128639	3.09295	-16.4966	-0.0949624	196.129	
4.18326	0.168798	3.05569	-47.1204	-0.940719	157.642	
4.20312	0.168094	3.05652	-10.2233	22.3179	183.068	
4.25255	0.166342	3.05854	-0.462121	2.34261	205.721	
3.33927	0.198835	3.0113	-64.4691	-10.3693	158.339	
6.19348	0.0978844	3.11222	33.1554	-4.60519	158.527	
3.66377	0.187255	3.03084	33.8151	4.74639	183.84	
7.67272	0.0459434	3.13478	12.1583	5.31077	181.454	
4.33679	0.163358	3.06188	-61.1849	0.180013	189.21	
5.03244	0.138771	3.08514	71.3799	17.0765	156.447	
6.00813	0.104403	3.1086	5.7681	-9.14404	207.591	
5.47728	0.123088	3.09688	-34.994	-8.39628	186.128	
5.822	0.110951	3.10474	-8.62755	17.9094	143.042	
3.10978	0.207057	2.99495	21.0792	3.04015	180.175	
4.65801	0.151994	3.0735	-10.1165	-13.4006	184.458	
6.12665	0.100234	3.11094	70.4082	-0.205336	172.333	
5.76921	0.112809	3.1036	30.6986	-8.87881	193.489	
7.09687	0.0661493	3.12712	5.79715	-2.61697	198.486	
5.52029	0.121573	3.09792	-42.9745	1.36586	200.747	
6.34833	0.0924408	3.11508	32.9147	1.24983	182.183	
6.80492	0.0763994	3.12274	-30.6341	-3.02921	193.564	
6.36125	0.0919866	3.11531	-16.3476	1.46142	200.261	
5.30568	0.129135	3.09259	62.7721	20.2966	177.207	
0.725213	0.315492	1.54741	-58.3712	-21.6868	51.282	
4.65542	0.152085	3.07341	-20.8029	-2.35212	200.962	
4.20357	0.168078	3.05654	-2.81128	-6.05621	196.493	
3.65949	0.187407	3.0306	-31.4122	-1.16359	212.974	
5.70631	0.115023	3.10221	3.18481	13.0882	180.625	
5.90255	0.108117	3.10644	19.8382	-2.13869	179.272	
5.19042	0.133198	3.08954	-5.75578	3.73211	161.388	
3.33245	0.199079	3.01085	-35.2062	-4.86619	180.205	
2.2578	0.237977	2.90393	26.3237	-6.6495	207.894	
6.16821	0.0987728	3.11174	3.24892	-4.06237	202.686	
6.98244	0.0701664	3.12545	17.2336	-2.50249	188.39	
6.52898	0.0860923	3.11824	12.2335	0.987428	188.285	
0.728588	0.30898	1.80462	10.1365	-11.5312	45.4083	
5.36839	0.126925	3.09419	-11.0356	6.05722	170.683	
3.11556	0.20685	2.9954	-1.98527	13.7763	178.759	
5.7964	0.111852	3.10419	5.62359	-8.38212	202.188	
3.22367	0.202973	3.00336	-24.7827	-3.7232	213.64	
3.92746	0.177875	3.04429	-13.9469	5.38693	199.849	
3.00984	0.210648	2.98704	6.74385	3.79434	164.662	
6.51758	0.0864929	3.11804	-44.1236	-4.38714	188.175	
4.88592	0.143942	3.0808	48.1512	-9.20531	171.003	
3.16947	0.204915	2.99944	-43.0181	-9.84115	185.226	
2.27724	0.237261	2.90681	21.4984	18.8015	210.976	
3.07022	0.208478	2.99188	-38.194	-8.02678	254.978	
1.7727	0.25614	2.81013	-9.95531	-2.38208	251.59	
3.00145	0.21095	2.98635	30.2488	3.81012	191.229	
5.38085	0.126486	3.0945	9.22492	6.68041	195.413	
4.47316	0.158531	3.06702	14.127	-1.10184	177.56	
6.76221	0.0778995	3.12207	9.9104	7.24748	185.791	
5.83627	0.110449	3.10504	-0.299844	11.2591	205.084	
3.62392	0.188674	3.02863	5.18636	3.43766	237.347	
5.5003	0.122277	3.09744	27.2209	-9.80529	173.392	
4.91922	0.142767	3.08181	-6.59865	-9.00742	168.257	
7.02574	0.0686462	3.12609	-36.2545	2.66306	211.817	
7.19535	0.0626924	3.12852	-27.2597	9.89183	213.29	
3.87809	0.179629	3.04191	26.5899	-2.94176	158.878	
6.32138	0.0933881	3.11459	-1.67128	5.47882	211.061	
3.19722	0.20392	3.00147	-28.778	-1.13121	237.751	
3.39633	0.196795	3.01501	48.0191	-3.96601	208.063	
3.98099	0.175974	3.0468	-33.7501	-1.14874	195.869	
7.67026	0.0460297	3.13475	20.4477	-1.0513	246.989	
4.33021	0.163591	3.06163	13.4141	1.99291	166.821	
4.50642	0.157354	3.06822	-45.4024	-6.5048	163.969	
5.21331	0.132391	3.09016	-24.195	2.96778	189.259	
4.49021	0.157928	3.06764	21.3436	-5.37467	212.144	
4.87476	0.144336	3.08046	-24.8763	5.54607	207.944	
4.96106	0.14129	3.08306	10.2198	-7.15907	184.631	
4.04999	0.173525	3.04994	-50.3084	-5.939	146.524	
4.53657	0.156288	3.0693	-31.2586	7.91473	171.932	
4.95185	0.141615	3.08278	72.7387	-0.796256	124.613	
5.6868	0.11571	3.10177	-9.8417	-2.12478	187	
6.33861	0.0927824	3.1149	46.5904	2.12832	177.505	
6.14947	0.0994318	3.11138	13.7687	-3.57354	186.084	
4.31062	0.164285	3.06086	30.8651	10.4189	151.961	
6.23663	0.0963672	3.11303	15.7196	-4.91153	175.49	
5.09084	0.13671	3.0868	-3.29301	7.1797	151.646	
7.01465	0.0690354	3.12592	13.6933	-3.38247	221.764	
5.84862	0.110015	3.10531	4.21268	6.92433	201.32	
5.46639	0.123472	3.09662	16.9998	-1.47249	224.474	
6.66955	0.0811542	3.12058	-17.365	1.9946	179.756	
2.46517	0.230372	2.93214	-12.9725	10.6121	182.106	
3.39665	0.196783	3.01503	23.5923	-15.1316	208.344	
5.52297	0.121479	3.09798	11.5186	-6.70433	208.709	
3.48111	0.193767	3.0203	26.814	-5.00215	205.277	
5.50889	0.121975	3.09764	-37.9287	-2.65442	208.821	
4.69581	0.150658	3.07476	-5.01815	-14.1685	190.706	
5.4284	0.12481	3.09569	-24.2005	3.7292	227.88	
4.92251	0.142651	3.08191	38.1496	0.622271	160.522	
6.20632	0.097433	3.11246	-29.1042	-4.97115	212.53	
3.26613	0.201452	3.00634	-4.82429	6.16426	208.388	
2.08806	0.244261	2.87642	-36.9092	2.0837	198.6	
4.30367	0.164531	3.06059	-12.7387	-3.05743	96.7988	
5.88434	0.108757	3.10606	55.0983	5.45327	150.587	
4.06578	0.172965	3.05064	-24.0374	-3.20233	180.172	
5.51073	0.12191	3.09769	-20.2174	3.04582	179.648	
5.79228	0.111997	3.1041	-32.3159	-21.04	208.881	
4.15263	0.169884	3.0544	12.9323	-5.34635	201.195	
2.78909	0.218607	2.96746	40.3741	-0.0102036	174.336	
6.92024	0.0723502	3.12451	8.47046	-0.989675	189.42	
3.29026	0.200588	3.008	-47.7637	-2.48445	213.339	
4.59073	0.154372	3.0712	70.3675	7.75452	202.711	
5.90475	0.108039	3.10649	-42.3703	12.2999	184.335	
4.24137	0.166738	3.05809	82.0395	4.31592	237.511	
5.68223	0.115871	3.10167	25.41	1.54815	166.421	
4.92003	0.142738	3.08183	15.8463	7.16325	168.585	
4.2979	0.164735	3.06036	88.164	-3.43563	199.871	
3.03446	0.209763	2.98904	-13.4101	-4.62942	208.598	
5.7042	0.115097	3.10216	-32.6931	3.32483	212.059	
3.16209	0.20518	2.99889	4.11783	-5.46474	192.717	
5.23414	0.131657	3.09071	-14.0722	-9.8565	177.279	
3.72004	0.185251	3.03387	-32.3001	3.44662	156.476	
0.754811	0.30487	1.9595	14.2611	19.0111	39.9382	
7.56823	0.0496087	3.13348	2.41851	1.27497	219.344	
3.02293	0.210178	2.9881	-22.6532	2.73817	149.733	
4.19178	0.168496	3.05605	59.391	-3.91383	181.812	
3.49192	0.193381	3.02095	-0.261327	0.908598	172.839	
3.21782	0.203182	3.00295	5.28811	-13.3367	190.904	
0.724771	0.315349	1.55304	-1.04099	10.8316	45.5216	
6.23903	0.0962828	3.11307	5.05146	5.06985	184.014	
5.7046	0.115083	3.10217	-31.2792	-3.30062	199.048	
2.67641	0.222686	2.95619	15.1543	-2.48091	165.6	
6.70212	0.0800101	3.12111	-15.8446	-1.86042	210.262	
4.08215	0.172384	3.05136	-10.185	-2.53328	246.591	
4.59568	0.154197	3.07137	11.9327	-3.03258	207.286	
4.84761	0.145295	3.07962	39.9277	1.69955	209.949	
4.60208	0.153971	3.07159	1.66849	-4.32055	159.349	
5.45934	0.501671	0.21968	9.78926	1.64596	134.668	
5.54743	0.120617	3.09856	34.416	-5.17752	172.561	
2.67651	0.222683	2.9562	7.37967	-9.40729	164.109	
4.40862	0.160815	3.06463	-20.7197	1.6706	212.513	
4.53606	0.156306	3.06928	33.446	-5.86397	207.867	
4.00103	0.175263	3.04772	44.7875	-6.06042	187.856	
5.31283	0.128883	3.09277	4.13319	-15.0374	214.704	
0.800622	0.300525	2.10846	10.823	4.6336	41.847	
5.68302	0.115843	3.10169	45.9972	-7.1421	170.369	
3.16236	0.20517	2.99891	-17.6468	-4.79998	169.497	
6.6376	0.0822764	3.12005	-8.01143	-5.54016	228.951	
5.51015	0.121931	3.09767	36.6834	5.8082	199.767	
5.22356	0.13203	3.09043	39.9805	12.4665	169.577	
6.1284	0.100173	3.11097	8.35922	-5.09101	173.12	
6.08349	0.101752	3.1101	1.59103	-2.15952	228.148	
5.61095	0.11838	3.10004	-2.81002	-4.01472	196.12	
5.26996	0.130394	3.09166	-7.93946	0.265624	199.842	
4.36765	0.162265	3.06307	5.76945	16.9884	177.745	
3.4455	0.195039	3.01811	-57.5088	0.451824	142.709	
4.24989	0.166436	3.05844	3.28557	8.17799	201.596	
2.5444	0.227483	2.94165	4.91437	-15.2441	110.924	
5.58146	0.119419	3.09936	62.8533	2.60813	168.959	
5.67394	0.116163	3.10148	21.0372	2.81349	198.499	
4.14938	0.169999	3.05427	5.25737	-1.54798	184.697	
3.11547	0.206853	2.99539	5.8408	15.4938	175.261	
5.02927	0.138883	3.08505	0.311593	-13.7719	178.831	
5.73579	0.113985	3.10286	-5.67467	-13.4591	184.492	
0.732389	0.317232	1.47976	32.4167	17.7141	28.1242	
6.06718	0.102326	3.10978	14.783	6.46567	151.449	
5.66341	0.116533	3.10124	-31.7146	-2.02749	198.023	
4.85384	0.145075	3.07981	-18.0873	-4.92603	213.428	
4.44983	0.159356	3.06616	-82.6698	-1.50358	194.741	
6.73078	0.0790034	3.12157	-60.6456	9.16876	167.724	
5.30741	0.129074	3.09263	-1.70283	-3.28457	177.886	
4.78517	0.147501	3.07766	-20.9526	6.73188	194.671	
5.57797	0.119542	3.09928	20.9206	-4.71587	156.531	
4.9727	0.140879	3.0834	-9.86986	-3.913	170.826	
3.75692	0.183939	3.03581	-36.7842	2.83811	203.403	
5.5717	0.119763	3.09913	39.1067	13.2427	189.825	
4.46664	0.158761	3.06678	0.520746	9.23287	192.295	
0.762405	0.304019	1.99004	160.247	57.2721	6.44364	
4.53587	0.156312	3.06928	-35.6084	7.0848	211.2	
3.68638	0.186449	3.03207	21.0754	4.05864	206.906	
6.33285	0.092985	3.1148	21.004	3.91982	166.081	
3.6697	0.187043	3.03116	67.812	7.08619	199.834	
3.58165	0.190181	3.02623	15.4857	-1.31718	207.358	
5.11821	0.135745	3.08756	43.2474	12.8969	138.36	
3.228	0.202818	3.00367	27.4912	18.1726	215.165	
6.47973	0.0878229	3.11739	4.66545	4.50385	209.802	
3.63966	0.188113	3.02951	6.59981	7.99275	175.179	
5.32717	0.128378	3.09314	0.621447	1.22039	183.598	
7.18338	0.0631127	3.12835	29.8302	5.49635	181.458	
3.71703	0.185358	3.03371	28.455	6.20199	198.51	
4.0782	0.172524	3.05119	3.96126	-11.4768	191.619	
6.07735	0.101968	3.10998	7.79188	12.8521	202.411	
4.55003	0.155812	3.06978	-10.305	-0.468485	168.367	
4.53471	0.156354	3.06924	26.1856	5.37477	162.393	
4.69606	0.150649	3.07476	-36.1111	-8.65356	183.515	
3.02052	0.210264	2.98791	51.7473	16.5357	181.759	
3.08647	0.207894	2.99315	-27.5325	-4.29806	231.344	
4.57449	0.154947	3.07064	16.6726	8.42847	181.512	
5.82413	0.110876	3.10478	-14.8692	-1.80862	179.367	
0.745335	0.319322	1.40065	66.1016	17.2492	34.665	
2.27473	0.237354	2.90644	-29.3311	-14.5397	178.915	
6.01121	0.104294	3.10866	38.2132	-13.7611	207.137	
4.64027	0.152621	3.0729	-60.513	4.18873	157.27	
5.70155	0.115191	3.1021	38.7056	-5.33	188.077	
4.27583	0.165517	3.05948	70.3351	6.4934	191.22	
5.99712	0.10479	3.10838	-9.3749	0.82592	219.869	
4.01545	0.174751	3.04838	28.4337	8.71757	200.416	
4.52044	0.156858	3.06873	-9.5709	1.17191	200.261	
3.5789	0.190279	3.02608	54.057	5.2522	189.249	
5.13311	0.13522	3.08798	39.1793	-10.1273	171.596	
3.13683	0.206086	2.99701	69.5833	-12.3497	170.68	
0.77565	0.322702	1.27966	31.2056	4.41772	40.4093	
4.52126	0.156829	3.06876	-8.88559	-1.70937	186.189	
5.98654	0.105162	3.10817	30.5775	12.2635	180.36	
3.51548	0.19254	3.02237	-9.7847	-3.34813	180.393	
3.18421	0.204387	3.00052	-33.6595	-8.55624	168.996	
1.82185	0.254266	2.82211	69.5158	1.70425	204.227	
2.56448	0.226752	2.94396	17.7443	12.3657	146.629	
7.00304	0.0694431	3.12575	-23.0939	-5.50549	204.215	
5.82398	0.110882	3.10478	32.2679	1.00486	195.971	
6.19025	0.0979978	3.11216	9.6488	4.15911	200.738	
5.48171	0.122932	3.09699	-8.70637	-3.70228	183.687	
2.27432	0.237369	2.90638	40.7138	-10.9991	201.295	
0.729451	0.316612	1.5037	79.7207	36.4922	61.7159	
4.46235	0.158913	3.06662	-18.6547	1.84859	196.648	
5.11125	0.135991	3.08737	4.95106	-3.20032	201.137	
5.31035	0.128971	3.09271	22.2768	6.97429	124.102	
6.70492	0.0799117	3.12115	-20.7236	-5.46699	190.169	
7.20281	0.0624308	3.12862	60.7318	4.61094	193.1	
4.94241	0.141948	3.0825	-35.5448	10.1242	176.529	
2.87877	0.215369	2.97579	28.4848	-4.27424	241.525	
6.76895	0.0776628	3.12217	-10.5669	-4.61591	186.79	
5.59154	0.119064	3.09959	8.99993	2.18017	190.207	
3.9575	0.176808	3.04571	16.6767	0.990248	158.59	
4.17757	0.169	3.05546	38.9256	-6.76975	199.489	
2.55252	0.227187	2.94259	-78.2812	2.56144	209.42	
2.67809	0.222626	2.95636	49.1197	9.98149	184.324	
4.38936	0.161497	3.0639	25.4492	-2.25812	157.478	
4.41912	0.160443	3.06502	-74.0666	-6.79302	184.21	
4.8451	0.145384	3.07954	6.90616	2.5024	168.503	
5.16903	0.133953	3.08896	-17.7703	11.6913	210.766	
0.743978	0.319133	1.40768	-27.5144	-20.2761	31.523	
6.29053	0.0944723	3.11403	-67.3085	0.113618	207.499	
5.77652	0.112552	3.10376	-44.4657	-10.7038	188.16	
4.1409	0.1703	3.0539	4.40844	9.89879	189.206	
5.0189	0.139249	3.08475	-29.8817	4.92253	186.836	
5.47166	0.123286	3.09675	52.3538	7.85669	197.232	
6.85068	0.0747927	3.12345	-8.93042	-0.394515	193.672	
3.88239	0.179477	3.04212	-7.3825	-5.77809	211.557	
5.82283	0.110922	3.10476	15.4037	14.9162	225.804	
5.84139	0.110269	3.10515	35.3944	-2.74586	189.716	
5.46477	0.123529	3.09658	6.14381	0.789536	157.78	
0.737773	0.318194	1.44301	-11.8211	-1.12446	58.7386	
4.61129	0.153645	3.07191	-12.7405	-6.85274	202.057	
4.1063	0.171527	3.05242	-33.3963	-1.99267	201.999	
3.59553	0.189686	3.02703	57.6195	17.9042	216.212	
3.62261	0.188721	3.02856	67.0977	17.9732	186.769	
0.839538	0.327728	1.11968	-100.605	-28.307	21.81	
3.9465	0.177199	3.04519	-0.184252	2.67666	220.115	
4.20132	0.168158	3.05645	40.776	5.82063	216.65	
0.768134	0.321969	1.30509	16.8491	-11.1158	30.3554	
3.72065	0.185229	3.0339	-11.358	1.09827	182.516	
4.45854	0.159048	3.06648	-29.4564	8.53273	202.495	
5.34197	0.127856	3.09352	-23.8043	7.83916	163.583	
4.03282	0.174134	3.04917	-11.337	5.95883	145.271	
5.55448	0.120369	3.09873	-4.15545	10.7879	196.174	
5.31182	0.128919	3.09275	-51.5975	-2.62463	193.825	
6.05277	0.102833	3.10949	0.0356235	8.76429	204.246	
5.41436	0.125305	3.09534	10.4324	24.3627	157.462	
3.71438	0.185452	3.03357	13.8507	-13.2029	198.685	
3.60888	0.18921	3.02778	20.3911	-3.88863	173.376	
2.95904	0.212476	2.9828	33.358	-5.8368	181.88	
0.78589	0.301758	2.06799	-88.3492	-41.1783	33.773	
4.43705	0.159809	3.06569	-8.42139	-9.34591	175.421	
6.28525	0.0946582	3.11393	31.2101	8.93366	217.896	
2.48229	0.229747	2.93425	13.6861	-6.6506	200.545	
4.42298	0.160307	3.06517	-17.2979	-8.7162	171.579	
6.67437	0.0809847	3.12066	-31.0044	3.72951	177.489	
5.47329	0.123229	3.09679	-4.28415	3.55682	198.604	
4.93073	0.14236	3.08215	9.53441	2.62447	184.985	
6.40569	0.0904249	3.1161	2.03838	-5.12559	193.789	
6.23115	0.0965598	3.11293	14.2747	0.0568232	215.745	
6.7181	0.0794486	3.12136	-56.3511	-5.14017	180.245	
3.95528	0.176887	3.0456	35.3747	-3.83822	213.122	
3.49651	0.193217	3.02123	17.7686	4.44638	206.163	
0.753337	0.305045	1.95314	51.8728	29.1133	44.1309	
3.8837	0.17943	3.04219	14.5747	12.849	166.802	
3.49611	0.193232	3.0212	30.2443	-12.9389	197.758	
4.0141	0.174799	3.04832	-23.9227	-7.09776	192.449	
6.1175	0.100556	3.11076	-30.5555	7.95894	181.659	
2.92792	0.213597	2.98013	-26.5825	-0.120723	173.854	
6.6957	0.0802353	3.121	-31.8743	0.213397	236.799	
2.72829	0.220807	2.9615	-17.7558	-12.628	181.591	
5.08494	0.136919	3.08663	50.9145	5.45053	182.535	
4.1676	0.169353	3.05504	5.32929	-6.04952	200.596	
4.90062	0.143423	3.08124	11.0188	-5.48576	199.069	
4.54581	0.155961	3.06963	-2.3043	10.2212	217.087	
4.1807	0.168889	3.05559	49.1067	0.694428	169.919	
5.22161	0.132099	3.09038	-2.46179	6.93614	176.209	
5.14315	0.134866	3.08825	16.9767	6.80887	196.486	
6.0616	0.102522	3.10967	15.0423	0.502211	166.474	
5.21873	0.1322	3.0903	11.8364	9.13644	195.328	
5.76337	0.113015	3.10347	31.7745	2.41114	232.154	
5.57367	0.119693	3.09918	23.6379	-2.28792	165.346	
3.86356	0.180146	3.0412	-15.4124	9.02929	170.732	
4.49692	0.15769	3.06788	-1.54181	-5.63665	203.146	
6.80595	0.0763633	3.12276	-36.991	-7.75105	196.106	
1.66296	0.260362	2.78056	-62.9927	0.550241	206.073	
4.52079	0.156846	3.06874	38.568	-17.3042	200.888	
3.91746	0.178231	3.04381	-2.4817	1.54258	177.627	
4.36268	0.162441	3.06288	-6.28699	-5.55348	213.132	
4.75439	0.148588	3.07667	-74.817	-17.2922	194.511	
5.51465	0.121772	3.09778	20.5627	10.3846	201.19	
5.56668	0.119939	3.09901	23.4699	-3.97808	151.296	
6.49026	0.0874528	3.11757	11.8712	19.3165	200.095	
5.44459	0.12424	3.09609	-13.0751	16.1825	195.395	
6.22367	0.096823	3.11279	12.6982	-8.6414	196.797	
5.24912	0.131129	3.09111	-29.0496	1.79393	173.474	
4.80725	0.146721	3.07836	-4.53239	-6.50725	170.794	
0.721163	0.311873	1.69075	-147.685	-37.6049	-6.34565	
6.75178	0.0782657	3.1219	-24.5597	-7.80428	159.195	
3.34771	0.198533	3.01185	-10.3494	-9.82525	206.842	
4.76286	0.148289	3.07694	44.7223	-5.94734	209.401	
4.01498	0.174767	3.04836	5.93771	-6.68536	219.16	
6.21961	0.0969655	3.11271	-6.78241	0.822753	199.576	
7.08581	0.0665372	3.12696	-7.6527	2.54489	188.582	
4.35096	0.162856	3.06243	-43.1263	-5.29855	164.012	
4.98694	0.140377	3.08382	14.9003	-2.18846	202.762	
6.32695	0.0931922	3.11469	87.1205	-3.20937	200.076	
6.93363	0.07188	3.12472	23.3294	1.49663	199.697	
5.13833	0.135035	3.08812	7.9751	9.43704	200.132	
5.34766	0.127655	3.09366	9.52581	-3.71012	195.746	
5.38684	0.126275	3.09465	25.5558	-7.25839	194.405	
5.18326	0.133451	3.08935	-6.11205	-1.42422	218.88	
6.49371	0.0873315	3.11763	-19.3947	0.412272	184.822	
5.2922	0.12961	3.09224	-3.33658	1.2197	169.501	
6.28181	0.0947791	3.11387	-17.4049	7.67042	170.499	
3.95715	0.176821	3.04569	-7.11209	1.93515	208.639	
3.11453	0.206887	2.99532	-11.264	-17.2478	228.346	
4.12602	0.170828	3.05327	8.24007	-5.30957	207.005	
4.43358	0.159932	3.06556	5.12574	11.1158	167.494	
2.81944	0.217511	2.97034	-51.1179	-12.849	232.393	
4.94147	0.141981	3.08247	33.4808	-6.17786	188.616	
6.06791	0.1023	3.10979	-2.24488	-10.9784	196.808	
4.28155	0.165315	3.05971	-16.5849	4.0056	163.96	
0.739029	0.318396	1.43536	-32.6948	-1.14005	41.1976	
5.00954	0.139579	3.08448	29.349	1.60788	169.803	
6.45005	0.0888658	3.11688	5.89863	5.41207	199.255	
3.20514	0.203637	3.00204	33.8473	2.86387	206.636	
5.31202	0.128912	3.09275	45.4091	0.9572	211.302	
5.20369	0.132731	3.0899	18.3067	1.62135	205.025	
0.749408	0.305531	1.93537	45.3657	23.5039	43.7155	
5.44373	0.12427	3.09606	3.71088	14.5265	179.909	
0.743115	0.306381	1.90387	-30.093	-5.20664	-30.6704	
3.50709	0.19284	3.02186	33.8014	4.75814	168.75	
4.25565	0.166232	3.05867	10.5779	-2.35665	216.406	
5.93724	0.106896	3.10716	17.4392	-1.87004	201.176	
2.44584	0.231078	2.92972	-63.323	-9.56054	187.467	
5.34686	0.127684	3.09364	16.0011	14.9777	192.646	
4.97968	0.140633	3.08361	19.7992	3.41432	206.062	
3.6745	0.186872	3.03142	64.4522	5.95657	174.931	
6.4609	0.0884846	3.11707	-21.7115	-4.37613	181.034	
5.95614	0.106232	3.10755	-38.5204	-10.7538	193.209	
4.9985	0.139969	3.08416	-18.6155	-17.1284	182.537	
6.96887	0.0706427	3.12525	1.27249	-15.2993	194.877	
7.04644	0.0679195	3.12639	-52.4866	-5.0227	192.526	
4.99107	0.140231	3.08394	-28.1696	-14.903	190.948	
5.50263	0.122196	3.09749	-3.62254	1.50556	202.508	
3.85577	0.180423	3.04082	-47.1255	-0.851443	175.863	
6.0249	0.103813	3.10894	-13.5279	3.71743	210.287	
5.42476	0.124939	3.0956	-64.4479	7.49546	190.995	
5.91064	0.107832	3.10661	6.44697	-0.851505	159.083	
6.01489	0.104165	3.10874	18.4512	0.932902	197.89	
5.04195	0.138435	3.08541	4.03047	-12.3392	187.238	
2.15928	0.241617	2.88852	-11.7437	3.32887	194.53	
5.0312	0.138815	3.0851	19.9715	-5.81805	220.509	
5.79881	0.111767	3.10424	-7.47429	1.03414	216.941	
6.41238	0.0901897	3.11622	-29.3221	-12.077	202.628	
4.5966	0.154165	3.0714	-14.1812	6.95521	191.302	
2.86862	0.215735	2.97487	-34.3344	-1.9643	166.856	
5.02847	0.138911	3.08502	28.4235	16.9485	199.488	
6.88978	0.0734195	3.12405	-21.527	3.59585	188.7	
4.53017	0.156514	3.06907	-33.6776	7.13176	187.88	
6.74987	0.0783327	3.12187	10.2623	17.5891	222.329	
3.39114	0.19698	3.01468	3.7079	-5.42052	220.651	
6.76823	0.0776882	3.12216	6.52351	3.05261	159.028	
4.37412	0.162036	3.06332	-0.298979	-2.47005	195.313	
5.6923	0.115516	3.10189	-22.357	0.98774	174.928	
3.77176	0.18341	3.03658	-13.2054	1.92394	191.144	
7.02424	0.0686987	3.12607	-3.85472	5.18465	185.492	
5.47498	0.123169	3.09683	26.4367	9.43588	213.197	
5.53157	0.121176	3.09818	-7.14276	-3.68669	185.926	
0.721937	0.314124	1.60139	69.8926	32.6605	43.4159	
3.19584	0.20397	3.00137	38.1759	-9.09224	186.186	
0.75412	0.32044	1.35959	-58.899	-16.7179	27.8057	
5.64089	0.117326	3.10073	10.1117	4.77321	202.304	
3.51752	0.192468	3.02249	1.27413	-2.88155	165.416	
5.43834	0.12446	3.09593	3.76602	-1.23707	199.231	
6.65243	0.0817554	3.1203	8.56727	7.74124	207.888	
5.48958	0.122655	3.09718	4.99864	-4.72267	193.067	
6.1993	0.0976798	3.11233	7.51297	5.63658	188.645	
3.9964	0.175427	3.04751	43.8835	-12.6112	173.133	
6.70787	0.079808	3.1212	-62.3394	-4.95866	212.7	
4.44458	0.159542	3.06597	-28.6035	-0.775694	174.327	
5.29243	0.129602	3.09224	-2.99552	10.6874	192.414	
4.80076	0.14695	3.07815	-13.5066	-6.84462	184.691	
3.12995	0.206333	2.99649	6.28432	-2.8373	229.622	
5.47801	0.123063	3.0969	14.528	-3.00234	155.042	
5.35477	0.127405	3.09384	-73.7055	0.31656	187.177	
3.89496	0.17903	3.04273	16.0689	9.28479	192.845	
4.58524	0.154567	3.07101	63.7652	-10.5909	228.366	
6.13909	0.0997968	3.11118	-0.696352	3.48779	176.112	
5.13234	0.135247	3.08795	9.68662	-12.8433	174.966	
4.88023	0.144143	3.08062	10.0429	1.51557	170.34	
4.54005	0.156164	3.06942	42.7112	13.9182	172.139	
4.96568	0.141127	3.08319	-24.1481	-1.81741	206.221	
6.11733	0.100562	3.11076	2.50818	0.634602	203.87	
3.99308	0.175545	3.04736	41.5213	-10.067	229.918	
4.97108	0.140936	3.08335	15.0916	-3.70062	158.786	
6.07299	0.102121	3.10989	-21.6207	7.46101	191.702	
20.5884	1.03122	0.122283	-1.4346	7.22963	216.899	
5.6358	0.117506	3.10062	22.5733	2.15652	212.461	
3.62907	0.188491	3.02892	90.4756	13.2714	235.798	
4.29937	0.164683	3.06042	-54.2974	1.12717	206.219	
4.11358	0.171269	3.05273	-3.26703	-14.6032	168.257	
7.20587	0.0623232	3.12867	6.01371	7.80044	162.202	
0.753715	0.305	1.95478	99.5121	34.4734	54.6443	
6.16186	0.0989961	3.11162	25.3001	-4.07919	189.855	
3.13626	0.206107	2.99697	10.2759	4.91806	149.978	
0.726999	0.309382	1.78898	9.28873	16.0314	27.3323	
5.51224	0.121857	3.09772	33.053	-13.2234	220.6	
4.45224	0.159271	3.06625	-19.618	-8.47685	206.927	
6.35218	0.0923054	3.11514	19.9702	6.86366	178.115	
6.20856	0.0973542	3.1125	-52.138	-8.74178	193.62	
6.12486	0.100297	3.11091	42.7148	9.81458	219.931	
4.18689	0.168669	3.05585	14.4291	11.9505	203.502	
4.643	0.152524	3.07299	29.2521	3.57827	233.546	
4.9946	0.140106	3.08404	-24.1684	1.18673	197.724	
2.016	0.246949	2.86324	-38.1804	10.5448	126.055	
3.52199	0.192308	3.02275	-38.8829	-9.27073	164.956	
2.83064	0.217106	2.97139	9.71055	12.4871	193.267	
6.16228	0.0989812	3.11162	-20.3116	4.34436	216.722	
2.27105	0.237489	2.9059	10.428	-0.326022	179.171	
3.09842	0.207465	2.99408	-43.1805	4.75054	174.799	
4.18896	0.168596	3.05593	66.0568	10.1752	141.773	
4.79017	0.147324	3.07782	19.8083	-1.67563	199.231	
4.43478	0.159889	3.06561	13.7749	3.81189	189.548	
4.69685	0.150621	3.07479	8.66546	2.38713	202.052	
7.53455	0.0507903	3.13305	79.1434	-13.6364	212.671	
4.28563	0.16517	3.05987	-24.0862	0.713606	157.214	
3.97352	0.176239	3.04645	-46.6748	11.0308	165.158	
4.45009	0.159347	3.06617	25.8936	2.25289	164.146	
2.16899	0.241257	2.89011	-9.39194	2.65708	180.91	
3.93691	0.177539	3.04474	-0.594051	-14.8791	224.739	
5.76188	0.113067	3.10344	-66.2701	-8.41582	195.813	
5.33033	0.128266	3.09322	65.0833	-1.22785	211.712	
4.47727	0.158386	3.06717	-2.58401	3.09197	217.849	
6.15739	0.0991533	3.11153	0.223081	-1.33977	164.561	
5.22161	0.132099	3.09038	11.8862	2.21831	199.845	
2.25287	0.238159	2.9032	56.5402	3.27223	181.027	
4.84709	0.145314	3.0796	-14.0359	-5.86439	162.128	
0.721676	0.311439	1.70795	-60.4542	-34.5563	58.2215	
6.4248	0.0897531	3.11644	53.3131	-2.72143	166.601	
5.67228	0.116221	3.10144	-59.9055	-12.1995	185.046	
4.61719	0.153437	3.07211	33.8589	-12.0031	172.992	
6.59096	0.0839147	3.11928	-43.4448	1.5051	211.459	
2.08906	0.244224	2.87659	-52.5013	-8.1152	187.104	
4.3146	0.164144	3.06102	-42.6066	-4.63452	177.915	
3.16514	0.205071	2.99912	-11.9132	-8.8225	126.821	
5.90851	0.107907	3.10656	49.5316	-5.72381	160.881	
2.85192	0.216338	2.97335	75.5645	4.9034	196.389	
3.20625	0.203597	3.00212	-6.87699	7.12362	163.904	
6.01478	0.104169	3.10874	16.7651	15.161	234.818	
5.5529	0.120425	3.09869	-17.5444	4.37691	214.05	
5.41504	0.125281	3.09536	-45.7599	-5.36209	196.585	
0.731257	0.308388	1.82756	-84.1002	-46.9323	44.3239	
2.44588	0.231077	2.92973	16.5475	5.82499	191.434	
3.93412	0.177639	3.04461	23.7385	15.4194	205.194	
5.87616	0.109045	3.10589	-17.2771	12.1273	188.411	
4.17744	0.169004	3.05545	-18.8623	-1.52231	213.443	
0.732592	0.317272	1.47823	-19.0222	4.18125	3.12368	
7.07481	0.0669236	3.1268	-0.284387	-10.6756	168.434	
7.67947	0.0457066	3.13486	18.8955	1.79674	190.887	
5.81415	0.111228	3.10457	-3.16606	-3.87186	147.196	
7.06947	0.067111	3.12673	-43.7923	6.71354	239.179	
3.4522	0.194799	3.01852	4.81522	0.176566	210.657	
5.50284	0.122188	3.0975	25.919	0.70653	174.352	
6.92773	0.0720872	3.12463	6.14647	14.2422	225.684	
5.58195	0.119402	3.09937	44.5284	0.0101494	185.303	
3.50529	0.192904	3.02176	21.3473	12.2824	133.829	
6.09843	0.101227	3.11039	26.6401	-10.1485	192.63	
3.54211	0.191591	3.02394	-28.2813	7.8358	200.297	
1.72662	0.257906	2.79822	-44.5321	4.73411	140.052	
5.37487	0.126696	3.09435	-44.6953	-11.2526	158.641	
5.20444	0.132704	3.08992	10.5419	-1.6471	199.482	
4.6275	0.153072	3.07246	21.7246	13.1409	211.764	
2.99477	0.21119	2.98579	-6.8018	-0.198993	163.451	
7.66977	0.046047	3.13474	-36.5769	-10.0033	235.595	
0.786518	0.301703	2.06983	-55.7767	-15.896	35.0254	
3.67331	0.186915	3.03136	-30.799	1.26555	169.888	
5.48305	0.122885	3.09702	48.705	-4.60971	163.184	
5.48505	0.122815	3.09707	-5.14549	4.22073	223.231	
4.77665	0.147801	3.07738	2.11652	3.35102	214.875	
4.45175	0.159289	3.06623	15.6935	6.70822	173.468	
3.57526	0.190408	3.02587	-27.598	0.928806	158.131	
4.6708	0.151542	3.07392	12.8875	-6.8818	155.821	
2.91087	0.214211	2.97864	-7.63221	-16.9399	176.416	
4.21618	0.167631	3.05706	52.9012	-9.14818	175.632	
7.44143	0.0540573	3.13185	23.9033	9.99856	202.255	
6.76088	0.077946	3.12205	2.07208	9.35583	197.014	
5.43315	0.124643	3.0958	-19.4074	-6.99247	189.931	
4.95323	0.141566	3.08282	15.2344	-4.97054	208.647	
0.794632	0.301013	2.09262	-9.54319	12.1239	13.6223	
3.48713	0.193552	3.02066	-53.2793	8.66703	154.341	
6.17643	0.098484	3.11189	-65.9612	-10.0706	204.708	
5.13198	0.135259	3.08794	7.07096	9.36327	207.6	
4.28462	0.165206	3.05983	12.7608	4.04584	197.034	
4.90197	0.143376	3.08129	4.70821	4.75421	184.702	
2.8362	0.216905	2.97191	-14.6313	3.5385	227.609	
3.70814	0.185675	3.03324	-16.3583	-0.781904	204.935	
0.72188	0.314088	1.6028	96.6173	57.0408	32.8004	
4.18817	0.168624	3.0559	30.2303	-1.94038	169.572	
3.84868	0.180675	3.04047	17.5904	23.9458	172.239	
6.22475	0.096785	3.11281	23.1662	13.17	172.738	
5.66253	0.116564	3.10122	19.7529	-10.2769	189.85	
5.69685	0.115356	3.102	-10.3191	-0.303971	164.86	
5.58321	0.119357	3.0994	-12.8623	-8.33783	182.353	
6.59526	0.0837636	3.11935	-36.3058	-15.9925	214.68	
3.47902	0.193842	3.02017	-58.9288	9.14721	153.081	
4.81461	0.146461	3.07859	3.38802	10.4033	163.877	
4.3746	0.162019	3.06334	-26.4214	-2.67268	203.227	
0.735234	0.317762	1.45944	20.1372	7.32597	40.5536	
4.54361	0.156038	3.06955	0.97225	-0.478382	188.928	
5.51452	0.121776	3.09778	5.57833	9.92016	207.451	
5.09234	0.136658	3.08684	-29.1791	-4.88998	213.343	
5.30149	0.129283	3.09248	-1.63433	2.8714	199.95	
5.79247	0.11199	3.1041	-3.49275	5.42556	174.594	
6.90911	0.0727408	3.12435	27.5523	8.66454	204.883	
6.14231	0.0996834	3.11124	8.01103	15.7591	197.496	
2.23158	0.238944	2.89997	-20.3102	16.1244	249.47	
4.02723	0.174333	3.04891	9.44944	5.2841	150.645	
3.82472	0.181527	3.03927	18.3343	8.74734	178.569	
5.3333	0.128161	3.0933	20.0777	7.52277	169.449	
0.758877	0.304405	1.97628	-39.8423	-18.2243	45.2996	
4.22104	0.167459	3.05726	29.0608	-9.06083	182.75	
4.86013	0.144853	3.08001	14.9527	7.77522	174.381	
1.71704	0.258274	2.79566	2.89654	8.09934	205.407	
5.38465	0.126352	3.0946	66.9197	-0.702015	210.008	
6.44881	0.0889094	3.11686	-13.0257	3.64826	215.014	
4.12961	0.1707	3.05342	21.9912	-8.16167	220.009	
1.89844	0.251365	2.83942	18.1842	-10.4486	215.089	
6.83744	0.0752574	3.12325	-66.8189	20.3933	188.127	
5.17896	0.133603	3.08923	-50.5816	19.9243	200.439	
3.78563	0.182917	3.03729	-10.9904	8.61334	180.134	
2.60737	0.225192	2.94877	-18.4945	2.92084	171.995	
4.36248	0.162448	3.06288	56.6124	5.85455	171.217	
2.51976	0.228381	2.93876	-29.6664	1.98716	204.784	
4.7267	0.149566	3.07577	45.0689	2.29344	203.425	
5.8155	0.11118	3.1046	-3.96493	3.43754	173.264	
4.97949	0.140639	3.0836	38.5687	-8.4302	193.33	
3.78101	0.183081	3.03705	-15.164	-9.96188	165.622	
5.71788	0.114616	3.10247	54.5325	7.91582	238.617	
7.07892	0.0667791	3.12686	36.4582	-18.433	136.892	
4.80589	0.146768	3.07831	58.1115	14.078	184.73	
6.23925	0.0962752	3.11308	-37.1979	3.86903	189.539	
6.07836	0.101932	3.11	-2.67195	-11.927	198.893	
4.52814	0.156586	3.069	5.75938	5.0544	242.612	
5.31881	0.128672	3.09293	-5.6797	4.00109	196.29	
4.01349	0.17482	3.04829	33.2264	6.57708	189.25	
5.05389	0.138014	3.08575	2.3509	-2.45191	178.8	
5.5473	0.120622	3.09856	0.15923	-0.699934	160.119	
4.89539	0.143608	3.08109	-1.57201	0.200841	143.585	
4.75528	0.148556	3.0767	73.4111	-8.37536	169.065	
0.742705	0.30644	1.90166	108.818	39.6963	52.309	
5.21668	0.132272	3.09025	46.9473	-6.55455	186.649	
3.65988	0.187393	3.03062	25.0222	-1.47962	170.052	
5.77225	0.112702	3.10366	74.0606	-10.0153	174.848	
6.57962	0.0843132	3.11909	-4.16184	-2.35905	162.56	
7.34087	0.0575856	3.13051	24.2104	2.39498	206.653	
2.08934	0.244214	2.87664	65.7473	-2.6342	191.088	
5.20883	0.132549	3.09004	12.0115	10.2927	182.965	
3.75108	0.184146	3.0355	-60.9167	5.22617	205.559	
6.20095	0.0976219	3.11236	-7.4952	-2.11711	225.053	
3.89844	0.178906	3.0429	28.573	1.28178	192.122	
4.98575	0.140419	3.08378	-27.1362	-5.1001	177.296	
4.32491	0.163779	3.06142	10.0605	-1.0902	197.908	
4.6901	0.150859	3.07457	-93.028	1.99777	166.317	
3.92317	0.178028	3.04409	13.3248	-0.569353	187.694	
7.71642	0.0444107	3.13531	-10.294	7.23027	238.975	
3.6107	0.189145	3.02789	22.0168	10.39	176.021	
5.11758	0.135767	3.08755	0.781272	-18.1315	201.971	
3.41862	0.195999	3.01643	19.7116	-5.1947	178.432	
4.26387	0.165941	3.059	4.83642	-9.63705	186.015	
3.55473	0.191141	3.02468	8.361	4.2385	186.074	
5.10942	0.136055	3.08732	-38.6543	-11.9449	179.13	
5.42234	0.125024	3.09554	-22.9505	-17.0337	176.963	
5.38095	0.126482	3.09451	36.4761	-8.73156	149.025	
4.283	0.165263	3.05977	-18.1954	-18.8624	189.559	
6.93685	0.071767	3.12477	16.6851	7.96944	187.384	
6.49264	0.0873693	3.11762	-28.243	3.30921	191.647	
3.8236	0.181567	3.03922	7.73493	-4.74048	159.615	
7.53241	0.0508653	3.13302	-16.4156	-11.8741	201.461	
6.60241	0.0835125	3.11947	6.07393	-2.34422	184.606	
3.21631	0.203236	3.00284	39.116	1.58662	188.652	
4.47442	0.158486	3.06707	-40.2446	-4.83663	214.733	
5.83345	0.110548	3.10498	54.1398	-2.75996	170.192	
5.8408	0.11029	3.10514	24.6512	-18.5719	182.882	
4.27935	0.165392	3.05962	-51.1414	10.7896	165.837	
3.26123	0.201628	3.006	40.901	-3.77869	194.178	
4.47264	0.158549	3.067	-9.02839	-2.6342	212.617	
6.77755	0.0773606	3.12231	-22.4202	8.01486	199.733	
4.20067	0.168181	3.05642	-2.92614	-9.3389	212.351	
3.19581	0.203971	3.00136	-26.3489	0.33963	219.567	
4.04984	0.17353	3.04993	-33.2323	13.555	196.282	
6.79313	0.0768135	3.12256	39.3136	12.8628	195.133	
7.39348	0.0557398	3.13122	8.70261	9.62753	199.528	
6.58112	0.0842607	3.11912	43.4947	1.5537	213.753	
5.45869	0.123743	3.09643	20.7343	13.9693	204.572	
4.55427	0.155662	3.06993	-4.36416	11.8899	232.068	
4.46421	0.158847	3.06669	23.7029	0.48508	232.789	
4.22477	0.167327	3.05741	-7.39548	18.4414	178.36	
4.785	0.147506	3.07765	1.53174	-6.10277	209.862	
5.32477	0.128462	3.09308	45.4362	-0.908678	191.123	
7.22874	0.0615207	3.12898	22.7554	-3.23964	205.729	
1.54515	0.264968	2.74355	-24.3941	-8.63988	194.731	
6.17437	0.0985564	3.11186	-20.2722	-10.1823	225.604	
4.09041	0.172091	3.05172	30.0809	6.69049	199.455	
2.5534	0.227155	2.94269	-4.55584	-4.4223	169.181	
3.88201	0.17949	3.0421	19.2563	-9.49122	162.604	
4.01844	0.174645	3.04852	18.2349	2.21615	209.741	
5.36662	0.126987	3.09414	16.6277	4.51167	241.228	
4.62218	0.15326	3.07228	-32.6874	-5.40098	193.321	
5.15185	0.134559	3.08849	-48.5553	6.74667	206.966	
4.61118	0.153649	3.0719	-31.3245	1.66104	208.671	
5.63412	0.117565	3.10058	36.4114	15.2609	186.605	
1.58347	0.263461	2.75627	-59.0914	6.57246	197.133	
5.44134	0.124354	3.09601	-41.7121	-9.15651	191.463	
4.97331	0.140858	3.08342	-20.6094	2.50255	216.143	
5.82133	0.110975	3.10472	-0.714156	0.0857807	172.447	
6.79407	0.0767807	3.12257	48.6976	-15.362	223.002	
7.10712	0.0657892	3.12727	-37.9287	3.27158	153.434	
5.77781	0.112506	3.10378	-25.9013	6.28216	176.25	
7.1478	0.0643616	3.12785	14.4307	-6.6657	184.743	
2.97149	0.212028	2.98385	31.3915	10.0292	162.792	
6.04106	0.103244	3.10926	-33.2676	-1.24751	167.683	
0.73229	0.317212	1.48051	117.363	41.0557	46.2672	
5.90128	0.108162	3.10641	-10.3751	8.04005	183.979	
7.16853	0.0636338	3.12814	-26.0476	0.830322	169.492	
0.758261	0.320918	1.34232	51.5752	36.0077	30.2329	
6.13857	0.099815	3.11117	-50.6327	0.774398	236.57	
4.58627	0.15453	3.07104	41.399	-6.86488	213.599	
3.99758	0.175385	3.04756	13.6938	14.5064	190.808	
4.72795	0.149522	3.07581	-0.195157	8.5385	191.785	
5.43384	0.124619	3.09582	29.8379	4.1656	206.599	
5.78176	0.112367	3.10387	29.076	-2.77196	196.405	
5.75357	0.11336	3.10325	-7.9668	7.00308	239.173	
3.74613	0.184322	3.03525	17.2427	9.53254	176.097	
5.61491	0.118241	3.10014	-25.527	3.60975	151.038	
3.48825	0.193512	3.02073	82.9998	-4.78422	171.761	
4.75835	0.148448	3.0768	-1.06481	2.09113	217.694	
6.74474	0.0785131	3.12179	25.5588	21.4473	222.44	
7.19019	0.0628735	3.12845	7.81745	0.142443	205.217	
4.17969	0.168924	3.05555	-16.4408	-4.68183	235.45	
4.73546	0.149257	3.07606	-57.6158	-12.7827	212.445	
5.3913	0.126118	3.09476	74.356	10.5927	183.497	
5.10224	0.136308	3.08712	-68.521	4.01565	204.44	
7.21516	0.0619972	3.12879	37.4035	2.3067	193.286	
4.8297	0.145928	3.07906	0.551357	-10.9457	225.246	
7.00052	0.0695314	3.12572	-25.6037	13.569	177.142	
6.00264	0.104596	3.10849	-2.92159	4.82316	185.234	
2.75694	0.21977	2.96434	37.5822	9.14905	218.269	
4.23019	0.167134	3.05763	-3.80182	1.58531	150.253	
4.58454	0.154591	3.07098	7.79514	-3.66681	216.081	
5.28409	0.129896	3.09203	51.3003	-4.26658	187.369	
5.35092	0.127541	3.09375	5.31338	13.6222	200.841	
2.74215	0.220305	2.96288	60.495	7.10735	173.243	
4.788	0.147401	3.07775	-25.5681	7.66093	191.546	
5.49127	0.122596	3.09722	33.8645	2.30821	205.747	
3.23302	0.202638	3.00403	24.3413	7.1651	182.07	
4.68816	0.150928	3.0745	-8.99695	13.3946	159.889	
3.91646	0.178266	3.04377	-20.5253	5.17051	192.338	
5.67671	0.116065	3.10154	-21.7504	-9.08882	177.352	
5.69034	0.115585	3.10185	-12.9364	4.85978	226.287	
4.10643	0.171522	3.05242	-38.9809	9.73463	193.071	
4.67698	0.151323	3.07413	18.3112	-4.67652	226.802	
5.79073	0.112052	3.10406	4.60365	7.44819	191.639	
6.05487	0.102759	3.10954	-20.5696	8.45803	190.879	
6.80947	0.0762396	3.12281	-64.4136	4.93094	197.49	
3.7541	0.184039	3.03566	-2.48495	-9.13611	195.134	
3.29259	0.200505	3.00816	27.5099	16.8336	221.457	
6.24115	0.0962085	3.11311	42.304	-2.34581	194.426	
4.96745	0.141064	3.08324	-34.5981	4.706	224.959	
4.80418	0.146829	3.07826	55.2546	-1.42218	202.346	
6.88437	0.0736096	3.12397	16.3399	-9.52601	203.449	
6.33914	0.0927636	3.11491	-23.4924	1.73087	224.011	
3.46269	0.194425	3.01917	-19.8335	-15.1634	165.625	
7.3734	0.0564441	3.13095	5.13434	-6.81828	205.362	
5.24339	0.131331	3.09096	17.9062	-12.0696	189.162	
4.29684	0.164773	3.06032	60.5894	10.4619	213.345	
6.04951	0.102947	3.10943	-36.7043	5.66706	182.992	
4.72812	0.149516	3.07582	9.17351	1.52229	152.748	
7.43559	0.054262	3.13177	-20.9338	0.248606	210.205	
4.37059	0.162161	3.06319	41.3193	-2.31746	163.742	
4.20542	0.168013	3.05662	-36.3132	-1.45706	189.426	
4.9676	0.141059	3.08325	3.48843	2.76244	169.986	
4.57247	0.155018	3.07056	5.37933	2.46556	156.231	
3.07149	0.208432	2.99198	29.7941	-2.516	175.406	
5.6202	0.118055	3.10026	59.5618	-0.513285	211.899	
4.72844	0.149505	3.07583	12.1272	-3.5998	166.827	
1.71398	0.258392	2.79483	-15.0189	-3.52423	198.63	
5.47554	0.12315	3.09684	6.3018	7.06734	208.746	
6.42784	0.0896462	3.11649	-5.66402	4.22263	208.092	
2.7547	0.219851	2.96412	-2.67635	4.32912	173.349	
3.8955	0.179011	3.04276	16.3894	-3.97817	164.36	
6.08345	0.101753	3.1101	-32.1369	1.42756	152.241	
5.12235	0.135599	3.08768	11.888	1.16927	200.723	
3.2213	0.203058	3.0032	-16.5651	-6.51548	190.805	
5.48526	0.122807	3.09708	30.4538	-14.8553	190.228	
6.82857	0.0755689	3.12311	4.31538	-7.0963	229.207	
4.00826	0.175006	3.04805	-37.4731	6.80312	145.361	
6.56041	0.0849881	3.11877	-33.1621	-7.82552	222.897	
3.15279	0.205514	2.9982	1.798	-2.49079	207.883	
4.62253	0.153248	3.07229	-1.67767	2.43591	193.912	
4.29264	0.164922	3.06015	24.335	0.776033	209.851	
5.13052	0.135311	3.0879	92.1789	1.14534	161.431	
0.794346	0.324355	1.22429	-32.0448	-15.662	30.4766	
5.88467	0.108746	3.10607	-0.209904	10.6551	176.01	
5.38375	0.126384	3.09458	-22.7793	2.02766	203.831	
3.44976	0.194886	3.01837	-41.1549	4.33925	147.212	
4.95117	0.141639	3.08276	65.7015	-9.27995	181.633	
5.65675	0.116768	3.10109	-8.63052	1.26936	193.227	
6.87759	0.0738476	3.12387	-5.27829	-4.67604	209.971	
4.40701	0.160872	3.06457	1.46756	-14.7379	199.903	
4.96268	0.141233	3.0831	-13.112	-3.52432	147.594	
5.45141	0.124	3.09625	8.13615	-5.69221	210.62	
4.30264	0.164567	3.06055	48.7698	5.69267	181.936	
6.57777	0.0843782	3.11906	7.31172	-8.78664	170.823	
6.55819	0.085066	3.11873	68.5258	-0.420348	242.848	
6.9247	0.0721934	3.12458	-10.8132	1.64514	192.716	
2.62401	0.224588	2.9506	-18.3386	1.16747	205.97	
4.1959	0.16835	3.05622	-40.8755	-7.37355	196.502	
6.36485	0.0918603	3.11537	-15.9518	6.62529	160.782	
2.82262	0.217396	2.97064	-65.0419	-15.9259	184.02	
2.51894	0.22841	2.93866	36.8309	6.63712	188.868	
5.25869	0.130791	3.09136	-38.8863	-2.57614	182.606	
4.99595	0.140059	3.08408	-22.8347	0.952033	152.64	
4.30537	0.164471	3.06065	-34.5535	2.40139	175.679	
5.32183	0.128566	3.093	-26.68	8.01419	154.997	
4.45391	0.159212	3.06631	30.3418	-12.1749	168.388	
4.49361	0.157807	3.06776	-12.8886	-5.96032	190.802	
3.69691	0.186074	3.03263	3.48201	-5.48226	171.205	
5.21909	0.132188	3.09031	-36.6095	5.65455	168.769	
6.56304	0.0848956	3.11881	35.8038	-11.083	181.649	
3.85279	0.180529	3.04067	-30.4878	-1.75648	179.255	
6.94485	0.071486	3.12489	-31.8152	-7.40841	201.193	
4.05428	0.173372	3.05013	47.7063	4.24374	171.448	
5.84554	0.110123	3.10524	20.7574	-4.74471	168.056	
3.25778	0.201751	3.00576	-17.0858	9.38826	202.747	
4.59671	0.154161	3.07141	-40.6038	-3.68384	216.095	
4.81592	0.146414	3.07863	38.7104	5.53313	184.833	
5.79979	0.111733	3.10426	7.87182	2.82807	203.696	
1.83384	0.253811	2.82492	-47.0636	-7.65198	145.292	
4.83356	0.145791	3.07918	-8.76376	-5.28088	176.502	
0.731652	0.308307	1.83069	54.209	22.8464	58.5607	
4.9712	0.140932	3.08336	32.9865	-8.50052	162.06	
0.753196	0.320329	1.3636	7.02167	-5.04209	9.4235	
6.84452	0.0750088	3.12336	-44.2982	-1.4881	188.256	
5.69912	0.115276	3.10205	27.9501	5.30383	212.342	
6.98291	0.0701498	3.12545	16.5127	2.47985	181.604	
5.95784	0.106172	3.10758	4.56184	-7.57154	203.331	
3.32823	0.19923	3.01056	29.1872	7.67008	201.776	
3.75927	0.183855	3.03593	38.3137	1.72729	186.224	
3.1712	0.204853	2.99957	72.9377	9.58286	147.574	
5.13903	0.135011	3.08814	37.8193	0.866423	157.868	
5.9386	0.106848	3.10719	7.41176	-7.37708	190.009	
5.73556	0.113994	3.10286	-5.205	3.82663	182.847	
4.28468	0.165204	3.05983	1.16045	-12.6974	154.862	
6.63244	0.0824575	3.11997	-20.3038	16.8385	200.782	
5.95568	0.106248	3.10754	-39.6139	-3.78991	176.161	
5.18942	0.133234	3.08951	17.8003	-5.53625	211.656	
6.10164	0.101114	3.11045	-11.5959	-6.81504	192.381	
6.76321	0.0778644	3.12208	29.6026	-4.62277	200.345	
6.80752	0.0763083	3.12278	12.117	-1.43984	220.756	
5.61641	0.118188	3.10017	29.8033	-4.02686	193.433	
5.18652	0.133336	3.08944	22.1322	-1.1053	177.511	
5.4039	0.125674	3.09508	-16.4914	1.56432	180.404	
5.20258	0.13277	3.08987	0.647177	11.9075	220.031	
6.3965	0.0907479	3.11594	-1.97129	-13.8007	232.32	
4.40971	0.160776	3.06467	37.4722	-10.2221	191.796	
5.90663	0.107973	3.10653	-10.8971	-11.668	201.736	
3.66105	0.187351	3.03069	77.5567	1.82937	198.136	
4.13564	0.170486	3.05368	-51.4279	-8.72229	186.947	
5.97017	0.105738	3.10783	35.1926	15.5847	217.462	
4.73686	0.149207	3.0761	-10.2104	-4.80314	210.468	
2.4371	0.231398	2.92862	63.7481	8.09079	213.875	
4.5746	0.154942	3.07064	-25.1142	3.64665	192.67	
4.18373	0.168781	3.05571	-0.905269	-0.67725	161.041	
6.75399	0.078188	3.12194	53.5059	-3.81438	214.219	
6.399	0.0906598	3.11598	-22.8246	-1.77432	203.54	
6.07728	0.10197	3.10998	32.76	0.388676	232.882	
6.14129	0.0997194	3.11122	-33.6365	12.3015	205.395	
5.23303	0.131696	3.09068	-25.4731	-10.5063	174.358	
5.53749	0.120968	3.09833	-36.6748	-9.61369	213.371	
2.78127	0.21889	2.96671	44.0126	10.2897	208.529	
3.04122	0.20952	2.98958	47.0872	3.42439	213.489	
6.84836	0.0748739	3.12342	-38.3227	-1.65788	199.628	
0.735399	0.3076	1.8578	0.740726	-11.998	43.3744	
5.66249	0.116566	3.10122	0.504472	-6.24455	185.115	
5.48971	0.12265	3.09718	-2.28093	10.2064	225.983	
3.55527	0.191121	3.02471	-0.699834	-3.06402	233.658	
5.93242	0.107066	3.10706	0.364993	-0.686902	202.891	
3.69794	0.186038	3.03269	24.4128	-8.97107	156.952	
6.37125	0.0916351	3.11549	-1.14361	-3.20281	201.265	
4.98303	0.140515	3.0837	46.1019	-3.87381	161.613	
3.63484	0.188285	3.02924	-3.66833	-5.28775	157.928	
5.94794	0.10652	3.10738	-17.0633	23.3473	195.601	
3.43614	0.195373	3.01753	-18.5973	4.04932	201.748	
6.66398	0.0813498	3.12049	-16.6748	11.6454	184.056	
5.22755	0.131889	3.09054	37.4827	12.8829	206.144	
5.67144	0.116251	3.10143	21.1774	4.83526	240.225	
4.75517	0.14856	3.07669	5.18934	4.41956	188.114	
3.15373	0.20548	2.99827	-5.19761	-2.04655	182.616	
5.08017	0.137087	3.0865	2.065	-4.74108	213.603	
6.28893	0.0945288	3.114	17.3162	0.0696571	168.16	
5.63296	0.117606	3.10055	-2.41527	-0.0652388	164.193	
7.05672	0.0675586	3.12654	-38.0636	2.38833	189.821	
4.53854	0.156218	3.06937	-21.4289	-13.3982	196.518	
3.39764	0.196748	3.01509	6.52997	-14.947	180.368	
3.27077	0.201286	3.00667	-1.46273	-1.01141	217.788	
4.6942	0.150715	3.0747	-17.257	12.0041	216.122	
4.13042	0.170672	3.05346	-13.1384	-21.1879	172.112	
5.16385	0.134135	3.08882	-8.86001	0.463834	201.707	
4.10379	0.171616	3.05231	-35.6667	3.88258	179.406	
4.16189	0.169556	3.0548	-5.65687	5.68054	188.316	
4.69551	0.150668	3.07475	14.3551	14.2619	200.591	
4.46556	0.1588	3.06674	18.8919	-4.31164	167.959	
2.99389	0.211222	2.98572	-3.78174	-3.83442	230.521	
3.07704	0.208233	2.99242	-22.2042	3.17024	186.812	
0.728382	0.30903	1.80268	2.21627	2.38135	73.4251	
5.45154	0.123995	3.09626	1.80365	3.36584	195.096	
4.13802	0.170402	3.05378	-17.1416	6.4394	158.692	
0.723548	0.310487	1.74559	-21.0622	-22.1766	19.8857	
4.89211	0.143724	3.08099	19.66	10.597	168.549	
2.63857	0.22406	2.95217	-2.23716	9.50567	149.891	
5.73854	0.113889	3.10292	-5.3781	10.608	138.033	
6.33909	0.0927656	3.11491	-32.6634	-14.7467	219.569	
3.6084	0.189227	3.02776	-12.5107	-8.29353	229.848	
5.33786	0.128001	3.09341	39.7628	-6.51048	211.125	
5.5243	0.121432	3.09801	21.2691	-1.08213	226.162	
3.75655	0.183951	3.03579	36.9654	-3.78349	201.277	
3.24132	0.202341	3.00461	-32.6211	5.77231	188.314	
3.37614	0.197516	3.01371	-32.4998	6.789	174.004	
3.25553	0.201831	3.00561	-6.3375	2.10409	197.506	
5.73397	0.114049	3.10282	-29.7304	11.7946	195.258	
6.02008	0.103982	3.10884	26.537	-8.47186	196.996	
4.25458	0.16627	3.05863	15.721	-0.307213	154.285	
6.45599	0.0886572	3.11698	-12.0711	6.90431	181.354	
5.12158	0.135626	3.08766	-5.26791	7.72757	188.599	
5.1766	0.133686	3.08917	32.4814	5.99605	205.31	
3.52543	0.192186	3.02296	53.2137	3.62503	192.11	
5.31543	0.128792	3.09284	-11.0481	2.22449	194.342	
4.71819	0.149867	3.07549	-29.0805	2.69908	209.26	
5.15089	0.134593	3.08847	22.3586	5.695	191.138	
4.90952	0.143109	3.08151	-29.9321	-1.0209	144.906	
4.29265	0.164922	3.06015	33.8019	-1.20874	147.453	
3.88567	0.17936	3.04228	37.6225	8.72995	152.429	
6.5464	0.0854805	3.11853	-9.46111	13.5646	206.233	
4.87709	0.144254	3.08053	-59.6186	-0.0267229	209.969	
6.58565	0.0841013	3.11919	0.783127	1.59456	191.809	
4.59899	0.15408	3.07149	42.9245	8.52031	177.946	
3.49902	0.193128	3.02138	40.7193	6.03387	178.404	
6.46291	0.0884141	3.1171	-19.639	2.82406	194.445	
0.752025	0.305204	1.94734	49.593	26.9415	53.4022	
3.86292	0.180169	3.04117	-1.65513	7.22821	176.749	
3.35256	0.198359	3.01217	15.1932	7.16958	156.797	
5.69725	0.115342	3.10201	-55.6713	-5.27309	173.459	
5.56601	0.119963	3.099	24.4834	1.1545	206.565	
6.37148	0.0916271	3.11549	58.4184	9.46731	189.642	
6.57867	0.0843467	3.11908	-45.4884	-8.79463	213.381	
0.783711	0.301951	2.06155	-85.267	-37.9948	40.6246	
6.03661	0.103401	3.10917	-9.964	-3.40688	195.675	
5.50208	0.122215	3.09748	6.01872	4.93859	175.263	
6.81533	0.0760339	3.1229	-11.517	5.6094	203.283	
5.3338	0.128144	3.09331	-0.507337	6.90699	198.631	
4.90813	0.143158	3.08147	6.37034	-2.84956	177.225	
5.02494	0.139036	3.08492	-1.26935	-7.45087	176.466	
6.963	0.0708486	3.12516	-14.7114	2.0635	184.252	
2.67344	0.222794	2.95587	36.6041	7.54023	214.487	
6.02598	0.103775	3.10896	-27.9849	-4.43301	199.768	
5.08842	0.136796	3.08673	-1.73817	-4.36513	156.725	
6.73357	0.0789055	3.12161	-22.4842	-7.85127	176.45	
5.9665	0.105867	3.10776	8.93506	-2.59289	188.122	
3.50346	0.192969	3.02165	-5.5645	5.14682	222.011	
5.64143	0.117307	3.10074	6.96715	-1.48606	203.899	
7.23797	0.0611967	3.12911	11.145	7.5139	202.815	
5.83326	0.110555	3.10498	-13.1898	3.89329	138.364	
3.97057	0.176344	3.04632	-29.4286	2.66483	175.915	
4.04405	0.173736	3.04967	61.9086	10.8215	152.205	
2.33947	0.234974	2.91567	-56.1617	0.0129081	190.802	
4.49121	0.157892	3.06768	8.07567	-0.16644	137.524	
4.0065	0.175069	3.04797	64.9992	11.3582	162.757	
7.09583	0.0661857	3.12711	-27.8602	0.400779	183.435	
3.86791	0.179991	3.04142	-39.8628	-0.907648	191.074	
4.63204	0.152912	3.07262	7.25955	-11.2012	182.228	
2.79648	0.21834	2.96817	17.6791	-3.4763	169.081	
6.12857	0.100167	3.11098	-32.1818	-10.2942	201.905	
1.94736	0.249522	2.84971	70.6763	11.4388	154.353	
4.09466	0.17194	3.05191	12.9306	5.25988	194.204	
3.14922	0.205642	2.99794	0.449257	-9.26333	198.757	
0.726677	0.315923	1.53056	17.3996	21.8023	52.8124	
2.57632	0.226322	2.9453	12.647	-12.563	205.851	
5.1488	0.134666	3.08841	10.4316	-7.30782	192.541	
3.20522	0.203634	3.00204	61.0649	-8.55737	191.107	
5.1368	0.135089	3.08808	28.8818	0.625018	170.458	
3.92094	0.178107	3.04398	-26.5869	-2.43519	132.143	
5.76966	0.112793	3.10361	-32.3428	13.1167	196.713	
3.77488	0.1833	3.03674	-8.23147	9.81437	214.619	
2.93243	0.213435	2.98052	38.8743	5.03829	212.295	
4.18158	0.168857	3.05562	-11.1333	-4.56763	202.744	
0.721718	0.313982	1.60702	-59.1101	-35.9778	48.8818	
5.82294	0.110918	3.10476	-38.8801	6.82099	178.045	
4.10712	0.171498	3.05245	62.6638	-5.1742	199.675	
4.52925	0.156546	3.06904	9.58607	4.756	170.239	
4.30935	0.16433	3.06081	-64.1905	-12.7976	200.804	
5.38296	0.126411	3.09456	-23.904	-9.36229	198.428	
5.07578	0.137242	3.08637	-34.167	-6.65078	202.829	
5.49398	0.1225	3.09729	-1.99499	-4.95851	171.194	
5.43952	0.124419	3.09596	1.84466	11.1606	245.112	
6.37205	0.0916072	3.1155	8.49967	1.07891	176.016	
4.27984	0.165375	3.05964	-19.1466	-0.782594	176.449	
5.06803	0.137515	3.08615	-36.3742	-7.51944	196.972	
5.95908	0.106128	3.10761	-30.4614	6.17031	186.526	
3.79143	0.182711	3.03759	36.0226	4.27204	176.308	
5.0749	0.137273	3.08635	-36.7409	-20.8054	191.511	
4.43783	0.159781	3.06572	-21.1332	-11.4814	221.782	
5.38929	0.126188	3.09471	-4.53321	0.937424	162.291	
5.1259	0.135474	3.08778	-5.37443	5.56496	194.209	
5.21407	0.132364	3.09018	24.7197	-1.59392	174.883	
5.25667	0.130863	3.09131	-17.5324	-11.6495	190.852	
4.77196	0.147967	3.07723	-25.2967	-4.33524	209.478	
4.66437	0.151769	3.07371	29.2058	-8.57268	194.623	
3.58167	0.19018	3.02623	-10.4377	-0.33969	165.979	
3.8064	0.182178	3.03835	-25.1674	-16.1688	131.211	
7.3187	0.0583637	3.13021	10.2312	-5.09122	210.549	
2.21043	0.239725	2.8967	46.5275	5.79066	178.357	
7.16391	0.063796	3.12808	24.1273	-1.65753	198.474	
5.88147	0.108859	3.106	-18.7876	-1.91059	114.628	
3.55654	0.191076	3.02478	-51.2496	6.82919	175.909	
4.95073	0.141655	3.08275	5.19419	0.610054	201.953	
4.89355	0.143673	3.08103	15.4912	12.0898	165.965	
0.733541	0.317453	1.47125	55.9693	10.7621	-16.8161	
5.49406	0.122497	3.09729	-13.7588	10.4051	225.81	
3.63942	0.188122	3.02949	0.581199	4.0668	230.474	
2.09396	0.244042	2.87745	-20.7836	-7.26131	207.678	
6.47053	0.0881462	3.11723	1.79273	7.8596	151.027	
4.41878	0.160455	3.06501	33.5344	-5.51153	201.316	
0.723767	0.310401	1.74897	124.758	52.719	62.6023	
4.59205	0.154326	3.07125	0.880406	-6.17827	167.86	
5.36594	0.127011	3.09413	23.5746	2.13328	182.028	
3.83758	0.181069	3.03992	-40.0229	-2.50682	162.507	
7.39596	0.0556525	3.13125	58.8958	11.8381	206.346	
5.48485	0.122822	3.09707	-15.182	-17.2539	211.72	
4.65856	0.151974	3.07351	-2.55355	7.971	211.994	
5.07588	0.137238	3.08638	-2.75665	8.90309	182.74	
2.52034	0.228359	2.93883	11.1196	-11.1895	230.946	
4.62297	0.153232	3.07231	-24.9495	-12.2997	198.395	
1.72358	0.258023	2.79741	-1.11436	-0.610901	148.145	
5.99151	0.104987	3.10827	-28.7172	-0.548987	188.872	
3.16908	0.204929	2.99941	-5.49349	-13.7682	198.515	
7.41627	0.0549398	3.13152	-12.3804	3.89721	203.017	
3.07943	0.208147	2.99261	74.2135	14.5059	177.257	
2.11193	0.243374	2.88057	-42.6074	-6.87023	164.588	
3.31127	0.199836	3.00943	34.3958	2.91328	178.513	
3.82214	0.181618	3.03914	-57.0856	2.53147	159.77	
2.83916	0.216798	2.97218	38.6439	8.41851	134.738	
3.1225	0.2066	2.99592	50.6178	18.6603	173.863	
4.12844	0.170742	3.05337	6.07344	1.89508	172.355	
5.13157	0.135274	3.08793	-35.8922	1.5658	192.745	
4.71858	0.149853	3.07551	-43.9649	-7.51029	181.833	
5.25147	0.131046	3.09117	-11.0671	13.3553	212.445	
5.29429	0.129536	3.09229	30.5346	-16.6909	168.36	
5.15583	0.134418	3.0886	-37.7685	-7.2788	171.972	
5.04411	0.138359	3.08547	-65.1971	-1.15226	160.895	
6.21181	0.0972398	3.11256	-15.9308	6.62521	207.199	
3.61809	0.188882	3.0283	-23.1461	-20.7952	190.06	
6.96133	0.0709073	3.12513	-5.14574	-9.06801	232.702	
6.44515	0.0890381	3.11679	-5.67396	9.55723	217.111	
4.87522	0.14432	3.08047	-22.9511	0.173554	174.682	
3.66255	0.187298	3.03077	-33.6301	11.6493	225.983	
4.09797	0.171823	3.05205	45.8159	10.684	213.222	
1.49773	0.266849	2.72678	22.2434	-5.67286	142.928	
3.0752	0.208299	2.99227	31.0372	-3.10494	207.25	
4.11628	0.171173	3.05285	2.00605	-0.485467	185.398	
6.37279	0.0915812	3.11551	16.4589	3.27342	216.223	
4.11173	0.171334	3.05265	31.1945	1.00645	196.807	
0.735093	0.307654	1.85574	-3.70541	5.73089	17.3677	
5.62673	0.117825	3.10041	13.5423	-6.16814	220.738	
4.13158	0.17063	3.05351	-20.8479	6.13423	200.522	
3.0293	0.209949	2.98862	14.4764	1.01448	166.559	
4.28851	0.165068	3.05999	6.75345	-0.950346	176.829	
5.37271	0.126773	3.0943	-4.19642	-5.1718	166.743	
3.52139	0.19233	3.02272	15.9234	2.76501	215.991	
5.53578	0.121028	3.09828	-2.15389	1.19062	151.932	
4.55699	0.155565	3.07002	-64.7811	3.17352	164.928	
3.07288	0.208382	2.99209	-60.598	-4.28334	167.809	
5.35317	0.127461	3.0938	79.3736	-8.80306	180.49	
4.17422	0.169118	3.05532	7.3154	13.6408	176.329	
4.66092	0.151891	3.07359	13.8439	-0.247035	161.833	
2.8083	0.217913	2.96929	-12.2502	-1.41458	166.446	
7.46001	0.0534053	3.13209	6.34929	-1.67145	221.568	
5.03679	0.138618	3.08526	-17.0849	-2.8763	182.945	
2.66225	0.2232	2.9547	-1.36847	-10.5091	173.463	
5.26204	0.130673	3.09145	23.1762	-21.9558	192.202	
6.71141	0.0796838	3.12126	12.2956	-3.57745	215.728	
4.42685	0.16017	3.06531	26.7876	2.01673	224.378	
6.91859	0.0724079	3.12449	6.96475	-7.17014	168.792	
5.01433	0.13941	3.08462	8.90609	5.4521	175.403	
5.2552	0.130915	3.09127	-72.186	-0.954764	209.673	
4.34503	0.163066	3.0622	-14.3872	-5.02313	161.287	
4.3473	0.162986	3.06229	27.9835	-0.768147	208.148	
4.12543	0.170849	3.05324	-22.5105	-4.70929	164.256	
5.94302	0.106693	3.10728	-15.4202	7.5246	204.534	
5.51157	0.12188	3.09771	-23.0654	-5.96465	199.237	
2.84903	0.216442	2.97309	15.1571	8.34612	199.972	
5.03956	0.13852	3.08534	-60.7048	-11.2995	200.603	
5.42338	0.124987	3.09556	-12.0484	0.256675	170.377	
5.51293	0.121833	3.09774	29.6833	-2.90539	142.641	
5.65622	0.116787	3.10108	67.454	10.7274	191.738	
4.22202	0.167424	3.0573	5.2215	1.37912	158.013	
5.13166	0.135271	3.08794	23.9226	-6.4896	191.497	
6.02125	0.103941	3.10887	2.1216	9.2437	176.475	
3.26564	0.201469	3.00631	0.448028	0.485023	184.766	
3.41018	0.1963	3.01589	-8.65094	3.56132	162.331	
4.47963	0.158302	3.06726	10.2168	1.55116	141.179	
3.86786	0.179993	3.04141	-9.23338	1.10506	198.663	
5.92123	0.10746	3.10683	30.6004	8.93268	229.405	
3.56575	0.190748	3.02532	-31.8241	10.3748	208.619	
4.19618	0.16834	3.05623	30.8692	13.3198	178.28	
0.737241	0.307286	1.86979	120.114	42.139	57.553	
1.81963	0.254351	2.82158	-41.8355	1.36587	171.418	
4.83419	0.145769	3.0792	-19.7105	1.30043	217.517	
4.6822	0.151139	3.0743	21.7694	-3.04472	202.72	
3.92426	0.177989	3.04414	61.8229	1.14011	180.988	
5.95603	0.106235	3.10755	-45.7259	-3.75428	188.288	
3.51106	0.192698	3.0221	15.7006	-14.1636	192.074	
4.84087	0.145533	3.07941	6.29593	3.30194	171.992	
5.38473	0.126349	3.0946	2.13016	-6.86516	209.614	
5.24237	0.131367	3.09093	32.2237	4.28394	190.188	
4.3712	0.16214	3.06321	-50.9376	0.283554	183.479	
5.17518	0.133736	3.08913	-41.2187	-4.59779	212.26	
3.94155	0.177375	3.04496	-5.1636	-12.6074	196.35	
3.13956	0.205988	2.99721	36.7901	2.11466	173.905	
5.23434	0.13165	3.09072	30.58	-16.5507	182.1	
6.20968	0.0973149	3.11252	1.71138	2.3738	185.964	
8.0038	0.0343325	3.13868	-16.9505	-3.31158	187.088	
5.86123	0.109571	3.10557	-7.6265	-4.18483	160.26	
6.79288	0.0768222	3.12255	-37.0457	-17.0026	219.875	
0.722568	0.310921	1.72846	12.531	13.8155	58.1286	
5.38586	0.126309	3.09463	15.1847	-0.633188	194.19	
7.73335	0.0438167	3.13552	-34.6831	-9.45599	178.04	
4.19088	0.168528	3.05601	10.3347	3.52564	206.454	
4.79843	0.147032	3.07808	27.4239	-2.94053	174.999	
5.02885	0.138898	3.08504	13.3004	-3.91416	163.268	
4.23889	0.166826	3.05799	51.167	7.16973	201.798	
4.22385	0.167359	3.05738	-30.0713	4.98696	193.899	
5.71548	0.1147	3.10241	-14.8271	4.92023	191.9	
3.48191	0.193738	3.02035	4.13627	1.67797	189.74	
3.82931	0.181363	3.0395	33.513	-13.2535	166.196	
6.66921	0.0811661	3.12057	40.8165	4.58934	215.41	
6.89246	0.0733255	3.12409	9.36606	9.57235	186.222	
5.25757	0.130831	3.09133	51.6966	-5.37102	183.39	
6.60077	0.0835703	3.11944	-51.3233	2.30427	204.233	
5.62966	0.117722	3.10047	23.7624	11.0436	151.97	
3.06229	0.208762	2.99126	-33.6501	-0.814835	200.883	
1.90797	0.251005	2.84147	-39.6833	11.6424	218.55	
4.00214	0.175223	3.04777	16.9253	-0.625053	176.645	
5.30258	0.129244	3.09251	-9.9306	13.7299	153.617	
3.51054	0.192717	3.02207	36.6926	-2.51412	194.35	
0.738023	0.318235	1.44146	-14.5393	2.8305	51.9691	
3.76239	0.183744	3.03609	-5.48193	-1.93241	203.576	
5.71552	0.114699	3.10241	86.227	-7.32909	166.518	
2.98655	0.211486	2.98511	56.1628	5.10301	190.974	
0.748059	0.319686	1.38717	117.525	60.2766	54.8262	
6.59306	0.0838412	3.11932	1.60059	-2.93203	217.383	
3.60016	0.189521	3.02729	8.75183	3.45494	190.824	
6.68601	0.0805759	3.12085	22.0348	-10.5478	179.867	
4.52165	0.156815	3.06877	-24.063	5.16291	185.024	
6.33657	0.0928541	3.11486	2.02696	4.73534	193.434	
3.89774	0.178931	3.04287	-11.5237	-4.8458	177.594	
5.77636	0.112557	3.10375	9.48128	4.10846	189.126	
3.95184	0.177009	3.04544	-0.507206	-5.82804	157.316	
4.24143	0.166736	3.05809	26.1807	-10.3209	159.724	
6.36861	0.0917279	3.11544	-32.0488	-16.7088	189.675	
2.63692	0.224119	2.95199	-21.2079	-0.663414	206.637	
3.07563	0.208284	2.99231	-24.8522	1.80304	225.818	
4.40301	0.161014	3.06442	15.81	4.8425	154.02	
4.92452	0.14258	3.08197	0.921155	2.1362	214.302	
2.66051	0.223263	2.95451	-20.438	-12.7229	196.439	
4.80506	0.146798	3.07829	16.7068	-14.2307	189.379	
3.88175	0.179499	3.04209	-16.6583	-14.6624	171.437	
5.37554	0.126673	3.09437	-4.76783	2.20263	149.362	
2.89789	0.21468	2.9775	13.1649	13.2428	219.71	
5.23706	0.131554	3.09079	5.68293	4.08097	213.474	
5.79915	0.111755	3.10425	15.8402	-3.53004	220.418	
4.67364	0.151441	3.07402	-15.1491	-4.87016	187.04	
4.54785	0.155889	3.0697	-0.987278	4.73263	164.32	
4.58207	0.154679	3.0709	-30.6742	-3.92029	228.701	
3.46605	0.194305	3.01938	32.9062	-9.48373	195.301	
3.24857	0.202081	3.00512	-66.4373	-1.81585	192.843	
6.69565	0.0802372	3.121	2.67473	2.78467	157.825	
4.88731	0.143893	3.08084	-29.8335	-8.7683	163.533	
0.816651	0.326103	1.16864	1.18284	-6.11711	36.5012	
23.5781	1.13568	0.117841	10.5743	-0.69044	238.612	
6.67135	0.0810909	3.12061	16.1676	8.79467	189.373	
3.9365	0.177554	3.04472	-51.9596	4.79423	181.763	
7.0638	0.0673099	3.12664	-29.2341	-2.30542	174.874	
7.38931	0.0558861	3.13116	-3.73989	8.19805	179.214	
7.05644	0.0675684	3.12654	-7.49973	8.72919	225.512	
3.30994	0.199884	3.00934	-14.2416	-10.0148	227.062	
3.38351	0.197253	3.01419	59.4229	0.857173	187.388	
4.25033	0.166421	3.05845	29.866	11.2965	207.331	
7.21325	0.0620644	3.12877	-19.4369	-12.2346	197.058	
6.46136	0.0884685	3.11707	37.0629	9.73402	192.175	
2.66206	0.223207	2.95468	39.4955	5.718	183.11	
4.14404	0.170189	3.05404	73.3229	-7.49192	174.45	
5.15298	0.134519	3.08852	-19.9895	5.20774	169.063	
5.10573	0.136185	3.08722	-11.3177	-5.60567	172.412	
5.49825	0.12235	3.09739	2.27574	3.7691	164.527	
5.16122	0.134228	3.08875	10.6243	-2.98699	158.131	
4.53703	0.156271	3.06932	27.1344	-1.1186	179.853	
3.29588	0.200387	3.00839	20.7806	-0.606089	192.182	
5.20173	0.1328	3.08985	-53.082	-3.93892	209.09	
0.764912	0.321638	1.31671	64.4248	19.0462	-4.68761	
6.36813	0.0917447	3.11543	39.6099	-10.4135	171.23	
0.721456	0.313788	1.61471	18.5285	18.3948	28.8322	
6.00674	0.104452	3.10857	3.35756	11.3397	266.144	
5.61052	0.118396	3.10003	-3.39618	-8.0798	202.166	
4.66706	0.151674	3.0738	-2.28624	2.47054	160.212	
6.05596	0.10272	3.10956	37.7304	-3.44458	227.985	
3.36358	0.197966	3.0129	90.6804	0.353922	193.368	
5.32037	0.128617	3.09297	-11.5802	-5.03223	200.262	
6.29763	0.0942229	3.11416	-12.6836	7.03967	164.646	
3.85206	0.180555	3.04063	11.9425	0.0659562	176.41	
4.83764	0.145647	3.07931	17.7857	-1.88847	151.343	
4.39603	0.161261	3.06415	32.703	-6.73399	191.812	
4.47861	0.158338	3.06722	21.4014	-7.38984	222.977	
5.12022	0.135674	3.08762	11.5674	8.18455	216.167	
5.14087	0.134946	3.08819	6.05794	-3.41511	183.657	
4.0583	0.17323	3.05031	0.365448	-11.2309	188.597	
4.36139	0.162487	3.06283	-6.12293	0.0926188	202.58	
5.62286	0.117961	3.10032	17.1699	11.9806	214.13	
4.52634	0.15665	3.06894	-5.44407	-14.992	188.239	
3.31911	0.199556	3.00996	-17.9331	-12.2792	185.604	
5.13328	0.135214	3.08798	-78.077	-5.04785	189.839	
4.10223	0.171671	3.05224	23.7118	17.1863	183.608	
5.82875	0.110714	3.10488	12.5772	8.92811	209.983	
5.06795	0.137518	3.08615	-40.7515	-4.43938	167.614	
4.55606	0.155598	3.06999	-12.2421	-17.5151	176.143	
3.52179	0.192316	3.02274	6.12584	-5.95978	178.73	
3.25328	0.201912	3.00545	-12.4598	-0.561194	193.134	
3.52612	0.192161	3.023	3.13302	-0.406656	232.686	
4.44901	0.159385	3.06613	7.44793	0.342832	184.541	
6.23616	0.0963839	3.11302	-16.0508	-3.63277	211.614	
4.95577	0.141477	3.0829	-6.2611	13.9217	205.355	
4.20852	0.167903	3.05674	-31.2458	-8.43938	180.531	
3.0358	0.209715	2.98914	46.4668	4.09909	184.998	
3.22531	0.202914	3.00348	-27.4733	-14.4657	202.483	
5.4775	0.12308	3.09689	-8.73284	-11.2354	180.231	
5.88	0.10891	3.10597	-15.6782	-5.81761	187.693	
5.67481	0.116132	3.1015	43.738	5.49627	206.302	
0.721369	0.313715	1.61759	75.3987	29.0354	47.7197	
2.86395	0.215904	2.97445	52.8989	8.2484	221.567	
4.52177	0.156811	3.06877	32.7194	-1.25082	196.212	
6.22099	0.096917	3.11274	11.4349	10.7044	196.874	
5.40829	0.125519	3.09519	-40.3057	-12.1652	191.76	
5.10928	0.13606	3.08731	-42.8693	-5.89005	233.84	
6.65687	0.0815994	3.12037	2.47117	0.740457	177.934	
3.54781	0.191387	3.02427	-44.4057	-19.5006	176.197	
4.12016	0.171035	3.05302	23.4541	4.23884	216.204	
6.92026	0.0723494	3.12452	28.9262	-12.3051	196.732	
0.782667	0.323348	1.25771	-9.34261	-0.519839	53.3081	
0.727432	0.309268	1.79342	-40.8806	-10.5355	49.9604	
6.0816	0.101818	3.11006	-16.1882	-3.61842	233.892	
5.98642	0.105166	3.10816	5.08386	-7.57189	200.008	
4.95699	0.141434	3.08294	-2.53968	6.03	185.73	
5.87828	0.108971	3.10593	35.2502	7.36049	200.397	
4.20747	0.16794	3.0567	-22.7299	0.404537	208.371	
5.73243	0.114104	3.10279	-35.8671	-7.29362	174.332	
5.95227	0.106368	3.10747	21.225	-7.58968	179.354	
5.80281	0.111627	3.10433	27.8347	-13.5575	166.862	
3.43038	0.195579	3.01717	-68.0106	0.989322	165.247	
4.70029	0.1505	3.0749	-63.3577	-9.25517	193.047	
6.42693	0.0896783	3.11647	-15.9579	-3.68744	163.661	
5.39202	0.126092	3.09478	2.07747	9.22931	174.808	
4.33095	0.163565	3.06166	46.5284	5.30451	182.431	
3.59059	0.189862	3.02674	4.77545	-1.63052	168.132	
5.36348	0.127098	3.09406	-75.6041	7.34507	194.717	
7.38167	0.0561541	3.13106	-11.2319	8.00158	201.844	
4.64274	0.152533	3.07298	21.5571	8.77447	201.012	
6.24581	0.0960445	3.1132	31.4459	8.90951	168.977	
5.42547	0.124914	3.09561	-26.4964	2.96652	170.223	
5.3495	0.127591	3.09371	-32.2338	-10.0755	171.288	
4.2593	0.166103	3.05882	-11.4718	-0.895636	198.469	
4.93411	0.142241	3.08225	-5.3641	5.03202	166.129	
4.25881	0.16612	3.0588	-7.67112	10.8602	193.753	
4.23477	0.166972	3.05782	3.51764	6.04936	194.833	
4.94808	0.141748	3.08267	3.93449	-10.6533	186.138	
4.4831	0.158179	3.06738	52.9139	-8.33243	163.238	
7.00624	0.0693308	3.1258	40.7523	3.78922	186.8	
5.97939	0.105414	3.10802	45.7266	2.20925	168.137	
6.4041	0.0904807	3.11607	1.18525	-3.74215	202.229	
7.24495	0.0609519	3.12921	13.422	-7.88346	216.915	
5.11405	0.135892	3.08745	31.1354	0.921533	204.129	
5.96587	0.105889	3.10775	34.9768	-8.31895	184.525	
8.07079	0.031984	3.13943	-13.8433	-5.68355	200.984	
4.86186	0.4806	0.236066	-4.09383	6.76898	236.418	
4.5367	0.156283	3.06931	-15.2205	24.0321	166.742	
5.98374	0.105261	3.10811	17.3866	2.92291	198.272	
6.23533	0.0964128	3.113	53.1102	9.59833	174.627	
5.15523	0.13444	3.08858	12.9591	-5.43509	240.679	
4.79043	0.147315	3.07782	4.12785	3.57948	202.682	
3.58777	0.189962	3.02658	15.1557	-10.0466	183.592	
5.90479	0.108038	3.10649	-1.64078	-0.508736	193.389	
6.28985	0.0944962	3.11401	-39.977	-5.35608	190.822	
3.93523	0.177599	3.04466	22.2865	-10.4006	195.827	
4.52061	0.156852	3.06873	57.1032	-8.42586	193.708	
5.06751	0.137534	3.08614	1.6849	-8.36806	180.39	
2.742	0.220311	2.96287	3.37334	-11.2577	196.995	
5.79553	0.111883	3.10417	27.1657	9.95077	214.222	
6.4276	0.0896548	3.11648	-12.6268	-5.61932	186.002	
5.70401	0.115104	3.10216	-16.5208	-0.192038	230.945	
5.16514	0.13409	3.08886	-11.4339	10.2558	157.473	
5.01783	0.139286	3.08472	-49.7769	-0.341799	240.797	
5.42832	0.124813	3.09568	2.14199	6.49833	174.556	
5.52269	0.121489	3.09797	53.5141	10.983	185.066	
3.83214	0.181263	3.03964	11.6294	-3.05006	181.222	
6.50321	0.0869979	3.1178	1.50519	-0.168616	214.512	
3.33889	0.198848	3.01127	-8.86778	10.3108	226.942	
5.27702	0.130145	3.09184	-35.1786	16.5445	180.681	
6.28973	0.0945005	3.11401	31.5853	6.4954	185.91	
6.05847	0.102632	3.10961	-35.3278	-13.5439	201.917	
5.98521	0.105209	3.10814	17.3203	-6.27335	195.454	
5.502	0.122218	3.09748	17.7445	21.1665	181.612	
4.32013	0.163948	3.06123	5.37303	15.1821	172.042	
5.61046	0.118398	3.10003	-5.05744	-1.5291	205.045	
3.39067	0.196997	3.01465	6.00239	-1.10765	190.67	
5.49612	0.122425	3.09734	1.36606	7.19108	222.609	
5.57891	0.119509	3.0993	-18.1615	-6.06982	180.046	
3.52759	0.192108	3.02308	-33.3464	8.2645	173.03	
4.43811	0.159771	3.06573	-43.799	-10.921	174.198	
0.721101	0.313449	1.62814	93.2023	54.937	26.21	
0.72121	0.313567	1.62345	-65.2578	-20.2418	46.4616	
3.29059	0.200576	3.00803	-27.9809	-11.0298	174.687	
4.94548	0.14184	3.08259	-9.10777	-11.399	185.583	
0.722443	0.314408	1.59015	14.1583	5.44651	59.3807	
6.29189	0.0944245	3.11405	23.5662	-14.9847	164.42	
4.27231	0.165642	3.05934	19.8427	22.9889	167.487	
5.02544	0.139018	3.08494	28.6086	6.70259	182.083	
6.42405	0.0897797	3.11642	-4.8611	14.2441	196.702	
4.2713	0.165678	3.0593	-42.4787	-3.25396	136.506	
5.31066	0.12896	3.09272	-5.89563	1.07277	204.959	
2.27631	0.237295	2.90667	-7.97239	-4.3043	210.612	
3.64311	0.18799	3.0297	-22.9671	2.46494	183.989	
5.24382	0.131316	3.09097	-46.9094	-10.5983	227.668	
4.71614	0.149939	3.07543	-15.5899	-13.0179	181.454	
4.97064	0.140952	3.08334	1.39461	2.73367	202.101	
4.62876	0.153028	3.07251	-46.5116	-2.85526	207.969	
7.02686	0.0686069	3.1261	61.5901	7.46349	207.507	
6.12483	0.100298	3.1109	-13.1222	9.4618	177.814	
4.92945	0.142406	3.08211	-27.0583	-4.2966	170.681	
4.44051	0.159686	3.06582	-59.4965	-6.45484	221.287	
6.60389	0.0834605	3.1195	22.7851	-4.68986	191.073	
5.35292	0.12747	3.0938	38.871	8.17912	198.518	
5.6853	0.115763	3.10174	-17.8034	-0.130654	196.166	
5.06411	0.137654	3.08604	-27.1416	8.05364	196.962	
3.70445	0.185806	3.03304	-33.9117	-15.3027	210.467	
5.71061	0.114872	3.1023	32.0378	5.86581	154.545	
5.17737	0.133659	3.08919	1.08983	5.45069	185.082	
3.224	0.202961	3.00339	13.9501	-13.0023	182.459	
5.97699	0.105498	3.10797	25.6484	1.85884	197.976	
4.75244	0.148657	3.07661	-21.5604	16.7384	169.919	
4.60898	0.153727	3.07183	12.9526	13.9248	204.625	
4.84033	0.145552	3.07939	-17.9483	-4.56808	180.184	
4.70866	0.150204	3.07518	10.4652	10.3419	165.729	
5.67739	0.116041	3.10156	-86.6287	2.1025	181.201	
6.37085	0.0916492	3.11548	-14.4133	20.4869	196.347	
5.64213	0.117283	3.10076	23.3788	-2.29057	207.169	
4.22781	0.167219	3.05754	28.7379	7.58668	202.978	
5.60382	0.118632	3.09988	18.707	0.305886	179.28	
1.66662	0.26022	2.78162	30.2434	5.73315	201.339	
0.721142	0.311896	1.68984	64.1056	32.0749	62.2846	
2.20375	0.239972	2.89566	-62.7743	-13.2199	161.573	
3.8478	0.180706	3.04042	11.4092	-4.59477	219.529	
3.45141	0.194827	3.01847	12.4543	-1.52049	155.387	
4.92287	0.142638	3.08192	44.152	19.4189	170.928	
6.24874	0.0959416	3.11325	19.1739	5.17721	178.239	
4.38399	0.161687	3.0637	-52.9111	-14.6738	181.427	
5.33972	0.127935	3.09346	-17.3401	8.75219	200.865	
5.23638	0.131578	3.09077	-17.4406	8.91696	174.214	
4.9723	0.140893	3.08339	14.5626	2.47127	162.849	
5.24423	0.131301	3.09098	32.936	2.28784	200.215	
0.811845	0.325742	1.17987	10.3749	5.84396	35.2328	
6.79574	0.0767219	3.1226	15.5254	0.886107	209.155	
4.75952	0.148407	3.07683	17.2484	7.03525	179.634	
4.22374	0.167363	3.05737	4.2165	7.10476	186.297	
3.32865	0.199215	3.01059	-0.510249	3.79908	182.648	
7.44991	0.0537597	3.13196	-36.1855	3.81407	202.642	
3.8404	0.180969	3.04006	-38.0222	5.19957	184.564	
0.760947	0.304176	1.98444	29.5057	16.3303	22.4238	
3.43014	0.195587	3.01715	-36.7806	-6.91188	227.132	
4.5381	0.156234	3.06936	-11.0827	11.2066	196.336	
4.71748	0.149892	3.07547	-21.0493	-5.21811	199.193	
4.32352	0.163828	3.06137	-46.023	-13.9608	216.884	
3.16134	0.205207	2.99884	49.2976	18.4635	177.906	
5.13693	0.135085	3.08808	44.5659	-4.83658	168.498	
0.722597	0.310906	1.72904	68.7729	22.3044	-2.93369	
3.54411	0.191519	3.02406	-17.782	0.465376	224.4	
5.84266	0.110224	3.10518	14.7085	0.733363	178.372	
5.08735	0.136834	3.0867	6.76529	-22.5202	160.53	
5.38023	0.126508	3.09449	-46.1265	-7.47858	202.385	
4.40815	0.160831	3.06461	-6.63189	-7.76834	208.059	
5.34767	0.127655	3.09366	20.7061	0.184995	182.615	
5.07422	0.137297	3.08633	-43.755	8.50108	162.7	
6.03365	0.103505	3.10911	-24.2805	-0.0193351	219.707	
0.733664	0.307915	1.84576	-98.9716	-27.9173	36.4592	
5.45347	0.123927	3.0963	41.0311	1.74596	189.978	
7.14701	0.0643892	3.12784	16.1205	-9.35574	192.294	
6.3636	0.0919041	3.11535	-0.460574	-9.22962	213.523	
7.59571	0.0486446	3.13382	42.0398	0.101354	231.889	
6.57483	0.0844816	3.11901	3.58213	-10.076	170.065	
4.21165	0.167792	3.05687	18.2392	-12.4882	151.852	
3.3521	0.198376	3.01214	-10.4682	-17.7099	194.13	
6.77897	0.077311	3.12233	-3.77658	5.43245	193.989	
5.52882	0.121273	3.09812	-10.3842	4.83791	164.459	
3.56018	0.190946	3.02499	-36.3644	-0.232359	209.764	
4.90682	0.143205	3.08143	20.5271	11.6482	183.687	
5.88004	0.108909	3.10597	-37.6454	12.9184	193.319	
2.1818	0.240783	2.89218	-51.5089	6.81301	148.221	
5.4093	0.125483	3.09521	-35.8432	2.82536	170.164	
5.47227	0.123265	3.09676	4.45492	-0.214941	168.895	
6.21743	0.0970422	3.11267	-24.5545	3.92837	189.02	
7.08133	0.0666945	3.1269	12.9442	5.17157	153.958	
5.52691	0.12134	3.09807	-23.9189	-5.40939	181.854	
0.774878	0.302762	2.03395	1.72316	-9.71376	46.518	
3.65706	0.187493	3.03047	-72.723	-1.07036	230.6	
7.43917	0.0541364	3.13182	-2.60423	8.70012	231.209	
6.31375	0.0936562	3.11445	-22.8955	-6.71472	235.217	
2.93842	0.213219	2.98104	78.2492	15.3672	208.401	
3.35534	0.19826	3.01236	-4.08362	-5.84894	180.085	
4.02275	0.174492	3.04871	-15.6742	0.369826	166.404	
3.42506	0.195769	3.01683	75.7272	8.65614	206.879	
5.06891	0.137484	3.08618	-25.987	6.86371	210.657	
4.54968	0.155824	3.06977	-14.4028	-14.208	192.493	
3.82639	0.181468	3.03936	-12.5362	3.99265	195.556	
6.17762	0.0984418	3.11192	-1.57745	-3.6488	186.162	
4.06764	0.172898	3.05072	46.7902	15.9618	166.844	
0.720938	0.312165	1.67916	-18.5213	-2.62657	28.876	
4.49926	0.157607	3.06797	18.6289	-2.77967	191.578	
6.79497	0.0767489	3.12258	5.4285	4.18761	253.475	
0.739625	0.318489	1.43183	-86.7523	-45.9641	48.2068	
0.775043	0.322645	1.28164	-0.111111	-4.77678	44.514	
5.66642	0.116428	3.10131	26.3071	13.6934	216.919	
7.15737	0.0640254	3.12798	-9.98763	-2.92103	150.951	
3.19976	0.203829	3.00165	35.3331	6.18837	195.176	
5.50939	0.121957	3.09766	39.6466	7.51402	198.827	
4.4207	0.160387	3.06508	3.21445	-3.39	193.408	
3.90307	0.178742	3.04312	15.6624	3.57806	190.275	
4.31535	0.164117	3.06105	50.999	-10.9625	168.988	
4.77466	0.147872	3.07732	-29.3951	-5.92467	202.502	
5.02889	0.138896	3.08504	10.2476	-11.368	163.327	
6.95603	0.0710934	3.12505	-19.0469	-8.06281	202.364	
2.96473	0.212271	2.98328	-16.3523	5.50988	164.808	
3.96177	0.176657	3.04591	-2.1696	-11.0237	180.782	
3.95923	0.176747	3.04579	25.8511	0.250687	219.233	
4.60744	0.153781	3.07178	24.3611	-4.06	163.527	
4.05935	0.173193	3.05035	41.7033	3.90737	191.722	
0.729788	0.308704	1.81536	-30.2375	-2.84207	44.3053	
5.732	0.114119	3.10278	6.09971	2.2801	197.008	
8.13799	0.0296277	3.14017	-4.72245	-6.15952	203.282	
3.05235	0.20912	2.99047	-9.02502	-5.81548	162.281	
3.23285	0.202644	3.00402	66.7363	-0.149567	183.017	
0.741785	0.318817	1.41951	-17.0416	-2.98965	44.012	
4.3691	0.162214	3.06313	33.0287	-0.755915	172.231	
6.03056	0.103614	3.10905	-22.73	8.20459	167.995	
3.5994	0.189548	3.02725	43.7669	1.46854	177.957	
4.72226	0.149723	3.07563	-5.6415	-6.46836	165.867	
5.16535	0.134083	3.08886	-29.3945	2.08564	154.121	
5.0587	0.137845	3.08589	-49.1152	-6.28975	195.856	
5.51171	0.121875	3.09771	-65.7315	9.02865	175.625	
0.724848	0.310017	1.76409	-8.76339	6.87366	47.4272	
3.943	0.177323	3.04503	-1.90221	-7.31847	189.16	
3.34518	0.198624	3.01169	11.7397	12.9958	207.058	
4.06045	0.173154	3.0504	5.65496	12.8787	171.946	
6.07191	0.102159	3.10987	19.204	1.9742	227.878	
5.53857	0.12093	3.09835	-11.0902	-17.1111	201.612	
4.97578	0.14077	3.08349	-3.66991	10.885	193.206	
4.02865	0.174282	3.04898	8.26208	5.04655	153.922	
6.30335	0.0940218	3.11426	-24.4167	-9.861	197.607	
6.01454	0.104177	3.10873	-21.4956	-0.0021935	207.981	
3.65757	0.187475	3.0305	53.7559	-0.0930992	189.611	
2.91879	0.213926	2.97933	-0.585866	-6.04656	184.852	
6.77691	0.0773833	3.1223	25.3107	-5.35024	176.406	
4.81102	0.146587	3.07847	-18.0937	3.49375	187.214	
5.82436	0.110868	3.10479	10.901	7.00166	211.621	
2.72324	0.22099	2.96099	22.5419	7.88459	153.927	
6.31089	0.0937566	3.1144	33.0135	11.1073	195.308	
5.33234	0.128195	3.09327	-0.629409	3.84663	237.098	
5.67026	0.116292	3.1014	1.47761	-7.41011	193.02	
5.45017	0.124043	3.09622	-18.8647	5.06484	170.824	
4.50033	0.157569	3.06801	-43.2828	-6.52229	172.171	
4.67508	0.15139	3.07407	9.26298	-8.20901	198.981	
5.84284	0.110218	3.10518	-1.71875	-1.16284	205.489	
5.70045	0.11523	3.10208	-12.1165	7.54073	217.495	
4.4892	0.157963	3.0676	0.413768	-1.29794	186.007	
4.63835	0.152689	3.07283	5.22499	-4.7871	187.103	
4.83155	0.145863	3.07912	35.6394	-8.62424	195.029	
6.07617	0.102009	3.10996	12.8584	0.414174	208.26	
4.04092	0.173847	3.04953	-5.89629	1.28879	214.04	
4.46318	0.158884	3.06665	-44.9069	3.71689	217.327	
5.3515	0.12752	3.09376	-31.1111	-2.48856	214.779	
6.13405	0.0999741	3.11108	-20.1378	1.44492	178.675	
5.08537	0.136904	3.08664	5.50646	2.66978	198.333	
5.47061	0.123323	3.09672	16.4777	-3.36125	238.052	
0.728019	0.309119	1.79922	-25.0073	-14.7652	47.4396	
2.87522	0.215497	2.97547	64.7395	1.82372	182.507	
5.98002	0.105391	3.10803	52.4987	10.8904	163.474	
5.39105	0.126126	3.09476	-0.486509	12.8139	203.07	
4.82573	0.146068	3.07894	30.5545	4.59405	129.281	
1.93793	0.249877	2.84777	-11.9814	15.698	247.947	
4.43686	0.159815	3.06568	-90.4597	-8.13637	228.501	
3.45938	0.194543	3.01897	5.36073	10.5262	202.225	
7.29253	0.059282	3.12986	-36.8241	-7.3659	238.036	
5.58464	0.119307	3.09943	14.4759	13.6748	170.086	
5.65705	0.116757	3.1011	-40.2735	-1.76851	200.193	
4.68483	0.151046	3.07439	1.28681	14.6086	233.37	
6.86709	0.0742165	3.1237	47.0291	3.08247	184.855	
2.62766	0.224456	2.95099	1.58555	5.18962	173.812	
6.541	0.08567	3.11844	14.7523	-8.69771	193.613	
5.21855	0.132207	3.0903	-2.8206	11.0329	170.77	
5.81838	0.111079	3.10466	9.06801	-12.7344	206.221	
7.01704	0.0689516	3.12596	-34.6923	-6.29318	183.191	
4.13559	0.170488	3.05368	-3.2017	-4.77344	203.093	
4.59374	0.154266	3.0713	35.7183	1.01541	182.8	
0.764205	0.303828	1.99681	-106.265	-47.0125	30.2072	
4.90114	0.143405	3.08126	3.71889	-2.15151	175.476	
5.79625	0.111857	3.10418	5.39015	-0.246257	184.112	
4.65824	0.151986	3.0735	18.9001	-9.67644	164.292	
6.22077	0.0969247	3.11273	11.8706	0.39837	151.946	
4.23482	0.166971	3.05782	-74.3267	6.32332	193.413	
13.207	0.773209	0.141869	7.41491	-10.2477	220.08	
5.24511	0.13127	3.091	20.6499	16.7363	174.803	
4.39979	0.161128	3.0643	-14.8254	1.23521	173.166	
4.41203	0.160694	3.06476	82.5668	-3.05384	162.251	
5.25745	0.130835	3.09133	7.63265	1.71099	185.159	
6.94586	0.0714507	3.1249	2.18825	18.9366	184.706	
4.33135	0.163551	3.06167	13.6054	12.1682	155.464	
5.16381	0.134137	3.08882	52.9788	-11.168	213.143	
4.54367	0.156036	3.06955	-39.0071	14.1668	195.674	
4.59842	0.1541	3.07147	37.1798	6.07395	197.185	
4.34856	0.162941	3.06234	-13.5915	-4.43877	150.262	
4.9708	0.140946	3.08334	14.789	0.807326	151.166	
0.727164	0.316054	1.52544	-23.811	-5.63715	53.0287	
6.59126	0.0839042	3.11929	-9.32583	4.76716	191.405	
5.91515	0.107673	3.1067	-27.9304	-0.0236002	186.083	
4.43955	0.15972	3.06578	-27.3571	-1.72581	210.897	
5.34899	0.127608	3.0937	-9.91982	3.09238	194.406	
7.75231	0.0431518	3.13575	16.9485	-3.45162	177.223	
5.22904	0.131837	3.09058	-33.9912	4.07729	192.103	
6.09876	0.101215	3.1104	-20.6084	9.28903	213.274	
5.30134	0.129288	3.09248	45.5748	12.0153	175.725	
3.36632	0.197868	3.01307	43.4372	-14.9926	179.024	
7.049	0.0678294	3.12643	12.8932	10.1542	215.042	
1.82474	0.254156	2.82279	9.33362	8.66062	140.056	
4.17641	0.169041	3.05541	-31.423	2.67849	191.504	
0.723026	0.314685	1.57918	39.9548	-2.42671	14.7917	
6.17882	0.0983997	3.11194	-37.3564	-7.02731	202.657	
2.10237	0.243729	2.87892	21.9346	-4.33129	229.76	
0.721815	0.314047	1.60444	127.251	51.6996	47.4834	
6.25549	0.0957043	3.11338	16.8573	-2.64524	157.246	
6.25605	0.0956844	3.11339	21.9526	-2.79702	155.368	
6.90837	0.072767	3.12433	23.1625	-6.44438	216.152	
6.14668	0.0995298	3.11133	-9.00623	-0.347885	178.14	
6.26804	0.0952632	3.11361	9.48594	-9.17569	149.925	
7.21017	0.0621723	3.12873	26.0379	-8.19336	181.316	
5.82805	0.110738	3.10487	10.7218	8.12387	171.294	
3.56194	0.190883	3.0251	-29.9669	6.36765	165.808	
7.05562	0.0675973	3.12652	-64.7759	2.80859	194.68	
3.31707	0.199629	3.00982	23.8354	-1.37742	219.395	
6.64843	0.0818958	3.12023	-41.6967	-6.6847	172.253	
4.65947	0.151942	3.07354	27.2018	-7.32435	171.327	
4.83167	0.145858	3.07912	-14.5339	2.932	172.452	
2.70801	0.221541	2.95945	13.7455	-15.5683	174.405	
5.4668	0.123457	3.09663	17.5268	0.504932	212.47	
4.6122	0.153613	3.07194	-57.082	-8.85285	190.73	
4.38048	0.161811	3.06356	-0.0238301	-4.76674	176.301	
3.31487	0.199708	3.00967	25.4252	-9.3647	175.79	
5.47362	0.123217	3.09679	-13.1939	3.72388	207.447	
3.27844	0.201011	3.00719	-39.7378	5.3719	153.373	
7.05626	0.0675745	3.12653	5.39691	14.37	158.911	
6.07303	0.10212	3.10989	31.0168	9.35872	206.82	
5.82029	0.111011	3.1047	1.23488	10.0462	235.283	
3.93067	0.177761	3.04444	16.9992	0.810914	228.135	
5.95487	0.106276	3.10752	-37.27	-4.12832	244.077	
2.79232	0.21849	2.96777	21.8957	-0.829311	135.621	
3.9904	0.17564	3.04723	-39.7561	-7.04782	201.732	
5.35269	0.127478	3.09379	8.21935	7.18776	144.944	
5.72537	0.114352	3.10263	-23.9487	1.04909	198.44	
3.67096	0.186998	3.03123	-18.6246	-5.99569	214.181	
4.12934	0.17071	3.05341	-59.8858	-3.01136	187.988	
2.94191	0.213093	2.98134	-36.0036	1.1492	182.622	
6.07941	0.101896	3.11002	28.5385	-3.59013	213.681	
5.3709	0.126836	3.09425	-12.8289	-6.01939	175.854	
6.38955	0.090992	3.11581	54.9198	-5.51418	175.1	
3.67209	0.186958	3.03129	-25.573	11.0156	201.565	
4.3502	0.162883	3.0624	-12.8418	-3.2269	190.988	
6.0938	0.101389	3.1103	-21.8221	-18.743	203.64	
5.74565	0.113638	3.10308	-21.0235	-1.30982	161.181	
3.91521	0.178311	3.04371	-23.8626	-5.21856	192.243	
5.57507	0.119644	3.09921	36.2232	12.2373	181.677	
5.55372	0.120396	3.09871	12.5213	-2.52771	181.839	
0.723165	0.310646	1.73934	157.885	74.2198	61.0514	
4.15304	0.169869	3.05442	-51.2819	-6.81652	168.419	
6.50713	0.0868601	3.11786	-21.4677	9.1096	224.736	
5.13922	0.135004	3.08814	-56.9715	8.08491	209.204	
4.80778	0.146702	3.07837	29.9205	-10.5077	180.52	
4.92496	0.142564	3.08198	66.8338	-9.12154	202.205	
3.93037	0.177772	3.04443	-43.6196	4.34445	170.968	
3.68728	0.186417	3.03212	-25.9964	1.31307	194.866	
6.48307	0.0877057	3.11745	4.13458	1.29152	203.357	
4.60992	0.153694	3.07186	-48.4214	-14.4578	173.826	
5.12475	0.135515	3.08774	7.87019	-1.25491	163.08	
5.44763	0.124133	3.09616	1.98129	2.1825	167.356	
4.56367	0.155329	3.07026	-37.5973	-8.71857	217.501	
6.24933	0.0959208	3.11327	34.3464	6.41147	212.473	
7.215	0.0620028	3.12879	-8.535	-9.23028	175.742	
4.15532	0.169788	3.05452	33.3107	-1.28055	162.067	
3.22991	0.202749	3.00381	-34.663	-6.27155	201.394	
2.7222	0.221027	2.96089	2.28007	6.76382	210.303	
5.79961	0.111739	3.10426	61.3787	-3.15575	170.519	
7.4162	0.0549424	3.13152	45.0762	-0.725792	183.956	
6.18503	0.0981814	3.11206	44.2874	17.3999	202.598	
3.91488	0.178322	3.04369	-21.502	-19.7293	198.232	
5.89715	0.108307	3.10633	67.4167	7.51977	174.327	
5.48292	0.12289	3.09702	27.5772	-13.9331	184.566	
6.6885	0.0804885	3.12089	50.2086	-10.1608	174.389	
5.83398	0.110529	3.10499	-4.3434	4.52155	192.374	
0.812246	0.299619	2.13721	108.484	14.2159	101.015	
6.53484	0.0858864	3.11834	9.81615	5.75979	198.507	
3.74206	0.184467	3.03503	-17.9861	-1.03583	193.301	
4.09998	0.171751	3.05214	8.16103	-24.7439	169.158	
4.85983	0.144864	3.08	-19.2181	8.47712	218.949	
7.03947	0.0681642	3.12629	10.9043	-9.81026	203.717	
6.71238	0.0796497	3.12127	30.1547	-5.79927	157.865	
6.08446	0.101718	3.11012	-12.5053	-1.61367	201.449	
3.73445	0.184738	3.03463	-35.1555	0.486242	207.408	
4.95984	0.141333	3.08302	1.27488	-15.8133	183.335	
1.29944	0.274939	2.64088	6.04929	4.94561	158.074	
7.37349	0.0564409	3.13095	-38.3832	8.62921	171.708	
4.89658	0.143566	3.08112	-11.4087	-13.3129	199.305	
5.49513	0.12246	3.09731	-6.82401	0.0755732	221.894	
5.24377	0.131317	3.09097	-27.4051	-7.31264	188.507	
3.29817	0.200305	3.00854	-29.7069	-0.88898	170.726	
5.30204	0.129263	3.09249	0.395762	-7.80697	239.867	
0.810035	0.325604	1.1842	-3.36972	8.24482	77.8022	
5.41236	0.125375	3.09529	22.1489	6.49436	186.611	
5.35029	0.127563	3.09373	-30.0044	-1.34636	235.113	
5.70733	0.114987	3.10223	32.2362	3.15264	176.119	
5.93617	0.106934	3.10714	31.7126	4.05904	204.895	
6.82365	0.0757417	3.12303	-12.7843	-7.94668	191.984	
5.5428	0.12078	3.09845	-25.5345	3.23526	191.555	
4.7342	0.149301	3.07602	39.5424	6.66602	234.434	
3.54294	0.191561	3.02399	-15.5251	-3.62476	208.195	
4.06807	0.172883	3.05074	-20.7154	-3.1874	146.221	
3.37228	0.197655	3.01346	-31.3497	-2.93867	150.155	
4.28737	0.165109	3.05994	12.5572	11.6378	171.659	
4.0003	0.175289	3.04769	-23.479	-6.49152	145.607	
4.13527	0.1705	3.05366	-18.603	-2.69624	193.611	
2.61196	0.225026	2.94928	87.1061	6.45401	185.51	
6.23957	0.096264	3.11308	-1.33861	10.4522	213.296	
6.16743	0.0988003	3.11172	-0.824619	-8.67473	191.293	
2.60429	0.225305	2.94843	59.9958	4.35189	177.446	
4.45105	0.159313	3.06621	19.0278	-10.186	172.467	
5.2256	0.131958	3.09049	26.729	-1.6542	184.481	
6.36221	0.0919529	3.11532	-34.0725	-3.22433	220.939	
2.41193	0.232318	2.92538	58.224	3.84941	224.779	
7.02321	0.068735	3.12605	-49.8773	7.98956	199.104	
5.47285	0.123244	3.09677	-25.2652	3.33421	172.353	
4.7647	0.148224	3.077	-14.6088	-9.70221	191.328	
3.35482	0.198279	3.01232	-54.0717	0.724821	168.445	
3.20894	0.203501	3.00231	19.8591	-10.8349	182.316	
4.9995	0.139933	3.08419	-55.5126	-12.9003	173.211	
4.162	0.169551	3.0548	-29.3257	0.445164	195.005	
5.20344	0.132739	3.08989	1.28314	-7.41507	193.007	
4.6523	0.152196	3.0733	40.2649	17.541	182.197	
6.30789	0.0938621	3.11434	-18.2089	-1.05208	218.178	
6.02977	0.103642	3.10904	32.3118	10.2867	187.342	
6.70021	0.080077	3.12108	-5.49161	-9.64286	200.232	
5.76172	0.113073	3.10343	12.8347	2.45613	184.436	
4.83991	0.145567	3.07938	23.9485	0.955326	172.413	
6.40325	0.0905107	3.11606	23.1073	-1.48225	172.161	
7.2243	0.0616764	3.12892	-18.272	4.09887	211.369	
5.38618	0.126298	3.09464	44.8728	-9.17347	198.554	
4.74177	0.149034	3.07626	45.3651	2.24294	157.653	
2.74305	0.220272	2.96297	-28.6581	-5.84397	241.049	
6.78864	0.0769712	3.12248	14.1108	-11.1294	219.171	
3.61801	0.188885	3.0283	18.2121	6.31288	220.674	
6.28143	0.0947922	3.11386	-27.9026	2.38779	172.327	
4.99972	0.139926	3.08419	-23.2065	2.29449	206.063	
5.58517	0.119288	3.09945	-6.98092	-0.128879	188.455	
6.61934	0.082918	3.11975	-17.1203	7.06567	195.632	
5.45869	0.123743	3.09643	-11.5018	4.22166	190.49	
2.69278	0.222093	2.95788	30.0343	-8.58161	219.628	
4.67853	0.151268	3.07418	61.7129	-6.20719	202.059	
15.5929	0.856631	0.133508	-21.2884	6.81523	239.858	
4.4786	0.158338	3.06722	-43.3769	-0.714775	196.871	
3.04506	0.209382	2.98989	22.0727	-0.588917	165.835	
4.42659	0.160179	3.0653	-55.6616	4.77252	163.807	
6.63984	0.0821977	3.12009	-3.69626	2.21811	191.69	
3.25784	0.201749	3.00577	-23.802	-6.66952	205.469	
6.60044	0.0835816	3.11944	24.2614	-13.6279	214.216	
5.47304	0.123238	3.09678	-14.5465	-3.7153	187.15	
3.73302	0.184789	3.03456	-47.9136	-10.8011	228.918	
5.36993	0.126871	3.09423	11.4409	-14.5601	204.55	
7.2474	0.0608659	3.12924	11.5434	-0.0436718	202.664	
7.01787	0.0689222	3.12597	64.7734	-0.33571	209.572	
6.49694	0.0872183	3.11769	7.38318	13.9766	181.763	
4.36665	0.162301	3.06304	46.3571	4.98675	187.598	
0.732462	0.308146	1.83691	68.5445	19.8926	48.7825	
3.70319	0.185851	3.03297	-3.24838	-4.83077	155.882	
4.2915	0.164962	3.0601	-13.9282	-4.83887	203.397	
7.46558	0.0532099	3.13216	49.5455	6.74379	189.912	
4.57931	0.154776	3.0708	-40.2459	-16.1464	189.559	
6.06595	0.102369	3.10975	-18.3259	6.99692	189.392	
4.93195	0.142317	3.08219	27.1357	-3.56301	164.601	
3.3071	0.199986	3.00915	99.6126	13.5965	204.142	
2.23088	0.23897	2.89986	-19.6027	0.181344	191.086	
6.55953	0.085019	3.11875	15.937	3.0999	201.7	
3.56685	0.190708	3.02538	-2.60858	-15.2089	148.87	
5.2799	0.130044	3.09192	43.7799	6.16054	210.144	
6.2453	0.0960624	3.11319	20.0207	7.71306	203.241	
6.81194	0.076153	3.12285	37.0151	0.702144	262.232	
7.03696	0.0682524	3.12625	-11.2266	8.70418	202.26	
4.89076	0.143772	3.08094	-43.1434	13.0665	177.193	
5.23506	0.131624	3.09074	47.2786	8.42924	199.048	
3.35223	0.198371	3.01215	36.3941	11.3939	184.656	
5.92428	0.107352	3.10689	-20.7165	-8.83471	199.722	
7.21262	0.0620863	3.12876	6.68668	9.34521	197.856	
4.36373	0.162404	3.06292	-29.8436	0.711268	164.866	
7.02708	0.0685992	3.12611	17.2166	-9.2673	227.001	
5.77568	0.112581	3.10374	39.47	-6.40384	184.716	
6.85323	0.0747031	3.12349	0.661639	1.50031	197.758	
5.9878	0.105118	3.10819	-17.1626	-4.16119	211.555	
4.82859	0.145967	3.07903	-5.13937	-6.24831	210.514	
6.02273	0.103889	3.1089	-16.5181	-9.53556	221.893	
7.13612	0.0647715	3.12768	14.1867	4.26628	189.443	
3.66344	0.187266	3.03082	-41.6728	-4.15906	201.013	
6.22446	0.096795	3.1128	-10.2115	2.49926	170.656	
3.70542	0.185771	3.03309	10.6627	-1.6122	243.221	
4.28895	0.165052	3.06	-2.5952	-8.96955	155.31	
3.71918	0.185281	3.03382	-6.28581	8.13481	158.945	
4.5869	0.154508	3.07107	27.3656	-17.0845	204.81	
4.56184	0.155394	3.07019	48.1681	-1.88026	184.321	
5.45026	0.12404	3.09622	19.645	-3.52004	246.842	
4.1607	0.169598	3.05475	24.8183	6.96913	181.141	
5.70413	0.1151	3.10216	15.7384	5.79442	207.725	
2.40211	0.232678	2.9241	-34.5978	-6.99895	194.634	
0.726658	0.309474	1.78537	-4.76441	-5.2621	50.1988	
4.55802	0.155529	3.07006	-6.21815	-2.63331	164.803	
6.00055	0.104669	3.10845	-19.114	-8.99393	211.505	
5.52831	0.121291	3.09811	56.2446	-2.67215	191.925	
3.8569	0.180383	3.04087	20.3558	8.34448	155.399	
0.723692	0.31043	1.74783	25.3277	9.62056	20.837	
5.6285	0.117763	3.10045	-26.972	9.39442	205.008	
6.09916	0.101201	3.11041	-37.9841	-4.71312	206.117	
5.33544	0.128086	3.09335	14.607	0.057561	200.543	
5.43151	0.124701	3.09576	-43.7057	6.69205	158.519	
3.39155	0.196966	3.0147	14.9061	-1.90976	173.02	
3.90406	0.178707	3.04317	-10.4842	4.58896	143.577	
6.12062	0.100446	3.11082	-50.8182	4.24152	201.899	
4.8137	0.146493	3.07856	-2.88261	-1.82923	168.626	
5.95422	0.106299	3.10751	31.2492	-0.0982271	195.361	
5.73779	0.113915	3.10291	-6.32244	-17.2585	192.642	
6.38892	0.0910142	3.1158	18.7996	-5.35705	182.546	
5.0945	0.136582	3.0869	-23.3195	3.60811	198.245	
4.13703	0.170437	3.05374	14.2721	16.141	154.96	
4.70877	0.1502	3.07518	-22.6112	-1.66118	206.497	
6.33072	0.0930597	3.11476	-23.1576	-6.63792	224.283	
6.0478	0.103007	3.1094	4.82244	-2.28673	208.319	
4.77984	0.147689	3.07749	-62.7569	10.631	184.576	
7.59532	0.0486584	3.13382	13.3066	-6.91052	196.349	
4.09267	0.172011	3.05182	-17.624	-5.7404	195.109	
4.43692	0.159813	3.06569	-7.71641	-7.3318	162.339	
3.82181	0.18163	3.03913	8.85753	-0.891305	225.857	
2.91861	0.213933	2.97932	20.7633	6.04968	190.373	
3.77434	0.183319	3.03671	-43.3388	-0.607797	203.336	
5.6777	0.11603	3.10157	-2.65132	3.08477	180.995	
3.94367	0.177299	3.04506	37.4415	-6.1221	166.18	
6.57474	0.0844845	3.11901	18.8546	-15.4473	215.848	
3.38225	0.197298	3.01411	21.0205	-2.01783	188.12	
7.34158	0.0575608	3.13052	-57.9727	9.55588	181.438	
4.09891	0.171789	3.05209	6.32708	5.56226	182.504	
6.28569	0.0946427	3.11394	14.069	3.87312	241.224	
6.1661	0.0988472	3.1117	-15.2069	-19.837	170.88	
0.774719	0.322614	1.2827	-50.5273	-24.2784	52.4354	
6.41411	0.0901289	3.11625	-25.7764	-20.1805	185.55	
5.4259	0.124898	3.09563	3.56582	-15.1202	223.212	
4.33221	0.16352	3.06171	-22.9273	-1.87276	178.493	
6.09169	0.101464	3.11026	-9.3682	-1.74054	198.526	
4.86571	0.144656	3.08018	62.1999	-6.59681	168.023	
5.64466	0.117194	3.10082	-23.3975	15.5485	177.99	
5.29184	0.129623	3.09223	35.388	-4.42245	179.647	
5.82984	0.110675	3.10491	1.80026	-7.7884	177.255	
6.16818	0.098774	3.11174	-43.9556	-4.60768	167.383	
4.38241	0.161743	3.06364	-23.811	-3.29357	209.765	
3.46827	0.194226	3.01951	-11.2086	-5.65684	238.336	
5.80234	0.111643	3.10432	-4.46885	-7.65927	182.341	
6.52996	0.0860581	3.11825	8.49243	4.90073	174.124	
5.29329	0.129572	3.09227	4.40433	-1.09699	202.517	
4.80462	0.146814	3.07827	27.5582	-13.6617	187.649	
2.82981	0.217136	2.97131	40.189	-7.92033	187.556	
7.40834	0.0552181	3.13141	-18.3387	-2.08687	226.107	
4.69629	0.150641	3.07477	-11.4468	4.88958	187.748	
3.57106	0.190558	3.02562	0.452318	-6.5075	185.678	
7.21706	0.0619307	3.12882	5.60972	1.814	236.961	
2.47291	0.23009	2.9331	-6.35118	-11.0157	182.051	
5.79236	0.111994	3.1041	-9.2783	-4.16757	172.377	
6.30157	0.0940844	3.11423	9.13729	6.08494	183.778	
5.62616	0.117845	3.10039	10.4829	2.61023	184.047	
3.86645	0.180043	3.04134	105.269	-9.68502	166.218	
5.7138	0.114759	3.10238	-17.6849	-2.95769	181.654	
3.86999	0.179918	3.04152	-35.9745	-5.66698	220.037	
4.24666	0.166551	3.05831	10.6287	12.5017	198.374	
7.01361	0.0690719	3.12591	17.0136	10.9132	231.847	
5.66567	0.116454	3.10129	11.7751	-0.886751	172.772	
3.84896	0.180665	3.04048	50.6061	-5.07032	165.68	
4.95057	0.14166	3.08274	22.1438	9.02917	229.11	
4.06325	0.173054	3.05053	-9.09667	1.14337	205.682	
3.65816	0.187454	3.03053	-25.9157	-0.652919	153.659	
4.89397	0.143658	3.08104	-15.6273	-1.6102	173.863	
3.60568	0.189324	3.0276	29.4129	1.38538	186.052	
6.16457	0.098901	3.11167	29.3699	2.63929	182.149	
4.32724	0.163696	3.06151	18.7457	0.962849	163.606	
5.39521	0.12598	3.09486	-26.5108	-4.18065	180.219	
3.5151	0.192554	3.02234	35.4239	9.53793	211.648	
6.77547	0.0774339	3.12228	14.4983	9.2187	206.602	
6.17299	0.0986049	3.11183	-47.6394	12.5785	190.298	
6.3554	0.0921923	3.1152	11.095	13.8234	207.503	
6.52937	0.0860786	3.11824	22.0055	1.95144	210.837	
3.20723	0.203562	3.00219	-31.7576	1.00776	159.145	
5.85652	0.109737	3.10547	-16.784	5.09981	179.313	
4.32043	0.163937	3.06125	-1.76801	3.48677	181.602	
5.07392	0.137307	3.08632	22.5669	4.51771	215.373	
5.09331	0.136623	3.08687	-9.79347	-6.79292	181.273	
6.30983	0.0937942	3.11438	5.72155	2.01768	179.958	
4.66426	0.151773	3.07371	42.4807	-1.33677	193.806	
4.7256	0.149605	3.07574	-34.9783	0.495152	149.712	
6.98309	0.0701435	3.12546	-3.3138	-9.53726	218.997	
4.7133	0.15004	3.07533	64.1431	-0.236523	164.614	
3.7748	0.183302	3.03673	-28.018	12.8218	123.664	
5.64725	0.117102	3.10088	-15.586	-5.1887	205.935	
5.98462	0.10523	3.10813	5.84498	-8.84156	172.313	
5.59577	0.118915	3.09969	-4.89599	-12.9435	218.142	
5.32612	0.128415	3.09311	-23.1616	-2.71862	212.863	
5.67165	0.116243	3.10143	-25.7566	3.03844	181.677	
6.91416	0.552828	0.191703	-28.1887	9.46949	264.549	
5.19836	0.132919	3.08976	-35.9335	4.21881	216.861	
6.18758	0.0980917	3.11211	-25.2796	-5.14858	167.456	
6.39644	0.0907497	3.11594	-23.7102	-13.3427	180.159	
5.36488	0.127049	3.0941	30.2951	-14.5034	186.41	
3.41201	0.196235	3.01601	23.6016	-10.1129	180.943	
3.55027	0.1913	3.02442	-11.2893	-12.0446	179.707	
4.96998	0.140975	3.08332	3.07303	-5.88751	175.031	
5.43558	0.124557	3.09586	-11.5639	2.95971	212.391	
3.79561	0.182562	3.0378	24.8808	-3.44842	125.043	
7.36864	0.0566112	3.13089	-51.5638	-11.2398	225.934	
7.22303	0.0617209	3.1289	-25.2259	-3.71835	194.785	
2.71617	0.221246	2.96028	54.4393	9.19228	246.466	
6.92008	0.0723559	3.12451	-33.1874	1.63742	162.665	
3.69276	0.186222	3.03241	40.1571	-6.78943	170.491	
5.00623	0.139696	3.08438	0.997202	-5.44373	178.384	
4.46806	0.158711	3.06683	25.2652	4.29737	195.5	
7.15813	0.0639989	3.12799	49.7295	-10.909	187.435	
5.03928	0.13853	3.08533	-30.1971	-13.7711	219.983	
6.49914	0.087141	3.11773	20.36	-14.0624	185.432	
5.75242	0.1134	3.10323	9.16858	4.07379	186.647	
2.73137	0.220695	2.96181	-23.0899	-2.89021	237.128	
7.84533	0.0398896	3.13686	-30.069	-1.09351	209.699	
7.66657	0.046159	3.1347	40.3957	7.76498	167.352	
3.41297	0.196201	3.01607	36.0841	1.40959	180.734	
0.74996	0.31993	1.37818	39.7336	23.2396	43.2606	
2.56864	0.226601	2.94443	37.8029	6.31607	188.539	
2.91705	0.213989	2.97918	28.6465	-4.73535	200.304	
6.45158	0.0888121	3.1169	-24.8091	4.08452	211.177	
3.78245	0.18303	3.03713	47.4829	9.70551	211.594	
2.12293	0.242965	2.88245	-49.4453	-7.20787	173.387	
7.19213	0.0628055	3.12847	-1.54785	4.49557	191.117	
6.58676	0.0840622	3.11921	46.0932	-11.4433	181.565	
6.70649	0.0798567	3.12118	-15.784	2.50717	217.676	
6.29701	0.0942445	3.11414	56.0836	-1.63954	210.581	
4.18675	0.168674	3.05584	12.9096	10.4273	208.155	
5.47491	0.123172	3.09682	-27.632	16.9845	174.909	
0.725101	0.315457	1.54882	148.465	71.041	40.3296	
5.72092	0.114509	3.10253	-16.5076	6.36966	185.588	
5.78789	0.112152	3.104	38.1893	6.96092	201.686	
2.98168	0.211661	2.98471	32.1784	-5.61871	173.08	
6.00677	0.10445	3.10858	41.0338	0.431635	190.83	
7.35983	0.0569202	3.13077	11.7674	4.36305	212.172	
5.12244	0.135596	3.08768	-11.3433	0.108658	155.357	
4.54214	0.15609	3.0695	9.64455	7.77879	168.879	
3.10745	0.207141	2.99478	29.8087	-3.56513	187.697	
5.32865	0.128326	3.09318	-12.4281	-13.122	229.04	
7.17522	0.0633992	3.12824	-57.9066	-3.95157	180.005	
3.86433	0.180118	3.04124	5.72917	-0.765106	198.224	
6.25405	0.095755	3.11335	37.7092	0.385999	184.913	
2.83165	0.21707	2.97148	-15.97	0.418381	185.966	
4.8771	0.144254	3.08053	14.4266	-3.50898	214.04	
5.41562	0.125261	3.09537	-46.4183	-1.83118	165.389	
3.68695	0.186429	3.0321	-63.3383	-16.3333	173.131	
3.37387	0.197598	3.01356	-17.0658	-9.40558	165.818	
4.60665	0.15381	3.07175	4.39322	-1.15401	177.043	
7.84927	0.0397515	3.1369	20.2569	11.7546	179.733	
1.96875	0.248719	2.85404	-31.5664	-26.1808	165.736	
3.45387	0.19474	3.01863	-68.302	-19.3929	176.065	
5.72282	0.114442	3.10258	18.4411	-4.59523	200.186	
5.99675	0.104803	3.10837	-18.1842	-2.68596	194.787	
1.32997	0.273664	2.6561	66.3455	2.44314	159.779	
1.88156	0.252002	2.83574	57.6685	-6.26147	211.968	
4.80041	0.146962	3.07814	-1.94223	10.1832	186.561	
0.814099	0.325912	1.17455	80.7204	25.9049	41.2802	
4.69717	0.474782	0.241324	-0.525021	-3.3433	157.35	
0.738435	0.318301	1.43894	-81.2119	-23.4858	53.8063	
4.92476	0.142571	3.08197	-36.0628	11.2767	153.182	
5.52536	0.121395	3.09804	-35.0485	9.22669	206.269	
0.72209	0.311176	1.71836	106.529	32.8242	42.4927	
6.88241	0.0736784	3.12394	5.72703	14.5324	157.733	
5.83226	0.11059	3.10496	-16.6656	-2.89859	197.446	
6.49298	0.0873574	3.11762	5.09954	-9.76178	204.239	
6.28828	0.0945516	3.11398	6.2011	1.14818	199.88	
5.65621	0.116787	3.10108	-52.327	1.46854	228.52	
5.50537	0.122099	3.09756	-12.224	-0.2274	210.813	
4.87233	0.144422	3.08038	-42.4777	-4.52841	185.44	
3.97222	0.176286	3.04639	-15.7357	5.44261	209.516	
5.00492	0.139742	3.08434	-20.2989	-0.224996	166.418	
3.08316	0.208013	2.9929	-16.5375	-0.347293	202.747	
6.66	0.0814897	3.12042	-34.4533	6.2147	195.429	
2.4804	0.229816	2.93402	46.6295	3.75307	158.984	
5.77305	0.112674	3.10368	-5.30514	-0.93007	187.39	
6.75186	0.078263	3.1219	-18.3331	11.9459	167.012	
5.29388	0.129551	3.09228	56.5523	4.79725	159.912	
3.44429	0.195082	3.01803	-32.3279	-2.61971	191.288	
4.94311	0.141924	3.08252	-17.1894	-10.4295	199.578	
14.4421	0.816396	0.137195	-5.00698	-0.762196	179.581	
5.01787	0.139285	3.08472	-25.1154	5.92694	189.146	
4.94628	0.141812	3.08262	7.6683	6.21389	186.632	
5.25868	0.130792	3.09136	21.7757	2.75304	193.635	
6.56132	0.0849563	3.11878	14.5182	-8.50327	226.071	
5.01892	0.139248	3.08475	-25.4466	9.96735	189.731	
7.52363	0.0511734	3.13291	23.0671	-7.48599	244	
5.4643	0.123546	3.09657	-1.52417	5.91145	216.251	
6.51143	0.086709	3.11794	-8.70097	5.25687	144.388	
3.42927	0.195618	3.0171	-7.63501	8.39792	206.212	
6.74371	0.0785492	3.12177	25.8266	3.89693	189.475	
3.71263	0.185515	3.03348	17.3457	2.91745	170.899	
5.46954	0.123361	3.09669	-5.93055	1.55389	170.783	
5.35122	0.12753	3.09375	52.7075	16.574	210.699	
4.47565	0.158443	3.06711	22.1244	7.20983	202.376	
3.46623	0.194298	3.01939	18.2084	-11.638	233.645	
5.14812	0.13469	3.08839	-1.58883	8.64312	200.169	
4.01423	0.174794	3.04832	-21.3353	26.1179	182.213	
4.76558	0.148193	3.07703	-1.51613	-3.97719	184.126	
2.88965	0.214977	2.97676	-8.37657	-1.95243	202.223	
4.6301	0.15298	3.07255	30.6873	6.59224	176.502	
4.92178	0.142677	3.08188	10.8907	-4.6339	198.684	
3.52881	0.192065	3.02316	-40.5379	4.51922	215.106	
5.69502	0.115421	3.10196	-4.27705	0.830313	182.449	
0.738512	0.318313	1.43847	123.048	40.7092	40.883	
3.40978	0.196314	3.01587	19.8277	-9.14533	209.065	
3.47259	0.194071	3.01978	-17.1638	-4.04728	165.972	
5.99595	0.104831	3.10836	-8.50975	3.03023	178.843	
2.66872	0.222965	2.95538	42.2352	9.39908	229.904	
4.67109	0.151531	3.07393	14.4523	-2.29769	228.37	
6.35458	0.0922209	3.11519	-9.19527	4.74689	205.284	
4.2178	0.167574	3.05713	-13.9612	-0.404821	151.071	
4.44817	0.159415	3.0661	24.2188	-2.29161	219.424	
4.94696	0.141788	3.08264	-8.25322	10.8782	171.202	
2.64457	0.223842	2.95282	-14.0348	11.4914	211.597	
5.08267	0.136999	3.08657	4.33555	6.52967	192.789	
0.767792	0.321934	1.3063	46.0768	13.7941	45.2144	
2.9615	0.212388	2.98301	-47.4943	-8.51138	191.212	
2.99697	0.211111	2.98598	27.5351	6.63778	177.893	
3.6822	0.186598	3.03184	64.9763	5.52935	162.996	
4.52709	0.156623	3.06896	-21.5871	-24.6896	191.268	
5.10134	0.13634	3.08709	-1.56383	-4.47454	197.805	
5.64341	0.117237	3.10079	25.206	13.1425	196.409	
5.40299	0.125706	3.09506	-59.2634	8.20288	183.631	
3.33204	0.199093	3.01082	15.0327	11.7016	214.973	
3.56822	0.190659	3.02546	33.9931	6.59393	163.862	
6.38558	0.0911316	3.11574	-41.4525	1.74433	199.58	
4.36776	0.162261	3.06308	2.1962	2.91599	182.575	
5.91089	0.107823	3.10661	41.2316	12.5192	220.195	
3.80407	0.182261	3.03823	46.478	-0.717162	205.436	
6.04702	0.103035	3.10938	-42.1715	4.89015	153.432	
6.278	0.094913	3.1138	-44.6938	-1.255	172.642	
5.99459	0.104879	3.10833	-36.5325	-0.716654	176.323	
4.49726	0.157678	3.06789	28.6569	18.3201	172.853	
3.40818	0.196371	3.01577	59.2271	7.59174	177.416	
7.22355	0.0617028	3.12891	-48.032	-1.77758	175.465	
4.77433	0.147883	3.07731	41.2768	1.1271	220.873	
2.93329	0.213404	2.98059	59.9891	2.68763	215.807	
3.55188	0.191242	3.02451	-1.56295	5.09427	222.408	
2.20751	0.239833	2.89625	34.2134	6.14044	186.597	
4.78296	0.147578	3.07759	31.9965	-6.0498	163.511	
2.90229	0.214521	2.97788	-11.7107	-5.94564	210.089	
6.69578	0.0802326	3.121	23.25	8.97572	221.394	
6.16238	0.0989778	3.11163	-31.9329	9.4652	149.288	
5.91317	0.107743	3.10666	29.4548	2.20347	214.775	
4.8161	0.146408	3.07863	-0.561384	5.98605	205.878	
3.84539	0.180792	3.0403	35.9748	-3.19521	212.631	
3.81858	0.181745	3.03896	1.9447	-9.15653	196.555	
3.41352	0.196181	3.0161	33.0052	3.1045	138.061	
0.813952	0.325901	1.1749	-19.1166	-12.7839	47.4037	
5.69159	0.115541	3.10188	-40.892	-9.09848	156.364	
5.01571	0.139361	3.08466	76.021	-2.3051	211.699	
4.62517	0.153155	3.07238	11.3138	0.0913269	226.454	
6.12896	0.100153	3.11098	17.3211	-0.307811	196.766	
5.1071	0.136137	3.08725	-30.427	-7.39077	187.957	
3.75898	0.183865	3.03592	-22.2012	-11.5561	177.722	
5.69081	0.115569	3.10186	-27.2113	-0.86721	220.49	
4.69905	0.150543	3.07486	10.6307	1.93725	193.861	
5.48768	0.122722	3.09713	25.0103	-6.26514	229.044	
3.05003	0.209203	2.99028	-29.2194	6.27734	193.076	
3.38575	0.197173	3.01433	56.9226	0.140085	160.037	
5.55171	0.120467	3.09866	5.94196	-13.3591	190.173	
5.93381	0.107017	3.10709	28.9328	4.68186	191.027	
4.35094	0.162857	3.06243	18.6127	9.6243	159.539	
6.03258	0.103543	3.10909	-15.3335	15.7776	247.804	
6.5023	0.08703	3.11778	-33.1665	-0.446678	192.898	
4.68764	0.150946	3.07449	44.4083	5.11207	201.334	
7.09298	0.0662855	3.12706	13.4049	2.08356	206.477	
3.1837	0.204405	3.00048	13.2197	2.60288	188.83	
2.3358	0.235108	2.91516	-33.3374	-0.551012	156.047	
5.41136	0.125411	3.09526	-8.50736	-10.03	197.863	
2.77258	0.219204	2.96587	6.36353	-12.9751	171.55	
5.67375	0.11617	3.10148	1.86576	-3.35235	171.258	
5.37584	0.126662	3.09438	41.0995	15.6419	223.359	
6.10593	0.100963	3.11054	18.186	-0.544893	154.112	
5.23225	0.131723	3.09066	21.4874	10.0744	147.419	
5.35548	0.12738	3.09386	-26.5975	4.34832	213.797	
6.21226	0.0972239	3.11257	-58.742	1.39463	221.292	
6.86778	0.0741923	3.12371	35.3106	4.88789	216.724	
4.54958	0.155827	3.06976	-32.075	-12.763	116.258	
5.73205	0.114117	3.10278	-1.57388	4.66074	204.783	
6.88934	0.0734352	3.12405	63.7949	0.380863	205.959	
2.34948	0.234607	2.91705	32.2131	10.4146	180.158	
4.57106	0.155068	3.07052	9.71259	-9.01125	166.326	
4.14639	0.170105	3.05414	-15.1495	0.732451	183.592	
2.4739	0.230053	2.93322	10.5807	12.2006	203.317	
6.23451	0.0964417	3.11299	-44.226	2.39168	201.428	
5.55092	0.120494	3.09864	-10.7693	8.46528	174.245	
6.98444	0.070096	3.12548	-25.2316	2.98423	239.591	
5.7026	0.115154	3.10213	7.22241	4.77944	194.762	
5.47372	0.123214	3.0968	-27.1274	-6.34333	133.926	
3.86002	0.180272	3.04103	5.74142	-19.3644	185.84	
4.26346	0.165955	3.05898	47.9866	3.97049	223.815	
5.14621	0.134757	3.08834	6.03827	-3.92874	183.124	
6.30268	0.0940455	3.11425	-18.5287	-11.4586	211.35	
3.31092	0.199849	3.0094	32.0169	2.39109	182.364	
6.62014	0.0828898	3.11977	51.2388	-3.14399	198.388	
4.68105	0.151179	3.07427	21.3645	-9.96214	171.752	
3.88511	0.17938	3.04225	-24.1567	11.54	216.296	
1.77191	0.25617	2.80993	-29.8234	-1.30675	206.07	
5.83553	0.110475	3.10503	-11.8956	0.215662	176.021	
6.93354	0.071883	3.12472	-19.3855	-22.6654	147.96	
2.81769	0.217574	2.97018	26.2893	-12.5341	160.883	
3.38971	0.197031	3.01459	-3.55711	-9.1644	185.191	
5.12214	0.135607	3.08767	-41.9252	2.78089	185.536	
4.06713	0.172917	3.0507	-37.4891	-8.00652	171.323	
5.503	0.122182	3.0975	24.666	-0.848474	156.673	
6.22205	0.09688	3.11276	2.98984	-14.2904	190.573	
3.36549	0.197897	3.01302	9.11568	6.56427	183.448	
2.44079	0.231263	2.92908	3.58525	8.00098	207.896	
3.47996	0.193808	3.02023	-31.9674	-5.64927	153.81	
5.10391	0.13625	3.08716	-5.55472	6.84186	181.83	
5.53124	0.121188	3.09818	39.4918	8.95916	146.702	
1.75064	0.256984	2.80452	-84.4079	-15.38	157.938	
11.8035	0.724113	0.148369	41.9713	6.65661	197.11	
5.6537	0.116875	3.10102	-22.345	11.2864	197.325	
6.33394	0.0929466	3.11482	-10.1449	-0.415608	192.186	
5.93917	0.106828	3.1072	12.5688	-2.53618	195.843	
4.99008	0.140266	3.08391	25.8426	1.11418	195.258	
3.4787	0.193853	3.02015	12.8464	-1.24287	167.12	
4.28551	0.165175	3.05987	-8.42164	-0.227927	177.816	
4.37081	0.162153	3.0632	21.1327	-10.4888	205.658	
4.57014	0.1551	3.07048	16.4969	11.2789	188.045	
3.19415	0.204031	3.00124	28.781	-4.88796	140.106	
6.55051	0.0853361	3.1186	30.5653	3.90333	184.47	
3.81384	0.181914	3.03873	17.3242	-16.7788	166.454	
3.05255	0.209113	2.99048	-77.4741	-4.38854	165.07	
5.47644	0.123118	3.09686	57.9408	11.8008	151.207	
5.63235	0.117627	3.10054	-75.8474	9.35499	181.602	
5.74022	0.113829	3.10296	-9.00164	6.4373	191.311	
4.34862	0.162939	3.06234	96.8528	2.78896	184.515	
4.10362	0.171622	3.0523	19.0076	0.653128	153.993	
7.30594	0.0588116	3.13004	-3.48632	-8.42366	214.435	
6.01123	0.104294	3.10866	-6.69565	-10.6054	155.992	
6.01066	0.104314	3.10865	29.4827	-4.76487	168.515	
6.00368	0.104559	3.10851	-31.7659	2.72504	211.374	
7.5034	0.0518829	3.13265	8.84128	0.263621	218.875	
4.33155	0.163544	3.06168	-34.5704	-7.61684	241.923	
6.41033	0.0902616	3.11618	18.3558	-2.26499	230.926	
7.37466	0.0563998	3.13097	12.232	11.7202	193.888	
2.23223	0.23892	2.90007	-7.24377	-1.23966	221.159	
4.07754	0.172547	3.05116	-27.3636	0.294011	186.084	
4.26374	0.165946	3.059	-34.2858	-7.50593	190.223	
5.78585	0.112223	3.10396	36.5046	2.12066	194.012	
5.61519	0.118231	3.10014	30.9288	16.2021	190.889	
3.4695	0.194181	3.01959	-43.0673	-7.38542	219.725	
2.72294	0.221	2.96096	23.8738	-4.96481	189.521	
6.17435	0.098557	3.11185	19.1948	-1.22408	195.547	
4.11701	0.171147	3.05288	31.0348	-3.69787	169.632	
5.24644	0.131223	3.09104	2.82767	5.00457	213.994	
5.97264	0.105651	3.10788	-9.79533	-6.27628	181.219	
5.1429	0.134874	3.08825	-6.92971	-15.7352	235.42	
4.4056	0.160922	3.06452	26.8288	4.99648	170.627	
3.84297	0.180878	3.04018	58.5524	10.9583	200.408	
6.47083	0.0881355	3.11724	-26.9508	7.06481	234.242	
4.19976	0.168213	3.05638	37.365	-3.27762	170.565	
5.79569	0.111877	3.10417	-31.2988	-1.81108	149.118	
3.89229	0.179125	3.0426	-20.1903	-2.1747	217.049	
6.84402	0.0750266	3.12335	15.8329	2.40197	193.856	
5.55215	0.120451	3.09867	-19.7425	-4.36491	203.442	
4.0077	0.175026	3.04803	-35.8885	-1.24712	190.113	
4.42924	0.160085	3.0654	-27.5188	-4.82751	183.063	
4.08393	0.172321	3.05144	49.4336	9.64163	182.788	
11.8481	0.725673	0.148139	49.3541	8.10878	231.051	
3.47925	0.193833	3.02018	2.60733	-2.91393	173.531	
5.4453	0.124215	3.0961	-53.5888	-2.66711	176.993	
5.54495	0.120705	3.0985	-19.8774	10.3485	212.249	
4.94137	0.141985	3.08247	-27.5704	6.91373	185.622	
6.17746	0.0984475	3.11191	-28.621	-2.75318	196.494	
3.1803	0.204527	3.00023	37.5749	-9.23802	171.873	
2.76007	0.219656	2.96465	-57.4243	-6.28996	180.923	
5.70393	0.115107	3.10216	1.37079	1.48049	175.819	
4.05213	0.173449	3.05003	24.7266	6.1274	221.425	
4.74482	0.148926	3.07636	-15.3006	4.99361	195.772	
4.68161	0.15116	3.07428	6.83221	-2.26495	229.125	
4.91247	0.143005	3.0816	19.1112	-25.183	150.754	
0.759805	0.32109	1.33616	-67.1784	-37.2998	22.1951	
2.72156	0.221051	2.96082	-36.6729	10.6906	162.187	
3.57126	0.190551	3.02564	47.4868	-9.39286	183.818	
3.43994	0.195237	3.01776	-33.1969	-15.2125	200.829	
4.72061	0.149781	3.07557	1.59677	10.9921	141.746	
3.88878	0.179249	3.04243	-11.629	-1.44862	223.98	
6.79446	0.0767668	3.12258	20.6183	2.62686	199.653	
6.21408	0.0971599	3.11261	24.056	-3.59917	184.204	
5.7996	0.111739	3.10426	15.3406	13.1665	176.124	
0.722365	0.314367	1.59177	10.6815	12.1575	5.89409	
5.77336	0.112663	3.10369	4.39104	2.35274	211.994	
5.64645	0.117131	3.10086	29.2779	0.626382	206.991	
4.08844	0.17216	3.05164	34.0627	1.46308	142.222	
5.19657	0.132982	3.08971	6.79753	-3.0952	195.761	
3.20222	0.203741	3.00183	-20.6092	-5.05076	204.089	
3.06313	0.208732	2.99132	-51.0733	-0.549176	207.841	
5.9906	0.105019	3.10825	-10.6293	-6.2737	172.355	
4.24571	0.166585	3.05827	37.0833	12.7021	233.045	
5.90238	0.108123	3.10644	4.79295	0.93413	154.498	
6.74529	0.0784937	3.1218	12.424	-11.3851	193.1	
4.34111	0.163205	3.06205	22.7884	3.40726	216.878	
5.88376	0.108778	3.10605	14.5972	-2.53024	192.755	
4.24919	0.166461	3.05841	26.8583	3.53385	168.345	
3.29276	0.200499	3.00817	6.13898	4.07286	178.272	
6.09018	0.101517	3.11023	-12.4212	1.62866	207.518	
4.65217	0.1522	3.0733	-19.6459	-1.79722	185.665	
5.65872	0.116698	3.10114	10.2296	6.85723	194.433	
5.26656	0.130514	3.09157	-83.9955	-5.96114	178.366	
5.33213	0.128203	3.09327	-7.98761	-1.53359	163.552	
2.75149	0.219967	2.96381	-44.8929	2.81149	198.857	
4.19415	0.168412	3.05615	14.8765	13.5647	181.096	
4.40754	0.160853	3.06459	-7.86591	6.70574	185.35	
3.84902	0.180663	3.04048	22.5241	-9.01098	149.21	
4.15291	0.169874	3.05442	-48.5769	3.93452	199.618	
2.89735	0.214699	2.97745	47.7347	5.51646	151.509	
3.55619	0.191089	3.02476	-3.27772	-3.06279	207.338	
5.32147	0.128579	3.09299	49.5234	0.421298	207.448	
4.79916	0.147006	3.0781	-17.7179	0.282918	208.775	
6.51595	0.0865502	3.11801	56.6546	3.73024	235.94	
4.26045	0.166062	3.05886	11.5679	8.88006	201.237	
4.5572	0.155558	3.07003	39.4057	7.8667	187.972	
4.45366	0.159221	3.0663	-17.4987	-4.07163	183.274	
7.07249	0.0670049	3.12677	-6.13901	9.73908	201.118	
5.94886	0.106488	3.1074	-44.3028	10.5843	180.735	
5.37077	0.126841	3.09425	-30.9482	-17.5437	160.837	
6.21941	0.0969725	3.11271	32.7297	16.5164	175.496	
6.99794	0.0696221	3.12568	8.17593	-5.46567	155.088	
4.69463	0.1507	3.07472	-15.6355	-3.49445	213.042	
6.14862	0.0994618	3.11136	40.0722	1.91701	188.976	
3.33182	0.199101	3.0108	42.5844	-4.73153	166.789	
4.39566	0.161274	3.06414	-46.2993	0.567617	175.367	
5.69963	0.115258	3.10206	-5.48376	-2.92598	171.909	
4.34892	0.162928	3.06235	-1.5214	-5.69428	192.838	
5.02091	0.139178	3.08481	-96.632	8.04954	199.358	
3.94832	0.177134	3.04528	2.163	-3.88252	202.286	
4.62559	0.15314	3.0724	7.29667	-16.4623	189.55	
6.768	0.0776961	3.12216	-13.1958	-4.32117	195.646	
16.7127	0.895772	0.130407	-0.0484989	3.16509	217.752	
4.0268	0.174348	3.04889	39.5239	6.16489	178.293	
4.38545	0.161635	3.06375	-18.0729	-0.476593	204.254	
4.97737	0.140714	3.08354	-26.522	3.35391	165.132	
6.72936	0.0790534	3.12154	-8.567	-5.75142	206.132	
3.37711	0.197482	3.01377	-11.5924	-7.24255	173.417	
6.45342	0.0887474	3.11694	17.232	2.53298	203.214	
5.87942	0.10893	3.10596	-4.19548	-1.26458	176.753	
5.78172	0.112369	3.10387	-6.76899	4.12028	188.086	
6.05418	0.102783	3.10952	-15.1198	10.8544	177.096	
2.75411	0.219872	2.96407	-43.1875	5.61117	169.107	
5.81021	0.111366	3.10449	-14.6318	8.7458	172.144	
6.0567	0.102694	3.10957	35.5949	5.55379	198.985	
6.61247	0.0831593	3.11964	-5.7957	6.04374	177.709	
5.31512	0.128802	3.09283	14.6944	-4.97434	177.963	
5.30178	0.129273	3.09249	44.6918	2.73666	236.882	
3.71109	0.18557	3.03339	5.2899	0.013601	175.777	
5.3174	0.128722	3.09289	-53.6618	3.51487	213.428	
4.77682	0.147795	3.07739	5.47534	5.10727	174.719	
6.55731	0.0850972	3.11872	-7.58218	4.10765	161.811	
5.18727	0.13331	3.08946	-49.6991	-4.37186	172.324	
5.39411	0.126019	3.09483	25.3456	4.18181	174.518	
3.30375	0.200106	3.00892	-43.0986	6.0819	197.316	
6.25103	0.095861	3.1133	-16.9539	-9.77295	185.378	
4.83144	0.145866	3.07912	56.4311	-1.9698	188.805	
6.11584	0.100614	3.11073	-21.5828	0.441775	196.691	
4.41486	0.160594	3.06486	-6.57993	0.680403	144.542	
6.44821	0.0889305	3.11685	3.34698	5.32434	182	
3.32169	0.199463	3.01013	-65.0616	-6.98324	205.913	
6.55511	0.0851745	3.11868	-3.89115	-5.26547	173.503	
4.621	0.153302	3.07224	-3.89198	0.907279	195.686	
5.32192	0.128563	3.09301	-24.3743	-7.67409	179.046	
5.84317	0.110206	3.10519	-20.8547	-1.7644	166.258	
5.66856	0.116352	3.10136	-32.8804	1.80247	180.957	
2.2805	0.237141	2.90728	40.8181	7.10842	186.982	
3.45479	0.194707	3.01868	16.5501	0.627663	169.026	
5.12695	0.135437	3.08781	-55.1052	9.89128	192.298	
4.39216	0.161398	3.06401	25.8895	-13.572	170.382	
3.21795	0.203178	3.00296	78.1444	10.2712	172.015	
5.76153	0.113079	3.10343	5.93373	0.0729354	202.55	
2.53064	0.227984	2.94004	-2.05662	-13.6856	202.657	
5.38908	0.126196	3.09471	-25.3392	2.94619	162.894	
4.71329	0.15004	3.07533	16.2002	1.03719	207.231	
3.89956	0.178867	3.04295	21.7711	-4.37913	209.328	
7.14422	0.0644871	3.1278	1.59373	2.32197	194.237	
3.47114	0.194123	3.01969	38.1197	-3.91634	160.063	
5.9255	0.107309	3.10692	40.2839	3.82352	174.097	
5.60029	0.118756	3.0998	27.5543	9.04896	172.825	
5.23266	0.131709	3.09067	31.6501	5.81943	164.902	
3.93413	0.177638	3.04461	3.87491	-2.04317	170.692	
6.49533	0.0872747	3.11766	-21.9631	-0.682467	252.411	
4.81701	0.146376	3.07866	-2.83126	17.1157	176.124	
6.84368	0.0750384	3.12334	-60.7074	13.7255	210.516	
3.694	0.186178	3.03248	-34.2202	-7.65981	188.41	
21.5053	1.06325	0.120789	-16.2113	-4.88066	268.984	
3.69755	0.186051	3.03267	-15.9648	-12.3865	207.052	
3.77144	0.183422	3.03656	-36.4418	-7.58732	181.642	
5.26812	0.130459	3.09161	-29.8026	-4.05281	199.261	
3.56991	0.190599	3.02556	56.675	0.314844	174.796	
2.36587	0.234005	2.91928	-67.5824	-8.57606	220.933	
4.65157	0.152222	3.07328	7.24519	-12.4456	209.811	
5.69936	0.115268	3.10205	15.6092	-4.78778	176.213	
3.47949	0.193825	3.0202	-22.8845	7.56485	210.088	
3.65712	0.187491	3.03047	-8.22946	2.42626	205.125	
5.6758	0.116097	3.10152	-30.8575	-2.24698	183.501	
5.65641	0.11678	3.10109	-19.7898	-11.9262	188.397	
5.94574	0.106597	3.10733	-6.19201	0.223763	201.838	
7.05505	0.0676171	3.12652	23.0051	-4.6954	212.847	
3.42471	0.195781	3.01681	-57.5557	-8.78177	197.948	
7.14437	0.064482	3.1278	28.6819	-1.42319	214.598	
6.81704	0.075974	3.12293	32.4412	-4.42489	149.972	
4.08725	0.172203	3.05158	-3.4233	3.91436	169.656	
5.46758	0.12343	3.09665	-21.8587	-1.46409	165.908	
3.79971	0.182416	3.03801	-22.7448	2.06257	119.001	
5.33194	0.128209	3.09326	-57.3266	15.2962	212.561	
4.97008	0.140972	3.08332	34.4911	18.712	224.394	
5.32172	0.12857	3.093	-28.4571	6.17387	167.714	
3.61115	0.189129	3.02791	52.3562	-17.9284	214.709	
4.53618	0.156301	3.06929	2.34978	3.55623	140.499	
3.99915	0.175329	3.04764	21.7252	2.89738	181.51	
5.23358	0.131677	3.0907	-34.8051	7.6738	215.166	
6.18439	0.0982041	3.11205	1.38072	14.7878	208.895	
10.8699	0.691445	0.153625	-13.4366	-1.25558	218.819	
5.29202	0.129616	3.09223	-54.5964	-2.62999	192.965	
4.77939	0.147705	3.07747	33.3831	0.426415	204.627	
5.75732	0.113227	3.10334	-8.22263	-1.36923	170.851	
4.80243	0.146891	3.0782	-1.07548	4.02677	220.742	
4.84677	0.145325	3.07959	-27.82	-7.09322	195.253	
4.85361	0.145083	3.0798	54.8955	9.01094	190.253	
4.64004	0.152629	3.07289	42.2363	0.536922	135.497	
2.24022	0.238625	2.90129	25.4245	4.9688	191.128	
6.05854	0.102629	3.10961	-0.34233	-9.38867	157.371	
5.5223	0.121503	3.09796	-27.9042	-6.13503	220.255	
6.90029	0.0730506	3.12421	10.8029	-1.57281	167.132	
7.10247	0.0659524	3.1272	-30.1001	-5.00177	213.946	
18.6274	0.96269	0.125971	-6.7659	-3.1733	239.439	
6.50353	0.0869866	3.1178	-12.8611	1.60196	220.777	
5.75962	0.113147	3.10339	-21.0644	5.67351	172.968	
4.67499	0.151394	3.07406	-29.3541	5.78929	196.35	
3.63707	0.188205	3.02936	41.9158	13.736	190.005	
3.72036	0.185239	3.03389	10.7819	0.193013	214.143	
5.46279	0.123599	3.09653	44.6862	14.0425	219.814	
6.92602	0.0721471	3.1246	-2.53582	-1.64489	206.999	
4.52842	0.156576	3.06901	-13.8048	3.27654	201.502	
7.01027	0.0691892	3.12586	-34.7485	-6.57969	176.1	
2.88251	0.215234	2.97612	-3.36114	10.4991	180.392	
3.68876	0.186364	3.0322	-58.2619	-1.71054	174.299	
4.68587	0.151009	3.07443	38.5584	-2.58197	215.098	
4.67466	0.151405	3.07405	-37.5123	20.3733	186.65	
6.47081	0.0881365	3.11724	-17.1443	3.95184	196.638	
0.761763	0.321304	1.32854	79.2163	23.7334	49.1798	
3.70489	0.18579	3.03306	-61.5385	-0.825499	200.332	
4.26267	0.165984	3.05895	-4.64419	3.81866	135.054	
4.26725	0.165821	3.05914	-42.2019	-1.67947	205.021	
5.47838	0.12305	3.09691	15.2575	-3.91475	194.407	
3.91186	0.178429	3.04355	11.2443	4.21775	197.233	
4.98986	0.140274	3.0839	-63.0697	6.42753	174.045	
3.81723	0.181793	3.0389	60.0645	14.9701	205.38	
5.04452	0.138345	3.08549	-29.0213	-4.36573	166.549	
5.14889	0.134663	3.08841	3.53258	-14.5958	184.097	
3.49712	0.193196	3.02127	-45.8336	1.03433	179.071	
3.91786	0.178216	3.04383	16.3495	-3.33951	178.168	
2.82336	0.217369	2.97071	-15.8127	-9.78411	172.253	
7.43641	0.0542335	3.13178	9.34877	-1.59641	200.673	
5.73714	0.113938	3.10289	19.5435	0.831749	175.801	
4.12094	0.171008	3.05305	-13.3975	0.193355	171.095	
6.69369	0.080306	3.12097	14.9753	4.19106	181.499	
6.76438	0.0778232	3.1221	-48.1003	13.4121	175.731	
3.22584	0.202895	3.00352	-7.34258	-7.82404	200.294	
4.81924	0.146297	3.07873	-0.921723	10.4866	209.286	
3.73413	0.184749	3.03462	-64.6125	-18.4778	155.01	
4.63292	0.152881	3.07265	-21.7181	9.19895	211.153	
3.57401	0.190453	3.02579	24.043	2.90737	169.854	
5.55084	0.120497	3.09864	1.86791	-4.44273	182.156	
3.46717	0.194265	3.01945	-49.1382	1.9488	192.913	
4.85383	0.145076	3.07981	-24.9079	-5.37628	170.409	
6.13078	0.100089	3.11102	-35.4699	-7.93117	212.898	
4.91427	0.142942	3.08166	1.53948	15.5929	162.01	
2.95387	0.212662	2.98236	-65.402	-23.8497	142.435	
7.15852	0.0639852	3.128	-53.0424	6.08722	155.089	
5.14001	0.134976	3.08817	-20.1118	7.214	182.162	
5.61241	0.118329	3.10008	13.4813	5.53785	232.462	
2.18458	0.24068	2.89262	-84.5378	5.98018	222.896	
4.65351	0.152153	3.07334	-24.7839	15.8354	186.851	
7.08592	0.0665335	3.12696	-31.1585	2.28273	210.951	
7.05637	0.0675707	3.12653	-15.3747	4.28846	223.228	
4.83495	0.145742	3.07922	-22.5956	9.59906	159.976	
6.07496	0.102052	3.10993	-55.6204	14.4884	253.959	
4.36714	0.162283	3.06305	-24.9902	-11.4645	162.81	
4.04327	0.173763	3.04964	27.7933	5.76419	160.03	
4.8699	0.144508	3.08031	-7.15004	-9.08727	216.51	
7.66398	0.0462499	3.13467	18.4385	6.25419	217.039	
6.35595	0.092173	3.11521	0.601597	-7.67136	243.491	
5.40042	0.125796	3.09499	9.08666	9.96052	177.866	
3.28766	0.200681	3.00783	-10.94	-5.84217	188.463	
4.21588	0.167642	3.05705	-29.3868	-3.88101	205.717	
6.74771	0.0784087	3.12184	-19.9581	-3.45599	194.331	
4.96755	0.141061	3.08325	23.2279	19.1015	169.882	
5.54811	0.120593	3.09858	-27.4533	-11.1236	223.954	
2.7316	0.220687	2.96183	46.0374	1.82073	229.527	
3.26414	0.201523	3.00621	8.66582	4.47075	219.333	
6.41639	0.0900487	3.11629	-26.6886	-3.12231	186.093	
6.06608	0.102364	3.10976	63.4029	-9.62032	185.007	
5.63853	0.117409	3.10068	27.0766	-5.14303	172.935	
4.34727	0.162987	3.06229	26.2033	4.65356	186.555	
4.26032	0.166067	3.05886	1.76417	-2.0147	182.329	
3.62563	0.188613	3.02873	-24.4856	-5.46985	185.229	
2.92719	0.213623	2.98007	-46.4083	4.83273	197.33	
3.43149	0.195539	3.01723	0.0377399	-0.172044	178.411	
3.00429	0.210848	2.98658	12.4449	3.15722	126.164	
7.26373	0.0602925	3.12947	-31.7432	3.16094	158.118	
4.22257	0.167404	3.05732	62.2978	4.11414	188.265	
7.13221	0.0649087	3.12763	27.1516	-8.5215	193.378	
4.34271	0.163148	3.06211	9.32767	9.82274	203.988	
5.35459	0.127411	3.09384	47.3672	3.23708	206.095	
5.27024	0.130384	3.09167	44.2586	4.94072	176.421	
2.97024	0.212073	2.98375	-29.783	14.9729	186.688	
3.35752	0.198182	3.0125	-22.3568	-4.39685	218.419	
5.1844	0.133411	3.08938	-4.75099	-4.34393	138.931	
3.97475	0.176196	3.04651	2.38448	2.57751	203.973	
4.97887	0.140661	3.08358	-14.2064	-5.63929	211.405	
5.85003	0.109965	3.10534	7.93338	7.45973	247.711	
2.49742	0.229195	2.93609	-59.8907	-15.244	199.419	
6.09028	0.101513	3.11023	6.16977	-5.35171	195.789	
3.83386	0.181202	3.03973	31.4803	4.82444	182.221	
3.36838	0.197794	3.01321	52.8347	18.8351	207.466	
2.48716	0.229569	2.93484	-36.2148	-8.82508	171.083	
3.71857	0.185303	3.03379	-11.6463	-1.9372	188.879	
3.44935	0.194901	3.01835	-14.1671	-9.13749	220.016	
7.03212	0.0684221	3.12618	-25.7596	-1.88263	178.535	
6.78167	0.0772161	3.12237	-20.3749	-0.927233	168.02	
3.96161	0.176662	3.0459	-22.5606	-1.1292	180.329	
2.84791	0.216483	2.97299	-32.2133	6.55182	201.226	
4.27243	0.165638	3.05934	5.28091	0.830072	189.399	
4.33598	0.163387	3.06185	44.493	3.33239	170.371	
0.859607	0.329053	1.08179	61.1257	18.3383	30.5452	
3.79962	0.182419	3.03801	36.2985	-5.92708	196.611	
2.90461	0.214437	2.97809	101.391	0.932165	145.863	
3.42909	0.195625	3.01708	-10.8151	-4.91157	192.605	
4.23902	0.166822	3.05799	-15.1164	-12.7515	210.759	
4.71053	0.150138	3.07524	19.6676	-7.7894	213.214	
4.75169	0.148683	3.07658	-0.500769	-2.51267	167.51	
4.15656	0.169745	3.05457	-34.4881	-1.37391	171.946	
6.56019	0.0849959	3.11877	10.5839	-4.49359	168.157	
5.03887	0.138544	3.08532	-22.4349	13.5982	213.727	
4.12738	0.170779	3.05333	-30.4029	-6.35767	210.842	
6.12751	0.100204	3.11096	25.4564	4.10955	217.303	
6.03777	0.10336	3.1092	23.6512	-0.614556	177.428	
6.8213	0.0758245	3.123	-12.7412	-7.60371	260.832	
3.52516	0.192195	3.02294	-0.806483	6.48728	163.78	
6.387	0.0910816	3.11577	-22.6157	-2.61888	201.641	
4.23343	0.16702	3.05777	4.99853	1.5761	192.525	
3.70147	0.185912	3.03288	18.9988	0.546323	164.202	
4.03769	0.173962	3.04938	-7.47131	-9.2048	220.038	
4.35733	0.162631	3.06268	14.7519	-1.69693	175.293	
4.22738	0.167234	3.05752	6.11696	-20.8213	202.748	
5.61859	0.118112	3.10022	23.5597	-5.4316	192.438	
6.11315	0.100709	3.11068	16.6537	11.7408	244.515	
3.07591	0.208273	2.99233	-3.27811	-4.58791	213.019	
5.5591	0.120206	3.09884	1.2508	8.3934	206.078	
4.38425	0.161677	3.06371	-19.2154	0.573919	196.488	
4.41936	0.160435	3.06503	53.1998	-1.91735	207.714	
3.74878	0.184228	3.03538	-16.5833	10.2583	184.604	
3.15899	0.205291	2.99866	-19.553	-7.56002	220.776	
4.68578	0.151012	3.07442	-13.5198	2.93394	153.992	
3.79847	0.18246	3.03795	25.1808	14.4546	200.999	
3.24517	0.202203	3.00488	5.01601	8.49816	179.117	
4.63085	0.152954	3.07258	32.1865	-0.56707	183.799	
4.51522	0.157043	3.06854	-27.3157	2.19215	200.04	
6.07449	0.102068	3.10992	-7.16567	-6.94672	226.33	
6.10204	0.1011	3.11046	-24.0598	9.37469	206.023	
5.48246	0.122906	3.09701	-28.8821	3.18546	191.082	
4.47074	0.158617	3.06693	6.40917	-2.61467	204.023	
3.79918	0.182435	3.03798	47.3007	-1.60167	183.72	
3.88932	0.17923	3.04246	37.3061	-0.188868	176.225	
6.24625	0.096029	3.11321	31.2637	-13.0466	197.775	
4.29602	0.164802	3.06028	-16.6783	-10.7011	170.773	
5.53365	0.121103	3.09823	12.6893	-1.58298	191.527	
3.65184	0.187679	3.03018	-16.573	19.2866	196.716	
4.7924	0.147245	3.07789	-39.8796	4.5347	196.65	
5.85017	0.10996	3.10534	-0.320597	-2.7228	197.453	
4.99957	0.139931	3.08419	-73.9653	-9.80309	220.832	
4.88608	0.143937	3.0808	16.4294	-4.47441	181.762	
6.15297	0.0993086	3.11145	40.451	4.56556	162.294	
6.21896	0.0969886	3.1127	-22.9794	8.17467	218.244	
3.17594	0.204684	2.99991	-54.2913	-7.79478	187.092	
5.13309	0.13522	3.08798	58.7866	11.4206	206.622	
5.93807	0.106867	3.10718	24.0989	-18.5732	223.566	
5.54279	0.120781	3.09845	-33.2379	1.31754	185.07	
5.64988	0.11701	3.10094	-18.35	3.58506	190.609	
4.76222	0.148311	3.07692	30.6447	2.53789	206.444	
3.13345	0.206208	2.99675	10.9176	-6.53824	170.337	
3.94577	0.177225	3.04516	-31.0473	-10.5346	213.324	
5.59675	0.118881	3.09972	-4.39146	-2.09813	175.143	
4.81454	0.146463	3.07859	30.4386	-8.55727	210.947	
5.96834	0.105802	3.1078	7.62174	15.0557	198.48	
4.68233	0.151134	3.07431	-17.0061	-0.236188	167.963	
5.4551	0.12387	3.09634	-72.6441	-9.94004	164.718	
6.34265	0.0926402	3.11497	33.8364	-3.49543	195.351	
24.5013	1.16793	0.116689	15.1997	-5.68423	246.514	
5.74858	0.113535	3.10314	0.71087	3.86932	147.675	
5.80412	0.11158	3.10435	-56.7844	4.21616	204.182	
3.35945	0.198113	3.01263	22.1474	0.149374	153.016	
6.62649	0.0826668	3.11987	32.4489	-0.874001	213.901	
4.2925	0.164927	3.06014	18.996	0.0313591	196.532	
6.99026	0.0698917	3.12556	-24.5288	-16.3403	191.971	
6.9059	0.0728538	3.1243	-18.5696	-1.65763	194.028	
6.14507	0.0995864	3.11129	45.2723	11.9032	241.453	
4.18664	0.168678	3.05584	-6.60009	6.06869	175.176	
2.65339	0.223522	2.95376	77.4665	0.541279	144.19	
6.74208	0.0786066	3.12175	-3.75591	12.315	207.736	
6.38166	0.0912693	3.11567	12.6972	-1.98602	199.91	
3.57241	0.19051	3.0257	-24.3313	-13.4234	211.393	
4.74113	0.149056	3.07624	6.54694	10.8732	163.188	
3.05925	0.208872	2.99102	-21.4442	3.90452	220.17	
5.41075	0.125432	3.09525	10.7769	-3.68162	215.308	
6.50168	0.0870518	3.11777	24.2596	-13.7105	221.527	
6.22084	0.0969224	3.11273	-37.9381	-4.51846	217.821	
5.58795	0.11919	3.09951	6.86777	7.15541	220.56	
7.84924	0.0397522	3.1369	-57.8587	-0.737449	234.576	
6.50325	0.0869964	3.1178	15.5735	-12.0358	177.64	
7.70271	0.0448916	3.13515	4.8177	-4.55325	268.259	
7.33263	0.057875	3.1304	-17.4232	-7.32753	180.798	
4.90692	0.143201	3.08144	-37.8349	7.90689	195.645	
6.25782	0.0956225	3.11342	33.093	-1.86719	155.848	
6.25568	0.0956977	3.11338	-16.3142	3.26927	200.973	
3.61153	0.189116	3.02793	-0.815412	7.21268	191.458	
5.88318	0.108798	3.10604	12.9944	-11.8087	185.997	
4.30112	0.164621	3.06049	-54.2599	2.90433	182.563	
4.37497	0.162006	3.06335	-12.78	-1.76219	169.361	
5.24892	0.131136	3.0911	47.025	-1.31812	195.893	
4.882	0.144081	3.08068	33.3398	-0.586911	192.564	
2.22204	0.239296	2.89851	52.5229	6.76394	224.696	
7.00204	0.0694782	3.12574	76.342	-3.99297	188.529	
5.41444	0.125302	3.09534	29.0067	1.44388	189.298	
6.28819	0.0945549	3.11398	-32.082	1.09778	193.879	
2.50961	0.228751	2.93755	32.4049	-12.3533	208.381	
4.0335	0.17411	3.0492	-3.48153	-1.66521	207.705	
4.36569	0.162335	3.063	1.70793	-13.7735	184.89	
4.4319	0.159991	3.0655	-54.0399	4.23832	173.691	
7.29787	0.0590945	3.12993	-39.4346	12.2679	243.419	
6.33054	0.0930661	3.11475	64.3846	2.66753	177.559	
5.73246	0.114102	3.10279	2.36374	0.00330023	206.414	
4.28736	0.165109	3.05994	42.2514	10.7493	197.061	
3.61196	0.1891	3.02796	31.5527	1.28103	223.589	
3.89524	0.17902	3.04275	-14.0404	5.56996	178.28	
4.30417	0.164513	3.06061	-4.91324	11.0423	233.374	
4.76394	0.14825	3.07698	-25.6825	-7.71939	229.476	
5.90037	0.108193	3.1064	6.52578	-4.07833	174.115	
5.95024	0.106439	3.10743	5.13971	4.89215	218.922	
4.1659	0.169413	3.05497	60.3491	-4.18143	179.469	
5.48457	0.122831	3.09706	45.1787	2.59457	207.046	
6.24361	0.096122	3.11316	-23.4198	-11.6716	205.985	
3.96494	0.176544	3.04605	-6.2227	15.0138	161.302	
5.75993	0.113136	3.10339	12.8592	0.470692	190.824	
3.30692	0.199992	3.00913	14.1752	-0.212434	227.267	
5.19271	0.133118	3.0896	16.0367	-14.7659	173.588	
5.91501	0.107678	3.1067	-67.3196	15.8045	228.69	
3.64698	0.187852	3.02991	-62.918	2.58708	193.901	
5.03004	0.138856	3.08507	50.922	4.18359	202.538	
6.48607	0.0876003	3.1175	33.0012	14.9495	184.052	
5.31186	0.128917	3.09275	8.69462	0.558513	187.768	
5.85915	0.109644	3.10553	17.8074	0.165619	144.734	
4.21403	0.457685	0.259154	-16.2076	-12.2962	183.885	
3.36583	0.197885	3.01304	15.3954	6.76885	185.209	
3.97948	0.176028	3.04673	-12.7067	-7.59219	181.76	
5.4942	0.122492	3.09729	-12.8732	-16.2449	195.358	
5.28988	0.129692	3.09218	-9.17673	-1.09743	216.548	
3.70578	0.185759	3.03311	-44.1556	-10.4895	210.451	
3.65298	0.187639	3.03024	-15.4099	0.622381	209.238	
0.749277	0.305548	1.93475	49.5532	25.0438	39.1571	
6.17624	0.0984905	3.11189	39.4403	-5.14172	171.317	
4.32042	0.163938	3.06124	24.5971	4.9998	211.975	
4.58054	0.154733	3.07085	1.74497	5.89456	157.239	
4.73819	0.14916	3.07615	50.3694	3.43251	191.114	
5.53457	0.12107	3.09826	11.1043	-12.0515	191.782	
6.85155	0.074762	3.12346	13.1782	2.64957	154.924	
3.47829	0.193868	3.02012	-13.158	-1.09227	200.232	
6.04459	0.10312	3.10933	-0.0493332	-3.62786	187.049	
6.20202	0.0975839	3.11238	41.3403	-20.3865	185.455	
5.80814	0.111439	3.10444	-4.1347	-18.0759	165.179	
4.2394	0.166808	3.05801	-35.4429	-2.75189	179.361	
5.57469	0.119657	3.0992	-0.835737	-3.87384	169.849	
5.10699	0.136141	3.08725	29.3496	-0.785621	209.71	
5.53711	0.120981	3.09832	7.50908	8.01931	215.169	
3.90384	0.178714	3.04316	5.80409	-1.98659	220.843	
3.73379	0.184761	3.0346	-7.02462	-12.0945	208.463	
5.04847	0.138205	3.0856	42.6894	6.819	176.561	
2.77685	0.21905	2.96629	-24.6381	-13.4037	181.385	
4.19309	0.168449	3.0561	-38.5274	0.0664495	185.809	
5.58325	0.119356	3.0994	-47.2554	7.90288	200.228	
5.90316	0.108095	3.10645	31.5349	-4.04836	205.672	
6.83003	0.0755179	3.12313	-15.0428	-6.95264	237.933	
3.34149	0.198755	3.01144	2.60669	1.80745	179.085	
3.54858	0.19136	3.02432	9.91366	-3.38379	157.778	
5.27349	0.13027	3.09175	16.3002	0.0288519	174.3	
5.13769	0.135058	3.0881	-19.2793	-5.0953	167.582	
3.55409	0.191164	3.02464	35.5257	6.33568	159.892	
6.91283	0.0726101	3.1244	-38.4076	0.170434	207.206	
4.94159	0.141977	3.08248	-13.6226	-0.287262	178.731	
3.59234	0.1898	3.02684	88.838	10.138	168.023	
3.37483	0.197563	3.01363	-29.1705	3.0589	189.592	
2.76588	0.219446	2.96522	21.9771	-1.67097	209.825	
6.10942	0.10084	3.11061	4.17848	0.746473	183.623	
3.94854	0.177127	3.04529	2.45161	7.72648	182.827	
3.1522	0.205535	2.99816	-7.60739	14.8038	181.558	
2.62264	0.224638	2.95045	21.5125	-8.3415	199.889	
5.29592	0.129479	3.09233	-17.211	8.62768	188.534	
4.66247	0.151836	3.07365	-78.5261	5.41443	198.944	
5.00528	0.139729	3.08435	-24.4973	8.47332	242.124	
5.91839	0.107559	3.10677	35.8232	5.84004	183.359	
5.76726	0.112878	3.10355	33.1439	-3.34513	202.167	
2.4191	0.232056	2.92631	40.9096	-3.39034	169.637	
4.19457	0.168397	3.05617	-19.5483	10.3818	217.305	
4.52283	0.156773	3.06881	-39.9884	5.35917	183.735	
6.08554	0.10168	3.11014	54.3402	8.09638	185.353	
3.31944	0.199544	3.00998	38.5834	-8.25791	196.159	
2.81419	0.2177	2.96985	31.5631	2.38241	176.326	
4.89116	0.143757	3.08096	13.4698	2.8713	204.983	
3.4651	0.194339	3.01932	26.4905	3.46885	202.115	
3.18531	0.204348	3.0006	-0.85307	6.83816	191.575	
3.98576	0.175805	3.04702	11.0588	1.90273	177.192	
5.12406	0.135539	3.08773	-42.9394	11.307	188.803	
5.40705	0.125563	3.09516	45.7534	-2.57799	193.946	
6.85617	0.0745998	3.12354	41.5456	-3.84551	187.268	
6.41929	0.0899469	3.11634	2.98278	20.2071	151.218	
4.00561	0.1751	3.04793	-13.7205	11.0188	152.432	
5.78145	0.112378	3.10386	-33.2134	18.6441	158.175	
4.75268	0.148648	3.07661	-22.7802	-4.17754	180.353	
4.54866	0.15586	3.06973	7.92054	-22.1657	181.826	
3.17391	0.204756	2.99977	23.255	2.52899	159.367	
6.29578	0.0942879	3.11412	20.9235	-5.74129	198.285	
5.81673	0.111137	3.10463	19.4943	9.7145	208.787	
7.33412	0.0578225	3.13042	31.7768	-3.65081	200.395	
5.02049	0.139193	3.08479	-49.2499	9.30667	223.314	
5.78475	0.112262	3.10393	-0.706845	-16.3868	177.246	
4.77348	0.147914	3.07728	12.4478	-3.5027	185.535	
5.29691	0.129444	3.09236	-6.19522	2.09807	211.606	
4.57569	0.154904	3.07068	49.0719	21.6096	208.457	
6.8887	0.0734575	3.12404	2.1801	-9.93157	180.014	
5.3325	0.12819	3.09328	29.2454	8.46332	176.86	
6.18402	0.0982169	3.11204	31.7804	12.3638	197.262	
5.80171	0.111665	3.1043	-63.557	-6.98087	185.236	
4.24067	0.166763	3.05806	-42.8008	-0.07033	183.815	
4.55858	0.155509	3.07008	-35.3568	-4.12464	154.96	
5.80045	0.11171	3.10427	-7.36742	5.70544	222.461	
5.43545	0.124562	3.09586	18.6648	-11.8611	173.155	
5.19168	0.133154	3.08958	11.6389	1.46216	214.433	
2.64219	0.223928	2.95256	-27.2299	-9.06259	193.989	
4.62389	0.1532	3.07234	-5.8454	-1.06833	168.996	
3.56698	0.190704	3.02539	30.9065	-13.6017	199.336	
3.43005	0.19559	3.01714	3.48892	-2.80847	228.866	
0.730663	0.308513	1.82274	-62.9128	-18.3442	34.2126	
6.09068	0.101499	3.11024	0.664651	8.31703	157.14	
3.68511	0.186495	3.032	27.724	7.65961	205.221	
6.7572	0.0780753	3.12199	-44.7858	-11.6102	193.881	
5.35468	0.127408	3.09384	-28.0581	-8.68014	203.554	
4.29502	0.164837	3.06024	3.09359	13.0039	205.353	
5.73995	0.113839	3.10295	-9.40797	-12.084	185.149	
6.81484	0.076051	3.1229	-13.4766	4.21471	213.728	
6.37559	0.0914826	3.11556	53.3872	5.33417	184.965	
6.55755	0.0850885	3.11872	22.5985	9.25511	164.285	
4.89532	0.143611	3.08108	13.7196	-2.2725	208.441	
7.26684	0.0601836	3.12951	-13.0303	1.2655	186.266	
6.45777	0.0885946	3.11701	-7.1212	-1.92509	213.166	
6.92586	0.0721528	3.1246	-23.6348	16.3487	187.109	
6.02785	0.103709	3.109	50.0677	2.89679	202.64	
6.23909	0.0962806	3.11307	-45.3788	1.1353	206.607	
6.39428	0.0908257	3.1159	-67.6205	-3.43493	184.86	
6.33662	0.0928525	3.11486	0.312273	-3.21969	204.613	
5.00291	0.139813	3.08428	-10.4707	0.655446	178.436	
6.28274	0.0947464	3.11388	57.7771	-5.31753	200.747	
5.34605	0.127712	3.09362	50.9589	18.1987	203.44	
4.05448	0.173365	3.05014	-23.8685	-1.06465	145.25	
6.40675	0.0903877	3.11612	0.635452	9.58068	231.874	
3.9481	0.177142	3.04527	-58.8412	11.369	171.127	
5.98349	0.105269	3.1081	-10.526	-14.9909	150.921	
6.16447	0.0989044	3.11167	-48.2866	-14.2897	179.922	
4.11179	0.171332	3.05265	-26.1192	-9.32808	153.541	
4.51838	0.156931	3.06865	26.7278	-5.07788	167.469	
6.27731	0.0949373	3.11378	33.5318	-0.567483	200.337	
6.36589	0.0918235	3.11539	26.6985	5.52387	184.54	
5.9533	0.106331	3.10749	8.18903	11.5122	211.821	
0.766219	0.321773	1.31194	50.0678	18.5799	47.5978	
5.8999	0.10821	3.10639	22.3826	7.12411	164.29	
5.29937	0.129358	3.09242	7.2566	-7.98277	157.307	
4.25829	0.166139	3.05878	-32.5324	3.37432	204.406	
4.11279	0.171297	3.0527	-22.7428	11.0229	156.181	
5.43213	0.124679	3.09578	37.7226	-0.876481	181.836	
5.2952	0.129505	3.09232	30.7982	-0.708085	153.175	
4.66761	0.151654	3.07382	-39.3173	-3.49485	164.425	
5.29066	0.129664	3.0922	-7.03455	-11.5799	163.896	
3.52935	0.192046	3.02319	-19.7727	-3.11173	230.579	
5.99537	0.104852	3.10835	0.841601	10.8604	223.751	
0.763089	0.303946	1.99263	75.9638	20.1681	47.1473	
6.41365	0.0901451	3.11624	75.9907	1.78913	158.812	
3.55296	0.191204	3.02457	-6.50205	9.71502	197.751	
4.36097	0.162502	3.06282	15.9333	11.694	141.534	
4.05321	0.173411	3.05008	-20.9483	1.00497	176.588	
3.75432	0.184031	3.03567	28.3244	5.58699	138.608	
3.92254	0.17805	3.04406	-12.947	-14.7999	238.455	
6.41624	0.0900541	3.11628	1.85622	-19.096	237.418	
6.67895	0.0808238	3.12073	-31.9897	-9.24634	190.634	
6.33797	0.092805	3.11489	4.35202	-0.321529	169.797	
6.04648	0.103054	3.10937	-16.8897	6.83513	144.512	
6.19862	0.0977035	3.11232	9.17222	-1.78576	186.337	
5.95373	0.106316	3.1075	13.1799	-5.6486	168.921	
3.37011	0.197732	3.01332	6.44063	3.79042	169.216	
4.44338	0.159585	3.06593	-23.1171	-8.59842	202.465	
5.23489	0.13163	3.09073	-57.6041	0.841213	163.324	
5.59484	0.118948	3.09967	-35.1859	6.71645	228.02	
6.3055	0.0939462	3.1143	-19.2443	15.3775	173.219	
3.46769	0.194246	3.01948	42.0351	-10.2275	209.842	
5.95319	0.106335	3.10749	-20.6225	-3.78171	220.437	
4.04231	0.173797	3.04959	-20.7675	-8.80737	202.818	
0.73965	0.306898	1.88445	75.5558	10.4476	22.9	
5.97434	0.105591	3.10792	-12.3004	8.88015	150.195	
3.45376	0.194743	3.01862	13.4477	8.9175	196.892	
6.77261	0.0775343	3.12223	-9.09507	3.60235	223.743	
3.43962	0.195249	3.01774	59.6577	6.34845	204.396	
6.11338	0.100701	3.11068	44.2524	2.14632	204.986	
5.18529	0.133379	3.0894	11.0085	-4.54118	188.375	
5.00373	0.139784	3.08431	-16.2371	-7.36085	180.07	
2.59653	0.225586	2.94757	-43.5169	-4.14192	186.233	
4.71538	0.149966	3.0754	-3.78405	0.905774	205.246	
6.06988	0.102231	3.10983	-29.1041	-15.0871	177.526	
5.87872	0.108955	3.10594	-3.18021	-13.8789	197.512	
0.724766	0.310045	1.76301	-4.88471	-9.0234	21.4324	
5.34463	0.127762	3.09359	41.6896	-6.95947	190.925	
6.90615	0.0728449	3.1243	7.21223	-0.873916	208.991	
3.97535	0.176174	3.04654	16.4114	-6.64495	163.657	
0.731142	0.31698	1.48949	-17.2664	4.38749	52.2922	
2.97237	0.211996	2.98392	-8.96962	-15.6382	223.336	
3.8951	0.179025	3.04274	4.86635	1.96779	186.028	
2.19706	0.240219	2.8946	-49.5119	1.9117	152.264	
6.95348	0.071183	3.12502	12.4727	-4.2358	166.573	
5.66468	0.116489	3.10127	50.2415	5.38069	185.621	
5.9732	0.105631	3.1079	69.1211	3.98737	181.839	
2.86689	0.215797	2.97472	20.7774	-9.52087	177.195	
3.21865	0.203152	3.00301	25.3097	10.0384	168.563	
3.3491	0.198483	3.01195	-9.3071	9.39508	148.498	
3.24076	0.20236	3.00457	-38.6518	-3.12386	186.229	
5.86979	0.10927	3.10575	42.3254	0.516334	166.359	
4.22462	0.167332	3.05741	-20.4565	6.91197	156.475	
7.6235	0.0476699	3.13417	3.36894	-5.10085	185.299	
6.31619	0.0935705	3.11449	10.6062	-4.18848	183.424	
3.89299	0.1791	3.04264	35.3251	8.73802	185.402	
3.81928	0.18172	3.039	47.1545	6.08571	195.287	
4.95789	0.141402	3.08296	41.1723	-10.6691	196.326	
2.99368	0.211229	2.9857	-40.7089	-6.1203	223.154	
5.90288	0.108105	3.10645	-48.3569	-5.82981	171.841	
5.51007	0.121933	3.09767	13.856	0.349775	188.266	
5.23298	0.131698	3.09068	1.51881	1.78435	174.236	
3.84652	0.180752	3.04036	-11.1454	3.39517	200.485	
6.84736	0.0749093	3.1234	11.0818	4.94637	210.749	
7.64708	0.0468428	3.13446	32.3208	1.09676	193.556	
4.15159	0.169921	3.05436	-28.9832	-6.66109	215.694	
4.69983	0.150516	3.07489	-30.3567	3.37128	173.187	
3.54478	0.191495	3.0241	28.0678	14.7136	217.647	
4.78027	0.147674	3.0775	-7.36662	9.93873	189.85	
0.937483	0.291762	2.35183	-165.869	-54.9966	60.8126	
5.95578	0.106244	3.10754	-18.024	-0.459875	180.481	
4.09223	0.172026	3.0518	5.82395	5.19311	217.958	
4.54164	0.156108	3.06948	-14.0187	0.402422	135.175	
6.36954	0.0916953	3.11546	20.4194	-2.61933	251.333	
4.47786	0.158365	3.06719	0.62286	9.29312	189.339	
3.77191	0.183405	3.03659	1.49704	3.58219	184.396	
3.81785	0.181771	3.03893	-9.0235	-1.62558	171.566	
6.69165	0.0803777	3.12094	27.7329	-11.4987	216.609	
5.86266	0.10952	3.1056	56.6829	0.930061	183.165	
4.95414	0.141534	3.08285	41.0325	18.3569	210.601	
5.75491	0.113312	3.10328	-18.6136	-8.50642	211.624	
5.27095	0.130359	3.09168	-42.9572	5.59519	187.123	
6.02052	0.103967	3.10885	-0.631967	-3.69167	210.804	
3.4322	0.195513	3.01728	-18.6766	-12.7209	171.244	
6.40795	0.0903454	3.11614	-42.831	3.62214	185.057	
5.14171	0.134916	3.08821	-17.3819	-5.26791	200.837	
7.39914	0.0555411	3.13129	15.3713	0.474761	204.382	
3.31647	0.19965	3.00978	-47.3249	6.25348	186.316	
3.02266	0.210187	2.98808	46.4534	4.01744	178.131	
5.62769	0.117791	3.10043	-22.9266	14.6202	172.053	
3.73677	0.184656	3.03475	49.0895	10.2972	187.212	
4.88379	0.144018	3.08073	20.577	0.372345	165.612	
5.29692	0.129444	3.09236	3.85322	9.05446	193.176	
5.19911	0.132892	3.08978	53.2807	3.73341	166.719	
5.23275	0.131706	3.09068	-13.5396	-3.3862	207.041	
7.20301	0.0624237	3.12863	-15.8495	-3.24539	216.918	
4.86864	0.144553	3.08027	-16.603	15.7051	168.157	
4.10037	0.171737	3.05216	46.4159	-4.37149	203.467	
3.68303	0.186569	3.03189	-6.41613	-12.8751	201.351	
6.09146	0.101472	3.11026	-34.8367	1.21952	177.493	
6.39777	0.0907033	3.11596	31.6624	8.71815	209.813	
5.90858	0.107905	3.10657	18.5557	0.0313755	194.566	
3.34562	0.198608	3.01172	-44.667	-20.5994	159.689	
3.84917	0.180657	3.04049	-40.7451	-3.13438	185.435	
6.44206	0.0891468	3.11674	10.8817	8.18955	185.514	
5.33186	0.128212	3.09326	-24.2003	-1.05503	196.538	
3.70637	0.185738	3.03314	-21.5976	-17.1535	162.18	
2.80753	0.217941	2.96922	-46.9438	-0.0233921	169.997	
5.26372	0.130614	3.09149	17.4339	-0.386777	204.831	
4.10405	0.171607	3.05232	55.4084	-0.601167	193.246	
4.65732	0.152018	3.07347	17.2733	-7.98951	199.776	
5.08213	0.137018	3.08655	32.3487	0.930705	174.026	
6.04644	0.103055	3.10937	-1.56937	5.15855	264.878	
5.14784	0.1347	3.08838	34.0665	1.02806	157.48	
4.63168	0.152925	3.0726	40.6118	-2.25374	179.271	
5.1141	0.13589	3.08745	-24.9028	-7.80613	149.814	
4.21657	0.167617	3.05708	15.1527	-13.8048	194.928	
4.37056	0.162162	3.06319	-63.2032	3.48622	204.854	
3.77782	0.183195	3.03689	-12.8425	7.29599	192.235	
5.24238	0.131366	3.09093	-4.0196	3.89119	161.851	
3.54118	0.191624	3.02388	21.7697	0.552704	199.17	
4.89772	0.143526	3.08116	-7.99145	10.8467	172.343	
22.7453	1.10658	0.118961	5.14566	-4.32088	244.186	
5.79832	0.111784	3.10423	8.54893	-4.68543	190.846	
4.08404	0.172317	3.05144	-17.7424	0.85936	204.251	
4.61472	0.153524	3.07203	-18.3223	-8.92087	182.711	
2.80827	0.217914	2.96929	35.6125	-13.9509	201.569	
3.75819	0.183893	3.03588	62.544	16.9919	236.059	
7.64465	0.046928	3.13443	-20.7961	-8.69298	181.239	
5.4812	0.12295	3.09698	23.3742	12.8767	184.943	
3.90126	0.178806	3.04304	-8.62915	9.7422	202.641	
4.1503	0.169966	3.05431	-17.46	-7.72713	229.368	
6.1601	0.099058	3.11158	32.8671	-1.70631	190.131	
6.82729	0.075614	3.12309	-12.2594	8.31888	201.328	
3.97041	0.17635	3.04631	-29.446	3.95457	155.78	
5.855	0.10979	3.10544	24.3339	-11.0379	188.903	
4.78485	0.147512	3.07765	-23.752	-2.81217	124.907	
2.02603	0.246574	2.86513	-71.5983	-16.5565	190.739	
4.98018	0.140615	3.08362	-37.085	-2.64933	184.103	
4.83313	0.145806	3.07917	13.569	4.6927	167.693	
3.51069	0.192711	3.02208	-7.06536	-8.93096	188.034	
6.3247	0.0932713	3.11465	-14.6789	-0.0961603	180.198	
3.23342	0.202623	3.00406	-17.1579	0.985428	151.041	
4.0786	0.17251	3.0512	22.8578	11.5819	195.745	
5.44272	0.124306	3.09604	72.1724	-5.6698	211.303	
3.05977	0.208853	2.99106	52.9528	-10.4057	202.465	
3.62858	0.188508	3.02889	27.1832	-6.63447	199.093	
3.74262	0.184447	3.03506	44.2967	-4.14132	181.396	
6.15261	0.0993212	3.11144	-6.74404	-2.79878	183.749	
4.62944	0.153004	3.07253	15.1335	-3.33218	169.671	
3.71565	0.185407	3.03364	-17.8893	12.2391	197.801	
5.1953	0.133026	3.08967	8.65176	4.06879	199.311	
2.71657	0.221231	2.96032	12.4125	20.3484	227.638	
5.45557	0.123853	3.09635	0.548098	0.547573	221.706	
6.09166	0.101465	3.11026	34.6537	1.3768	225.676	
3.4526	0.194785	3.01855	-31.8101	-7.58363	166.271	
7.74209	0.0435104	3.13563	-8.02809	-8.05946	177.268	
7.45366	0.053628	3.13201	-7.13323	0.23718	199.779	
3.59993	0.189529	3.02728	9.43536	7.70589	202.826	
4.18197	0.168844	3.05564	-21.123	-12.5313	168.947	
5.36949	0.126886	3.09422	34.3162	3.57298	183.561	
5.34606	0.127712	3.09362	10.5788	0.0134383	168.856	
5.32253	0.128541	3.09302	-15.4002	3.89313	204.898	
5.02434	0.139057	3.08491	-6.33556	-20.8984	168.799	
6.08069	0.10185	3.11004	19.3535	-0.619556	159.186	
5.54363	0.120751	3.09847	-57.2903	0.492371	170.638	
5.87052	0.109244	3.10577	73.3594	9.3084	203.901	
5.11637	0.13581	3.08751	-12.97	6.06173	183.977	
3.19163	0.204121	3.00106	1.83933	10.2641	157.293	
3.28697	0.200706	3.00778	-34.6613	-6.60358	164.825	
4.17066	0.169245	3.05517	-3.1638	0.563672	139.013	
2.76967	0.219309	2.96559	16.9674	1.27365	226.966	
4.79221	0.147252	3.07788	-49.8633	-3.36056	180.952	
3.81249	0.181962	3.03866	-12.1848	2.0903	148.674	
2.49424	0.229311	2.9357	-27.5253	-5.49042	171.92	
3.43069	0.195567	3.01719	-27.1149	-14.5087	244.986	
5.98224	0.105313	3.10808	-1.08341	1.88913	214.739	
6.24832	0.0959561	3.11325	-14.944	9.34791	199.661	
5.95879	0.106138	3.1076	38.8255	-0.512412	189.099	
3.75759	0.183914	3.03584	-46.6047	-3.31101	199.89	
6.68368	0.0806578	3.12081	5.47681	-9.9235	229.28	
5.83282	0.110571	3.10497	11.8282	-0.0223802	165.76	
7.40235	0.0554285	3.13133	-1.27467	14.6699	155.743	
4.71086	0.150126	3.07525	10.2951	-2.44904	186.247	
4.03681	0.173993	3.04935	16.6227	-5.69381	167.436	
4.22258	0.167404	3.05732	27.795	3.48106	186.426	
5.02539	0.13902	3.08494	-12.5775	-14.1806	178.791	
4.82095	0.146237	3.07879	-43.5404	3.1244	194.458	
5.34908	0.127605	3.0937	61.2885	12.0894	200.984	
5.82122	0.110979	3.10472	-16.3128	-12.196	179.262	
6.39179	0.0909131	3.11585	-17.9706	10.1893	193.031	
3.74583	0.184333	3.03523	37.7921	1.42881	171.815	
2.92755	0.21361	2.9801	-70.7538	-4.65574	199.428	
6.28292	0.0947399	3.11389	-33.1568	-7.57137	200.871	
5.05301	0.138045	3.08573	-9.26155	3.76668	178.157	
6.46626	0.0882963	3.11716	86.3213	-2.08614	171.575	
7.11966	0.0653491	3.12745	7.56678	2.43123	228.956	
3.16984	0.204902	2.99947	-12.8495	1.35966	200.314	
4.33936	0.163267	3.06198	42.3077	-2.44402	218.982	
7.76337	0.0427639	3.13588	-12.0663	1.86829	177.024	
5.26803	0.130462	3.09161	20.0327	1.44337	159.495	
3.52248	0.192291	3.02278	4.58751	17.9219	171.097	
6.47663	0.0879318	3.11734	73.6525	6.27359	223.026	
7.31086	0.0586387	3.13011	4.26118	7.35243	196.225	
6.06827	0.102287	3.1098	0.130497	0.648523	200.992	
4.57566	0.154905	3.07068	23.4049	7.88427	181.329	
3.33028	0.199156	3.0107	1.44676	-4.06981	217.905	
4.0204	0.174575	3.0486	-17.1133	-5.34613	202.41	
5.10854	0.136086	3.08729	-11.5939	-8.04909	197.297	
6.82377	0.0757375	3.12303	0.79851	1.12154	188.336	
5.25207	0.131025	3.09119	-10.5815	-4.86095	187.724	
5.10322	0.136274	3.08715	12.6663	8.28975	225.881	
3.47021	0.194156	3.01963	-23.644	-2.37148	195.787	
5.15927	0.134297	3.0887	22.2838	10.4748	177.308	
4.14299	0.170226	3.05399	32.2589	7.7956	142.208	
6.64008	0.0821893	3.1201	30.2304	-10.0188	195.095	
3.16338	0.205134	2.99899	-29.8878	7.08349	213.971	
3.79374	0.182629	3.03771	-0.746514	12.8677	178.243	
4.64633	0.152407	3.0731	-11.6641	4.73168	170.483	
5.32389	0.128493	3.09306	7.43128	9.55448	170.077	
3.6955	0.186124	3.03256	-39.6188	-2.04925	244.559	
4.87041	0.14449	3.08032	32.3834	-1.79632	204.649	
3.79215	0.182685	3.03762	-15.1087	-4.43051	192.629	
6.81494	0.0760476	3.1229	78.6146	-2.71579	208.778	
6.439	0.0892543	3.11668	-2.3801	-4.89137	194.519	
4.06071	0.173145	3.05041	33.5481	2.61109	190.763	
4.17654	0.169036	3.05541	-22.1062	-10.9917	217.595	
3.98917	0.175684	3.04718	-18.6229	8.40428	209.454	
6.05129	0.102885	3.10946	23.4199	1.723	192.052	
6.38481	0.0911587	3.11573	22.9607	-7.14848	205.293	
6.9657	0.0707539	3.1252	-15.3053	11.0343	208.386	
2.83879	0.216812	2.97215	-5.17268	-10.8605	186.906	
7.12606	0.0651245	3.12754	-11.6153	-15.397	189.71	
5.03322	0.138744	3.08516	-61.4959	2.23292	196.434	
7.03645	0.06827	3.12624	-19.602	-4.45644	219.886	
3.96909	0.176397	3.04625	27.6107	2.33411	237.353	
0.726547	0.315887	1.53196	-80.4158	-38.6444	60.4511	
4.04018	0.173873	3.0495	10.0248	15.6002	181.714	
4.82822	0.14598	3.07901	-2.2267	1.92657	190.434	
4.07405	0.172671	3.051	-40.2583	-8.29266	173.527	
4.54042	0.156151	3.06944	-17.863	1.20132	148.973	
3.85449	0.180468	3.04076	-15.6982	-21.352	185.453	
4.78038	0.14767	3.0775	-30.1793	-1.05135	167.287	
3.11493	0.206872	2.99535	-36.0737	-10.1888	169.656	
4.45552	0.159155	3.06637	4.85312	4.87495	219.324	
3.27181	0.201249	3.00674	35.2882	-6.62591	213.459	
5.3432	0.127812	3.09355	15.6723	10.7948	172.743	
5.77446	0.112624	3.10371	-34.7167	-2.16543	205.227	
2.27019	0.237521	2.90577	36.4395	-2.36316	181.35	
18.3604	0.95336	0.126534	4.06773	-6.16389	226.58	
0.721346	0.311696	1.69774	-74.8245	-35.7769	59.2785	
7.54572	0.0503982	3.13319	9.36909	-5.71154	175.814	
4.44375	0.159571	3.06594	-6.5269	-4.19332	197.9	
4.075	0.172637	3.05105	-10.0657	0.521488	208.641	
6.08436	0.101721	3.11012	60.1031	-2.86768	201.149	
6.68134	0.0807399	3.12077	9.67921	6.73781	188.441	
2.24786	0.238344	2.90244	-53.341	-9.33917	223.703	
5.59501	0.118942	3.09967	-25.306	-9.26304	120.318	
4.95708	0.141431	3.08294	-23.6813	1.50019	193.684	
4.50445	0.157424	3.06815	23.5538	15.8192	189.894	
3.09207	0.207693	2.99359	-25.9639	6.36901	144.459	
5.93549	0.106958	3.10712	-9.0365	-2.26322	182.584	
6.66007	0.0814869	3.12042	7.27191	-1.62552	206.695	
6.66099	0.0814547	3.12044	-24.3559	2.02811	186.887	
3.61206	0.189097	3.02796	-38.3775	-11.2773	158.508	
2.34273	0.234854	2.91612	-83.3379	-2.37492	191.296	
5.28406	0.129897	3.09203	0.0787296	-5.74928	206.549	
4.85193	0.145143	3.07975	49.3582	-6.21849	202.985	
5.66824	0.116363	3.10135	-43.3486	-2.36235	195.361	
0.762767	0.30398	1.99141	-42.9372	-6.54592	45.4534	
5.81966	0.111033	3.10469	8.27608	5.3932	206.214	
4.45904	0.159031	3.0665	-10.7869	3.95363	198.425	
6.03585	0.103428	3.10916	31.6288	-10.0732	221.547	
6.0691	0.102258	3.10982	-8.38151	-9.38951	186.173	
4.747	0.148849	3.07643	31.9979	5.39923	162.056	
6.42778	0.0896486	3.11649	6.66889	9.25636	230.335	
4.79976	0.146985	3.07812	15.0189	1.66808	180.782	
6.87029	0.0741039	3.12375	-1.39474	-2.10095	188.492	
6.62681	0.0826553	3.11988	39.4954	-3.74538	184.232	
5.87488	0.10909	3.10586	3.68114	5.17443	203.701	
4.53682	0.156279	3.06931	-25.3963	-0.419189	188.601	
6.24528	0.0960633	3.11319	-18.1486	-1.23833	222.963	
7.10404	0.0658975	3.12722	39.4724	4.09028	186.847	
3.4056	0.196464	3.0156	-7.24304	6.93868	204.058	
5.97306	0.105636	3.10789	22.855	1.18248	187.523	
5.34891	0.127612	3.0937	28.024	12.5139	180.27	
3.6586	0.187438	3.03055	5.82451	1.52746	218.159	
4.50785	0.157303	3.06828	-29.7977	2.65111	149.037	
4.05723	0.173268	3.05026	-28.9988	6.63156	213.435	
0.780518	0.302238	2.05186	-111.819	-49.1382	47.2792	
4.81028	0.146614	3.07845	30.6401	3.07773	204.47	
3.02442	0.210124	2.98822	16.7294	-9.11524	209.253	
3.95309	0.176965	3.0455	-33.7346	-7.14961	184.642	
4.60663	0.15381	3.07175	35.6988	-1.03738	198.196	
3.5505	0.191291	3.02443	14.7939	-19.2366	174.16	
5.13114	0.135289	3.08792	-7.47207	-7.79376	194.003	
5.17047	0.133902	3.089	-23.6994	5.79269	161.613	
2.97571	0.211876	2.98421	-60.4206	-1.86031	192.91	
0.727266	0.309311	1.79174	-52.0402	-11.414	36.0238	
4.17109	0.169229	3.05518	-28.4774	3.55927	171.514	
6.22843	0.0966555	3.11288	2.52163	-12.0294	207.622	
6.02594	0.103776	3.10896	-38.0546	-20.1596	168.652	
6.10735	0.100913	3.11057	10.8673	9.60198	233.461	
2.36871	0.233901	2.91966	-46.5347	-15.5029	185.974	
4.24526	0.1666	3.05825	26.2732	2.04364	180.566	
4.87166	0.144446	3.08036	-38.7665	1.80806	177.928	
4.73436	0.149295	3.07602	37.8088	-8.90685	178.238	
2.83183	0.217063	2.9715	-10.8234	-2.89679	180.112	
3.51486	0.192563	3.02233	-81.7552	-1.28631	197.713	
3.72991	0.1849	3.03439	1.0141	-8.1877	181.46	
0.723958	0.315063	1.56429	126.965	73.2793	39.5863	
2.95886	0.212483	2.98278	-5.95378	-9.29171	161.077	
3.61355	0.189044	3.02805	-6.88022	-5.74892	161.261	
2.2164	0.239505	2.89763	18.6248	-9.4498	145.335	
1.34834	0.272903	2.66486	3.05311	4.78226	38.8873	
4.67944	0.151236	3.07421	-25.2744	-0.340269	186.212	
3.606	0.189313	3.02762	22.2322	0.656979	187.667	
4.99992	0.139918	3.0842	-14.7616	-9.4749	172.451	
7.11204	0.0656165	3.12734	22.5341	2.88317	189.168	
5.04609	0.138289	3.08553	34.9627	-0.976978	198.408	
5.80349	0.111603	3.10434	16.728	9.21283	165.508	
4.16486	0.16945	3.05492	15.4682	10.1908	176.025	
5.74508	0.113659	3.10307	-26.524	-7.68783	192.554	
3.47736	0.193901	3.02007	4.14996	1.08805	226.051	
7.11553	0.0654941	3.12739	-26.0044	5.68007	161.003	
6.37759	0.0914124	3.1156	27.016	10.9427	215.648	
6.07661	0.101994	3.10996	-26.5901	-7.36828	184.023	
5.92773	0.107231	3.10696	-43.7433	-3.32832	210.906	
5.29139	0.129639	3.09222	-35.869	1.18126	145.61	
2.79509	0.21839	2.96804	-8.69029	-4.65966	155.136	
1.88703	0.251796	2.83694	-46.4037	-6.24945	238.594	
4.99018	0.140262	3.08391	-7.90778	-3.62726	186.659	
6.23868	0.096295	3.11307	-50.8558	-0.672689	190.656	
4.56279	0.15536	3.07023	32.1507	4.61784	237.316	
5.08954	0.136757	3.08676	-10.1457	-13.9146	207.567	
2.55778	0.226996	2.94319	-14.5607	12.5514	182.88	
4.32088	0.163922	3.06126	-11.0074	-1.29133	147.986	
3.2794	0.200977	3.00726	17.8768	0.350228	189.331	
2.86496	0.215867	2.97454	24.246	-2.65005	201.486	
5.35288	0.127472	3.0938	-2.92879	-2.67212	156.551	
4.18352	0.168789	3.05571	-13.8242	8.74396	177.22	
2.78288	0.218832	2.96687	26.3144	1.9092	234.269	
6.72043	0.079367	3.1214	-0.3213	13.2228	193.023	
4.52488	0.156701	3.06889	-40.9171	-1.64324	147.962	
5.23461	0.13164	3.09073	-2.72473	3.52478	193.609	
5.84158	0.110262	3.10516	-32.1532	-0.964731	185.025	
4.46629	0.158774	3.06677	38.1405	2.11348	179.329	
5.17938	0.133588	3.08924	4.34217	-1.00331	225.125	
5.59142	0.119068	3.09959	-0.827619	-9.58103	183.87	
4.32241	0.163867	3.06132	-19.8271	5.06055	190.134	
5.42069	0.125082	3.0955	27.0887	-3.85195	190.266	
3.183	0.20443	3.00043	45.4853	2.13703	162.834	
5.73007	0.114187	3.10274	-27.9089	-9.25173	177.422	
4.37838	0.161885	3.06348	-44.215	7.77985	203.177	
6.50258	0.0870201	3.11779	33.7974	2.162	213.262	
3.78117	0.183076	3.03706	11.6392	-1.79616	169.586	
3.19558	0.203979	3.00135	37.7923	0.0810222	234.05	
4.16927	0.169294	3.05511	45.2983	-1.48422	203.365	
3.51944	0.192399	3.0226	-10.47	-3.26907	194.175	
4.41333	0.160648	3.06481	39.7579	8.76841	189.929	
5.14961	0.134638	3.08843	-4.45238	6.13093	187.032	
5.05808	0.137866	3.08587	-15.3748	-0.16804	188.201	
3.93206	0.177712	3.04451	-33.2919	11.1175	151.885	
4.94505	0.141855	3.08258	12.9997	-7.04992	182.993	
6.42626	0.0897019	3.11646	27.6929	-12.9744	173.866	
5.49542	0.122449	3.09732	-38.7566	-1.80443	175.032	
6.09575	0.101321	3.11034	-17.6354	-2.6386	175.264	
4.92661	0.142506	3.08203	15.3469	7.62638	181.972	
4.58959	0.154413	3.07116	-50.6043	1.74366	164.973	
2.0588	0.245351	2.87119	-18.1103	-7.46144	152.145	
5.01143	0.139512	3.08453	28.773	-0.716121	164.858	
4.75941	0.148411	3.07683	-15.9809	-8.33538	206.2	
3.30137	0.200191	3.00876	3.15808	-4.29706	210.68	
4.79391	0.147192	3.07793	-21.0167	9.9028	171.673	
5.81175	0.111312	3.10452	3.87382	-5.04941	162.462	
6.05248	0.102843	3.10949	-19.6761	-1.48332	182.629	
2.90853	0.214296	2.97843	-35.2942	-2.07075	185.281	
4.32459	0.16379	3.06141	6.45314	-8.02381	144.45	
4.89687	0.143556	3.08113	-41.5856	2.24606	197.658	
4.25537	0.166242	3.05866	-52.1708	4.17513	194.649	
7.10025	0.0660303	3.12717	-8.9818	-2.26664	220.144	
6.21765	0.0970344	3.11267	1.37569	2.94769	204.385	
3.79813	0.182472	3.03793	25.2524	5.24577	180.814	
5.60796	0.118486	3.09997	-39.4824	6.46677	155.8	
5.29282	0.129588	3.09225	-20.4551	9.92592	187.157	
5.32398	0.12849	3.09306	-2.97366	-6.40166	189.466	
5.69022	0.11559	3.10185	-8.25358	3.55866	239.918	
3.17094	0.204863	2.99955	-4.50611	-1.29284	210.305	
5.38262	0.126423	3.09455	14.0823	4.18965	191.599	
4.82635	0.146046	3.07896	12.9304	5.56217	189.353	
4.04863	0.173573	3.04987	-18.0454	4.48128	161.244	
1.68369	0.25956	2.78648	25.486	5.17371	133.571	
4.7302	0.149442	3.07589	31.9884	-2.11821	219.198	
5.07509	0.137266	3.08635	1.47712	-3.62593	173.801	
5.19554	0.133018	3.08968	27.7129	6.18535	171.127	
5.34178	0.127863	3.09351	-30.8274	0.939283	159.303	
0.721291	0.313646	1.62034	-9.29388	4.78719	33.2993	
7.6162	0.0479261	3.13408	-1.13149	-0.978271	145.667	
3.10772	0.207131	2.9948	-8.27981	-7.80039	185.132	
4.16176	0.16956	3.05479	23.1547	3.92365	169.757	
5.80627	0.111505	3.1044	22.7818	-14.0153	177.775	
4.48074	0.158263	3.0673	23.4801	-5.8146	183.94	
2.78668	0.218694	2.96723	-0.14591	-18.5943	190.214	
0.818261	0.29917	2.15117	-122.856	-51.3522	39.4854	
3.26586	0.201462	3.00633	64.8121	-3.75626	177.259	
3.51517	0.192552	3.02235	61.5607	-3.5002	197.457	
4.44148	0.159652	3.06585	34.6731	5.12484	226.745	
4.39714	0.161221	3.0642	-39.71	9.51941	171.38	
2.95681	0.212556	2.98261	30.663	13.544	157.764	
4.95042	0.141665	3.08274	-30.0176	4.64614	230.505	
5.93204	0.107079	3.10705	1.59747	7.01563	194.694	
2.26939	0.23755	2.90565	25.0627	16.4145	206.043	
5.64948	0.117024	3.10093	-8.43112	-14.529	182.308	
5.91104	0.107818	3.10662	13.319	-1.65458	185.833	
3.40172	0.196603	3.01535	-10.7706	-16.4233	189.578	
5.97738	0.105484	3.10798	-6.55181	-5.48067	210.741	
0.72427	0.310215	1.7563	66.2983	44.7235	31.1713	
4.631	0.152949	3.07258	47.0052	-7.84383	181.759	
4.80173	0.146916	3.07818	-27.4695	10.1071	211.6	
6.223	0.0968464	3.11277	-49.0387	3.50076	189.237	
5.8251	0.110842	3.1048	25.0673	-7.73134	202.751	
4.97715	0.140722	3.08353	51.5011	-2.27016	221.313	
5.33588	0.128071	3.09336	38.3452	3.57285	179.954	
7.13732	0.0647292	3.1277	-30.2211	7.36329	193.661	
5.85603	0.109754	3.10546	-16.5964	2.10583	196.51	
4.86519	0.144675	3.08016	15.7051	14.3167	213.874	
6.55637	0.08513	3.1187	-7.08996	9.68108	185.862	
5.09954	0.136404	3.08704	35.3091	-3.47778	221.194	
5.7	0.115245	3.10207	25.469	2.10786	149.317	
5.03808	0.138572	3.0853	17.8101	-6.21118	198.582	
3.03525	0.209735	2.9891	-35.3781	-11.536	208.191	
25.7879	1.21288	0.11522	6.61762	-9.13862	253.235	
4.5535	0.155689	3.0699	28.7452	-2.18948	189.047	
6.29711	0.0942413	3.11415	2.1201	7.18006	210.514	
4.46627	0.158774	3.06677	-29.3046	-2.3883	191.105	
5.63925	0.117384	3.10069	32.6226	-6.30251	172.343	
7.41961	0.0548228	3.13156	11.6499	2.71169	221.693	
4.57908	0.154784	3.0708	22.9755	4.06149	167.127	
4.70204	0.150438	3.07496	-11.8306	-0.864079	164.084	
4.45486	0.159178	3.06635	17.5729	6.73892	196.035	
6.04992	0.102933	3.10944	-2.1448	1.13277	185.935	
7.61995	0.0477944	3.13413	-20.546	-6.63117	193.19	
5.76348	0.113011	3.10347	21.7116	2.08942	191.71	
5.36771	0.126949	3.09417	19.7776	-3.05792	169.504	
7.61089	0.0481124	3.13401	-25.4878	-14.4328	206.486	
7.01012	0.0691946	3.12586	-5.69182	1.27088	178.115	
3.1488	0.205657	2.99791	70.7076	-5.85508	197.454	
3.96959	0.176379	3.04627	-32.9041	2.70121	188.729	
5.96195	0.106027	3.10767	-7.53833	0.34097	169.004	
4.83485	0.145746	3.07922	-21.1186	8.72157	220.252	
6.08369	0.101745	3.1101	5.82175	-6.37498	185.191	
5.86902	0.109297	3.10574	-2.02651	-4.6588	224.431	
3.55595	0.191097	3.02475	35.0809	4.77537	193.6	
2.3392	0.234984	2.91563	34.9413	16.2786	192.728	
1.88161	0.252001	2.83575	20.3254	1.81533	168.647	
3.69972	0.185974	3.03279	54.9263	13.0277	189.988	
3.83673	0.1811	3.03987	52.3433	-5.96823	213.717	
5.73521	0.114006	3.10285	-17.5918	-8.48905	221.895	
6.59997	0.0835983	3.11943	-2.90341	-3.64461	200.81	
4.7462	0.148877	3.07641	-0.175657	13.7426	204.66	
3.18624	0.204314	3.00067	8.02414	-1.03802	185.288	
6.67952	0.0808037	3.12074	-13.1619	2.57492	220.198	
4.49585	0.157728	3.06784	8.12327	-5.6669	172.257	
6.43048	0.0895535	3.11654	-0.723061	1.77265	181.576	
4.53438	0.156365	3.06922	2.05104	11.7119	226.24	
3.97921	0.176037	3.04672	-19.3419	2.5407	212.779	
5.11203	0.135963	3.08739	-22.0554	-2.49184	185.764	
3.70887	0.185648	3.03328	28.3881	9.49061	177.538	
5.81501	0.111197	3.10459	12.1339	9.52176	165.843	
8.00539	0.034277	3.1387	-7.87287	-8.59497	204.542	
6.04852	0.102982	3.10941	-8.04072	0.873952	163.977	
2.84937	0.21643	2.97312	37.3297	-11.5513	226.66	
5.31906	0.128663	3.09293	-22.0415	9.26019	231.78	
3.88	0.179562	3.04201	26.0229	4.25553	197.874	
5.70912	0.114924	3.10227	35.5249	-0.414974	170.527	
5.31845	0.128685	3.09292	-3.11914	-2.07333	192.062	
4.4869	0.158045	3.06752	-25.3868	15.1054	187.915	
3.60567	0.189324	3.0276	-68.4254	-3.0482	195.261	
6.86113	0.0744255	3.12361	-17.3724	-5.41304	210.81	
5.60345	0.118644	3.09987	-21.6075	-5.83595	216.847	
4.12856	0.170737	3.05338	-21.8003	6.07181	226.634	
4.15616	0.169759	3.05455	5.86514	-1.57548	192.183	
6.50139	0.0870617	3.11777	-71.029	-11.8451	197.633	
3.90734	0.17859	3.04333	39.6492	1.38451	195.993	
3.16307	0.205145	2.99897	-28.0023	16.8357	170.09	
2.436	0.231438	2.92848	19.1158	-2.42884	193.178	
5.706	0.115034	3.1022	-64.5078	3.6029	192.018	
4.84584	0.145358	3.07956	2.00591	-9.60869	186.91	
1.88612	0.25183	2.83674	-27.2059	1.65603	162.254	
4.49939	0.157603	3.06797	-18.1308	-1.63213	176.589	
4.33145	0.163547	3.06168	45.2115	-14.5224	214.414	
3.66973	0.187042	3.03116	-32.3821	-3.67784	161.57	
5.03095	0.138824	3.0851	1.49736	3.46995	161.596	
4.02365	0.17446	3.04875	-6.80718	3.79235	202.203	
6.07583	0.102021	3.10995	-14.2775	-1.57166	190.392	
6.12407	0.100325	3.11089	16.3631	-17.9634	188.106	
0.727224	0.309322	1.79131	47.1529	34.8879	40.1679	
5.40409	0.125667	3.09508	-18.1595	6.35125	172.587	
4.93806	0.142102	3.08237	1.21711	6.74022	221.833	
4.95321	0.141567	3.08282	-23.6643	-6.48666	171.698	
4.90306	0.143337	3.08132	27.4258	2.062	181.685	
6.13669	0.0998813	3.11113	40.1132	3.73934	194.684	
4.86015	0.144852	3.08001	-57.9433	-7.38851	138.601	
3.71827	0.185314	3.03378	-60.0703	-10.3756	181.745	
6.24845	0.0959516	3.11325	33.6847	11.3628	160.848	
6.0042	0.104541	3.10852	35.9465	2.74972	218.179	
5.92141	0.107453	3.10683	36.0278	9.89721	171.734	
4.92581	0.142534	3.082	28.6608	-1.32141	186.49	
3.17692	0.204648	2.99999	-18.0711	0.895716	202.951	
7.73655	0.0437045	3.13556	-29.826	-5.07966	208.135	
3.1419	0.205904	2.99739	-2.62413	5.92057	210.337	
20.1048	1.01432	0.123125	14.7984	2.62576	230.317	
4.64814	0.152343	3.07316	45.7476	-12.0489	131.187	
6.1148	0.100651	3.11071	10.3112	-14.9965	198.84	
0.721221	0.313578	1.62301	15.9132	5.1835	35.394	
7.13466	0.0648225	3.12766	-10.9066	-5.87918	214.408	
2.06757	0.245024	2.87277	25.7831	15.4757	197.722	
2.44438	0.231131	2.92954	-22.7914	-11.036	232.728	
4.17317	0.169156	3.05527	18.9762	10.5965	183.183	
4.42973	0.160068	3.06542	11.1669	5.22176	181.447	
5.61407	0.118271	3.10012	-37.6188	-9.46581	181.728	
4.5238	0.156739	3.06885	0.59959	-7.68261	180.038	
3.36291	0.19799	3.01285	28.864	4.29793	175.333	
1.36088	0.272386	2.67068	-36.1177	-2.21188	152.403	
2.96471	0.212272	2.98328	19.9087	-15.0764	205.252	
6.26906	0.0952272	3.11363	-17.3844	5.78277	183.101	
5.47627	0.123124	3.09686	-3.14975	-12.4615	165.16	
4.22611	0.167279	3.05747	-9.0047	-11.995	174.759	
4.94404	0.141891	3.08255	31.7059	7.77992	215.534	
3.96631	0.176495	3.04612	-17.7105	2.15727	184.386	
4.75776	0.148469	3.07678	-19.3331	-11.8429	213.823	
3.4702	0.194156	3.01963	49.3334	2.43666	198.361	
5.33965	0.127938	3.09346	76.4379	12.8166	153.171	
4.4595	0.159014	3.06652	-8.71882	-6.88882	195.1	
3.38922	0.197049	3.01455	-0.927788	-3.23453	212.937	
3.35159	0.198394	3.01211	-37.0392	-7.88977	190.645	
2.38814	0.233189	2.92226	-23.6952	3.16775	192.346	
0.726026	0.315739	1.53775	-5.64487	-4.38182	59.9197	
5.91745	0.107592	3.10675	1.36768	12.3305	158.005	
4.93822	0.142096	3.08238	2.42338	1.80703	169.417	
2.69545	0.221996	2.95816	-16.8136	-10.0938	230.656	
4.68542	0.151025	3.07441	36.7085	11.5913	180.222	
5.25418	0.13095	3.09124	3.05091	7.84863	183.333	
3.42371	0.195817	3.01675	-21.7368	-9.07799	180.788	
7.09547	0.0661984	3.1271	0.460343	-6.55714	206.785	
0.725492	0.309813	1.77212	-30.2445	-16.0716	43.6479	
3.22099	0.203069	3.00317	-44.4369	11.4222	170.896	
2.64957	0.22366	2.95335	29.0506	-11.2898	192.563	
6.90179	0.0729981	3.12423	-22.2128	7.16578	177.063	
5.6592	0.116682	3.10115	-10.6777	16.4345	202.258	
5.34656	0.127694	3.09364	1.98769	-1.54977	221.137	
7.76284	0.0427826	3.13588	-34.7784	-11.3417	197.316	
7.01735	0.0689408	3.12596	33.5159	0.658822	155.307	
3.44045	0.430173	0.298331	32.3993	-5.81789	184.948	
2.92173	0.21382	2.97959	40.7328	3.24525	209.65	
3.92073	0.178114	3.04397	32.5565	-6.05994	230.022	
5.2769	0.13015	3.09184	-10.8384	-5.2247	204.499	
2.36246	0.23413	2.91882	-6.26365	1.08457	177.125	
5.85146	0.109914	3.10537	-42.7032	-4.67834	167.451	
7.29066	0.0593478	3.12983	-19.2582	-3.74107	159.068	
4.07521	0.17263	3.05105	-2.05434	3.78507	192.742	
5.31255	0.128893	3.09276	28.7536	16.8139	208.14	
5.16818	0.133983	3.08894	-8.31891	5.07696	182.925	
4.27897	0.165406	3.05961	-2.91933	-2.36544	193.192	
3.84235	0.1809	3.04015	-5.65894	6.24643	185.31	
3.3667	0.197854	3.0131	19.6774	-4.51706	192.755	
5.78005	0.112428	3.10383	-58.2986	6.62178	188.902	
3.80172	0.182345	3.03811	-6.86022	4.49156	219.985	
3.21587	0.203252	3.00281	9.77281	8.35311	195.619	
5.19752	0.132948	3.08973	-43.29	-4.87975	207.895	
5.86038	0.1096	3.10556	20.2059	-1.63891	171.695	
3.40786	0.196383	3.01575	-5.8672	-9.09899	178.063	
1.71497	0.258354	2.7951	-37.0553	-8.96698	83.2254	
4.53903	0.156201	3.06939	-82.0279	3.4639	136.477	
6.84106	0.0751305	3.1233	-19.7046	2.00485	164.244	
6.92241	0.0722738	3.12455	25.2227	7.0961	194.045	
2.92005	0.213881	2.97944	29.3008	-8.998	171.255	
4.63807	0.152699	3.07282	27.6976	17.0209	158.791	
4.15445	0.169819	3.05448	40.0988	-5.98805	203.592	
4.22241	0.16741	3.05732	-2.15786	-12.6537	197.606	
3.31356	0.199754	3.00958	17.9012	4.68623	196.33	
4.56436	0.155305	3.07028	19.23	9.5012	177.073	
4.33628	0.163376	3.06186	1.9339	-5.91101	178.223	
2.70223	0.221751	2.95886	28.324	5.29569	222.809	
6.75923	0.0780041	3.12202	-21.2924	4.93121	190.32	
6.08019	0.101868	3.11003	-3.47883	-13.1728	210.317	
1.77868	0.255911	2.81163	9.34549	-0.0852784	227.63	
6.38139	0.0912787	3.11567	-4.72103	-0.564325	194.517	
5.98451	0.105233	3.10813	12.4992	-8.1094	179.819	
7.76749	0.0426196	3.13593	-26.4656	-13.8699	215.205	
6.50244	0.0870251	3.11778	-7.62872	-4.20014	182.381	
4.75864	0.148438	3.07681	-4.69274	-0.160657	175.884	
4.95606	0.141467	3.08291	43.8034	8.0942	194.563	
5.57178	0.11976	3.09913	42.3145	6.88783	174.634	
3.58312	0.190128	3.02632	-7.02732	-4.23305	172.243	
4.95872	0.141373	3.08299	10.8914	-0.115954	175.994	
5.12975	0.135338	3.08788	7.2081	13.3866	213.358	
6.55692	0.0851107	3.11871	14.9622	-4.96633	234.667	
6.63101	0.0825079	3.11995	48.6639	3.1428	195.278	
4.67287	0.151468	3.07399	9.95965	15.3227	210.369	
6.27603	0.0949821	3.11376	27.1196	-7.60131	178.133	
5.90963	0.107868	3.10659	4.31498	3.95608	185.64	
5.35887	0.12726	3.09395	23.1424	0.78548	222.815	
4.3704	0.162168	3.06318	46.3853	1.31773	207.446	
5.6299	0.117713	3.10048	27.7568	3.7841	179.576	
3.29891	0.200279	3.00859	42.7166	-12.0943	154.424	
4.12109	0.171002	3.05306	2.33383	4.7849	160.421	
3.83443	0.181182	3.03976	-20.0287	-7.57137	160.343	
4.98383	0.140486	3.08373	27.0746	5.52429	179.037	
4.36201	0.162465	3.06286	24.8716	2.27995	200.64	
4.87852	0.144204	3.08057	4.99717	7.02511	212.828	
3.8801	0.179558	3.04201	-11.6412	-10.9093	197.114	
5.20445	0.132704	3.08992	-6.28518	-5.58124	187.678	
0.720779	0.312728	1.65679	-53.6273	-28.4264	-17.6107	
3.87612	0.179699	3.04182	39.362	-2.07845	164.826	
5.29519	0.129505	3.09232	26.3282	0.9098	217.341	
3.84555	0.180786	3.04031	-15.9936	-5.558	185.043	
4.90751	0.14318	3.08145	5.07336	-18.2676	168.365	
3.13533	0.20614	2.9969	18.9561	-1.69151	187.248	
5.76661	0.1129	3.10354	10.7031	5.60175	171.971	
3.09319	0.207653	2.99368	5.09178	-4.41563	197.053	
5.07263	0.137353	3.08629	-47.6675	-11.2182	202.682	
5.54243	0.120794	3.09844	-34.3748	-5.0901	188.278	
4.33726	0.163341	3.0619	21.2164	-12.5111	193.755	
5.35279	0.127475	3.09379	-3.73142	8.85314	205.376	
3.4933	0.193332	3.02104	-13.0348	-9.55128	190.856	
5.35621	0.127354	3.09388	-31.5479	-2.69435	186.073	
2.72644	0.220874	2.96131	-36.2847	-7.65626	177.984	
6.67835	0.0808448	3.12072	5.42296	2.99006	176.455	
0.739738	0.306885	1.88496	14.7663	-1.42935	47.6535	
4.94016	0.142028	3.08243	33.9598	-0.757037	200.015	
2.05368	0.245542	2.87025	-59.0708	-0.48787	239.291	
4.62806	0.153052	3.07248	52.0411	6.41636	162.933	
5.69873	0.11529	3.10204	-35.7305	-4.93015	191.201	
5.43903	0.124436	3.09595	-10.5204	-4.06792	168.742	
4.14279	0.170233	3.05399	3.69164	-8.44264	216.618	
5.24578	0.131246	3.09102	42.8912	-0.175052	164.07	
6.36876	0.0917226	3.11544	2.27025	6.33833	189.088	
6.23261	0.0965085	3.11295	53.1625	8.28173	191.901	
4.68309	0.151107	3.07433	-26.8225	9.6717	195.454	
5.69748	0.115334	3.10201	-74.9097	-13.0217	194.639	
5.21714	0.132256	3.09026	-26.7859	2.22145	202.532	
4.33147	0.163546	3.06168	14.0826	5.03299	169.071	
5.0696	0.13746	3.0862	35.1133	-8.83813	207.647	
6.92616	0.0721421	3.1246	-50.0007	-8.85948	228.585	
3.1732	0.204782	2.99971	-30.8918	-2.55109	185.181	
6.00156	0.104634	3.10847	26.7759	14.9107	189.532	
3.63665	0.188221	3.02934	-9.6929	10.6449	201.493	
3.80838	0.182108	3.03845	-34.784	-4.21938	170.706	
5.24234	0.131368	3.09093	22.7668	-0.0192805	233.911	
5.31598	0.128772	3.09285	-37.5143	-0.0105899	226.462	
4.52457	0.156712	3.06887	26.6657	10.4224	191.881	
6.65832	0.0815486	3.12039	16.4038	-0.437775	221.634	
4.24702	0.166538	3.05832	21.3575	7.66112	182.022	
4.09558	0.171907	3.05195	-49.294	-3.38496	201.445	
5.15808	0.134339	3.08866	-2.82594	5.70712	201.711	
3.54701	0.191416	3.02423	-58.2987	-9.07523	191.416	
6.8738	0.0739806	3.12381	-34.7941	-1.9171	230.539	
2.98075	0.211695	2.98463	-10.7823	3.73012	182.498	
3.03107	0.209885	2.98876	65.7388	-4.15088	177.467	
4.94801	0.141751	3.08267	25.6641	-0.922262	199.995	
3.78534	0.182927	3.03728	-58.3982	-2.16005	172.264	
6.30799	0.0938588	3.11434	7.98151	10.0075	208.824	
4.83122	0.145874	3.07911	-45.9197	7.24644	184.018	
5.9745	0.105585	3.10792	-19.9122	4.32227	143.247	
5.30244	0.129249	3.0925	9.53705	-8.29573	180.774	
3.54226	0.191585	3.02395	31.4099	4.67752	187.789	
6.93465	0.0718443	3.12473	20.138	-9.23747	248.383	
5.96128	0.106051	3.10765	-72.8499	7.34581	163.968	
1.85732	0.25292	2.83032	32.8078	-6.91599	196.388	
3.79099	0.182726	3.03757	5.58439	3.23657	197.574	
4.37448	0.162024	3.06334	13.2961	11.1321	161.212	
0.722082	0.31421	1.59796	97.8542	36.9063	53.9005	
4.02905	0.174268	3.049	1.27431	13.2843	225.092	
5.08525	0.136908	3.08664	14.8015	-6.04484	154.59	
4.6911	0.150824	3.0746	-17.4526	-13.7018	149.062	
4.9301	0.142383	3.08213	25.6392	-5.74093	198.88	
6.20943	0.0973236	3.11252	2.62933	22.2131	231.2	
6.20814	0.0973689	3.11249	31.7733	13.8199	179.774	
6.04928	0.102955	3.10942	-42.8962	8.71928	181.814	
4.57265	0.155012	3.07057	48.6575	-2.25342	169.451	
5.14973	0.134633	3.08843	-50.5537	-1.82021	181.569	
4.81784	0.146346	3.07869	-14.2853	0.631798	159.459	
6.53432	0.0859048	3.11833	36.1042	-1.6757	183.835	
5.50793	0.122009	3.09762	-105.65	-3.69321	200.318	
5.10119	0.136346	3.08709	-4.34246	-8.58049	214.372	
5.22523	0.131971	3.09048	-30.6432	8.43451	175.62	
4.93984	0.142039	3.08243	-39.5054	-10.8471	210.122	
5.93424	0.107002	3.1071	-3.81384	-11.8404	203.654	
4.11174	0.171334	3.05265	51.8931	-0.904389	175.974	
5.10167	0.136329	3.0871	36.5858	4.45532	209.303	
4.94435	0.14188	3.08256	17.327	-8.98179	217.649	
4.19926	0.168231	3.05636	-13.7423	7.40203	204.853	
6.52383	0.0862735	3.11815	-8.08354	-6.44281	191.378	
4.34074	0.163218	3.06204	36.9171	-13.0942	210.635	
5.58901	0.119153	3.09954	-6.37748	-14.6442	192.584	
4.95142	0.14163	3.08277	16.4876	-4.07026	233.317	
5.95745	0.106185	3.10757	-20.1695	-2.99453	177.104	
2.07593	0.244713	2.87427	22.5086	4.16018	134.881	
4.0088	0.174987	3.04808	8.58498	-1.67012	185.767	
5.51764	0.121667	3.09785	28.6808	6.13393	148.071	
4.92168	0.14268	3.08188	-31.4286	-10.4108	183.823	
6.53032	0.0860454	3.11826	1.41429	3.30062	182.329	
5.79092	0.112045	3.10407	-22.5556	1.41088	182.471	
7.22381	0.0616938	3.12891	-58.3472	-2.25807	192.079	
4.28448	0.165211	3.05983	10.9882	3.33589	214.984	
1.9478	0.249505	2.8498	24.9772	18.4241	168.887	
7.45694	0.0535132	3.13205	10.2625	-0.242767	191.517	
4.38788	0.161549	3.06385	37.0404	7.00035	155.89	
6.96064	0.0709314	3.12512	-7.35735	-8.74773	197.733	
3.5617	0.190892	3.02508	6.77835	2.88999	194.742	
5.51045	0.12192	3.09768	-6.38534	-1.97496	156.246	
4.22475	0.167327	3.05741	32.3238	-4.97456	199.504	
5.63797	0.117429	3.10066	-19.537	5.50357	184.874	
4.15041	0.169962	3.05431	38.5275	-3.7779	200.129	
4.52073	0.156848	3.06874	27.0999	5.99126	182.898	
5.18914	0.133244	3.08951	-33.3593	5.57793	165.314	
4.01857	0.17464	3.04852	-2.14926	-3.772	167.723	
4.2211	0.167457	3.05726	32.8565	-7.15318	235.538	
4.7965	0.1471	3.07802	33.334	0.099821	174.399	
4.44793	0.159424	3.06609	25.0975	2.79359	188.065	
0.720953	0.312141	1.68009	13.867	-8.13167	53.0029	
5.50578	0.122084	3.09757	-6.72436	-4.86192	197.617	
5.60053	0.118747	3.0998	-40.631	0.0492889	141.583	
3.79503	0.182583	3.03777	2.5266	3.69038	179.047	
4.01314	0.174833	3.04827	-4.54836	4.11277	169.865	
4.35164	0.162832	3.06246	7.28726	5.833	215.615	
3.77965	0.18313	3.03698	10.1569	-0.365142	169.854	
5.39793	0.125884	3.09493	8.49959	0.549631	208.567	
2.58971	0.225835	2.94681	-6.14638	1.19253	175.546	
3.40401	0.196521	3.0155	12.0143	5.14019	186.744	
5.09798	0.136459	3.087	34.7485	-10.9236	184.615	
4.87962	0.144165	3.0806	25.0035	-3.02901	176.741	
3.8501	0.180625	3.04054	27.3796	4.67789	164.458	
5.38078	0.126488	3.0945	20.3349	8.52176	163.782	
3.70482	0.185793	3.03306	-19.203	-3.38983	164.278	
7.07847	0.0667951	3.12686	1.62341	6.82089	192.328	
4.88523	0.143967	3.08078	-14.9341	11.7593	176.634	
3.60772	0.189251	3.02772	-26.1985	-0.730251	195.385	
4.35217	0.162813	3.06248	-23.9618	15.7362	208.017	
3.36914	0.197767	3.01326	19.1731	-13.1504	176.523	
3.20831	0.203523	3.00227	-34.7157	-12.4502	231.066	
4.71627	0.149935	3.07543	-8.51198	-9.24988	182.982	
4.01586	0.174736	3.0484	-10.0479	-17.9233	228.058	
5.47099	0.12331	3.09673	40.9596	2.55204	177.043	
6.11738	0.10056	3.11076	-3.39698	7.29927	195.584	
6.64063	0.0821698	3.1201	4.33205	-8.85977	195.781	
6.55346	0.0852325	3.11865	-9.31228	11.4565	217.744	
5.12793	0.135402	3.08783	44.5112	-4.50379	178.822	
3.80618	0.182186	3.03834	33.8591	-6.89755	189.358	
6.10812	0.100886	3.11058	22.0446	15.661	178.557	
5.56404	0.120033	3.09895	24.0173	-9.57582	203.804	
3.61808	0.188882	3.0283	-42.6262	4.4449	186.478	
5.45617	0.123832	3.09637	4.25315	0.940068	136.807	
5.07495	0.137271	3.08635	-10.378	-4.3844	247.828	
5.02845	0.138912	3.08502	38.9751	-4.05177	187.415	
4.73993	0.149099	3.0762	-18.9772	6.17697	225.346	
4.16538	0.169432	3.05494	-14.5513	-0.327935	184.352	
6.53185	0.0859917	3.11829	33.5029	-8.77013	194.79	
5.54852	0.120579	3.09859	-6.65915	4.04945	214.274	
6.0162	0.104119	3.10876	-49.3971	6.58133	172.096	
4.98357	0.140495	3.08372	3.56559	3.71533	224.077	
3.12661	0.206453	2.99624	-31.7094	-6.55799	179.687	
3.01001	0.210642	2.98705	-26.2817	9.94167	185.031	
6.41692	0.0900302	3.1163	50.8586	3.32022	167.283	
3.50447	0.192933	3.02171	-1.04892	13.2221	198.092	
3.25526	0.201841	3.00559	-57.2674	-1.79001	153.861	
3.84527	0.180796	3.0403	-15.6851	5.73313	217.466	
6.58405	0.0841577	3.11917	28.8318	7.26065	228.331	
4.30152	0.164607	3.0605	-2.4567	-6.30837	188.986	
3.29854	0.200292	3.00857	-9.11357	-0.467488	194.835	
3.75016	0.184179	3.03546	20.2915	-5.28269	155.912	
4.89168	0.143739	3.08097	66.9344	12.8089	175.851	
4.73347	0.149327	3.07599	39.7507	-4.86643	213.984	
2.98991	0.211365	2.98539	-40.3011	-7.50328	181.211	
3.63244	0.188371	3.02911	-16.1632	3.81889	142.947	
4.81965	0.146283	3.07875	-7.75077	-7.40462	209.471	
4.83525	0.145732	3.07923	7.28691	-5.89328	185.931	
5.45382	0.123915	3.09631	7.6415	-2.30959	189.514	
0.720983	0.312095	1.68193	-58.2811	-30.5381	2.88442	
6.72959	0.0790453	3.12155	-2.52675	-0.990388	166.502	
6.41077	0.0902464	3.11619	17.6777	-14.4976	184.14	
4.18765	0.168642	3.05588	-9.99774	2.77651	164.218	
5.39161	0.126107	3.09477	-1.6636	-2.1232	228.254	
0.759513	0.304334	1.97881	71.3337	32.9074	47.967	
7.09286	0.06629	3.12706	-11.1368	-9.04355	161.662	
6.97235	0.0705205	3.1253	-12.9806	10.8613	174.469	
2.42871	0.231705	2.92755	-61.5683	-8.99987	177.377	
2.32993	0.235324	2.91434	-0.216493	2.79028	185.699	
4.75653	0.148512	3.07674	10.0795	11.3113	237.801	
3.53239	0.191937	3.02337	-4.12591	9.25555	163.522	
5.40504	0.125633	3.09511	-2.3655	-4.2776	195.613	
3.91586	0.178287	3.04374	43.7831	-5.88513	164.54	
4.58839	0.154455	3.07112	10.3627	-1.21248	186.542	
4.31037	0.164294	3.06085	-23.5776	-1.49169	159.974	
3.23868	0.202435	3.00443	46.6699	-1.50842	146.746	
4.3941	0.161329	3.06408	-7.73714	2.91443	140.303	
3.916	0.178283	3.04374	-4.84797	-11.3316	177.939	
4.5989	0.154083	3.07148	15.8796	-21.3936	197.262	
2.94573	0.212956	2.98166	29.5761	-2.68541	226.258	
5.93049	0.107134	3.10702	10.583	11.0274	193.505	
6.78464	0.0771118	3.12242	64.6371	-8.37367	208.8	
3.12764	0.206416	2.99631	13.3884	-3.05971	187.31	
5.86428	0.109463	3.10564	18.8544	0.982565	217.496	
4.06069	0.173145	3.05041	-20.5724	4.33157	201.329	
5.21201	0.132437	3.09012	10.7442	-10.1322	200.783	
3.98283	0.175909	3.04689	28.6034	5.42128	151.653	
7.0905	0.0663726	3.12703	-28.1935	7.49365	232.765	
6.2457	0.0960485	3.1132	6.34291	8.42724	220.544	
6.10384	0.101036	3.1105	-32.044	0.0178469	163.544	
5.24229	0.131369	3.09093	-2.18856	12.2341	157.374	
0.72281	0.314587	1.58305	12.298	8.80348	15.1916	
4.20465	0.16804	3.05658	24.1891	-3.79673	165.212	
4.14323	0.170217	3.054	-35.4069	-7.36066	196.265	
5.83705	0.110421	3.10506	-11.5785	-0.00101588	231.5	
4.22309	0.167386	3.05734	-17.6069	-8.37202	164.867	
4.04782	0.173602	3.04984	-10.9638	6.30001	194.953	
3.41743	0.196041	3.01635	-132.793	-5.73445	161.981	
3.65208	0.187671	3.03019	-11.1774	-5.5089	178.461	
3.49094	0.193416	3.02089	38.2546	5.36325	235.739	
4.40138	0.161071	3.06436	-9.38661	-1.13546	192.089	
1.76472	0.256445	2.80812	-20.9329	-1.39127	168.16	
4.34518	0.163061	3.06221	-24.7946	-0.518588	172.228	
5.31612	0.128767	3.09286	-5.66514	3.04679	183.288	
6.34691	0.0924906	3.11505	-17.7709	15.1235	203.149	
3.21003	0.203462	3.00239	-13.4966	-1.49677	200.557	
6.57799	0.0843706	3.11906	-7.15357	-2.52075	204.617	
6.81436	0.0760681	3.12289	-8.90963	5.28779	182.462	
5.56397	0.120035	3.09895	-41.4611	10.8909	226.603	
5.42789	0.124828	3.09567	20.6485	-0.703653	200.024	
6.84746	0.0749057	3.1234	46.6709	-5.8671	161.598	
6.58218	0.0842234	3.11913	0.774452	-8.93235	215.314	
4.80697	0.146731	3.07835	-27.6173	13.2709	198.147	
5.85932	0.109638	3.10553	5.55844	-1.90516	185.347	
6.70761	0.079817	3.12119	36.6634	0.616424	201.603	
4.68564	0.151017	3.07442	-45.087	-15.8859	193.73	
3.59386	0.189745	3.02693	13.0904	6.29512	172.81	
6.62019	0.0828879	3.11977	-55.7107	-10.534	167.129	
4.82148	0.146218	3.0788	-23.7348	-3.12702	174.325	
3.85676	0.180388	3.04087	25.6406	5.64719	147.394	
7.21037	0.0621653	3.12873	45.2059	-1.76897	194.871	
4.17468	0.169102	3.05533	1.81509	-11.882	225.382	
3.44209	0.19516	3.0179	4.70436	-1.9045	191.988	
4.17316	0.169156	3.05527	42.6539	0.468755	188.054	
2.29514	0.236603	2.90941	-109.33	-16.1431	177.718	
0.724672	0.310076	1.76178	6.68546	15.088	22.437	
5.08461	0.13693	3.08662	-8.78413	-2.95684	147.143	
0.727121	0.316043	1.52587	-22.9779	-4.33059	16.3816	
6.68004	0.0807855	3.12075	-10.5742	4.64603	196.406	
3.1399	0.205976	2.99724	-50.6045	-7.40343	208.825	
5.44131	0.124355	3.096	1.2089	8.45529	197.134	
6.38709	0.0910784	3.11577	-7.43171	-15.2594	205.402	
6.03811	0.103348	3.1092	-29.1463	2.21455	218.773	
12.9048	0.762637	0.143149	3.02439	-4.74325	234.157	
5.71571	0.114692	3.10242	-20.6507	-2.04659	167.757	
6.47326	0.0880502	3.11728	-25.1889	-18.6094	210.51	
4.72295	0.149699	3.07565	-45.0906	9.73647	206.729	
6.03582	0.103429	3.10916	4.76629	5.8674	178.187	
5.65231	0.116924	3.10099	14.9076	0.772221	178.99	
4.92519	0.142556	3.08199	-13.3562	7.16105	183.333	
5.82213	0.110947	3.10474	56.5513	7.28309	168.83	
6.71524	0.079549	3.12132	-23.2012	-1.86578	199.96	
7.22626	0.0616075	3.12895	-11.8565	14.1114	170.418	
3.66165	0.18733	3.03072	-21.2092	-5.97813	185.955	
5.22324	0.132041	3.09042	3.12066	-7.77661	152.22	
0.734962	0.317714	1.46128	14.8187	-7.92523	49.4356	
3.84354	0.180858	3.04021	-18.6714	-10.3943	173.399	
3.49348	0.193326	3.02105	-36.343	3.70918	201.635	
3.89433	0.179053	3.0427	-0.915903	1.64206	190.966	
3.63981	0.188108	3.02951	-25.1783	-12.8586	164.692	
2.251	0.238228	2.90292	-8.24726	-2.2399	189.857	
4.11516	0.171213	3.0528	27.2494	-3.56905	195.2	
5.75828	0.113194	3.10336	-4.58388	14.458	182.256	
5.17198	0.133849	3.08904	-1.59498	-10.1423	181.722	
4.29521	0.164831	3.06025	11.3256	16.2548	199.965	
6.68617	0.0805704	3.12085	-20.7088	12.9707	226.606	
6.47006	0.0881626	3.11723	20.9256	-1.92082	176.362	
5.06989	0.13745	3.08621	20.3449	-4.39883	189.5	
8.01083	0.0340861	3.13876	-18.8054	-4.42439	188.18	
5.38027	0.126506	3.09449	-0.268573	1.04349	171.748	
4.37938	0.16185	3.06352	-12.3704	8.08019	175.34	
4.87799	0.144222	3.08055	28.4657	0.639045	153.649	
4.15914	0.169653	3.05468	36.03	-4.9809	185.264	
2.09641	0.243951	2.87788	-24.329	1.08361	163.542	
5.28992	0.129691	3.09218	-45.718	-2.4039	207.843	
6.08917	0.101552	3.11021	29.8971	11.2158	193.751	
4.72098	0.149768	3.07558	50.318	-9.52922	206.551	
6.42993	0.089573	3.11653	49.0932	11.3938	205.228	
5.47124	0.123301	3.09674	2.84964	-7.25778	193.66	
5.45586	0.123843	3.09636	28.4943	11.8852	190.938	
5.81774	0.111101	3.10465	-4.99477	10.9364	179.08	
5.27253	0.130304	3.09173	3.38902	3.94085	180.374	
6.40095	0.0905914	3.11601	12.3256	8.92737	171.336	
4.78501	0.147506	3.07765	8.92174	4.66194	201.401	
6.14708	0.099516	3.11133	17.0674	5.08998	173.184	
3.8826	0.179469	3.04213	8.25134	-7.41795	177.839	
3.98667	0.175773	3.04706	10.88	-11.2628	184.06	
7.04913	0.0678249	3.12643	28.6039	12.7857	174.788	
3.03387	0.209784	2.98899	57.1472	9.81026	133.898	
3.76477	0.183659	3.03622	23.9098	8.95819	166.127	
5.07206	0.137373	3.08627	27.2425	4.85913	189.667	
3.42051	0.195931	3.01655	17.1511	-2.95631	193.86	
5.94178	0.106737	3.10725	4.21926	1.41382	175.721	
5.66773	0.116381	3.10134	14.0918	-0.384992	228.66	
3.83274	0.181242	3.03967	-35.3278	-2.42081	180.93	
3.73736	0.184635	3.03479	-13.1927	-0.241192	177.315	
0.7566	0.320729	1.34911	0.255269	12.9881	29.3891	
3.23452	0.202584	3.00413	17.0057	6.55	184.224	
3.23398	0.202603	3.0041	-48.633	-5.61698	179.542	
5.99427	0.10489	3.10832	-5.69043	15.6168	172.734	
6.02156	0.10393	3.10887	7.10674	10.0213	209.417	
6.07961	0.101888	3.11002	-45.1126	-4.37556	158.302	
5.02355	0.139085	3.08488	-10.8937	-11.158	207.57	
0.743201	0.319023	1.41179	-27.9186	-22.9395	45.5137	
4.05663	0.173289	3.05023	-6.9595	6.73368	213.98	
2.22377	0.239232	2.89877	-39.9788	14.5936	163.805	
0.731255	0.317003	1.48858	-69.4896	-36.122	48.5308	
5.73984	0.113843	3.10295	12.5159	-15.3558	182.704	
17.7085	0.930578	0.12798	0.818011	-0.392339	222.555	
3.04924	0.209232	2.99022	14.3354	-9.31494	156.563	
5.22978	0.131811	3.0906	-11.6289	-9.90764	207.982	
3.00012	0.210998	2.98624	-16.4725	7.0063	227.1	
4.53331	0.156403	3.06919	9.77041	-3.39356	160.3	
4.89159	0.143742	3.08097	5.56553	-8.50134	195.029	
3.62143	0.188763	3.02849	16.8218	-19.741	181.368	
4.86922	0.144532	3.08029	6.29586	-4.19814	202.912	
6.17403	0.0985684	3.11185	-15.4481	-11.5087	223.721	
4.64318	0.152518	3.073	6.91902	-5.51816	163.464	
4.19122	0.168516	3.05603	-1.52224	-0.39993	200.155	
5.02708	0.13896	3.08498	18.2369	5.08517	180.521	
4.07461	0.172651	3.05103	-7.75115	-4.44067	159.078	
5.25308	0.130989	3.09121	-26.9324	5.85113	190.816	
5.53499	0.121056	3.09827	-29.2463	6.19072	169.134	
5.47906	0.123026	3.09693	-21.3827	10.548	209.927	
6.02736	0.103726	3.10899	5.1468	10.5108	174.438	
5.65295	0.116902	3.10101	-39.222	19.2103	178.377	
5.44969	0.12406	3.09621	-31.5019	-15.4404	194.438	
6.15474	0.0992464	3.11148	72.1703	-1.39682	208.55	
3.86977	0.179925	3.04151	-4.72284	5.46115	194.501	
5.44582	0.124197	3.09612	8.96747	-4.19255	168.644	
4.10736	0.171489	3.05246	8.93974	6.40726	198.038	
4.71556	0.14996	3.07541	4.13742	11.2614	214.713	
2.62219	0.224654	2.9504	-38.046	-4.26133	166.261	
2.82593	0.217276	2.97095	28.6617	-4.43585	188.721	
6.18819	0.0980703	3.11212	26.1377	2.98978	210.434	
0.720971	0.312113	1.68123	43.6534	2.65552	15.8002	
5.82756	0.110756	3.10486	-27.4601	0.0164462	192.417	
3.62845	0.188513	3.02888	4.24628	13.4348	188.94	
6.80673	0.0763358	3.12277	35.6272	-0.591017	176.953	
3.29185	0.200531	3.00811	-8.0484	7.27382	222.31	
6.41153	0.0902196	3.1162	-19.4715	3.19092	210.364	
3.63793	0.188175	3.02941	0.224062	-0.422873	229.71	
5.28573	0.129838	3.09207	-36.0496	14.7754	189.039	
5.71283	0.114794	3.10235	-0.793105	2.64546	170.647	
3.66964	0.187045	3.03116	43.0778	5.32587	223.071	
5.98041	0.105378	3.10804	-36.5234	2.33886	205.604	
4.79821	0.14704	3.07807	-12.9229	-4.54166	165.793	
7.58246	0.0491094	3.13366	0.606008	7.11893	161.972	
4.26334	0.16596	3.05898	-30.3917	13.3681	206.302	
3.73562	0.184696	3.03469	7.39949	-14.0104	185.627	
6.65493	0.0816677	3.12034	6.7571	-2.36086	183.922	
4.28538	0.165179	3.05986	29.6047	3.0488	220.281	
6.31446	0.0936313	3.11446	7.32744	-8.68503	152.616	
3.18176	0.204475	3.00034	13.4552	9.64374	202.597	
5.96113	0.106056	3.10765	-22.2161	4.16513	195.659	
5.45373	0.123918	3.09631	27.6253	9.93836	197.463	
4.98696	0.140376	3.08382	5.13362	-13.0979	175.957	
3.89972	0.178861	3.04296	-21.4173	-2.1259	180.379	
3.62324	0.188698	3.02859	51.235	8.6609	220.857	
3.68283	0.186576	3.03187	21.953	6.45551	164.457	
5.01351	0.139439	3.08459	41.4117	1.04831	195.644	
4.16875	0.169312	3.05509	44.7047	0.307439	173.133	
4.834	0.145776	3.0792	25.9684	4.01687	158.131	
6.68254	0.0806979	3.12079	12.5678	6.81738	198.898	
4.42418	0.160264	3.06521	44.3434	4.27481	193.301	
5.89574	0.108356	3.1063	13.841	-9.16433	237.671	
5.5211	0.121545	3.09794	2.45394	-0.156411	217.194	
6.4684	0.0882209	3.1172	8.43629	8.68493	205.972	
2.70687	0.221582	2.95933	-9.63706	0.130975	178.523	
3.04471	0.209395	2.98986	-16.7517	-4.78845	184.784	
5.18028	0.133556	3.08927	-12.6232	8.35339	170.421	
5.63836	0.117415	3.10067	11.9998	3.22726	207.393	
4.26094	0.166045	3.05888	35.0133	9.83364	175.811	
5.3561	0.127358	3.09388	27.4919	-4.16653	210.588	
0.726419	0.315851	1.53336	-69.6901	-46.5893	15.4947	
5.32748	0.128367	3.09315	-28.3172	-4.18792	194.272	
3.92358	0.178013	3.04411	-3.79643	-4.79188	198.181	
5.53198	0.121162	3.09819	-44.4989	-14.0673	172.395	
3.64941	0.187766	3.03005	20.7759	-0.418321	186.724	
6.17727	0.0984544	3.11191	40.909	-9.93843	196.385	
4.39732	0.161215	3.0642	-10.6047	-16.5202	186.553	
6.79103	0.0768873	3.12252	-2.72846	-16.407	156.631	
5.95702	0.1062	3.10757	-0.598801	13.3145	210.379	
5.07586	0.137239	3.08638	29.3065	-6.24475	192.651	
5.54865	0.120575	3.09859	32.5299	3.25709	195.154	
4.09612	0.171888	3.05197	29.5779	-10.4271	180.494	
3.95058	0.177054	3.04538	41.3052	5.40258	208.635	
5.71808	0.114609	3.10247	-37.1765	-12.7442	156.124	
7.42582	0.0546048	3.13164	32.6932	-4.93252	204.043	
4.69828	0.150571	3.07484	-42.2066	-4.18829	199.931	
4.71506	0.149977	3.07539	30.5721	-10.357	173.069	
6.25615	0.0956811	3.11339	18.5781	1.06891	163.66	
2.42581	0.231811	2.92717	-38.9167	10.7142	194.43	
0.783642	0.301957	2.06134	11.35	4.26352	30.5169	
4.13317	0.170574	3.05357	-59.3852	-17.1613	209.777	
3.79402	0.182619	3.03772	33.4445	3.85249	199.032	
7.052	0.0677243	3.12647	44.5706	-10.524	212.898	
3.23435	0.20259	3.00412	-14.9746	5.0497	190.311	
3.28642	0.200726	3.00774	26.7185	4.12809	147.587	
4.17371	0.169137	3.05529	24.4951	-4.52253	229.765	
6.30424	0.0939904	3.11428	-25.6745	-1.05866	145.948	
3.93509	0.177604	3.04465	-11.7019	6.39075	185.414	
3.15353	0.205487	2.99826	58.3055	-0.270881	191.262	
5.67236	0.116218	3.10145	-61.458	5.55784	169.407	
4.99691	0.140025	3.08411	-54.8616	-2.98972	201.218	
4.30337	0.164542	3.06057	26.8337	10.7504	166.551	
4.05949	0.173188	3.05036	-29.6075	-8.20233	192.284	
5.74686	0.113596	3.10311	5.19909	-6.15768	197.85	
4.04737	0.173618	3.04982	9.19721	9.30096	177.155	
6.47571	0.087964	3.11732	20.2986	9.39683	215.338	
5.72096	0.114508	3.10253	37.5489	16.5694	191.822	
8.10401	0.0308191	3.1398	23.3008	1.91714	179.896	
5.39069	0.126139	3.09475	-27.3577	3.79113	198.588	
3.08773	0.207849	2.99325	-56.2467	-3.7977	188.03	
0.734727	0.30772	1.85323	40.9667	16.4505	24.0506	
5.86538	0.109425	3.10566	-36.7636	3.11691	218.917	
7.79434	0.0416776	3.13625	23.504	-5.42026	200.153	
5.08977	0.136748	3.08677	7.92682	-0.0211066	192.686	
4.44577	0.1595	3.06601	-32.9988	-0.464438	159.746	
4.21402	0.167708	3.05697	5.78895	-2.50897	206.189	
3.834	0.181197	3.03974	-10.5452	-3.55568	198.933	
4.07672	0.172576	3.05112	22.4323	-6.50162	191.249	
4.3097	0.164317	3.06082	-43.832	2.42614	248.221	
5.14248	0.134889	3.08823	-61.1339	6.16263	191.52	
5.87206	0.10919	3.1058	-57.0852	-5.13317	202.512	
0.765201	0.321668	1.31565	-19.8337	-0.562382	53.108	
0.780771	0.302215	2.05263	-160.012	-61.9199	38.8321	
3.21849	0.203158	3.00299	8.18529	1.03012	154.955	
3.26655	0.201437	3.00637	25.9772	-0.0471201	169.796	
3.26884	0.201355	3.00653	31.5338	10.1945	168.925	
4.95952	0.141344	3.08301	59.1047	2.03803	219.057	
5.25334	0.13098	3.09122	27.9386	3.63836	181.97	
4.31781	0.16403	3.06114	13.8685	-2.70067	181.6	
3.90809	0.178564	3.04336	-39.3231	-3.31393	177.213	
5.33356	0.128152	3.0933	10.4353	-2.81304	173.773	
7.25972	0.0604335	3.12941	0.474716	9.52835	225.484	
5.53481	0.121062	3.09826	-37.088	-12.2144	188.935	
4.46415	0.15885	3.06669	-5.59828	13.0228	186.039	
4.3343	0.163446	3.06179	-14.6344	2.26761	196.515	
3.79256	0.182671	3.03765	-38.2579	3.78485	191.54	
4.91879	0.142782	3.08179	26.2361	-2.95569	178.48	
4.78284	0.147583	3.07758	18.9871	5.6694	191.567	
4.26222	0.165999	3.05893	-17.9691	-9.88255	165.689	
6.39183	0.090912	3.11585	-6.36085	2.26156	208.599	
6.40874	0.0903175	3.11615	8.66075	-10.3762	229.041	
3.36548	0.197898	3.01302	-57.471	-10.5712	195.991	
6.1871	0.0981087	3.1121	-27.5886	-9.52658	219.403	
4.16137	0.169574	3.05477	-42.8558	10.2401	156.908	
3.84185	0.180918	3.04013	11.0506	-14.3983	179.232	
5.89526	0.108373	3.10629	-31.5562	0.0306965	169.504	
5.24612	0.131234	3.09103	-20.0903	-8.16071	168.786	
6.09021	0.101516	3.11023	-11.6318	-6.55227	235.979	
4.72122	0.14976	3.07559	-9.16325	7.69053	183.309	
5.60824	0.118476	3.09998	23.1652	-3.57963	209.653	
2.53847	0.227699	2.94096	39.1561	5.63552	168.667	
3.4769	0.193917	3.02004	-5.59654	1.53627	146.526	
4.32922	0.163626	3.06159	-9.54261	-3.5575	174.133	
7.19789	0.0626034	3.12855	40.5063	-11.0157	232.352	
4.47993	0.158291	3.06727	4.08663	-10.1704	217.082	
4.51195	0.157159	3.06842	-6.36744	-0.841668	196.142	
5.74981	0.113492	3.10317	-18.96	11.7866	163.499	
6.42089	0.0898905	3.11637	41.5138	2.99863	194.606	
4.38837	0.161532	3.06386	32.6359	-4.29916	189.676	
2.45214	0.230848	2.93051	1.1551	-5.78932	194.327	
5.05906	0.137832	3.0859	-12.6847	-17.3911	210.199	
4.88155	0.144097	3.08066	-6.49865	-2.56726	188.057	
2.70235	0.221746	2.95887	-41.3869	-5.608	151.619	
5.25919	0.130774	3.09138	2.38555	-7.53044	217.888	
4.84666	0.145329	3.07959	22.1889	4.18497	184.502	
4.8493	0.145236	3.07967	-29.3284	12.6737	188.91	
4.81738	0.146363	3.07867	-6.88099	-0.50829	225.007	
5.4594	0.123718	3.09645	-23.039	2.90847	229.691	
5.10002	0.136387	3.08706	4.43179	6.84076	190.482	
4.70027	0.1505	3.0749	20.0934	-16.0234	182.176	
4.0903	0.172094	3.05172	30.2591	1.59661	179.144	
4.69592	0.150654	3.07476	3.25138	-4.07123	181.692	
4.73784	0.149173	3.07613	-39.1588	0.876335	220.064	
5.53616	0.121015	3.09829	-34.9259	5.6306	175.328	
4.56541	0.155268	3.07032	-4.88828	-4.06482	174.152	
5.9612	0.106054	3.10765	-11.4786	9.51463	209.398	
3.14011	0.205969	2.99725	12.6832	-3.86966	149.375	
5.41197	0.125389	3.09528	-8.27664	-20.0465	151.63	
7.63504	0.047265	3.13431	-1.67099	-16.4057	203.177	
5.14674	0.134739	3.08835	-60.5636	-0.689897	220.124	
4.90187	0.143379	3.08128	-22.883	7.54186	190.812	
3.91967	0.178152	3.04392	-14.7286	-6.20088	209.23	
6.64803	0.08191	3.12023	9.02519	1.17648	217.521	
4.66795	0.151643	3.07383	15.5911	-1.60095	211.567	
5.81654	0.111143	3.10462	0.0562328	3.95651	190.823	
3.18472	0.204369	3.00056	-25.8148	6.54291	184.198	
5.36063	0.127198	3.09399	-25.8092	-3.98125	186.269	
5.05113	0.138112	3.08567	1.83189	-2.1579	197.995	
6.38513	0.0911472	3.11573	-21.4807	7.34907	231.175	
7.44473	0.57145	0.184236	-24.2183	6.8543	220.082	
4.94031	0.142022	3.08244	-0.152937	7.59704	193.576	
4.65889	0.151963	3.07352	9.53693	3.5696	183.928	
0.730448	0.308559	1.82096	-165.09	-79.5349	-27.0315	
5.98668	0.105157	3.10817	-41.4992	-11.8185	194.671	
3.94065	0.177407	3.04492	-4.1491	-22.3615	189.022	
6.13616	0.0998999	3.11112	40.2044	7.55148	179.742	
2.48241	0.229743	2.93426	-36.2199	3.02642	183.047	
3.28821	0.200662	3.00786	-35.7097	-18.2331	222.984	
6.24298	0.0961442	3.11315	-25.5397	-5.97521	171.535	
3.84881	0.18067	3.04047	-4.15391	-3.8795	186.899	
0.764148	0.321558	1.31953	59.8123	34.7043	51.818	
5.82712	0.110771	3.10485	17.6397	-7.28087	196.697	
5.33339	0.128158	3.0933	-14.9268	-5.30797	162.979	
4.82023	0.146262	3.07876	22.3113	-1.8006	208.888	
5.80356	0.1116	3.10434	-42.1067	-12.7112	231.393	
6.75936	0.0779997	3.12202	-28.2957	-2.32871	180.825	
6.56846	0.0847052	3.1189	-20.777	-5.39049	186.29	
3.23591	0.202534	3.00423	36.9609	0.314922	193.143	
5.19177	0.133151	3.08958	-29.2857	0.588297	202.597	
6.40068	0.0906007	3.11601	22.7169	-0.45918	177.371	
0.781125	0.302183	2.05372	-10.5857	-2.8156	35.387	
5.51761	0.121668	3.09785	29.2477	-6.97221	200.495	
3.49262	0.193356	3.02099	24.2538	-15.3847	173.745	
3.90215	0.178774	3.04308	-1.78334	1.44776	254.018	
5.79141	0.112028	3.10408	-6.07138	1.57422	159.728	
6.41282	0.0901742	3.11622	31.5999	6.25491	191.516	
2.30024	0.236415	2.91014	12.3123	2.67865	161.72	
0.726893	0.30941	1.78786	-85.6221	-28.3737	43.3208	
4.63153	0.15293	3.0726	2.38787	3.63748	187.553	
5.00792	0.139636	3.08443	-59.3601	-14.932	220.544	
2.68264	0.222461	2.95683	10.9365	-3.94126	198.913	
5.16179	0.134208	3.08876	-0.337962	8.0577	164.883	
4.49914	0.157612	3.06796	-13.9493	4.6422	189.073	
4.91401	0.142951	3.08165	-1.89386	5.84735	213.333	
6.22811	0.0966668	3.11287	-34.1055	0.946646	209.633	
3.92157	0.178085	3.04401	-66.5306	10.9612	197.158	
3.23985	0.202393	3.00451	6.70202	-5.81715	141.261	
5.50148	0.122236	3.09747	-43.4411	-9.93564	219.048	
13.0233	0.766783	0.14264	-19.3422	-1.91586	228.097	
5.27426	0.130242	3.09177	10.1002	-1.06159	196.511	
4.46889	0.158682	3.06686	-24.5071	-5.16405	174.254	
6.0689	0.102265	3.10981	2.18889	3.18653	182.862	
5.33165	0.12822	3.09326	15.0587	-4.96899	204.642	
6.84022	0.0751601	3.12329	5.28967	-2.03019	217.268	
3.42823	0.195655	3.01703	-15.823	-12.3593	186.045	
5.09547	0.136547	3.08693	-45.5749	1.37603	180.95	
4.12287	0.170939	3.05313	6.00679	-21.6424	193.692	
5.38798	0.126234	3.09468	40.798	5.61656	184.398	
3.58259	0.190147	3.02629	13.1417	-8.46009	160.406	
5.78949	0.112095	3.10404	22.4631	-5.89528	204.436	
6.8555	0.0746233	3.12353	-41.4499	-0.697454	222.441	
3.66018	0.187382	3.03064	-36.1701	5.22737	172.061	
4.67185	0.151504	3.07396	25.4927	-11.286	175.375	
6.84791	0.0748899	3.12341	-3.53913	-16.303	206.448	
5.30443	0.129179	3.09256	-21.2101	-6.40742	208.001	
5.77857	0.11248	3.1038	-25.458	0.138294	193.324	
6.29439	0.0943367	3.1141	-30.734	7.22688	164.025	
5.45279	0.123951	3.09629	-47.9371	-11.1392	174.26	
3.23165	0.202687	3.00393	58.951	15.2136	196.221	
3.7291	0.184928	3.03435	7.09999	3.89349	206.176	
4.29759	0.164747	3.06035	-4.87764	-6.6144	188.807	
6.26737	0.0952866	3.1136	-18.2179	1.22248	215	
2.73907	0.220416	2.96258	-12.0621	-2.35806	210.592	
4.80784	0.1467	3.07837	-12.829	-5.7921	166.953	
6.72448	0.0792248	3.12147	-17.6048	-6.54048	196.452	
3.7604	0.183814	3.03599	53.7119	4.13478	188.173	
5.67718	0.116049	3.10156	9.08976	6.86769	173.158	
6.25736	0.0956383	3.11341	13.7494	9.15728	195.592	
0.738595	0.307065	1.87816	-95.09	-24.4122	32.3125	
3.28075	0.200929	3.00735	5.7986	7.52619	186.21	
4.19023	0.168551	3.05599	-15.2896	-9.84511	182.992	
6.15193	0.0993454	3.11143	35.8504	-4.06212	180.539	
3.86094	0.180239	3.04107	5.18742	-11.3785	206.079	
5.27901	0.130075	3.09189	-17.0507	-15.3144	181.446	
4.61244	0.153605	3.07195	77.3748	9.65315	200.495	
5.70162	0.115188	3.1021	-49.4379	-0.991326	170.372	
5.65165	0.116947	3.10098	3.91028	-5.38658	223.108	
5.56767	0.119905	3.09904	-4.86993	1.26044	190.89	
4.48589	0.15808	3.06748	-3.47838	1.08475	224.326	
4.47754	0.158376	3.06718	-21.9232	2.98689	212.011	
3.2596	0.201686	3.00589	9.87992	11.0459	174.575	
4.60562	0.153846	3.07171	-13.5195	3.89175	177.243	
2.02554	0.246592	2.86504	-1.05539	5.30972	192.604	
5.28302	0.129934	3.092	-51.9045	15.3693	183.105	
4.88097	0.144117	3.08065	-43.7775	-16.8957	197.611	
5.34879	0.127616	3.09369	22.0396	7.29425	192.822	
5.62153	0.118008	3.10029	-4.74672	2.00825	178.816	
6.39316	0.0908652	3.11588	-47.1786	5.4653	209.114	
2.36722	0.233956	2.91946	8.57097	2.92508	232.429	
5.27193	0.130325	3.09171	8.86812	5.70919	155.749	
6.76073	0.0779513	3.12204	12.1984	4.45984	234.268	
3.82846	0.181394	3.03946	-65.7155	2.43607	166.202	
5.98444	0.105236	3.10812	12.1225	-7.693	209.852	
4.32985	0.163604	3.06161	8.02288	1.58906	199.941	
6.10273	0.101076	3.11048	-23.2368	-6.73939	207.176	
6.36622	0.0918119	3.1154	-30.2798	1.44638	142.468	
6.16811	0.0987762	3.11174	46.577	-7.39495	199.391	
3.97133	0.176317	3.04635	5.67564	6.79265	194.468	
6.55254	0.0852645	3.11864	-28.2749	2.81011	229.026	
2.7405	0.220365	2.96272	-33.1236	15.5267	181.52	
5.52296	0.121479	3.09798	-53.2326	-11.5901	202.03	
3.9079	0.17857	3.04336	-4.08929	0.715949	189.379	
4.03787	0.173955	3.04939	24.2497	1.46836	167.877	
5.47729	0.123088	3.09688	23.1392	-6.39364	189.641	
4.94325	0.141918	3.08253	-18.7228	-4.18392	170.805	
4.04244	0.173793	3.0496	12.6748	-9.06768	221.663	
5.07891	0.137132	3.08646	26.6389	0.659955	218.026	
6.97993	0.0702543	3.12541	3.56847	-7.35478	195.256	
5.61265	0.118321	3.10008	0.419149	7.88743	191.736	
5.04314	0.138394	3.08545	98.6589	0.594839	198.95	
5.57104	0.119786	3.09912	36.7045	1.26821	177.431	
1.76015	0.25662	2.80696	0.186153	-5.80216	199.529	
5.11935	0.135705	3.08759	23.5693	-2.80259	198.936	
4.10249	0.171662	3.05225	-59.3224	11.9376	188.447	
3.90166	0.178792	3.04306	-75.3357	3.2908	182.845	
4.91345	0.142971	3.08163	-34.1855	-13.7845	181.837	
4.43835	0.159763	3.06574	-23.0232	8.13332	157.647	
4.24932	0.166457	3.05841	-18.7498	-8.157	160.513	
2.9222	0.213803	2.97963	17.1091	-5.19464	220.727	
5.97816	0.105457	3.108	54.8652	6.35002	183.815	
8.01729	0.0338596	3.13883	-0.360749	2.0686	201.344	
5.06646	0.137571	3.08611	13.0704	-7.829	190.897	
3.83238	0.181254	3.03966	-23.629	-6.43509	233.679	
3.37839	0.197436	3.01386	-31.5316	-16.6701	165.58	
4.95282	0.141581	3.08281	-61.0008	-3.27002	166.166	
1.65304	0.260747	2.77767	-75.2407	-4.01391	189.733	
4.24321	0.166673	3.05817	-43.4723	-11.102	185.627	
4.67167	0.151511	3.07395	38.3038	-11.832	235.055	
4.74603	0.148883	3.0764	3.27887	2.06438	213.074	
0.867517	0.329554	1.0679	75.2076	35.3954	30.1771	
4.76894	0.148074	3.07714	25.7264	7.84797	187.1	
3.03492	0.209746	2.98907	-41.1368	-1.54444	163.897	
3.62038	0.1888	3.02843	-4.15086	-0.35369	164.187	
3.78291	0.183014	3.03715	23.2811	-8.8802	215.272	
4.31894	0.16399	3.06119	-1.51375	7.46315	212.914	
3.15149	0.20556	2.99811	-23.5392	-2.8152	159.136	
5.73235	0.114107	3.10279	76.7318	-8.42564	176.901	
3.43779	0.195314	3.01763	33.0218	-16.0534	175.165	
5.27919	0.130069	3.0919	23.147	-14.8155	160.6	
6.13922	0.0997921	3.11118	40.5616	-5.6012	220.025	
7.06134	0.0673962	3.12661	31.5156	-9.90406	172.683	
