10 15
14.039	0	0.414405	35.9213	257.11	7.82078	
11.6186	0	0.372156	1.0111	237.843	1.44603	
0.133872	0	0.17169	94.2957	73.6542	104.403	
-4.15463	-0	0.096834	30.2588	-204.908	2.59384	
0.408394	0	0.176482	56.1402	91.0113	35.6567	
12.031	0	0.379355	-18.576	214.228	-1.80205	
-3.43388	-0	0.109415	24.3311	-159.625	-6.14919	
-7.14038	-0	0.0447175	6.96592	-186.104	-2.27744	
0.187444	0	0.172625	-8.52418	2.0916	20.511	
-0.180957	-0	0.166195	63.9414	-36.8431	-124.152	
-1.58942	-0	0.14161	-17.9405	-197.284	-3.7459	
-0.229296	-0	0.165351	11.2298	-51.2492	-2.59399	
-3.33555	-0	0.111131	14.83	-204.352	4.95368	
-5.58676	-0	0.0718361	-29.1038	-187.648	12.9855	
2.14438	0	0.206784	-26.4644	218.597	-12.8189	
-4.29822	-0	0.0943276	18.2946	-197.982	13.9512	
-6.01504	-0	0.0643605	-50.1044	-202.789	2.89892	
10.991	0	0.361202	-7.04432	197.291	1.90035	
5.645	0	0.267887	-9.04002	172.048	-8.65812	
9.13629	0	0.328828	26.1733	223.652	1.65136	
10.2855	0	0.348888	21.8617	185.159	-8.99229	
6.59049	0	0.284391	-22.2823	171.483	-1.54071	
-3.83997	-0	0.102326	-32.57	-194.61	-3.60337	
-4.62604	-0	0.0886056	-9.5763	-153.854	1.77095	
2.56646	0	0.214151	-45.7294	179.941	1.88149	
-4.22	-0	0.095693	-0.255203	-183.033	3.31712	
-4.93939	-0	0.0831359	-28.2762	-169.401	-6.6123	
-2.20144	-0	0.130927	2.2939	-158.305	-9.79745	
-4.85431	-0	0.0846211	20.4008	-185.265	-4.34081	
0.42592	0	0.176788	57.8231	83.7903	22.6615	
16.1655	0	0.451524	23.7228	245.014	1.15011	
0.121581	0	0.171476	-79.6187	51.3691	-59.0795	
-2.14399	-0	0.13193	-1.994	-225.951	-18.7739	
8.26456	0	0.313612	1.50634	232.879	-4.69366	
18.245	0	0.487821	20.5255	247.781	2.10451	
-4.91566	-0	0.0835502	-12.4183	-191.673	-6.94094	
0.235464	0	0.173463	-59.8354	49.2535	-95.1433	
-1.46103	-0	0.143851	31.6523	-177.283	-13.8107	
-4.91842	-0	0.083502	-4.01095	-185.556	9.16412	
0.361895	0	0.17567	-36.2045	63.1341	4.42388	
0.081855	0	0.170782	49.0867	-49.1215	85.7372	
-2.07038	-0	0.133215	-77.5095	-198.321	-13.7066	
15.0921	0	0.432786	52.5774	238.258	3.01634	
-3.55632	-0	0.107278	45.9356	-167.965	-13.8922	
-0.766194	-0	0.155979	-34.7417	-190.176	19.4865	
-2.83795	-0	0.119817	8.03852	-136.617	-8.82056	
-3.42105	-0	0.109639	-32.5278	-187.724	-3.63526	
-3.44389	-0	0.10924	31.0977	-218.872	-7.79596	
-4.60024	-0	0.0890559	35.5843	-187.421	3.55814	
-4.48563	-0	0.0910564	57.1945	-210.685	-7.7272	
0.209697	0	0.173014	90.1212	35.7804	33.4124	
15.3597	0	0.437458	11.9351	231.818	-1.17474	
5.33333	0	0.262447	3.15695	203.875	-2.00836	
-2.78156	-0	0.120801	45.9032	-192.119	17.5916	
-1.043	-0	0.151148	11.1503	-242.026	-15.0002	
-6.11609	-0	0.0625967	16.9069	-227.74	-0.888463	
0.292879	0	0.174466	27.9872	22.3325	2.48217	
17.3915	0	0.472923	0.852772	240.458	-0.457003	
9.11051	0	0.328378	27.145	210.097	-3.83537	
9.25719	0	0.330938	21.0294	214.954	3.28452	
11.8677	0	0.376504	14.3591	263.16	9.13054	
0.283302	0	0.174298	-6.10398	95.513	-4.18625	
-2.87489	-0	0.119172	-4.41554	-177.192	11.339	
17.9982	0	0.483513	-23.5245	232.612	-2.48301	
3.29348	0	0.226841	-4.64742	188.855	-2.63099	
-0.0124196	-0	0.169137	-25.0942	14.9346	131.904	
-3.51542	-0	0.107992	-4.04697	-219.373	6.62802	
-0.00714935	-0	0.169229	11.7547	10.2859	-31.4458	
-0.00988288	-0	0.169181	5.92892	-10.6161	-88.5258	
9.00012	0	0.326451	1.66819	175.959	-1.55402	
-2.33041	-0	0.128676	-23.1839	-175.006	6.69992	
10.3329	0	0.349716	-26.1406	220.432	0.928377	
16.4575	0	0.45662	-25.563	211.916	-3.36945	
-3.11303	-0	0.115015	16.6209	-198.767	-1.1922	
-5.58752	-0	0.0718229	-18.7188	-179.393	0.306079	
0.559797	0	0.179125	24.8351	28.0032	3.30443	
0.095593	0	0.171022	75.246	-52.5088	98.6631	
-3.43372	-0	0.109418	-13.1645	-172.618	0.138622	
-3.82164	-0	0.102646	35.3101	-200.409	-7.6868	
13.295	0	0.401418	-3.11912	193.547	-0.0671542	
10.4749	0	0.352193	-12.929	224.525	-18.7888	
8.96641	0	0.325863	12.5039	225.92	-9.57034	
0.129729	0	0.171618	21.2267	46.411	56.8338	
-2.47647	-0	0.126126	-36.7148	-140.922	-1.96312	
-4.05685	-0	0.0985408	-23.7282	-182.742	1.49832	
9.68453	0	0.338398	-3.77176	172.447	-2.98436	
-1.85877	-0	0.136908	53.9205	-227.793	-2.63758	
-0.116233	-0	0.167325	71.3717	-57.9329	-104.357	
9.76394	0	0.339784	-12.0527	217.071	-3.70312	
-4.77954	-0	0.0859262	-7.5748	-220.601	3.87531	
-2.32747	-0	0.128727	-6.62362	-218.171	-12.0249	
0.22491	0	0.173279	31.4476	50.7769	70.1262	
-4.39074	-0	0.0927127	61.0983	-188.952	0.383556	
10.8615	0	0.358942	3.27717	187.419	-8.60589	
-3.57689	-0	0.106918	-19.23	-215.847	13.0936	
-0.273208	-0	0.164585	78.1675	-42.132	-57.5959	
-0.171589	-0	0.166358	-18.5417	-50.9701	44.8831	
8.17613	0	0.312068	55.4235	216.108	-7.81001	
-2.93823	-0	0.118066	-4.05634	-198.14	-7.15427	
0.14469	0	0.171879	-16.2106	57.4593	-60.1493	
-5.79223	-0	0.0682496	16.5292	-198.312	0.104483	
7.97962	0	0.308638	3.25277	215.837	-0.231409	
13.9156	0	0.412252	-32.0302	237.661	-0.614307	
-0.66482	-0	0.157749	33.3425	-95.4145	-8.95146	
-2.15441	-0	0.131748	47.3418	-182.895	2.26027	
19.937	0	0.517355	4.85338	249.892	0.661466	
14.3884	0	0.420503	-10.035	220.133	10.6608	
0.35561	0	0.175561	-101.788	45.3736	-81.3493	
-0.210239	-0	0.165684	-80.212	-44.7184	47.3168	
-0.164617	-0	0.16648	45.4833	-82.7974	-38.3682	
-1.42934	-0	0.144404	-34.0648	-226.952	0.0287835	
0.575585	0	0.1794	-80.5093	104.786	-29.342	
-0.0881709	-0	0.167814	-39.4932	0.554866	52.5728	
14.9164	0	0.42972	23.5762	235.914	11.0653	
-3.33221	-0	0.111189	4.72068	-218.534	6.43155	
12.4952	0	0.387459	-24.8649	231.468	-10.0428	
0.279994	0	0.174241	91.2117	41.9853	41.5271	
-4.22184	-0	0.0956609	-19.5651	-200.423	-12.846	
0.121091	0	0.171467	-51.9193	27.7642	-23.8903	
-2.22338	-0	0.130544	-2.91109	-173.432	6.47739	
0.0633112	0	0.170458	30.2924	50.5924	56.9886	
14.1373	0	0.416122	-4.06824	246.167	9.46111	
17.0514	0	0.466987	22.0025	266.144	2.57456	
-4.01397	-0	0.0992892	-4.30296	-201.199	5.68809	
-0.376423	-0	0.162783	-96.7257	-125.765	33.4913	
14.3349	0	0.419569	-30.3942	198.004	-8.51078	
9.96976	0	0.343376	3.98604	217.559	5.27808	
-1.32331	-0	0.146255	115.69	-127.146	-31.8098	
-0.19526	-0	0.165945	-32.8747	-89.5502	6.15545	
6.75067	0	0.287187	-31.4748	216.934	-8.05484	
-0.268251	-0	0.164671	-33.5548	-47.6224	17.0038	
3.28735	0	0.226734	1.87642	213.412	18.7605	
-0.130392	-0	0.167077	-127.43	-59.4192	122.317	
-5.10131	-0	0.0803097	30.0128	-207.459	9.76278	
-4.83099	-0	0.0850281	20.8117	-191.292	1.26568	
16.4332	0	0.456196	-16.8156	262.356	2.53839	
-0.11797	-0	0.167294	-13.3202	-43.2724	-42.3857	
2.79734	0	0.218181	-9.92741	182.443	9.96891	
-1.92742	-0	0.13571	-62.4294	-177.623	2.26972	
12.6778	0	0.390644	24.0259	228.339	-3.42627	
-3.56131	-0	0.10719	4.78053	-174.656	-9.67395	
-2.49916	-0	0.12573	28.9308	-201.681	-0.635629	
-4.70193	-0	0.087281	16.623	-161.34	-1.50986	
0.430807	0	0.176873	-100.041	37.9778	-45.2981	
-0.0751863	-0	0.168041	9.24122	-36.8037	-64.691	
7.87471	0	0.306807	1.8126	206.735	-1.27191	
-6.08261	-0	0.063181	7.56894	-206.985	-3.54304	
18.3804	0	0.490185	-29.0046	234.589	4.87972	
10.7472	0	0.356946	-1.5457	203.846	5.59057	
-6.93823	-0	0.0482462	-2.54441	-165.947	0.832243	
-0.235491	-0	0.165243	-79.9802	-74.8449	66.5206	
12.8123	0	0.392994	-84.8251	201.215	-5.0683	
9.06751	0	0.327627	-33.2455	225.294	-1.26106	
-3.66133	-0	0.105445	41.5653	-188.275	2.97853	
-0.147586	-0	0.166777	45.9867	-59.5146	-117.178	
-1.06995	-0	0.150677	-29.144	-207.595	-3.60974	
-4.10546	-0	0.0976923	-10.5494	-154.684	-14.8504	
0.100595	0	0.171109	50.0145	25.4489	19.5114	
-2.2133	-0	0.13072	-14.5729	-188.206	-4.97782	
-0.0581822	-0	0.168338	-18.3915	34.6437	125.01	
-3.97298	-0	0.100005	-4.76556	-192.828	-6.99248	
-0.081868	-0	0.167924	70.2241	-9.41496	-126.059	
17.5889	0	0.476368	-17.169	227.936	1.09408	
-6.89927	-0	0.0489261	-7.21753	-209.144	-0.874558	
-5.1303	-0	0.0798037	2.0879	-159.174	-5.68949	
5.85533	0	0.271559	16.448	234.136	2.39025	
-0.266557	-0	0.164701	-80.8433	-38.5626	44.3161	
0.394632	0	0.176242	-2.85335	85.6213	-2.51043	
-2.48769	-0	0.125931	12.9516	-224.882	-5.56641	
12.4179	0	0.386109	23.8372	219.571	3.71388	
-0.215093	-0	0.165599	44.4798	1.9254	23.1027	
0.202902	0	0.172895	-19.3836	79.9281	-12.7246	
0.576108	0	0.179409	-130.355	53.2252	-49.9071	
15.252	0	0.435578	-3.63216	240.373	0.935372	
-0.152388	-0	0.166693	15.8189	-80.7615	-1.10823	
18.4416	0	0.491253	17.8257	239.279	0.529061	
-2.11356	-0	0.132461	6.84888	-214.603	-0.781389	
0.13244	0	0.171665	36.7412	24.7659	110.187	
-3.15039	-0	0.114363	6.48196	-188.199	8.0722	
-0.199223	-0	0.165876	47.0907	55.3007	-60.062	
-0.185703	-0	0.166112	-110.929	57.1486	139.326	
8.31087	0	0.31442	13.1628	178.842	3.29814	
11.4842	0	0.36981	-25.6493	245.084	-3.54713	
-2.17989	-0	0.131303	41.9166	-200.819	-0.356967	
-1.91154	-0	0.135987	-16.9105	-154.627	-10.1928	
1.82852	0	0.20127	-19.2486	213.995	-3.22112	
11.226	0	0.365304	13.6032	243.058	-7.05903	
-1.87271	-0	0.136665	45.0943	-151.923	2.43381	
-1.61794	-0	0.141112	94.4717	-247.526	8.30798	
-3.69749	-0	0.104813	10.5942	-185.722	-3.34485	
0.364801	0	0.175721	34.187	34.2728	18.6364	
-4.43723	-0	0.0919013	27.83	-215.165	-14.8349	
7.53536	0	0.300884	22.725	184.318	-4.59265	
3.26683	0	0.226376	57.4376	220.399	0.682227	
-3.14155	-0	0.114517	25.3402	-187.943	16.4436	
-2.96596	-0	0.117582	27.6109	-198.832	7.34368	
-2.58387	-0	0.124252	-32.153	-199.035	6.11545	
-0.11409	-0	0.167362	13.0929	-47.0294	-43.8958	
6.15773	0	0.276837	-11.0714	189.246	3.15701	
-6.18421	-0	0.0614076	37.0038	-197.379	-7.58905	
-3.60805	-0	0.106375	25.6985	-191.018	-1.58743	
-4.67167	-0	0.0878092	-3.78773	-168.657	-0.995623	
12.9795	0	0.395911	-0.855718	272.751	-4.96354	
13.8991	0	0.411964	28.6173	242.053	7.33802	
-2.29163	-0	0.129353	0.446157	-218.481	21.4273	
-0.69353	-0	0.157248	104.398	-163.203	-10.5477	
7.32561	0	0.297222	-30.9714	138.492	-0.899784	
-4.69003	-0	0.0874885	29.7942	-185.812	5.83989	
14.9614	0	0.430506	-11.1747	231.624	2.01932	
13.594	0	0.406637	-30.0755	210.4	-4.65704	
-0.219796	-0	0.165517	-15.0559	33.0839	6.88336	
-5.78859	-0	0.0683131	-34.2114	-250.493	-4.58553	
-6.60101	-0	0.0541323	11.4488	-216.121	7.058	
12.0097	0	0.378984	-45.3773	237.599	-0.613857	
-0.158343	-0	0.16659	-85.4415	-65.4442	86.1279	
-1.79446	-0	0.138031	89.5301	-224.731	-5.39077	
18.2475	0	0.487865	-22.9595	229.305	-3.60115	
3.70253	0	0.233981	-9.51325	178.462	-2.62497	
-0.16756	-0	0.166429	-53.6941	-47.1615	19.0633	
-0.212619	-0	0.165642	-55.2729	-72.8513	34.0035	
-3.18626	-0	0.113737	-6.84154	-203.263	-6.08261	
2.65195	0	0.215643	7.70775	161.409	6.04972	
12.8824	0	0.394217	-9.92239	212.999	-5.56102	
0.199245	0	0.172831	-34.9859	55.0832	27.0005	
0.447501	0	0.177165	-1.34076	123.734	-15.7744	
-5.54649	-0	0.0725391	-82.0176	-158.28	-4.65207	
-4.80935	-0	0.0854058	-7.25206	-174.243	21.2871	
16.2793	0	0.45351	7.9737	232.502	-5.69471	
6.90998	0	0.289967	4.03628	182.863	-10.0415	
0.0865485	0	0.170864	-60.6831	46.5625	-92.7755	
-4.27032	-0	0.0948147	38.0036	-166.376	-6.16811	
-0.330186	-0	0.16359	-90.4564	32.2835	47.9949	
-2.37489	-0	0.127899	-6.54128	-178.067	-2.5719	
-6.37946	-0	0.0579995	39.0726	-167.949	-2.9396	
-3.70928	-0	0.104608	4.37447	-153.281	3.6509	
24.1044	0	0.590097	6.30084	249.977	-2.86324	
-0.189699	-0	0.166042	-33.5223	-70.4696	-3.79153	
9.52384	0	0.335593	-5.44199	211.453	-1.59456	
-2.4403	-0	0.126758	1.24435	-134.01	8.82359	
-0.243396	-0	0.165105	-86.3681	-78.2664	33.3096	
14.072	0	0.414981	30.0291	257.74	-1.94674	
5.20038	0	0.260126	-28.2	200.758	-16.7872	
-2.35457	-0	0.128254	14.8515	-164.113	9.84892	
-1.84729	-0	0.137109	36.1531	-135.224	-2.17435	
0.414566	0	0.17659	-119.454	86.2307	-36.834	
-1.73971	-0	0.138987	54.3258	-195.175	-8.47219	
-0.446835	-0	0.161554	-8.53928	36.1843	2.78426	
-0.233564	-0	0.165277	-152.467	-32.2924	69.4243	
-4.08413	-0	0.0980646	-3.38736	-190.591	-8.96801	
-0.070446	-0	0.168124	18.9679	53.9953	-37.6731	
-0.194443	-0	0.165959	-92.815	-60.7108	88.6545	
-0.119793	-0	0.167262	-14.968	21.2517	49.623	
13.0235	0	0.396679	49.3272	230.894	-2.48	
-3.65057	-0	0.105633	-41.6058	-231.38	0.160144	
-3.12684	-0	0.114774	-35.9544	-193.564	3.39104	
-5.016	-0	0.0817988	-33.7605	-204.67	1.47684	
-0.182288	-0	0.166172	-25.3977	-70.6211	-14.0207	
-0.328138	-0	0.163626	-46.3599	-96.7676	5.777	
18.6437	0	0.49478	21.6121	202.979	3.58543	
17.8539	0	0.480994	-9.03846	242.784	8.47071	
-2.04412	-0	0.133673	-26.2101	-185.344	-5.84028	
9.99673	0	0.343847	10.1172	247.264	0.494321	
-0.194565	-0	0.165957	-76.481	-34.5109	27.1071	
1.13516	0	0.189168	-61.5292	103.216	5.58215	
9.48974	0	0.334997	38.3816	201.184	9.16384	
0.470174	0	0.17756	-132.892	80.6739	-48.3255	
-6.22938	-0	0.0606191	-37.4191	-212.768	9.37401	
-0.11391	-0	0.167365	-36.3786	-56.1168	16.3958	
20.2584	0	0.522965	36.4111	224.514	-3.74154	
-4.67032	-0	0.0878326	-8.35993	-199.041	3.35165	
-7.21503	-0	0.0434145	-44.6496	-195.349	8.41634	
4.14418	0	0.24169	-12.4955	190.525	-11.1665	
0.295966	0	0.174519	-112.982	90.8745	-60.7045	
-0.162479	-0	0.166517	57.7465	-51.9633	-28.8975	
0.22953	0	0.17336	-105.153	25.7078	-73.5231	
-3.99728	-0	0.0995806	-30.069	-146.287	14.2581	
19.28	0	0.505887	4.03378	232.476	-3.65164	
-5.28621	-0	0.0770823	-24.1618	-154.594	4.00041	
-7.46791	-0	0.0390006	-20.3939	-212.327	-7.69756	
0.441064	0	0.177052	-35.9438	33.6126	-14.0587	
5.83959	0	0.271284	-9.00692	175.62	7.31568	
-5.77222	-0	0.068599	-15.9958	-186.923	14.8743	
-0.226696	-0	0.165396	38.4926	-59.8501	-40.6944	
0.527164	0	0.178555	92.6453	75.5849	32.976	
-2.16483	-0	0.131566	72.2998	-216.81	-14.0053	
-5.29352	-0	0.0769546	-44.7883	-148.69	-4.43458	
3.6794	0	0.233578	13.8689	170.156	-8.28141	
9.93781	0	0.342819	-33.9254	177.588	-1.0034	
-2.68562	-0	0.122476	-1.21944	-167.097	2.4382	
-0.137668	-0	0.16695	21.4394	46.3351	-11.0818	
-2.37247	-0	0.127942	-21.1502	-209.444	3.67173	
0.400345	0	0.176341	-30.2378	-34.768	13.7846	
20.7936	0	0.532308	14.8041	231.004	-0.702889	
11.5191	0	0.37042	27.9936	228.236	-4.44466	
0.532145	0	0.178642	160.205	68.654	62.6192	
-2.15828	-0	0.13168	8.7606	-168.815	5.40392	
20.8661	0	0.533573	-4.13307	252.995	0.384944	
11.1264	0	0.363565	-0.468184	228.775	-8.55994	
10.733	0	0.356699	9.3385	233.585	-2.34912	
0.319409	0	0.174929	-61.7192	83.1428	-21.7064	
-3.46915	-0	0.108799	8.78128	-174.294	7.97166	
-4.12125	-0	0.0974168	3.11192	-214.398	12.8607	
-2.31017	-0	0.129029	-85.7261	-169.066	6.59119	
-4.78141	-0	0.0858935	-16.3418	-160.241	8.41154	
0.179725	0	0.17249	-21.3349	83.7671	20.3889	
-6.05654	-0	0.0636361	-36.2371	-189.067	-7.02777	
-0.175278	-0	0.166294	22.2067	-79.5073	-21.0008	
0.168825	0	0.1723	-64.2661	40.8744	-82.0479	
-2.75285	-0	0.121302	43.689	-132.983	-24.4678	
0.0605693	0	0.170411	67.0009	2.5454	139.879	
11.7053	0	0.373671	-6.10925	209.948	2.9041	
18.2251	0	0.487474	24.6873	249.472	1.5481	
4.02919	0	0.239683	-28.0208	165.765	19.1631	
9.22044	0	0.330297	1.18386	203.434	4.76562	
-2.41641	-0	0.127175	18.3846	-205.497	6.7488	
0.379556	0	0.175979	-3.98317	57.7649	3.09138	
3.19176	0	0.225066	102.283	197.437	6.15288	
-0.290176	-0	0.164288	22.3291	-44.3538	-23.1849	
7.26994	0	0.296251	-19.7865	192.972	-0.565575	
6.69826	0	0.286272	80.4328	190.733	-3.43773	
0.279342	0	0.174229	-50.5882	110.139	-26.7443	
-2.22416	-0	0.13053	42.0113	-169.691	8.0333	
0.430619	0	0.17687	34.7664	89.0969	21.488	
3.5886	0	0.231993	39.6462	185.944	4.03806	
-5.04905	-0	0.0812219	-5.59951	-171.217	-2.27079	
0.0131966	0	0.169584	-3.86076	33.2192	-46.4368	
15.2636	0	0.43578	-12.5467	241.097	-6.76309	
7.51031	0	0.300446	-20.903	191.47	8.69741	
-0.474551	-0	0.16107	34.0835	-73.2711	-5.28717	
-3.61874	-0	0.106188	-28.1677	-184.603	1.32955	
-4.40342	-0	0.0924913	18.6405	-169.687	-8.20613	
3.46984	0	0.22992	24.5437	187.665	-6.3813	
5.86194	0	0.271674	-15.2269	200.88	-15.073	
-1.87019	-0	0.136709	28.3771	-196.282	-17.0099	
-3.60912	-0	0.106356	-16.0822	-182.782	-0.653943	
-2.61111	-0	0.123776	48.6952	-201.719	5.12705	
-0.336216	-0	0.163485	-41.957	50.0301	11.6565	
-2.77866	-0	0.120852	69.1164	-213.757	-1.28961	
-5.08688	-0	0.0805616	26.0076	-141.597	-7.01802	
6.67601	0	0.285884	-9.39494	204.567	0.135947	
13.8957	0	0.411903	13.2108	227.3	12.9495	
0.388916	0	0.176142	65.2335	21.6162	23.0315	
13.1694	0	0.399226	5.05273	249.328	2.48991	
0.118983	0	0.17143	83.9128	27.5	47.74	
-3.42768	-0	0.109523	-58.5292	-215.189	8.11611	
-0.328552	-0	0.163618	-4.99673	-32.3475	19.2043	
-3.10248	-0	0.115199	36.3197	-217.486	0.398312	
4.3977	0	0.246115	-22.4809	186.636	7.80352	
-2.17427	-0	0.131401	-24.0246	-177.39	0.683942	
0.380606	0	0.175997	-16.3939	87.945	0.72623	
13.2165	0	0.400049	19.5478	223.737	-2.28259	
-2.76686	-0	0.121058	5.33344	-199.678	7.85408	
-4.4202	-0	0.0921985	19.1192	-176.909	-2.09557	
-2.65611	-0	0.122991	-1.57867	-200.666	12.49	
-5.10432	-0	0.0802571	-19.744	-205.103	12.8089	
-4.40667	-0	0.0924347	26.261	-233.011	11.5005	
-3.60632	-0	0.106405	-16.9832	-215.99	11.6794	
0.420408	0	0.176692	-89.0968	78.365	-47.4266	
-3.53305	-0	0.107684	35.0298	-183.284	22.4561	
-5.28404	-0	0.07712	-14.3846	-201.884	-10.9886	
-4.77806	-0	0.0859521	-12.9056	-174.457	-10.3281	
-2.29127	-0	0.129359	65.4015	-204.141	-16.5351	
-0.156168	-0	0.166627	38.7873	8.11106	-76.6117	
-4.95678	-0	0.0828324	-44.2557	-176.379	-10.8597	
19.8993	0	0.516698	-14.2126	226.023	-2.68539	
-2.30131	-0	0.129184	-58.462	-205.246	22.8208	
-5.30953	-0	0.0766752	-44.4349	-191.728	8.92901	
-1.1754	-0	0.148837	14.7608	-154.645	-13.2669	
-0.0642273	-0	0.168232	34.81	19.9996	-80.8021	
-4.97916	-0	0.0824418	-14.0942	-178.472	-1.77619	
-4.54975	-0	0.0899371	5.53069	-204.802	3.48363	
-2.57189	-0	0.124461	7.67141	-203.004	-11.4505	
18.57	0	0.493494	15.1533	217.438	1.48921	
-3.90164	-0	0.10125	-66.6905	-151.996	-13.1624	
-0.487518	-0	0.160844	29.3599	-46.9077	5.0375	
9.36247	0	0.332776	2.70808	203.31	11.605	
0.0896047	0	0.170917	46.1558	39.216	105.043	
-0.0245207	-0	0.168925	-26.401	-14.6009	-125.328	
0.213628	0	0.173082	25.0286	29.7113	28.8465	
-3.78898	-0	0.103216	24.972	-144.844	2.6872	
-2.25582	-0	0.129978	-7.44006	-158.301	22.124	
-0.572804	-0	0.159355	-69.4676	-142.571	9.36339	
-1.98467	-0	0.134711	38.9975	-212.313	-1.15606	
-1.8602	-0	0.136883	-42.5169	-248.954	-0.515142	
-4.30059	-0	0.0942864	-33.5009	-179.418	-4.37784	
-1.60943	-0	0.141261	27.7352	-108.346	-10.795	
8.40028	0	0.315981	-11.2206	230.144	10.2129	
-2.76407	-0	0.121106	-14.8752	-174.053	6.69096	
19.0371	0	0.501648	-29.2522	234.958	-0.670574	
0.0213035	0	0.169725	-13.3461	5.33565	163.876	
-3.1907	-0	0.113659	10.0715	-210.862	8.31972	
-5.19739	-0	0.0786327	36.6238	-187.589	13.74	
-3.20271	-0	0.11345	-6.54309	-149.302	-3.69994	
-1.9059	-0	0.136086	-9.35892	-136.658	-0.107431	
12.5152	0	0.387806	-3.07279	185.415	9.4162	
6.37565	0	0.280641	-38.5157	194.574	1.45619	
-3.00767	-0	0.116854	45.9143	-197.735	2.39431	
1.80116	0	0.200793	5.09503	199.472	-0.41598	
5.65937	0	0.268138	-19.9249	193.143	-4.86717	
10.8392	0	0.358551	20.573	250.164	7.4041	
-0.0837822	-0	0.167891	49.6192	36.2271	-41.036	
0.295385	0	0.174509	-109.865	91.9113	-79.5787	
-1.70803	-0	0.13954	37.6656	-275.682	22.2813	
16.523	0	0.457764	29.6893	217.37	-1.44857	
-6.98725	-0	0.0473904	24.0143	-194.074	5.90321	
-4.95251	-0	0.082907	-9.12284	-188.421	-11.4879	
2.16622	0	0.207165	-42.3477	185.101	9.36485	
-3.50529	-0	0.108168	-28.2707	-205.226	17.1565	
13.9586	0	0.413002	-34.8513	236.245	7.3988	
-2.83907	-0	0.119797	4.1427	-208.115	0.394657	
-6.55792	-0	0.0548845	44.037	-183.434	8.24191	
-1.9133	-0	0.135957	96.0849	-193.329	-20.5948	
0.0956529	0	0.171023	-7.76262	-51.0655	16.118	
-2.84862	-0	0.11963	-20.567	-209.05	-1.50471	
-4.5296	-0	0.090289	-10.0121	-192.043	-4.13091	
13.6822	0	0.408177	-28.8302	215.761	5.22904	
5.6301	0	0.267627	-58.8515	203.662	-7.4811	
0.115694	0	0.171373	3.90831	-10.5259	6.59993	
-4.22573	-0	0.095593	5.06926	-178.586	5.92779	
4.47592	0	0.247481	-45.1328	192.857	-3.64761	
-2.77349	-0	0.120942	2.57306	-234.502	3.89202	
4.84985	0	0.254008	39.3579	180.052	2.27279	
7.31385	0	0.297017	8.22457	160.768	9.0742	
-2.4917	-0	0.125861	28.64	-177.268	1.00451	
-4.81328	-0	0.0853374	-1.76529	-214.661	-2.70362	
-3.52905	-0	0.107754	-4.31142	-156.903	-3.15059	
-5.83081	-0	0.0675763	37.4261	-196.745	-5.41331	
0.183874	0	0.172563	-42.9114	60.2142	-33.8655	
-2.80479	-0	0.120396	14.0005	-195.518	-0.645761	
5.37888	0	0.263242	32.2094	188.559	-7.11384	
10.034	0	0.344498	-16.0341	176.633	3.10836	
-1.94451	-0	0.135412	-85.2738	-214.721	5.90141	
8.21707	0	0.312783	-57.427	237.365	-13.3783	
-0.0852142	-0	0.167866	-36.2822	16.5606	82.5348	
-2.00302	-0	0.134391	69.9792	-226.625	-3.26719	
8.48081	0	0.317386	-5.6014	206.163	7.30092	
0.323195	0	0.174995	-109.979	16.5364	-7.90046	
13.1353	0	0.398631	-27.3157	261.265	1.66319	
0.346808	0	0.175407	7.00703	68.9867	14.4172	
-4.89305	-0	0.0839449	58.022	-197.191	9.75531	
-0.147709	-0	0.166775	-94.8538	-29.9039	120.788	
-2.93711	-0	0.118086	15.8961	-192.695	0.538517	
-3.24089	-0	0.112783	13.1723	-185.233	-2.18671	
0.312386	0	0.174806	86.8786	76.0972	72.0396	
1.31116	0	0.19224	41.8792	152.522	3.5612	
-3.46136	-0	0.108935	-6.79328	-171.603	1.4271	
-3.63835	-0	0.105846	33.5081	-185.396	-15.3971	
-3.91839	-0	0.100958	27.9675	-181.326	-5.78703	
2.41486	0	0.211505	6.27276	231.014	-5.13504	
0.237382	0	0.173497	10.9948	59.341	-7.75279	
-4.75428	-0	0.0863671	-24.1274	-167.222	1.76334	
-3.63558	-0	0.105894	5.35249	-213.226	4.67373	
0.141494	0	0.171823	21.7348	32.4054	-51.0005	
0.18751	0	0.172626	19.6179	35.8518	1.29168	
15.1711	0	0.434165	-21.3452	243.948	3.56312	
0.226697	0	0.17331	-94.9584	-75.6162	-68.9752	
-2.43763	-0	0.126804	-4.81337	-185.17	-8.53882	
0.356388	0	0.175574	-14.8571	89.1652	2.20123	
-0.055029	-0	0.168393	23.927	46.729	-40.9533	
4.95029	0	0.255761	14.2091	184.059	3.10794	
-0.114656	-0	0.167352	-34.0586	8.05639	42.0014	
-0.123222	-0	0.167203	-3.60005	-6.05267	-45.2553	
13.8194	0	0.410572	-11.1533	218.711	3.3163	
22.7653	0	0.566723	47.9898	253.162	0.947546	
-4.19046	-0	0.0962087	-53.8627	-212.316	-9.00774	
13.6019	0	0.406776	12.0534	201.758	-0.629767	
9.46153	0	0.334505	8.99675	202.257	5.35167	
6.01939	0	0.274422	43.0081	206.874	7.97084	
-0.334748	-0	0.16351	132.369	-97.9964	-62.9595	
4.87457	0	0.254439	6.76182	218.368	-5.62238	
-2.89044	-0	0.118901	10.824	-168.281	1.8142	
-2.61564	-0	0.123697	-9.08929	-170.989	7.61653	
4.01639	0	0.23946	44.7012	166.61	7.47222	
0.499937	0	0.17808	69.7901	87.537	26.4768	
7.69245	0	0.303626	36.5277	180.249	-17.6247	
12.2278	0	0.382791	10.8936	234.671	-5.14955	
-0.0742878	-0	0.168057	-14.1485	15.0516	161.751	
8.96074	0	0.325764	54.3625	240.36	-11.96	
-4.35737	-0	0.0932953	-0.199701	-227.651	-1.62952	
-4.56409	-0	0.0896869	-10.8485	-175.497	-3.82829	
-2.74065	-0	0.121515	-46.1294	-140.934	-14.8503	
0.443489	0	0.177095	34.2932	-32.3521	16.4839	
-3.76343	-0	0.103662	2.64251	-193.15	-7.3455	
0.153307	0	0.172029	60.5138	61.5949	50.6715	
4.77176	0	0.252645	32.3144	197.625	17.749	
12.8372	0	0.393428	-1.2766	235.496	0.292046	
-0.215596	-0	0.16559	10.5079	-41.9547	-44.3039	
-0.257797	-0	0.164854	35.7918	-81.5167	-30.3487	
-3.00637	-0	0.116877	33.5797	-195.918	5.40101	
0.135109	0	0.171712	58.5171	-73.1461	91.0377	
-4.20104	-0	0.0960239	-30.2813	-221.643	3.56378	
-1.38652	-0	0.145152	38.4929	-191.277	5.1641	
-1.82512	-0	0.137496	-47.5879	-197.657	10.6458	
0.175695	0	0.17242	92.1793	-18.9736	117.341	
10.3125	0	0.34936	10.7598	200.604	3.01986	
4.90977	0	0.255054	-45.2975	148.511	1.85831	
18.5024	0	0.492314	-30.6124	224.625	0.765026	
0.194114	0	0.172742	-10.5187	29.7236	-38.945	
12.0935	0	0.380446	9.90563	219.238	1.37104	
0.328103	0	0.17508	-39.4243	49.6352	-17.5109	
0.214817	0	0.173103	5.37454	6.25055	-27.6182	
10.848	0	0.358706	1.89142	205.444	-4.44527	
-2.64075	-0	0.123259	-19.3223	-188.271	10.917	
11.0895	0	0.362921	-17.1871	208.274	-3.39178	
20.8397	0	0.533113	-27.1744	235.335	5.39461	
16.8689	0	0.4638	10.7251	199.067	1.00092	
-3.96925	-0	0.10007	-22.0661	-190.278	5.21378	
0.101286	0	0.171121	58.5404	42.2135	68.5869	
10.8464	0	0.358678	7.77831	232.31	-1.998	
-4.15186	-0	0.0968825	26.2965	-202.599	-8.99541	
-5.97571	-0	0.065047	30.9553	-211.59	-19.6417	
-0.179794	-0	0.166215	20.6836	-19.9854	-0.348702	
-3.18833	-0	0.113701	34.9195	-172.467	0.0896828	
-2.1337	-0	0.13211	32.2871	-162.659	3.52919	
-2.84065	-0	0.11977	23.9109	-150.216	3.57495	
17.7295	0	0.478823	-14.281	200.372	-2.87327	
-0.331103	-0	0.163574	-16.9832	-80.4015	11.2125	
-2.88516	-0	0.118993	-6.33338	-261.489	9.55007	
8.21474	0	0.312742	23.2618	206.874	-6.07266	
-3.4454	-0	0.109214	-81.9462	-184.587	5.74065	
0.464648	0	0.177464	-161.846	70.6588	-53.8676	
-2.84254	-0	0.119737	-6.53226	-150.569	-15.9185	
-2.04932	-0	0.133582	31.7685	-191.082	-7.70233	
0.210745	0	0.173032	109.67	20.6535	120.448	
0.250197	0	0.173721	44.0966	52.6236	49.9086	
3.20643	0	0.225322	20.876	202.474	2.78311	
0.104604	0	0.171179	18.1945	35.1085	94.4822	
0.508428	0	0.178228	19.9364	90.0526	8.66854	
0.300547	0	0.174599	-66.8431	68.3109	-40.2456	
-3.89951	-0	0.101287	33.1501	-183.726	-7.97875	
-1.79184	-0	0.138077	-122.417	-203.131	24.1615	
1.95293	0	0.203442	18.7136	125.079	-2.04787	
19.1789	0	0.504122	26.9069	250.822	1.53396	
-4.37417	-0	0.093002	27.1461	-238.557	5.73265	
5.65815	0	0.268117	-1.12983	207.913	4.73057	
0.142603	0	0.171843	-36.8649	-45.9996	-55.6126	
-2.30484	-0	0.129122	50.7737	-189.969	-0.482224	
1.05645	0	0.187794	38.7089	220.455	7.29133	
0.186612	0	0.172611	-19.5453	65.4726	5.96364	
-0.226721	-0	0.165396	88.4535	-57.1078	-41.6417	
-0.191192	-0	0.166016	-123.905	-37.856	100.025	
-0.377069	-0	0.162772	-83.6689	-74.7109	39.7289	
13.9656	0	0.413124	24.7541	224.973	5.27205	
0.0689755	0	0.170557	29.2916	45.6636	115.129	
-2.90733	-0	0.118606	-31.6356	-175.011	10.2309	
15.2119	0	0.434879	16.7285	214.276	-8.72053	
-0.135256	-0	0.166992	-72.1579	1.71266	119.025	
10.604	0	0.354447	-23.8341	201.452	-6.9206	
-0.285721	-0	0.164366	63.9674	-79.4509	-34.274	
0.0770676	0	0.170699	53.0414	-21.6754	73.3256	
4.63903	0	0.250328	12.6897	203.941	5.25128	
-0.013037	-0	0.169126	-4.99105	21.3738	-53.817	
5.56884	0	0.266558	67.7684	183.159	-10.7873	
-0.144712	-0	0.166827	4.27752	50.3593	-31.8029	
21.0682	0	0.5371	-43.5851	222.038	-0.726647	
5.00541	0	0.256723	-36.1269	176.253	-1.66496	
-5.34304	-0	0.0760904	10.407	-207.301	16.5549	
-0.0550821	-0	0.168392	-7.3916	-52.9488	36.799	
13.1539	0	0.398955	13.015	225.243	3.43341	
-5.58137	-0	0.0719302	-14.1938	-213.91	-7.53238	
5.33546	0	0.262484	-61.1695	177.998	-1.36684	
-1.05269	-0	0.150979	-52.0159	-186.778	8.92063	
8.7957	0	0.322883	23.3701	249.824	-4.0781	
1.29441	0	0.191947	-48.4555	195.526	-4.88827	
5.46068	0	0.26467	19.0808	170.402	-17.0455	
0.101549	0	0.171126	-15.9072	39.0915	-10.2821	
7.08223	0	0.292974	-51.8029	157.981	-2.8631	
-0.156827	-0	0.166616	-31.9854	59.7003	5.85289	
13.8476	0	0.411064	-13.1803	205.038	-1.54901	
-2.92854	-0	0.118236	64.467	-172.674	0.966616	
0.191066	0	0.172688	45.9754	46.8996	46.9201	
-0.26784	-0	0.164678	-62.3406	-32.3931	69.1981	
14.4778	0	0.422064	2.88343	205.727	-2.96772	
4.71272	0	0.251614	17.8916	179.992	5.68591	
-0.10735	-0	0.16748	-99.761	-13.4605	110.652	
12.6728	0	0.390559	-12.0436	236.408	5.97807	
-2.8559	-0	0.119503	28.3617	-208.55	-12.3864	
-2.36113	-0	0.12814	-12.7708	-216.023	-0.0698609	
-0.955994	-0	0.152666	18.5279	-237.263	-6.09303	
7.57203	0	0.301524	0.133134	219.94	-11.4703	
-6.49926	-0	0.0559084	-38.2304	-230.009	0.322894	
-6.48205	-0	0.0562088	53.317	-200.41	0.809961	
10.2415	0	0.348119	21.5997	212.865	7.30108	
-0.288826	-0	0.164312	-0.0652062	-40.7186	33.5162	
-1.78828	-0	0.138139	89.7332	-223.016	4.65142	
-2.82924	-0	0.119969	18.1801	-205.06	-4.72037	
-4.00321	-0	0.099477	-58.62	-175.198	-3.69844	
-3.59877	-0	0.106537	42.5954	-150.163	7.76062	
8.55696	0	0.318716	-26.0973	196.68	-9.97317	
-2.30237	-0	0.129165	-1.16811	-177.617	-12.0914	
13.7299	0	0.409009	-48.9223	216.548	-8.70561	
0.345309	0	0.175381	-18.6447	98.0046	-7.73252	
4.77467	0	0.252696	-0.11672	156.285	-9.09902	
3.07733	0	0.223068	30.848	185.439	8.09249	
-2.41599	-0	0.127182	31.5607	-184.856	-0.0904474	
7.83907	0	0.306185	-32.6033	176.242	-8.0391	
14.3671	0	0.420133	-19.2573	224.15	6.18851	
-2.79565	-0	0.120555	-48.3123	-221.338	-2.90291	
0.127062	0	0.171571	-52.5227	39.6839	-14.5303	
0.48937	0	0.177895	-85.5468	38.9639	-12.6909	
0.141924	0	0.171831	-8.31743	83.5262	11.3239	
-0.136625	-0	0.166969	55.6999	-98.5278	-60.8357	
7.27649	0	0.296365	-24.9909	186.263	-6.81889	
0.0879789	0	0.170889	31.1816	49.9848	5.06568	
0.227299	0	0.173321	-51.5942	88.3696	-17.1783	
-3.35517	-0	0.110789	0.976926	-190.077	-4.09583	
-4.06046	-0	0.0984779	32.1828	-243.004	-13.0446	
9.55884	0	0.336203	2.27034	199.708	-9.25394	
-6.47744	-0	0.0562893	3.50776	-203.806	-1.96018	
0.0538534	0	0.170293	13.3834	28.8853	97.5255	
-5.52786	-0	0.0728642	-58.0874	-212.076	-15.9037	
-0.268256	-0	0.164671	144.867	-23.1324	-95.8934	
-3.18053	-0	0.113837	-27.8539	-177.962	8.35886	
-0.164601	-0	0.16648	39.9716	-29.5836	-30.5521	
0.258162	0	0.17386	132.876	99.737	69.0107	
-2.02567	-0	0.133995	-24.4015	-201.747	2.13242	
10.7819	0	0.357552	-5.99296	211.373	-4.41082	
-2.06529	-0	0.133304	20.3746	-216.499	-9.76187	
15.5544	0	0.440857	-14.0615	211.559	-5.01284	
-0.109186	-0	0.167448	43.9715	60.2422	-44.9523	
-3.34075	-0	0.11104	14.4938	-203.567	12.3908	
-5.01194	-0	0.0818696	-30.6733	-139.42	7.8196	
13.3882	0	0.403045	-5.0602	215.955	9.09182	
-4.65049	-0	0.0881789	13.8769	-177.924	4.75741	
-0.379222	-0	0.162734	-24.7386	-33.335	-11.1064	
0.0196286	0	0.169696	12.1175	-28.126	133.638	
-3.58323	-0	0.106808	12.0754	-202.363	-8.73924	
14.3141	0	0.419207	33.1526	241.395	3.44018	
0.186857	0	0.172615	62.0888	-13.9148	121.334	
0.0783995	0	0.170722	9.65561	19.8332	-105.291	
11.3351	0	0.367209	-2.13307	215.062	-3.77537	
-2.88651	-0	0.118969	6.91888	-226.799	5.60838	
0.202199	0	0.172883	50.2143	85.268	14.295	
9.78008	0	0.340065	-32.299	217.157	9.5498	
3.77587	0	0.235261	29.956	203.529	4.59367	
0.111197	0	0.171294	-38.2754	-45.2901	-66.2064	
3.29072	0	0.226793	-24.265	187.852	6.25883	
-0.113972	-0	0.167364	-12.8489	29.5636	-12.9116	
15.9344	0	0.447489	-19.8611	230.377	4.44783	
-3.89499	-0	0.101366	39.8524	-198.171	2.32239	
-3.65625	-0	0.105533	-49.1732	-227.403	-7.12738	
0.0571056	0	0.17035	74.9045	-41.3588	148.057	
14.9055	0	0.429529	28.1116	229.926	-2.3074	
0.205704	0	0.172944	-64.3496	71.4483	-65.8442	
0.174838	0	0.172405	-59.5366	-15.5987	4.64266	
0.286118	0	0.174348	-25.1062	37.7386	-42.3502	
6.456	0	0.282043	31.935	196.626	-0.235245	
10.8322	0	0.358431	-2.13554	220.17	0.231273	
-1.30535	-0	0.146568	52.8026	-197.259	-9.72758	
22.5158	0	0.562369	-3.09417	221.125	4.68378	
-0.197798	-0	0.165901	-53.7247	-82.5335	36.1941	
-1.87947	-0	0.136547	52.016	-174.474	-5.35096	
2.97114	0	0.221215	-31.3461	173.497	-2.37093	
0.489538	0	0.177898	-33.9631	79.3861	-12.2954	
2.58466	0	0.214469	-9.10177	200.93	3.15064	
-0.266541	-0	0.164701	-58.4486	-83.2286	49.3306	
-0.278925	-0	0.164485	-17.18	16.729	52.1583	
-2.23361	-0	0.130366	10.5931	-172.843	10.3784	
-5.46722	-0	0.0739227	-61.5238	-207.49	13.0344	
-2.95655	-0	0.117747	-14.9172	-215.334	5.58023	
-6.07199	-0	0.0633665	15.1853	-209.557	1.45237	
-4.42649	-0	0.0920887	-30.2695	-199.624	4.35247	
-0.00707002	-0	0.16923	-19.9345	-1.0091	19.1555	
0.476027	0	0.177662	104.933	64.723	58.5274	
-0.0544923	-0	0.168402	27.1325	9.1785	-26.613	
-4.39786	-0	0.0925885	4.0149	-165.287	4.09496	
-3.63216	-0	0.105954	-12.6387	-219.841	-10.2756	
-5.65573	-0	0.0706323	-21.1973	-240.451	4.8398	
6.13327	0	0.27641	-57.1442	145.175	-6.94797	
-0.454948	-0	0.161412	-100.811	-40.1105	56.0884	
0.275963	0	0.17417	125.1	98.9036	86.3714	
0.0307916	0	0.169891	15.2633	-3.84999	-11.8429	
-2.52623	-0	0.125258	-6.03808	-241.754	7.38614	
-5.73213	-0	0.0692986	8.06385	-184.966	2.64866	
0.436524	0	0.176973	-138.035	42.9169	-74.5648	
-1.53205	-0	0.142611	58.0993	-176.413	6.88969	
13.0818	0	0.397697	6.35728	183.188	-3.3357	
0.024058	0	0.169773	-24.107	52.0294	-45.6193	
-4.35131	-0	0.0934009	-30.3952	-200.083	-8.57765	
0.252507	0	0.173761	99.7886	89.6539	80.4132	
18.3333	0	0.489362	-16.9007	217.571	-3.37687	
-0.187653	-0	0.166078	-29.2858	-82.6915	32.9732	
-3.53732	-0	0.107609	-1.01929	-168.347	2.72234	
-0.278502	-0	0.164492	102.887	-45.9258	-65.9336	
-1.39694	-0	0.14497	-38.504	-232.925	-0.952139	
-6.43843	-0	0.0569701	-3.34911	-182.116	5.32772	
-6.14575	-0	0.0620789	13.6237	-220.663	-13.6193	
-2.22854	-0	0.130454	-11.5603	-254.24	-10.8493	
-3.86182	-0	0.101945	29.3372	-126.684	-4.48614	
12.3443	0	0.384824	14.071	214.285	9.18868	
7.82689	0	0.305972	-4.02851	193.076	-10.6816	
-4.97003	-0	0.0826012	-58.9654	-213.414	-8.52561	
-2.68065	-0	0.122562	62.3782	-210.286	-8.64581	
1.84541	0	0.201565	-41.5379	199.258	5.13748	
-3.24254	-0	0.112755	44.4185	-148.729	17.1736	
-4.79188	-0	0.0857107	-26.864	-181.826	-5.40746	
0.169074	0	0.172305	66.1605	69.7401	42.9819	
-6.44342	-0	0.056883	5.42183	-204.889	18.4643	
18.3105	0	0.488965	-27.2597	239.355	-1.24462	
7.54644	0	0.301077	-4.47185	200.394	3.90519	
9.80975	0	0.340583	-11.0528	206.828	9.92823	
0.280923	0	0.174257	15.5818	64.6655	25.992	
-1.42519	-0	0.144477	-14.6174	-192.874	0.87355	
-6.5705	-0	0.0546648	-4.15445	-226.24	3.64553	
-0.977032	-0	0.152299	63.5569	-175.442	-6.20884	
15.8071	0	0.445267	7.26028	234.657	-1.90519	
12.0477	0	0.379646	-18.3196	236.292	-6.31672	
0.108524	0	0.171248	-40.0213	65.4356	-40.8943	
-1.96773	-0	0.135007	-4.44027	-174.761	2.18645	
-1.03941	-0	0.15121	-44.812	-247.012	-4.51171	
14.0698	0	0.414943	4.69296	232.282	-3.97386	
-0.309301	-0	0.163955	135.58	-56.3095	-83.5346	
-2.39905	-0	0.127478	-19.3932	-192.464	9.3508	
-0.873537	-0	0.154106	-23.7529	-211.08	29.5185	
13.1275	0	0.398495	25.27	231.401	10.2064	
0.342054	0	0.175324	13.371	-16.9428	-18.7458	
6.12356	0	0.276241	-30.0968	204.581	-6.32154	
-3.9641	-0	0.10016	61.8233	-212.578	3.01952	
-4.52962	-0	0.0902886	16.1481	-199.541	3.47338	
2.31019	0	0.209678	-95.104	225.943	-12.9168	
8.05673	0	0.309984	6.90079	190.145	3.40893	
4.84873	0	0.253988	-25.2322	166.988	-5.86953	
15.6244	0	0.442079	-10.0352	255.418	2.4417	
-1.75475	-0	0.138724	3.41932	-237.847	-6.50883	
-1.82516	-0	0.137495	-7.8313	-201.162	-4.91435	
-1.51162	-0	0.142968	-60.8367	-214.029	-4.52754	
4.86494	0	0.254271	2.41838	221.027	7.49441	
10.7755	0	0.35744	21.2134	239.24	-0.235477	
-3.78842	-0	0.103226	57.8843	-172.719	3.78454	
-2.89283	-0	0.118859	-16.6588	-182.131	-5.21967	
-5.27508	-0	0.0772765	-44.7197	-182.107	2.70361	
3.24486	0	0.225993	8.43738	172.729	3.93593	
-4.2481	-0	0.0952025	16.2125	-194.856	9.15651	
15.0596	0	0.432219	9.13957	254.161	-0.502456	
0.547967	0	0.178918	-37.1292	62.0561	-2.99203	
11.862	0	0.376406	-23.3443	221.37	-3.8667	
19.6727	0	0.512742	-52.6948	235.664	-3.38352	
-3.64709	-0	0.105693	-20.4602	-164.869	-3.96526	
-2.79286	-0	0.120604	-38.2194	-219.116	-19.9161	
-0.194933	-0	0.165951	38.1946	-76.6849	-22.7744	
-2.65932	-0	0.122935	-3.05286	-194.308	9.36428	
-0.0794722	-0	0.167966	22.4353	10.0652	-66.5577	
-0.474445	-0	0.161072	-63.9378	-111.784	3.88625	
-6.59912	-0	0.0541653	12.0283	-206.219	5.18167	
-4.90012	-0	0.0838215	-23.5393	-196.584	0.127691	
-0.61375	-0	0.15864	-55.8024	-132.101	12.679	
0.0852529	0	0.170841	11.5725	21.8968	-14.5263	
18.676	0	0.495344	17.1519	211.184	-2.85586	
-3.17805	-0	0.11388	-13.0106	-195.183	-15.2916	
10.2111	0	0.34759	-6.40099	211.406	4.24008	
-5.16159	-0	0.0792575	-17.3608	-126.776	-12.2252	
-0.328472	-0	0.16362	126.924	-85.8634	-39.9443	
-2.33483	-0	0.128599	28.4021	-153.257	-10.239	
-5.87688	-0	0.066772	7.42943	-223.846	0.0580724	
-2.37062	-0	0.127974	-11.9837	-187.21	10.8692	
10.2776	0	0.348749	-2.48951	176.609	-11.5755	
12.3348	0	0.384658	5.85447	211.442	-2.15927	
13.7717	0	0.409739	13.4014	223.127	-0.82238	
1.52444	0	0.195963	0.140843	219.884	8.16121	
0.0390499	0	0.170035	-18.0909	34.2656	-76.6632	
-1.83034	-0	0.137405	3.99985	-181.089	4.21681	
9.62065	0	0.337282	29.7738	210.511	-4.73887	
0.069619	0	0.170569	45.5715	22.6279	50.7798	
4.76892	0	0.252595	-14.4293	176.404	-10.1801	
-0.204571	-0	0.165783	139.728	5.01711	-104.359	
0.267445	0	0.174022	-92.8211	52.2166	-42.4485	
-0.502382	-0	0.160584	127.544	-43.1262	-40.43	
-2.97038	-0	0.117505	-1.33629	-170.913	-13.7212	
0.189509	0	0.172661	10.6072	-32.2443	-4.35281	
9.25671	0	0.33093	17.1735	201.586	-7.19653	
-3.93895	-0	0.100599	36.544	-177.307	3.91588	
13.8345	0	0.410836	-44.4825	251.929	-5.26401	
-0.00684194	-0	0.169234	33.0029	-19.7538	35.3494	
-2.90893	-0	0.118578	-4.23513	-138.921	-2.98585	
-0.150237	-0	0.166731	-61.3468	40.1371	51.0349	
7.22963	0	0.295547	-25.1103	207.499	-1.75986	
0.148296	0	0.171942	1.84491	-78.8656	13.5537	
0.405676	0	0.176434	-86.1223	41.5532	-29.7638	
5.88193	0	0.272023	-67.5818	182.171	-7.33568	
6.67876	0	0.285932	-21.3833	216.23	7.18157	
-5.64879	-0	0.0707535	-18.9033	-195.382	-3.72956	
2.4536	0	0.212181	-36.6186	175.775	-1.8328	
0.3531	0	0.175517	-8.58933	54.0859	7.21263	
-3.00264	-0	0.116942	-26.8871	-195.141	2.73865	
-5.33654	-0	0.0762037	-24.1854	-180.193	0.324592	
-0.32615	-0	0.16366	51.2164	-42.1629	1.14451	
-0.00213875	-0	0.169316	-9.65758	1.86425	-71.9589	
-2.96463	-0	0.117606	42.0236	-175.997	5.15266	
0.430523	0	0.176868	86.2249	58.2791	31.7781	
5.50005	0	0.265357	42.6337	217.625	2.49394	
-0.146243	-0	0.166801	-17.3122	1.04998	59.7271	
14.5821	0	0.423884	-8.10353	228.958	-2.08718	
-5.23349	-0	0.0780025	6.21099	-190.133	4.22744	
-1.21349	-0	0.148172	4.29464	-206.268	-2.29858	
0.0104482	0	0.169536	3.97352	22.4542	-65.9045	
13.8889	0	0.411785	-22.2512	214.95	1.74685	
9.15626	0	0.329176	-7.33738	196.337	0.327898	
-3.79583	-0	0.103097	-46.0106	-180.632	-1.97603	
13.433	0	0.403827	22.4523	260.038	-8.14297	
-5.42064	-0	0.0747357	-44.7378	-237.126	2.73948	
7.81344	0	0.305738	3.15946	195.503	-12.1638	
10.7211	0	0.356491	-10.308	181.527	-1.17524	
4.01544	0	0.239443	6.87168	187.983	-4.81886	
7.14064	0	0.293994	37.2049	216.317	-6.2287	
-0.0318332	-0	0.168798	-12.9161	33.0751	122.082	
16.4061	0	0.455724	-60.6613	231.961	-3.38398	
21.3519	0	0.542053	21.4145	248.909	-3.45941	
-4.28691	-0	0.094525	37.1862	-167.068	5.39826	
13.0949	0	0.397926	-34.5898	213.67	1.03589	
18.9732	0	0.500533	-16.9043	222.637	6.57208	
8.24662	0	0.313299	23.9276	211.677	7.96803	
7.97687	0	0.30859	-54.8995	205.648	4.69443	
0.4435	0	0.177095	25.4504	94.4996	17.1636	
-6.37433	-0	0.0580891	-15.2573	-163.724	-3.04193	
-3.89248	-0	0.10141	75.5769	-182.173	13.521	
-4.11495	-0	0.0975266	22.7994	-217.635	6.0081	
-3.1647	-0	0.114113	48.4114	-218.944	1.69947	
5.04645	0	0.257439	-39.7517	181.148	1.77729	
16.9431	0	0.465097	-43.563	239.295	3.6228	
0.199124	0	0.172829	-31.5717	51.5938	-40.4117	
-0.141622	-0	0.166881	-89.8831	24.0297	55.845	
10.4562	0	0.351866	-25.3337	217.752	13.0329	
-0.182427	-0	0.166169	61.5964	-19.1035	-106.133	
-3.59258	-0	0.106645	-34.0942	-211.459	-1.99969	
0.310007	0	0.174765	4.81651	55.5606	-21.0061	
0.12606	0	0.171554	2.65055	-45.4184	9.82452	
7.84281	0	0.30625	-22.0821	215.247	-14.8672	
-7.98775	-0	0.0299267	12.9949	-223.24	-3.06759	
0.464484	0	0.177461	55.9452	119.901	14.4458	
9.67983	0	0.338315	30.2243	212.668	4.42565	
20.1077	0	0.520335	-2.22853	237.077	1.30308	
-6.72434	-0	0.0519795	-18.0235	-212.069	-6.58933	
5.58291	0	0.266803	14.1162	209.047	-1.26172	
0.151483	0	0.171998	-25.2023	22.7772	-39.1279	
2.93032	0	0.220502	2.7971	164.15	0.0828621	
-0.226742	-0	0.165396	143.303	-67.4329	-79.3677	
-2.74714	-0	0.121402	-87.4251	-186.395	-3.64739	
12.1023	0	0.380601	40.4089	221.469	2.09692	
9.33374	0	0.332274	-2.2187	199.65	0.852438	
2.32067	0	0.209861	8.64291	185.374	4.61127	
-0.209465	-0	0.165697	-150.066	-60.3994	95.2486	
-1.37616	-0	0.145332	33.08	-150.221	-5.56353	
10.1891	0	0.347205	-15.5805	202.08	-6.833	
11.5644	0	0.371211	9.73994	218.74	7.18264	
-5.1176	-0	0.0800253	29.5039	-174.417	12.6209	
6.47096	0	0.282304	7.74188	210.752	4.00188	
-0.261558	-0	0.164788	3.49214	-18.2691	-19.1838	
0.0304122	0	0.169884	5.95935	14.2087	-16.3799	
-0.0624684	-0	0.168263	-11.3034	24.2749	94.0066	
13.3275	0	0.401985	33.5079	246.246	-4.50033	
-2.70329	-0	0.122167	18.1297	-217.341	1.06091	
10.6827	0	0.355821	-4.66089	244.579	-1.22852	
7.44646	0	0.299332	29.3129	200.657	-5.6599	
-1.20537	-0	0.148314	66.7618	-162.53	-5.86337	
-5.17145	-0	0.0790854	-53.7069	-197.127	3.52412	
-0.100798	-0	0.167594	26.9432	-72.5584	-53.3288	
12.1263	0	0.381019	33.6484	205.074	4.76997	
3.09867	0	0.223441	6.04653	196.787	11.1694	
-6.82712	-0	0.0501855	28.9959	-172.992	7.71519	
-0.514713	-0	0.160369	121.619	-122.243	-33.7026	
0.107243	0	0.171225	-10.2384	25.1686	-79.6595	
4.13965	0	0.241611	23.634	186.025	3.33332	
0.0253865	0	0.169797	-19.0077	31.3825	9.36272	
2.96255	0	0.221065	18.46	166.556	-5.00643	
-2.66856	-0	0.122774	8.31057	-231.117	0.180416	
12.1851	0	0.382046	-21.955	213.014	-8.7798	
8.83778	0	0.323617	-5.6651	186.214	-9.55767	
-0.283591	-0	0.164403	-2.47265	-46.0079	-29.0049	
-6.13434	-0	0.0622781	-17.7738	-191.933	-0.260922	
-3.42011	-0	0.109655	-7.28367	-188.814	-11.0963	
-2.08284	-0	0.132997	-26.9149	-199.891	7.74274	
-1.25457	-0	0.147455	-31.5085	-225.23	-3.32341	
-5.23887	-0	0.0779086	0.562336	-185.314	1.78233	
-5.95837	-0	0.0653497	7.05885	-167.159	4.43221	
3.89711	0	0.237378	8.54239	208.049	-6.14385	
-3.83951	-0	0.102334	-26.0518	-193.129	-16.4301	
-4.36045	-0	0.0932414	15.1447	-214.972	8.37138	
-3.54001	-0	0.107562	29.2468	-157.232	-0.811117	
-0.469866	-0	0.161152	113.569	-110.699	-38.3492	
5.60487	0	0.267187	-6.94065	208.509	-9.80488	
-4.61517	-0	0.0887953	-0.284971	-175.278	8.47685	
-2.46889	-0	0.126259	37.1582	-207.708	3.55424	
-5.09342	-0	0.0804474	15.6662	-170.934	4.56821	
-3.30969	-0	0.111583	-12.593	-147.889	6.74913	
-2.79452	-0	0.120575	16.3696	-189.139	-1.2057	
-3.30898	-0	0.111595	-45.6143	-198.725	-3.07177	
-0.30027	-0	0.164112	52.5172	-63.7515	-53.0729	
-0.241816	-0	0.165132	-46.4695	-66.7313	-11.414	
1.26728	0	0.191474	-112.026	102.098	-13.6944	
13.259	0	0.400791	38.4891	207.116	0.0566013	
0.370987	0	0.175829	-33.1899	66.3958	-27.0452	
-4.0423	-0	0.0987948	10.4839	-165.681	1.11763	
15.6959	0	0.443327	-12.284	207.704	-2.09254	
4.22608	0	0.24312	-94.4853	172.945	0.127234	
0.175389	0	0.172415	-26.1579	-1.33514	-70.5966	
-0.0764456	-0	0.168019	25.1285	-8.90654	13.0338	
-0.116476	-0	0.16732	103.962	35.101	-93.6993	
2.30433	0	0.209576	11.4129	184.987	-3.77979	
0.330112	0	0.175116	136.115	41.796	77.3692	
-1.95888	-0	0.135161	56.7224	-190.343	8.74617	
-5.74558	-0	0.0690639	28.5346	-177.017	16.9045	
-0.100829	-0	0.167593	16.6611	-4.53028	58.4846	
-0.143012	-0	0.166857	-21.7028	-24.6555	73.5851	
-2.72516	-0	0.121786	37.2428	-150.338	0.948424	
-3.87884	-0	0.101648	4.6144	-177.219	-12.1296	
-1.84299	-0	0.137184	-24.3665	-214.175	-8.81442	
-6.27571	-0	0.0598105	48.1171	-202.923	-3.69649	
5.72753	0	0.269328	4.82279	176.222	-2.53134	
-3.84255	-0	0.102281	-8.4274	-166.238	-9.27222	
-2.99404	-0	0.117092	4.97797	-165.642	9.43155	
-2.50705	-0	0.125593	-13.6502	-206.515	14.5126	
-5.24878	-0	0.0777357	33.6271	-191.416	1.11897	
0.238492	0	0.173516	-117.63	97.253	-97.2788	
-4.44385	-0	0.0917858	18.4206	-191.406	2.60465	
-0.205754	-0	0.165762	20.6919	31.8417	-36.6081	
14.4851	0	0.422191	6.02474	241.342	9.68011	
5.03182	0	0.257184	-28.5014	213.394	-5.34655	
-0.365996	-0	0.162965	107.308	-95.9554	-53.7346	
-3.2711	-0	0.112256	12.7231	-181.172	0.999495	
-2.76259	-0	0.121132	-9.38493	-192.558	-15.6524	
2.11622	0	0.206292	31.6239	205.123	13.6437	
0.261564	0	0.173919	35.3667	90.2568	19.8245	
-4.49247	-0	0.0909371	-40.2937	-184.399	5.97809	
-0.0526536	-0	0.168434	58.4801	19.0169	-33.9616	
2.49445	0	0.212894	1.97464	234.457	-3.71575	
-5.86971	-0	0.0668973	-2.21114	-191.952	22.0526	
0.0472478	0	0.170178	-1.48706	1.84281	-124.757	
-0.218756	-0	0.165535	-33.4617	-19.4032	-3.43214	
11.931	0	0.377609	-4.08475	243.012	-1.35044	
23.3863	0	0.577562	-6.25883	235.464	-1.25158	
0.253721	0	0.173782	50.6933	-94.2939	23.1666	
6.4351	0	0.281678	54.7103	159.156	2.17256	
-3.86612	-0	0.10187	28.1779	-198.725	12.423	
-3.86436	-0	0.101901	8.92119	-194.732	-2.4316	
4.64963	0	0.250513	10.3517	180.844	8.5378	
19.8493	0	0.515824	-8.05153	224.425	0.278037	
-3.31462	-0	0.111497	24.4992	-169.396	1.53804	
-3.39492	-0	0.110095	-22.8518	-207.276	6.95733	
-3.6663	-0	0.105358	-32.339	-204.075	-6.28989	
10.9405	0	0.360321	7.16509	203.244	-2.34031	
16.9436	0	0.465105	-2.48461	231.806	0.435581	
0.155842	0	0.172074	-79.8208	14.0678	-23.1621	
0.330063	0	0.175115	35.9369	29.2595	-8.34217	
3.01878	0	0.222046	17.5815	163.662	7.16042	
-1.27694	-0	0.147064	55.3723	-184.783	-2.33543	
-7.21236	-0	0.0434613	-38.7997	-205.826	6.30542	
0.207826	0	0.172981	28.2909	63.9068	18.1509	
-3.37756	-0	0.110398	16.4897	-174.946	11.1978	
-3.84109	-0	0.102307	-30.3953	-174.554	0.111254	
-5.06332	-0	0.0809727	5.88791	-182.09	-11.0187	
6.46968	0	0.282282	-34.5209	216.121	-12.5693	
7.12589	0	0.293736	-18.9176	196.411	-3.03244	
-4.3398	-0	0.093602	-6.45831	-124.936	-3.34853	
10.7048	0	0.356207	-23.0476	215.111	2.24907	
15.8976	0	0.446847	-15.6676	268.32	-4.25871	
-0.126958	-0	0.167137	-11.4301	-44.1241	-3.93679	
-0.15853	-0	0.166586	34.8836	-61.8303	-53.1491	
-1.17053	-0	0.148922	-4.78375	-179.938	-7.01956	
0.153525	0	0.172033	-42.1286	77.6639	-81.95	
5.8333	0	0.271174	3.37483	192.267	-5.77184	
-1.07224	-0	0.150637	28.4283	-162.949	-10.5545	
-2.95057	-0	0.117851	-39.5449	-151.357	5.05937	
0.269952	0	0.174065	-2.08611	22.7422	4.36591	
0.376576	0	0.175927	77.3451	74.3332	61.0736	
21.9355	0	0.552239	18.4301	231.575	2.23837	
-2.695	-0	0.122312	7.97818	-147.907	4.1347	
-4.7843	-0	0.0858432	-6.98217	-187.183	-8.76586	
-1.56781	-0	0.141987	16.855	-202.576	9.68617	
0.448838	0	0.177188	-53.2473	36.3874	-33.536	
-0.0705754	-0	0.168121	-11.3966	-15.0941	-76.9572	
-2.58403	-0	0.124249	-55.4889	-164.76	4.69588	
-0.358171	-0	0.163101	-133.747	0.851731	64.8016	
-0.54621	-0	0.159819	12.2581	-62.6089	-8.5735	
-2.26281	-0	0.129856	71.5414	-240.226	13.5481	
0.116041	0	0.171379	-73.5198	-8.62628	-164.852	
-6.72714	-0	0.0519307	-10.1484	-235.571	1.79565	
0.0364692	0	0.16999	49.4417	8.68367	173.939	
0.367707	0	0.175772	40.3168	64.4722	27.73	
0.342414	0	0.17533	-103.861	6.09665	-33.9606	
-0.485647	-0	0.160876	-25.3292	-74.9616	7.86191	
-3.40012	-0	0.110004	18.489	-195.505	4.92225	
-5.2981	-0	0.0768747	68.5053	-192.249	9.60353	
0.502419	0	0.178123	86.3151	78.0722	28.8182	
-4.01852	-0	0.0992099	-29.3635	-202.095	-5.83923	
17.2146	0	0.469835	-13.0699	267.377	-10.6066	
5.89008	0	0.272165	-32.5281	198.408	-1.3724	
-4.01657	-0	0.0992439	-6.0501	-188.357	16.4945	
-0.159934	-0	0.166562	22.6138	-59.0163	-62.4612	
2.00214	0	0.204301	-28.6416	185.609	-11.0152	
-0.164067	-0	0.16649	54.6803	-7.26505	-94.7051	
-3.41456	-0	0.109752	3.5251	-173.945	-5.67468	
-0.578672	-0	0.159253	-78.7034	-60.0513	20.9727	
0.0147202	0	0.16961	-8.02115	-44.6212	-76.4591	
-2.98089	-0	0.117322	-24.5153	-204.009	-5.8076	
-3.3125	-0	0.111534	17.6894	-155.622	3.64787	
-0.214858	-0	0.165603	134.033	-27.2253	-95.6248	
3.4439	0	0.229467	23.3727	231.433	7.072	
12.6603	0	0.390339	-39.7241	205.259	6.08278	
4.4335	0	0.24674	14.6109	192.429	10.2749	
-0.0849763	-0	0.16787	-73.8157	-6.62466	107.859	
-3.83116	-0	0.10248	4.00032	-166.826	8.67381	
16.4655	0	0.45676	-40.2144	207.299	3.71359	
5.06033	0	0.257682	1.65082	193.279	10.4411	
0.385443	0	0.176081	-99.3518	70.4706	-59.1825	
-4.61238	-0	0.0888441	-15.8501	-213.069	12.839	
0.0648803	0	0.170486	6.77552	-18.082	147.087	
12.3538	0	0.384989	27.9854	202.377	-8.27966	
0.0770629	0	0.170699	13.8549	18.9223	30.5334	
-0.0922918	-0	0.167742	54.4871	23.6318	-117.26	
8.52503	0	0.318158	-17.153	181.577	-2.70589	
6.11354	0	0.276066	50.626	205.668	9.88192	
0.795297	0	0.183235	13.7729	198.885	5.88633	
-0.366694	-0	0.162953	-89.2462	-33.659	28.4544	
-1.75154	-0	0.13878	21.4946	-129.218	3.65698	
16.0552	0	0.449598	-2.75522	192.667	-4.00249	
6.37713	0	0.280667	12.1548	220.403	-0.0958087	
-0.132155	-0	0.167047	64.9903	-50.2795	-99.506	
-3.88002	-0	0.101627	46.0262	-142.408	-0.239095	
0.174984	0	0.172408	50.9238	-84.0473	27.8019	
-0.159173	-0	0.166575	2.66822	-52.0177	-33.0455	
-4.17161	-0	0.0965377	48.4646	-181.673	-2.47338	
-3.56752	-0	0.107082	43.3315	-183.526	3.52073	
-1.39186	-0	0.145058	48.2781	-249.636	-12.0201	
7.42668	0	0.298987	6.29302	174.202	8.52868	
13.4121	0	0.403463	-33.9525	215.751	-3.361	
7.65947	0	0.30305	2.74584	180.352	-7.62725	
16.0732	0	0.449912	20.5146	249.357	-2.78508	
-1.84159	-0	0.137208	-23.1416	-217.017	11.2797	
3.60235	0	0.232233	-67.5399	217.838	2.66964	
9.51366	0	0.335415	16.3356	261.079	-12.8252	
-6.35898	-0	0.058357	-7.02068	-190.546	1.60337	
-4.74505	-0	0.0865282	-4.65642	-190.988	3.62882	
6.95207	0	0.290702	14.4399	191.901	4.42569	
18.2336	0	0.487622	19.9253	235.933	-2.66535	
0.331821	0	0.175145	-101.312	5.79916	-20.0482	
0.247107	0	0.173667	10.7959	79.6152	-21.6877	
-3.80236	-0	0.102983	6.38361	-145.253	14.9349	
0.136429	0	0.171735	30.1712	65.732	-2.78639	
0.21479	0	0.173103	21.59	27.8758	-7.84545	
0.0424001	0	0.170093	-20.0177	43.7174	-55.1857	
7.38253	0	0.298216	-17.3434	177.504	-2.75967	
-4.82113	-0	0.0852002	7.11388	-233.901	1.83624	
5.97672	0	0.273677	-39.4208	150.068	-7.00847	
4.49608	0	0.247833	44.0459	191.368	1.97968	
-0.133701	-0	0.16702	-58.4587	-9.95902	38.886	
0.181952	0	0.172529	38.3524	10.2261	66.1658	
3.23819	0	0.225876	40.5823	201.221	8.93885	
-4.39333	-0	0.0926675	-18.0846	-205.146	6.67756	
16.1464	0	0.45119	-27.0794	239.342	-0.50556	
-1.95572	-0	0.135216	-16.4768	-189.118	-2.75387	
-0.304016	-0	0.164047	-24.683	-88.1754	2.20074	
-4.50987	-0	0.0906333	30.3547	-193.212	-6.40366	
-4.52644	-0	0.0903442	-45.779	-189.4	-0.808226	
0.0537464	0	0.170292	29.4978	-11.3826	13.0989	
7.01465	0	0.291795	-43.4911	191.3	-0.190068	
2.72056	0	0.216841	2.39812	188.301	0.616119	
0.0888425	0	0.170904	-35.3881	61.3579	-45.8899	
-0.177431	-0	0.166256	-105.081	-69.9674	94.8206	
16.5751	0	0.458673	-21.2238	244.081	-0.968829	
0.258389	0	0.173864	-5.8971	82.0741	-6.45175	
0.222568	0	0.173238	62.136	81.1439	49.9647	
-0.248999	-0	0.165007	-33.6042	-57.6733	30.0407	
-0.114561	-0	0.167354	-4.19285	-3.88232	-13.3631	
-3.72373	-0	0.104355	7.2647	-169.327	-9.1267	
0.234823	0	0.173452	-74.4475	-5.24492	-17.2288	
5.40015	0	0.263613	18.1936	179.866	-2.61834	
-4.22905	-0	0.095535	-7.47953	-185.943	2.85861	
2.01878	0	0.204591	-80.6728	195.531	-0.779388	
-4.26931	-0	0.0948323	44.8524	-214.694	5.92021	
-2.37469	-0	0.127903	-6.536	-150.705	9.16135	
-0.495815	-0	0.160699	46.2383	-92.2452	-23.5813	
6.91897	0	0.290124	-5.71281	206.364	-3.95585	
-2.95578	-0	0.11776	35.015	-131.776	-6.17697	
-3.07573	-0	0.115666	-51.5185	-198.886	0.964531	
22.6254	0	0.564281	25.5271	231.273	1.926	
5.94242	0	0.273079	12.9164	166.338	8.92643	
-4.21285	-0	0.0958177	17.2868	-225.003	2.7682	
15.5481	0	0.440747	3.78768	234.615	-2.86546	
-0.958871	-0	0.152616	26.3021	-47.3533	-5.79278	
-0.315219	-0	0.163851	49.3919	-69.9202	-6.23204	
16.4108	0	0.455805	18.0381	238.634	5.17725	
5.32299	0	0.262267	-6.12124	179.895	-1.79131	
0.183441	0	0.172555	52.8268	68.1368	22.3682	
0.270579	0	0.174076	-90.4133	20.6111	-65.1475	
7.11345	0	0.293519	-48.3302	196.075	1.97368	
22.2735	0	0.558139	-12.0803	227.383	5.09165	
-0.370428	-0	0.162888	110.445	9.07926	-63.5041	
-1.95712	-0	0.135192	-9.80968	-231.448	-4.91362	
0.163246	0	0.172203	-112.014	-16.8424	-67.1587	
-5.72039	-0	0.0695036	5.20832	-182.964	3.82907	
-3.80308	-0	0.10297	-54.0426	-227.276	-9.39296	
-1.05792	-0	0.150887	-44.7378	-159.177	23.433	
-0.372939	-0	0.162844	90.474	-2.16837	-28.9292	
0.0421013	0	0.170088	-78.7818	2.66138	-170.001	
-0.344873	-0	0.163334	-19.547	-71.1535	17.4953	
0.0825693	0	0.170795	10.2334	-22.1007	67.7283	
-4.93341	-0	0.0832403	15.9764	-187.74	-10.9879	
15.8779	0	0.446504	-39.8978	224.731	-9.69379	
13.3123	0	0.40172	33.7307	206.199	-9.07394	
4.48882	0	0.247706	24.4662	166.017	-6.80185	
-3.47804	-0	0.108644	52.7712	-198.349	-1.4998	
-0.160887	-0	0.166545	39.1683	-5.35016	16.7761	
17.4696	0	0.474286	-8.18608	237.237	9.02218	
-3.41309	-0	0.109778	11.3991	-210.995	-0.608008	
0.355565	0	0.17556	90.213	86.9215	43.2399	
-6.66054	-0	0.0530933	11.9196	-206.788	14.2404	
-2.07633	-0	0.133111	59.6977	-170.158	-16.3533	
0.0578548	0	0.170363	11.5395	-55.0695	22.182	
0.313439	0	0.174824	-79.8011	94.5999	-52.4211	
-2.41789	-0	0.127149	11.6287	-187.498	-11.9833	
-3.81822	-0	0.102706	-14.7509	-170.307	-2.89899	
-5.36915	-0	0.0756345	42.3684	-178.695	4.8346	
-0.177826	-0	0.166249	20.1373	-27.036	38.0052	
22.8253	0	0.567771	24.8477	256.179	-5.92764	
15.3645	0	0.437541	42.3675	223.674	3.84365	
-5.0325	-0	0.0815107	62.3052	-144.241	0.516336	
12.2589	0	0.383333	7.47148	250.318	-2.19758	
-0.327077	-0	0.163644	48.8032	61.3243	-36.7039	
-1.26116	-0	0.14734	-21.4278	-239.712	-14.8219	
23.2759	0	0.575636	43.106	205.41	-8.56284	
0.0941276	0	0.170996	-15.7405	-7.79559	-35.6987	
0.0739753	0	0.170645	-2.47962	58.0565	-83.794	
-2.6833	-0	0.122516	26.2603	-172.865	-3.41024	
0.100694	0	0.171111	6.30186	32.3608	49.0597	
-1.36123	-0	0.145593	13.3107	-190.466	-7.14427	
-1.44695	-0	0.144097	19.0605	-186.482	13.8565	
-5.10554	-0	0.0802359	0.97369	-171.897	-4.67901	
3.44554	0	0.229495	42.0708	166.97	3.1759	
-4.83225	-0	0.0850062	-15.3609	-204.567	-3.7621	
-3.58185	-0	0.106832	-11.6288	-202.351	17.371	
-1.35073	-0	0.145776	0.763044	-207.356	17.8526	
12.7041	0	0.391105	30.4502	256.347	-5.42003	
-7.04639	-0	0.0463582	39.3052	-177.423	-2.18235	
-2.10853	-0	0.132549	-41.8849	-205.737	-2.628	
-1.76864	-0	0.138482	-31.4361	-181.232	14.6481	
-2.88988	-0	0.11891	25.482	-160.982	-11.993	
-2.46521	-0	0.126323	70.6031	-158.817	-6.77324	
9.71105	0	0.33886	-21.2406	167.519	12.5116	
-4.09671	-0	0.097845	50.7102	-196.402	5.21345	
0.473999	0	0.177627	-145.776	61.7061	-39.2158	
16.7117	0	0.461057	28.9509	183.694	0.673141	
4.12123	0	0.24129	-27.6316	174.357	-1.36634	
-5.01855	-0	0.0817543	6.13597	-194.602	-2.60251	
-2.39849	-0	0.127488	45.6628	-180.597	-10.5526	
11.9133	0	0.3773	-52.4547	242.18	-10.8795	
-6.70203	-0	0.052369	26.6027	-217.268	-5.9657	
-3.09146	-0	0.115392	20.5349	-185.557	2.48168	
-1.18914	-0	0.148597	103.506	-225.614	-5.35316	
-1.16606	-0	0.149	36.1152	-220.038	-3.97537	
-1.73403	-0	0.139086	56.4094	-195.124	8.42573	
6.48852	0	0.282611	8.17311	185.016	-4.77934	
-0.384116	-0	0.162649	-22.306	-26.5903	32.4109	
-0.356169	-0	0.163136	-105.01	-57.1708	66.8586	
0.0529123	0	0.170277	-2.33296	-28.579	-34.3115	
-6.28783	-0	0.0595989	36.9594	-193.776	2.8528	
14.774	0	0.427235	30.0222	206.573	3.56676	
12.2801	0	0.383703	0.319369	219.483	7.53954	
-0.0386733	-0	0.168678	-13.8003	-18.1836	-12.2824	
-3.45852	-0	0.108985	-41.2651	-189.695	7.17489	
19.5813	0	0.511146	1.95094	240.777	-7.6759	
-2.7123	-0	0.12201	43.4225	-174.096	-2.96444	
-4.67498	-0	0.0877513	54.0392	-186.19	-3.51239	
-0.0607509	-0	0.168293	19.164	-28.2298	-115.976	
11.7225	0	0.37397	-2.67724	226.639	4.78216	
-1.56349	-0	0.142063	-14.0161	-223.311	17.339	
-7.3067	-0	0.0418145	-25.9213	-238.39	7.03186	
-1.7358	-0	0.139055	13.8387	-236.847	13.8318	
5.80099	0	0.27061	-21.2853	224.153	-2.13002	
10.3719	0	0.350395	4.10211	207.561	5.86686	
-2.7319	-0	0.121668	0.492868	-185.838	6.82764	
-4.98595	-0	0.0823234	12.1894	-166.781	5.24715	
-1.71594	-0	0.139402	-11.6769	-228.483	22.9392	
5.51574	0	0.265631	2.70893	180.681	0.0147672	
10.047	0	0.344724	17.7534	233.505	7.8434	
16.0804	0	0.450038	-0.917706	236.217	-0.655928	
-4.56291	-0	0.0897075	-49.6517	-183.398	2.6596	
15.6577	0	0.442659	31.7284	237.282	-4.48321	
11.4194	0	0.368679	27.0065	214.858	-9.12588	
6.2541	0	0.278519	-28.9026	158.304	1.20806	
6.9075	0	0.289924	13.0471	190.564	-5.86304	
0.392295	0	0.176201	-21.4913	52.9072	-25.9327	
-6.25203	-0	0.0602238	8.68723	-196.039	6.2773	
1.75583	0	0.200002	-26.6004	183.139	8.02166	
-4.34946	-0	0.0934333	19.0936	-190.462	-0.342225	
-2.56778	-0	0.124533	-30.4294	-199.319	16.0822	
-0.161333	-0	0.166537	81.6842	-75.3544	-80.1611	
-2.85778	-0	0.119471	0.595248	-152.237	8.45678	
0.417988	0	0.176649	99.0907	80.9661	57.185	
0.198437	0	0.172817	70.8281	12.1061	57.9031	
-2.1907	-0	0.131115	7.91203	-204.325	-8.94017	
16.7548	0	0.46181	-8.17032	207.925	8.79374	
-5.74087	-0	0.0691461	24.739	-227.661	3.72501	
-0.422993	-0	0.16197	-94.6493	-49.138	51.2818	
-0.0968303	-0	0.167663	28.0796	-34.887	-111.741	
-0.157691	-0	0.166601	-57.3561	-6.45847	48.15	
-0.221492	-0	0.165487	-15.3545	-68.2578	-13.369	
12.6444	0	0.390062	-18.5275	259.244	-0.080926	
13.157	0	0.399009	-36.3231	249.133	-0.824174	
0.0927488	0	0.170972	-56.5144	-52.6758	-60.634	
-0.191949	-0	0.166003	-112.549	-77.2494	82.7023	
-1.93825	-0	0.135521	-38.3335	-196.732	7.65401	
-0.435668	-0	0.161749	-27.3954	-59.6654	16.337	
-3.19693	-0	0.113551	-8.67503	-174.565	12.1652	
-3.14863	-0	0.114394	54.4098	-199.147	-13.4913	
-3.36671	-0	0.110587	1.69736	-202.445	-2.81745	
-2.91286	-0	0.118509	9.10488	-179.282	13.4581	
25.6039	0	0.616271	16.5848	247.262	-1.59784	
-1.60371	-0	0.141361	-5.99484	-216.282	10.2652	
0.0475636	0	0.170184	7.94293	-30.5399	36.8166	
11.4791	0	0.369721	-10.1302	198.259	5.68126	
-2.51567	-0	0.125442	27.1489	-136.176	-11.2756	
-4.28229	-0	0.0946057	-12.222	-187.291	15.7525	
13.3053	0	0.401599	-42.3244	235.818	6.87826	
3.69602	0	0.233868	-10.0145	201.967	4.66838	
5.9388	0	0.273016	-4.66588	203.801	-12.7492	
-4.52918	-0	0.0902962	-36.1283	-239.83	-6.4616	
-0.0849972	-0	0.16787	-73.1634	-25.6831	165.478	
18.5504	0	0.493152	40.7581	248.234	-2.98519	
3.17245	0	0.224729	6.39475	154.638	0.566974	
-5.44409	-0	0.0743265	68.2687	-186.122	-0.882895	
-5.45904	-0	0.0740655	0.60963	-215.21	2.86907	
8.275	0	0.313794	-16.5955	212.315	-7.66596	
-1.67199	-0	0.140169	-38.4783	-182.666	-9.34975	
3.75436	0	0.234886	-5.46951	203.868	1.20239	
-4.84076	-0	0.0848575	9.58279	-177.257	-6.22392	
-3.04979	-0	0.116119	7.58845	-154.531	2.92785	
-0.045143	-0	0.168565	-49.2534	2.39266	114.217	
-3.54953	-0	0.107396	25.6327	-186.637	5.845	
7.5486	0	0.301115	-51.2567	210.544	1.68202	
-4.07764	-0	0.0981779	42.138	-191.773	5.99843	
31.2231	0	0.714354	-31.1613	244.449	-1.81741	
0.258916	0	0.173873	-79.1727	96.4118	-60.0302	
0.552841	0	0.179003	-27.3466	91.4031	-7.19555	
-1.47853	-0	0.143545	-33.1646	-145.632	7.08143	
0.29183	0	0.174447	-71.9336	-42.9006	-0.70813	
-1.91727	-0	0.135887	31.2694	-148.226	6.69537	
-2.34302	-0	0.128456	35.3297	-228.207	0.770823	
-2.11345	-0	0.132463	-5.50441	-200.936	-12.2668	
-4.13902	-0	0.0971066	-64.8111	-185.138	-9.35164	
-0.31442	-0	0.163865	26.4405	-7.38954	-22.2137	
-2.91231	-0	0.118519	-17.8618	-137.6	-1.51258	
-2.09018	-0	0.132869	19.5377	-191.197	11.682	
6.055	0	0.275044	-9.92528	174.816	8.16973	
-3.24742	-0	0.112669	52.7911	-171.304	-8.75439	
7.68488	0	0.303493	23.7308	203.202	-2.23068	
5.93296	0	0.272914	-60.1866	164.236	-3.34325	
1.88503	0	0.202257	26.5531	124.549	3.60338	
0.172242	0	0.17236	6.70747	63.2557	46.1165	
0.117377	0	0.171402	21.5496	47.7083	26.0014	
-3.15848	-0	0.114222	-7.53684	-134.472	3.69057	
9.33408	0	0.33228	-29.4057	173.352	-2.26535	
14.0177	0	0.414033	-36.4837	225.382	-1.47836	
14.8078	0	0.427824	-41.2239	232.328	0.843531	
-0.121736	-0	0.167228	-35.8835	-89.8253	28.8097	
-3.81826	-0	0.102705	-33.2476	-235.885	-8.94654	
-2.41554	-0	0.12719	15.5505	-239.883	3.42995	
0.618723	0	0.180153	-80.0678	62.6451	-19.5657	
11.6795	0	0.373219	13.6509	219.123	-10.0314	
0.306111	0	0.174697	-43.104	23.8523	18.4365	
9.26899	0	0.331144	-7.78268	184.678	1.55105	
2.0596	0	0.205304	111.52	186.608	-10.3824	
-6.01454	-0	0.0643692	-5.14997	-174.546	10.5173	
-0.354012	-0	0.163174	33.2159	-32.1459	9.79293	
-3.02408	-0	0.116568	-41.9886	-179.288	-7.6966	
-1.71476	-0	0.139422	-48.5224	-213.744	11.0286	
-3.74259	-0	0.104026	-65.3108	-198.528	0.175771	
-0.0271139	-0	0.16888	39.7755	3.9646	6.42934	
-4.72854	-0	0.0868164	-20.2166	-148.904	-8.6681	
-6.97111	-0	0.0476723	-0.778991	-215.361	12.6775	
0.200377	0	0.172851	-48.8553	28.668	-5.9968	
0.166389	0	0.172258	95.9367	-49.7827	42.9261	
-5.83633	-0	0.0674799	-33.2526	-160.519	4.53529	
-2.29976	-0	0.129211	-19.8174	-191.284	-2.0761	
12.0815	0	0.380237	-22.5077	221.17	4.26538	
6.18957	0	0.277393	28.8808	222.951	-2.349	
-0.253655	-0	0.164926	-131.946	3.77595	87.0116	
-0.221391	-0	0.165489	46.9822	-73.741	-31.1645	
10.7841	0	0.357591	7.30277	249.022	0.194384	
12.9912	0	0.396115	-4.18721	229.71	2.07674	
6.96522	0	0.290932	12.2445	211.131	-3.46519	
-4.10616	-0	0.09768	-28.0321	-170.334	4.76935	
-3.28992	-0	0.111928	-14.4114	-200.708	0.56351	
9.2662	0	0.331096	16.1246	193.888	5.28633	
-2.77662	-0	0.120887	34.3205	-206.18	0.119992	
19.2166	0	0.50478	-26.6004	243.132	-0.908362	
-3.52522	-0	0.10782	22.7059	-221.73	1.12013	
-1.86517	-0	0.136797	11.2111	-226.756	12.8581	
-2.32258	-0	0.128813	-30.3541	-162.071	-2.63024	
-1.79157	-0	0.138081	19.7811	-135.56	-0.684464	
-0.333892	-0	0.163525	-111.399	-43.4458	64.086	
-4.32226	-0	0.0939081	-26.8189	-206.296	7.12013	
10.9784	0	0.360982	-5.87295	238.15	-13.1609	
-0.154068	-0	0.166664	73.0699	-53.254	-63.6661	
-0.397258	-0	0.162419	-127.548	-55.2715	41.5736	
-0.188226	-0	0.166068	-26.9423	6.65764	62.406	
0.173378	0	0.17238	63.0666	-64.0985	116.591	
-5.09965	-0	0.0803386	4.00738	-168.244	10.3196	
0.392102	0	0.176198	-38.2974	52.0892	-30.7875	
16.3389	0	0.45455	11.9981	242.818	-4.95141	
-0.491446	-0	0.160775	40.904	-71.6832	-21.8154	
-4.68575	-0	0.0875634	-1.50222	-198.764	-0.633916	
-2.76398	-0	0.121108	17.9005	-204.954	-4.57474	
-7.40906	-0	0.0400277	19.4801	-232.727	9.25055	
6.58117	0	0.284228	32.3615	203.634	7.25806	
-1.35561	-0	0.145691	61.1011	-183.957	-2.73888	
4.2243	0	0.243089	2.04363	214.823	-6.60371	
3.72649	0	0.2344	-67.0676	184.217	0.357227	
-0.213377	-0	0.165629	-128.874	13.3763	103.252	
11.4702	0	0.369567	-3.91111	209.908	-7.90741	
-1.07524	-0	0.150585	72.4467	-242.163	-3.36716	
0.256698	0	0.173834	127.136	49.0912	68.0336	
-0.0721396	-0	0.168094	-55.9004	-27.8014	37.9808	
8.77896	0	0.322591	11.8171	196.329	0.311725	
-1.57761	-0	0.141816	19.7215	-267.294	8.39852	
9.48268	0	0.334874	-15.6646	158.862	1.45601	
-2.3133	-0	0.128975	-13.7842	-212.83	-6.74451	
0.205291	0	0.172937	-85.4085	92.8118	-61.3	
0.194816	0	0.172754	-102.249	-58.7365	-51.8862	
6.17921	0	0.277212	47.7042	189.453	13.8174	
-1.72979	-0	0.13916	-2.66914	-191.573	-1.06512	
-3.75945	-0	0.103732	43.8222	-194.479	-9.43862	
17.2039	0	0.469649	4.18265	229.312	3.37711	
-1.57129	-0	0.141926	62.6072	-150.493	-17.7683	
-6.28088	-0	0.0597203	-33.1715	-206.544	-7.1783	
12.6381	0	0.389952	-0.262303	227.377	8.29967	
0.170502	0	0.17233	-101.951	-7.3621	-57.5663	
2.67498	0	0.216045	-24.2061	143.417	-1.53999	
-4.42552	-0	0.0921056	31.3394	-184.712	9.81347	
0.111392	0	0.171298	-61.3546	6.34063	-78.7819	
18.398	0	0.490492	-10.348	274.074	-3.6166	
-4.21103	-0	0.0958496	27.1909	-173.792	-6.1478	
17.6804	0	0.477966	-27.4113	255.916	4.31806	
7.02285	0	0.291938	-54.9273	183.802	8.05839	
-5.35184	-0	0.0759366	4.29009	-233.809	-4.42529	
0.249089	0	0.173701	53.622	71.9796	27.3169	
11.1471	0	0.363927	17.896	217.873	-0.0313864	
-2.20861	-0	0.130802	101.631	-139.023	-5.91415	
-6.41214	-0	0.0574291	53.3865	-233.682	9.63803	
11.0186	0	0.361683	-14.9114	223.99	-3.51465	
3.76019	0	0.234988	31.5533	149.102	-3.29462	
-0.227209	-0	0.165387	18.2749	-92.8476	-4.91829	
-0.277537	-0	0.164509	-89.765	-85.6559	61.5842	
0.216124	0	0.173126	-127.902	68.5264	-88.9317	
-2.84304	-0	0.119728	28.3988	-175.451	0.55436	
-1.6581	-0	0.140411	35.476	-125.196	-9.36967	
5.82496	0	0.271028	-19.1769	191.534	11.2976	
-2.02055	-0	0.134085	-45.7995	-198.951	-4.37408	
-2.19518	-0	0.131036	108.413	-175.716	3.3461	
15.9461	0	0.447694	15.071	223.8	-1.95418	
14.848	0	0.428526	-12.7201	247.091	-5.01208	
-2.2617	-0	0.129875	36.265	-223.337	4.29872	
-5.78212	-0	0.068426	-56.2606	-210.306	-14.0006	
-3.57877	-0	0.106886	-5.77531	-154.927	-12.7998	
-4.68368	-0	0.0875994	-12.4439	-175.29	5.84803	
-2.46377	-0	0.126348	43.4685	-182.306	-4.42021	
15.4982	0	0.439876	6.20869	232.446	0.657326	
-4.01565	-0	0.0992599	-40.5092	-156.693	13.5913	
-6.37874	-0	0.0580121	-18.8117	-182.663	-5.36048	
4.00755	0	0.239305	16.4837	197.581	7.35802	
-3.17619	-0	0.113913	-52.1244	-206.974	2.2978	
-4.58224	-0	0.0893701	29.7916	-169.529	-29.6873	
-3.4159	-0	0.109729	46.9762	-162.66	-1.6969	
-5.1146	-0	0.0800776	35.6213	-225.767	-12.8865	
-3.85235	-0	0.10211	22.6101	-221.384	5.10115	
0.383854	0	0.176054	-81.5401	52.1272	-33.2988	
-2.9334	-0	0.118151	-8.24711	-215.201	5.11693	
10.0379	0	0.344566	-42.9211	210.777	10.0211	
0.238841	0	0.173522	57.4859	21.6	72.3964	
0.283804	0	0.174307	86.5577	51.1237	53.0763	
5.93876	0	0.273015	14.9618	195.783	0.600469	
2.676	0	0.216063	-16.2079	229.931	-5.90067	
-0.33182	-0	0.163561	53.0882	-90.3815	-8.68444	
-3.16596	-0	0.114091	9.94443	-202.802	3.78661	
-2.7491	-0	0.121368	63.4399	-180.734	-9.79299	
-1.63029	-0	0.140897	36.7202	-222.858	-2.04293	
-1.52958	-0	0.142654	-10.1837	-158.989	-6.83514	
-3.10643	-0	0.11513	-18.3517	-185.12	6.62845	
0.07052	0	0.170584	-21.6877	37.0477	-115.042	
-0.190164	-0	0.166034	32.9224	-63.705	-18.062	
-0.2576	-0	0.164857	-1.3687	-48.3238	11.6466	
6.26632	0	0.278732	-28.4428	179.194	11.8778	
0.229089	0	0.173352	119.293	48.168	78.8438	
-0.211095	-0	0.165669	54.2899	-59.9515	-47.1159	
18.5749	0	0.49358	-7.31359	263.291	-5.82595	
-0.429647	-0	0.161854	-46.0091	-77.6357	32.225	
-3.07307	-0	0.115713	-22.9445	-147.644	-9.09986	
-2.70408	-0	0.122153	56.8504	-168.699	-6.69359	
2.67616	0	0.216066	-8.26168	150.967	-2.91341	
7.71576	0	0.304033	-11.8109	166.634	1.70915	
0.118351	0	0.171419	43.1421	-23.6128	-5.72467	
-3.62349	-0	0.106105	15.9658	-176.805	7.09072	
9.28344	0	0.331396	13.2964	236.625	-0.910968	
-5.20102	-0	0.0785692	51.3584	-191.155	-4.78398	
-4.62409	-0	0.0886397	-15.1189	-190.629	-5.86968	
16.6569	0	0.460101	-15.3396	213.296	11.6797	
10.7602	0	0.357173	41.3501	250.633	-5.4367	
-6.45775	-0	0.0566329	-15.6757	-176.648	-3.53484	
-1.18363	-0	0.148693	-35.6924	-199.417	-2.63423	
-1.17224	-0	0.148892	-29.6002	-202.028	8.93792	
-0.0454372	-0	0.16856	38.9106	30.9711	-172.619	
-1.53554	-0	0.14255	-67.7822	-215.336	-6.75284	
-5.30526	-0	0.0767497	7.67701	-173.972	-8.28691	
15.553	0	0.440831	15.598	229.487	9.14149	
5.55367	0	0.266293	31.7008	185.734	-0.224087	
-0.353927	-0	0.163176	94.1917	-57.882	-58.8879	
-3.00497	-0	0.116901	7.61886	-154.266	-12.0094	
-0.246069	-0	0.165058	75.2603	35.5234	-40.5017	
-4.27627	-0	0.0947108	-27.9772	-133.894	3.17633	
-0.374323	-0	0.16282	111.463	-52.0015	-78.2557	
11.4375	0	0.368995	-25.4814	198.814	-6.52972	
16.9921	0	0.465951	-21.9381	222.211	-2.22242	
0.136347	0	0.171733	-27.8703	53.2914	-68.4042	
-3.35999	-0	0.110704	7.22968	-219.412	-11.212	
2.63332	0	0.215318	-13.963	189.567	1.58333	
4.54063	0	0.24861	71.5803	193.53	-3.79597	
-0.0753828	-0	0.168038	20.1691	-39.1946	-4.62998	
-0.0665924	-0	0.168191	-43.2859	-35.5597	38.9324	
19.7445	0	0.513996	-1.75377	239.726	10.5036	
-1.1771	-0	0.148807	15.7752	-161.74	-0.654495	
20.961	0	0.535229	13.8286	238.671	4.08744	
18.2164	0	0.487322	-21.3293	216.898	5.33881	
2.45867	0	0.21227	-43.8046	195.457	-0.824497	
-0.0831407	-0	0.167902	35.6777	-29.3692	-21.7489	
0.353443	0	0.175523	-79.0018	41.7181	-11.1659	
-0.166081	-0	0.166454	39.056	-59.6193	-27.3521	
-2.07968	-0	0.133053	-21.8758	-183.993	1.93849	
-1.6084	-0	0.141279	-2.65533	-123.068	5.76391	
-4.92021	-0	0.0834707	9.7309	-169.755	-0.00560523	
-2.45729	-0	0.126461	-24.1762	-181.136	-3.46427	
17.1505	0	0.468716	19.0244	233.572	4.64757	
-2.21386	-0	0.13071	12.3307	-236.542	-8.53776	
-3.47689	-0	0.108664	-21.9349	-200.105	2.6786	
13.373	0	0.40278	16.2243	288.58	-9.8064	
9.89518	0	0.342074	-14.7659	213.935	-3.74795	
-0.138582	-0	0.166934	-92.8711	-7.33162	65.6096	
0.149519	0	0.171963	71.4516	89.3281	105.518	
0.0624238	0	0.170443	32.6257	-4.65723	8.55972	
15.2689	0	0.435873	12.791	261.236	4.81244	
0.0518003	0	0.170258	66.6363	-3.96039	99.1541	
2.81086	0	0.218417	30.9527	194.705	-6.06051	
-0.14547	-0	0.166814	4.51793	-23.485	-9.44458	
0.265445	0	0.173987	-93.1466	96.8798	-63.642	
-3.39141	-0	0.110156	36.2579	-170.67	15.4317	
5.10404	0	0.258445	7.67243	174.362	-4.2846	
-1.63285	-0	0.140852	36.5545	-162.702	-14.2427	
5.63427	0	0.2677	0.73019	205.445	-4.4852	
0.169016	0	0.172304	105.381	39.4256	90.1512	
-0.135427	-0	0.16699	5.66421	-63.8315	8.42736	
-3.43885	-0	0.109328	-51.2852	-169.238	12.3089	
-2.66745	-0	0.122793	-40.2433	-202.062	7.56185	
-4.81873	-0	0.0852422	3.68918	-169.221	-9.9617	
2.70978	0	0.216653	-22.3778	195.196	-14.3218	
0.120823	0	0.171462	-22.6386	7.90072	-43.6455	
0.101864	0	0.171131	1.35705	-35.4177	20.8983	
-0.22137	-0	0.165489	86.459	-44.6202	-88.602	
0.110614	0	0.171284	59.8843	-7.36844	54.4958	
-0.214585	-0	0.165608	152.466	-30.415	-85.5331	
0.301262	0	0.174612	-147.956	2.29888	-37.6001	
-4.65606	-0	0.0880815	-9.16512	-164.814	20.1458	
0.0966876	0	0.171041	9.95184	-6.18629	-59.325	
0.129403	0	0.171612	-1.16868	10.2245	-10.6295	
25.3306	0	0.611501	10.1685	238.318	-3.95099	
-0.393257	-0	0.162489	-22.3999	-47.522	-1.89146	
21.0446	0	0.536688	5.31349	221.293	-6.07209	
-4.6936	-0	0.0874264	-7.85622	-198.462	16.74	
0.168801	0	0.1723	-4.34946	82.3027	0.144694	
0.250357	0	0.173723	92.3805	77.2783	45.8501	
-1.69162	-0	0.139826	3.81375	-154.335	-3.11598	
-4.05608	-0	0.0985543	54.1833	-167.442	-0.652256	
-0.191621	-0	0.166009	70.9735	-20.9522	-61.929	
11.9979	0	0.378777	-12.3302	249.759	0.741611	
16.9075	0	0.464475	-10.8528	254.222	5.49381	
0.47748	0	0.177688	-27.7661	5.61101	-13.5935	
-2.81332	-0	0.120247	-61.3362	-157.536	-2.25056	
-3.897	-0	0.101331	-67.5124	-203.697	8.95879	
-0.217734	-0	0.165553	53.1399	-41.8886	-37.6728	
-1.32349	-0	0.146252	65.4847	-218.229	-2.57255	
-4.18595	-0	0.0962874	-16.2289	-207.66	7.20046	
-3.49474	-0	0.108353	-28.3041	-175.9	13.6783	
-4.79113	-0	0.0857239	-11.3728	-191.209	-0.0275381	
-4.15201	-0	0.0968797	-14.8589	-153.932	-1.12132	
18.0548	0	0.484501	28.6459	209.791	1.38279	
10.0689	0	0.345106	5.40014	199.203	6.15581	
-0.166238	-0	0.166452	-72.1461	-18.8234	88.2692	
-0.249837	-0	0.164992	-15.5984	-73.7085	25.0675	
-0.0701278	-0	0.168129	66.1938	-8.99306	-134.667	
-2.57013	-0	0.124492	24.1861	-192.863	-7.72056	
-0.392001	-0	0.162511	81.973	-14.8818	-62.1554	
0.055736	0	0.170326	27.2789	-45.9156	57.9083	
-4.21903	-0	0.0957099	-27.2256	-225.457	4.2791	
-2.24795	-0	0.130115	-88.798	-205.748	-3.94014	
-6.66122	-0	0.0530814	17.376	-179.87	1.99586	
-1.90569	-0	0.136089	-49.7187	-225.614	-7.73066	
13.8484	0	0.411078	1.45872	245.495	-3.29418	
-4.83694	-0	0.0849242	-15.5305	-159.935	13.585	
-0.366293	-0	0.16296	-102.496	-41.2277	24.3811	
9.58791	0	0.336711	12.015	188.111	5.53	
-0.298811	-0	0.164138	-11.1102	-89.6998	7.93718	
11.7083	0	0.373722	15.2344	182.543	-12.1785	
13.6647	0	0.407871	1.24657	231.062	-1.04182	
3.47804	0	0.230063	-1.67291	175.662	12.8875	
0.283599	0	0.174304	55.6389	-79.0837	35.6603	
-7.35882	-0	0.0409047	28.6866	-166.417	-6.30119	
-3.48512	-0	0.10852	31.7127	-216.25	6.53779	
18.159	0	0.48632	-9.97028	221.017	-4.79989	
-4.32126	-0	0.0939255	-8.01293	-188.192	6.94461	
-2.64719	-0	0.123146	11.0374	-185.129	-4.00766	
0.0660545	0	0.170506	7.62098	4.31025	49.2231	
-3.78376	-0	0.103308	31.7366	-165.754	7.95916	
2.8461	0	0.219032	8.41496	223.642	-3.84099	
-1.70715	-0	0.139555	-59.6124	-114.55	8.58053	
0.365688	0	0.175736	140.122	94.7827	77.3754	
-0.123248	-0	0.167202	-59.3752	24.9401	15.8963	
2.7767	0	0.217821	34.1921	226.247	9.6716	
8.11467	0	0.310995	29.5836	235.382	-14.2836	
0.204869	0	0.172929	-1.82846	79.5808	16.9417	
-5.15313	-0	0.0794051	-2.28241	-182.75	-17.313	
30.4388	0	0.700665	-20.2199	220.115	-9.54599	
-2.77472	-0	0.12092	6.31737	-228.268	-13.2639	
-2.49613	-0	0.125783	1.54993	-200.056	-2.34869	
-5.16291	-0	0.0792344	26.7061	-197.077	3.66934	
0.283688	0	0.174305	41.2214	86.068	34.5147	
0.223529	0	0.173255	-102.412	92.312	-77.3421	
4.37831	0	0.245777	9.52767	154.702	4.53579	
-3.80813	-0	0.102882	12.4678	-154.556	-2.63933	
-5.57241	-0	0.0720866	-36.3837	-171.463	-1.60105	
11.4902	0	0.369916	-22.3581	211.652	9.06476	
0.32731	0	0.175067	30.7933	71.3361	18.01	
-5.34896	-0	0.0759869	63.6124	-150.088	-3.3925	
10.7323	0	0.356686	-6.33945	191.864	4.25416	
4.30211	0	0.244447	12.3149	172.055	10.4753	
-0.281786	-0	0.164435	-93.2198	-98.1718	70.5036	
-0.24135	-0	0.165141	-134.794	-60.8538	101.857	
9.87714	0	0.34176	0.0633772	182.758	7.08762	
10.6151	0	0.354641	-33.8446	176.942	10.0414	
-0.756506	-0	0.156149	63.6182	-124.124	-0.755214	
2.75063	0	0.217366	-37.5795	168.181	5.45604	
-1.2473	-0	0.147582	-35.8548	-162.166	3.73451	
-3.60869	-0	0.106363	0.775656	-185.046	12.1851	
-4.4033	-0	0.0924935	-37.9179	-186.837	3.07776	
-4.00389	-0	0.0994652	37.7667	-175.118	-13.4346	
-2.43856	-0	0.126788	-1.12223	-225.994	0.0476204	
0.433239	0	0.176916	54.9708	68.371	31.4785	
-1.44112	-0	0.144199	-33.7971	-140.372	16.5355	
7.51035	0	0.300447	8.63276	205.875	-8.09373	
0.177926	0	0.172459	-52.8876	57.8101	-69.8692	
6.99422	0	0.291438	-7.09083	200.698	-4.67497	
9.52156	0	0.335553	-20.5121	234.52	1.70668	
-0.465516	-0	0.161228	-42.1847	-68.1478	25.9587	
0.230379	0	0.173375	109.686	74.779	89.9504	
12.6418	0	0.390016	21.2663	202.383	-4.68849	
0.155267	0	0.172064	-106.397	59.6409	-110.179	
-1.32488	-0	0.146228	35.8888	-179.927	-2.73226	
-0.103486	-0	0.167547	101.303	34.6176	-144.155	
20.5593	0	0.528218	22.6439	247.421	-11.1568	
-0.401644	-0	0.162343	-120.604	-88.6561	40.6542	
-3.75299	-0	0.103845	-20.9249	-180.213	-3.32146	
-0.114283	-0	0.167359	-35.2694	4.73011	110.485	
12.1116	0	0.380762	5.5972	216.574	-3.65736	
13.3654	0	0.402648	8.48661	228.179	-8.32363	
18.3672	0	0.489955	11.2429	243.271	-1.61409	
-2.80622	-0	0.120371	-23.7607	-190.267	1.10902	
6.01332	0	0.274316	19.857	167.053	-2.11874	
-2.65578	-0	0.122997	39.2698	-187.711	-9.16647	
3.35302	0	0.22788	14.4415	144.338	12.1889	
9.07768	0	0.327805	-17.0001	189.675	-3.86288	
0.172744	0	0.172369	55.248	-55.3495	30.8197	
-3.54082	-0	0.107548	-42.375	-159.29	11.477	
-0.0864471	-0	0.167844	0.855819	-26.6845	-7.84311	
5.07704	0	0.257973	49.1405	203.198	1.37166	
0.0764877	0	0.170688	28.2445	65.7316	73.9084	
-5.83778	-0	0.0674546	-32.9068	-155.189	-4.30847	
-1.5693	-0	0.141961	-49.4464	-187.067	3.12274	
6.54916	0	0.283669	47.5509	165.328	-6.90164	
-4.04094	-0	0.0988184	12.6945	-208.69	-8.42734	
-0.133264	-0	0.167027	-84.8739	-88.481	137.684	
-3.51622	-0	0.107978	-6.39512	-158.818	-2.38986	
-4.29254	-0	0.0944268	29.9013	-165.447	-9.10664	
-0.197026	-0	0.165914	23.6264	-50.034	-3.40701	
-0.232255	-0	0.165299	10.5511	-60.297	-2.92136	
-0.168669	-0	0.166409	-33.4745	15.1584	52.7473	
-2.81582	-0	0.120203	35.3469	-174.525	5.83147	
0.104	0	0.171169	15.6449	30.8035	20.6088	
10.2477	0	0.348228	7.29029	233.74	-3.89679	
-5.11925	-0	0.0799966	-5.07223	-225.018	-4.17606	
9.11726	0	0.328496	-4.25249	248.081	-4.12873	
-3.3519	-0	0.110846	-13.903	-166.141	0.488042	
-3.22606	-0	0.113042	36.2464	-173.049	7.00786	
-3.71862	-0	0.104445	27.3397	-218.856	-14.2308	
-2.30365	-0	0.129143	-57.4848	-243.201	-12.5313	
11.8048	0	0.375407	5.47752	214.48	-1.85278	
1.0618	0	0.187887	10.5424	112.791	-4.30747	
0.34803	0	0.175428	-62.7197	64.7871	-19.7643	
16.7515	0	0.461751	4.38589	229.02	-5.50783	
0.380412	0	0.175994	-149.201	67.5367	-81.3935	
-3.82399	-0	0.102605	-50.3532	-199.58	0.186274	
-3.56711	-0	0.107089	-22.3543	-142.424	6.96044	
-4.52186	-0	0.090424	-20.3261	-167.264	6.83144	
3.93729	0	0.238079	-28.1706	198.358	17.284	
-3.71027	-0	0.10459	-30.1177	-164.55	2.52988	
5.10739	0	0.258503	-17.2698	173.45	7.46781	
14.1047	0	0.415551	-36.4201	218.458	-2.56518	
3.8791	0	0.237063	-7.68459	169.487	-4.08948	
-2.72783	-0	0.121739	43.3778	-203.764	-6.15565	
0.458043	0	0.177349	-15.8127	67.1856	5.61647	
-4.08229	-0	0.0980968	71.5293	-188.104	-5.35725	
-2.69878	-0	0.122246	4.04023	-220.379	-0.337295	
2.82034	0	0.218583	-31.0389	221.956	4.69309	
-0.00330318	-0	0.169296	-8.39871	-4.98778	185.084	
-0.162093	-0	0.166524	-70.1832	33.1785	81.3179	
-4.53856	-0	0.0901324	-3.01538	-197.426	2.06788	
-1.48625	-0	0.143411	80.4114	-229.023	-4.18505	
-4.9358	-0	0.0831987	25.0533	-200.131	-8.03856	
-2.71307	-0	0.121997	-37.5393	-196.931	-4.62928	
17.204	0	0.46965	23.209	254.927	-7.1743	
0.14269	0	0.171844	20.2445	-21.4241	13.0103	
0.899716	0	0.185058	116.077	154.836	13.6514	
-7.29746	-0	0.0419757	-10.7089	-197.659	2.55692	
0.0557741	0	0.170327	-14.214	-25.0828	27.3673	
6.76818	0	0.287492	75.5875	200.25	7.32451	
-6.31625	-0	0.0591029	4.48066	-149.073	-16.915	
6.88658	0	0.289559	-28.7025	191.613	0.275819	
-2.97322	-0	0.117456	31.9907	-248.128	1.66277	
0.0272228	0	0.169829	30.8104	17.491	93.9338	
-4.84375	-0	0.0848055	-36.7355	-176.567	-7.21925	
-3.32782	-0	0.111266	54.1188	-161.436	13.284	
0.0489358	0	0.170208	-80.283	-21.3835	-90.2443	
-1.38269	-0	0.145218	17.0086	-158.036	-17.2091	
12.4865	0	0.387306	-4.55526	219.794	10.1487	
-2.38619	-0	0.127702	65.842	-169.836	-13.7278	
-0.149117	-0	0.166751	-98.4373	-32.5141	106.781	
0.130184	0	0.171626	64.9743	-35.738	23.8189	
3.50157	0	0.230474	-6.68495	158.465	7.2238	
4.3926	0	0.246027	-16.3125	165.96	-0.20835	
4.582	0	0.249332	3.15248	182.479	-2.77323	
-0.12421	-0	0.167185	59.7614	21.976	-54.6774	
-6.50004	-0	0.0558947	7.17614	-209.401	9.41786	
-0.252892	-0	0.164939	52.2018	-78.4601	-17.0805	
17.2889	0	0.471132	3.04876	216.835	2.04265	
11.7204	0	0.373933	-18.2175	231.01	2.25343	
5.70009	0	0.268849	6.18853	174.07	3.17297	
-3.0331	-0	0.11641	53.798	-186.154	1.63168	
22.0148	0	0.553623	-24.318	249.456	3.95316	
16.782	0	0.462284	7.35438	231.635	0.754355	
19.0131	0	0.501228	-9.86495	251.188	-1.80207	
-0.219911	-0	0.165515	-144.705	-51.9172	75.7473	
5.22635	0	0.26058	-24.3806	205.408	-0.358143	
-2.81239	-0	0.120263	-21.0004	-159.237	1.18411	
-5.88078	-0	0.066704	-3.20202	-188.696	2.005	
15.9821	0	0.448321	-38.8715	230.306	-2.76473	
15.1868	0	0.434441	29.009	200.611	2.00021	
4.94783	0	0.255718	-12.2785	198.905	-5.1822	
15.6593	0	0.442687	-25.4354	238.336	-2.98447	
-5.47352	-0	0.0738127	26.3241	-180.13	4.1558	
7.85501	0	0.306463	14.323	185.984	-8.88224	
0.0838027	0	0.170816	-30.8346	-5.99458	-28.5673	
4.1522	0	0.24183	5.21299	146.312	10.623	
-1.45912	-0	0.143884	2.91885	-211.662	7.97867	
14.0669	0	0.414893	28.8131	210.629	-9.42234	
-0.425582	-0	0.161925	-2.18122	-79.6454	1.88212	
-1.77297	-0	0.138406	73.4473	-208.3	-8.6415	
0.37311	0	0.175866	-133.355	5.48486	-66.7309	
8.46969	0	0.317192	-20.7581	194.71	4.41411	
3.8395	0	0.236372	-12.8171	159.472	-4.56998	
13.115	0	0.398276	-7.78166	209.872	-7.36844	
-4.54702	-0	0.0899849	6.42069	-173.217	0.30204	
0.27291	0	0.174117	68.2513	59.3646	55.1784	
0.33098	0	0.175131	-3.71851	31.8239	-8.32516	
-1.43126	-0	0.144371	-0.336815	-188.065	11.7332	
8.81583	0	0.323234	-7.34697	222.408	2.73251	
-0.243619	-0	0.165101	95.8991	-83.1982	-41.1166	
-0.355123	-0	0.163155	52.4251	-98.6893	-30.3073	
-5.72576	-0	0.0694099	24.0897	-186.747	5.93949	
-0.108777	-0	0.167455	1.18969	-68.1145	-42.2044	
0.149127	0	0.171956	33.7277	65.9522	105.98	
0.274712	0	0.174149	-59.9025	67.0923	-37.5053	
-0.273168	-0	0.164585	-43.4223	-83.5549	41.4467	
15.1678	0	0.434109	18.8646	221.398	-5.87099	
-3.00356	-0	0.116926	29.5932	-145.078	0.983774	
-0.428434	-0	0.161875	31.5739	-44.9058	-35.9602	
-3.14245	-0	0.114502	-2.3916	-204.227	-5.56525	
-3.83222	-0	0.102462	13.5512	-205.626	1.76386	
-5.70202	-0	0.0698242	-48.447	-187.609	5.99297	
-3.1122	-0	0.11503	-0.501655	-191.533	3.89127	
-6.33674	-0	0.0587452	-8.70001	-213.252	5.4483	
-5.22855	-0	0.0780887	4.48427	-224.734	-8.52946	
9.12186	0	0.328576	-10.7947	223.901	-5.80299	
8.11797	0	0.311053	7.89947	239.602	-4.21071	
10.7386	0	0.356797	5.30378	221.656	1.16405	
-2.20068	-0	0.13094	-2.53157	-177.396	14.083	
-3.39932	-0	0.110018	12.3295	-183.726	-14.188	
-3.27544	-0	0.11218	22.1521	-201.042	-6.01975	
14.5048	0	0.422536	6.56091	206.827	1.22039	
-0.33751	-0	0.163462	1.89665	-98.2744	-0.347828	
-0.312821	-0	0.163893	-57.6739	-64.5657	44.7088	
14.5185	0	0.422776	8.74789	195.942	-0.921146	
-3.42704	-0	0.109534	-55.137	-225.704	-11.0578	
-4.32578	-0	0.0938467	-13.7032	-248.829	1.13778	
0.136086	0	0.171729	-80.2042	28.0635	-92.07	
18.6808	0	0.495427	0.316816	238.318	-4.97488	
11.1059	0	0.363208	-8.25413	220.978	-4.18883	
4.98302	0	0.256332	34.1234	184.786	3.95407	
-2.11102	-0	0.132505	-37.1211	-177.356	12.5818	
-2.60342	-0	0.123911	-19.0696	-204.068	-13.1659	
12.6895	0	0.390849	-44.5464	228.026	-0.683182	
-4.64518	-0	0.0882714	0.0235926	-192.301	15.7369	
-3.04658	-0	0.116175	-65.0254	-178.707	-12.0492	
14.4943	0	0.422352	-27.6681	225.369	-10.4775	
-5.60644	-0	0.0714926	-63.228	-181.734	2.59844	
-2.6202	-0	0.123618	4.73619	-151.813	21.8587	
-0.234456	-0	0.165261	55.4215	-80.0257	-69.2213	
-0.394719	-0	0.162464	-64.8842	-49.0341	46.1471	
-3.95222	-0	0.100367	21.3311	-183.709	7.79604	
12.2166	0	0.382596	19.3159	211.123	7.24142	
4.26615	0	0.243819	8.26923	159.212	-0.424936	
6.2425	0	0.278317	4.35396	181.771	4.23965	
-0.205729	-0	0.165762	40.2586	81.1144	-24.4846	
1.18392	0	0.190019	-17.5151	227.391	-5.12913	
-3.70425	-0	0.104695	33.6485	-194.485	-2.0156	
0.115596	0	0.171371	28.855	81.8368	38.3048	
0.273137	0	0.174121	-53.4882	50.5722	-9.31734	
-0.169765	-0	0.16639	-22.7721	13.8784	-22.6547	
-1.50535	-0	0.143077	61.7539	-165.24	-7.13805	
3.94922	0	0.238287	-32.1763	183.793	1.86694	
-5.32169	-0	0.0764629	-31.0088	-187.265	-5.35985	
-3.53721	-0	0.107611	-32.4727	-190.183	7.65206	
-3.34272	-0	0.111006	-10.0245	-196.358	2.41133	
-2.31101	-0	0.129014	27.5753	-173.366	-1.00087	
17.8615	0	0.481126	12.2449	234.547	5.24166	
-2.58301	-0	0.124267	67.1235	-173.847	-0.572047	
-0.323945	-0	0.163699	29.1021	-22.109	-30.508	
-0.10111	-0	0.167588	24.8839	16.5897	-94.6935	
3.15833	0	0.224482	-27.4638	148.271	-9.15131	
5.99768	0	0.274043	41.2335	152.38	0.328281	
-0.0546935	-0	0.168399	-47.9344	37.7348	144.935	
-2.02379	-0	0.134028	-32.9802	-164.908	8.11171	
9.53596	0	0.335804	-8.22159	269.689	1.31349	
9.11358	0	0.328431	-22.5689	202.95	15.0014	
6.55259	0	0.283729	-2.07961	232.36	-2.78816	
-2.9017	-0	0.118704	-27.4306	-231.115	-3.71554	
1.9337	0	0.203106	3.92528	197.858	4.44089	
-2.63859	-0	0.123297	-16.1905	-205.172	-2.64526	
-2.55738	-0	0.124714	-37.3948	-214.274	-0.00492146	
-2.74466	-0	0.121445	25.3286	-217.737	-7.5769	
0.042234	0	0.170091	-15.7105	-70.0466	4.88746	
-3.19936	-0	0.113508	-29.1295	-203.876	-10.7751	
-4.07735	-0	0.0981829	-7.44269	-221.172	-5.17612	
0.196857	0	0.17279	-71.7107	38.6322	-64.4902	
1.45659	0	0.194778	67.7939	200.265	0.315286	
-0.132437	-0	0.167042	-52.7085	-11.6118	58.2378	
-0.117041	-0	0.16731	49.9016	-17.542	-45.1138	
1.57713	0	0.196882	62.4682	168.934	3.68264	
0.233741	0	0.173433	2.0151	17.5916	36.4739	
8.07176	0	0.310246	15.2694	211.669	-2.98977	
16.8312	0	0.463144	-15.7298	240.232	-0.529564	
14.2367	0	0.417857	-5.78115	242.488	-0.370586	
-2.75181	-0	0.12132	16.5709	-229.629	-7.66792	
-0.222819	-0	0.165464	86.5859	-85.5795	-67.1741	
-2.06844	-0	0.133249	41.9795	-242.754	-4.8825	
-0.0984741	-0	0.167635	96.172	-36.6165	-91.7791	
-2.36063	-0	0.128148	41.2092	-190.163	-9.24788	
-4.06278	-0	0.0984373	8.53196	-234.203	7.82969	
9.73755	0	0.339323	-2.31234	218.35	0.741406	
-0.137466	-0	0.166954	69.0763	-73.9341	-64.1593	
7.84852	0	0.30635	42.3995	199.961	3.2759	
-4.77245	-0	0.08605	-4.93887	-189.058	1.43425	
-3.37182	-0	0.110498	42.2482	-236.78	-8.10278	
-3.36864	-0	0.110554	-101.482	-137.573	2.68971	
-0.190941	-0	0.16602	-8.60128	39.8671	53.4705	
1.51016	0	0.195713	-5.44609	218.325	-13.6747	
3.60332	0	0.23225	-13.0869	146.286	-16.0916	
-4.1182	-0	0.0974699	-0.798386	-184.102	-7.48649	
10.9513	0	0.36051	-3.75276	225.597	-5.63886	
0.0640016	0	0.170471	-32.4494	74.636	-130.393	
0.132614	0	0.171668	-102.996	67.1583	-102.464	
15.2164	0	0.434957	-2.35392	257.348	7.20213	
5.90148	0	0.272364	-6.65664	199.997	2.15114	
-1.14496	-0	0.149368	7.38631	-248.737	-3.15263	
8.88482	0	0.324439	-22.3882	199.274	18.7255	
0.165406	0	0.172241	-91.2666	31.5815	-52.8082	
-4.1554	-0	0.0968207	-14.2846	-195.965	-0.973868	
-0.0983284	-0	0.167637	-50.2352	-52.1306	112.821	
-3.89695	-0	0.101332	2.55008	-142.125	-1.11362	
12.962	0	0.395605	0.422852	206.949	-2.7064	
2.55944	0	0.214029	-42.7911	206.083	-4.88437	
-0.287188	-0	0.164341	-110.572	-65.7499	58.2032	
-4.33965	-0	0.0936045	19.387	-216.724	-2.31678	
23.7382	0	0.583705	0.51757	264.596	1.32484	
-4.58628	-0	0.0892995	-43.3147	-240.324	10.1139	
7.0058	0	0.29164	-24.3996	195.876	-3.30418	
-4.40379	-0	0.092485	26.7834	-173.704	5.62344	
19.2371	0	0.505138	-12.3645	268.011	5.85827	
-3.77305	-0	0.103495	-41.7017	-179.43	-7.10227	
6.06743	0	0.275261	-6.46091	212.23	-7.00484	
-0.0695049	-0	0.16814	11.0456	-26.2036	-14.143	
-2.45997	-0	0.126414	78.2662	-208.298	-4.30081	
13.1935	0	0.399647	-26.063	212.237	-8.59333	
-4.21965	-0	0.0956991	22.0868	-155.75	4.84898	
10.3457	0	0.349938	-10.2426	183.923	2.89952	
-4.47211	-0	0.0912924	43.8341	-222.914	10.9328	
0.297904	0	0.174553	-7.6902	29.439	33.7048	
-6.17506	-0	0.0615673	-46.695	-200.825	1.89892	
7.36096	0	0.297839	-12.8115	241.08	7.194	
-0.250076	-0	0.164988	78.5878	-75.1227	-72.0823	
0.0879257	0	0.170888	-47.0712	-16.2035	-43.6125	
4.63355	0	0.250232	-12.9166	212.256	10.92	
-3.05754	-0	0.115984	17.8148	-198.587	4.61884	
14.8227	0	0.428085	19.6145	204.98	5.82466	
0.0477278	0	0.170186	-33.5344	3.47892	-34.6655	
-4.45045	-0	0.0916705	-48.711	-174.697	3.57697	
11.1457	0	0.363902	42.9178	200.256	2.66815	
-2.41046	-0	0.127279	-29.6697	-181.871	1.82716	
-2.83624	-0	0.119847	28.0506	-200.82	-10.5622	
-0.0532102	-0	0.168425	-4.61266	-44.0442	26.1766	
-3.78243	-0	0.103331	-13.2472	-188.292	-10.0843	
-6.46339	-0	0.0565344	45.2836	-218.553	-0.153916	
-3.53646	-0	0.107624	-20.2159	-178.855	-16.1087	
0.294469	0	0.174493	-6.44115	-40.724	-21.1379	
-6.16653	-0	0.0617163	50.3274	-175.314	-8.14314	
-5.89393	-0	0.0664744	-2.09144	-185.859	-9.65729	
3.57926	0	0.23183	-34.6647	148.462	-9.16145	
-5.11354	-0	0.0800962	-26.5946	-163.229	7.85533	
0.166449	0	0.172259	-44.8576	16.7986	-46.3827	
-2.40467	-0	0.12738	-3.69872	-163.43	-20.0048	
0.29678	0	0.174534	39.7837	74.1125	44.1537	
-3.42782	-0	0.109521	14.1426	-182.357	-9.9462	
13.2693	0	0.400969	12.6405	201.561	-1.2084	
11.7137	0	0.373817	-47.8005	235.901	-13.1107	
0.14412	0	0.171869	-1.91946	16.6096	63.4723	
-0.133065	-0	0.167031	-51.0343	15.6245	28.5944	
-5.30087	-0	0.0768263	4.46199	-238.11	9.4863	
0.0977271	0	0.171059	89.5627	-39.8599	98.8497	
0.107503	0	0.17123	41.5704	57.9884	78.5568	
-0.431744	-0	0.161817	-18.8189	-68.0843	10.6229	
5.62673	0	0.267568	10.3757	190.837	2.18025	
0.097878	0	0.171062	79.3405	23.4164	107.948	
0.241169	0	0.173563	72.6064	68.4922	29.4383	
0.427303	0	0.176812	-24.012	71.4046	-12.9343	
-1.9098	-0	0.136018	-2.52987	-223.76	3.68331	
3.6025	0	0.232235	-25.0132	188.475	-2.81326	
3.87147	0	0.23693	18.1206	198.755	2.23176	
-5.00953	-0	0.0819116	-17.983	-195.84	6.68017	
-1.88649	-0	0.136425	10.1582	-227.873	6.66642	
20.0319	0	0.519012	13.4381	252.746	-3.25972	
-4.01773	-0	0.0992237	12.0959	-219.361	4.30557	
0.129929	0	0.171621	-60.9858	-8.11286	-137.576	
-4.24147	-0	0.0953183	-35.7781	-210.177	7.76458	
-3.9426	-0	0.100535	-29.2879	-203.141	0.357484	
0.319021	0	0.174922	-119.452	84.6279	-61.8402	
-1.51789	-0	0.142859	0.400641	-234.274	0.0444601	
-0.347893	-0	0.163281	-28.3103	3.75513	56.4504	
4.31239	0	0.244626	3.41162	185.813	0.595787	
-1.80934	-0	0.137771	-49.314	-149.626	4.58773	
14.0889	0	0.415276	12.3765	204.377	-9.95209	
-5.51124	-0	0.0731543	-13.5537	-177.411	-5.2985	
-5.90686	-0	0.0662487	20.7279	-165.613	7.25765	
6.74114	0	0.28702	-7.56475	208.372	-5.35402	
-2.55612	-0	0.124736	-3.73733	-195.729	0.684964	
-2.49427	-0	0.125816	-7.6929	-158.746	2.64447	
-2.602	-0	0.123935	-11.4508	-152.607	19.5325	
7.11707	0	0.293582	-9.80561	222.089	5.77168	
-3.77121	-0	0.103527	8.07919	-154.897	5.71833	
-5.92901	-0	0.065862	-32.8114	-192.214	1.38003	
0.450261	0	0.177213	127.741	55.1876	70.1573	
-0.200775	-0	0.165849	100.728	-55.4579	-96.3612	
0.15261	0	0.172017	12.4639	43.3612	48.7029	
3.56862	0	0.231644	-25.4308	190.641	3.25606	
8.35685	0	0.315223	20.5411	170.8	13.6431	
-3.90752	-0	0.101147	-22.5521	-192.823	0.990156	
10.0282	0	0.344396	-14.443	251.679	13.952	
-0.138974	-0	0.166928	-28.2306	-41.6046	24.5773	
-4.36822	-0	0.0931057	0.178769	-165.497	-5.56142	
5.86553	0	0.271737	22.4417	160.098	3.01799	
0.195513	0	0.172766	-104.906	85.2813	-74.7234	
9.0895	0	0.328011	5.05606	186.846	2.60898	
17.9664	0	0.482958	-6.00124	242.23	-3.8178	
-0.142829	-0	0.16686	-2.99108	-53.1366	-21.2253	
16.5593	0	0.458398	0.708873	217.094	-0.238549	
9.45977	0	0.334474	-35.7655	193.169	-9.07288	
4.05519	0	0.240137	-57.2459	166.913	-5.30889	
-0.383012	-0	0.162668	30.1392	-53.0264	-17.3131	
-1.90873	-0	0.136036	-29.6936	-214.518	7.06899	
-2.8626	-0	0.119386	76.6231	-214.406	8.92089	
-0.102633	-0	0.167562	-26.7091	-17.1	26.819	
-0.146478	-0	0.166797	-63.3524	-20.2039	114.162	
9.49937	0	0.335165	8.04991	235.935	5.46092	
-1.87014	-0	0.13671	52.3797	-199.345	2.2578	
-3.07169	-0	0.115737	0.790035	-174.379	3.5865	
-2.1734	-0	0.131417	4.76421	-195.962	-3.27899	
-0.296562	-0	0.164177	-57.4342	-67.8105	33.541	
4.45995	0	0.247202	-23.422	183.287	-6.27594	
0.253754	0	0.173783	-17.0123	86.3135	-28.6065	
0.0893111	0	0.170912	-75.6141	53.1746	-53.8698	
-4.708	-0	0.087175	-22.9232	-181.589	-1.72217	
9.41905	0	0.333763	64.358	219.158	0.969585	
-0.512557	-0	0.160407	-124.298	3.75322	29.4903	
-6.91466	-0	0.0486575	26.9313	-196.949	-3.15494	
0.132887	0	0.171673	-12.7883	-13.1777	39.6647	
0.168523	0	0.172295	107.57	68.5395	83.6415	
8.4341	0	0.316571	15.1911	217.579	9.09124	
11.7689	0	0.374781	0.491617	191.942	6.47161	
-6.90331	-0	0.0488556	-33.3043	-195.345	-12.4001	
11.5841	0	0.371554	-10.163	230.741	-8.8009	
0.196567	0	0.172784	104.729	-78.9744	133.801	
-2.9874	-0	0.117208	-13.2882	-211.786	-19.443	
-2.15624	-0	0.131716	1.53236	-188.382	-1.48672	
13.091	0	0.397858	-20.6932	256.39	4.02295	
5.03103	0	0.25717	-9.94076	185.935	-10.542	
-0.304021	-0	0.164047	-30.8999	0.33265	-7.54859	
0.277237	0	0.174193	29.6887	88.5421	31.9381	
-4.70148	-0	0.0872887	-46.3179	-158.872	3.82806	
2.44786	0	0.212081	84.9947	179.088	18.0066	
11.7032	0	0.373634	-63.1329	246.739	1.97929	
-0.248039	-0	0.165024	16.6815	35.5685	11.6289	
4.84352	0	0.253897	24.2904	226.68	0.529457	
-0.153863	-0	0.166668	-16.141	22.4824	28.8203	
0.335279	0	0.175206	47.446	66.2207	4.40467	
-0.227717	-0	0.165379	-127.644	10.5311	120.596	
-0.428058	-0	0.161882	4.63238	-67.7262	6.55688	
13.7337	0	0.409076	3.87733	228.879	2.57556	
-3.12044	-0	0.114886	15.2114	-177.577	-5.42294	
-2.18711	-0	0.131177	7.0269	-208.001	-4.1981	
-2.53939	-0	0.125028	-33.7501	-172.593	5.02895	
-0.139129	-0	0.166925	1.21189	22.2603	-22.2554	
-4.86927	-0	0.0843599	13.0055	-221.01	-5.25126	
0.396346	0	0.176272	-85.7518	67.9231	-57.6888	
-2.6384	-0	0.1233	67.9599	-159.774	14.2959	
0.211345	0	0.173042	-12.1689	79.4587	-35.4768	
15.9794	0	0.448275	1.15831	236.2	0.603957	
0.15166	0	0.172001	-61.4822	65.9483	-38.3064	
-1.96856	-0	0.134992	85.4184	-151.37	8.11583	
-0.513751	-0	0.160386	15.8287	-58.98	6.37041	
-3.56036	-0	0.107207	27.8693	-171.828	13.3725	
11.4253	0	0.368783	2.02602	217.512	8.54376	
-3.65756	-0	0.10551	-20.1701	-172.688	19.9495	
-0.355009	-0	0.163157	-6.50974	-83.7569	9.12742	
-4.43843	-0	0.0918803	17.9381	-191.908	8.60737	
-4.96879	-0	0.0826229	31.238	-235.947	1.00121	
2.5723	0	0.214253	63.7731	187.064	8.99388	
-3.69112	-0	0.104925	30.1829	-222.507	-0.226138	
0.104048	0	0.17117	70.6126	70.4209	108.798	
-3.86142	-0	0.101952	-35.2726	-200.688	12.5541	
0.0963211	0	0.171035	78.0514	18.6985	91.1036	
-0.647456	-0	0.158052	-22.6732	-111.078	3.6884	
0.403941	0	0.176404	18.0463	35.0477	-3.86833	
-3.84035	-0	0.10232	6.1887	-192.29	7.40571	
8.00672	0	0.309111	30.2873	191.454	-7.09132	
19.1579	0	0.503756	-4.8017	218.068	-7.44905	
17.4781	0	0.474435	19.4205	259.884	3.56797	
-0.136186	-0	0.166976	59.7807	-23.7085	-70.3191	
16.5433	0	0.458117	-56.0137	244.515	3.18813	
11.5416	0	0.370813	12.8807	231.623	7.83428	
3.96224	0	0.238514	-36.4729	202.337	14.621	
4.87606	0	0.254465	-77.8932	201.071	-14.9963	
0.464892	0	0.177468	-18.2164	106.559	-6.37969	
0.522113	0	0.178467	3.53845	74.29	12.9797	
-2.84286	-0	0.119731	26.316	-207.066	4.30339	
-1.91993	-0	0.135841	17.1803	-201.534	-15.1963	
0.158192	0	0.172115	-26.4991	-35.0582	-60.9816	
20.9039	0	0.534232	-8.51292	247.102	-0.0566769	
-1.60099	-0	0.141408	-6.42738	-132.066	-9.98307	
14.9303	0	0.429962	-8.28311	204.127	4.04901	
-5.03389	-0	0.0814865	51.5352	-199.041	-5.82269	
0.139952	0	0.171796	-51.2395	61.6297	-100.156	
13.7263	0	0.408946	-37.1179	226.837	-10.5924	
-3.09531	-0	0.115325	34.207	-211.346	-5.28485	
7.41883	0	0.29885	19.414	179.156	-10.1522	
-3.41772	-0	0.109697	-50.9196	-199.148	6.39131	
6.15278	0	0.276751	-14.6653	172.354	2.49972	
-3.71156	-0	0.104568	-0.237657	-182.001	-5.82273	
-0.179789	-0	0.166215	-46.1718	-75.0486	19.7892	
1.16707	0	0.189725	33.2238	170.185	28.1995	
-5.04415	-0	0.0813075	16.9575	-212.86	-1.86453	
15.0083	0	0.431325	0.720131	249.479	-3.1642	
-3.65319	-0	0.105587	36.9633	-189.818	6.91695	
1.29396	0	0.19194	-28.1505	250.489	-11.0096	
-4.26661	-0	0.0948795	0.158808	-204.239	13.435	
-5.16384	-0	0.0792181	53.4908	-222.871	4.63423	
8.49914	0	0.317707	4.23948	197.107	5.03542	
-0.254928	-0	0.164904	-64.1091	-55.9421	14.7853	
13.3949	0	0.403162	-44.8422	213.882	6.48832	
-4.22954	-0	0.0955265	-17.9315	-167.776	-15.2374	
-4.97852	-0	0.0824529	-13.6986	-162.333	-5.53143	
-4.37997	-0	0.0929007	-29.4478	-172.454	-1.67056	
14.5114	0	0.422651	6.62674	256.067	6.88512	
8.78829	0	0.322754	10.0361	212.451	-4.91884	
6.68529	0	0.286046	48.8749	149.304	2.59784	
-5.75052	-0	0.0689778	11.6159	-158.633	-15.5962	
-0.104525	-0	0.167529	57.9211	-28.8248	-54.2892	
2.59993	0	0.214735	13.8519	176.693	3.79917	
-0.169224	-0	0.1664	90.5435	-1.10555	-71.1571	
-0.103964	-0	0.167539	-49.5328	-55.3387	92.8083	
-3.76824	-0	0.103579	-40.6677	-187.922	4.6402	
0.37249	0	0.175855	16.7638	71.0596	-17.5402	
0.105183	0	0.171189	87.7583	-17.9744	75.4781	
-0.209449	-0	0.165697	-14.1932	-48.8314	34.186	
9.36556	0	0.33283	2.1249	148.805	-8.88956	
-4.36622	-0	0.0931408	74.5186	-161.979	-11.0461	
3.55548	0	0.231414	-41.7829	189.776	1.41092	
-5.58268	-0	0.0719073	15.4503	-165.633	6.3199	
-2.85587	-0	0.119504	50.1682	-212.127	2.96872	
-2.14871	-0	0.131848	38.698	-192.734	-3.62356	
0.08586	0	0.170852	-3.45368	-10.4687	-20.8621	
-0.286224	-0	0.164357	117.167	2.0582	-27.8428	
0.160166	0	0.172149	45.3187	34.1243	20.8063	
8.56103	0	0.318787	-45.5992	222.276	2.10752	
-3.31147	-0	0.111551	42.0079	-178.04	-16.9812	
-1.58989	-0	0.141602	31.887	-252.203	-12.5948	
0.614187	0	0.180074	47.686	87.5295	13.0234	
-6.4207	-0	0.0572796	-27.5578	-194.578	1.28451	
-5.6829	-0	0.0701581	-57.099	-185.98	-5.57632	
17.298	0	0.471291	-11.7086	257.762	6.18482	
10.5472	0	0.353455	4.78535	235.077	9.54384	
16.4721	0	0.456876	-1.71845	213.918	-9.79294	
-4.26172	-0	0.0949648	-25.4874	-154.154	2.77895	
-1.34647	-0	0.145851	-29.1938	-106.095	6.28268	
-5.16089	-0	0.0792697	30.1477	-197.217	-9.46083	
-4.40113	-0	0.0925313	-10.1455	-222.375	9.88544	
12.5419	0	0.388272	17.8855	211.978	-6.43204	
-5.56136	-0	0.0722795	5.74553	-213.621	-8.04666	
2.62146	0	0.215111	-8.82242	184.528	-5.76905	
14.581	0	0.423865	58.9395	239.879	2.43165	
-3.33081	-0	0.111214	-34.8904	-184.644	11.1303	
-2.48535	-0	0.125971	49.6695	-180.187	7.22911	
7.70906	0	0.303916	10.4725	245.902	1.09919	
2.24946	0	0.208618	10.3787	162.782	4.58625	
0.0534958	0	0.170287	-12.4956	47.4707	-38.1338	
-4.99283	-0	0.0822032	24.6636	-211.27	-6.92803	
-4.7968	-0	0.0856249	0.197602	-194.224	2.6487	
0.285059	0	0.174329	-28.5501	96.854	-17.8202	
-1.42347	-0	0.144507	-30.0412	-159.245	-11.1593	
-3.31395	-0	0.111508	-39.7971	-175.611	6.1418	
16.5845	0	0.458837	22.4113	227.613	1.93649	
2.53878	0	0.213668	-4.18573	177.592	-5.67168	
15.9897	0	0.448455	5.66643	231.225	-3.56573	
-0.144947	-0	0.166823	-12.16	20.8489	-8.40731	
-3.10776	-0	0.115107	8.69757	-194.575	-1.30829	
13.5347	0	0.405602	6.9077	237.827	-7.33419	
-2.7932	-0	0.120598	28.3525	-206.209	-4.57046	
-3.79026	-0	0.103194	-47.7583	-179.335	5.86566	
21.8961	0	0.551552	22.0455	217.283	-1.82419	
-0.0768157	-0	0.168013	9.41848	8.77076	-115.552	
7.39509	0	0.298435	-25.9013	189.888	-4.88533	
19.1589	0	0.503773	6.11103	237.192	7.84404	
-4.19665	-0	0.0961007	-4.36141	-196.557	6.67052	
-2.54473	-0	0.124935	27.6518	-163.794	-14.8919	
0.40918	0	0.176496	51.3217	81.6357	21.1499	
-0.263995	-0	0.164745	-96.3816	-41.334	83.0472	
-0.151754	-0	0.166705	-24.1725	-33.3226	60.8034	
-0.17717	-0	0.166261	-81.8711	-12.7414	100.188	
-2.45348	-0	0.126528	35.8575	-227.109	-3.30415	
12.4724	0	0.387061	14.2732	237.075	-8.07502	
-2.75955	-0	0.121185	5.99199	-211.358	-6.82006	
-3.91969	-0	0.100935	48.472	-187.609	17.8791	
-4.6734	-0	0.0877789	15.2725	-174.353	-6.1652	
2.1573	0	0.207009	8.65039	214.442	6.20243	
-4.43988	-0	0.0918551	-27.4228	-200.392	14.253	
3.89742	0	0.237383	-35.6645	157.249	-15.2781	
13.8434	0	0.410991	19.231	201.944	-3.56399	
-0.201306	-0	0.16584	81.2734	-67.9635	-45.5305	
-0.132254	-0	0.167045	19.9239	-83.6258	-50.9277	
-0.287007	-0	0.164344	18.071	-64.7955	-33.658	
-0.11913	-0	0.167274	65.5228	47.302	-50.8789	
13.9618	0	0.413058	-9.41293	211.545	4.11219	
16.2061	0	0.452231	-17.468	218.094	-1.60809	
13.6104	0	0.406925	-15.6765	240.803	-1.75776	
-1.4923	-0	0.143305	107.278	-199.482	-26.8175	
0.393818	0	0.176228	139.47	58.7181	82.796	
-6.4013	-0	0.0576184	44.5089	-203.637	-1.47924	
13.7656	0	0.409632	-14.7453	240.959	-7.17297	
0.156585	0	0.172087	6.83059	49.7575	0.349623	
-1.45232	-0	0.144003	58.9095	-223.591	12.349	
0.00669782	0	0.16947	-18.2634	7.97797	-160.382	
-2.37791	-0	0.127847	2.26326	-197.404	-10.8051	
9.14004	0	0.328893	-23.2281	206.514	-4.33392	
5.23924	0	0.260805	-2.42365	213.608	5.26357	
11.3968	0	0.368286	25.2691	224.569	-0.828473	
-3.02477	-0	0.116556	-14.081	-189.366	-0.456579	
5.53392	0	0.265948	-20.9486	172.123	-4.55872	
0.421327	0	0.176708	-60.8978	30.657	-55.4042	
10.2342	0	0.347992	-44.4965	218.144	3.09483	
-3.38879	-0	0.110202	6.48666	-221.34	-15.7957	
1.73541	0	0.199645	79.3708	192.691	8.97736	
-3.11867	-0	0.114917	-52.941	-167.224	11.6123	
-3.66121	-0	0.105447	14.9177	-209.375	-19.5732	
-2.75041	-0	0.121345	7.20599	-214.759	-13.6289	
-5.47716	-0	0.0737492	-13.8955	-201.214	2.15167	
-0.504435	-0	0.160548	-41.0127	-59.3558	7.05797	
-1.7009	-0	0.139664	12.0052	-177.654	-6.40751	
-1.97024	-0	0.134963	-1.05205	-159.125	-1.15979	
-3.11572	-0	0.114968	-37.1774	-222.588	6.27885	
-2.20664	-0	0.130836	30.7793	-203.141	2.50941	
-3.77294	-0	0.103496	6.79394	-209.873	-4.23115	
8.70218	0	0.32125	-34.0039	237.187	9.55928	
7.50811	0	0.300408	-18.1589	204.039	3.03558	
-1.19078	-0	0.148568	9.17454	-230.2	5.30172	
4.34213	0	0.245146	16.2254	217.153	-10.626	
11.0356	0	0.36198	-32.7162	250.667	-6.66058	
-0.050691	-0	0.168469	-50.4797	-7.04722	101.608	
1.59516	0	0.197197	-0.913844	194.907	16.2965	
20.6322	0	0.529489	10.8661	246.326	-1.60624	
5.13886	0	0.259052	-41.5249	175.87	2.28106	
-0.0609185	-0	0.16829	-64.2033	0.87396	164.014	
-3.35767	-0	0.110745	-42.5495	-178.838	-0.20462	
15.897	0	0.446836	-9.87685	255.061	3.18116	
-1.51117	-0	0.142976	25.6469	-167.628	-10.2542	
15.0291	0	0.431688	-2.10097	242.091	-6.42216	
11.4912	0	0.369933	13.2868	207.606	-8.43161	
-3.33657	-0	0.111113	6.74004	-207.416	-1.49387	
-0.0684964	-0	0.168158	27.8056	-29.2181	-90.659	
-0.225517	-0	0.165417	-70.6652	-70.0188	90.4432	
-0.160983	-0	0.166543	-75.434	-21.6173	64.5132	
0.179392	0	0.172485	-26.1288	1.63658	-71.5461	
-1.52933	-0	0.142659	-41.717	-215.935	-1.54563	
13.4954	0	0.404917	-10.1046	234.669	1.11983	
12.0623	0	0.379901	47.2789	209.413	0.832272	
0.33004	0	0.175114	-1.50869	37.2178	4.01565	
-0.182411	-0	0.166169	-30.6585	-39.619	3.44269	
-0.179584	-0	0.166219	83.7281	-60.4912	-91.0669	
0.242789	0	0.173591	-103.664	68.263	-85.8626	
6.93334	0	0.290375	30.8846	212.829	11.1669	
0.0884208	0	0.170897	-42.4491	-0.968096	-69.5903	
-3.64335	-0	0.105758	-29.855	-226.603	-3.56437	
0.151913	0	0.172005	95.425	3.22404	110.77	
-0.200494	-0	0.165854	47.4633	-17.1007	-81.3585	
-0.0955399	-0	0.167686	-17.8679	69.6923	61.0938	
20.498	0	0.527147	48.7384	226.531	4.8179	
-1.35859	-0	0.145639	-26.1029	-252.277	1.29764	
6.80379	0	0.288114	-17.3406	254.354	-0.0218955	
-4.77524	-0	0.0860012	62.4223	-184.585	-9.01642	
0.309816	0	0.174761	14.1698	64.0169	-23.9008	
-5.44565	-0	0.0742991	-23.7143	-198.987	9.75092	
14.5522	0	0.423363	37.905	239.588	-0.615641	
-4.60931	-0	0.0888976	20.0844	-169.178	17.6865	
-0.0245583	-0	0.168925	13.0077	14.2914	-20.6335	
2.67967	0	0.216127	-26.8793	176.988	-3.98826	
-4.27794	-0	0.0946817	-13.841	-183.527	1.80304	
0.67902	0	0.181206	43.9386	26.6407	-0.28478	
0.0897339	0	0.17092	36.5438	-20.1737	61.4638	
-0.114158	-0	0.167361	-16.5637	27.6834	48.9312	
-0.274295	-0	0.164566	-75.8755	-74.3597	31.3248	
1.63759	0	0.197938	49.4198	212.599	-5.66748	
-4.32373	-0	0.0938824	19.7132	-200.061	-1.62609	
-2.97152	-0	0.117485	-12.3228	-185.987	-6.85662	
12.7452	0	0.391821	-13.7517	243.763	-2.09123	
-2.86795	-0	0.119293	33.0301	-186.136	-8.46444	
-5.95304	-0	0.0654427	12.3596	-202.598	-5.50269	
14.4212	0	0.421077	13.704	201.823	3.1821	
-0.799721	-0	0.155394	-39.6647	-149.402	13.7642	
-4.97183	-0	0.0825698	-20.5612	-194.52	-0.300821	
0.0380046	0	0.170017	-35.7107	30.4761	-164.209	
0.258645	0	0.173868	-16.0207	46.1209	-42.2693	
-4.60804	-0	0.0889198	3.1805	-199.56	-6.49699	
0.537327	0	0.178732	5.6789	67.832	16.1503	
-4.44763	-0	0.0917197	9.01007	-195.402	3.21029	
-0.12866	-0	0.167108	-91.3152	-13.6482	90.3188	
0.258339	0	0.173863	-71.4524	91.8351	-58.7765	
2.19882	0	0.207734	-11.5249	206.877	-10.6117	
-5.32638	-0	0.0763811	-7.74335	-207.948	-7.58835	
0.408314	0	0.176481	5.96612	19.531	-11.4499	
-5.60726	-0	0.0714784	-2.88599	-176.556	4.43489	
-4.49594	-0	0.0908765	15.4753	-178.403	5.07455	
-1.96414	-0	0.135069	-11.0503	-178.456	7.58096	
2.51883	0	0.21332	-54.3147	153.972	-7.74282	
-5.69965	-0	0.0698656	28.3309	-166.037	11.223	
0.254198	0	0.17379	-3.28428	57.5196	-26.2842	
-5.5161	-0	0.0730696	7.17475	-188.858	-2.82369	
-3.84582	-0	0.102224	13.7551	-172.807	-11.9902	
-4.67922	-0	0.0876774	4.28423	-166.048	14.4638	
-5.88312	-0	0.0666632	-5.82807	-223.006	-10.2122	
-0.24619	-0	0.165056	71.7492	-67.0512	-13.9996	
0.067873	0	0.170538	19.3229	41.1474	-13.6693	
6.9645	0	0.290919	-8.34136	209.561	-12.4982	
15.1368	0	0.433567	21.8385	202.814	0.782533	
14.4246	0	0.421136	-33.1395	260.129	-2.42554	
0.152795	0	0.17202	8.66254	82.4179	3.67982	
3.2855	0	0.226702	71.7496	129.436	-1.36856	
-0.324165	-0	0.163695	66.6527	-71.3995	-18.5945	
-0.0882126	-0	0.167814	5.22843	-50.1202	-22.8546	
0.277072	0	0.17419	-5.54825	72.0329	36.063	
-4.37912	-0	0.0929156	16.2102	-224.61	-0.74074	
15.1598	0	0.433968	-25.4004	198.918	5.14974	
13.2557	0	0.400732	-11.3037	210.397	5.28856	
-1.04345	-0	0.15114	44.7213	-225.724	11.3169	
0.16466	0	0.172228	29.9823	81.9969	10.8601	
-5.8425	-0	0.0673721	9.05968	-186.033	-6.71081	
-2.23858	-0	0.130279	100.911	-173.605	-0.688583	
4.43667	0	0.246796	9.96852	230.118	-15.7461	
-4.4413	-0	0.0918303	21.3891	-193.571	-6.66616	
0.0583685	0	0.170372	7.00496	31.8304	43.0845	
14.4609	0	0.421769	1.91325	224.492	6.87792	
-0.264419	-0	0.164738	40.0664	-17.4642	-39.7603	
3.7274	0	0.234415	-5.00878	140.485	-5.61055	
7.60298	0	0.302064	-4.93124	201.737	3.47682	
-0.0241517	-0	0.168932	8.01111	13.8681	168.119	
-4.96779	-0	0.0826403	51.35	-178.238	-2.97442	
-4.8911	-0	0.0839788	-20.4515	-158.094	-12.5382	
-0.0998515	-0	0.16761	-12.4664	-22.6416	2.18481	
3.65129	0	0.233087	-31.6032	199.178	-1.31653	
2.86677	0	0.219393	-19.2616	159.502	-10.8291	
-1.82869	-0	0.137433	9.57084	-206.115	-10.2329	
-0.316742	-0	0.163825	-20.7632	-31.1747	10.646	
-3.41852	-0	0.109683	-4.94882	-171.202	-1.95021	
15.7485	0	0.444244	17.2429	204.321	3.79043	
-0.0997748	-0	0.167612	-1.12799	-52.6524	-29.78	
0.100689	0	0.171111	-88.7085	45.5925	-78.9036	
-3.63485	-0	0.105907	55.3941	-158.08	-9.2497	
13.2617	0	0.400837	14.1232	257.329	4.52286	
6.14567	0	0.276626	44.4347	223.255	-3.6574	
-6.47914	-0	0.0562596	17.7653	-199.502	-4.61208	
-1.22039	-0	0.148051	74.6643	-202.911	-6.78249	
-0.81049	-0	0.155206	-54.462	-117.7	-10.9975	
-0.197079	-0	0.165913	-141.206	30.1523	69.8448	
-4.28948	-0	0.0944802	-21.6457	-184.676	-9.039	
0.25885	0	0.173872	-56.6472	30.0421	-63.7769	
-5.34192	-0	0.0761099	33.8767	-222.116	10.0989	
10.4791	0	0.352267	-33.5434	190.231	-2.10843	
0.333934	0	0.175182	86.7562	91.9117	45.8534	
14.1436	0	0.416231	5.95584	238.852	-5.16688	
-0.193809	-0	0.16597	-114.008	12.1836	85.3322	
-2.00215	-0	0.134406	-47.9734	-223.309	-17.8057	
3.68003	0	0.233589	54.7811	212.29	6.50483	
0.191631	0	0.172698	127.965	-32.1706	67.9578	
-0.191581	-0	0.166009	-28.9374	-63.1339	52.1706	
-0.105314	-0	0.167515	-70.1589	-24.3285	91.4457	
8.11059	0	0.310924	27.4261	202.124	-0.709765	
15.5418	0	0.440637	-32.5016	224.379	-6.89034	
5.66443	0	0.268226	5.21844	167.186	-5.07349	
-4.3035	-0	0.0942356	-5.30566	-207.842	-11.9945	
-0.212195	-0	0.16565	-67.1566	-5.34883	62.9122	
-1.69	-0	0.139854	31.0963	-151.02	4.01804	
4.50126	0	0.247923	18.4717	153.696	-9.9586	
17.9605	0	0.482856	-7.95453	239.018	-7.01546	
-1.83117	-0	0.13739	2.55533	-197.268	17.0173	
-3.11975	-0	0.114898	-40.0286	-165.086	5.86273	
-6.43499	-0	0.0570303	-2.5595	-176.106	6.37569	
-3.73864	-0	0.104095	32.321	-213.666	-6.76665	
8.31968	0	0.314574	-18.7515	215.896	-7.32103	
0.135782	0	0.171723	-68.9005	40.0866	-83.0235	
14.5229	0	0.422851	9.59859	219.192	6.2055	
0.315742	0	0.174865	-66.0395	81.4571	-17.2823	
-0.143969	-0	0.16684	-42.7802	-37.3678	32.6587	
0.219619	0	0.173187	76.1358	55.8837	65.3878	
5.71454	0	0.269101	31.0833	186.494	-9.35485	
-0.116709	-0	0.167316	-65.4935	-69.6194	112.65	
-5.13767	-0	0.079675	96.0152	-148.967	-3.63369	
-2.46174	-0	0.126383	-21.6636	-177.914	0.823769	
11.8744	0	0.376622	9.3568	223.621	-4.49605	
12.7096	0	0.391201	21.3987	224.537	0.538465	
0.195546	0	0.172767	-16.0623	-31.5572	-23.923	
-3.38198	-0	0.110321	15.3638	-168.739	22.2993	
13.8951	0	0.411894	-9.97355	241.735	-5.73841	
13.6423	0	0.407481	6.34648	242.545	0.482757	
-2.8056	-0	0.120381	-20.7267	-260.559	-7.07815	
-7.57318	-0	0.0371631	6.01223	-203.458	-4.96361	
-2.10695	-0	0.132576	-12.5111	-224.954	8.55825	
-4.57043	-0	0.0895762	13.4556	-167.717	-10.2894	
0.0920596	0	0.17096	-3.44805	27.2205	-51.9081	
-0.297218	-0	0.164165	-90.7268	-87.1226	54.4494	
2.6427	0	0.215482	42.9514	235.618	-6.219	
15.0485	0	0.432025	1.65807	230.137	-3.99071	
21.853	0	0.550799	14.8558	256.878	5.18182	
-0.153973	-0	0.166666	-5.82677	-11.3694	-45.0862	
-0.263027	-0	0.164762	92.3732	-87.7303	-45.7657	
-0.352633	-0	0.163198	-10.7257	-67.7892	-26.2951	
-3.62792	-0	0.106028	62.4838	-186.518	0.547434	
-2.97572	-0	0.117412	54.0995	-234.202	-8.91753	
15.9217	0	0.447267	-22.1128	225.03	-3.44012	
9.82771	0	0.340897	-27.5348	226.53	4.59385	
-3.57272	-0	0.106991	68.0558	-163.963	3.29364	
12.2699	0	0.383525	-21.2916	223.911	-1.69574	
12.6679	0	0.390473	-15.6756	182.246	2.27677	
-4.78678	-0	0.0857998	6.63831	-219.979	6.51454	
0.109528	0	0.171265	12.0749	60.209	32.4505	
-4.95893	-0	0.082795	15.4197	-224.237	-7.11499	
0.298906	0	0.174571	-25.7602	-58.3679	5.51969	
2.30876	0	0.209653	-6.63532	198.107	1.20286	
-0.301457	-0	0.164091	101.163	-14.3098	-44.0528	
0.103098	0	0.171153	-69.5383	48.4553	-71.4866	
2.6966	0	0.216423	-3.86094	144.035	-2.57621	
-0.240738	-0	0.165151	16.6811	-48.5239	30.1636	
-0.0917086	-0	0.167753	-48.9833	-21.3872	20.3945	
0.537642	0	0.178738	-42.5099	29.3986	-17.9305	
-2.67867	-0	0.122597	55.8844	-107.211	3.27761	
-0.14269	-0	0.166863	-4.48294	-65.2574	22.6963	
-3.33029	-0	0.111223	23.7861	-213.676	13.1667	
5.53162	0	0.265908	37.5569	218.861	-3.99662	
-3.91197	-0	0.10107	25.1201	-154.627	1.70501	
-3.21432	-0	0.113247	62.5733	-190.022	-8.38096	
-4.74992	-0	0.0864433	26.8968	-181.388	7.0688	
-2.18105	-0	0.131283	79.713	-128.799	-4.60186	
-0.185693	-0	0.166112	38.0893	10.1616	17.1969	
10.9693	0	0.360823	-41.8202	197.036	6.3935	
0.330962	0	0.17513	17.4816	92.4904	15.352	
-3.24449	-0	0.112721	26.9832	-194.552	-4.95239	
-1.95286	-0	0.135266	0.968897	-209.925	12.7622	
-1.81891	-0	0.137604	-3.45997	-213.583	6.03064	
0.231289	0	0.173391	22.7091	66.3955	6.3414	
-0.078136	-0	0.16799	0.00306997	17.4915	100.596	
-3.31511	-0	0.111488	-49.753	-209.297	-13.0723	
-3.53903	-0	0.107579	3.99627	-186.395	-3.21312	
6.24629	0	0.278383	53.0331	179.475	3.68943	
-2.3034	-0	0.129147	-49.9788	-147.887	11.8211	
-4.29455	-0	0.0943917	-13.4562	-186.613	-6.4652	
-5.43123	-0	0.074551	51.2271	-192.668	-1.61625	
2.93279	0	0.220545	-22.8817	213.962	-1.61399	
0.178888	0	0.172476	-84.1956	-39.4903	-124.522	
-0.148011	-0	0.16677	80.9245	-15.2699	-38.3624	
0.279459	0	0.174231	65.3068	57.7744	46.5818	
10.2	0	0.347395	-33.2736	249.198	11.245	
16.5018	0	0.457394	31.1767	231.513	-1.14802	
-0.0527008	-0	0.168433	51.825	25.1518	-122.823	
-6.44852	-0	0.0567941	56.1849	-174.209	2.03059	
-2.90113	-0	0.118714	22.6635	-181.438	1.34622	
13.193	0	0.399638	30.6192	207.921	7.40587	
-5.34022	-0	0.0761396	11.1615	-191.431	5.29176	
-5.93869	-0	0.0656932	-48.7626	-240.712	-2.30869	
-1.72175	-0	0.1393	106.584	-177.576	-16.7248	
0.356915	0	0.175583	22.8435	75.7508	31.3075	
-0.29008	-0	0.16429	117.675	-19.7558	-57.298	
0.367287	0	0.175764	65.9133	-59.9712	34.3036	
-4.46515	-0	0.0914139	19.602	-188.481	-15.5668	
-3.2624	-0	0.112408	-27.8517	-164.014	-6.63642	
12.4818	0	0.387225	9.8273	250.457	-2.57358	
17.3607	0	0.472386	-14.4842	228.523	-0.986103	
5.00449	0	0.256707	16.752	230.94	-2.9062	
-1.61512	-0	0.141161	45.8752	-209.867	-8.01766	
-3.55356	-0	0.107326	-4.18331	-192.132	-10.6199	
16.5119	0	0.45757	33.3255	252.1	1.34543	
-0.0409444	-0	0.168639	9.95967	14.0461	1.90443	
-0.15326	-0	0.166678	65.2835	6.45439	-14.9999	
0.261003	0	0.173909	91.5501	89.4946	63.9671	
0.0148477	0	0.169613	-29.5653	-15.4116	-149.048	
7.37826	0	0.298141	-2.54107	211.163	0.0553052	
-0.0400567	-0	0.168654	34.3484	-17.4754	-89.0187	
-6.15082	-0	0.0619905	-0.204927	-229.073	4.75714	
4.00328	0	0.239231	-6.8075	124.702	3.10699	
-1.86718	-0	0.136762	48.8596	-231.415	2.89275	
-4.28448	-0	0.0945675	-8.95788	-171.248	-0.261566	
-0.277194	-0	0.164515	82.9892	-64.9094	-54.062	
0.213194	0	0.173075	-41.8353	75.574	-34.2672	
3.1518	0	0.224368	-34.0177	111.902	3.2912	
-2.0198	-0	0.134098	-15.2396	-209.73	-1.95021	
-1.29619	-0	0.146728	-8.06354	-210.824	16.367	
-0.183082	-0	0.166158	-44.1868	-31.8554	5.49781	
-0.172152	-0	0.166348	-56.6733	-59.1136	62.0451	
0.0504534	0	0.170234	25.4311	-37.7176	-3.51978	
1.59872	0	0.197259	38.2041	212.151	-10.3534	
-4.27933	-0	0.0946575	28.9002	-196.088	-1.82845	
-4.44667	-0	0.0917365	-17.4294	-171.696	7.01836	
-4.09031	-0	0.0979568	-68.1983	-181.835	2.66296	
-4.34163	-0	0.09357	-38.5062	-171.376	-5.78286	
-0.493246	-0	0.160744	-71.1241	-51.8697	16.2751	
0.262912	0	0.173943	97.106	11.5973	54.2751	
3.7262	0	0.234394	-24.2445	213.272	-1.19774	
7.3768	0	0.298116	-38.2392	209.504	11.3952	
11.1439	0	0.363871	-19.2134	237.104	4.80745	
-4.0431	-0	0.0987808	-37.8029	-173.125	-2.52266	
8.23164	0	0.313037	-63.4349	226.344	-13.4389	
-0.0881396	-0	0.167815	-28.8571	-60.3419	6.24812	
-5.93946	-0	0.0656797	-18.4396	-186.314	-7.10995	
2.61315	0	0.214966	0.750866	172.093	-3.02245	
-4.72566	-0	0.0868667	11.0473	-170.842	-5.60686	
-2.94222	-0	0.117997	5.27086	-182.189	9.38551	
-1.76391	-0	0.138564	-56.0571	-182.89	-1.95306	
11.9546	0	0.378021	13.7715	250.769	-4.72251	
0.228977	0	0.17335	31.6277	71.4008	4.16052	
-2.31695	-0	0.128911	-63.6248	-178.233	-0.545537	
-2.23802	-0	0.130289	-33.2746	-195.96	8.00963	
-1.99562	-0	0.13452	-10.9586	-172.898	-2.49673	
0.222264	0	0.173233	-65.3352	79.8138	-71.5436	
0.212153	0	0.173057	84.0327	73.4939	74.3867	
-0.202709	-0	0.165815	-39.4726	-17.0693	23.4442	
23.457	0	0.578797	-24.4393	215.152	0.795061	
0.499455	0	0.178071	32.7887	30.8834	23.1776	
-5.90324	-0	0.066312	22.9576	-163.001	-10.9264	
9.71551	0	0.338938	11.9397	247.4	3.98101	
-4.81176	-0	0.0853639	29.4308	-205.643	-10.5214	
0.0632945	0	0.170458	44.3053	-49.1969	-17.6704	
-3.17408	-0	0.11395	-11.1222	-183.895	-10.4669	
-0.0227866	-0	0.168956	5.94462	-7.15665	-37.8881	
-1.14049	-0	0.149446	22.4521	-197.12	-9.62949	
-6.14681	-0	0.0620605	-17.4615	-156.205	-4.13597	
-3.35544	-0	0.110784	-91.5889	-173.07	5.69122	
-5.55071	-0	0.0724653	5.67327	-193.659	-7.96966	
-3.53695	-0	0.107616	-41.8781	-198.522	10.6118	
-0.242262	-0	0.165125	42.5494	-91.6291	-16.6777	
6.29349	0	0.279207	-12.6178	190.276	12.8039	
-3.3513	-0	0.110856	26.6537	-198.008	5.74983	
-1.58351	-0	0.141713	10.075	-192.911	0.265983	
17.0668	0	0.467255	13.5502	221.421	9.44751	
0.580069	0	0.179479	74.0133	65.6579	14.1735	
-3.47763	-0	0.108651	-29.2067	-191.575	2.08757	
-3.61538	-0	0.106247	35.875	-173.989	-0.67836	
18.9512	0	0.500148	-1.4884	267.305	-0.253571	
6.31345	0	0.279555	-46.7909	227.894	-3.09507	
0.207226	0	0.172971	34.5017	27.1779	49.602	
-5.69717	-0	0.069909	18.3918	-208.58	-2.65216	
-0.294355	-0	0.164215	-69.2999	20.2317	26.0521	
5.8743	0	0.27189	-28.8884	183.374	1.90533	
6.60654	0	0.284671	26.682	191.734	-2.87013	
1.92824	0	0.203011	-58.8326	206.827	-10.3733	
-0.13354	-0	0.167022	84.0106	-80.2233	-106.491	
3.13063	0	0.223999	9.92483	169.987	-6.19374	
0.242269	0	0.173582	-6.22778	87.5547	0.992091	
-2.7605	-0	0.121169	-49.6583	-162.506	20.0478	
6.60334	0	0.284615	44.9247	184.032	-4.48291	
15.1218	0	0.433305	-7.79018	227.534	-6.82154	
5.93076	0	0.272875	-8.36643	182.593	-1.40994	
9.09267	0	0.328066	8.53527	217.269	1.1473	
-0.881428	-0	0.153968	-21.7893	-142.764	-3.25834	
-3.30256	-0	0.111707	-33.9268	-178.175	-3.76939	
-0.311741	-0	0.163912	73.9552	59.2331	-19.6852	
-2.69728	-0	0.122272	24.5522	-211.46	6.12622	
-2.55776	-0	0.124708	-28.545	-240.863	9.20862	
-6.15803	-0	0.0618646	-24.0329	-230.244	10.1161	
7.74679	0	0.304574	-43.1579	175.46	-6.65738	
20.9898	0	0.535731	4.11133	213.217	1.0458	
6.23462	0	0.278179	30.5498	191.601	10.2485	
-5.53945	-0	0.072662	-19.3402	-238.505	7.07263	
-2.67312	-0	0.122694	-35.6822	-155.012	2.08683	
23.5765	0	0.580882	-10.6431	268.22	8.73269	
-2.96099	-0	0.117669	-4.74354	-168.933	12.7387	
4.87474	0	0.254442	-15.6209	180.47	-2.21726	
-0.143613	-0	0.166847	-31.3659	-1.89492	8.25164	
0.188435	0	0.172643	-83.7354	61.1174	-71.2419	
-2.38103	-0	0.127792	-6.47779	-207.452	-14.1169	
-1.84651	-0	0.137122	14.7964	-188.381	0.356628	
-2.48961	-0	0.125897	-76.9471	-209.545	13.6263	
-3.52975	-0	0.107741	-12.258	-198.681	4.08142	
-6.76718	-0	0.0512318	17.5235	-188	-0.579175	
9.77832	0	0.340035	13.3479	214.97	-1.3013	
-3.09139	-0	0.115393	-28.6836	-249.11	9.21445	
3.05937	0	0.222755	-19.1708	188.719	-1.77593	
-0.0452947	-0	0.168563	-14.5225	1.09855	1.06491	
-0.486746	-0	0.160857	49.8117	7.95543	-34.0942	
-5.66665	-0	0.0704416	-45.4903	-213.453	-4.17017	
-0.101598	-0	0.16758	0.677883	-29.2622	15.6109	
-4.07196	-0	0.098277	-19.519	-184.292	11.5651	
-2.40219	-0	0.127423	27.5571	-159.734	9.00346	
5.94447	0	0.273114	-45.789	187.895	3.1683	
-2.32452	-0	0.128779	-6.88111	-165.475	-9.58854	
2.13666	0	0.206649	-33.6002	164.583	-9.6251	
-1.01905	-0	0.151566	54.2553	-161.501	-9.61909	
2.83629	0	0.218861	-2.07516	152.283	1.89849	
14.6403	0	0.424901	-51.7518	231.304	-1.53012	
4.4611	0	0.247222	5.88922	137.88	1.47113	
-3.41558	-0	0.109734	-25.469	-194.189	3.823	
15.4222	0	0.438549	27.6179	238.905	-3.74417	
12.7641	0	0.392151	-18.2257	196.541	1.34635	
0.359359	0	0.175626	-83.9075	70.3179	-46.9084	
0.240483	0	0.173551	-95.2107	64.0518	-86.9938	
-3.17972	-0	0.113851	-51.1096	-195.461	-9.15002	
-3.29395	-0	0.111857	-53.5837	-177.91	-13.1996	
0.114518	0	0.171352	-31.5896	72.3014	-70.5774	
5.06145	0	0.257701	35.8934	189.109	2.74662	
-2.76596	-0	0.121073	61.4704	-161.062	-2.8533	
-2.34298	-0	0.128457	-25.2318	-225.661	-8.11497	
-0.176519	-0	0.166272	-237.203	-17.1312	199.278	
16.9914	0	0.465939	23.5312	224.418	0.46556	
-4.46195	-0	0.0914698	-17.92	-172.209	12.3702	
-3.97284	-0	0.100007	6.06665	-217.562	-3.76589	
19.3625	0	0.507327	-41.7176	234.988	-2.55342	
-3.96932	-0	0.100069	-8.19657	-211.118	6.07414	
17.7434	0	0.479066	19.7726	238.7	-5.17278	
-1.14381	-0	0.149388	-37.1222	-126.653	14.0985	
0.242551	0	0.173587	83.6825	32.1548	58.4424	
-1.95915	-0	0.135156	-17.2935	-181.375	-10.7098	
-4.40959	-0	0.0923838	-32.2436	-201.228	4.9981	
5.40202	0	0.263646	-55.3728	208.626	-3.15891	
0.365642	0	0.175736	93.6471	81.2189	44.199	
-3.34573	-0	0.110954	-11.9549	-178.826	-1.5901	
0.19704	0	0.172793	83.46	67.2148	76.1643	
-1.82323	-0	0.137529	34.9222	-177.991	-3.05511	
0.459231	0	0.177369	15.2053	23.6231	8.09791	
0.147126	0	0.171921	9.90012	71.7853	19.2904	
9.19277	0	0.329814	37.9955	228.43	6.53213	
3.13569	0	0.224087	18.8538	222.216	-2.91562	
16.2167	0	0.452418	-14.4572	241.492	0.473745	
21.1872	0	0.539178	-17.5583	226.496	1.64967	
5.33781	0	0.262525	13.9237	194.6	-3.59334	
5.62538	0	0.267545	13.6956	190.511	0.0373552	
-4.53708	-0	0.0901584	63.1879	-190.235	-8.52448	
-3.29838	-0	0.11178	-24.4244	-201.4	-3.37085	
-3.01417	-0	0.116741	-21.3267	-200.508	21.3357	
-4.62798	-0	0.0885716	-104.178	-180.675	-14.6132	
-2.49771	-0	0.125756	-27.1414	-170.913	-4.81033	
12.7323	0	0.391597	26.767	194.917	-2.60156	
5.28282	0	0.261565	-2.0828	180.837	5.69026	
-0.370256	-0	0.162891	-26.2183	-69.3283	37.4707	
0.266867	0	0.174012	-92.1506	49.5565	-44.8378	
16.1474	0	0.451207	-8.19218	228.676	1.83186	
-0.129294	-0	0.167097	-75.0303	-13.744	158.342	
12.0275	0	0.379294	5.22649	218.152	8.18407	
-1.99331	-0	0.13456	-26.6986	-185.041	11.8625	
6.8468	0	0.288865	-3.89005	185.98	1.7058	
11.1771	0	0.364451	-10.4944	203.477	2.05271	
-0.333876	-0	0.163526	-39.6931	-71.3623	37.1288	
7.55209	0	0.301176	31.9083	225.036	-9.13865	
-4.25458	-0	0.0950895	-37.7523	-195.452	-6.79105	
-0.287369	-0	0.164337	66.9924	14.2959	-5.16608	
-0.0869573	-0	0.167836	26.7016	-27.5411	-32.2576	
6.62152	0	0.284932	-4.25833	197.393	0.51139	
-1.12304	-0	0.149751	-22.5664	-218.417	-18.001	
3.25679	0	0.226201	29.1628	171.586	-1.89398	
6.23482	0	0.278183	-66.6341	227.327	-12.0149	
-5.77151	-0	0.0686113	-38.5226	-190.318	5.01954	
16.2929	0	0.453747	4.80351	210.101	2.32192	
-0.0436302	-0	0.168592	28.5313	16.4041	-119.474	
0.210129	0	0.173021	4.1832	55.0683	46.6262	
0.385362	0	0.17608	-3.11571	27.9633	2.80674	
0.236034	0	0.173473	14.7367	15.0753	24.2698	
0.384348	0	0.176062	108.382	110.576	41.8461	
12.3962	0	0.38573	-33.3204	255.138	-6.32359	
16.3206	0	0.45423	-17.2426	211.871	-8.43576	
-0.075926	-0	0.168028	39.3346	-67.4113	-135.691	
-1.83607	-0	0.137305	17.3463	-203.733	-3.3423	
4.35529	0	0.245375	-17.1484	159.152	0.703689	
3.85771	0	0.23669	60.3145	164.33	-9.13894	
0.316689	0	0.174881	93.5271	-22.1785	61.5951	
-1.90525	-0	0.136097	-32.7982	-179.076	6.59023	
9.87562	0	0.341733	-10.8029	195.46	-8.51086	
17.6072	0	0.476689	13.2364	215.834	3.53796	
-5.32252	-0	0.0764484	15.324	-180.724	-3.63981	
0.296256	0	0.174525	-86.0927	35.6598	-27.2397	
0.214979	0	0.173106	59.717	56.4869	51.5622	
-2.78244	-0	0.120786	-18.6516	-160.088	-4.78839	
-1.4776	-0	0.143562	-95.8096	-176.296	15.2878	
-4.57942	-0	0.0894194	-18.6358	-243.828	4.8392	
-4.09794	-0	0.0978236	19.345	-192.881	3.608	
-3.94719	-0	0.100455	11.1716	-200.87	20.6408	
-4.38818	-0	0.0927575	26.5648	-161.104	6.16086	
-0.323103	-0	0.163714	4.13802	-23.2592	4.33968	
3.93124	0	0.237974	11.1255	204.684	-9.52486	
0.113678	0	0.171338	33.5856	47.3759	30.8844	
-2.46015	-0	0.126411	-24.491	-199.165	-1.01678	
-3.51287	-0	0.108036	3.50929	-188.017	8.30023	
13.823	0	0.410635	32.9381	191.122	2.18195	
17.1864	0	0.469343	15.6444	232.103	1.78601	
11.2517	0	0.365752	-58.0537	226.78	6.85441	
3.17091	0	0.224702	-39.3877	171.168	3.60919	
-3.11566	-0	0.114969	-7.54671	-204.001	2.32509	
10.1867	0	0.347163	-53.8146	186.861	-7.39443	
-3.51251	-0	0.108042	40.6253	-178.077	-1.09502	
-1.31637	-0	0.146376	20.6262	-241.033	5.19317	
-7.06121	-0	0.0460996	-10.719	-204.616	-2.42257	
-5.95418	-0	0.0654228	-10.1954	-186.021	-14.7285	
0.154565	0	0.172051	96.6494	35.1649	94.859	
12.6979	0	0.390996	53.0711	244.136	4.68633	
9.59261	0	0.336793	2.7476	200.753	-7.38492	
0.207417	0	0.172974	64.0657	27.8659	12.1066	
0.245247	0	0.173634	-33.0715	81.5544	-22.3662	
-0.122859	-0	0.167209	61.1112	-12.0904	-69.3784	
-0.229438	-0	0.165349	52.9368	-67.8667	-24.1929	
12.9155	0	0.394794	19.0033	170.267	0.88519	
12.8907	0	0.394361	-1.18321	245.552	-0.672429	
-0.0389631	-0	0.168673	3.06098	-23.2263	-51.4197	
-0.359321	-0	0.163081	-50.3488	-45.3804	38.2973	
-6.64519	-0	0.0533612	3.15531	-197.631	-0.167768	
0.243603	0	0.173605	-106.277	85.9463	-73.659	
0.203181	0	0.1729	-45.4603	22.0433	-63.6163	
18.2072	0	0.48716	22.9409	228.795	4.52584	
-4.75521	-0	0.0863509	-1.81938	-205.899	5.67546	
0.0249622	0	0.169789	4.43551	9.94146	-79.35	
-0.196752	-0	0.165919	91.7633	-68.4087	-64.2885	
-4.26005	-0	0.094994	-16.3721	-186.627	3.40686	
0.282172	0	0.174279	42.9458	-29.6568	54.6701	
13.0214	0	0.396643	-9.25175	216.384	-0.0450341	
-0.0473695	-0	0.168527	-41.9267	50.0007	53.0062	
4.67307	0	0.250922	33.5343	173.168	-8.26371	
0.325299	0	0.175031	0.584854	97.806	-6.94852	
17.3987	0	0.473049	36.5071	230.276	-3.80066	
-4.41945	-0	0.0922116	-47.0792	-150.354	-3.18684	
0.150368	0	0.171978	68.9219	-20.7067	-18.4218	
0.104903	0	0.171184	-9.68307	-15.2738	46.4168	
-0.415802	-0	0.162096	109.596	-79.8045	-37.4755	
-1.69703	-0	0.139732	34.2712	-174.052	-12.5025	
1.25386	0	0.19124	14.9252	233.315	23.671	
7.19005	0	0.294856	55.793	242.848	-17.0029	
-2.74007	-0	0.121525	-54.6772	-203.501	-1.17273	
-0.0483144	-0	0.16851	32.3552	-21.1395	-89.8702	
0.119438	0	0.171438	-41.6969	43.0781	-88.1451	
-0.0393712	-0	0.168666	7.24006	-28.9465	33.997	
10.6997	0	0.356117	-50.8529	183.668	3.03666	
14.9081	0	0.429575	20.1565	265.665	-5.68612	
-2.61662	-0	0.12368	-40.7194	-184.087	-4.11806	
15.313	0	0.436643	-18.6663	234.79	-0.813019	
0.374379	0	0.175888	142.223	70.2593	83.7151	
13.9553	0	0.412943	17.7237	216.761	6.34175	
-0.108513	-0	0.167459	27.8121	-48.1048	-69.6264	
11.5703	0	0.371314	-12.2333	184.184	-3.37269	
5.19079	0	0.259959	2.8034	189.01	2.44463	
-1.78748	-0	0.138153	72.1191	-169.719	-0.372715	
18.2978	0	0.488743	34.5065	226.138	0.852101	
-3.11937	-0	0.114905	8.64081	-179.011	7.37393	
0.207683	0	0.172979	-23.7362	47.7614	5.24908	
2.23537	0	0.208372	25.2366	201.429	0.905527	
0.273729	0	0.174131	2.89842	93.9214	-7.70581	
2.2251	0	0.208193	-48.2775	187.658	3.19028	
0.193346	0	0.172728	-110.426	41.5416	-82.4262	
11.5209	0	0.370451	-57.3623	246.14	-1.5954	
-1.97214	-0	0.134929	18.7445	-210.737	2.70743	
9.03145	0	0.326998	35.6121	197.541	-1.83165	
-2.19424	-0	0.131053	-78.5726	-189.479	6.51258	
16.1349	0	0.45099	1.36028	230.249	4.0202	
21.0242	0	0.536333	30.9126	215.508	4.33036	
-5.5748	-0	0.0720449	-9.28575	-195.458	9.78173	
-4.4315	-0	0.0920013	-0.960279	-175.676	-7.75339	
8.413	0	0.316203	17.0873	228.458	-8.66363	
0.136878	0	0.171743	-26.0176	47.6313	-18.5533	
0.238875	0	0.173523	29.8651	83.3543	6.6097	
-6.41167	-0	0.0574374	54.8995	-204.925	-3.84148	
7.06941	0	0.29275	64.0447	196.402	1.92225	
-2.51904	-0	0.125383	-0.659186	-188.517	-6.87513	
-0.525738	-0	0.160177	78.338	-109.144	-13.9911	
-0.31358	-0	0.16388	-69.1018	7.41218	37.8313	
-0.963792	-0	0.15253	-65.2931	-209.298	16.0242	
-3.40801	-0	0.109866	-43.3163	-164.872	1.87286	
-0.112665	-0	0.167387	-23.021	-37.8896	59.8287	
0.159321	0	0.172134	-54.6913	-45.3291	-87.6417	
-2.26515	-0	0.129815	51.0263	-157.446	2.97181	
-2.65948	-0	0.122932	-63.9017	-178.121	23.9945	
-6.1846	-0	0.0614008	-8.0648	-201.808	9.81388	
-4.75546	-0	0.0863465	54.1525	-164.266	-6.51232	
-0.429686	-0	0.161853	104.989	-50.1805	-28.3874	
8.5757	0	0.319043	7.79303	212.762	2.63614	
0.198228	0	0.172813	-10.2385	87.7916	13.2397	
15.7362	0	0.44403	-8.62917	243.192	-2.43064	
-5.07802	-0	0.0807163	17.0361	-237.466	-15.2422	
-3.24118	-0	0.112778	-76.9103	-249.794	0.251144	
3.6592	0	0.233225	37.6962	185.89	0.0287602	
-5.7882	-0	0.0683199	-27.8515	-166.963	-13.5656	
-5.01755	-0	0.0817717	27.4753	-176.3	1.75834	
6.98787	0	0.291327	-22.4862	187.57	-1.31847	
-6.89721	-0	0.0489621	27.7954	-174.829	-0.199874	
6.74913	0	0.28716	4.09129	201.299	1.40383	
4.44289	0	0.246904	96.8792	212.029	-0.462056	
-2.90165	-0	0.118705	-28.8022	-186.804	-5.18245	
-2.77715	-0	0.120878	30.4456	-158.998	-18.5475	
2.82115	0	0.218597	36.8279	183.806	0.89572	
-4.22371	-0	0.0956283	26.6023	-201.966	9.08229	
-3.93388	-0	0.100687	-50.0489	-140.007	3.42342	
-2.37627	-0	0.127875	-10.8939	-207.077	-0.783827	
0.331422	0	0.175138	-46.42	42.4018	-8.83095	
-2.90867	-0	0.118582	76.9912	-163.059	-11.767	
-2.20083	-0	0.130938	21.9312	-248.554	-7.18501	
14.3086	0	0.419111	46.6984	238.096	7.32197	
-2.36008	-0	0.128158	4.56146	-201.773	4.35397	
0.0990808	0	0.171083	20.7696	31.6506	53.0094	
-6.95208	-0	0.0480043	36.2087	-182.116	12.0617	
-2.35119	-0	0.128313	-25.6136	-226.472	-17.7081	
8.27583	0	0.313809	11.5402	208.331	-6.89852	
-2.22	-0	0.130603	-18.4875	-176.878	3.01491	
-2.25957	-0	0.129913	7.17849	-191.582	-9.59987	
-2.36683	-0	0.12804	38.504	-165.186	1.33353	
15.8866	0	0.446656	2.13654	209.78	12.1012	
0.0485512	0	0.170201	-35.4092	-2.00828	-12.7435	
0.0748341	0	0.17066	27.4853	7.65824	62.8254	
16.1233	0	0.450786	20.6848	225.309	-0.273113	
2.5106	0	0.213176	-9.08781	191.764	5.6102	
16.6229	0	0.459507	4.39017	229.69	7.42834	
0.083795	0	0.170816	-30.3261	4.49349	-34.1756	
-3.13134	-0	0.114696	53.7374	-207.373	0.961471	
-4.04009	-0	0.0988334	15.1196	-207.985	3.70092	
0.169222	0	0.172307	33.8999	-81.8051	31.2437	
-0.164914	-0	0.166475	-26.486	-69.7291	29.2214	
-7.77055	-0	0.0337179	-16.4391	-210.359	13.9006	
-0.309416	-0	0.163953	16.2134	-48.1171	-26.6369	
-2.96164	-0	0.117658	53.527	-217.191	3.77553	
22.5705	0	0.563323	-26.5045	258.36	-3.25967	
12.5754	0	0.388858	-32.6764	208.607	-4.93036	
9.28465	0	0.331417	-35.2435	214.854	0.282743	
16.2511	0	0.453017	-1.60347	194.62	1.90289	
-0.134899	-0	0.166999	34.6105	-44.0668	-24.2774	
-2.94785	-0	0.117898	21.3667	-168.001	7.8582	
-3.35097	-0	0.110862	22.4304	-187.651	-11.84	
-0.234517	-0	0.16526	86.376	-15.5514	-52.9464	
0.106353	0	0.17121	-38.0589	36.2202	-118.516	
-2.87255	-0	0.119213	36.0921	-221.74	4.55187	
8.19311	0	0.312365	8.06699	195.738	2.04358	
-4.99537	-0	0.0821589	-22.9798	-178.024	-7.62633	
-2.29849	-0	0.129233	-24.0351	-198.384	6.01347	
-2.38158	-0	0.127783	-1.91061	-218.432	5.2663	
-3.20926	-0	0.113336	34.1316	-205.433	1.37868	
7.32727	0	0.297251	-2.86162	178.07	1.72111	
17.1266	0	0.4683	-0.560749	234.926	-3.79453	
-3.96164	-0	0.100203	3.60947	-176.472	1.66277	
-0.200505	-0	0.165854	55.4491	-6.51046	-5.13719	
8.75455	0	0.322165	-8.71909	226.629	16.3764	
11.2851	0	0.366335	20.8305	241.675	7.26104	
21.7993	0	0.549862	-1.7163	223.118	-2.71688	
2.44096	0	0.211961	36.6229	178.834	-10.9243	
17.635	0	0.477174	12.8569	212.64	-4.95412	
0.467917	0	0.177521	118.222	85.9753	52.7673	
3.38147	0	0.228377	16.9654	197.155	-13.3725	
16.2319	0	0.452683	-3.72945	272.042	5.06561	
-0.339316	-0	0.163431	2.65829	-51.5264	-17.0706	
16.0034	0	0.448694	19.0423	194.649	10.6964	
-2.41991	-0	0.127114	44.8415	-155.803	9.92404	
-1.06561	-0	0.150753	-45.2454	-202.552	5.63538	
-6.14259	-0	0.062134	23.9814	-172.632	11.3081	
0.042763	0	0.1701	31.4507	-11.8328	-34.5886	
-4.47596	-0	0.0912251	-2.31632	-235.18	14.272	
10.8749	0	0.359176	-3.88239	199.077	4.87299	
0.277143	0	0.174191	37.8794	1.30285	0.670258	
3.07102	0	0.222958	-5.43852	212.03	2.70451	
4.12731	0	0.241396	57.1433	183.153	5.99833	
0.16931	0	0.172309	22.812	65.4223	43.901	
-0.0289848	-0	0.168847	-51.0327	-40.5915	122.962	
17.105	0	0.467923	19.6353	234.277	-2.47903	
-4.77286	-0	0.0860428	-17.4324	-171.812	-0.0298751	
2.20373	0	0.20782	-41.9482	217.613	-12.2641	
7.0509	0	0.292427	-15.3937	192.916	1.3252	
-3.8631	-0	0.101923	28.3207	-199.842	-4.70802	
0.180376	0	0.172502	26.682	-42.31	35.6583	
0.0586167	0	0.170377	2.85645	52.7902	-4.37631	
-2.31862	-0	0.128882	-23.6901	-214.039	7.40636	
0.247295	0	0.17367	13.7427	83.2021	-17.5785	
8.52939	0	0.318234	41.0377	223.74	0.221165	
0.072232	0	0.170614	-14.0109	-27.6249	15.7723	
0.396937	0	0.176282	-76.5172	57.4618	-47.184	
0.166533	0	0.17226	-29.3895	43.3449	-22.6889	
2.90043	0	0.219981	81.2119	176.988	4.84642	
0.0847413	0	0.170833	48.6902	12.3154	65.4228	
17.352	0	0.472233	17.6128	250.378	7.97199	
0.183098	0	0.172549	-74.7992	55.6036	-60.3489	
12.2469	0	0.383124	41.2145	218.437	7.97749	
-2.01314	-0	0.134214	28.5195	-197.144	-8.83018	
-4.86634	-0	0.0844111	-81.4897	-172.638	10.1472	
13.6108	0	0.406931	-29.6043	223.6	3.11557	
2.66304	0	0.215837	35.3861	182.092	-5.1902	
1.73555	0	0.199648	-18.9029	187.065	-6.26732	
0.0989562	0	0.171081	-31.1912	-34.3437	-97.17	
20.9439	0	0.534931	20.0086	222.412	1.32058	
-3.77834	-0	0.103402	21.6574	-207.216	5.2849	
15.6162	0	0.441936	-22.7044	218.606	-1.21775	
0.0254403	0	0.169797	-23.0104	-60.7561	-25.079	
-4.70526	-0	0.0872227	-31.8989	-169.929	-16.21	
5.45252	0	0.264528	-19.8843	201.7	2.40211	
2.4209	0	0.21161	42.9877	227.754	-3.05148	
6.16538	0	0.27697	-4.98686	186.769	-5.4137	
0.141299	0	0.17182	56.1143	-70.5634	65.7482	
9.56536	0	0.336317	19.5525	219.003	7.83026	
12.5569	0	0.388536	25.8383	241.01	1.87416	
5.8759	0	0.271918	-10.0587	211.083	4.0858	
-2.98311	-0	0.117283	-5.1775	-154.059	-1.61359	
-0.0928333	-0	0.167733	80.3899	-61.871	-87.9023	
8.89813	0	0.324671	-17.0042	195.32	2.51772	
0.178363	0	0.172467	47.3788	92.376	24.2944	
-1.97372	-0	0.134902	-36.8755	-160.484	-3.39549	
0.113624	0	0.171337	-9.1217	70.3351	-25.0862	
-3.87451	-0	0.101724	3.70742	-171.788	-12.6877	
-1.80497	-0	0.137848	36.335	-191.887	1.73503	
13.5618	0	0.406075	-54.8637	193.611	4.36466	
-1.54124	-0	0.142451	17.1544	-203.377	-3.24352	
7.6644	0	0.303136	59.8724	168.814	-2.66627	
9.0458	0	0.327248	-13.9684	199.738	-0.399832	
11.9563	0	0.378052	14.2851	172.967	11.2591	
-4.92052	-0	0.0834653	13.8006	-174.303	7.4583	
-2.71637	-0	0.121939	-85.9429	-154.522	19.498	
5.28992	0	0.261689	-44.6591	201.536	-7.34811	
-0.491696	-0	0.160771	-52.7038	-56.1908	30.0216	
-5.9407	-0	0.0656581	-7.20136	-226.404	15.6435	
-5.01966	-0	0.0817348	23.6729	-172.497	2.79424	
-2.94274	-0	0.117988	-28.3079	-228.169	-18.7879	
-6.11502	-0	0.0626153	35.5352	-203.769	8.76763	
-4.51789	-0	0.0904933	13.0145	-169.767	0.00707466	
10.0093	0	0.344066	-39.6461	202.219	3.65944	
-0.615968	-0	0.158602	36.7751	-86.8776	-2.63262	
-0.420329	-0	0.162017	-32.6431	-56.6942	-12.2841	
-5.79169	-0	0.068259	-22.7961	-177.887	-14.0241	
-0.0629501	-0	0.168255	16.1494	29.9411	-11.1054	
1.83325	0	0.201353	-16.7221	197.827	11.0321	
14.7108	0	0.426131	-10.5261	224.947	2.53251	
-2.30043	-0	0.129199	-24.9392	-189.433	-13.0195	
-5.13885	-0	0.0796545	-0.78369	-225.064	14.7176	
-0.0258234	-0	0.168903	-15.7508	11.5622	7.5609	
-0.364095	-0	0.162998	123.389	-65.8175	-47.5852	
-0.26564	-0	0.164717	-213.322	16.9766	149.023	
-3.57869	-0	0.106887	5.97511	-134.401	-0.545289	
11.7369	0	0.374221	26.0149	241.523	-6.3736	
10.882	0	0.3593	40.1784	238.624	2.10601	
-0.457429	-0	0.161369	107.937	-43.8372	-45.4982	
-1.98482	-0	0.134708	22.295	-179.156	-7.65259	
-5.74928	-0	0.0689993	-20.1228	-219.531	-5.52733	
-1.90231	-0	0.136149	5.72412	-181.408	3.63909	
8.37635	0	0.315563	13.2873	217.605	-9.78919	
-0.187423	-0	0.166082	97.7377	-59.8216	-115.145	
11.2936	0	0.366484	30.2542	204.054	1.7685	
12.4004	0	0.385804	8.27654	244.626	14.9475	
10.9803	0	0.361015	-11.0468	201.567	2.79856	
-0.203224	-0	0.165806	38.0344	-94.8225	-22.3142	
-3.87306	-0	0.101749	-53.4012	-174.944	0.656746	
-2.8423	-0	0.119741	-14.1507	-181.502	3.45553	
-4.95246	-0	0.0829079	10.8169	-176.614	-2.95326	
5.4997	0	0.265351	-12.6139	182.799	7.91624	
-4.37362	-0	0.0930116	-8.67978	-190.231	1.86792	
4.2997	0	0.244405	-12.8652	169.566	0.0224529	
-4.55049	-0	0.0899243	-17.0913	-207.549	-8.45292	
-1.31405	-0	0.146417	33.0667	-216.768	21.7175	
-4.22676	-0	0.095575	-44.4182	-205.013	0.018554	
0.408319	0	0.176481	135.539	88.8977	62.8901	
13.3949	0	0.403163	-24.2443	254.96	-5.99743	
-3.15754	-0	0.114238	-16.9067	-236.626	-8.39352	
-2.82946	-0	0.119965	-10.9266	-189.716	-5.14911	
0.384984	0	0.176073	3.83172	-4.79632	-13.3132	
-4.81916	-0	0.0852347	-34.8712	-191.003	7.99013	
-0.193625	-0	0.165974	-3.25941	-70.7484	-23.2553	
-3.13721	-0	0.114593	29.0235	-93.2279	-6.67145	
-3.39934	-0	0.110018	45.3704	-188.714	3.61811	
0.333783	0	0.17518	-25.1126	61.9196	-32.0423	
-0.118368	-0	0.167287	-27.2742	15.9442	114.66	
0.223703	0	0.173258	-66.099	61.0199	-58.3318	
-6.09447	-0	0.062974	10.467	-153.451	0.238376	
0.361844	0	0.175669	66.2828	37.1443	62.3714	
18.1875	0	0.486818	-14.3256	254.567	0.565656	
13.6549	0	0.4077	11.6777	233.422	5.25408	
-2.49319	-0	0.125835	-18.5545	-138.625	-17.0263	
0.0947525	0	0.171007	-57.2576	-40.0252	-87.5592	
-3.16201	-0	0.11416	-10.5407	-189.093	-5.56848	
-3.11433	-0	0.114993	-65.7795	-193.272	-3.65021	
-2.07582	-0	0.13312	3.38922	-196.31	7.35752	
-3.00654	-0	0.116874	15.5625	-182.078	1.69508	
-3.54997	-0	0.107389	-32.8012	-182.568	-4.97588	
8.74143	0	0.321936	-15.7736	176.597	-3.53939	
-3.23175	-0	0.112943	69.1709	-161.032	5.25572	
-0.347575	-0	0.163286	124.316	-92.1946	-46.7722	
0.165035	0	0.172234	-66.2554	76.7754	-82.106	
-4.98567	-0	0.0823281	-4.39014	-185.866	-4.17323	
0.188528	0	0.172644	23.5146	75.0666	-18.3503	
2.15542	0	0.206976	-68.9753	239.35	-2.73711	
0.288063	0	0.174382	128.758	71.9513	110.808	
-4.02644	-0	0.0990715	-30.0887	-195.034	9.56122	
0.0294751	0	0.169868	-15.2787	29.2269	26.629	
-1.24627	-0	0.1476	32.4643	-214.559	-17.8511	
-2.50065	-0	0.125704	20.8246	-190.155	-2.3595	
-3.22448	-0	0.11307	-57.9859	-184.055	5.20752	
-1.69953	-0	0.139688	-56.3343	-226.6	10.061	
0.133894	0	0.171691	53.1528	40.1785	18.4484	
9.8667	0	0.341577	-29.9559	213.697	7.28591	
-7.2644	-0	0.0425528	-0.130018	-217.147	-5.50203	
-3.25168	-0	0.112595	-54.5543	-202.299	15.9437	
13.631	0	0.407283	22.8087	237.985	8.5655	
0.139395	0	0.171787	69.3069	44.0247	35.3643	
13.1668	0	0.39918	26.9837	247.578	-0.304573	
3.11335	0	0.223697	-38.7359	192.74	4.02081	
9.37614	0	0.333015	-9.01678	241.034	-2.67896	
5.70906	0	0.269005	17.3905	195.524	-1.57802	
-3.01633	-0	0.116703	-12.0916	-169.948	-0.672889	
8.99355	0	0.326336	-23.6505	203.09	6.4051	
-6.06893	-0	0.0634198	-46.6262	-204.332	-2.29633	
14.1414	0	0.416192	-58.6721	202.767	1.37774	
-3.49571	-0	0.108335	-15.6745	-167.78	7.32251	
-4.38905	-0	0.0927422	10.7783	-188.882	-8.99323	
3.43875	0	0.229377	-17.4368	156.478	3.15785	
0.139452	0	0.171788	63.9944	30.0527	139.273	
-4.57236	-0	0.0895425	-35.1849	-208.399	7.95528	
-4.65984	-0	0.0880155	-16.9224	-232.545	-14.0246	
2.07502	0	0.205573	20.1145	215.589	3.65329	
-3.11398	-0	0.114999	-42.7949	-176.215	-3.73479	
-0.384018	-0	0.16265	-119.511	-69.8805	46.3593	
13.2444	0	0.400535	0.386467	210.297	-5.24228	
-2.03685	-0	0.1338	11.1288	-236.624	-3.21317	
-4.5805	-0	0.0894005	-29.9657	-201.149	-4.99407	
-5.30216	-0	0.0768038	-77.8954	-212.157	6.90564	
0.183725	0	0.17256	-5.37046	-51.025	-40.9718	
-2.45868	-0	0.126437	56.4448	-157.768	-13.944	
2.50599	0	0.213096	7.11031	165.64	-4.80788	
-4.99534	-0	0.0821595	10.2616	-165.239	-6.78405	
0.0165683	0	0.169643	-16.5566	29.6515	-107.202	
5.66288	0	0.268199	-16.3438	201.119	-8.22218	
0.157032	0	0.172094	-68.0561	61.584	-98.0798	
-2.00623	-0	0.134334	48.295	-223.087	0.690273	
-5.24571	-0	0.0777893	24.6269	-158.913	-8.19245	
17.3878	0	0.472859	2.98161	227.768	-0.652056	
10.9641	0	0.360732	29.7277	214.797	6.74931	
26.6875	0	0.635185	-46.4244	254.358	1.57854	
13.962	0	0.413061	12.0303	239.847	13.8009	
-3.65715	-0	0.105518	0.33236	-162.097	3.21341	
10.9372	0	0.360263	17.5931	183.433	-0.262499	
-1.74716	-0	0.138857	-31.9706	-176.513	-6.51157	
-4.46919	-0	0.0913434	-7.34435	-187.732	4.37017	
-3.36163	-0	0.110676	38.4745	-197.909	6.90266	
-0.231433	-0	0.165314	48.5843	-84.7341	-55.2032	
-3.19837	-0	0.113526	8.21764	-210.387	9.89577	
-0.117642	-0	0.1673	117.322	8.49799	-119.107	
-5.08745	-0	0.0805517	23.8295	-180.858	-8.10072	
-5.38389	-0	0.0753772	-4.78747	-130.864	-9.64854	
-0.113287	-0	0.167376	-71.9837	-72.6954	75.081	
-6.04482	-0	0.0638407	35.5368	-212.468	-4.9619	
-0.0981666	-0	0.16764	-26.062	25.2249	5.3986	
-3.29113	-0	0.111907	64.5418	-201.964	-12.6322	
7.2159	0	0.295307	3.86247	188.141	5.81932	
-0.21354	-0	0.165626	-10.1881	-66.1473	13.7245	
0.520236	0	0.178434	74.5341	41.0275	8.69655	
1.09402	0	0.18845	33.5364	252.255	-0.178851	
14.1547	0	0.416424	-2.86392	231.236	-2.77625	
-3.33785	-0	0.111091	-13.9166	-172.668	-5.36181	
19.8014	0	0.514987	-11.007	262.279	3.13658	
6.74222	0	0.287039	25.851	209.379	7.01121	
10.0338	0	0.344494	66.5019	231.083	5.49913	
-1.16701	-0	0.148983	-38.5292	-230.566	2.45005	
-4.39186	-0	0.0926931	27.0533	-194.77	2.76788	
0.357778	0	0.175598	-91.0087	74.2537	-34.2795	
-1.86388	-0	0.136819	-15.3959	-196.694	13.4965	
-2.5312	-0	0.125171	28.2827	-163.444	6.21926	
7.94795	0	0.308085	-53.8566	183.866	-0.643649	
7.81568	0	0.305777	-17.0655	233.639	2.74088	
10.7893	0	0.357681	-2.5327	229.919	-1.54875	
-4.29829	-0	0.0943265	-39.2609	-211.321	9.82523	
14.2375	0	0.41787	41.6881	237.945	1.30072	
-1.36542	-0	0.14552	-54.6635	-250.989	-14.4881	
8.27864	0	0.313858	-5.48687	207.872	12.7239	
-0.132217	-0	0.167046	44.7174	-69.6381	-88.2395	
-5.86639	-0	0.0669551	14.06	-201.903	9.82729	
9.04491	0	0.327233	-7.46419	242.303	3.17113	
2.14316	0	0.206762	-5.33959	166.533	1.01412	
-3.20229	-0	0.113457	-20.6296	-172.013	4.15806	
-0.240443	-0	0.165156	22.2134	61.2298	18.6671	
0.140321	0	0.171803	-61.7167	14.9531	-83.9233	
-5.90476	-0	0.0662854	-62.6926	-193.385	11.2807	
9.52244	0	0.335568	2.66653	218.433	-6.5194	
8.25968	0	0.313527	-44.1826	229.162	-16.2491	
-5.66538	-0	0.0704638	0.159743	-188.724	15.7509	
-1.6162	-0	0.141142	-42.4707	-183.349	-4.46495	
-2.73017	-0	0.121698	-37.3635	-222.83	6.59772	
3.03885	0	0.222397	-12.4061	179.29	4.18999	
2.93527	0	0.220589	-15.9799	179.007	5.14008	
-2.41455	-0	0.127207	13.9054	-196.874	-2.80546	
-4.73074	-0	0.086778	34.2275	-198.45	1.04624	
-0.0380376	-0	0.168689	9.03707	23.8972	-117.059	
6.91132	0	0.289991	38.9669	179.674	0.83289	
-5.88027	-0	0.0667128	-16.5726	-162.51	5.77468	
-3.36367	-0	0.11064	23.0892	-220.203	14.5011	
11.9456	0	0.377865	-3.50545	217.119	-6.20945	
-0.0793424	-0	0.167968	-5.36629	21.8731	-61.619	
-4.43891	-0	0.0918719	-14.7374	-183.792	4.1495	
14.5924	0	0.424065	-6.0146	233.183	8.63091	
-2.19713	-0	0.131002	67.7265	-198.668	-4.72338	
9.58643	0	0.336685	-10.5212	205.206	-1.0772	
5.34351	0	0.262625	-8.67923	163.138	2.32367	
-2.99601	-0	0.117058	-19.0914	-214.245	-1.76116	
2.7494	0	0.217344	-57.3887	202.376	-17.3059	
-0.0368851	-0	0.16871	-5.5305	-2.3386	-117.247	
4.36638	0	0.245569	-12.2855	214.109	4.00261	
13.6674	0	0.40792	-5.53223	188.324	1.71501	
7.15282	0	0.294206	-31.9105	230.7	-8.84811	
-4.31362	-0	0.0940589	-63.9972	-187.796	12.3181	
11.3607	0	0.367655	12.2522	213.85	4.78628	
-4.53301	-0	0.0902293	-39.1625	-212.739	1.08383	
-3.76169	-0	0.103693	68.0269	-228.489	2.31031	
-0.0471805	-0	0.16853	-17.4875	-29.5788	-34.2945	
9.86316	0	0.341515	-46.9806	198.067	-1.85332	
-0.806254	-0	0.15528	135.922	-84.9896	-31.8177	
0.230943	0	0.173385	-133.067	49.3525	-125.649	
14.2875	0	0.418743	4.70945	225.673	3.50656	
-2.11458	-0	0.132443	16.6544	-152.328	3.44142	
13.7277	0	0.408971	2.83453	227.677	-6.66742	
-4.38377	-0	0.0928344	-8.28741	-161.136	3.84239	
-3.1355	-0	0.114623	18.8905	-168.875	-4.4077	
-5.02754	-0	0.0815974	24.8321	-189.861	2.88586	
-2.38405	-0	0.12774	-5.76566	-175.729	0.346063	
-0.140151	-0	0.166907	36.055	-5.59444	-108.84	
1.30896	0	0.192201	-39.6961	141.598	3.37558	
-1.5047	-0	0.143089	-4.19768	-249.583	15.4671	
0.518082	0	0.178397	-42.2009	52.177	-4.627	
-2.44573	-0	0.126663	-22.1388	-191.244	0.664764	
-2.03989	-0	0.133747	-16.8865	-206.07	2.90217	
-0.129082	-0	0.1671	-3.58766	-3.97348	-41.3279	
15.2013	0	0.434692	-31.2276	243.363	2.05153	
-3.41912	-0	0.109672	-40.2239	-178.004	-10.353	
3.43238	0	0.229266	-0.511772	176.781	-3.40843	
-0.305573	-0	0.16402	-8.89381	-66.837	-25.7551	
11.1498	0	0.363975	-5.80426	228.892	-4.11018	
33.6068	0	0.755962	-10.17	253.766	-3.89816	
0.276578	0	0.174181	-1.63842	66.854	-9.92432	
-0.9939	-0	0.152005	9.63919	-252.992	19.9851	
10.4542	0	0.351831	13.8525	220.839	5.44347	
14.5044	0	0.422529	-16.752	202.454	-0.0647035	
2.98959	0	0.221537	1.64122	190.958	-9.3128	
12.752	0	0.39194	12.5797	227.271	-2.02264	
4.07635	0	0.240506	1.16472	186.598	-14.5383	
0.135652	0	0.171721	-54.9949	-16.4506	-14.1997	
-2.96033	-0	0.117681	30.9092	-224.83	13.6527	
3.87119	0	0.236925	-9.73778	177.436	5.27359	
-6.81553	-0	0.0503878	12.9662	-218.961	2.4468	
-6.26433	-0	0.0600091	42.7673	-187.663	18.1776	
-4.12858	-0	0.0972887	0.605944	-205.099	-9.88225	
20.5585	0	0.528204	17.7142	240.791	-1.13668	
0.23553	0	0.173465	-58.011	57.1145	-49.2296	
-0.319554	-0	0.163776	167.442	-59.356	-63.3193	
-0.151432	-0	0.16671	-82.4131	3.26844	161.573	
5.31226	0	0.262079	42.6829	192.701	2.75869	
0.177401	0	0.17245	81.1096	73.8411	60.6613	
11.0455	0	0.362154	-14.2009	215.184	7.17674	
-0.13962	-0	0.166916	25.0555	-77.1114	5.25034	
8.26776	0	0.313668	-9.94966	199.653	0.0342547	
4.36794	0	0.245596	62.8787	183.118	5.80248	
5.3125	0	0.262083	33.7726	180.337	-4.36903	
14.6557	0	0.425169	10.2741	213.644	-8.5761	
6.02936	0	0.274596	7.543	220.636	-3.07831	
0.285967	0	0.174345	-36.657	38.5575	-16.3595	
-4.0416	-0	0.0988071	-13.9174	-197.378	4.38122	
18.6191	0	0.494351	-10.2184	234.157	3.57753	
23.3377	0	0.576714	-13.7165	246.655	3.7732	
-5.27894	-0	0.0772091	-11.4249	-189.691	-9.20364	
10.4254	0	0.35133	-22.8078	207.573	1.51193	
10.8502	0	0.358744	7.4433	208.222	7.98824	
-4.80232	-0	0.0855286	-17.3876	-214.743	-7.83519	
19.2988	0	0.506215	-5.22078	263.876	0.302011	
-3.32518	-0	0.111312	11.5689	-160.952	8.77439	
10.1038	0	0.345715	-7.77774	216.949	7.82048	
-1.97145	-0	0.134942	-50.5013	-164.068	7.43895	
9.38109	0	0.333101	34.0035	212.915	5.80794	
22.5374	0	0.562744	-37.9625	236.576	-3.83124	
-0.223917	-0	0.165445	-110.576	-31.0175	82.8223	
-0.191793	-0	0.166006	12.0423	-96.9554	-10.7639	
14.2413	0	0.417936	-21.9448	233.679	8.15343	
10.2207	0	0.347756	37.5132	187.581	-5.63705	
2.63449	0	0.215339	13.5541	202.539	-9.50118	
-7.44268	-0	0.0394409	42.8179	-199.859	-5.37586	
-4.09258	-0	0.0979172	36.8527	-218.544	-10.2797	
0.268036	0	0.174032	-19.386	41.6763	-9.72809	
-3.963	-0	0.100179	-7.9303	-164.846	-2.81062	
2.69732	0	0.216435	-59.8886	199.615	2.43428	
22.9801	0	0.570473	-3.32473	252.544	-7.39331	
-0.0964765	-0	0.167669	15.6785	8.34427	-85.8143	
3.32126	0	0.227326	-64.0283	178.005	-4.07498	
-0.109593	-0	0.16744	103.537	-58.2201	-125.749	
-6.09541	-0	0.0629576	-6.51737	-239.385	-6.60761	
0.369353	0	0.1758	-105.45	77.5099	-74.7548	
10.7815	0	0.357544	6.11892	201.317	4.78051	
-0.259247	-0	0.164828	25.7923	-71.7048	-18.0981	
0.0887605	0	0.170903	-69.0082	22.0676	-92.5969	
-3.22093	-0	0.113132	29.9816	-132.845	7.02737	
-2.71537	-0	0.121956	13.6419	-176.457	-11.4054	
2.25248	0	0.20867	8.26682	142.164	2.80597	
-2.19113	-0	0.131107	-17.4433	-137.979	-4.41466	
-6.45171	-0	0.0567385	-19.0193	-170.667	-0.685781	
0.347647	0	0.175422	18.8426	-3.56461	36.0969	
-0.173812	-0	0.166319	18.383	-100.614	-2.47875	
-0.27578	-0	0.16454	41.078	-92.0764	-21.1656	
-5.30832	-0	0.0766962	54.6096	-184.462	-11.3701	
0.287684	0	0.174375	-112.613	-65.1342	-51.9257	
3.08661	0	0.22323	58.9236	195.074	2.2429	
20.6194	0	0.529266	-39.8702	242.016	-0.88518	
-5.63981	-0	0.0709102	-46.2258	-149.979	-8.46607	
-3.78767	-0	0.103239	-16.7113	-223.827	1.43194	
16.0996	0	0.450373	23.4383	241.904	-1.58193	
0.0933736	0	0.170983	-100.512	-35.9974	-106.371	
-0.152029	-0	0.1667	46.0632	-56.9279	-100.492	
-7.07235	-0	0.0459051	-5.75979	-246.149	-11.9736	
-0.398296	-0	0.162401	50.7759	-86.9019	-32.2642	
-1.19975	-0	0.148412	-19.8218	-190.897	-15.6289	
-0.119598	-0	0.167266	76.3362	51.893	-60.913	
-4.1958	-0	0.0961154	-25.7268	-179.859	-3.57635	
-0.267686	-0	0.164681	22.7037	-56.0908	-17.8362	
-6.50285	-0	0.0558456	5.08528	-206.612	6.73029	
10.6056	0	0.354475	11.6573	185.258	11.8237	
-1.77457	-0	0.138378	-5.86535	-224.256	5.45465	
0.28991	0	0.174414	-47.9837	67.3552	0.994258	
5.37039	0	0.263094	-2.25165	203.426	2.24258	
10.3924	0	0.350754	-23.094	211.879	-0.358717	
3.37656	0	0.228291	-28.7558	170.214	-4.80736	
0.219553	0	0.173186	61.8139	54.1854	11.9352	
10.8587	0	0.358893	13.8479	209.188	-3.49705	
-5.59798	-0	0.0716404	-10.7039	-187.118	-8.98041	
-1.54638	-0	0.142361	-34.5722	-183.374	6.20626	
2.65121	0	0.21563	-58.7724	177.998	-12.8267	
0.983608	0	0.186522	-88.2287	97.5096	-16.3942	
-4.86085	-0	0.0845069	-3.07183	-199.947	-7.94144	
-4.9682	-0	0.0826332	-36.8249	-200.674	-5.31368	
0.341705	0	0.175318	33.3141	84.0078	13.4094	
-3.05692	-0	0.115995	35.5481	-217.947	-17.2468	
7.81813	0	0.305819	37.8007	262.137	5.80696	
0.227205	0	0.173319	-95.3744	39.2655	-113.647	
-0.330293	-0	0.163588	84.4572	-70.7047	-25.0936	
6.57824	0	0.284177	53.1048	189.118	-1.93007	
-3.81558	-0	0.102752	-17.4325	-200.361	7.96121	
-5.69598	-0	0.0699297	72.9067	-175.437	-1.46839	
-0.193127	-0	0.165982	-28.0123	-20.0269	62.793	
7.47492	0	0.299829	46.7091	206.61	7.50939	
-2.72424	-0	0.121802	2.63828	-196.416	11.0165	
-0.124658	-0	0.167177	-55.7914	-71.2615	74.3097	
2.52174	0	0.213371	-48.4407	177.547	-2.38982	
-1.30471	-0	0.14658	23.5793	-191.894	-20.2858	
-1.74692	-0	0.138861	-50.7828	-172.447	8.91224	
-0.0173205	-0	0.169051	42.8259	-12.7867	-171.417	
-0.0297012	-0	0.168835	-35.6963	25.055	127.116	
8.08477	0	0.310474	-19.4956	220.141	-3.63472	
21.6519	0	0.547289	-26.1256	251.494	-7.03718	
-5.46936	-0	0.0738853	7.23758	-182.551	7.65759	
-1.88296	-0	0.136486	-44.2928	-174.783	11.9733	
-3.41461	-0	0.109751	-67.9153	-183.766	18.233	
0.0676029	0	0.170533	75.9012	-0.991692	125.984	
0.26035	0	0.173898	35.9387	38.5143	-17.8982	
0.215164	0	0.173109	0.1073	81.823	7.51932	
-2.15714	-0	0.1317	6.51933	-180.193	2.13539	
11.5215	0	0.370461	47.9186	232.141	6.07036	
18.0685	0	0.484741	20.6484	229.454	5.1518	
0.178196	0	0.172464	-115.637	53.317	-103.74	
10.5579	0	0.353642	17.0502	206.101	1.38973	
8.51248	0	0.317939	-3.27651	216.668	9.18367	
7.77927	0	0.305141	-11.7741	198.207	12.1846	
-3.55307	-0	0.107334	-34.4156	-189.602	-12.6282	
1.25336	0	0.191231	70.5372	162.292	1.99266	
5.59831	0	0.267072	7.60644	191.356	9.97665	
-0.0864823	-0	0.167844	-50.6473	-28.616	-6.96708	
-0.0474745	-0	0.168525	-27.9683	-42.9801	50.1689	
-3.55108	-0	0.107369	8.05814	-209.159	-0.65066	
5.43354	0	0.264196	-25.5326	222.394	-2.87582	
11.5669	0	0.371255	1.11658	226.468	-2.23972	
-0.110984	-0	0.167416	64.3055	24.4558	-14.2257	
9.3311	0	0.332228	-36.1099	195.593	2.01433	
5.4259	0	0.264063	22.6919	208.082	9.047	
-4.41606	-0	0.0922708	-49.0564	-223.814	0.341951	
-2.69355	-0	0.122337	-43.085	-168.726	0.941344	
-0.361342	-0	0.163046	-33.1912	-36.2202	20.618	
-3.8594	-0	0.101987	-28.7849	-187.45	4.3565	
17.8475	0	0.480882	-28.0546	248.324	-8.18042	
0.0612593	0	0.170423	-68.5074	6.9551	-97.9627	
8.81412	0	0.323204	-0.918962	224.129	1.3991	
0.199733	0	0.17284	-146.717	74.4337	-94.9269	
-0.0251276	-0	0.168915	-31.1497	-5.99825	-16.4384	
-4.35354	-0	0.0933621	-6.09586	-166.302	-8.74552	
-1.96574	-0	0.135041	-62.1883	-196.585	-3.8796	
19.9028	0	0.516758	42.8061	210.798	-1.37467	
-2.07147	-0	0.133196	15.4515	-164.528	-8.13668	
12.2214	0	0.382678	40.3095	207.202	-2.76063	
-0.163607	-0	0.166498	-12.3423	-21.8718	70.9166	
-2.38256	-0	0.127766	11.9262	-194.51	-9.30137	
21.305	0	0.541234	-7.90736	247.431	-4.25811	
2.70784	0	0.216619	47.9877	180.723	-1.80681	
-2.17335	-0	0.131417	-37.2631	-194.384	13.9185	
-4.27083	-0	0.0948058	-29.1611	-206.239	-1.37555	
-7.15636	-0	0.0444387	-3.00858	-197.176	-1.51441	
1.38885	0	0.193596	-45.0278	226.379	9.60059	
0.0978426	0	0.171061	72.0082	55.9986	68.4859	
7.73346	0	0.304341	-18.8914	195.58	13.1459	
9.41293	0	0.333657	-5.64983	223.974	-5.85488	
14.6467	0	0.425012	-10.8906	221.503	1.78738	
-3.92991	-0	0.100756	2.99868	-172.13	9.71973	
-2.72323	-0	0.121819	-41.5392	-117.087	-7.50879	
-6.68396	-0	0.0526845	-58.3044	-180.719	-2.28504	
0.372907	0	0.175862	-57.4441	-7.34294	-57.6995	
-3.73142	-0	0.104221	7.78819	-202.864	3.52207	
2.42658	0	0.211709	30.3762	194.481	4.45976	
0.353969	0	0.175532	-59.6217	83.7758	-10.4384	
2.71379	0	0.216723	45.8661	175.015	0.424569	
4.07552	0	0.240492	-31.6737	195.258	2.18789	
12.2832	0	0.383757	24.1571	204.169	3.77166	
10.5889	0	0.354183	0.977455	239.511	8.94233	
4.35644	0	0.245395	4.50179	174.866	-0.823669	
6.22672	0	0.278041	-8.2731	213.133	-7.61018	
20.5418	0	0.527911	40.9652	241.091	2.99966	
13.0941	0	0.397912	-13.1698	231.42	-3.91372	
5.97526	0	0.273652	35.8366	178.243	2.33641	
-2.75631	-0	0.121242	1.29041	-168.328	3.37537	
11.9056	0	0.377166	-32.0761	232.486	-3.10564	
-6.4764	-0	0.0563074	28.5569	-161.462	-11.442	
-3.20586	-0	0.113395	-21.8538	-152.716	-1.04638	
15.083	0	0.432628	-5.4134	220.264	2.51706	
-4.13056	-0	0.0972541	13.234	-194.693	-3.84857	
0.181252	0	0.172517	120.316	55.771	76.9286	
-1.1539	-0	0.149212	53.0814	-106.006	-2.11421	
0.206796	0	0.172963	-2.31965	96.433	-15.8494	
7.73043	0	0.304289	-14.3407	202.033	-11.7886	
3.53158	0	0.230997	-14.8679	164.418	-0.138223	
14.5852	0	0.423939	6.33752	245.89	0.900213	
0.260066	0	0.173893	-30.4017	76.8447	-1.0991	
0.411201	0	0.176531	16.7365	70.9476	3.74138	
-2.45174	-0	0.126558	-11.786	-214.506	0.731431	
-7.16109	-0	0.0443561	-18.8374	-228.561	-2.82773	
25.207	0	0.609344	-19.472	262.149	1.39506	
-1.76343	-0	0.138573	-47.6965	-179.113	-3.17377	
12.7041	0	0.391105	5.81721	231.485	2.16562	
0.0701292	0	0.170577	-1.75772	45.0544	-29.2435	
-0.285789	-0	0.164365	-6.03448	67.998	-6.91749	
1.52335	0	0.195943	12.4291	185.759	2.86398	
7.72456	0	0.304186	-33.2594	199.437	-0.118375	
-2.6737	-0	0.122684	2.99945	-220.521	-6.42506	
11.8476	0	0.376154	-32.8185	230.77	2.94425	
1.56124	0	0.196605	-34.0227	201.305	-8.29278	
14.5412	0	0.423171	-25.4943	241.746	-5.69054	
-3.09076	-0	0.115404	-27.0015	-154.676	3.7709	
-5.8379	-0	0.0674525	7.58981	-153.474	-4.97115	
9.16108	0	0.329261	72.0841	201.219	11.5023	
2.03242	0	0.204829	-43.6295	194.489	3.58702	
-3.01907	-0	0.116655	9.90564	-174.021	-6.57271	
-0.220989	-0	0.165496	-39.7842	43.9554	54.6108	
17.5947	0	0.47647	-2.9659	261.629	3.42879	
1.15489	0	0.189512	31.1136	212.306	-2.53607	
-0.263975	-0	0.164746	-104.534	-64.4417	79.1353	
4.81213	0	0.253349	-9.1071	201.302	-2.42291	
-0.104197	-0	0.167535	-6.87632	-36.7781	-31.5278	
-4.68165	-0	0.0876348	37.3363	-172.978	6.92114	
-0.452446	-0	0.161456	-17.041	-12.8589	-14.0936	
-0.355311	-0	0.163151	7.91937	-73.534	-2.06141	
20.1751	0	0.52151	28.3658	261.809	-3.01677	
-4.49396	-0	0.090911	36.7419	-170.878	17.7471	
2.2184	0	0.208076	48.7221	209.268	11.9673	
-3.12888	-0	0.114739	19.3337	-198.672	-7.60777	
2.24584	0	0.208555	-1.31139	205.503	3.81872	
-0.156771	-0	0.166617	13.2498	-28.6276	14.4482	
-4.10812	-0	0.0976459	-0.905924	-196.54	2.02791	
-1.84629	-0	0.137126	33.2628	-201.533	5.51761	
-2.34109	-0	0.128489	63.6714	-215.374	1.34757	
-6.21222	-0	0.0609186	-22.6425	-206.881	-8.51392	
-3.03446	-0	0.116387	-34.6065	-229.639	-2.00278	
-5.99482	-0	0.0647135	19.4623	-181.04	-8.63827	
-6.54581	-0	0.0550959	-26.9762	-194.671	-2.94029	
-2.08172	-0	0.133017	8.68711	-229.656	-0.144333	
4.95693	0	0.255877	11.6255	192.872	-6.59008	
-0.133726	-0	0.167019	90.2251	-35.0157	-163.096	
-2.88546	-0	0.118987	-40.1847	-193.421	6.7372	
18.7278	0	0.496248	9.96799	236.981	2.29392	
0.424954	0	0.176771	-113.585	-53.7147	-73.081	
-0.365461	-0	0.162974	64.0176	-47.2116	-38.2737	
-4.65184	-0	0.0881553	31.7286	-174.438	-4.22724	
14.7204	0	0.426298	43.7692	260.906	12.6499	
-2.54843	-0	0.12487	-10.7425	-167.787	6.26011	
-2.5552	-0	0.124752	-27.8411	-198.88	5.36041	
-6.96107	-0	0.0478474	-30.2077	-197.472	12.7446	
-4.17213	-0	0.0965286	-32.9028	-201.987	-8.99836	
-0.365224	-0	0.162978	116.394	-43.722	-42.0263	
-5.64494	-0	0.0708205	2.3148	-157.676	7.39827	
16.4836	0	0.457076	-29.2003	195.109	-1.40863	
8.30447	0	0.314308	-11.217	196.461	11.9903	
0.0604455	0	0.170408	-48.2634	-45.2792	-133.358	
5.4307	0	0.264147	-10.9402	224.443	1.24656	
0.321293	0	0.174962	-57.4415	84.5429	-42.8107	
0.224663	0	0.173275	33.6582	47.1917	-25.146	
-3.88767	-0	0.101494	41.0902	-206.308	-4.65063	
11.4846	0	0.369817	16.6317	256.351	-7.49616	
-6.06295	-0	0.0635243	-34.9373	-183.757	15.296	
14.1215	0	0.415845	48.3189	241.939	10.9153	
16.9478	0	0.465178	-23.5673	232.179	0.659339	
-0.334823	-0	0.163509	21.0759	-98.0296	-13.3874	
6.29625	0	0.279255	19.0716	212.942	-4.41929	
17.0206	0	0.46645	-47.6203	205.395	3.85112	
14.9394	0	0.430121	-36.4354	221.836	-2.17937	
16.0652	0	0.449773	-10.5609	221.416	4.05805	
-2.01227	-0	0.134229	-0.144085	-213.267	0.451746	
0.0751347	0	0.170665	28.9517	-23.4135	-28.8276	
-0.033844	-0	0.168763	9.77301	-51.3509	-45.5471	
3.68816	0	0.23373	29.4826	183.775	0.971175	
2.88849	0	0.219772	-23.0881	145.822	-4.95901	
0.336139	0	0.175221	-86.043	81.1448	-49.8484	
15.9181	0	0.447205	11.0909	192.06	2.41524	
14.7893	0	0.427501	-28.432	215.083	-3.8044	
0.192365	0	0.172711	41.4686	71.9932	31.1149	
1.94602	0	0.203321	-2.84208	199.529	6.02598	
-0.0487973	-0	0.168502	23.6568	39.7209	-35.3351	
7.74921	0	0.304616	-28.1767	212.149	3.73165	
-1.95274	-0	0.135268	23.6624	-194.366	7.34996	
5.5398	0	0.266051	-27.1307	172.42	10.9569	
-3.85457	-0	0.102072	11.0961	-164.497	4.48968	
-2.20805	-0	0.130812	2.42537	-160.235	-7.375	
-2.89136	-0	0.118885	-53.1701	-212.433	18.8946	
17.084	0	0.467556	-21.3992	252.528	-1.70707	
-5.28094	-0	0.0771743	-10.0648	-173.338	6.02592	
0.091715	0	0.170954	17.3999	66.2922	44.4109	
0.265267	0	0.173984	100.901	66.7375	41.4805	
-3.58675	-0	0.106746	-31.0303	-220.176	24.7704	
-5.63724	-0	0.070955	-27.2065	-199.128	10.6076	
-5.35188	-0	0.075936	-6.65942	-213.537	1.8956	
-3.46089	-0	0.108943	25.8084	-185.944	-2.22504	
0.25601	0	0.173822	-2.39338	37.0965	-49.3254	
-2.94731	-0	0.117908	3.92745	-179.412	-11.28	
-3.46848	-0	0.108811	-30.0289	-228.916	-14.4522	
-0.865598	-0	0.154244	-69.9428	-85.0331	5.6457	
-4.14559	-0	0.0969918	60.869	-221.112	13.2716	
-4.33008	-0	0.0937715	38.9399	-193.01	-0.236078	
-1.76135	-0	0.138609	-67.0518	-179.217	7.48202	
0.0511589	0	0.170246	31.41	-22.4494	140.878	
-3.27707	-0	0.112152	44.6512	-186.784	-18.2635	
0.146343	0	0.171908	26.077	19.2848	72.6199	
-2.1788	-0	0.131322	-22.4901	-224.834	-4.2675	
10.5831	0	0.354082	34.254	223.328	-3.97411	
-2.18265	-0	0.131255	-11.9572	-215.303	12.8767	
-0.0485453	-0	0.168506	-9.86817	-0.881661	12.4668	
0.430932	0	0.176875	6.09417	58.4802	1.51386	
-4.18712	-0	0.096267	-2.51188	-201.121	-0.995676	
0.159241	0	0.172133	63.0511	-12.7552	59.1474	
-0.349148	-0	0.163259	-32.7838	-88.6749	19.306	
-3.31853	-0	0.111428	-22.8276	-230.989	5.30566	
-0.371555	-0	0.162868	21.4304	7.38155	-16.4268	
0.162033	0	0.172182	37.0113	8.7565	20.0758	
-2.01076	-0	0.134255	52.2506	-197.019	-9.5745	
-0.168778	-0	0.166407	-229.943	-75.5727	188.346	
4.18364	0	0.242379	3.71852	228.537	0.960708	
-5.10547	-0	0.0802371	15.0117	-198.281	-6.31664	
8.10593	0	0.310843	9.51593	198.701	1.80535	
-4.20866	-0	0.0958909	0.148844	-208.21	7.628	
-0.118881	-0	0.167278	29.4825	-59.1015	-101.576	
8.93682	0	0.325346	2.82134	183.044	-4.46604	
15.1187	0	0.433252	-34.0131	225.921	-1.68008	
17.3114	0	0.471526	9.97363	227.318	4.93425	
9.27447	0	0.33124	19.2108	247.912	-7.89707	
-1.07367	-0	0.150612	-41.4572	-148.057	2.13893	
-2.61114	-0	0.123776	38.7702	-197.453	-1.76134	
-4.2117	-0	0.095838	-35.6179	-171.94	11.2862	
4.19973	0	0.24266	58.4034	176.569	-0.0802613	
-2.2546	-0	0.129999	34.2854	-183.018	-4.90907	
-6.17728	-0	0.0615286	14.9549	-155.519	6.15833	
16.3825	0	0.455311	-33.5607	270.55	-4.46221	
-0.0573772	-0	0.168352	-42.6908	48.8323	65.0046	
14.8551	0	0.42865	-32.1346	232.476	-12.5844	
-4.81251	-0	0.0853508	13.111	-188.912	-3.44617	
9.23773	0	0.330598	50.0341	211.136	-0.442536	
19.5276	0	0.510209	26.4027	227.322	1.26461	
9.15364	0	0.329131	43.2051	241.136	-1.13287	
-1.48293	-0	0.143469	50.4001	-210.985	-21.1029	
-5.26169	-0	0.0775102	-39.4067	-212.29	5.12434	
15.7804	0	0.444801	6.47294	222.275	5.52685	
5.14009	0	0.259074	-65.109	159.273	8.68396	
7.87467	0	0.306806	-8.19546	191.351	0.271873	
9.30047	0	0.331694	-10.0028	263.446	-18.0062	
16.7172	0	0.461154	21.3983	254.472	5.6963	
-5.31878	-0	0.0765137	20.3934	-232.915	-0.689216	
-5.23139	-0	0.0780392	-16.3757	-137.943	4.5025	
0.0641302	0	0.170473	50.5793	21.2899	98.366	
2.46982	0	0.212464	-22.6409	224.058	-9.71367	
-4.13571	-0	0.0971643	-32.4374	-193.83	6.50001	
0.0866298	0	0.170866	-9.44595	58.0598	-17.3041	
-3.91221	-0	0.101066	-31.6515	-197.881	-14.5858	
0.113035	0	0.171326	33.665	40.8886	36.6353	
-3.82948	-0	0.102509	24.199	-215.843	2.97069	
0.182398	0	0.172537	-136.824	27.6408	-76.7853	
5.34814	0	0.262706	-68.9636	193.777	0.974405	
-2.67089	-0	0.122733	-2.30947	-183.527	-1.56623	
10.0978	0	0.345611	-11.3959	242.023	-7.81689	
0.377777	0	0.175948	127.042	72.6374	37.2577	
-2.75944	-0	0.121187	-27.0038	-241.094	-4.29361	
-2.29397	-0	0.129312	-49.5734	-161.929	2.00536	
-3.25504	-0	0.112536	-52.0869	-204.412	-2.67854	
-1.7706	-0	0.138448	-22.5941	-210.454	8.38605	
-4.36981	-0	0.0930781	-31.7731	-197.355	1.2615	
-0.231818	-0	0.165307	99.8349	-60.8914	-76.264	
4.5186	0	0.248226	-26.3818	204.873	-11.8946	
0.140777	0	0.171811	13.3507	57.9962	62.0465	
13.816	0	0.410512	13.5238	244.987	4.89343	
17.9976	0	0.483503	12.8796	262.112	-4.77642	
9.59822	0	0.336891	-23.4984	237.155	11.0268	
-2.9605	-0	0.117678	24.764	-163.417	13.9007	
7.19685	0	0.294975	5.41397	211.448	-4.8927	
-0.176934	-0	0.166265	43.6816	57.165	-30.5644	
-0.121132	-0	0.167239	-48.6639	-48.8528	20.7231	
-0.367615	-0	0.162937	2.56705	-62.8075	14.4825	
11.7605	0	0.374634	-30.9796	227.24	-6.40899	
10.7111	0	0.356317	0.368485	225.697	0.0530565	
4.40539	0	0.24625	-5.53671	185.636	2.13547	
-3.45242	-0	0.109091	-23.0938	-202.459	-2.20569	
1.79737	0	0.200727	-24.0567	182.582	-1.10578	
-5.7305	-0	0.0693272	-4.68608	-220.179	-7.25922	
-1.75578	-0	0.138706	-31.6792	-155.246	-9.68616	
-3.34018	-0	0.11105	7.22744	-184.961	1.72866	
-0.0826068	-0	0.167911	1.69888	28.4135	-12.4514	
-2.75331	-0	0.121294	24.6102	-243.093	6.31737	
-0.0387738	-0	0.168677	31.0731	12.2057	-39.2154	
13.1835	0	0.399472	-19.2027	209.62	4.93193	
0.157125	0	0.172096	-8.68891	73.4432	-22.2957	
18.6326	0	0.494586	22.0699	241.477	-0.925629	
0.514332	0	0.178331	135.009	93.9292	52.7368	
-3.79084	-0	0.103184	28.8648	-171.754	0.421784	
-1.20352	-0	0.148346	22.4438	-222.516	7.55408	
-2.00771	-0	0.134309	33.8999	-189.001	-2.19764	
-3.73558	-0	0.104149	-4.41677	-192.198	-8.2632	
-2.89828	-0	0.118764	-26.8438	-211.881	1.42072	
-1.55887	-0	0.142143	-11.7158	-197.096	11.2469	
-2.51635	-0	0.12543	97.1786	-192.591	5.67506	
-4.51822	-0	0.0904875	-18.5909	-176.177	-3.12582	
0.403445	0	0.176396	109.949	38.4124	33.2741	
-3.84728	-0	0.102199	-7.34954	-164.439	-5.59923	
4.7997	0	0.253132	-14.1948	208.981	3.80942	
3.31717	0	0.227255	-17.972	193.026	-3.03217	
-2.99263	-0	0.117117	-77.0401	-203.314	-1.84174	
-2.85544	-0	0.119511	-1.24247	-190.715	8.09234	
0.186923	0	0.172616	36.4352	48.401	54.8403	
0.0591821	0	0.170386	6.44699	-21.346	-50.0581	
9.48004	0	0.334828	24.1995	194.58	-8.9335	
0.284272	0	0.174315	90.922	-21.9557	83.2313	
-2.74479	-0	0.121443	4.33	-186.459	-6.8474	
10.5622	0	0.353717	-16.804	212.387	-3.29486	
0.26995	0	0.174065	-37.7966	89.2124	-1.38247	
4.55194	0	0.248808	-108.265	200.435	-4.58401	
-6.81708	-0	0.0503609	22.2415	-143.793	-7.79865	
0.358952	0	0.175619	21.6019	7.57041	6.18201	
12.1362	0	0.381191	27.4814	189.391	-0.909348	
-0.948838	-0	0.152791	-0.668123	-243.327	-2.72959	
4.70166	0	0.251421	4.96616	179.105	6.594	
0.179485	0	0.172486	25.3419	77.2841	-33.0453	
0.113388	0	0.171333	99.8001	51.5404	54.4299	
21.6602	0	0.547433	-44.4979	237.708	6.03219	
-0.365393	-0	0.162975	-32.5292	-44.5644	3.54724	
-4.80363	-0	0.0855057	11.1045	-217.585	5.55359	
0.0623357	0	0.170441	-22.7827	-12.9186	-54.0458	
-3.6192	-0	0.10618	35.4813	-215.132	9.37287	
-3.59442	-0	0.106612	19.4267	-185.326	-1.96879	
-5.55854	-0	0.0723286	-62.7306	-169.066	5.21507	
4.16782	0	0.242103	66.035	181.113	12.251	
-5.47166	-0	0.0738453	-8.54137	-195.537	7.38445	
-0.327675	-0	0.163634	49.9544	-75.9323	-24.4545	
-0.423326	-0	0.161964	74.9126	-79.011	-45.857	
-0.437152	-0	0.161723	-34.9019	-98.7659	14.3947	
0.141125	0	0.171817	64.3327	-10.9613	14.5748	
-0.271239	-0	0.164619	8.22742	-91.312	6.73433	
0.111895	0	0.171307	-32.8474	74.8532	-24.2455	
7.59134	0	0.301861	3.66102	205.441	9.6417	
-4.42332	-0	0.092144	31.2924	-176.843	-17.643	
-0.0305076	-0	0.168821	18.0598	-20.4305	-3.65657	
-0.156498	-0	0.166622	-93.5854	-59.1891	96.0845	
-2.20504	-0	0.130864	17.0273	-168.313	15.1313	
-1.34554	-0	0.145867	65.9561	-203.623	1.47216	
0.057539	0	0.170358	-46.4998	39.2614	-156.806	
0.354617	0	0.175543	38.8869	39.2727	35.0866	
-4.20182	-0	0.0960103	-8.95768	-178.201	13.7181	
0.121208	0	0.171469	72.4932	24.2853	99.4509	
0.308954	0	0.174746	26.4967	93.4307	3.7728	
17.4159	0	0.47335	2.1851	215.084	-0.290725	
15.1519	0	0.43383	9.05558	220.512	0.469856	
-0.103693	-0	0.167543	-62.1215	-2.05421	49.1454	
-4.82682	-0	0.085101	-61.8692	-190.803	-6.64257	
9.07632	0	0.327781	40.7861	185.718	-0.328473	
15.2909	0	0.436258	22.0503	226.749	8.37363	
0.0530359	0	0.170279	-5.01101	32.7486	44.2891	
2.06453	0	0.20539	69.2561	205.502	-4.78696	
-6.18337	-0	0.0614223	-17.5149	-216.612	-13.3911	
-5.22165	-0	0.0782091	16.5025	-176.381	1.37247	
9.86676	0	0.341578	10.846	209.116	-11.561	
5.35448	0	0.262816	-1.75149	186.479	1.73363	
5.74791	0	0.269684	19.1309	204.768	9.95374	
-2.17226	-0	0.131436	29.9697	-180.319	4.04039	
0.207802	0	0.172981	-4.63849	42.7638	5.13342	
11.845	0	0.376108	-18.0504	202.921	1.78031	
-0.289723	-0	0.164296	-51.841	-80.2731	38.769	
8.92982	0	0.325224	-13.3936	203.005	-1.63293	
2.15961	0	0.207049	4.51889	202.502	-6.99536	
0.0572768	0	0.170353	25.6143	2.69884	63.0358	
-5.4697	-0	0.0738794	38.0322	-191.136	-5.4336	
-3.76819	-0	0.103579	32.5181	-171.451	-8.83155	
-2.22214	-0	0.130566	41.2269	-184.448	-7.07828	
-4.32049	-0	0.093939	-20.2512	-187.113	1.37462	
8.93818	0	0.32537	37.5976	197.403	5.15588	
9.31989	0	0.332033	25.3082	199.064	-7.44401	
-6.33692	-0	0.058742	-13.9242	-173.155	5.77029	
-6.61721	-0	0.0538495	26.7447	-202.536	-0.914592	
8.74753	0	0.322042	5.54124	225.355	-4.597	
-3.50895	-0	0.108105	-59.4733	-205.039	3.84229	
6.21927	0	0.277911	57.9773	185.545	7.42347	
8.13391	0	0.311331	12.7883	213.335	-1.26965	
-3.40214	-0	0.109969	0.417703	-238.445	3.37775	
-3.23597	-0	0.112869	86.4343	-195.283	-3.59379	
-1.9988	-0	0.134464	-35.7591	-222.96	-4.42714	
-2.05913	-0	0.133411	23.3778	-174.535	9.62226	
-6.10025	-0	0.0628732	29.2448	-224.175	-2.06137	
-4.88306	-0	0.0841193	15.482	-234.878	3.91873	
-1.08391	-0	0.150434	43.3643	-163.692	-14.9941	
2.3007	0	0.209512	41.9646	189.029	-3.26068	
-0.043336	-0	0.168597	-18.742	56.6747	93.3325	
0.317641	0	0.174898	13.1935	80.8257	-4.70039	
-1.26095	-0	0.147343	-19.1001	-222.766	-8.45806	
0.145538	0	0.171894	27.7657	-75.2653	10.6905	
-6.26089	-0	0.0600691	-8.97806	-196.06	-9.23122	
-2.53462	-0	0.125111	-5.50454	-213.389	-1.78314	
-2.06875	-0	0.133243	-12.8805	-199.388	0.212691	
4.325	0	0.244847	-2.57088	185.351	-10.0773	
-3.61129	-0	0.106318	23.9914	-193.592	17.1757	
4.78974	0	0.252959	-30.0062	208.145	-2.78477	
1.56963	0	0.196751	1.12285	169.472	-0.919541	
-3.55508	-0	0.107299	-62.1601	-191.251	-0.763725	
0.165166	0	0.172236	7.29254	17.8047	51.514	
5.79026	0	0.270423	-8.14975	154.968	-5.20971	
-3.6002	-0	0.106512	-13.9499	-184.857	13.9797	
6.54673	0	0.283627	15.5349	194.966	1.84638	
-0.211531	-0	0.165661	98.654	-29.7637	-58.7818	
-1.64101	-0	0.140709	-15.0302	-176.083	-22.0081	
5.16844	0	0.259569	33.6468	136.739	10.9317	
-0.277315	-0	0.164513	117.651	-40.4776	-23.2833	
15.8449	0	0.445928	30.4695	242.877	-1.8812	
15.7262	0	0.443855	-6.28677	233.288	-7.7806	
0.197998	0	0.172809	36.6138	52.778	14.7183	
-4.19453	-0	0.0961377	1.39111	-190.783	-7.71189	
-3.7725	-0	0.103504	-41.2699	-156.519	1.7031	
-0.125232	-0	0.167167	23.0845	0.0250881	-49.4538	
-5.63957	-0	0.0709144	-5.59247	-208.863	-3.49007	
0.352699	0	0.17551	84.7305	40.536	31.6723	
-5.38794	-0	0.0753066	-5.68976	-156.813	-3.86821	
-1.68737	-0	0.1399	-21.7263	-199.58	-4.03393	
0.096118	0	0.171031	120.222	50.6745	102.295	
15.4232	0	0.438566	-12.2989	222.308	2.92814	
-2.53978	-0	0.125021	-46.5536	-197.262	-7.02033	
0.341366	0	0.175312	-137.949	-40.4545	-85.4069	
-2.59335	-0	0.124086	-15.0763	-193.602	10.9888	
-1.86408	-0	0.136816	-35.3122	-208.122	0.490666	
-2.94473	-0	0.117953	78.2212	-192.357	-2.89353	
-4.07545	-0	0.0982161	18.7991	-195.363	-11.5108	
-2.40447	-0	0.127383	6.55668	-208.203	-12.0142	
14.3194	0	0.419299	14.5679	243.483	-5.28845	
0.0451331	0	0.170141	-38.6038	-2.00962	-119.962	
0.421842	0	0.176717	47.1359	65.4601	5.39495	
-5.24197	-0	0.0778544	15.7704	-190.56	-10.7668	
0.129338	0	0.171611	-40.0477	-24.7157	-16.5739	
-0.200591	-0	0.165852	95.3563	-57.6844	-117.988	
0.24879	0	0.173696	47.3844	93.0027	3.38239	
15.9999	0	0.448633	-22.4584	186.06	-2.34753	
12.8245	0	0.393206	-22.9913	196.982	1.32153	
5.34399	0	0.262633	23.6907	206.554	8.67862	
0.14699	0	0.171919	26.7376	51.0068	17.4664	
-0.179645	-0	0.166218	54.3865	-67.9967	-69.8749	
-1.93686	-0	0.135545	-42.6072	-199.33	11.1254	
8.39347	0	0.315862	11.0698	193.221	4.31594	
-5.78127	-0	0.068441	-1.9904	-212.322	7.22406	
11.8067	0	0.375439	72.8764	224.777	-7.03367	
-2.49447	-0	0.125812	19.6017	-182.474	-9.66792	
-3.93169	-0	0.100726	-26.812	-163.068	11.5471	
6.39417	0	0.280964	-22.1244	202.959	-18.6765	
-3.58431	-0	0.106789	8.22177	-187.527	12.922	
-0.207024	-0	0.16574	-3.63806	48.6517	-24.1263	
-5.40718	-0	0.0749708	13.1794	-188.789	0.61551	
-3.91967	-0	0.100935	6.1129	-183.996	-8.57609	
-2.27398	-0	0.129661	17.2107	-232.097	5.90162	
-5.05039	-0	0.0811985	8.87809	-208.675	-1.53179	
-4.20677	-0	0.095924	-13.5001	-179.896	3.85914	
-0.134429	-0	0.167007	5.97471	-60.4312	-30.9865	
-0.0991398	-0	0.167623	4.90342	-18.9982	-18.8892	
15.6635	0	0.44276	30.0345	234.671	-7.04898	
0.194662	0	0.172751	60.044	74.2053	35.0813	
2.29208	0	0.209362	12.1633	207.914	10.0375	
15.0151	0	0.431443	31.0548	217.694	-3.69836	
-4.45941	-0	0.091514	40.5227	-169.222	-8.3037	
14.4392	0	0.42139	16.1531	257.928	2.90163	
-0.241314	-0	0.165141	-27.5264	-83.7589	27.204	
6.44638	0	0.281875	91.0758	182.301	4.19701	
2.82236	0	0.218618	52.9987	221.22	8.24276	
-0.0860861	-0	0.167851	-20.2099	-47.2601	33.0691	
-2.44338	-0	0.126704	-58.8456	-133.49	6.70019	
11.2146	0	0.365105	-29.2935	207.165	-1.48617	
12.2351	0	0.382918	-26.5313	198.946	-2.3812	
-3.08533	-0	0.115499	-24.8434	-169.481	-6.13601	
13.6553	0	0.407707	-85.2209	214.103	-11.3976	
-0.20816	-0	0.16572	-114.387	-8.26752	69.2869	
0.576948	0	0.179424	-2.08022	14.8848	6.03556	
-0.102654	-0	0.167562	-70.3844	-46.6637	126.458	
-3.18398	-0	0.113777	4.44267	-171.089	-1.3313	
-5.46074	-0	0.0740357	-6.76046	-193.176	1.48647	
-0.0593937	-0	0.168317	1.30156	38.2552	35.4807	
7.07285	0	0.29281	34.6096	195.579	1.93199	
-3.43004	-0	0.109482	61.0168	-194.175	0.532749	
0.301459	0	0.174615	39.4661	21.8123	34.3719	
-0.197891	-0	0.165899	104.335	-78.0976	-38.5678	
-5.06805	-0	0.0808903	-22.5929	-186.499	-7.06296	
7.25949	0	0.296068	1.86686	202.009	-1.09946	
13.2676	0	0.40094	65.8144	199.765	4.78367	
0.307208	0	0.174716	120.313	-61.0913	80.6766	
14.6049	0	0.424283	-38.1738	245.757	2.8763	
-0.0447649	-0	0.168572	42.0966	11.9541	-25.3024	
17.6055	0	0.476659	-7.82929	274.477	-2.26213	
-0.15518	-0	0.166645	-84.9699	-15.5598	47.0257	
6.15912	0	0.276861	-19.5875	237.479	-1.12482	
17.1424	0	0.468576	-55.7805	208.386	-6.4225	
16.3977	0	0.455577	-15.4644	229.442	0.853364	
-1.94449	-0	0.135412	14.2024	-157.104	-3.50126	
-2.60566	-0	0.123871	46.8478	-237.671	3.6878	
-4.92545	-0	0.0833794	4.41609	-207.287	7.96179	
2.99782	0	0.22168	32.8119	164.973	6.05666	
13.1373	0	0.398665	0.557791	233.349	7.04858	
-5.48961	-0	0.073532	-28.8069	-178.943	-0.181295	
12.0214	0	0.379188	9.71657	223.451	-5.65881	
-2.52031	-0	0.125361	8.1075	-162.803	-2.15089	
0.409019	0	0.176493	-14.5366	78.8016	-4.44597	
-5.74535	-0	0.0690679	0.262192	-215.227	0.782494	
4.7822	0	0.252827	8.19262	196.523	-0.65831	
-4.29558	-0	0.0943737	13.3762	-205.085	-8.52605	
-1.41936	-0	0.144578	119.825	-168.529	-4.6047	
-4.6508	-0	0.0881733	-18.6981	-175.458	-6.43473	
-0.0308177	-0	0.168815	3.45447	56.4805	-17.1269	
-1.99556	-0	0.134521	49.6847	-146.801	-2.07826	
-2.12214	-0	0.132311	27.6412	-227.687	-5.40099	
-0.145846	-0	0.166808	-142.503	-29.186	85.7644	
-4.1747	-0	0.0964838	-12.9354	-164.899	-2.15776	
-1.62135	-0	0.141053	17.6575	-163.628	-4.78959	
-3.41746	-0	0.109701	-29.0305	-149.56	-1.34739	
-3.15653	-0	0.114256	-16.2095	-233.792	13.9283	
9.76652	0	0.339829	10.0911	209.371	6.91462	
-6.99222	-0	0.0473037	-9.3718	-215.102	-0.848098	
-1.59463	-0	0.141519	-28.3438	-195.892	0.13421	
-0.30754	-0	0.163985	16.0559	-94.1901	-10.1818	
10.3739	0	0.35043	-30.4553	203.03	5.60635	
-4.75982	-0	0.0862704	64.1346	-211.145	8.08143	
-3.29426	-0	0.111852	4.29435	-218.716	-4.45985	
-2.16507	-0	0.131562	10.4234	-210.343	0.760073	
16.9741	0	0.465637	35.3765	233.362	0.133029	
-3.9764	-0	0.0999451	53.6846	-183.706	-5.74562	
0.230764	0	0.173381	-111.114	62.8997	-72.2453	
-0.398896	-0	0.162391	-75.0466	-52.9072	43.8161	
0.151778	0	0.172003	145.735	-21.994	68.8025	
3.64085	0	0.232905	-13.709	157.84	-11.5045	
15.4924	0	0.439774	16.5447	219.031	-4.41404	
-2.25039	-0	0.130073	48.3604	-219.122	15.3977	
-0.238411	-0	0.165192	74.5371	-33.2267	-72.2366	
-3.55186	-0	0.107355	-44.7985	-168.102	13.9203	
-5.40894	-0	0.07494	11.7765	-196.51	-0.0506748	
17.379	0	0.472704	19.4413	232.394	0.0800224	
-6.14376	-0	0.0621136	2.61396	-231.296	10.4968	
7.76499	0	0.304892	34.257	226.518	1.59772	
-2.33725	-0	0.128557	-2.25487	-164.419	18.9672	
-0.294034	-0	0.164221	149.66	-53.5216	-76.9149	
-0.551827	-0	0.159721	-32.4555	-65.2833	19.1612	
15.8197	0	0.445487	-20.2746	236.419	-4.48172	
-6.38119	-0	0.0579693	-14.0714	-206.847	6.39764	
0.0303742	0	0.169884	-17.0063	-16.383	-5.14716	
-1.93785	-0	0.135528	-44.2883	-200.312	34.3961	
-3.51914	-0	0.107927	96.7903	-178.803	0.0703842	
14.7595	0	0.426981	-26.4549	226.687	-0.438253	
0.213218	0	0.173075	97.8864	69.4295	94.3168	
-3.26622	-0	0.112341	11.2374	-176.437	-1.34723	
9.10695	0	0.328316	-34.3046	165.092	-2.97323	
-2.11009	-0	0.132522	-63.1942	-180.466	12.3244	
-0.304297	-0	0.164042	55.4496	-71.7112	-49.7415	
-0.192834	-0	0.165987	44.2728	-33.8037	3.4647	
-6.49353	-0	0.0560084	9.113	-174.688	-3.64231	
-0.0716333	-0	0.168103	-90.1611	-20.6767	123.77	
-0.21242	-0	0.165646	96.7715	-26.7703	-65.8339	
3.78518	0	0.235424	-35.6038	180.596	0.155785	
-3.20544	-0	0.113402	-7.37901	-201.661	-9.71851	
-3.34797	-0	0.110914	5.22554	-212.329	0.305217	
-6.32493	-0	0.0589513	-43.6642	-228.171	-7.47054	
7.36022	0	0.297826	-0.0391808	204.235	-11.2558	
-2.11672	-0	0.132406	-50.5058	-200.514	-11.6749	
-4.28486	-0	0.0945609	11.2877	-175.857	8.04336	
4.66856	0	0.250843	23.2025	170.537	0.339022	
0.296591	0	0.17453	76.1336	-3.89542	45.3421	
-1.21975	-0	0.148063	25.5433	-212.303	-8.1106	
0.17762	0	0.172454	-66.3757	86.6171	-89.2033	
7.59284	0	0.301887	-34.0115	200.446	1.98846	
13.1542	0	0.398961	6.35525	218.756	-0.979231	
-3.43007	-0	0.109481	7.99174	-200.989	-8.47553	
0.117541	0	0.171405	93.971	-1.14012	65.5671	
-4.81283	-0	0.0853452	17.9696	-180.616	4.37862	
-2.86286	-0	0.119382	-3.06967	-219.28	0.356697	
0.139621	0	0.17179	-18.0422	-76.7545	-30.7546	
1.87582	0	0.202096	-11.1924	245.348	9.23098	
5.49201	0	0.265217	-15.0885	189.169	-0.957499	
-4.14873	-0	0.096937	29.48	-205.173	12.6105	
-4.69972	-0	0.0873195	44.9169	-186.021	-15.0744	
-5.40707	-0	0.0749726	35.9223	-190.692	-24.3565	
-0.341533	-0	0.163392	-63.8702	-59.7476	27.9224	
4.47586	0	0.24748	7.18272	167.674	3.00782	
3.86438	0	0.236806	3.31196	186.8	10.804	
-3.1736	-0	0.113958	4.04525	-190.1	10.8321	
-0.0929016	-0	0.167732	-4.49882	-35.6112	0.292125	
1.8912	0	0.202364	53.2934	215.508	-0.358575	
15.5412	0	0.440626	35.692	228.582	5.15473	
3.26643	0	0.226369	19.337	180.942	2.48045	
-2.90333	-0	0.118676	-4.39287	-181.426	-9.34841	
-5.61918	-0	0.0712703	13.4914	-185.429	-0.977039	
18.1655	0	0.486433	50.7742	245.754	1.86418	
17.7161	0	0.478589	-18.297	241.406	9.34951	
-2.65831	-0	0.122952	-20.0414	-228.998	-11.2906	
-3.85211	-0	0.102115	74.7998	-217.844	-2.16684	
12.0448	0	0.379596	-45.5493	246.029	-8.00302	
-2.50606	-0	0.12561	-68.4448	-190.127	5.0518	
-3.25112	-0	0.112605	-61.741	-204.984	-5.7007	
-3.99832	-0	0.0995624	37.25	-203.828	-3.52485	
-4.70722	-0	0.0871885	13.5776	-196.234	-0.371384	
-0.272039	-0	0.164605	40.3118	-34.5149	-19.301	
3.23351	0	0.225794	-5.155	243.863	-9.93954	
3.42101	0	0.229067	33.6703	208.778	-9.79121	
-0.40452	-0	0.162292	52.7441	-99.4943	-22.0961	
-0.123672	-0	0.167195	-118.609	-62.6921	128.229	
12.5593	0	0.388576	-42.1139	231.611	-10.7359	
0.0477011	0	0.170186	5.64332	21.1439	106.949	
-3.99385	-0	0.0996405	22.388	-231.564	-13.0688	
-3.5989	-0	0.106534	17.5204	-163.53	6.09635	
-4.93506	-0	0.0832116	-32.0148	-174.17	-0.997709	
11.0044	0	0.361436	-1.44832	219.673	-3.11044	
0.38293	0	0.176037	-54.8023	74.6722	-11.6782	
13.0009	0	0.396284	25.5963	227.07	12.8829	
-3.80567	-0	0.102925	-31.5776	-168.976	-2.03866	
0.331551	0	0.175141	97.0607	43.1241	67.2385	
9.98025	0	0.343559	-3.55551	228.364	-4.49116	
13.4707	0	0.404485	33.4592	202.336	-5.66849	
0.0198325	0	0.1697	12.64	-23.6379	-104.081	
-5.33385	-0	0.0762506	-6.85714	-222.29	-2.57376	
-2.162	-0	0.131616	-35.9499	-203.203	-5.36762	
0.168545	0	0.172295	32.2523	11.6797	66.8476	
0.226433	0	0.173306	-76.2437	70.3783	-37.5529	
6.13899	0	0.27651	18.9446	160.949	-8.23552	
-2.10872	-0	0.132546	-6.30553	-202.051	2.27122	
2.05971	0	0.205306	-37.6972	194.237	1.16879	
4.80787	0	0.253275	38.4421	204.471	6.06937	
-4.54412	-0	0.0900355	-47.4602	-196.468	-6.72114	
7.9799	0	0.308643	42.3225	139.05	-9.57775	
6.53839	0	0.283481	-22.592	204.627	-5.63678	
-4.0083	-0	0.0993882	16.6539	-170.154	-7.81245	
-3.028	-0	0.116499	-51.6233	-212.133	10.8573	
-5.01725	-0	0.081777	2.01259	-174.975	-10.049	
0.147039	0	0.17192	58.9952	20.852	61.6431	
-3.94267	-0	0.100534	14.0182	-220.94	5.4121	
11.1522	0	0.364015	36.4877	243.289	3.65674	
-4.15889	-0	0.0967597	-7.73416	-176.439	4.25235	
-4.51026	-0	0.0906265	17.8791	-184.22	8.25928	
-3.57998	-0	0.106865	37.8554	-198.885	0.761963	
-2.88835	-0	0.118937	-39.3452	-215.638	-9.01715	
-3.73058	-0	0.104236	-44.0709	-206.701	8.84959	
9.72299	0	0.339069	20.4901	189.873	-2.62617	
13.4518	0	0.404155	-2.9321	220.614	2.15786	
10.8189	0	0.358199	-15.0978	217.855	0.664705	
9.19987	0	0.329938	-14.9286	231.446	2.51806	
21.2502	0	0.540278	14.9982	242.921	5.77916	
12.0638	0	0.379927	13.9774	191.95	-2.70957	
-0.112312	-0	0.167393	23.6499	26.4991	-109.82	
-2.59162	-0	0.124116	-78.0748	-163.025	-9.91637	
-0.380525	-0	0.162711	95.0103	-42.9721	-19.2168	
-4.1115	-0	0.0975868	2.01923	-197.572	-3.67566	
0.324205	0	0.175012	-73.9436	59.4721	-29.2848	
-4.07894	-0	0.0981553	55.3125	-150.401	2.35961	
0.670531	0	0.181058	-100.657	54.0774	-24.7802	
8.38917	0	0.315787	33.0863	166.951	-1.79503	
-0.153348	-0	0.166677	94.6617	-19.9414	-139.178	
3.69966	0	0.233931	52.3336	113.634	1.95817	
-5.42201	-0	0.0747118	8.22395	-205.392	6.09461	
-3.38622	-0	0.110247	-70.9718	-190.294	3.43591	
4.36724	0	0.245584	-0.265109	169.154	-2.55876	
4.17298	0	0.242193	-18.2174	172.357	2.4045	
-0.358687	-0	0.163092	-96.3855	-30.4466	35.9701	
-2.3598	-0	0.128163	48.7609	-166.642	5.3139	
-2.25336	-0	0.130021	-8.47993	-149.117	-0.874815	
2.37143	0	0.210747	-40.3537	160.903	9.70251	
3.73253	0	0.234505	-5.9976	190.185	-4.15105	
-4.74653	-0	0.0865024	3.62994	-161.336	5.64783	
9.86707	0	0.341584	-19.4987	185.857	-6.75171	
4.76074	0	0.252452	-6.62742	233.638	6.4282	
6.54637	0	0.283621	17.4155	210.21	-6.28707	
-0.813978	-0	0.155145	27.4704	-111.648	-9.31455	
-0.225441	-0	0.165418	130.988	-40.1361	-85.6441	
2.26686	0	0.208922	15.1131	227.54	16.5719	
-6.01267	-0	0.0644019	15.739	-169.22	14.7997	
16.7996	0	0.462591	23.9941	212.043	4.24652	
-4.50157	-0	0.0907781	8.20786	-191.082	2.9958	
7.68949	0	0.303574	4.07184	221.723	5.4677	
1.83983	0	0.201468	15.403	193.089	11.4114	
-0.0247737	-0	0.168921	24.9732	-19.8738	16.1348	
-2.26829	-0	0.12976	-20.4002	-176.462	-7.81384	
3.68709	0	0.233712	-11.4268	174.296	6.26391	
5.64827	0	0.267944	5.99882	234.325	-1.60062	
-0.110418	-0	0.167426	93.5417	-36.8009	-130.106	
-3.19548	-0	0.113576	17.7131	-164.432	0.0907482	
-4.94893	-0	0.0829695	30.1867	-210.144	-4.02427	
0.0640826	0	0.170472	1.84485	44.1995	31.8261	
23.4527	0	0.578722	30.9909	214.893	-1.06122	
11.1685	0	0.364301	-14.983	217.219	-2.68362	
12.2836	0	0.383765	-24.3615	215.975	-3.08955	
17.3248	0	0.47176	-12.2424	222.955	0.782496	
-1.56863	-0	0.141973	-50.3935	-170.108	-11.4016	
0.146016	0	0.171902	-8.9371	-54.7809	-3.98967	
8.82266	0	0.323353	-29.05	233.726	9.7597	
0.125718	0	0.171548	-106.246	25.6064	-144.159	
13.4685	0	0.404446	6.28684	189.332	2.20803	
0.0824355	0	0.170792	-4.67133	34.9102	23.1511	
3.26223	0	0.226296	-1.09	191.496	5.5654	
19.4767	0	0.509321	-8.80541	218.447	-4.58235	
19.844	0	0.515732	-23.6204	244.865	-4.7635	
-5.56714	-0	0.0721786	15.5923	-203.646	4.75494	
-5.71079	-0	0.0696711	-18.1689	-184.371	-5.73695	
0.254845	0	0.173802	-1.99653	44.0199	-8.26892	
15.9453	0	0.447679	17.4286	279.233	6.27094	
-2.51017	-0	0.125538	-9.67246	-209.94	3.37263	
-1.7014	-0	0.139655	22.0266	-218.278	4.6989	
-2.06589	-0	0.133293	24.043	-207.209	3.7475	
1.64234	0	0.198021	-63.242	232.152	-15.1944	
-0.055014	-0	0.168393	-12.0396	39.5926	150.058	
11.0728	0	0.36263	15.3355	226.138	7.97819	
-2.70152	-0	0.122198	48.6782	-213.349	1.9228	
-1.66623	-0	0.140269	45.3554	-163.971	6.84397	
-0.105101	-0	0.167519	93.4292	-60.7052	-71.6707	
-1.97378	-0	0.134901	14.0386	-179.113	-1.33996	
0.4315	0	0.176885	34.5365	61.7676	-7.4089	
0.0366398	0	0.169993	-8.36347	31.0271	-123.549	
-3.48238	-0	0.108568	-8.61272	-204.712	3.23937	
-0.0022069	-0	0.169315	-31.9139	-11.3987	-7.56249	
-0.199076	-0	0.165879	4.18242	-36.4485	19.4257	
-0.233239	-0	0.165282	104.004	-87.9197	-52.7203	
-3.43023	-0	0.109479	-21.6819	-185.077	-4.33374	
11.4874	0	0.369867	32.6568	240.227	5.09737	
10.4246	0	0.351316	-61.2552	212.433	-0.17099	
-0.078027	-0	0.167991	-61.6263	-29.6514	114.01	
-3.22296	-0	0.113096	-22.4818	-161.925	8.42573	
-1.86785	-0	0.13675	-41.036	-206.839	1.53882	
-0.773631	-0	0.15585	-32.9911	-184.422	16.7645	
-1.07031	-0	0.150671	14.9655	-214.474	-9.21065	
0.185901	0	0.172598	-53.5074	45.9778	-31.5189	
-0.281505	-0	0.16444	25.6278	-38.9782	7.86021	
0.0419859	0	0.170086	-24.9511	7.40882	41.6665	
0.0369383	0	0.169998	-9.11477	15.1647	-99.3191	
-3.4599	-0	0.108961	19.5667	-187.692	1.2798	
1.72449	0	0.199454	-18.011	196.585	-11.7824	
12.2712	0	0.383548	12.0846	200.089	0.539929	
-2.83319	-0	0.1199	16.2442	-203.056	0.273239	
-4.05611	-0	0.0985537	-8.10735	-162.884	-0.517326	
7.6433	0	0.302768	4.80497	189.37	-6.01591	
19.6392	0	0.512157	-19.1856	243.17	4.31239	
8.1909	0	0.312326	-2.0657	193.471	-6.23025	
14.2448	0	0.417997	-1.7108	212.873	5.36173	
13.2919	0	0.401364	-18.1859	217.316	6.83833	
6.28406	0	0.279042	38.8921	198.835	1.95023	
8.20318	0	0.312541	8.54331	197.436	-3.02114	
-7.08559	-0	0.045674	-0.371781	-243.741	4.83451	
-1.61534	-0	0.141158	11.4386	-212.185	6.77696	
6.019	0	0.274415	-6.73365	213.447	-3.36548	
0.117195	0	0.171399	53.1137	20.2508	1.22289	
-0.00582637	-0	0.169252	6.46433	-5.17883	-3.5303	
0.23794	0	0.173507	-51.3316	-29.9766	-10.5694	
7.34393	0	0.297542	-5.8841	205.415	10.5387	
-3.20535	-0	0.113404	-12.3084	-223.121	-4.01776	
-2.65973	-0	0.122928	-8.68432	-216.547	-10.2389	
-0.375943	-0	0.162791	25.3575	-58.5436	-32.8355	
3.52565	0	0.230894	-17.1812	208.705	2.46046	
-5.65149	-0	0.0707063	15.8407	-204.154	-1.03837	
0.163172	0	0.172202	-22.2538	-25.2743	-15.5823	
9.39805	0	0.333397	17.1412	227.636	-5.45008	
-0.0453997	-0	0.168561	-19.4513	-30.8616	-37.6227	
2.10579	0	0.20611	-54.624	117.262	-2.23263	
0.051672	0	0.170255	-52.4887	47.6412	-139.16	
-1.68081	-0	0.140015	-10.214	-199.172	6.3311	
-3.99021	-0	0.0997041	-69.296	-140.575	6.68683	
-2.75679	-0	0.121233	-2.83908	-173.679	9.51556	
-6.24156	-0	0.0604066	3.6696	-219.605	1.48232	
-3.50675	-0	0.108143	59.907	-166.386	-5.38952	
-2.38394	-0	0.127742	-26.4425	-144.8	3.58563	
-3.60607	-0	0.106409	53.8907	-204.367	-6.71619	
-3.47874	-0	0.108632	-9.54427	-180.637	-2.60244	
-3.07008	-0	0.115765	-18.1827	-176.355	-6.1369	
-3.39723	-0	0.110054	31.3791	-187.929	9.54742	
-1.24579	-0	0.147608	26.8676	-185.104	-16.635	
-0.0458573	-0	0.168553	-27.5229	-50.9261	87.9743	
-3.90909	-0	0.10112	3.04313	-168.945	-6.31035	
15.1602	0	0.433976	58.3664	210.721	-0.650282	
7.37529	0	0.29809	31.9048	196.532	1.58521	
0.192359	0	0.172711	115.238	-39.8432	85.2769	
-7.1566	-0	0.0444344	18.6042	-192.086	-1.65432	
0.120347	0	0.171454	115.006	9.34393	117.699	
0.274668	0	0.174148	7.02292	86.4916	5.80792	
-2.23702	-0	0.130306	-22.2845	-194.925	3.18862	
-0.316998	-0	0.16382	74.3383	-82.713	-66.2463	
5.75051	0	0.269729	-20.0799	211.786	-8.32047	
4.91774	0	0.255193	22.1397	174.643	12.0181	
14.0919	0	0.415328	28.6899	257.435	-8.02351	
-0.121621	-0	0.16723	46.6215	-48.059	-139.514	
-5.54669	-0	0.0725356	21.0693	-170.203	-1.12243	
6.97314	0	0.29107	7.48733	194.828	-1.12148	
0.220787	0	0.173207	-89.9142	84.1566	-77.9297	
-3.67654	-0	0.105179	4.16841	-178.11	9.09052	
1.63026	0	0.19781	-59.0032	180.941	2.14997	
19.2993	0	0.506224	-23.6258	217.369	3.15269	
21.1408	0	0.538368	-23.9229	238.391	4.03152	
-4.52491	-0	0.0903708	30.057	-206.871	-7.00112	
-0.260539	-0	0.164806	6.56934	-102.905	-16.7999	
6.69491	0	0.286214	-1.4553	162.659	7.84648	
0.0905797	0	0.170934	-32.5732	52.4949	-14.9317	
2.89738	0	0.219927	38.5194	199.507	-14.5063	
16.7909	0	0.46244	-35.1341	231.279	5.29762	
-0.280213	-0	0.164462	-79.7054	-44.0153	66.8388	
0.147482	0	0.171928	-101.924	54.717	-80.2707	
-0.162726	-0	0.166513	-91.204	-8.74686	79.2218	
-4.92362	-0	0.0834112	-33.9873	-215.877	-20.0637	
-6.11942	-0	0.0625384	-2.98035	-213.774	-0.210269	
-0.149954	-0	0.166736	-7.57015	-85.1232	7.7191	
15.2449	0	0.435453	-33.8249	209.365	-11.8562	
-4.86833	-0	0.0843765	12.65	-210.923	14.8143	
-0.242736	-0	0.165116	-66.9465	-57.3823	45.945	
-0.063976	-0	0.168237	-48.4148	14.6588	99.623	
-2.34749	-0	0.128378	35.5733	-200.564	-8.64636	
2.63812	0	0.215402	-12.5576	175.811	-0.70065	
-0.44309	-0	0.161619	-20.6432	-76.6869	20.6349	
10.1766	0	0.346987	-45.7709	181.125	-4.81323	
-1.58629	-0	0.141665	-35.0193	-245.256	4.32726	
-1.68385	-0	0.139962	7.69592	-176.955	-26.017	
-0.178707	-0	0.166234	-68.0134	-77.845	28.3414	
4.3481	0	0.24525	-68.3235	190.646	-9.32182	
-0.140873	-0	0.166894	50.6312	-55.4012	-25.1026	
-1.52083	-0	0.142807	-86.5623	-258.458	11.6175	
-7.8029	-0	0.0331532	14.0698	-189.887	3.28226	
9.3794	0	0.333071	-14.4879	210.402	-0.0185008	
0.153448	0	0.172032	-0.844451	56.5271	5.76885	
0.0455389	0	0.170148	7.1615	-64.1456	8.82263	
-3.23934	-0	0.11281	-32.1486	-178.68	-10.4904	
-4.68604	-0	0.0875583	-43.0693	-215.486	3.57649	
8.6778	0	0.320825	20.0317	209.445	-1.39861	
-3.00363	-0	0.116925	27.1385	-221.218	6.90695	
-1.28127	-0	0.146989	-6.62335	-189.758	8.804	
0.471372	0	0.177581	68.7524	56.1193	12.0193	
11.5349	0	0.370696	-16.9574	212.06	0.895528	
-2.88178	-0	0.119052	-10.5483	-210.206	-1.92241	
-2.30315	-0	0.129152	-57.3537	-162.889	-9.00547	
-2.53281	-0	0.125143	-31.5119	-211.647	7.37245	
16.5832	0	0.458814	-6.45224	231.229	7.42573	
-0.164396	-0	0.166484	-105.774	86.8429	91.3243	
0.150755	0	0.171985	-33.4975	-2.10713	-12.7032	
0.137476	0	0.171753	-55.3864	-7.39454	-45.8608	
-0.146155	-0	0.166802	-66.1651	-8.02065	74.2139	
11.529	0	0.370592	-10.1983	222.792	-3.23474	
-5.70332	-0	0.0698016	-25.1403	-134.42	-12.3714	
18.791	0	0.497352	8.19906	248.068	3.26915	
-1.23686	-0	0.147764	17.7025	-227.096	-6.34363	
-5.08551	-0	0.0805855	-48.3491	-158.899	1.74056	
7.79807	0	0.305469	13.05	163.906	6.61565	
-2.60336	-0	0.123912	-1.57234	-178.25	7.32496	
-2.90898	-0	0.118577	-75.2287	-203.843	0.881239	
-0.486618	-0	0.160859	-95.906	-48.6294	34.2342	
-1.1504	-0	0.149273	-12.019	-299.473	6.29515	
-5.9937	-0	0.064733	-15.1331	-192.751	-8.75582	
-0.203347	-0	0.165804	-41.1637	-68.5055	43.8581	
-3.81533	-0	0.102757	49.179	-185.768	-5.04534	
-2.32111	-0	0.128838	-12.4444	-208.335	-12.0549	
-1.86664	-0	0.136771	-13.9562	-196.406	-3.45749	
-0.217905	-0	0.16555	-13.3421	-35.388	-2.3914	
-4.58197	-0	0.0893747	-64.062	-176.565	-1.39627	
-2.81295	-0	0.120253	33.2229	-192.708	10.5924	
12.6757	0	0.390609	23.7476	230.132	6.90118	
6.66818	0	0.285747	5.7668	180.716	-1.39525	
18.3671	0	0.489952	17.81	224.555	-1.92204	
-1.1193	-0	0.149816	77.2338	-171.71	-8.63279	
15.2522	0	0.435582	-11.1631	211.459	8.58126	
-3.32364	-0	0.111339	7.80732	-185.936	-3.16912	
0.277094	0	0.17419	34.2476	-4.06921	-17.2346	
16.3305	0	0.454404	-17.1809	210.975	3.51267	
-3.17377	-0	0.113955	-9.46401	-213.524	13.0744	
-2.95259	-0	0.117816	-70.5589	-196.662	-3.81388	
-4.18953	-0	0.0962248	-18.1105	-234.866	3.95977	
-5.91403	-0	0.0661236	-72.1031	-201.073	-0.0412581	
8.37265	0	0.315499	40.6847	214.668	13.2682	
5.87284	0	0.271864	27.8722	169.887	-6.46931	
0.253859	0	0.173785	80.0602	5.31241	28.7539	
2.49394	0	0.212885	24.6447	176.952	1.91928	
-3.66459	-0	0.105388	23.3173	-209.973	8.2736	
-1.56277	-0	0.142075	-149.902	-230.014	-0.751397	
-0.286753	-0	0.164348	37.0401	0.423313	8.44264	
19.3607	0	0.507296	9.99888	272.598	0.84044	
-4.22772	-0	0.0955583	-13.8826	-206.124	-9.61046	
-3.73472	-0	0.104164	-39.1827	-132.258	-12.8123	
0.105127	0	0.171188	48.4562	31.6953	124.627	
0.148787	0	0.17195	79.8329	25.1815	43.2645	
-5.00366	-0	0.0820142	24.8171	-204.12	10.6368	
1.15264	0	0.189473	79.233	189.602	3.48328	
16.2305	0	0.452657	0.0417395	263.636	-0.0471471	
0.293777	0	0.174481	121.689	70.1316	59.4071	
0.233591	0	0.173431	-0.962382	69.9667	-1.54417	
6.41455	0	0.28132	5.24208	197.207	-0.698084	
-4.77608	-0	0.0859867	-6.1256	-204.54	13.4281	
-1.5231	-0	0.142768	1.04023	-110.475	5.63	
-2.57759	-0	0.124361	31.454	-193.979	-12.8411	
-0.123465	-0	0.167198	-37.0687	-46.9465	121.576	
-7.37128	-0	0.0406873	12.5576	-181.858	-13.9169	
-3.8925	-0	0.101409	-16.5635	-194.277	-11.2285	
-4.634	-0	0.0884667	42.6502	-165.262	-2.70025	
-6.06417	-0	0.0635029	26.6073	-184.142	-7.37305	
-0.434315	-0	0.161772	13.3142	-87.3739	0.0422574	
-6.87402	-0	0.0493669	-47.2511	-191.303	-10.8132	
5.94141	0	0.273061	-15.8973	217.018	-3.03616	
-4.21931	-0	0.0957051	1.24438	-226.667	-5.05709	
0.100768	0	0.171112	39.9478	-30.503	92.3716	
-0.157959	-0	0.166596	68.5345	-33.8403	-90.2243	
-3.64603	-0	0.105712	-6.12193	-215.592	1.3555	
-2.40056	-0	0.127451	-50.7066	-192.447	-4.00686	
0.187581	0	0.172628	4.49538	-47.8193	-1.74923	
0.243885	0	0.17361	38.2155	56.2683	34.456	
6.59657	0	0.284497	-17.0958	226.558	-11.7261	
15.2999	0	0.436414	-27.0556	246.258	7.15072	
-3.11488	-0	0.114983	-12.6554	-165.813	-16.9433	
-4.19358	-0	0.0961542	21.6617	-211.722	-3.19445	
-3.4753	-0	0.108692	-48.4158	-158.222	-3.77885	
5.38524	0	0.263353	30.8297	207.991	-3.04659	
2.07506	0	0.205574	-50.2835	169.968	-6.69884	
-4.50714	-0	0.090681	9.3352	-232.383	1.66348	
-0.346398	-0	0.163307	-136.581	-71.8775	79.5567	
0.160803	0	0.17216	101.812	-54.4181	137.558	
-5.46916	-0	0.0738888	35.9372	-169.841	-3.57221	
4.10746	0	0.241049	-11.2461	147.112	14.2174	
-0.279649	-0	0.164472	10.0049	20.83	-9.32354	
0.16281	0	0.172195	-25.4766	-23.8337	-58.3997	
-0.271884	-0	0.164608	9.01025	-23.4689	-9.7135	
-3.33654	-0	0.111114	-46.2282	-188.141	14.7769	
-5.27601	-0	0.0772602	0.804799	-174.628	-8.72805	
-2.80531	-0	0.120387	-39.9946	-186.93	5.17306	
-4.00709	-0	0.0994094	-69.8458	-153.038	-9.64699	
-5.06396	-0	0.0809616	26.0171	-197.038	16.1729	
0.0682463	0	0.170545	14.0955	-6.57719	108.23	
-4.98667	-0	0.0823107	26.4135	-181.272	-11.814	
-7.19317	-0	0.0437961	-25.4	-208.467	0.158908	
0.262264	0	0.173931	-111.651	57.4026	-87.3831	
-3.96013	-0	0.100229	41.5648	-176.887	-5.76454	
-4.63727	-0	0.0884096	-7.44232	-218.109	-11.5588	
15.8209	0	0.445509	-16.6116	216.13	0.355997	
2.69637	0	0.216419	-4.5262	195.512	19.4187	
-2.83726	-0	0.119829	-39.7659	-173.576	-4.81175	
-3.85344	-0	0.102091	-42.4205	-195.332	-4.43762	
13.5058	0	0.405098	-40.8549	234.192	0.487874	
7.36596	0	0.297927	7.66987	161.623	9.53211	
-0.207182	-0	0.165737	69.5679	-38.8954	-19.6383	
-3.89462	-0	0.101372	-18.3762	-199.247	-17.8062	
-3.47467	-0	0.108703	29.8473	-180.697	-6.39013	
12.9706	0	0.395756	-38.1333	214.54	-5.87056	
-7.14665	-0	0.0446081	-40.4855	-174.698	3.1026	
0.292526	0	0.174459	-117.878	50.229	-63.79	
-5.97134	-0	0.0651233	-17.2033	-250.759	7.98634	
-3.95039	-0	0.100399	-25.4812	-158.446	2.56777	
-3.69794	-0	0.104806	-26.3722	-182.738	8.651	
3.82578	0	0.236133	13.8282	175.954	-5.54377	
1.20153	0	0.190326	-2.95306	186.989	5.83235	
0.349915	0	0.175461	105.167	39.5731	81.9632	
7.41166	0	0.298724	-5.10538	219.705	6.32871	
-0.246482	-0	0.165051	27.1982	-77.4904	-30.3012	
-0.295719	-0	0.164192	119.552	68.2712	-56.7694	
11.2648	0	0.365981	-2.88318	206.188	14.2881	
-2.50129	-0	0.125693	-33.8375	-199.048	4.29137	
-2.54526	-0	0.124926	12.1755	-140.588	4.19761	
7.13399	0	0.293878	-36.2368	154.291	5.86254	
0.229356	0	0.173357	-30.3378	43.8287	-12.814	
0.0402446	0	0.170056	76.9689	19.0074	141.088	
-1.7867	-0	0.138166	-95.8995	-161.32	10.8773	
0.020649	0	0.169714	-45.9963	8.82205	-68.2719	
4.60807	0	0.249788	-25.7464	187.848	-2.22084	
-3.45831	-0	0.108988	23.8352	-196.933	-16.703	
2.02834	0	0.204758	28.5641	232.332	4.77834	
-0.126333	-0	0.167148	39.4376	-65.5744	-29.1475	
-2.89022	-0	0.118904	-30.3195	-170.897	-1.142	
-4.0291	-0	0.0990253	37.0111	-200.432	2.79416	
22.0254	0	0.553808	-4.85797	246.977	-10.0696	
6.62018	0	0.284909	22.7766	230.856	-3.70254	
-3.15349	-0	0.114309	-17.0589	-230.835	-0.945203	
5.41627	0	0.263895	-42.069	241.889	-3.18441	
9.5464	0	0.335986	-13.9015	199.658	8.84645	
-4.83913	-0	0.084886	-7.87459	-185.676	-1.25183	
-3.78662	-0	0.103258	-53.0832	-194.728	-4.59499	
-4.66455	-0	0.0879334	14.5185	-183.773	-0.521388	
-2.80829	-0	0.120334	-30.9759	-172.384	-3.28599	
-2.72737	-0	0.121747	11.3401	-191.848	-5.76083	
4.05949	0	0.240212	-8.0593	173.881	0.711892	
-1.5094	-0	0.143007	18.7516	-228.533	-9.08018	
-4.20369	-0	0.0959776	9.6818	-217.015	-2.70991	
13.9794	0	0.413364	10.735	229.541	1.25036	
-0.257353	-0	0.164861	53.377	-65.3042	-8.23045	
0.236317	0	0.173478	-68.5357	63.5824	-39.3915	
11.2716	0	0.366099	7.98221	212.23	-6.21057	
-0.247329	-0	0.165036	87.9269	-45.1126	-19.5107	
-3.99032	-0	0.0997021	-41.1949	-192.971	-10.572	
0.274367	0	0.174142	63.9199	73.8073	19.1498	
2.34693	0	0.210319	28.2109	135.744	-1.32103	
-5.33869	-0	0.0761661	4.99328	-185.515	20.2139	
4.1844	0	0.242392	10.699	223.47	-1.36754	
0.135218	0	0.171714	99.2137	12.8418	140.469	
0.35482	0	0.175547	-64.0266	-14.3491	-35.2573	
9.55558	0	0.336147	22.1503	208.34	-7.65406	
1.9141	0	0.202764	16.7365	176.117	2.28349	
5.52569	0	0.265805	-26.6542	191.696	9.42982	
-5.92405	-0	0.0659487	2.03683	-163.123	-5.20636	
0.0799682	0	0.170749	57.9962	-29.0231	146.321	
7.18503	0	0.294768	-6.51058	216.065	-1.94136	
13.4386	0	0.403925	37.157	212.984	6.23816	
11.246	0	0.365652	-0.0122215	225.589	-8.91176	
-0.536847	-0	0.159983	-119.218	-22.8326	38.3193	
-0.11532	-0	0.16734	-78.4775	-42.1329	144.281	
-2.1377	-0	0.13204	-12.3256	-153.773	8.2198	
0.457795	0	0.177344	-101.19	69.4573	-45.0066	
-4.75415	-0	0.0863693	-36.6055	-179.56	-13.4252	
10.0603	0	0.344956	47.1414	216.876	-8.86055	
13.6038	0	0.406808	-0.253887	232.265	10.7456	
-4.65821	-0	0.088044	7.1646	-183.211	-3.12377	
4.22238	0	0.243055	-49.6651	189.007	-18.4348	
8.38346	0	0.315687	-0.247582	212.897	-0.441456	
-2.61701	-0	0.123673	-48.2801	-188.431	-0.686514	
9.18592	0	0.329694	-14.7192	180.34	6.94268	
-0.269783	-0	0.164644	-159.767	-55.9714	72.9181	
8.76242	0	0.322302	-6.24663	188.357	10.8717	
-5.52394	-0	0.0729326	-28.3368	-190.523	-14.3013	
-4.64358	-0	0.0882994	29.9579	-178.205	-8.82485	
-3.34691	-0	0.110933	8.09911	-197.522	-1.25593	
-5.07934	-0	0.0806932	-23.374	-219.467	6.78208	
-2.76578	-0	0.121077	-46.7022	-203.469	3.11819	
-3.39479	-0	0.110097	-28.1399	-197.322	12.0223	
4.7514	0	0.252289	10.4247	158.413	-8.97484	
11.0866	0	0.362871	5.44239	222.968	5.36973	
18.1779	0	0.486649	0.480586	221.044	5.47993	
-2.93207	-0	0.118174	-20.5569	-246.236	0.671661	
1.47543	0	0.195107	-17.5813	228.992	-10.6026	
4.33516	0	0.245024	12.6019	187.164	-9.036	
-5.88005	-0	0.0667167	-13.7025	-190.717	7.5199	
-1.16059	-0	0.149095	30.1855	-166.978	3.14801	
11.8851	0	0.376809	-41.7412	228.328	-2.23152	
1.92914	0	0.203027	35.1192	202.59	9.07745	
4.2686	0	0.243862	-26.2818	203.671	-6.94229	
-0.150113	-0	0.166733	-66.2221	-84.8076	93.1109	
-3.23828	-0	0.112829	-4.30163	-179.746	-3.65527	
4.18542	0	0.24241	-6.9364	211.216	-11.354	
-6.22518	-0	0.0606924	-8.70228	-170.388	-4.11397	
-2.6267	-0	0.123504	130.824	-159.944	-10.439	
14.2236	0	0.417627	-9.17818	238.753	3.71075	
-5.30191	-0	0.0768083	-20.4482	-188.807	4.85775	
-3.19275	-0	0.113624	-15.9465	-214.17	3.5756	
1.0258	0	0.187259	10.1716	177.888	3.93075	
6.51854	0	0.283135	12.2815	151.426	3.43767	
-4.64733	-0	0.088234	41.0968	-221.361	3.44533	
-0.238071	-0	0.165198	-12.1851	-17.1409	5.80429	
-0.322528	-0	0.163724	-58.1639	-47.2125	37.6247	
20.3505	0	0.524573	2.53743	241.791	-3.27731	
-3.26842	-0	0.112303	-34.1723	-189.178	6.3575	
0.190364	0	0.172676	23.7098	1.48836	45.3057	
-5.03459	-0	0.0814742	-53.6913	-211.428	17.2884	
16.1764	0	0.451713	13.7191	242.149	0.0509479	
-6.00341	-0	0.0645635	-28.9098	-181.16	-14.9863	
0.19903	0	0.172827	-46.0502	66.677	-59.1436	
-0.0891504	-0	0.167797	54.2676	28.117	-98.6155	
-0.398202	-0	0.162403	128.173	-24.6167	-70.6049	
-3.83669	-0	0.102384	8.29541	-192.803	-12.1993	
3.29466	0	0.226862	-61.3483	207.366	-12.865	
11.9526	0	0.377987	7.60301	216.246	3.68198	
-0.319619	-0	0.163774	-7.838	-26.7761	-33.1617	
10.2719	0	0.34865	32.7164	209.462	3.48562	
0.203528	0	0.172906	-8.05737	54.5672	-7.3777	
-2.70576	-0	0.122124	-37.5603	-197.976	9.86884	
-2.35367	-0	0.12827	-31.8604	-212.81	-4.52289	
10.8699	0	0.359088	10.8608	204.901	0.898944	
4.16718	0	0.242092	47.0891	228.669	1.72931	
25.2955	0	0.610888	44.0313	261.71	3.09244	
0.158013	0	0.172112	82.643	-47.5782	102.4	
-3.12958	-0	0.114726	-7.33572	-204.144	-5.53353	
6.08911	0	0.275639	16.2841	196.68	-14.2731	
19.8215	0	0.51534	-33.9891	282.037	-6.61588	
-3.38717	-0	0.11023	-19.4559	-225.579	7.28003	
15.461	0	0.439227	79.1636	205.337	-7.93662	
-0.652876	-0	0.157957	2.07665	-191.323	9.85996	
-0.0666552	-0	0.16819	-13.4066	-22.0146	19.6421	
-0.0168348	-0	0.16906	-37.0815	15.6162	127.283	
-2.26619	-0	0.129797	15.0667	-151.907	3.5412	
-4.03677	-0	0.0988914	-25.117	-154.424	-12.1997	
-3.63863	-0	0.105841	-39.2219	-212.723	-7.2466	
6.80445	0	0.288126	22.8322	214.443	11.2228	
7.08655	0	0.29305	14.42	192.366	-8.78747	
11.5243	0	0.37051	25.8261	183.79	-2.7961	
-7.00287	-0	0.0471178	-28.4366	-186.825	-11.2429	
-1.28193	-0	0.146977	0.313402	-211.606	-6.01219	
-0.265468	-0	0.16472	32.6218	93.6096	-5.3976	
-2.83428	-0	0.119881	-34.8061	-191.382	-1.17425	
7.71625	0	0.304041	2.42788	228.798	-20.785	
-3.97264	-0	0.100011	-9.9863	-163.613	19.0698	
-0.343124	-0	0.163364	-27.068	-39.7623	35.7557	
-0.697173	-0	0.157184	54.4816	-110.338	-4.32595	
3.60086	0	0.232207	-22.1074	197.519	-7.88134	
6.65684	0	0.285549	14.6849	198.998	-4.98861	
-0.110921	-0	0.167417	7.23627	1.25318	-36.2849	
-7.933	-0	0.0308824	33.0605	-196.991	2.62456	
1.20667	0	0.190416	80.7912	197.322	-11.1961	
-4.16547	-0	0.0966448	-37.7396	-209.76	-4.06805	
-3.38247	-0	0.110312	18.8332	-208.809	7.10399	
0.0913832	0	0.170948	-3.44556	-62.1405	5.09615	
-4.21141	-0	0.0958429	9.92478	-177.18	4.1879	
0.244206	0	0.173616	-63.8784	28.3585	-45.4564	
14.6115	0	0.424397	-19.9914	219.977	-4.37503	
0.180092	0	0.172497	-53.8356	59.1323	-65.8813	
-0.0220529	-0	0.168968	-11.1156	24.4809	-38.6499	
11.0973	0	0.363057	20.0819	198.118	2.29247	
-2.30209	-0	0.12917	-21.0011	-171.462	13.9872	
-5.67261	-0	0.0703377	12.6032	-176.034	6.68041	
6.31765	0	0.279628	-13.1618	144.979	0.349585	
-0.231728	-0	0.165309	-49.2364	-80.9909	31.3217	
-4.49951	-0	0.0908142	10.6822	-216.729	0.698764	
-2.51428	-0	0.125467	13.0827	-197.991	7.16379	
-3.37252	-0	0.110486	-58.1816	-164.84	-1.41091	
9.36596	0	0.332837	1.87878	235.047	1.84488	
0.364421	0	0.175714	-127.074	57.8468	-74.574	
14.1775	0	0.416822	-16.4531	210.997	-4.56068	
0.259489	0	0.173883	1.65287	27.8285	26.4194	
-3.1724	-0	0.113979	3.0092	-166.481	5.13564	
-3.19596	-0	0.113568	-21.6189	-161.606	-3.68586	
0.227411	0	0.173323	-69.1447	78.4485	-62.6047	
19.8592	0	0.515997	5.56765	261.303	-10.6712	
-4.10548	-0	0.0976921	-85.6891	-202.274	0.506017	
3.91567	0	0.237702	62.3029	208.998	0.0266783	
-0.137033	-0	0.166961	-2.2543	26.4149	12.3321	
-2.58806	-0	0.124179	68.5571	-177.05	5.18369	
-0.287811	-0	0.16433	-113.7	-9.26726	78.5366	
-2.92812	-0	0.118243	7.203	-211.388	6.79639	
0.402563	0	0.17638	3.66124	84.1802	18.1609	
0.25381	0	0.173784	52.5979	79.0086	32.6665	
-1.81718	-0	0.137634	7.12972	-244.428	28.1687	
-0.264742	-0	0.164732	-82.1628	-84.4112	42.5665	
-4.91625	-0	0.0835399	-0.396742	-146.199	-1.67202	
-0.0928378	-0	0.167733	-48.238	72.0311	65.6333	
8.21793	0	0.312798	15.3071	203.3	0.433109	
-5.92463	-0	0.0659386	61.1541	-201.559	8.83126	
-3.4422	-0	0.10927	-35.1331	-206.931	-9.44793	
-2.51816	-0	0.125399	54.2973	-212.607	-6.04338	
-0.216406	-0	0.165576	48.191	18.1394	-26.612	
14.3865	0	0.420471	6.11087	177.364	4.39567	
-5.97705	-0	0.0650237	23.7117	-196.864	-1.17315	
-2.44135	-0	0.126739	-83.2048	-178.277	12.1068	
0.189877	0	0.172668	-34.6017	11.5669	4.52562	
-6.45907	-0	0.05661	58.4541	-193.181	2.60017	
-1.67143	-0	0.140179	-97.6107	-243.533	-7.42308	
0.0953398	0	0.171018	-33.1035	7.64024	-14.093	
-0.273304	-0	0.164583	-29.2805	-92.9164	-0.594088	
9.47759	0	0.334785	-3.47562	262.756	2.23338	
0.342425	0	0.17533	-42.5108	54.4171	-21.4026	
-3.19976	-0	0.113501	37.4659	-188.897	-21.8793	
-3.93095	-0	0.100738	-10.0915	-136.399	-4.75366	
-0.229402	-0	0.165349	-13.3299	-50.2414	46.8068	
-2.70271	-0	0.122177	20.5737	-172.362	7.81451	
4.60956	0	0.249813	-5.75712	210.023	-11.5781	
-0.220216	-0	0.16551	90.4802	-71.4697	-87.2295	
0.173728	0	0.172386	-72.7077	-7.32065	-47.3353	
-5.11325	-0	0.0801013	11.9406	-176.462	-3.00174	
9.7474	0	0.339495	26.6183	238.429	0.263103	
-0.0642109	-0	0.168233	15.8849	-42.0184	3.97358	
-5.06352	-0	0.0809693	-8.33718	-115.566	0.256453	
-4.39008	-0	0.0927243	-46.6287	-217.736	3.41311	
-0.175611	-0	0.166288	-35.2526	-4.61339	-9.64559	
-3.59729	-0	0.106562	7.15411	-199.115	3.30183	
3.98821	0	0.238968	70.5903	166.295	10.621	
-0.34837	-0	0.163273	-7.41019	-67.2425	-26.0997	
5.63403	0	0.267696	-40.9125	193.029	-0.286959	
5.61071	0	0.267289	-21.0897	216.418	-4.14648	
-5.00471	-0	0.0819958	26.0443	-163.547	8.66301	
-0.931977	-0	0.153086	2.98407	-263.903	4.44318	
-4.21738	-0	0.0957388	54.0363	-169.501	5.19219	
-0.128308	-0	0.167114	70.8844	4.55724	-66.8327	
-6.88992	-0	0.0490894	4.08271	-204.912	10.6147	
-0.287074	-0	0.164342	-102.626	77.8252	49.2114	
6.73501	0	0.286913	-9.73161	226.273	1.7454	
-5.29844	-0	0.0768688	-39.047	-160.439	10.4662	
5.85593	0	0.271569	9.70827	191.156	-7.19181	
-0.0673248	-0	0.168178	-72.4113	-33.6293	157.294	
0.141442	0	0.171822	3.09607	55.0022	-3.01843	
-3.30913	-0	0.111592	13.9957	-174.455	-4.46922	
0.340651	0	0.175299	-12.8701	73.0732	-10.2894	
-4.97391	-0	0.0825335	-24.6178	-167.721	0.821737	
7.66557	0	0.303156	-25.9618	183.852	-4.41584	
0.05009	0	0.170228	36.8497	19.2685	32.4696	
16.1779	0	0.451739	-33.4089	232.843	-6.0863	
-0.213555	-0	0.165626	101.343	-2.79359	-34.3277	
-3.74715	-0	0.103947	1.50754	-172.583	6.43132	
5.90517	0	0.272429	32.455	150.935	-0.639205	
13.2626	0	0.400852	-17.424	236.201	-0.944099	
-2.33058	-0	0.128673	-50.0842	-204.897	-10.9749	
-0.109178	-0	0.167448	41.9692	-53.7805	-36.5438	
0.124867	0	0.171533	14.2125	42.8182	-40.0317	
11.1461	0	0.36391	32.2025	187.364	-6.90023	
-2.30886	-0	0.129052	-77.1616	-169.753	10.8251	
-0.527034	-0	0.160154	27.4125	-37.5334	-3.44763	
-3.71072	-0	0.104582	23.089	-197.528	7.01345	
0.17867	0	0.172472	-83.1192	19.552	-89.2902	
22.4141	0	0.560594	-25.5709	220.633	-0.934028	
9.87984	0	0.341807	10.4238	179.205	6.12612	
16.3068	0	0.45399	25.7515	235.511	-2.03128	
-1.65247	-0	0.140509	-23.4503	-224.036	-5.35562	
-5.28771	-0	0.077056	-22.8439	-183.484	-11.2701	
14.2625	0	0.418306	10.7133	204.851	6.11922	
0.239731	0	0.173538	64.1876	77.7947	62.8319	
8.38504	0	0.315715	26.7455	215.195	2.10822	
-4.78239	-0	0.0858765	-49.6409	-190.331	7.39875	
10.6542	0	0.355323	7.04273	206.506	0.490283	
-0.0754624	-0	0.168036	18.9322	-21.7243	28.5084	
-3.49466	-0	0.108354	7.34124	-198.914	-6.95717	
-6.68245	-0	0.0527108	-22.2827	-210.616	-5.26161	
-2.49279	-0	0.125842	8.01725	-206.513	-2.94232	
-6.28069	-0	0.0597235	23.1404	-150.048	3.08841	
-0.0935458	-0	0.167721	10.619	-20.2089	-10.087	
1.77617	0	0.200357	3.54016	169.641	6.65962	
0.213127	0	0.173074	-27.0416	56.8584	-56.8504	
-4.05918	-0	0.0985001	12.7737	-169.788	-4.40772	
-0.154382	-0	0.166659	-8.87414	-62.9714	38.1315	
-6.11269	-0	0.062656	46.5841	-170.374	-6.78872	
-4.49037	-0	0.0909736	-14.7897	-195.097	-5.08352	
-4.12211	-0	0.0974018	-14.4633	-217.554	-5.55399	
8.61014	0	0.319644	0.139581	199.672	0.248441	
-3.96628	-0	0.100122	-11.6182	-229.924	-13.9286	
6.01636	0	0.274369	-5.78951	199.04	-1.36029	
12.6698	0	0.390506	-9.75501	227.91	2.69683	
-0.286847	-0	0.164346	84.9341	-39.252	-43.8195	
-4.96425	-0	0.0827021	-19.777	-208.408	9.48678	
-1.21396	-0	0.148164	-39.384	-146.637	-9.18862	
-5.10964	-0	0.0801642	-36.7079	-171.725	-4.09489	
0.0668953	0	0.170521	28.5122	24.9365	-44.7065	
22.7016	0	0.565611	-16.2731	228.673	-5.57061	
-0.180485	-0	0.166203	39.4448	-33.9339	-49.2397	
0.164127	0	0.172218	50.1151	28.2906	45.2813	
-4.31584	-0	0.0940201	10.8598	-194.323	-1.09086	
-0.291285	-0	0.164269	42.0963	-3.80075	-50.8845	
-3.60818	-0	0.106372	-33.7019	-148.618	-15.1296	
0.426709	0	0.176802	62.3734	65.2446	12.5499	
-3.34961	-0	0.110886	24.2533	-199.417	-0.533832	
-0.0762726	-0	0.168022	47.8507	-25.8427	-76.2221	
-3.30667	-0	0.111635	38.7472	-155.499	6.1322	
3.45638	0	0.229685	21.6687	207.269	-2.54229	
-6.22346	-0	0.0607224	15.0982	-211.176	10.108	
16.3048	0	0.453955	-0.141473	256.432	-2.36636	
1.80044	0	0.20078	-9.53561	188.642	-4.07391	
9.12695	0	0.328665	53.1223	224.38	-7.60299	
-0.306475	-0	0.164004	10.8972	-35.5558	26.1196	
-0.103195	-0	0.167552	24.3368	-33.1578	-32.9278	
15.5731	0	0.441182	16.3676	222.67	0.286448	
-0.253217	-0	0.164933	64.7157	-38.2906	-40.8973	
2.55014	0	0.213866	-75.4265	167.884	1.90846	
16.1468	0	0.451197	50.2288	238.22	-7.07768	
-3.35585	-0	0.110777	-15.8876	-187.067	16.3445	
-6.77372	-0	0.0511177	-29.5667	-197.916	-2.52923	
4.85587	0	0.254113	10.3701	201.073	9.38985	
-5.76403	-0	0.0687418	8.1386	-209.936	-6.51868	
-0.594359	-0	0.158979	-38.7352	-45.2341	0.215295	
-6.0139	-0	0.0643804	-0.586998	-180.073	11.2732	
-0.140337	-0	0.166904	70.6839	-42.2701	-85.9079	
11.3153	0	0.366863	-65.5583	232.206	6.88643	
9.37556	0	0.333004	1.66219	203.878	14.3155	
-2.20924	-0	0.130791	-33.3015	-191.193	2.01021	
-3.92721	-0	0.100804	-41.8837	-173.374	9.90039	
0.343833	0	0.175355	98.5658	-57.4584	42.2672	
7.53772	0	0.300925	9.86445	205.269	-0.598073	
-5.19481	-0	0.0786776	-26.5218	-189.067	0.704535	
-3.29144	-0	0.111901	-0.133676	-191.329	-13.8804	
-0.246312	-0	0.165054	67.9745	-55.7956	-62.6837	
-3.46804	-0	0.108819	7.32011	-183.177	4.63535	
3.94406	0	0.238197	26.4238	166.908	15.8611	
-0.0440551	-0	0.168584	-12.4487	9.86875	-111.898	
0.379228	0	0.175973	96.5252	-12.997	46.9551	
9.95196	0	0.343065	12.1653	191.394	1.52194	
-4.03356	-0	0.0989473	-35.9903	-176.846	-8.14806	
-0.801669	-0	0.15536	-8.74751	-182.176	18.5395	
-3.9994	-0	0.0995435	15.2412	-197.272	-5.52294	
-4.57762	-0	0.0894508	-23.5258	-212.268	2.50728	
8.18816	0	0.312278	-27.7205	223.732	0.642417	
11.5378	0	0.370746	-0.789589	256.741	1.85563	
-3.78651	-0	0.10326	-20.2109	-153.653	12.117	
0.131984	0	0.171657	-92.4803	70.2914	-80.6038	
-4.93303	-0	0.083247	5.65852	-170.523	12.5483	
-0.190272	-0	0.166032	-3.08697	-53.4682	21.897	
-2.07794	-0	0.133083	-23.6126	-208.606	-3.8242	
1.7129	0	0.199252	14.4838	184.11	-8.67486	
-0.0292423	-0	0.168843	-34.8668	-27.8018	-59.2203	
-1.65255	-0	0.140508	-49.4671	-202.259	7.48732	
-3.08466	-0	0.11551	-8.87688	-186.665	0.374822	
-5.38088	-0	0.0754297	-5.09343	-207.066	-7.99959	
-4.56231	-0	0.089718	-5.33859	-173.14	-3.27449	
6.02408	0	0.274504	15.9091	224.312	1.07092	
-5.78015	-0	0.0684606	-9.99159	-198.892	-3.76212	
14.5258	0	0.422902	-20.8743	273.045	-4.47078	
13.1848	0	0.399495	-57.2832	227.389	9.96862	
-0.205897	-0	0.165759	97.6546	-97.7182	-71.8045	
9.58815	0	0.336715	26.5933	193.953	1.85735	
-1.9546	-0	0.135236	-61.8538	-227.581	-2.89685	
14.4296	0	0.421223	24.6203	251.692	10.3076	
4.57993	0	0.249296	16.9547	187.718	4.90163	
-5.84926	-0	0.0672542	-0.953375	-171.965	-6.76534	
-5.17157	-0	0.0790834	-32.3211	-187.408	-7.20824	
4.05419	0	0.24012	42.1674	184.941	6.60206	
10.1608	0	0.346711	24.9446	200.078	4.52404	
-1.35709	-0	0.145665	70.8549	-253.162	-4.68788	
0.0641516	0	0.170473	7.20056	-5.52531	-25.5564	
-0.0876452	-0	0.167824	-47.247	1.21858	38.0151	
4.96514	0	0.25602	-22.7952	171.692	2.64648	
11.38	0	0.367992	-34.8687	228.441	-1.0703	
2.54521	0	0.21378	-20.5088	205.146	-8.76651	
22.7501	0	0.566458	44.3503	230.996	-3.46737	
8.66045	0	0.320522	-8.5205	208.422	-2.22214	
-0.338515	-0	0.163445	41.4536	42.6987	-43.8694	
-3.7349	-0	0.104161	-47.5507	-181.183	3.42811	
0.126022	0	0.171553	12.092	-6.87825	12.2286	
2.9152	0	0.220238	-18.0384	191.064	-14.05	
0.138866	0	0.171777	-96.05	53.2788	-149.824	
15.9245	0	0.447316	3.56666	220.434	-7.92399	
0.0966188	0	0.17104	7.05162	-52.2437	-49.4849	
-2.2832	-0	0.1295	-41.8582	-188.56	-4.93087	
2.08018	0	0.205663	43.1889	183.624	-11.7752	
11.6589	0	0.37286	-11.3615	241.885	6.75418	
8.03537	0	0.309611	-27.2819	187.872	2.93244	
-3.00729	-0	0.116861	-10.0505	-215.973	-0.308119	
0.116527	0	0.171387	96.1787	26.0225	101.795	
0.173028	0	0.172374	54.9751	-39.2411	13.3101	
0.398195	0	0.176304	33.5392	68.4296	28.9683	
-3.02531	-0	0.116546	-34.1028	-170.002	1.30589	
0.287407	0	0.17437	-30.5639	-78.3575	-10.9925	
-2.49569	-0	0.125791	-56.3465	-221.806	-14.5292	
-0.0509757	-0	0.168464	10.8495	-14.034	-7.17501	
-2.03976	-0	0.133749	74.6256	-238.382	-23.0002	
-4.40148	-0	0.0925253	46.4376	-179.522	-14.9791	
-0.370092	-0	0.162893	-53.189	-56.2615	43.7983	
-2.1178	-0	0.132387	-49.4228	-243.726	11.0762	
15.9743	0	0.448186	5.62599	243.275	-7.05736	
19.1433	0	0.5035	-41.7174	201.988	3.89624	
6.74613	0	0.287108	-59.9269	191.693	-2.06778	
1.0743	0	0.188105	59.6635	92.004	4.97533	
12.9665	0	0.395684	-20.5866	223.007	-0.238121	
8.77098	0	0.322451	-18.4194	259.429	-7.93629	
5.96155	0	0.273413	15.5067	182.966	-7.92892	
-0.177201	-0	0.16626	-13.5357	-39.9518	-23.3773	
4.27661	0	0.244002	-2.1437	176.179	-13.6867	
0.395902	0	0.176264	18.8455	44.8238	21.3656	
9.41673	0	0.333723	-11.9201	192.455	-11.0983	
-0.21989	-0	0.165515	-73.8459	-39.1334	32.8896	
-0.228108	-0	0.165372	196.743	77.1407	-184.512	
11.3259	0	0.367048	42.1073	207.041	-2.72366	
-1.63736	-0	0.140773	-63.4121	-217.225	7.74872	
0.241953	0	0.173577	-5.24872	67.54	13.892	
12.1203	0	0.380914	-13.9212	236.131	2.59084	
-6.07319	-0	0.0633455	-13.4455	-169.426	2.72349	
0.181689	0	0.172525	-9.90167	-36.6918	-31.846	
13.9967	0	0.413666	27.1932	221.291	-0.624489	
-2.30774	-0	0.129072	-16.8756	-168.102	-8.13898	
-5.39859	-0	0.0751206	-33.7259	-206.34	-4.10485	
0.0566903	0	0.170343	82.4228	-9.08974	110.549	
-4.7008	-0	0.0873007	-54.6773	-152.289	7.99014	
0.410757	0	0.176523	43.2549	11.704	0.418303	
-6.73818	-0	0.0517381	21.3405	-180.609	9.18914	
11.9155	0	0.377339	-2.74309	236.834	-2.65216	
17.092	0	0.467695	2.28173	222.651	-4.84596	
0.253045	0	0.17377	50.432	85.0824	45.198	
15.6286	0	0.442152	-20.7332	218.927	3.02918	
6.2138	0	0.277816	-2.64812	240.322	-2.49641	
11.4393	0	0.369027	4.92047	203.117	4.29967	
-4.72067	-0	0.0869538	-7.22269	-200.312	2.83143	
17.7759	0	0.479632	5.67634	254.773	12.4265	
3.55129	0	0.231341	-20.9807	203.568	-2.63181	
-1.83517	-0	0.13732	-2.93659	-238.466	1.18234	
6.12086	0	0.276193	33.9419	222.407	2.61012	
-0.162628	-0	0.166515	42.9287	-19.1999	-19.0215	
-3.01265	-0	0.116767	-31.566	-165.262	3.02457	
-2.21762	-0	0.130645	-16.0981	-195.27	-9.10167	
0.228816	0	0.173347	-52.5808	77.0917	-82.851	
7.07029	0	0.292766	27.0658	166.524	8.05511	
2.73429	0	0.217081	6.54762	220.462	10.388	
2.38781	0	0.211033	-34.6225	196.37	11.3301	
-0.246636	-0	0.165048	-126.431	31.7972	98.3643	
-5.76526	-0	0.0687204	-10.9334	-161.156	-5.31377	
3.69481	0	0.233847	-31.0534	176.814	5.22223	
7.12285	0	0.293683	22.5195	230.417	4.57425	
11.691	0	0.373421	-16.8328	223.928	-7.59433	
13.1735	0	0.399298	-21.9654	231.383	4.40098	
6.24708	0	0.278397	2.27898	205.593	-6.51376	
-3.08212	-0	0.115555	29.2309	-197.033	8.0174	
-2.68317	-0	0.122519	39.4707	-203.687	-3.52897	
-3.14314	-0	0.11449	-22.5982	-173.858	8.40886	
3.73593	0	0.234564	42.9343	226.248	-11.4104	
0.28836	0	0.174387	-35.2777	57.7532	-12.773	
-2.1882	-0	0.131158	-41.8566	-159.363	18.4797	
11.3912	0	0.368188	-1.10737	204.573	-2.87432	
-0.230463	-0	0.165331	24.5537	6.04477	-17.5797	
-0.135248	-0	0.166993	-108.632	-59.0673	111.529	
0.50917	0	0.178241	-31.171	66.6344	-16.7823	
5.80296	0	0.270644	-57.3462	198.508	10.3288	
-0.30836	-0	0.163971	-82.8004	-59.4638	62.8662	
-5.19328	-0	0.0787044	-6.08627	-187.638	0.891815	
-5.63338	-0	0.0710224	17.7461	-203.096	2.35599	
-3.54704	-0	0.10744	-22.4124	-202.97	2.54987	
-2.17026	-0	0.131471	-73.9075	-223.502	7.22867	
1.11169	0	0.188758	-68.7164	120.786	-1.59147	
2.28528	0	0.209243	-5.30277	212.972	6.3321	
-2.72995	-0	0.121702	49.1622	-191.309	-4.53224	
2.35948	0	0.210538	14.0911	245.048	15.9086	
-2.51736	-0	0.125413	69.7905	-176.657	15.4937	
5.1507	0	0.259259	31.1664	184.388	-11.8292	
16.3563	0	0.454854	37.4012	215.117	-3.93385	
7.30633	0	0.296886	-30.0047	221.398	-7.8957	
-5.76503	-0	0.0687245	-12.7495	-195.615	-3.74595	
13.6151	0	0.407006	-8.35598	259.265	-9.52195	
-3.2736	-0	0.112212	-5.90966	-179.809	1.48583	
6.64044	0	0.285263	5.4392	132.591	-2.73702	
-1.41174	-0	0.144711	1.95996	-162.757	-5.16987	
0.300061	0	0.174591	56.4527	82.3206	40.3712	
-2.47784	-0	0.126103	-14.0791	-201.781	11.4975	
-0.227696	-0	0.165379	-66.821	-8.29928	44.1497	
-4.70457	-0	0.0872349	-34.3763	-205.101	-0.22782	
13.553	0	0.405922	14.7771	236.507	3.28386	
2.09038	0	0.205841	-4.97547	223.272	-6.63475	
-5.73817	-0	0.0691933	-22.3522	-209.556	6.8774	
-1.77607	-0	0.138352	-7.88943	-205.238	-7.16687	
-2.90532	-0	0.118641	-24.1561	-194.336	-9.62459	
0.220346	0	0.1732	-53.0606	13.344	-66.2345	
-2.76534	-0	0.121084	-21.3352	-175.708	4.52765	
7.46814	0	0.29971	16.6149	213.999	3.05911	
3.02458	0	0.222148	15.4455	211.59	-0.267996	
-3.57871	-0	0.106887	60.9049	-226.214	18.5966	
7.65649	0	0.302998	20.6821	153.165	0.611352	
13.3018	0	0.401538	-26.0853	260.88	7.23994	
-2.63448	-0	0.123368	-60.5906	-151.946	17.8126	
2.91708	0	0.220271	14.1897	223.317	-0.376615	
9.65887	0	0.33795	-39.3715	198.352	-2.05581	
0.0641617	0	0.170473	-36.1113	-34.6662	32.7587	
16.9682	0	0.465535	3.46639	253.963	9.01551	
5.02807	0	0.257119	-28.823	217.863	-12.8822	
-3.26474	-0	0.112367	-31.3375	-216.668	-11.5423	
2.5023	0	0.213031	60.9642	220.244	-1.1925	
-4.05786	-0	0.0985231	7.79178	-143.956	6.00671	
7.2651	0	0.296166	21.4301	207.349	-4.75206	
0.100828	0	0.171113	-40.6332	-29.926	-58.9092	
0.348194	0	0.175431	-30.6577	74.7946	-29.1099	
18.4187	0	0.490854	-22.3248	252.797	5.92178	
-6.41525	-0	0.0573748	23.0502	-193.738	4.36003	
-4.29305	-0	0.094418	-53.823	-166.996	-1.91318	
-4.05959	-0	0.098493	18.5477	-174.601	5.20689	
-0.503915	-0	0.160558	-4.28446	-70.6917	12.7973	
9.96633	0	0.343316	-13.2465	233.291	1.94327	
2.23675	0	0.208396	40.5042	176.932	1.38296	
-1.98383	-0	0.134726	91.7172	-183.33	-10.7554	
15.9518	0	0.447793	-0.432082	215.998	-7.55524	
-0.290401	-0	0.164284	-119.286	-91.061	52.0237	
4.33417	0	0.245007	-1.67286	182.953	4.94824	
-0.186589	-0	0.166096	-78.3816	12.0114	59.904	
0.102365	0	0.17114	88.0135	-15.3555	154.661	
-3.77082	-0	0.103533	-1.72375	-184.663	-4.10174	
-1.86073	-0	0.136874	-15.4938	-234.328	-12.0823	
0.214715	0	0.173101	-96.7652	17.1676	-48.0657	
0.163667	0	0.17221	-16.5305	67.7331	-11.74	
-4.20018	-0	0.096039	44.9896	-216.819	-4.19952	
-4.48044	-0	0.091147	3.4854	-180.515	-8.28329	
-3.37271	-0	0.110482	-9.29234	-158.466	8.01627	
9.89115	0	0.342004	12.8917	191.492	5.61934	
4.62465	0	0.250077	15.6364	158.491	16.7785	
-0.479184	-0	0.160989	-82.747	-23.664	34.7718	
15.9331	0	0.447467	17.1869	236.129	-1.21601	
7.00717	0	0.291664	3.20362	204.671	1.2418	
0.124255	0	0.171522	-0.117729	39.569	29.1696	
13.2393	0	0.400445	-24.666	190.538	0.746605	
0.212402	0	0.173061	-11.7473	90.2498	-19.1494	
10.4284	0	0.351381	-17.1608	223.603	4.84606	
1.55264	0	0.196455	-0.599025	196.837	-2.65233	
-4.0924	-0	0.0979202	-2.97286	-215.029	-8.71222	
18.7526	0	0.496682	-6.38877	263.064	1.44643	
16.8515	0	0.463497	17.0772	241.662	-3.61458	
-0.158836	-0	0.166581	-39.857	-62.2062	61.4607	
11.3213	0	0.366968	-35.5234	190.42	3.51517	
14.1307	0	0.416006	-0.498699	215.472	5.19473	
-0.364194	-0	0.162996	14.4828	-15.1987	-19.529	
-0.247919	-0	0.165026	-12.848	-0.622331	-10.8027	
2.4497	0	0.212113	-4.63863	224.486	-4.06357	
0.462946	0	0.177434	-133.344	55.1926	-50.3324	
9.00892	0	0.326605	-6.9912	256.085	10.6043	
-1.55184	-0	0.142266	18.6955	-226.765	14.755	
4.39061	0	0.245992	36.8135	190.191	-1.71238	
-2.29863	-0	0.129231	-2.23691	-159.701	7.14754	
0.0952913	0	0.171017	-58.2568	14.186	-117.257	
-2.66863	-0	0.122772	-31.1067	-194.075	17.8079	
-4.33869	-0	0.0936212	48.5257	-171.995	0.267375	
0.108163	0	0.171241	17.456	45.5954	-6.03887	
-1.28299	-0	0.146959	-18.4013	-142.096	4.53704	
-5.58817	-0	0.0718115	23.4789	-226.931	11.7345	
2.26162	0	0.20883	-64.3475	162.9	-1.4501	
-2.59802	-0	0.124005	-18.2119	-186.646	4.92418	
16.6567	0	0.460098	-35.6806	216.449	-6.89801	
13.7608	0	0.409549	39.9459	249.669	6.61046	
3.70059	0	0.233947	-70.0947	215.522	-0.516678	
17.1512	0	0.468729	-16.9216	230.657	-5.32878	
1.72708	0	0.1995	20.0385	221.959	13.4312	
-2.59769	-0	0.124011	-42.9297	-171.889	-9.18156	
-2.78059	-0	0.120818	16.2096	-173.382	0.0302375	
-0.225868	-0	0.165411	-17.8991	-48.2507	65.0614	
10.1494	0	0.346513	18.6587	231.771	-13.2631	
8.33059	0	0.314764	-12.3681	184.381	-1.37629	
12.8512	0	0.393672	-2.01949	243.508	4.70229	
20.9273	0	0.534641	34.4264	216.237	13.2906	
0.313669	0	0.174829	-12.0718	80.5025	-26.5595	
-0.439886	-0	0.161675	-111.145	-9.46263	50.42	
-3.69824	-0	0.1048	7.38393	-192.409	7.75246	
-5.70579	-0	0.0697585	23.1069	-160.722	-12.3546	
-1.44473	-0	0.144135	-90.0398	-171.374	4.37066	
-4.04801	-0	0.0986952	-11.4569	-203.247	3.38124	
6.24513	0	0.278363	-40.5371	166.808	-5.39256	
-3.3967	-0	0.110064	22.0249	-190.394	-2.58088	
0.0897723	0	0.17092	-1.30624	-12.0432	36.8159	
-0.112109	-0	0.167397	-48.2211	45.5907	103.734	
-6.04984	-0	0.0637531	-8.67729	-190.463	-0.335154	
-3.01387	-0	0.116746	64.9238	-182.449	-9.60549	
0.349276	0	0.17545	-24.3275	91.894	-14.5723	
-3.13982	-0	0.114548	13.2049	-202.099	-0.088973	
8.04508	0	0.309781	45.8331	195.217	-3.06253	
-7.10646	-0	0.0453097	-37.6697	-220.752	8.46967	
-0.0674922	-0	0.168175	-57.379	34.8868	98.4028	
-2.35637	-0	0.128223	-42.6496	-208.675	-8.03928	
3.28915	0	0.226766	-66.8772	201.862	-4.45715	
-3.61038	-0	0.106334	-9.62068	-199.553	-15.2471	
-2.1566	-0	0.13171	43.8737	-187.713	0.987313	
0.198876	0	0.172825	33.6657	84.5503	48.9574	
-3.79617	-0	0.103091	-3.79737	-188.02	-6.69793	
-4.34612	-0	0.0934916	-8.40329	-191.679	5.61714	
0.369879	0	0.17581	-46.409	77.1874	-17.0074	
-0.133933	-0	0.167016	-51.89	-42.445	10.7223	
8.58945	0	0.319283	-36.5694	208.015	6.38615	
-3.14003	-0	0.114544	-14.9313	-146.937	-19.9014	
0.527008	0	0.178552	-32.3237	57.7904	-19.7665	
17.0532	0	0.467017	35.7902	284.961	5.8253	
10.337	0	0.349787	-18.5922	226.454	7.0141	
0.201485	0	0.17287	62.0319	8.31064	108.954	
4.65447	0	0.250597	-0.664957	206.871	-9.20228	
4.05977	0	0.240217	-7.06268	193.012	12.0325	
-2.19381	-0	0.13106	-61.9056	-222.326	-11.9398	
12.1433	0	0.381315	3.43259	235.55	5.8102	
-3.84353	-0	0.102264	42.2295	-164.249	-3.32048	
-3.5205	-0	0.107903	22.705	-185.866	7.04427	
-4.49643	-0	0.0908679	-2.51408	-196.481	-9.1903	
-0.247607	-0	0.165031	109.88	-67.5066	-74.9117	
-1.34916	-0	0.145804	31.3854	-192.482	-12.6443	
-2.48007	-0	0.126064	13.5553	-215.752	-3.25574	
-2.01114	-0	0.134249	-8.85538	-196.248	15.816	
0.332675	0	0.17516	-122.322	98.8572	-71.356	
-0.530038	-0	0.160102	-86.4995	-208.076	18.8289	
0.0468799	0	0.170172	35.8506	-5.44142	117.463	
-3.15857	-0	0.11422	-42.1409	-159.042	16.857	
-1.96567	-0	0.135042	-6.16853	-184.935	2.51916	
3.52626	0	0.230904	50.6504	204.417	6.25674	
-5.90257	-0	0.0663237	47.5022	-152.957	7.53695	
-2.3321	-0	0.128646	-12.9305	-190.744	8.77243	
-0.520886	-0	0.160261	57.831	-95.534	-15.6203	
0.0578501	0	0.170363	33.319	9.28919	100.107	
-2.42644	-0	0.127	1.28807	-212.179	2.27293	
7.57155	0	0.301515	-7.0287	187.416	0.200854	
17.3193	0	0.471663	-11.6953	236.591	-0.00408221	
7.09485	0	0.293195	8.44627	208.284	7.33688	
6.04812	0	0.274924	-60.3054	215.556	1.48357	
-3.27479	-0	0.112192	46.3636	-161.637	17.9259	
13.7013	0	0.408511	79.1296	198.241	-10.136	
-3.76211	-0	0.103685	-6.65357	-201.581	9.64953	
-0.115066	-0	0.167345	45.0195	-64.6662	-79.9798	
-1.83359	-0	0.137348	59.5489	-193.376	-4.25434	
-2.40081	-0	0.127447	10.2878	-216.874	-5.55217	
-5.08565	-0	0.080583	2.17248	-215.19	4.6047	
-0.607789	-0	0.158744	-99.1943	-35.6832	36.9521	
15.6597	0	0.442694	-51.187	246.201	-4.53354	
-0.251714	-0	0.16496	-134.292	-59.7159	68.7372	
-4.6965	-0	0.0873757	39.0773	-161.682	6.84507	
-4.14954	-0	0.096923	-51.7569	-172.633	-4.43476	
10.2379	0	0.348057	6.29158	189.676	7.32369	
-2.79345	-0	0.120594	-49.787	-211.575	7.25359	
-3.39816	-0	0.110038	28.1021	-189.37	13.5052	
-0.149717	-0	0.16674	21.9915	19.3878	16.2693	
-7.45621	-0	0.0392048	-6.35443	-221.747	-1.6728	
2.80772	0	0.218362	-6.99943	137.223	-1.76396	
4.70961	0	0.25156	6.28245	224.824	-4.45152	
-2.64996	-0	0.123098	8.62186	-199.507	21.8159	
0.246276	0	0.173652	-45.1377	46.3138	23.6532	
16.7005	0	0.460862	-1.13673	231.741	-4.96149	
0.120022	0	0.171448	46.9339	-10.476	112.867	
18.7974	0	0.497463	2.9564	226.247	0.912786	
0.209579	0	0.173012	-84.3974	74.191	-46.2155	
-4.62649	-0	0.0885976	-25.8803	-158.663	-12.4508	
-2.93073	-0	0.118197	-16.6749	-184.804	0.32835	
15.6489	0	0.442506	14.2112	227.417	-7.15781	
-1.9321	-0	0.135628	35.2188	-170.223	9.66412	
3.41169	0	0.228905	-11.0609	197.792	-5.35735	
6.39804	0	0.281032	-2.41352	187.919	4.19313	
-0.188323	-0	0.166066	-78.8294	61.0243	90.9227	
-1.86762	-0	0.136754	20.7945	-183.067	12.6212	
0.137189	0	0.171748	-38.0893	9.91199	24.5442	
4.03889	0	0.239852	42.2251	183.611	-5.97948	
-3.75257	-0	0.103852	15.8419	-186.738	3.24505	
15.6085	0	0.441801	-24.2131	261.56	-3.50402	
8.51755	0	0.318028	-6.92134	200.181	-2.59183	
-0.253097	-0	0.164936	137.69	77.1088	-56.7281	
-0.140543	-0	0.1669	-96.3108	16.2737	120.764	
-1.21334	-0	0.148174	-36.2629	-253.205	-0.427469	
-3.15108	-0	0.114351	-19.2487	-179.277	-3.78964	
4.39047	0	0.245989	-43.2086	205.151	-1.90274	
4.98627	0	0.256389	50.6023	211.742	-8.79309	
0.186332	0	0.172606	-46.2391	16.0586	-77.485	
8.31628	0	0.314515	-8.85679	203.299	-0.706902	
11.9416	0	0.377796	-4.04525	191.785	1.458	
-3.61208	-0	0.106304	50.9985	-152.54	8.59992	
8.8311	0	0.323501	-7.72429	236.418	-0.200355	
9.11811	0	0.328511	7.95138	218.51	9.40617	
-4.80459	-0	0.0854889	7.8311	-172.816	18.6672	
0.0948172	0	0.171008	-36.4432	-3.45482	-71.8623	
-0.724579	-0	0.156706	-53.1245	-176.198	21.2069	
12.9978	0	0.396231	40.6316	227.962	9.53289	
0.246148	0	0.17365	-76.3309	78.6752	-40.1155	
-2.05175	-0	0.13354	25.8394	-220.82	5.26532	
-6.23941	-0	0.0604442	46.3925	-184.28	6.82353	
16.1325	0	0.450946	-20.0617	259.044	6.38453	
0.186491	0	0.172609	2.55225	63.3607	-37.4566	
-4.25114	-0	0.0951495	14.2257	-191.474	-3.17649	
0.0952866	0	0.171017	-20.7682	22.2414	60.919	
-2.42716	-0	0.126987	12.6422	-188.425	7.06398	
-3.99268	-0	0.0996609	23.7825	-208.908	-0.631495	
-3.64789	-0	0.105679	-39.9782	-185.371	7.29948	
-4.09487	-0	0.0978771	11.0571	-187.539	-4.23311	
-0.0365695	-0	0.168715	38.4112	-22.073	22.192	
-2.97993	-0	0.117338	-14.1229	-183.848	14.2881	
6.77898	0	0.287681	-8.43388	191.491	-5.09723	
-2.35743	-0	0.128204	-49.3107	-219.421	-7.07204	
-0.282998	-0	0.164414	65.6053	-83.2094	-29.0348	
18.2096	0	0.487204	-19.2624	211.786	-2.81079	
-0.279287	-0	0.164478	-15.644	-61.5385	-13.6417	
-0.5575	-0	0.159622	33.9673	-135.215	1.72186	
10.1347	0	0.346256	25.5308	218.667	1.51477	
0.224475	0	0.173272	10.7378	69.9979	-12.0593	
6.6547	0	0.285512	28.3691	179.89	-2.54587	
-4.81648	-0	0.0852813	-8.34398	-165.277	6.0133	
-0.0901715	-0	0.167779	29.1442	-23.9717	1.38893	
16.8294	0	0.463112	29.6935	224.731	-0.565299	
5.30316	0	0.26192	3.83025	189.983	7.73582	
0.0915985	0	0.170952	4.90275	49.1744	-35.1371	
-0.386207	-0	0.162612	90.2521	-54.1596	-24.9998	
8.67423	0	0.320763	-19.4517	202.672	4.46233	
0.208171	0	0.172987	-114.629	0.966943	-116.638	
-2.28703	-0	0.129433	41.7939	-202.718	9.1615	
-3.9422	-0	0.100542	56.4341	-173.766	-4.06267	
9.62243	0	0.337314	-12.5147	216.594	7.33419	
-3.62973	-0	0.105996	4.57885	-230.062	-9.14051	
-3.14264	-0	0.114498	54.635	-200.283	10.4784	
-2.34315	-0	0.128454	-8.25296	-182.088	13.7856	
0.116214	0	0.171382	2.21175	0.528556	79.7857	
-4.90595	-0	0.0837197	-40.5683	-219.682	-25.994	
-0.211177	-0	0.165667	-34.3273	-88.684	23.3467	
-2.92422	-0	0.118311	62.2565	-212.813	5.69317	
8.20918	0	0.312645	-56.3159	204.207	-4.81111	
-7.42184	-0	0.0398046	-32.7169	-204.19	-4.93609	
0.178643	0	0.172472	5.72136	28.4122	1.16556	
5.10076	0	0.258387	52.7199	165.721	-3.42461	
-0.0793065	-0	0.167969	41.5579	-86.0411	-66.8676	
0.285197	0	0.174332	-54.4741	73.6222	-63.2177	
-3.13787	-0	0.114582	-2.72854	-219.872	3.33478	
-0.393222	-0	0.16249	-8.66243	-25.1249	15.7873	
-1.64079	-0	0.140713	40.6932	-194.057	12.8239	
16.6825	0	0.460548	15.8062	215.324	-1.96545	
-2.5733	-0	0.124436	-52.2013	-120.552	-0.7292	
-3.11716	-0	0.114943	-59.9871	-187.702	-4.24629	
0.188676	0	0.172647	139.392	51.7025	99.0941	
10.301	0	0.349159	-11.6507	205.075	-14.4043	
0.0675678	0	0.170533	63.5019	-6.49217	28.4682	
15.7156	0	0.44367	-32.0723	246.249	-0.294865	
-3.38633	-0	0.110245	-32.7741	-212.93	-6.38723	
9.37705	0	0.33303	-21.7932	204.289	7.61507	
0.215331	0	0.173112	156.758	53.5237	91.6504	
-5.6907	-0	0.0700218	-15.5956	-166.396	1.8089	
-2.46494	-0	0.126328	-6.66829	-174.72	13.8096	
6.67606	0	0.285884	-18.3339	237.903	-3.64128	
15.1773	0	0.434274	1.73999	237.955	-8.69524	
7.31056	0	0.29696	44.9614	217.55	-10.1472	
7.545	0	0.301052	-8.08935	193.938	-14.7387	
18.5951	0	0.493931	17.7724	236.71	0.206128	
12.864	0	0.393895	-16.9078	258.438	-9.00521	
0.305787	0	0.174691	10.785	60.9672	48.8594	
0.30455	0	0.174669	-138.879	1.5228	-47.2856	
0.281459	0	0.174266	92.5221	26.0923	99.3943	
-3.75478	-0	0.103814	-20.899	-184.143	6.33688	
11.5131	0	0.370316	-32.0459	213.219	1.78919	
17.6613	0	0.477632	-40.7218	245.114	1.17985	
4.57112	0	0.249143	-30.1459	170.579	-0.378594	
-1.5041	-0	0.143099	-47.2084	-166.361	-8.03088	
-4.4844	-0	0.0910778	25.8677	-217.427	6.84081	
-0.210673	-0	0.165676	207.967	-5.19916	-201.139	
0.34603	0	0.175393	5.96178	82.7414	18.6858	
-0.302339	-0	0.164076	-50.6067	53.947	17.1624	
-0.152179	-0	0.166697	66.6912	-4.54342	6.3118	
-0.141534	-0	0.166883	132.765	-41.804	-120.66	
5.13003	0	0.258898	11.8216	206.331	17.412	
-6.63329	-0	0.0535688	-64.2367	-216.974	4.34341	
0.298781	0	0.174569	142.951	53.8586	79.3041	
12.6875	0	0.390815	20.4683	247.83	9.49541	
6.69222	0	0.286167	-7.986	182.914	6.99793	
0.10895	0	0.171255	39.0945	3.53391	47.6416	
-4.66699	-0	0.0878907	45.2681	-150.467	-9.70896	
0.303812	0	0.174656	105.873	94.2937	59.698	
0.261553	0	0.173919	11.0366	-38.4189	3.83259	
6.11268	0	0.276051	-18.3734	174.167	-4.50074	
-3.4222	-0	0.109619	29.7375	-214.065	-11.5346	
12.613	0	0.389515	4.06713	214.31	4.51557	
-0.133272	-0	0.167027	-90.3449	-42.3622	73.0648	
-5.4362	-0	0.0744642	3.3887	-192.642	1.89134	
8.90191	0	0.324737	1.61124	214.121	-3.57869	
0.163802	0	0.172213	-49.6713	46.2905	-24.3965	
9.62625	0	0.33738	3.21572	224.096	9.42843	
0.315787	0	0.174865	70.9444	54.0376	48.6786	
-5.42539	-0	0.0746529	-19.852	-192.393	-9.03835	
0.295503	0	0.174511	-42.5895	89.6847	-5.52748	
5.25703	0	0.261115	-18.5173	154.158	9.31765	
-1.80298	-0	0.137882	51.9845	-155.451	-1.11733	
-1.47269	-0	0.143647	-62.9383	-189.192	17.7606	
6.31724	0	0.279621	-25.8156	180.438	-6.61683	
-4.74526	-0	0.0865246	2.20306	-242.491	8.25392	
-0.162283	-0	0.166521	-28.6603	-38.966	18.4826	
0.188654	0	0.172646	72.4797	51.2741	107.643	
-0.094499	-0	0.167704	83.9298	28.203	-167.965	
-3.86543	-0	0.101882	62.3358	-198.632	5.4022	
-6.29198	-0	0.0595264	49.5122	-216.803	5.7007	
-2.58526	-0	0.124227	-43.0534	-169.544	0.93788	
14.8113	0	0.427886	-17.0784	225.742	7.19881	
-4.82966	-0	0.0850514	-16.6772	-172.583	1.82714	
0.115441	0	0.171368	-31.7908	58.8362	-20.7314	
-0.269693	-0	0.164646	-108.715	-22.4251	26.68	
-3.31935	-0	0.111414	31.0083	-235.39	-16.2452	
0.0429552	0	0.170103	49.6718	41.4766	145.358	
3.71223	0	0.234151	8.49305	180.984	-12.3205	
-0.0997794	-0	0.167612	5.66781	2.58636	-51.1176	
-0.0575239	-0	0.168349	45.5964	-0.32972	-170.741	
-1.84471	-0	0.137154	-69.6388	-221.616	1.36052	
18.5033	0	0.49233	-41.2161	263.143	7.69019	
4.84584	0	0.253938	-19.6811	190.946	-3.25397	
0.146691	0	0.171914	100.593	71.7953	93.6076	
-2.9293	-0	0.118222	-18.0082	-209.571	-1.40984	
-0.448716	-0	0.161521	150.199	-26.8679	-50.6574	
12.001	0	0.378832	-16.8553	207.877	0.0138081	
0.245214	0	0.173634	-25.4814	-47.4582	1.09744	
-0.281264	-0	0.164444	10.685	-85.1227	16.1032	
-0.0572305	-0	0.168354	-54.4589	7.6367	109.344	
3.24807	0	0.226049	-42.3828	149.646	-11.5046	
-0.268976	-0	0.164658	34.5141	-89.3371	-13.4984	
0.0964552	0	0.171037	38.0119	42.9362	48.9031	
-0.462718	-0	0.161277	53.1871	-42.7309	-13.7157	
12.4289	0	0.3863	10.4063	202.958	-2.27168	
1.60676	0	0.197399	-59.7772	219.184	-1.67295	
-1.43997	-0	0.144219	0.656042	-162.752	-6.67951	
2.90516	0	0.220063	19.566	178.849	14.9476	
0.534637	0	0.178686	56.7922	5.06858	6.03352	
-2.54783	-0	0.124881	21.3996	-170.911	-19.041	
17.9069	0	0.48192	19.0116	223.134	5.21681	
4.75826	0	0.252409	55.5687	159.726	-4.15579	
-3.09397	-0	0.115348	57.7044	-173.088	1.50747	
9.84449	0	0.34119	-51.7423	186.456	-8.84118	
-6.3907	-0	0.0578033	5.76603	-183.994	-14.2825	
18.6074	0	0.494148	11.1608	226.077	-1.68111	
-2.21529	-0	0.130685	26.6307	-179.809	-3.67223	
16.307	0	0.453993	10.0557	264.047	-1.57723	
-4.00618	-0	0.0994252	-7.30693	-164.359	-1.0829	
-3.15775	-0	0.114235	57.2261	-213.128	-17.0036	
-5.89895	-0	0.0663868	-28.1185	-179.495	-2.42501	
-3.73457	-0	0.104166	11.8874	-173.422	1.21614	
-2.647	-0	0.12315	-24.6521	-159.456	5.5435	
-4.15031	-0	0.0969095	-30.3971	-194.142	16.8754	
7.81696	0	0.305799	-7.45997	185.96	-0.632044	
-0.417468	-0	0.162066	-123.587	-64.0162	27.2431	
-1.49682	-0	0.143226	6.09872	-209.964	-7.7631	
-2.65913	-0	0.122938	12.6182	-171.69	26.1882	
-4.96553	-0	0.0826797	9.8868	-195.876	-11.7068	
0.379223	0	0.175973	26.3134	33.0093	-1.70258	
4.90323	0	0.25494	27.0543	168.353	7.25232	
-3.63709	-0	0.105868	-30.6683	-197.776	-8.22174	
-0.271556	-0	0.164613	-40.5585	-65.2392	-11.5527	
4.02461	0	0.239603	13.3296	163.224	0.369256	
0.12748	0	0.171579	-11.2004	71.3106	-39.6241	
2.644	0	0.215505	-1.01896	171.788	-1.70133	
-0.0355595	-0	0.168733	7.97107	11.0361	58.1553	
-2.32128	-0	0.128835	-23.8802	-214.703	-8.68138	
-1.44406	-0	0.144147	4.76177	-195.124	-8.62095	
0.131322	0	0.171646	-15.3085	86.6092	-40.0446	
15.1254	0	0.433369	26.969	222.894	5.90036	
0.666799	0	0.180992	-3.08762	29.8158	-12.2932	
15.7402	0	0.4441	54.1877	220.792	3.56312	
8.66097	0	0.320531	54.4349	227.657	3.06981	
3.00036	0	0.221725	-23.9476	190.149	9.79348	
-7.0537	-0	0.0462305	-38.9514	-221.735	-5.60465	
0.460554	0	0.177392	76.8788	83.9877	38.6276	
-0.148959	-0	0.166753	59.9125	-74.183	-38.7674	
0.381932	0	0.17602	-54.0883	82.1434	-26.7168	
-0.178124	-0	0.166244	3.92209	-69.2529	13.3702	
-0.393997	-0	0.162476	-79.2197	-17.8497	49.3409	
12.9099	0	0.394696	14.3208	276.274	0.22422	
12.2642	0	0.383425	-16.2044	235.411	-8.21963	
-1.56754	-0	0.141992	53.0114	-206.875	-3.35019	
-4.60129	-0	0.0890376	-30.5408	-173.799	5.32802	
-7.22873	-0	0.0431754	-3.23434	-179.36	-3.51032	
-6.83189	-0	0.0501024	-2.15957	-233.555	-1.31429	
-1.80788	-0	0.137797	-52.8329	-144.31	8.2775	
-4.38242	-0	0.0928579	-38.7149	-210.07	-9.56019	
0.391132	0	0.176181	-67.1149	40.7018	-53.7184	
4.37138	0	0.245656	18.2009	173.792	-6.5293	
-3.14748	-0	0.114414	-35.1213	-164.403	-7.82559	
8.83346	0	0.323542	7.47262	203.261	5.02041	
14.4367	0	0.421348	-22.5903	231.441	-3.23904	
0.170293	0	0.172326	-85.1155	-30.6375	-118.687	
-1.8489	-0	0.137081	-29.1511	-208.622	17.3383	
11.6156	0	0.372105	5.61783	184.622	-1.51491	
0.37601	0	0.175917	-137.354	59.2029	-92.9269	
-1.64076	-0	0.140714	17.6405	-179.809	-5.04098	
-1.94375	-0	0.135425	-66.361	-186.956	-11.5426	
-0.369479	-0	0.162904	-113.788	-39.934	70.2694	
-6.14226	-0	0.0621398	-0.208315	-163.731	-3.11734	
-3.05966	-0	0.115947	-31.1916	-191.963	6.89929	
-2.71807	-0	0.121909	-19.6422	-208.862	1.76184	
-0.250156	-0	0.164987	-33.9687	-74.6201	25.942	
-0.176066	-0	0.16628	18.2266	-74.7745	-42.8999	
-2.39639	-0	0.127524	37.4061	-216.688	6.35792	
-2.98017	-0	0.117334	78.8916	-171.527	-1.04214	
-0.416632	-0	0.162081	-81.7217	-76.5511	28.6528	
12.2862	0	0.38381	-20.3064	255.112	0.343099	
-2.1842	-0	0.131228	-20.9743	-236.918	-8.50712	
-1.80211	-0	0.137897	21.1874	-241.544	-1.29045	
-2.38453	-0	0.127731	-51.0602	-214.189	2.40373	
3.58129	0	0.231865	-37.8397	209.452	-0.778434	
0.0643016	0	0.170476	-36.9433	56.6207	-134.621	
-4.15581	-0	0.0968134	13.4717	-198.771	-17.3676	
0.533146	0	0.178659	116.689	51.927	49.1889	
-0.159996	-0	0.166561	86.9461	-46.6131	-42.4009	
-1.58103	-0	0.141756	4.2251	-213.306	-17.3352	
9.85212	0	0.341323	0.536385	222.054	-4.25352	
-4.13581	-0	0.0971625	-52.1494	-177.422	4.95495	
3.20249	0	0.225253	39.5691	201.238	8.0523	
-0.0927083	-0	0.167735	-12.5388	-12.5417	61.0857	
6.89446	0	0.289697	69.2006	221.637	3.91522	
0.290942	0	0.174432	118.533	80.7602	50.6065	
-5.91482	-0	0.0661098	36.8583	-172.858	11.8433	
-0.333274	-0	0.163536	-95.5149	-93.6603	40.6194	
-4.81603	-0	0.0852893	52.772	-188.948	-0.55141	
4.18491	0	0.242401	7.55562	256.394	4.73669	
-0.340917	-0	0.163403	-110.884	-28.5305	33.3534	
-3.93075	-0	0.100742	7.49473	-155.228	10.3221	
8.71892	0	0.321543	58.1594	211.917	-1.21712	
16.2054	0	0.45222	18.5375	216.811	0.196933	
-4.47314	-0	0.0912744	17.6401	-172.38	10.4946	
1.24911	0	0.191157	69.2825	149.242	9.24647	
19.9726	0	0.517977	-6.7088	244.688	4.30672	
-4.10326	-0	0.0977307	-1.80733	-185.622	-11.8964	
-3.43393	-0	0.109414	21.8939	-183.097	-2.82596	
14.6109	0	0.424387	23.1249	212.984	3.12382	
-0.105153	-0	0.167518	1.2753	29.6581	1.0897	
-2.11665	-0	0.132407	-4.53	-187.038	0.262975	
0.306676	0	0.174706	35.0452	0.496945	36.5577	
-3.2326	-0	0.112928	41.5476	-195.162	1.83174	
-4.88505	-0	0.0840846	-13.2492	-231.287	1.55713	
-0.344908	-0	0.163333	-4.19617	-80.8945	-4.54082	
-0.252684	-0	0.164943	137.639	-68.1936	-65.08	
-4.72997	-0	0.0867914	-0.906734	-211.44	-4.62116	
-1.39898	-0	0.144934	-1.0903	-201.878	-15.9392	
6.39279	0	0.28094	43.6838	197.996	2.1699	
0.0741041	0	0.170647	-36.8068	-43.7683	-127.612	
-4.65868	-0	0.0880358	-40.4096	-202.884	-4.05798	
-4.16116	-0	0.0967201	9.15636	-174.939	-5.64016	
0.207585	0	0.172977	79.2923	52.4462	53.4132	
-4.33222	-0	0.0937342	27.6882	-173.613	7.25467	
20.7741	0	0.531967	-13.8752	221.801	6.25313	
0.070048	0	0.170576	-26.2932	22.7939	-133.434	
10.0877	0	0.345434	-41.7191	181.644	-0.653471	
-3.58644	-0	0.106752	76.8241	-181.757	-21.3058	
5.64908	0	0.267958	-22.6074	208.65	1.26979	
-3.93672	-0	0.100638	24.1886	-165.314	6.72221	
5.05534	0	0.257595	-42.8805	211.973	-3.07055	
-0.23192	-0	0.165305	113.205	-59.0199	-75.2312	
8.84941	0	0.32382	-0.86879	209.968	2.62635	
-1.92634	-0	0.135729	125.184	-188.156	0.500526	
-1.57502	-0	0.141861	-27.1347	-175.391	2.90633	
8.0242	0	0.309416	21.249	164.344	2.64557	
-0.0472481	-0	0.168529	-24.2875	-32.8038	9.36437	
-1.40742	-0	0.144787	35.4279	-178.415	-12.3291	
4.78636	0	0.2529	33.9162	202.384	-15.1551	
-4.81162	-0	0.0853663	-4.30327	-200.902	-2.10142	
0.196747	0	0.172788	4.00043	-1.46327	24.0096	
0.485581	0	0.177829	58.7443	13.4637	8.06486	
-0.138318	-0	0.166939	-31.8384	42.2006	13.815	
-2.85853	-0	0.119458	36.7689	-204.73	-23.4542	
-4.90657	-0	0.0837088	1.76492	-159.003	1.74875	
-5.94241	-0	0.0656282	18.0354	-180.596	-0.460166	
-2.63794	-0	0.123308	-5.59807	-218.764	19.1314	
-6.85799	-0	0.0496466	11.7873	-159.419	-17.7886	
14.9237	0	0.429848	13.1097	211.021	3.65164	
-4.21221	-0	0.095829	7.97655	-177.308	-12.1056	
-2.24886	-0	0.130099	-33.4158	-187.651	6.25876	
-5.51394	-0	0.0731073	34.4515	-184.86	-8.62304	
3.94122	0	0.238148	32.98	211.764	6.5419	
4.65837	0	0.250665	22.7881	164.744	-6.17705	
-4.08483	-0	0.0980524	-43.0392	-170.874	8.93259	
5.41787	0	0.263923	47.187	192.741	3.09487	
-2.98287	-0	0.117287	-24.015	-187.511	8.75033	
0.236901	0	0.173489	138.694	82.3853	100.738	
-2.42077	-0	0.127099	6.67486	-194.051	-7.90937	
-1.7825	-0	0.13824	-27.7303	-193.107	-7.24359	
-0.222494	-0	0.16547	-40.134	-40.4271	13.6311	
10.5277	0	0.353115	-44.5054	205.393	-11.1249	
-0.118824	-0	0.167279	-75.3392	-24.2962	159.001	
0.409646	0	0.176504	-15.0817	24.0753	-28.9712	
-0.237322	-0	0.165211	20.8118	-47.0547	31.2294	
-1.5737	-0	0.141884	0.631605	-149.778	-9.10246	
-1.92772	-0	0.135705	12.3165	-213.659	-3.12842	
3.7837	0	0.235398	26.0828	195.761	6.79847	
-4.05059	-0	0.0986501	1.93025	-198.851	-1.14133	
0.292912	0	0.174466	28.699	64.6923	23.884	
-0.107952	-0	0.167469	-22.8831	-8.64424	82.544	
-0.0134973	-0	0.169118	-33.8005	-24.4152	80.0849	
15.8368	0	0.445786	-15.7265	213.962	0.579127	
8.06844	0	0.310189	6.09959	197.289	-11.4941	
-4.35516	-0	0.0933338	-44.5473	-197.678	-1.31241	
-0.285365	-0	0.164372	84.6557	19.5033	-72.3664	
8.50856	0	0.317871	-0.853231	181.176	-7.5591	
1.66744	0	0.198459	-51.4567	242.239	-9.87621	
-0.270428	-0	0.164633	-67.6694	-54.6608	61.4121	
-5.74805	-0	0.0690208	34.5833	-226.921	18.8192	
-5.12406	-0	0.0799126	35.4372	-189.094	-2.43346	
14.2411	0	0.417932	-22.1336	207.78	1.73048	
0.331079	0	0.175132	89.0408	27.6836	44.9644	
0.305221	0	0.174681	156.039	28.0047	72.668	
-5.60856	-0	0.0714557	11.3721	-211.569	15.3589	
-5.10354	-0	0.0802707	-8.73181	-169.29	3.39305	
0.247698	0	0.173677	-67.8814	78.6404	-49.8491	
-3.16876	-0	0.114042	-37.3802	-188.434	-1.01831	
14.1698	0	0.416688	-17.5972	225.151	2.68292	
-3.25107	-0	0.112606	-15.2152	-139.881	7.12757	
-0.187891	-0	0.166074	-67.9369	7.63283	111.347	
-1.36344	-0	0.145555	-36.4554	-182.619	4.3504	
-5.42651	-0	0.0746333	-71.0021	-185.163	-2.33638	
4.11723	0	0.24122	5.61717	165.963	-7.14677	
-4.41035	-0	0.0923704	16.7419	-210.175	-16.5091	
15.9001	0	0.446891	41.0684	255.399	6.33797	
-2.79644	-0	0.120541	-30.6951	-174.528	-4.55396	
-2.68727	-0	0.122447	29.0165	-202.447	18.4503	
