10 15
14.039	0.414405	0	35.9213	7.82078	257.11	
11.6186	0.372156	0	1.0111	1.44603	237.843	
0.133872	0.17169	0	94.2957	104.403	73.6542	
4.15463	0.096834	3.14159	-30.2588	2.59384	204.908	
0.408394	0.176482	0	56.1402	35.6567	91.0113	
12.031	0.379355	0	-18.576	-1.80205	214.228	
3.43388	0.109415	3.14159	-24.3311	-6.14919	159.625	
7.14038	0.0447175	3.14159	-6.96592	-2.27744	186.104	
0.187444	0.172625	0	-8.52418	20.511	2.0916	
0.180957	0.166195	3.14159	-63.9414	-124.152	36.8431	
1.58942	0.14161	3.14159	17.9405	-3.7459	197.284	
0.229296	0.165351	3.14159	-11.2298	-2.59399	51.2492	
3.33555	0.111131	3.14159	-14.83	4.95368	204.352	
5.58676	0.0718361	3.14159	29.1038	12.9855	187.648	
2.14438	0.206784	0	-26.4644	-12.8189	218.597	
4.29822	0.0943276	3.14159	-18.2946	13.9512	197.982	
6.01504	0.0643605	3.14159	50.1044	2.89892	202.789	
10.991	0.361202	0	-7.04432	1.90035	197.291	
5.645	0.267887	0	-9.04002	-8.65812	172.048	
9.13629	0.328828	0	26.1733	1.65136	223.652	
10.2855	0.348888	0	21.8617	-8.99229	185.159	
6.59049	0.284391	0	-22.2823	-1.54071	171.483	
3.83997	0.102326	3.14159	32.57	-3.60337	194.61	
4.62604	0.0886056	3.14159	9.5763	1.77095	153.854	
2.56646	0.214151	0	-45.7294	1.88149	179.941	
4.22	0.095693	3.14159	0.255203	3.31712	183.033	
4.93939	0.0831359	3.14159	28.2762	-6.6123	169.401	
2.20144	0.130927	3.14159	-2.2939	-9.79745	158.305	
4.85431	0.0846211	3.14159	-20.4008	-4.34081	185.265	
0.42592	0.176788	0	57.8231	22.6615	83.7903	
16.1655	0.451524	0	23.7228	1.15011	245.014	
0.121581	0.171476	0	-79.6187	-59.0795	51.3691	
2.14399	0.13193	3.14159	1.994	-18.7739	225.951	
8.26456	0.313612	0	1.50634	-4.69366	232.879	
18.245	0.487821	0	20.5255	2.10451	247.781	
4.91566	0.0835502	3.14159	12.4183	-6.94094	191.673	
0.235464	0.173463	0	-59.8354	-95.1433	49.2535	
1.46103	0.143851	3.14159	-31.6523	-13.8107	177.283	
4.91842	0.083502	3.14159	4.01095	9.16412	185.556	
0.361895	0.17567	0	-36.2045	4.42388	63.1341	
0.081855	0.170782	0	49.0867	85.7372	-49.1215	
2.07038	0.133215	3.14159	77.5095	-13.7066	198.321	
15.0921	0.432786	0	52.5774	3.01634	238.258	
3.55632	0.107278	3.14159	-45.9356	-13.8922	167.965	
0.766194	0.155979	3.14159	34.7417	19.4865	190.176	
2.83795	0.119817	3.14159	-8.03852	-8.82056	136.617	
3.42105	0.109639	3.14159	32.5278	-3.63526	187.724	
3.44389	0.10924	3.14159	-31.0977	-7.79596	218.872	
4.60024	0.0890559	3.14159	-35.5843	3.55814	187.421	
4.48563	0.0910564	3.14159	-57.1945	-7.7272	210.685	
0.209697	0.173014	0	90.1212	33.4124	35.7804	
15.3597	0.437458	0	11.9351	-1.17474	231.818	
5.33333	0.262447	0	3.15695	-2.00836	203.875	
2.78156	0.120801	3.14159	-45.9032	17.5916	192.119	
1.043	0.151148	3.14159	-11.1503	-15.0002	242.026	
6.11609	0.0625967	3.14159	-16.9069	-0.888463	227.74	
0.292879	0.174466	0	27.9872	2.48217	22.3325	
17.3915	0.472923	0	0.852772	-0.457003	240.458	
9.11051	0.328378	0	27.145	-3.83537	210.097	
9.25719	0.330938	0	21.0294	3.28452	214.954	
11.8677	0.376504	0	14.3591	9.13054	263.16	
0.283302	0.174298	0	-6.10398	-4.18625	95.513	
2.87489	0.119172	3.14159	4.41554	11.339	177.192	
17.9982	0.483513	0	-23.5245	-2.48301	232.612	
3.29348	0.226841	0	-4.64742	-2.63099	188.855	
0.0124196	0.169137	3.14159	25.0942	131.904	-14.9346	
3.51542	0.107992	3.14159	4.04697	6.62802	219.373	
0.00714935	0.169229	3.14159	-11.7547	-31.4458	-10.2859	
0.00988288	0.169181	3.14159	-5.92892	-88.5258	10.6161	
9.00012	0.326451	0	1.66819	-1.55402	175.959	
2.33041	0.128676	3.14159	23.1839	6.69992	175.006	
10.3329	0.349716	0	-26.1406	0.928377	220.432	
16.4575	0.45662	0	-25.563	-3.36945	211.916	
3.11303	0.115015	3.14159	-16.6209	-1.1922	198.767	
5.58752	0.0718229	3.14159	18.7188	0.306079	179.393	
0.559797	0.179125	0	24.8351	3.30443	28.0032	
0.095593	0.171022	0	75.246	98.6631	-52.5088	
3.43372	0.109418	3.14159	13.1645	0.138622	172.618	
3.82164	0.102646	3.14159	-35.3101	-7.6868	200.409	
13.295	0.401418	0	-3.11912	-0.0671542	193.547	
10.4749	0.352193	0	-12.929	-18.7888	224.525	
8.96641	0.325863	0	12.5039	-9.57034	225.92	
0.129729	0.171618	0	21.2267	56.8338	46.411	
2.47647	0.126126	3.14159	36.7148	-1.96312	140.922	
4.05685	0.0985408	3.14159	23.7282	1.49832	182.742	
9.68453	0.338398	0	-3.77176	-2.98436	172.447	
1.85877	0.136908	3.14159	-53.9205	-2.63758	227.793	
0.116233	0.167325	3.14159	-71.3717	-104.357	57.9329	
9.76394	0.339784	0	-12.0527	-3.70312	217.071	
4.77954	0.0859262	3.14159	7.5748	3.87531	220.601	
2.32747	0.128727	3.14159	6.62362	-12.0249	218.171	
0.22491	0.173279	0	31.4476	70.1262	50.7769	
4.39074	0.0927127	3.14159	-61.0983	0.383556	188.952	
10.8615	0.358942	0	3.27717	-8.60589	187.419	
3.57689	0.106918	3.14159	19.23	13.0936	215.847	
0.273208	0.164585	3.14159	-78.1675	-57.5959	42.132	
0.171589	0.166358	3.14159	18.5417	44.8831	50.9701	
8.17613	0.312068	0	55.4235	-7.81001	216.108	
2.93823	0.118066	3.14159	4.05634	-7.15427	198.14	
0.14469	0.171879	0	-16.2106	-60.1493	57.4593	
5.79223	0.0682496	3.14159	-16.5292	0.104483	198.312	
7.97962	0.308638	0	3.25277	-0.231409	215.837	
13.9156	0.412252	0	-32.0302	-0.614307	237.661	
0.66482	0.157749	3.14159	-33.3425	-8.95146	95.4145	
2.15441	0.131748	3.14159	-47.3418	2.26027	182.895	
19.937	0.517355	0	4.85338	0.661466	249.892	
14.3884	0.420503	0	-10.035	10.6608	220.133	
0.35561	0.175561	0	-101.788	-81.3493	45.3736	
0.210239	0.165684	3.14159	80.212	47.3168	44.7184	
0.164617	0.16648	3.14159	-45.4833	-38.3682	82.7974	
1.42934	0.144404	3.14159	34.0648	0.0287835	226.952	
0.575585	0.1794	0	-80.5093	-29.342	104.786	
0.0881709	0.167814	3.14159	39.4932	52.5728	-0.554866	
14.9164	0.42972	0	23.5762	11.0653	235.914	
3.33221	0.111189	3.14159	-4.72068	6.43155	218.534	
12.4952	0.387459	0	-24.8649	-10.0428	231.468	
0.279994	0.174241	0	91.2117	41.5271	41.9853	
4.22184	0.0956609	3.14159	19.5651	-12.846	200.423	
0.121091	0.171467	0	-51.9193	-23.8903	27.7642	
2.22338	0.130544	3.14159	2.91109	6.47739	173.432	
0.0633112	0.170458	0	30.2924	56.9886	50.5924	
14.1373	0.416122	0	-4.06824	9.46111	246.167	
17.0514	0.466987	0	22.0025	2.57456	266.144	
4.01397	0.0992892	3.14159	4.30296	5.68809	201.199	
0.376423	0.162783	3.14159	96.7257	33.4913	125.765	
14.3349	0.419569	0	-30.3942	-8.51078	198.004	
9.96976	0.343376	0	3.98604	5.27808	217.559	
1.32331	0.146255	3.14159	-115.69	-31.8098	127.146	
0.19526	0.165945	3.14159	32.8747	6.15545	89.5502	
6.75067	0.287187	0	-31.4748	-8.05484	216.934	
0.268251	0.164671	3.14159	33.5548	17.0038	47.6224	
3.28735	0.226734	0	1.87642	18.7605	213.412	
0.130392	0.167077	3.14159	127.43	122.317	59.4192	
5.10131	0.0803097	3.14159	-30.0128	9.76278	207.459	
4.83099	0.0850281	3.14159	-20.8117	1.26568	191.292	
16.4332	0.456196	0	-16.8156	2.53839	262.356	
0.11797	0.167294	3.14159	13.3202	-42.3857	43.2724	
2.79734	0.218181	0	-9.92741	9.96891	182.443	
1.92742	0.13571	3.14159	62.4294	2.26972	177.623	
12.6778	0.390644	0	24.0259	-3.42627	228.339	
3.56131	0.10719	3.14159	-4.78053	-9.67395	174.656	
2.49916	0.12573	3.14159	-28.9308	-0.635629	201.681	
4.70193	0.087281	3.14159	-16.623	-1.50986	161.34	
0.430807	0.176873	0	-100.041	-45.2981	37.9778	
0.0751863	0.168041	3.14159	-9.24122	-64.691	36.8037	
7.87471	0.306807	0	1.8126	-1.27191	206.735	
6.08261	0.063181	3.14159	-7.56894	-3.54304	206.985	
18.3804	0.490185	0	-29.0046	4.87972	234.589	
10.7472	0.356946	0	-1.5457	5.59057	203.846	
6.93823	0.0482462	3.14159	2.54441	0.832243	165.947	
0.235491	0.165243	3.14159	79.9802	66.5206	74.8449	
12.8123	0.392994	0	-84.8251	-5.0683	201.215	
9.06751	0.327627	0	-33.2455	-1.26106	225.294	
3.66133	0.105445	3.14159	-41.5653	2.97853	188.275	
0.147586	0.166777	3.14159	-45.9867	-117.178	59.5146	
1.06995	0.150677	3.14159	29.144	-3.60974	207.595	
4.10546	0.0976923	3.14159	10.5494	-14.8504	154.684	
0.100595	0.171109	0	50.0145	19.5114	25.4489	
2.2133	0.13072	3.14159	14.5729	-4.97782	188.206	
0.0581822	0.168338	3.14159	18.3915	125.01	-34.6437	
3.97298	0.100005	3.14159	4.76556	-6.99248	192.828	
0.081868	0.167924	3.14159	-70.2241	-126.059	9.41496	
17.5889	0.476368	0	-17.169	1.09408	227.936	
6.89927	0.0489261	3.14159	7.21753	-0.874558	209.144	
5.1303	0.0798037	3.14159	-2.0879	-5.68949	159.174	
5.85533	0.271559	0	16.448	2.39025	234.136	
0.266557	0.164701	3.14159	80.8433	44.3161	38.5626	
0.394632	0.176242	0	-2.85335	-2.51043	85.6213	
2.48769	0.125931	3.14159	-12.9516	-5.56641	224.882	
12.4179	0.386109	0	23.8372	3.71388	219.571	
0.215093	0.165599	3.14159	-44.4798	23.1027	-1.9254	
0.202902	0.172895	0	-19.3836	-12.7246	79.9281	
0.576108	0.179409	0	-130.355	-49.9071	53.2252	
15.252	0.435578	0	-3.63216	0.935372	240.373	
0.152388	0.166693	3.14159	-15.8189	-1.10823	80.7615	
18.4416	0.491253	0	17.8257	0.529061	239.279	
2.11356	0.132461	3.14159	-6.84888	-0.781389	214.603	
0.13244	0.171665	0	36.7412	110.187	24.7659	
3.15039	0.114363	3.14159	-6.48196	8.0722	188.199	
0.199223	0.165876	3.14159	-47.0907	-60.062	-55.3007	
0.185703	0.166112	3.14159	110.929	139.326	-57.1486	
8.31087	0.31442	0	13.1628	3.29814	178.842	
11.4842	0.36981	0	-25.6493	-3.54713	245.084	
2.17989	0.131303	3.14159	-41.9166	-0.356967	200.819	
1.91154	0.135987	3.14159	16.9105	-10.1928	154.627	
1.82852	0.20127	0	-19.2486	-3.22112	213.995	
11.226	0.365304	0	13.6032	-7.05903	243.058	
1.87271	0.136665	3.14159	-45.0943	2.43381	151.923	
1.61794	0.141112	3.14159	-94.4717	8.30798	247.526	
3.69749	0.104813	3.14159	-10.5942	-3.34485	185.722	
0.364801	0.175721	0	34.187	18.6364	34.2728	
4.43723	0.0919013	3.14159	-27.83	-14.8349	215.165	
7.53536	0.300884	0	22.725	-4.59265	184.318	
3.26683	0.226376	0	57.4376	0.682227	220.399	
3.14155	0.114517	3.14159	-25.3402	16.4436	187.943	
2.96596	0.117582	3.14159	-27.6109	7.34368	198.832	
2.58387	0.124252	3.14159	32.153	6.11545	199.035	
0.11409	0.167362	3.14159	-13.0929	-43.8958	47.0294	
6.15773	0.276837	0	-11.0714	3.15701	189.246	
6.18421	0.0614076	3.14159	-37.0038	-7.58905	197.379	
3.60805	0.106375	3.14159	-25.6985	-1.58743	191.018	
4.67167	0.0878092	3.14159	3.78773	-0.995623	168.657	
12.9795	0.395911	0	-0.855718	-4.96354	272.751	
13.8991	0.411964	0	28.6173	7.33802	242.053	
2.29163	0.129353	3.14159	-0.446157	21.4273	218.481	
0.69353	0.157248	3.14159	-104.398	-10.5477	163.203	
7.32561	0.297222	0	-30.9714	-0.899784	138.492	
4.69003	0.0874885	3.14159	-29.7942	5.83989	185.812	
14.9614	0.430506	0	-11.1747	2.01932	231.624	
13.594	0.406637	0	-30.0755	-4.65704	210.4	
0.219796	0.165517	3.14159	15.0559	6.88336	-33.0839	
5.78859	0.0683131	3.14159	34.2114	-4.58553	250.493	
6.60101	0.0541323	3.14159	-11.4488	7.058	216.121	
12.0097	0.378984	0	-45.3773	-0.613857	237.599	
0.158343	0.16659	3.14159	85.4415	86.1279	65.4442	
1.79446	0.138031	3.14159	-89.5301	-5.39077	224.731	
18.2475	0.487865	0	-22.9595	-3.60115	229.305	
3.70253	0.233981	0	-9.51325	-2.62497	178.462	
0.16756	0.166429	3.14159	53.6941	19.0633	47.1615	
0.212619	0.165642	3.14159	55.2729	34.0035	72.8513	
3.18626	0.113737	3.14159	6.84154	-6.08261	203.263	
2.65195	0.215643	0	7.70775	6.04972	161.409	
12.8824	0.394217	0	-9.92239	-5.56102	212.999	
0.199245	0.172831	0	-34.9859	27.0005	55.0832	
0.447501	0.177165	0	-1.34076	-15.7744	123.734	
5.54649	0.0725391	3.14159	82.0176	-4.65207	158.28	
4.80935	0.0854058	3.14159	7.25206	21.2871	174.243	
16.2793	0.45351	0	7.9737	-5.69471	232.502	
6.90998	0.289967	0	4.03628	-10.0415	182.863	
0.0865485	0.170864	0	-60.6831	-92.7755	46.5625	
4.27032	0.0948147	3.14159	-38.0036	-6.16811	166.376	
0.330186	0.16359	3.14159	90.4564	47.9949	-32.2835	
2.37489	0.127899	3.14159	6.54128	-2.5719	178.067	
6.37946	0.0579995	3.14159	-39.0726	-2.9396	167.949	
3.70928	0.104608	3.14159	-4.37447	3.6509	153.281	
24.1044	0.590097	0	6.30084	-2.86324	249.977	
0.189699	0.166042	3.14159	33.5223	-3.79153	70.4696	
9.52384	0.335593	0	-5.44199	-1.59456	211.453	
2.4403	0.126758	3.14159	-1.24435	8.82359	134.01	
0.243396	0.165105	3.14159	86.3681	33.3096	78.2664	
14.072	0.414981	0	30.0291	-1.94674	257.74	
5.20038	0.260126	0	-28.2	-16.7872	200.758	
2.35457	0.128254	3.14159	-14.8515	9.84892	164.113	
1.84729	0.137109	3.14159	-36.1531	-2.17435	135.224	
0.414566	0.17659	0	-119.454	-36.834	86.2307	
1.73971	0.138987	3.14159	-54.3258	-8.47219	195.175	
0.446835	0.161554	3.14159	8.53928	2.78426	-36.1843	
0.233564	0.165277	3.14159	152.467	69.4243	32.2924	
4.08413	0.0980646	3.14159	3.38736	-8.96801	190.591	
0.070446	0.168124	3.14159	-18.9679	-37.6731	-53.9953	
0.194443	0.165959	3.14159	92.815	88.6545	60.7108	
0.119793	0.167262	3.14159	14.968	49.623	-21.2517	
13.0235	0.396679	0	49.3272	-2.48	230.894	
3.65057	0.105633	3.14159	41.6058	0.160144	231.38	
3.12684	0.114774	3.14159	35.9544	3.39104	193.564	
5.016	0.0817988	3.14159	33.7605	1.47684	204.67	
0.182288	0.166172	3.14159	25.3977	-14.0207	70.6211	
0.328138	0.163626	3.14159	46.3599	5.777	96.7676	
18.6437	0.49478	0	21.6121	3.58543	202.979	
17.8539	0.480994	0	-9.03846	8.47071	242.784	
2.04412	0.133673	3.14159	26.2101	-5.84028	185.344	
9.99673	0.343847	0	10.1172	0.494321	247.264	
0.194565	0.165957	3.14159	76.481	27.1071	34.5109	
1.13516	0.189168	0	-61.5292	5.58215	103.216	
9.48974	0.334997	0	38.3816	9.16384	201.184	
0.470174	0.17756	0	-132.892	-48.3255	80.6739	
6.22938	0.0606191	3.14159	37.4191	9.37401	212.768	
0.11391	0.167365	3.14159	36.3786	16.3958	56.1168	
20.2584	0.522965	0	36.4111	-3.74154	224.514	
4.67032	0.0878326	3.14159	8.35993	3.35165	199.041	
7.21503	0.0434145	3.14159	44.6496	8.41634	195.349	
4.14418	0.24169	0	-12.4955	-11.1665	190.525	
0.295966	0.174519	0	-112.982	-60.7045	90.8745	
0.162479	0.166517	3.14159	-57.7465	-28.8975	51.9633	
0.22953	0.17336	0	-105.153	-73.5231	25.7078	
3.99728	0.0995806	3.14159	30.069	14.2581	146.287	
19.28	0.505887	0	4.03378	-3.65164	232.476	
5.28621	0.0770823	3.14159	24.1618	4.00041	154.594	
7.46791	0.0390006	3.14159	20.3939	-7.69756	212.327	
0.441064	0.177052	0	-35.9438	-14.0587	33.6126	
5.83959	0.271284	0	-9.00692	7.31568	175.62	
5.77222	0.068599	3.14159	15.9958	14.8743	186.923	
0.226696	0.165396	3.14159	-38.4926	-40.6944	59.8501	
0.527164	0.178555	0	92.6453	32.976	75.5849	
2.16483	0.131566	3.14159	-72.2998	-14.0053	216.81	
5.29352	0.0769546	3.14159	44.7883	-4.43458	148.69	
3.6794	0.233578	0	13.8689	-8.28141	170.156	
9.93781	0.342819	0	-33.9254	-1.0034	177.588	
2.68562	0.122476	3.14159	1.21944	2.4382	167.097	
0.137668	0.16695	3.14159	-21.4394	-11.0818	-46.3351	
2.37247	0.127942	3.14159	21.1502	3.67173	209.444	
0.400345	0.176341	0	-30.2378	13.7846	-34.768	
20.7936	0.532308	0	14.8041	-0.702889	231.004	
11.5191	0.37042	0	27.9936	-4.44466	228.236	
0.532145	0.178642	0	160.205	62.6192	68.654	
2.15828	0.13168	3.14159	-8.7606	5.40392	168.815	
20.8661	0.533573	0	-4.13307	0.384944	252.995	
11.1264	0.363565	0	-0.468184	-8.55994	228.775	
10.733	0.356699	0	9.3385	-2.34912	233.585	
0.319409	0.174929	0	-61.7192	-21.7064	83.1428	
3.46915	0.108799	3.14159	-8.78128	7.97166	174.294	
4.12125	0.0974168	3.14159	-3.11192	12.8607	214.398	
2.31017	0.129029	3.14159	85.7261	6.59119	169.066	
4.78141	0.0858935	3.14159	16.3418	8.41154	160.241	
0.179725	0.17249	0	-21.3349	20.3889	83.7671	
6.05654	0.0636361	3.14159	36.2371	-7.02777	189.067	
0.175278	0.166294	3.14159	-22.2067	-21.0008	79.5073	
0.168825	0.1723	0	-64.2661	-82.0479	40.8744	
2.75285	0.121302	3.14159	-43.689	-24.4678	132.983	
0.0605693	0.170411	0	67.0009	139.879	2.5454	
11.7053	0.373671	0	-6.10925	2.9041	209.948	
18.2251	0.487474	0	24.6873	1.5481	249.472	
4.02919	0.239683	0	-28.0208	19.1631	165.765	
9.22044	0.330297	0	1.18386	4.76562	203.434	
2.41641	0.127175	3.14159	-18.3846	6.7488	205.497	
0.379556	0.175979	0	-3.98317	3.09138	57.7649	
3.19176	0.225066	0	102.283	6.15288	197.437	
0.290176	0.164288	3.14159	-22.3291	-23.1849	44.3538	
7.26994	0.296251	0	-19.7865	-0.565575	192.972	
6.69826	0.286272	0	80.4328	-3.43773	190.733	
0.279342	0.174229	0	-50.5882	-26.7443	110.139	
2.22416	0.13053	3.14159	-42.0113	8.0333	169.691	
0.430619	0.17687	0	34.7664	21.488	89.0969	
3.5886	0.231993	0	39.6462	4.03806	185.944	
5.04905	0.0812219	3.14159	5.59951	-2.27079	171.217	
0.0131966	0.169584	0	-3.86076	-46.4368	33.2192	
15.2636	0.43578	0	-12.5467	-6.76309	241.097	
7.51031	0.300446	0	-20.903	8.69741	191.47	
0.474551	0.16107	3.14159	-34.0835	-5.28717	73.2711	
3.61874	0.106188	3.14159	28.1677	1.32955	184.603	
4.40342	0.0924913	3.14159	-18.6405	-8.20613	169.687	
3.46984	0.22992	0	24.5437	-6.3813	187.665	
5.86194	0.271674	0	-15.2269	-15.073	200.88	
1.87019	0.136709	3.14159	-28.3771	-17.0099	196.282	
3.60912	0.106356	3.14159	16.0822	-0.653943	182.782	
2.61111	0.123776	3.14159	-48.6952	5.12705	201.719	
0.336216	0.163485	3.14159	41.957	11.6565	-50.0301	
2.77866	0.120852	3.14159	-69.1164	-1.28961	213.757	
5.08688	0.0805616	3.14159	-26.0076	-7.01802	141.597	
6.67601	0.285884	0	-9.39494	0.135947	204.567	
13.8957	0.411903	0	13.2108	12.9495	227.3	
0.388916	0.176142	0	65.2335	23.0315	21.6162	
13.1694	0.399226	0	5.05273	2.48991	249.328	
0.118983	0.17143	0	83.9128	47.74	27.5	
3.42768	0.109523	3.14159	58.5292	8.11611	215.189	
0.328552	0.163618	3.14159	4.99673	19.2043	32.3475	
3.10248	0.115199	3.14159	-36.3197	0.398312	217.486	
4.3977	0.246115	0	-22.4809	7.80352	186.636	
2.17427	0.131401	3.14159	24.0246	0.683942	177.39	
0.380606	0.175997	0	-16.3939	0.72623	87.945	
13.2165	0.400049	0	19.5478	-2.28259	223.737	
2.76686	0.121058	3.14159	-5.33344	7.85408	199.678	
4.4202	0.0921985	3.14159	-19.1192	-2.09557	176.909	
2.65611	0.122991	3.14159	1.57867	12.49	200.666	
5.10432	0.0802571	3.14159	19.744	12.8089	205.103	
4.40667	0.0924347	3.14159	-26.261	11.5005	233.011	
3.60632	0.106405	3.14159	16.9832	11.6794	215.99	
0.420408	0.176692	0	-89.0968	-47.4266	78.365	
3.53305	0.107684	3.14159	-35.0298	22.4561	183.284	
5.28404	0.07712	3.14159	14.3846	-10.9886	201.884	
4.77806	0.0859521	3.14159	12.9056	-10.3281	174.457	
2.29127	0.129359	3.14159	-65.4015	-16.5351	204.141	
0.156168	0.166627	3.14159	-38.7873	-76.6117	-8.11106	
4.95678	0.0828324	3.14159	44.2557	-10.8597	176.379	
19.8993	0.516698	0	-14.2126	-2.68539	226.023	
2.30131	0.129184	3.14159	58.462	22.8208	205.246	
5.30953	0.0766752	3.14159	44.4349	8.92901	191.728	
1.1754	0.148837	3.14159	-14.7608	-13.2669	154.645	
0.0642273	0.168232	3.14159	-34.81	-80.8021	-19.9996	
4.97916	0.0824418	3.14159	14.0942	-1.77619	178.472	
4.54975	0.0899371	3.14159	-5.53069	3.48363	204.802	
2.57189	0.124461	3.14159	-7.67141	-11.4505	203.004	
18.57	0.493494	0	15.1533	1.48921	217.438	
3.90164	0.10125	3.14159	66.6905	-13.1624	151.996	
0.487518	0.160844	3.14159	-29.3599	5.0375	46.9077	
9.36247	0.332776	0	2.70808	11.605	203.31	
0.0896047	0.170917	0	46.1558	105.043	39.216	
0.0245207	0.168925	3.14159	26.401	-125.328	14.6009	
0.213628	0.173082	0	25.0286	28.8465	29.7113	
3.78898	0.103216	3.14159	-24.972	2.6872	144.844	
2.25582	0.129978	3.14159	7.44006	22.124	158.301	
0.572804	0.159355	3.14159	69.4676	9.36339	142.571	
1.98467	0.134711	3.14159	-38.9975	-1.15606	212.313	
1.8602	0.136883	3.14159	42.5169	-0.515142	248.954	
4.30059	0.0942864	3.14159	33.5009	-4.37784	179.418	
1.60943	0.141261	3.14159	-27.7352	-10.795	108.346	
8.40028	0.315981	0	-11.2206	10.2129	230.144	
2.76407	0.121106	3.14159	14.8752	6.69096	174.053	
19.0371	0.501648	0	-29.2522	-0.670574	234.958	
0.0213035	0.169725	0	-13.3461	163.876	5.33565	
3.1907	0.113659	3.14159	-10.0715	8.31972	210.862	
5.19739	0.0786327	3.14159	-36.6238	13.74	187.589	
3.20271	0.11345	3.14159	6.54309	-3.69994	149.302	
1.9059	0.136086	3.14159	9.35892	-0.107431	136.658	
12.5152	0.387806	0	-3.07279	9.4162	185.415	
6.37565	0.280641	0	-38.5157	1.45619	194.574	
3.00767	0.116854	3.14159	-45.9143	2.39431	197.735	
1.80116	0.200793	0	5.09503	-0.41598	199.472	
5.65937	0.268138	0	-19.9249	-4.86717	193.143	
10.8392	0.358551	0	20.573	7.4041	250.164	
0.0837822	0.167891	3.14159	-49.6192	-41.036	-36.2271	
0.295385	0.174509	0	-109.865	-79.5787	91.9113	
1.70803	0.13954	3.14159	-37.6656	22.2813	275.682	
16.523	0.457764	0	29.6893	-1.44857	217.37	
6.98725	0.0473904	3.14159	-24.0143	5.90321	194.074	
4.95251	0.082907	3.14159	9.12284	-11.4879	188.421	
2.16622	0.207165	0	-42.3477	9.36485	185.101	
3.50529	0.108168	3.14159	28.2707	17.1565	205.226	
13.9586	0.413002	0	-34.8513	7.3988	236.245	
2.83907	0.119797	3.14159	-4.1427	0.394657	208.115	
6.55792	0.0548845	3.14159	-44.037	8.24191	183.434	
1.9133	0.135957	3.14159	-96.0849	-20.5948	193.329	
0.0956529	0.171023	0	-7.76262	16.118	-51.0655	
2.84862	0.11963	3.14159	20.567	-1.50471	209.05	
4.5296	0.090289	3.14159	10.0121	-4.13091	192.043	
13.6822	0.408177	0	-28.8302	5.22904	215.761	
5.6301	0.267627	0	-58.8515	-7.4811	203.662	
0.115694	0.171373	0	3.90831	6.59993	-10.5259	
4.22573	0.095593	3.14159	-5.06926	5.92779	178.586	
4.47592	0.247481	0	-45.1328	-3.64761	192.857	
2.77349	0.120942	3.14159	-2.57306	3.89202	234.502	
4.84985	0.254008	0	39.3579	2.27279	180.052	
7.31385	0.297017	0	8.22457	9.0742	160.768	
2.4917	0.125861	3.14159	-28.64	1.00451	177.268	
4.81328	0.0853374	3.14159	1.76529	-2.70362	214.661	
3.52905	0.107754	3.14159	4.31142	-3.15059	156.903	
5.83081	0.0675763	3.14159	-37.4261	-5.41331	196.745	
0.183874	0.172563	0	-42.9114	-33.8655	60.2142	
2.80479	0.120396	3.14159	-14.0005	-0.645761	195.518	
5.37888	0.263242	0	32.2094	-7.11384	188.559	
10.034	0.344498	0	-16.0341	3.10836	176.633	
1.94451	0.135412	3.14159	85.2738	5.90141	214.721	
8.21707	0.312783	0	-57.427	-13.3783	237.365	
0.0852142	0.167866	3.14159	36.2822	82.5348	-16.5606	
2.00302	0.134391	3.14159	-69.9792	-3.26719	226.625	
8.48081	0.317386	0	-5.6014	7.30092	206.163	
0.323195	0.174995	0	-109.979	-7.90046	16.5364	
13.1353	0.398631	0	-27.3157	1.66319	261.265	
0.346808	0.175407	0	7.00703	14.4172	68.9867	
4.89305	0.0839449	3.14159	-58.022	9.75531	197.191	
0.147709	0.166775	3.14159	94.8538	120.788	29.9039	
2.93711	0.118086	3.14159	-15.8961	0.538517	192.695	
3.24089	0.112783	3.14159	-13.1723	-2.18671	185.233	
0.312386	0.174806	0	86.8786	72.0396	76.0972	
1.31116	0.19224	0	41.8792	3.5612	152.522	
3.46136	0.108935	3.14159	6.79328	1.4271	171.603	
3.63835	0.105846	3.14159	-33.5081	-15.3971	185.396	
3.91839	0.100958	3.14159	-27.9675	-5.78703	181.326	
2.41486	0.211505	0	6.27276	-5.13504	231.014	
0.237382	0.173497	0	10.9948	-7.75279	59.341	
4.75428	0.0863671	3.14159	24.1274	1.76334	167.222	
3.63558	0.105894	3.14159	-5.35249	4.67373	213.226	
0.141494	0.171823	0	21.7348	-51.0005	32.4054	
0.18751	0.172626	0	19.6179	1.29168	35.8518	
15.1711	0.434165	0	-21.3452	3.56312	243.948	
0.226697	0.17331	0	-94.9584	-68.9752	-75.6162	
2.43763	0.126804	3.14159	4.81337	-8.53882	185.17	
0.356388	0.175574	0	-14.8571	2.20123	89.1652	
0.055029	0.168393	3.14159	-23.927	-40.9533	-46.729	
4.95029	0.255761	0	14.2091	3.10794	184.059	
0.114656	0.167352	3.14159	34.0586	42.0014	-8.05639	
0.123222	0.167203	3.14159	3.60005	-45.2553	6.05267	
13.8194	0.410572	0	-11.1533	3.3163	218.711	
22.7653	0.566723	0	47.9898	0.947546	253.162	
4.19046	0.0962087	3.14159	53.8627	-9.00774	212.316	
13.6019	0.406776	0	12.0534	-0.629767	201.758	
9.46153	0.334505	0	8.99675	5.35167	202.257	
6.01939	0.274422	0	43.0081	7.97084	206.874	
0.334748	0.16351	3.14159	-132.369	-62.9595	97.9964	
4.87457	0.254439	0	6.76182	-5.62238	218.368	
2.89044	0.118901	3.14159	-10.824	1.8142	168.281	
2.61564	0.123697	3.14159	9.08929	7.61653	170.989	
4.01639	0.23946	0	44.7012	7.47222	166.61	
0.499937	0.17808	0	69.7901	26.4768	87.537	
7.69245	0.303626	0	36.5277	-17.6247	180.249	
12.2278	0.382791	0	10.8936	-5.14955	234.671	
0.0742878	0.168057	3.14159	14.1485	161.751	-15.0516	
8.96074	0.325764	0	54.3625	-11.96	240.36	
4.35737	0.0932953	3.14159	0.199701	-1.62952	227.651	
4.56409	0.0896869	3.14159	10.8485	-3.82829	175.497	
2.74065	0.121515	3.14159	46.1294	-14.8503	140.934	
0.443489	0.177095	0	34.2932	16.4839	-32.3521	
3.76343	0.103662	3.14159	-2.64251	-7.3455	193.15	
0.153307	0.172029	0	60.5138	50.6715	61.5949	
4.77176	0.252645	0	32.3144	17.749	197.625	
12.8372	0.393428	0	-1.2766	0.292046	235.496	
0.215596	0.16559	3.14159	-10.5079	-44.3039	41.9547	
0.257797	0.164854	3.14159	-35.7918	-30.3487	81.5167	
3.00637	0.116877	3.14159	-33.5797	5.40101	195.918	
0.135109	0.171712	0	58.5171	91.0377	-73.1461	
4.20104	0.0960239	3.14159	30.2813	3.56378	221.643	
1.38652	0.145152	3.14159	-38.4929	5.1641	191.277	
1.82512	0.137496	3.14159	47.5879	10.6458	197.657	
0.175695	0.17242	0	92.1793	117.341	-18.9736	
10.3125	0.34936	0	10.7598	3.01986	200.604	
4.90977	0.255054	0	-45.2975	1.85831	148.511	
18.5024	0.492314	0	-30.6124	0.765026	224.625	
0.194114	0.172742	0	-10.5187	-38.945	29.7236	
12.0935	0.380446	0	9.90563	1.37104	219.238	
0.328103	0.17508	0	-39.4243	-17.5109	49.6352	
0.214817	0.173103	0	5.37454	-27.6182	6.25055	
10.848	0.358706	0	1.89142	-4.44527	205.444	
2.64075	0.123259	3.14159	19.3223	10.917	188.271	
11.0895	0.362921	0	-17.1871	-3.39178	208.274	
20.8397	0.533113	0	-27.1744	5.39461	235.335	
16.8689	0.4638	0	10.7251	1.00092	199.067	
3.96925	0.10007	3.14159	22.0661	5.21378	190.278	
0.101286	0.171121	0	58.5404	68.5869	42.2135	
10.8464	0.358678	0	7.77831	-1.998	232.31	
4.15186	0.0968825	3.14159	-26.2965	-8.99541	202.599	
5.97571	0.065047	3.14159	-30.9553	-19.6417	211.59	
0.179794	0.166215	3.14159	-20.6836	-0.348702	19.9854	
3.18833	0.113701	3.14159	-34.9195	0.0896828	172.467	
2.1337	0.13211	3.14159	-32.2871	3.52919	162.659	
2.84065	0.11977	3.14159	-23.9109	3.57495	150.216	
17.7295	0.478823	0	-14.281	-2.87327	200.372	
0.331103	0.163574	3.14159	16.9832	11.2125	80.4015	
2.88516	0.118993	3.14159	6.33338	9.55007	261.489	
8.21474	0.312742	0	23.2618	-6.07266	206.874	
3.4454	0.109214	3.14159	81.9462	5.74065	184.587	
0.464648	0.177464	0	-161.846	-53.8676	70.6588	
2.84254	0.119737	3.14159	6.53226	-15.9185	150.569	
2.04932	0.133582	3.14159	-31.7685	-7.70233	191.082	
0.210745	0.173032	0	109.67	120.448	20.6535	
0.250197	0.173721	0	44.0966	49.9086	52.6236	
3.20643	0.225322	0	20.876	2.78311	202.474	
0.104604	0.171179	0	18.1945	94.4822	35.1085	
0.508428	0.178228	0	19.9364	8.66854	90.0526	
0.300547	0.174599	0	-66.8431	-40.2456	68.3109	
3.89951	0.101287	3.14159	-33.1501	-7.97875	183.726	
1.79184	0.138077	3.14159	122.417	24.1615	203.131	
1.95293	0.203442	0	18.7136	-2.04787	125.079	
19.1789	0.504122	0	26.9069	1.53396	250.822	
4.37417	0.093002	3.14159	-27.1461	5.73265	238.557	
5.65815	0.268117	0	-1.12983	4.73057	207.913	
0.142603	0.171843	0	-36.8649	-55.6126	-45.9996	
2.30484	0.129122	3.14159	-50.7737	-0.482224	189.969	
1.05645	0.187794	0	38.7089	7.29133	220.455	
0.186612	0.172611	0	-19.5453	5.96364	65.4726	
0.226721	0.165396	3.14159	-88.4535	-41.6417	57.1078	
0.191192	0.166016	3.14159	123.905	100.025	37.856	
0.377069	0.162772	3.14159	83.6689	39.7289	74.7109	
13.9656	0.413124	0	24.7541	5.27205	224.973	
0.0689755	0.170557	0	29.2916	115.129	45.6636	
2.90733	0.118606	3.14159	31.6356	10.2309	175.011	
15.2119	0.434879	0	16.7285	-8.72053	214.276	
0.135256	0.166992	3.14159	72.1579	119.025	-1.71266	
10.604	0.354447	0	-23.8341	-6.9206	201.452	
0.285721	0.164366	3.14159	-63.9674	-34.274	79.4509	
0.0770676	0.170699	0	53.0414	73.3256	-21.6754	
4.63903	0.250328	0	12.6897	5.25128	203.941	
0.013037	0.169126	3.14159	4.99105	-53.817	-21.3738	
5.56884	0.266558	0	67.7684	-10.7873	183.159	
0.144712	0.166827	3.14159	-4.27752	-31.8029	-50.3593	
21.0682	0.5371	0	-43.5851	-0.726647	222.038	
5.00541	0.256723	0	-36.1269	-1.66496	176.253	
5.34304	0.0760904	3.14159	-10.407	16.5549	207.301	
0.0550821	0.168392	3.14159	7.3916	36.799	52.9488	
13.1539	0.398955	0	13.015	3.43341	225.243	
5.58137	0.0719302	3.14159	14.1938	-7.53238	213.91	
5.33546	0.262484	0	-61.1695	-1.36684	177.998	
1.05269	0.150979	3.14159	52.0159	8.92063	186.778	
8.7957	0.322883	0	23.3701	-4.0781	249.824	
1.29441	0.191947	0	-48.4555	-4.88827	195.526	
5.46068	0.26467	0	19.0808	-17.0455	170.402	
0.101549	0.171126	0	-15.9072	-10.2821	39.0915	
7.08223	0.292974	0	-51.8029	-2.8631	157.981	
0.156827	0.166616	3.14159	31.9854	5.85289	-59.7003	
13.8476	0.411064	0	-13.1803	-1.54901	205.038	
2.92854	0.118236	3.14159	-64.467	0.966616	172.674	
0.191066	0.172688	0	45.9754	46.9201	46.8996	
0.26784	0.164678	3.14159	62.3406	69.1981	32.3931	
14.4778	0.422064	0	2.88343	-2.96772	205.727	
4.71272	0.251614	0	17.8916	5.68591	179.992	
0.10735	0.16748	3.14159	99.761	110.652	13.4605	
12.6728	0.390559	0	-12.0436	5.97807	236.408	
2.8559	0.119503	3.14159	-28.3617	-12.3864	208.55	
2.36113	0.12814	3.14159	12.7708	-0.0698609	216.023	
0.955994	0.152666	3.14159	-18.5279	-6.09303	237.263	
7.57203	0.301524	0	0.133134	-11.4703	219.94	
6.49926	0.0559084	3.14159	38.2304	0.322894	230.009	
6.48205	0.0562088	3.14159	-53.317	0.809961	200.41	
10.2415	0.348119	0	21.5997	7.30108	212.865	
0.288826	0.164312	3.14159	0.0652062	33.5162	40.7186	
1.78828	0.138139	3.14159	-89.7332	4.65142	223.016	
2.82924	0.119969	3.14159	-18.1801	-4.72037	205.06	
4.00321	0.099477	3.14159	58.62	-3.69844	175.198	
3.59877	0.106537	3.14159	-42.5954	7.76062	150.163	
8.55696	0.318716	0	-26.0973	-9.97317	196.68	
2.30237	0.129165	3.14159	1.16811	-12.0914	177.617	
13.7299	0.409009	0	-48.9223	-8.70561	216.548	
0.345309	0.175381	0	-18.6447	-7.73252	98.0046	
4.77467	0.252696	0	-0.11672	-9.09902	156.285	
3.07733	0.223068	0	30.848	8.09249	185.439	
2.41599	0.127182	3.14159	-31.5607	-0.0904474	184.856	
7.83907	0.306185	0	-32.6033	-8.0391	176.242	
14.3671	0.420133	0	-19.2573	6.18851	224.15	
2.79565	0.120555	3.14159	48.3123	-2.90291	221.338	
0.127062	0.171571	0	-52.5227	-14.5303	39.6839	
0.48937	0.177895	0	-85.5468	-12.6909	38.9639	
0.141924	0.171831	0	-8.31743	11.3239	83.5262	
0.136625	0.166969	3.14159	-55.6999	-60.8357	98.5278	
7.27649	0.296365	0	-24.9909	-6.81889	186.263	
0.0879789	0.170889	0	31.1816	5.06568	49.9848	
0.227299	0.173321	0	-51.5942	-17.1783	88.3696	
3.35517	0.110789	3.14159	-0.976926	-4.09583	190.077	
4.06046	0.0984779	3.14159	-32.1828	-13.0446	243.004	
9.55884	0.336203	0	2.27034	-9.25394	199.708	
6.47744	0.0562893	3.14159	-3.50776	-1.96018	203.806	
0.0538534	0.170293	0	13.3834	97.5255	28.8853	
5.52786	0.0728642	3.14159	58.0874	-15.9037	212.076	
0.268256	0.164671	3.14159	-144.867	-95.8934	23.1324	
3.18053	0.113837	3.14159	27.8539	8.35886	177.962	
0.164601	0.16648	3.14159	-39.9716	-30.5521	29.5836	
0.258162	0.17386	0	132.876	69.0107	99.737	
2.02567	0.133995	3.14159	24.4015	2.13242	201.747	
10.7819	0.357552	0	-5.99296	-4.41082	211.373	
2.06529	0.133304	3.14159	-20.3746	-9.76187	216.499	
15.5544	0.440857	0	-14.0615	-5.01284	211.559	
0.109186	0.167448	3.14159	-43.9715	-44.9523	-60.2422	
3.34075	0.11104	3.14159	-14.4938	12.3908	203.567	
5.01194	0.0818696	3.14159	30.6733	7.8196	139.42	
13.3882	0.403045	0	-5.0602	9.09182	215.955	
4.65049	0.0881789	3.14159	-13.8769	4.75741	177.924	
0.379222	0.162734	3.14159	24.7386	-11.1064	33.335	
0.0196286	0.169696	0	12.1175	133.638	-28.126	
3.58323	0.106808	3.14159	-12.0754	-8.73924	202.363	
14.3141	0.419207	0	33.1526	3.44018	241.395	
0.186857	0.172615	0	62.0888	121.334	-13.9148	
0.0783995	0.170722	0	9.65561	-105.291	19.8332	
11.3351	0.367209	0	-2.13307	-3.77537	215.062	
2.88651	0.118969	3.14159	-6.91888	5.60838	226.799	
0.202199	0.172883	0	50.2143	14.295	85.268	
9.78008	0.340065	0	-32.299	9.5498	217.157	
3.77587	0.235261	0	29.956	4.59367	203.529	
0.111197	0.171294	0	-38.2754	-66.2064	-45.2901	
3.29072	0.226793	0	-24.265	6.25883	187.852	
0.113972	0.167364	3.14159	12.8489	-12.9116	-29.5636	
15.9344	0.447489	0	-19.8611	4.44783	230.377	
3.89499	0.101366	3.14159	-39.8524	2.32239	198.171	
3.65625	0.105533	3.14159	49.1732	-7.12738	227.403	
0.0571056	0.17035	0	74.9045	148.057	-41.3588	
14.9055	0.429529	0	28.1116	-2.3074	229.926	
0.205704	0.172944	0	-64.3496	-65.8442	71.4483	
0.174838	0.172405	0	-59.5366	4.64266	-15.5987	
0.286118	0.174348	0	-25.1062	-42.3502	37.7386	
6.456	0.282043	0	31.935	-0.235245	196.626	
10.8322	0.358431	0	-2.13554	0.231273	220.17	
1.30535	0.146568	3.14159	-52.8026	-9.72758	197.259	
22.5158	0.562369	0	-3.09417	4.68378	221.125	
0.197798	0.165901	3.14159	53.7247	36.1941	82.5335	
1.87947	0.136547	3.14159	-52.016	-5.35096	174.474	
2.97114	0.221215	0	-31.3461	-2.37093	173.497	
0.489538	0.177898	0	-33.9631	-12.2954	79.3861	
2.58466	0.214469	0	-9.10177	3.15064	200.93	
0.266541	0.164701	3.14159	58.4486	49.3306	83.2286	
0.278925	0.164485	3.14159	17.18	52.1583	-16.729	
2.23361	0.130366	3.14159	-10.5931	10.3784	172.843	
5.46722	0.0739227	3.14159	61.5238	13.0344	207.49	
2.95655	0.117747	3.14159	14.9172	5.58023	215.334	
6.07199	0.0633665	3.14159	-15.1853	1.45237	209.557	
4.42649	0.0920887	3.14159	30.2695	4.35247	199.624	
0.00707002	0.16923	3.14159	19.9345	19.1555	1.0091	
0.476027	0.177662	0	104.933	58.5274	64.723	
0.0544923	0.168402	3.14159	-27.1325	-26.613	-9.1785	
4.39786	0.0925885	3.14159	-4.0149	4.09496	165.287	
3.63216	0.105954	3.14159	12.6387	-10.2756	219.841	
5.65573	0.0706323	3.14159	21.1973	4.8398	240.451	
6.13327	0.27641	0	-57.1442	-6.94797	145.175	
0.454948	0.161412	3.14159	100.811	56.0884	40.1105	
0.275963	0.17417	0	125.1	86.3714	98.9036	
0.0307916	0.169891	0	15.2633	-11.8429	-3.84999	
2.52623	0.125258	3.14159	6.03808	7.38614	241.754	
5.73213	0.0692986	3.14159	-8.06385	2.64866	184.966	
0.436524	0.176973	0	-138.035	-74.5648	42.9169	
1.53205	0.142611	3.14159	-58.0993	6.88969	176.413	
13.0818	0.397697	0	6.35728	-3.3357	183.188	
0.024058	0.169773	0	-24.107	-45.6193	52.0294	
4.35131	0.0934009	3.14159	30.3952	-8.57765	200.083	
0.252507	0.173761	0	99.7886	80.4132	89.6539	
18.3333	0.489362	0	-16.9007	-3.37687	217.571	
0.187653	0.166078	3.14159	29.2858	32.9732	82.6915	
3.53732	0.107609	3.14159	1.01929	2.72234	168.347	
0.278502	0.164492	3.14159	-102.887	-65.9336	45.9258	
1.39694	0.14497	3.14159	38.504	-0.952139	232.925	
6.43843	0.0569701	3.14159	3.34911	5.32772	182.116	
6.14575	0.0620789	3.14159	-13.6237	-13.6193	220.663	
2.22854	0.130454	3.14159	11.5603	-10.8493	254.24	
3.86182	0.101945	3.14159	-29.3372	-4.48614	126.684	
12.3443	0.384824	0	14.071	9.18868	214.285	
7.82689	0.305972	0	-4.02851	-10.6816	193.076	
4.97003	0.0826012	3.14159	58.9654	-8.52561	213.414	
2.68065	0.122562	3.14159	-62.3782	-8.64581	210.286	
1.84541	0.201565	0	-41.5379	5.13748	199.258	
3.24254	0.112755	3.14159	-44.4185	17.1736	148.729	
4.79188	0.0857107	3.14159	26.864	-5.40746	181.826	
0.169074	0.172305	0	66.1605	42.9819	69.7401	
6.44342	0.056883	3.14159	-5.42183	18.4643	204.889	
18.3105	0.488965	0	-27.2597	-1.24462	239.355	
7.54644	0.301077	0	-4.47185	3.90519	200.394	
9.80975	0.340583	0	-11.0528	9.92823	206.828	
0.280923	0.174257	0	15.5818	25.992	64.6655	
1.42519	0.144477	3.14159	14.6174	0.87355	192.874	
6.5705	0.0546648	3.14159	4.15445	3.64553	226.24	
0.977032	0.152299	3.14159	-63.5569	-6.20884	175.442	
15.8071	0.445267	0	7.26028	-1.90519	234.657	
12.0477	0.379646	0	-18.3196	-6.31672	236.292	
0.108524	0.171248	0	-40.0213	-40.8943	65.4356	
1.96773	0.135007	3.14159	4.44027	2.18645	174.761	
1.03941	0.15121	3.14159	44.812	-4.51171	247.012	
14.0698	0.414943	0	4.69296	-3.97386	232.282	
0.309301	0.163955	3.14159	-135.58	-83.5346	56.3095	
2.39905	0.127478	3.14159	19.3932	9.3508	192.464	
0.873537	0.154106	3.14159	23.7529	29.5185	211.08	
13.1275	0.398495	0	25.27	10.2064	231.401	
0.342054	0.175324	0	13.371	-18.7458	-16.9428	
6.12356	0.276241	0	-30.0968	-6.32154	204.581	
3.9641	0.10016	3.14159	-61.8233	3.01952	212.578	
4.52962	0.0902886	3.14159	-16.1481	3.47338	199.541	
2.31019	0.209678	0	-95.104	-12.9168	225.943	
8.05673	0.309984	0	6.90079	3.40893	190.145	
4.84873	0.253988	0	-25.2322	-5.86953	166.988	
15.6244	0.442079	0	-10.0352	2.4417	255.418	
1.75475	0.138724	3.14159	-3.41932	-6.50883	237.847	
1.82516	0.137495	3.14159	7.8313	-4.91435	201.162	
1.51162	0.142968	3.14159	60.8367	-4.52754	214.029	
4.86494	0.254271	0	2.41838	7.49441	221.027	
10.7755	0.35744	0	21.2134	-0.235477	239.24	
3.78842	0.103226	3.14159	-57.8843	3.78454	172.719	
2.89283	0.118859	3.14159	16.6588	-5.21967	182.131	
5.27508	0.0772765	3.14159	44.7197	2.70361	182.107	
3.24486	0.225993	0	8.43738	3.93593	172.729	
4.2481	0.0952025	3.14159	-16.2125	9.15651	194.856	
15.0596	0.432219	0	9.13957	-0.502456	254.161	
0.547967	0.178918	0	-37.1292	-2.99203	62.0561	
11.862	0.376406	0	-23.3443	-3.8667	221.37	
19.6727	0.512742	0	-52.6948	-3.38352	235.664	
3.64709	0.105693	3.14159	20.4602	-3.96526	164.869	
2.79286	0.120604	3.14159	38.2194	-19.9161	219.116	
0.194933	0.165951	3.14159	-38.1946	-22.7744	76.6849	
2.65932	0.122935	3.14159	3.05286	9.36428	194.308	
0.0794722	0.167966	3.14159	-22.4353	-66.5577	-10.0652	
0.474445	0.161072	3.14159	63.9378	3.88625	111.784	
6.59912	0.0541653	3.14159	-12.0283	5.18167	206.219	
4.90012	0.0838215	3.14159	23.5393	0.127691	196.584	
0.61375	0.15864	3.14159	55.8024	12.679	132.101	
0.0852529	0.170841	0	11.5725	-14.5263	21.8968	
18.676	0.495344	0	17.1519	-2.85586	211.184	
3.17805	0.11388	3.14159	13.0106	-15.2916	195.183	
10.2111	0.34759	0	-6.40099	4.24008	211.406	
5.16159	0.0792575	3.14159	17.3608	-12.2252	126.776	
0.328472	0.16362	3.14159	-126.924	-39.9443	85.8634	
2.33483	0.128599	3.14159	-28.4021	-10.239	153.257	
5.87688	0.066772	3.14159	-7.42943	0.0580724	223.846	
2.37062	0.127974	3.14159	11.9837	10.8692	187.21	
10.2776	0.348749	0	-2.48951	-11.5755	176.609	
12.3348	0.384658	0	5.85447	-2.15927	211.442	
13.7717	0.409739	0	13.4014	-0.82238	223.127	
1.52444	0.195963	0	0.140843	8.16121	219.884	
0.0390499	0.170035	0	-18.0909	-76.6632	34.2656	
1.83034	0.137405	3.14159	-3.99985	4.21681	181.089	
9.62065	0.337282	0	29.7738	-4.73887	210.511	
0.069619	0.170569	0	45.5715	50.7798	22.6279	
4.76892	0.252595	0	-14.4293	-10.1801	176.404	
0.204571	0.165783	3.14159	-139.728	-104.359	-5.01711	
0.267445	0.174022	0	-92.8211	-42.4485	52.2166	
0.502382	0.160584	3.14159	-127.544	-40.43	43.1262	
2.97038	0.117505	3.14159	1.33629	-13.7212	170.913	
0.189509	0.172661	0	10.6072	-4.35281	-32.2443	
9.25671	0.33093	0	17.1735	-7.19653	201.586	
3.93895	0.100599	3.14159	-36.544	3.91588	177.307	
13.8345	0.410836	0	-44.4825	-5.26401	251.929	
0.00684194	0.169234	3.14159	-33.0029	35.3494	19.7538	
2.90893	0.118578	3.14159	4.23513	-2.98585	138.921	
0.150237	0.166731	3.14159	61.3468	51.0349	-40.1371	
7.22963	0.295547	0	-25.1103	-1.75986	207.499	
0.148296	0.171942	0	1.84491	13.5537	-78.8656	
0.405676	0.176434	0	-86.1223	-29.7638	41.5532	
5.88193	0.272023	0	-67.5818	-7.33568	182.171	
6.67876	0.285932	0	-21.3833	7.18157	216.23	
5.64879	0.0707535	3.14159	18.9033	-3.72956	195.382	
2.4536	0.212181	0	-36.6186	-1.8328	175.775	
0.3531	0.175517	0	-8.58933	7.21263	54.0859	
3.00264	0.116942	3.14159	26.8871	2.73865	195.141	
5.33654	0.0762037	3.14159	24.1854	0.324592	180.193	
0.32615	0.16366	3.14159	-51.2164	1.14451	42.1629	
0.00213875	0.169316	3.14159	9.65758	-71.9589	-1.86425	
2.96463	0.117606	3.14159	-42.0236	5.15266	175.997	
0.430523	0.176868	0	86.2249	31.7781	58.2791	
5.50005	0.265357	0	42.6337	2.49394	217.625	
0.146243	0.166801	3.14159	17.3122	59.7271	-1.04998	
14.5821	0.423884	0	-8.10353	-2.08718	228.958	
5.23349	0.0780025	3.14159	-6.21099	4.22744	190.133	
1.21349	0.148172	3.14159	-4.29464	-2.29858	206.268	
0.0104482	0.169536	0	3.97352	-65.9045	22.4542	
13.8889	0.411785	0	-22.2512	1.74685	214.95	
9.15626	0.329176	0	-7.33738	0.327898	196.337	
3.79583	0.103097	3.14159	46.0106	-1.97603	180.632	
13.433	0.403827	0	22.4523	-8.14297	260.038	
5.42064	0.0747357	3.14159	44.7378	2.73948	237.126	
7.81344	0.305738	0	3.15946	-12.1638	195.503	
10.7211	0.356491	0	-10.308	-1.17524	181.527	
4.01544	0.239443	0	6.87168	-4.81886	187.983	
7.14064	0.293994	0	37.2049	-6.2287	216.317	
0.0318332	0.168798	3.14159	12.9161	122.082	-33.0751	
16.4061	0.455724	0	-60.6613	-3.38398	231.961	
21.3519	0.542053	0	21.4145	-3.45941	248.909	
4.28691	0.094525	3.14159	-37.1862	5.39826	167.068	
13.0949	0.397926	0	-34.5898	1.03589	213.67	
18.9732	0.500533	0	-16.9043	6.57208	222.637	
8.24662	0.313299	0	23.9276	7.96803	211.677	
7.97687	0.30859	0	-54.8995	4.69443	205.648	
0.4435	0.177095	0	25.4504	17.1636	94.4996	
6.37433	0.0580891	3.14159	15.2573	-3.04193	163.724	
3.89248	0.10141	3.14159	-75.5769	13.521	182.173	
4.11495	0.0975266	3.14159	-22.7994	6.0081	217.635	
3.1647	0.114113	3.14159	-48.4114	1.69947	218.944	
5.04645	0.257439	0	-39.7517	1.77729	181.148	
16.9431	0.465097	0	-43.563	3.6228	239.295	
0.199124	0.172829	0	-31.5717	-40.4117	51.5938	
0.141622	0.166881	3.14159	89.8831	55.845	-24.0297	
10.4562	0.351866	0	-25.3337	13.0329	217.752	
0.182427	0.166169	3.14159	-61.5964	-106.133	19.1035	
3.59258	0.106645	3.14159	34.0942	-1.99969	211.459	
0.310007	0.174765	0	4.81651	-21.0061	55.5606	
0.12606	0.171554	0	2.65055	9.82452	-45.4184	
7.84281	0.30625	0	-22.0821	-14.8672	215.247	
7.98775	0.0299267	3.14159	-12.9949	-3.06759	223.24	
0.464484	0.177461	0	55.9452	14.4458	119.901	
9.67983	0.338315	0	30.2243	4.42565	212.668	
20.1077	0.520335	0	-2.22853	1.30308	237.077	
6.72434	0.0519795	3.14159	18.0235	-6.58933	212.069	
5.58291	0.266803	0	14.1162	-1.26172	209.047	
0.151483	0.171998	0	-25.2023	-39.1279	22.7772	
2.93032	0.220502	0	2.7971	0.0828621	164.15	
0.226742	0.165396	3.14159	-143.303	-79.3677	67.4329	
2.74714	0.121402	3.14159	87.4251	-3.64739	186.395	
12.1023	0.380601	0	40.4089	2.09692	221.469	
9.33374	0.332274	0	-2.2187	0.852438	199.65	
2.32067	0.209861	0	8.64291	4.61127	185.374	
0.209465	0.165697	3.14159	150.066	95.2486	60.3994	
1.37616	0.145332	3.14159	-33.08	-5.56353	150.221	
10.1891	0.347205	0	-15.5805	-6.833	202.08	
11.5644	0.371211	0	9.73994	7.18264	218.74	
5.1176	0.0800253	3.14159	-29.5039	12.6209	174.417	
6.47096	0.282304	0	7.74188	4.00188	210.752	
0.261558	0.164788	3.14159	-3.49214	-19.1838	18.2691	
0.0304122	0.169884	0	5.95935	-16.3799	14.2087	
0.0624684	0.168263	3.14159	11.3034	94.0066	-24.2749	
13.3275	0.401985	0	33.5079	-4.50033	246.246	
2.70329	0.122167	3.14159	-18.1297	1.06091	217.341	
10.6827	0.355821	0	-4.66089	-1.22852	244.579	
7.44646	0.299332	0	29.3129	-5.6599	200.657	
1.20537	0.148314	3.14159	-66.7618	-5.86337	162.53	
5.17145	0.0790854	3.14159	53.7069	3.52412	197.127	
0.100798	0.167594	3.14159	-26.9432	-53.3288	72.5584	
12.1263	0.381019	0	33.6484	4.76997	205.074	
3.09867	0.223441	0	6.04653	11.1694	196.787	
6.82712	0.0501855	3.14159	-28.9959	7.71519	172.992	
0.514713	0.160369	3.14159	-121.619	-33.7026	122.243	
0.107243	0.171225	0	-10.2384	-79.6595	25.1686	
4.13965	0.241611	0	23.634	3.33332	186.025	
0.0253865	0.169797	0	-19.0077	9.36272	31.3825	
2.96255	0.221065	0	18.46	-5.00643	166.556	
2.66856	0.122774	3.14159	-8.31057	0.180416	231.117	
12.1851	0.382046	0	-21.955	-8.7798	213.014	
8.83778	0.323617	0	-5.6651	-9.55767	186.214	
0.283591	0.164403	3.14159	2.47265	-29.0049	46.0079	
6.13434	0.0622781	3.14159	17.7738	-0.260922	191.933	
3.42011	0.109655	3.14159	7.28367	-11.0963	188.814	
2.08284	0.132997	3.14159	26.9149	7.74274	199.891	
1.25457	0.147455	3.14159	31.5085	-3.32341	225.23	
5.23887	0.0779086	3.14159	-0.562336	1.78233	185.314	
5.95837	0.0653497	3.14159	-7.05885	4.43221	167.159	
3.89711	0.237378	0	8.54239	-6.14385	208.049	
3.83951	0.102334	3.14159	26.0518	-16.4301	193.129	
4.36045	0.0932414	3.14159	-15.1447	8.37138	214.972	
3.54001	0.107562	3.14159	-29.2468	-0.811117	157.232	
0.469866	0.161152	3.14159	-113.569	-38.3492	110.699	
5.60487	0.267187	0	-6.94065	-9.80488	208.509	
4.61517	0.0887953	3.14159	0.284971	8.47685	175.278	
2.46889	0.126259	3.14159	-37.1582	3.55424	207.708	
5.09342	0.0804474	3.14159	-15.6662	4.56821	170.934	
3.30969	0.111583	3.14159	12.593	6.74913	147.889	
2.79452	0.120575	3.14159	-16.3696	-1.2057	189.139	
3.30898	0.111595	3.14159	45.6143	-3.07177	198.725	
0.30027	0.164112	3.14159	-52.5172	-53.0729	63.7515	
0.241816	0.165132	3.14159	46.4695	-11.414	66.7313	
1.26728	0.191474	0	-112.026	-13.6944	102.098	
13.259	0.400791	0	38.4891	0.0566013	207.116	
0.370987	0.175829	0	-33.1899	-27.0452	66.3958	
4.0423	0.0987948	3.14159	-10.4839	1.11763	165.681	
15.6959	0.443327	0	-12.284	-2.09254	207.704	
4.22608	0.24312	0	-94.4853	0.127234	172.945	
0.175389	0.172415	0	-26.1579	-70.5966	-1.33514	
0.0764456	0.168019	3.14159	-25.1285	13.0338	8.90654	
0.116476	0.16732	3.14159	-103.962	-93.6993	-35.101	
2.30433	0.209576	0	11.4129	-3.77979	184.987	
0.330112	0.175116	0	136.115	77.3692	41.796	
1.95888	0.135161	3.14159	-56.7224	8.74617	190.343	
5.74558	0.0690639	3.14159	-28.5346	16.9045	177.017	
0.100829	0.167593	3.14159	-16.6611	58.4846	4.53028	
0.143012	0.166857	3.14159	21.7028	73.5851	24.6555	
2.72516	0.121786	3.14159	-37.2428	0.948424	150.338	
3.87884	0.101648	3.14159	-4.6144	-12.1296	177.219	
1.84299	0.137184	3.14159	24.3665	-8.81442	214.175	
6.27571	0.0598105	3.14159	-48.1171	-3.69649	202.923	
5.72753	0.269328	0	4.82279	-2.53134	176.222	
3.84255	0.102281	3.14159	8.4274	-9.27222	166.238	
2.99404	0.117092	3.14159	-4.97797	9.43155	165.642	
2.50705	0.125593	3.14159	13.6502	14.5126	206.515	
5.24878	0.0777357	3.14159	-33.6271	1.11897	191.416	
0.238492	0.173516	0	-117.63	-97.2788	97.253	
4.44385	0.0917858	3.14159	-18.4206	2.60465	191.406	
0.205754	0.165762	3.14159	-20.6919	-36.6081	-31.8417	
14.4851	0.422191	0	6.02474	9.68011	241.342	
5.03182	0.257184	0	-28.5014	-5.34655	213.394	
0.365996	0.162965	3.14159	-107.308	-53.7346	95.9554	
3.2711	0.112256	3.14159	-12.7231	0.999495	181.172	
2.76259	0.121132	3.14159	9.38493	-15.6524	192.558	
2.11622	0.206292	0	31.6239	13.6437	205.123	
0.261564	0.173919	0	35.3667	19.8245	90.2568	
4.49247	0.0909371	3.14159	40.2937	5.97809	184.399	
0.0526536	0.168434	3.14159	-58.4801	-33.9616	-19.0169	
2.49445	0.212894	0	1.97464	-3.71575	234.457	
5.86971	0.0668973	3.14159	2.21114	22.0526	191.952	
0.0472478	0.170178	0	-1.48706	-124.757	1.84281	
0.218756	0.165535	3.14159	33.4617	-3.43214	19.4032	
11.931	0.377609	0	-4.08475	-1.35044	243.012	
23.3863	0.577562	0	-6.25883	-1.25158	235.464	
0.253721	0.173782	0	50.6933	23.1666	-94.2939	
6.4351	0.281678	0	54.7103	2.17256	159.156	
3.86612	0.10187	3.14159	-28.1779	12.423	198.725	
3.86436	0.101901	3.14159	-8.92119	-2.4316	194.732	
4.64963	0.250513	0	10.3517	8.5378	180.844	
19.8493	0.515824	0	-8.05153	0.278037	224.425	
3.31462	0.111497	3.14159	-24.4992	1.53804	169.396	
3.39492	0.110095	3.14159	22.8518	6.95733	207.276	
3.6663	0.105358	3.14159	32.339	-6.28989	204.075	
10.9405	0.360321	0	7.16509	-2.34031	203.244	
16.9436	0.465105	0	-2.48461	0.435581	231.806	
0.155842	0.172074	0	-79.8208	-23.1621	14.0678	
0.330063	0.175115	0	35.9369	-8.34217	29.2595	
3.01878	0.222046	0	17.5815	7.16042	163.662	
1.27694	0.147064	3.14159	-55.3723	-2.33543	184.783	
7.21236	0.0434613	3.14159	38.7997	6.30542	205.826	
0.207826	0.172981	0	28.2909	18.1509	63.9068	
3.37756	0.110398	3.14159	-16.4897	11.1978	174.946	
3.84109	0.102307	3.14159	30.3953	0.111254	174.554	
5.06332	0.0809727	3.14159	-5.88791	-11.0187	182.09	
6.46968	0.282282	0	-34.5209	-12.5693	216.121	
7.12589	0.293736	0	-18.9176	-3.03244	196.411	
4.3398	0.093602	3.14159	6.45831	-3.34853	124.936	
10.7048	0.356207	0	-23.0476	2.24907	215.111	
15.8976	0.446847	0	-15.6676	-4.25871	268.32	
0.126958	0.167137	3.14159	11.4301	-3.93679	44.1241	
0.15853	0.166586	3.14159	-34.8836	-53.1491	61.8303	
1.17053	0.148922	3.14159	4.78375	-7.01956	179.938	
0.153525	0.172033	0	-42.1286	-81.95	77.6639	
5.8333	0.271174	0	3.37483	-5.77184	192.267	
1.07224	0.150637	3.14159	-28.4283	-10.5545	162.949	
2.95057	0.117851	3.14159	39.5449	5.05937	151.357	
0.269952	0.174065	0	-2.08611	4.36591	22.7422	
0.376576	0.175927	0	77.3451	61.0736	74.3332	
21.9355	0.552239	0	18.4301	2.23837	231.575	
2.695	0.122312	3.14159	-7.97818	4.1347	147.907	
4.7843	0.0858432	3.14159	6.98217	-8.76586	187.183	
1.56781	0.141987	3.14159	-16.855	9.68617	202.576	
0.448838	0.177188	0	-53.2473	-33.536	36.3874	
0.0705754	0.168121	3.14159	11.3966	-76.9572	15.0941	
2.58403	0.124249	3.14159	55.4889	4.69588	164.76	
0.358171	0.163101	3.14159	133.747	64.8016	-0.851731	
0.54621	0.159819	3.14159	-12.2581	-8.5735	62.6089	
2.26281	0.129856	3.14159	-71.5414	13.5481	240.226	
0.116041	0.171379	0	-73.5198	-164.852	-8.62628	
6.72714	0.0519307	3.14159	10.1484	1.79565	235.571	
0.0364692	0.16999	0	49.4417	173.939	8.68367	
0.367707	0.175772	0	40.3168	27.73	64.4722	
0.342414	0.17533	0	-103.861	-33.9606	6.09665	
0.485647	0.160876	3.14159	25.3292	7.86191	74.9616	
3.40012	0.110004	3.14159	-18.489	4.92225	195.505	
5.2981	0.0768747	3.14159	-68.5053	9.60353	192.249	
0.502419	0.178123	0	86.3151	28.8182	78.0722	
4.01852	0.0992099	3.14159	29.3635	-5.83923	202.095	
17.2146	0.469835	0	-13.0699	-10.6066	267.377	
5.89008	0.272165	0	-32.5281	-1.3724	198.408	
4.01657	0.0992439	3.14159	6.0501	16.4945	188.357	
0.159934	0.166562	3.14159	-22.6138	-62.4612	59.0163	
2.00214	0.204301	0	-28.6416	-11.0152	185.609	
0.164067	0.16649	3.14159	-54.6803	-94.7051	7.26505	
3.41456	0.109752	3.14159	-3.5251	-5.67468	173.945	
0.578672	0.159253	3.14159	78.7034	20.9727	60.0513	
0.0147202	0.16961	0	-8.02115	-76.4591	-44.6212	
2.98089	0.117322	3.14159	24.5153	-5.8076	204.009	
3.3125	0.111534	3.14159	-17.6894	3.64787	155.622	
0.214858	0.165603	3.14159	-134.033	-95.6248	27.2253	
3.4439	0.229467	0	23.3727	7.072	231.433	
12.6603	0.390339	0	-39.7241	6.08278	205.259	
4.4335	0.24674	0	14.6109	10.2749	192.429	
0.0849763	0.16787	3.14159	73.8157	107.859	6.62466	
3.83116	0.10248	3.14159	-4.00032	8.67381	166.826	
16.4655	0.45676	0	-40.2144	3.71359	207.299	
5.06033	0.257682	0	1.65082	10.4411	193.279	
0.385443	0.176081	0	-99.3518	-59.1825	70.4706	
4.61238	0.0888441	3.14159	15.8501	12.839	213.069	
0.0648803	0.170486	0	6.77552	147.087	-18.082	
12.3538	0.384989	0	27.9854	-8.27966	202.377	
0.0770629	0.170699	0	13.8549	30.5334	18.9223	
0.0922918	0.167742	3.14159	-54.4871	-117.26	-23.6318	
8.52503	0.318158	0	-17.153	-2.70589	181.577	
6.11354	0.276066	0	50.626	9.88192	205.668	
0.795297	0.183235	0	13.7729	5.88633	198.885	
0.366694	0.162953	3.14159	89.2462	28.4544	33.659	
1.75154	0.13878	3.14159	-21.4946	3.65698	129.218	
16.0552	0.449598	0	-2.75522	-4.00249	192.667	
6.37713	0.280667	0	12.1548	-0.0958087	220.403	
0.132155	0.167047	3.14159	-64.9903	-99.506	50.2795	
3.88002	0.101627	3.14159	-46.0262	-0.239095	142.408	
0.174984	0.172408	0	50.9238	27.8019	-84.0473	
0.159173	0.166575	3.14159	-2.66822	-33.0455	52.0177	
4.17161	0.0965377	3.14159	-48.4646	-2.47338	181.673	
3.56752	0.107082	3.14159	-43.3315	3.52073	183.526	
1.39186	0.145058	3.14159	-48.2781	-12.0201	249.636	
7.42668	0.298987	0	6.29302	8.52868	174.202	
13.4121	0.403463	0	-33.9525	-3.361	215.751	
7.65947	0.30305	0	2.74584	-7.62725	180.352	
16.0732	0.449912	0	20.5146	-2.78508	249.357	
1.84159	0.137208	3.14159	23.1416	11.2797	217.017	
3.60235	0.232233	0	-67.5399	2.66964	217.838	
9.51366	0.335415	0	16.3356	-12.8252	261.079	
6.35898	0.058357	3.14159	7.02068	1.60337	190.546	
4.74505	0.0865282	3.14159	4.65642	3.62882	190.988	
6.95207	0.290702	0	14.4399	4.42569	191.901	
18.2336	0.487622	0	19.9253	-2.66535	235.933	
0.331821	0.175145	0	-101.312	-20.0482	5.79916	
0.247107	0.173667	0	10.7959	-21.6877	79.6152	
3.80236	0.102983	3.14159	-6.38361	14.9349	145.253	
0.136429	0.171735	0	30.1712	-2.78639	65.732	
0.21479	0.173103	0	21.59	-7.84545	27.8758	
0.0424001	0.170093	0	-20.0177	-55.1857	43.7174	
7.38253	0.298216	0	-17.3434	-2.75967	177.504	
4.82113	0.0852002	3.14159	-7.11388	1.83624	233.901	
5.97672	0.273677	0	-39.4208	-7.00847	150.068	
4.49608	0.247833	0	44.0459	1.97968	191.368	
0.133701	0.16702	3.14159	58.4587	38.886	9.95902	
0.181952	0.172529	0	38.3524	66.1658	10.2261	
3.23819	0.225876	0	40.5823	8.93885	201.221	
4.39333	0.0926675	3.14159	18.0846	6.67756	205.146	
16.1464	0.45119	0	-27.0794	-0.50556	239.342	
1.95572	0.135216	3.14159	16.4768	-2.75387	189.118	
0.304016	0.164047	3.14159	24.683	2.20074	88.1754	
4.50987	0.0906333	3.14159	-30.3547	-6.40366	193.212	
4.52644	0.0903442	3.14159	45.779	-0.808226	189.4	
0.0537464	0.170292	0	29.4978	13.0989	-11.3826	
7.01465	0.291795	0	-43.4911	-0.190068	191.3	
2.72056	0.216841	0	2.39812	0.616119	188.301	
0.0888425	0.170904	0	-35.3881	-45.8899	61.3579	
0.177431	0.166256	3.14159	105.081	94.8206	69.9674	
16.5751	0.458673	0	-21.2238	-0.968829	244.081	
0.258389	0.173864	0	-5.8971	-6.45175	82.0741	
0.222568	0.173238	0	62.136	49.9647	81.1439	
0.248999	0.165007	3.14159	33.6042	30.0407	57.6733	
0.114561	0.167354	3.14159	4.19285	-13.3631	3.88232	
3.72373	0.104355	3.14159	-7.2647	-9.1267	169.327	
0.234823	0.173452	0	-74.4475	-17.2288	-5.24492	
5.40015	0.263613	0	18.1936	-2.61834	179.866	
4.22905	0.095535	3.14159	7.47953	2.85861	185.943	
2.01878	0.204591	0	-80.6728	-0.779388	195.531	
4.26931	0.0948323	3.14159	-44.8524	5.92021	214.694	
2.37469	0.127903	3.14159	6.536	9.16135	150.705	
0.495815	0.160699	3.14159	-46.2383	-23.5813	92.2452	
6.91897	0.290124	0	-5.71281	-3.95585	206.364	
2.95578	0.11776	3.14159	-35.015	-6.17697	131.776	
3.07573	0.115666	3.14159	51.5185	0.964531	198.886	
22.6254	0.564281	0	25.5271	1.926	231.273	
5.94242	0.273079	0	12.9164	8.92643	166.338	
4.21285	0.0958177	3.14159	-17.2868	2.7682	225.003	
15.5481	0.440747	0	3.78768	-2.86546	234.615	
0.958871	0.152616	3.14159	-26.3021	-5.79278	47.3533	
0.315219	0.163851	3.14159	-49.3919	-6.23204	69.9202	
16.4108	0.455805	0	18.0381	5.17725	238.634	
5.32299	0.262267	0	-6.12124	-1.79131	179.895	
0.183441	0.172555	0	52.8268	22.3682	68.1368	
0.270579	0.174076	0	-90.4133	-65.1475	20.6111	
7.11345	0.293519	0	-48.3302	1.97368	196.075	
22.2735	0.558139	0	-12.0803	5.09165	227.383	
0.370428	0.162888	3.14159	-110.445	-63.5041	-9.07926	
1.95712	0.135192	3.14159	9.80968	-4.91362	231.448	
0.163246	0.172203	0	-112.014	-67.1587	-16.8424	
5.72039	0.0695036	3.14159	-5.20832	3.82907	182.964	
3.80308	0.10297	3.14159	54.0426	-9.39296	227.276	
1.05792	0.150887	3.14159	44.7378	23.433	159.177	
0.372939	0.162844	3.14159	-90.474	-28.9292	2.16837	
0.0421013	0.170088	0	-78.7818	-170.001	2.66138	
0.344873	0.163334	3.14159	19.547	17.4953	71.1535	
0.0825693	0.170795	0	10.2334	67.7283	-22.1007	
4.93341	0.0832403	3.14159	-15.9764	-10.9879	187.74	
15.8779	0.446504	0	-39.8978	-9.69379	224.731	
13.3123	0.40172	0	33.7307	-9.07394	206.199	
4.48882	0.247706	0	24.4662	-6.80185	166.017	
3.47804	0.108644	3.14159	-52.7712	-1.4998	198.349	
0.160887	0.166545	3.14159	-39.1683	16.7761	5.35016	
17.4696	0.474286	0	-8.18608	9.02218	237.237	
3.41309	0.109778	3.14159	-11.3991	-0.608008	210.995	
0.355565	0.17556	0	90.213	43.2399	86.9215	
6.66054	0.0530933	3.14159	-11.9196	14.2404	206.788	
2.07633	0.133111	3.14159	-59.6977	-16.3533	170.158	
0.0578548	0.170363	0	11.5395	22.182	-55.0695	
0.313439	0.174824	0	-79.8011	-52.4211	94.5999	
2.41789	0.127149	3.14159	-11.6287	-11.9833	187.498	
3.81822	0.102706	3.14159	14.7509	-2.89899	170.307	
5.36915	0.0756345	3.14159	-42.3684	4.8346	178.695	
0.177826	0.166249	3.14159	-20.1373	38.0052	27.036	
22.8253	0.567771	0	24.8477	-5.92764	256.179	
15.3645	0.437541	0	42.3675	3.84365	223.674	
5.0325	0.0815107	3.14159	-62.3052	0.516336	144.241	
12.2589	0.383333	0	7.47148	-2.19758	250.318	
0.327077	0.163644	3.14159	-48.8032	-36.7039	-61.3243	
1.26116	0.14734	3.14159	21.4278	-14.8219	239.712	
23.2759	0.575636	0	43.106	-8.56284	205.41	
0.0941276	0.170996	0	-15.7405	-35.6987	-7.79559	
0.0739753	0.170645	0	-2.47962	-83.794	58.0565	
2.6833	0.122516	3.14159	-26.2603	-3.41024	172.865	
0.100694	0.171111	0	6.30186	49.0597	32.3608	
1.36123	0.145593	3.14159	-13.3107	-7.14427	190.466	
1.44695	0.144097	3.14159	-19.0605	13.8565	186.482	
5.10554	0.0802359	3.14159	-0.97369	-4.67901	171.897	
3.44554	0.229495	0	42.0708	3.1759	166.97	
4.83225	0.0850062	3.14159	15.3609	-3.7621	204.567	
3.58185	0.106832	3.14159	11.6288	17.371	202.351	
1.35073	0.145776	3.14159	-0.763044	17.8526	207.356	
12.7041	0.391105	0	30.4502	-5.42003	256.347	
7.04639	0.0463582	3.14159	-39.3052	-2.18235	177.423	
2.10853	0.132549	3.14159	41.8849	-2.628	205.737	
1.76864	0.138482	3.14159	31.4361	14.6481	181.232	
2.88988	0.11891	3.14159	-25.482	-11.993	160.982	
2.46521	0.126323	3.14159	-70.6031	-6.77324	158.817	
9.71105	0.33886	0	-21.2406	12.5116	167.519	
4.09671	0.097845	3.14159	-50.7102	5.21345	196.402	
0.473999	0.177627	0	-145.776	-39.2158	61.7061	
16.7117	0.461057	0	28.9509	0.673141	183.694	
4.12123	0.24129	0	-27.6316	-1.36634	174.357	
5.01855	0.0817543	3.14159	-6.13597	-2.60251	194.602	
2.39849	0.127488	3.14159	-45.6628	-10.5526	180.597	
11.9133	0.3773	0	-52.4547	-10.8795	242.18	
6.70203	0.052369	3.14159	-26.6027	-5.9657	217.268	
3.09146	0.115392	3.14159	-20.5349	2.48168	185.557	
1.18914	0.148597	3.14159	-103.506	-5.35316	225.614	
1.16606	0.149	3.14159	-36.1152	-3.97537	220.038	
1.73403	0.139086	3.14159	-56.4094	8.42573	195.124	
6.48852	0.282611	0	8.17311	-4.77934	185.016	
0.384116	0.162649	3.14159	22.306	32.4109	26.5903	
0.356169	0.163136	3.14159	105.01	66.8586	57.1708	
0.0529123	0.170277	0	-2.33296	-34.3115	-28.579	
6.28783	0.0595989	3.14159	-36.9594	2.8528	193.776	
14.774	0.427235	0	30.0222	3.56676	206.573	
12.2801	0.383703	0	0.319369	7.53954	219.483	
0.0386733	0.168678	3.14159	13.8003	-12.2824	18.1836	
3.45852	0.108985	3.14159	41.2651	7.17489	189.695	
19.5813	0.511146	0	1.95094	-7.6759	240.777	
2.7123	0.12201	3.14159	-43.4225	-2.96444	174.096	
4.67498	0.0877513	3.14159	-54.0392	-3.51239	186.19	
0.0607509	0.168293	3.14159	-19.164	-115.976	28.2298	
11.7225	0.37397	0	-2.67724	4.78216	226.639	
1.56349	0.142063	3.14159	14.0161	17.339	223.311	
7.3067	0.0418145	3.14159	25.9213	7.03186	238.39	
1.7358	0.139055	3.14159	-13.8387	13.8318	236.847	
5.80099	0.27061	0	-21.2853	-2.13002	224.153	
10.3719	0.350395	0	4.10211	5.86686	207.561	
2.7319	0.121668	3.14159	-0.492868	6.82764	185.838	
4.98595	0.0823234	3.14159	-12.1894	5.24715	166.781	
1.71594	0.139402	3.14159	11.6769	22.9392	228.483	
5.51574	0.265631	0	2.70893	0.0147672	180.681	
10.047	0.344724	0	17.7534	7.8434	233.505	
16.0804	0.450038	0	-0.917706	-0.655928	236.217	
4.56291	0.0897075	3.14159	49.6517	2.6596	183.398	
15.6577	0.442659	0	31.7284	-4.48321	237.282	
11.4194	0.368679	0	27.0065	-9.12588	214.858	
6.2541	0.278519	0	-28.9026	1.20806	158.304	
6.9075	0.289924	0	13.0471	-5.86304	190.564	
0.392295	0.176201	0	-21.4913	-25.9327	52.9072	
6.25203	0.0602238	3.14159	-8.68723	6.2773	196.039	
1.75583	0.200002	0	-26.6004	8.02166	183.139	
4.34946	0.0934333	3.14159	-19.0936	-0.342225	190.462	
2.56778	0.124533	3.14159	30.4294	16.0822	199.319	
0.161333	0.166537	3.14159	-81.6842	-80.1611	75.3544	
2.85778	0.119471	3.14159	-0.595248	8.45678	152.237	
0.417988	0.176649	0	99.0907	57.185	80.9661	
0.198437	0.172817	0	70.8281	57.9031	12.1061	
2.1907	0.131115	3.14159	-7.91203	-8.94017	204.325	
16.7548	0.46181	0	-8.17032	8.79374	207.925	
5.74087	0.0691461	3.14159	-24.739	3.72501	227.661	
0.422993	0.16197	3.14159	94.6493	51.2818	49.138	
0.0968303	0.167663	3.14159	-28.0796	-111.741	34.887	
0.157691	0.166601	3.14159	57.3561	48.15	6.45847	
0.221492	0.165487	3.14159	15.3545	-13.369	68.2578	
12.6444	0.390062	0	-18.5275	-0.080926	259.244	
13.157	0.399009	0	-36.3231	-0.824174	249.133	
0.0927488	0.170972	0	-56.5144	-60.634	-52.6758	
0.191949	0.166003	3.14159	112.549	82.7023	77.2494	
1.93825	0.135521	3.14159	38.3335	7.65401	196.732	
0.435668	0.161749	3.14159	27.3954	16.337	59.6654	
3.19693	0.113551	3.14159	8.67503	12.1652	174.565	
3.14863	0.114394	3.14159	-54.4098	-13.4913	199.147	
3.36671	0.110587	3.14159	-1.69736	-2.81745	202.445	
2.91286	0.118509	3.14159	-9.10488	13.4581	179.282	
25.6039	0.616271	0	16.5848	-1.59784	247.262	
1.60371	0.141361	3.14159	5.99484	10.2652	216.282	
0.0475636	0.170184	0	7.94293	36.8166	-30.5399	
11.4791	0.369721	0	-10.1302	5.68126	198.259	
2.51567	0.125442	3.14159	-27.1489	-11.2756	136.176	
4.28229	0.0946057	3.14159	12.222	15.7525	187.291	
13.3053	0.401599	0	-42.3244	6.87826	235.818	
3.69602	0.233868	0	-10.0145	4.66838	201.967	
5.9388	0.273016	0	-4.66588	-12.7492	203.801	
4.52918	0.0902962	3.14159	36.1283	-6.4616	239.83	
0.0849972	0.16787	3.14159	73.1634	165.478	25.6831	
18.5504	0.493152	0	40.7581	-2.98519	248.234	
3.17245	0.224729	0	6.39475	0.566974	154.638	
5.44409	0.0743265	3.14159	-68.2687	-0.882895	186.122	
5.45904	0.0740655	3.14159	-0.60963	2.86907	215.21	
8.275	0.313794	0	-16.5955	-7.66596	212.315	
1.67199	0.140169	3.14159	38.4783	-9.34975	182.666	
3.75436	0.234886	0	-5.46951	1.20239	203.868	
4.84076	0.0848575	3.14159	-9.58279	-6.22392	177.257	
3.04979	0.116119	3.14159	-7.58845	2.92785	154.531	
0.045143	0.168565	3.14159	49.2534	114.217	-2.39266	
3.54953	0.107396	3.14159	-25.6327	5.845	186.637	
7.5486	0.301115	0	-51.2567	1.68202	210.544	
4.07764	0.0981779	3.14159	-42.138	5.99843	191.773	
31.2231	0.714354	0	-31.1613	-1.81741	244.449	
0.258916	0.173873	0	-79.1727	-60.0302	96.4118	
0.552841	0.179003	0	-27.3466	-7.19555	91.4031	
1.47853	0.143545	3.14159	33.1646	7.08143	145.632	
0.29183	0.174447	0	-71.9336	-0.70813	-42.9006	
1.91727	0.135887	3.14159	-31.2694	6.69537	148.226	
2.34302	0.128456	3.14159	-35.3297	0.770823	228.207	
2.11345	0.132463	3.14159	5.50441	-12.2668	200.936	
4.13902	0.0971066	3.14159	64.8111	-9.35164	185.138	
0.31442	0.163865	3.14159	-26.4405	-22.2137	7.38954	
2.91231	0.118519	3.14159	17.8618	-1.51258	137.6	
2.09018	0.132869	3.14159	-19.5377	11.682	191.197	
6.055	0.275044	0	-9.92528	8.16973	174.816	
3.24742	0.112669	3.14159	-52.7911	-8.75439	171.304	
7.68488	0.303493	0	23.7308	-2.23068	203.202	
5.93296	0.272914	0	-60.1866	-3.34325	164.236	
1.88503	0.202257	0	26.5531	3.60338	124.549	
0.172242	0.17236	0	6.70747	46.1165	63.2557	
0.117377	0.171402	0	21.5496	26.0014	47.7083	
3.15848	0.114222	3.14159	7.53684	3.69057	134.472	
9.33408	0.33228	0	-29.4057	-2.26535	173.352	
14.0177	0.414033	0	-36.4837	-1.47836	225.382	
14.8078	0.427824	0	-41.2239	0.843531	232.328	
0.121736	0.167228	3.14159	35.8835	28.8097	89.8253	
3.81826	0.102705	3.14159	33.2476	-8.94654	235.885	
2.41554	0.12719	3.14159	-15.5505	3.42995	239.883	
0.618723	0.180153	0	-80.0678	-19.5657	62.6451	
11.6795	0.373219	0	13.6509	-10.0314	219.123	
0.306111	0.174697	0	-43.104	18.4365	23.8523	
9.26899	0.331144	0	-7.78268	1.55105	184.678	
2.0596	0.205304	0	111.52	-10.3824	186.608	
6.01454	0.0643692	3.14159	5.14997	10.5173	174.546	
0.354012	0.163174	3.14159	-33.2159	9.79293	32.1459	
3.02408	0.116568	3.14159	41.9886	-7.6966	179.288	
1.71476	0.139422	3.14159	48.5224	11.0286	213.744	
3.74259	0.104026	3.14159	65.3108	0.175771	198.528	
0.0271139	0.16888	3.14159	-39.7755	6.42934	-3.9646	
4.72854	0.0868164	3.14159	20.2166	-8.6681	148.904	
6.97111	0.0476723	3.14159	0.778991	12.6775	215.361	
0.200377	0.172851	0	-48.8553	-5.9968	28.668	
0.166389	0.172258	0	95.9367	42.9261	-49.7827	
5.83633	0.0674799	3.14159	33.2526	4.53529	160.519	
2.29976	0.129211	3.14159	19.8174	-2.0761	191.284	
12.0815	0.380237	0	-22.5077	4.26538	221.17	
6.18957	0.277393	0	28.8808	-2.349	222.951	
0.253655	0.164926	3.14159	131.946	87.0116	-3.77595	
0.221391	0.165489	3.14159	-46.9822	-31.1645	73.741	
10.7841	0.357591	0	7.30277	0.194384	249.022	
12.9912	0.396115	0	-4.18721	2.07674	229.71	
6.96522	0.290932	0	12.2445	-3.46519	211.131	
4.10616	0.09768	3.14159	28.0321	4.76935	170.334	
3.28992	0.111928	3.14159	14.4114	0.56351	200.708	
9.2662	0.331096	0	16.1246	5.28633	193.888	
2.77662	0.120887	3.14159	-34.3205	0.119992	206.18	
19.2166	0.50478	0	-26.6004	-0.908362	243.132	
3.52522	0.10782	3.14159	-22.7059	1.12013	221.73	
1.86517	0.136797	3.14159	-11.2111	12.8581	226.756	
2.32258	0.128813	3.14159	30.3541	-2.63024	162.071	
1.79157	0.138081	3.14159	-19.7811	-0.684464	135.56	
0.333892	0.163525	3.14159	111.399	64.086	43.4458	
4.32226	0.0939081	3.14159	26.8189	7.12013	206.296	
10.9784	0.360982	0	-5.87295	-13.1609	238.15	
0.154068	0.166664	3.14159	-73.0699	-63.6661	53.254	
0.397258	0.162419	3.14159	127.548	41.5736	55.2715	
0.188226	0.166068	3.14159	26.9423	62.406	-6.65764	
0.173378	0.17238	0	63.0666	116.591	-64.0985	
5.09965	0.0803386	3.14159	-4.00738	10.3196	168.244	
0.392102	0.176198	0	-38.2974	-30.7875	52.0892	
16.3389	0.45455	0	11.9981	-4.95141	242.818	
0.491446	0.160775	3.14159	-40.904	-21.8154	71.6832	
4.68575	0.0875634	3.14159	1.50222	-0.633916	198.764	
2.76398	0.121108	3.14159	-17.9005	-4.57474	204.954	
7.40906	0.0400277	3.14159	-19.4801	9.25055	232.727	
6.58117	0.284228	0	32.3615	7.25806	203.634	
1.35561	0.145691	3.14159	-61.1011	-2.73888	183.957	
4.2243	0.243089	0	2.04363	-6.60371	214.823	
3.72649	0.2344	0	-67.0676	0.357227	184.217	
0.213377	0.165629	3.14159	128.874	103.252	-13.3763	
11.4702	0.369567	0	-3.91111	-7.90741	209.908	
1.07524	0.150585	3.14159	-72.4467	-3.36716	242.163	
0.256698	0.173834	0	127.136	68.0336	49.0912	
0.0721396	0.168094	3.14159	55.9004	37.9808	27.8014	
8.77896	0.322591	0	11.8171	0.311725	196.329	
1.57761	0.141816	3.14159	-19.7215	8.39852	267.294	
9.48268	0.334874	0	-15.6646	1.45601	158.862	
2.3133	0.128975	3.14159	13.7842	-6.74451	212.83	
0.205291	0.172937	0	-85.4085	-61.3	92.8118	
0.194816	0.172754	0	-102.249	-51.8862	-58.7365	
6.17921	0.277212	0	47.7042	13.8174	189.453	
1.72979	0.13916	3.14159	2.66914	-1.06512	191.573	
3.75945	0.103732	3.14159	-43.8222	-9.43862	194.479	
17.2039	0.469649	0	4.18265	3.37711	229.312	
1.57129	0.141926	3.14159	-62.6072	-17.7683	150.493	
6.28088	0.0597203	3.14159	33.1715	-7.1783	206.544	
12.6381	0.389952	0	-0.262303	8.29967	227.377	
0.170502	0.17233	0	-101.951	-57.5663	-7.3621	
2.67498	0.216045	0	-24.2061	-1.53999	143.417	
4.42552	0.0921056	3.14159	-31.3394	9.81347	184.712	
0.111392	0.171298	0	-61.3546	-78.7819	6.34063	
18.398	0.490492	0	-10.348	-3.6166	274.074	
4.21103	0.0958496	3.14159	-27.1909	-6.1478	173.792	
17.6804	0.477966	0	-27.4113	4.31806	255.916	
7.02285	0.291938	0	-54.9273	8.05839	183.802	
5.35184	0.0759366	3.14159	-4.29009	-4.42529	233.809	
0.249089	0.173701	0	53.622	27.3169	71.9796	
11.1471	0.363927	0	17.896	-0.0313864	217.873	
2.20861	0.130802	3.14159	-101.631	-5.91415	139.023	
6.41214	0.0574291	3.14159	-53.3865	9.63803	233.682	
11.0186	0.361683	0	-14.9114	-3.51465	223.99	
3.76019	0.234988	0	31.5533	-3.29462	149.102	
0.227209	0.165387	3.14159	-18.2749	-4.91829	92.8476	
0.277537	0.164509	3.14159	89.765	61.5842	85.6559	
0.216124	0.173126	0	-127.902	-88.9317	68.5264	
2.84304	0.119728	3.14159	-28.3988	0.55436	175.451	
1.6581	0.140411	3.14159	-35.476	-9.36967	125.196	
5.82496	0.271028	0	-19.1769	11.2976	191.534	
2.02055	0.134085	3.14159	45.7995	-4.37408	198.951	
2.19518	0.131036	3.14159	-108.413	3.3461	175.716	
15.9461	0.447694	0	15.071	-1.95418	223.8	
14.848	0.428526	0	-12.7201	-5.01208	247.091	
2.2617	0.129875	3.14159	-36.265	4.29872	223.337	
5.78212	0.068426	3.14159	56.2606	-14.0006	210.306	
3.57877	0.106886	3.14159	5.77531	-12.7998	154.927	
4.68368	0.0875994	3.14159	12.4439	5.84803	175.29	
2.46377	0.126348	3.14159	-43.4685	-4.42021	182.306	
15.4982	0.439876	0	6.20869	0.657326	232.446	
4.01565	0.0992599	3.14159	40.5092	13.5913	156.693	
6.37874	0.0580121	3.14159	18.8117	-5.36048	182.663	
4.00755	0.239305	0	16.4837	7.35802	197.581	
3.17619	0.113913	3.14159	52.1244	2.2978	206.974	
4.58224	0.0893701	3.14159	-29.7916	-29.6873	169.529	
3.4159	0.109729	3.14159	-46.9762	-1.6969	162.66	
5.1146	0.0800776	3.14159	-35.6213	-12.8865	225.767	
3.85235	0.10211	3.14159	-22.6101	5.10115	221.384	
0.383854	0.176054	0	-81.5401	-33.2988	52.1272	
2.9334	0.118151	3.14159	8.24711	5.11693	215.201	
10.0379	0.344566	0	-42.9211	10.0211	210.777	
0.238841	0.173522	0	57.4859	72.3964	21.6	
0.283804	0.174307	0	86.5577	53.0763	51.1237	
5.93876	0.273015	0	14.9618	0.600469	195.783	
2.676	0.216063	0	-16.2079	-5.90067	229.931	
0.33182	0.163561	3.14159	-53.0882	-8.68444	90.3815	
3.16596	0.114091	3.14159	-9.94443	3.78661	202.802	
2.7491	0.121368	3.14159	-63.4399	-9.79299	180.734	
1.63029	0.140897	3.14159	-36.7202	-2.04293	222.858	
1.52958	0.142654	3.14159	10.1837	-6.83514	158.989	
3.10643	0.11513	3.14159	18.3517	6.62845	185.12	
0.07052	0.170584	0	-21.6877	-115.042	37.0477	
0.190164	0.166034	3.14159	-32.9224	-18.062	63.705	
0.2576	0.164857	3.14159	1.3687	11.6466	48.3238	
6.26632	0.278732	0	-28.4428	11.8778	179.194	
0.229089	0.173352	0	119.293	78.8438	48.168	
0.211095	0.165669	3.14159	-54.2899	-47.1159	59.9515	
18.5749	0.49358	0	-7.31359	-5.82595	263.291	
0.429647	0.161854	3.14159	46.0091	32.225	77.6357	
3.07307	0.115713	3.14159	22.9445	-9.09986	147.644	
2.70408	0.122153	3.14159	-56.8504	-6.69359	168.699	
2.67616	0.216066	0	-8.26168	-2.91341	150.967	
7.71576	0.304033	0	-11.8109	1.70915	166.634	
0.118351	0.171419	0	43.1421	-5.72467	-23.6128	
3.62349	0.106105	3.14159	-15.9658	7.09072	176.805	
9.28344	0.331396	0	13.2964	-0.910968	236.625	
5.20102	0.0785692	3.14159	-51.3584	-4.78398	191.155	
4.62409	0.0886397	3.14159	15.1189	-5.86968	190.629	
16.6569	0.460101	0	-15.3396	11.6797	213.296	
10.7602	0.357173	0	41.3501	-5.4367	250.633	
6.45775	0.0566329	3.14159	15.6757	-3.53484	176.648	
1.18363	0.148693	3.14159	35.6924	-2.63423	199.417	
1.17224	0.148892	3.14159	29.6002	8.93792	202.028	
0.0454372	0.16856	3.14159	-38.9106	-172.619	-30.9711	
1.53554	0.14255	3.14159	67.7822	-6.75284	215.336	
5.30526	0.0767497	3.14159	-7.67701	-8.28691	173.972	
15.553	0.440831	0	15.598	9.14149	229.487	
5.55367	0.266293	0	31.7008	-0.224087	185.734	
0.353927	0.163176	3.14159	-94.1917	-58.8879	57.882	
3.00497	0.116901	3.14159	-7.61886	-12.0094	154.266	
0.246069	0.165058	3.14159	-75.2603	-40.5017	-35.5234	
4.27627	0.0947108	3.14159	27.9772	3.17633	133.894	
0.374323	0.16282	3.14159	-111.463	-78.2557	52.0015	
11.4375	0.368995	0	-25.4814	-6.52972	198.814	
16.9921	0.465951	0	-21.9381	-2.22242	222.211	
0.136347	0.171733	0	-27.8703	-68.4042	53.2914	
3.35999	0.110704	3.14159	-7.22968	-11.212	219.412	
2.63332	0.215318	0	-13.963	1.58333	189.567	
4.54063	0.24861	0	71.5803	-3.79597	193.53	
0.0753828	0.168038	3.14159	-20.1691	-4.62998	39.1946	
0.0665924	0.168191	3.14159	43.2859	38.9324	35.5597	
19.7445	0.513996	0	-1.75377	10.5036	239.726	
1.1771	0.148807	3.14159	-15.7752	-0.654495	161.74	
20.961	0.535229	0	13.8286	4.08744	238.671	
18.2164	0.487322	0	-21.3293	5.33881	216.898	
2.45867	0.21227	0	-43.8046	-0.824497	195.457	
0.0831407	0.167902	3.14159	-35.6777	-21.7489	29.3692	
0.353443	0.175523	0	-79.0018	-11.1659	41.7181	
0.166081	0.166454	3.14159	-39.056	-27.3521	59.6193	
2.07968	0.133053	3.14159	21.8758	1.93849	183.993	
1.6084	0.141279	3.14159	2.65533	5.76391	123.068	
4.92021	0.0834707	3.14159	-9.7309	-0.00560523	169.755	
2.45729	0.126461	3.14159	24.1762	-3.46427	181.136	
17.1505	0.468716	0	19.0244	4.64757	233.572	
2.21386	0.13071	3.14159	-12.3307	-8.53776	236.542	
3.47689	0.108664	3.14159	21.9349	2.6786	200.105	
13.373	0.40278	0	16.2243	-9.8064	288.58	
9.89518	0.342074	0	-14.7659	-3.74795	213.935	
0.138582	0.166934	3.14159	92.8711	65.6096	7.33162	
0.149519	0.171963	0	71.4516	105.518	89.3281	
0.0624238	0.170443	0	32.6257	8.55972	-4.65723	
15.2689	0.435873	0	12.791	4.81244	261.236	
0.0518003	0.170258	0	66.6363	99.1541	-3.96039	
2.81086	0.218417	0	30.9527	-6.06051	194.705	
0.14547	0.166814	3.14159	-4.51793	-9.44458	23.485	
0.265445	0.173987	0	-93.1466	-63.642	96.8798	
3.39141	0.110156	3.14159	-36.2579	15.4317	170.67	
5.10404	0.258445	0	7.67243	-4.2846	174.362	
1.63285	0.140852	3.14159	-36.5545	-14.2427	162.702	
5.63427	0.2677	0	0.73019	-4.4852	205.445	
0.169016	0.172304	0	105.381	90.1512	39.4256	
0.135427	0.16699	3.14159	-5.66421	8.42736	63.8315	
3.43885	0.109328	3.14159	51.2852	12.3089	169.238	
2.66745	0.122793	3.14159	40.2433	7.56185	202.062	
4.81873	0.0852422	3.14159	-3.68918	-9.9617	169.221	
2.70978	0.216653	0	-22.3778	-14.3218	195.196	
0.120823	0.171462	0	-22.6386	-43.6455	7.90072	
0.101864	0.171131	0	1.35705	20.8983	-35.4177	
0.22137	0.165489	3.14159	-86.459	-88.602	44.6202	
0.110614	0.171284	0	59.8843	54.4958	-7.36844	
0.214585	0.165608	3.14159	-152.466	-85.5331	30.415	
0.301262	0.174612	0	-147.956	-37.6001	2.29888	
4.65606	0.0880815	3.14159	9.16512	20.1458	164.814	
0.0966876	0.171041	0	9.95184	-59.325	-6.18629	
0.129403	0.171612	0	-1.16868	-10.6295	10.2245	
25.3306	0.611501	0	10.1685	-3.95099	238.318	
0.393257	0.162489	3.14159	22.3999	-1.89146	47.522	
21.0446	0.536688	0	5.31349	-6.07209	221.293	
4.6936	0.0874264	3.14159	7.85622	16.74	198.462	
0.168801	0.1723	0	-4.34946	0.144694	82.3027	
0.250357	0.173723	0	92.3805	45.8501	77.2783	
1.69162	0.139826	3.14159	-3.81375	-3.11598	154.335	
4.05608	0.0985543	3.14159	-54.1833	-0.652256	167.442	
0.191621	0.166009	3.14159	-70.9735	-61.929	20.9522	
11.9979	0.378777	0	-12.3302	0.741611	249.759	
16.9075	0.464475	0	-10.8528	5.49381	254.222	
0.47748	0.177688	0	-27.7661	-13.5935	5.61101	
2.81332	0.120247	3.14159	61.3362	-2.25056	157.536	
3.897	0.101331	3.14159	67.5124	8.95879	203.697	
0.217734	0.165553	3.14159	-53.1399	-37.6728	41.8886	
1.32349	0.146252	3.14159	-65.4847	-2.57255	218.229	
4.18595	0.0962874	3.14159	16.2289	7.20046	207.66	
3.49474	0.108353	3.14159	28.3041	13.6783	175.9	
4.79113	0.0857239	3.14159	11.3728	-0.0275381	191.209	
4.15201	0.0968797	3.14159	14.8589	-1.12132	153.932	
18.0548	0.484501	0	28.6459	1.38279	209.791	
10.0689	0.345106	0	5.40014	6.15581	199.203	
0.166238	0.166452	3.14159	72.1461	88.2692	18.8234	
0.249837	0.164992	3.14159	15.5984	25.0675	73.7085	
0.0701278	0.168129	3.14159	-66.1938	-134.667	8.99306	
2.57013	0.124492	3.14159	-24.1861	-7.72056	192.863	
0.392001	0.162511	3.14159	-81.973	-62.1554	14.8818	
0.055736	0.170326	0	27.2789	57.9083	-45.9156	
4.21903	0.0957099	3.14159	27.2256	4.2791	225.457	
2.24795	0.130115	3.14159	88.798	-3.94014	205.748	
6.66122	0.0530814	3.14159	-17.376	1.99586	179.87	
1.90569	0.136089	3.14159	49.7187	-7.73066	225.614	
13.8484	0.411078	0	1.45872	-3.29418	245.495	
4.83694	0.0849242	3.14159	15.5305	13.585	159.935	
0.366293	0.16296	3.14159	102.496	24.3811	41.2277	
9.58791	0.336711	0	12.015	5.53	188.111	
0.298811	0.164138	3.14159	11.1102	7.93718	89.6998	
11.7083	0.373722	0	15.2344	-12.1785	182.543	
13.6647	0.407871	0	1.24657	-1.04182	231.062	
3.47804	0.230063	0	-1.67291	12.8875	175.662	
0.283599	0.174304	0	55.6389	35.6603	-79.0837	
7.35882	0.0409047	3.14159	-28.6866	-6.30119	166.417	
3.48512	0.10852	3.14159	-31.7127	6.53779	216.25	
18.159	0.48632	0	-9.97028	-4.79989	221.017	
4.32126	0.0939255	3.14159	8.01293	6.94461	188.192	
2.64719	0.123146	3.14159	-11.0374	-4.00766	185.129	
0.0660545	0.170506	0	7.62098	49.2231	4.31025	
3.78376	0.103308	3.14159	-31.7366	7.95916	165.754	
2.8461	0.219032	0	8.41496	-3.84099	223.642	
1.70715	0.139555	3.14159	59.6124	8.58053	114.55	
0.365688	0.175736	0	140.122	77.3754	94.7827	
0.123248	0.167202	3.14159	59.3752	15.8963	-24.9401	
2.7767	0.217821	0	34.1921	9.6716	226.247	
8.11467	0.310995	0	29.5836	-14.2836	235.382	
0.204869	0.172929	0	-1.82846	16.9417	79.5808	
5.15313	0.0794051	3.14159	2.28241	-17.313	182.75	
30.4388	0.700665	0	-20.2199	-9.54599	220.115	
2.77472	0.12092	3.14159	-6.31737	-13.2639	228.268	
2.49613	0.125783	3.14159	-1.54993	-2.34869	200.056	
5.16291	0.0792344	3.14159	-26.7061	3.66934	197.077	
0.283688	0.174305	0	41.2214	34.5147	86.068	
0.223529	0.173255	0	-102.412	-77.3421	92.312	
4.37831	0.245777	0	9.52767	4.53579	154.702	
3.80813	0.102882	3.14159	-12.4678	-2.63933	154.556	
5.57241	0.0720866	3.14159	36.3837	-1.60105	171.463	
11.4902	0.369916	0	-22.3581	9.06476	211.652	
0.32731	0.175067	0	30.7933	18.01	71.3361	
5.34896	0.0759869	3.14159	-63.6124	-3.3925	150.088	
10.7323	0.356686	0	-6.33945	4.25416	191.864	
4.30211	0.244447	0	12.3149	10.4753	172.055	
0.281786	0.164435	3.14159	93.2198	70.5036	98.1718	
0.24135	0.165141	3.14159	134.794	101.857	60.8538	
9.87714	0.34176	0	0.0633772	7.08762	182.758	
10.6151	0.354641	0	-33.8446	10.0414	176.942	
0.756506	0.156149	3.14159	-63.6182	-0.755214	124.124	
2.75063	0.217366	0	-37.5795	5.45604	168.181	
1.2473	0.147582	3.14159	35.8548	3.73451	162.166	
3.60869	0.106363	3.14159	-0.775656	12.1851	185.046	
4.4033	0.0924935	3.14159	37.9179	3.07776	186.837	
4.00389	0.0994652	3.14159	-37.7667	-13.4346	175.118	
2.43856	0.126788	3.14159	1.12223	0.0476204	225.994	
0.433239	0.176916	0	54.9708	31.4785	68.371	
1.44112	0.144199	3.14159	33.7971	16.5355	140.372	
7.51035	0.300447	0	8.63276	-8.09373	205.875	
0.177926	0.172459	0	-52.8876	-69.8692	57.8101	
6.99422	0.291438	0	-7.09083	-4.67497	200.698	
9.52156	0.335553	0	-20.5121	1.70668	234.52	
0.465516	0.161228	3.14159	42.1847	25.9587	68.1478	
0.230379	0.173375	0	109.686	89.9504	74.779	
12.6418	0.390016	0	21.2663	-4.68849	202.383	
0.155267	0.172064	0	-106.397	-110.179	59.6409	
1.32488	0.146228	3.14159	-35.8888	-2.73226	179.927	
0.103486	0.167547	3.14159	-101.303	-144.155	-34.6176	
20.5593	0.528218	0	22.6439	-11.1568	247.421	
0.401644	0.162343	3.14159	120.604	40.6542	88.6561	
3.75299	0.103845	3.14159	20.9249	-3.32146	180.213	
0.114283	0.167359	3.14159	35.2694	110.485	-4.73011	
12.1116	0.380762	0	5.5972	-3.65736	216.574	
13.3654	0.402648	0	8.48661	-8.32363	228.179	
18.3672	0.489955	0	11.2429	-1.61409	243.271	
2.80622	0.120371	3.14159	23.7607	1.10902	190.267	
6.01332	0.274316	0	19.857	-2.11874	167.053	
2.65578	0.122997	3.14159	-39.2698	-9.16647	187.711	
3.35302	0.22788	0	14.4415	12.1889	144.338	
9.07768	0.327805	0	-17.0001	-3.86288	189.675	
0.172744	0.172369	0	55.248	30.8197	-55.3495	
3.54082	0.107548	3.14159	42.375	11.477	159.29	
0.0864471	0.167844	3.14159	-0.855819	-7.84311	26.6845	
5.07704	0.257973	0	49.1405	1.37166	203.198	
0.0764877	0.170688	0	28.2445	73.9084	65.7316	
5.83778	0.0674546	3.14159	32.9068	-4.30847	155.189	
1.5693	0.141961	3.14159	49.4464	3.12274	187.067	
6.54916	0.283669	0	47.5509	-6.90164	165.328	
4.04094	0.0988184	3.14159	-12.6945	-8.42734	208.69	
0.133264	0.167027	3.14159	84.8739	137.684	88.481	
3.51622	0.107978	3.14159	6.39512	-2.38986	158.818	
4.29254	0.0944268	3.14159	-29.9013	-9.10664	165.447	
0.197026	0.165914	3.14159	-23.6264	-3.40701	50.034	
0.232255	0.165299	3.14159	-10.5511	-2.92136	60.297	
0.168669	0.166409	3.14159	33.4745	52.7473	-15.1584	
2.81582	0.120203	3.14159	-35.3469	5.83147	174.525	
0.104	0.171169	0	15.6449	20.6088	30.8035	
10.2477	0.348228	0	7.29029	-3.89679	233.74	
5.11925	0.0799966	3.14159	5.07223	-4.17606	225.018	
9.11726	0.328496	0	-4.25249	-4.12873	248.081	
3.3519	0.110846	3.14159	13.903	0.488042	166.141	
3.22606	0.113042	3.14159	-36.2464	7.00786	173.049	
3.71862	0.104445	3.14159	-27.3397	-14.2308	218.856	
2.30365	0.129143	3.14159	57.4848	-12.5313	243.201	
11.8048	0.375407	0	5.47752	-1.85278	214.48	
1.0618	0.187887	0	10.5424	-4.30747	112.791	
0.34803	0.175428	0	-62.7197	-19.7643	64.7871	
16.7515	0.461751	0	4.38589	-5.50783	229.02	
0.380412	0.175994	0	-149.201	-81.3935	67.5367	
3.82399	0.102605	3.14159	50.3532	0.186274	199.58	
3.56711	0.107089	3.14159	22.3543	6.96044	142.424	
4.52186	0.090424	3.14159	20.3261	6.83144	167.264	
3.93729	0.238079	0	-28.1706	17.284	198.358	
3.71027	0.10459	3.14159	30.1177	2.52988	164.55	
5.10739	0.258503	0	-17.2698	7.46781	173.45	
14.1047	0.415551	0	-36.4201	-2.56518	218.458	
3.8791	0.237063	0	-7.68459	-4.08948	169.487	
2.72783	0.121739	3.14159	-43.3778	-6.15565	203.764	
0.458043	0.177349	0	-15.8127	5.61647	67.1856	
4.08229	0.0980968	3.14159	-71.5293	-5.35725	188.104	
2.69878	0.122246	3.14159	-4.04023	-0.337295	220.379	
2.82034	0.218583	0	-31.0389	4.69309	221.956	
0.00330318	0.169296	3.14159	8.39871	185.084	4.98778	
0.162093	0.166524	3.14159	70.1832	81.3179	-33.1785	
4.53856	0.0901324	3.14159	3.01538	2.06788	197.426	
1.48625	0.143411	3.14159	-80.4114	-4.18505	229.023	
4.9358	0.0831987	3.14159	-25.0533	-8.03856	200.131	
2.71307	0.121997	3.14159	37.5393	-4.62928	196.931	
17.204	0.46965	0	23.209	-7.1743	254.927	
0.14269	0.171844	0	20.2445	13.0103	-21.4241	
0.899716	0.185058	0	116.077	13.6514	154.836	
7.29746	0.0419757	3.14159	10.7089	2.55692	197.659	
0.0557741	0.170327	0	-14.214	27.3673	-25.0828	
6.76818	0.287492	0	75.5875	7.32451	200.25	
6.31625	0.0591029	3.14159	-4.48066	-16.915	149.073	
6.88658	0.289559	0	-28.7025	0.275819	191.613	
2.97322	0.117456	3.14159	-31.9907	1.66277	248.128	
0.0272228	0.169829	0	30.8104	93.9338	17.491	
4.84375	0.0848055	3.14159	36.7355	-7.21925	176.567	
3.32782	0.111266	3.14159	-54.1188	13.284	161.436	
0.0489358	0.170208	0	-80.283	-90.2443	-21.3835	
1.38269	0.145218	3.14159	-17.0086	-17.2091	158.036	
12.4865	0.387306	0	-4.55526	10.1487	219.794	
2.38619	0.127702	3.14159	-65.842	-13.7278	169.836	
0.149117	0.166751	3.14159	98.4373	106.781	32.5141	
0.130184	0.171626	0	64.9743	23.8189	-35.738	
3.50157	0.230474	0	-6.68495	7.2238	158.465	
4.3926	0.246027	0	-16.3125	-0.20835	165.96	
4.582	0.249332	0	3.15248	-2.77323	182.479	
0.12421	0.167185	3.14159	-59.7614	-54.6774	-21.976	
6.50004	0.0558947	3.14159	-7.17614	9.41786	209.401	
0.252892	0.164939	3.14159	-52.2018	-17.0805	78.4601	
17.2889	0.471132	0	3.04876	2.04265	216.835	
11.7204	0.373933	0	-18.2175	2.25343	231.01	
5.70009	0.268849	0	6.18853	3.17297	174.07	
3.0331	0.11641	3.14159	-53.798	1.63168	186.154	
22.0148	0.553623	0	-24.318	3.95316	249.456	
16.782	0.462284	0	7.35438	0.754355	231.635	
19.0131	0.501228	0	-9.86495	-1.80207	251.188	
0.219911	0.165515	3.14159	144.705	75.7473	51.9172	
5.22635	0.26058	0	-24.3806	-0.358143	205.408	
2.81239	0.120263	3.14159	21.0004	1.18411	159.237	
5.88078	0.066704	3.14159	3.20202	2.005	188.696	
15.9821	0.448321	0	-38.8715	-2.76473	230.306	
15.1868	0.434441	0	29.009	2.00021	200.611	
4.94783	0.255718	0	-12.2785	-5.1822	198.905	
15.6593	0.442687	0	-25.4354	-2.98447	238.336	
5.47352	0.0738127	3.14159	-26.3241	4.1558	180.13	
7.85501	0.306463	0	14.323	-8.88224	185.984	
0.0838027	0.170816	0	-30.8346	-28.5673	-5.99458	
4.1522	0.24183	0	5.21299	10.623	146.312	
1.45912	0.143884	3.14159	-2.91885	7.97867	211.662	
14.0669	0.414893	0	28.8131	-9.42234	210.629	
0.425582	0.161925	3.14159	2.18122	1.88212	79.6454	
1.77297	0.138406	3.14159	-73.4473	-8.6415	208.3	
0.37311	0.175866	0	-133.355	-66.7309	5.48486	
8.46969	0.317192	0	-20.7581	4.41411	194.71	
3.8395	0.236372	0	-12.8171	-4.56998	159.472	
13.115	0.398276	0	-7.78166	-7.36844	209.872	
4.54702	0.0899849	3.14159	-6.42069	0.30204	173.217	
0.27291	0.174117	0	68.2513	55.1784	59.3646	
0.33098	0.175131	0	-3.71851	-8.32516	31.8239	
1.43126	0.144371	3.14159	0.336815	11.7332	188.065	
8.81583	0.323234	0	-7.34697	2.73251	222.408	
0.243619	0.165101	3.14159	-95.8991	-41.1166	83.1982	
0.355123	0.163155	3.14159	-52.4251	-30.3073	98.6893	
5.72576	0.0694099	3.14159	-24.0897	5.93949	186.747	
0.108777	0.167455	3.14159	-1.18969	-42.2044	68.1145	
0.149127	0.171956	0	33.7277	105.98	65.9522	
0.274712	0.174149	0	-59.9025	-37.5053	67.0923	
0.273168	0.164585	3.14159	43.4223	41.4467	83.5549	
15.1678	0.434109	0	18.8646	-5.87099	221.398	
3.00356	0.116926	3.14159	-29.5932	0.983774	145.078	
0.428434	0.161875	3.14159	-31.5739	-35.9602	44.9058	
3.14245	0.114502	3.14159	2.3916	-5.56525	204.227	
3.83222	0.102462	3.14159	-13.5512	1.76386	205.626	
5.70202	0.0698242	3.14159	48.447	5.99297	187.609	
3.1122	0.11503	3.14159	0.501655	3.89127	191.533	
6.33674	0.0587452	3.14159	8.70001	5.4483	213.252	
5.22855	0.0780887	3.14159	-4.48427	-8.52946	224.734	
9.12186	0.328576	0	-10.7947	-5.80299	223.901	
8.11797	0.311053	0	7.89947	-4.21071	239.602	
10.7386	0.356797	0	5.30378	1.16405	221.656	
2.20068	0.13094	3.14159	2.53157	14.083	177.396	
3.39932	0.110018	3.14159	-12.3295	-14.188	183.726	
3.27544	0.11218	3.14159	-22.1521	-6.01975	201.042	
14.5048	0.422536	0	6.56091	1.22039	206.827	
0.33751	0.163462	3.14159	-1.89665	-0.347828	98.2744	
0.312821	0.163893	3.14159	57.6739	44.7088	64.5657	
14.5185	0.422776	0	8.74789	-0.921146	195.942	
3.42704	0.109534	3.14159	55.137	-11.0578	225.704	
4.32578	0.0938467	3.14159	13.7032	1.13778	248.829	
0.136086	0.171729	0	-80.2042	-92.07	28.0635	
18.6808	0.495427	0	0.316816	-4.97488	238.318	
11.1059	0.363208	0	-8.25413	-4.18883	220.978	
4.98302	0.256332	0	34.1234	3.95407	184.786	
2.11102	0.132505	3.14159	37.1211	12.5818	177.356	
2.60342	0.123911	3.14159	19.0696	-13.1659	204.068	
12.6895	0.390849	0	-44.5464	-0.683182	228.026	
4.64518	0.0882714	3.14159	-0.0235926	15.7369	192.301	
3.04658	0.116175	3.14159	65.0254	-12.0492	178.707	
14.4943	0.422352	0	-27.6681	-10.4775	225.369	
5.60644	0.0714926	3.14159	63.228	2.59844	181.734	
2.6202	0.123618	3.14159	-4.73619	21.8587	151.813	
0.234456	0.165261	3.14159	-55.4215	-69.2213	80.0257	
0.394719	0.162464	3.14159	64.8842	46.1471	49.0341	
3.95222	0.100367	3.14159	-21.3311	7.79604	183.709	
12.2166	0.382596	0	19.3159	7.24142	211.123	
4.26615	0.243819	0	8.26923	-0.424936	159.212	
6.2425	0.278317	0	4.35396	4.23965	181.771	
0.205729	0.165762	3.14159	-40.2586	-24.4846	-81.1144	
1.18392	0.190019	0	-17.5151	-5.12913	227.391	
3.70425	0.104695	3.14159	-33.6485	-2.0156	194.485	
0.115596	0.171371	0	28.855	38.3048	81.8368	
0.273137	0.174121	0	-53.4882	-9.31734	50.5722	
0.169765	0.16639	3.14159	22.7721	-22.6547	-13.8784	
1.50535	0.143077	3.14159	-61.7539	-7.13805	165.24	
3.94922	0.238287	0	-32.1763	1.86694	183.793	
5.32169	0.0764629	3.14159	31.0088	-5.35985	187.265	
3.53721	0.107611	3.14159	32.4727	7.65206	190.183	
3.34272	0.111006	3.14159	10.0245	2.41133	196.358	
2.31101	0.129014	3.14159	-27.5753	-1.00087	173.366	
17.8615	0.481126	0	12.2449	5.24166	234.547	
2.58301	0.124267	3.14159	-67.1235	-0.572047	173.847	
0.323945	0.163699	3.14159	-29.1021	-30.508	22.109	
0.10111	0.167588	3.14159	-24.8839	-94.6935	-16.5897	
3.15833	0.224482	0	-27.4638	-9.15131	148.271	
5.99768	0.274043	0	41.2335	0.328281	152.38	
0.0546935	0.168399	3.14159	47.9344	144.935	-37.7348	
2.02379	0.134028	3.14159	32.9802	8.11171	164.908	
9.53596	0.335804	0	-8.22159	1.31349	269.689	
9.11358	0.328431	0	-22.5689	15.0014	202.95	
6.55259	0.283729	0	-2.07961	-2.78816	232.36	
2.9017	0.118704	3.14159	27.4306	-3.71554	231.115	
1.9337	0.203106	0	3.92528	4.44089	197.858	
2.63859	0.123297	3.14159	16.1905	-2.64526	205.172	
2.55738	0.124714	3.14159	37.3948	-0.00492146	214.274	
2.74466	0.121445	3.14159	-25.3286	-7.5769	217.737	
0.042234	0.170091	0	-15.7105	4.88746	-70.0466	
3.19936	0.113508	3.14159	29.1295	-10.7751	203.876	
4.07735	0.0981829	3.14159	7.44269	-5.17612	221.172	
0.196857	0.17279	0	-71.7107	-64.4902	38.6322	
1.45659	0.194778	0	67.7939	0.315286	200.265	
0.132437	0.167042	3.14159	52.7085	58.2378	11.6118	
0.117041	0.16731	3.14159	-49.9016	-45.1138	17.542	
1.57713	0.196882	0	62.4682	3.68264	168.934	
0.233741	0.173433	0	2.0151	36.4739	17.5916	
8.07176	0.310246	0	15.2694	-2.98977	211.669	
16.8312	0.463144	0	-15.7298	-0.529564	240.232	
14.2367	0.417857	0	-5.78115	-0.370586	242.488	
2.75181	0.12132	3.14159	-16.5709	-7.66792	229.629	
0.222819	0.165464	3.14159	-86.5859	-67.1741	85.5795	
2.06844	0.133249	3.14159	-41.9795	-4.8825	242.754	
0.0984741	0.167635	3.14159	-96.172	-91.7791	36.6165	
2.36063	0.128148	3.14159	-41.2092	-9.24788	190.163	
4.06278	0.0984373	3.14159	-8.53196	7.82969	234.203	
9.73755	0.339323	0	-2.31234	0.741406	218.35	
0.137466	0.166954	3.14159	-69.0763	-64.1593	73.9341	
7.84852	0.30635	0	42.3995	3.2759	199.961	
4.77245	0.08605	3.14159	4.93887	1.43425	189.058	
3.37182	0.110498	3.14159	-42.2482	-8.10278	236.78	
3.36864	0.110554	3.14159	101.482	2.68971	137.573	
0.190941	0.16602	3.14159	8.60128	53.4705	-39.8671	
1.51016	0.195713	0	-5.44609	-13.6747	218.325	
3.60332	0.23225	0	-13.0869	-16.0916	146.286	
4.1182	0.0974699	3.14159	0.798386	-7.48649	184.102	
10.9513	0.36051	0	-3.75276	-5.63886	225.597	
0.0640016	0.170471	0	-32.4494	-130.393	74.636	
0.132614	0.171668	0	-102.996	-102.464	67.1583	
15.2164	0.434957	0	-2.35392	7.20213	257.348	
5.90148	0.272364	0	-6.65664	2.15114	199.997	
1.14496	0.149368	3.14159	-7.38631	-3.15263	248.737	
8.88482	0.324439	0	-22.3882	18.7255	199.274	
0.165406	0.172241	0	-91.2666	-52.8082	31.5815	
4.1554	0.0968207	3.14159	14.2846	-0.973868	195.965	
0.0983284	0.167637	3.14159	50.2352	112.821	52.1306	
3.89695	0.101332	3.14159	-2.55008	-1.11362	142.125	
12.962	0.395605	0	0.422852	-2.7064	206.949	
2.55944	0.214029	0	-42.7911	-4.88437	206.083	
0.287188	0.164341	3.14159	110.572	58.2032	65.7499	
4.33965	0.0936045	3.14159	-19.387	-2.31678	216.724	
23.7382	0.583705	0	0.51757	1.32484	264.596	
4.58628	0.0892995	3.14159	43.3147	10.1139	240.324	
7.0058	0.29164	0	-24.3996	-3.30418	195.876	
4.40379	0.092485	3.14159	-26.7834	5.62344	173.704	
19.2371	0.505138	0	-12.3645	5.85827	268.011	
3.77305	0.103495	3.14159	41.7017	-7.10227	179.43	
6.06743	0.275261	0	-6.46091	-7.00484	212.23	
0.0695049	0.16814	3.14159	-11.0456	-14.143	26.2036	
2.45997	0.126414	3.14159	-78.2662	-4.30081	208.298	
13.1935	0.399647	0	-26.063	-8.59333	212.237	
4.21965	0.0956991	3.14159	-22.0868	4.84898	155.75	
10.3457	0.349938	0	-10.2426	2.89952	183.923	
4.47211	0.0912924	3.14159	-43.8341	10.9328	222.914	
0.297904	0.174553	0	-7.6902	33.7048	29.439	
6.17506	0.0615673	3.14159	46.695	1.89892	200.825	
7.36096	0.297839	0	-12.8115	7.194	241.08	
0.250076	0.164988	3.14159	-78.5878	-72.0823	75.1227	
0.0879257	0.170888	0	-47.0712	-43.6125	-16.2035	
4.63355	0.250232	0	-12.9166	10.92	212.256	
3.05754	0.115984	3.14159	-17.8148	4.61884	198.587	
14.8227	0.428085	0	19.6145	5.82466	204.98	
0.0477278	0.170186	0	-33.5344	-34.6655	3.47892	
4.45045	0.0916705	3.14159	48.711	3.57697	174.697	
11.1457	0.363902	0	42.9178	2.66815	200.256	
2.41046	0.127279	3.14159	29.6697	1.82716	181.871	
2.83624	0.119847	3.14159	-28.0506	-10.5622	200.82	
0.0532102	0.168425	3.14159	4.61266	26.1766	44.0442	
3.78243	0.103331	3.14159	13.2472	-10.0843	188.292	
6.46339	0.0565344	3.14159	-45.2836	-0.153916	218.553	
3.53646	0.107624	3.14159	20.2159	-16.1087	178.855	
0.294469	0.174493	0	-6.44115	-21.1379	-40.724	
6.16653	0.0617163	3.14159	-50.3274	-8.14314	175.314	
5.89393	0.0664744	3.14159	2.09144	-9.65729	185.859	
3.57926	0.23183	0	-34.6647	-9.16145	148.462	
5.11354	0.0800962	3.14159	26.5946	7.85533	163.229	
0.166449	0.172259	0	-44.8576	-46.3827	16.7986	
2.40467	0.12738	3.14159	3.69872	-20.0048	163.43	
0.29678	0.174534	0	39.7837	44.1537	74.1125	
3.42782	0.109521	3.14159	-14.1426	-9.9462	182.357	
13.2693	0.400969	0	12.6405	-1.2084	201.561	
11.7137	0.373817	0	-47.8005	-13.1107	235.901	
0.14412	0.171869	0	-1.91946	63.4723	16.6096	
0.133065	0.167031	3.14159	51.0343	28.5944	-15.6245	
5.30087	0.0768263	3.14159	-4.46199	9.4863	238.11	
0.0977271	0.171059	0	89.5627	98.8497	-39.8599	
0.107503	0.17123	0	41.5704	78.5568	57.9884	
0.431744	0.161817	3.14159	18.8189	10.6229	68.0843	
5.62673	0.267568	0	10.3757	2.18025	190.837	
0.097878	0.171062	0	79.3405	107.948	23.4164	
0.241169	0.173563	0	72.6064	29.4383	68.4922	
0.427303	0.176812	0	-24.012	-12.9343	71.4046	
1.9098	0.136018	3.14159	2.52987	3.68331	223.76	
3.6025	0.232235	0	-25.0132	-2.81326	188.475	
3.87147	0.23693	0	18.1206	2.23176	198.755	
5.00953	0.0819116	3.14159	17.983	6.68017	195.84	
1.88649	0.136425	3.14159	-10.1582	6.66642	227.873	
20.0319	0.519012	0	13.4381	-3.25972	252.746	
4.01773	0.0992237	3.14159	-12.0959	4.30557	219.361	
0.129929	0.171621	0	-60.9858	-137.576	-8.11286	
4.24147	0.0953183	3.14159	35.7781	7.76458	210.177	
3.9426	0.100535	3.14159	29.2879	0.357484	203.141	
0.319021	0.174922	0	-119.452	-61.8402	84.6279	
1.51789	0.142859	3.14159	-0.400641	0.0444601	234.274	
0.347893	0.163281	3.14159	28.3103	56.4504	-3.75513	
4.31239	0.244626	0	3.41162	0.595787	185.813	
1.80934	0.137771	3.14159	49.314	4.58773	149.626	
14.0889	0.415276	0	12.3765	-9.95209	204.377	
5.51124	0.0731543	3.14159	13.5537	-5.2985	177.411	
5.90686	0.0662487	3.14159	-20.7279	7.25765	165.613	
6.74114	0.28702	0	-7.56475	-5.35402	208.372	
2.55612	0.124736	3.14159	3.73733	0.684964	195.729	
2.49427	0.125816	3.14159	7.6929	2.64447	158.746	
2.602	0.123935	3.14159	11.4508	19.5325	152.607	
7.11707	0.293582	0	-9.80561	5.77168	222.089	
3.77121	0.103527	3.14159	-8.07919	5.71833	154.897	
5.92901	0.065862	3.14159	32.8114	1.38003	192.214	
0.450261	0.177213	0	127.741	70.1573	55.1876	
0.200775	0.165849	3.14159	-100.728	-96.3612	55.4579	
0.15261	0.172017	0	12.4639	48.7029	43.3612	
3.56862	0.231644	0	-25.4308	3.25606	190.641	
8.35685	0.315223	0	20.5411	13.6431	170.8	
3.90752	0.101147	3.14159	22.5521	0.990156	192.823	
10.0282	0.344396	0	-14.443	13.952	251.679	
0.138974	0.166928	3.14159	28.2306	24.5773	41.6046	
4.36822	0.0931057	3.14159	-0.178769	-5.56142	165.497	
5.86553	0.271737	0	22.4417	3.01799	160.098	
0.195513	0.172766	0	-104.906	-74.7234	85.2813	
9.0895	0.328011	0	5.05606	2.60898	186.846	
17.9664	0.482958	0	-6.00124	-3.8178	242.23	
0.142829	0.16686	3.14159	2.99108	-21.2253	53.1366	
16.5593	0.458398	0	0.708873	-0.238549	217.094	
9.45977	0.334474	0	-35.7655	-9.07288	193.169	
4.05519	0.240137	0	-57.2459	-5.30889	166.913	
0.383012	0.162668	3.14159	-30.1392	-17.3131	53.0264	
1.90873	0.136036	3.14159	29.6936	7.06899	214.518	
2.8626	0.119386	3.14159	-76.6231	8.92089	214.406	
0.102633	0.167562	3.14159	26.7091	26.819	17.1	
0.146478	0.166797	3.14159	63.3524	114.162	20.2039	
9.49937	0.335165	0	8.04991	5.46092	235.935	
1.87014	0.13671	3.14159	-52.3797	2.2578	199.345	
3.07169	0.115737	3.14159	-0.790035	3.5865	174.379	
2.1734	0.131417	3.14159	-4.76421	-3.27899	195.962	
0.296562	0.164177	3.14159	57.4342	33.541	67.8105	
4.45995	0.247202	0	-23.422	-6.27594	183.287	
0.253754	0.173783	0	-17.0123	-28.6065	86.3135	
0.0893111	0.170912	0	-75.6141	-53.8698	53.1746	
4.708	0.087175	3.14159	22.9232	-1.72217	181.589	
9.41905	0.333763	0	64.358	0.969585	219.158	
0.512557	0.160407	3.14159	124.298	29.4903	-3.75322	
6.91466	0.0486575	3.14159	-26.9313	-3.15494	196.949	
0.132887	0.171673	0	-12.7883	39.6647	-13.1777	
0.168523	0.172295	0	107.57	83.6415	68.5395	
8.4341	0.316571	0	15.1911	9.09124	217.579	
11.7689	0.374781	0	0.491617	6.47161	191.942	
6.90331	0.0488556	3.14159	33.3043	-12.4001	195.345	
11.5841	0.371554	0	-10.163	-8.8009	230.741	
0.196567	0.172784	0	104.729	133.801	-78.9744	
2.9874	0.117208	3.14159	13.2882	-19.443	211.786	
2.15624	0.131716	3.14159	-1.53236	-1.48672	188.382	
13.091	0.397858	0	-20.6932	4.02295	256.39	
5.03103	0.25717	0	-9.94076	-10.542	185.935	
0.304021	0.164047	3.14159	30.8999	-7.54859	-0.33265	
0.277237	0.174193	0	29.6887	31.9381	88.5421	
4.70148	0.0872887	3.14159	46.3179	3.82806	158.872	
2.44786	0.212081	0	84.9947	18.0066	179.088	
11.7032	0.373634	0	-63.1329	1.97929	246.739	
0.248039	0.165024	3.14159	-16.6815	11.6289	-35.5685	
4.84352	0.253897	0	24.2904	0.529457	226.68	
0.153863	0.166668	3.14159	16.141	28.8203	-22.4824	
0.335279	0.175206	0	47.446	4.40467	66.2207	
0.227717	0.165379	3.14159	127.644	120.596	-10.5311	
0.428058	0.161882	3.14159	-4.63238	6.55688	67.7262	
13.7337	0.409076	0	3.87733	2.57556	228.879	
3.12044	0.114886	3.14159	-15.2114	-5.42294	177.577	
2.18711	0.131177	3.14159	-7.0269	-4.1981	208.001	
2.53939	0.125028	3.14159	33.7501	5.02895	172.593	
0.139129	0.166925	3.14159	-1.21189	-22.2554	-22.2603	
4.86927	0.0843599	3.14159	-13.0055	-5.25126	221.01	
0.396346	0.176272	0	-85.7518	-57.6888	67.9231	
2.6384	0.1233	3.14159	-67.9599	14.2959	159.774	
0.211345	0.173042	0	-12.1689	-35.4768	79.4587	
15.9794	0.448275	0	1.15831	0.603957	236.2	
0.15166	0.172001	0	-61.4822	-38.3064	65.9483	
1.96856	0.134992	3.14159	-85.4184	8.11583	151.37	
0.513751	0.160386	3.14159	-15.8287	6.37041	58.98	
3.56036	0.107207	3.14159	-27.8693	13.3725	171.828	
11.4253	0.368783	0	2.02602	8.54376	217.512	
3.65756	0.10551	3.14159	20.1701	19.9495	172.688	
0.355009	0.163157	3.14159	6.50974	9.12742	83.7569	
4.43843	0.0918803	3.14159	-17.9381	8.60737	191.908	
4.96879	0.0826229	3.14159	-31.238	1.00121	235.947	
2.5723	0.214253	0	63.7731	8.99388	187.064	
3.69112	0.104925	3.14159	-30.1829	-0.226138	222.507	
0.104048	0.17117	0	70.6126	108.798	70.4209	
3.86142	0.101952	3.14159	35.2726	12.5541	200.688	
0.0963211	0.171035	0	78.0514	91.1036	18.6985	
0.647456	0.158052	3.14159	22.6732	3.6884	111.078	
0.403941	0.176404	0	18.0463	-3.86833	35.0477	
3.84035	0.10232	3.14159	-6.1887	7.40571	192.29	
8.00672	0.309111	0	30.2873	-7.09132	191.454	
19.1579	0.503756	0	-4.8017	-7.44905	218.068	
17.4781	0.474435	0	19.4205	3.56797	259.884	
0.136186	0.166976	3.14159	-59.7807	-70.3191	23.7085	
16.5433	0.458117	0	-56.0137	3.18813	244.515	
11.5416	0.370813	0	12.8807	7.83428	231.623	
3.96224	0.238514	0	-36.4729	14.621	202.337	
4.87606	0.254465	0	-77.8932	-14.9963	201.071	
0.464892	0.177468	0	-18.2164	-6.37969	106.559	
0.522113	0.178467	0	3.53845	12.9797	74.29	
2.84286	0.119731	3.14159	-26.316	4.30339	207.066	
1.91993	0.135841	3.14159	-17.1803	-15.1963	201.534	
0.158192	0.172115	0	-26.4991	-60.9816	-35.0582	
20.9039	0.534232	0	-8.51292	-0.0566769	247.102	
1.60099	0.141408	3.14159	6.42738	-9.98307	132.066	
14.9303	0.429962	0	-8.28311	4.04901	204.127	
5.03389	0.0814865	3.14159	-51.5352	-5.82269	199.041	
0.139952	0.171796	0	-51.2395	-100.156	61.6297	
13.7263	0.408946	0	-37.1179	-10.5924	226.837	
3.09531	0.115325	3.14159	-34.207	-5.28485	211.346	
7.41883	0.29885	0	19.414	-10.1522	179.156	
3.41772	0.109697	3.14159	50.9196	6.39131	199.148	
6.15278	0.276751	0	-14.6653	2.49972	172.354	
3.71156	0.104568	3.14159	0.237657	-5.82273	182.001	
0.179789	0.166215	3.14159	46.1718	19.7892	75.0486	
1.16707	0.189725	0	33.2238	28.1995	170.185	
5.04415	0.0813075	3.14159	-16.9575	-1.86453	212.86	
15.0083	0.431325	0	0.720131	-3.1642	249.479	
3.65319	0.105587	3.14159	-36.9633	6.91695	189.818	
1.29396	0.19194	0	-28.1505	-11.0096	250.489	
4.26661	0.0948795	3.14159	-0.158808	13.435	204.239	
5.16384	0.0792181	3.14159	-53.4908	4.63423	222.871	
8.49914	0.317707	0	4.23948	5.03542	197.107	
0.254928	0.164904	3.14159	64.1091	14.7853	55.9421	
13.3949	0.403162	0	-44.8422	6.48832	213.882	
4.22954	0.0955265	3.14159	17.9315	-15.2374	167.776	
4.97852	0.0824529	3.14159	13.6986	-5.53143	162.333	
4.37997	0.0929007	3.14159	29.4478	-1.67056	172.454	
14.5114	0.422651	0	6.62674	6.88512	256.067	
8.78829	0.322754	0	10.0361	-4.91884	212.451	
6.68529	0.286046	0	48.8749	2.59784	149.304	
5.75052	0.0689778	3.14159	-11.6159	-15.5962	158.633	
0.104525	0.167529	3.14159	-57.9211	-54.2892	28.8248	
2.59993	0.214735	0	13.8519	3.79917	176.693	
0.169224	0.1664	3.14159	-90.5435	-71.1571	1.10555	
0.103964	0.167539	3.14159	49.5328	92.8083	55.3387	
3.76824	0.103579	3.14159	40.6677	4.6402	187.922	
0.37249	0.175855	0	16.7638	-17.5402	71.0596	
0.105183	0.171189	0	87.7583	75.4781	-17.9744	
0.209449	0.165697	3.14159	14.1932	34.186	48.8314	
9.36556	0.33283	0	2.1249	-8.88956	148.805	
4.36622	0.0931408	3.14159	-74.5186	-11.0461	161.979	
3.55548	0.231414	0	-41.7829	1.41092	189.776	
5.58268	0.0719073	3.14159	-15.4503	6.3199	165.633	
2.85587	0.119504	3.14159	-50.1682	2.96872	212.127	
2.14871	0.131848	3.14159	-38.698	-3.62356	192.734	
0.08586	0.170852	0	-3.45368	-20.8621	-10.4687	
0.286224	0.164357	3.14159	-117.167	-27.8428	-2.0582	
0.160166	0.172149	0	45.3187	20.8063	34.1243	
8.56103	0.318787	0	-45.5992	2.10752	222.276	
3.31147	0.111551	3.14159	-42.0079	-16.9812	178.04	
1.58989	0.141602	3.14159	-31.887	-12.5948	252.203	
0.614187	0.180074	0	47.686	13.0234	87.5295	
6.4207	0.0572796	3.14159	27.5578	1.28451	194.578	
5.6829	0.0701581	3.14159	57.099	-5.57632	185.98	
17.298	0.471291	0	-11.7086	6.18482	257.762	
10.5472	0.353455	0	4.78535	9.54384	235.077	
16.4721	0.456876	0	-1.71845	-9.79294	213.918	
4.26172	0.0949648	3.14159	25.4874	2.77895	154.154	
1.34647	0.145851	3.14159	29.1938	6.28268	106.095	
5.16089	0.0792697	3.14159	-30.1477	-9.46083	197.217	
4.40113	0.0925313	3.14159	10.1455	9.88544	222.375	
12.5419	0.388272	0	17.8855	-6.43204	211.978	
5.56136	0.0722795	3.14159	-5.74553	-8.04666	213.621	
2.62146	0.215111	0	-8.82242	-5.76905	184.528	
14.581	0.423865	0	58.9395	2.43165	239.879	
3.33081	0.111214	3.14159	34.8904	11.1303	184.644	
2.48535	0.125971	3.14159	-49.6695	7.22911	180.187	
7.70906	0.303916	0	10.4725	1.09919	245.902	
2.24946	0.208618	0	10.3787	4.58625	162.782	
0.0534958	0.170287	0	-12.4956	-38.1338	47.4707	
4.99283	0.0822032	3.14159	-24.6636	-6.92803	211.27	
4.7968	0.0856249	3.14159	-0.197602	2.6487	194.224	
0.285059	0.174329	0	-28.5501	-17.8202	96.854	
1.42347	0.144507	3.14159	30.0412	-11.1593	159.245	
3.31395	0.111508	3.14159	39.7971	6.1418	175.611	
16.5845	0.458837	0	22.4113	1.93649	227.613	
2.53878	0.213668	0	-4.18573	-5.67168	177.592	
15.9897	0.448455	0	5.66643	-3.56573	231.225	
0.144947	0.166823	3.14159	12.16	-8.40731	-20.8489	
3.10776	0.115107	3.14159	-8.69757	-1.30829	194.575	
13.5347	0.405602	0	6.9077	-7.33419	237.827	
2.7932	0.120598	3.14159	-28.3525	-4.57046	206.209	
3.79026	0.103194	3.14159	47.7583	5.86566	179.335	
21.8961	0.551552	0	22.0455	-1.82419	217.283	
0.0768157	0.168013	3.14159	-9.41848	-115.552	-8.77076	
7.39509	0.298435	0	-25.9013	-4.88533	189.888	
19.1589	0.503773	0	6.11103	7.84404	237.192	
4.19665	0.0961007	3.14159	4.36141	6.67052	196.557	
2.54473	0.124935	3.14159	-27.6518	-14.8919	163.794	
0.40918	0.176496	0	51.3217	21.1499	81.6357	
0.263995	0.164745	3.14159	96.3816	83.0472	41.334	
0.151754	0.166705	3.14159	24.1725	60.8034	33.3226	
0.17717	0.166261	3.14159	81.8711	100.188	12.7414	
2.45348	0.126528	3.14159	-35.8575	-3.30415	227.109	
12.4724	0.387061	0	14.2732	-8.07502	237.075	
2.75955	0.121185	3.14159	-5.99199	-6.82006	211.358	
3.91969	0.100935	3.14159	-48.472	17.8791	187.609	
4.6734	0.0877789	3.14159	-15.2725	-6.1652	174.353	
2.1573	0.207009	0	8.65039	6.20243	214.442	
4.43988	0.0918551	3.14159	27.4228	14.253	200.392	
3.89742	0.237383	0	-35.6645	-15.2781	157.249	
13.8434	0.410991	0	19.231	-3.56399	201.944	
0.201306	0.16584	3.14159	-81.2734	-45.5305	67.9635	
0.132254	0.167045	3.14159	-19.9239	-50.9277	83.6258	
0.287007	0.164344	3.14159	-18.071	-33.658	64.7955	
0.11913	0.167274	3.14159	-65.5228	-50.8789	-47.302	
13.9618	0.413058	0	-9.41293	4.11219	211.545	
16.2061	0.452231	0	-17.468	-1.60809	218.094	
13.6104	0.406925	0	-15.6765	-1.75776	240.803	
1.4923	0.143305	3.14159	-107.278	-26.8175	199.482	
0.393818	0.176228	0	139.47	82.796	58.7181	
6.4013	0.0576184	3.14159	-44.5089	-1.47924	203.637	
13.7656	0.409632	0	-14.7453	-7.17297	240.959	
0.156585	0.172087	0	6.83059	0.349623	49.7575	
1.45232	0.144003	3.14159	-58.9095	12.349	223.591	
0.00669782	0.16947	0	-18.2634	-160.382	7.97797	
2.37791	0.127847	3.14159	-2.26326	-10.8051	197.404	
9.14004	0.328893	0	-23.2281	-4.33392	206.514	
5.23924	0.260805	0	-2.42365	5.26357	213.608	
11.3968	0.368286	0	25.2691	-0.828473	224.569	
3.02477	0.116556	3.14159	14.081	-0.456579	189.366	
5.53392	0.265948	0	-20.9486	-4.55872	172.123	
0.421327	0.176708	0	-60.8978	-55.4042	30.657	
10.2342	0.347992	0	-44.4965	3.09483	218.144	
3.38879	0.110202	3.14159	-6.48666	-15.7957	221.34	
1.73541	0.199645	0	79.3708	8.97736	192.691	
3.11867	0.114917	3.14159	52.941	11.6123	167.224	
3.66121	0.105447	3.14159	-14.9177	-19.5732	209.375	
2.75041	0.121345	3.14159	-7.20599	-13.6289	214.759	
5.47716	0.0737492	3.14159	13.8955	2.15167	201.214	
0.504435	0.160548	3.14159	41.0127	7.05797	59.3558	
1.7009	0.139664	3.14159	-12.0052	-6.40751	177.654	
1.97024	0.134963	3.14159	1.05205	-1.15979	159.125	
3.11572	0.114968	3.14159	37.1774	6.27885	222.588	
2.20664	0.130836	3.14159	-30.7793	2.50941	203.141	
3.77294	0.103496	3.14159	-6.79394	-4.23115	209.873	
8.70218	0.32125	0	-34.0039	9.55928	237.187	
7.50811	0.300408	0	-18.1589	3.03558	204.039	
1.19078	0.148568	3.14159	-9.17454	5.30172	230.2	
4.34213	0.245146	0	16.2254	-10.626	217.153	
11.0356	0.36198	0	-32.7162	-6.66058	250.667	
0.050691	0.168469	3.14159	50.4797	101.608	7.04722	
1.59516	0.197197	0	-0.913844	16.2965	194.907	
20.6322	0.529489	0	10.8661	-1.60624	246.326	
5.13886	0.259052	0	-41.5249	2.28106	175.87	
0.0609185	0.16829	3.14159	64.2033	164.014	-0.87396	
3.35767	0.110745	3.14159	42.5495	-0.20462	178.838	
15.897	0.446836	0	-9.87685	3.18116	255.061	
1.51117	0.142976	3.14159	-25.6469	-10.2542	167.628	
15.0291	0.431688	0	-2.10097	-6.42216	242.091	
11.4912	0.369933	0	13.2868	-8.43161	207.606	
3.33657	0.111113	3.14159	-6.74004	-1.49387	207.416	
0.0684964	0.168158	3.14159	-27.8056	-90.659	29.2181	
0.225517	0.165417	3.14159	70.6652	90.4432	70.0188	
0.160983	0.166543	3.14159	75.434	64.5132	21.6173	
0.179392	0.172485	0	-26.1288	-71.5461	1.63658	
1.52933	0.142659	3.14159	41.717	-1.54563	215.935	
13.4954	0.404917	0	-10.1046	1.11983	234.669	
12.0623	0.379901	0	47.2789	0.832272	209.413	
0.33004	0.175114	0	-1.50869	4.01565	37.2178	
0.182411	0.166169	3.14159	30.6585	3.44269	39.619	
0.179584	0.166219	3.14159	-83.7281	-91.0669	60.4912	
0.242789	0.173591	0	-103.664	-85.8626	68.263	
6.93334	0.290375	0	30.8846	11.1669	212.829	
0.0884208	0.170897	0	-42.4491	-69.5903	-0.968096	
3.64335	0.105758	3.14159	29.855	-3.56437	226.603	
0.151913	0.172005	0	95.425	110.77	3.22404	
0.200494	0.165854	3.14159	-47.4633	-81.3585	17.1007	
0.0955399	0.167686	3.14159	17.8679	61.0938	-69.6923	
20.498	0.527147	0	48.7384	4.8179	226.531	
1.35859	0.145639	3.14159	26.1029	1.29764	252.277	
6.80379	0.288114	0	-17.3406	-0.0218955	254.354	
4.77524	0.0860012	3.14159	-62.4223	-9.01642	184.585	
0.309816	0.174761	0	14.1698	-23.9008	64.0169	
5.44565	0.0742991	3.14159	23.7143	9.75092	198.987	
14.5522	0.423363	0	37.905	-0.615641	239.588	
4.60931	0.0888976	3.14159	-20.0844	17.6865	169.178	
0.0245583	0.168925	3.14159	-13.0077	-20.6335	-14.2914	
2.67967	0.216127	0	-26.8793	-3.98826	176.988	
4.27794	0.0946817	3.14159	13.841	1.80304	183.527	
0.67902	0.181206	0	43.9386	-0.28478	26.6407	
0.0897339	0.17092	0	36.5438	61.4638	-20.1737	
0.114158	0.167361	3.14159	16.5637	48.9312	-27.6834	
0.274295	0.164566	3.14159	75.8755	31.3248	74.3597	
1.63759	0.197938	0	49.4198	-5.66748	212.599	
4.32373	0.0938824	3.14159	-19.7132	-1.62609	200.061	
2.97152	0.117485	3.14159	12.3228	-6.85662	185.987	
12.7452	0.391821	0	-13.7517	-2.09123	243.763	
2.86795	0.119293	3.14159	-33.0301	-8.46444	186.136	
5.95304	0.0654427	3.14159	-12.3596	-5.50269	202.598	
14.4212	0.421077	0	13.704	3.1821	201.823	
0.799721	0.155394	3.14159	39.6647	13.7642	149.402	
4.97183	0.0825698	3.14159	20.5612	-0.300821	194.52	
0.0380046	0.170017	0	-35.7107	-164.209	30.4761	
0.258645	0.173868	0	-16.0207	-42.2693	46.1209	
4.60804	0.0889198	3.14159	-3.1805	-6.49699	199.56	
0.537327	0.178732	0	5.6789	16.1503	67.832	
4.44763	0.0917197	3.14159	-9.01007	3.21029	195.402	
0.12866	0.167108	3.14159	91.3152	90.3188	13.6482	
0.258339	0.173863	0	-71.4524	-58.7765	91.8351	
2.19882	0.207734	0	-11.5249	-10.6117	206.877	
5.32638	0.0763811	3.14159	7.74335	-7.58835	207.948	
0.408314	0.176481	0	5.96612	-11.4499	19.531	
5.60726	0.0714784	3.14159	2.88599	4.43489	176.556	
4.49594	0.0908765	3.14159	-15.4753	5.07455	178.403	
1.96414	0.135069	3.14159	11.0503	7.58096	178.456	
2.51883	0.21332	0	-54.3147	-7.74282	153.972	
5.69965	0.0698656	3.14159	-28.3309	11.223	166.037	
0.254198	0.17379	0	-3.28428	-26.2842	57.5196	
5.5161	0.0730696	3.14159	-7.17475	-2.82369	188.858	
3.84582	0.102224	3.14159	-13.7551	-11.9902	172.807	
4.67922	0.0876774	3.14159	-4.28423	14.4638	166.048	
5.88312	0.0666632	3.14159	5.82807	-10.2122	223.006	
0.24619	0.165056	3.14159	-71.7492	-13.9996	67.0512	
0.067873	0.170538	0	19.3229	-13.6693	41.1474	
6.9645	0.290919	0	-8.34136	-12.4982	209.561	
15.1368	0.433567	0	21.8385	0.782533	202.814	
14.4246	0.421136	0	-33.1395	-2.42554	260.129	
0.152795	0.17202	0	8.66254	3.67982	82.4179	
3.2855	0.226702	0	71.7496	-1.36856	129.436	
0.324165	0.163695	3.14159	-66.6527	-18.5945	71.3995	
0.0882126	0.167814	3.14159	-5.22843	-22.8546	50.1202	
0.277072	0.17419	0	-5.54825	36.063	72.0329	
4.37912	0.0929156	3.14159	-16.2102	-0.74074	224.61	
15.1598	0.433968	0	-25.4004	5.14974	198.918	
13.2557	0.400732	0	-11.3037	5.28856	210.397	
1.04345	0.15114	3.14159	-44.7213	11.3169	225.724	
0.16466	0.172228	0	29.9823	10.8601	81.9969	
5.8425	0.0673721	3.14159	-9.05968	-6.71081	186.033	
2.23858	0.130279	3.14159	-100.911	-0.688583	173.605	
4.43667	0.246796	0	9.96852	-15.7461	230.118	
4.4413	0.0918303	3.14159	-21.3891	-6.66616	193.571	
0.0583685	0.170372	0	7.00496	43.0845	31.8304	
14.4609	0.421769	0	1.91325	6.87792	224.492	
0.264419	0.164738	3.14159	-40.0664	-39.7603	17.4642	
3.7274	0.234415	0	-5.00878	-5.61055	140.485	
7.60298	0.302064	0	-4.93124	3.47682	201.737	
0.0241517	0.168932	3.14159	-8.01111	168.119	-13.8681	
4.96779	0.0826403	3.14159	-51.35	-2.97442	178.238	
4.8911	0.0839788	3.14159	20.4515	-12.5382	158.094	
0.0998515	0.16761	3.14159	12.4664	2.18481	22.6416	
3.65129	0.233087	0	-31.6032	-1.31653	199.178	
2.86677	0.219393	0	-19.2616	-10.8291	159.502	
1.82869	0.137433	3.14159	-9.57084	-10.2329	206.115	
0.316742	0.163825	3.14159	20.7632	10.646	31.1747	
3.41852	0.109683	3.14159	4.94882	-1.95021	171.202	
15.7485	0.444244	0	17.2429	3.79043	204.321	
0.0997748	0.167612	3.14159	1.12799	-29.78	52.6524	
0.100689	0.171111	0	-88.7085	-78.9036	45.5925	
3.63485	0.105907	3.14159	-55.3941	-9.2497	158.08	
13.2617	0.400837	0	14.1232	4.52286	257.329	
6.14567	0.276626	0	44.4347	-3.6574	223.255	
6.47914	0.0562596	3.14159	-17.7653	-4.61208	199.502	
1.22039	0.148051	3.14159	-74.6643	-6.78249	202.911	
0.81049	0.155206	3.14159	54.462	-10.9975	117.7	
0.197079	0.165913	3.14159	141.206	69.8448	-30.1523	
4.28948	0.0944802	3.14159	21.6457	-9.039	184.676	
0.25885	0.173872	0	-56.6472	-63.7769	30.0421	
5.34192	0.0761099	3.14159	-33.8767	10.0989	222.116	
10.4791	0.352267	0	-33.5434	-2.10843	190.231	
0.333934	0.175182	0	86.7562	45.8534	91.9117	
14.1436	0.416231	0	5.95584	-5.16688	238.852	
0.193809	0.16597	3.14159	114.008	85.3322	-12.1836	
2.00215	0.134406	3.14159	47.9734	-17.8057	223.309	
3.68003	0.233589	0	54.7811	6.50483	212.29	
0.191631	0.172698	0	127.965	67.9578	-32.1706	
0.191581	0.166009	3.14159	28.9374	52.1706	63.1339	
0.105314	0.167515	3.14159	70.1589	91.4457	24.3285	
8.11059	0.310924	0	27.4261	-0.709765	202.124	
15.5418	0.440637	0	-32.5016	-6.89034	224.379	
5.66443	0.268226	0	5.21844	-5.07349	167.186	
4.3035	0.0942356	3.14159	5.30566	-11.9945	207.842	
0.212195	0.16565	3.14159	67.1566	62.9122	5.34883	
1.69	0.139854	3.14159	-31.0963	4.01804	151.02	
4.50126	0.247923	0	18.4717	-9.9586	153.696	
17.9605	0.482856	0	-7.95453	-7.01546	239.018	
1.83117	0.13739	3.14159	-2.55533	17.0173	197.268	
3.11975	0.114898	3.14159	40.0286	5.86273	165.086	
6.43499	0.0570303	3.14159	2.5595	6.37569	176.106	
3.73864	0.104095	3.14159	-32.321	-6.76665	213.666	
8.31968	0.314574	0	-18.7515	-7.32103	215.896	
0.135782	0.171723	0	-68.9005	-83.0235	40.0866	
14.5229	0.422851	0	9.59859	6.2055	219.192	
0.315742	0.174865	0	-66.0395	-17.2823	81.4571	
0.143969	0.16684	3.14159	42.7802	32.6587	37.3678	
0.219619	0.173187	0	76.1358	65.3878	55.8837	
5.71454	0.269101	0	31.0833	-9.35485	186.494	
0.116709	0.167316	3.14159	65.4935	112.65	69.6194	
5.13767	0.079675	3.14159	-96.0152	-3.63369	148.967	
2.46174	0.126383	3.14159	21.6636	0.823769	177.914	
11.8744	0.376622	0	9.3568	-4.49605	223.621	
12.7096	0.391201	0	21.3987	0.538465	224.537	
0.195546	0.172767	0	-16.0623	-23.923	-31.5572	
3.38198	0.110321	3.14159	-15.3638	22.2993	168.739	
13.8951	0.411894	0	-9.97355	-5.73841	241.735	
13.6423	0.407481	0	6.34648	0.482757	242.545	
2.8056	0.120381	3.14159	20.7267	-7.07815	260.559	
7.57318	0.0371631	3.14159	-6.01223	-4.96361	203.458	
2.10695	0.132576	3.14159	12.5111	8.55825	224.954	
4.57043	0.0895762	3.14159	-13.4556	-10.2894	167.717	
0.0920596	0.17096	0	-3.44805	-51.9081	27.2205	
0.297218	0.164165	3.14159	90.7268	54.4494	87.1226	
2.6427	0.215482	0	42.9514	-6.219	235.618	
15.0485	0.432025	0	1.65807	-3.99071	230.137	
21.853	0.550799	0	14.8558	5.18182	256.878	
0.153973	0.166666	3.14159	5.82677	-45.0862	11.3694	
0.263027	0.164762	3.14159	-92.3732	-45.7657	87.7303	
0.352633	0.163198	3.14159	10.7257	-26.2951	67.7892	
3.62792	0.106028	3.14159	-62.4838	0.547434	186.518	
2.97572	0.117412	3.14159	-54.0995	-8.91753	234.202	
15.9217	0.447267	0	-22.1128	-3.44012	225.03	
9.82771	0.340897	0	-27.5348	4.59385	226.53	
3.57272	0.106991	3.14159	-68.0558	3.29364	163.963	
12.2699	0.383525	0	-21.2916	-1.69574	223.911	
12.6679	0.390473	0	-15.6756	2.27677	182.246	
4.78678	0.0857998	3.14159	-6.63831	6.51454	219.979	
0.109528	0.171265	0	12.0749	32.4505	60.209	
4.95893	0.082795	3.14159	-15.4197	-7.11499	224.237	
0.298906	0.174571	0	-25.7602	5.51969	-58.3679	
2.30876	0.209653	0	-6.63532	1.20286	198.107	
0.301457	0.164091	3.14159	-101.163	-44.0528	14.3098	
0.103098	0.171153	0	-69.5383	-71.4866	48.4553	
2.6966	0.216423	0	-3.86094	-2.57621	144.035	
0.240738	0.165151	3.14159	-16.6811	30.1636	48.5239	
0.0917086	0.167753	3.14159	48.9833	20.3945	21.3872	
0.537642	0.178738	0	-42.5099	-17.9305	29.3986	
2.67867	0.122597	3.14159	-55.8844	3.27761	107.211	
0.14269	0.166863	3.14159	4.48294	22.6963	65.2574	
3.33029	0.111223	3.14159	-23.7861	13.1667	213.676	
5.53162	0.265908	0	37.5569	-3.99662	218.861	
3.91197	0.10107	3.14159	-25.1201	1.70501	154.627	
3.21432	0.113247	3.14159	-62.5733	-8.38096	190.022	
4.74992	0.0864433	3.14159	-26.8968	7.0688	181.388	
2.18105	0.131283	3.14159	-79.713	-4.60186	128.799	
0.185693	0.166112	3.14159	-38.0893	17.1969	-10.1616	
10.9693	0.360823	0	-41.8202	6.3935	197.036	
0.330962	0.17513	0	17.4816	15.352	92.4904	
3.24449	0.112721	3.14159	-26.9832	-4.95239	194.552	
1.95286	0.135266	3.14159	-0.968897	12.7622	209.925	
1.81891	0.137604	3.14159	3.45997	6.03064	213.583	
0.231289	0.173391	0	22.7091	6.3414	66.3955	
0.078136	0.16799	3.14159	-0.00306997	100.596	-17.4915	
3.31511	0.111488	3.14159	49.753	-13.0723	209.297	
3.53903	0.107579	3.14159	-3.99627	-3.21312	186.395	
6.24629	0.278383	0	53.0331	3.68943	179.475	
2.3034	0.129147	3.14159	49.9788	11.8211	147.887	
4.29455	0.0943917	3.14159	13.4562	-6.4652	186.613	
5.43123	0.074551	3.14159	-51.2271	-1.61625	192.668	
2.93279	0.220545	0	-22.8817	-1.61399	213.962	
0.178888	0.172476	0	-84.1956	-124.522	-39.4903	
0.148011	0.16677	3.14159	-80.9245	-38.3624	15.2699	
0.279459	0.174231	0	65.3068	46.5818	57.7744	
10.2	0.347395	0	-33.2736	11.245	249.198	
16.5018	0.457394	0	31.1767	-1.14802	231.513	
0.0527008	0.168433	3.14159	-51.825	-122.823	-25.1518	
6.44852	0.0567941	3.14159	-56.1849	2.03059	174.209	
2.90113	0.118714	3.14159	-22.6635	1.34622	181.438	
13.193	0.399638	0	30.6192	7.40587	207.921	
5.34022	0.0761396	3.14159	-11.1615	5.29176	191.431	
5.93869	0.0656932	3.14159	48.7626	-2.30869	240.712	
1.72175	0.1393	3.14159	-106.584	-16.7248	177.576	
0.356915	0.175583	0	22.8435	31.3075	75.7508	
0.29008	0.16429	3.14159	-117.675	-57.298	19.7558	
0.367287	0.175764	0	65.9133	34.3036	-59.9712	
4.46515	0.0914139	3.14159	-19.602	-15.5668	188.481	
3.2624	0.112408	3.14159	27.8517	-6.63642	164.014	
12.4818	0.387225	0	9.8273	-2.57358	250.457	
17.3607	0.472386	0	-14.4842	-0.986103	228.523	
5.00449	0.256707	0	16.752	-2.9062	230.94	
1.61512	0.141161	3.14159	-45.8752	-8.01766	209.867	
3.55356	0.107326	3.14159	4.18331	-10.6199	192.132	
16.5119	0.45757	0	33.3255	1.34543	252.1	
0.0409444	0.168639	3.14159	-9.95967	1.90443	-14.0461	
0.15326	0.166678	3.14159	-65.2835	-14.9999	-6.45439	
0.261003	0.173909	0	91.5501	63.9671	89.4946	
0.0148477	0.169613	0	-29.5653	-149.048	-15.4116	
7.37826	0.298141	0	-2.54107	0.0553052	211.163	
0.0400567	0.168654	3.14159	-34.3484	-89.0187	17.4754	
6.15082	0.0619905	3.14159	0.204927	4.75714	229.073	
4.00328	0.239231	0	-6.8075	3.10699	124.702	
1.86718	0.136762	3.14159	-48.8596	2.89275	231.415	
4.28448	0.0945675	3.14159	8.95788	-0.261566	171.248	
0.277194	0.164515	3.14159	-82.9892	-54.062	64.9094	
0.213194	0.173075	0	-41.8353	-34.2672	75.574	
3.1518	0.224368	0	-34.0177	3.2912	111.902	
2.0198	0.134098	3.14159	15.2396	-1.95021	209.73	
1.29619	0.146728	3.14159	8.06354	16.367	210.824	
0.183082	0.166158	3.14159	44.1868	5.49781	31.8554	
0.172152	0.166348	3.14159	56.6733	62.0451	59.1136	
0.0504534	0.170234	0	25.4311	-3.51978	-37.7176	
1.59872	0.197259	0	38.2041	-10.3534	212.151	
4.27933	0.0946575	3.14159	-28.9002	-1.82845	196.088	
4.44667	0.0917365	3.14159	17.4294	7.01836	171.696	
4.09031	0.0979568	3.14159	68.1983	2.66296	181.835	
4.34163	0.09357	3.14159	38.5062	-5.78286	171.376	
0.493246	0.160744	3.14159	71.1241	16.2751	51.8697	
0.262912	0.173943	0	97.106	54.2751	11.5973	
3.7262	0.234394	0	-24.2445	-1.19774	213.272	
7.3768	0.298116	0	-38.2392	11.3952	209.504	
11.1439	0.363871	0	-19.2134	4.80745	237.104	
4.0431	0.0987808	3.14159	37.8029	-2.52266	173.125	
8.23164	0.313037	0	-63.4349	-13.4389	226.344	
0.0881396	0.167815	3.14159	28.8571	6.24812	60.3419	
5.93946	0.0656797	3.14159	18.4396	-7.10995	186.314	
2.61315	0.214966	0	0.750866	-3.02245	172.093	
4.72566	0.0868667	3.14159	-11.0473	-5.60686	170.842	
2.94222	0.117997	3.14159	-5.27086	9.38551	182.189	
1.76391	0.138564	3.14159	56.0571	-1.95306	182.89	
11.9546	0.378021	0	13.7715	-4.72251	250.769	
0.228977	0.17335	0	31.6277	4.16052	71.4008	
2.31695	0.128911	3.14159	63.6248	-0.545537	178.233	
2.23802	0.130289	3.14159	33.2746	8.00963	195.96	
1.99562	0.13452	3.14159	10.9586	-2.49673	172.898	
0.222264	0.173233	0	-65.3352	-71.5436	79.8138	
0.212153	0.173057	0	84.0327	74.3867	73.4939	
0.202709	0.165815	3.14159	39.4726	23.4442	17.0693	
23.457	0.578797	0	-24.4393	0.795061	215.152	
0.499455	0.178071	0	32.7887	23.1776	30.8834	
5.90324	0.066312	3.14159	-22.9576	-10.9264	163.001	
9.71551	0.338938	0	11.9397	3.98101	247.4	
4.81176	0.0853639	3.14159	-29.4308	-10.5214	205.643	
0.0632945	0.170458	0	44.3053	-17.6704	-49.1969	
3.17408	0.11395	3.14159	11.1222	-10.4669	183.895	
0.0227866	0.168956	3.14159	-5.94462	-37.8881	7.15665	
1.14049	0.149446	3.14159	-22.4521	-9.62949	197.12	
6.14681	0.0620605	3.14159	17.4615	-4.13597	156.205	
3.35544	0.110784	3.14159	91.5889	5.69122	173.07	
5.55071	0.0724653	3.14159	-5.67327	-7.96966	193.659	
3.53695	0.107616	3.14159	41.8781	10.6118	198.522	
0.242262	0.165125	3.14159	-42.5494	-16.6777	91.6291	
6.29349	0.279207	0	-12.6178	12.8039	190.276	
3.3513	0.110856	3.14159	-26.6537	5.74983	198.008	
1.58351	0.141713	3.14159	-10.075	0.265983	192.911	
17.0668	0.467255	0	13.5502	9.44751	221.421	
0.580069	0.179479	0	74.0133	14.1735	65.6579	
3.47763	0.108651	3.14159	29.2067	2.08757	191.575	
3.61538	0.106247	3.14159	-35.875	-0.67836	173.989	
18.9512	0.500148	0	-1.4884	-0.253571	267.305	
6.31345	0.279555	0	-46.7909	-3.09507	227.894	
0.207226	0.172971	0	34.5017	49.602	27.1779	
5.69717	0.069909	3.14159	-18.3918	-2.65216	208.58	
0.294355	0.164215	3.14159	69.2999	26.0521	-20.2317	
5.8743	0.27189	0	-28.8884	1.90533	183.374	
6.60654	0.284671	0	26.682	-2.87013	191.734	
1.92824	0.203011	0	-58.8326	-10.3733	206.827	
0.13354	0.167022	3.14159	-84.0106	-106.491	80.2233	
3.13063	0.223999	0	9.92483	-6.19374	169.987	
0.242269	0.173582	0	-6.22778	0.992091	87.5547	
2.7605	0.121169	3.14159	49.6583	20.0478	162.506	
6.60334	0.284615	0	44.9247	-4.48291	184.032	
15.1218	0.433305	0	-7.79018	-6.82154	227.534	
5.93076	0.272875	0	-8.36643	-1.40994	182.593	
9.09267	0.328066	0	8.53527	1.1473	217.269	
0.881428	0.153968	3.14159	21.7893	-3.25834	142.764	
3.30256	0.111707	3.14159	33.9268	-3.76939	178.175	
0.311741	0.163912	3.14159	-73.9552	-19.6852	-59.2331	
2.69728	0.122272	3.14159	-24.5522	6.12622	211.46	
2.55776	0.124708	3.14159	28.545	9.20862	240.863	
6.15803	0.0618646	3.14159	24.0329	10.1161	230.244	
7.74679	0.304574	0	-43.1579	-6.65738	175.46	
20.9898	0.535731	0	4.11133	1.0458	213.217	
6.23462	0.278179	0	30.5498	10.2485	191.601	
5.53945	0.072662	3.14159	19.3402	7.07263	238.505	
2.67312	0.122694	3.14159	35.6822	2.08683	155.012	
23.5765	0.580882	0	-10.6431	8.73269	268.22	
2.96099	0.117669	3.14159	4.74354	12.7387	168.933	
4.87474	0.254442	0	-15.6209	-2.21726	180.47	
0.143613	0.166847	3.14159	31.3659	8.25164	1.89492	
0.188435	0.172643	0	-83.7354	-71.2419	61.1174	
2.38103	0.127792	3.14159	6.47779	-14.1169	207.452	
1.84651	0.137122	3.14159	-14.7964	0.356628	188.381	
2.48961	0.125897	3.14159	76.9471	13.6263	209.545	
3.52975	0.107741	3.14159	12.258	4.08142	198.681	
6.76718	0.0512318	3.14159	-17.5235	-0.579175	188	
9.77832	0.340035	0	13.3479	-1.3013	214.97	
3.09139	0.115393	3.14159	28.6836	9.21445	249.11	
3.05937	0.222755	0	-19.1708	-1.77593	188.719	
0.0452947	0.168563	3.14159	14.5225	1.06491	-1.09855	
0.486746	0.160857	3.14159	-49.8117	-34.0942	-7.95543	
5.66665	0.0704416	3.14159	45.4903	-4.17017	213.453	
0.101598	0.16758	3.14159	-0.677883	15.6109	29.2622	
4.07196	0.098277	3.14159	19.519	11.5651	184.292	
2.40219	0.127423	3.14159	-27.5571	9.00346	159.734	
5.94447	0.273114	0	-45.789	3.1683	187.895	
2.32452	0.128779	3.14159	6.88111	-9.58854	165.475	
2.13666	0.206649	0	-33.6002	-9.6251	164.583	
1.01905	0.151566	3.14159	-54.2553	-9.61909	161.501	
2.83629	0.218861	0	-2.07516	1.89849	152.283	
14.6403	0.424901	0	-51.7518	-1.53012	231.304	
4.4611	0.247222	0	5.88922	1.47113	137.88	
3.41558	0.109734	3.14159	25.469	3.823	194.189	
15.4222	0.438549	0	27.6179	-3.74417	238.905	
12.7641	0.392151	0	-18.2257	1.34635	196.541	
0.359359	0.175626	0	-83.9075	-46.9084	70.3179	
0.240483	0.173551	0	-95.2107	-86.9938	64.0518	
3.17972	0.113851	3.14159	51.1096	-9.15002	195.461	
3.29395	0.111857	3.14159	53.5837	-13.1996	177.91	
0.114518	0.171352	0	-31.5896	-70.5774	72.3014	
5.06145	0.257701	0	35.8934	2.74662	189.109	
2.76596	0.121073	3.14159	-61.4704	-2.8533	161.062	
2.34298	0.128457	3.14159	25.2318	-8.11497	225.661	
0.176519	0.166272	3.14159	237.203	199.278	17.1312	
16.9914	0.465939	0	23.5312	0.46556	224.418	
4.46195	0.0914698	3.14159	17.92	12.3702	172.209	
3.97284	0.100007	3.14159	-6.06665	-3.76589	217.562	
19.3625	0.507327	0	-41.7176	-2.55342	234.988	
3.96932	0.100069	3.14159	8.19657	6.07414	211.118	
17.7434	0.479066	0	19.7726	-5.17278	238.7	
1.14381	0.149388	3.14159	37.1222	14.0985	126.653	
0.242551	0.173587	0	83.6825	58.4424	32.1548	
1.95915	0.135156	3.14159	17.2935	-10.7098	181.375	
4.40959	0.0923838	3.14159	32.2436	4.9981	201.228	
5.40202	0.263646	0	-55.3728	-3.15891	208.626	
0.365642	0.175736	0	93.6471	44.199	81.2189	
3.34573	0.110954	3.14159	11.9549	-1.5901	178.826	
0.19704	0.172793	0	83.46	76.1643	67.2148	
1.82323	0.137529	3.14159	-34.9222	-3.05511	177.991	
0.459231	0.177369	0	15.2053	8.09791	23.6231	
0.147126	0.171921	0	9.90012	19.2904	71.7853	
9.19277	0.329814	0	37.9955	6.53213	228.43	
3.13569	0.224087	0	18.8538	-2.91562	222.216	
16.2167	0.452418	0	-14.4572	0.473745	241.492	
21.1872	0.539178	0	-17.5583	1.64967	226.496	
5.33781	0.262525	0	13.9237	-3.59334	194.6	
5.62538	0.267545	0	13.6956	0.0373552	190.511	
4.53708	0.0901584	3.14159	-63.1879	-8.52448	190.235	
3.29838	0.11178	3.14159	24.4244	-3.37085	201.4	
3.01417	0.116741	3.14159	21.3267	21.3357	200.508	
4.62798	0.0885716	3.14159	104.178	-14.6132	180.675	
2.49771	0.125756	3.14159	27.1414	-4.81033	170.913	
12.7323	0.391597	0	26.767	-2.60156	194.917	
5.28282	0.261565	0	-2.0828	5.69026	180.837	
0.370256	0.162891	3.14159	26.2183	37.4707	69.3283	
0.266867	0.174012	0	-92.1506	-44.8378	49.5565	
16.1474	0.451207	0	-8.19218	1.83186	228.676	
0.129294	0.167097	3.14159	75.0303	158.342	13.744	
12.0275	0.379294	0	5.22649	8.18407	218.152	
1.99331	0.13456	3.14159	26.6986	11.8625	185.041	
6.8468	0.288865	0	-3.89005	1.7058	185.98	
11.1771	0.364451	0	-10.4944	2.05271	203.477	
0.333876	0.163526	3.14159	39.6931	37.1288	71.3623	
7.55209	0.301176	0	31.9083	-9.13865	225.036	
4.25458	0.0950895	3.14159	37.7523	-6.79105	195.452	
0.287369	0.164337	3.14159	-66.9924	-5.16608	-14.2959	
0.0869573	0.167836	3.14159	-26.7016	-32.2576	27.5411	
6.62152	0.284932	0	-4.25833	0.51139	197.393	
1.12304	0.149751	3.14159	22.5664	-18.001	218.417	
3.25679	0.226201	0	29.1628	-1.89398	171.586	
6.23482	0.278183	0	-66.6341	-12.0149	227.327	
5.77151	0.0686113	3.14159	38.5226	5.01954	190.318	
16.2929	0.453747	0	4.80351	2.32192	210.101	
0.0436302	0.168592	3.14159	-28.5313	-119.474	-16.4041	
0.210129	0.173021	0	4.1832	46.6262	55.0683	
0.385362	0.17608	0	-3.11571	2.80674	27.9633	
0.236034	0.173473	0	14.7367	24.2698	15.0753	
0.384348	0.176062	0	108.382	41.8461	110.576	
12.3962	0.38573	0	-33.3204	-6.32359	255.138	
16.3206	0.45423	0	-17.2426	-8.43576	211.871	
0.075926	0.168028	3.14159	-39.3346	-135.691	67.4113	
1.83607	0.137305	3.14159	-17.3463	-3.3423	203.733	
4.35529	0.245375	0	-17.1484	0.703689	159.152	
3.85771	0.23669	0	60.3145	-9.13894	164.33	
0.316689	0.174881	0	93.5271	61.5951	-22.1785	
1.90525	0.136097	3.14159	32.7982	6.59023	179.076	
9.87562	0.341733	0	-10.8029	-8.51086	195.46	
17.6072	0.476689	0	13.2364	3.53796	215.834	
5.32252	0.0764484	3.14159	-15.324	-3.63981	180.724	
0.296256	0.174525	0	-86.0927	-27.2397	35.6598	
0.214979	0.173106	0	59.717	51.5622	56.4869	
2.78244	0.120786	3.14159	18.6516	-4.78839	160.088	
1.4776	0.143562	3.14159	95.8096	15.2878	176.296	
4.57942	0.0894194	3.14159	18.6358	4.8392	243.828	
4.09794	0.0978236	3.14159	-19.345	3.608	192.881	
3.94719	0.100455	3.14159	-11.1716	20.6408	200.87	
4.38818	0.0927575	3.14159	-26.5648	6.16086	161.104	
0.323103	0.163714	3.14159	-4.13802	4.33968	23.2592	
3.93124	0.237974	0	11.1255	-9.52486	204.684	
0.113678	0.171338	0	33.5856	30.8844	47.3759	
2.46015	0.126411	3.14159	24.491	-1.01678	199.165	
3.51287	0.108036	3.14159	-3.50929	8.30023	188.017	
13.823	0.410635	0	32.9381	2.18195	191.122	
17.1864	0.469343	0	15.6444	1.78601	232.103	
11.2517	0.365752	0	-58.0537	6.85441	226.78	
3.17091	0.224702	0	-39.3877	3.60919	171.168	
3.11566	0.114969	3.14159	7.54671	2.32509	204.001	
10.1867	0.347163	0	-53.8146	-7.39443	186.861	
3.51251	0.108042	3.14159	-40.6253	-1.09502	178.077	
1.31637	0.146376	3.14159	-20.6262	5.19317	241.033	
7.06121	0.0460996	3.14159	10.719	-2.42257	204.616	
5.95418	0.0654228	3.14159	10.1954	-14.7285	186.021	
0.154565	0.172051	0	96.6494	94.859	35.1649	
12.6979	0.390996	0	53.0711	4.68633	244.136	
9.59261	0.336793	0	2.7476	-7.38492	200.753	
0.207417	0.172974	0	64.0657	12.1066	27.8659	
0.245247	0.173634	0	-33.0715	-22.3662	81.5544	
0.122859	0.167209	3.14159	-61.1112	-69.3784	12.0904	
0.229438	0.165349	3.14159	-52.9368	-24.1929	67.8667	
12.9155	0.394794	0	19.0033	0.88519	170.267	
12.8907	0.394361	0	-1.18321	-0.672429	245.552	
0.0389631	0.168673	3.14159	-3.06098	-51.4197	23.2263	
0.359321	0.163081	3.14159	50.3488	38.2973	45.3804	
6.64519	0.0533612	3.14159	-3.15531	-0.167768	197.631	
0.243603	0.173605	0	-106.277	-73.659	85.9463	
0.203181	0.1729	0	-45.4603	-63.6163	22.0433	
18.2072	0.48716	0	22.9409	4.52584	228.795	
4.75521	0.0863509	3.14159	1.81938	5.67546	205.899	
0.0249622	0.169789	0	4.43551	-79.35	9.94146	
0.196752	0.165919	3.14159	-91.7633	-64.2885	68.4087	
4.26005	0.094994	3.14159	16.3721	3.40686	186.627	
0.282172	0.174279	0	42.9458	54.6701	-29.6568	
13.0214	0.396643	0	-9.25175	-0.0450341	216.384	
0.0473695	0.168527	3.14159	41.9267	53.0062	-50.0007	
4.67307	0.250922	0	33.5343	-8.26371	173.168	
0.325299	0.175031	0	0.584854	-6.94852	97.806	
17.3987	0.473049	0	36.5071	-3.80066	230.276	
4.41945	0.0922116	3.14159	47.0792	-3.18684	150.354	
0.150368	0.171978	0	68.9219	-18.4218	-20.7067	
0.104903	0.171184	0	-9.68307	46.4168	-15.2738	
0.415802	0.162096	3.14159	-109.596	-37.4755	79.8045	
1.69703	0.139732	3.14159	-34.2712	-12.5025	174.052	
1.25386	0.19124	0	14.9252	23.671	233.315	
7.19005	0.294856	0	55.793	-17.0029	242.848	
2.74007	0.121525	3.14159	54.6772	-1.17273	203.501	
0.0483144	0.16851	3.14159	-32.3552	-89.8702	21.1395	
0.119438	0.171438	0	-41.6969	-88.1451	43.0781	
0.0393712	0.168666	3.14159	-7.24006	33.997	28.9465	
10.6997	0.356117	0	-50.8529	3.03666	183.668	
14.9081	0.429575	0	20.1565	-5.68612	265.665	
2.61662	0.12368	3.14159	40.7194	-4.11806	184.087	
15.313	0.436643	0	-18.6663	-0.813019	234.79	
0.374379	0.175888	0	142.223	83.7151	70.2593	
13.9553	0.412943	0	17.7237	6.34175	216.761	
0.108513	0.167459	3.14159	-27.8121	-69.6264	48.1048	
11.5703	0.371314	0	-12.2333	-3.37269	184.184	
5.19079	0.259959	0	2.8034	2.44463	189.01	
1.78748	0.138153	3.14159	-72.1191	-0.372715	169.719	
18.2978	0.488743	0	34.5065	0.852101	226.138	
3.11937	0.114905	3.14159	-8.64081	7.37393	179.011	
0.207683	0.172979	0	-23.7362	5.24908	47.7614	
2.23537	0.208372	0	25.2366	0.905527	201.429	
0.273729	0.174131	0	2.89842	-7.70581	93.9214	
2.2251	0.208193	0	-48.2775	3.19028	187.658	
0.193346	0.172728	0	-110.426	-82.4262	41.5416	
11.5209	0.370451	0	-57.3623	-1.5954	246.14	
1.97214	0.134929	3.14159	-18.7445	2.70743	210.737	
9.03145	0.326998	0	35.6121	-1.83165	197.541	
2.19424	0.131053	3.14159	78.5726	6.51258	189.479	
16.1349	0.45099	0	1.36028	4.0202	230.249	
21.0242	0.536333	0	30.9126	4.33036	215.508	
5.5748	0.0720449	3.14159	9.28575	9.78173	195.458	
4.4315	0.0920013	3.14159	0.960279	-7.75339	175.676	
8.413	0.316203	0	17.0873	-8.66363	228.458	
0.136878	0.171743	0	-26.0176	-18.5533	47.6313	
0.238875	0.173523	0	29.8651	6.6097	83.3543	
6.41167	0.0574374	3.14159	-54.8995	-3.84148	204.925	
7.06941	0.29275	0	64.0447	1.92225	196.402	
2.51904	0.125383	3.14159	0.659186	-6.87513	188.517	
0.525738	0.160177	3.14159	-78.338	-13.9911	109.144	
0.31358	0.16388	3.14159	69.1018	37.8313	-7.41218	
0.963792	0.15253	3.14159	65.2931	16.0242	209.298	
3.40801	0.109866	3.14159	43.3163	1.87286	164.872	
0.112665	0.167387	3.14159	23.021	59.8287	37.8896	
0.159321	0.172134	0	-54.6913	-87.6417	-45.3291	
2.26515	0.129815	3.14159	-51.0263	2.97181	157.446	
2.65948	0.122932	3.14159	63.9017	23.9945	178.121	
6.1846	0.0614008	3.14159	8.0648	9.81388	201.808	
4.75546	0.0863465	3.14159	-54.1525	-6.51232	164.266	
0.429686	0.161853	3.14159	-104.989	-28.3874	50.1805	
8.5757	0.319043	0	7.79303	2.63614	212.762	
0.198228	0.172813	0	-10.2385	13.2397	87.7916	
15.7362	0.44403	0	-8.62917	-2.43064	243.192	
5.07802	0.0807163	3.14159	-17.0361	-15.2422	237.466	
3.24118	0.112778	3.14159	76.9103	0.251144	249.794	
3.6592	0.233225	0	37.6962	0.0287602	185.89	
5.7882	0.0683199	3.14159	27.8515	-13.5656	166.963	
5.01755	0.0817717	3.14159	-27.4753	1.75834	176.3	
6.98787	0.291327	0	-22.4862	-1.31847	187.57	
6.89721	0.0489621	3.14159	-27.7954	-0.199874	174.829	
6.74913	0.28716	0	4.09129	1.40383	201.299	
4.44289	0.246904	0	96.8792	-0.462056	212.029	
2.90165	0.118705	3.14159	28.8022	-5.18245	186.804	
2.77715	0.120878	3.14159	-30.4456	-18.5475	158.998	
2.82115	0.218597	0	36.8279	0.89572	183.806	
4.22371	0.0956283	3.14159	-26.6023	9.08229	201.966	
3.93388	0.100687	3.14159	50.0489	3.42342	140.007	
2.37627	0.127875	3.14159	10.8939	-0.783827	207.077	
0.331422	0.175138	0	-46.42	-8.83095	42.4018	
2.90867	0.118582	3.14159	-76.9912	-11.767	163.059	
2.20083	0.130938	3.14159	-21.9312	-7.18501	248.554	
14.3086	0.419111	0	46.6984	7.32197	238.096	
2.36008	0.128158	3.14159	-4.56146	4.35397	201.773	
0.0990808	0.171083	0	20.7696	53.0094	31.6506	
6.95208	0.0480043	3.14159	-36.2087	12.0617	182.116	
2.35119	0.128313	3.14159	25.6136	-17.7081	226.472	
8.27583	0.313809	0	11.5402	-6.89852	208.331	
2.22	0.130603	3.14159	18.4875	3.01491	176.878	
2.25957	0.129913	3.14159	-7.17849	-9.59987	191.582	
2.36683	0.12804	3.14159	-38.504	1.33353	165.186	
15.8866	0.446656	0	2.13654	12.1012	209.78	
0.0485512	0.170201	0	-35.4092	-12.7435	-2.00828	
0.0748341	0.17066	0	27.4853	62.8254	7.65824	
16.1233	0.450786	0	20.6848	-0.273113	225.309	
2.5106	0.213176	0	-9.08781	5.6102	191.764	
16.6229	0.459507	0	4.39017	7.42834	229.69	
0.083795	0.170816	0	-30.3261	-34.1756	4.49349	
3.13134	0.114696	3.14159	-53.7374	0.961471	207.373	
4.04009	0.0988334	3.14159	-15.1196	3.70092	207.985	
0.169222	0.172307	0	33.8999	31.2437	-81.8051	
0.164914	0.166475	3.14159	26.486	29.2214	69.7291	
7.77055	0.0337179	3.14159	16.4391	13.9006	210.359	
0.309416	0.163953	3.14159	-16.2134	-26.6369	48.1171	
2.96164	0.117658	3.14159	-53.527	3.77553	217.191	
22.5705	0.563323	0	-26.5045	-3.25967	258.36	
12.5754	0.388858	0	-32.6764	-4.93036	208.607	
9.28465	0.331417	0	-35.2435	0.282743	214.854	
16.2511	0.453017	0	-1.60347	1.90289	194.62	
0.134899	0.166999	3.14159	-34.6105	-24.2774	44.0668	
2.94785	0.117898	3.14159	-21.3667	7.8582	168.001	
3.35097	0.110862	3.14159	-22.4304	-11.84	187.651	
0.234517	0.16526	3.14159	-86.376	-52.9464	15.5514	
0.106353	0.17121	0	-38.0589	-118.516	36.2202	
2.87255	0.119213	3.14159	-36.0921	4.55187	221.74	
8.19311	0.312365	0	8.06699	2.04358	195.738	
4.99537	0.0821589	3.14159	22.9798	-7.62633	178.024	
2.29849	0.129233	3.14159	24.0351	6.01347	198.384	
2.38158	0.127783	3.14159	1.91061	5.2663	218.432	
3.20926	0.113336	3.14159	-34.1316	1.37868	205.433	
7.32727	0.297251	0	-2.86162	1.72111	178.07	
17.1266	0.4683	0	-0.560749	-3.79453	234.926	
3.96164	0.100203	3.14159	-3.60947	1.66277	176.472	
0.200505	0.165854	3.14159	-55.4491	-5.13719	6.51046	
8.75455	0.322165	0	-8.71909	16.3764	226.629	
11.2851	0.366335	0	20.8305	7.26104	241.675	
21.7993	0.549862	0	-1.7163	-2.71688	223.118	
2.44096	0.211961	0	36.6229	-10.9243	178.834	
17.635	0.477174	0	12.8569	-4.95412	212.64	
0.467917	0.177521	0	118.222	52.7673	85.9753	
3.38147	0.228377	0	16.9654	-13.3725	197.155	
16.2319	0.452683	0	-3.72945	5.06561	272.042	
0.339316	0.163431	3.14159	-2.65829	-17.0706	51.5264	
16.0034	0.448694	0	19.0423	10.6964	194.649	
2.41991	0.127114	3.14159	-44.8415	9.92404	155.803	
1.06561	0.150753	3.14159	45.2454	5.63538	202.552	
6.14259	0.062134	3.14159	-23.9814	11.3081	172.632	
0.042763	0.1701	0	31.4507	-34.5886	-11.8328	
4.47596	0.0912251	3.14159	2.31632	14.272	235.18	
10.8749	0.359176	0	-3.88239	4.87299	199.077	
0.277143	0.174191	0	37.8794	0.670258	1.30285	
3.07102	0.222958	0	-5.43852	2.70451	212.03	
4.12731	0.241396	0	57.1433	5.99833	183.153	
0.16931	0.172309	0	22.812	43.901	65.4223	
0.0289848	0.168847	3.14159	51.0327	122.962	40.5915	
17.105	0.467923	0	19.6353	-2.47903	234.277	
4.77286	0.0860428	3.14159	17.4324	-0.0298751	171.812	
2.20373	0.20782	0	-41.9482	-12.2641	217.613	
7.0509	0.292427	0	-15.3937	1.3252	192.916	
3.8631	0.101923	3.14159	-28.3207	-4.70802	199.842	
0.180376	0.172502	0	26.682	35.6583	-42.31	
0.0586167	0.170377	0	2.85645	-4.37631	52.7902	
2.31862	0.128882	3.14159	23.6901	7.40636	214.039	
0.247295	0.17367	0	13.7427	-17.5785	83.2021	
8.52939	0.318234	0	41.0377	0.221165	223.74	
0.072232	0.170614	0	-14.0109	15.7723	-27.6249	
0.396937	0.176282	0	-76.5172	-47.184	57.4618	
0.166533	0.17226	0	-29.3895	-22.6889	43.3449	
2.90043	0.219981	0	81.2119	4.84642	176.988	
0.0847413	0.170833	0	48.6902	65.4228	12.3154	
17.352	0.472233	0	17.6128	7.97199	250.378	
0.183098	0.172549	0	-74.7992	-60.3489	55.6036	
12.2469	0.383124	0	41.2145	7.97749	218.437	
2.01314	0.134214	3.14159	-28.5195	-8.83018	197.144	
4.86634	0.0844111	3.14159	81.4897	10.1472	172.638	
13.6108	0.406931	0	-29.6043	3.11557	223.6	
2.66304	0.215837	0	35.3861	-5.1902	182.092	
1.73555	0.199648	0	-18.9029	-6.26732	187.065	
0.0989562	0.171081	0	-31.1912	-97.17	-34.3437	
20.9439	0.534931	0	20.0086	1.32058	222.412	
3.77834	0.103402	3.14159	-21.6574	5.2849	207.216	
15.6162	0.441936	0	-22.7044	-1.21775	218.606	
0.0254403	0.169797	0	-23.0104	-25.079	-60.7561	
4.70526	0.0872227	3.14159	31.8989	-16.21	169.929	
5.45252	0.264528	0	-19.8843	2.40211	201.7	
2.4209	0.21161	0	42.9877	-3.05148	227.754	
6.16538	0.27697	0	-4.98686	-5.4137	186.769	
0.141299	0.17182	0	56.1143	65.7482	-70.5634	
9.56536	0.336317	0	19.5525	7.83026	219.003	
12.5569	0.388536	0	25.8383	1.87416	241.01	
5.8759	0.271918	0	-10.0587	4.0858	211.083	
2.98311	0.117283	3.14159	5.1775	-1.61359	154.059	
0.0928333	0.167733	3.14159	-80.3899	-87.9023	61.871	
8.89813	0.324671	0	-17.0042	2.51772	195.32	
0.178363	0.172467	0	47.3788	24.2944	92.376	
1.97372	0.134902	3.14159	36.8755	-3.39549	160.484	
0.113624	0.171337	0	-9.1217	-25.0862	70.3351	
3.87451	0.101724	3.14159	-3.70742	-12.6877	171.788	
1.80497	0.137848	3.14159	-36.335	1.73503	191.887	
13.5618	0.406075	0	-54.8637	4.36466	193.611	
1.54124	0.142451	3.14159	-17.1544	-3.24352	203.377	
7.6644	0.303136	0	59.8724	-2.66627	168.814	
9.0458	0.327248	0	-13.9684	-0.399832	199.738	
11.9563	0.378052	0	14.2851	11.2591	172.967	
4.92052	0.0834653	3.14159	-13.8006	7.4583	174.303	
2.71637	0.121939	3.14159	85.9429	19.498	154.522	
5.28992	0.261689	0	-44.6591	-7.34811	201.536	
0.491696	0.160771	3.14159	52.7038	30.0216	56.1908	
5.9407	0.0656581	3.14159	7.20136	15.6435	226.404	
5.01966	0.0817348	3.14159	-23.6729	2.79424	172.497	
2.94274	0.117988	3.14159	28.3079	-18.7879	228.169	
6.11502	0.0626153	3.14159	-35.5352	8.76763	203.769	
4.51789	0.0904933	3.14159	-13.0145	0.00707466	169.767	
10.0093	0.344066	0	-39.6461	3.65944	202.219	
0.615968	0.158602	3.14159	-36.7751	-2.63262	86.8776	
0.420329	0.162017	3.14159	32.6431	-12.2841	56.6942	
5.79169	0.068259	3.14159	22.7961	-14.0241	177.887	
0.0629501	0.168255	3.14159	-16.1494	-11.1054	-29.9411	
1.83325	0.201353	0	-16.7221	11.0321	197.827	
14.7108	0.426131	0	-10.5261	2.53251	224.947	
2.30043	0.129199	3.14159	24.9392	-13.0195	189.433	
5.13885	0.0796545	3.14159	0.78369	14.7176	225.064	
0.0258234	0.168903	3.14159	15.7508	7.5609	-11.5622	
0.364095	0.162998	3.14159	-123.389	-47.5852	65.8175	
0.26564	0.164717	3.14159	213.322	149.023	-16.9766	
3.57869	0.106887	3.14159	-5.97511	-0.545289	134.401	
11.7369	0.374221	0	26.0149	-6.3736	241.523	
10.882	0.3593	0	40.1784	2.10601	238.624	
0.457429	0.161369	3.14159	-107.937	-45.4982	43.8372	
1.98482	0.134708	3.14159	-22.295	-7.65259	179.156	
5.74928	0.0689993	3.14159	20.1228	-5.52733	219.531	
1.90231	0.136149	3.14159	-5.72412	3.63909	181.408	
8.37635	0.315563	0	13.2873	-9.78919	217.605	
0.187423	0.166082	3.14159	-97.7377	-115.145	59.8216	
11.2936	0.366484	0	30.2542	1.7685	204.054	
12.4004	0.385804	0	8.27654	14.9475	244.626	
10.9803	0.361015	0	-11.0468	2.79856	201.567	
0.203224	0.165806	3.14159	-38.0344	-22.3142	94.8225	
3.87306	0.101749	3.14159	53.4012	0.656746	174.944	
2.8423	0.119741	3.14159	14.1507	3.45553	181.502	
4.95246	0.0829079	3.14159	-10.8169	-2.95326	176.614	
5.4997	0.265351	0	-12.6139	7.91624	182.799	
4.37362	0.0930116	3.14159	8.67978	1.86792	190.231	
4.2997	0.244405	0	-12.8652	0.0224529	169.566	
4.55049	0.0899243	3.14159	17.0913	-8.45292	207.549	
1.31405	0.146417	3.14159	-33.0667	21.7175	216.768	
4.22676	0.095575	3.14159	44.4182	0.018554	205.013	
0.408319	0.176481	0	135.539	62.8901	88.8977	
13.3949	0.403163	0	-24.2443	-5.99743	254.96	
3.15754	0.114238	3.14159	16.9067	-8.39352	236.626	
2.82946	0.119965	3.14159	10.9266	-5.14911	189.716	
0.384984	0.176073	0	3.83172	-13.3132	-4.79632	
4.81916	0.0852347	3.14159	34.8712	7.99013	191.003	
0.193625	0.165974	3.14159	3.25941	-23.2553	70.7484	
3.13721	0.114593	3.14159	-29.0235	-6.67145	93.2279	
3.39934	0.110018	3.14159	-45.3704	3.61811	188.714	
0.333783	0.17518	0	-25.1126	-32.0423	61.9196	
0.118368	0.167287	3.14159	27.2742	114.66	-15.9442	
0.223703	0.173258	0	-66.099	-58.3318	61.0199	
6.09447	0.062974	3.14159	-10.467	0.238376	153.451	
0.361844	0.175669	0	66.2828	62.3714	37.1443	
18.1875	0.486818	0	-14.3256	0.565656	254.567	
13.6549	0.4077	0	11.6777	5.25408	233.422	
2.49319	0.125835	3.14159	18.5545	-17.0263	138.625	
0.0947525	0.171007	0	-57.2576	-87.5592	-40.0252	
3.16201	0.11416	3.14159	10.5407	-5.56848	189.093	
3.11433	0.114993	3.14159	65.7795	-3.65021	193.272	
2.07582	0.13312	3.14159	-3.38922	7.35752	196.31	
3.00654	0.116874	3.14159	-15.5625	1.69508	182.078	
3.54997	0.107389	3.14159	32.8012	-4.97588	182.568	
8.74143	0.321936	0	-15.7736	-3.53939	176.597	
3.23175	0.112943	3.14159	-69.1709	5.25572	161.032	
0.347575	0.163286	3.14159	-124.316	-46.7722	92.1946	
0.165035	0.172234	0	-66.2554	-82.106	76.7754	
4.98567	0.0823281	3.14159	4.39014	-4.17323	185.866	
0.188528	0.172644	0	23.5146	-18.3503	75.0666	
2.15542	0.206976	0	-68.9753	-2.73711	239.35	
0.288063	0.174382	0	128.758	110.808	71.9513	
4.02644	0.0990715	3.14159	30.0887	9.56122	195.034	
0.0294751	0.169868	0	-15.2787	26.629	29.2269	
1.24627	0.1476	3.14159	-32.4643	-17.8511	214.559	
2.50065	0.125704	3.14159	-20.8246	-2.3595	190.155	
3.22448	0.11307	3.14159	57.9859	5.20752	184.055	
1.69953	0.139688	3.14159	56.3343	10.061	226.6	
0.133894	0.171691	0	53.1528	18.4484	40.1785	
9.8667	0.341577	0	-29.9559	7.28591	213.697	
7.2644	0.0425528	3.14159	0.130018	-5.50203	217.147	
3.25168	0.112595	3.14159	54.5543	15.9437	202.299	
13.631	0.407283	0	22.8087	8.5655	237.985	
0.139395	0.171787	0	69.3069	35.3643	44.0247	
13.1668	0.39918	0	26.9837	-0.304573	247.578	
3.11335	0.223697	0	-38.7359	4.02081	192.74	
9.37614	0.333015	0	-9.01678	-2.67896	241.034	
5.70906	0.269005	0	17.3905	-1.57802	195.524	
3.01633	0.116703	3.14159	12.0916	-0.672889	169.948	
8.99355	0.326336	0	-23.6505	6.4051	203.09	
6.06893	0.0634198	3.14159	46.6262	-2.29633	204.332	
14.1414	0.416192	0	-58.6721	1.37774	202.767	
3.49571	0.108335	3.14159	15.6745	7.32251	167.78	
4.38905	0.0927422	3.14159	-10.7783	-8.99323	188.882	
3.43875	0.229377	0	-17.4368	3.15785	156.478	
0.139452	0.171788	0	63.9944	139.273	30.0527	
4.57236	0.0895425	3.14159	35.1849	7.95528	208.399	
4.65984	0.0880155	3.14159	16.9224	-14.0246	232.545	
2.07502	0.205573	0	20.1145	3.65329	215.589	
3.11398	0.114999	3.14159	42.7949	-3.73479	176.215	
0.384018	0.16265	3.14159	119.511	46.3593	69.8805	
13.2444	0.400535	0	0.386467	-5.24228	210.297	
2.03685	0.1338	3.14159	-11.1288	-3.21317	236.624	
4.5805	0.0894005	3.14159	29.9657	-4.99407	201.149	
5.30216	0.0768038	3.14159	77.8954	6.90564	212.157	
0.183725	0.17256	0	-5.37046	-40.9718	-51.025	
2.45868	0.126437	3.14159	-56.4448	-13.944	157.768	
2.50599	0.213096	0	7.11031	-4.80788	165.64	
4.99534	0.0821595	3.14159	-10.2616	-6.78405	165.239	
0.0165683	0.169643	0	-16.5566	-107.202	29.6515	
5.66288	0.268199	0	-16.3438	-8.22218	201.119	
0.157032	0.172094	0	-68.0561	-98.0798	61.584	
2.00623	0.134334	3.14159	-48.295	0.690273	223.087	
5.24571	0.0777893	3.14159	-24.6269	-8.19245	158.913	
17.3878	0.472859	0	2.98161	-0.652056	227.768	
10.9641	0.360732	0	29.7277	6.74931	214.797	
26.6875	0.635185	0	-46.4244	1.57854	254.358	
13.962	0.413061	0	12.0303	13.8009	239.847	
3.65715	0.105518	3.14159	-0.33236	3.21341	162.097	
10.9372	0.360263	0	17.5931	-0.262499	183.433	
1.74716	0.138857	3.14159	31.9706	-6.51157	176.513	
4.46919	0.0913434	3.14159	7.34435	4.37017	187.732	
3.36163	0.110676	3.14159	-38.4745	6.90266	197.909	
0.231433	0.165314	3.14159	-48.5843	-55.2032	84.7341	
3.19837	0.113526	3.14159	-8.21764	9.89577	210.387	
0.117642	0.1673	3.14159	-117.322	-119.107	-8.49799	
5.08745	0.0805517	3.14159	-23.8295	-8.10072	180.858	
5.38389	0.0753772	3.14159	4.78747	-9.64854	130.864	
0.113287	0.167376	3.14159	71.9837	75.081	72.6954	
6.04482	0.0638407	3.14159	-35.5368	-4.9619	212.468	
0.0981666	0.16764	3.14159	26.062	5.3986	-25.2249	
3.29113	0.111907	3.14159	-64.5418	-12.6322	201.964	
7.2159	0.295307	0	3.86247	5.81932	188.141	
0.21354	0.165626	3.14159	10.1881	13.7245	66.1473	
0.520236	0.178434	0	74.5341	8.69655	41.0275	
1.09402	0.18845	0	33.5364	-0.178851	252.255	
14.1547	0.416424	0	-2.86392	-2.77625	231.236	
3.33785	0.111091	3.14159	13.9166	-5.36181	172.668	
19.8014	0.514987	0	-11.007	3.13658	262.279	
6.74222	0.287039	0	25.851	7.01121	209.379	
10.0338	0.344494	0	66.5019	5.49913	231.083	
1.16701	0.148983	3.14159	38.5292	2.45005	230.566	
4.39186	0.0926931	3.14159	-27.0533	2.76788	194.77	
0.357778	0.175598	0	-91.0087	-34.2795	74.2537	
1.86388	0.136819	3.14159	15.3959	13.4965	196.694	
2.5312	0.125171	3.14159	-28.2827	6.21926	163.444	
7.94795	0.308085	0	-53.8566	-0.643649	183.866	
7.81568	0.305777	0	-17.0655	2.74088	233.639	
10.7893	0.357681	0	-2.5327	-1.54875	229.919	
4.29829	0.0943265	3.14159	39.2609	9.82523	211.321	
14.2375	0.41787	0	41.6881	1.30072	237.945	
1.36542	0.14552	3.14159	54.6635	-14.4881	250.989	
8.27864	0.313858	0	-5.48687	12.7239	207.872	
0.132217	0.167046	3.14159	-44.7174	-88.2395	69.6381	
5.86639	0.0669551	3.14159	-14.06	9.82729	201.903	
9.04491	0.327233	0	-7.46419	3.17113	242.303	
2.14316	0.206762	0	-5.33959	1.01412	166.533	
3.20229	0.113457	3.14159	20.6296	4.15806	172.013	
0.240443	0.165156	3.14159	-22.2134	18.6671	-61.2298	
0.140321	0.171803	0	-61.7167	-83.9233	14.9531	
5.90476	0.0662854	3.14159	62.6926	11.2807	193.385	
9.52244	0.335568	0	2.66653	-6.5194	218.433	
8.25968	0.313527	0	-44.1826	-16.2491	229.162	
5.66538	0.0704638	3.14159	-0.159743	15.7509	188.724	
1.6162	0.141142	3.14159	42.4707	-4.46495	183.349	
2.73017	0.121698	3.14159	37.3635	6.59772	222.83	
3.03885	0.222397	0	-12.4061	4.18999	179.29	
2.93527	0.220589	0	-15.9799	5.14008	179.007	
2.41455	0.127207	3.14159	-13.9054	-2.80546	196.874	
4.73074	0.086778	3.14159	-34.2275	1.04624	198.45	
0.0380376	0.168689	3.14159	-9.03707	-117.059	-23.8972	
6.91132	0.289991	0	38.9669	0.83289	179.674	
5.88027	0.0667128	3.14159	16.5726	5.77468	162.51	
3.36367	0.11064	3.14159	-23.0892	14.5011	220.203	
11.9456	0.377865	0	-3.50545	-6.20945	217.119	
0.0793424	0.167968	3.14159	5.36629	-61.619	-21.8731	
4.43891	0.0918719	3.14159	14.7374	4.1495	183.792	
14.5924	0.424065	0	-6.0146	8.63091	233.183	
2.19713	0.131002	3.14159	-67.7265	-4.72338	198.668	
9.58643	0.336685	0	-10.5212	-1.0772	205.206	
5.34351	0.262625	0	-8.67923	2.32367	163.138	
2.99601	0.117058	3.14159	19.0914	-1.76116	214.245	
2.7494	0.217344	0	-57.3887	-17.3059	202.376	
0.0368851	0.16871	3.14159	5.5305	-117.247	2.3386	
4.36638	0.245569	0	-12.2855	4.00261	214.109	
13.6674	0.40792	0	-5.53223	1.71501	188.324	
7.15282	0.294206	0	-31.9105	-8.84811	230.7	
4.31362	0.0940589	3.14159	63.9972	12.3181	187.796	
11.3607	0.367655	0	12.2522	4.78628	213.85	
4.53301	0.0902293	3.14159	39.1625	1.08383	212.739	
3.76169	0.103693	3.14159	-68.0269	2.31031	228.489	
0.0471805	0.16853	3.14159	17.4875	-34.2945	29.5788	
9.86316	0.341515	0	-46.9806	-1.85332	198.067	
0.806254	0.15528	3.14159	-135.922	-31.8177	84.9896	
0.230943	0.173385	0	-133.067	-125.649	49.3525	
14.2875	0.418743	0	4.70945	3.50656	225.673	
2.11458	0.132443	3.14159	-16.6544	3.44142	152.328	
13.7277	0.408971	0	2.83453	-6.66742	227.677	
4.38377	0.0928344	3.14159	8.28741	3.84239	161.136	
3.1355	0.114623	3.14159	-18.8905	-4.4077	168.875	
5.02754	0.0815974	3.14159	-24.8321	2.88586	189.861	
2.38405	0.12774	3.14159	5.76566	0.346063	175.729	
0.140151	0.166907	3.14159	-36.055	-108.84	5.59444	
1.30896	0.192201	0	-39.6961	3.37558	141.598	
1.5047	0.143089	3.14159	4.19768	15.4671	249.583	
0.518082	0.178397	0	-42.2009	-4.627	52.177	
2.44573	0.126663	3.14159	22.1388	0.664764	191.244	
2.03989	0.133747	3.14159	16.8865	2.90217	206.07	
0.129082	0.1671	3.14159	3.58766	-41.3279	3.97348	
15.2013	0.434692	0	-31.2276	2.05153	243.363	
3.41912	0.109672	3.14159	40.2239	-10.353	178.004	
3.43238	0.229266	0	-0.511772	-3.40843	176.781	
0.305573	0.16402	3.14159	8.89381	-25.7551	66.837	
11.1498	0.363975	0	-5.80426	-4.11018	228.892	
33.6068	0.755962	0	-10.17	-3.89816	253.766	
0.276578	0.174181	0	-1.63842	-9.92432	66.854	
0.9939	0.152005	3.14159	-9.63919	19.9851	252.992	
10.4542	0.351831	0	13.8525	5.44347	220.839	
14.5044	0.422529	0	-16.752	-0.0647035	202.454	
2.98959	0.221537	0	1.64122	-9.3128	190.958	
12.752	0.39194	0	12.5797	-2.02264	227.271	
4.07635	0.240506	0	1.16472	-14.5383	186.598	
0.135652	0.171721	0	-54.9949	-14.1997	-16.4506	
2.96033	0.117681	3.14159	-30.9092	13.6527	224.83	
3.87119	0.236925	0	-9.73778	5.27359	177.436	
6.81553	0.0503878	3.14159	-12.9662	2.4468	218.961	
6.26433	0.0600091	3.14159	-42.7673	18.1776	187.663	
4.12858	0.0972887	3.14159	-0.605944	-9.88225	205.099	
20.5585	0.528204	0	17.7142	-1.13668	240.791	
0.23553	0.173465	0	-58.011	-49.2296	57.1145	
0.319554	0.163776	3.14159	-167.442	-63.3193	59.356	
0.151432	0.16671	3.14159	82.4131	161.573	-3.26844	
5.31226	0.262079	0	42.6829	2.75869	192.701	
0.177401	0.17245	0	81.1096	60.6613	73.8411	
11.0455	0.362154	0	-14.2009	7.17674	215.184	
0.13962	0.166916	3.14159	-25.0555	5.25034	77.1114	
8.26776	0.313668	0	-9.94966	0.0342547	199.653	
4.36794	0.245596	0	62.8787	5.80248	183.118	
5.3125	0.262083	0	33.7726	-4.36903	180.337	
14.6557	0.425169	0	10.2741	-8.5761	213.644	
6.02936	0.274596	0	7.543	-3.07831	220.636	
0.285967	0.174345	0	-36.657	-16.3595	38.5575	
4.0416	0.0988071	3.14159	13.9174	4.38122	197.378	
18.6191	0.494351	0	-10.2184	3.57753	234.157	
23.3377	0.576714	0	-13.7165	3.7732	246.655	
5.27894	0.0772091	3.14159	11.4249	-9.20364	189.691	
10.4254	0.35133	0	-22.8078	1.51193	207.573	
10.8502	0.358744	0	7.4433	7.98824	208.222	
4.80232	0.0855286	3.14159	17.3876	-7.83519	214.743	
19.2988	0.506215	0	-5.22078	0.302011	263.876	
3.32518	0.111312	3.14159	-11.5689	8.77439	160.952	
10.1038	0.345715	0	-7.77774	7.82048	216.949	
1.97145	0.134942	3.14159	50.5013	7.43895	164.068	
9.38109	0.333101	0	34.0035	5.80794	212.915	
22.5374	0.562744	0	-37.9625	-3.83124	236.576	
0.223917	0.165445	3.14159	110.576	82.8223	31.0175	
0.191793	0.166006	3.14159	-12.0423	-10.7639	96.9554	
14.2413	0.417936	0	-21.9448	8.15343	233.679	
10.2207	0.347756	0	37.5132	-5.63705	187.581	
2.63449	0.215339	0	13.5541	-9.50118	202.539	
7.44268	0.0394409	3.14159	-42.8179	-5.37586	199.859	
4.09258	0.0979172	3.14159	-36.8527	-10.2797	218.544	
0.268036	0.174032	0	-19.386	-9.72809	41.6763	
3.963	0.100179	3.14159	7.9303	-2.81062	164.846	
2.69732	0.216435	0	-59.8886	2.43428	199.615	
22.9801	0.570473	0	-3.32473	-7.39331	252.544	
0.0964765	0.167669	3.14159	-15.6785	-85.8143	-8.34427	
3.32126	0.227326	0	-64.0283	-4.07498	178.005	
0.109593	0.16744	3.14159	-103.537	-125.749	58.2201	
6.09541	0.0629576	3.14159	6.51737	-6.60761	239.385	
0.369353	0.1758	0	-105.45	-74.7548	77.5099	
10.7815	0.357544	0	6.11892	4.78051	201.317	
0.259247	0.164828	3.14159	-25.7923	-18.0981	71.7048	
0.0887605	0.170903	0	-69.0082	-92.5969	22.0676	
3.22093	0.113132	3.14159	-29.9816	7.02737	132.845	
2.71537	0.121956	3.14159	-13.6419	-11.4054	176.457	
2.25248	0.20867	0	8.26682	2.80597	142.164	
2.19113	0.131107	3.14159	17.4433	-4.41466	137.979	
6.45171	0.0567385	3.14159	19.0193	-0.685781	170.667	
0.347647	0.175422	0	18.8426	36.0969	-3.56461	
0.173812	0.166319	3.14159	-18.383	-2.47875	100.614	
0.27578	0.16454	3.14159	-41.078	-21.1656	92.0764	
5.30832	0.0766962	3.14159	-54.6096	-11.3701	184.462	
0.287684	0.174375	0	-112.613	-51.9257	-65.1342	
3.08661	0.22323	0	58.9236	2.2429	195.074	
20.6194	0.529266	0	-39.8702	-0.88518	242.016	
5.63981	0.0709102	3.14159	46.2258	-8.46607	149.979	
3.78767	0.103239	3.14159	16.7113	1.43194	223.827	
16.0996	0.450373	0	23.4383	-1.58193	241.904	
0.0933736	0.170983	0	-100.512	-106.371	-35.9974	
0.152029	0.1667	3.14159	-46.0632	-100.492	56.9279	
7.07235	0.0459051	3.14159	5.75979	-11.9736	246.149	
0.398296	0.162401	3.14159	-50.7759	-32.2642	86.9019	
1.19975	0.148412	3.14159	19.8218	-15.6289	190.897	
0.119598	0.167266	3.14159	-76.3362	-60.913	-51.893	
4.1958	0.0961154	3.14159	25.7268	-3.57635	179.859	
0.267686	0.164681	3.14159	-22.7037	-17.8362	56.0908	
6.50285	0.0558456	3.14159	-5.08528	6.73029	206.612	
10.6056	0.354475	0	11.6573	11.8237	185.258	
1.77457	0.138378	3.14159	5.86535	5.45465	224.256	
0.28991	0.174414	0	-47.9837	0.994258	67.3552	
5.37039	0.263094	0	-2.25165	2.24258	203.426	
10.3924	0.350754	0	-23.094	-0.358717	211.879	
3.37656	0.228291	0	-28.7558	-4.80736	170.214	
0.219553	0.173186	0	61.8139	11.9352	54.1854	
10.8587	0.358893	0	13.8479	-3.49705	209.188	
5.59798	0.0716404	3.14159	10.7039	-8.98041	187.118	
1.54638	0.142361	3.14159	34.5722	6.20626	183.374	
2.65121	0.21563	0	-58.7724	-12.8267	177.998	
0.983608	0.186522	0	-88.2287	-16.3942	97.5096	
4.86085	0.0845069	3.14159	3.07183	-7.94144	199.947	
4.9682	0.0826332	3.14159	36.8249	-5.31368	200.674	
0.341705	0.175318	0	33.3141	13.4094	84.0078	
3.05692	0.115995	3.14159	-35.5481	-17.2468	217.947	
7.81813	0.305819	0	37.8007	5.80696	262.137	
0.227205	0.173319	0	-95.3744	-113.647	39.2655	
0.330293	0.163588	3.14159	-84.4572	-25.0936	70.7047	
6.57824	0.284177	0	53.1048	-1.93007	189.118	
3.81558	0.102752	3.14159	17.4325	7.96121	200.361	
5.69598	0.0699297	3.14159	-72.9067	-1.46839	175.437	
0.193127	0.165982	3.14159	28.0123	62.793	20.0269	
7.47492	0.299829	0	46.7091	7.50939	206.61	
2.72424	0.121802	3.14159	-2.63828	11.0165	196.416	
0.124658	0.167177	3.14159	55.7914	74.3097	71.2615	
2.52174	0.213371	0	-48.4407	-2.38982	177.547	
1.30471	0.14658	3.14159	-23.5793	-20.2858	191.894	
1.74692	0.138861	3.14159	50.7828	8.91224	172.447	
0.0173205	0.169051	3.14159	-42.8259	-171.417	12.7867	
0.0297012	0.168835	3.14159	35.6963	127.116	-25.055	
8.08477	0.310474	0	-19.4956	-3.63472	220.141	
21.6519	0.547289	0	-26.1256	-7.03718	251.494	
5.46936	0.0738853	3.14159	-7.23758	7.65759	182.551	
1.88296	0.136486	3.14159	44.2928	11.9733	174.783	
3.41461	0.109751	3.14159	67.9153	18.233	183.766	
0.0676029	0.170533	0	75.9012	125.984	-0.991692	
0.26035	0.173898	0	35.9387	-17.8982	38.5143	
0.215164	0.173109	0	0.1073	7.51932	81.823	
2.15714	0.1317	3.14159	-6.51933	2.13539	180.193	
11.5215	0.370461	0	47.9186	6.07036	232.141	
18.0685	0.484741	0	20.6484	5.1518	229.454	
0.178196	0.172464	0	-115.637	-103.74	53.317	
10.5579	0.353642	0	17.0502	1.38973	206.101	
8.51248	0.317939	0	-3.27651	9.18367	216.668	
7.77927	0.305141	0	-11.7741	12.1846	198.207	
3.55307	0.107334	3.14159	34.4156	-12.6282	189.602	
1.25336	0.191231	0	70.5372	1.99266	162.292	
5.59831	0.267072	0	7.60644	9.97665	191.356	
0.0864823	0.167844	3.14159	50.6473	-6.96708	28.616	
0.0474745	0.168525	3.14159	27.9683	50.1689	42.9801	
3.55108	0.107369	3.14159	-8.05814	-0.65066	209.159	
5.43354	0.264196	0	-25.5326	-2.87582	222.394	
11.5669	0.371255	0	1.11658	-2.23972	226.468	
0.110984	0.167416	3.14159	-64.3055	-14.2257	-24.4558	
9.3311	0.332228	0	-36.1099	2.01433	195.593	
5.4259	0.264063	0	22.6919	9.047	208.082	
4.41606	0.0922708	3.14159	49.0564	0.341951	223.814	
2.69355	0.122337	3.14159	43.085	0.941344	168.726	
0.361342	0.163046	3.14159	33.1912	20.618	36.2202	
3.8594	0.101987	3.14159	28.7849	4.3565	187.45	
17.8475	0.480882	0	-28.0546	-8.18042	248.324	
0.0612593	0.170423	0	-68.5074	-97.9627	6.9551	
8.81412	0.323204	0	-0.918962	1.3991	224.129	
0.199733	0.17284	0	-146.717	-94.9269	74.4337	
0.0251276	0.168915	3.14159	31.1497	-16.4384	5.99825	
4.35354	0.0933621	3.14159	6.09586	-8.74552	166.302	
1.96574	0.135041	3.14159	62.1883	-3.8796	196.585	
19.9028	0.516758	0	42.8061	-1.37467	210.798	
2.07147	0.133196	3.14159	-15.4515	-8.13668	164.528	
12.2214	0.382678	0	40.3095	-2.76063	207.202	
0.163607	0.166498	3.14159	12.3423	70.9166	21.8718	
2.38256	0.127766	3.14159	-11.9262	-9.30137	194.51	
21.305	0.541234	0	-7.90736	-4.25811	247.431	
2.70784	0.216619	0	47.9877	-1.80681	180.723	
2.17335	0.131417	3.14159	37.2631	13.9185	194.384	
4.27083	0.0948058	3.14159	29.1611	-1.37555	206.239	
7.15636	0.0444387	3.14159	3.00858	-1.51441	197.176	
1.38885	0.193596	0	-45.0278	9.60059	226.379	
0.0978426	0.171061	0	72.0082	68.4859	55.9986	
7.73346	0.304341	0	-18.8914	13.1459	195.58	
9.41293	0.333657	0	-5.64983	-5.85488	223.974	
14.6467	0.425012	0	-10.8906	1.78738	221.503	
3.92991	0.100756	3.14159	-2.99868	9.71973	172.13	
2.72323	0.121819	3.14159	41.5392	-7.50879	117.087	
6.68396	0.0526845	3.14159	58.3044	-2.28504	180.719	
0.372907	0.175862	0	-57.4441	-57.6995	-7.34294	
3.73142	0.104221	3.14159	-7.78819	3.52207	202.864	
2.42658	0.211709	0	30.3762	4.45976	194.481	
0.353969	0.175532	0	-59.6217	-10.4384	83.7758	
2.71379	0.216723	0	45.8661	0.424569	175.015	
4.07552	0.240492	0	-31.6737	2.18789	195.258	
12.2832	0.383757	0	24.1571	3.77166	204.169	
10.5889	0.354183	0	0.977455	8.94233	239.511	
4.35644	0.245395	0	4.50179	-0.823669	174.866	
6.22672	0.278041	0	-8.2731	-7.61018	213.133	
20.5418	0.527911	0	40.9652	2.99966	241.091	
13.0941	0.397912	0	-13.1698	-3.91372	231.42	
5.97526	0.273652	0	35.8366	2.33641	178.243	
2.75631	0.121242	3.14159	-1.29041	3.37537	168.328	
11.9056	0.377166	0	-32.0761	-3.10564	232.486	
6.4764	0.0563074	3.14159	-28.5569	-11.442	161.462	
3.20586	0.113395	3.14159	21.8538	-1.04638	152.716	
15.083	0.432628	0	-5.4134	2.51706	220.264	
4.13056	0.0972541	3.14159	-13.234	-3.84857	194.693	
0.181252	0.172517	0	120.316	76.9286	55.771	
1.1539	0.149212	3.14159	-53.0814	-2.11421	106.006	
0.206796	0.172963	0	-2.31965	-15.8494	96.433	
7.73043	0.304289	0	-14.3407	-11.7886	202.033	
3.53158	0.230997	0	-14.8679	-0.138223	164.418	
14.5852	0.423939	0	6.33752	0.900213	245.89	
0.260066	0.173893	0	-30.4017	-1.0991	76.8447	
0.411201	0.176531	0	16.7365	3.74138	70.9476	
2.45174	0.126558	3.14159	11.786	0.731431	214.506	
7.16109	0.0443561	3.14159	18.8374	-2.82773	228.561	
25.207	0.609344	0	-19.472	1.39506	262.149	
1.76343	0.138573	3.14159	47.6965	-3.17377	179.113	
12.7041	0.391105	0	5.81721	2.16562	231.485	
0.0701292	0.170577	0	-1.75772	-29.2435	45.0544	
0.285789	0.164365	3.14159	6.03448	-6.91749	-67.998	
1.52335	0.195943	0	12.4291	2.86398	185.759	
7.72456	0.304186	0	-33.2594	-0.118375	199.437	
2.6737	0.122684	3.14159	-2.99945	-6.42506	220.521	
11.8476	0.376154	0	-32.8185	2.94425	230.77	
1.56124	0.196605	0	-34.0227	-8.29278	201.305	
14.5412	0.423171	0	-25.4943	-5.69054	241.746	
3.09076	0.115404	3.14159	27.0015	3.7709	154.676	
5.8379	0.0674525	3.14159	-7.58981	-4.97115	153.474	
9.16108	0.329261	0	72.0841	11.5023	201.219	
2.03242	0.204829	0	-43.6295	3.58702	194.489	
3.01907	0.116655	3.14159	-9.90564	-6.57271	174.021	
0.220989	0.165496	3.14159	39.7842	54.6108	-43.9554	
17.5947	0.47647	0	-2.9659	3.42879	261.629	
1.15489	0.189512	0	31.1136	-2.53607	212.306	
0.263975	0.164746	3.14159	104.534	79.1353	64.4417	
4.81213	0.253349	0	-9.1071	-2.42291	201.302	
0.104197	0.167535	3.14159	6.87632	-31.5278	36.7781	
4.68165	0.0876348	3.14159	-37.3363	6.92114	172.978	
0.452446	0.161456	3.14159	17.041	-14.0936	12.8589	
0.355311	0.163151	3.14159	-7.91937	-2.06141	73.534	
20.1751	0.52151	0	28.3658	-3.01677	261.809	
4.49396	0.090911	3.14159	-36.7419	17.7471	170.878	
2.2184	0.208076	0	48.7221	11.9673	209.268	
3.12888	0.114739	3.14159	-19.3337	-7.60777	198.672	
2.24584	0.208555	0	-1.31139	3.81872	205.503	
0.156771	0.166617	3.14159	-13.2498	14.4482	28.6276	
4.10812	0.0976459	3.14159	0.905924	2.02791	196.54	
1.84629	0.137126	3.14159	-33.2628	5.51761	201.533	
2.34109	0.128489	3.14159	-63.6714	1.34757	215.374	
6.21222	0.0609186	3.14159	22.6425	-8.51392	206.881	
3.03446	0.116387	3.14159	34.6065	-2.00278	229.639	
5.99482	0.0647135	3.14159	-19.4623	-8.63827	181.04	
6.54581	0.0550959	3.14159	26.9762	-2.94029	194.671	
2.08172	0.133017	3.14159	-8.68711	-0.144333	229.656	
4.95693	0.255877	0	11.6255	-6.59008	192.872	
0.133726	0.167019	3.14159	-90.2251	-163.096	35.0157	
2.88546	0.118987	3.14159	40.1847	6.7372	193.421	
18.7278	0.496248	0	9.96799	2.29392	236.981	
0.424954	0.176771	0	-113.585	-73.081	-53.7147	
0.365461	0.162974	3.14159	-64.0176	-38.2737	47.2116	
4.65184	0.0881553	3.14159	-31.7286	-4.22724	174.438	
14.7204	0.426298	0	43.7692	12.6499	260.906	
2.54843	0.12487	3.14159	10.7425	6.26011	167.787	
2.5552	0.124752	3.14159	27.8411	5.36041	198.88	
6.96107	0.0478474	3.14159	30.2077	12.7446	197.472	
4.17213	0.0965286	3.14159	32.9028	-8.99836	201.987	
0.365224	0.162978	3.14159	-116.394	-42.0263	43.722	
5.64494	0.0708205	3.14159	-2.3148	7.39827	157.676	
16.4836	0.457076	0	-29.2003	-1.40863	195.109	
8.30447	0.314308	0	-11.217	11.9903	196.461	
0.0604455	0.170408	0	-48.2634	-133.358	-45.2792	
5.4307	0.264147	0	-10.9402	1.24656	224.443	
0.321293	0.174962	0	-57.4415	-42.8107	84.5429	
0.224663	0.173275	0	33.6582	-25.146	47.1917	
3.88767	0.101494	3.14159	-41.0902	-4.65063	206.308	
11.4846	0.369817	0	16.6317	-7.49616	256.351	
6.06295	0.0635243	3.14159	34.9373	15.296	183.757	
14.1215	0.415845	0	48.3189	10.9153	241.939	
16.9478	0.465178	0	-23.5673	0.659339	232.179	
0.334823	0.163509	3.14159	-21.0759	-13.3874	98.0296	
6.29625	0.279255	0	19.0716	-4.41929	212.942	
17.0206	0.46645	0	-47.6203	3.85112	205.395	
14.9394	0.430121	0	-36.4354	-2.17937	221.836	
16.0652	0.449773	0	-10.5609	4.05805	221.416	
2.01227	0.134229	3.14159	0.144085	0.451746	213.267	
0.0751347	0.170665	0	28.9517	-28.8276	-23.4135	
0.033844	0.168763	3.14159	-9.77301	-45.5471	51.3509	
3.68816	0.23373	0	29.4826	0.971175	183.775	
2.88849	0.219772	0	-23.0881	-4.95901	145.822	
0.336139	0.175221	0	-86.043	-49.8484	81.1448	
15.9181	0.447205	0	11.0909	2.41524	192.06	
14.7893	0.427501	0	-28.432	-3.8044	215.083	
0.192365	0.172711	0	41.4686	31.1149	71.9932	
1.94602	0.203321	0	-2.84208	6.02598	199.529	
0.0487973	0.168502	3.14159	-23.6568	-35.3351	-39.7209	
7.74921	0.304616	0	-28.1767	3.73165	212.149	
1.95274	0.135268	3.14159	-23.6624	7.34996	194.366	
5.5398	0.266051	0	-27.1307	10.9569	172.42	
3.85457	0.102072	3.14159	-11.0961	4.48968	164.497	
2.20805	0.130812	3.14159	-2.42537	-7.375	160.235	
2.89136	0.118885	3.14159	53.1701	18.8946	212.433	
17.084	0.467556	0	-21.3992	-1.70707	252.528	
5.28094	0.0771743	3.14159	10.0648	6.02592	173.338	
0.091715	0.170954	0	17.3999	44.4109	66.2922	
0.265267	0.173984	0	100.901	41.4805	66.7375	
3.58675	0.106746	3.14159	31.0303	24.7704	220.176	
5.63724	0.070955	3.14159	27.2065	10.6076	199.128	
5.35188	0.075936	3.14159	6.65942	1.8956	213.537	
3.46089	0.108943	3.14159	-25.8084	-2.22504	185.944	
0.25601	0.173822	0	-2.39338	-49.3254	37.0965	
2.94731	0.117908	3.14159	-3.92745	-11.28	179.412	
3.46848	0.108811	3.14159	30.0289	-14.4522	228.916	
0.865598	0.154244	3.14159	69.9428	5.6457	85.0331	
4.14559	0.0969918	3.14159	-60.869	13.2716	221.112	
4.33008	0.0937715	3.14159	-38.9399	-0.236078	193.01	
1.76135	0.138609	3.14159	67.0518	7.48202	179.217	
0.0511589	0.170246	0	31.41	140.878	-22.4494	
3.27707	0.112152	3.14159	-44.6512	-18.2635	186.784	
0.146343	0.171908	0	26.077	72.6199	19.2848	
2.1788	0.131322	3.14159	22.4901	-4.2675	224.834	
10.5831	0.354082	0	34.254	-3.97411	223.328	
2.18265	0.131255	3.14159	11.9572	12.8767	215.303	
0.0485453	0.168506	3.14159	9.86817	12.4668	0.881661	
0.430932	0.176875	0	6.09417	1.51386	58.4802	
4.18712	0.096267	3.14159	2.51188	-0.995676	201.121	
0.159241	0.172133	0	63.0511	59.1474	-12.7552	
0.349148	0.163259	3.14159	32.7838	19.306	88.6749	
3.31853	0.111428	3.14159	22.8276	5.30566	230.989	
0.371555	0.162868	3.14159	-21.4304	-16.4268	-7.38155	
0.162033	0.172182	0	37.0113	20.0758	8.7565	
2.01076	0.134255	3.14159	-52.2506	-9.5745	197.019	
0.168778	0.166407	3.14159	229.943	188.346	75.5727	
4.18364	0.242379	0	3.71852	0.960708	228.537	
5.10547	0.0802371	3.14159	-15.0117	-6.31664	198.281	
8.10593	0.310843	0	9.51593	1.80535	198.701	
4.20866	0.0958909	3.14159	-0.148844	7.628	208.21	
0.118881	0.167278	3.14159	-29.4825	-101.576	59.1015	
8.93682	0.325346	0	2.82134	-4.46604	183.044	
15.1187	0.433252	0	-34.0131	-1.68008	225.921	
17.3114	0.471526	0	9.97363	4.93425	227.318	
9.27447	0.33124	0	19.2108	-7.89707	247.912	
1.07367	0.150612	3.14159	41.4572	2.13893	148.057	
2.61114	0.123776	3.14159	-38.7702	-1.76134	197.453	
4.2117	0.095838	3.14159	35.6179	11.2862	171.94	
4.19973	0.24266	0	58.4034	-0.0802613	176.569	
2.2546	0.129999	3.14159	-34.2854	-4.90907	183.018	
6.17728	0.0615286	3.14159	-14.9549	6.15833	155.519	
16.3825	0.455311	0	-33.5607	-4.46221	270.55	
0.0573772	0.168352	3.14159	42.6908	65.0046	-48.8323	
14.8551	0.42865	0	-32.1346	-12.5844	232.476	
4.81251	0.0853508	3.14159	-13.111	-3.44617	188.912	
9.23773	0.330598	0	50.0341	-0.442536	211.136	
19.5276	0.510209	0	26.4027	1.26461	227.322	
9.15364	0.329131	0	43.2051	-1.13287	241.136	
1.48293	0.143469	3.14159	-50.4001	-21.1029	210.985	
5.26169	0.0775102	3.14159	39.4067	5.12434	212.29	
15.7804	0.444801	0	6.47294	5.52685	222.275	
5.14009	0.259074	0	-65.109	8.68396	159.273	
7.87467	0.306806	0	-8.19546	0.271873	191.351	
9.30047	0.331694	0	-10.0028	-18.0062	263.446	
16.7172	0.461154	0	21.3983	5.6963	254.472	
5.31878	0.0765137	3.14159	-20.3934	-0.689216	232.915	
5.23139	0.0780392	3.14159	16.3757	4.5025	137.943	
0.0641302	0.170473	0	50.5793	98.366	21.2899	
2.46982	0.212464	0	-22.6409	-9.71367	224.058	
4.13571	0.0971643	3.14159	32.4374	6.50001	193.83	
0.0866298	0.170866	0	-9.44595	-17.3041	58.0598	
3.91221	0.101066	3.14159	31.6515	-14.5858	197.881	
0.113035	0.171326	0	33.665	36.6353	40.8886	
3.82948	0.102509	3.14159	-24.199	2.97069	215.843	
0.182398	0.172537	0	-136.824	-76.7853	27.6408	
5.34814	0.262706	0	-68.9636	0.974405	193.777	
2.67089	0.122733	3.14159	2.30947	-1.56623	183.527	
10.0978	0.345611	0	-11.3959	-7.81689	242.023	
0.377777	0.175948	0	127.042	37.2577	72.6374	
2.75944	0.121187	3.14159	27.0038	-4.29361	241.094	
2.29397	0.129312	3.14159	49.5734	2.00536	161.929	
3.25504	0.112536	3.14159	52.0869	-2.67854	204.412	
1.7706	0.138448	3.14159	22.5941	8.38605	210.454	
4.36981	0.0930781	3.14159	31.7731	1.2615	197.355	
0.231818	0.165307	3.14159	-99.8349	-76.264	60.8914	
4.5186	0.248226	0	-26.3818	-11.8946	204.873	
0.140777	0.171811	0	13.3507	62.0465	57.9962	
13.816	0.410512	0	13.5238	4.89343	244.987	
17.9976	0.483503	0	12.8796	-4.77642	262.112	
9.59822	0.336891	0	-23.4984	11.0268	237.155	
2.9605	0.117678	3.14159	-24.764	13.9007	163.417	
7.19685	0.294975	0	5.41397	-4.8927	211.448	
0.176934	0.166265	3.14159	-43.6816	-30.5644	-57.165	
0.121132	0.167239	3.14159	48.6639	20.7231	48.8528	
0.367615	0.162937	3.14159	-2.56705	14.4825	62.8075	
11.7605	0.374634	0	-30.9796	-6.40899	227.24	
10.7111	0.356317	0	0.368485	0.0530565	225.697	
4.40539	0.24625	0	-5.53671	2.13547	185.636	
3.45242	0.109091	3.14159	23.0938	-2.20569	202.459	
1.79737	0.200727	0	-24.0567	-1.10578	182.582	
5.7305	0.0693272	3.14159	4.68608	-7.25922	220.179	
1.75578	0.138706	3.14159	31.6792	-9.68616	155.246	
3.34018	0.11105	3.14159	-7.22744	1.72866	184.961	
0.0826068	0.167911	3.14159	-1.69888	-12.4514	-28.4135	
2.75331	0.121294	3.14159	-24.6102	6.31737	243.093	
0.0387738	0.168677	3.14159	-31.0731	-39.2154	-12.2057	
13.1835	0.399472	0	-19.2027	4.93193	209.62	
0.157125	0.172096	0	-8.68891	-22.2957	73.4432	
18.6326	0.494586	0	22.0699	-0.925629	241.477	
0.514332	0.178331	0	135.009	52.7368	93.9292	
3.79084	0.103184	3.14159	-28.8648	0.421784	171.754	
1.20352	0.148346	3.14159	-22.4438	7.55408	222.516	
2.00771	0.134309	3.14159	-33.8999	-2.19764	189.001	
3.73558	0.104149	3.14159	4.41677	-8.2632	192.198	
2.89828	0.118764	3.14159	26.8438	1.42072	211.881	
1.55887	0.142143	3.14159	11.7158	11.2469	197.096	
2.51635	0.12543	3.14159	-97.1786	5.67506	192.591	
4.51822	0.0904875	3.14159	18.5909	-3.12582	176.177	
0.403445	0.176396	0	109.949	33.2741	38.4124	
3.84728	0.102199	3.14159	7.34954	-5.59923	164.439	
4.7997	0.253132	0	-14.1948	3.80942	208.981	
3.31717	0.227255	0	-17.972	-3.03217	193.026	
2.99263	0.117117	3.14159	77.0401	-1.84174	203.314	
2.85544	0.119511	3.14159	1.24247	8.09234	190.715	
0.186923	0.172616	0	36.4352	54.8403	48.401	
0.0591821	0.170386	0	6.44699	-50.0581	-21.346	
9.48004	0.334828	0	24.1995	-8.9335	194.58	
0.284272	0.174315	0	90.922	83.2313	-21.9557	
2.74479	0.121443	3.14159	-4.33	-6.8474	186.459	
10.5622	0.353717	0	-16.804	-3.29486	212.387	
0.26995	0.174065	0	-37.7966	-1.38247	89.2124	
4.55194	0.248808	0	-108.265	-4.58401	200.435	
6.81708	0.0503609	3.14159	-22.2415	-7.79865	143.793	
0.358952	0.175619	0	21.6019	6.18201	7.57041	
12.1362	0.381191	0	27.4814	-0.909348	189.391	
0.948838	0.152791	3.14159	0.668123	-2.72959	243.327	
4.70166	0.251421	0	4.96616	6.594	179.105	
0.179485	0.172486	0	25.3419	-33.0453	77.2841	
0.113388	0.171333	0	99.8001	54.4299	51.5404	
21.6602	0.547433	0	-44.4979	6.03219	237.708	
0.365393	0.162975	3.14159	32.5292	3.54724	44.5644	
4.80363	0.0855057	3.14159	-11.1045	5.55359	217.585	
0.0623357	0.170441	0	-22.7827	-54.0458	-12.9186	
3.6192	0.10618	3.14159	-35.4813	9.37287	215.132	
3.59442	0.106612	3.14159	-19.4267	-1.96879	185.326	
5.55854	0.0723286	3.14159	62.7306	5.21507	169.066	
4.16782	0.242103	0	66.035	12.251	181.113	
5.47166	0.0738453	3.14159	8.54137	7.38445	195.537	
0.327675	0.163634	3.14159	-49.9544	-24.4545	75.9323	
0.423326	0.161964	3.14159	-74.9126	-45.857	79.011	
0.437152	0.161723	3.14159	34.9019	14.3947	98.7659	
0.141125	0.171817	0	64.3327	14.5748	-10.9613	
0.271239	0.164619	3.14159	-8.22742	6.73433	91.312	
0.111895	0.171307	0	-32.8474	-24.2455	74.8532	
7.59134	0.301861	0	3.66102	9.6417	205.441	
4.42332	0.092144	3.14159	-31.2924	-17.643	176.843	
0.0305076	0.168821	3.14159	-18.0598	-3.65657	20.4305	
0.156498	0.166622	3.14159	93.5854	96.0845	59.1891	
2.20504	0.130864	3.14159	-17.0273	15.1313	168.313	
1.34554	0.145867	3.14159	-65.9561	1.47216	203.623	
0.057539	0.170358	0	-46.4998	-156.806	39.2614	
0.354617	0.175543	0	38.8869	35.0866	39.2727	
4.20182	0.0960103	3.14159	8.95768	13.7181	178.201	
0.121208	0.171469	0	72.4932	99.4509	24.2853	
0.308954	0.174746	0	26.4967	3.7728	93.4307	
17.4159	0.47335	0	2.1851	-0.290725	215.084	
15.1519	0.43383	0	9.05558	0.469856	220.512	
0.103693	0.167543	3.14159	62.1215	49.1454	2.05421	
4.82682	0.085101	3.14159	61.8692	-6.64257	190.803	
9.07632	0.327781	0	40.7861	-0.328473	185.718	
15.2909	0.436258	0	22.0503	8.37363	226.749	
0.0530359	0.170279	0	-5.01101	44.2891	32.7486	
2.06453	0.20539	0	69.2561	-4.78696	205.502	
6.18337	0.0614223	3.14159	17.5149	-13.3911	216.612	
5.22165	0.0782091	3.14159	-16.5025	1.37247	176.381	
9.86676	0.341578	0	10.846	-11.561	209.116	
5.35448	0.262816	0	-1.75149	1.73363	186.479	
5.74791	0.269684	0	19.1309	9.95374	204.768	
2.17226	0.131436	3.14159	-29.9697	4.04039	180.319	
0.207802	0.172981	0	-4.63849	5.13342	42.7638	
11.845	0.376108	0	-18.0504	1.78031	202.921	
0.289723	0.164296	3.14159	51.841	38.769	80.2731	
8.92982	0.325224	0	-13.3936	-1.63293	203.005	
2.15961	0.207049	0	4.51889	-6.99536	202.502	
0.0572768	0.170353	0	25.6143	63.0358	2.69884	
5.4697	0.0738794	3.14159	-38.0322	-5.4336	191.136	
3.76819	0.103579	3.14159	-32.5181	-8.83155	171.451	
2.22214	0.130566	3.14159	-41.2269	-7.07828	184.448	
4.32049	0.093939	3.14159	20.2512	1.37462	187.113	
8.93818	0.32537	0	37.5976	5.15588	197.403	
9.31989	0.332033	0	25.3082	-7.44401	199.064	
6.33692	0.058742	3.14159	13.9242	5.77029	173.155	
6.61721	0.0538495	3.14159	-26.7447	-0.914592	202.536	
8.74753	0.322042	0	5.54124	-4.597	225.355	
3.50895	0.108105	3.14159	59.4733	3.84229	205.039	
6.21927	0.277911	0	57.9773	7.42347	185.545	
8.13391	0.311331	0	12.7883	-1.26965	213.335	
3.40214	0.109969	3.14159	-0.417703	3.37775	238.445	
3.23597	0.112869	3.14159	-86.4343	-3.59379	195.283	
1.9988	0.134464	3.14159	35.7591	-4.42714	222.96	
2.05913	0.133411	3.14159	-23.3778	9.62226	174.535	
6.10025	0.0628732	3.14159	-29.2448	-2.06137	224.175	
4.88306	0.0841193	3.14159	-15.482	3.91873	234.878	
1.08391	0.150434	3.14159	-43.3643	-14.9941	163.692	
2.3007	0.209512	0	41.9646	-3.26068	189.029	
0.043336	0.168597	3.14159	18.742	93.3325	-56.6747	
0.317641	0.174898	0	13.1935	-4.70039	80.8257	
1.26095	0.147343	3.14159	19.1001	-8.45806	222.766	
0.145538	0.171894	0	27.7657	10.6905	-75.2653	
6.26089	0.0600691	3.14159	8.97806	-9.23122	196.06	
2.53462	0.125111	3.14159	5.50454	-1.78314	213.389	
2.06875	0.133243	3.14159	12.8805	0.212691	199.388	
4.325	0.244847	0	-2.57088	-10.0773	185.351	
3.61129	0.106318	3.14159	-23.9914	17.1757	193.592	
4.78974	0.252959	0	-30.0062	-2.78477	208.145	
1.56963	0.196751	0	1.12285	-0.919541	169.472	
3.55508	0.107299	3.14159	62.1601	-0.763725	191.251	
0.165166	0.172236	0	7.29254	51.514	17.8047	
5.79026	0.270423	0	-8.14975	-5.20971	154.968	
3.6002	0.106512	3.14159	13.9499	13.9797	184.857	
6.54673	0.283627	0	15.5349	1.84638	194.966	
0.211531	0.165661	3.14159	-98.654	-58.7818	29.7637	
1.64101	0.140709	3.14159	15.0302	-22.0081	176.083	
5.16844	0.259569	0	33.6468	10.9317	136.739	
0.277315	0.164513	3.14159	-117.651	-23.2833	40.4776	
15.8449	0.445928	0	30.4695	-1.8812	242.877	
15.7262	0.443855	0	-6.28677	-7.7806	233.288	
0.197998	0.172809	0	36.6138	14.7183	52.778	
4.19453	0.0961377	3.14159	-1.39111	-7.71189	190.783	
3.7725	0.103504	3.14159	41.2699	1.7031	156.519	
0.125232	0.167167	3.14159	-23.0845	-49.4538	-0.0250881	
5.63957	0.0709144	3.14159	5.59247	-3.49007	208.863	
0.352699	0.17551	0	84.7305	31.6723	40.536	
5.38794	0.0753066	3.14159	5.68976	-3.86821	156.813	
1.68737	0.1399	3.14159	21.7263	-4.03393	199.58	
0.096118	0.171031	0	120.222	102.295	50.6745	
15.4232	0.438566	0	-12.2989	2.92814	222.308	
2.53978	0.125021	3.14159	46.5536	-7.02033	197.262	
0.341366	0.175312	0	-137.949	-85.4069	-40.4545	
2.59335	0.124086	3.14159	15.0763	10.9888	193.602	
1.86408	0.136816	3.14159	35.3122	0.490666	208.122	
2.94473	0.117953	3.14159	-78.2212	-2.89353	192.357	
4.07545	0.0982161	3.14159	-18.7991	-11.5108	195.363	
2.40447	0.127383	3.14159	-6.55668	-12.0142	208.203	
14.3194	0.419299	0	14.5679	-5.28845	243.483	
0.0451331	0.170141	0	-38.6038	-119.962	-2.00962	
0.421842	0.176717	0	47.1359	5.39495	65.4601	
5.24197	0.0778544	3.14159	-15.7704	-10.7668	190.56	
0.129338	0.171611	0	-40.0477	-16.5739	-24.7157	
0.200591	0.165852	3.14159	-95.3563	-117.988	57.6844	
0.24879	0.173696	0	47.3844	3.38239	93.0027	
15.9999	0.448633	0	-22.4584	-2.34753	186.06	
12.8245	0.393206	0	-22.9913	1.32153	196.982	
5.34399	0.262633	0	23.6907	8.67862	206.554	
0.14699	0.171919	0	26.7376	17.4664	51.0068	
0.179645	0.166218	3.14159	-54.3865	-69.8749	67.9967	
1.93686	0.135545	3.14159	42.6072	11.1254	199.33	
8.39347	0.315862	0	11.0698	4.31594	193.221	
5.78127	0.068441	3.14159	1.9904	7.22406	212.322	
11.8067	0.375439	0	72.8764	-7.03367	224.777	
2.49447	0.125812	3.14159	-19.6017	-9.66792	182.474	
3.93169	0.100726	3.14159	26.812	11.5471	163.068	
6.39417	0.280964	0	-22.1244	-18.6765	202.959	
3.58431	0.106789	3.14159	-8.22177	12.922	187.527	
0.207024	0.16574	3.14159	3.63806	-24.1263	-48.6517	
5.40718	0.0749708	3.14159	-13.1794	0.61551	188.789	
3.91967	0.100935	3.14159	-6.1129	-8.57609	183.996	
2.27398	0.129661	3.14159	-17.2107	5.90162	232.097	
5.05039	0.0811985	3.14159	-8.87809	-1.53179	208.675	
4.20677	0.095924	3.14159	13.5001	3.85914	179.896	
0.134429	0.167007	3.14159	-5.97471	-30.9865	60.4312	
0.0991398	0.167623	3.14159	-4.90342	-18.8892	18.9982	
15.6635	0.44276	0	30.0345	-7.04898	234.671	
0.194662	0.172751	0	60.044	35.0813	74.2053	
2.29208	0.209362	0	12.1633	10.0375	207.914	
15.0151	0.431443	0	31.0548	-3.69836	217.694	
4.45941	0.091514	3.14159	-40.5227	-8.3037	169.222	
14.4392	0.42139	0	16.1531	2.90163	257.928	
0.241314	0.165141	3.14159	27.5264	27.204	83.7589	
6.44638	0.281875	0	91.0758	4.19701	182.301	
2.82236	0.218618	0	52.9987	8.24276	221.22	
0.0860861	0.167851	3.14159	20.2099	33.0691	47.2601	
2.44338	0.126704	3.14159	58.8456	6.70019	133.49	
11.2146	0.365105	0	-29.2935	-1.48617	207.165	
12.2351	0.382918	0	-26.5313	-2.3812	198.946	
3.08533	0.115499	3.14159	24.8434	-6.13601	169.481	
13.6553	0.407707	0	-85.2209	-11.3976	214.103	
0.20816	0.16572	3.14159	114.387	69.2869	8.26752	
0.576948	0.179424	0	-2.08022	6.03556	14.8848	
0.102654	0.167562	3.14159	70.3844	126.458	46.6637	
3.18398	0.113777	3.14159	-4.44267	-1.3313	171.089	
5.46074	0.0740357	3.14159	6.76046	1.48647	193.176	
0.0593937	0.168317	3.14159	-1.30156	35.4807	-38.2552	
7.07285	0.29281	0	34.6096	1.93199	195.579	
3.43004	0.109482	3.14159	-61.0168	0.532749	194.175	
0.301459	0.174615	0	39.4661	34.3719	21.8123	
0.197891	0.165899	3.14159	-104.335	-38.5678	78.0976	
5.06805	0.0808903	3.14159	22.5929	-7.06296	186.499	
7.25949	0.296068	0	1.86686	-1.09946	202.009	
13.2676	0.40094	0	65.8144	4.78367	199.765	
0.307208	0.174716	0	120.313	80.6766	-61.0913	
14.6049	0.424283	0	-38.1738	2.8763	245.757	
0.0447649	0.168572	3.14159	-42.0966	-25.3024	-11.9541	
17.6055	0.476659	0	-7.82929	-2.26213	274.477	
0.15518	0.166645	3.14159	84.9699	47.0257	15.5598	
6.15912	0.276861	0	-19.5875	-1.12482	237.479	
17.1424	0.468576	0	-55.7805	-6.4225	208.386	
16.3977	0.455577	0	-15.4644	0.853364	229.442	
1.94449	0.135412	3.14159	-14.2024	-3.50126	157.104	
2.60566	0.123871	3.14159	-46.8478	3.6878	237.671	
4.92545	0.0833794	3.14159	-4.41609	7.96179	207.287	
2.99782	0.22168	0	32.8119	6.05666	164.973	
13.1373	0.398665	0	0.557791	7.04858	233.349	
5.48961	0.073532	3.14159	28.8069	-0.181295	178.943	
12.0214	0.379188	0	9.71657	-5.65881	223.451	
2.52031	0.125361	3.14159	-8.1075	-2.15089	162.803	
0.409019	0.176493	0	-14.5366	-4.44597	78.8016	
5.74535	0.0690679	3.14159	-0.262192	0.782494	215.227	
4.7822	0.252827	0	8.19262	-0.65831	196.523	
4.29558	0.0943737	3.14159	-13.3762	-8.52605	205.085	
1.41936	0.144578	3.14159	-119.825	-4.6047	168.529	
4.6508	0.0881733	3.14159	18.6981	-6.43473	175.458	
0.0308177	0.168815	3.14159	-3.45447	-17.1269	-56.4805	
1.99556	0.134521	3.14159	-49.6847	-2.07826	146.801	
2.12214	0.132311	3.14159	-27.6412	-5.40099	227.687	
0.145846	0.166808	3.14159	142.503	85.7644	29.186	
4.1747	0.0964838	3.14159	12.9354	-2.15776	164.899	
1.62135	0.141053	3.14159	-17.6575	-4.78959	163.628	
3.41746	0.109701	3.14159	29.0305	-1.34739	149.56	
3.15653	0.114256	3.14159	16.2095	13.9283	233.792	
9.76652	0.339829	0	10.0911	6.91462	209.371	
6.99222	0.0473037	3.14159	9.3718	-0.848098	215.102	
1.59463	0.141519	3.14159	28.3438	0.13421	195.892	
0.30754	0.163985	3.14159	-16.0559	-10.1818	94.1901	
10.3739	0.35043	0	-30.4553	5.60635	203.03	
4.75982	0.0862704	3.14159	-64.1346	8.08143	211.145	
3.29426	0.111852	3.14159	-4.29435	-4.45985	218.716	
2.16507	0.131562	3.14159	-10.4234	0.760073	210.343	
16.9741	0.465637	0	35.3765	0.133029	233.362	
3.9764	0.0999451	3.14159	-53.6846	-5.74562	183.706	
0.230764	0.173381	0	-111.114	-72.2453	62.8997	
0.398896	0.162391	3.14159	75.0466	43.8161	52.9072	
0.151778	0.172003	0	145.735	68.8025	-21.994	
3.64085	0.232905	0	-13.709	-11.5045	157.84	
15.4924	0.439774	0	16.5447	-4.41404	219.031	
2.25039	0.130073	3.14159	-48.3604	15.3977	219.122	
0.238411	0.165192	3.14159	-74.5371	-72.2366	33.2267	
3.55186	0.107355	3.14159	44.7985	13.9203	168.102	
5.40894	0.07494	3.14159	-11.7765	-0.0506748	196.51	
17.379	0.472704	0	19.4413	0.0800224	232.394	
6.14376	0.0621136	3.14159	-2.61396	10.4968	231.296	
7.76499	0.304892	0	34.257	1.59772	226.518	
2.33725	0.128557	3.14159	2.25487	18.9672	164.419	
0.294034	0.164221	3.14159	-149.66	-76.9149	53.5216	
0.551827	0.159721	3.14159	32.4555	19.1612	65.2833	
15.8197	0.445487	0	-20.2746	-4.48172	236.419	
6.38119	0.0579693	3.14159	14.0714	6.39764	206.847	
0.0303742	0.169884	0	-17.0063	-5.14716	-16.383	
1.93785	0.135528	3.14159	44.2883	34.3961	200.312	
3.51914	0.107927	3.14159	-96.7903	0.0703842	178.803	
14.7595	0.426981	0	-26.4549	-0.438253	226.687	
0.213218	0.173075	0	97.8864	94.3168	69.4295	
3.26622	0.112341	3.14159	-11.2374	-1.34723	176.437	
9.10695	0.328316	0	-34.3046	-2.97323	165.092	
2.11009	0.132522	3.14159	63.1942	12.3244	180.466	
0.304297	0.164042	3.14159	-55.4496	-49.7415	71.7112	
0.192834	0.165987	3.14159	-44.2728	3.4647	33.8037	
6.49353	0.0560084	3.14159	-9.113	-3.64231	174.688	
0.0716333	0.168103	3.14159	90.1611	123.77	20.6767	
0.21242	0.165646	3.14159	-96.7715	-65.8339	26.7703	
3.78518	0.235424	0	-35.6038	0.155785	180.596	
3.20544	0.113402	3.14159	7.37901	-9.71851	201.661	
3.34797	0.110914	3.14159	-5.22554	0.305217	212.329	
6.32493	0.0589513	3.14159	43.6642	-7.47054	228.171	
7.36022	0.297826	0	-0.0391808	-11.2558	204.235	
2.11672	0.132406	3.14159	50.5058	-11.6749	200.514	
4.28486	0.0945609	3.14159	-11.2877	8.04336	175.857	
4.66856	0.250843	0	23.2025	0.339022	170.537	
0.296591	0.17453	0	76.1336	45.3421	-3.89542	
1.21975	0.148063	3.14159	-25.5433	-8.1106	212.303	
0.17762	0.172454	0	-66.3757	-89.2033	86.6171	
7.59284	0.301887	0	-34.0115	1.98846	200.446	
13.1542	0.398961	0	6.35525	-0.979231	218.756	
3.43007	0.109481	3.14159	-7.99174	-8.47553	200.989	
0.117541	0.171405	0	93.971	65.5671	-1.14012	
4.81283	0.0853452	3.14159	-17.9696	4.37862	180.616	
2.86286	0.119382	3.14159	3.06967	0.356697	219.28	
0.139621	0.17179	0	-18.0422	-30.7546	-76.7545	
1.87582	0.202096	0	-11.1924	9.23098	245.348	
5.49201	0.265217	0	-15.0885	-0.957499	189.169	
4.14873	0.096937	3.14159	-29.48	12.6105	205.173	
4.69972	0.0873195	3.14159	-44.9169	-15.0744	186.021	
5.40707	0.0749726	3.14159	-35.9223	-24.3565	190.692	
0.341533	0.163392	3.14159	63.8702	27.9224	59.7476	
4.47586	0.24748	0	7.18272	3.00782	167.674	
3.86438	0.236806	0	3.31196	10.804	186.8	
3.1736	0.113958	3.14159	-4.04525	10.8321	190.1	
0.0929016	0.167732	3.14159	4.49882	0.292125	35.6112	
1.8912	0.202364	0	53.2934	-0.358575	215.508	
15.5412	0.440626	0	35.692	5.15473	228.582	
3.26643	0.226369	0	19.337	2.48045	180.942	
2.90333	0.118676	3.14159	4.39287	-9.34841	181.426	
5.61918	0.0712703	3.14159	-13.4914	-0.977039	185.429	
18.1655	0.486433	0	50.7742	1.86418	245.754	
17.7161	0.478589	0	-18.297	9.34951	241.406	
2.65831	0.122952	3.14159	20.0414	-11.2906	228.998	
3.85211	0.102115	3.14159	-74.7998	-2.16684	217.844	
12.0448	0.379596	0	-45.5493	-8.00302	246.029	
2.50606	0.12561	3.14159	68.4448	5.0518	190.127	
3.25112	0.112605	3.14159	61.741	-5.7007	204.984	
3.99832	0.0995624	3.14159	-37.25	-3.52485	203.828	
4.70722	0.0871885	3.14159	-13.5776	-0.371384	196.234	
0.272039	0.164605	3.14159	-40.3118	-19.301	34.5149	
3.23351	0.225794	0	-5.155	-9.93954	243.863	
3.42101	0.229067	0	33.6703	-9.79121	208.778	
0.40452	0.162292	3.14159	-52.7441	-22.0961	99.4943	
0.123672	0.167195	3.14159	118.609	128.229	62.6921	
12.5593	0.388576	0	-42.1139	-10.7359	231.611	
0.0477011	0.170186	0	5.64332	106.949	21.1439	
3.99385	0.0996405	3.14159	-22.388	-13.0688	231.564	
3.5989	0.106534	3.14159	-17.5204	6.09635	163.53	
4.93506	0.0832116	3.14159	32.0148	-0.997709	174.17	
11.0044	0.361436	0	-1.44832	-3.11044	219.673	
0.38293	0.176037	0	-54.8023	-11.6782	74.6722	
13.0009	0.396284	0	25.5963	12.8829	227.07	
3.80567	0.102925	3.14159	31.5776	-2.03866	168.976	
0.331551	0.175141	0	97.0607	67.2385	43.1241	
9.98025	0.343559	0	-3.55551	-4.49116	228.364	
13.4707	0.404485	0	33.4592	-5.66849	202.336	
0.0198325	0.1697	0	12.64	-104.081	-23.6379	
5.33385	0.0762506	3.14159	6.85714	-2.57376	222.29	
2.162	0.131616	3.14159	35.9499	-5.36762	203.203	
0.168545	0.172295	0	32.2523	66.8476	11.6797	
0.226433	0.173306	0	-76.2437	-37.5529	70.3783	
6.13899	0.27651	0	18.9446	-8.23552	160.949	
2.10872	0.132546	3.14159	6.30553	2.27122	202.051	
2.05971	0.205306	0	-37.6972	1.16879	194.237	
4.80787	0.253275	0	38.4421	6.06937	204.471	
4.54412	0.0900355	3.14159	47.4602	-6.72114	196.468	
7.9799	0.308643	0	42.3225	-9.57775	139.05	
6.53839	0.283481	0	-22.592	-5.63678	204.627	
4.0083	0.0993882	3.14159	-16.6539	-7.81245	170.154	
3.028	0.116499	3.14159	51.6233	10.8573	212.133	
5.01725	0.081777	3.14159	-2.01259	-10.049	174.975	
0.147039	0.17192	0	58.9952	61.6431	20.852	
3.94267	0.100534	3.14159	-14.0182	5.4121	220.94	
11.1522	0.364015	0	36.4877	3.65674	243.289	
4.15889	0.0967597	3.14159	7.73416	4.25235	176.439	
4.51026	0.0906265	3.14159	-17.8791	8.25928	184.22	
3.57998	0.106865	3.14159	-37.8554	0.761963	198.885	
2.88835	0.118937	3.14159	39.3452	-9.01715	215.638	
3.73058	0.104236	3.14159	44.0709	8.84959	206.701	
9.72299	0.339069	0	20.4901	-2.62617	189.873	
13.4518	0.404155	0	-2.9321	2.15786	220.614	
10.8189	0.358199	0	-15.0978	0.664705	217.855	
9.19987	0.329938	0	-14.9286	2.51806	231.446	
21.2502	0.540278	0	14.9982	5.77916	242.921	
12.0638	0.379927	0	13.9774	-2.70957	191.95	
0.112312	0.167393	3.14159	-23.6499	-109.82	-26.4991	
2.59162	0.124116	3.14159	78.0748	-9.91637	163.025	
0.380525	0.162711	3.14159	-95.0103	-19.2168	42.9721	
4.1115	0.0975868	3.14159	-2.01923	-3.67566	197.572	
0.324205	0.175012	0	-73.9436	-29.2848	59.4721	
4.07894	0.0981553	3.14159	-55.3125	2.35961	150.401	
0.670531	0.181058	0	-100.657	-24.7802	54.0774	
8.38917	0.315787	0	33.0863	-1.79503	166.951	
0.153348	0.166677	3.14159	-94.6617	-139.178	19.9414	
3.69966	0.233931	0	52.3336	1.95817	113.634	
5.42201	0.0747118	3.14159	-8.22395	6.09461	205.392	
3.38622	0.110247	3.14159	70.9718	3.43591	190.294	
4.36724	0.245584	0	-0.265109	-2.55876	169.154	
4.17298	0.242193	0	-18.2174	2.4045	172.357	
0.358687	0.163092	3.14159	96.3855	35.9701	30.4466	
2.3598	0.128163	3.14159	-48.7609	5.3139	166.642	
2.25336	0.130021	3.14159	8.47993	-0.874815	149.117	
2.37143	0.210747	0	-40.3537	9.70251	160.903	
3.73253	0.234505	0	-5.9976	-4.15105	190.185	
4.74653	0.0865024	3.14159	-3.62994	5.64783	161.336	
9.86707	0.341584	0	-19.4987	-6.75171	185.857	
4.76074	0.252452	0	-6.62742	6.4282	233.638	
6.54637	0.283621	0	17.4155	-6.28707	210.21	
0.813978	0.155145	3.14159	-27.4704	-9.31455	111.648	
0.225441	0.165418	3.14159	-130.988	-85.6441	40.1361	
2.26686	0.208922	0	15.1131	16.5719	227.54	
6.01267	0.0644019	3.14159	-15.739	14.7997	169.22	
16.7996	0.462591	0	23.9941	4.24652	212.043	
4.50157	0.0907781	3.14159	-8.20786	2.9958	191.082	
7.68949	0.303574	0	4.07184	5.4677	221.723	
1.83983	0.201468	0	15.403	11.4114	193.089	
0.0247737	0.168921	3.14159	-24.9732	16.1348	19.8738	
2.26829	0.12976	3.14159	20.4002	-7.81384	176.462	
3.68709	0.233712	0	-11.4268	6.26391	174.296	
5.64827	0.267944	0	5.99882	-1.60062	234.325	
0.110418	0.167426	3.14159	-93.5417	-130.106	36.8009	
3.19548	0.113576	3.14159	-17.7131	0.0907482	164.432	
4.94893	0.0829695	3.14159	-30.1867	-4.02427	210.144	
0.0640826	0.170472	0	1.84485	31.8261	44.1995	
23.4527	0.578722	0	30.9909	-1.06122	214.893	
11.1685	0.364301	0	-14.983	-2.68362	217.219	
12.2836	0.383765	0	-24.3615	-3.08955	215.975	
17.3248	0.47176	0	-12.2424	0.782496	222.955	
1.56863	0.141973	3.14159	50.3935	-11.4016	170.108	
0.146016	0.171902	0	-8.9371	-3.98967	-54.7809	
8.82266	0.323353	0	-29.05	9.7597	233.726	
0.125718	0.171548	0	-106.246	-144.159	25.6064	
13.4685	0.404446	0	6.28684	2.20803	189.332	
0.0824355	0.170792	0	-4.67133	23.1511	34.9102	
3.26223	0.226296	0	-1.09	5.5654	191.496	
19.4767	0.509321	0	-8.80541	-4.58235	218.447	
19.844	0.515732	0	-23.6204	-4.7635	244.865	
5.56714	0.0721786	3.14159	-15.5923	4.75494	203.646	
5.71079	0.0696711	3.14159	18.1689	-5.73695	184.371	
0.254845	0.173802	0	-1.99653	-8.26892	44.0199	
15.9453	0.447679	0	17.4286	6.27094	279.233	
2.51017	0.125538	3.14159	9.67246	3.37263	209.94	
1.7014	0.139655	3.14159	-22.0266	4.6989	218.278	
2.06589	0.133293	3.14159	-24.043	3.7475	207.209	
1.64234	0.198021	0	-63.242	-15.1944	232.152	
0.055014	0.168393	3.14159	12.0396	150.058	-39.5926	
11.0728	0.36263	0	15.3355	7.97819	226.138	
2.70152	0.122198	3.14159	-48.6782	1.9228	213.349	
1.66623	0.140269	3.14159	-45.3554	6.84397	163.971	
0.105101	0.167519	3.14159	-93.4292	-71.6707	60.7052	
1.97378	0.134901	3.14159	-14.0386	-1.33996	179.113	
0.4315	0.176885	0	34.5365	-7.4089	61.7676	
0.0366398	0.169993	0	-8.36347	-123.549	31.0271	
3.48238	0.108568	3.14159	8.61272	3.23937	204.712	
0.0022069	0.169315	3.14159	31.9139	-7.56249	11.3987	
0.199076	0.165879	3.14159	-4.18242	19.4257	36.4485	
0.233239	0.165282	3.14159	-104.004	-52.7203	87.9197	
3.43023	0.109479	3.14159	21.6819	-4.33374	185.077	
11.4874	0.369867	0	32.6568	5.09737	240.227	
10.4246	0.351316	0	-61.2552	-0.17099	212.433	
0.078027	0.167991	3.14159	61.6263	114.01	29.6514	
3.22296	0.113096	3.14159	22.4818	8.42573	161.925	
1.86785	0.13675	3.14159	41.036	1.53882	206.839	
0.773631	0.15585	3.14159	32.9911	16.7645	184.422	
1.07031	0.150671	3.14159	-14.9655	-9.21065	214.474	
0.185901	0.172598	0	-53.5074	-31.5189	45.9778	
0.281505	0.16444	3.14159	-25.6278	7.86021	38.9782	
0.0419859	0.170086	0	-24.9511	41.6665	7.40882	
0.0369383	0.169998	0	-9.11477	-99.3191	15.1647	
3.4599	0.108961	3.14159	-19.5667	1.2798	187.692	
1.72449	0.199454	0	-18.011	-11.7824	196.585	
12.2712	0.383548	0	12.0846	0.539929	200.089	
2.83319	0.1199	3.14159	-16.2442	0.273239	203.056	
4.05611	0.0985537	3.14159	8.10735	-0.517326	162.884	
7.6433	0.302768	0	4.80497	-6.01591	189.37	
19.6392	0.512157	0	-19.1856	4.31239	243.17	
8.1909	0.312326	0	-2.0657	-6.23025	193.471	
14.2448	0.417997	0	-1.7108	5.36173	212.873	
13.2919	0.401364	0	-18.1859	6.83833	217.316	
6.28406	0.279042	0	38.8921	1.95023	198.835	
8.20318	0.312541	0	8.54331	-3.02114	197.436	
7.08559	0.045674	3.14159	0.371781	4.83451	243.741	
1.61534	0.141158	3.14159	-11.4386	6.77696	212.185	
6.019	0.274415	0	-6.73365	-3.36548	213.447	
0.117195	0.171399	0	53.1137	1.22289	20.2508	
0.00582637	0.169252	3.14159	-6.46433	-3.5303	5.17883	
0.23794	0.173507	0	-51.3316	-10.5694	-29.9766	
7.34393	0.297542	0	-5.8841	10.5387	205.415	
3.20535	0.113404	3.14159	12.3084	-4.01776	223.121	
2.65973	0.122928	3.14159	8.68432	-10.2389	216.547	
0.375943	0.162791	3.14159	-25.3575	-32.8355	58.5436	
3.52565	0.230894	0	-17.1812	2.46046	208.705	
5.65149	0.0707063	3.14159	-15.8407	-1.03837	204.154	
0.163172	0.172202	0	-22.2538	-15.5823	-25.2743	
9.39805	0.333397	0	17.1412	-5.45008	227.636	
0.0453997	0.168561	3.14159	19.4513	-37.6227	30.8616	
2.10579	0.20611	0	-54.624	-2.23263	117.262	
0.051672	0.170255	0	-52.4887	-139.16	47.6412	
1.68081	0.140015	3.14159	10.214	6.3311	199.172	
3.99021	0.0997041	3.14159	69.296	6.68683	140.575	
2.75679	0.121233	3.14159	2.83908	9.51556	173.679	
6.24156	0.0604066	3.14159	-3.6696	1.48232	219.605	
3.50675	0.108143	3.14159	-59.907	-5.38952	166.386	
2.38394	0.127742	3.14159	26.4425	3.58563	144.8	
3.60607	0.106409	3.14159	-53.8907	-6.71619	204.367	
3.47874	0.108632	3.14159	9.54427	-2.60244	180.637	
3.07008	0.115765	3.14159	18.1827	-6.1369	176.355	
3.39723	0.110054	3.14159	-31.3791	9.54742	187.929	
1.24579	0.147608	3.14159	-26.8676	-16.635	185.104	
0.0458573	0.168553	3.14159	27.5229	87.9743	50.9261	
3.90909	0.10112	3.14159	-3.04313	-6.31035	168.945	
15.1602	0.433976	0	58.3664	-0.650282	210.721	
7.37529	0.29809	0	31.9048	1.58521	196.532	
0.192359	0.172711	0	115.238	85.2769	-39.8432	
7.1566	0.0444344	3.14159	-18.6042	-1.65432	192.086	
0.120347	0.171454	0	115.006	117.699	9.34393	
0.274668	0.174148	0	7.02292	5.80792	86.4916	
2.23702	0.130306	3.14159	22.2845	3.18862	194.925	
0.316998	0.16382	3.14159	-74.3383	-66.2463	82.713	
5.75051	0.269729	0	-20.0799	-8.32047	211.786	
4.91774	0.255193	0	22.1397	12.0181	174.643	
14.0919	0.415328	0	28.6899	-8.02351	257.435	
0.121621	0.16723	3.14159	-46.6215	-139.514	48.059	
5.54669	0.0725356	3.14159	-21.0693	-1.12243	170.203	
6.97314	0.29107	0	7.48733	-1.12148	194.828	
0.220787	0.173207	0	-89.9142	-77.9297	84.1566	
3.67654	0.105179	3.14159	-4.16841	9.09052	178.11	
1.63026	0.19781	0	-59.0032	2.14997	180.941	
19.2993	0.506224	0	-23.6258	3.15269	217.369	
21.1408	0.538368	0	-23.9229	4.03152	238.391	
4.52491	0.0903708	3.14159	-30.057	-7.00112	206.871	
0.260539	0.164806	3.14159	-6.56934	-16.7999	102.905	
6.69491	0.286214	0	-1.4553	7.84648	162.659	
0.0905797	0.170934	0	-32.5732	-14.9317	52.4949	
2.89738	0.219927	0	38.5194	-14.5063	199.507	
16.7909	0.46244	0	-35.1341	5.29762	231.279	
0.280213	0.164462	3.14159	79.7054	66.8388	44.0153	
0.147482	0.171928	0	-101.924	-80.2707	54.717	
0.162726	0.166513	3.14159	91.204	79.2218	8.74686	
4.92362	0.0834112	3.14159	33.9873	-20.0637	215.877	
6.11942	0.0625384	3.14159	2.98035	-0.210269	213.774	
0.149954	0.166736	3.14159	7.57015	7.7191	85.1232	
15.2449	0.435453	0	-33.8249	-11.8562	209.365	
4.86833	0.0843765	3.14159	-12.65	14.8143	210.923	
0.242736	0.165116	3.14159	66.9465	45.945	57.3823	
0.063976	0.168237	3.14159	48.4148	99.623	-14.6588	
2.34749	0.128378	3.14159	-35.5733	-8.64636	200.564	
2.63812	0.215402	0	-12.5576	-0.70065	175.811	
0.44309	0.161619	3.14159	20.6432	20.6349	76.6869	
10.1766	0.346987	0	-45.7709	-4.81323	181.125	
1.58629	0.141665	3.14159	35.0193	4.32726	245.256	
1.68385	0.139962	3.14159	-7.69592	-26.017	176.955	
0.178707	0.166234	3.14159	68.0134	28.3414	77.845	
4.3481	0.24525	0	-68.3235	-9.32182	190.646	
0.140873	0.166894	3.14159	-50.6312	-25.1026	55.4012	
1.52083	0.142807	3.14159	86.5623	11.6175	258.458	
7.8029	0.0331532	3.14159	-14.0698	3.28226	189.887	
9.3794	0.333071	0	-14.4879	-0.0185008	210.402	
0.153448	0.172032	0	-0.844451	5.76885	56.5271	
0.0455389	0.170148	0	7.1615	8.82263	-64.1456	
3.23934	0.11281	3.14159	32.1486	-10.4904	178.68	
4.68604	0.0875583	3.14159	43.0693	3.57649	215.486	
8.6778	0.320825	0	20.0317	-1.39861	209.445	
3.00363	0.116925	3.14159	-27.1385	6.90695	221.218	
1.28127	0.146989	3.14159	6.62335	8.804	189.758	
0.471372	0.177581	0	68.7524	12.0193	56.1193	
11.5349	0.370696	0	-16.9574	0.895528	212.06	
2.88178	0.119052	3.14159	10.5483	-1.92241	210.206	
2.30315	0.129152	3.14159	57.3537	-9.00547	162.889	
2.53281	0.125143	3.14159	31.5119	7.37245	211.647	
16.5832	0.458814	0	-6.45224	7.42573	231.229	
0.164396	0.166484	3.14159	105.774	91.3243	-86.8429	
0.150755	0.171985	0	-33.4975	-12.7032	-2.10713	
0.137476	0.171753	0	-55.3864	-45.8608	-7.39454	
0.146155	0.166802	3.14159	66.1651	74.2139	8.02065	
11.529	0.370592	0	-10.1983	-3.23474	222.792	
5.70332	0.0698016	3.14159	25.1403	-12.3714	134.42	
18.791	0.497352	0	8.19906	3.26915	248.068	
1.23686	0.147764	3.14159	-17.7025	-6.34363	227.096	
5.08551	0.0805855	3.14159	48.3491	1.74056	158.899	
7.79807	0.305469	0	13.05	6.61565	163.906	
2.60336	0.123912	3.14159	1.57234	7.32496	178.25	
2.90898	0.118577	3.14159	75.2287	0.881239	203.843	
0.486618	0.160859	3.14159	95.906	34.2342	48.6294	
1.1504	0.149273	3.14159	12.019	6.29515	299.473	
5.9937	0.064733	3.14159	15.1331	-8.75582	192.751	
0.203347	0.165804	3.14159	41.1637	43.8581	68.5055	
3.81533	0.102757	3.14159	-49.179	-5.04534	185.768	
2.32111	0.128838	3.14159	12.4444	-12.0549	208.335	
1.86664	0.136771	3.14159	13.9562	-3.45749	196.406	
0.217905	0.16555	3.14159	13.3421	-2.3914	35.388	
4.58197	0.0893747	3.14159	64.062	-1.39627	176.565	
2.81295	0.120253	3.14159	-33.2229	10.5924	192.708	
12.6757	0.390609	0	23.7476	6.90118	230.132	
6.66818	0.285747	0	5.7668	-1.39525	180.716	
18.3671	0.489952	0	17.81	-1.92204	224.555	
1.1193	0.149816	3.14159	-77.2338	-8.63279	171.71	
15.2522	0.435582	0	-11.1631	8.58126	211.459	
3.32364	0.111339	3.14159	-7.80732	-3.16912	185.936	
0.277094	0.17419	0	34.2476	-17.2346	-4.06921	
16.3305	0.454404	0	-17.1809	3.51267	210.975	
3.17377	0.113955	3.14159	9.46401	13.0744	213.524	
2.95259	0.117816	3.14159	70.5589	-3.81388	196.662	
4.18953	0.0962248	3.14159	18.1105	3.95977	234.866	
5.91403	0.0661236	3.14159	72.1031	-0.0412581	201.073	
8.37265	0.315499	0	40.6847	13.2682	214.668	
5.87284	0.271864	0	27.8722	-6.46931	169.887	
0.253859	0.173785	0	80.0602	28.7539	5.31241	
2.49394	0.212885	0	24.6447	1.91928	176.952	
3.66459	0.105388	3.14159	-23.3173	8.2736	209.973	
1.56277	0.142075	3.14159	149.902	-0.751397	230.014	
0.286753	0.164348	3.14159	-37.0401	8.44264	-0.423313	
19.3607	0.507296	0	9.99888	0.84044	272.598	
4.22772	0.0955583	3.14159	13.8826	-9.61046	206.124	
3.73472	0.104164	3.14159	39.1827	-12.8123	132.258	
0.105127	0.171188	0	48.4562	124.627	31.6953	
0.148787	0.17195	0	79.8329	43.2645	25.1815	
5.00366	0.0820142	3.14159	-24.8171	10.6368	204.12	
1.15264	0.189473	0	79.233	3.48328	189.602	
16.2305	0.452657	0	0.0417395	-0.0471471	263.636	
0.293777	0.174481	0	121.689	59.4071	70.1316	
0.233591	0.173431	0	-0.962382	-1.54417	69.9667	
6.41455	0.28132	0	5.24208	-0.698084	197.207	
4.77608	0.0859867	3.14159	6.1256	13.4281	204.54	
1.5231	0.142768	3.14159	-1.04023	5.63	110.475	
2.57759	0.124361	3.14159	-31.454	-12.8411	193.979	
0.123465	0.167198	3.14159	37.0687	121.576	46.9465	
7.37128	0.0406873	3.14159	-12.5576	-13.9169	181.858	
3.8925	0.101409	3.14159	16.5635	-11.2285	194.277	
4.634	0.0884667	3.14159	-42.6502	-2.70025	165.262	
6.06417	0.0635029	3.14159	-26.6073	-7.37305	184.142	
0.434315	0.161772	3.14159	-13.3142	0.0422574	87.3739	
6.87402	0.0493669	3.14159	47.2511	-10.8132	191.303	
5.94141	0.273061	0	-15.8973	-3.03616	217.018	
4.21931	0.0957051	3.14159	-1.24438	-5.05709	226.667	
0.100768	0.171112	0	39.9478	92.3716	-30.503	
0.157959	0.166596	3.14159	-68.5345	-90.2243	33.8403	
3.64603	0.105712	3.14159	6.12193	1.3555	215.592	
2.40056	0.127451	3.14159	50.7066	-4.00686	192.447	
0.187581	0.172628	0	4.49538	-1.74923	-47.8193	
0.243885	0.17361	0	38.2155	34.456	56.2683	
6.59657	0.284497	0	-17.0958	-11.7261	226.558	
15.2999	0.436414	0	-27.0556	7.15072	246.258	
3.11488	0.114983	3.14159	12.6554	-16.9433	165.813	
4.19358	0.0961542	3.14159	-21.6617	-3.19445	211.722	
3.4753	0.108692	3.14159	48.4158	-3.77885	158.222	
5.38524	0.263353	0	30.8297	-3.04659	207.991	
2.07506	0.205574	0	-50.2835	-6.69884	169.968	
4.50714	0.090681	3.14159	-9.3352	1.66348	232.383	
0.346398	0.163307	3.14159	136.581	79.5567	71.8775	
0.160803	0.17216	0	101.812	137.558	-54.4181	
5.46916	0.0738888	3.14159	-35.9372	-3.57221	169.841	
4.10746	0.241049	0	-11.2461	14.2174	147.112	
0.279649	0.164472	3.14159	-10.0049	-9.32354	-20.83	
0.16281	0.172195	0	-25.4766	-58.3997	-23.8337	
0.271884	0.164608	3.14159	-9.01025	-9.7135	23.4689	
3.33654	0.111114	3.14159	46.2282	14.7769	188.141	
5.27601	0.0772602	3.14159	-0.804799	-8.72805	174.628	
2.80531	0.120387	3.14159	39.9946	5.17306	186.93	
4.00709	0.0994094	3.14159	69.8458	-9.64699	153.038	
5.06396	0.0809616	3.14159	-26.0171	16.1729	197.038	
0.0682463	0.170545	0	14.0955	108.23	-6.57719	
4.98667	0.0823107	3.14159	-26.4135	-11.814	181.272	
7.19317	0.0437961	3.14159	25.4	0.158908	208.467	
0.262264	0.173931	0	-111.651	-87.3831	57.4026	
3.96013	0.100229	3.14159	-41.5648	-5.76454	176.887	
4.63727	0.0884096	3.14159	7.44232	-11.5588	218.109	
15.8209	0.445509	0	-16.6116	0.355997	216.13	
2.69637	0.216419	0	-4.5262	19.4187	195.512	
2.83726	0.119829	3.14159	39.7659	-4.81175	173.576	
3.85344	0.102091	3.14159	42.4205	-4.43762	195.332	
13.5058	0.405098	0	-40.8549	0.487874	234.192	
7.36596	0.297927	0	7.66987	9.53211	161.623	
0.207182	0.165737	3.14159	-69.5679	-19.6383	38.8954	
3.89462	0.101372	3.14159	18.3762	-17.8062	199.247	
3.47467	0.108703	3.14159	-29.8473	-6.39013	180.697	
12.9706	0.395756	0	-38.1333	-5.87056	214.54	
7.14665	0.0446081	3.14159	40.4855	3.1026	174.698	
0.292526	0.174459	0	-117.878	-63.79	50.229	
5.97134	0.0651233	3.14159	17.2033	7.98634	250.759	
3.95039	0.100399	3.14159	25.4812	2.56777	158.446	
3.69794	0.104806	3.14159	26.3722	8.651	182.738	
3.82578	0.236133	0	13.8282	-5.54377	175.954	
1.20153	0.190326	0	-2.95306	5.83235	186.989	
0.349915	0.175461	0	105.167	81.9632	39.5731	
7.41166	0.298724	0	-5.10538	6.32871	219.705	
0.246482	0.165051	3.14159	-27.1982	-30.3012	77.4904	
0.295719	0.164192	3.14159	-119.552	-56.7694	-68.2712	
11.2648	0.365981	0	-2.88318	14.2881	206.188	
2.50129	0.125693	3.14159	33.8375	4.29137	199.048	
2.54526	0.124926	3.14159	-12.1755	4.19761	140.588	
7.13399	0.293878	0	-36.2368	5.86254	154.291	
0.229356	0.173357	0	-30.3378	-12.814	43.8287	
0.0402446	0.170056	0	76.9689	141.088	19.0074	
1.7867	0.138166	3.14159	95.8995	10.8773	161.32	
0.020649	0.169714	0	-45.9963	-68.2719	8.82205	
4.60807	0.249788	0	-25.7464	-2.22084	187.848	
3.45831	0.108988	3.14159	-23.8352	-16.703	196.933	
2.02834	0.204758	0	28.5641	4.77834	232.332	
0.126333	0.167148	3.14159	-39.4376	-29.1475	65.5744	
2.89022	0.118904	3.14159	30.3195	-1.142	170.897	
4.0291	0.0990253	3.14159	-37.0111	2.79416	200.432	
22.0254	0.553808	0	-4.85797	-10.0696	246.977	
6.62018	0.284909	0	22.7766	-3.70254	230.856	
3.15349	0.114309	3.14159	17.0589	-0.945203	230.835	
5.41627	0.263895	0	-42.069	-3.18441	241.889	
9.5464	0.335986	0	-13.9015	8.84645	199.658	
4.83913	0.084886	3.14159	7.87459	-1.25183	185.676	
3.78662	0.103258	3.14159	53.0832	-4.59499	194.728	
4.66455	0.0879334	3.14159	-14.5185	-0.521388	183.773	
2.80829	0.120334	3.14159	30.9759	-3.28599	172.384	
2.72737	0.121747	3.14159	-11.3401	-5.76083	191.848	
4.05949	0.240212	0	-8.0593	0.711892	173.881	
1.5094	0.143007	3.14159	-18.7516	-9.08018	228.533	
4.20369	0.0959776	3.14159	-9.6818	-2.70991	217.015	
13.9794	0.413364	0	10.735	1.25036	229.541	
0.257353	0.164861	3.14159	-53.377	-8.23045	65.3042	
0.236317	0.173478	0	-68.5357	-39.3915	63.5824	
11.2716	0.366099	0	7.98221	-6.21057	212.23	
0.247329	0.165036	3.14159	-87.9269	-19.5107	45.1126	
3.99032	0.0997021	3.14159	41.1949	-10.572	192.971	
0.274367	0.174142	0	63.9199	19.1498	73.8073	
2.34693	0.210319	0	28.2109	-1.32103	135.744	
5.33869	0.0761661	3.14159	-4.99328	20.2139	185.515	
4.1844	0.242392	0	10.699	-1.36754	223.47	
0.135218	0.171714	0	99.2137	140.469	12.8418	
0.35482	0.175547	0	-64.0266	-35.2573	-14.3491	
9.55558	0.336147	0	22.1503	-7.65406	208.34	
1.9141	0.202764	0	16.7365	2.28349	176.117	
5.52569	0.265805	0	-26.6542	9.42982	191.696	
5.92405	0.0659487	3.14159	-2.03683	-5.20636	163.123	
0.0799682	0.170749	0	57.9962	146.321	-29.0231	
7.18503	0.294768	0	-6.51058	-1.94136	216.065	
13.4386	0.403925	0	37.157	6.23816	212.984	
11.246	0.365652	0	-0.0122215	-8.91176	225.589	
0.536847	0.159983	3.14159	119.218	38.3193	22.8326	
0.11532	0.16734	3.14159	78.4775	144.281	42.1329	
2.1377	0.13204	3.14159	12.3256	8.2198	153.773	
0.457795	0.177344	0	-101.19	-45.0066	69.4573	
4.75415	0.0863693	3.14159	36.6055	-13.4252	179.56	
10.0603	0.344956	0	47.1414	-8.86055	216.876	
13.6038	0.406808	0	-0.253887	10.7456	232.265	
4.65821	0.088044	3.14159	-7.1646	-3.12377	183.211	
4.22238	0.243055	0	-49.6651	-18.4348	189.007	
8.38346	0.315687	0	-0.247582	-0.441456	212.897	
2.61701	0.123673	3.14159	48.2801	-0.686514	188.431	
9.18592	0.329694	0	-14.7192	6.94268	180.34	
0.269783	0.164644	3.14159	159.767	72.9181	55.9714	
8.76242	0.322302	0	-6.24663	10.8717	188.357	
5.52394	0.0729326	3.14159	28.3368	-14.3013	190.523	
4.64358	0.0882994	3.14159	-29.9579	-8.82485	178.205	
3.34691	0.110933	3.14159	-8.09911	-1.25593	197.522	
5.07934	0.0806932	3.14159	23.374	6.78208	219.467	
2.76578	0.121077	3.14159	46.7022	3.11819	203.469	
3.39479	0.110097	3.14159	28.1399	12.0223	197.322	
4.7514	0.252289	0	10.4247	-8.97484	158.413	
11.0866	0.362871	0	5.44239	5.36973	222.968	
18.1779	0.486649	0	0.480586	5.47993	221.044	
2.93207	0.118174	3.14159	20.5569	0.671661	246.236	
1.47543	0.195107	0	-17.5813	-10.6026	228.992	
4.33516	0.245024	0	12.6019	-9.036	187.164	
5.88005	0.0667167	3.14159	13.7025	7.5199	190.717	
1.16059	0.149095	3.14159	-30.1855	3.14801	166.978	
11.8851	0.376809	0	-41.7412	-2.23152	228.328	
1.92914	0.203027	0	35.1192	9.07745	202.59	
4.2686	0.243862	0	-26.2818	-6.94229	203.671	
0.150113	0.166733	3.14159	66.2221	93.1109	84.8076	
3.23828	0.112829	3.14159	4.30163	-3.65527	179.746	
4.18542	0.24241	0	-6.9364	-11.354	211.216	
6.22518	0.0606924	3.14159	8.70228	-4.11397	170.388	
2.6267	0.123504	3.14159	-130.824	-10.439	159.944	
14.2236	0.417627	0	-9.17818	3.71075	238.753	
5.30191	0.0768083	3.14159	20.4482	4.85775	188.807	
3.19275	0.113624	3.14159	15.9465	3.5756	214.17	
1.0258	0.187259	0	10.1716	3.93075	177.888	
6.51854	0.283135	0	12.2815	3.43767	151.426	
4.64733	0.088234	3.14159	-41.0968	3.44533	221.361	
0.238071	0.165198	3.14159	12.1851	5.80429	17.1409	
0.322528	0.163724	3.14159	58.1639	37.6247	47.2125	
20.3505	0.524573	0	2.53743	-3.27731	241.791	
3.26842	0.112303	3.14159	34.1723	6.3575	189.178	
0.190364	0.172676	0	23.7098	45.3057	1.48836	
5.03459	0.0814742	3.14159	53.6913	17.2884	211.428	
16.1764	0.451713	0	13.7191	0.0509479	242.149	
6.00341	0.0645635	3.14159	28.9098	-14.9863	181.16	
0.19903	0.172827	0	-46.0502	-59.1436	66.677	
0.0891504	0.167797	3.14159	-54.2676	-98.6155	-28.117	
0.398202	0.162403	3.14159	-128.173	-70.6049	24.6167	
3.83669	0.102384	3.14159	-8.29541	-12.1993	192.803	
3.29466	0.226862	0	-61.3483	-12.865	207.366	
11.9526	0.377987	0	7.60301	3.68198	216.246	
0.319619	0.163774	3.14159	7.838	-33.1617	26.7761	
10.2719	0.34865	0	32.7164	3.48562	209.462	
0.203528	0.172906	0	-8.05737	-7.3777	54.5672	
2.70576	0.122124	3.14159	37.5603	9.86884	197.976	
2.35367	0.12827	3.14159	31.8604	-4.52289	212.81	
10.8699	0.359088	0	10.8608	0.898944	204.901	
4.16718	0.242092	0	47.0891	1.72931	228.669	
25.2955	0.610888	0	44.0313	3.09244	261.71	
0.158013	0.172112	0	82.643	102.4	-47.5782	
3.12958	0.114726	3.14159	7.33572	-5.53353	204.144	
6.08911	0.275639	0	16.2841	-14.2731	196.68	
19.8215	0.51534	0	-33.9891	-6.61588	282.037	
3.38717	0.11023	3.14159	19.4559	7.28003	225.579	
15.461	0.439227	0	79.1636	-7.93662	205.337	
0.652876	0.157957	3.14159	-2.07665	9.85996	191.323	
0.0666552	0.16819	3.14159	13.4066	19.6421	22.0146	
0.0168348	0.16906	3.14159	37.0815	127.283	-15.6162	
2.26619	0.129797	3.14159	-15.0667	3.5412	151.907	
4.03677	0.0988914	3.14159	25.117	-12.1997	154.424	
3.63863	0.105841	3.14159	39.2219	-7.2466	212.723	
6.80445	0.288126	0	22.8322	11.2228	214.443	
7.08655	0.29305	0	14.42	-8.78747	192.366	
11.5243	0.37051	0	25.8261	-2.7961	183.79	
7.00287	0.0471178	3.14159	28.4366	-11.2429	186.825	
1.28193	0.146977	3.14159	-0.313402	-6.01219	211.606	
0.265468	0.16472	3.14159	-32.6218	-5.3976	-93.6096	
2.83428	0.119881	3.14159	34.8061	-1.17425	191.382	
7.71625	0.304041	0	2.42788	-20.785	228.798	
3.97264	0.100011	3.14159	9.9863	19.0698	163.613	
0.343124	0.163364	3.14159	27.068	35.7557	39.7623	
0.697173	0.157184	3.14159	-54.4816	-4.32595	110.338	
3.60086	0.232207	0	-22.1074	-7.88134	197.519	
6.65684	0.285549	0	14.6849	-4.98861	198.998	
0.110921	0.167417	3.14159	-7.23627	-36.2849	-1.25318	
7.933	0.0308824	3.14159	-33.0605	2.62456	196.991	
1.20667	0.190416	0	80.7912	-11.1961	197.322	
4.16547	0.0966448	3.14159	37.7396	-4.06805	209.76	
3.38247	0.110312	3.14159	-18.8332	7.10399	208.809	
0.0913832	0.170948	0	-3.44556	5.09615	-62.1405	
4.21141	0.0958429	3.14159	-9.92478	4.1879	177.18	
0.244206	0.173616	0	-63.8784	-45.4564	28.3585	
14.6115	0.424397	0	-19.9914	-4.37503	219.977	
0.180092	0.172497	0	-53.8356	-65.8813	59.1323	
0.0220529	0.168968	3.14159	11.1156	-38.6499	-24.4809	
11.0973	0.363057	0	20.0819	2.29247	198.118	
2.30209	0.12917	3.14159	21.0011	13.9872	171.462	
5.67261	0.0703377	3.14159	-12.6032	6.68041	176.034	
6.31765	0.279628	0	-13.1618	0.349585	144.979	
0.231728	0.165309	3.14159	49.2364	31.3217	80.9909	
4.49951	0.0908142	3.14159	-10.6822	0.698764	216.729	
2.51428	0.125467	3.14159	-13.0827	7.16379	197.991	
3.37252	0.110486	3.14159	58.1816	-1.41091	164.84	
9.36596	0.332837	0	1.87878	1.84488	235.047	
0.364421	0.175714	0	-127.074	-74.574	57.8468	
14.1775	0.416822	0	-16.4531	-4.56068	210.997	
0.259489	0.173883	0	1.65287	26.4194	27.8285	
3.1724	0.113979	3.14159	-3.0092	5.13564	166.481	
3.19596	0.113568	3.14159	21.6189	-3.68586	161.606	
0.227411	0.173323	0	-69.1447	-62.6047	78.4485	
19.8592	0.515997	0	5.56765	-10.6712	261.303	
4.10548	0.0976921	3.14159	85.6891	0.506017	202.274	
3.91567	0.237702	0	62.3029	0.0266783	208.998	
0.137033	0.166961	3.14159	2.2543	12.3321	-26.4149	
2.58806	0.124179	3.14159	-68.5571	5.18369	177.05	
0.287811	0.16433	3.14159	113.7	78.5366	9.26726	
2.92812	0.118243	3.14159	-7.203	6.79639	211.388	
0.402563	0.17638	0	3.66124	18.1609	84.1802	
0.25381	0.173784	0	52.5979	32.6665	79.0086	
1.81718	0.137634	3.14159	-7.12972	28.1687	244.428	
0.264742	0.164732	3.14159	82.1628	42.5665	84.4112	
4.91625	0.0835399	3.14159	0.396742	-1.67202	146.199	
0.0928378	0.167733	3.14159	48.238	65.6333	-72.0311	
8.21793	0.312798	0	15.3071	0.433109	203.3	
5.92463	0.0659386	3.14159	-61.1541	8.83126	201.559	
3.4422	0.10927	3.14159	35.1331	-9.44793	206.931	
2.51816	0.125399	3.14159	-54.2973	-6.04338	212.607	
0.216406	0.165576	3.14159	-48.191	-26.612	-18.1394	
14.3865	0.420471	0	6.11087	4.39567	177.364	
5.97705	0.0650237	3.14159	-23.7117	-1.17315	196.864	
2.44135	0.126739	3.14159	83.2048	12.1068	178.277	
0.189877	0.172668	0	-34.6017	4.52562	11.5669	
6.45907	0.05661	3.14159	-58.4541	2.60017	193.181	
1.67143	0.140179	3.14159	97.6107	-7.42308	243.533	
0.0953398	0.171018	0	-33.1035	-14.093	7.64024	
0.273304	0.164583	3.14159	29.2805	-0.594088	92.9164	
9.47759	0.334785	0	-3.47562	2.23338	262.756	
0.342425	0.17533	0	-42.5108	-21.4026	54.4171	
3.19976	0.113501	3.14159	-37.4659	-21.8793	188.897	
3.93095	0.100738	3.14159	10.0915	-4.75366	136.399	
0.229402	0.165349	3.14159	13.3299	46.8068	50.2414	
2.70271	0.122177	3.14159	-20.5737	7.81451	172.362	
4.60956	0.249813	0	-5.75712	-11.5781	210.023	
0.220216	0.16551	3.14159	-90.4802	-87.2295	71.4697	
0.173728	0.172386	0	-72.7077	-47.3353	-7.32065	
5.11325	0.0801013	3.14159	-11.9406	-3.00174	176.462	
9.7474	0.339495	0	26.6183	0.263103	238.429	
0.0642109	0.168233	3.14159	-15.8849	3.97358	42.0184	
5.06352	0.0809693	3.14159	8.33718	0.256453	115.566	
4.39008	0.0927243	3.14159	46.6287	3.41311	217.736	
0.175611	0.166288	3.14159	35.2526	-9.64559	4.61339	
3.59729	0.106562	3.14159	-7.15411	3.30183	199.115	
3.98821	0.238968	0	70.5903	10.621	166.295	
0.34837	0.163273	3.14159	7.41019	-26.0997	67.2425	
5.63403	0.267696	0	-40.9125	-0.286959	193.029	
5.61071	0.267289	0	-21.0897	-4.14648	216.418	
5.00471	0.0819958	3.14159	-26.0443	8.66301	163.547	
0.931977	0.153086	3.14159	-2.98407	4.44318	263.903	
4.21738	0.0957388	3.14159	-54.0363	5.19219	169.501	
0.128308	0.167114	3.14159	-70.8844	-66.8327	-4.55724	
6.88992	0.0490894	3.14159	-4.08271	10.6147	204.912	
0.287074	0.164342	3.14159	102.626	49.2114	-77.8252	
6.73501	0.286913	0	-9.73161	1.7454	226.273	
5.29844	0.0768688	3.14159	39.047	10.4662	160.439	
5.85593	0.271569	0	9.70827	-7.19181	191.156	
0.0673248	0.168178	3.14159	72.4113	157.294	33.6293	
0.141442	0.171822	0	3.09607	-3.01843	55.0022	
3.30913	0.111592	3.14159	-13.9957	-4.46922	174.455	
0.340651	0.175299	0	-12.8701	-10.2894	73.0732	
4.97391	0.0825335	3.14159	24.6178	0.821737	167.721	
7.66557	0.303156	0	-25.9618	-4.41584	183.852	
0.05009	0.170228	0	36.8497	32.4696	19.2685	
16.1779	0.451739	0	-33.4089	-6.0863	232.843	
0.213555	0.165626	3.14159	-101.343	-34.3277	2.79359	
3.74715	0.103947	3.14159	-1.50754	6.43132	172.583	
5.90517	0.272429	0	32.455	-0.639205	150.935	
13.2626	0.400852	0	-17.424	-0.944099	236.201	
2.33058	0.128673	3.14159	50.0842	-10.9749	204.897	
0.109178	0.167448	3.14159	-41.9692	-36.5438	53.7805	
0.124867	0.171533	0	14.2125	-40.0317	42.8182	
11.1461	0.36391	0	32.2025	-6.90023	187.364	
2.30886	0.129052	3.14159	77.1616	10.8251	169.753	
0.527034	0.160154	3.14159	-27.4125	-3.44763	37.5334	
3.71072	0.104582	3.14159	-23.089	7.01345	197.528	
0.17867	0.172472	0	-83.1192	-89.2902	19.552	
22.4141	0.560594	0	-25.5709	-0.934028	220.633	
9.87984	0.341807	0	10.4238	6.12612	179.205	
16.3068	0.45399	0	25.7515	-2.03128	235.511	
1.65247	0.140509	3.14159	23.4503	-5.35562	224.036	
5.28771	0.077056	3.14159	22.8439	-11.2701	183.484	
14.2625	0.418306	0	10.7133	6.11922	204.851	
0.239731	0.173538	0	64.1876	62.8319	77.7947	
8.38504	0.315715	0	26.7455	2.10822	215.195	
4.78239	0.0858765	3.14159	49.6409	7.39875	190.331	
10.6542	0.355323	0	7.04273	0.490283	206.506	
0.0754624	0.168036	3.14159	-18.9322	28.5084	21.7243	
3.49466	0.108354	3.14159	-7.34124	-6.95717	198.914	
6.68245	0.0527108	3.14159	22.2827	-5.26161	210.616	
2.49279	0.125842	3.14159	-8.01725	-2.94232	206.513	
6.28069	0.0597235	3.14159	-23.1404	3.08841	150.048	
0.0935458	0.167721	3.14159	-10.619	-10.087	20.2089	
1.77617	0.200357	0	3.54016	6.65962	169.641	
0.213127	0.173074	0	-27.0416	-56.8504	56.8584	
4.05918	0.0985001	3.14159	-12.7737	-4.40772	169.788	
0.154382	0.166659	3.14159	8.87414	38.1315	62.9714	
6.11269	0.062656	3.14159	-46.5841	-6.78872	170.374	
4.49037	0.0909736	3.14159	14.7897	-5.08352	195.097	
4.12211	0.0974018	3.14159	14.4633	-5.55399	217.554	
8.61014	0.319644	0	0.139581	0.248441	199.672	
3.96628	0.100122	3.14159	11.6182	-13.9286	229.924	
6.01636	0.274369	0	-5.78951	-1.36029	199.04	
12.6698	0.390506	0	-9.75501	2.69683	227.91	
0.286847	0.164346	3.14159	-84.9341	-43.8195	39.252	
4.96425	0.0827021	3.14159	19.777	9.48678	208.408	
1.21396	0.148164	3.14159	39.384	-9.18862	146.637	
5.10964	0.0801642	3.14159	36.7079	-4.09489	171.725	
0.0668953	0.170521	0	28.5122	-44.7065	24.9365	
22.7016	0.565611	0	-16.2731	-5.57061	228.673	
0.180485	0.166203	3.14159	-39.4448	-49.2397	33.9339	
0.164127	0.172218	0	50.1151	45.2813	28.2906	
4.31584	0.0940201	3.14159	-10.8598	-1.09086	194.323	
0.291285	0.164269	3.14159	-42.0963	-50.8845	3.80075	
3.60818	0.106372	3.14159	33.7019	-15.1296	148.618	
0.426709	0.176802	0	62.3734	12.5499	65.2446	
3.34961	0.110886	3.14159	-24.2533	-0.533832	199.417	
0.0762726	0.168022	3.14159	-47.8507	-76.2221	25.8427	
3.30667	0.111635	3.14159	-38.7472	6.1322	155.499	
3.45638	0.229685	0	21.6687	-2.54229	207.269	
6.22346	0.0607224	3.14159	-15.0982	10.108	211.176	
16.3048	0.453955	0	-0.141473	-2.36636	256.432	
1.80044	0.20078	0	-9.53561	-4.07391	188.642	
9.12695	0.328665	0	53.1223	-7.60299	224.38	
0.306475	0.164004	3.14159	-10.8972	26.1196	35.5558	
0.103195	0.167552	3.14159	-24.3368	-32.9278	33.1578	
15.5731	0.441182	0	16.3676	0.286448	222.67	
0.253217	0.164933	3.14159	-64.7157	-40.8973	38.2906	
2.55014	0.213866	0	-75.4265	1.90846	167.884	
16.1468	0.451197	0	50.2288	-7.07768	238.22	
3.35585	0.110777	3.14159	15.8876	16.3445	187.067	
6.77372	0.0511177	3.14159	29.5667	-2.52923	197.916	
4.85587	0.254113	0	10.3701	9.38985	201.073	
5.76403	0.0687418	3.14159	-8.1386	-6.51868	209.936	
0.594359	0.158979	3.14159	38.7352	0.215295	45.2341	
6.0139	0.0643804	3.14159	0.586998	11.2732	180.073	
0.140337	0.166904	3.14159	-70.6839	-85.9079	42.2701	
11.3153	0.366863	0	-65.5583	6.88643	232.206	
9.37556	0.333004	0	1.66219	14.3155	203.878	
2.20924	0.130791	3.14159	33.3015	2.01021	191.193	
3.92721	0.100804	3.14159	41.8837	9.90039	173.374	
0.343833	0.175355	0	98.5658	42.2672	-57.4584	
7.53772	0.300925	0	9.86445	-0.598073	205.269	
5.19481	0.0786776	3.14159	26.5218	0.704535	189.067	
3.29144	0.111901	3.14159	0.133676	-13.8804	191.329	
0.246312	0.165054	3.14159	-67.9745	-62.6837	55.7956	
3.46804	0.108819	3.14159	-7.32011	4.63535	183.177	
3.94406	0.238197	0	26.4238	15.8611	166.908	
0.0440551	0.168584	3.14159	12.4487	-111.898	-9.86875	
0.379228	0.175973	0	96.5252	46.9551	-12.997	
9.95196	0.343065	0	12.1653	1.52194	191.394	
4.03356	0.0989473	3.14159	35.9903	-8.14806	176.846	
0.801669	0.15536	3.14159	8.74751	18.5395	182.176	
3.9994	0.0995435	3.14159	-15.2412	-5.52294	197.272	
4.57762	0.0894508	3.14159	23.5258	2.50728	212.268	
8.18816	0.312278	0	-27.7205	0.642417	223.732	
11.5378	0.370746	0	-0.789589	1.85563	256.741	
3.78651	0.10326	3.14159	20.2109	12.117	153.653	
0.131984	0.171657	0	-92.4803	-80.6038	70.2914	
4.93303	0.083247	3.14159	-5.65852	12.5483	170.523	
0.190272	0.166032	3.14159	3.08697	21.897	53.4682	
2.07794	0.133083	3.14159	23.6126	-3.8242	208.606	
1.7129	0.199252	0	14.4838	-8.67486	184.11	
0.0292423	0.168843	3.14159	34.8668	-59.2203	27.8018	
1.65255	0.140508	3.14159	49.4671	7.48732	202.259	
3.08466	0.11551	3.14159	8.87688	0.374822	186.665	
5.38088	0.0754297	3.14159	5.09343	-7.99959	207.066	
4.56231	0.089718	3.14159	5.33859	-3.27449	173.14	
6.02408	0.274504	0	15.9091	1.07092	224.312	
5.78015	0.0684606	3.14159	9.99159	-3.76212	198.892	
14.5258	0.422902	0	-20.8743	-4.47078	273.045	
13.1848	0.399495	0	-57.2832	9.96862	227.389	
0.205897	0.165759	3.14159	-97.6546	-71.8045	97.7182	
9.58815	0.336715	0	26.5933	1.85735	193.953	
1.9546	0.135236	3.14159	61.8538	-2.89685	227.581	
14.4296	0.421223	0	24.6203	10.3076	251.692	
4.57993	0.249296	0	16.9547	4.90163	187.718	
5.84926	0.0672542	3.14159	0.953375	-6.76534	171.965	
5.17157	0.0790834	3.14159	32.3211	-7.20824	187.408	
4.05419	0.24012	0	42.1674	6.60206	184.941	
10.1608	0.346711	0	24.9446	4.52404	200.078	
1.35709	0.145665	3.14159	-70.8549	-4.68788	253.162	
0.0641516	0.170473	0	7.20056	-25.5564	-5.52531	
0.0876452	0.167824	3.14159	47.247	38.0151	-1.21858	
4.96514	0.25602	0	-22.7952	2.64648	171.692	
11.38	0.367992	0	-34.8687	-1.0703	228.441	
2.54521	0.21378	0	-20.5088	-8.76651	205.146	
22.7501	0.566458	0	44.3503	-3.46737	230.996	
8.66045	0.320522	0	-8.5205	-2.22214	208.422	
0.338515	0.163445	3.14159	-41.4536	-43.8694	-42.6987	
3.7349	0.104161	3.14159	47.5507	3.42811	181.183	
0.126022	0.171553	0	12.092	12.2286	-6.87825	
2.9152	0.220238	0	-18.0384	-14.05	191.064	
0.138866	0.171777	0	-96.05	-149.824	53.2788	
15.9245	0.447316	0	3.56666	-7.92399	220.434	
0.0966188	0.17104	0	7.05162	-49.4849	-52.2437	
2.2832	0.1295	3.14159	41.8582	-4.93087	188.56	
2.08018	0.205663	0	43.1889	-11.7752	183.624	
11.6589	0.37286	0	-11.3615	6.75418	241.885	
8.03537	0.309611	0	-27.2819	2.93244	187.872	
3.00729	0.116861	3.14159	10.0505	-0.308119	215.973	
0.116527	0.171387	0	96.1787	101.795	26.0225	
0.173028	0.172374	0	54.9751	13.3101	-39.2411	
0.398195	0.176304	0	33.5392	28.9683	68.4296	
3.02531	0.116546	3.14159	34.1028	1.30589	170.002	
0.287407	0.17437	0	-30.5639	-10.9925	-78.3575	
2.49569	0.125791	3.14159	56.3465	-14.5292	221.806	
0.0509757	0.168464	3.14159	-10.8495	-7.17501	14.034	
2.03976	0.133749	3.14159	-74.6256	-23.0002	238.382	
4.40148	0.0925253	3.14159	-46.4376	-14.9791	179.522	
0.370092	0.162893	3.14159	53.189	43.7983	56.2615	
2.1178	0.132387	3.14159	49.4228	11.0762	243.726	
15.9743	0.448186	0	5.62599	-7.05736	243.275	
19.1433	0.5035	0	-41.7174	3.89624	201.988	
6.74613	0.287108	0	-59.9269	-2.06778	191.693	
1.0743	0.188105	0	59.6635	4.97533	92.004	
12.9665	0.395684	0	-20.5866	-0.238121	223.007	
8.77098	0.322451	0	-18.4194	-7.93629	259.429	
5.96155	0.273413	0	15.5067	-7.92892	182.966	
0.177201	0.16626	3.14159	13.5357	-23.3773	39.9518	
4.27661	0.244002	0	-2.1437	-13.6867	176.179	
0.395902	0.176264	0	18.8455	21.3656	44.8238	
9.41673	0.333723	0	-11.9201	-11.0983	192.455	
0.21989	0.165515	3.14159	73.8459	32.8896	39.1334	
0.228108	0.165372	3.14159	-196.743	-184.512	-77.1407	
11.3259	0.367048	0	42.1073	-2.72366	207.041	
1.63736	0.140773	3.14159	63.4121	7.74872	217.225	
0.241953	0.173577	0	-5.24872	13.892	67.54	
12.1203	0.380914	0	-13.9212	2.59084	236.131	
6.07319	0.0633455	3.14159	13.4455	2.72349	169.426	
0.181689	0.172525	0	-9.90167	-31.846	-36.6918	
13.9967	0.413666	0	27.1932	-0.624489	221.291	
2.30774	0.129072	3.14159	16.8756	-8.13898	168.102	
5.39859	0.0751206	3.14159	33.7259	-4.10485	206.34	
0.0566903	0.170343	0	82.4228	110.549	-9.08974	
4.7008	0.0873007	3.14159	54.6773	7.99014	152.289	
0.410757	0.176523	0	43.2549	0.418303	11.704	
6.73818	0.0517381	3.14159	-21.3405	9.18914	180.609	
11.9155	0.377339	0	-2.74309	-2.65216	236.834	
17.092	0.467695	0	2.28173	-4.84596	222.651	
0.253045	0.17377	0	50.432	45.198	85.0824	
15.6286	0.442152	0	-20.7332	3.02918	218.927	
6.2138	0.277816	0	-2.64812	-2.49641	240.322	
11.4393	0.369027	0	4.92047	4.29967	203.117	
4.72067	0.0869538	3.14159	7.22269	2.83143	200.312	
17.7759	0.479632	0	5.67634	12.4265	254.773	
3.55129	0.231341	0	-20.9807	-2.63181	203.568	
1.83517	0.13732	3.14159	2.93659	1.18234	238.466	
6.12086	0.276193	0	33.9419	2.61012	222.407	
0.162628	0.166515	3.14159	-42.9287	-19.0215	19.1999	
3.01265	0.116767	3.14159	31.566	3.02457	165.262	
2.21762	0.130645	3.14159	16.0981	-9.10167	195.27	
0.228816	0.173347	0	-52.5808	-82.851	77.0917	
7.07029	0.292766	0	27.0658	8.05511	166.524	
2.73429	0.217081	0	6.54762	10.388	220.462	
2.38781	0.211033	0	-34.6225	11.3301	196.37	
0.246636	0.165048	3.14159	126.431	98.3643	-31.7972	
5.76526	0.0687204	3.14159	10.9334	-5.31377	161.156	
3.69481	0.233847	0	-31.0534	5.22223	176.814	
7.12285	0.293683	0	22.5195	4.57425	230.417	
11.691	0.373421	0	-16.8328	-7.59433	223.928	
13.1735	0.399298	0	-21.9654	4.40098	231.383	
6.24708	0.278397	0	2.27898	-6.51376	205.593	
3.08212	0.115555	3.14159	-29.2309	8.0174	197.033	
2.68317	0.122519	3.14159	-39.4707	-3.52897	203.687	
3.14314	0.11449	3.14159	22.5982	8.40886	173.858	
3.73593	0.234564	0	42.9343	-11.4104	226.248	
0.28836	0.174387	0	-35.2777	-12.773	57.7532	
2.1882	0.131158	3.14159	41.8566	18.4797	159.363	
11.3912	0.368188	0	-1.10737	-2.87432	204.573	
0.230463	0.165331	3.14159	-24.5537	-17.5797	-6.04477	
0.135248	0.166993	3.14159	108.632	111.529	59.0673	
0.50917	0.178241	0	-31.171	-16.7823	66.6344	
5.80296	0.270644	0	-57.3462	10.3288	198.508	
0.30836	0.163971	3.14159	82.8004	62.8662	59.4638	
5.19328	0.0787044	3.14159	6.08627	0.891815	187.638	
5.63338	0.0710224	3.14159	-17.7461	2.35599	203.096	
3.54704	0.10744	3.14159	22.4124	2.54987	202.97	
2.17026	0.131471	3.14159	73.9075	7.22867	223.502	
1.11169	0.188758	0	-68.7164	-1.59147	120.786	
2.28528	0.209243	0	-5.30277	6.3321	212.972	
2.72995	0.121702	3.14159	-49.1622	-4.53224	191.309	
2.35948	0.210538	0	14.0911	15.9086	245.048	
2.51736	0.125413	3.14159	-69.7905	15.4937	176.657	
5.1507	0.259259	0	31.1664	-11.8292	184.388	
16.3563	0.454854	0	37.4012	-3.93385	215.117	
7.30633	0.296886	0	-30.0047	-7.8957	221.398	
5.76503	0.0687245	3.14159	12.7495	-3.74595	195.615	
13.6151	0.407006	0	-8.35598	-9.52195	259.265	
3.2736	0.112212	3.14159	5.90966	1.48583	179.809	
6.64044	0.285263	0	5.4392	-2.73702	132.591	
1.41174	0.144711	3.14159	-1.95996	-5.16987	162.757	
0.300061	0.174591	0	56.4527	40.3712	82.3206	
2.47784	0.126103	3.14159	14.0791	11.4975	201.781	
0.227696	0.165379	3.14159	66.821	44.1497	8.29928	
4.70457	0.0872349	3.14159	34.3763	-0.22782	205.101	
13.553	0.405922	0	14.7771	3.28386	236.507	
2.09038	0.205841	0	-4.97547	-6.63475	223.272	
5.73817	0.0691933	3.14159	22.3522	6.8774	209.556	
1.77607	0.138352	3.14159	7.88943	-7.16687	205.238	
2.90532	0.118641	3.14159	24.1561	-9.62459	194.336	
0.220346	0.1732	0	-53.0606	-66.2345	13.344	
2.76534	0.121084	3.14159	21.3352	4.52765	175.708	
7.46814	0.29971	0	16.6149	3.05911	213.999	
3.02458	0.222148	0	15.4455	-0.267996	211.59	
3.57871	0.106887	3.14159	-60.9049	18.5966	226.214	
7.65649	0.302998	0	20.6821	0.611352	153.165	
13.3018	0.401538	0	-26.0853	7.23994	260.88	
2.63448	0.123368	3.14159	60.5906	17.8126	151.946	
2.91708	0.220271	0	14.1897	-0.376615	223.317	
9.65887	0.33795	0	-39.3715	-2.05581	198.352	
0.0641617	0.170473	0	-36.1113	32.7587	-34.6662	
16.9682	0.465535	0	3.46639	9.01551	253.963	
5.02807	0.257119	0	-28.823	-12.8822	217.863	
3.26474	0.112367	3.14159	31.3375	-11.5423	216.668	
2.5023	0.213031	0	60.9642	-1.1925	220.244	
4.05786	0.0985231	3.14159	-7.79178	6.00671	143.956	
7.2651	0.296166	0	21.4301	-4.75206	207.349	
0.100828	0.171113	0	-40.6332	-58.9092	-29.926	
0.348194	0.175431	0	-30.6577	-29.1099	74.7946	
18.4187	0.490854	0	-22.3248	5.92178	252.797	
6.41525	0.0573748	3.14159	-23.0502	4.36003	193.738	
4.29305	0.094418	3.14159	53.823	-1.91318	166.996	
4.05959	0.098493	3.14159	-18.5477	5.20689	174.601	
0.503915	0.160558	3.14159	4.28446	12.7973	70.6917	
9.96633	0.343316	0	-13.2465	1.94327	233.291	
2.23675	0.208396	0	40.5042	1.38296	176.932	
1.98383	0.134726	3.14159	-91.7172	-10.7554	183.33	
15.9518	0.447793	0	-0.432082	-7.55524	215.998	
0.290401	0.164284	3.14159	119.286	52.0237	91.061	
4.33417	0.245007	0	-1.67286	4.94824	182.953	
0.186589	0.166096	3.14159	78.3816	59.904	-12.0114	
0.102365	0.17114	0	88.0135	154.661	-15.3555	
3.77082	0.103533	3.14159	1.72375	-4.10174	184.663	
1.86073	0.136874	3.14159	15.4938	-12.0823	234.328	
0.214715	0.173101	0	-96.7652	-48.0657	17.1676	
0.163667	0.17221	0	-16.5305	-11.74	67.7331	
4.20018	0.096039	3.14159	-44.9896	-4.19952	216.819	
4.48044	0.091147	3.14159	-3.4854	-8.28329	180.515	
3.37271	0.110482	3.14159	9.29234	8.01627	158.466	
9.89115	0.342004	0	12.8917	5.61934	191.492	
4.62465	0.250077	0	15.6364	16.7785	158.491	
0.479184	0.160989	3.14159	82.747	34.7718	23.664	
15.9331	0.447467	0	17.1869	-1.21601	236.129	
7.00717	0.291664	0	3.20362	1.2418	204.671	
0.124255	0.171522	0	-0.117729	29.1696	39.569	
13.2393	0.400445	0	-24.666	0.746605	190.538	
0.212402	0.173061	0	-11.7473	-19.1494	90.2498	
10.4284	0.351381	0	-17.1608	4.84606	223.603	
1.55264	0.196455	0	-0.599025	-2.65233	196.837	
4.0924	0.0979202	3.14159	2.97286	-8.71222	215.029	
18.7526	0.496682	0	-6.38877	1.44643	263.064	
16.8515	0.463497	0	17.0772	-3.61458	241.662	
0.158836	0.166581	3.14159	39.857	61.4607	62.2062	
11.3213	0.366968	0	-35.5234	3.51517	190.42	
14.1307	0.416006	0	-0.498699	5.19473	215.472	
0.364194	0.162996	3.14159	-14.4828	-19.529	15.1987	
0.247919	0.165026	3.14159	12.848	-10.8027	0.622331	
2.4497	0.212113	0	-4.63863	-4.06357	224.486	
0.462946	0.177434	0	-133.344	-50.3324	55.1926	
9.00892	0.326605	0	-6.9912	10.6043	256.085	
1.55184	0.142266	3.14159	-18.6955	14.755	226.765	
4.39061	0.245992	0	36.8135	-1.71238	190.191	
2.29863	0.129231	3.14159	2.23691	7.14754	159.701	
0.0952913	0.171017	0	-58.2568	-117.257	14.186	
2.66863	0.122772	3.14159	31.1067	17.8079	194.075	
4.33869	0.0936212	3.14159	-48.5257	0.267375	171.995	
0.108163	0.171241	0	17.456	-6.03887	45.5954	
1.28299	0.146959	3.14159	18.4013	4.53704	142.096	
5.58817	0.0718115	3.14159	-23.4789	11.7345	226.931	
2.26162	0.20883	0	-64.3475	-1.4501	162.9	
2.59802	0.124005	3.14159	18.2119	4.92418	186.646	
16.6567	0.460098	0	-35.6806	-6.89801	216.449	
13.7608	0.409549	0	39.9459	6.61046	249.669	
3.70059	0.233947	0	-70.0947	-0.516678	215.522	
17.1512	0.468729	0	-16.9216	-5.32878	230.657	
1.72708	0.1995	0	20.0385	13.4312	221.959	
2.59769	0.124011	3.14159	42.9297	-9.18156	171.889	
2.78059	0.120818	3.14159	-16.2096	0.0302375	173.382	
0.225868	0.165411	3.14159	17.8991	65.0614	48.2507	
10.1494	0.346513	0	18.6587	-13.2631	231.771	
8.33059	0.314764	0	-12.3681	-1.37629	184.381	
12.8512	0.393672	0	-2.01949	4.70229	243.508	
20.9273	0.534641	0	34.4264	13.2906	216.237	
0.313669	0.174829	0	-12.0718	-26.5595	80.5025	
0.439886	0.161675	3.14159	111.145	50.42	9.46263	
3.69824	0.1048	3.14159	-7.38393	7.75246	192.409	
5.70579	0.0697585	3.14159	-23.1069	-12.3546	160.722	
1.44473	0.144135	3.14159	90.0398	4.37066	171.374	
4.04801	0.0986952	3.14159	11.4569	3.38124	203.247	
6.24513	0.278363	0	-40.5371	-5.39256	166.808	
3.3967	0.110064	3.14159	-22.0249	-2.58088	190.394	
0.0897723	0.17092	0	-1.30624	36.8159	-12.0432	
0.112109	0.167397	3.14159	48.2211	103.734	-45.5907	
6.04984	0.0637531	3.14159	8.67729	-0.335154	190.463	
3.01387	0.116746	3.14159	-64.9238	-9.60549	182.449	
0.349276	0.17545	0	-24.3275	-14.5723	91.894	
3.13982	0.114548	3.14159	-13.2049	-0.088973	202.099	
8.04508	0.309781	0	45.8331	-3.06253	195.217	
7.10646	0.0453097	3.14159	37.6697	8.46967	220.752	
0.0674922	0.168175	3.14159	57.379	98.4028	-34.8868	
2.35637	0.128223	3.14159	42.6496	-8.03928	208.675	
3.28915	0.226766	0	-66.8772	-4.45715	201.862	
3.61038	0.106334	3.14159	9.62068	-15.2471	199.553	
2.1566	0.13171	3.14159	-43.8737	0.987313	187.713	
0.198876	0.172825	0	33.6657	48.9574	84.5503	
3.79617	0.103091	3.14159	3.79737	-6.69793	188.02	
4.34612	0.0934916	3.14159	8.40329	5.61714	191.679	
0.369879	0.17581	0	-46.409	-17.0074	77.1874	
0.133933	0.167016	3.14159	51.89	10.7223	42.445	
8.58945	0.319283	0	-36.5694	6.38615	208.015	
3.14003	0.114544	3.14159	14.9313	-19.9014	146.937	
0.527008	0.178552	0	-32.3237	-19.7665	57.7904	
17.0532	0.467017	0	35.7902	5.8253	284.961	
10.337	0.349787	0	-18.5922	7.0141	226.454	
0.201485	0.17287	0	62.0319	108.954	8.31064	
4.65447	0.250597	0	-0.664957	-9.20228	206.871	
4.05977	0.240217	0	-7.06268	12.0325	193.012	
2.19381	0.13106	3.14159	61.9056	-11.9398	222.326	
12.1433	0.381315	0	3.43259	5.8102	235.55	
3.84353	0.102264	3.14159	-42.2295	-3.32048	164.249	
3.5205	0.107903	3.14159	-22.705	7.04427	185.866	
4.49643	0.0908679	3.14159	2.51408	-9.1903	196.481	
0.247607	0.165031	3.14159	-109.88	-74.9117	67.5066	
1.34916	0.145804	3.14159	-31.3854	-12.6443	192.482	
2.48007	0.126064	3.14159	-13.5553	-3.25574	215.752	
2.01114	0.134249	3.14159	8.85538	15.816	196.248	
0.332675	0.17516	0	-122.322	-71.356	98.8572	
0.530038	0.160102	3.14159	86.4995	18.8289	208.076	
0.0468799	0.170172	0	35.8506	117.463	-5.44142	
3.15857	0.11422	3.14159	42.1409	16.857	159.042	
1.96567	0.135042	3.14159	6.16853	2.51916	184.935	
3.52626	0.230904	0	50.6504	6.25674	204.417	
5.90257	0.0663237	3.14159	-47.5022	7.53695	152.957	
2.3321	0.128646	3.14159	12.9305	8.77243	190.744	
0.520886	0.160261	3.14159	-57.831	-15.6203	95.534	
0.0578501	0.170363	0	33.319	100.107	9.28919	
2.42644	0.127	3.14159	-1.28807	2.27293	212.179	
7.57155	0.301515	0	-7.0287	0.200854	187.416	
17.3193	0.471663	0	-11.6953	-0.00408221	236.591	
7.09485	0.293195	0	8.44627	7.33688	208.284	
6.04812	0.274924	0	-60.3054	1.48357	215.556	
3.27479	0.112192	3.14159	-46.3636	17.9259	161.637	
13.7013	0.408511	0	79.1296	-10.136	198.241	
3.76211	0.103685	3.14159	6.65357	9.64953	201.581	
0.115066	0.167345	3.14159	-45.0195	-79.9798	64.6662	
1.83359	0.137348	3.14159	-59.5489	-4.25434	193.376	
2.40081	0.127447	3.14159	-10.2878	-5.55217	216.874	
5.08565	0.080583	3.14159	-2.17248	4.6047	215.19	
0.607789	0.158744	3.14159	99.1943	36.9521	35.6832	
15.6597	0.442694	0	-51.187	-4.53354	246.201	
0.251714	0.16496	3.14159	134.292	68.7372	59.7159	
4.6965	0.0873757	3.14159	-39.0773	6.84507	161.682	
4.14954	0.096923	3.14159	51.7569	-4.43476	172.633	
10.2379	0.348057	0	6.29158	7.32369	189.676	
2.79345	0.120594	3.14159	49.787	7.25359	211.575	
3.39816	0.110038	3.14159	-28.1021	13.5052	189.37	
0.149717	0.16674	3.14159	-21.9915	16.2693	-19.3878	
7.45621	0.0392048	3.14159	6.35443	-1.6728	221.747	
2.80772	0.218362	0	-6.99943	-1.76396	137.223	
4.70961	0.25156	0	6.28245	-4.45152	224.824	
2.64996	0.123098	3.14159	-8.62186	21.8159	199.507	
0.246276	0.173652	0	-45.1377	23.6532	46.3138	
16.7005	0.460862	0	-1.13673	-4.96149	231.741	
0.120022	0.171448	0	46.9339	112.867	-10.476	
18.7974	0.497463	0	2.9564	0.912786	226.247	
0.209579	0.173012	0	-84.3974	-46.2155	74.191	
4.62649	0.0885976	3.14159	25.8803	-12.4508	158.663	
2.93073	0.118197	3.14159	16.6749	0.32835	184.804	
15.6489	0.442506	0	14.2112	-7.15781	227.417	
1.9321	0.135628	3.14159	-35.2188	9.66412	170.223	
3.41169	0.228905	0	-11.0609	-5.35735	197.792	
6.39804	0.281032	0	-2.41352	4.19313	187.919	
0.188323	0.166066	3.14159	78.8294	90.9227	-61.0243	
1.86762	0.136754	3.14159	-20.7945	12.6212	183.067	
0.137189	0.171748	0	-38.0893	24.5442	9.91199	
4.03889	0.239852	0	42.2251	-5.97948	183.611	
3.75257	0.103852	3.14159	-15.8419	3.24505	186.738	
15.6085	0.441801	0	-24.2131	-3.50402	261.56	
8.51755	0.318028	0	-6.92134	-2.59183	200.181	
0.253097	0.164936	3.14159	-137.69	-56.7281	-77.1088	
0.140543	0.1669	3.14159	96.3108	120.764	-16.2737	
1.21334	0.148174	3.14159	36.2629	-0.427469	253.205	
3.15108	0.114351	3.14159	19.2487	-3.78964	179.277	
4.39047	0.245989	0	-43.2086	-1.90274	205.151	
4.98627	0.256389	0	50.6023	-8.79309	211.742	
0.186332	0.172606	0	-46.2391	-77.485	16.0586	
8.31628	0.314515	0	-8.85679	-0.706902	203.299	
11.9416	0.377796	0	-4.04525	1.458	191.785	
3.61208	0.106304	3.14159	-50.9985	8.59992	152.54	
8.8311	0.323501	0	-7.72429	-0.200355	236.418	
9.11811	0.328511	0	7.95138	9.40617	218.51	
4.80459	0.0854889	3.14159	-7.8311	18.6672	172.816	
0.0948172	0.171008	0	-36.4432	-71.8623	-3.45482	
0.724579	0.156706	3.14159	53.1245	21.2069	176.198	
12.9978	0.396231	0	40.6316	9.53289	227.962	
0.246148	0.17365	0	-76.3309	-40.1155	78.6752	
2.05175	0.13354	3.14159	-25.8394	5.26532	220.82	
6.23941	0.0604442	3.14159	-46.3925	6.82353	184.28	
16.1325	0.450946	0	-20.0617	6.38453	259.044	
0.186491	0.172609	0	2.55225	-37.4566	63.3607	
4.25114	0.0951495	3.14159	-14.2257	-3.17649	191.474	
0.0952866	0.171017	0	-20.7682	60.919	22.2414	
2.42716	0.126987	3.14159	-12.6422	7.06398	188.425	
3.99268	0.0996609	3.14159	-23.7825	-0.631495	208.908	
3.64789	0.105679	3.14159	39.9782	7.29948	185.371	
4.09487	0.0978771	3.14159	-11.0571	-4.23311	187.539	
0.0365695	0.168715	3.14159	-38.4112	22.192	22.073	
2.97993	0.117338	3.14159	14.1229	14.2881	183.848	
6.77898	0.287681	0	-8.43388	-5.09723	191.491	
2.35743	0.128204	3.14159	49.3107	-7.07204	219.421	
0.282998	0.164414	3.14159	-65.6053	-29.0348	83.2094	
18.2096	0.487204	0	-19.2624	-2.81079	211.786	
0.279287	0.164478	3.14159	15.644	-13.6417	61.5385	
0.5575	0.159622	3.14159	-33.9673	1.72186	135.215	
10.1347	0.346256	0	25.5308	1.51477	218.667	
0.224475	0.173272	0	10.7378	-12.0593	69.9979	
6.6547	0.285512	0	28.3691	-2.54587	179.89	
4.81648	0.0852813	3.14159	8.34398	6.0133	165.277	
0.0901715	0.167779	3.14159	-29.1442	1.38893	23.9717	
16.8294	0.463112	0	29.6935	-0.565299	224.731	
5.30316	0.26192	0	3.83025	7.73582	189.983	
0.0915985	0.170952	0	4.90275	-35.1371	49.1744	
0.386207	0.162612	3.14159	-90.2521	-24.9998	54.1596	
8.67423	0.320763	0	-19.4517	4.46233	202.672	
0.208171	0.172987	0	-114.629	-116.638	0.966943	
2.28703	0.129433	3.14159	-41.7939	9.1615	202.718	
3.9422	0.100542	3.14159	-56.4341	-4.06267	173.766	
9.62243	0.337314	0	-12.5147	7.33419	216.594	
3.62973	0.105996	3.14159	-4.57885	-9.14051	230.062	
3.14264	0.114498	3.14159	-54.635	10.4784	200.283	
2.34315	0.128454	3.14159	8.25296	13.7856	182.088	
0.116214	0.171382	0	2.21175	79.7857	0.528556	
4.90595	0.0837197	3.14159	40.5683	-25.994	219.682	
0.211177	0.165667	3.14159	34.3273	23.3467	88.684	
2.92422	0.118311	3.14159	-62.2565	5.69317	212.813	
8.20918	0.312645	0	-56.3159	-4.81111	204.207	
7.42184	0.0398046	3.14159	32.7169	-4.93609	204.19	
0.178643	0.172472	0	5.72136	1.16556	28.4122	
5.10076	0.258387	0	52.7199	-3.42461	165.721	
0.0793065	0.167969	3.14159	-41.5579	-66.8676	86.0411	
0.285197	0.174332	0	-54.4741	-63.2177	73.6222	
3.13787	0.114582	3.14159	2.72854	3.33478	219.872	
0.393222	0.16249	3.14159	8.66243	15.7873	25.1249	
1.64079	0.140713	3.14159	-40.6932	12.8239	194.057	
16.6825	0.460548	0	15.8062	-1.96545	215.324	
2.5733	0.124436	3.14159	52.2013	-0.7292	120.552	
3.11716	0.114943	3.14159	59.9871	-4.24629	187.702	
0.188676	0.172647	0	139.392	99.0941	51.7025	
10.301	0.349159	0	-11.6507	-14.4043	205.075	
0.0675678	0.170533	0	63.5019	28.4682	-6.49217	
15.7156	0.44367	0	-32.0723	-0.294865	246.249	
3.38633	0.110245	3.14159	32.7741	-6.38723	212.93	
9.37705	0.33303	0	-21.7932	7.61507	204.289	
0.215331	0.173112	0	156.758	91.6504	53.5237	
5.6907	0.0700218	3.14159	15.5956	1.8089	166.396	
2.46494	0.126328	3.14159	6.66829	13.8096	174.72	
6.67606	0.285884	0	-18.3339	-3.64128	237.903	
15.1773	0.434274	0	1.73999	-8.69524	237.955	
7.31056	0.29696	0	44.9614	-10.1472	217.55	
7.545	0.301052	0	-8.08935	-14.7387	193.938	
18.5951	0.493931	0	17.7724	0.206128	236.71	
12.864	0.393895	0	-16.9078	-9.00521	258.438	
0.305787	0.174691	0	10.785	48.8594	60.9672	
0.30455	0.174669	0	-138.879	-47.2856	1.5228	
0.281459	0.174266	0	92.5221	99.3943	26.0923	
3.75478	0.103814	3.14159	20.899	6.33688	184.143	
11.5131	0.370316	0	-32.0459	1.78919	213.219	
17.6613	0.477632	0	-40.7218	1.17985	245.114	
4.57112	0.249143	0	-30.1459	-0.378594	170.579	
1.5041	0.143099	3.14159	47.2084	-8.03088	166.361	
4.4844	0.0910778	3.14159	-25.8677	6.84081	217.427	
0.210673	0.165676	3.14159	-207.967	-201.139	5.19916	
0.34603	0.175393	0	5.96178	18.6858	82.7414	
0.302339	0.164076	3.14159	50.6067	17.1624	-53.947	
0.152179	0.166697	3.14159	-66.6912	6.3118	4.54342	
0.141534	0.166883	3.14159	-132.765	-120.66	41.804	
5.13003	0.258898	0	11.8216	17.412	206.331	
6.63329	0.0535688	3.14159	64.2367	4.34341	216.974	
0.298781	0.174569	0	142.951	79.3041	53.8586	
12.6875	0.390815	0	20.4683	9.49541	247.83	
6.69222	0.286167	0	-7.986	6.99793	182.914	
0.10895	0.171255	0	39.0945	47.6416	3.53391	
4.66699	0.0878907	3.14159	-45.2681	-9.70896	150.467	
0.303812	0.174656	0	105.873	59.698	94.2937	
0.261553	0.173919	0	11.0366	3.83259	-38.4189	
6.11268	0.276051	0	-18.3734	-4.50074	174.167	
3.4222	0.109619	3.14159	-29.7375	-11.5346	214.065	
12.613	0.389515	0	4.06713	4.51557	214.31	
0.133272	0.167027	3.14159	90.3449	73.0648	42.3622	
5.4362	0.0744642	3.14159	-3.3887	1.89134	192.642	
8.90191	0.324737	0	1.61124	-3.57869	214.121	
0.163802	0.172213	0	-49.6713	-24.3965	46.2905	
9.62625	0.33738	0	3.21572	9.42843	224.096	
0.315787	0.174865	0	70.9444	48.6786	54.0376	
5.42539	0.0746529	3.14159	19.852	-9.03835	192.393	
0.295503	0.174511	0	-42.5895	-5.52748	89.6847	
5.25703	0.261115	0	-18.5173	9.31765	154.158	
1.80298	0.137882	3.14159	-51.9845	-1.11733	155.451	
1.47269	0.143647	3.14159	62.9383	17.7606	189.192	
6.31724	0.279621	0	-25.8156	-6.61683	180.438	
4.74526	0.0865246	3.14159	-2.20306	8.25392	242.491	
0.162283	0.166521	3.14159	28.6603	18.4826	38.966	
0.188654	0.172646	0	72.4797	107.643	51.2741	
0.094499	0.167704	3.14159	-83.9298	-167.965	-28.203	
3.86543	0.101882	3.14159	-62.3358	5.4022	198.632	
6.29198	0.0595264	3.14159	-49.5122	5.7007	216.803	
2.58526	0.124227	3.14159	43.0534	0.93788	169.544	
14.8113	0.427886	0	-17.0784	7.19881	225.742	
4.82966	0.0850514	3.14159	16.6772	1.82714	172.583	
0.115441	0.171368	0	-31.7908	-20.7314	58.8362	
0.269693	0.164646	3.14159	108.715	26.68	22.4251	
3.31935	0.111414	3.14159	-31.0083	-16.2452	235.39	
0.0429552	0.170103	0	49.6718	145.358	41.4766	
3.71223	0.234151	0	8.49305	-12.3205	180.984	
0.0997794	0.167612	3.14159	-5.66781	-51.1176	-2.58636	
0.0575239	0.168349	3.14159	-45.5964	-170.741	0.32972	
1.84471	0.137154	3.14159	69.6388	1.36052	221.616	
18.5033	0.49233	0	-41.2161	7.69019	263.143	
4.84584	0.253938	0	-19.6811	-3.25397	190.946	
0.146691	0.171914	0	100.593	93.6076	71.7953	
2.9293	0.118222	3.14159	18.0082	-1.40984	209.571	
0.448716	0.161521	3.14159	-150.199	-50.6574	26.8679	
12.001	0.378832	0	-16.8553	0.0138081	207.877	
0.245214	0.173634	0	-25.4814	1.09744	-47.4582	
0.281264	0.164444	3.14159	-10.685	16.1032	85.1227	
0.0572305	0.168354	3.14159	54.4589	109.344	-7.6367	
3.24807	0.226049	0	-42.3828	-11.5046	149.646	
0.268976	0.164658	3.14159	-34.5141	-13.4984	89.3371	
0.0964552	0.171037	0	38.0119	48.9031	42.9362	
0.462718	0.161277	3.14159	-53.1871	-13.7157	42.7309	
12.4289	0.3863	0	10.4063	-2.27168	202.958	
1.60676	0.197399	0	-59.7772	-1.67295	219.184	
1.43997	0.144219	3.14159	-0.656042	-6.67951	162.752	
2.90516	0.220063	0	19.566	14.9476	178.849	
0.534637	0.178686	0	56.7922	6.03352	5.06858	
2.54783	0.124881	3.14159	-21.3996	-19.041	170.911	
17.9069	0.48192	0	19.0116	5.21681	223.134	
4.75826	0.252409	0	55.5687	-4.15579	159.726	
3.09397	0.115348	3.14159	-57.7044	1.50747	173.088	
9.84449	0.34119	0	-51.7423	-8.84118	186.456	
6.3907	0.0578033	3.14159	-5.76603	-14.2825	183.994	
18.6074	0.494148	0	11.1608	-1.68111	226.077	
2.21529	0.130685	3.14159	-26.6307	-3.67223	179.809	
16.307	0.453993	0	10.0557	-1.57723	264.047	
4.00618	0.0994252	3.14159	7.30693	-1.0829	164.359	
3.15775	0.114235	3.14159	-57.2261	-17.0036	213.128	
5.89895	0.0663868	3.14159	28.1185	-2.42501	179.495	
3.73457	0.104166	3.14159	-11.8874	1.21614	173.422	
2.647	0.12315	3.14159	24.6521	5.5435	159.456	
4.15031	0.0969095	3.14159	30.3971	16.8754	194.142	
7.81696	0.305799	0	-7.45997	-0.632044	185.96	
0.417468	0.162066	3.14159	123.587	27.2431	64.0162	
1.49682	0.143226	3.14159	-6.09872	-7.7631	209.964	
2.65913	0.122938	3.14159	-12.6182	26.1882	171.69	
4.96553	0.0826797	3.14159	-9.8868	-11.7068	195.876	
0.379223	0.175973	0	26.3134	-1.70258	33.0093	
4.90323	0.25494	0	27.0543	7.25232	168.353	
3.63709	0.105868	3.14159	30.6683	-8.22174	197.776	
0.271556	0.164613	3.14159	40.5585	-11.5527	65.2392	
4.02461	0.239603	0	13.3296	0.369256	163.224	
0.12748	0.171579	0	-11.2004	-39.6241	71.3106	
2.644	0.215505	0	-1.01896	-1.70133	171.788	
0.0355595	0.168733	3.14159	-7.97107	58.1553	-11.0361	
2.32128	0.128835	3.14159	23.8802	-8.68138	214.703	
1.44406	0.144147	3.14159	-4.76177	-8.62095	195.124	
0.131322	0.171646	0	-15.3085	-40.0446	86.6092	
15.1254	0.433369	0	26.969	5.90036	222.894	
0.666799	0.180992	0	-3.08762	-12.2932	29.8158	
15.7402	0.4441	0	54.1877	3.56312	220.792	
8.66097	0.320531	0	54.4349	3.06981	227.657	
3.00036	0.221725	0	-23.9476	9.79348	190.149	
7.0537	0.0462305	3.14159	38.9514	-5.60465	221.735	
0.460554	0.177392	0	76.8788	38.6276	83.9877	
0.148959	0.166753	3.14159	-59.9125	-38.7674	74.183	
0.381932	0.17602	0	-54.0883	-26.7168	82.1434	
0.178124	0.166244	3.14159	-3.92209	13.3702	69.2529	
0.393997	0.162476	3.14159	79.2197	49.3409	17.8497	
12.9099	0.394696	0	14.3208	0.22422	276.274	
12.2642	0.383425	0	-16.2044	-8.21963	235.411	
1.56754	0.141992	3.14159	-53.0114	-3.35019	206.875	
4.60129	0.0890376	3.14159	30.5408	5.32802	173.799	
7.22873	0.0431754	3.14159	3.23434	-3.51032	179.36	
6.83189	0.0501024	3.14159	2.15957	-1.31429	233.555	
1.80788	0.137797	3.14159	52.8329	8.2775	144.31	
4.38242	0.0928579	3.14159	38.7149	-9.56019	210.07	
0.391132	0.176181	0	-67.1149	-53.7184	40.7018	
4.37138	0.245656	0	18.2009	-6.5293	173.792	
3.14748	0.114414	3.14159	35.1213	-7.82559	164.403	
8.83346	0.323542	0	7.47262	5.02041	203.261	
14.4367	0.421348	0	-22.5903	-3.23904	231.441	
0.170293	0.172326	0	-85.1155	-118.687	-30.6375	
1.8489	0.137081	3.14159	29.1511	17.3383	208.622	
11.6156	0.372105	0	5.61783	-1.51491	184.622	
0.37601	0.175917	0	-137.354	-92.9269	59.2029	
1.64076	0.140714	3.14159	-17.6405	-5.04098	179.809	
1.94375	0.135425	3.14159	66.361	-11.5426	186.956	
0.369479	0.162904	3.14159	113.788	70.2694	39.934	
6.14226	0.0621398	3.14159	0.208315	-3.11734	163.731	
3.05966	0.115947	3.14159	31.1916	6.89929	191.963	
2.71807	0.121909	3.14159	19.6422	1.76184	208.862	
0.250156	0.164987	3.14159	33.9687	25.942	74.6201	
0.176066	0.16628	3.14159	-18.2266	-42.8999	74.7745	
2.39639	0.127524	3.14159	-37.4061	6.35792	216.688	
2.98017	0.117334	3.14159	-78.8916	-1.04214	171.527	
0.416632	0.162081	3.14159	81.7217	28.6528	76.5511	
12.2862	0.38381	0	-20.3064	0.343099	255.112	
2.1842	0.131228	3.14159	20.9743	-8.50712	236.918	
1.80211	0.137897	3.14159	-21.1874	-1.29045	241.544	
2.38453	0.127731	3.14159	51.0602	2.40373	214.189	
3.58129	0.231865	0	-37.8397	-0.778434	209.452	
0.0643016	0.170476	0	-36.9433	-134.621	56.6207	
4.15581	0.0968134	3.14159	-13.4717	-17.3676	198.771	
0.533146	0.178659	0	116.689	49.1889	51.927	
0.159996	0.166561	3.14159	-86.9461	-42.4009	46.6131	
1.58103	0.141756	3.14159	-4.2251	-17.3352	213.306	
9.85212	0.341323	0	0.536385	-4.25352	222.054	
4.13581	0.0971625	3.14159	52.1494	4.95495	177.422	
3.20249	0.225253	0	39.5691	8.0523	201.238	
0.0927083	0.167735	3.14159	12.5388	61.0857	12.5417	
6.89446	0.289697	0	69.2006	3.91522	221.637	
0.290942	0.174432	0	118.533	50.6065	80.7602	
5.91482	0.0661098	3.14159	-36.8583	11.8433	172.858	
0.333274	0.163536	3.14159	95.5149	40.6194	93.6603	
4.81603	0.0852893	3.14159	-52.772	-0.55141	188.948	
4.18491	0.242401	0	7.55562	4.73669	256.394	
0.340917	0.163403	3.14159	110.884	33.3534	28.5305	
3.93075	0.100742	3.14159	-7.49473	10.3221	155.228	
8.71892	0.321543	0	58.1594	-1.21712	211.917	
16.2054	0.45222	0	18.5375	0.196933	216.811	
4.47314	0.0912744	3.14159	-17.6401	10.4946	172.38	
1.24911	0.191157	0	69.2825	9.24647	149.242	
19.9726	0.517977	0	-6.7088	4.30672	244.688	
4.10326	0.0977307	3.14159	1.80733	-11.8964	185.622	
3.43393	0.109414	3.14159	-21.8939	-2.82596	183.097	
14.6109	0.424387	0	23.1249	3.12382	212.984	
0.105153	0.167518	3.14159	-1.2753	1.0897	-29.6581	
2.11665	0.132407	3.14159	4.53	0.262975	187.038	
0.306676	0.174706	0	35.0452	36.5577	0.496945	
3.2326	0.112928	3.14159	-41.5476	1.83174	195.162	
4.88505	0.0840846	3.14159	13.2492	1.55713	231.287	
0.344908	0.163333	3.14159	4.19617	-4.54082	80.8945	
0.252684	0.164943	3.14159	-137.639	-65.08	68.1936	
4.72997	0.0867914	3.14159	0.906734	-4.62116	211.44	
1.39898	0.144934	3.14159	1.0903	-15.9392	201.878	
6.39279	0.28094	0	43.6838	2.1699	197.996	
0.0741041	0.170647	0	-36.8068	-127.612	-43.7683	
4.65868	0.0880358	3.14159	40.4096	-4.05798	202.884	
4.16116	0.0967201	3.14159	-9.15636	-5.64016	174.939	
0.207585	0.172977	0	79.2923	53.4132	52.4462	
4.33222	0.0937342	3.14159	-27.6882	7.25467	173.613	
20.7741	0.531967	0	-13.8752	6.25313	221.801	
0.070048	0.170576	0	-26.2932	-133.434	22.7939	
10.0877	0.345434	0	-41.7191	-0.653471	181.644	
3.58644	0.106752	3.14159	-76.8241	-21.3058	181.757	
5.64908	0.267958	0	-22.6074	1.26979	208.65	
3.93672	0.100638	3.14159	-24.1886	6.72221	165.314	
5.05534	0.257595	0	-42.8805	-3.07055	211.973	
0.23192	0.165305	3.14159	-113.205	-75.2312	59.0199	
8.84941	0.32382	0	-0.86879	2.62635	209.968	
1.92634	0.135729	3.14159	-125.184	0.500526	188.156	
1.57502	0.141861	3.14159	27.1347	2.90633	175.391	
8.0242	0.309416	0	21.249	2.64557	164.344	
0.0472481	0.168529	3.14159	24.2875	9.36437	32.8038	
1.40742	0.144787	3.14159	-35.4279	-12.3291	178.415	
4.78636	0.2529	0	33.9162	-15.1551	202.384	
4.81162	0.0853663	3.14159	4.30327	-2.10142	200.902	
0.196747	0.172788	0	4.00043	24.0096	-1.46327	
0.485581	0.177829	0	58.7443	8.06486	13.4637	
0.138318	0.166939	3.14159	31.8384	13.815	-42.2006	
2.85853	0.119458	3.14159	-36.7689	-23.4542	204.73	
4.90657	0.0837088	3.14159	-1.76492	1.74875	159.003	
5.94241	0.0656282	3.14159	-18.0354	-0.460166	180.596	
2.63794	0.123308	3.14159	5.59807	19.1314	218.764	
6.85799	0.0496466	3.14159	-11.7873	-17.7886	159.419	
14.9237	0.429848	0	13.1097	3.65164	211.021	
4.21221	0.095829	3.14159	-7.97655	-12.1056	177.308	
2.24886	0.130099	3.14159	33.4158	6.25876	187.651	
5.51394	0.0731073	3.14159	-34.4515	-8.62304	184.86	
3.94122	0.238148	0	32.98	6.5419	211.764	
4.65837	0.250665	0	22.7881	-6.17705	164.744	
4.08483	0.0980524	3.14159	43.0392	8.93259	170.874	
5.41787	0.263923	0	47.187	3.09487	192.741	
2.98287	0.117287	3.14159	24.015	8.75033	187.511	
0.236901	0.173489	0	138.694	100.738	82.3853	
2.42077	0.127099	3.14159	-6.67486	-7.90937	194.051	
1.7825	0.13824	3.14159	27.7303	-7.24359	193.107	
0.222494	0.16547	3.14159	40.134	13.6311	40.4271	
10.5277	0.353115	0	-44.5054	-11.1249	205.393	
0.118824	0.167279	3.14159	75.3392	159.001	24.2962	
0.409646	0.176504	0	-15.0817	-28.9712	24.0753	
0.237322	0.165211	3.14159	-20.8118	31.2294	47.0547	
1.5737	0.141884	3.14159	-0.631605	-9.10246	149.778	
1.92772	0.135705	3.14159	-12.3165	-3.12842	213.659	
3.7837	0.235398	0	26.0828	6.79847	195.761	
4.05059	0.0986501	3.14159	-1.93025	-1.14133	198.851	
0.292912	0.174466	0	28.699	23.884	64.6923	
0.107952	0.167469	3.14159	22.8831	82.544	8.64424	
0.0134973	0.169118	3.14159	33.8005	80.0849	24.4152	
15.8368	0.445786	0	-15.7265	0.579127	213.962	
8.06844	0.310189	0	6.09959	-11.4941	197.289	
4.35516	0.0933338	3.14159	44.5473	-1.31241	197.678	
0.285365	0.164372	3.14159	-84.6557	-72.3664	-19.5033	
8.50856	0.317871	0	-0.853231	-7.5591	181.176	
1.66744	0.198459	0	-51.4567	-9.87621	242.239	
0.270428	0.164633	3.14159	67.6694	61.4121	54.6608	
5.74805	0.0690208	3.14159	-34.5833	18.8192	226.921	
5.12406	0.0799126	3.14159	-35.4372	-2.43346	189.094	
14.2411	0.417932	0	-22.1336	1.73048	207.78	
0.331079	0.175132	0	89.0408	44.9644	27.6836	
0.305221	0.174681	0	156.039	72.668	28.0047	
5.60856	0.0714557	3.14159	-11.3721	15.3589	211.569	
5.10354	0.0802707	3.14159	8.73181	3.39305	169.29	
0.247698	0.173677	0	-67.8814	-49.8491	78.6404	
3.16876	0.114042	3.14159	37.3802	-1.01831	188.434	
14.1698	0.416688	0	-17.5972	2.68292	225.151	
3.25107	0.112606	3.14159	15.2152	7.12757	139.881	
0.187891	0.166074	3.14159	67.9369	111.347	-7.63283	
1.36344	0.145555	3.14159	36.4554	4.3504	182.619	
5.42651	0.0746333	3.14159	71.0021	-2.33638	185.163	
4.11723	0.24122	0	5.61717	-7.14677	165.963	
4.41035	0.0923704	3.14159	-16.7419	-16.5091	210.175	
15.9001	0.446891	0	41.0684	6.33797	255.399	
2.79644	0.120541	3.14159	30.6951	-4.55396	174.528	
2.68727	0.122447	3.14159	-29.0165	18.4503	202.447	
