10 15
-2.103	1.08741	0.134306	-81.5353	-197.798	-0.221313	
-1.12478	1.2599	0.151644	-158.559	-129.242	-0.144651	
6.48322	2.60139	0.286491	-102.666	178.229	-1.61502	
10.2288	3.26184	0.35288	-50.0389	229.469	1.20091	
3.76431	2.12197	0.2383	-83.3823	190.158	12.2925	
-1.23377	1.24068	0.149713	-110.199	-197.882	-10.0774	
0.0981506	1.47553	0.17332	-166.084	-8.25645	-3.79904	
-7.2348	0.182533	0.0433482	0.875809	-178.589	4.75054	
-2.59482	1.00069	0.125589	-53.8628	-197.628	-6.71291	
15.1867	4.13604	0.440754	-96.3943	234.848	-3.10213	
-4.75001	0.620669	0.0873895	-59.1849	-165.2	-13.5717	
14.7502	4.05909	0.433018	-58.8326	229.502	-1.19274	
-3.6053	0.822512	0.107679	-59.8183	-158.52	6.57576	
-6.3278	0.342462	0.0594241	30.2821	-206.499	-4.55416	
-1.4438	1.20364	0.14599	-134.209	-143.735	12.4306	
13.5351	3.84483	0.411481	-138.773	208.711	-2.41269	
6.26698	2.56326	0.282658	-105.333	210.729	-9.02541	
-2.89942	0.946978	0.12019	-122.781	-159.705	11.2333	
1.90691	1.79446	0.205379	-106.02	130.02	-5.91317	
3.58633	2.09059	0.235146	-70.85	157.164	0.14184	
11.9574	3.56664	0.383518	-31.4225	182.862	-0.0300896	
-3.02585	0.924685	0.117949	-106.554	-157.136	1.37647	
11.6084	3.50511	0.377332	-93.9767	155.48	-3.98366	
-3.21594	0.891167	0.11458	-47.8151	-196.157	9.06127	
7.05603	2.70239	0.296644	-70.2606	186.536	8.26689	
-0.129566	1.43538	0.169284	-257.182	-5.02238	3.48811	
-3.45322	0.849328	0.110374	-60.776	-152.895	-0.747823	
-1.21982	1.24314	0.14996	-128.144	-105.007	-6.10797	
7.93714	2.85776	0.312261	-78.3483	167.038	-11.0583	
3.19504	2.0216	0.22821	-96.86	174.501	6.92422	
-4.52662	0.660059	0.0913489	-5.28737	-210.528	-11.5639	
9.61498	3.1536	0.341999	-48.5743	215.225	-0.46539	
-4.81011	0.610072	0.0863243	-33.2602	-218.295	-4.37697	
-3.97347	0.757594	0.101153	-28.7323	-169.181	-0.297413	
-3.83076	0.782758	0.103683	-29.0568	-191.669	-5.16645	
6.36087	2.57982	0.284323	-102.142	146.817	-4.43351	
-1.76175	1.14758	0.140354	-146.499	-143.991	-3.57699	
7.3578	2.7556	0.301992	-90.1121	159.918	-3.79664	
13.415	3.82365	0.409352	-60.9796	274.89	1.43206	
8.42512	2.9438	0.32091	-55.1867	175.615	10.9051	
15.0347	4.10925	0.438061	-57.8566	265.81	-4.90425	
-3.79114	0.789744	0.104385	-3.22567	-197.979	4.30125	
2.91884	1.97289	0.223315	-124.391	165.289	12.2246	
1.29263	1.68615	0.194491	-93.855	126.968	10.836	
-6.13709	0.37609	0.0628045	13.1269	-163.337	-2.80297	
-2.08389	1.09078	0.134645	-71.3331	-124.383	11.4524	
-3.37067	0.863883	0.111837	-74.6398	-172.486	-4.97102	
-2.29193	1.0541	0.130957	-40.6494	-176.237	-1.5879	
-4.13684	0.728788	0.0982575	-28.0956	-184.037	17.567	
-5.19139	0.542842	0.0795664	-63.9065	-211.925	10.4618	
1.9061	1.79432	0.205365	-159.16	147.635	-1.05743	
-3.4217	0.854886	0.110933	-78.843	-181.11	1.25415	
11.4396	3.47534	0.37434	-64.201	200.046	-1.7806	
-3.58682	0.825771	0.108006	-30.8489	-169.097	-7.79405	
-5.95295	0.408558	0.0660682	33.0665	-185.458	-2.35798	
-3.97421	0.757463	0.10114	-46.0771	-228.854	-19.5879	
15.3129	4.15831	0.442992	-65.0555	199.677	-1.60453	
-2.5452	1.00944	0.126468	-89.1994	-196.089	7.22447	
12.4551	3.65439	0.392338	-64.2123	195.989	2.20133	
-5.20834	0.539853	0.0792658	-50.4741	-167.676	6.3374	
-4.73047	0.624115	0.0877359	4.45112	-199.106	-14.103	
-3.09641	0.912243	0.116698	-29.1153	-182.801	-11.6536	
13.8395	3.89851	0.416877	-0.427849	276.567	-0.867736	
-1.73498	1.1523	0.140829	-135.668	-136.98	4.23479	
-5.19634	0.541969	0.0794786	-14.4536	-210.001	6.43805	
15.504	4.19199	0.446378	-68.6067	195.077	-1.8219	
-6.11509	0.379969	0.0631943	-29.7326	-158.1	-6.19266	
10.2054	3.25772	0.352465	-26.569	208.996	9.23754	
13.6772	3.86988	0.413999	-40.9397	190.708	-4.22776	
2.3887	1.87942	0.213918	-97.4393	156.69	-3.93958	
5.77118	2.47584	0.273871	-67.3744	181.184	-10.364	
-3.27123	0.881419	0.1136	-25.0782	-186.43	8.09808	
4.99699	2.33933	0.260149	-144.944	169.482	0.671862	
-3.5527	0.831788	0.108611	13.9207	-181.628	-10.4265	
4.98794	2.33773	0.259988	-75.9899	159.522	-0.937915	
17.0398	4.4628	0.473599	-56.5661	226.621	-7.19227	
12.6045	3.68074	0.394987	-44.3443	254.134	-8.35204	
-2.43577	1.02873	0.128408	-75.3584	-194.568	-8.6621	
-4.71059	0.62762	0.0880882	34.4261	-184.568	12.0255	
-3.25167	0.884868	0.113947	3.30403	-210.981	-12.4251	
15.2236	4.14256	0.441409	-59.676	199.134	8.07942	
14.099	3.94425	0.421475	-63.0511	194.255	-0.794036	
7.98735	2.86661	0.313151	-83.2268	185.588	-7.73018	
-3.51638	0.838191	0.109255	-5.03067	-185.099	1.89029	
-1.18575	1.24914	0.150564	-170.618	-141.598	-18.5928	
0.994358	1.63356	0.189205	-140.807	125.47	-13.7199	
4.31918	2.21981	0.248135	-95.3612	193.776	17.1021	
7.77021	2.82832	0.309302	-28.6925	194.994	5.92297	
12.5279	3.66723	0.393629	-52.8223	218.027	0.0678182	
-5.60159	0.470513	0.0722959	12.1174	-188.177	-0.513705	
-4.0327	0.747151	0.100103	-45.178	-188.884	14.5452	
9.97457	3.21701	0.348373	-92.8243	210.616	-8.32623	
-4.93147	0.588672	0.0841732	-11.1763	-174.314	-5.37869	
-4.99661	0.577187	0.0830187	-17.7573	-194.877	-1.51502	
-1.12619	1.25965	0.151619	-190.09	-49.1127	8.06191	
9.9534	3.21328	0.347998	-83.3576	190.934	3.96873	
12.5941	3.6789	0.394802	-89.7124	213.866	-0.854596	
-4.10603	0.734219	0.0988035	-7.35864	-217.796	4.95406	
-0.980105	1.28541	0.154209	-150.585	-115.583	2.35331	
10.6692	3.33949	0.360684	-44.0138	197.262	-0.322611	
-4.16152	0.724436	0.0978201	-52.1281	-230.762	3.3386	
-2.72515	0.977707	0.123279	-102.259	-185.536	7.22378	
-5.41939	0.502639	0.0755251	-32.1358	-193.845	2.40272	
-5.32025	0.520121	0.0772824	6.40821	-183.389	-15.873	
4.50592	2.25274	0.251445	-93.0713	175.149	4.76701	
-3.75135	0.79676	0.10509	-30.4084	-202.082	-7.98251	
-2.00586	1.10454	0.136028	-92.5861	-172.968	-8.20121	
16.4869	4.36531	0.4638	-115.843	193.827	-5.37789	
1.40991	1.70683	0.19657	-157.375	159.223	11.7216	
19.9564	4.97707	0.525293	-35.3775	244.06	3.91607	
-1.19606	1.24733	0.150381	-209.419	-68.8227	5.01757	
-1.76905	1.14629	0.140225	-108.251	-168.872	-9.2298	
9.3172	3.1011	0.336721	-84.1529	202.906	-0.666017	
-3.78919	0.790087	0.104419	-90.9803	-173.227	4.13429	
-5.90398	0.417194	0.0669362	-9.60367	-184.228	8.92551	
-5.34781	0.51526	0.0767938	-48.1198	-196.223	9.17415	
3.19615	2.02179	0.22823	-105.003	193.082	-9.48856	
5.58302	2.44266	0.270536	-108.58	124.485	-3.06344	
7.101	2.71032	0.297441	-43.0267	213.1	-10.7243	
18.3369	4.69151	0.496589	-41.1872	276.327	-0.496075	
3.82911	2.1334	0.239449	-136.841	162.948	-4.12095	
-3.81224	0.786024	0.104011	-25.5767	-215.445	-3.15767	
-2.71396	0.97968	0.123477	-42.2784	-191.891	-10.3042	
-6.0802	0.386122	0.0638128	-26.3418	-174.05	13.2283	
0.305581	1.51211	0.176996	-178.661	161.44	11.3073	
-4.42229	0.678455	0.0931981	10.9091	-198.729	1.25951	
7.6234	2.80244	0.3067	-43.6461	181.045	0.366956	
-3.09799	0.911965	0.11667	-54.9211	-218.943	5.97638	
12.7497	3.70633	0.397559	-92.9707	211.696	11.1374	
-4.32651	0.695344	0.0948958	-73.0075	-161.589	-3.82491	
12.3564	3.637	0.39059	-104.124	213.522	-3.37423	
-2.07642	1.0921	0.134777	-49.5228	-165.141	-17.0898	
8.27244	2.91688	0.318204	-94.6829	188.419	13.7345	
8.66739	2.98652	0.325204	-62.4948	229.359	3.79656	
13.5229	3.84268	0.411266	-10.7661	249.022	-5.50701	
-2.76312	0.971012	0.122606	-34.447	-225.934	-11.0425	
-3.48854	0.843101	0.109748	-14.5121	-212.623	-1.17988	
-2.86792	0.952533	0.120748	-114.026	-115.253	9.50096	
0.168442	1.48792	0.174566	-191.436	-33.6969	-30.8615	
7.83201	2.83922	0.310398	-30.4028	217.723	-15.4361	
-4.56933	0.652527	0.0905919	-48.1769	-165.956	-11.9409	
-1.50721	1.19246	0.144866	-70.8622	-153.886	-2.37116	
0.372494	1.5239	0.178182	-173.969	20.1498	-6.09964	
0.180891	1.49012	0.174786	-226.976	-34.6072	-6.14382	
17.9536	4.62393	0.489796	-41.1685	217.689	-1.16547	
-1.39252	1.21268	0.146899	-147.827	-151.202	11.6546	
-6.9201	0.238024	0.0489261	-14.3894	-208.579	-0.87375	
-4.34445	0.692181	0.0945779	-9.58614	-186.739	5.8934	
2.06976	1.82318	0.208265	-92.3776	154.689	10.5394	
10.0807	3.23572	0.350253	-97.8201	258.148	-10.8563	
0.704107	1.58238	0.18406	-191.783	75.317	6.57207	
-4.30619	0.698927	0.0952559	-8.42835	-194.314	17.6194	
-0.238989	1.41608	0.167344	-160.803	14.144	-3.43975	
-4.56748	0.652854	0.0906247	-10.9523	-184.874	-2.50806	
16.4264	4.35464	0.462727	-63.508	236.632	-4.33758	
3.14382	2.01256	0.227302	-129.574	96.6919	-4.38612	
-1.94752	1.11482	0.137062	-99.2372	-115.987	-4.7905	
6.70685	2.64082	0.290455	-93.4122	171.827	-6.54506	
-3.43298	0.852897	0.110733	-53.8725	-179.04	-3.71319	
9.13489	3.06895	0.33349	-97.5388	236.156	7.57454	
-3.37533	0.863062	0.111755	-40.1341	-180.591	-5.67524	
5.62064	2.44929	0.271202	-12.1571	212.726	7.22941	
-1.45861	1.20103	0.145727	-56.6946	-208.239	7.61394	
-5.68174	0.456379	0.0708751	-10.6171	-204.126	-4.10532	
5.79107	2.47935	0.274223	-46.4633	146.731	4.65388	
-0.386921	1.39	0.164722	-145.087	-36.4618	-3.17463	
13.2134	3.7881	0.405779	-27.1565	219.886	8.13481	
-4.96411	0.582918	0.0835948	11.5875	-173.586	-1.05397	
-2.90161	0.946592	0.120151	8.94264	-178.42	-14.8598	
-2.12435	1.08364	0.133928	-117.422	-180.633	-11.5829	
-3.7528	0.796505	0.105064	-25.3001	-209.683	-14.3732	
13.8381	3.89825	0.416851	-77.2138	239.715	4.60681	
0.701061	1.58184	0.184006	-201.086	23.4988	-8.76247	
-4.49143	0.666263	0.0919726	-66.1028	-183.469	6.16542	
12.2074	3.61072	0.387949	-115.022	199.171	5.92556	
-2.39449	1.03601	0.12914	-42.2653	-154.866	18.4572	
-1.55996	1.18316	0.143931	-105.857	-143.923	0.191755	
10.5632	3.32079	0.358805	-75.941	206.346	-9.34678	
-4.44273	0.674851	0.0928358	-26.6855	-177.59	9.76987	
-4.97689	0.580664	0.0833681	-78.7348	-194.718	-1.79453	
13.718	3.87708	0.414723	11.7364	215.87	-1.17519	
-1.87688	1.12728	0.138314	-101.281	-221.23	-1.36936	
-2.8436	0.95682	0.121179	-95.9611	-188.042	-6.50206	
-2.41443	1.0325	0.128786	-115.533	-197.347	5.63044	
-5.33881	0.516848	0.0769534	-39.7617	-145.165	-2.23575	
6.6747	2.63515	0.289885	-64.7945	211.102	17.9344	
-5.02268	0.57259	0.0825565	-33.8369	-201.126	-5.79607	
2.40945	1.88308	0.214286	-145.377	171.238	4.37026	
-1.77427	1.14537	0.140133	-94.6252	-222.285	9.05947	
5.25768	2.3853	0.264769	-99.7733	159	-7.74365	
12.2466	3.61764	0.388644	-92.9634	179.944	-4.30162	
-2.35911	1.04225	0.129767	-34.376	-169.193	1.01347	
-3.42783	0.853806	0.110824	-82.7913	-137.035	13.3297	
4.05995	2.1741	0.24354	-101.607	158.768	3.75561	
-3.81006	0.786408	0.104049	-23.9429	-167.963	-11.7033	
-2.43058	1.02965	0.1285	-84.5921	-164.365	0.383957	
-0.217048	1.41995	0.167733	-180.199	63.5846	4.81564	
15.9511	4.27084	0.454304	-89.9359	226.296	2.37117	
-1.53014	1.18842	0.14446	-10.1678	-156.572	-17.2628	
0.0516883	1.46734	0.172496	-237.451	-27.9063	-9.57699	
-4.55051	0.655846	0.0909254	12.6229	-162.153	-1.88132	
7.29493	2.74452	0.300878	-46.8186	149.578	-1.40835	
-4.20074	0.717521	0.097125	-56.3235	-201.999	-4.88701	
-1.49678	1.1943	0.145051	-114.183	-173.932	-0.88458	
0.673934	1.57706	0.183525	-133.564	90.0704	16.1123	
-3.46959	0.846442	0.110084	-38.2693	-180.817	-6.46372	
0.0946311	1.47491	0.173258	-153.552	63.4115	14.2391	
-1.38787	1.21351	0.146981	-103.713	-120.461	-10.6191	
-2.60554	0.998796	0.125399	-119.385	-168.613	5.68997	
-2.04235	1.0981	0.135381	-38.8756	-209.367	-9.62114	
2.41524	1.8841	0.214389	-81.4312	182.446	-9.29844	
-5.69545	0.453963	0.0706323	-40.1793	-237.676	4.83309	
-1.72126	1.15472	0.141072	-103.365	-207.617	-10.7891	
-1.223	1.24258	0.149903	-149.86	-126.391	-9.61403	
4.22628	2.20343	0.246488	-122.751	166.917	2.75275	
-6.44145	0.322423	0.0574099	34.1702	-182.965	-18.2032	
-0.297453	1.40578	0.166308	-201.436	-10.3639	10.6791	
5.6911	2.46172	0.272451	-54.9824	177.978	-4.69502	
11.6976	3.52083	0.378913	-37.3838	205.506	9.0616	
10.6467	3.33553	0.360287	-102.201	213.392	-2.56341	
4.03407	2.16954	0.243082	-87.3415	116.677	3.17015	
-4.37253	0.687229	0.0940801	-32.5269	-172.774	3.34593	
-0.649949	1.34362	0.16006	-171.101	-132.356	-10.1564	
1.86069	1.78631	0.20456	-114.156	133.303	15.0468	
4.936	2.32857	0.259068	-70.8609	135.152	14.2216	
-2.84272	0.956975	0.121195	-64.7208	-206.153	7.14906	
6.27712	2.56505	0.282838	-138.513	197.456	-10.9603	
-0.434659	1.38158	0.163876	-193.455	-48.0625	6.79061	
-4.72495	0.625087	0.0878336	-73.5121	-158.859	4.37954	
3.14966	2.01359	0.227406	-59.5769	183.538	4.87739	
-3.54367	0.83338	0.108771	-93.4941	-144.91	2.41208	
-5.0539	0.567085	0.0820032	-68.0054	-199.697	-5.39952	
1.64033	1.74746	0.200654	-98.7495	118.168	15.1678	
-2.39636	1.03568	0.129106	-63.1922	-143.946	1.31784	
-6.11376	0.380203	0.0632179	-19.0056	-221.89	-14.2177	
-3.47172	0.846066	0.110046	-66.9865	-186.596	-1.22028	
19.2269	4.84844	0.512364	-55.1339	235.766	0.206875	
13.6331	3.86211	0.413218	-65.391	218.097	-6.75663	
-5.85297	0.426188	0.0678403	-44.0756	-203.777	-0.908	
11.8343	3.54492	0.381335	-28.0966	207.435	1.84146	
-2.18078	1.07369	0.132927	-109.336	-167.949	-4.39891	
15.8238	4.24839	0.452047	-61.055	211.33	2.27738	
-5.07426	0.563496	0.0816424	-14.4733	-159.98	-8.66125	
-1.8338	1.13488	0.139077	-139.185	-104.485	0.408722	
9.968	3.21585	0.348257	-125.611	174.497	-1.86714	
-2.51977	1.01392	0.126919	-39.912	-196.067	8.00018	
-5.48253	0.491507	0.0744061	-5.21724	-221.852	6.14713	
12.8737	3.7282	0.399758	-42.5623	214.193	2.09115	
-4.75657	0.619513	0.0872732	-38.3579	-177.89	-0.550514	
1.13672	1.65866	0.191728	-174.577	151.259	2.51536	
9.09599	3.06209	0.332801	-79.8514	199.914	9.79884	
-3.39867	0.858947	0.111341	-97.1698	-194.398	-0.38188	
-1.98007	1.10909	0.136485	-97.1908	-181.741	14.9299	
-2.4882	1.01949	0.127479	-42.8671	-122.966	-13.6092	
7.57493	2.79389	0.305841	-60.2207	189.657	3.36627	
6.64873	2.63058	0.289425	-71.5162	203.272	-1.13147	
13.5174	3.84171	0.411167	-22.9388	245.301	7.75937	
11.6284	3.50862	0.377685	-94.2687	211.646	-1.08664	
-4.23686	0.711151	0.0964847	-1.70301	-182.88	0.398531	
-4.13283	0.729495	0.0983286	-69.6791	-184.737	-3.46632	
-3.20537	0.893032	0.114767	-69.884	-165.558	-7.28456	
-6.11986	0.379127	0.0631097	1.89695	-218.177	0.340541	
1.17091	1.66469	0.192334	-163.365	142.9	13.7004	
-6.33959	0.340384	0.0592153	-30.3151	-211.499	-6.93008	
-3.01333	0.926892	0.118171	-66.1913	-174.965	2.23649	
12.1722	3.60451	0.387324	-99.6931	190.7	-12.1614	
-5.46541	0.494525	0.0747095	14.8036	-233.376	7.02619	
2.07145	1.82348	0.208295	-118.056	161.642	2.32282	
-3.79739	0.788642	0.104274	-65.8323	-191.061	6.74574	
-6.90102	0.241388	0.0492643	-32.1269	-179.987	-3.41947	
-2.76589	0.970524	0.122557	-124.513	-216.584	8.23977	
10.8479	3.37101	0.363853	-70.7728	213.692	-0.749657	
2.70216	1.93469	0.219474	-159.918	127.242	-17.5543	
8.747	3.00056	0.326615	-78.8697	183.973	0.136626	
3.49421	2.07435	0.233513	-75.0465	186.047	-1.62741	
-3.51717	0.838052	0.109241	-37.4033	-169.229	0.788913	
-3.51353	0.838694	0.109305	-71.6777	-184.61	5.9781	
-2.80247	0.964074	0.121908	-59.9416	-194.022	7.85322	
-7.83656	0.0764271	0.0326824	9.141	-183.74	-0.0739428	
14.2923	3.97834	0.424901	-11.3881	221.496	1.43178	
3.28075	2.03671	0.229729	-107.673	169.739	1.62566	
-6.05577	0.390428	0.0642457	-73.8694	-203.776	-1.89549	
14.1905	3.96039	0.423098	-55.8714	234.546	1.85511	
0.954609	1.62655	0.1885	-164.828	120.627	-9.49412	
-3.59361	0.824574	0.107886	-13.8126	-212.176	6.6372	
-1.95663	1.11322	0.1369	-19.8913	-157.833	12.948	
-3.26988	0.881655	0.113624	-75.4509	-135.061	4.17353	
-2.50111	1.01721	0.12725	-86.1584	-107.732	7.46784	
0.762923	1.59275	0.185103	-200.391	146.461	-1.46855	
-2.59164	1.00125	0.125645	-123.462	-186.697	-1.32387	
5.27318	2.38803	0.265044	-77.5277	184.898	-6.97616	
-5.49762	0.488846	0.0741387	4.75256	-200.549	-17.1312	
-2.41816	1.03184	0.12872	-103.423	-187.438	2.20433	
-1.62112	1.17238	0.142847	-55.7962	-187.751	-22.0243	
9.3759	3.11145	0.337762	-42.8481	190.254	-0.932819	
5.01295	2.34214	0.260431	-80.2231	155.271	-8.16761	
-3.25302	0.884629	0.113923	-87.467	-193.441	-0.488652	
-1.75494	1.14878	0.140475	-66.6707	-182.677	-17.8864	
-4.40611	0.681308	0.0934849	-24.9077	-183.958	-4.82739	
20.9104	5.1453	0.542204	-58.9141	243.151	2.06856	
-5.31361	0.521292	0.0774001	-23.2315	-171.883	-7.4015	
-1.11793	1.2611	0.151766	-113.129	-60.1306	24.2199	
7.1631	2.72127	0.298541	-158.171	198.244	7.05766	
2.56844	1.91111	0.217104	-141.965	174.679	-11.1521	
-3.40619	0.857621	0.111208	-46.448	-175.453	12.4701	
6.88512	2.67226	0.293614	-114.506	205.468	-17.4985	
16.336	4.3387	0.461125	-55.0351	241.755	4.00762	
18.9887	4.80645	0.508143	-36.4032	227.909	-3.39116	
0.982126	1.6314	0.188988	-98.5167	136.759	8.6044	
10.8283	3.36755	0.363506	-95.5066	206.251	-9.38172	
-3.43638	0.852298	0.110673	-113.212	-174.037	8.81724	
-3.39448	0.859685	0.111415	-29.3034	-191.677	-6.157	
4.99373	2.33875	0.260091	-73.2188	164.353	-4.88123	
6.66861	2.63408	0.289777	-56.3283	170.739	7.94905	
-3.298	0.876698	0.113125	-52.606	-164.737	5.2527	
-2.41922	1.03165	0.128701	-71.2997	-171.377	9.65858	
-2.4546	1.02541	0.128074	-54.2759	-135.978	-12.5876	
12.8238	3.7194	0.398873	-31.1945	229.572	-1.3028	
11.9443	3.56433	0.383286	-60.4384	222.341	2.70852	
-1.33102	1.22353	0.147989	-123.142	-192.994	5.36053	
5.04787	2.3483	0.26105	-106.275	103.352	2.73956	
3.64229	2.10046	0.236137	-102.504	162.21	4.75167	
4.81797	2.30776	0.256976	-65.5295	196.79	12.3178	
1.83619	1.78199	0.204125	-112.485	136.071	16.0007	
-4.52856	0.659717	0.0913146	-48.2968	-136.343	1.24979	
11.6473	3.51196	0.378021	-37.6715	210.008	-4.09386	
-3.37261	0.863543	0.111803	-81.5966	-196.116	-10.8997	
-1.33283	1.22321	0.147957	-120.733	-145.242	7.68238	
-3.54179	0.833711	0.108804	-14.8362	-185.097	-11.3603	
2.30703	1.86502	0.212471	-133.008	162.366	-15.2571	
6.54914	2.61301	0.287659	-67.2344	149.454	-6.93099	
-4.55686	0.654726	0.0908129	-24.5211	-191.461	3.69421	
12.89	3.73107	0.400046	-51.9553	184.749	-7.08768	
-5.54903	0.47978	0.0732273	20.4082	-178.088	-9.99502	
-3.67228	0.810702	0.106492	-73.7889	-168.492	-0.0781722	
-3.70352	0.805194	0.105938	-17.8135	-178.95	-0.22364	
10.3623	3.28537	0.355245	-20.4446	195.078	-1.15991	
-0.299432	1.40543	0.166273	-215.051	-17.7226	14.8654	
-4.2982	0.700336	0.0953975	-16.9883	-154.157	-8.96136	
-3.11776	0.908479	0.11632	-33.5122	-177.409	0.0218758	
-1.32099	1.2253	0.148167	-164.652	-114.92	9.32349	
11.8606	3.54958	0.381802	-95.1338	190.979	-1.4171	
-2.01655	1.10265	0.135838	-84.8518	-194.295	-14.9129	
0.274843	1.50669	0.176452	-196.678	21.0403	-13.9661	
7.56547	2.79222	0.305673	-71.4341	144.956	8.80589	
11.5669	3.49777	0.376595	-77.8037	224.044	8.26999	
-4.874	0.598806	0.0851918	-41.3179	-172.962	4.65725	
-1.20527	1.2457	0.150218	-62.4506	-172.297	-7.6346	
-2.61683	0.996806	0.125199	-67.5094	-184.889	-11.9176	
8.70288	2.99278	0.325833	-47.5724	168.976	9.99167	
-2.97204	0.934174	0.118903	-23.1179	-214.974	-4.03875	
-6.36735	0.335489	0.0587232	6.74401	-175.866	-1.51296	
1.35869	1.6978	0.195662	-142.034	100.49	-3.57937	
1.39918	1.70494	0.19638	-147.52	117.7	-2.54738	
9.19647	3.07981	0.334582	-65.2764	190.105	-7.45907	
-3.88817	0.772635	0.102665	-28.7875	-127.684	11.0833	
-2.20134	1.07007	0.132563	19.1174	-202.683	-9.76783	
3.08705	2.00255	0.226296	-158.471	160.94	-9.22917	
3.52078	2.07903	0.233984	-89.298	152.268	-8.43563	
-3.36085	0.865616	0.112012	-106.084	-155.639	-1.8983	
-4.34667	0.69179	0.0945385	-36.2581	-157.709	-7.42012	
-1.38136	1.21465	0.147097	-155.796	-158.764	1.83646	
17.0994	4.47331	0.474655	-55.4468	237.264	-2.63101	
-2.76906	0.969965	0.122501	-21.266	-152.845	6.22069	
-2.20044	1.07023	0.132579	-96.3804	-166.65	3.69864	
0.430537	1.53414	0.179211	-167.426	35.4699	2.13988	
8.36767	2.93367	0.319892	-76.0909	153.252	7.13558	
-2.00589	1.10453	0.136027	-91.9722	-122.613	0.406373	
9.74119	3.17586	0.344236	-32.3631	241.111	-4.92058	
-0.747626	1.3264	0.158329	-147.617	-59.9785	-19.7536	
-6.9928	0.225205	0.0476375	18.8108	-188.987	2.51946	
-4.15385	0.725789	0.0979561	-34.8034	-222.616	1.9186	
-3.97414	0.757475	0.101141	-5.28426	-181.486	8.08354	
-3.14633	0.903441	0.115814	-7.56729	-159.581	4.20191	
-5.66994	0.45846	0.0710843	3.68153	-222.341	-5.38502	
8.82929	3.01507	0.328074	-41.7948	185.191	3.73346	
5.05829	2.35014	0.261235	-122.41	169.644	-0.938989	
14.9805	4.09969	0.4371	-64.3519	225.457	6.86222	
4.45169	2.24318	0.250484	-127.55	173.952	-15.246	
-5.84193	0.428135	0.068036	3.26559	-192.777	-2.99864	
0.623896	1.56823	0.182638	-239.425	68.2517	-9.04096	
1.51849	1.72597	0.198494	-151.551	133.537	0.409989	
-5.25452	0.53171	0.0784474	24.3819	-175.717	-10.697	
-7.16812	0.194292	0.0445302	-37.0958	-211.537	2.84959	
-4.38967	0.684207	0.0937763	-45.1046	-172.795	-7.72949	
-4.99802	0.576938	0.0829936	-25.6966	-141.705	-6.34801	
-3.99184	0.754356	0.100828	-6.66165	-162.774	3.40684	
-3.45386	0.849215	0.110363	-45.1754	-205.483	-17.5179	
-0.462342	1.3767	0.163386	-195.184	-28.2921	12.8664	
-3.50693	0.839858	0.109422	-95.3441	-203.967	-4.22888	
-0.378293	1.39152	0.164875	-167.759	-35.492	6.20478	
-4.97082	0.581735	0.0834758	9.02484	-176.186	-4.95966	
-2.64745	0.991407	0.124656	-60.9541	-131.23	0.078065	
-5.27852	0.527478	0.0780219	-28.6363	-148.375	-1.04102	
2.03965	1.81787	0.207732	-104.639	123.185	1.47856	
4.65801	2.27956	0.25414	-50.7971	157.378	15.6445	
-3.4714	0.846122	0.110052	-9.85067	-185.268	-6.83389	
-5.24156	0.533995	0.078677	-26.9856	-198.975	9.15498	
14.8476	4.07625	0.434743	-54.8287	216.465	-2.46064	
-2.49011	1.01915	0.127445	-47.8338	-196.966	-5.56615	
7.16529	2.72166	0.29858	-41.5581	207.798	13.176	
-0.0955862	1.44137	0.169886	-180.707	-92.8378	-3.24199	
-7.65346	0.108713	0.0359278	9.8397	-203.435	3.70607	
-2.10258	1.08748	0.134313	-35.8271	-219.808	-13.9724	
-3.4292	0.853564	0.1108	-76.027	-219.482	-5.49475	
-3.45352	0.849275	0.110369	-54.4413	-151.374	-10.717	
8.86122	3.0207	0.328639	-70.1449	183.398	-2.92417	
9.20247	3.08087	0.334688	-57.7544	193.141	-3.03912	
-4.42932	0.677216	0.0930736	14.0677	-208.78	11.945	
-6.70703	0.275594	0.0527026	3.93335	-179.639	-7.94893	
-6.16405	0.371336	0.0623266	-10.3758	-194.525	-4.45657	
-4.58974	0.648928	0.0902301	-26.2868	-179.685	-5.87973	
-1.81577	1.13805	0.139397	-82.0829	-192.045	-17.1127	
-1.7124	1.15628	0.141229	-146.983	-118.592	-0.00623978	
-4.62131	0.643363	0.0896707	-81.0743	-171.613	-17.1582	
-2.70586	0.981108	0.123621	-140.068	-177.221	2.67903	
-4.28197	0.703197	0.0956852	2.43266	-191.51	0.46535	
6.80196	2.65759	0.292141	-81.1777	226.957	-1.76396	
4.85134	2.31365	0.257567	-82.1237	170.631	3.67579	
-1.61613	1.17326	0.142935	-105.919	-175.28	0.404008	
-2.76515	0.970654	0.12257	-32.367	-118.12	-0.340614	
-3.76065	0.79512	0.104925	-41.4728	-175.582	9.31362	
-0.746106	1.32667	0.158356	-168.363	-186.286	-15.1504	
-3.76668	0.794056	0.104818	-34.8318	-169.616	-9.43738	
-3.11575	0.908833	0.116356	-46.5872	-180.702	-0.65159	
3.61276	2.09525	0.235614	-51.3753	130.622	8.26314	
7.40136	2.76328	0.302764	-88.0542	216.662	-13.7759	
16.8078	4.42189	0.469487	-103.111	232.581	0.617915	
-2.62056	0.996148	0.125133	-26.1661	-157.386	-4.04799	
-4.7298	0.624232	0.0877476	-43.419	-193.342	16.5957	
-0.808927	1.31559	0.157243	-81.5084	-137.259	-17.6447	
6.1317	2.53941	0.280261	-95.3606	151.688	8.18509	
-3.26589	0.882359	0.113695	-97.2032	-221.948	-14.6391	
8.22061	2.90774	0.317285	-93.3431	204.962	-8.78454	
10.6903	3.34322	0.361059	-73.4407	217.309	11.1321	
8.62287	2.97867	0.324415	-49.7547	178.517	7.83186	
0.909275	1.61855	0.187697	-201.377	54.7352	-5.8644	
-2.97727	0.933251	0.11881	-32.5165	-225.88	-7.39738	
5.74667	2.47152	0.273436	-44.8912	194.363	1.01732	
-1.76941	1.14623	0.140219	-70.1276	-149.111	-1.21592	
8.47261	2.95217	0.321752	-86.9791	208.102	1.72521	
-1.34125	1.22172	0.147807	-119.154	-107.227	13.2287	
9.03869	3.05199	0.331785	-71.0722	163.581	-6.82193	
4.16549	2.19271	0.245411	-71.2162	183.35	-1.41504	
-4.48989	0.666535	0.0919999	-57.5161	-213.993	-18.7193	
-4.84115	0.604599	0.0857741	-20.5977	-188.763	-4.71664	
-0.948756	1.29093	0.154764	-143.134	-125.686	-3.23491	
-0.204852	1.4221	0.167949	-172.836	-51.1988	-3.65288	
-4.33486	0.693871	0.0947477	-37.9693	-186.476	23.3372	
-0.0848357	1.44327	0.170077	-206.825	-72.7057	4.58041	
3.88171	2.14268	0.240381	-103.622	189.476	-15.8157	
-6.45735	0.319619	0.057128	-39.0852	-170.744	1.48674	
3.22464	2.02682	0.228735	-47.857	191.339	-11.618	
13.2969	3.80282	0.407258	-47.2658	227.418	-6.89987	
-1.39408	1.21241	0.146871	-120.801	-186.04	-11.3228	
8.44684	2.94763	0.321295	-50.2053	219.314	8.73004	
-3.1774	0.897963	0.115263	-74.9521	-172.928	-14.1208	
-2.25701	1.06025	0.131576	-71.2118	-172.369	8.9218	
7.78417	2.83078	0.30955	-32.7237	192.312	4.306	
-5.02298	0.572537	0.0825512	-7.7244	-242.038	-10.1187	
8.70152	2.99254	0.325809	-81.7766	187.117	-3.03626	
-1.41325	1.20903	0.146531	-114.249	-159.886	-11.1666	
-1.72981	1.15321	0.140921	-44.4714	-196.758	7.15136	
-5.44206	0.498642	0.0751233	-5.10244	-204.229	-2.58312	
-2.22783	1.0654	0.132093	-61.2371	-186.702	2.97198	
-3.42527	0.854257	0.11087	-91.3436	-180.941	-10.9643	
-4.53508	0.658567	0.0911989	-45.3177	-168.461	6.51955	
-4.10148	0.735022	0.0988843	-14.9914	-180.913	-3.57585	
15.4373	4.18024	0.445197	-64.9018	201.706	6.54824	
-4.15186	0.726139	0.0979913	-44.4643	-188.428	9.71846	
-3.70503	0.804927	0.105911	-36.8948	-183.765	10.888	
-2.09946	1.08803	0.134369	-86.2386	-178.709	-15.3993	
4.76775	2.29891	0.256085	-73.2388	170.482	16.1391	
-3.71175	0.803742	0.105792	-62.4071	-222.24	-6.84929	
3.87208	2.14098	0.24021	-46.9606	130.371	-1.38496	
-2.44091	1.02783	0.128317	-96.5416	-171.215	5.2943	
17.6422	4.56902	0.484276	-90.3433	212.459	-5.494	
35.8529	7.78006	0.807049	-68.6969	231.367	0.519679	
3.48203	2.0722	0.233297	-63.8467	137.893	11.9366	
-3.49397	0.842143	0.109652	-48.5194	-162.155	-3.10426	
-3.81398	0.785717	0.10398	14.8459	-153.034	3.80905	
-2.02589	1.101	0.135673	-154.168	-127.983	-5.08582	
-4.86942	0.599613	0.0852729	-23.5709	-172.018	0.373434	
7.95623	2.86112	0.312599	-95.0244	189.798	-3.81155	
-5.15185	0.549813	0.0802671	-38.6244	-184.048	6.34524	
-1.31597	1.22618	0.148256	-184.609	-129.184	6.32355	
13.1743	3.7812	0.405085	-74.2519	232.582	-0.781085	
22.0987	5.35483	0.563266	-29.0441	247.064	5.30728	
-4.26725	0.705793	0.0959461	-55.6089	-175.306	9.95815	
7.60914	2.79992	0.306447	-56.8085	238.815	1.09096	
9.89683	3.2033	0.346995	-59.4366	205.221	-6.83464	
-5.0952	0.559802	0.0812711	6.3314	-175.649	-6.16809	
6.41064	2.58859	0.285205	-78.5333	163.26	4.19388	
13.044	3.75824	0.402777	-88.1222	208.09	-6.08509	
-2.51291	1.01513	0.127041	-82.6315	-141.716	6.26552	
8.30471	2.92257	0.318776	-72.7106	198.224	2.07745	
-5.34169	0.516341	0.0769024	5.60488	-185.739	6.46797	
16.7222	4.40681	0.467971	-45.1262	222.567	-2.98978	
-4.02438	0.748618	0.100251	-56.6704	-216.896	-1.01694	
14.5337	4.02091	0.429181	-88.5643	254.113	0.852431	
-0.658498	1.34211	0.159909	-227.144	-19.6934	-1.37618	
-2.08359	1.09083	0.13465	-52.7295	-209.917	-4.0377	
-2.6611	0.989001	0.124414	-60.7036	-192.861	-15.0483	
4.63445	2.2754	0.253723	-143.579	157.228	5.0522	
-2.11705	1.08493	0.134057	-54.1315	-163.996	16.692	
-3.7253	0.801353	0.105552	-84.2738	-173.969	9.9825	
7.43031	2.76839	0.303278	-70.3631	189.93	3.31664	
9.78999	3.18446	0.345101	-92.8697	195.444	-3.78686	
-1.51935	1.19032	0.144651	-144.922	-135.032	13.9454	
-2.13896	1.08107	0.133669	-39.3034	-151.294	-6.37111	
-3.06916	0.917049	0.117182	-79.052	-216.685	-20.9942	
6.38834	2.58466	0.284809	-92.7207	184.202	2.44037	
8.18711	2.90183	0.316691	-69.423	187.497	0.153254	
0.427057	1.53353	0.17915	-199.141	53.2311	5.68879	
-6.23648	0.358565	0.0610428	-24.6982	-200.044	-4.65934	
-0.611121	1.35047	0.160749	-153.176	-128.875	-8.22475	
22.5837	5.44034	0.571861	-69.2937	225.835	2.17195	
-4.60133	0.646886	0.0900248	-31.7796	-238.879	11.5701	
-3.47586	0.845336	0.109973	-75.2663	-192.384	6.13946	
-3.51166	0.839024	0.109338	-31.7024	-185.107	3.21804	
10.8832	3.37723	0.364479	-94.1569	166.159	-0.806469	
-0.927341	1.29471	0.155144	-133.615	-69.6489	-9.08885	
-4.38114	0.685711	0.0939274	26.7233	-176.839	-12.9443	
11.626	3.50821	0.377644	-76.4094	200.27	-8.4486	
18.8375	4.77979	0.505463	-33.3776	245.529	-3.55975	
-1.0717	1.26925	0.152585	-150.017	-134.08	2.33669	
10.3816	3.28878	0.355587	-80.9154	193.447	-3.93215	
8.44889	2.94799	0.321331	-55.9721	185.572	5.06663	
10.9911	3.39626	0.366391	-18.6131	207.671	6.58294	
3.25045	2.03137	0.229192	-98.0565	129.63	-10.2517	
-1.8424	1.13336	0.138925	-79.8831	-126.171	-5.58767	
0.738572	1.58845	0.184671	-131.97	76.0639	7.51994	
-5.19968	0.54138	0.0794193	10.6766	-194.355	-4.49432	
-5.0894	0.560825	0.0813739	-12.0128	-135.444	0.321543	
3.25562	2.03228	0.229284	-75.2192	142.472	3.9711	
5.14492	2.36541	0.262771	-57.6729	190.589	4.68811	
-2.85058	0.95559	0.121056	-91.1572	-195.3	8.92915	
-3.80178	0.787868	0.104196	-3.38292	-162.623	-16.3119	
-5.59302	0.472024	0.0724478	-16.9747	-183.827	9.35093	
9.63428	3.15701	0.342341	-81.3879	174.817	5.33846	
13.9558	3.91901	0.418938	-44.7435	202.986	3.7326	
17.1865	4.48867	0.4762	-34.2067	220.427	0.70256	
-3.84828	0.779669	0.103372	-84.9809	-182.009	6.08483	
5.94609	2.50668	0.276971	-99.7905	187.12	-5.92809	
-3.53491	0.834925	0.108926	-31.9497	-190.762	-13.3018	
-1.12591	1.2597	0.151624	-199.319	-113.628	-14.8143	
9.79524	3.18539	0.345194	-92.9367	208.602	1.03111	
0.12464	1.4802	0.173789	-153.702	45.3174	-1.88343	
20.3019	5.038	0.531418	-47.5099	251.622	7.15998	
9.67958	3.16499	0.343144	-44.6425	240.321	5.5991	
-3.88973	0.77236	0.102637	-47.177	-173.297	0.661876	
13.6305	3.86165	0.413172	-49.0597	228.503	8.58446	
-4.86991	0.599527	0.0852643	-2.29198	-216.175	5.7572	
-2.81655	0.96159	0.121659	-119.072	-160.93	-3.79808	
-4.284	0.70284	0.0956493	-45.3192	-204.06	5.67633	
3.23725	2.02904	0.228958	-41.3274	176.221	2.29873	
4.03751	2.17015	0.243143	-85.3344	151.77	0.300042	
5.82473	2.48528	0.27482	-72.0319	211.4	1.21003	
-0.911489	1.2975	0.155425	-199.926	-85.7821	4.98509	
-3.61719	0.820416	0.107468	-74.7412	-224.549	-5.60254	
2.12578	1.83306	0.209258	-77.3598	165.669	6.16401	
0.486105	1.54394	0.180196	-186.329	37.1409	7.66705	
-6.14761	0.374234	0.0626179	-31.6247	-194.557	1.58738	
-3.89624	0.771212	0.102522	-15.8569	-191.733	6.06822	
3.93771	2.15255	0.241373	-67.8557	171.306	-6.57586	
-4.21317	0.715329	0.0969047	8.32836	-214.979	8.15031	
2.21553	1.84888	0.210849	-69.2963	159.128	6.93421	
-2.13714	1.08139	0.133701	-151.019	-167.89	-3.59241	
4.27217	2.21152	0.247302	-132.409	157.687	4.65685	
0.188418	1.49145	0.17492	-220.464	19.5726	-2.16829	
4.76713	2.2988	0.256075	-100.759	167.345	-7.19072	
8.20128	2.90433	0.316942	-85.7474	172.589	9.32805	
-3.45898	0.848313	0.110272	-3.42766	-191.322	-6.12227	
12.9464	3.74102	0.401046	-60.6631	210.037	1.82022	
13.3363	3.80977	0.407957	-76.1943	200.047	-9.97041	
-0.928772	1.29446	0.155118	-201.133	-83.2086	8.54162	
-3.65309	0.814086	0.106832	8.57566	-173.919	-5.1156	
-0.509751	1.36834	0.162545	-189.172	-4.34191	-16.404	
-4.23718	0.711094	0.096479	-2.09857	-127.542	10.6472	
11.866	3.55052	0.381898	-55.9679	214.258	4.1312	
-2.3499	1.04387	0.12993	-33.3833	-105.685	0.798405	
-2.10623	1.08684	0.134249	-132.956	-202.914	6.81563	
-2.78067	0.967918	0.122295	-87.4927	-159.748	11.9567	
18.7762	4.76898	0.504376	-76.7498	220.353	-1.74777	
-4.18266	0.720708	0.0974454	-35.8479	-196.963	6.36425	
-4.87633	0.598396	0.0851506	22.6403	-174.951	-7.79601	
-2.56169	1.00653	0.126176	-12.1704	-189.783	1.28908	
9.06002	3.05575	0.332163	-64.2035	214.646	6.82414	
-0.029913	1.45295	0.17105	-174.842	40.157	-11.549	
-3.13311	0.905773	0.116048	-59.4727	-147.805	-3.47611	
-4.46327	0.67123	0.0924718	7.92422	-205.048	3.80585	
20.7996	5.12575	0.540239	-66.2114	238.445	1.99365	
3.9084	2.14738	0.240854	-79.4967	132.354	4.4055	
6.34648	2.57728	0.284067	-70.6912	172.982	-4.00982	
-3.02837	0.92424	0.117904	-45.2408	-183.55	-0.0115804	
3.82622	2.13289	0.239398	-52.9578	148.765	-0.819633	
1.24171	1.67717	0.193589	-223.548	51.0614	3.09462	
-4.4292	0.677237	0.0930757	-12.1854	-203.765	4.83736	
6.37992	2.58318	0.28466	-38.3671	192.584	-0.269045	
7.34948	2.75414	0.301845	-121.756	185.511	-1.07376	
-3.10413	0.910882	0.116562	-50.9266	-167.393	12.4593	
-5.80421	0.434784	0.0687044	-20.1005	-164.824	15.731	
-2.70429	0.981386	0.123649	-110.641	-155.06	3.06573	
15.0811	4.11743	0.438882	-34.5689	236.505	-0.180987	
11.9848	3.57146	0.384002	-103.154	218.152	-7.61561	
-2.54047	1.01027	0.126552	-33.4279	-152.458	2.82526	
-6.79719	0.259695	0.0511045	13.8594	-232.104	-13.1631	
12.2522	3.61862	0.388742	-69.6011	220.024	-10.0497	
-6.17503	0.369401	0.062132	-4.04124	-205.158	-3.14957	
4.55253	2.26096	0.252271	-108.006	159.227	-4.15023	
-3.80425	0.787432	0.104152	-8.05032	-202.187	5.56915	
13.7211	3.87762	0.414777	-77.3623	207.005	1.5372	
-2.14209	1.08052	0.133613	-90.8436	-171.16	-12.6712	
7.01131	2.69451	0.295851	-100.479	204.418	1.1762	
1.08162	1.64894	0.190751	-158.901	121	-2.28798	
5.65489	2.45533	0.271809	5.57617	195.548	15.864	
-3.73569	0.799521	0.105368	0.0153845	-218.224	4.03146	
-3.87692	0.774619	0.102865	22.1764	-164.391	-0.046877	
-2.81807	0.961323	0.121632	-8.11959	-196.101	-5.71318	
3.72377	2.11483	0.237582	-88.2617	185.965	3.82757	
-3.55581	0.831239	0.108556	-54.9896	-151.302	7.3387	
-0.684079	1.3376	0.159455	-142.025	-187.428	-12.6142	
-4.84983	0.603068	0.0856202	-30.0486	-208.181	-8.04509	
-1.82314	1.13676	0.139266	-107.153	-154.022	-10.8084	
15.3028	4.15651	0.442811	-55.7365	225.908	-1.72499	
6.35868	2.57943	0.284284	-77.8729	233.59	17.1534	
-0.656688	1.34243	0.159941	-128.131	-124.028	-17.449	
-2.8597	0.953982	0.120894	-28.495	-199.999	-0.0322631	
11.8233	3.54299	0.38114	-81.8964	193.584	-4.54982	
-2.78105	0.967851	0.122288	-119.494	-181.235	-4.4915	
-1.96169	1.11232	0.136811	-39.2633	-207.254	-2.62893	
-6.92181	0.237722	0.0488957	-18.1181	-176.494	-5.45029	
1.6152	1.74303	0.200209	-131.389	151.486	4.11736	
-4.76093	0.618743	0.0871959	-0.484604	-177.96	2.66276	
-1.97915	1.10925	0.136501	-113.645	-152.448	13.429	
7.13542	2.71639	0.298051	-49.1536	194.361	1.57057	
-1.06032	1.27126	0.152787	-145.377	-112.065	-13.795	
20.0179	4.98791	0.526383	-17.2416	233.032	4.55172	
-0.0290637	1.4531	0.171065	-201.29	-83.7255	17.2571	
-3.06287	0.918157	0.117293	-26.2932	-172.533	-22.8153	
-2.31877	1.04936	0.130482	-74.9931	-177.3	9.11427	
17.1633	4.48458	0.475789	-28.8818	239.316	-3.0326	
-2.63341	0.993882	0.124905	-13.4815	-190.514	-8.40179	
0.77919	1.59562	0.185391	-139.138	142.019	21.022	
-1.75453	1.14885	0.140482	-99.2044	-169.28	-3.43233	
-3.70353	0.805191	0.105938	-92.2985	-197.15	-2.35744	
-5.15662	0.548972	0.0801825	-39.9279	-197.537	7.38325	
-4.1107	0.733397	0.0987208	-92.4954	-182.17	0.314301	
-1.35491	1.21932	0.147565	-130.004	-165.24	12.405	
-4.0437	0.745211	0.0999084	-36.447	-208.437	-9.49279	
20.0699	4.99708	0.527305	-71.1112	226.597	-1.90882	
-2.59641	1.00041	0.125561	-116.22	-140.898	4.00308	
-5.29126	0.525232	0.0777962	-25.0525	-196.683	7.05398	
14.1071	3.94569	0.42162	-84.4862	227.251	8.1825	
-2.89847	0.947145	0.120207	-55.1412	-193.287	-1.21673	
16.0884	4.29505	0.456737	-76.134	220.057	-6.0953	
-3.48091	0.844446	0.109883	-99.523	-174.387	-2.49476	
-4.58346	0.650036	0.0903415	-19.8253	-165.942	-11.6126	
8.02291	2.87288	0.313781	-75.1429	172.917	7.16595	
-1.4198	1.20788	0.146415	-41.8147	-195.797	-2.93108	
-4.68013	0.632992	0.0886281	-15.8863	-232.536	16.0721	
10.3008	3.27453	0.354155	-65.4355	195.527	-7.37405	
12.9907	3.74884	0.401832	-72.5657	203.81	9.30216	
8.26208	2.91505	0.31802	-61.7811	213.189	-9.06504	
9.15812	3.07305	0.333902	-43.0048	207.893	3.95208	
8.70192	2.99261	0.325816	-56.262	169.347	5.43704	
-2.49541	1.01822	0.127351	-120.929	-114.032	-11.9425	
-6.25168	0.355885	0.0607735	21.2082	-265.312	-4.73066	
1.74056	1.76513	0.20243	-98.9134	157.052	1.77064	
-2.31705	1.04967	0.130512	-62.5253	-211.22	9.94456	
9.77931	3.18258	0.344912	-48.0121	196.25	-5.0497	
19.0028	4.80893	0.508392	-50.2332	226.953	1.70833	
-5.25594	0.53146	0.0784222	-29.6142	-249.321	-9.30491	
-7.11261	0.20408	0.045514	-10.9608	-183.962	-5.8989	
6.70068	2.63973	0.290345	-118.391	177.139	-1.48535	
2.2317	1.85173	0.211136	-120.726	152.112	4.78627	
-1.48388	1.19658	0.14528	-125.092	-150.155	-3.19981	
13.7265	3.87858	0.414874	-102.161	218.98	2.17227	
8.28495	2.91908	0.318426	-105.361	150.027	-1.30891	
6.92449	2.6792	0.294312	-56.9127	200.787	-6.55982	
-4.38763	0.684566	0.0938124	-60.6814	-193.398	2.23693	
14.556	4.02483	0.429575	-81.4963	224.866	2.57615	
17.7858	4.59434	0.486821	-78.1312	262.401	-7.48048	
12.8593	3.72566	0.399502	-81.7054	192.854	9.49115	
-3.96146	0.759712	0.101366	-88.0646	-216.115	-5.35436	
-6.22003	0.361466	0.0613344	-14.1712	-178.722	3.9513	
-1.40931	1.20972	0.146601	-168.559	-164.924	-9.01724	
-6.23224	0.359313	0.061118	-30.3121	-213.844	11.5456	
-4.85133	0.602804	0.0855937	-61.0676	-162.525	11.1337	
-3.81132	0.786185	0.104027	-89.2289	-197.59	9.70312	
16.3986	4.34974	0.462234	-58.008	185.548	-1.74698	
-4.8717	0.599212	0.0852326	0.370459	-200.77	4.19769	
-1.66896	1.16394	0.141999	-151.503	-162.777	1.18254	
-3.57354	0.828113	0.108242	-16.0306	-189.144	-13.0608	
1.73843	1.76476	0.202393	-142.438	152.149	-3.37476	
-3.06571	0.917658	0.117243	-56.4889	-154.406	-9.39681	
1.1676	1.6641	0.192275	-167.41	101.092	-2.52609	
-1.12629	1.25963	0.151618	-141.712	-188.186	-0.795672	
-2.80133	0.964274	0.121929	-75.8335	-192.723	8.82254	
12.3963	3.64403	0.391297	-27.6655	185.934	3.26874	
-5.57341	0.475482	0.0727953	3.80214	-183.652	12.2234	
1.05812	1.6448	0.190335	-151.85	140.009	14.0916	
0.328114	1.51608	0.177396	-149.566	139.557	21.5202	
-7.23981	0.181651	0.0432595	-5.45648	-201.08	-6.9375	
-1.11463	1.26169	0.151824	-131.534	-43.235	5.88476	
-1.41073	1.20947	0.146576	-167.2	-143.643	9.47435	
-1.04746	1.27353	0.153015	-167.028	-116.43	4.77558	
11.8655	3.55043	0.381888	-115.27	226.714	-9.90175	
-2.71379	0.97971	0.12348	-59.312	-163.905	6.92785	
-6.80248	0.258763	0.0510108	-19.5687	-203.635	7.07274	
-2.77075	0.969667	0.122471	-88.0085	-195.745	3.22139	
17.4048	4.52715	0.480068	-72.2256	214.876	2.25953	
6.50785	2.60573	0.286928	-65.4988	184.103	-1.66267	
13.6534	3.86569	0.413578	-60.0853	180.56	2.22631	
-1.79672	1.14141	0.139735	-156.393	-158.409	6.03721	
16.1851	4.31209	0.45845	-49.8075	230.266	5.55923	
2.51767	1.90216	0.216204	-56.4501	173.039	-4.82415	
-2.58165	1.00301	0.125822	-54.7632	-177.084	-9.43007	
15.1541	4.1303	0.440177	4.33615	242.758	6.63287	
-2.49531	1.01823	0.127353	-127.283	-209.638	-3.75649	
1.24071	1.67699	0.193571	-178.486	130.771	0.474763	
-2.75356	0.972697	0.122775	-96.3328	-133.12	1.93494	
-0.974049	1.28647	0.154316	-150.511	-159.274	-14.758	
-3.20767	0.892625	0.114726	-65.4047	-224.261	-10.1095	
-2.38162	1.03828	0.129368	-69.4638	-175.312	-3.91474	
-2.37105	1.04014	0.129555	-46.8472	-197.583	12.7685	
9.88124	3.20055	0.346719	-45.8282	170.648	1.3148	
-4.53132	0.659231	0.0912657	-42.6047	-198.963	3.30253	
6.9971	2.692	0.295599	-76.4323	208.883	0.999006	
-2.65532	0.99002	0.124516	-91.4366	-165.349	-2.60992	
-1.78621	1.14327	0.139921	-173.827	-160.541	1.61732	
8.28825	2.91967	0.318484	-51.5717	166.215	-4.97566	
9.9829	3.21848	0.348521	-80.6136	222.974	1.61296	
-4.61194	0.645015	0.0898367	-47.6648	-187.001	-0.803741	
13.4561	3.8309	0.410081	-86.4864	228.554	2.32747	
-1.93624	1.11681	0.137262	-35.6137	-190.054	-4.74531	
5.78234	2.47781	0.274068	-84.2455	192.612	13.4426	
-4.19191	0.719078	0.0972815	-59.1869	-173.851	-9.56275	
-2.40321	1.03447	0.128985	-106.453	-153.989	-7.7982	
16.9611	4.44892	0.472204	-57.2802	246.291	3.6829	
3.18753	2.02027	0.228077	-98.3216	157.1	5.07678	
11.1632	3.4266	0.36944	-28.8016	193.434	-3.22361	
10.1617	3.25001	0.35169	-20.634	240.2	8.44086	
-5.43247	0.500333	0.0752934	-18.7453	-185.257	1.30806	
10.3214	3.27816	0.35452	-58.5067	200.427	7.04039	
-0.172895	1.42774	0.168516	-234.63	25.7894	24.2223	
-3.30235	0.87593	0.113048	-9.71717	-203.324	3.25644	
-3.03371	0.923299	0.11781	-74.0315	-181.209	13.2563	
6.57525	2.61762	0.288122	-64.9068	191.035	11.1787	
3.0093	1.98884	0.224918	-80.9805	155.862	9.69845	
-2.65503	0.990072	0.124522	-44.9305	-143.298	6.77607	
11.6116	3.50567	0.377388	-70.488	181.671	5.89915	
-4.10742	0.733975	0.098779	-43.304	-141.797	-15.2003	
-6.00896	0.398682	0.0650754	-15	-199.526	7.5746	
-0.191391	1.42448	0.168188	-204.102	-26.4861	-11.6293	
-4.7037	0.628835	0.0882104	-62.157	-170.658	1.13119	
-2.75052	0.973233	0.122829	-97.7311	-167.334	-11.8086	
-3.5371	0.834538	0.108888	15.1258	-228.502	-2.71448	
-3.78206	0.791345	0.104546	-34.0656	-205.099	-3.4402	
12.2878	3.62489	0.389373	-46.3377	192.788	-3.14988	
6.96815	2.6869	0.295086	-61.5207	169.313	-0.739828	
-2.45778	1.02485	0.128018	-90.8389	-190.608	6.53228	
5.82483	2.4853	0.274821	-106.803	182.981	-2.26786	
-1.84181	1.13346	0.138935	-143.285	-120.629	5.55947	
13.0431	3.75807	0.40276	-94.5672	201.905	0.954294	
14.3602	3.99031	0.426105	-91.4574	179.517	-6.91508	
-2.36807	1.04067	0.129608	-60.7492	-205.875	-3.53218	
-3.28598	0.878818	0.113339	-65.7242	-158.555	-10.1553	
-2.60078	0.999636	0.125483	-126.168	-155.559	-9.83132	
11.966	3.56815	0.383669	-55.7483	213.369	3.8087	
0.791744	1.59783	0.185613	-190.473	99.6862	-5.47944	
-4.72978	0.624236	0.087748	-58.8399	-183.616	-6.14042	
-4.23173	0.712056	0.0965757	-4.63764	-208.267	-8.60148	
-2.51987	1.0139	0.126917	-49.0928	-142.969	-8.07566	
-1.84459	1.13297	0.138886	-149.699	-123.15	-5.25668	
-2.3281	1.04772	0.130316	-113.129	-153.024	-1.37651	
9.4806	3.12991	0.339618	-42.3595	238.252	-3.80889	
6.27192	2.56413	0.282746	-140.276	160.234	-3.4234	
-4.79089	0.613461	0.0866649	-2.27797	-201.057	1.39158	
-2.22046	1.0667	0.132224	-60.092	-158.343	10.0155	
-4.84289	0.604293	0.0857433	11.477	-231.409	-1.03662	
-0.153298	1.43119	0.168863	-147.413	30.432	4.24635	
-3.16139	0.900786	0.115547	-48.7809	-152.053	12.0439	
-2.76362	0.970924	0.122597	-158.024	-148.563	-11.7525	
-2.45678	1.02503	0.128035	-89.5798	-188.923	-12.1393	
-4.286	0.702487	0.0956138	-4.79405	-208.284	-6.14859	
14.6053	4.03353	0.430449	-43.3563	227.992	6.17083	
4.34428	2.22424	0.24858	-89.5508	180.715	-8.62181	
13.3894	3.81913	0.408898	-82.2835	204.988	-0.341597	
-5.42509	0.501634	0.0754241	-29.8089	-175.454	1.84073	
2.64609	1.9248	0.21848	-131.477	140.806	4.76322	
-4.39251	0.683706	0.0937259	24.3377	-202.341	-0.475896	
5.03558	2.34613	0.260833	-74.2949	144.949	-4.78235	
-4.02518	0.748476	0.100237	-25.5039	-159.671	-2.62895	
10.9336	3.38611	0.365371	-34.0065	233.289	8.14632	
-1.57929	1.17975	0.143588	-156.414	-131.369	0.685192	
6.14169	2.54117	0.280438	-49.3421	162.289	3.05062	
-3.48605	0.84354	0.109792	19.0134	-188.782	6.60287	
-5.29158	0.525176	0.0777906	-34.2815	-206.465	-10.363	
-7.50133	0.135537	0.0386241	1.71708	-194	-2.06208	
11.4768	3.48189	0.374999	-70.7908	217.778	1.44759	
4.34513	2.22439	0.248595	-55.6718	160.212	-2.66803	
7.38279	2.76001	0.302435	-42.1053	161.266	-11.8614	
22.7946	5.47754	0.5756	-58.1612	208.234	5.26005	
6.93465	2.68099	0.294492	-117.753	222.581	8.886	
-2.92481	0.942501	0.11974	-50.5977	-186.4	14.2085	
-3.34737	0.867992	0.11225	-72.4434	-182.484	-6.94428	
9.0966	3.0622	0.332811	-71.1671	201.732	5.78549	
10.9147	3.38277	0.365035	-105.424	184.702	2.94425	
-2.50398	1.01671	0.127199	-57.5221	-166.591	0.188856	
-3.8163	0.785308	0.103939	-67.7775	-175.145	6.28042	
-2.87739	0.950862	0.12058	-29.772	-170.525	-5.39528	
6.16085	2.54455	0.280777	-66.5751	219.81	12.6562	
-6.50014	0.312073	0.0563695	-67.6258	-182.108	5.92562	
-2.31832	1.04944	0.13049	-46.7891	-173.866	-4.28358	
12.7929	3.71397	0.398327	-16.876	243.525	0.34546	
-2.17332	1.07501	0.13306	-55.6674	-161.664	-8.74422	
6.13064	2.53922	0.280242	-82.7391	190.487	-2.25256	
-2.43761	1.02841	0.128375	-69.6184	-208.449	-10.3009	
15.307	4.15727	0.442887	-93.0849	233.644	-4.20027	
-1.94916	1.11453	0.137033	-156.367	-149.884	-6.00005	
8.03522	2.87505	0.313999	-29.472	181.579	1.84338	
14.8485	4.07641	0.43476	-74.3528	248.367	-6.52336	
-3.23718	0.887422	0.114203	-12.9435	-180.708	-10.1204	
-4.13618	0.728904	0.0982692	12.4321	-199.988	1.24021	
9.557	3.14338	0.340972	-122.581	235.996	-21.532	
11.5178	3.48912	0.375726	-56.3037	218.116	-2.20645	
-7.69642	0.101138	0.0351664	-5.48401	-158.649	2.62197	
-2.44258	1.02753	0.128287	-97.5852	-198.697	-0.578624	
-3.5503	0.832211	0.108654	-46.2586	-155.672	1.74569	
-2.64246	0.992286	0.124744	-33.2337	-166.349	6.8142	
-1.08516	1.26688	0.152347	-198.218	-134.282	-2.06456	
-3.83449	0.7821	0.103616	-62.4542	-182.436	5.37759	
11.3714	3.4633	0.37313	-23.9313	209.856	-2.11603	
2.68986	1.93252	0.219256	-99.4742	143.164	-4.06731	
11.916	3.55934	0.382784	-93.7785	209.733	1.1417	
-3.35791	0.866134	0.112063	-22.0557	-201.545	8.67411	
-1.55815	1.18348	0.143963	-172.546	-140.493	5.60992	
-5.50743	0.487115	0.0739647	-0.491263	-181.467	2.15741	
2.58884	1.91471	0.217466	-106.517	141.392	7.04169	
4.64068	2.2765	0.253833	-124.791	176.81	22.1516	
-1.64831	1.16758	0.142365	-147.133	-108.173	6.72522	
11.4033	3.46893	0.373696	-55.1025	210.492	5.9498	
-2.53068	1.012	0.126726	-106.539	-187.826	-8.04433	
-3.04193	0.921849	0.117664	-42.4664	-161.591	-7.11827	
-2.20156	1.07003	0.132559	-99.6496	-148.272	11.8662	
15.0938	4.11967	0.439108	-63.2356	235.414	-9.85961	
12.3909	3.64307	0.391201	-45.0392	232.896	1.13223	
17.0788	4.46968	0.474291	-45.7674	250.568	-4.94196	
-2.72013	0.978591	0.123368	-96.3071	-188.069	-1.3262	
-4.70103	0.629306	0.0882576	-48.4684	-184.203	1.79572	
-5.72226	0.449236	0.070157	-41.4041	-202.089	7.87705	
13.1759	3.7815	0.405115	-65.0966	204.974	-2.57041	
-5.0239	0.572376	0.0825351	-73.3351	-158.448	1.48659	
0.0427956	1.46577	0.172339	-185.837	-13.0874	2.87285	
13.2234	3.78986	0.405956	-94.5731	229.201	0.918721	
-2.05138	1.09651	0.135221	-147.04	-139.829	9.79251	
-3.22715	0.889191	0.114381	-58.2406	-202.608	-7.69883	
-6.06306	0.389144	0.0641166	20.1707	-183.109	17.3476	
-3.98328	0.755865	0.100979	-25.2748	-224.51	3.79953	
13.7326	3.87965	0.414981	-27.0211	220.86	-1.1023	
-0.778774	1.32091	0.157777	-198.098	-141.447	-13.6639	
-5.00745	0.575275	0.0828265	-18.6358	-155.832	9.80906	
-5.17027	0.546566	0.0799407	-27.4426	-205.758	-2.6295	
-6.22943	0.359808	0.0611678	-16.8291	-184.247	-16.6427	
-2.02423	1.1013	0.135702	-51.2168	-197.44	-15.3555	
-3.82814	0.783219	0.103729	-95.4863	-151.828	13.2946	
22.6172	5.44625	0.572455	-27.8938	234.305	-3.29911	
9.98625	3.21907	0.34858	-77.0947	220.334	-3.58652	
-0.972029	1.28683	0.154352	-158.262	-95.2328	-1.9144	
-3.95387	0.76105	0.101501	-134.325	-161.522	-2.57042	
-3.55474	0.831428	0.108575	-76.136	-143.926	-7.43631	
8.98773	3.043	0.330882	-64.853	178.434	3.76068	
-5.621	0.46709	0.0719517	29.4827	-209.143	-3.74185	
20.9481	5.15194	0.542871	-54.7658	224.244	-8.46866	
6.75751	2.64975	0.291353	-116.408	128.48	-2.38714	
12.9663	3.74453	0.401399	-17.6619	252.195	6.30683	
10.1113	3.24111	0.350796	-81.3383	171.547	-5.79028	
-3.67647	0.809963	0.106417	-7.26369	-201.029	-10.662	
13.9118	3.91125	0.418157	-62.4264	208.847	5.0503	
2.43722	1.88797	0.214778	-173.767	172.094	-8.52878	
-3.033	0.923425	0.117822	-69.3558	-158.626	5.15088	
4.10824	2.18262	0.244396	-76.5466	164.416	-10.6311	
2.55232	1.90827	0.216818	-122.29	150.222	13.4726	
3.58152	2.08974	0.23506	-107.042	155.443	-4.79061	
-1.60371	1.17545	0.143156	-101.728	-161.421	5.52543	
13.9027	3.90965	0.417997	-71.3483	234.226	-3.7485	
21.6612	5.27768	0.555511	-42.4558	251.825	0.353747	
-4.6314	0.641584	0.0894918	-17.2795	-156.62	-3.56283	
-4.71654	0.626572	0.0879828	-70.5227	-193.699	5.11118	
15.4382	4.1804	0.445213	-70.3755	237.5	3.83218	
-0.325541	1.40082	0.16581	-165.964	-41.8022	-11.1155	
-3.20822	0.892529	0.114717	-12.2014	-225.024	-17.024	
-3.89631	0.7712	0.102521	-1.144	-145.538	-6.45166	
10.7546	3.35455	0.362198	-48.586	221.482	-1.60381	
-2.13361	1.08201	0.133763	-76.472	-189.26	-3.85486	
-4.1131	0.732974	0.0986784	-86.3323	-175.933	-6.49742	
-3.23995	0.886933	0.114154	-51.1329	-197.23	-0.72013	
9.99707	3.22098	0.348772	-37.4553	218.473	-9.86435	
-5.05749	0.566453	0.0819397	0.0386355	-176.712	-9.69938	
-6.31428	0.344846	0.0596638	-63.2218	-196.91	4.28768	
-5.42072	0.502406	0.0755017	0.576225	-192.566	-4.28575	
7.52383	2.78488	0.304935	-93.5369	181.748	1.43561	
-0.204358	1.42219	0.167958	-219.373	-22.7891	-2.16736	
-2.8083	0.963045	0.121805	-85.1222	-152.521	-6.03195	
1.97038	1.80566	0.206504	-165.915	89.3481	-1.12809	
-4.54332	0.657114	0.0910529	-46.3214	-246.248	1.83206	
10.2538	3.26624	0.353322	-40.0986	162.483	-6.62377	
-3.11077	0.909712	0.116444	-79.4121	-173.34	-7.02367	
-0.238662	1.41614	0.16735	-161.97	-35.6362	8.94849	
8.23134	2.90963	0.317475	-65.3158	175.013	6.6589	
17.0769	4.46934	0.474257	-15.1345	263.055	-0.708184	
3.2954	2.03929	0.229989	-146.69	129.198	-5.27372	
10.3456	3.28242	0.354948	-41.8545	234.543	0.693201	
4.5275	2.25654	0.251827	-35.6073	215.727	-0.669841	
-2.64541	0.991767	0.124692	-41.7356	-213.184	-0.65515	
13.5833	3.85332	0.412335	-56.5352	213.095	-2.46696	
14.8173	4.07092	0.434207	-70.441	212.465	4.30392	
-2.78845	0.966545	0.122157	-64.7874	-161.564	-9.90746	
-5.14495	0.55103	0.0803894	-30.0773	-228.396	13.4993	
-3.81932	0.784775	0.103885	-34.1917	-195.414	6.63645	
2.9442	1.97737	0.223764	-105.024	192.894	9.95682	
0.157536	1.486	0.174372	-235.776	-26.6885	-3.11532	
2.83836	1.9587	0.221888	-92.206	177.758	2.01313	
-1.05206	1.27272	0.152933	-136.856	-107.523	-1.61005	
-4.26235	0.706656	0.0960329	-20.5166	-235.336	1.53717	
0.837085	1.60582	0.186417	-143.938	143.8	24.0256	
-4.80122	0.611639	0.0864818	-14.8697	-203.44	-5.59715	
-0.415035	1.38504	0.164224	-204.845	-49.0898	-2.64079	
-3.02882	0.924161	0.117896	-72.2991	-198.365	10.2989	
3.35404	2.04963	0.231028	-69.1004	197.446	-4.77579	
-0.84574	1.3091	0.15659	-197.474	-139.868	-14.8298	
6.34845	2.57763	0.284102	-85.652	217.676	4.97587	
-2.53895	1.01054	0.126579	-67.2892	-174.573	8.44815	
-1.50806	1.19231	0.144851	-118.728	-222.133	-10.6387	
-5.0576	0.566433	0.0819377	-1.6629	-186.558	4.8526	
-3.94871	0.76196	0.101592	-30.2677	-159.242	-19.6929	
4.99025	2.33814	0.260029	-84.9819	189.406	7.08597	
-5.1065	0.55781	0.0810709	-73.3267	-167.654	-2.94152	
1.83665	1.78208	0.204134	-109.12	176.294	-10.9837	
-4.30935	0.69837	0.0951999	-72.6572	-182.242	9.74904	
3.34362	2.0478	0.230844	-82.7375	205.902	-7.49496	
13.7134	3.87627	0.414642	-62.3614	222.874	4.26359	
5.41726	2.41343	0.267598	-80.7929	167.961	3.04625	
-2.46722	1.02319	0.12785	-119.534	-185.833	2.48724	
-2.14441	1.08011	0.133572	-101.912	-211.005	10.9985	
3.64682	2.10126	0.236218	-92.3614	179.707	2.1766	
-1.80131	1.1406	0.139653	-88.7047	-164.867	-14.5794	
-0.972632	1.28672	0.154341	-172.726	-146.629	-13.1218	
-4.92652	0.589546	0.084261	-41.8946	-174.727	-12.554	
16.1945	4.31376	0.458618	-66.7287	216.074	-0.953628	
-4.60233	0.646709	0.090007	-75.6753	-161.625	-6.1914	
-2.74676	0.973895	0.122896	-22.0939	-151.06	2.31773	
-1.81337	1.13848	0.13944	-78.954	-168.427	1.73879	
-4.65847	0.63681	0.089012	-56.8003	-197.033	-7.56752	
10.9075	3.3815	0.364908	-27.3387	233.115	-8.60165	
16.2569	4.32475	0.459722	-64.1538	234.342	-2.79275	
-4.83556	0.605584	0.0858731	-12.974	-149.85	-13.7708	
2.42793	1.88633	0.214614	-74.1185	200.592	7.49834	
16.9796	4.45219	0.472533	-56.9202	191.415	6.05723	
12.8542	3.72477	0.399412	-71.0943	169.244	-3.02149	
-1.42419	1.2071	0.146337	-112.171	-210.755	1.75736	
-2.48871	1.0194	0.12747	-71.5842	-163.553	9.22046	
5.74119	2.47055	0.273339	-51.111	206.366	-1.7567	
-3.60038	0.82338	0.107766	-27.6319	-155.36	2.72462	
-6.48336	0.315033	0.0566671	-51.8603	-221.349	-12.1438	
-4.36054	0.689343	0.0942925	-54.8033	-176.067	-2.44398	
-3.39286	0.859972	0.111444	-54.4061	-168.27	2.77074	
6.47716	2.60032	0.286384	-118.22	174.606	-4.32423	
16.31	4.33411	0.460663	-37.4901	228.815	8.01347	
0.428647	1.53381	0.179178	-188.999	104.223	22.0951	
13.7316	3.87947	0.414964	-40.8263	222.919	3.77991	
-4.84423	0.604056	0.0857196	4.6611	-178.679	-7.36166	
-1.45906	1.20095	0.145719	-153.07	-195.36	2.67751	
3.90117	2.14611	0.240726	-57.5057	194.017	3.7533	
-1.73583	1.15215	0.140814	-65.3209	-74.4082	5.3085	
6.31852	2.57235	0.283572	-91.8755	168.009	-6.14971	
2.51916	1.90242	0.216231	-94.6342	187.144	16.6444	
16.0735	4.29241	0.456472	8.53233	196.723	2.44994	
13.8872	3.90691	0.417722	-104.139	215.387	1.90881	
-2.07212	1.09285	0.134853	-95.0103	-142.052	6.18032	
-0.810648	1.31529	0.157212	-132.291	-117.433	-13.2562	
-0.213673	1.42055	0.167793	-213.475	-15.9094	-0.883793	
0.0249245	1.46262	0.172022	-150.022	-54.7466	-0.780759	
-5.12587	0.554396	0.0807277	-37.5752	-192.254	-4.18555	
3.30531	2.04104	0.230165	-57.6467	161.028	-0.933855	
0.73991	1.58869	0.184695	-234.215	65.7093	-0.765783	
16.5794	4.38162	0.465439	-83.4683	227.211	-2.56754	
-4.38163	0.685624	0.0939187	-39.2297	-198.052	-1.77857	
13.3036	3.804	0.407377	-62.5908	248.109	-1.41496	
-3.66694	0.811644	0.106586	-51.9549	-140.611	-6.685	
-3.64958	0.814704	0.106894	-20.2725	-223.344	13.3311	
7.72039	2.81954	0.308419	-57.865	213.666	0.759137	
2.86371	1.96317	0.222338	-125.261	122.484	-3.85438	
-6.1373	0.376053	0.0628007	-18.1234	-190.842	-12.9048	
21.2567	5.20635	0.548341	-76.3628	211.075	3.1389	
-6.42939	0.324548	0.0576235	42.7266	-219.845	6.90069	
-5.14649	0.550759	0.0803622	16.732	-201.412	11.319	
-4.15635	0.725348	0.0979118	-42.5938	-157.27	1.89143	
14.0277	3.93169	0.420213	-83.9106	211.613	-5.66829	
-0.279766	1.40889	0.166622	-164.016	-35.6371	20.9477	
-1.73208	1.15281	0.14088	-74.5035	-192.818	16.5699	
3.92138	2.14967	0.241084	-65.1542	170.596	1.50026	
2.30002	1.86378	0.212347	-157.718	109.69	-21.2436	
3.65012	2.10184	0.236276	-103.052	164.037	4.92848	
11.1799	3.42955	0.369737	-70.0971	192.127	-1.89029	
-2.35217	1.04347	0.12989	-10.7888	-229.894	-6.81689	
9.6618	3.16186	0.342829	-83.8521	198.369	-4.52483	
6.51795	2.60751	0.287107	-32.3544	200.614	2.04357	
-3.71546	0.803088	0.105726	-68.1255	-155.148	3.43085	
2.31705	1.86678	0.212648	-142.284	121.382	2.04867	
-3.61054	0.821589	0.107586	0.117373	-177.778	-16.8647	
15.0464	4.11131	0.438267	-38.5153	225.235	0.160206	
-6.5502	0.303248	0.0554824	-22.0821	-216.854	-0.254729	
-2.2126	1.06808	0.132363	-48.3051	-210.378	-4.43419	
18.1736	4.66272	0.493696	-54.4631	201.516	3.90802	
15.1446	4.12863	0.440009	-62.8134	237.156	-4.63055	
-2.63262	0.994021	0.124919	-102.1	-154.559	3.66366	
7.81169	2.83564	0.310037	-117.332	220.57	-6.76881	
16.0007	4.27958	0.455182	-25.5579	244.153	2.2366	
-3.77607	0.7924	0.104652	-83.8064	-162.929	7.8085	
5.27171	2.38777	0.265018	-80.3679	195.57	-2.35282	
-5.77998	0.439058	0.0691339	-14.0869	-186.165	14.5733	
5.898	2.4982	0.276118	-86.4825	203.729	-0.908852	
-4.2926	0.701322	0.0954967	29.9555	-222.821	8.66359	
10.9307	3.3856	0.365319	-43.2808	182.477	-3.06393	
-2.62335	0.995656	0.125083	-74.7682	-177.06	-6.27079	
7.95819	2.86147	0.312634	-66.8056	184.905	-3.40403	
-2.05979	1.09503	0.135072	-61.0699	-156.836	-4.75306	
-5.67419	0.457712	0.0710091	0.460549	-211.746	12.6583	
1.64245	1.74783	0.200692	-225.299	176.789	-1.56329	
-5.70884	0.451602	0.0703949	-35.8704	-180.648	-0.982846	
-2.37191	1.03999	0.12954	-86.138	-134.15	15.4077	
-4.89265	0.595517	0.0848612	-45.5877	-187.822	3.89448	
4.56643	2.26341	0.252517	-133.9	140.378	-15.1945	
14.2511	3.97107	0.424171	-83.8663	259.325	-4.04723	
-6.46391	0.318462	0.0570117	-34.8236	-206.402	-12.2252	
15.7872	4.24193	0.451397	-94.7967	236.724	-1.91294	
12.5905	3.67827	0.394739	-111.226	183.97	6.66904	
14.3909	3.99574	0.42665	-40.9718	226.967	-7.2877	
-2.35551	1.04288	0.12983	-112.45	-152.482	14.608	
-2.55216	1.00821	0.126345	-36.0462	-131.387	-5.09709	
0.382043	1.52559	0.178352	-139.613	69.0788	1.23097	
8.82247	3.01386	0.327953	-72.2015	154.962	4.3279	
17.8925	4.61315	0.488712	-13.8027	224.952	9.6656	
10.4371	3.29857	0.356571	-92.1249	208.498	-7.23668	
-4.47714	0.668784	0.092226	-2.46865	-181.936	-7.23699	
8.22767	2.90898	0.31741	-75.9044	207.716	8.95684	
-1.34392	1.22126	0.14776	-139.309	-134.846	6.13787	
-4.53778	0.658092	0.0911512	-37.4736	-155.121	-0.816107	
14.1	3.94443	0.421493	-96.9721	217.733	-6.6913	
-2.0963	1.08859	0.134425	-16.721	-146.184	-1.30889	
-2.32323	1.04858	0.130403	-61.6454	-181.92	8.31821	
8.65415	2.98418	0.324969	-76.7166	233.903	1.20194	
-3.87805	0.774418	0.102844	-19.7011	-208.806	4.36611	
4.897	2.3217	0.258376	-68.3669	153.787	-3.60474	
19.7401	4.93894	0.521461	-88.8709	236.88	1.5228	
16.4445	4.35783	0.463048	-43.206	206.436	0.759175	
-3.98795	0.755041	0.100897	-56.7399	-191.772	-15.662	
-3.93935	0.763611	0.101758	-25.9871	-186.898	-4.10678	
8.3126	2.92396	0.318916	-53.0643	221.107	4.29836	
15.7465	4.23475	0.450676	-85.5826	223.395	-3.65089	
25.5702	5.96693	0.624794	-17.2281	234.636	3.46013	
-5.03685	0.570091	0.0823054	-34.9886	-183.318	-5.65158	
0.158689	1.48621	0.174393	-182.039	-59.2254	-8.64712	
2.50419	1.89978	0.215965	-87.7122	134.649	-1.90044	
-1.83829	1.13408	0.138998	-79.494	-136.831	-6.17189	
-5.53796	0.481733	0.0734237	-6.77919	-200.734	2.10342	
-5.48304	0.491417	0.0743971	5.0996	-182.808	-1.41716	
1.49018	1.72098	0.197993	-213.109	127.725	-0.694144	
-3.39905	0.858879	0.111334	-25.8108	-160.754	-8.76436	
11.8966	3.55592	0.38244	-57.0763	210.498	-6.43007	
6.29802	2.56874	0.283209	-16.9048	184.336	3.36984	
9.52156	3.13713	0.340344	-92.0175	166.642	2.45799	
-2.94384	0.939145	0.119403	-41.638	-177.754	4.69693	
10.3179	3.27755	0.354458	-63.2651	201.784	1.87612	
9.59083	3.14935	0.341571	-67.9677	221.977	8.05456	
-3.85949	0.777692	0.103173	-56.2366	-195.805	15.6895	
-3.9046	0.769737	0.102374	-31.0074	-207.668	-1.90795	
12.2394	3.61636	0.388515	-54.5976	237.004	1.88767	
-1.778	1.14472	0.140066	-164.628	-121.705	5.08299	
4.84778	2.31302	0.257504	-61.3754	149.494	-3.96814	
2.90577	1.97059	0.223083	-103.601	178.75	0.661516	
12.7944	3.71422	0.398353	-2.65303	229.811	3.57142	
-4.42726	0.677579	0.09311	-13.6501	-181.975	-5.36406	
-2.72613	0.977533	0.123261	-37.7888	-185.577	13.4316	
10.8696	3.37484	0.364238	-94.9501	195.95	2.05891	
-0.29717	1.40583	0.166313	-222.736	62.346	-11.6814	
4.34932	2.22513	0.248669	-72.0717	184.108	-2.04534	
-5.62165	0.466976	0.0719402	-8.08523	-185.726	1.14979	
1.58729	1.73811	0.199714	-152.543	134.007	9.8048	
-5.2474	0.532966	0.0785736	-9.35525	-159.658	0.0989255	
1.70299	1.75851	0.201765	-185.328	137.896	3.37561	
1.58697	1.73805	0.199708	-90.1795	186.094	3.70207	
16.485	4.36497	0.463766	-77.4806	219.371	0.446015	
7.94487	2.85912	0.312398	-77.443	231.162	2.79402	
-5.52073	0.48477	0.0737289	4.27919	-186.112	-5.25374	
-2.26791	1.05833	0.131383	-39.1325	-195.002	-0.889826	
-1.98694	1.10787	0.136363	-50.6379	-192.867	-13.4751	
-4.17128	0.722715	0.0976471	-66.0093	-172.444	6.48302	
-3.1209	0.907924	0.116264	-77.4848	-205.163	5.7092	
-4.84228	0.604399	0.085754	-6.63821	-201.642	-2.08759	
-4.30305	0.699481	0.0953116	-29.1236	-202.291	5.72627	
-3.75636	0.795876	0.105001	6.75327	-177.071	-0.979887	
4.78839	2.30255	0.256451	-81.7866	209.288	-13.2458	
-2.31081	1.05077	0.130623	-113.237	-202.66	0.528151	
-3.6195	0.820008	0.107427	-81.5344	-163.779	14.8941	
8.14654	2.89468	0.315972	-94.1685	227.107	-2.95649	
9.45987	3.12625	0.33925	-106.898	185.365	-2.61668	
-5.38464	0.508767	0.0761411	-45.974	-169.424	-16.262	
-3.57445	0.827953	0.108226	-61.756	-154.531	-4.74287	
2.6875	1.9321	0.219215	-128.293	167.358	-4.79325	
-0.795342	1.31798	0.157483	-165.774	-136.336	-12.8505	
-4.95796	0.584001	0.0837036	-50.6575	-202.524	-3.33717	
-3.4974	0.841538	0.109591	-94.3539	-181.286	2.43626	
1.22701	1.67458	0.193328	-163.148	131.153	3.12637	
-2.38259	1.03811	0.12935	-103.807	-173.112	-1.06843	
-4.00995	0.751161	0.100506	-91.6411	-207.133	-5.86159	
-4.18114	0.720976	0.0974723	-39.2782	-229.228	4.55571	
-1.61166	1.17404	0.143015	-111.495	-183.225	15.0465	
8.74215	2.9997	0.326529	-112.338	222.955	-3.4527	
10.5403	3.31676	0.3584	-46.9887	224.882	-9.67751	
6.4372	2.59328	0.285675	-79.3847	142.386	-1.87528	
9.89503	3.20298	0.346963	-97.0644	194.929	-10.6012	
-0.968625	1.28743	0.154412	-89.9687	-145.017	-8.66997	
-4.7875	0.614059	0.086725	-14.1853	-171.476	-11.4613	
-3.63871	0.816621	0.107086	-3.92107	-139.677	1.01857	
-2.81153	0.962475	0.121748	-49.0364	-155.101	-3.61332	
-0.616048	1.3496	0.160661	-183.676	-3.22958	-5.71531	
1.92624	1.79787	0.205722	-116.825	122.985	5.69479	
-1.93052	1.11782	0.137363	-108.838	-123.328	13.7918	
-5.49705	0.488946	0.0741487	-41.1799	-191.131	-1.08371	
-3.67757	0.809769	0.106398	-38.813	-178.143	-1.95872	
-1.82144	1.13705	0.139296	-86.4189	-195.56	11.2161	
-5.56501	0.476962	0.0729441	-18.8554	-195.253	-11.3644	
3.93652	2.15234	0.241353	-116.935	147.11	-14.2689	
-1.76556	1.14691	0.140287	-115.612	-97.0846	5.80115	
-1.6451	1.16815	0.142422	-134.116	-68.9897	13.3517	
-2.7505	0.973237	0.122829	-40.6991	-179.984	-4.05248	
1.40461	1.70589	0.196476	-182.16	60.2884	-11.6124	
-5.66184	0.459889	0.071228	20.8698	-222.222	-19.9981	
8.38669	2.93702	0.320229	-29.4496	182.345	-11.4056	
2.04572	1.81894	0.207839	-106.656	113.022	15.4497	
-3.78603	0.790645	0.104475	-69.2333	-153.522	14.8111	
-3.91589	0.767746	0.102174	-31.7009	-187.698	14.7541	
8.84917	3.01857	0.328426	-91.482	219.737	-1.44516	
-5.39842	0.506338	0.0758969	-4.07314	-167.303	-14.675	
-6.26532	0.353478	0.0605315	5.16838	-160.862	-9.61491	
-2.22786	1.06539	0.132093	-2.83629	-185.254	-8.88134	
-3.45258	0.849441	0.110386	-27.5123	-181.089	-3.8663	
-2.19084	1.07192	0.132749	-118.401	-136.714	10.914	
6.95267	2.68417	0.294812	-81.2873	186.333	7.05809	
12.7948	3.7143	0.39836	-28.0231	192.698	2.28607	
10.0434	3.22915	0.349593	-48.8927	200.407	1.61579	
-1.45883	1.20099	0.145723	-120.533	-199.541	12.3507	
-1.96392	1.11193	0.136771	-133.65	-143.866	12.6331	
-3.28112	0.879674	0.113425	-48.995	-188.742	-9.21447	
13.3043	3.80414	0.407391	-39.5362	231.099	7.0657	
9.29482	3.09715	0.336325	-69.0655	166.991	7.37493	
-1.45405	1.20184	0.145808	-158.451	-145.558	14.6295	
-1.23547	1.24038	0.149682	-113.688	-48.0067	3.4141	
-4.81842	0.608607	0.086177	-0.424313	-193.834	4.99422	
0.153067	1.48521	0.174293	-192.093	81.0822	1.60755	
-2.06381	1.09432	0.135001	-101.144	-190.052	4.94356	
7.70919	2.81756	0.308221	-57.7368	166.556	-4.94775	
-1.75531	1.14872	0.140469	-77.742	-81.1201	17.0497	
-3.21518	0.891302	0.114593	-18.3555	-124.631	6.59757	
-3.80846	0.786689	0.104078	-89.3984	-161.272	-1.54937	
6.14679	2.54207	0.280528	-54.5808	179.426	8.64619	
4.19139	2.19728	0.24587	-75.3919	139.432	-2.25445	
-1.64732	1.16776	0.142383	-96.7234	-146.591	-8.7596	
8.50353	2.95763	0.3223	-59.8686	167.798	-2.81607	
12.5009	3.66246	0.39315	-60.0599	200.837	1.34903	
-3.17131	0.899037	0.115371	-44.301	-147.33	-6.21265	
-4.56401	0.653466	0.0906862	-48.5159	-199.765	7.48961	
-5.13294	0.553149	0.0806024	-79.4713	-181.085	30.4638	
-3.23105	0.888502	0.114312	-64.2278	-191.052	4.55324	
2.81786	1.95509	0.221525	-79.5076	191.221	-5.81831	
2.19778	1.84575	0.210534	-157.495	70.7166	-7.16771	
13.9426	3.91668	0.418704	-66.4325	212.033	0.484112	
13.7017	3.87421	0.414435	-100.149	222.791	2.18773	
-2.82798	0.959575	0.121456	-99.7418	-213.26	-3.88709	
-3.05332	0.919842	0.117462	-49.1694	-162.462	-14.4793	
-5.19178	0.542774	0.0795595	28.1056	-180.874	15.828	
10.2321	3.26242	0.352938	-66.2017	228.742	2.23655	
13.6608	3.86698	0.413708	-73.4562	209.144	1.59957	
-6.33339	0.341476	0.0593251	-43.1519	-218.727	-0.355982	
7.58921	2.79641	0.306094	-67.0584	213.229	-2.39084	
8.63135	2.98016	0.324565	-100.531	204.886	-1.00486	
-1.54877	1.18513	0.144129	-141.369	-180.146	-5.36972	
-2.75414	0.972596	0.122765	-68.825	-189.729	3.3936	
-1.33296	1.22319	0.147954	-176.565	-150.754	-1.31775	
6.27253	2.56424	0.282757	-97.8059	191.907	7.83226	
1.19821	1.6695	0.192818	-145.955	166.315	18.4166	
10.6282	3.33225	0.359957	-31.1054	211.14	3.69587	
16.3158	4.33514	0.460767	-33.369	270.719	2.6138	
-2.68795	0.984266	0.123938	-101.583	-188.846	-1.27992	
-4.98664	0.578946	0.0831955	-46.2544	-201.725	-3.52559	
9.42144	3.11948	0.338569	-78.7351	240.885	-14.381	
11.9174	3.55958	0.382808	-36.4806	221.161	0.634715	
8.91726	3.03058	0.329633	-65.4654	203.173	3.99084	
15.606	4.20998	0.448186	-68.4406	223.699	3.76422	
0.566181	1.55806	0.181615	-231.503	73.6029	-17.5531	
-2.0345	1.09949	0.13552	-129.29	-187.586	0.982587	
-2.105	1.08706	0.134271	-86.9742	-152.266	-1.02086	
-3.37642	0.862871	0.111736	-41.4676	-177.839	12.4259	
-3.08584	0.914108	0.116886	-74.4667	-178.632	-7.79126	
3.71685	2.11361	0.237459	-73.5371	140.552	0.671205	
12.7851	3.71259	0.398188	-51.9041	237.904	-6.88081	
-1.38318	1.21433	0.147064	-162.592	-101.748	2.32214	
5.89234	2.4972	0.276018	-32.7189	175.094	5.1312	
15.9226	4.26582	0.453799	-68.411	267.61	2.9255	
13.5452	3.84661	0.41166	-104.406	205.087	8.8534	
5.40267	2.41086	0.267339	-60.0217	172.713	5.33058	
13.3606	3.81407	0.408389	-63.7504	196.488	-3.60517	
-6.63482	0.288327	0.0539825	3.61818	-236.632	7.93779	
5.24742	2.38349	0.264587	-96.8434	179.902	-8.19409	
-2.88249	0.949963	0.12049	-79.6711	-173.978	-1.47266	
-2.66403	0.988484	0.124362	-61.9246	-149.542	3.33602	
-1.937	1.11668	0.137248	-131.658	-178.961	11.6235	
-6.41654	0.326814	0.0578513	-37.0541	-176.721	13.5875	
14.9141	4.08798	0.435923	-59.672	186.231	1.25115	
3.11784	2.00798	0.226842	-131.271	134.696	0.187879	
8.13433	2.89253	0.315756	-46.3833	179.575	14.2812	
2.03437	1.81694	0.207638	-131.147	135.047	-6.76115	
-5.89812	0.418226	0.06704	-32.6627	-191.981	-9.17508	
4.05115	2.17255	0.243384	-122.774	162.385	-5.70566	
-5.24527	0.533341	0.0786113	-21.4227	-170.357	-15.1989	
-2.93379	0.940918	0.119581	-42.7663	-172.606	-8.83889	
-4.85121	0.602825	0.0855958	-7.74162	-169.456	-3.75385	
-2.53589	1.01108	0.126633	-92.7981	-187.694	-2.55446	
13.6229	3.8603	0.413037	-124.45	194.616	-2.85008	
14.2801	3.97618	0.424685	-96.6163	225.392	-5.4034	
0.490204	1.54466	0.180269	-171.896	159.728	9.9049	
1.32431	1.69174	0.195053	-134.388	151.857	3.11496	
1.51016	1.72451	0.198347	-141.434	128.914	-4.07177	
-3.70232	0.805405	0.105959	-51.8162	-147.663	12.358	
-3.57174	0.828431	0.108274	-45.1209	-215.998	4.70541	
-3.36707	0.864518	0.111901	-37.9998	-187.627	9.76054	
6.76471	2.65103	0.29148	-90.5247	193.286	1.54754	
-2.29374	1.05378	0.130925	-47.2153	-137.174	-10.2115	
-4.4339	0.676408	0.0929923	-61.4504	-178.635	7.74167	
-3.76154	0.794964	0.10491	48.1584	-182.806	5.66119	
-1.37117	1.21645	0.147277	-168.068	-75.9284	0.0349884	
-2.96458	0.935489	0.119035	-86.9744	-175.084	5.92767	
9.62462	3.1553	0.34217	-3.82905	183.835	10.3338	
-2.43247	1.02931	0.128466	-61.4163	-154.938	4.60156	
1.42508	1.7095	0.196839	-147.362	155.979	5.16642	
11.7334	3.52714	0.379548	-67.9952	222.686	-5.45054	
5.46155	2.42124	0.268383	-80.7504	173.2	9.33831	
1.97318	1.80615	0.206554	-111.195	133.97	-2.03748	
-2.8421	0.957084	0.121206	-12.8494	-208.657	-6.16467	
-4.90118	0.594014	0.0847101	44.5653	-189.804	9.68964	
15.9011	4.26202	0.453417	-79.3573	224.979	-1.28205	
1.7208	1.76165	0.20208	-134.773	197.45	-0.37314	
-3.9648	0.759124	0.101307	-4.05491	-133.665	-3.28484	
12.385	3.64204	0.391097	-79.2269	222.218	19.4707	
-3.69395	0.806881	0.106107	-3.60726	-197.059	-6.55832	
-3.64743	0.815084	0.106932	-21.4835	-202.787	-3.78066	
-4.13895	0.728415	0.0982201	-69.8176	-98.6797	-2.13167	
-1.19294	1.24788	0.150436	-119.798	-110.863	4.91954	
-1.01625	1.27903	0.153568	-143.395	-114.126	1.62011	
-4.49757	0.665182	0.0918639	-7.47337	-201.847	-12.8875	
4.04071	2.17071	0.243199	-127.524	133.362	2.27763	
2.26815	1.85816	0.211782	-134.862	123.224	3.33731	
3.07967	2.00125	0.226165	-113.486	145.784	3.78857	
-4.19866	0.717887	0.0971618	-8.36254	-197.202	-9.19748	
-3.96811	0.758539	0.101248	-27.408	-152.156	-9.89724	
-1.71956	1.15502	0.141102	-155.237	-179.114	6.42958	
1.29654	1.68684	0.194561	-164.266	140.576	-0.302629	
13.6386	3.86308	0.413316	-50.9916	243.987	-5.71459	
-6.47972	0.315675	0.0567315	-12.3569	-196.355	6.04383	
2.74467	1.94218	0.220228	-140.051	111.725	-10.6403	
-3.64499	0.815514	0.106975	28.0161	-196.073	2.31999	
-2.54882	1.0088	0.126404	-101.695	-176.081	16.4459	
15.1913	4.13687	0.440837	-30.8431	199.786	3.03397	
12.6411	3.68719	0.395636	-38.9779	268.441	0.804797	
-3.1831	0.896958	0.115162	-20.5651	-190.204	-10.5625	
-2.28939	1.05454	0.131002	-138.402	-145.559	4.51995	
-4.61491	0.644491	0.089784	-56.3281	-195.147	3.27744	
-2.34922	1.04399	0.129942	-69.4053	-183.195	-17.0384	
8.6269	2.97938	0.324486	-78.8686	211.559	-4.21878	
-4.12253	0.73131	0.0985111	-63.3501	-172.585	13.7593	
-4.62176	0.643283	0.0896626	-40.9891	-172.821	0.396045	
-1.62005	1.17257	0.142866	-135.056	-136.077	-11.7046	
-2.24125	1.06303	0.131856	-101.008	-147.567	13.3511	
-3.37446	0.863217	0.11177	-83.9839	-169.93	18.3123	
-2.61594	0.996963	0.125214	-79.9518	-147.793	-14.7726	
-4.04716	0.7446	0.099847	-15.9499	-153.171	4.42855	
5.35571	2.40258	0.266507	-95.911	171.804	7.6598	
8.00203	2.8692	0.313411	-77.7982	189.421	-0.697966	
-2.42254	1.03107	0.128642	-85.5383	-173.155	3.11096	
7.11485	2.71276	0.297686	-104.279	188.327	8.03682	
18.1917	4.66591	0.494016	-25.1626	215.967	2.40438	
6.06238	2.52719	0.279032	-91.352	168.429	1.966	
14.4305	4.00271	0.427352	-42.4971	239.032	-3.41619	
-5.1365	0.552521	0.0805392	-16.3914	-175.382	11.0198	
18.9861	4.80598	0.508096	-69.2881	245.67	1.92598	
-4.03392	0.746934	0.100082	-50.4131	-185.841	-12.08	
-0.287787	1.40748	0.166479	-164.838	-62.6928	-4.94922	
4.19965	2.19873	0.246016	-77.5808	128.452	-15.1372	
-3.36871	0.86423	0.111872	-5.06987	-178.055	-4.14765	
-7.23433	0.182617	0.0433566	-70.3869	-228.546	7.87734	
-2.57549	1.0041	0.125931	-88.1476	-159.304	1.04705	
-1.60022	1.17606	0.143217	-108.428	-186.1	10.8111	
13.203	3.78626	0.405594	-62.493	204.699	0.0829863	
-2.80313	0.963957	0.121897	-47.1862	-178.01	-5.7742	
3.42209	2.06163	0.232235	-131.14	171.745	11.892	
-2.30176	1.05236	0.130783	-37.909	-213.013	-8.09318	
-6.68985	0.278623	0.0530071	35.6299	-178.501	-13.4864	
6.47024	2.5991	0.286261	-59.4614	191.667	-0.24468	
11.2463	3.44125	0.370913	-94.6916	192.252	0.307417	
8.97302	3.04041	0.330621	-30.1336	176.328	0.992817	
-3.75865	0.795473	0.104961	-46.8994	-238.865	6.78747	
-2.32746	1.04783	0.130328	-137.874	-110.01	8.85342	
-4.95593	0.58436	0.0837397	31.5535	-181.363	-3.01786	
5.30142	2.39301	0.265544	-67.0435	190.601	-3.2561	
1.43699	1.7116	0.19705	-142.164	149.19	1.30962	
-3.40974	0.856996	0.111145	-24.4632	-188.233	-10.2203	
-2.19008	1.07205	0.132763	-76.2321	-161.787	-7.9095	
-1.97273	1.11038	0.136615	-139.553	-169.935	8.60045	
-4.40012	0.682365	0.0935911	-50.5398	-215.94	-0.945092	
-1.87808	1.12707	0.138292	-117.45	-114.772	2.69339	
7.73595	2.82228	0.308695	-50.6814	231.92	-2.61618	
-5.20128	0.541098	0.079391	-13.8547	-202.532	4.61845	
8.87976	3.02396	0.328968	-45.9954	201.812	-1.63595	
1.61149	1.74237	0.200143	-83.9791	113.74	-0.783491	
7.73203	2.82159	0.308625	-71.744	172.866	-8.25803	
14.0159	3.92961	0.420004	-46.3071	207.877	-0.431228	
-5.86065	0.424834	0.0677042	24.0078	-225.223	9.80928	
-2.19393	1.07138	0.132694	-54.9029	-175.49	-4.30151	
-4.3598	0.689474	0.0943057	-13.8722	-227.505	-5.52562	
-3.09334	0.912786	0.116753	-24.783	-178.119	-5.59878	
-0.715317	1.33209	0.158902	-211.213	-138.776	11.5337	
0.133731	1.4818	0.173951	-201.082	30.6644	9.7074	
-2.71359	0.979744	0.123484	-16.6949	-198.146	-7.32893	
-4.54869	0.656167	0.0909577	-22.2605	-196.274	-6.95836	
-5.93169	0.412308	0.0664451	-65.0165	-223.072	-4.37662	
0.662398	1.57502	0.183321	-214.009	34.8126	0.808352	
-2.66266	0.988725	0.124386	-18.1895	-169.116	17.0112	
17.5875	4.55938	0.483308	-53.2431	251.12	3.0495	
12.3128	3.6293	0.389816	-46.6844	218.14	6.16492	
6.93907	2.68177	0.294571	-56.6384	198.26	-2.19279	
-0.47486	1.37449	0.163164	-159.596	-62.7516	-8.54228	
-3.65726	0.813351	0.106758	-87.1758	-130.796	4.13655	
2.38155	1.87816	0.213792	-89.8922	133.662	7.61967	
-3.90727	0.769267	0.102326	-5.48615	-197.105	1.80296	
-4.16663	0.723535	0.0977295	-41.0195	-137.356	-4.30818	
-1.65954	1.1656	0.142166	-158.808	-124.275	-1.41827	
-4.83207	0.6062	0.0859351	-60.7476	-196.577	-1.58694	
-3.53583	0.834762	0.10891	-71.3578	-168.515	10.5292	
-0.264216	1.41164	0.166897	-244.391	-1.37315	18.0742	
-0.455563	1.3779	0.163506	-143.415	-30.1977	-9.91334	
2.50574	1.90005	0.215993	-105.48	159.117	-13.364	
-2.80795	0.963108	0.121811	-105.518	-147.888	2.47235	
-3.33205	0.870693	0.112522	-94.77	-207.2	-0.173114	
-2.95305	0.937522	0.119239	-20.8453	-195.437	25.1956	
-5.75736	0.443046	0.0695349	29.857	-206.942	-4.39805	
-3.01692	0.92626	0.118107	-61.8344	-168.819	5.80316	
6.9198	2.67837	0.294229	-88.5459	161.188	6.23343	
-1.303	1.22847	0.148485	-142.225	-163.657	3.26787	
-3.26419	0.88266	0.113725	-65.8938	-110.314	1.34123	
2.73926	1.94123	0.220132	-148.812	108.119	4.05798	
0.319131	1.5145	0.177237	-234.298	8.77954	2.29101	
3.49371	2.07426	0.233504	-138.628	152.921	-9.64492	
-6.58418	0.297255	0.05488	19.5399	-183.196	-5.15101	
-4.93252	0.588488	0.0841547	-9.033	-181.534	-7.05716	
22.0662	5.34909	0.562689	-46.9928	246.089	-4.0594	
12.6729	3.6928	0.3962	-70.9714	192.929	-11.7305	
7.49843	2.7804	0.304485	-45.032	156.87	10.6534	
5.19134	2.3736	0.263593	-79.9913	205.249	13.1769	
18.4623	4.71362	0.498812	-14.7348	241.194	6.41411	
-3.96971	0.758258	0.10122	-61.1587	-160.086	4.87809	
-4.866	0.600217	0.0853336	2.2802	-208.535	3.6624	
-4.67019	0.634743	0.0888042	16.0903	-170.97	-2.35674	
-3.11044	0.90977	0.11645	-57.728	-165.203	-1.47063	
-4.67895	0.633199	0.088649	-30.1492	-187.672	-17.264	
4.90284	2.32273	0.25848	-35.7473	194.654	3.04341	
13.6477	3.86469	0.413477	-24.0805	250.212	2.3288	
20.6965	5.10758	0.538412	-59.2432	224.656	-1.32126	
-1.78812	1.14293	0.139887	-153.427	-91.8066	17.7196	
1.06545	1.64609	0.190465	-184.821	99.6353	-7.84686	
7.68263	2.81288	0.30775	-80.1623	177.291	4.36017	
-4.60574	0.646109	0.0899467	-55.5303	-187.697	-12.1208	
19.7014	4.93211	0.520774	-61.5538	223.326	-1.14655	
-5.41241	0.503871	0.0756489	-0.462597	-148.53	-1.652	
-0.935061	1.29335	0.155007	-163.275	-73.8257	1.21621	
0.215121	1.49616	0.175393	-139.174	26.9697	-0.395106	
-0.80541	1.31621	0.157305	-167.047	-13.8707	0.584663	
12.2278	3.61432	0.38831	-37.9521	228.213	5.4883	
-5.30396	0.522993	0.0775711	-8.72186	-186.578	-10.0452	
-3.59861	0.823692	0.107797	-42.9043	-174.63	1.71731	
-5.11194	0.556851	0.0809745	11.0838	-197.773	1.27966	
0.657838	1.57422	0.18324	-177.468	23.6021	-5.35903	
-0.920648	1.29589	0.155262	-116.686	-158.202	0.161952	
-3.90616	0.769463	0.102346	-53.8314	-199.539	-1.92754	
-6.09258	0.383937	0.0635933	-52.1072	-190.143	-9.82603	
-4.57721	0.651139	0.0904523	-72.3282	-167.37	-7.59306	
3.40475	2.05857	0.231927	-122.276	190.897	2.03393	
1.92497	1.79765	0.205699	-79.8911	209.809	0.592871	
-4.45727	0.672287	0.0925781	4.56294	-193.987	12.487	
-4.65714	0.637045	0.0890356	-57.2688	-168.564	-2.48461	
-0.874612	1.30401	0.156078	-198.83	-50.5634	13.4815	
-1.97591	1.10982	0.136559	-128.114	-137.552	5.42451	
16.0566	4.28943	0.456172	-80.902	211.61	1.29064	
-3.94136	0.763256	0.101722	-10.5907	-150.28	-10.5634	
10.458	3.30225	0.356941	-11.2186	212.865	-2.27204	
-0.68918	1.3367	0.159365	-235.836	34.4781	12.6759	
13.9401	3.91623	0.418658	-72.3011	216.632	3.58929	
-1.36952	1.21674	0.147306	-93.4834	-170.619	-12.8585	
-2.68879	0.984118	0.123923	-16.1144	-218.385	6.95224	
19.5708	4.90908	0.518459	-38.1893	198.922	-2.21695	
-5.15992	0.548391	0.0801241	-18.6599	-216.56	-7.43288	
-3.86866	0.776075	0.103011	-36.2667	-163.81	-13.4164	
-0.68798	1.33691	0.159386	-183.745	-111.958	15.1932	
-5.11967	0.555488	0.0808375	18.6588	-216.241	6.83426	
15.0945	4.11978	0.43912	-82.1776	208.91	5.41797	
-2.35614	1.04277	0.129819	-92.3003	-188.986	5.71774	
7.00757	2.69385	0.295785	-87.1278	168.907	-8.99509	
-2.70315	0.981586	0.123669	-32.9153	-163.573	6.16848	
-2.62632	0.995134	0.125031	-35.1409	-154.392	8.64593	
-3.30666	0.87517	0.112972	-21.5294	-195.268	6.24829	
10.0774	3.23514	0.350195	-42.659	191.51	-4.02851	
0.858212	1.60955	0.186792	-199.701	55.2232	-3.12072	
17.9162	4.61733	0.489133	-46.6204	243.262	3.64297	
0.824829	1.60366	0.1862	-201.594	80.8608	-23.3384	
0.23912	1.50039	0.175819	-245.262	14.4884	4.93317	
2.81556	1.95468	0.221484	-122.059	145.595	-3.55696	
-4.15845	0.724977	0.0978745	-40.0167	-165.939	-3.86437	
-0.927055	1.29476	0.155149	-207.615	-43.2903	1.62561	
-2.49042	1.0191	0.127439	-81.2712	-217.627	0.352805	
3.47673	2.07127	0.233203	-101.659	174.403	8.28505	
-6.36065	0.33667	0.058842	2.89017	-194.386	4.20316	
0.713376	1.58401	0.184224	-144.119	104.681	-2.73704	
10.487	3.30737	0.357456	-50.0956	192.11	9.7693	
9.31838	3.10131	0.336742	-97.4772	193.395	-3.78577	
1.53029	1.72806	0.198704	-167.225	127.359	-6.30472	
-5.53979	0.48141	0.0733912	12.0957	-191.476	-2.24943	
14.5086	4.01648	0.428736	-70.9909	192.35	-3.06785	
-1.39477	1.21229	0.146859	-138.308	-158.641	15.174	
10.6075	3.32862	0.359592	-51.4059	233.772	-3.76648	
5.84319	2.48854	0.275147	-127.901	144.42	-4.30713	
5.31288	2.39503	0.265748	-81.5564	162.195	-0.198775	
3.74418	2.11842	0.237943	-73.6003	161.03	-7.89336	
4.37059	2.22888	0.249046	-38.8216	163.869	9.02509	
13.051	3.75947	0.4029	-58.4091	196.015	4.10848	
-0.212452	1.42076	0.167815	-203.295	-46.8279	-7.16424	
-5.87183	0.422862	0.067506	-0.96392	-203.695	-2.4809	
-1.15606	1.25438	0.15109	-160.76	-137.939	-9.50962	
-4.89141	0.595736	0.0848832	0.180353	-183.41	5.57782	
-4.93312	0.588381	0.0841439	-35.108	-159.488	-1.98344	
-1.56238	1.18274	0.143888	-123.249	-150.242	17.3211	
11.5539	3.49548	0.376365	-36.6375	209.518	-11.348	
10.4577	3.3022	0.356936	-32.7729	263.434	-7.10305	
19.4635	4.89016	0.516557	-96.0853	252.282	-0.66459	
6.0237	2.52037	0.278346	-109.692	186.429	-10.7153	
14.7623	4.06121	0.433232	-66.3057	199.514	8.09507	
2.30618	1.86487	0.212456	-153.518	113.46	-1.40457	
14.8302	4.07319	0.434436	-51.1998	278.655	-3.89684	
15.9264	4.26648	0.453865	-51.6572	230.255	4.52659	
10.6667	3.33905	0.360641	-26.788	227.199	-6.86006	
-5.11795	0.555791	0.0808679	-37.6508	-210.605	5.47606	
10.7536	3.35437	0.362181	-40.0391	235.031	-6.84799	
-4.44211	0.67496	0.0928468	-50.5885	-184.669	0.484256	
4.67817	2.28311	0.254498	-74.7757	152.957	-4.05495	
4.85196	2.31376	0.257578	-61.041	156.994	13.4668	
9.53608	3.13969	0.340601	-44.8269	191.23	-10.0783	
-3.99466	0.753857	0.100778	-37.395	-146.26	12.2438	
2.29808	1.86344	0.212312	-57.4885	171.02	0.900584	
7.555	2.79037	0.305488	-97.9231	188.887	7.24159	
-2.51433	1.01488	0.127016	-55.3684	-214.257	-9.56127	
-1.68461	1.16118	0.141722	-115.415	-190.986	-1.38937	
11.2577	3.44326	0.371116	-9.50128	219.366	1.78185	
-1.89727	1.12369	0.137953	-54.2785	-180.705	2.88163	
-2.55567	1.00759	0.126283	-50.4072	-173.333	5.40288	
1.56232	1.7337	0.199271	-183.707	123.55	4.1605	
-3.6869	0.808125	0.106232	-80.3535	-203.237	8.61455	
6.96778	2.68683	0.29508	-68.1164	182.31	-5.27658	
-3.37609	0.862928	0.111741	-49.1213	-199.406	-11.7629	
-1.58626	1.17852	0.143465	-115.389	-90.6858	-4.97367	
-0.495566	1.37084	0.162797	-148.349	-40.1164	11.9694	
-2.42109	1.03132	0.128668	-49.2452	-182.198	1.69784	
2.20869	1.84768	0.210728	-106.73	145.73	6.99667	
8.54164	2.96435	0.322975	-89.3258	197.589	3.95141	
14.9275	4.09035	0.436161	-77.9491	219.965	-2.96178	
3.99557	2.16275	0.242399	-33.751	197.448	10.097	
-4.66773	0.635177	0.0888478	20.3536	-181.849	-5.66209	
4.35589	2.22629	0.248786	-108.615	169.075	4.22242	
16.606	4.38631	0.465911	-59.7314	245.091	-3.93645	
9.70055	3.16869	0.343516	-60.0706	181.909	-7.09704	
-4.37953	0.685995	0.093956	-9.9929	-213.678	2.34801	
-5.67326	0.457876	0.0710256	-63.7273	-179.839	8.64434	
-3.7596	0.795305	0.104944	-31.8725	-207.687	1.44082	
-1.60175	1.17579	0.14319	-141.636	-134.194	-1.33118	
9.21441	3.08297	0.3349	-59.6916	209.946	-11.7353	
16.4768	4.36352	0.46362	-38.497	205.098	2.51355	
15.0343	4.10918	0.438053	-53.7129	197.853	0.637908	
-4.13999	0.728231	0.0982016	-51.8962	-195.808	-9.49862	
-4.53747	0.658146	0.0911566	-26.1033	-193.462	2.43432	
-3.60096	0.823278	0.107756	-86.7485	-182.268	-5.79838	
-1.66307	1.16498	0.142103	-112.39	-150.06	-15.6838	
12.5401	3.66938	0.393845	20.0006	198.878	-5.89729	
-5.90472	0.417062	0.066923	-52.0164	-167.783	-7.15669	
-3.75931	0.795356	0.104949	-52.9849	-154.785	0.422126	
-2.51004	1.01564	0.127091	-96.4942	-177.149	4.44436	
-0.424925	1.3833	0.164049	-210.934	-52.562	-15.0804	
3.54312	2.08297	0.23438	-107.81	132.86	-14.3346	
6.45597	2.59659	0.286008	-95.6362	176.14	-1.98413	
-4.7689	0.617338	0.0870547	-28.2386	-181.207	-8.89025	
-2.65169	0.990659	0.124581	-74.8867	-193.648	11.4794	
0.146191	1.484	0.174171	-235.11	89.4822	8.87422	
5.24273	2.38266	0.264504	-77.4224	202.5	-7.55859	
-1.26591	1.23501	0.149143	-167.414	-102.481	-5.83983	
-3.58975	0.825254	0.107954	-52.8154	-192.557	-3.70783	
-2.07821	1.09178	0.134745	-80.1839	-150.635	-5.62295	
-0.906409	1.2984	0.155515	-145.599	-92.8644	9.81293	
-4.43293	0.676579	0.0930095	-46.8426	-169.101	-0.378808	
-5.31717	0.520664	0.077337	-51.0069	-199.194	8.09493	
-2.85308	0.95515	0.121011	-71.5296	-205.382	8.53872	
-4.16244	0.724274	0.0978039	-39.4323	-182.507	2.66986	
0.7639	1.59292	0.18512	-202.686	119.814	9.33964	
10.2488	3.26536	0.353233	-24.0895	202.986	2.09488	
10.2717	3.26941	0.35364	-46.6358	221.202	-1.41914	
7.96972	2.8635	0.312838	-67.0854	190.577	-0.00584242	
-4.3303	0.694676	0.0948286	-6.35006	-149.965	3.65757	
-6.80708	0.257953	0.0509293	28.5501	-225.146	10.6128	
10.3209	3.27809	0.354512	-117.633	191.904	5.92248	
8.43369	2.94531	0.321062	-54.2435	200.014	10.157	
-2.99136	0.930766	0.11856	-89.9209	-158.402	10.0003	
-3.2062	0.892885	0.114753	-24.7127	-184.448	16.0031	
-1.18219	1.24977	0.150627	-153.465	-194.791	-17.9653	
5.45474	2.42004	0.268262	-104.345	177.15	12.4105	
11.6259	3.50818	0.377641	-30.037	226.87	5.22046	
13.3316	3.80895	0.407875	-63.0051	214.713	-0.521999	
4.87385	2.31761	0.257966	-83.9881	173.097	-2.97069	
-2.27891	1.05639	0.131188	-92.035	-207.42	2.05276	
3.53629	2.08177	0.234259	-117.598	187.216	5.31695	
-0.47861	1.37383	0.163097	-189.418	-143.357	-0.157124	
8.56301	2.96811	0.323354	-54.9556	149.97	11.3542	
-1.68537	1.16105	0.141708	-122.001	-146.561	-21.685	
3.79394	2.1272	0.238825	-44.7183	184.805	1.08672	
-6.79305	0.260426	0.051178	-27.7314	-165.124	17.2756	
-0.0453473	1.45023	0.170777	-212.559	29.2208	19.7138	
-4.07589	0.739534	0.0993378	-33.7707	-172.873	4.98649	
-2.3513	1.04363	0.129905	-98.7937	-175.068	6.27053	
13.7582	3.88417	0.415435	-37.9826	202.25	-4.60735	
4.39864	2.23382	0.249543	-42.4576	166.639	-1.85346	
-4.3334	0.694129	0.0947736	-20.8368	-155.075	1.93199	
13.4765	3.8345	0.410443	-65.2143	224.526	2.62461	
3.19054	2.0208	0.22813	-149.505	173.396	-6.47827	
-1.70099	1.15829	0.141431	-52.2673	-204.833	-0.90244	
7.86755	2.84548	0.311027	-32.1163	205.727	12.1593	
-4.74235	0.62202	0.0875252	-85.4945	-166.318	2.57729	
14.7739	4.06326	0.433438	-48.4537	221.722	-9.05972	
-3.18876	0.895959	0.115062	-90.6183	-186.608	-13.026	
6.48313	2.60138	0.28649	-84.3925	178.414	6.1616	
-5.17929	0.544976	0.0797808	-51.2078	-183.161	-7.9776	
11.5661	3.49764	0.376582	-94.1233	201.448	-4.43719	
-4.26014	0.707047	0.0960721	8.32574	-214.236	-15.5532	
-0.521536	1.36626	0.162336	-148.576	-151.751	-8.07972	
-4.69858	0.629737	0.088301	-41.2122	-195.698	-9.88446	
-1.60647	1.17496	0.143107	-27.5984	-209.84	9.96013	
8.11774	2.8896	0.315462	-43.0792	156.503	-8.69102	
-0.848611	1.30859	0.156539	-204.715	-92.5739	19.8682	
4.71592	2.28977	0.255167	-77.2722	168.932	-6.85896	
3.57543	2.08867	0.234952	-63.3788	171.942	-0.27556	
9.27322	3.09334	0.335942	-86.5628	233.992	11.6256	
7.46926	2.77526	0.303968	-137.675	191.766	-6.93456	
2.29102	1.86219	0.212187	-170.036	110.059	5.90808	
7.0093	2.69415	0.295815	-96.7215	158.751	10.5417	
8.67664	2.98815	0.325368	-86.9225	206.543	-13.5927	
-6.18915	0.36691	0.0618817	-1.76389	-194.144	18.8384	
3.52399	2.0796	0.234041	-109.309	145.768	9.50383	
1.54223	1.73016	0.198915	-159.216	88.7352	13.4931	
-4.08058	0.738707	0.0992547	3.98241	-184.533	-11.1377	
7.90495	2.85208	0.31169	-102.672	170.848	0.125958	
-3.93772	0.763898	0.101787	-22.4223	-147.914	4.97105	
7.74211	2.82337	0.308804	-89.6745	160.066	-16.8187	
12.0121	3.57629	0.384487	-33.1541	230.195	-1.01962	
-3.27723	0.880361	0.113494	5.9071	-199.052	6.88076	
10.6137	3.32971	0.359701	-10.6602	207.247	-4.20501	
9.83755	3.19285	0.345944	-68.5403	207.531	4.06458	
19.3206	4.86497	0.514025	-50.7212	228.97	-4.54832	
-4.52863	0.659704	0.0913133	-24.6216	-156.428	2.11498	
-1.93084	1.11776	0.137357	-89.1651	-156.347	6.4248	
-6.40824	0.328278	0.0579984	-22.0641	-214.55	18.5048	
12.0279	3.57907	0.384767	-42.4526	198.826	-17.5321	
5.49055	2.42636	0.268897	-88.109	190.865	1.7069	
-2.91747	0.943796	0.11987	0.992743	-180.227	-3.01876	
-7.33253	0.165301	0.041616	-19.0256	-208.582	23.5716	
11.0844	3.4127	0.368043	-21.1473	203.344	-12.7767	
-1.43207	1.20571	0.146198	-133.157	-165.325	4.86181	
1.25227	1.67903	0.193776	-183.811	80.4102	-1.8826	
-4.13856	0.728485	0.0982271	31.9954	-198.14	-10.8863	
2.11669	1.83145	0.209097	-167.187	106.944	-16.0221	
-2.00839	1.10409	0.135983	-68.7191	-157.999	1.63615	
4.93852	2.32902	0.259112	-100.998	197.65	12.3874	
8.62505	2.97905	0.324454	-68.2802	181.507	-10.4785	
-4.35955	0.689517	0.0943101	4.05986	-177.121	9.75114	
6.75471	2.64926	0.291303	-85.7056	192.854	-13.5245	
0.448969	1.53739	0.179538	-118.473	-40.9809	-2.25021	
-1.35696	1.21896	0.147529	-82.7867	-181.771	-3.60619	
3.86825	2.1403	0.240142	-63.2562	149.046	-1.60357	
-4.64946	0.638399	0.0891716	-13.1296	-195.261	4.43402	
-5.43169	0.500471	0.0753072	-23.7085	-183.136	13.1646	
-3.53569	0.834787	0.108913	-91.9395	-203.847	2.03178	
-3.99025	0.754635	0.100856	-27.0273	-169.378	6.16078	
-0.314598	1.40275	0.166004	-138.602	0.892089	-13.4459	
5.98522	2.51358	0.277664	-107.486	190.127	-2.00978	
-1.33382	1.22304	0.147939	-173.374	-116.93	-4.28667	
-6.90698	0.240337	0.0491586	-21.5281	-163.004	2.62269	
-5.59411	0.471832	0.0724284	53.8379	-171.433	-18.7907	
3.66981	2.10531	0.236625	-119.691	136.888	12.222	
-5.55675	0.47842	0.0730906	26.7594	-177.855	-3.56382	
-4.81275	0.609606	0.0862774	-50.9255	-189.802	-3.88721	
12.6031	3.68049	0.394962	-48.6329	263.108	-2.86957	
-0.916277	1.29666	0.15534	-110.181	-93.8079	6.79766	
-0.324979	1.40092	0.16582	-225.533	-66.4784	9.73606	
-1.81047	1.13899	0.139491	-94.6256	-192.818	-7.2247	
6.00954	2.51787	0.278095	-93.9259	159.941	3.53609	
-5.87485	0.42233	0.0674525	-3.43239	-153.54	-4.96846	
-3.52077	0.837418	0.109177	-28.0113	-182.676	12.8187	
-1.45084	1.2024	0.145865	-183.524	-156.66	-5.09164	
9.81084	3.18814	0.345471	-93.8066	207.115	-9.80863	
-1.52394	1.18951	0.144569	-61.9251	-173.674	10.1626	
2.89996	1.96957	0.22298	-107.002	173.454	1.06265	
4.39279	2.23279	0.24944	-55.0005	206.849	0.0598674	
-1.89443	1.12418	0.138003	-103.894	-131.282	-7.13544	
-3.44888	0.850094	0.110451	-44.2506	-208.699	-1.64607	
-0.30944	1.40366	0.166096	-186.151	25.996	11.353	
7.8082	2.83502	0.309976	-86.5659	178.529	7.24961	
19.5151	4.89926	0.517472	-41.2997	262.048	-9.06032	
3.27404	2.03553	0.229611	-84.4195	147.644	-6.81518	
8.61087	2.97655	0.324202	-32.2294	169.372	-1.11192	
2.7897	1.95012	0.221026	-76.8498	165.877	-2.11763	
0.864856	1.61072	0.186909	-146.326	167.355	-11.6508	
2.41963	1.88487	0.214467	-103.228	133.616	-0.651402	
11.1506	3.42437	0.369217	-61.8557	235.149	6.14591	
-4.14844	0.726743	0.098052	-50.5354	-221.297	-3.86227	
5.82984	2.48618	0.27491	-142.347	175.687	4.46717	
-0.378372	1.39151	0.164874	-167.079	-181.145	-10.9476	
-1.2155	1.2439	0.150036	-118.368	-131.439	-2.62605	
-1.6532	1.16672	0.142278	-99.3623	-192.304	-8.75943	
-1.31858	1.22572	0.148209	-179.075	-133.746	-5.4943	
-4.7995	0.611943	0.0865123	-61.6169	-200.583	-3.72548	
18.391	4.70106	0.497549	-18.9203	202.961	3.93675	
2.28703	1.86149	0.212116	-72.6886	154.496	-5.25137	
-1.86329	1.12968	0.138555	-99.3318	-194.692	-16.0105	
-6.62268	0.290467	0.0541976	-8.59527	-179.018	7.14462	
-5.13265	0.5532	0.0806075	-59.9376	-195.939	0.227034	
-3.95689	0.760517	0.101447	-118.827	-165.416	6.28427	
5.41039	2.41222	0.267476	-37.0282	172.893	-12.1904	
-2.25723	1.06021	0.131572	-109.638	-162.002	9.2065	
6.13919	2.54073	0.280393	-74.2317	159.458	-10.8824	
2.7073	1.93559	0.219565	-83.3252	166.833	-2.78588	
10.1453	3.24711	0.351399	-42.3492	207.038	-4.74185	
-5.19932	0.541444	0.0794258	-20.7265	-208.032	-0.402697	
-5.94596	0.409792	0.0661921	-31.281	-180.067	-17.3582	
-5.02845	0.571572	0.0824543	-75.8506	-181.59	-3.78442	
-2.87756	0.950833	0.120577	-88.0766	-170.369	-0.930948	
-5.50221	0.488036	0.0740573	-32.7577	-215.044	12.8754	
9.61294	3.15325	0.341963	-111.901	168.426	-2.26182	
7.1277	2.71503	0.297914	-36.8743	158.178	4.4659	
7.60168	2.79861	0.306315	-47.1451	175.681	-3.81525	
-4.24835	0.709125	0.096281	27.8129	-196.407	-1.80652	
8.21248	2.90631	0.317141	-62.879	177.339	2.71869	
11.8226	3.54286	0.381128	-75.5625	193.306	-8.64198	
-3.01075	0.927347	0.118217	-9.5594	-193.56	2.42878	
3.14035	2.01195	0.227241	-121.791	227.783	1.0924	
-2.76732	0.970272	0.122531	-41.0012	-170.185	2.95378	
16.1548	4.30675	0.457913	-87.3569	206.324	0.398347	
2.84254	1.95944	0.221962	-75.9301	173.404	10.5044	
-7.02896	0.218829	0.0469966	-77.5531	-157.395	-20.3269	
13.6464	3.86446	0.413455	-68.9973	238.78	3.13606	
10.937	3.38671	0.365432	-98.9582	189.202	-6.10595	
2.83999	1.95899	0.221917	-146.818	141.184	-0.287432	
12.19	3.60765	0.38764	-78.8129	221.021	4.35742	
-2.243	1.06272	0.131825	-28.6208	-190.236	-8.67819	
10.2597	3.26728	0.353426	-71.9897	203.655	3.04478	
12.579	3.67625	0.394535	-71.0655	243.454	-2.03043	
-4.66035	0.636479	0.0889786	-20.9659	-170.922	0.570541	
9.87823	3.20002	0.346665	-83.427	223.159	9.69486	
8.99035	3.04347	0.330928	-101.643	209.421	-11.5291	
-6.11296	0.380344	0.0632321	16.8965	-172.087	-10.6581	
-6.71775	0.273704	0.0525126	-14.3677	-225.72	0.813224	
-4.4518	0.673251	0.092675	-20.031	-188.137	3.36605	
-2.1057	1.08693	0.134258	-108.659	-108.73	-10.3052	
-4.71733	0.626431	0.0879687	-18.944	-179.563	-6.57922	
-3.94829	0.762034	0.101599	-54.3626	-151.531	5.93038	
0.306371	1.51225	0.17701	-249.124	80.9092	7.69903	
-5.32186	0.519837	0.0772538	-41.7302	-159.252	-5.87141	
-4.06633	0.741221	0.0995074	16.6937	-175.556	-5.8332	
-2.75701	0.97209	0.122714	-88.5241	-199.815	-6.78527	
-2.47086	1.02255	0.127786	-31.542	-208.603	6.30947	
12.7435	3.70525	0.397451	-38.9407	209.136	2.56809	
-1.57328	1.18081	0.143695	-153.522	-124.505	-9.66879	
-0.309762	1.4036	0.16609	-193.017	-48.695	7.87075	
-6.75058	0.267915	0.0519307	-19.4536	-234.637	1.793	
12.5606	3.67299	0.394208	-10.9108	226.568	8.45157	
-2.50639	1.01628	0.127156	-106.344	-181.297	8.85277	
-1.99242	1.10691	0.136266	-44.228	-199.68	3.27737	
-0.277414	1.40931	0.166663	-219.682	-44.5434	2.35034	
19.2886	4.85933	0.513458	-120.668	205.419	2.29479	
-2.44297	1.02746	0.12828	-115.26	-134.091	-2.35808	
-2.92866	0.941822	0.119672	-83.7526	-175.816	11.3823	
-5.04809	0.568109	0.0821062	-55.0107	-176.925	17.6934	
-4.49571	0.66551	0.0918968	18.9916	-159.413	0.452658	
-2.37903	1.03874	0.129413	-22.2332	-213.143	10.2564	
-1.94657	1.11499	0.137079	-143.814	-220.301	5.38226	
-5.80843	0.434041	0.0686297	11.0681	-213.187	-8.85404	
11.3053	3.45165	0.371959	-88.1073	243.098	-8.32943	
13.5166	3.84157	0.411154	-32.4993	208.421	12.4685	
-2.68276	0.985181	0.12403	-67.5533	-153.044	-12.8721	
-0.948097	1.29105	0.154776	-221.422	-46.5467	11.3112	
1.52491	1.72711	0.198608	-129.389	127.078	-4.29928	
-0.669611	1.34015	0.159712	-239.508	-131.179	-6.36719	
9.34267	3.10559	0.337173	-10.7225	225.99	-0.624088	
-3.65082	0.814487	0.106872	-55.7708	-221.932	10.7712	
-1.64581	1.16802	0.142409	-55.2589	-133.345	-5.25772	
9.59571	3.15021	0.341658	-36.8988	219.004	8.0371	
1.93299	1.79906	0.205841	-193.964	101.33	-2.85527	
-1.5922	1.17748	0.14336	-97.7342	-177.97	-10.9723	
0.870476	1.61171	0.187009	-91.6384	97.421	9.04128	
0.0448183	1.46613	0.172375	-122.01	-84.1852	-11.9127	
-5.1309	0.553508	0.0806385	-27.8337	-187.217	-6.02166	
9.89926	3.20373	0.347038	-55.636	183.734	-0.440541	
3.8361	2.13463	0.239573	-189.2	123.565	-3.78621	
4.35314	2.2258	0.248737	-89.9366	148.981	-3.28349	
-3.10553	0.910635	0.116537	-120.657	-146.42	22.1889	
-3.53428	0.835035	0.108937	-97.2552	-146.357	7.98061	
10.6128	3.32956	0.359686	-81.9245	230.351	-2.5781	
16.2419	4.32211	0.459458	-26.0341	206.201	-0.646926	
1.53998	1.72976	0.198875	-102.365	108.923	3.62172	
-2.64119	0.992512	0.124767	-71.7396	-174.469	9.08498	
8.93161	3.03311	0.329887	-52.9642	244.785	0.723381	
-4.05714	0.742841	0.0996702	69.0745	-223.911	-7.93248	
-6.17033	0.370228	0.0622152	17.3107	-209.081	7.35483	
-3.69753	0.80625	0.106044	-30.3104	-187.328	0.646847	
-4.73235	0.623783	0.0877025	-29.2662	-172.538	0.976237	
16.9128	4.44041	0.471349	1.5206	234.981	-9.59571	
-1.94715	1.11489	0.137068	-101.07	-176.301	-6.58896	
7.85025	2.84244	0.310721	-101.851	158.306	-3.93778	
-3.87878	0.77429	0.102831	-73.2421	-160.304	-1.82529	
-0.623989	1.3482	0.16052	-127.044	-126.598	-0.569367	
-4.43629	0.675986	0.0929499	-8.18744	-194.157	-5.87068	
0.877994	1.61304	0.187142	-184.097	49.4497	-5.77945	
3.94505	2.15384	0.241504	-82.4797	128.741	7.41441	
5.38614	2.40795	0.267046	-62.1926	214.514	-12.5573	
-3.13032	0.906264	0.116097	-37.9397	-166.621	-5.62783	
5.52571	2.43256	0.26952	-99.4028	171.179	4.51789	
9.33702	3.10459	0.337073	-99.7685	181.83	3.86395	
4.49531	2.25087	0.251257	-69.064	146.231	-1.07188	
4.80569	2.3056	0.256758	-114.364	162.737	-1.69297	
15.6805	4.22313	0.449507	-57.2642	212.874	3.25793	
-4.2262	0.713032	0.0966737	-53.9432	-187.926	3.07227	
-1.3254	1.22452	0.148088	-146.478	-124.985	-0.435131	
-3.84026	0.781084	0.103514	11.2142	-189.45	-3.62099	
14.3144	3.98224	0.425294	-88.153	199.882	1.14314	
-6.4607	0.319028	0.0570686	-22.5302	-161.773	-6.89284	
5.15304	2.36684	0.262915	-79.6731	201.507	-2.22792	
-3.82265	0.784188	0.103826	-59.6155	-211.702	0.459558	
1.76855	1.77007	0.202927	-82.6685	84.4236	-6.55504	
4.14256	2.18867	0.245004	-58.4484	156.046	5.21242	
12.5028	3.66281	0.393185	-78.0519	210.102	2.36358	
-0.782456	1.32026	0.157712	-141.346	-97.0904	-10.1179	
-3.13608	0.905248	0.115995	-45.4543	-167.508	-6.63639	
-3.3858	0.861217	0.111569	-39.2172	-125.977	-4.86553	
3.49895	2.07518	0.233597	-163.739	186.264	1.32989	
-4.46898	0.670222	0.0923705	-73.6481	-199.017	-3.48703	
-2.483	1.0204	0.127571	-86.5036	-186.049	10.6545	
2.74885	1.94292	0.220302	-102.934	110.207	0.792453	
-3.50983	0.839347	0.109371	-42.6117	-142.351	-2.11668	
-2.71707	0.979131	0.123422	-21.5541	-204.42	-3.01877	
0.301106	1.51132	0.176917	-206.142	89.0268	15.5576	
10.3933	3.29084	0.355794	-33.9242	220.658	-0.0269278	
-2.84179	0.95714	0.121211	-57.061	-216.818	-4.26531	
11.8192	3.54227	0.381068	-35.7648	181.24	1.22533	
-5.88355	0.420796	0.0672983	25.4435	-178.38	-10.0509	
-2.41069	1.03315	0.128852	-41.1815	-185.185	4.56986	
4.68513	2.28434	0.254621	-75.0453	186.898	-5.19329	
4.67121	2.28188	0.254374	-128.816	126.761	-10.6315	
8.50922	2.95863	0.322401	-104.493	190.709	-1.77813	
-4.47099	0.669869	0.092335	-46.5671	-142.611	1.94069	
-1.25759	1.23648	0.14929	-78.1228	-184.841	-6.5938	
-2.99641	0.929876	0.118471	-23.4632	-205.544	10.1197	
13.6517	3.86538	0.413547	-30.2956	200.738	1.73176	
-3.72471	0.801458	0.105562	13.171	-174.393	2.90177	
-3.28899	0.878287	0.113285	-35.0585	-207.174	-16.0021	
-7.68578	0.103013	0.0353549	-25.9144	-230.268	2.1705	
11.8922	3.55514	0.382361	-53.9298	201.718	0.263102	
-3.43758	0.852086	0.110651	-36.6515	-161.938	-9.63929	
-0.487036	1.37235	0.162948	-198.951	-85.6782	-0.132592	
-2.8586	0.954175	0.120913	-19.7143	-182.018	3.00934	
11.2225	3.43706	0.370492	-59.8844	195.514	-6.8725	
-1.89738	1.12366	0.13795	-58.816	-201.983	3.01347	
-2.334	1.04668	0.130212	-126.029	-188.412	3.72592	
3.63943	2.09995	0.236087	-142.599	161.764	5.99261	
-4.5982	0.647438	0.0900802	-21.0907	-179.767	11.527	
0.808263	1.60074	0.185906	-167.278	-12.7584	0.195164	
-1.97224	1.11047	0.136624	-67.8655	-150.652	-5.31335	
-4.91183	0.592136	0.0845214	-10.7814	-204.966	-2.2356	
2.52352	1.90319	0.216308	-141.487	187.18	-6.39216	
-5.63786	0.464118	0.071653	-47.4013	-204.685	0.57595	
13.2713	3.79831	0.406806	-71.3972	211.409	8.6685	
8.49771	2.9566	0.322197	-96.0269	226.957	-8.14269	
-3.17327	0.898691	0.115336	-29.9309	-180.714	2.09267	
-5.50135	0.488187	0.0740724	-46.0883	-183.108	0.565625	
-0.522679	1.36606	0.162316	-200.443	-25.1952	10.8103	
10.7529	3.35426	0.362169	-49.3154	192.986	-0.384092	
5.71199	2.4654	0.272822	-58.966	240.766	4.22059	
10.2319	3.26238	0.352934	-80.5894	171.225	1.39617	
-3.06484	0.91781	0.117258	-64.124	-189.676	-14.1339	
-0.764757	1.32338	0.158025	-109.36	-102.596	-1.31912	
10.9301	3.3855	0.365309	-65.7003	229.465	-5.69735	
-4.77031	0.617089	0.0870296	-30.3759	-165.634	-1.9087	
-3.88325	0.773503	0.102752	-76.2905	-231.989	3.17172	
-3.87836	0.774365	0.102839	-52.3053	-182.574	-3.04624	
15.8172	4.24723	0.45193	-13.8332	218.65	-2.86201	
-4.3353	0.693794	0.0947399	-26.986	-168	-2.0329	
-2.8862	0.949309	0.120424	-54.9703	-168.248	0.492977	
5.24871	2.38371	0.26461	-42.3003	172.171	13.1548	
-1.99082	1.10719	0.136294	-108.337	-201.886	-12.0169	
11.1021	3.41582	0.368357	-47.0862	203.323	-11.4708	
-1.98324	1.10852	0.136429	-97.2558	-126.495	-15.311	
9.03207	3.05082	0.331668	-53.0314	192.738	2.7343	
4.47419	2.24714	0.250882	-102.411	142.696	-4.71561	
-2.07395	1.09253	0.134821	-30.9512	-204.156	-3.04859	
-2.70779	0.980767	0.123586	-68.86	-190.839	15.7001	
-3.35425	0.86678	0.112128	-31.5062	-190.63	-7.57328	
0.144328	1.48367	0.174138	-179.69	66.1024	-0.4245	
-2.36961	1.0404	0.129581	-52.3753	-114.118	-4.50114	
8.58431	2.97187	0.323732	-105.341	230.313	2.87625	
3.96554	2.15746	0.241867	-109.668	159.209	-0.881502	
10.5758	3.32303	0.35903	-114.215	211.506	-4.81764	
-2.79887	0.964707	0.121972	-75.3112	-173.871	7.71686	
15.3454	4.16403	0.443567	-72.5772	199.757	-2.55823	
10.8266	3.36725	0.363475	-86.8645	203.149	-0.296681	
15.0827	4.11771	0.438911	-87.1003	237.44	9.29185	
-6.51455	0.309534	0.0561143	-24.8064	-159.316	1.90385	
-2.85037	0.955627	0.121059	-100.229	-138.105	16.2213	
6.22711	2.55623	0.281952	-36.9523	179.311	4.87115	
8.70178	2.99258	0.325814	-77.9781	212.563	3.1095	
-3.94297	0.762973	0.101694	-51.1943	-166.004	0.957393	
-3.11446	0.90906	0.116378	-72.4292	-183.979	-16.1511	
8.81933	3.01331	0.327897	-48.4194	231.17	0.2447	
5.2774	2.38877	0.265119	-37.7447	202.13	4.27731	
4.52562	2.25621	0.251794	-93.3885	195.46	6.98638	
10.2652	3.26825	0.353524	-62.1746	189.822	-8.76768	
1.92672	1.79796	0.20573	-164.905	107.239	-10.2644	
-2.1705	1.07551	0.13311	-44.7731	-107.041	-10.5078	
6.14192	2.54121	0.280442	-91.1647	186.916	3.3641	
-1.45277	1.20206	0.145831	-130.212	-207.014	-13.3132	
-1.33207	1.22334	0.14797	-112.698	-202.846	-0.698794	
-3.31001	0.87458	0.112913	8.93232	-218.017	-12.1667	
-2.99607	0.929935	0.118477	-77.914	-170.424	-9.63959	
-6.3667	0.335603	0.0587347	-112.026	-192.677	16.5911	
13.147	3.77639	0.404601	-68.714	220.581	3.45659	
-6.30281	0.346868	0.0598671	-25.497	-171.43	-6.84062	
-4.65738	0.637003	0.0890313	-17.6697	-195.714	-10.5402	
3.17185	2.01751	0.227799	-201.418	146.962	-10.0934	
-2.64342	0.992117	0.124727	-44.5939	-176.518	5.28725	
-5.88419	0.420683	0.0672869	-29.2228	-191.58	-5.78582	
6.12422	2.53809	0.280128	-68.902	162.632	-0.547924	
5.90066	2.49867	0.276166	-60.7226	197.584	-10.4869	
30.6551	6.86355	0.714922	-62.7163	221.321	2.5538	
8.08595	2.884	0.314898	-89.5073	172.279	-0.0955056	
-3.43941	0.851763	0.110619	-23.8214	-170.359	9.02002	
6.2683	2.56349	0.282682	-79.9905	189.313	0.559091	
9.39409	3.11466	0.338084	-74.9911	210.271	-2.34015	
-5.98234	0.403375	0.0655472	-48.0555	-190.42	4.38172	
12.4348	3.65081	0.391979	-72.2087	229.076	3.54638	
-4.69686	0.630041	0.0883316	-11.0697	-151.728	4.7936	
9.70576	3.16961	0.343608	-66.5044	209.864	1.22634	
7.04982	2.7013	0.296534	-41.4655	187.784	-5.31281	
-1.04162	1.27456	0.153118	-163.015	-131.62	-1.08086	
-3.57628	0.82763	0.108193	-64.9165	-185.295	-8.14367	
11.084	3.41263	0.368037	-57.5244	229.099	-11.918	
-1.61442	1.17356	0.142966	-72.6394	-181.878	-3.38288	
11.111	3.4174	0.368516	-73.5029	214.358	7.86831	
3.78953	2.12642	0.238747	-49.9904	164.128	9.2531	
11.3688	3.46285	0.373085	-70.9698	235.866	4.25261	
6.61972	2.62546	0.28891	-69.8898	196.825	1.59311	
-3.19662	0.894573	0.114922	-30.5566	-176.055	-15.4749	
10.1355	3.24538	0.351225	-102.757	190.799	-3.23964	
5.02187	2.34372	0.26059	-116.179	164.604	2.32467	
-4.19663	0.718244	0.0971977	-18.3403	-143.817	1.51031	
-3.83507	0.781998	0.103606	-18.6918	-187.81	-0.780639	
10.5513	3.3187	0.358595	-53.5748	172.311	-5.95832	
-4.96231	0.583236	0.0836267	-26.8679	-186.55	2.36686	
11.253	3.44243	0.371033	-104.176	214.3	5.34497	
-4.84952	0.603124	0.0856258	-61.9639	-179.634	9.70368	
11.5035	3.48659	0.375472	-83.1162	249.014	4.17321	
2.34727	1.87211	0.213184	-117.138	177.369	-0.580486	
-5.49526	0.489261	0.0741804	-39.4626	-179.029	-13.3343	
-4.94136	0.586929	0.083998	-3.74729	-172.042	-11.8861	
-5.3112	0.521717	0.0774428	-0.127745	-218.396	13.9577	
0.731157	1.58715	0.18454	-205.91	111.795	-2.2622	
-1.49543	1.19454	0.145075	-113.346	-173.128	-13.4135	
9.81793	3.18939	0.345597	-71.5305	178.84	-6.72436	
8.41029	2.94119	0.320647	-45.8778	176.108	6.30011	
-4.73234	0.623785	0.0877027	-20.9913	-204.928	-6.89161	
8.25962	2.91462	0.317977	-111.374	213.457	-8.27162	
-2.59516	1.00063	0.125583	-8.63116	-197.218	-7.70993	
8.31709	2.92475	0.318995	-95.2999	228.1	14.7978	
-3.19637	0.894618	0.114927	-50.9033	-213.469	-5.20468	
-5.2726	0.528523	0.0781269	-26.5798	-140.569	3.85561	
-4.58621	0.649551	0.0902927	-15.357	-224.764	-13.3959	
-4.10362	0.734646	0.0988464	-71.4562	-140.012	2.37205	
-0.906894	1.29831	0.155506	-163.307	-134.185	-7.9043	
4.4351	2.24025	0.250189	-60.0585	204.134	7.89531	
-0.606647	1.35126	0.160828	-188.465	-147.631	-25.3913	
-4.07823	0.739122	0.0992964	-28.2049	-134.427	1.6464	
0.0956737	1.47509	0.173276	-213.024	5.45193	9.35238	
-3.91881	0.767233	0.102122	-14.536	-211.067	-15.6271	
4.06388	2.1748	0.24361	-57.8078	170.959	3.51499	
6.11706	2.53683	0.280001	-16.0123	210.319	-4.04625	
8.17821	2.90026	0.316534	-40.339	209.669	1.14838	
12.4667	3.65644	0.392545	-41.8398	224.101	5.66333	
-6.16854	0.370544	0.0622469	7.70165	-192.648	-5.41762	
-1.07587	1.26852	0.152511	-180.511	-123.874	-3.89005	
6.4951	2.60349	0.286702	-85.5795	168.362	-0.398009	
-2.97917	0.932916	0.118776	-55.1241	-173.739	8.84715	
-4.44863	0.67381	0.0927312	-29.5726	-228.303	-10.7906	
-0.71789	1.33164	0.158856	-228.1	-13.8146	-9.28466	
5.15062	2.36642	0.262872	-115.113	149.938	2.31454	
6.65701	2.63203	0.289571	-115.688	165.252	-2.31883	
1.98303	1.80789	0.206728	-145.077	169.388	-5.50324	
16.2447	4.32261	0.459507	-69.0243	241.693	8.27057	
-4.74487	0.621575	0.0874805	-39.4639	-214.387	-2.8386	
7.9332	2.85706	0.312191	-33.6827	204.052	-7.23338	
-6.48942	0.313963	0.0565595	-38.4574	-194.962	-4.90844	
-6.24235	0.357529	0.0609387	13.2483	-194.146	-0.661537	
-3.15932	0.901152	0.115583	-41.4599	-161.967	-8.86213	
-5.54121	0.48116	0.0733661	-21.9117	-204.181	6.95402	
8.33304	2.92756	0.319278	-73.3769	188.821	-15.7319	
-2.73246	0.976417	0.123149	-89.5464	-186.702	-12.4652	
11.3676	3.46263	0.373063	-124.474	224.421	-0.850485	
-3.29719	0.876841	0.11314	-33.8631	-130.709	-0.00364163	
4.80479	2.30544	0.256742	-92.2534	154.999	15.4376	
-2.75739	0.972022	0.122707	-17.5551	-180.438	-6.39859	
12.9395	3.73981	0.400924	-87.3097	198.614	-2.14714	
10.1023	3.23953	0.350636	-64.1555	216.499	4.36094	
17.8298	4.60209	0.487601	-88.6573	201.598	-0.452944	
14.7005	4.05032	0.432138	-83.4207	219.914	1.40667	
-2.7269	0.977397	0.123248	-25.9599	-195.258	2.15385	
-4.48025	0.668235	0.0921708	-73.2427	-161.988	20.5264	
14.5208	4.01863	0.428952	-50.3321	211.882	-3.67412	
-2.77417	0.969062	0.12241	-79.5068	-187.271	0.869098	
-4.02723	0.748115	0.1002	-10.4571	-204.357	-1.00643	
10.7398	3.35194	0.361936	-100.221	221.515	-6.47891	
3.49116	2.07381	0.233459	-127.679	191.759	13.9853	
-1.02052	1.27828	0.153492	-188.63	-90.9969	18.4294	
-2.48971	1.01922	0.127452	-59.3441	-174.357	4.25544	
-4.08166	0.738518	0.0992356	-23.6392	-192.867	4.66524	
-1.23224	1.24095	0.14974	-97.4381	-131.782	-12.0042	
-4.13367	0.729347	0.0983138	-58.7401	-216.011	-1.56455	
-3.52579	0.836531	0.109088	-46.9256	-159.081	7.23613	
-4.18225	0.72078	0.0974526	21.5637	-187.691	-2.48098	
9.38179	3.11249	0.337866	-34.8885	212.885	4.64946	
-4.41885	0.679062	0.0932591	-43.7417	-189.802	-1.76831	
-3.92341	0.766422	0.10204	-40.0982	-141.886	-3.36743	
-5.0472	0.568267	0.082122	-75.1738	-208.791	3.69882	
-4.74212	0.622061	0.0875294	4.2404	-210.85	0.233257	
6.00567	2.51719	0.278027	-21.4624	196.16	1.35834	
-1.46888	1.19922	0.145545	-68.5546	-196.061	-3.85009	
-1.07034	1.26949	0.152609	-107.262	-139.553	-2.41445	
6.10514	2.53473	0.27979	-53.3988	159.756	-2.25377	
5.62362	2.44982	0.271255	-91.1877	165.058	1.02375	
-2.97421	0.93379	0.118864	31.5409	-148.788	-8.4649	
-4.19285	0.718912	0.0972648	-28.6065	-150.281	-7.82911	
13.1768	3.78166	0.405131	-71.1289	220.351	-1.64207	
-1.75838	1.14817	0.140414	-153.119	-157.311	-5.39887	
-3.94606	0.762428	0.101639	15.3796	-179.193	0.510426	
-3.96	0.759969	0.101392	-65.2779	-195.542	-1.09709	
-2.47009	1.02268	0.1278	-95.3824	-162.262	9.27257	
-6.24456	0.35714	0.0608996	-47.7068	-208.079	2.91627	
-3.04709	0.920939	0.117573	-79.371	-152.481	18.0339	
-3.50691	0.839861	0.109423	-20.2914	-167.147	-8.43105	
0.078713	1.4721	0.172975	-174.265	28.0947	5.72658	
10.6867	3.34258	0.360995	-36.0045	197.733	1.42189	
-2.43567	1.02875	0.12841	-41.3278	-168.269	-1.41576	
-3.82267	0.784185	0.103826	-57.1907	-164.37	-3.58101	
-2.0519	1.09642	0.135212	-95.382	-140.557	-11.5543	
-4.22528	0.713194	0.09669	-42.5754	-160.482	-0.418162	
-4.60369	0.646469	0.0899829	8.70411	-205.204	-4.46625	
-1.25743	1.23651	0.149293	-158.008	-123.984	10.7859	
-2.32778	1.04777	0.130322	-80.8835	-166.038	15.5002	
-6.83565	0.252915	0.0504229	-13.2511	-177.902	-1.61879	
2.39944	1.88131	0.214109	-97.8948	181.373	-8.21752	
-3.26738	0.882096	0.113668	-40.504	-166.136	-2.92332	
9.69991	3.16858	0.343505	-101.774	201.72	1.6346	
12.3557	3.63686	0.390576	-76.8592	210.041	-2.18693	
2.62812	1.92163	0.218162	-122.106	126.054	0.908212	
10.5252	3.31409	0.358132	-105.045	226.102	-1.60552	
1.66945	1.75259	0.20117	-160.043	117.712	-5.10052	
19.8786	4.96336	0.523916	-59.2391	230.688	-1.52444	
4.34376	2.22415	0.248571	-60.1729	125.359	-6.58789	
-3.85577	0.778348	0.103239	-74.7345	-157.095	1.80349	
-2.26583	1.0587	0.13142	-66.3317	-166.649	-6.79924	
-6.11451	0.380071	0.0632046	-7.39462	-188.926	1.71189	
-5.2797	0.52727	0.078001	6.36787	-185.484	-11.9895	
-2.19695	1.07084	0.132641	-80.8301	-189.312	3.33939	
8.70702	2.99351	0.325906	-88.9303	242.287	-11.7336	
3.19961	2.0224	0.228291	-144.14	155.127	1.25625	
0.00579703	1.45925	0.171683	-201.635	-25.0672	-10.292	
-3.69065	0.807463	0.106166	-5.29708	-186.219	-0.336176	
-1.56777	1.18178	0.143793	-135.453	-117.776	1.04169	
-5.85097	0.42654	0.0678757	35.0502	-145.202	-7.44336	
13.3704	3.81578	0.408561	-52.8545	183.437	0.058845	
-5.15256	0.549689	0.0802546	-39.9919	-230.206	1.38482	
-3.27081	0.881493	0.113607	-94.4619	-227.115	4.70784	
-3.22471	0.889622	0.114425	-45.5536	-218.428	-3.46976	
-5.77694	0.439595	0.0691879	55.165	-188.428	0.642971	
-3.02939	0.924061	0.117886	-19.7627	-198.34	-1.8479	
12.7335	3.70349	0.397273	-66.925	199.09	14.3475	
-2.90698	0.945645	0.120056	-49.1098	-174.19	3.18663	
-4.25655	0.707679	0.0961357	21.3703	-168.466	-16.2199	
8.10273	2.88695	0.315196	-68.136	202.396	-2.56566	
-1.36018	1.21839	0.147472	-76.6491	-212.857	-0.595397	
-6.09666	0.383218	0.063521	-15.9093	-199.241	-0.162327	
-2.31389	1.05022	0.130568	-88.6128	-192.704	6.66799	
-1.21607	1.2438	0.150026	-130.339	-146.278	14.2457	
-5.08133	0.562249	0.0815171	-30.886	-198.907	-13.8101	
1.5976	1.73992	0.199897	-156.95	155.933	5.84167	
-6.19826	0.365304	0.0617202	-1.0018	-212.04	9.23537	
10.9813	3.39452	0.366216	-55.7329	157.391	-3.67559	
22.829	5.48359	0.576209	-75.9303	242.449	-4.6252	
-4.02997	0.747631	0.100152	9.33307	-163.719	14.6254	
-6.92315	0.237486	0.048872	-20.6544	-185.8	-2.37681	
14.5028	4.01545	0.428632	-84.2166	235.883	1.30654	
-3.43493	0.852553	0.110698	-7.49468	-166.026	6.50394	
-1.19985	1.24666	0.150314	-200.779	-117.294	6.01279	
-5.36073	0.512983	0.0765649	-47.656	-213.26	-16.1446	
-2.72806	0.977194	0.123227	-76.1033	-185.319	0.21078	
-4.02451	0.748594	0.100248	-81.2588	-185.854	-9.71311	
-4.24528	0.709666	0.0963354	5.91268	-198.396	-3.02702	
-1.22709	1.24185	0.149831	-117.233	-116.643	-6.79778	
-2.67202	0.987076	0.124221	-89.859	-170.645	16.3483	
-3.68645	0.808204	0.10624	-1.11237	-158.258	-1.05507	
-0.587718	1.35459	0.161163	-160.913	-109.543	-18.3329	
-5.19912	0.541479	0.0794293	-40.1005	-191.051	10.0394	
1.0258	1.6391	0.189762	-126.162	168.756	5.15214	
-4.57282	0.651912	0.09053	-84.6639	-131.007	-1.17995	
-1.73543	1.15222	0.140821	-104.619	-163.929	4.46809	
-5.76086	0.442428	0.0694728	-1.64888	-189.705	-1.4576	
7.52064	2.78432	0.304879	-84.7268	151.74	-8.30821	
2.53426	1.90508	0.216498	-104.221	184.454	5.01105	
18.8904	4.7891	0.506399	-35.0743	224.198	2.95609	
9.71705	3.1716	0.343809	-91.012	176.29	4.31428	
8.61118	2.97661	0.324208	-102.905	178.539	4.19265	
-2.42645	1.03038	0.128573	-30.797	-165.111	-0.652996	
-1.26972	1.23434	0.149075	-148.546	-129.419	16.2001	
-4.11168	0.733224	0.0987034	-29.5732	-185.306	5.87133	
-3.45096	0.849727	0.110414	-31.4355	-171.476	-0.525225	
-3.0883	0.913673	0.116842	-64.3001	-160.074	-1.07873	
-5.10952	0.557279	0.0810175	-31.6861	-203.418	0.543875	
8.11735	2.88953	0.315455	-83.285	202.901	0.747603	
-0.695174	1.33565	0.159259	-116.769	-95.5965	10.1107	
-2.39816	1.03536	0.129074	-137.656	-152.783	-7.50507	
14.6271	4.03738	0.430836	-76.7662	208.803	6.97966	
10.8594	3.37303	0.364056	-58.9329	241.067	6.59837	
14.6215	4.03638	0.430736	-54.3021	253.474	1.15444	
-4.34358	0.692335	0.0945933	-105.757	-183.228	-1.11829	
-2.45041	1.02615	0.128148	-110.306	-157.828	9.15172	
-2.38405	1.03785	0.129325	-43.5889	-207.929	0.240246	
-4.51082	0.662845	0.091629	-64.5105	-188.37	-8.61097	
-3.81934	0.784772	0.103885	-30.4621	-178.232	2.37418	
2.80109	1.95213	0.221228	-101.296	167.814	-0.502263	
-2.53422	1.01137	0.126663	-179.663	-160.801	3.22079	
-2.78631	0.966923	0.122195	-75.9139	-179.583	-7.96084	
-3.83307	0.782351	0.103642	-78.5067	-203.393	-3.55637	
-4.0193	0.749513	0.100341	-9.12782	-173.594	-5.20092	
2.84866	1.96052	0.222071	-41.3683	219.805	19.1616	
-4.75254	0.620223	0.0873447	-22.9175	-223.691	7.58426	
5.36618	2.40443	0.266692	-20.2549	185.774	-11.0323	
5.03622	2.34624	0.260844	-54.5944	176.601	14.7136	
-1.50873	1.19219	0.144839	-185.995	-125.42	-19.0035	
-5.03667	0.570124	0.0823087	-33.5253	-173.633	-6.19626	
2.22146	1.84993	0.210954	-92.3124	161.24	-6.54894	
0.226596	1.49818	0.175597	-204.704	-11.7562	-16.7246	
-0.872099	1.30445	0.156123	-144.561	-115.943	-10.5766	
-3.73517	0.799612	0.105377	-46.8504	-218.588	-3.61884	
1.89608	1.79255	0.205187	-148.638	110.872	10.6667	
-0.783965	1.31999	0.157685	-129.155	-151.061	-31.2583	
-4.59686	0.647673	0.0901039	-33.3529	-213.615	-6.48157	
-1.03921	1.27498	0.153161	-177.605	-134.368	0.0869801	
5.18817	2.37304	0.263537	-77.6934	180.067	-3.74857	
20.1138	5.00483	0.528084	-95.4991	221.115	1.89371	
-2.46479	1.02362	0.127894	-49.2575	-173.247	-6.71084	
-1.90249	1.12276	0.13786	-61.3661	-126.852	-10.4297	
9.58692	3.14866	0.341502	-66.2132	209.698	6.13401	
-3.10095	0.911442	0.116618	-61.5618	-168.097	5.92507	
-3.559	0.830676	0.108499	-33.8229	-179.84	-2.72133	
-3.99909	0.753078	0.100699	-23.1201	-145.836	4.42037	
-4.29259	0.701325	0.095497	-3.6477	-168.875	2.08335	
-6.43333	0.323855	0.0575538	-24.5796	-181.035	-7.09055	
-5.49628	0.489082	0.0741624	-32.5307	-210.076	1.7242	
-3.39348	0.859862	0.111433	-68.4561	-185.041	-6.64268	
8.98562	3.04263	0.330845	-80.072	196.223	-0.190228	
3.36629	2.05179	0.231246	-60.5189	155.516	-15.0576	
-2.46558	1.02348	0.127879	-96.1887	-177.314	-6.58106	
7.98883	2.86687	0.313177	-75.7108	189.055	-6.42381	
18.0199	4.63561	0.49097	-76.4511	192.771	-1.83295	
-2.43144	1.0295	0.128485	-4.52135	-179.043	6.28602	
-1.5577	1.18356	0.143971	-112.926	-185.957	-12.5336	
7.3065	2.74656	0.301083	-82.4453	154.257	-11.4842	
-4.42468	0.678034	0.0931558	-37.4816	-195.101	-7.44036	
-0.185453	1.42552	0.168293	-198.259	24.8868	-10.9138	
-5.1398	0.551938	0.0804806	-23.8293	-169.637	3.78422	
11.9322	3.5622	0.383071	-22.2322	228.605	-2.45848	
4.1844	2.19605	0.245746	-122.331	180.334	0.328647	
11.9518	3.56566	0.383419	-23.8696	222.593	4.22921	
17.1477	4.48182	0.475511	-33.341	222.668	-2.77306	
-2.45082	1.02608	0.128141	-113.557	-136.871	-1.30862	
-4.46088	0.67165	0.092514	-80.3912	-208.988	9.58401	
4.70256	2.28741	0.25493	-96.2868	158.169	0.823506	
-3.2365	0.887542	0.114215	-57.5725	-168.663	13.2874	
13.9762	3.92261	0.419299	-77.3408	221.289	2.57976	
12.8883	3.73078	0.400017	-68.3148	246.118	-7.26152	
1.60807	1.74177	0.200082	-185.946	99.2628	-0.650394	
-3.80236	0.787766	0.104186	-49.084	-179.025	1.21616	
2.06242	1.82188	0.208135	-105.138	171.82	-0.976835	
-1.25451	1.23702	0.149345	-156.64	-89.0616	-0.190348	
10.9061	3.38127	0.364885	-102.152	206.684	-3.70899	
14.3413	3.98699	0.425771	-62.9867	236.47	-4.16091	
11.6626	3.51466	0.378292	-42.6057	253.563	-4.79009	
-4.13221	0.729604	0.0983396	-34.0043	-203.555	-1.88477	
-2.10199	1.08759	0.134324	-86.7486	-238.005	10.4162	
-6.17257	0.369833	0.0621755	-25.0086	-215.183	6.45758	
-3.06024	0.918622	0.11734	-97.0206	-194.549	4.89553	
14.9384	4.09227	0.436354	-89.4766	250.181	-0.271992	
9.58456	3.14824	0.34146	-56.7784	191.39	2.14264	
-4.54199	0.657349	0.0910765	-55.2515	-190.778	-9.05754	
-3.49191	0.842506	0.109688	-40.4001	-163.815	-8.95324	
1.31237	1.68963	0.194841	-140.156	140.227	10.0946	
-2.63211	0.994113	0.124928	-80.5062	-197.896	-0.953304	
-0.283575	1.40822	0.166554	-195.115	-40.7174	-14.5262	
-4.77596	0.616093	0.0869295	-7.75368	-210.527	-0.0881693	
17.449	4.53495	0.480852	-47.7201	247.084	-5.59915	
14.426	4.00192	0.427272	-22.885	257.715	-0.660659	
11.6045	3.50441	0.377262	-31.3255	193.652	6.31065	
-5.4798	0.491987	0.0744544	-4.37732	-220.583	1.34248	
-1.00482	1.28105	0.153771	-75.1003	-93.3614	-1.51052	
-4.04684	0.744657	0.0998527	-57.8615	-172.075	-7.99981	
-3.91656	0.76763	0.102162	-57.9412	-186.45	-0.834324	
1.67568	1.75369	0.201281	-143.35	120.49	-6.36908	
-3.18657	0.896345	0.1151	-19.288	-236.798	-7.63045	
-1.3	1.229	0.148539	-166.483	-115.444	10.5766	
7.13609	2.71651	0.298063	-16.5425	233.675	5.33294	
-4.56237	0.653755	0.0907153	-64.3437	-142.976	-7.67999	
5.9274	2.50338	0.276639	-30.7029	203.938	7.29971	
20.5109	5.07485	0.535122	-95.0085	239.622	6.31358	
-3.41669	0.855769	0.111022	-48.5786	-172.773	-0.138774	
8.7982	3.00958	0.327522	-54.7499	203.901	2.08258	
-6.31903	0.344009	0.0595797	-26.475	-184.719	0.195387	
13.1883	3.78368	0.405335	-45.4059	207.315	4.65102	
7.6758	2.81167	0.307629	-127.721	178.236	-11.0808	
-3.21339	0.891617	0.114625	-70.9559	-186.475	27.7047	
7.06287	2.7036	0.296765	-108.74	148.153	-12.8549	
-2.60931	0.998132	0.125332	-9.7036	-218.723	2.18828	
38.9022	8.31774	0.861097	-88.8657	249.012	0.506755	
-0.857613	1.307	0.15638	-125.621	-95.8676	-14.0506	
-3.20058	0.893875	0.114852	-45.9427	-186.483	-10.8919	
1.92489	1.79763	0.205698	-91.7096	152.761	5.69164	
-5.69347	0.454312	0.0706673	42.1763	-226.721	-15.7802	
13.7308	3.87933	0.414949	-84.666	234.262	0.209133	
5.34341	2.40041	0.266289	-41.984	147.723	-6.09959	
6.49348	2.6032	0.286673	-92.9118	161.389	-5.03014	
-3.38539	0.861289	0.111576	-32.7872	-164.678	8.95343	
9.25032	3.0893	0.335536	-90.6233	218.386	-2.80082	
4.26965	2.21108	0.247257	-123.744	162.945	4.10665	
2.02015	1.81443	0.207386	-203.533	95.0769	2.09385	
11.449	3.47698	0.374505	-72.6407	218.314	-2.54808	
-1.87473	1.12766	0.138352	-138.963	-151.162	0.987217	
-3.33844	0.869567	0.112409	-59.089	-185.758	-7.66999	
-3.29702	0.87687	0.113143	-84.2829	-201.876	-9.78381	
-2.81869	0.961213	0.121621	-75.2974	-211.432	2.35007	
17.69	4.57745	0.485124	-36.2654	240.91	0.255001	
-2.79755	0.964941	0.121996	-25.8952	-211.996	1.53726	
1.42813	1.71004	0.196893	-123.561	106.97	7.64461	
-2.12479	1.08357	0.13392	-30.3927	-173.818	-5.11128	
-3.78281	0.791213	0.104532	-85.5746	-186.262	6.35206	
-0.77177	1.32214	0.157901	-142.555	-158.417	6.73892	
-5.13552	0.552693	0.0805565	-2.08189	-184.294	-7.13347	
7.4097	2.76475	0.302912	-42.2563	211.347	4.07374	
-5.93682	0.411403	0.0663541	-47.4535	-162.386	3.44766	
-4.3828	0.685418	0.0938981	-20.2873	-175.752	3.46234	
11.119	3.41881	0.368657	-57.3928	216.026	-1.58984	
-4.81756	0.608758	0.0861922	43.5877	-176.482	-0.356157	
6.67847	2.63582	0.289952	-96.8587	184.476	-9.80755	
-3.17241	0.898843	0.115351	-49.2027	-195.227	-6.27293	
8.47674	2.9529	0.321825	-81.356	199.077	1.6709	
3.4597	2.06826	0.232901	-81.8638	125.014	-1.00479	
-3.58064	0.826861	0.108116	-18.093	-182.771	4.0975	
-5.40293	0.505542	0.0758169	-70.9706	-219.45	-5.34347	
-4.17352	0.72232	0.0976074	-69.8524	-154.737	0.0989211	
-3.15499	0.901914	0.11566	-70.8351	-169.628	-7.71163	
15.7053	4.2275	0.449947	-61.2364	232.043	-3.56503	
13.3876	3.81882	0.408867	-70.7631	214.47	-2.72806	
-5.32605	0.519098	0.0771796	-17.5923	-190.081	-5.71252	
-4.03656	0.746469	0.100035	-45.4907	-219.912	-8.00549	
12.0993	3.59165	0.386032	-85.7829	220.741	-11.2386	
-5.36504	0.512223	0.0764885	-20.5748	-153.42	-9.18417	
-3.6981	0.806149	0.106034	-108.796	-180.769	7.08475	
-3.13904	0.904727	0.115943	13.6469	-203.705	11.6729	
7.22895	2.73288	0.299709	-52.068	199.73	-1.77736	
0.921646	1.62074	0.187916	-143.639	123.321	11.3078	
-2.16498	1.07648	0.133207	-56.7529	-182.904	-2.61741	
-1.85172	1.13172	0.13876	-106.793	-197.137	8.84673	
-0.98152	1.28516	0.154183	-177.528	-153.18	-8.01516	
-3.63285	0.817655	0.10719	-32.8097	-201.65	2.86608	
-4.89455	0.595184	0.0848277	45.0689	-183.474	2.86456	
16.0458	4.28753	0.455981	-18.0128	211.329	6.48446	
-0.555502	1.36027	0.161734	-157.078	-31.6934	-0.172636	
-1.30962	1.2273	0.148368	-195.991	-121.24	-4.78904	
14.9215	4.08928	0.436053	-11.5138	255.864	-1.8416	
-1.43039	1.20601	0.146228	-141.97	-115.505	-11.1714	
1.71681	1.76094	0.20201	-151.569	161.742	-8.25709	
-1.75643	1.14852	0.140449	-128.331	-141.758	21.7107	
14.4918	4.01351	0.428437	-41.412	198.355	0.812681	
-2.1948	1.07122	0.132679	-71.5663	-181.401	1.50658	
10.1949	3.25585	0.352278	-68.1019	162.202	0.206061	
16.8813	4.43485	0.470789	-52.9097	244.676	-5.43751	
17.831	4.6023	0.487622	-78.2654	223.091	1.33358	
12.5303	3.66765	0.393672	-71.6907	185.141	-3.45388	
10.4772	3.30564	0.357282	-64.0325	216.812	-5.32681	
-3.24969	0.885215	0.113982	13.9152	-209.322	9.85224	
1.00738	1.63585	0.189435	-132.392	112.222	-1.96732	
7.61345	2.80068	0.306524	-69.3582	211.298	9.8368	
6.70057	2.63971	0.290343	-71.4013	207.35	6.72863	
2.89405	1.96852	0.222875	-118.931	183.875	4.28747	
1.65166	1.74946	0.200855	-106.907	98.113	-4.96115	
-4.98231	0.579708	0.0832721	-51.7063	-186.176	5.91583	
-1.22255	1.24266	0.149911	-118.2	-77.3644	11.8499	
12.4649	3.65612	0.392512	-132.535	194.404	-4.42398	
-5.61297	0.468506	0.0720941	-6.68431	-187.052	2.23012	
-2.25074	1.06136	0.131687	-35.1461	-166.853	-12.9619	
4.66504	2.2808	0.254265	-4.77063	165.677	-0.700592	
2.12495	1.83291	0.209244	-54.0943	182.215	19.1525	
-2.87461	0.951353	0.12063	-108.049	-188.492	4.15382	
11.1261	3.42005	0.368783	-80.7695	232.556	4.4595	
6.75756	2.64976	0.291354	-59.3645	195.16	8.04122	
0.0497385	1.46699	0.172462	-209.461	-4.23906	-10.4543	
-4.46758	0.67047	0.0923954	-79.3815	-139.927	5.3916	
2.66296	1.92778	0.218779	-157.138	150.673	11.3539	
-2.69636	0.982783	0.123789	-76.4561	-204.894	4.9651	
-3.71149	0.803788	0.105797	-36.3419	-198.117	-12.8732	
-2.29793	1.05304	0.130851	-32.0182	-208.397	-10.0955	
-1.29363	1.23012	0.148651	-163.928	-102.372	6.73327	
9.72679	3.17332	0.343981	-42.8531	209.354	4.45349	
4.41544	2.23679	0.249841	-89.7053	150.307	14.1194	
-4.89451	0.595189	0.0848283	-50.081	-188.463	-2.18698	
-4.70214	0.62911	0.0882379	6.69011	-215.03	-1.6305	
-7.3609	0.160299	0.0411132	-15.6589	-212.79	10.7665	
-7.74435	0.0926868	0.0343168	-2.82065	-192.751	2.04875	
-3.58962	0.825278	0.107957	45.6155	-205.648	5.23273	
9.63684	3.15746	0.342387	-73.6903	165.945	-9.20037	
11.3707	3.46318	0.373118	-51.3494	200.429	-7.40354	
6.95444	2.68448	0.294843	-99.8925	184.515	20.6116	
-2.74034	0.975028	0.12301	-63.5168	-166.067	3.9721	
-0.613347	1.35007	0.160709	-147.176	-146.412	-11.1555	
-3.13624	0.905221	0.115993	-36.7314	-187.576	-2.12726	
-4.46708	0.670558	0.0924043	0.917408	-210.278	-4.00932	
12.9631	3.74397	0.401343	-83.759	211.762	2.374	
13.9739	3.92221	0.419259	-68.467	243.946	4.63495	
-0.885065	1.30216	0.155893	-122.242	-106.546	-6.37981	
-2.87442	0.951386	0.120633	-69.3345	-178.429	13.2922	
-3.99347	0.754068	0.100799	40.9214	-196.648	-12.9766	
-0.607523	1.3511	0.160812	-144.226	-74.8197	1.48157	
0.519992	1.54991	0.180797	-218.124	64.1478	2.45073	
-5.2859	0.526177	0.0778911	27.0988	-192.562	-7.09402	
12.0747	3.58731	0.385596	-49.3581	179.191	4.17539	
-6.26568	0.353416	0.0605252	0.389703	-180.747	-7.34317	
9.90833	3.20533	0.347199	-30.2702	209.688	7.26398	
-4.24018	0.710566	0.0964258	9.08612	-160.752	-1.0074	
-1.36908	1.21682	0.147314	-108.895	-158.685	-4.67851	
-4.65387	0.637622	0.0890936	-27.0607	-189.95	2.58798	
4.93214	2.32789	0.258999	-124.159	181.566	0.310397	
11.4875	3.48377	0.375188	-39.0421	212.594	-2.25354	
2.5087	1.90058	0.216045	-105.846	99.6481	-1.53921	
-5.92335	0.413778	0.0665928	14.8872	-221.754	-9.74467	
2.8665	1.96367	0.222387	-120.405	152.21	-1.20378	
1.17136	1.66477	0.192342	-178.438	67.8317	-15.4442	
-6.06903	0.38809	0.0640107	-15.5146	-211.134	-11.3152	
13.3144	3.80591	0.407569	-97.9851	210.295	7.44179	
-3.26585	0.882367	0.113695	-71.3885	-163.653	2.9745	
13.8161	3.89438	0.416462	-54.205	219.256	-6.18954	
-6.33183	0.341752	0.0593528	-29.03	-199.035	-9.91547	
-1.17515	1.25101	0.150752	-180.857	-138.194	6.23913	
-2.59184	1.00121	0.125642	-67.5334	-149.797	-15.3946	
-5.06766	0.564658	0.0817593	-29.7508	-222.201	1.70362	
-4.67466	0.633956	0.0887251	6.05236	-205.538	-4.82301	
-1.87116	1.12829	0.138415	-55.4958	-151.785	-4.15522	
0.857777	1.60947	0.186784	-176.833	117.006	0.897203	
-4.87862	0.597991	0.0851099	18.4508	-179.647	-14.0363	
2.56064	1.90973	0.216966	-104.008	148.383	-3.06143	
20.5592	5.08336	0.535978	-42.1938	271.801	7.23544	
10.3232	3.27848	0.354552	-34.8367	203.446	5.18602	
-4.29689	0.700566	0.0954207	-0.321702	-195.736	-4.16545	
-3.41437	0.856179	0.111063	-13.966	-198.254	0.18029	
4.60402	2.27004	0.253183	-72.8252	117.741	-4.2341	
-0.856562	1.30719	0.156398	-197.11	-162.149	-11.6292	
14.7094	4.05189	0.432295	-111.423	207.551	-6.18909	
-4.3961	0.683074	0.0936624	-45.6535	-162.873	-5.89658	
-5.49492	0.489321	0.0741864	14.6332	-194.645	11.3235	
-5.38138	0.509341	0.0761988	-26.5519	-203.977	11.5422	
3.45399	2.06726	0.2328	-81.7106	196.95	8.17592	
2.95848	1.97988	0.224017	-133.463	137.643	3.9434	
14.1699	3.95676	0.422733	-69.3076	194.373	-5.04789	
-5.81606	0.432696	0.0684945	-8.58239	-195.388	17.8369	
-4.17468	0.722115	0.0975868	-49.4466	-191.114	4.41918	
14.7137	4.05265	0.432371	-20.7579	208.158	-8.06551	
-5.94134	0.410606	0.066274	-22.9064	-204.476	-3.89291	
-2.83898	0.957636	0.121261	-62.4847	-178.266	-9.23641	
-2.96859	0.934781	0.118964	-120.055	-160.911	1.47244	
8.02258	2.87282	0.313775	-41.7441	229.655	13.0507	
-5.69381	0.454251	0.0706612	-43.5425	-246.326	-0.181699	
-5.17117	0.546407	0.0799247	-16.4208	-183.663	3.04803	
8.60453	2.97544	0.32409	-39.7754	199.363	3.4572	
16.7714	4.41548	0.468843	-72.8732	214.363	0.827236	
-1.31941	1.22558	0.148195	-170.952	-94.3576	-0.0545419	
1.04005	1.64161	0.190015	-147.242	69.7438	-7.88646	
5.14923	2.36617	0.262847	-68.7079	171.357	-3.0925	
-2.30514	1.05176	0.130723	-102.507	-162.419	-10.9787	
-3.29463	0.877291	0.113185	18.6299	-189.878	-9.66503	
-2.81056	0.962646	0.121765	-82.0695	-188.663	7.97331	
-5.51652	0.485512	0.0738035	20.4628	-208.707	1.88107	
-2.68295	0.985147	0.124027	-80.1709	-193.982	15.4574	
-2.40386	1.03436	0.128973	-50.1425	-195.885	-11.4908	
-3.11563	0.908854	0.116358	-28.9818	-204.733	-1.16476	
2.4564	1.89135	0.215118	-150.903	142.686	6.79331	
1.83911	1.78251	0.204177	-136.438	155.738	-2.00569	
1.15799	1.66241	0.192105	-155.561	165.955	4.06957	
1.41941	1.7085	0.196738	-137.006	125.801	2.87418	
11.4162	3.47121	0.373925	-44.6822	206.051	-5.75461	
-5.7313	0.447642	0.0699969	-20.9526	-193.076	4.04932	
-5.86087	0.424795	0.0677002	-40.7703	-226.716	-0.959095	
-3.58298	0.826449	0.108074	-41.0725	-201.752	6.29886	
-4.93159	0.588652	0.0841711	-48.0898	-181.745	-8.43805	
12.4446	3.65254	0.392152	-77.1948	194.743	1.32289	
12.4497	3.65344	0.392242	-95.3346	234.2	-0.567015	
8.52697	2.96176	0.322715	-69.7864	216.611	8.67674	
0.798425	1.59901	0.185732	-185.777	38.7993	-12.9972	
2.17271	1.84133	0.21009	-121.016	135.851	0.645034	
12.2731	3.62231	0.389114	-25.9483	213.842	6.36329	
2.81673	1.95489	0.221505	-134.869	172.785	4.82128	
21.7737	5.29752	0.557505	-42.1741	234.726	8.03396	
-1.00429	1.28114	0.15378	-160.702	-115.305	13.3454	
-4.34482	0.692115	0.0945712	30.794	-184.435	7.38299	
-3.86065	0.777487	0.103153	-41.7621	-205.036	-10.5149	
5.18476	2.37244	0.263477	-88.6769	159.803	3.79235	
4.72633	2.2916	0.255351	-108.035	141.615	4.25408	
-4.47642	0.668911	0.0922387	-6.20075	-222.504	5.20321	
2.47749	1.89507	0.215492	-128.191	181.893	-8.31434	
7.37896	2.75933	0.302367	-22.0928	172.44	-3.82077	
-1.87383	1.12782	0.138368	-69.3365	-158.536	5.06855	
-0.809403	1.3155	0.157234	-142.213	-140.805	1.36764	
-4.04059	0.745759	0.0999635	6.38191	-179.005	0.771647	
7.48862	2.77867	0.304311	-82.843	204.635	9.29726	
7.78608	2.83112	0.309583	-53.7364	211.443	0.181138	
-6.40619	0.328641	0.0580349	46.7124	-191.295	-2.89098	
-3.05917	0.91881	0.117358	-55.8584	-208.197	-6.81129	
5.54883	2.43663	0.26993	-96.297	163.12	-3.28321	
-3.363	0.865237	0.111973	-36.0151	-165.425	7.82296	
-2.67048	0.987347	0.124248	-39.8271	-189.677	10.2384	
-1.4024	1.21094	0.146724	-152.288	-134.2	-2.75195	
0.0967816	1.47529	0.173296	-201.823	35.8631	8.63163	
2.43135	1.88694	0.214674	-142.88	101.298	9.66929	
-0.263118	1.41183	0.166917	-135.754	-149.572	1.8583	
4.60139	2.26957	0.253137	-62.0451	176.069	-1.16279	
3.21092	2.0244	0.228492	-61.9916	193.543	0.91971	
5.51527	2.43071	0.269335	-108.32	173.856	-0.702695	
14.6818	4.04702	0.431805	-23.1361	221.303	4.29511	
-3.6067	0.822265	0.107654	-21.9131	-175.898	7.23463	
12.1585	3.60209	0.387081	-95.159	192.231	-4.59682	
-5.61064	0.468918	0.0721355	-78.9294	-173.725	-4.3651	
-5.70714	0.451901	0.070425	-30.463	-209.51	9.46877	
-4.85947	0.601368	0.0854493	13.0531	-162.9	0.493663	
14.7852	4.06525	0.433638	-32.6505	233.935	2.93324	
-5.47299	0.493189	0.0745752	-31.6576	-180.819	-5.14898	
22.5549	5.43526	0.571351	-20.3496	221.248	-2.07239	
-0.66272	1.34137	0.159834	-123.007	-107.155	-6.53164	
-6.22685	0.360263	0.0612136	-16.0138	-188.816	-7.73078	
-4.84299	0.604274	0.0857414	-19.4685	-150.23	-1.96048	
-1.36869	1.21689	0.147321	-139.907	-168.481	-0.127349	
5.67386	2.45868	0.272146	-87.9371	141.583	5.59122	
14.0159	3.9296	0.420003	-67.7323	244.934	5.7427	
3.75618	2.12054	0.238156	-85.8283	167.448	5.97119	
-4.25093	0.70867	0.0962353	-56.5463	-166.351	9.60386	
-4.18486	0.72032	0.0974064	-51.884	-157.217	1.70056	
-5.33157	0.518125	0.0770818	-85.2478	-171.524	8.33295	
20.4221	5.05919	0.533549	-81.8671	180.44	-0.703397	
-1.45286	1.20205	0.145829	-37.6432	-224.812	17.0491	
-3.04265	0.921724	0.117651	-94.6898	-136.16	4.32206	
-4.92112	0.590497	0.0843566	-64.3326	-200.682	-4.72033	
6.90423	2.67563	0.293953	-66.121	184.475	11.8529	
9.52652	3.13801	0.340432	-97.1792	202.298	-1.35415	
0.583776	1.56116	0.181927	-228.845	43.0953	-14.8739	
8.47486	2.95257	0.321791	-26.9405	218.182	-3.67324	
-0.0385684	1.45142	0.170897	-132.583	113.618	23.0525	
-1.98599	1.10804	0.13638	-109.342	-162.421	0.950142	
-4.78397	0.614681	0.0867876	9.47851	-213.142	8.45311	
17.9791	4.62843	0.490249	-94.6701	230.453	-1.97332	
-0.86812	1.30515	0.156193	-163.794	-103.066	1.6871	
-1.46229	1.20038	0.145662	-104.411	-115.695	18.4581	
-0.413236	1.38536	0.164256	-207.801	-110.938	8.5944	
-3.30901	0.874756	0.11293	-6.3824	-165.824	9.9154	
8.09911	2.88632	0.315132	-100.998	162.428	0.831296	
1.27387	1.68284	0.194159	-129.637	126.618	-3.39565	
-5.31184	0.521603	0.0774314	-44.3254	-179.725	13.6509	
-2.44938	1.02633	0.128167	-71.2389	-129.631	-11.1929	
-5.48313	0.4914	0.0743954	-31.5801	-170.649	-13.0595	
14.1701	3.95679	0.422736	-15.8725	203.095	-6.64098	
-4.2015	0.717386	0.0971115	-47.6895	-172.743	3.93439	
-0.490894	1.37167	0.16288	-249.666	-68.1587	-25.6794	
-0.387398	1.38992	0.164714	-54.2256	-72.7294	-1.28854	
1.07785	1.64828	0.190684	-96.9503	142.9	1.86484	
-2.33019	1.04735	0.130279	-68.5327	-174.551	2.07768	
-1.32983	1.22374	0.14801	-131.878	-124.053	13.0091	
-0.205057	1.42207	0.167946	-134.943	4.38478	2.73465	
8.75032	3.00114	0.326674	-119.26	202.994	-5.75853	
-1.92841	1.11819	0.137401	-78.4728	-199.826	-22.9265	
-0.946298	1.29137	0.154808	-211.346	-128.618	21.6254	
3.09195	2.00342	0.226383	-70.5983	148.248	-5.26276	
16.0463	4.28763	0.455991	-39.8445	216.412	0.23895	
1.58652	1.73797	0.1997	-147.565	156.598	-2.54562	
3.00708	1.98845	0.224879	-118.302	189.395	9.73074	
-3.72887	0.800724	0.105489	-29.3495	-160.797	-13.7524	
-5.24416	0.533537	0.078631	11.1977	-175.482	6.65208	
1.8881	1.79115	0.205046	-39.8456	209.931	12.1615	
-6.07283	0.387421	0.0639434	-65.3546	-175.549	-6.61571	
-2.11591	1.08513	0.134077	-120.111	-152.391	5.72872	
-0.762836	1.32372	0.15806	-220.596	-102.712	-3.79474	
-3.41825	0.855495	0.110994	-51.7769	-185.14	3.80178	
13.3085	3.80487	0.407464	-82.2547	194.287	2.04894	
-4.22886	0.712562	0.0966266	-17.5982	-212.309	-4.79791	
-2.64293	0.992204	0.124736	-102.411	-219.548	1.7007	
-0.699965	1.3348	0.159174	-169.213	-76.7457	16.9523	
-5.21022	0.539522	0.0792326	-10.9965	-191.465	-11.7763	
-3.21322	0.891647	0.114628	-55.7355	-182.101	-12.2712	
-4.00314	0.752362	0.100627	-4.67551	-166.265	-1.45102	
-1.25421	1.23707	0.14935	-135.604	-115.802	-3.80498	
2.75536	1.94407	0.220417	-45.8215	159.067	5.76649	
-3.93262	0.764797	0.101877	-85.9443	-148.003	3.83683	
-6.88867	0.243566	0.0494832	-44.4767	-218.369	-0.441276	
-0.968093	1.28752	0.154421	-166.569	-142.092	20.8073	
-5.10126	0.558734	0.0811638	-23.7244	-202.944	1.05809	
7.95208	2.86039	0.312526	-72.7845	192.359	5.6264	
-2.81923	0.961117	0.121611	-73.5325	-176.284	0.839704	
7.28018	2.74192	0.300617	-103.096	162.719	0.842509	
4.81364	2.307	0.256899	-121.476	159.402	-0.610848	
11.7402	3.52833	0.379667	-113.547	180.863	-4.06545	
-2.9409	0.939665	0.119455	-28.6565	-212.444	5.60755	
-2.14429	1.08013	0.133574	-15.0896	-171.47	8.7562	
11.326	3.45531	0.372326	-30.897	226.975	-4.74084	
-3.64717	0.815129	0.106937	-63.2888	-178.157	1.76729	
-5.38447	0.508796	0.0761441	-70.1756	-164.576	5.97822	
-1.768	1.14648	0.140244	-135.234	-124.566	-3.03977	
-2.96551	0.935325	0.119019	-54.7935	-167.894	-4.71132	
-4.0486	0.744346	0.0998215	-99.8874	-175.997	15.3142	
-1.71194	1.15636	0.141237	-124.926	-169.543	-10.7986	
-2.61592	0.996967	0.125215	-75.0746	-175.16	1.37066	
-4.21937	0.714236	0.0967948	-58.953	-203.091	11.8446	
-7.03943	0.216982	0.046811	26.9879	-183.978	2.20933	
-2.20178	1.06999	0.132555	-115.845	-190.8	10.763	
-0.751183	1.32577	0.158266	-172.522	-154.875	-1.92871	
10.4999	3.30964	0.357684	-98.0792	199.978	-6.27134	
-0.875281	1.30389	0.156066	-157.088	-70.2817	-12.6478	
8.80768	3.01126	0.327691	-62.519	195.213	0.0374038	
-3.23139	0.888443	0.114306	-28.1007	-200.544	8.06834	
8.17102	2.89899	0.316406	-45.1371	219.111	-1.44811	
-3.74782	0.797382	0.105153	-50.9216	-181.712	-9.73369	
2.66077	1.92739	0.218741	-139.804	151.479	-4.94	
5.6487	2.45424	0.2717	-92.21	151.021	-0.384365	
12.0546	3.58378	0.38524	-58.1826	224.461	-8.76557	
9.22731	3.08525	0.335128	-31.7652	215.924	4.74745	
-3.23497	0.887811	0.114242	-75.5803	-158.42	3.62003	
-2.39282	1.03631	0.129169	-89.9415	-197.893	13.6352	
-2.05097	1.09658	0.135228	-82.0334	-207.943	-17.5166	
-3.61927	0.820049	0.107431	-19.4934	-189.198	9.38618	
11.7173	3.5243	0.379262	-64.1614	208.578	-6.94522	
-0.765053	1.32332	0.15802	-206.846	-136.238	-5.30834	
-4.32224	0.696097	0.0949714	-19.3586	-201.7	0.927956	
-2.71125	0.980157	0.123525	-108.376	-148.466	-7.47907	
3.4784	2.07156	0.233233	-82.9403	153.477	2.45988	
-3.91892	0.767212	0.10212	-43.0702	-180.994	-4.62663	
-2.70934	0.980494	0.123559	-73.4414	-170.833	-1.45338	
-3.15257	0.902341	0.115703	-96.815	-179.21	-9.43395	
-0.907559	1.2982	0.155494	-71.0861	-154.507	-19.3195	
14.2149	3.9647	0.42353	-70.2386	225.627	-4.38152	
9.38533	3.11311	0.337929	-116.481	184.703	-3.31464	
-2.20657	1.06915	0.13247	-117.347	-154.491	11.3882	
6.60705	2.62323	0.288686	-95.7652	202.45	4.92494	
-0.586456	1.35482	0.161186	-176.795	-72.3408	8.32576	
12.9285	3.73787	0.400729	-58.1634	188.8	-9.15477	
-4.1794	0.721283	0.0975032	59.8685	-178.716	-3.19703	
-2.42399	1.03081	0.128617	-140.501	-166.672	4.76337	
12.8685	3.72729	0.399666	-68.0844	224.825	-7.62066	
-5.22312	0.537247	0.0790039	-46.0015	-203.851	11.3215	
3.02381	1.9914	0.225175	-125.746	112.814	-3.54517	
5.25946	2.38561	0.264801	-30.7481	193.068	-3.86361	
13.6212	3.86	0.413006	-43.5266	200.861	-2.17607	
-3.41879	0.855399	0.110984	-29.2193	-160.735	3.31057	
-5.20054	0.541228	0.0794041	-53.0739	-176.497	-10.7237	
-3.83946	0.781223	0.103528	-36.0321	-198.009	8.58336	
8.81801	3.01308	0.327874	-79.0946	216.127	15.198	
32.9905	7.27534	0.756315	-61.3034	226.792	-1.42182	
-3.8675	0.77628	0.103031	-71.3643	-204.824	-5.80947	
7.3954	2.76223	0.302659	-23.1129	210.729	4.42467	
9.99813	3.22116	0.34879	-26.6948	224.189	1.48318	
-3.27963	0.879936	0.113451	-58.3383	-180.366	13.6125	
16.4682	4.36201	0.463468	-54.1101	236.926	-0.501201	
8.5103	2.95882	0.32242	-52.7609	196.218	-3.58488	
-4.23297	0.711837	0.0965537	-52.6069	-184.501	-4.41546	
-2.11053	1.08608	0.134173	-36.2878	-199.301	-11.4336	
-0.179178	1.42663	0.168404	-220.232	34.4529	20.1159	
-1.53402	1.18774	0.144391	-84.8231	-170.183	-2.62891	
2.09596	1.8278	0.20873	-147.635	160.682	-7.39603	
-3.05616	0.919341	0.117412	-12.8465	-188.477	9.80247	
9.77039	3.18101	0.344754	-49.4869	217.882	-9.62585	
9.73986	3.17562	0.344213	-65.7003	191.721	-12.5037	
-2.16237	1.07694	0.133254	-114.594	-125.135	-12.5355	
-4.45364	0.672926	0.0926424	-72.7153	-184.483	4.27425	
2.81658	1.95486	0.221502	-120.644	140.7	-0.96733	
15.1722	4.1335	0.440498	-15.0516	226.593	1.39817	
2.17228	1.84126	0.210083	-142.612	137.831	-0.693352	
-4.1747	0.722113	0.0975865	-49.2433	-177.837	-15.6309	
-0.842322	1.3097	0.156651	-114.95	-101.87	-6.04407	
-7.2135	0.186289	0.0437257	-40.2217	-229.39	-14.2035	
11.1106	3.41733	0.368509	-141.437	223.687	4.06607	
-4.04562	0.744872	0.0998744	2.34442	-189.291	17.8217	
5.92149	2.50234	0.276535	-80.8929	166.096	11.2681	
-5.78621	0.437959	0.0690235	-0.826538	-210.088	-0.557832	
-3.63529	0.817225	0.107147	-60.4859	-189.712	4.19727	
0.597459	1.56357	0.18217	-173.113	100.296	0.845192	
9.58129	3.14766	0.341402	-92.003	162.008	-5.05434	
-0.134337	1.43454	0.169199	-177.032	-15.0539	-3.86618	
-3.20685	0.89277	0.114741	-113.603	-186.905	14.0467	
-1.49339	1.1949	0.145111	-156.226	-124.326	5.56411	
-4.02902	0.7478	0.100169	-27.8999	-192.29	0.766354	
5.29573	2.392	0.265444	-79.7925	181.11	4.2495	
-6.85878	0.248835	0.0500129	-6.37611	-168.772	17.3396	
-4.14845	0.72674	0.0980517	-20.5965	-191.209	11.7002	
-2.69015	0.983878	0.123899	-101.524	-148.817	4.74198	
-2.50385	1.01673	0.127201	-120.257	-215.024	-15.8809	
-2.64215	0.992343	0.12475	-51.4806	-232.407	-1.48264	
-6.48478	0.314782	0.0566418	-43.6048	-178.082	8.38792	
3.12702	2.0096	0.227005	-132.239	139.558	-4.23022	
1.19851	1.66955	0.192823	-196.844	120.001	19.4257	
13.4205	3.82462	0.40945	-64.454	220.005	-3.621	
1.72779	1.76288	0.202204	-169.768	133.068	-5.74034	
13.8424	3.89901	0.416927	-75.483	253.496	6.65399	
13.293	3.80214	0.40719	-71.5417	234.998	-4.52375	
14.1117	3.9465	0.421701	-19.4201	241.458	4.70511	
-6.79778	0.259593	0.0510942	23.6434	-198.596	-9.25146	
-3.86204	0.777242	0.103128	-62.3048	-180.933	-6.73965	
15.3928	4.17238	0.444407	-21.2937	212.681	-1.12308	
15.3977	4.17326	0.444494	-42.9564	225.263	4.03507	
-5.59996	0.4708	0.0723247	-21.5662	-193.113	-4.54251	
4.86785	2.31656	0.25786	-138.145	157.331	-4.23843	
13.8434	3.89918	0.416945	-25.2975	219.366	-0.728554	
-3.30102	0.876165	0.113072	-12.9877	-172.283	1.89246	
-6.05473	0.390612	0.0642642	-22.4622	-174.423	-0.100881	
11.9376	3.56314	0.383166	-61.006	226.624	4.64898	
15.2482	4.1469	0.441845	-66.8435	199.896	0.927363	
-2.54019	1.01032	0.126557	-62.0025	-184.832	-12.6864	
-5.12985	0.553693	0.080657	-69.6039	-198.728	-4.97812	
-4.87188	0.599181	0.0852295	22.0024	-205.179	-1.73947	
16.0393	4.28638	0.455866	-19.5311	255.053	-0.182806	
-5.54446	0.480586	0.0733084	18.1748	-163.476	0.675559	
-2.6194	0.996353	0.125153	-37.5715	-170.654	-2.30867	
-5.56434	0.47708	0.072956	-40.3437	-205.291	9.57804	
-3.0597	0.918716	0.117349	-10.9077	-144.764	1.53935	
4.41611	2.2369	0.249853	-52.1941	191.481	-0.347321	
-1.93585	1.11688	0.137269	-63.0638	-180.99	-0.328189	
19.0463	4.8166	0.509164	-80.6968	210.815	5.65833	
-3.99434	0.753915	0.100783	-71.5233	-162.417	3.61461	
-6.25142	0.355931	0.0607781	50.2787	-199.692	1.25455	
-1.09845	1.26454	0.152111	-233.591	-135.021	-15.7647	
-3.50596	0.840028	0.109439	-32.4969	-203.726	0.765747	
6.11035	2.53564	0.279882	-44.8422	218.409	-2.44328	
17.5916	4.56009	0.483379	-36.3997	224.097	-1.53756	
-4.29408	0.701062	0.0954706	-13.8464	-195.355	-10.1515	
4.6488	2.27793	0.253977	-91.1684	189.131	2.96319	
-5.57949	0.474409	0.0726875	-46.5972	-195.847	-9.18875	
15.6953	4.22572	0.449768	-78.6786	153.292	1.09142	
-2.91894	0.943537	0.119844	-92.2251	-189.509	17.0034	
6.49015	2.60261	0.286614	-60.2977	206.394	-11.947	
-4.35706	0.689958	0.0943543	-99.0424	-171.095	19.3416	
15.9336	4.26775	0.453993	-35.986	223.273	-1.79325	
-2.98821	0.931323	0.118616	-54.8431	-190.581	1.85883	
-0.305044	1.40444	0.166174	-151.143	-192.796	-10.8461	
6.40721	2.58799	0.285144	-1.75831	167.436	2.69209	
-2.65326	0.990383	0.124553	-38.0907	-180.008	16.1949	
0.26721	1.50534	0.176316	-170.175	20.6089	-17.2778	
2.52278	1.90306	0.216295	-93.9637	128.399	16.0683	
-5.34798	0.515231	0.0767909	-25.3923	-189.574	-4.68558	
-3.67923	0.809477	0.106368	-9.72172	-178.284	-14.8102	
-3.57888	0.827171	0.108147	-13.843	-187.349	-1.74136	
9.47884	3.1296	0.339586	-48.4972	193.001	-4.6245	
6.61515	2.62465	0.28883	-88.2312	197.891	10.2891	
-2.62451	0.995451	0.125062	-78.7225	-163.227	3.7134	
13.4307	3.82642	0.409631	-60.0552	193.905	0.0717276	
-4.58946	0.648979	0.0902352	-12.6015	-173.822	1.90776	
-3.43861	0.851905	0.110633	-54.2932	-184.141	0.197921	
-4.52005	0.661217	0.0914654	-4.10959	-189.743	8.37342	
-1.62196	1.17223	0.142832	-123.321	-196.577	6.04613	
-3.31541	0.873628	0.112817	-45.2928	-142.588	0.0602607	
-1.34231	1.22154	0.147789	-165.177	-135.015	9.95342	
-1.76608	1.14682	0.140278	-51.7174	-199.411	2.27318	
7.59598	2.7976	0.306214	-63.742	204.912	5.50256	
-2.04228	1.09812	0.135382	-128.324	-207.778	1.24562	
-3.03442	0.923173	0.117797	-38.2783	-177.198	-7.40263	
-0.0379112	1.45154	0.170908	-139.71	-14.9558	-1.64411	
-3.37968	0.862295	0.111678	-64.2925	-210.354	-2.0916	
10.7134	3.34729	0.361468	-50.2549	225.355	7.38162	
4.2039	2.19948	0.246092	-90.8604	151.935	3.71742	
-0.640667	1.34526	0.160225	-188.21	-77.402	-11.0751	
10.1301	3.24443	0.351129	-90.7847	193.501	-2.14528	
8.14293	2.89404	0.315908	-46.2893	224.484	7.31764	
6.76519	2.65111	0.291489	-73.3875	201.993	-6.89702	
-1.87715	1.12723	0.138309	-186.816	-135.917	17.5201	
-2.60562	0.998783	0.125397	-60.0585	-225.443	-1.78293	
-2.11193	1.08583	0.134148	-125.883	-125.469	10.6562	
11.0486	3.4064	0.36741	-99.7307	194.264	9.69438	
-5.33465	0.517582	0.0770272	-22.6394	-158.726	6.82202	
-0.622774	1.34841	0.160542	-163.312	-73.1222	10.6947	
-2.63788	0.993095	0.124826	-79.574	-173.539	-13.0464	
-2.05131	1.09652	0.135222	-117.551	-210.158	1.28003	
-2.93569	0.940583	0.119547	-95.2518	-231.714	-1.53887	
-1.86009	1.13024	0.138611	-128.51	-217.222	-12.2758	
-5.59786	0.47117	0.0723619	-77.623	-195.446	1.06965	
-2.67204	0.987071	0.12422	-74.0814	-173.825	-15.8782	
7.07849	2.70635	0.297042	-34.523	184.77	-14.2542	
-3.75292	0.796484	0.105062	-37.8504	-185.359	1.55621	
-3.97222	0.757814	0.101175	-48.3939	-163.337	3.36216	
-5.07347	0.563634	0.0816564	-11.4229	-210.264	11.9804	
-4.43222	0.676704	0.0930221	-39.4786	-170.949	-6.43468	
5.19803	2.37478	0.263712	-37.3262	158.348	5.47287	
6.68012	2.63611	0.289981	-66.089	175.909	0.672126	
9.68231	3.16548	0.343193	-75.7146	224.032	4.70099	
-0.0429756	1.45065	0.170819	-193.822	-127.664	1.14833	
-3.77752	0.792145	0.104626	-85.1253	-158.051	-14.4638	
1.43831	1.71184	0.197073	-185.284	57.4027	-3.04366	
-1.41808	1.20818	0.146446	-135.51	-162.55	1.76178	
-5.84608	0.427402	0.0679623	19.6734	-158.049	-0.0574449	
-2.43265	1.02928	0.128463	-55.8684	-205.409	-3.10495	
-6.47566	0.31639	0.0568035	22.3442	-161.502	-3.97843	
9.58281	3.14793	0.341429	-77.7889	189.585	-7.03157	
-5.8839	0.420734	0.0672921	-16.6444	-142.68	1.84148	
-3.14043	0.904482	0.115918	-94.4346	-152.947	-9.76659	
13.3228	3.80739	0.407718	-63.5279	214.285	5.46491	
-2.58527	1.00237	0.125758	-55.6415	-189.13	-19.8287	
-3.15229	0.902391	0.115708	-68.5826	-219.01	4.63331	
0.997025	1.63403	0.189252	-184.311	111.654	-9.80936	
-5.52517	0.483988	0.0736503	-17.4863	-201.376	-3.95666	
8.32222	2.92566	0.319086	-57.2601	221.537	-4.02679	
4.67001	2.28167	0.254353	-99.0131	177.059	-4.71261	
-3.55708	0.831016	0.108533	-2.86097	-208.738	-5.93363	
-2.87851	0.950666	0.120561	-70.3572	-125.766	-16.1225	
-2.60453	0.998976	0.125417	-78.7682	-192.805	-4.49526	
10.841	3.36979	0.36373	-40.7924	220.29	-4.41825	
-2.55605	1.00752	0.126276	-33.9335	-174.454	-0.733321	
2.68605	1.93185	0.219189	-147.023	181.135	13.6849	
10.103	3.23966	0.35065	-59.1844	240.899	0.959354	
16.4349	4.35615	0.462879	-63.6895	228.456	-0.180753	
-7.43004	0.148107	0.0398877	36.5861	-195.556	12.2301	
10.7107	3.34681	0.361421	-45.9977	229.37	-1.61452	
-4.3842	0.685172	0.0938733	2.24534	-189.759	-1.65288	
-2.59675	1.00035	0.125555	-108.498	-175.727	-7.26524	
-4.09771	0.735687	0.098951	13.4548	-198.737	-11.947	
-4.14712	0.726975	0.0980754	-4.08705	-157.141	6.94716	
-1.88766	1.12538	0.138123	-115.535	-179.951	-7.62302	
16.6938	4.40179	0.467467	-44.6222	233.102	-1.86158	
2.5109	1.90096	0.216084	-109.521	150.125	-13.322	
2.88501	1.96693	0.222715	-120.726	122.996	-11.7725	
8.5264	2.96166	0.322705	-79.4976	190.833	2.22098	
6.45013	2.59556	0.285905	-28.4753	195.226	3.38775	
-3.8615	0.777338	0.103138	-49.5699	-171.072	4.37207	
-3.18189	0.89717	0.115183	-83.4629	-167.465	10.6695	
-2.09856	1.08819	0.134385	-105.289	-153.495	-5.17173	
5.86546	2.49246	0.275542	-72.3169	185.818	4.97516	
-5.60939	0.469137	0.0721575	-23.7247	-180.437	-6.0251	
-1.83614	1.13446	0.139036	-118.242	-136.897	5.99746	
4.26029	2.20943	0.247091	7.66212	142.064	16.7768	
-4.11561	0.732531	0.0986338	-54.8823	-201.17	3.38149	
1.70983	1.75971	0.201886	-130.707	130.357	3.38789	
0.386755	1.52642	0.178435	-209.829	19.5743	0.835652	
9.06149	3.05601	0.332189	-36.913	177.559	9.7318	
-2.69209	0.983536	0.123865	-51.2011	-197.347	-9.01787	
-2.6253	0.995312	0.125049	-84.5827	-183.856	9.82318	
2.62228	1.9206	0.218058	-120.017	107.436	2.46257	
-2.53676	1.01092	0.126618	-15.1321	-217.025	-11.1938	
2.61029	1.91849	0.217846	-97.2189	183.563	-12.7302	
-2.0431	1.09797	0.135368	-107.309	-189.152	10.0412	
-2.97439	0.933758	0.118861	-47.8176	-221.236	-14.2591	
18.6159	4.74071	0.501535	-20.1641	239.002	-4.92027	
-0.328334	1.40033	0.165761	-215.766	10.6271	11.1198	
0.656639	1.57401	0.183219	-202.221	89.0481	-4.49778	
-2.90053	0.946783	0.12017	-23.3454	-164.016	8.14766	
-6.34501	0.339428	0.0591192	-44.5884	-178.256	8.65746	
-3.99736	0.753381	0.10073	-88.4044	-181.188	-6.91119	
2.21109	1.8481	0.21077	-89.2542	94.8658	-5.15135	
-5.44905	0.49741	0.0749995	-16.8988	-192.453	3.83517	
0.658606	1.57435	0.183254	-197.807	98.2717	-6.78837	
-1.28255	1.23208	0.148848	-82.1718	-149.481	-20.0256	
-3.12474	0.907248	0.116196	-18.2795	-166.992	-1.64491	
2.52692	1.90379	0.216368	-99.4273	186.401	0.267663	
13.5808	3.85288	0.41229	-77.8871	203.528	-1.71651	
-4.57605	0.651343	0.0904728	-45.642	-196.011	0.072267	
-5.36714	0.511853	0.0764514	-37.34	-173.939	-4.39136	
-4.50895	0.663174	0.0916621	-18.2214	-199.111	10.3709	
0.0324353	1.46394	0.172155	-177.815	16.9155	4.08426	
-3.97581	0.757182	0.101112	9.05408	-182.437	-8.00957	
12.7339	3.70355	0.39728	-56.617	247.985	-1.52477	
-4.95102	0.585226	0.0838268	-8.61998	-181.651	-9.40502	
0.131588	1.48143	0.173913	-180.872	-77.8761	-22.1943	
14.8438	4.07559	0.434677	-85.8273	232.875	-8.08173	
-1.79959	1.14091	0.139684	-129.122	-137.522	2.6864	
-2.69106	0.983718	0.123883	-39.6505	-198.243	-18.2273	
-0.0184257	1.45498	0.171254	-218.723	-67.4649	-7.75194	
-4.95405	0.584691	0.083773	26.0929	-226.557	2.24223	
7.74398	2.8237	0.308837	-87.5684	168.8	2.1208	
9.14413	3.07058	0.333654	-83.0948	193.754	-11.8888	
-4.9615	0.583377	0.0836409	7.84782	-211.148	-5.98797	
9.18101	3.07708	0.334308	-28.5094	192.86	-0.888581	
-0.724354	1.3305	0.158742	-218.198	-33.0018	24.3584	
-0.733374	1.32891	0.158582	-105.575	-89.0921	-10.7782	
-1.17716	1.25066	0.150716	-99.942	-102.312	-0.432178	
-2.41811	1.03185	0.128721	-2.13482	-197.382	5.9166	
-0.884632	1.30224	0.155901	-171.614	-106.906	3.66517	
-2.7009	0.981983	0.123709	-74.5572	-189.297	3.22551	
7.28577	2.7429	0.300716	-51.4677	215.889	1.37471	
-0.424609	1.38335	0.164054	-150.529	-76.2105	2.24354	
1.5469	1.73098	0.198998	-186.579	148.472	9.09475	
-3.98684	0.755236	0.100916	9.18521	-206.98	-16.001	
1.04421	1.64235	0.190088	-153.898	141.144	0.502264	
4.03016	2.16885	0.243012	-62.2846	134.698	8.28571	
-0.98336	1.28483	0.154151	-113.054	-126.367	5.75233	
-5.18846	0.543359	0.0796183	-18.0878	-182.095	4.88253	
5.83927	2.48785	0.275077	-44.1178	163.289	-6.07227	
12.9957	3.74972	0.401921	-65.4685	248.037	-3.23268	
-3.24885	0.885364	0.113997	-71.3524	-174.059	2.62295	
-2.92646	0.94221	0.119711	-40.9479	-186.458	-5.08516	
4.31055	2.21829	0.247982	-55.1234	175.919	7.0391	
-3.68139	0.809095	0.10633	-31.9919	-138.432	7.85482	
2.98894	1.98526	0.224557	-73.8585	208.484	1.3665	
-3.95636	0.760611	0.101456	-14.6612	-175.155	1.99136	
1.7575	1.76812	0.202731	-121.197	163.859	5.35188	
2.17517	1.84176	0.210134	-138.463	87.419	2.04989	
11.6215	3.5074	0.377563	-94.4934	250.389	10.6043	
-3.04298	0.921665	0.117645	-80.8269	-166.292	-14.7827	
-2.02881	1.10049	0.135621	-106.044	-145.33	2.37997	
-3.10974	0.909893	0.116462	-23.6944	-161.021	-4.39024	
-3.58792	0.825577	0.107987	-0.479214	-188.062	-6.4696	
-3.30934	0.874698	0.112924	21.5095	-158.692	5.30783	
17.4535	4.53575	0.480932	-51.6018	225.016	-4.7139	
-6.50534	0.311158	0.0562775	4.79393	-206.628	-3.99546	
1.75796	1.7682	0.202739	-137.225	126.42	14.9235	
1.49214	1.72133	0.198027	-228.609	124.065	6.64392	
-2.29364	1.05379	0.130927	-69.047	-179.284	1.39842	
-0.37893	1.39141	0.164864	-213.597	-87.6119	10.2376	
-5.41066	0.504179	0.0756799	-60.6927	-225.397	-7.36034	
4.95003	2.33105	0.259316	-73.1449	161.278	-9.20649	
-3.52024	0.837511	0.109186	-79.0153	-134.133	-4.14685	
-3.0734	0.916301	0.117106	-82.2437	-219.823	0.242959	
3.69177	2.10918	0.237014	-84.6029	166.355	-11.8858	
-0.561001	1.3593	0.161637	-169.118	-85.5261	1.5171	
-4.69102	0.631071	0.088435	-4.63283	-164.923	-9.04305	
13.7822	3.88839	0.41586	-37.335	257.48	1.13295	
-5.67121	0.458236	0.0710618	-104.119	-187.961	-10.078	
8.24317	2.91172	0.317685	-54.7796	219.411	1.54763	
-2.30195	1.05233	0.13078	-80.0594	-176.708	6.45743	
-1.9587	1.11285	0.136864	-135.282	-136.308	10.7922	
5.51313	2.43034	0.269297	-104.296	139.852	-8.67575	
2.29952	1.86369	0.212338	-109.208	133.174	-8.04579	
16.1105	4.29894	0.457128	-29.1363	240.197	-3.58841	
16.5283	4.37261	0.464534	-92.4954	194.807	4.14631	
-2.07675	1.09204	0.134771	-81.0627	-172.56	1.37526	
-1.32136	1.22523	0.14816	-107.709	-110.068	10.4999	
-3.41574	0.855937	0.111039	-63.3444	-199.66	-12.485	
-1.62159	1.17229	0.142839	-84.7708	-180.929	-5.26574	
-3.07063	0.91679	0.117155	-45.5086	-205.011	-6.46424	
4.83561	2.31087	0.257288	-89.8096	159.676	-8.41478	
-4.89751	0.594661	0.0847752	-61.2849	-227.063	-10.1353	
3.25512	2.03219	0.229275	-92.7702	159.003	1.84874	
20.0684	4.99682	0.527279	-60.5248	218.337	1.45001	
15.5004	4.19136	0.446314	-70.0791	257.028	-4.31699	
-3.91768	0.767431	0.102142	-92.1754	-190.324	4.9544	
-2.22266	1.06631	0.132185	-61.3217	-213.888	-7.25018	
-0.469231	1.37549	0.163263	-208.96	-2.83608	14.8499	
12.3912	3.64313	0.391207	-65.495	244.984	10.0548	
0.511495	1.54841	0.180646	-177.385	149.734	5.01817	
-2.95114	0.937859	0.119273	-44.7901	-184.998	-25.0361	
2.7805	1.9485	0.220863	-112.998	111.875	-5.78655	
0.693598	1.58052	0.183874	-152.416	-26.18	6.07362	
-4.08449	0.738018	0.0991853	-34.0776	-185.264	-5.91132	
-3.04033	0.922132	0.117692	-90.0382	-94.625	0.940195	
1.87221	1.78835	0.204764	-125.188	78.8543	-5.9951	
-2.40404	1.03433	0.12897	-96.2097	-152.095	8.90675	
7.21578	2.73056	0.299475	-68.0108	155.482	0.440563	
0.338734	1.51795	0.177584	-188.298	57.9451	-5.02838	
-2.76194	0.97122	0.122627	-101.721	-185.335	-9.23963	
-4.32518	0.695579	0.0949194	-34.8271	-233.133	-0.306461	
-1.5527	1.18444	0.14406	-118.942	-139.227	-0.988823	
13.1896	3.78391	0.405358	-57.5593	229.498	11.9404	
9.52704	3.1381	0.340441	-72.5976	192.539	2.45535	
10.8561	3.37245	0.363997	-52.1546	235.508	3.12134	
-5.60373	0.470136	0.0722579	-35.1862	-166.636	-0.847844	
-5.02248	0.572625	0.0825601	-5.48586	-188.728	-9.4023	
11.724	3.52548	0.37938	-82.2501	236.376	1.24114	
4.50426	2.25245	0.251415	-116.509	175.008	3.0075	
4.60977	2.27105	0.253285	-59.6923	185.709	-9.55815	
-5.59964	0.470857	0.0723304	12.3315	-149.918	-6.36862	
0.980555	1.63112	0.18896	-181.129	121.145	-10.2364	
-2.45902	1.02463	0.127996	-59.5837	-214.803	-3.58611	
-2.3798	1.0386	0.1294	-115.524	-153.844	4.33447	
-3.92883	0.765465	0.101944	-38.8671	-151.706	1.18424	
1.4791	1.71903	0.197796	-127.362	149.683	8.64395	
-0.861384	1.30634	0.156313	-154.533	-80.2754	-10.3032	
-1.03547	1.27564	0.153227	-141.056	-130.56	0.750441	
-6.75173	0.267712	0.0519104	-35.5684	-180.328	12.2519	
4.8002	2.30463	0.256661	-79.935	155.515	-10.0672	
-4.35747	0.689885	0.0943471	-49.4435	-182.729	-5.18586	
-3.09393	0.912681	0.116742	-89.9774	-147.548	6.38522	
1.92232	1.79718	0.205652	-147.599	148.915	3.04681	
19.5243	4.90089	0.517636	-92.897	203.699	4.65517	
9.14316	3.07041	0.333637	-5.19938	226.86	0.464338	
-5.05932	0.56613	0.0819073	-25.6211	-153.445	3.09599	
16.6972	4.40239	0.467527	-76.0354	243.81	-1.35154	
-0.927448	1.29469	0.155142	-220.077	-135.285	-0.0965531	
1.3614	1.69828	0.19571	-154.092	139.524	-5.46419	
8.66632	2.98633	0.325185	-78.3153	196.609	0.75751	
-0.870038	1.30481	0.156159	-163.299	-119.253	-7.87721	
-1.12261	1.26028	0.151683	-109.972	-154.699	-11.1576	
-0.296846	1.40588	0.166319	-167.762	-83.7446	-1.87885	
-3.38865	0.860714	0.111519	-36.391	-186.076	8.83822	
-4.64663	0.638897	0.0892217	-28.6171	-202.809	-4.33916	
2.40706	1.88265	0.214244	-132.803	144.055	-6.56267	
-4.06172	0.742034	0.099589	-20.5265	-175.474	8.72742	
-5.62553	0.466292	0.0718715	-24.1969	-225.121	6.03151	
2.01812	1.81407	0.20735	-127.145	109.886	8.05433	
-4.45076	0.673435	0.0926935	-86.4063	-184.85	14.8765	
1.85858	1.78594	0.204522	-169.682	121.296	-5.12441	
-4.66459	0.635732	0.0889036	-50.0972	-209.073	-1.25472	
-2.73402	0.976142	0.123122	-33.3891	-166.157	-12.9022	
-3.52	0.837553	0.109191	-36.2738	-175.367	4.32241	
-3.51636	0.838194	0.109255	-65.785	-182.716	0.024439	
-2.78371	0.967382	0.122241	-72.6584	-140.644	-4.50909	
-4.84358	0.604171	0.0857311	4.07849	-179.175	6.46444	
-1.01874	1.27859	0.153524	-228.328	-90.9707	4.49851	
-4.01946	0.749486	0.100338	-4.03872	-189.61	-2.54201	
3.40728	2.05902	0.231972	-100.522	168.501	-13.3606	
0.779581	1.59569	0.185398	-172.923	51.3276	-9.15705	
4.92056	2.32585	0.258794	-65.4459	144.837	-8.32409	
16.0911	4.29551	0.456784	-74.879	184.294	-5.76634	
9.99637	3.22085	0.348759	-55.1357	193.07	-2.3711	
-1.4261	1.20676	0.146304	-148.314	-190.142	2.14949	
-2.22244	1.06635	0.132189	-41.8983	-154.912	-15.4383	
-0.16296	1.42949	0.168692	-137.465	-60.385	5.71151	
10.6585	3.33761	0.360496	-36.7908	217.567	7.31735	
-2.91011	0.945093	0.12	-4.04631	-214.131	-11.9624	
-1.88242	1.1263	0.138216	-117.361	-200.589	-7.68183	
5.81511	2.48358	0.274649	-127.727	138.472	-0.499674	
-1.38474	1.21406	0.147037	-92.1123	-134.322	11.144	
8.79608	3.00921	0.327485	-44.9009	197.088	4.32762	
-3.38914	0.860628	0.11151	-77.5516	-158.758	5.24242	
-2.2698	1.058	0.13135	-82.471	-177.665	-8.31711	
1.50284	1.72322	0.198217	-158.293	95.0229	-4.25989	
12.2693	3.62163	0.389046	-35.524	191.361	-3.91397	
1.2352	1.67602	0.193473	-116.362	134.157	-8.66244	
2.04638	1.81906	0.207851	-94.4209	187.697	15.0167	
-4.71257	0.627271	0.0880531	-12.7071	-161.008	-1.39278	
-4.18149	0.720915	0.0974662	-9.33417	-164.085	-8.44069	
0.745971	1.58976	0.184802	-169.163	124.579	-15.4643	
-4.12753	0.730429	0.0984225	-82.2493	-201.924	10.6813	
-2.61384	0.997334	0.125252	-66.6509	-217.97	-0.296459	
-1.64162	1.16876	0.142484	-116.502	-162.436	3.22318	
6.02523	2.52063	0.278373	-65.9699	169.827	5.58827	
-5.5897	0.47261	0.0725066	-11.4199	-198.586	5.38665	
-3.47395	0.845673	0.110007	-53.331	-166.863	-7.29318	
-4.30884	0.698459	0.0952089	-32.7135	-187.759	7.95352	
-2.01428	1.10305	0.135878	-95.5778	-157.295	5.558	
21.3134	5.21635	0.549346	-49.22	265.587	2.56517	
-3.02498	0.924839	0.117965	-16.9994	-161.264	23.5215	
13.3617	3.81425	0.408407	-90.3574	224.07	-6.24368	
6.11354	2.53621	0.279939	-82.6475	151.738	-4.36748	
-1.0252	1.27745	0.153409	-126.11	-80.0023	16.2441	
7.79418	2.83255	0.309727	-117.202	197.683	-3.16585	
9.10258	3.06325	0.332917	-66.2338	229.124	-2.79734	
23.1042	5.53212	0.581087	-51.245	250.461	-3.49376	
-3.55363	0.831623	0.108595	-91.9998	-205.101	3.11084	
-4.78593	0.614335	0.0867528	-27.5688	-204.894	-0.215043	
19.2165	4.84661	0.51218	-69.0773	228.338	1.98128	
2.1566	1.83849	0.209805	-121.996	178.75	-10.1942	
-6.78177	0.262415	0.0513779	-34.6158	-216.344	10.2283	
-4.69166	0.630959	0.0884238	26.4876	-223.768	-7.6478	
-0.797489	1.31761	0.157445	-165.503	-60.9572	-2.97089	
-1.91102	1.12126	0.137709	-90.1835	-197.009	-3.71661	
-1.57278	1.1809	0.143704	-125.995	-117.154	4.56475	
-3.52315	0.836999	0.109135	-50.7538	-192.693	-2.60421	
0.124946	1.48026	0.173795	-124.558	-2.80366	-12.1059	
15.8279	4.24911	0.452119	-5.81472	247.25	1.03429	
1.84239	1.78309	0.204235	-168.28	109.313	-15.0609	
9.14535	3.0708	0.333676	-66.7908	221.951	1.70361	
-3.53365	0.835146	0.108949	-33.3953	-168.293	-10.4689	
-4.95244	0.584975	0.0838016	11.2625	-206.443	2.60496	
-5.65674	0.460789	0.0713184	27.1575	-206.076	3.9117	
-2.08195	1.09112	0.134679	-26.5879	-221.723	-9.43984	
3.62103	2.09671	0.235761	-103.644	172.914	-7.27057	
-1.19416	1.24766	0.150415	-124.434	-152.852	-4.73439	
-6.29623	0.348029	0.0599838	-28.3425	-205.734	0.99389	
10.7963	3.3619	0.362937	-33.4522	172.55	8.75325	
10.7623	3.3559	0.362334	-87.277	234.246	-1.72522	
-3.00442	0.928464	0.118329	-51.9688	-227.227	-15.6614	
-5.81246	0.433331	0.0685584	8.75066	-201.98	15.8972	
2.40793	1.88281	0.214259	-111.69	153.96	-10.0865	
-3.09992	0.911624	0.116636	-66.1277	-199.082	-12.2321	
-1.93072	1.11779	0.137359	-86.6533	-178.502	-4.33101	
3.91392	2.14835	0.240952	-68.2264	196.77	-1.14574	
6.10633	2.53494	0.279811	-85.083	215.667	-6.71497	
15.6039	4.20961	0.448149	-48.835	195.426	-6.6133	
9.86873	3.19835	0.346497	-64.4825	184.425	18.1315	
-6.74762	0.268436	0.0519831	-49.368	-171.031	4.12586	
-4.37191	0.687338	0.094091	39.9517	-182.666	13.3228	
5.47398	2.42344	0.268603	-86.7468	221.039	0.758721	
2.53935	1.90598	0.216589	-104.23	145.232	-12.2042	
-1.32073	1.22534	0.148171	-127.556	-126.012	-26.6858	
-2.44835	1.02651	0.128185	2.98949	-184.338	-9.89749	
8.18812	2.90201	0.316709	-47.4662	234.87	10.8577	
7.88403	2.84839	0.31132	-66.6289	235.639	-7.09098	
-4.47345	0.669434	0.0922913	-38.6706	-179.793	13.7211	
-6.18999	0.366763	0.0618669	27.7518	-182.904	4.96142	
-4.33173	0.694423	0.0948032	-35.4433	-153.874	9.49994	
-3.62183	0.819598	0.107386	-2.58758	-213.235	-3.54599	
13.413	3.8233	0.409317	-51.2199	229.748	6.64536	
4.28472	2.21374	0.247524	-100.603	201.229	-12.7736	
-2.87477	0.951324	0.120627	-56.4865	-186.646	-4.61702	
-4.69235	0.630837	0.0884116	-70.6559	-210.852	5.58198	
3.94782	2.15433	0.241553	-38.2109	139.026	-10.8754	
-1.52849	1.18871	0.144489	-20.9257	-185.333	-13.5858	
-3.87007	0.775826	0.102986	-58.8937	-132.647	-2.50487	
-4.49379	0.665847	0.0919307	0.115336	-196.129	14.4913	
12.3757	3.6404	0.390932	-65.7425	225.601	6.46478	
-4.31172	0.697952	0.095158	2.93141	-178.498	1.1189	
3.10488	2.0057	0.226612	-97.2816	142.177	4.02986	
-2.2471	1.062	0.131752	-78.4831	-158.37	2.27401	
-3.93038	0.765193	0.101917	-5.63174	-173.049	2.45304	
-2.53751	1.01079	0.126605	-109.089	-161.367	1.48312	
4.04117	2.17079	0.243207	-102.07	183.312	4.12885	
-2.93745	0.940273	0.119516	-64.7057	-186.486	6.72564	
11.6553	3.51337	0.378163	-54.153	232.968	3.72881	
-4.34617	0.691877	0.0945473	-14.2545	-204.873	10.5465	
-5.86617	0.42386	0.0676063	-5.93055	-184.529	-18.7897	
-0.235229	1.41675	0.167411	-197.908	-15.0567	-4.18965	
-2.08154	1.09119	0.134686	-133.257	-175.271	-5.36357	
-6.3331	0.341527	0.0593302	-27.0135	-202.78	-12.3054	
-3.67742	0.809796	0.1064	-6.6585	-208.037	-15.364	
-4.29084	0.701634	0.095528	-26.4612	-199.481	-18.1641	
10.2743	3.26986	0.353686	-83.2555	157.855	-6.64345	
10.4893	3.30778	0.357497	-130.79	202.854	-5.70966	
-3.63607	0.817087	0.107133	-42.2409	-164.922	1.89323	
11.0455	3.40584	0.367354	-84.6505	236.7	-5.2492	
8.05447	2.87844	0.31434	-71.5869	207.388	-7.27616	
-1.91017	1.12141	0.137724	-64.5287	-234.872	12.7554	
13.0252	3.75492	0.402443	-86.0236	235.876	4.47592	
0.430491	1.53413	0.17921	-211.838	-69.8782	-28.1593	
-1.08921	1.26617	0.152275	-63.8541	-199.112	-12.4242	
-3.13794	0.90492	0.115962	-39.4817	-211.842	-3.907	
-0.723814	1.3306	0.158751	-172.595	-134.855	-5.41679	
-0.701162	1.33459	0.159153	-101.946	-84.7007	2.24841	
-3.87337	0.775245	0.102927	-38.2624	-189.547	-8.6646	
23.4738	5.59729	0.587638	-39.8587	250.083	2.31007	
-4.6327	0.641354	0.0894687	13.2258	-214.13	7.2171	
-7.51428	0.133254	0.0383947	-46.6125	-229.769	-11.0071	
-4.7616	0.618625	0.087184	-0.397646	-178.97	-12.8562	
-0.973022	1.28665	0.154334	-119.96	-209.749	8.47686	
2.71694	1.93729	0.219736	-73.3479	161.223	3.53892	
-2.41314	1.03272	0.128809	-43.5306	-226.754	-8.2653	
3.29193	2.03868	0.229928	-101.27	172.838	8.57777	
-1.86823	1.12881	0.138467	-63.3379	-206.359	-3.74081	
-4.80855	0.610346	0.0863518	-67.0093	-163.918	8.99894	
8.83169	3.01549	0.328116	-39.8771	215.321	1.42275	
-3.23343	0.888084	0.11427	-66.4429	-159.562	21.2494	
-2.51939	1.01399	0.126926	-150.015	-93.8265	2.29695	
-0.868156	1.30514	0.156193	-183.956	-145.328	1.20078	
-0.87134	1.30458	0.156136	-218.375	-118.585	12.2142	
-4.02538	0.74844	0.100233	-32.6084	-163.727	-2.25845	
-3.31564	0.873588	0.112813	-64.0173	-188.591	-5.66373	
5.43572	2.41669	0.267925	-142.984	147.064	-1.16206	
11.2226	3.43707	0.370493	-79.4556	213.25	2.62	
9.56243	3.14434	0.341068	-83.792	208.786	3.03568	
4.22609	2.2034	0.246485	-103.273	134.836	1.9978	
9.16848	3.07487	0.334085	-97.7047	205.296	-10.9614	
7.37597	2.75881	0.302314	-122.072	171.149	15.1612	
-5.63415	0.464772	0.0717187	7.83735	-201.408	-10.0453	
2.92103	1.97328	0.223354	-79.7489	170.208	5.21589	
4.44814	2.24255	0.250421	-93.8305	161.629	3.81326	
-3.93737	0.76396	0.101793	-91.5108	-166.275	19.1146	
-3.63592	0.817114	0.107136	10.2052	-195.088	-3.09868	
-4.3719	0.687341	0.0940913	-47.8646	-189.232	4.40856	
2.21913	1.84952	0.210913	-163.483	112.495	-1.11438	
9.02358	3.04932	0.331517	-54.6554	186.699	-0.954423	
-1.1592	1.25383	0.151034	-120.213	-134.224	5.12823	
-3.33404	0.870344	0.112487	-27.3166	-226.956	-7.80554	
8.31676	2.92469	0.318989	-37.9877	168.967	-5.84037	
-5.12859	0.553916	0.0806795	11.8351	-183.135	4.75335	
-4.49083	0.66637	0.0919834	-21.3141	-204.54	3.12495	
-4.67916	0.633162	0.0886452	-44.8808	-124.613	-4.65006	
-2.93342	0.940982	0.119587	-53.9555	-215.371	-5.38015	
5.40039	2.41046	0.267299	-76.0825	167.988	-11.5215	
2.96723	1.98143	0.224172	-83.3191	163.148	0.762929	
1.66978	1.75265	0.201176	-172.729	95.6324	-21.1072	
-5.15988	0.548398	0.0801248	-44.0884	-181.45	8.20212	
-3.87423	0.775094	0.102912	-68.0721	-183.537	11.5917	
13.9983	3.9265	0.419691	-38.962	195.809	1.33285	
-2.77413	0.969071	0.122411	-26.9741	-214.905	2.96092	
-4.75396	0.619973	0.0873195	-68.373	-178.071	15.0256	
-2.80568	0.963507	0.121851	-56.1385	-218.391	7.1742	
2.0787	1.82476	0.208424	-130.656	150.107	13.877	
-7.59147	0.119643	0.0370265	-37.5318	-200.656	-0.416374	
-0.591654	1.3539	0.161094	-101.577	-113.463	-9.47281	
-1.13597	1.25792	0.151446	-122.797	-164.965	4.37638	
-5.26889	0.529176	0.0781926	-46.2552	-184.958	-2.89634	
-5.06569	0.565006	0.0817942	6.95661	-166.983	-0.315892	
-3.12232	0.907674	0.116239	-85.059	-182.479	-2.02394	
14.6771	4.0462	0.431722	-37.9401	218.08	-3.05485	
0.348079	1.5196	0.17775	-163.569	83.919	13.438	
5.87483	2.49412	0.275708	-14.6736	202.19	9.37076	
-5.65866	0.46045	0.0712843	-79.3146	-217.956	-2.6727	
11.8359	3.54521	0.381363	-115.28	168.361	-4.65406	
-3.09709	0.912123	0.116686	-76.8703	-209.124	-2.6279	
16.3396	4.33934	0.461189	-49.0456	267.7	5.41817	
5.05006	2.34869	0.261089	-34.8107	210.805	8.82291	
-0.0794525	1.44421	0.170172	-193.157	-12.4414	-4.2092	
8.53931	2.96394	0.322934	-84.2979	160.279	-0.674891	
6.5117	2.60641	0.286996	-71.2369	168.715	8.10243	
-2.94548	0.938856	0.119374	-19.9907	-153.612	-9.09336	
-5.71402	0.450689	0.0703031	50.8403	-190.782	-6.37819	
15.2756	4.15173	0.442331	-37.5676	238.361	-0.439188	
-3.14626	0.903453	0.115815	26.8194	-201.193	10.5662	
18.5301	4.72559	0.500015	-27.3025	241.344	2.25618	
-4.26547	0.706107	0.0959776	-74.1693	-203.94	2.72425	
8.37405	2.9348	0.320005	-46.6005	204.827	0.31548	
6.62219	2.62589	0.288954	-86.5481	164.766	6.62444	
-4.77701	0.615908	0.0869109	-39.3859	-189.225	-4.38776	
-5.66677	0.45902	0.0711406	-3.33251	-197.314	0.630443	
4.88306	2.31924	0.258129	-89.1802	172.975	0.926019	
-3.28363	0.879231	0.11338	-73.3603	-178.986	-21.4524	
4.48795	2.24957	0.251126	-68.5009	202.648	8.66578	
10.7408	3.35212	0.361954	-76.0326	233.131	-2.69997	
-5.8599	0.424965	0.0677174	-24.535	-240.233	17.7683	
19.6098	4.91596	0.519151	-36.0195	253.213	1.79017	
3.60434	2.09377	0.235465	-124.745	138.668	-5.05311	
-2.48606	1.01986	0.127517	-116.16	-155.065	-3.12915	
-4.32088	0.696337	0.0949955	-44.6966	-176.501	-7.19182	
13.7543	3.88348	0.415366	-42.3046	254.901	10.1673	
-6.91946	0.238137	0.0489375	-13.839	-209.137	-7.63933	
7.71217	2.81809	0.308273	-72.9354	195.311	-1.49266	
-5.93333	0.412019	0.066416	-21.1177	-169.748	-8.37816	
-2.4738	1.02203	0.127734	-69.6639	-153.277	7.68834	
-4.93477	0.588091	0.0841147	-0.522919	-185.874	10.1254	
15.2228	4.14241	0.441393	-50.5293	224.307	-0.678872	
-5.00755	0.575258	0.0828247	-25.8087	-209.518	-2.82102	
7.4165	2.76595	0.303033	-80.8083	181.189	-0.922664	
7.01148	2.69454	0.295854	-16.6949	207.28	-0.111793	
-3.4581	0.848468	0.110288	-46.4605	-184.071	-0.598081	
-1.83475	1.13471	0.139061	-108.486	-159.152	-11.184	
3.93013	2.15121	0.241239	-40.6814	165.275	4.38473	
-5.25603	0.531444	0.0784206	-13.6222	-204.713	2.56227	
-1.81063	1.13896	0.139488	-81.6449	-140.935	2.27279	
4.86335	2.31576	0.25778	-110.338	135.174	-1.22125	
-0.0837637	1.44345	0.170096	-199.137	6.18356	11.3345	
-3.14214	0.904179	0.115888	-1.26462	-188.479	-8.93492	
-5.78709	0.437805	0.069008	-7.83928	-197.908	7.01396	
7.49831	2.78038	0.304483	-23.0508	205.256	17.2682	
5.91582	2.50134	0.276434	-104.675	179.083	7.95087	
-4.86073	0.601147	0.0854271	-1.67142	-219.017	13.757	
5.89454	2.49759	0.276057	-83.0055	176.672	3.52656	
4.57722	2.26531	0.252709	-73.6938	149.062	0.667552	
4.9524	2.33147	0.259358	-96.7708	166.37	0.16913	
6.27591	2.56484	0.282817	-85.0412	145.619	4.191	
-4.57502	0.651524	0.090491	7.28271	-172.555	13.8607	
7.2782	2.74157	0.300581	-85.0746	191.011	3.99758	
2.96144	1.98041	0.22407	-66.0075	178.043	7.39845	
-1.35281	1.21969	0.147603	-78.914	-148.85	-4.99642	
-2.17445	1.07481	0.13304	-58.6217	-191.767	-23.9061	
5.60476	2.44649	0.270921	-13.2189	211.493	12.2892	
11.2154	3.4358	0.370365	-90.5405	198.332	-1.40507	
16.3296	4.33757	0.461011	-51.6871	205.181	0.894852	
-3.95243	0.761303	0.101526	-70.0889	-196.523	-5.96488	
-3.21654	0.891062	0.114569	-38.8267	-178.217	13.028	
2.52537	1.90351	0.216341	-91.5231	196.741	23.2994	
-2.94749	0.938502	0.119338	-40.2921	-170.685	6.6317	
7.58823	2.79623	0.306077	-88.9382	168.874	-5.62182	
14.6043	4.03335	0.430431	-49.3819	231.722	7.91981	
-2.52101	1.0137	0.126897	-108.027	-187.206	-11.3973	
2.26268	1.85719	0.211685	-104.334	118.948	4.98536	
-3.00705	0.928	0.118282	-54.5643	-199.155	3.01793	
-1.99239	1.10691	0.136266	-66.8778	-176.519	9.99178	
9.51544	3.13605	0.340235	-31.6293	188.224	-8.25752	
-1.67583	1.16273	0.141877	-107.151	-123.683	8.29753	
3.67225	2.10574	0.236668	-72.5546	164.943	0.333778	
5.6157	2.44842	0.271115	-40.9077	176.561	3.00864	
3.19501	2.02159	0.22821	-137.083	122.274	-2.30694	
-3.17863	0.897746	0.115241	-77.6254	-201.566	-4.57651	
5.70542	2.46424	0.272705	-58.8578	169.033	5.37896	
13.7422	3.88134	0.415151	-47.4426	229.417	6.18783	
10.3008	3.27454	0.354156	-93.7438	178.076	-13.9124	
-3.45784	0.848514	0.110292	-31.1814	-159.145	-1.42023	
15.603	4.20945	0.448133	-59.9236	219.966	-3.84306	
-3.26032	0.883342	0.113793	9.6821	-209.472	-2.87102	
3.15757	2.01499	0.227546	-87.9807	180.737	6.90182	
-2.43719	1.02848	0.128383	-41.2933	-152.309	2.30722	
-2.92408	0.94263	0.119753	-79.5766	-164.857	0.81855	
-2.23565	1.06402	0.131955	-52.9476	-176.888	15.6145	
13.8236	3.8957	0.416595	-120.252	197.662	4.4161	
9.01389	3.04762	0.331345	-56.6138	213.464	12.2959	
3.56762	2.08729	0.234814	-110.399	166.026	-19.4176	
-1.93809	1.11649	0.137229	-111.296	-171.948	-3.10414	
12.122	3.59566	0.386435	-41.912	215.524	-0.686591	
6.07123	2.52875	0.279189	-48.7936	181.347	4.18974	
9.01595	3.04798	0.331382	-41.2341	193.952	-9.43841	
-2.54964	1.00865	0.12639	-141.714	-177.989	-3.84457	
-2.53351	1.0115	0.126675	-83.7392	-165.974	-14.9401	
-5.17692	0.545394	0.0798228	17.4283	-211.416	0.565075	
-0.830704	1.31175	0.156857	-176.685	-148.151	13.6591	
5.10642	2.35862	0.262088	-94.9918	164.908	-0.400715	
-2.51959	1.01395	0.126922	-115.832	-169.434	-10.8648	
2.54572	1.9071	0.216701	-146.015	145.889	9.41243	
-1.18191	1.24982	0.150632	-95.8273	-157.051	-4.08562	
-3.02224	0.925322	0.118013	-93.0899	-179.497	-0.863728	
-1.40866	1.20984	0.146613	-84.766	-153.668	2.80678	
7.64702	2.8066	0.307119	-75.7809	174.282	1.56634	
1.37381	1.70046	0.19593	-180.978	55.4158	-24.3899	
-6.56216	0.301138	0.0552703	-9.73792	-205.844	4.7134	
-3.87779	0.774466	0.102849	-1.55376	-180.24	-4.37386	
0.414384	1.53129	0.178925	-193.758	18.3803	-3.42726	
-1.05527	1.27215	0.152876	-120.322	-114.326	6.79224	
10.9568	3.3902	0.365782	-51.5712	198.825	-0.312123	
-3.124	0.907378	0.116209	-9.94473	-211.802	0.697738	
-1.24688	1.23837	0.14948	-126.308	-127.226	11.9745	
0.822854	1.60332	0.186165	-165.734	20.8684	10.3355	
-5.7271	0.448383	0.0700713	10.3277	-206.685	14.083	
-3.96195	0.759626	0.101357	-131.17	-185.669	-4.24206	
-6.40529	0.328799	0.0580508	2.41807	-183.513	0.617668	
-3.70636	0.804694	0.105888	-45.0038	-188.985	2.59248	
16.7724	4.41566	0.46886	-65.6319	240.414	4.30694	
2.39124	1.87986	0.213963	-110.922	132.332	-2.3291	
-0.910395	1.2977	0.155444	-133.086	-125.496	0.876483	
-4.34028	0.692916	0.0946517	-68.7573	-178.084	10.723	
-0.816245	1.3143	0.157113	-131.968	-79.449	-7.24628	
2.94636	1.97775	0.223803	-85.9394	166.894	-9.04868	
15.6614	4.21975	0.449168	-57.2303	190.297	0.22659	
-5.55243	0.479182	0.0731672	21.5174	-211.547	-0.203773	
-0.69757	1.33522	0.159216	-191.573	-74.6478	14.4246	
4.32982	2.22169	0.248323	-65.3817	143.788	8.97603	
9.96676	3.21563	0.348234	-53.3689	179.052	-1.17744	
-1.88371	1.12608	0.138193	-126.678	-167.742	2.53071	
-6.20777	0.363627	0.0615517	-44.4557	-166.875	-11.6809	
-3.62315	0.819364	0.107362	-44.8301	-129.63	8.24799	
-2.17861	1.07408	0.132966	-142.31	-164.167	7.92048	
-2.51757	1.01431	0.126958	-26.3628	-167.998	10.8033	
6.79254	2.65593	0.291974	-109.597	171.833	-1.84954	
-3.68891	0.80777	0.106197	-45.8304	-207.922	3.72357	
-3.37821	0.862554	0.111704	-19.7753	-178.64	-3.2563	
14.787	4.06557	0.43367	-64.7652	210.12	2.05535	
-0.962946	1.28843	0.154513	-151.364	-33.1986	2.22408	
-2.07193	1.09289	0.134857	-80.1066	-179.985	-0.281366	
14.8319	4.07349	0.434466	-71.0613	230.563	2.15337	
8.65697	2.98468	0.325019	-48.8599	186.338	0.216272	
9.35169	3.10718	0.337333	-61.5382	212.798	3.95255	
-1.66761	1.16418	0.142023	-124.923	-200.999	-13.5773	
-5.1388	0.552116	0.0804985	4.89944	-217.302	-2.46584	
-1.11848	1.26101	0.151756	-112.38	-147.375	11.4579	
-1.48477	1.19642	0.145264	-161.466	-148.77	-2.93464	
10.7291	3.35006	0.361747	-102.793	177.571	2.12653	
-3.53893	0.834216	0.108855	-26.0441	-196.166	-5.02193	
-2.29814	1.053	0.130847	-73.9831	-168.37	5.34182	
3.33076	2.04553	0.230616	-56.6716	162.305	-9.14626	
-3.16024	0.900988	0.115567	-55.5962	-165.226	0.829657	
-2.62525	0.995321	0.125049	-9.18084	-220.584	12.5924	
-3.98205	0.756081	0.101001	-39.3318	-200.621	10.9119	
-3.76928	0.793598	0.104772	-67.582	-190.032	-5.92086	
-3.98661	0.755277	0.10092	-28.9204	-195.605	-10.1276	
-0.538894	1.3632	0.162029	-281.708	-65.4315	-5.46549	
-5.50473	0.487591	0.0740125	1.51661	-169.027	-13.9651	
-3.3261	0.871743	0.112627	-26.7999	-179.232	-2.69729	
5.55028	2.43689	0.269955	-102.235	155.865	-2.43917	
4.02049	2.16715	0.242841	-57.9006	205.792	-4.16125	
-2.98308	0.932227	0.118707	-49.0616	-226.101	-1.13397	
-1.76223	1.1475	0.140346	-131.091	-182.646	13.3126	
0.142093	1.48328	0.174099	-204.185	3.77614	8.10581	
-3.65749	0.813311	0.106754	-93.4093	-137.824	-6.23826	
-5.01979	0.573099	0.0826078	35.2516	-190.749	6.1915	
3.02688	1.99194	0.22523	-128.662	184.523	9.15349	
-2.46103	1.02428	0.12796	-51.7074	-194.171	-5.56797	
-1.10073	1.26414	0.152071	-120.398	-171.596	9.46512	
-1.59773	1.1765	0.143262	-141.784	-152.072	-0.410474	
4.02504	2.16795	0.242922	-69.9254	141.068	-5.18052	
12.0581	3.58438	0.385301	-59.2923	162.539	0.160269	
-3.24843	0.885439	0.114004	19.2927	-154.313	-4.30273	
-1.80173	1.14053	0.139646	-129.24	-130.529	-16.8445	
-5.83908	0.428636	0.0680864	0.0232661	-199.747	-3.52122	
-5.68117	0.456481	0.0708854	-27.7905	-173.233	-6.92564	
-4.4028	0.681891	0.0935435	-39.0881	-157.442	10.0949	
-2.47827	1.02124	0.127655	-40.9966	-167.574	-6.41541	
9.43808	3.12241	0.338864	-38.2321	235.966	-1.71269	
-3.86341	0.777001	0.103104	-55.2361	-231.829	5.69483	
-6.33116	0.34187	0.0593646	-57.0553	-166.895	7.53745	
10.3902	3.2903	0.35574	-61.696	231.523	-5.83688	
-4.1456	0.727243	0.0981022	-36.0443	-175.636	6.84831	
-3.4039	0.858024	0.111248	-81.0432	-195.477	0.599193	
19.3467	4.86958	0.514488	-36.2043	250.082	-1.8534	
-3.96612	0.758891	0.101283	-2.90578	-180.766	5.0891	
-5.26595	0.529695	0.0782448	-4.94506	-157.933	5.06211	
5.98673	2.51385	0.277691	-62.4017	185.033	4.89083	
10.282	3.27122	0.353822	-91.5924	198.723	7.53776	
8.33569	2.92803	0.319325	-72.9734	176.24	-5.21646	
-2.79203	0.965914	0.122093	-43.4387	-190.585	-10.4329	
-5.14956	0.550219	0.0803078	-35.9128	-224.613	-12.28	
9.2838	3.09521	0.336129	-72.624	211.253	-3.03188	
-0.402274	1.38729	0.16445	-215.58	-106.781	0.523094	
5.78483	2.47825	0.274113	-97.7524	141.57	-8.52329	
12.5576	3.67247	0.394156	-75.5321	215.313	1.24408	
-6.601	0.294289	0.0545819	-10.62	-176.289	-1.98123	
-5.06734	0.564716	0.0817651	21.039	-190.584	-2.38547	
10.7039	3.3456	0.361299	-38.5251	184.165	13.2051	
10.0033	3.22208	0.348883	-54.6689	216.211	3.85932	
-2.24815	1.06181	0.131733	-52.1494	-181.175	0.176264	
15.0888	4.11879	0.439019	-80.1679	230.036	-3.7329	
16.5585	4.37793	0.465068	-88.0038	231.098	-2.13077	
-4.64924	0.638438	0.0891756	-57.8429	-219.152	10.5951	
-2.93113	0.941386	0.119628	-72.9315	-181.115	-4.11273	
-6.16644	0.370914	0.0622841	2.64557	-143.136	3.44978	
-1.51735	1.19067	0.144686	-120.374	-168.661	11.1251	
-2.12215	1.08403	0.133966	-134.709	-157.535	8.76625	
18.2002	4.66742	0.494167	-46.5704	241.711	4.08364	
12.5932	3.67875	0.394787	-64.2918	206.538	6.4917	
-4.38544	0.684953	0.0938513	3.63535	-170.837	-7.2888	
-1.50154	1.19346	0.144967	-74.8402	-205.207	-4.47858	
-1.80769	1.13948	0.13954	-51.2016	-191.062	20.7112	
-6.18073	0.368395	0.0620309	-19.9398	-181.164	9.93647	
11.9384	3.56329	0.383181	-45.7375	233.908	6.26634	
19.6118	4.91631	0.519187	-58.4033	242.334	2.80721	
9.67783	3.16469	0.343113	-57.4714	182.331	0.254358	
3.06895	1.99936	0.225975	-79.1325	129.335	8.37245	
12.6713	3.69252	0.396171	-100.546	185.935	-1.21615	
-1.92883	1.11812	0.137393	-173.691	-149.317	12.2854	
1.73683	1.76447	0.202364	-179.195	106.218	0.336463	
5.05239	2.3491	0.26113	-63.8924	184.537	1.35015	
-3.47413	0.845641	0.110004	-80.0676	-167.117	-19.4891	
8.07787	2.88257	0.314755	-106.808	229.281	-7.45205	
-5.38816	0.508146	0.0760786	-3.26137	-159.951	7.72159	
-3.05578	0.919408	0.117419	-83.1487	-162.234	2.21004	
2.77332	1.94723	0.220735	-119.284	157.909	-1.28698	
-3.45114	0.849695	0.110411	-61.6101	-177.867	-18.0312	
-2.56499	1.00595	0.126117	-74.7795	-136.782	5.03105	
-3.74605	0.797694	0.105184	-3.0916	-183.724	1.35594	
-4.82695	0.607103	0.0860258	-38.0955	-196.502	-1.87717	
-2.76009	0.971546	0.12266	-59.7171	-214.676	-16.1718	
7.63016	2.80363	0.30682	-33.6916	195.223	2.57704	
8.60464	2.97545	0.324092	-54.7668	182.913	-6.67525	
-3.39808	0.859051	0.111352	-130.801	-139.794	12.1441	
-1.6884	1.16051	0.141655	-124.504	-198.22	6.32103	
-5.89235	0.419243	0.0671422	-9.68469	-175.321	13.9364	
7.30828	2.74687	0.301115	-66.8258	152.39	-7.83637	
2.25218	1.85534	0.211499	-94.052	178.708	-5.79089	
-4.44838	0.673855	0.0927358	-57.7849	-173.379	-10.0281	
-3.71473	0.803217	0.105739	-62.7007	-136.15	-2.05312	
-3.74324	0.798189	0.105234	-42.5754	-204.532	15.7794	
-3.63102	0.817978	0.107223	-21.6489	-174.639	-5.81349	
-2.0111	1.10361	0.135935	-117.529	-182.323	4.68712	
0.525781	1.55093	0.180899	-179.73	45.0756	1.25454	
12.6313	3.68546	0.395461	-71.628	203.39	-2.87915	
-2.60948	0.998102	0.125329	-51.2613	-192.957	2.72556	
9.02193	3.04903	0.331488	-74.3707	179.09	-12.1577	
-1.17923	1.25029	0.150679	-160.622	-92.2916	-2.0656	
21.5147	5.25185	0.552914	-63.4598	218.637	1.41856	
12.1019	3.59211	0.386078	-49.4446	174.494	6.91604	
5.954	2.50807	0.277111	-95.5411	195.31	-11.1562	
-2.50476	1.01657	0.127185	-92.9569	-181.854	-1.52619	
-1.29594	1.22972	0.148611	-135.474	-130.156	-0.552962	
0.453459	1.53818	0.179618	-198.814	24.9143	-2.02965	
15.9467	4.27005	0.454224	-64.6633	231.362	-4.09752	
-3.66308	0.812324	0.106655	-47.9279	-127.05	10.7355	
-2.21658	1.06738	0.132293	-151.751	-150.67	-10.8646	
1.15834	1.66247	0.192111	-190.375	92.1746	-1.47513	
-4.03813	0.746193	0.100007	-66.8866	-206.875	3.93937	
-2.51341	1.01504	0.127032	-59.4635	-161.506	4.25043	
-3.06254	0.918216	0.117299	-70.9173	-169.812	5.26281	
2.52071	1.90269	0.216258	-122.361	110.573	11.7524	
-2.98814	0.931335	0.118617	-73.6653	-145.66	2.29566	
-5.62494	0.466396	0.071882	-4.81063	-189.524	-10.582	
16.1439	4.30484	0.457721	-67.9366	246.739	-2.20384	
7.41348	2.76542	0.302979	-48.3631	174.33	-4.82246	
-4.09129	0.736819	0.0990649	6.39377	-194.007	-2.02922	
-3.17499	0.898387	0.115306	-97.4956	-196.399	-0.874733	
-5.76759	0.441243	0.0693536	17.6499	-213.896	17.8865	
5.09475	2.35657	0.261881	-128.354	229.255	-3.14699	
-5.14179	0.551588	0.0804455	19.676	-170.161	-4.70127	
1.01833	1.63778	0.18963	-230.126	66.7341	-6.0499	
-3.00372	0.928587	0.118341	16.6829	-165.592	1.69514	
2.41308	1.88371	0.21435	-138.054	121.577	-3.19317	
-5.76638	0.441455	0.069375	5.39593	-153.741	-14.1413	
-4.97365	0.581236	0.0834257	-31.3443	-189.44	-8.35535	
10.2454	3.26477	0.353174	-56.5383	236.762	3.69429	
-1.54162	1.18639	0.144256	-136.712	-145.13	3.70059	
2.44572	1.88947	0.214929	-105.284	116.928	-7.5815	
-1.26307	1.23551	0.149193	-147.203	-164.675	4.50764	
-5.42613	0.50145	0.0754056	8.57191	-172.669	9.249	
-6.33328	0.341495	0.059327	-18.035	-195.788	10.4065	
-5.80903	0.433935	0.068619	-3.29725	-188.534	-3.53001	
9.03826	3.05191	0.331777	-69.4951	182.723	-4.17571	
-2.02382	1.10137	0.135709	-121.477	-187.296	-13.2788	
8.44088	2.94658	0.321189	-58.0521	193.074	4.25205	
-2.8638	0.953259	0.120821	-39.6912	-186.342	9.06649	
-6.99222	0.225307	0.0476478	-21.5899	-191.1	8.05499	
-5.48547	0.490988	0.0743539	-6.65601	-192.571	-6.37945	
-3.56772	0.829138	0.108345	-56.9181	-233.759	-8.10071	
-3.09413	0.912646	0.116739	-54.1641	-206.641	10.8643	
3.62913	2.09814	0.235904	-113.136	164.385	-5.44553	
8.13018	2.89179	0.315682	-63.4516	187.337	9.4391	
9.45086	3.12467	0.339091	-61.3055	218.848	-2.0411	
3.01318	1.98953	0.224987	-148.767	124.094	2.17605	
2.15562	1.83832	0.209787	-144.059	92.4266	-6.79106	
3.34355	2.04778	0.230843	-120.354	177.48	-4.31816	
9.19929	3.08031	0.334632	-49.3302	233.833	8.81252	
6.42267	2.59071	0.285418	-63.4625	210.805	-7.85053	
-4.12413	0.731029	0.0984829	-17.4294	-180.147	-2.92526	
0.728825	1.58674	0.184498	-122.458	71.7886	-9.23477	
-5.72814	0.448198	0.0700527	21.7429	-191.438	0.331276	
0.75427	1.59122	0.184949	-166.118	113.713	-7.87316	
-6.20778	0.363624	0.0615514	-43.6264	-204.071	3.1871	
-4.25465	0.708014	0.0961693	16.8978	-231.671	7.62788	
-2.99157	0.93073	0.118557	-31.6831	-207.602	4.80326	
8.77433	3.00538	0.3271	-67.3105	181.683	-6.70112	
3.77755	2.12431	0.238535	-103.919	194.434	1.01849	
13.0154	3.75318	0.402269	-81.0207	199.993	2.92969	
13.5781	3.85242	0.412244	-68.5409	204.707	-0.499609	
7.26399	2.73906	0.30033	-91.8939	202.531	-5.59023	
-4.85481	0.60219	0.085532	-9.34215	-195.797	-14.2478	
-3.74974	0.797043	0.105119	-70.1986	-180.717	-12.1448	
-2.42295	1.03099	0.128635	-59.796	-141.787	-1.25926	
-4.33399	0.694024	0.0947631	-20.7101	-186.516	11.2374	
-3.9968	0.753481	0.10074	-49.6919	-188.008	1.46388	
10.1561	3.24901	0.35159	-12.3206	200.185	-0.707369	
15.3346	4.16212	0.443375	-27.8926	203.381	1.57134	
-6.13076	0.377205	0.0629165	-0.102872	-195.076	-5.86103	
-2.48973	1.01922	0.127451	-25.4488	-193.261	3.92461	
-4.76857	0.617396	0.0870605	-37.8637	-186.991	5.16205	
-1.53658	1.18728	0.144345	-144.448	-43.7978	3.08522	
-2.89757	0.947304	0.120223	-2.12507	-171.493	-4.00452	
-2.12357	1.08378	0.133941	-91.2331	-184.441	2.32737	
-5.73715	0.446609	0.069893	-9.47301	-195.163	1.17793	
-1.18792	1.24876	0.150525	-70.0899	-130.842	7.09682	
1.92158	1.79705	0.205639	-124.14	127.058	5.02365	
0.410706	1.53064	0.17886	-192.194	88.8171	4.97406	
-2.13044	1.08257	0.13382	-96.3634	-245.414	0.470617	
2.33728	1.87035	0.213007	-103.313	180.954	5.00966	
-3.19041	0.895668	0.115032	0.782685	-217.372	6.58782	
10.9541	3.38973	0.365734	-103.484	218.273	-12.2522	
-1.54965	1.18498	0.144114	-147.788	-140.315	-4.10757	
4.95456	2.33185	0.259397	-69.8333	195.472	-5.53318	
-3.89016	0.772284	0.10263	-13.2743	-170.481	-24.3034	
-1.85125	1.1318	0.138768	-106.299	-140.931	6.74201	
-3.04084	0.922042	0.117683	-16.8899	-171.492	-9.79476	
-4.60197	0.646772	0.0900134	-19.7029	-163.985	0.302431	
-1.34339	1.22135	0.14777	-57.6032	-206.827	-8.01915	
-1.98213	1.10872	0.136448	-167.406	-117.093	5.21941	
-3.82301	0.784124	0.10382	-38.7442	-137.519	4.91154	
-5.02408	0.572343	0.0825317	-50.4399	-171.679	-6.11838	
7.73828	2.82269	0.308736	-64.3151	206.737	-8.51826	
-3.25071	0.885037	0.113964	-73.495	-159.205	-3.10986	
13.1714	3.7807	0.405035	-40.3658	182.875	1.91741	
7.03506	2.6987	0.296272	-68.916	202.594	11.9949	
-5.56566	0.476848	0.0729326	14.4905	-192.315	7.34477	
2.5199	1.90255	0.216244	-157.899	199.636	-4.28166	
6.23649	2.55788	0.282118	-118.375	191.594	-10.7837	
11.3338	3.45668	0.372464	-35.8979	230.078	8.67387	
16.3603	4.34299	0.461556	-48.3652	217.806	1.95566	
6.19787	2.55108	0.281433	-71.6113	215.878	-5.91599	
-1.76617	1.1468	0.140276	-82.4187	-111.504	-4.87855	
-5.13938	0.552012	0.0804881	-44.6255	-143.997	-7.69612	
15.9562	4.27173	0.454393	-77.4295	240.068	0.849314	
-2.50174	1.0171	0.127239	-74.8285	-173.303	3.26379	
-2.95669	0.93688	0.119175	-21.4629	-108.828	-2.22333	
13.6625	3.86729	0.413739	-83.4966	189.327	-3.34328	
-0.857323	1.30705	0.156385	-214.855	-83.8252	-11.9063	
-6.86421	0.247879	0.0499168	-8.99566	-218.36	14.0514	
6.29749	2.56864	0.283199	-72.1312	180.23	0.977	
10.6096	3.32898	0.359628	-105.006	240.069	-5.6293	
1.17167	1.66482	0.192347	-170.786	97.873	-5.4635	
-2.01515	1.1029	0.135863	-115.317	-170.941	-16.8892	
15.4487	4.18224	0.445397	-90.3702	216.558	-8.77426	
9.56651	3.14506	0.34114	-89.418	213.361	4.25293	
4.68602	2.2845	0.254637	-67.5157	204.587	0.69674	
-4.06604	0.741272	0.0995124	-69.0954	-175.429	3.21109	
5.25628	2.38505	0.264744	-107.43	152.087	-9.76631	
-5.99111	0.40183	0.0653918	-11.0583	-216.608	2.50558	
-1.1019	1.26393	0.15205	-115.577	-120.374	-8.81149	
9.33402	3.10406	0.33702	-64.622	201.654	8.72014	
24.8997	5.84871	0.61291	-26.6362	256.93	2.89425	
12.1083	3.59325	0.386193	-73.3671	204.273	5.23351	
10.7103	3.34674	0.361414	-77.7215	225.74	2.60841	
9.93472	3.20998	0.347667	-95.2952	183.856	-5.87785	
-6.90349	0.240952	0.0492205	16.0559	-194.971	-2.49738	
17.3391	4.51557	0.478904	-87.9326	242.225	8.01185	
2.0836	1.82562	0.208511	-99.5669	139.965	7.22461	
5.29369	2.39164	0.265407	-30.3768	173.353	1.03231	
-0.427133	1.38291	0.16401	-189.761	-118.949	4.65865	
7.43095	2.7685	0.303289	-97.4006	166.389	9.7536	
-2.53232	1.01171	0.126696	-60.76	-154.314	-14.0137	
-1.17212	1.25155	0.150805	-120.562	-141.438	-1.27642	
4.66635	2.28103	0.254288	-38.9122	192.195	2.63087	
16.2916	4.33087	0.460338	-68.3642	204.027	-4.48145	
-0.108178	1.43915	0.169663	-244.387	19.4767	-8.88182	
10.4878	3.3075	0.357469	-90.92	201.712	-1.22801	
7.16141	2.72097	0.298511	-52.1037	192.661	9.66181	
-1.22416	1.24237	0.149883	-95.9983	-180.974	-4.46468	
-3.00613	0.928163	0.118299	-81.5578	-201.946	-11.4912	
21.2983	5.21369	0.549079	-83.3167	212.064	3.42086	
-2.99463	0.93019	0.118502	-26.2792	-191.03	0.0105077	
-3.14598	0.903502	0.11582	12.6177	-163.63	17.8871	
-2.32591	1.0481	0.130355	-153.95	-143.955	9.44343	
-2.95582	0.937034	0.11919	-34.1595	-195.034	-12.496	
-1.97086	1.11071	0.136648	-91.5653	-185.311	0.0785693	
-5.5304	0.483066	0.0735576	-11.1085	-232.336	-7.4809	
-2.77077	0.969663	0.12247	-63.4252	-163.583	-24.3783	
11.1447	3.42334	0.369113	-51.5685	192.957	-5.69215	
-1.96721	1.11135	0.136713	-131.157	-89.9967	8.95613	
3.0127	1.98944	0.224978	-86.1325	163.651	2.88665	
4.64969	2.27809	0.253993	-78.2837	141.324	12.6068	
-2.57729	1.00378	0.1259	-78.0065	-168.421	13.069	
-4.84737	0.603502	0.0856639	34.0303	-205.751	7.99735	
15.1323	4.12645	0.43979	-77.1465	219.603	-2.53653	
0.194208	1.49247	0.175022	-171.482	79.5901	-3.30543	
5.38365	2.40751	0.267002	-72.5035	177.385	12.2623	
9.6806	3.16518	0.343162	-81.9742	179.612	-3.96373	
-4.9391	0.587328	0.0840381	-64.7066	-214.25	0.338672	
6.39424	2.5857	0.284914	-86.6589	163.213	-1.99936	
2.10299	1.82904	0.208854	-68.6318	167.876	5.66406	
-1.80435	1.14007	0.139599	-104.482	-187.078	-12.7142	
2.85454	1.96156	0.222175	-79.6939	169.204	15.3303	
-1.89724	1.12369	0.137953	-107.311	-160.344	5.03506	
-5.72438	0.448862	0.0701195	23.494	-166.914	15.5427	
-1.73676	1.15199	0.140797	-131.982	-198.483	-23.9255	
23.0396	5.52073	0.579942	-58.2449	218.876	6.07556	
10.3851	3.2894	0.35565	-68.6369	150.804	0.18619	
2.7977	1.95153	0.221168	-111.692	129.327	0.531228	
-2.91781	0.943735	0.119864	-83.7078	-187.159	5.16508	
3.98522	2.16093	0.242216	-61.2461	119.725	12.427	
-4.44466	0.674511	0.0928017	-46.881	-219.664	5.6178	
-2.11413	1.08545	0.134109	-111.795	-139.121	-1.31356	
-3.17088	0.899113	0.115379	-39.668	-170.735	11.495	
9.02951	3.05037	0.331622	-80.6605	219.608	-2.04842	
-2.28148	1.05594	0.131143	-39.4178	-124.678	3.63485	
-2.6099	0.998027	0.125321	-96.6249	-137.163	12.9499	
-5.21695	0.538334	0.0791132	0.598483	-226.593	13.5829	
19.5461	4.90472	0.518021	-52.9019	247.155	-0.529493	
-3.97499	0.757326	0.101126	-20.6576	-165.643	-3.48341	
-2.42916	1.0299	0.128525	-114.56	-130.151	-4.7306	
9.46159	3.12656	0.339281	-107.072	226.488	-3.08891	
-1.99319	1.10677	0.136252	-85.8693	-218.761	-5.87598	
-1.84098	1.13361	0.13895	-91.0011	-146.336	2.85204	
8.76768	3.0042	0.326982	-65.1943	192.467	5.98841	
-2.86231	0.953522	0.120848	-83.7682	-134.645	0.521218	
-2.08647	1.09032	0.134599	-82.627	-138.628	4.95658	
3.05776	1.99739	0.225777	-50.7084	156.838	-10.7782	
-4.68392	0.632323	0.088561	-31.5427	-212.176	1.00955	
-3.19011	0.895721	0.115038	-38.0819	-194.133	3.42202	
7.64505	2.80625	0.307084	-96.5681	180.401	-12.2536	
2.85719	1.96202	0.222222	-104.756	112.98	-10.8053	
1.59172	1.73889	0.199792	-193.03	146.395	-7.96779	
-2.60039	0.999706	0.12549	-68.8204	-155.848	1.95859	
17.4234	4.53044	0.480398	-60.8227	183.757	2.9692	
-3.6432	0.815829	0.107007	-62.1625	-175.276	-2.87311	
-3.94424	0.762748	0.101671	-39.0182	-170.113	8.24173	
14.7268	4.05496	0.432603	-87.1501	210.153	1.1362	
-4.88943	0.596086	0.0849184	-37.2664	-205.09	-1.73829	
-4.72782	0.624582	0.0877828	-58.4761	-196.612	2.41377	
2.11508	1.83117	0.209069	-116.242	157.638	1.71649	
-2.10667	1.08676	0.134241	-85.1386	-121.932	4.19698	
0.596509	1.5634	0.182153	-235.704	-26.3417	-10.4734	
14.2555	3.97186	0.42425	-69.8127	230.937	-5.36965	
-6.24637	0.356821	0.0608675	-10.0509	-200.629	8.83095	
13.0592	3.76091	0.403046	-87.5304	195.941	-7.91051	
-4.26224	0.706676	0.0960349	-35.2701	-147.682	-4.69381	
-2.1987	1.07053	0.13261	-114.384	-129.995	-17.6206	
3.16876	2.01696	0.227745	-134.274	188.224	-5.43601	
-3.90752	0.769223	0.102322	25.7236	-214.958	2.08758	
-5.46888	0.493914	0.0746481	8.50807	-193.1	16.3255	
0.725075	1.58607	0.184432	-162.508	110.036	1.04188	
1.22971	1.67505	0.193376	-92.4978	184.873	3.5597	
4.80705	2.30584	0.256782	-101.627	190.964	-0.295389	
-4.87506	0.598619	0.085173	-61.3057	-217.816	14.8633	
-1.59823	1.17641	0.143253	-53.1745	-143.684	-14.3723	
-1.68329	1.16141	0.141745	-122.511	-185.737	-1.75375	
-2.09586	1.08867	0.134433	-109.087	-165.426	-14.7217	
1.5437	1.73042	0.198941	-90.9189	190.932	16.6672	
4.04207	2.17095	0.243223	-89.034	185.293	6.43685	
-4.72121	0.625747	0.0878999	18.6889	-170.639	3.81204	
4.04474	2.17142	0.243271	-72.413	206.236	6.29168	
12.3206	3.63068	0.389955	-95.0491	228.483	-1.81564	
8.16343	2.89766	0.316272	-45.1939	208.215	12.0946	
-1.86032	1.1302	0.138607	-114.382	-172.959	1.69215	
9.00502	3.04605	0.331188	-105.298	181.241	3.96242	
-2.25895	1.05991	0.131542	-103.068	-160.137	6.23778	
13.6228	3.8603	0.413036	-43.0326	227.413	-5.13673	
17.1994	4.49094	0.476428	-96.2207	231.862	-9.3193	
-3.12999	0.906322	0.116103	-22.664	-186.688	6.21706	
-2.72787	0.977228	0.123231	-78.5063	-162.731	8.19533	
-5.66653	0.459062	0.0711448	-13.9825	-191.518	0.406653	
-2.29153	1.05417	0.130964	-87.0302	-197.099	17.2239	
4.56839	2.26375	0.252552	-105.57	148.956	-6.28142	
-1.8961	1.12389	0.137973	-96.3499	-167.045	-13.5433	
16.466	4.36162	0.463429	-56.2151	191.479	-3.79283	
-3.40473	0.857878	0.111234	-45.5254	-181.57	19.6263	
-2.27306	1.05742	0.131292	-52.4384	-185.623	-5.64036	
4.23233	2.2045	0.246596	-93.5541	146.628	-19.4036	
-1.86444	1.12947	0.138534	-122.179	-137.324	-12.0086	
-3.48969	0.842897	0.109728	-10.5229	-128.252	8.7485	
-1.87113	1.12829	0.138416	-88.3365	-158.104	4.64232	
3.05162	1.99631	0.225668	-119.015	159.883	-12.0776	
11.619	3.50696	0.377519	-65.2665	249.451	1.3138	
10.6674	3.33917	0.360652	-49.3389	217.208	-3.30362	
-3.0985	0.911876	0.116661	-80.9412	-187.323	4.80216	
6.63859	2.62879	0.289245	-52.3311	198.53	6.2767	
-2.94546	0.93886	0.119374	-54.5785	-185.84	7.13013	
-1.92171	1.11938	0.137519	-67.1354	-214.616	-8.02266	
-3.28349	0.879257	0.113383	-76.6356	-140.264	12.8205	
-2.76104	0.971378	0.122643	-60.5356	-206.457	-1.38653	
10.7776	3.3586	0.362605	-92.3878	214.608	-7.69269	
-3.54404	0.833315	0.108765	-27.3035	-151.162	-3.93255	
-4.51886	0.661427	0.0914865	-13.2893	-177.274	-3.21521	
18.787	4.77089	0.504568	-32.9055	237.815	-0.715784	
9.71549	3.17133	0.343781	-128.781	201.463	-16.4887	
-1.09411	1.2653	0.152188	-124.384	-183.694	-1.80674	
-3.15598	0.90174	0.115643	-2.22517	-191.283	-16.3883	
-2.46725	1.02318	0.12785	-93.7848	-148.965	-0.506074	
-2.77113	0.9696	0.122464	-38.1286	-204.4	17.6621	
4.58272	2.26628	0.252806	-102.21	185.969	7.70151	
-2.61545	0.99705	0.125223	-70.3607	-176.636	9.65307	
8.37209	2.93445	0.31997	-75.6407	184.133	-8.60772	
-5.43241	0.500343	0.0752943	-38.2009	-151.161	11.6007	
-6.95177	0.232439	0.0483647	10.2086	-182.482	14.2967	
-1.56576	1.18214	0.143828	-107.717	-174.236	-2.27526	
-3.51898	0.837733	0.109209	-52.7491	-177.379	6.4796	
-0.706507	1.33365	0.159058	-147.185	-111.323	-10.2924	
13.6074	3.85758	0.412762	-80.3448	215.86	-7.9807	
12.8782	3.72901	0.399839	-76.4926	198.338	6.2778	
-4.16933	0.723058	0.0976816	-47.4125	-154.91	-4.35789	
16.8273	4.42533	0.469833	-61.6968	221.492	-4.20527	
5.70058	2.46339	0.272619	-82.1007	170.375	5.11072	
-2.85431	0.954932	0.120989	-108.287	-161.805	-10.0492	
-4.60023	0.64708	0.0900442	-50.835	-185.105	-0.300452	
4.73073	2.29238	0.255429	-53.725	190.461	12.4568	
-6.13888	0.375774	0.0627727	18.3386	-206.971	16.1099	
2.05466	1.82052	0.207998	-119.335	179.192	15.4538	
-4.70404	0.628774	0.0882042	-20.8133	-165.842	7.81546	
-5.54246	0.480938	0.0733438	7.01336	-210.253	4.7215	
-1.60414	1.17537	0.143148	-80.4354	-204.068	0.402241	
-4.7844	0.614605	0.0867799	-46.8862	-172.193	-10.4698	
-2.41656	1.03212	0.128748	-44.2435	-238.727	0.69273	
-5.84057	0.428375	0.0680601	-13.446	-186.021	-14.4966	
4.7608	2.29768	0.255962	-69.744	141.739	2.34291	
-3.56995	0.828745	0.108305	-57.0703	-207.688	2.62777	
-4.74841	0.620952	0.0874179	-39.8783	-170.068	-1.70237	
-2.60626	0.99867	0.125386	-116.994	-174.874	-2.30838	
1.85163	1.78472	0.204399	-137.288	120.326	-3.76347	
-2.33148	1.04712	0.130256	-50.357	-154.341	-5.36489	
-6.49473	0.313029	0.0564655	-15.9793	-196.552	-0.180815	
-3.72201	0.801933	0.10561	-50.0665	-193.072	8.03478	
-1.67191	1.16342	0.141947	-71.2475	-169.717	13.9074	
-3.95366	0.761087	0.101504	-32.9528	-162.638	7.05299	
-4.28248	0.703108	0.0956762	-57.3294	-179.629	-5.27222	
3.06743	1.99909	0.225948	-102.188	187.425	6.37247	
0.107895	1.47725	0.173493	-149.601	78.3903	9.96876	
-0.66931	1.34021	0.159717	-102.187	-83.1577	-2.16784	
13.5557	3.84846	0.411846	-28.2741	214.273	5.86149	
-3.33618	0.869965	0.112449	-52.8912	-150.961	-4.97048	
6.6526	2.63126	0.289493	-81.8297	165.163	-10.7009	
-3.60947	0.821778	0.107605	-46.6315	-141.126	1.26527	
1.96319	1.80439	0.206377	-94.6574	76.8068	-8.02957	
-5.18232	0.544441	0.0797271	-25.5373	-167.356	6.53872	
-5.95046	0.408997	0.0661123	-18.1929	-214.695	-7.27086	
5.97412	2.51162	0.277468	-74.9358	196.444	-0.221925	
14.5588	4.02534	0.429626	-44.9178	256.812	5.46172	
-2.98125	0.932549	0.11874	-26.1396	-172.434	6.40193	
-4.39596	0.683098	0.0936648	-9.83249	-186.688	-10.5435	
-1.3298	1.22374	0.14801	-111.112	-124.79	-2.46931	
-3.08971	0.913425	0.116817	-78.3949	-168.946	8.51792	
-4.41982	0.67889	0.0932418	-71.7572	-196.608	2.07597	
-0.671718	1.33978	0.159675	-178.694	-105.121	0.706991	
8.8876	3.02535	0.329107	-34.861	221.48	-7.03559	
12.572	3.67501	0.394411	-42.9949	208.767	5.39671	
3.04619	1.99535	0.225572	-119.278	156.862	-8.616	
-4.14606	0.727161	0.098094	-79.6129	-163.604	3.52742	
6.62791	2.6269	0.289056	-23.3224	195.394	-11.5527	
-2.92442	0.94257	0.119747	-37.5352	-174.841	-12.9803	
7.17456	2.72329	0.298745	-89.6418	183.608	1.75239	
-4.63429	0.641073	0.0894405	23.7481	-235.128	6.68595	
-3.58406	0.826258	0.108055	13.6652	-158.51	1.06895	
-2.04596	1.09747	0.135317	-153.359	-130.607	3.12035	
-7.31679	0.168077	0.041895	-14.0538	-229.652	-4.26587	
-2.79073	0.966144	0.122116	-75.8647	-153.147	2.91273	
-1.11611	1.26142	0.151798	-192.9	-160.303	12.1254	
13.8326	3.89728	0.416754	-89.2339	207.834	8.09804	
12.9403	3.73995	0.400939	-75.4055	221.24	0.0513697	
-5.20571	0.540316	0.0793124	-31.2892	-195.415	8.5907	
-4.1644	0.723927	0.097769	-2.21722	-238.084	6.90967	
1.53569	1.72901	0.198799	-129.279	169.082	3.07153	
-6.19545	0.3658	0.0617701	6.12399	-184.462	-5.32824	
-1.45469	1.20172	0.145797	-78.5259	-115.956	-12.7698	
-1.62707	1.17133	0.142742	-46.5623	-193.96	0.0899352	
0.461672	1.53963	0.179763	-210.544	29.7624	-4.52173	
-5.17815	0.545176	0.079801	2.30978	-180.975	-4.20579	
2.63752	1.92329	0.218329	-41.267	168.397	0.651154	
-3.59147	0.824951	0.107924	-27.1493	-177.366	5.6759	
8.82706	3.01467	0.328034	-79.6136	189.088	1.04104	
-3.31195	0.874238	0.112878	-27.5126	-200.411	-0.29389	
-6.97957	0.227538	0.0478721	-54.1957	-213.682	11.2042	
8.9506	3.03646	0.330224	-75.4778	190.403	-5.20949	
13.4962	3.83796	0.410791	-72.7402	203.975	7.29382	
-0.189413	1.42483	0.168223	-110.673	53.1666	-4.73731	
-4.27214	0.70493	0.0958594	-45.1456	-214.352	1.14438	
-5.92016	0.41434	0.0666494	-4.63078	-178.468	5.41448	
-5.68031	0.456632	0.0709005	33.8315	-231.869	1.46785	
15.1236	4.12492	0.439636	-67.9075	214.141	-5.77899	
-3.52236	0.837137	0.109149	-12.8325	-209.904	1.2389	
5.3208	2.39642	0.265888	-80.0921	164.64	18.8958	
10.1257	3.24365	0.351051	-59.8584	194.635	0.579224	
14.6388	4.03945	0.431044	-74.5699	218.605	-1.08771	
-3.21916	0.8906	0.114523	-6.10762	-153.996	-9.04168	
2.97125	1.98214	0.224244	-69.8364	187.137	8.31588	
-3.06854	0.917158	0.117192	-34.0781	-184.114	4.07219	
-1.35311	1.21963	0.147597	-114.217	-193.991	-14.3401	
-5.48615	0.490868	0.0743419	-10.9814	-228.5	-0.33875	
0.4298	1.53401	0.179198	-228.521	29.4277	-12.3812	
-5.06165	0.565719	0.0818659	-7.74893	-178.717	-13.6421	
-6.08294	0.385638	0.0637642	9.46668	-157.787	-1.4802	
10.3286	3.27943	0.354647	-45.3125	213.599	1.55016	
-6.46877	0.317605	0.0569255	-39.5866	-203.515	0.240182	
-0.506606	1.3689	0.162601	-160.973	-20.6014	8.4448	
5.25558	2.38492	0.264732	-109.279	210.273	4.49111	
-0.91556	1.29679	0.155353	-194.801	-106.25	7.63562	
-6.20868	0.363466	0.0615355	-24.2832	-178.58	14.3619	
10.8588	3.37292	0.364045	-53.1243	221.807	9.66538	
-1.10121	1.26405	0.152062	-184.037	-174.654	-0.747955	
-4.38869	0.68438	0.0937937	-32.9419	-220.983	0.479844	
-2.06181	1.09467	0.135036	-68.3759	-142.016	7.02551	
-4.7498	0.620706	0.0873931	-42.9642	-217.218	-10.0622	
-2.38719	1.0373	0.129269	-64.1622	-207.142	9.54721	
-5.05928	0.566137	0.0819079	-83.9641	-198.123	4.12433	
2.04356	1.81856	0.207801	-119.131	136.159	-3.17061	
-4.67154	0.634506	0.0887804	-55.7226	-176.454	-4.64141	
-6.48761	0.314283	0.0565917	-59.3831	-214.245	3.10453	
18.3127	4.68725	0.496161	-59.4905	218.175	12.5497	
-2.2761	1.05689	0.131238	-67.6722	-206.201	-9.05759	
-1.21742	1.24356	0.150002	-149.263	-92.9959	-2.8306	
-4.9369	0.587716	0.0840771	-40.7882	-215.472	0.334918	
-1.81808	1.13765	0.139356	-112.067	-155.34	-0.587368	
3.90997	2.14766	0.240882	-97.2032	144.723	0.714459	
-2.06339	1.09439	0.135008	-79.9988	-196.476	7.00605	
-3.4889	0.843037	0.109742	28.1895	-187.511	0.251992	
-2.6079	0.998381	0.125357	-7.06323	-169.106	-1.95936	
5.69742	2.46283	0.272563	-105.551	174.691	1.33602	
-6.2484	0.356463	0.0608315	-38.388	-193.72	7.80098	
-3.92855	0.765514	0.101949	-46.4392	-196.703	12.9607	
1.58192	1.73716	0.199619	-74.81	117.898	1.03815	
7.00955	2.6942	0.29582	-104.113	192.229	8.57521	
-3.18052	0.897413	0.115208	-68.8348	-194.19	4.50669	
9.27981	3.09451	0.336059	-86.921	214.359	-2.79801	
-5.22915	0.536184	0.078897	-32.0125	-230.063	4.39233	
-4.76291	0.618394	0.0871608	-26.783	-174.021	-9.12721	
-2.61028	0.997962	0.125315	-78.9023	-166.665	-4.70194	
-3.2052	0.893062	0.11477	4.54801	-204.981	-1.55483	
16.3021	4.33273	0.460524	-70.4454	237.292	5.23228	
-3.60931	0.821805	0.107608	-106.116	-177.405	6.22434	
13.9063	3.91028	0.41806	-30.122	188.121	-1.59994	
1.49099	1.72113	0.198007	-124.647	159.161	-2.04525	
10.7401	3.352	0.361942	-57.1554	207.997	-1.34325	
-2.3828	1.03807	0.129347	-163.771	-146.273	-19.6285	
12.6355	3.68621	0.395536	-35.4193	238.147	6.19259	
-3.22604	0.889386	0.114401	-41.4974	-164.59	-1.93126	
1.89938	1.79314	0.205245	-128.43	88.5098	-13.1094	
9.73774	3.17525	0.344175	-98.6128	202.09	-2.45764	
5.78496	2.47827	0.274115	-44.6878	187.183	-4.29872	
-4.57304	0.651874	0.0905261	-64.6493	-177.678	4.35594	
-5.78528	0.438124	0.0690401	-30.0064	-173.098	5.646	
-5.27265	0.528514	0.0781261	-16.801	-202.253	-5.00819	
-4.44622	0.674235	0.0927739	-46.3198	-154.674	9.16461	
-3.72647	0.801147	0.105531	-9.70995	-193.886	5.56163	
-3.31964	0.872882	0.112742	13.7349	-169.254	2.0844	
12.4325	3.6504	0.391938	-55.9821	190.373	-4.95309	
11.6783	3.51742	0.37857	-64.6162	178.116	-6.98639	
8.23252	2.90984	0.317496	-79.9813	164.523	3.73523	
-1.35596	1.21913	0.147547	-121.631	-117.812	-0.293068	
9.59586	3.15023	0.341661	-90.9534	188.861	-4.66651	
7.41258	2.76526	0.302963	-103.53	213.98	5.29246	
-3.35264	0.867064	0.112157	-36.0018	-209.014	-6.1785	
-3.22156	0.890176	0.11448	-57.2255	-186.862	-10.8636	
6.88155	2.67163	0.293551	-70.8722	165.723	-8.32828	
-4.59244	0.648454	0.0901824	-46.4355	-175.875	2.47502	
-2.34416	1.04489	0.130032	-86.467	-113.398	-9.00721	
-3.48128	0.84438	0.109877	-17.9538	-180.484	10.1365	
-2.28766	1.05485	0.131033	-103.271	-129.461	13.2561	
-1.94833	1.11468	0.137047	-144.704	-122.267	23.2739	
-1.43297	1.20555	0.146182	-84.7946	-186.878	12.9753	
-6.46208	0.318786	0.0570442	39.7245	-186.868	7.22136	
-2.98001	0.932769	0.118762	-47.3684	-184.98	-2.15113	
-1.25853	1.23631	0.149274	-121.222	-194.484	-11.0861	
9.01172	3.04723	0.331307	-36.6574	191.626	2.17183	
-3.29519	0.877194	0.113175	-54.9958	-216.437	5.84916	
4.52737	2.25652	0.251825	-103.531	170.626	0.116619	
5.56863	2.44012	0.270281	-72.5936	137.647	3.37893	
12.7965	3.71459	0.39839	9.85229	225.623	11.7197	
0.57528	1.55966	0.181777	-190.416	62.0322	-2.12638	
17.3341	4.5147	0.478816	-60.696	225.593	2.38054	
-4.94957	0.585481	0.0838524	-54.9681	-174.681	12.5076	
14.4944	4.01398	0.428484	-67.7795	240.597	-0.209693	
-2.6515	0.990694	0.124584	-73.7244	-165.588	12.8887	
2.10193	1.82885	0.208836	-182.002	147.928	0.775059	
2.97282	1.98241	0.224272	-115.448	149.417	0.0121808	
6.45196	2.59588	0.285937	-56.7071	181.16	-1.43666	
-4.23648	0.711219	0.0964915	54.2952	-169.483	-10.3726	
10.9897	3.396	0.366365	-54.0934	222.672	0.294609	
3.68122	2.10732	0.236827	-110.902	179.021	1.91492	
-1.84854	1.13228	0.138816	-96.0352	-117.633	1.96995	
5.15263	2.36677	0.262907	-78.1875	192.673	2.737	
4.87057	2.31704	0.257908	-52.0043	181.346	-3.32958	
5.07636	2.35332	0.261555	-72.6228	154.276	5.24744	
3.65825	2.10327	0.23642	-72.8877	147.445	-7.54388	
-3.42823	0.853735	0.110817	-36.7612	-135.485	3.73534	
10.6142	3.32979	0.359709	-68.389	205.904	-6.50117	
-2.71666	0.979204	0.123429	-104.292	-108.244	12.8617	
14.4591	4.00775	0.427858	-97.0882	206.023	5.21097	
-0.816209	1.3143	0.157114	-163.026	-108.62	1.56515	
-5.7421	0.445737	0.0698054	-58.0695	-167.506	-5.47607	
-1.43392	1.20538	0.146165	-179.437	-113.68	2.14027	
-6.12726	0.377823	0.0629787	6.0439	-187.073	-9.66765	
13.45	3.82983	0.409973	-23.4407	189.032	6.06096	
-0.923906	1.29531	0.155205	-133.545	-133.256	-23.4472	
-2.61578	0.996991	0.125217	-58.2858	-196.722	-1.47701	
-4.24172	0.710294	0.0963986	-56.1646	-171.157	-9.47872	
-2.88036	0.950339	0.120528	24.3081	-168.234	-20.118	
-3.90084	0.770401	0.10244	-43.1525	-177.439	-1.84981	
9.90623	3.20496	0.347162	-19.6666	195.236	2.71648	
-3.50709	0.83983	0.109419	-45.9595	-154.383	-14.7706	
-1.43865	1.20455	0.146081	-72.8419	-150.084	1.44173	
15.4572	4.18374	0.445549	-26.6592	236.852	-3.21424	
-1.63594	1.16976	0.142584	-137.899	-157.376	5.94472	
-2.2782	1.05652	0.131201	-46.737	-200.176	-5.41768	
5.96214	2.50951	0.277255	-133.164	152.771	3.0453	
-3.79735	0.788648	0.104275	9.88581	-221.12	8.89043	
-3.78807	0.790285	0.104439	7.54494	-168.906	1.31348	
9.76585	3.18021	0.344673	-31.1828	221.384	3.52825	
-5.71003	0.451391	0.0703737	29.4943	-204.293	0.231903	
-0.0455908	1.45019	0.170772	-199.643	72.8757	13.0719	
-6.27443	0.351873	0.0603702	14.1648	-220.596	-15.885	
-2.42326	1.03094	0.12863	-76.6852	-153.229	13.7292	
-2.09251	1.08926	0.134492	-97.4622	-171.506	-0.647968	
-4.75088	0.620515	0.087374	-56.4585	-184.362	9.80909	
-2.79541	0.965319	0.122034	-83.9755	-180.562	-1.23439	
-1.88894	1.12515	0.1381	-84.6964	-221.197	-4.74405	
-5.95728	0.407795	0.0659914	-44.3397	-157.159	-2.10235	
-3.52173	0.837248	0.10916	-26.4911	-162.093	-2.59976	
-6.55487	0.302423	0.0553995	13.4357	-202.012	1.27406	
-5.75841	0.442861	0.0695163	-24.7446	-165.592	15.3878	
-2.71202	0.980021	0.123511	-70.3361	-158.591	5.6319	
-3.1345	0.905528	0.116023	-76.4003	-157.599	4.6673	
-2.34585	1.04459	0.130002	-71.4737	-211.67	21.2102	
9.70223	3.16899	0.343546	-55.5559	246.499	7.59583	
-1.69092	1.16007	0.14161	-150.459	-127.734	15.4472	
-1.92052	1.11958	0.13754	-68.9103	-174.19	-4.07842	
8.5964	2.974	0.323946	-70.0633	190.817	5.17364	
9.00605	3.04623	0.331206	-55.7224	218.784	-1.77328	
1.85251	1.78487	0.204415	-140.866	114.703	-6.07246	
16.4211	4.35372	0.462634	-78.9515	250.751	-11.4456	
1.18477	1.66713	0.19258	-145.879	165.234	6.17992	
-6.58592	0.296949	0.0548493	-7.46484	-179.46	-13.1388	
13.1401	3.77518	0.40448	-47.6698	227.919	0.421696	
-6.51968	0.308628	0.0560232	13.2367	-226.879	-4.67556	
20.6908	5.10657	0.538311	-89.9833	200.055	0.592692	
-3.72946	0.800619	0.105478	-56.4293	-166.568	-9.42191	
-3.61897	0.820103	0.107436	-22.572	-201.141	-2.27251	
-5.47861	0.492198	0.0744756	-2.16204	-199.108	0.433276	
11.4055	3.46932	0.373735	-74.0857	201.325	-1.06422	
7.16409	2.72145	0.298559	-72.6418	181.945	-10.1894	
-2.38948	1.03689	0.129228	-161.101	-110.33	8.03439	
-2.61367	0.997364	0.125255	-65.4192	-175.345	4.9577	
-1.4797	1.19731	0.145354	-64.6492	-159.81	-10.2733	
2.84044	1.95907	0.221925	-90.2808	181.461	-5.13684	
-6.66176	0.283576	0.053505	21.7063	-203.661	-1.10204	
-3.88258	0.77362	0.102764	-22.5512	-190.73	-0.354995	
11.529	3.49109	0.375924	-30.6024	200.331	-14.6455	
-2.55165	1.0083	0.126354	-57.3318	-145.469	15.6768	
-4.19308	0.718871	0.0972608	-41.5838	-220.01	14.3643	
-4.02747	0.748072	0.100196	-97.3253	-183.718	16.3026	
-1.8963	1.12385	0.13797	-97.5142	-142.491	0.674291	
-3.73658	0.799364	0.105352	-46.0531	-165.401	-10.0348	
5.41344	2.41276	0.26753	-49.2455	151.714	-5.01469	
-5.29449	0.524662	0.0777389	20.0922	-221.312	-3.3961	
14.5532	4.02435	0.429526	-48.4239	200.092	-1.44255	
-5.57826	0.474626	0.0727093	-10.707	-199.275	3.56054	
-3.52638	0.836428	0.109077	-5.31644	-204.184	6.207	
-4.94117	0.586963	0.0840014	-50.9157	-183.435	0.202789	
19.7758	4.94523	0.522093	-61.8222	211.627	-4.36646	
-6.86668	0.247443	0.0498729	-19.1939	-240.237	-3.6936	
-4.79219	0.613232	0.0866419	-48.4807	-168.534	3.58579	
-3.69605	0.806511	0.10607	-76.9718	-161.417	-7.6424	
2.60513	1.91758	0.217755	-143.995	137.887	-9.93452	
5.62766	2.45053	0.271327	-68.9544	206.269	-5.46689	
4.29208	2.21503	0.247655	-57.6643	183.343	1.94205	
4.67191	2.28201	0.254387	-49.6072	166.205	6.86162	
-2.9398	0.939858	0.119474	-89.8453	-135.129	-14.1852	
-1.64446	1.16826	0.142433	-126.342	-190.008	-2.11907	
22.2914	5.3888	0.566681	-28.6105	248.975	5.71624	
-1.9483	1.11469	0.137048	-82.6886	-165.742	10.3228	
-0.227886	1.41804	0.167541	-231.972	-13.6462	-0.842675	
5.80893	2.4825	0.27454	-67.0291	185.638	3.59939	
13.5396	3.84562	0.411561	-49.746	212.912	0.123606	
14.719	4.05358	0.432464	-51.1648	233.978	3.69452	
5.67071	2.45812	0.27209	-25.1216	171.368	4.68905	
2.86604	1.96358	0.222379	-62.8446	182.06	3.57304	
-1.87832	1.12703	0.138288	-15.0869	-229.171	-24.1472	
-0.0080013	1.45681	0.171438	-232.51	76.4311	34.7062	
8.351	2.93073	0.319596	-23.0851	247.841	-8.26436	
-5.74244	0.445678	0.0697994	-17.2677	-215.382	-9.84092	
-3.84171	0.780827	0.103488	-87.8276	-124.456	3.06379	
-4.14621	0.727135	0.0980914	-34.1769	-206.833	11.1802	
-1.50311	1.19319	0.144939	-147.868	-163.28	0.0915593	
-5.04144	0.569282	0.0822241	-42.961	-169.574	-7.64697	
-2.59403	1.00083	0.125603	-99.9887	-161.371	-8.41734	
-5.12416	0.554697	0.080758	-9.55023	-186.965	-13.8541	
14.872	4.08056	0.435177	-67.1579	171.517	-5.75435	
6.10288	2.53433	0.27975	-102.423	192.291	-13.3951	
-4.00869	0.751385	0.100529	-18.8073	-152.373	-5.15257	
-0.704714	1.33396	0.15909	-183.765	-135.301	4.90107	
-1.41799	1.20819	0.146447	-134.844	-133.644	10.2389	
6.21492	2.55408	0.281736	-93.006	222.154	13.6592	
0.932622	1.62267	0.18811	-200.459	128.63	-15.1047	
8.5265	2.96168	0.322707	-84.8578	174.721	-8.54283	
-2.41611	1.0322	0.128756	-108.434	-197.765	-7.35133	
5.94993	2.50736	0.277039	-73.3148	194.768	-3.78781	
11.8803	3.55305	0.382151	-79.9824	210.717	11.4872	
1.53651	1.72915	0.198814	-78.8875	112.757	-4.66712	
-1.20618	1.24554	0.150202	-121.832	-215.752	-20.8792	
-2.97783	0.933152	0.1188	-75.426	-190.757	-3.98631	
23.9111	5.6744	0.595389	-76.9591	238.714	-2.78512	
3.78458	2.12555	0.238659	-107.264	140.648	-6.30885	
-3.60592	0.822404	0.107668	-62.6754	-182.111	16.0165	
3.50263	2.07583	0.233662	-81.7582	178.008	-3.26317	
-4.32713	0.695234	0.0948848	-18.1525	-172.664	9.62396	
9.68113	3.16527	0.343172	-66.5694	215.257	3.84443	
-1.48378	1.19659	0.145281	-81.2486	-145.744	0.827791	
-4.77433	0.61638	0.0869584	-10.7073	-178.664	4.52898	
-2.03383	1.09961	0.135532	-23.1462	-169.938	1.04402	
1.77933	1.77197	0.203118	-179.697	110.36	1.43717	
-2.1226	1.08395	0.133959	-138.533	-99.7746	-0.895092	
15.7546	4.23619	0.45082	-76.2569	232.688	-4.92389	
-5.01868	0.573296	0.0826275	-13.6029	-216.467	4.53558	
-3.45682	0.848693	0.11031	-9.75826	-202.485	8.69863	
0.928098	1.62187	0.18803	-180.043	143.348	16.9159	
1.16133	1.663	0.192164	-150.739	139.736	-11.5976	
0.0119016	1.46032	0.171791	-225.619	-21.2424	10.1384	
-4.60164	0.64683	0.0900192	-63.5256	-177.821	-6.64616	
-7.34304	0.163449	0.0414298	3.16462	-195.959	-2.69901	
-4.56771	0.652813	0.0906206	-64.0778	-191.483	-3.37727	
-2.5856	1.00231	0.125752	-27.6894	-205.726	-3.25789	
-1.36307	1.21788	0.147421	-111.738	-90.1402	16.693	
14.0393	3.93373	0.420418	-30.2936	219.336	0.766259	
9.75099	3.17759	0.34441	-76.9764	186.31	-5.66577	
-1.77037	1.14606	0.140202	-59.8478	-176.913	-11.0173	
-4.87154	0.59924	0.0852354	-30.9624	-188.816	3.3472	
11.5784	3.49981	0.3768	-94.9326	211.953	-3.41591	
2.4385	1.8882	0.214801	-67.4342	168.198	8.76732	
-1.11742	1.26119	0.151775	-175.744	-187.315	5.10858	
-3.59422	0.824466	0.107875	-61.1337	-163.015	-6.12196	
12.6995	3.6975	0.396671	-82.788	223.879	-6.75379	
-4.53155	0.659189	0.0912615	-2.33965	-203.184	12.8247	
5.99823	2.51587	0.277895	-101.041	166.827	4.16705	
-0.315363	1.40262	0.165991	-236.519	-96.3533	6.8983	
-5.9741	0.404828	0.0656932	-64.8517	-236.596	-2.30608	
3.82373	2.13245	0.239353	-39.4719	179.063	-10.2585	
-3.90828	0.769089	0.102309	-19.9825	-163.818	19.9541	
9.49965	3.13327	0.339955	-90.0436	243.064	-7.68859	
-4.17546	0.721977	0.0975729	-47.104	-152.051	-10.3408	
4.37326	2.22935	0.249093	-102.451	149.672	2.26958	
12.6948	3.69665	0.396587	-73.1142	218.175	2.93294	
-3.31929	0.872945	0.112748	-66.199	-177.946	4.98033	
2.23801	1.85285	0.211248	-118.867	217.146	0.328598	
16.3594	4.34283	0.46154	-82.1493	209.549	-0.617248	
-3.40386	0.858032	0.111249	2.27656	-208.022	3.21568	
1.50107	1.7229	0.198186	-132.401	60.573	-14.1298	
-2.51007	1.01563	0.127091	-28.5707	-169.348	12.0794	
-1.41488	1.20874	0.146502	-212.137	-71.0273	5.20198	
-3.12806	0.906664	0.116138	-65.702	-198.494	0.596194	
5.85555	2.49072	0.275366	-32.9471	194.586	-0.89716	
1.79037	1.77392	0.203313	-128.332	161.594	-3.13152	
8.65708	2.9847	0.325021	-40.4157	197.846	-0.914979	
3.00945	1.98887	0.224921	-114.956	156.964	3.20215	
-3.3713	0.863773	0.111826	5.77707	-212.716	-2.57778	
-5.5946	0.471745	0.0724197	19.6678	-223.363	7.63764	
-3.58095	0.826806	0.10811	-29.4059	-192.511	-5.74923	
-2.72479	0.977771	0.123285	-16.3166	-165.376	-12.969	
-2.68685	0.984461	0.123958	-8.31603	-231.623	4.14097	
-1.11211	1.26213	0.151869	-168.398	-197.67	-6.3178	
0.182347	1.49038	0.174812	-257.302	-24.232	-5.14373	
-1.89026	1.12492	0.138077	-80.5057	-164.867	6.32057	
-0.80889	1.31559	0.157243	-171.036	-140.09	1.57258	
-7.4977	0.136177	0.0386885	4.11122	-204.949	10.2869	
-4.09526	0.736119	0.0989944	-61.1715	-231.205	-0.0307802	
14.8561	4.07775	0.434894	-81.6043	220.038	6.78983	
-1.1311	1.25878	0.151532	-178.368	-140.945	8.34465	
-5.45739	0.495939	0.0748516	-57.7858	-170.246	-4.01345	
-3.2544	0.884386	0.113898	-62.3354	-115.077	-0.340978	
15.7703	4.23895	0.451098	-25.9693	235.906	-2.83737	
-4.38765	0.684564	0.0938121	27.2274	-169.496	2.5145	
-3.20073	0.893849	0.114849	-64.338	-157.275	7.1431	
-2.69417	0.98317	0.123828	-109.321	-156.301	9.98052	
4.66782	2.28129	0.254314	-67.3399	170.59	-8.76827	
-4.31623	0.697156	0.0950779	-56.7829	-197.954	4.85679	
-0.824137	1.31291	0.156973	-183.434	-37.2393	25.1121	
3.33541	2.04635	0.230698	-143.459	136.994	10.9421	
-1.05374	1.27242	0.152903	-94.661	-107.784	-8.6492	
17.6663	4.57326	0.484703	-57.7774	225.309	1.83051	
4.00009	2.16355	0.242479	-141.202	146.849	7.72663	
5.67298	2.45852	0.27213	-67.6045	161.266	0.620335	
-4.1558	0.725444	0.0979214	-23.9093	-197.526	1.3402	
-2.70518	0.981228	0.123633	-51.933	-105.995	4.3154	
-2.73311	0.976303	0.123138	-134.158	-213.76	9.19104	
-2.6324	0.99406	0.124923	-45.8962	-168.234	-2.19924	
-3.74396	0.798062	0.105221	-101.547	-149.559	14.5968	
11.5886	3.5016	0.37698	-73.3506	205.644	-7.65362	
2.32665	1.86847	0.212819	-116.843	138.823	-3.5134	
-3.18977	0.895782	0.115044	-73.2779	-170.885	0.965506	
-7.43473	0.147281	0.0398046	-36.7216	-203.319	-4.93165	
-2.40816	1.0336	0.128897	-59.5391	-201.149	-5.64216	
-3.29435	0.877341	0.11319	-17.1464	-192.503	-8.64612	
-4.17599	0.721885	0.0975637	-73.8041	-160.997	-1.09448	
1.4966	1.72212	0.198107	-130.923	56.2991	12.0207	
6.93815	2.68161	0.294554	-107.317	185.531	-10.7223	
0.865254	1.61079	0.186916	-202.052	81.7253	-0.545029	
10.1792	3.25309	0.352	-72.5711	228.912	11.0792	
11.4015	3.46862	0.373665	-66.8343	169.055	1.07479	
-3.50472	0.840247	0.109461	-80.3094	-185.8	-4.77363	
2.36183	1.87468	0.213442	-107.868	163.527	-13.4191	
-2.91232	0.944704	0.119961	-41.8298	-167.328	-2.4004	
-3.10166	0.911319	0.116605	-72.8585	-183.46	1.52322	
9.97486	3.21706	0.348378	-53.1446	154.204	-3.68293	
-5.61347	0.468417	0.0720852	3.35773	-213.723	-12.5884	
-3.62524	0.818997	0.107325	14.6375	-189.865	-4.10853	
0.360922	1.52186	0.177977	-225.393	25.6832	10.009	
-7.57875	0.121886	0.0372519	12.2919	-159.889	11.7456	
-3.92446	0.766236	0.102022	-72.0697	-148.892	-8.06528	
-2.66031	0.989139	0.124428	-113.423	-135.78	12.7299	
-5.85593	0.425666	0.0677879	-51.2402	-184.66	8.27742	
-6.60041	0.294394	0.0545924	1.03395	-207.281	-7.51387	
-4.04404	0.745151	0.0999023	-60.0218	-243.422	14.0283	
-3.77197	0.793124	0.104725	-69.2289	-144.336	-10.06	
-4.35813	0.689768	0.0943353	-30.6956	-182.63	2.74723	
12.0419	3.58153	0.385015	-36.9935	264.908	-3.32463	
14.1102	3.94623	0.421674	-105.369	233.631	-3.35221	
-6.39589	0.330457	0.0582174	3.87394	-174.836	-2.23427	
-5.03466	0.570477	0.0823442	3.9523	-205.172	6.16212	
11.1541	3.425	0.36928	-25.0053	236.473	0.93413	
2.43553	1.88767	0.214748	-125.359	182.484	3.7914	
7.75406	2.82547	0.309016	-17.006	189.647	-10.2209	
-3.5837	0.826321	0.108062	-62.5324	-187.644	-2.69829	
-3.71069	0.80393	0.105811	-45.8915	-164.498	-1.50141	
-5.39485	0.506967	0.0759602	37.0133	-186.417	-9.72157	
-3.05846	0.918935	0.117371	4.41097	-141.613	4.65805	
-1.66746	1.16421	0.142026	-134.509	-139.063	2.99456	
4.44856	2.24263	0.250428	-31.7552	125.973	10.9704	
-2.55376	1.00793	0.126317	-46.672	-124.525	4.06164	
9.12674	3.06751	0.333346	-91.5303	205.741	11.7088	
12.6296	3.68517	0.395432	-56.902	237.087	-0.400894	
-2.44093	1.02782	0.128316	-111.336	-148.085	8.17106	
-6.42322	0.325637	0.0577329	-42.4762	-187.594	-1.90537	
-1.36176	1.21811	0.147444	-183.262	-126.44	-8.45282	
6.78449	2.65451	0.291831	-39.8732	194.571	7.01802	
13.9219	3.91303	0.418337	-39.1565	230.693	-2.85487	
-4.17313	0.722389	0.0976144	-15.1809	-187.463	0.889015	
-3.30733	0.875053	0.11296	-62.62	-169.525	-4.88265	
8.07949	2.88286	0.314784	-70.6196	159.815	4.1681	
-2.99932	0.929364	0.118419	-10.7153	-187.706	8.57793	
8.80153	3.01017	0.327582	-105.052	212.307	10.0487	
9.82621	3.19085	0.345743	-74.7191	177.757	-4.54463	
10.8517	3.37167	0.363919	-67.9797	171.371	-2.28273	
-2.21644	1.06741	0.132295	-87.8264	-218.946	4.60727	
1.57938	1.73671	0.199574	-177.406	105.698	-9.27267	
-4.14159	0.727949	0.0981732	-73.8852	-166.564	0.585216	
-1.89034	1.12491	0.138075	-112.707	-187.205	5.87399	
9.2202	3.08399	0.335002	-133.381	182.034	14.1978	
-3.92882	0.765468	0.101945	-32.1409	-188.274	-5.72614	
2.08838	1.82646	0.208595	-121.588	89.6354	2.83927	
-3.44487	0.850801	0.110522	-19.2236	-194.132	2.88736	
-2.9464	0.938695	0.119357	-103.107	-182.664	0.82402	
-2.38332	1.03798	0.129338	-93.275	-208.078	-0.922338	
3.89877	2.14568	0.240683	-125.818	156.827	10.0215	
2.58721	1.91442	0.217437	-131.807	108.804	-10.9688	
1.22638	1.67447	0.193317	-149.977	81.8962	-7.08013	
-0.371862	1.39265	0.164989	-158.801	-115.324	-14.6769	
-6.72077	0.273172	0.0524591	-4.82431	-226.323	1.24951	
2.48565	1.89651	0.215637	-151.139	118.636	-11.5741	
-6.38386	0.332578	0.0584306	-25.5208	-246.067	7.27198	
-0.10464	1.43977	0.169726	-203.818	-8.49363	-9.11806	
1.32769	1.69233	0.195113	-169.487	136.13	-18.8576	
-2.07751	1.0919	0.134758	-105.272	-130.463	5.18892	
5.44239	2.41786	0.268043	-70.4819	162.559	-11.3822	
9.47052	3.12813	0.339439	-28.4945	217.596	-5.80432	
4.31462	2.21901	0.248054	-57.4639	161.529	7.99574	
14.8637	4.07909	0.435029	-54.7819	243.31	1.51418	
-3.09599	0.912317	0.116706	-109.607	-175.417	-0.419154	
-4.41389	0.679936	0.093347	-27.9007	-212.209	6.24838	
-2.57529	1.00413	0.125935	28.3061	-207.697	-9.87085	
-5.91938	0.414478	0.0666632	-21.3667	-221.806	-10.2007	
7.47963	2.77708	0.304152	-81.1466	205.248	1.48992	
-4.30294	0.6995	0.0953136	18.5074	-203.942	7.07546	
13.691	3.87232	0.414244	-74.5822	217.841	-1.56774	
10.2786	3.27061	0.353761	-13.4886	244.98	2.84356	
11.9302	3.56184	0.383035	-31.8933	206.505	-3.95168	
-3.19388	0.895056	0.114971	-98.5514	-154.699	3.92172	
-2.11993	1.08442	0.134006	-47.0538	-170.73	-5.29672	
-5.99412	0.401299	0.0653385	-40.0605	-203.073	-0.0753474	
17.2229	4.49508	0.476844	-54.3342	265.905	2.48627	
-2.48116	1.02073	0.127603	-87.153	-143.29	-11.5828	
1.99471	1.80995	0.206935	-175.496	156.806	0.0171951	
-5.53313	0.482585	0.0735093	-36.9916	-199.12	-5.78163	
-4.58819	0.649203	0.0902577	-30.288	-187.587	-1.74133	
-2.35764	1.04251	0.129793	-103.012	-105.429	-2.00038	
-6.28408	0.350171	0.0601991	4.34352	-203.752	9.88135	
-4.73289	0.623688	0.087693	-2.6394	-189.368	1.80478	
-3.69671	0.806395	0.106059	-43.5777	-134.047	7.03991	
-4.88063	0.597638	0.0850744	5.74391	-215.311	3.45841	
9.85885	3.19661	0.346322	-67.3335	178.317	-3.33708	
-2.43846	1.02826	0.12836	-91.8741	-156.984	-0.352665	
-3.67047	0.811022	0.106524	-0.939949	-188.508	-5.29968	
-3.44296	0.851137	0.110556	-119.53	-129.721	1.0476	
-4.3185	0.696756	0.0950377	11.979	-155.816	-5.31977	
-2.38131	1.03834	0.129373	-67.7927	-173.583	1.61317	
-2.95985	0.936322	0.119119	-95.3733	-207.873	-1.90814	
15.6091	4.21053	0.448241	-53.7221	234.91	8.12821	
4.97188	2.3349	0.259703	-120.941	151.233	-2.33877	
-0.639153	1.34552	0.160252	-152.48	-149.391	-14.1393	
7.87647	2.84706	0.311186	-107.509	186.752	3.44662	
-3.97555	0.757228	0.101116	-18.781	-211.94	18.1372	
4.12842	2.18618	0.244754	-61.7634	186.042	17.5644	
4.20774	2.20016	0.24616	-125.099	131.802	4.02448	
0.0835226	1.47295	0.173061	-157.596	-1.43157	14.2808	
-5.13206	0.553304	0.080618	-48.2037	-204.047	2.12213	
16.9009	4.43832	0.471138	-97.3599	201.838	-6.77357	
15.0209	4.10681	0.437815	-11.1726	212.637	4.45248	
15.173	4.13364	0.440512	-48.3339	187.552	0.42594	
0.0390103	1.4651	0.172272	-162.578	1.37925	4.45426	
3.07904	2.00114	0.226154	-85.5279	162.916	3.11479	
-6.57027	0.299708	0.0551265	-9.98699	-187.347	-1.40082	
10.678	3.34105	0.360841	-81.211	194.388	-5.32127	
4.46945	2.24631	0.250798	-37.5874	183.269	-1.1934	
-4.27688	0.704095	0.0957754	-102.478	-182.931	12.5615	
-4.12943	0.730094	0.0983889	18.4565	-192.276	-3.84239	
-2.77988	0.968056	0.122309	-36.3092	-216.544	4.15159	
14.8201	4.07142	0.434258	-93.4079	208.567	-5.7703	
9.73254	3.17433	0.344083	-64.2291	195.385	11.7592	
-0.23203	1.41731	0.167468	-171.765	-88.2158	-22.1474	
-1.56877	1.18161	0.143775	-46.7234	-131.052	4.53818	
-4.35188	0.690871	0.0944461	-11.277	-193.177	0.00264821	
-2.71724	0.979101	0.123419	-62.8228	-194.045	-3.41119	
-2.95703	0.936819	0.119169	-54.5976	-138.437	6.12272	
-2.3614	1.04185	0.129726	-51.4962	-196.206	3.02689	
11.205	3.43396	0.370181	-56.6304	219.374	3.34998	
-2.90993	0.945125	0.120004	-37.98	-190.66	0.117328	
-1.08617	1.2667	0.152329	-186.902	12.9019	6.82154	
6.11691	2.5368	0.279998	-89.8016	182.859	6.62094	
-0.261817	1.41206	0.16694	-130.861	-121.473	-5.39239	
7.88847	2.84917	0.311398	-113.11	126.95	-5.15947	
4.26697	2.21061	0.247209	-98.3665	141.611	-3.64352	
-4.74552	0.621461	0.0874691	-30.0277	-166.824	1.14739	
7.38746	2.76083	0.302518	-74.8858	201.271	-5.65693	
-5.12918	0.553812	0.080669	-7.74832	-168.908	3.61302	
3.86481	2.13969	0.240081	-179.915	113.931	-17.0927	
6.16836	2.54587	0.28091	-60.3357	180.495	-5.42208	
-2.78807	0.966612	0.122164	-85.0399	-214.703	-9.78827	
-4.2462	0.709504	0.0963191	-35.5655	-206.418	7.70306	
-0.400373	1.38763	0.164484	-234.787	-108.897	7.33783	
-2.37275	1.03984	0.129525	-95.8093	-194.934	18.7141	
-2.34202	1.04526	0.130069	-88.9866	-100.459	10.2933	
-0.759287	1.32434	0.158122	-216.442	-82.4925	23.8824	
-2.37443	1.03955	0.129495	-63.4865	-154	12.3656	
-3.81296	0.785896	0.103998	-72.7221	-193.122	21.0693	
-0.711623	1.33275	0.158967	-143.071	-119.522	-18.4616	
10.852	3.37172	0.363925	-60.5592	220.367	-3.66281	
4.88353	2.31932	0.258138	-107.582	165.148	6.38222	
-3.1391	0.904715	0.115942	-37.2996	-131.189	-6.98222	
14.7935	4.06672	0.433786	-69.9758	220.375	3.87672	
-7.26046	0.178009	0.0428935	-46.9107	-197.654	-6.15193	
-5.35348	0.514261	0.0766934	-14.2652	-183.047	-0.53828	
-2.07507	1.09233	0.134801	-165.941	-159.917	4.69879	
3.12066	2.00848	0.226892	-101.843	162.619	-9.82853	
-3.00327	0.928666	0.118349	44.481	-188.168	-0.641792	
-5.28721	0.525946	0.077868	-59.255	-212.362	-9.72457	
-2.14474	1.08005	0.133566	-95.1956	-183.962	0.37543	
8.79098	3.00831	0.327394	-86.8431	214.834	1.49878	
15.3197	4.1595	0.443112	-69.1569	224.594	-5.29233	
10.4753	3.30531	0.357249	-44.2262	223.015	3.2812	
-1.56978	1.18143	0.143757	-139.461	-162.196	-5.0259	
-4.20735	0.716355	0.0970078	-134.084	-160.155	-0.576332	
5.62206	2.44954	0.271227	-108.614	175.969	-15.5681	
-1.76896	1.14631	0.140227	-80.5746	-140.084	2.17801	
-5.46538	0.494531	0.0747101	10.6585	-199.997	-0.529687	
-5.78788	0.437664	0.0689939	-54.3587	-199.529	-10.6265	
10.8825	3.37711	0.364466	-29.2337	202.124	-4.73139	
7.04639	2.70069	0.296473	-46.0007	200.06	9.32932	
13.2267	3.79045	0.406015	-72.9448	193.712	6.81586	
-1.67117	1.16355	0.14196	-133.263	-180.552	-8.34887	
-4.554	0.655232	0.0908637	-4.84304	-206.709	5.22388	
-1.66107	1.16533	0.142139	-153.089	-167.094	-4.84791	
-3.09319	0.912811	0.116755	-38.7468	-188.876	-5.62823	
-5.48118	0.491745	0.0744301	-44.5624	-182.367	6.11582	
6.22785	2.55636	0.281965	-116.056	162.864	5.73622	
9.82029	3.18981	0.345638	-72.2644	206.865	-4.9861	
2.77036	1.94671	0.220683	-134.959	127.517	-5.82088	
-3.11423	0.909101	0.116383	-101.797	-171.97	11.49	
-2.33339	1.04678	0.130223	-89.473	-180.945	2.29355	
-2.07437	1.09246	0.134813	-63.3709	-197.91	-10.7643	
13.3136	3.80578	0.407555	-41.9823	250.442	-11.8421	
-2.59022	1.0015	0.12567	-62.7785	-162.819	2.35047	
13.2158	3.78853	0.405822	-51.3458	214.087	-2.21756	
-6.4727	0.316913	0.056856	23.7435	-220.487	0.708233	
-1.9995	1.10566	0.13614	-195.252	-98.5706	6.48391	
-2.25034	1.06143	0.131695	-68.2332	-208.503	7.88024	
2.71209	1.93644	0.21965	-68.0531	161.063	17.7589	
6.24563	2.5595	0.28228	-87.6765	182.107	-6.85025	
7.21969	2.73125	0.299544	-86.1209	182.536	-1.77527	
-7.35013	0.162198	0.0413041	-19.8476	-202.01	-2.47283	
-2.9965	0.92986	0.118469	-35.2552	-152.679	-4.38006	
-3.51103	0.839135	0.10935	-64.2156	-131.17	-2.56216	
5.40734	2.41168	0.267422	-42.4822	169.782	2.38996	
-0.92072	1.29588	0.155261	-181.015	-104.806	3.89437	
-4.20649	0.716506	0.097023	-35.7356	-192.737	-7.00315	
-7.19422	0.189689	0.0440674	-50.7433	-184.619	1.85574	
-3.43756	0.852089	0.110652	-51.0517	-182.041	-4.04859	
-0.893066	1.30075	0.155751	-183.667	-74.3838	-2.79424	
1.27898	1.68374	0.194249	-183.436	44.3587	-4.49964	
15.1205	4.12437	0.43958	-47.9901	209.827	-0.722106	
1.16056	1.66286	0.19215	-217.004	130.397	-17.2712	
0.189324	1.49161	0.174936	-191.297	13.7226	9.60345	
-4.79634	0.6125	0.0865683	-31.2169	-203.061	-7.53219	
3.74456	2.11849	0.23795	-31.889	133.146	-4.51394	
-3.75046	0.796916	0.105106	-71.9671	-178.287	4.24828	
11.6466	3.51184	0.378009	-42.5833	195.848	-2.21925	
-7.41305	0.151103	0.0401888	0.0748842	-221.487	-10.1911	
-2.91306	0.944574	0.119948	-42.2269	-225.346	1.54673	
-5.01808	0.573402	0.0826382	-77.7526	-148.225	-2.6952	
-3.22256	0.89	0.114463	-60.8264	-171.163	7.05287	
-3.55889	0.830695	0.108501	-29.4559	-204.928	-7.49593	
-0.782788	1.3202	0.157706	-155.68	-92.3725	-12.0401	
0.0971619	1.47536	0.173302	-220.627	-40.8245	-12.8847	
-2.9747	0.933704	0.118856	1.40424	-219.999	-0.195057	
12.0261	3.57874	0.384734	-37.5187	221.201	-2.7513	
16.7408	4.41008	0.4683	-56.9559	227.589	2.50261	
-4.87391	0.598823	0.0851935	-68.6658	-188.217	4.22295	
8.24707	2.91241	0.317754	-80.0986	211.912	-11.4326	
-6.28176	0.350581	0.0602403	-81.3251	-173.698	-3.51386	
-5.82763	0.430657	0.0682895	-49.4506	-194.698	-12.0782	
12.8169	3.71818	0.398751	-106.714	211.617	-1.77508	
-0.144221	1.43279	0.169024	-229.268	-55.6568	11.3752	
-4.37928	0.686039	0.0939604	-52.4744	-158.86	4.17049	
-2.07305	1.09269	0.134837	-48.194	-184.198	10.0491	
-5.75321	0.443778	0.0696084	80.8611	-193.118	5.01098	
9.99047	3.21981	0.348655	-121.649	170.314	-6.88432	
-2.98339	0.932173	0.118702	23.6844	-216.174	-5.04363	
11.3721	3.46343	0.373143	-41.8022	229.755	-3.26981	
1.79811	1.77528	0.203451	-124.497	134.937	-0.337554	
-4.4707	0.669919	0.09234	-53.1882	-157.145	-3.47112	
3.22767	2.02735	0.228789	-81.4907	182.181	-2.63083	
-1.16834	1.25221	0.150872	-177.185	-112.004	-2.82286	
-0.0446274	1.45036	0.170789	-170.954	-28.3708	7.15976	
3.13477	2.01097	0.227142	-107.858	147.282	3.22386	
-2.95872	0.936523	0.119139	-98.4435	-166.591	-6.1863	
0.47222	1.54149	0.17995	-204.741	71.1318	5.40093	
0.326733	1.51584	0.177371	-202.651	22.2076	15.3745	
-5.85479	0.425866	0.0678079	4.22122	-182.532	3.56244	
4.76705	2.29878	0.256073	-73.4304	178.279	10.9171	
1.81257	1.77783	0.203707	-129.282	161.792	4.82445	
-4.86785	0.599892	0.0853009	7.21706	-250.196	10.472	
18.6639	4.74917	0.502385	-31.2422	216.879	7.62421	
-2.98496	0.931896	0.118674	-56.057	-128.123	2.3731	
11.7063	3.52237	0.379067	-52.501	245.076	-0.95847	
-4.87591	0.59847	0.0851581	-41.8366	-170.883	10.5404	
-0.867867	1.3052	0.156198	-215.552	-136.305	0.642249	
1.17088	1.66468	0.192333	-151.309	66.8248	-1.33213	
-1.78714	1.1431	0.139904	-133.211	-172.735	7.02769	
-1.13141	1.25873	0.151527	-187.458	-97.7927	-7.49475	
-6.02704	0.395495	0.0647551	-10.9508	-201.837	-18.4856	
0.830534	1.60467	0.186301	-216.884	85.5192	-4.72283	
5.77526	2.47656	0.273943	-96.9687	162.071	3.86853	
-3.16016	0.901003	0.115569	-33.534	-193.523	-4.11401	
-2.81443	0.961964	0.121696	-98.2981	-225.936	1.72908	
-7.05823	0.213669	0.0464779	-14.4251	-206.821	8.18233	
2.77045	1.94673	0.220685	-84.0013	181.23	-10.0153	
13.1598	3.77865	0.404828	-67.89	240.242	6.6199	
-6.08885	0.384595	0.0636594	2.35611	-206.78	5.01753	
11.5958	3.50287	0.377108	-85.5367	229.167	0.659804	
-6.15902	0.372222	0.0624157	-38.8281	-183.69	-2.56566	
-1.38227	1.21449	0.14708	-109.747	-107.332	4.92336	
16.4811	4.36428	0.463696	-64.7959	226.655	-1.761	
-0.144699	1.43271	0.169016	-157.696	-24.1502	-24.6877	
15.0002	4.10316	0.437448	-49.3339	200.403	2.75467	
10.72	3.34845	0.361585	-86.7502	204.158	2.61988	
2.64293	1.92424	0.218424	-96.3187	175.847	-5.74012	
4.88333	2.31929	0.258134	-106.474	144.499	-5.2339	
-3.35535	0.866586	0.112109	-42.7499	-138.793	2.20893	
-2.43619	1.02866	0.1284	-73.249	-148.834	10.8221	
-1.82693	1.13609	0.139199	-93.9921	-173.51	12.8988	
0.69635	1.58101	0.183923	-154.334	51.891	2.56221	
-1.84082	1.13364	0.138953	-82.7579	-181.014	-3.10877	
-5.81602	0.432703	0.0684951	5.35535	-185.037	12.9203	
-1.8534	1.13142	0.13873	-96.1584	-146.954	6.73776	
13.564	3.84992	0.411993	-40.8521	247.757	4.27148	
-3.55394	0.831568	0.108589	-24.9975	-191.715	13.1128	
11.3352	3.45692	0.372489	-67.5185	203.598	-6.00748	
-4.31399	0.697551	0.0951177	-39.6001	-170.192	-12.6275	
-1.78959	1.14267	0.139861	-140.23	-217.906	-2.00594	
6.51135	2.60635	0.28699	-82.9351	192.574	-7.03957	
1.5829	1.73733	0.199636	-166.534	105.395	7.8107	
11.7882	3.53681	0.380519	-56.0343	181.445	0.915532	
-2.0224	1.10162	0.135734	-134.32	-156.936	-2.38824	
-2.37901	1.03874	0.129414	-50.2752	-171.439	1.31185	
13.2296	3.79096	0.406066	-3.92674	231.828	8.94459	
-3.22324	0.88988	0.11445	-67.9596	-188.612	1.66696	
13.6519	3.86542	0.413551	-86.8479	188.651	-2.68655	
-3.77432	0.79271	0.104683	-18.1331	-188.99	-15.1056	
6.5486	2.61292	0.28765	-81.6388	158.079	-2.1583	
15.8412	4.25145	0.452354	-74.7383	262.72	1.88873	
-1.40659	1.21021	0.146649	-138.559	-142.982	-14.2092	
0.0866446	1.4735	0.173116	-163.553	41.8136	-0.632498	
20.0231	4.98884	0.526477	-67.4867	190.287	0.0854041	
-4.51026	0.662943	0.0916388	-41.3382	-202.515	4.29651	
1.87075	1.78809	0.204738	-176.37	147.001	2.57336	
7.20544	2.72874	0.299292	-70.479	176.843	0.978701	
-5.00333	0.576003	0.0828996	27.01	-157.779	5.99353	
-3.40733	0.857421	0.111188	-68.8173	-184.864	8.83909	
-4.04575	0.744849	0.099872	-1.48251	-201.642	2.97701	
8.64941	2.98335	0.324885	-51.1818	212.211	-0.0543013	
-2.89831	0.947174	0.12021	-7.89256	-195.656	2.58991	
-4.87804	0.598093	0.0851202	-30.0176	-191.493	-1.27059	
-3.97846	0.756715	0.101065	-79.5014	-197.924	23.5271	
-4.87128	0.599286	0.0852401	-10.1852	-186.965	-1.09047	
-5.02488	0.572202	0.0825176	-36.8374	-179.94	2.82345	
8.7109	2.99419	0.325975	-17.6679	230.359	6.82624	
-1.77612	1.14505	0.1401	-134.199	-163.84	1.83754	
12.537	3.66883	0.39379	-64.9985	220.522	1.56619	
-1.30376	1.22834	0.148472	-155.258	-139.039	11.6569	
-2.47973	1.02098	0.127629	-129.816	-135.297	-1.33405	
1.21963	1.67328	0.193197	-124.26	99.5761	-3.43933	
-3.03284	0.923453	0.117825	-105.931	-173.762	7.36477	
1.03848	1.64134	0.189987	-158.143	122.377	-8.56735	
-0.299109	1.40548	0.166279	-160.292	-7.08305	0.448433	
-1.83001	1.13554	0.139145	-63.4904	-162.47	6.84208	
-5.18147	0.544591	0.0797422	-39.9178	-175.141	3.70198	
-2.49177	1.01886	0.127415	-71.452	-199.259	-5.91859	
-4.2072	0.716381	0.0970104	7.83229	-183.296	-10.5066	
-0.045813	1.45015	0.170768	-234.836	-44.2975	-18.5659	
-3.11549	0.908879	0.11636	-56.1403	-181.775	-1.23933	
-6.49203	0.313503	0.0565133	-0.177429	-148.706	-3.32576	
-3.2139	0.891527	0.114616	15.3565	-195.608	8.26462	
-4.21924	0.714259	0.0967971	-33.9139	-165.48	4.99112	
10.9698	3.3925	0.366013	-41.5024	215.953	-0.00753255	
-2.817	0.961511	0.121651	-29.5132	-178.742	-7.18846	
11.733	3.52707	0.37954	-67.8238	221.833	-0.481871	
4.22445	2.20311	0.246456	-74.7051	146.104	-1.41289	
1.61517	1.74302	0.200208	-156.676	93.1803	-2.79567	
-2.36308	1.04155	0.129696	-111.899	-144.018	-11.6156	
4.25115	2.20782	0.246929	-65.341	163.201	11.1216	
-4.60788	0.645731	0.0899087	-25.9546	-218.389	7.93732	
11.2492	3.44176	0.370964	-63.9942	217.956	-5.19623	
-0.523085	1.36599	0.162309	-201.684	3.31874	13.0792	
8.45747	2.9495	0.321483	-109.698	188.494	1.22788	
4.51974	2.25518	0.25169	-93.5118	182.392	2.37412	
1.80877	1.77716	0.203639	-134.049	84.8478	7.57443	
-4.92116	0.590492	0.084356	16.4997	-167.513	4.9133	
11.8907	3.55488	0.382336	-57.1797	227.676	1.56312	
-3.23411	0.887964	0.114258	-82.0725	-178.812	9.00359	
10.6308	3.33272	0.360004	-28.0179	243.944	-5.24229	
1.23907	1.6767	0.193542	-184.349	117.404	-7.9609	
-5.03348	0.570686	0.0823652	17.7342	-177.845	4.02824	
11.8691	3.55107	0.381953	-100.19	248.655	-7.902	
2.19852	1.84588	0.210548	-114.168	106.861	-0.399681	
6.93078	2.68031	0.294424	-52.5232	194.899	5.36143	
-4.63231	0.641424	0.0894757	33.1327	-182.925	-9.17009	
11.8344	3.54495	0.381337	-48.1153	211.058	-1.49831	
2.19713	1.84564	0.210523	-131.998	169.046	0.320557	
-2.22959	1.06509	0.132062	-92.6471	-193.037	12.8196	
-1.95859	1.11287	0.136866	-142.583	-189.345	7.15294	
-1.55614	1.18383	0.143999	-138.987	-148.868	-0.203702	
-4.85105	0.602853	0.0855986	-32.3013	-209.575	1.44073	
-4.33198	0.694379	0.0947988	5.24109	-219.365	12.0454	
-6.22615	0.360386	0.0612259	4.55024	-212.517	-5.58023	
13.0329	3.75628	0.402581	-39.4123	218.995	-7.48019	
-1.39456	1.21233	0.146863	-174.968	-110.951	1.70367	
4.02728	2.16834	0.242961	-137.721	176.685	6.6149	
8.25413	2.91365	0.317879	-64.6554	208.154	-1.17056	
-4.04283	0.745363	0.0999237	-37.9592	-175.042	0.910332	
1.06768	1.64649	0.190504	-231.782	84.1199	-21.3352	
3.07771	2.00091	0.226131	-133.876	189.847	-13.0492	
-3.6968	0.806379	0.106057	-44.7367	-167.207	6.792	
-5.2299	0.536052	0.0788838	-40.9152	-236.662	-2.56895	
12.4809	3.65895	0.392796	-77.6354	220.031	2.15678	
-6.2758	0.351632	0.060346	78.2025	-186.599	-1.27194	
13.5815	3.85302	0.412304	-59.5914	236.597	-7.56866	
7.8471	2.84188	0.310665	-77.787	202.176	12.2923	
3.6638	2.10425	0.236519	-64.5606	151.315	4.06503	
-3.06962	0.916967	0.117173	-140.08	-151.908	-0.845878	
3.76235	2.12163	0.238265	-63.618	197.36	26.0895	
6.22029	2.55503	0.281831	-5.03416	193.924	-3.04039	
-5.06341	0.565408	0.0818346	-44.8263	-199.559	3.85138	
-1.59352	1.17724	0.143336	-103.291	-171.89	-27.2894	
-0.930595	1.29414	0.155086	-182.867	-134.037	6.13659	
2.85137	1.961	0.222119	-133.113	160.066	0.145723	
3.7108	2.11254	0.237352	-88.9596	159.567	6.1973	
-3.40635	0.857592	0.111205	-49.7994	-195.807	-1.74515	
15.8862	4.2594	0.453153	-44.4482	228.228	0.877603	
14.0554	3.93656	0.420702	-90.0074	196.954	-1.42332	
-1.60772	1.17474	0.143085	-103.763	-124.269	3.41158	
-3.55645	0.831126	0.108545	8.67392	-162.337	6.45463	
0.354423	1.52072	0.177862	-244.984	71.8885	9.78165	
-3.95944	0.760068	0.101402	0.805512	-190.451	10.7576	
6.02489	2.52058	0.278368	-74.6594	198.564	4.06991	
-1.01945	1.27847	0.153511	-127.232	-141.516	8.62944	
-4.69147	0.630992	0.0884271	-18.2408	-216.772	-2.46898	
8.38243	2.93627	0.320153	-77.0287	186.286	-16.4995	
3.15968	2.01536	0.227584	-81.1647	191.065	-5.43295	
-4.29418	0.701044	0.0954688	-24.6366	-173.427	9.96661	
14.6109	4.03451	0.430548	-73.3077	223.851	7.50664	
6.02266	2.52018	0.278328	-89.1048	117.537	-5.39633	
-5.44728	0.497722	0.0750308	-27.3794	-212.869	-0.952563	
16.4336	4.35591	0.462855	-25.1453	233.092	1.42905	
7.33694	2.75192	0.301623	-68.5592	145.078	2.65481	
-3.64581	0.81537	0.106961	-35.9073	-182.61	-6.08411	
-4.74568	0.621432	0.0874662	-19.6453	-178.868	-2.79794	
-4.63933	0.640185	0.0893512	-37.8666	-145.198	-7.42357	
-2.36772	1.04073	0.129614	-99.6614	-147.588	5.4208	
6.97398	2.68793	0.29519	-111.17	206.633	-4.39967	
-5.87205	0.422823	0.0675021	11.9234	-193.168	7.12475	
-1.87738	1.12719	0.138305	-102.968	-184.425	6.79473	
2.0972	1.82802	0.208752	-153.182	122.286	9.38886	
-3.68885	0.80778	0.106198	-57.5539	-180.013	7.85192	
-4.55284	0.655435	0.0908841	-25.1337	-189.504	9.427	
-4.32499	0.695612	0.0949227	-6.92583	-194.977	-4.94192	
-0.734378	1.32873	0.158564	-195.152	-152.585	-4.15597	
-5.82545	0.43104	0.068328	-8.9979	-182.162	-7.65878	
4.42697	2.23882	0.250045	-57.3129	165.253	-4.72041	
-2.08851	1.08996	0.134563	-85.3771	-160.251	15.5969	
-3.32229	0.872415	0.112695	-60.7335	-154.117	13.12	
-5.62964	0.465567	0.0717986	-28.9346	-180.074	5.60953	
-3.83509	0.781995	0.103606	-86.3324	-184.17	-0.907986	
12.5798	3.67638	0.394548	-86.0794	206.245	9.23876	
-1.27402	1.23358	0.148999	-9.2724	-125.668	0.398361	
-1.59818	1.17642	0.143254	-81.9794	-195.525	-9.20638	
-3.52974	0.835836	0.109018	-50.8915	-193.796	15.5399	
-1.56774	1.18179	0.143793	-137.789	-146.449	12.5048	
2.92658	1.97426	0.223452	-65.2256	176.445	-6.46848	
5.18022	2.37164	0.263396	-26.0319	210.882	-5.07398	
-1.391	1.21295	0.146926	-90.1767	-214.508	-15.0785	
12.3653	3.63855	0.390746	-30.6335	244.457	-13.8321	
-3.06325	0.918091	0.117286	-67.0546	-190.877	10.0437	
0.596818	1.56346	0.182158	-174.434	116.244	11.4443	
-4.63202	0.641474	0.0894808	61.9623	-199.165	-0.899552	
13.643	3.86385	0.413393	-46.4017	234.11	6.02951	
-4.28518	0.702631	0.0956283	-6.4221	-203.432	9.07439	
-4.59268	0.648411	0.0901781	32.3284	-186.738	7.3789	
-3.53739	0.834486	0.108882	-31.2237	-216.537	-5.98991	
1.78562	1.77308	0.203229	-54.3122	174.332	0.171436	
-1.52808	1.18878	0.144496	-102.535	-124.887	-5.02733	
14.6996	4.05016	0.432121	-90.7786	195.245	-0.63041	
13.3333	3.80924	0.407904	-55.3404	238.589	-2.22933	
1.36949	1.6997	0.195854	-155.218	136.534	5.68353	
-4.29929	0.700144	0.0953783	-94.8368	-218.117	2.32634	
2.80154	1.95221	0.221236	-88.4984	174.355	10.1706	
-4.70571	0.628481	0.0881747	9.33541	-194.263	4.91675	
3.39965	2.05767	0.231837	-161.088	134.383	0.49094	
-5.96769	0.405959	0.0658069	-22.7556	-173.598	19.5621	
-3.53968	0.834083	0.108842	-94.4376	-152.979	6.60737	
13.8136	3.89393	0.416417	-20.1829	226.388	12.1669	
-1.03893	1.27503	0.153166	-202.671	-132.312	-7.5233	
-2.05641	1.09562	0.135132	-119.36	-165.521	-18.9645	
-1.67877	1.16221	0.141825	-67.7094	-143.273	-1.65651	
-3.26383	0.882723	0.113731	-31.0447	-201.111	1.45837	
-0.847448	1.3088	0.15656	-184.947	-118.471	-0.12083	
-1.55413	1.18419	0.144034	-84.3602	-171.753	-7.93415	
-5.73435	0.447104	0.0699428	-8.95307	-215.886	8.87869	
0.852988	1.60863	0.186699	-145.363	96.6047	-7.39215	
11.4633	3.47951	0.37476	-57.0134	230.036	-1.03343	
6.66055	2.63266	0.289634	-36.2369	177.951	-3.79556	
12.4434	3.65234	0.392132	-30.1544	234.204	-7.62802	
-4.09481	0.736198	0.0990024	-61.8805	-144.675	-3.83995	
14.7418	4.05761	0.43287	-37.0148	214.421	9.22588	
-6.75916	0.266402	0.0517787	-40.2706	-227.944	4.7171	
-3.1237	0.907432	0.116215	-28.8255	-203.092	12.4362	
0.313685	1.51354	0.17714	-183.062	7.80406	1.30234	
-3.12494	0.907213	0.116193	-35.4385	-158.024	10.6685	
-0.0663085	1.44653	0.170405	-184.243	-58.1242	18.9029	
-6.69593	0.27755	0.0528993	61.6045	-210.611	-1.3317	
10.3025	3.27484	0.354186	-49.0111	242.975	-3.58169	
4.5713	2.26427	0.252604	-43.732	196.548	-6.06475	
-3.50156	0.840804	0.109517	-58.9419	-167.474	-4.00344	
-2.59837	1.00006	0.125526	-100.346	-149.645	-3.93816	
12.5807	3.67654	0.394565	-84.5823	209.046	-1.27033	
-4.47022	0.670003	0.0923485	-105.679	-215.512	7.13404	
11.0818	3.41224	0.367998	-82.3253	196.493	-6.10633	
-5.78705	0.437812	0.0690087	-11.8543	-190.088	-5.83263	
-3.19408	0.895022	0.114967	-75.6589	-194.34	0.442511	
-1.19443	1.24761	0.15041	-80.1833	-198.61	-20.695	
2.11368	1.83092	0.209044	-123.546	156.433	4.14604	
-0.96355	1.28832	0.154502	-129.568	-153.381	10.4549	
-4.12868	0.730226	0.0984021	-24.1092	-159.076	-0.513237	
-2.25031	1.06143	0.131695	-108.679	-187.233	-0.652635	
-6.14415	0.374845	0.0626793	10.9519	-174.267	-4.60331	
-3.33684	0.869849	0.112437	-13.9203	-217.361	-7.6623	
13.6383	3.86302	0.41331	-67.725	213.29	5.484	
-7.23589	0.182342	0.043329	-6.41932	-212.531	-2.24676	
1.49225	1.72135	0.198029	-128.252	136.666	14.6686	
5.8554	2.49069	0.275363	-114.421	192.684	2.12922	
-1.36149	1.21816	0.147449	-147.814	-160.461	-15.7929	
-2.47462	1.02188	0.127719	-8.50489	-159.762	-15.7596	
2.04702	1.81917	0.207862	-80.3834	189.893	12.716	
1.4715	1.71769	0.197662	-149.826	127.726	-0.561252	
-3.59961	0.823515	0.10778	-50.8963	-207.983	5.62338	
-2.31556	1.04993	0.130538	-86.1203	-196.835	-4.44755	
12.3671	3.63889	0.39078	-24.7405	196.219	2.36984	
-5.65785	0.460592	0.0712986	101.721	-134.078	8.69731	
-2.87015	0.952139	0.120709	21.5406	-153.627	1.91572	
2.73399	1.9403	0.220038	-75.9004	146.018	9.90524	
12.7	3.69758	0.396679	-104.478	194.102	2.3154	
-0.8666	1.30542	0.15622	-140.639	-153.202	18.1446	
11.0274	3.40265	0.367033	-72.2529	202.021	-4.0247	
-4.04872	0.744325	0.0998194	-40.5308	-175.571	6.98487	
-2.28725	1.05492	0.13104	-33.7596	-171.661	-1.51541	
-4.16304	0.724167	0.0977931	-31.3484	-205.048	-10.1159	
10.8716	3.37518	0.364273	-60.7763	199.521	-2.86312	
14.3674	3.99159	0.426233	-69.97	231.465	-2.93828	
-5.56096	0.477676	0.0730159	-10.4392	-185.99	1.75248	
-5.01468	0.574	0.0826984	44.7129	-198.459	-6.44057	
-4.51204	0.662631	0.0916074	-69.2124	-183.378	-5.68515	
5.80253	2.48137	0.274426	-112.065	192.33	0.026695	
15.14	4.12782	0.439927	-71.5602	245.073	7.14119	
-4.99365	0.57771	0.0830712	2.95937	-170.952	-2.46143	
10.969	3.39236	0.365999	-22.8582	204.202	4.407	
-3.22411	0.889726	0.114435	-37.3221	-153.673	-2.31299	
-0.737238	1.32823	0.158513	-115.998	-101.544	-33.1227	
10.3143	3.27691	0.354394	-62.8958	227.785	1.72719	
-4.455	0.672687	0.0926183	-24.2976	-213.737	-5.78643	
-1.09503	1.26514	0.152172	-163.994	-143.627	-7.49017	
-3.10569	0.910608	0.116534	-64.4729	-192.445	-2.77911	
-5.13032	0.55361	0.0806487	-57.3941	-216.592	6.47934	
-5.76915	0.440967	0.0693258	-40.7932	-195.045	0.803221	
6.15728	2.54392	0.280714	-78.9764	215.756	-3.50401	
1.28149	1.68418	0.194294	-126.198	123.17	-1.5614	
-0.9766	1.28602	0.154271	-120.372	-178.488	-2.4835	
15.0984	4.12048	0.43919	-52.8618	197.277	2.68868	
6.54374	2.61206	0.287564	-96.7386	210.548	-0.654923	
-4.11669	0.732341	0.0986147	-61.2452	-186.576	-6.88672	
-3.31018	0.874551	0.11291	-42.1495	-184.698	5.76956	
0.377427	1.52477	0.17827	-144.024	60.212	-0.734757	
-0.145385	1.43259	0.169003	-154.897	-19.7167	0.595523	
0.925662	1.62144	0.187987	-167.609	112.385	8.15851	
9.47494	3.12891	0.339517	-62.4369	207.458	-3.82018	
10.5594	3.32013	0.358738	-48.6369	201.718	4.01699	
-0.918427	1.29628	0.155302	-147.011	-43.9751	-0.671062	
-3.77398	0.79277	0.104689	-93.1968	-205.359	11.5919	
4.24449	2.20664	0.246811	-87.318	176.109	9.91698	
-3.52132	0.837321	0.109167	-73.1787	-220.932	7.57367	
-3.9957	0.753675	0.100759	-81.0446	-159.9	-3.03411	
9.18202	3.07726	0.334326	-106.409	149.428	-9.28381	
12.6186	3.68323	0.395237	-48.3824	220.65	-3.294	
10.5841	3.32449	0.359177	-59.8334	199.703	-11.9332	
5.60486	2.44651	0.270923	-52.258	179.206	5.05738	
3.34064	2.04727	0.230791	-105.204	173.222	26.8517	
-2.08269	1.09099	0.134666	-92.6538	-181.801	4.37023	
15.6912	4.22501	0.449697	-54.3636	199.982	1.11255	
-1.51152	1.1917	0.14479	-101.336	-194.923	-1.32342	
-2.47073	1.02257	0.127788	-140.599	-186.845	3.82558	
1.20567	1.67082	0.19295	-154.365	111.645	13.7932	
12.6542	3.68951	0.395868	-62.6026	194.351	0.449055	
-4.75961	0.618977	0.0872194	-10.7451	-200.366	-3.91602	
-4.35487	0.690344	0.0943932	-13.9928	-223.393	-9.59781	
-3.07103	0.916718	0.117148	-103.456	-151.121	-6.21062	
-3.10025	0.911566	0.11663	-105.687	-152.196	-4.15248	
-4.04345	0.745256	0.0999129	-11.4247	-216.607	1.94439	
-5.64955	0.462056	0.0714458	-4.63684	-199.053	-12.7045	
18.7705	4.76796	0.504274	-48.8408	225.537	4.72485	
7.88067	2.8478	0.31126	-56.5838	195.853	0.168188	
14.5292	4.02011	0.429101	-88.1816	239.476	1.57245	
-4.05565	0.743104	0.0996966	-8.81101	-216.113	-0.499206	
-1.42765	1.20649	0.146276	-135.095	-194.155	3.54624	
-5.09346	0.56011	0.0813021	38.0122	-140.303	3.72085	
-2.44753	1.02666	0.128199	-62.0973	-159.39	14.0919	
-3.76549	0.794267	0.104839	-51.8776	-193.136	-3.77088	
-4.46046	0.671724	0.0925215	-17.1083	-138.385	1.08347	
2.82691	1.95668	0.221685	-107.25	150.838	4.16764	
-5.09722	0.559447	0.0812355	-26.9578	-180.271	4.7172	
-4.11479	0.732676	0.0986484	33.4805	-209.804	-11.1435	
11.7311	3.52673	0.379506	-27.01	214.07	0.158844	
-0.666336	1.34073	0.15977	-150.86	23.634	-0.204518	
12.1448	3.59967	0.386838	-48.7259	214.948	7.96783	
6.59477	2.62106	0.288468	-100.594	196.659	-4.27679	
2.79175	1.95049	0.221062	-94.9076	103.213	6.00463	
-4.88958	0.596059	0.0849157	8.32192	-134.296	-0.0741499	
2.63548	1.92293	0.218292	-103.082	161.953	-0.819517	
17.6566	4.57157	0.484532	-74.4448	231.126	5.37552	
-1.06701	1.27008	0.152668	-191.792	-122.147	6.13699	
-2.78406	0.967319	0.122235	-71.5674	-152.203	-4.84298	
-3.5156	0.838329	0.109269	-51.5796	-200.57	-11.0451	
-4.08838	0.737332	0.0991164	-43.6074	-169.473	8.82621	
-3.54218	0.833642	0.108797	-44.3833	-196.989	0.395383	
-1.53957	1.18676	0.144292	-97.1326	-194.493	1.05909	
-2.70932	0.980498	0.123559	-87.7499	-182.451	0.545166	
-3.50662	0.839913	0.109428	-56.1981	-149.13	7.48776	
1.65981	1.75089	0.200999	-126.977	116.546	12.3138	
-2.64345	0.992113	0.124727	-29.4929	-199.308	15.2283	
12.9729	3.74569	0.401516	-87.9303	251.192	3.25118	
-2.79165	0.965981	0.1221	-27.6903	-178.929	2.92609	
-1.31015	1.22721	0.148359	-157.24	-148.723	17.7659	
-2.10534	1.087	0.134265	-74.4462	-154.156	-1.75692	
-5.21313	0.539009	0.0791811	-7.90188	-216.53	-10.7579	
-1.11711	1.26125	0.15178	-159.109	-127.519	-2.03107	
2.06531	1.82239	0.208187	-146.119	127.014	4.08832	
3.08205	2.00167	0.226208	-135.964	138.539	5.90972	
-3.9108	0.768644	0.102264	-33.0036	-211.672	2.27219	
17.4628	4.53738	0.481096	-24.9744	254.432	-0.926346	
-3.47837	0.844893	0.109928	-33.9962	-191.097	-8.88945	
4.23857	2.2056	0.246706	-87.1041	173.717	16.6228	
7.91512	2.85387	0.31187	-106.186	165.722	-7.92057	
-5.69687	0.453712	0.070607	-32.4782	-190.285	4.29276	
-3.48539	0.843655	0.109804	-54.9271	-161.642	0.0460618	
11.5776	3.49967	0.376786	-71.7328	204.217	3.84487	
21.8466	5.31037	0.558797	-54.8016	270.004	-4.40362	
0.820202	1.60285	0.186118	-147.701	128.537	6.24449	
3.90663	2.14707	0.240823	-101.1	191.813	-8.03698	
9.24425	3.08824	0.335429	-62.2885	194.992	-2.06842	
-5.45448	0.496452	0.0749032	66.4783	-214.189	1.10626	
0.616102	1.56686	0.1825	-211.808	68.2088	21.7988	
-4.35875	0.689659	0.0943243	-23.5587	-232.233	6.24966	
2.9003	1.96963	0.222986	-64.683	163.734	2.66821	
-0.990746	1.28353	0.15402	-157.336	-108.823	-19.5587	
-1.05857	1.27157	0.152818	-110.204	-171.889	-21.9809	
-5.04015	0.56951	0.082247	-12.4257	-197.446	-6.26861	
-1.8333	1.13496	0.139086	-83.4453	-197.36	3.19415	
-0.568412	1.358	0.161506	-146.344	-129.271	2.36274	
-3.53003	0.835785	0.109013	-45.0441	-186.906	7.46771	
7.15942	2.72062	0.298476	-103.153	159.737	5.13439	
-2.04016	1.09849	0.13542	-73.4547	-143.798	-15.3579	
0.054566	1.46785	0.172547	-224.088	-33.9986	0.227986	
-3.17243	0.898839	0.115351	-52.2424	-164.656	5.82262	
-3.29132	0.877875	0.113244	-85.4073	-159.11	5.03798	
-0.289082	1.40725	0.166456	-214.163	-62.7449	-15.6362	
-3.49334	0.842254	0.109663	-14.2279	-157.173	3.07835	
13.1878	3.78359	0.405325	-78.5975	238.023	13.7013	
8.47466	2.95253	0.321788	-90.7305	180.588	13.9393	
2.78426	1.94916	0.220929	-133.587	127.901	-15.2784	
-6.86943	0.246959	0.0498243	35.5585	-181.272	4.22801	
-3.03094	0.923787	0.117859	-65.0656	-135.915	-3.23536	
4.78607	2.30214	0.25641	-83.4968	175.569	6.96994	
1.19347	1.66867	0.192734	-107.664	151.489	12.4216	
-3.74369	0.798111	0.105226	18.6754	-163.082	-10.433	
-4.71033	0.627665	0.0880927	2.12204	-211.605	-8.4255	
7.65291	2.80764	0.307223	-108.577	223.254	2.10761	
-6.22994	0.359718	0.0611587	-16.7289	-176.916	-1.93707	
-0.747589	1.3264	0.15833	-214.121	-78.8968	9.33716	
12.0208	3.57782	0.384641	-91.4319	224.431	0.348462	
-2.31453	1.05011	0.130557	-31.0617	-158.824	-7.26735	
-1.45203	1.20219	0.145844	-121.16	-194.131	19.7402	
-0.487153	1.37233	0.162946	-207.115	-120.607	9.56227	
12.964	3.74414	0.401359	-36.1439	238.408	-4.33013	
-0.883334	1.30247	0.155924	-154.404	-131.176	3.1842	
-3.11007	0.909835	0.116456	-21.1912	-192.361	6.25563	
-2.0664	1.09386	0.134955	-95.6555	-199.189	-4.05782	
-2.79923	0.964645	0.121966	-43.9691	-164.56	-1.12684	
0.856511	1.60925	0.186761	-193.768	121.547	4.1129	
-2.44804	1.02657	0.12819	-52.7241	-141.818	-4.49665	
10.2191	3.26013	0.352707	-56.952	190.253	5.06407	
30.371	6.81344	0.709885	-57.9879	248.072	1.86403	
12.2916	3.62557	0.389441	-39.2433	214.539	1.54117	
1.26786	1.68178	0.194052	-119.744	118.696	12.5143	
-4.99156	0.578077	0.0831082	-0.866668	-153.894	-1.20079	
28.4412	6.47318	0.675682	-65.0226	254.191	1.08823	
-6.57899	0.29817	0.054972	11.0786	-198.469	2.38693	
-4.16394	0.724008	0.0977771	-8.12627	-179.733	9.12709	
11.7291	3.52638	0.379471	-82.5434	173.481	-1.44848	
12.1865	3.60704	0.387578	-61.6975	218.913	-6.26252	
2.39168	1.87994	0.213971	-93.0375	141.736	2.66316	
-4.42411	0.678135	0.0931659	-6.55968	-204.663	2.01362	
-1.84252	1.13334	0.138923	-108.69	-178.833	4.41033	
-2.21872	1.067	0.132255	-85.7856	-112.95	8.68117	
7.08961	2.70831	0.297239	-74.7056	171.704	-9.84178	
4.63004	2.27462	0.253645	-48.3445	129.078	9.87266	
14.3419	3.98709	0.425781	-84.7276	194.986	6.7618	
-2.43908	1.02815	0.128349	-2.29068	-178.577	-3.72451	
-2.55246	1.00816	0.12634	-29.3553	-164.263	-1.97251	
10.1358	3.24544	0.35123	-55.3148	171.125	6.6677	
0.192793	1.49222	0.174997	-202.912	-29.3104	-12.0868	
2.72433	1.9386	0.219867	-108.544	129.646	5.51836	
12.4053	3.64561	0.391456	-73.6885	196.642	-0.0601149	
-3.46967	0.846428	0.110083	-6.30592	-237.881	10.0869	
-3.47667	0.845193	0.109959	-41.1507	-157.796	-3.72913	
-3.76519	0.794319	0.104845	-24.3484	-185.145	-11.9097	
-5.84349	0.42786	0.0680084	-17.6218	-194.785	-8.70872	
-2.8036	0.963874	0.121888	23.329	-196.732	-7.01604	
-1.8003	1.14078	0.139671	-75.3813	-166.077	-12.7174	
8.354	2.93126	0.319649	-89.2719	190.507	-5.94353	
-6.38521	0.332339	0.0584066	-34.2003	-170.168	9.76071	
0.00638473	1.45935	0.171693	-151.691	94.1766	10.6887	
-2.72633	0.977499	0.123258	-93.0339	-179.147	7.41371	
-3.52723	0.836279	0.109063	-56.7843	-180.118	2.77916	
-3.78544	0.790749	0.104486	-13.1754	-167.761	-6.68755	
2.79323	1.95075	0.221088	-128.134	166.928	-0.68247	
-4.89851	0.594484	0.0847574	-1.01965	-217.336	0.518957	
4.90407	2.32294	0.258502	-86.666	166.372	-0.548708	
12.5177	3.66544	0.393449	-45.2759	212.591	-4.11828	
-4.5936	0.648249	0.0901618	-63.852	-208.224	6.2072	
-4.67985	0.633041	0.0886331	13.7683	-184.421	-3.90917	
-7.25382	0.179179	0.0430111	26.7995	-164.476	-9.61496	
-1.73713	1.15192	0.140791	-101.823	-197.175	14.9869	
8.9579	3.03774	0.330353	-64.3512	182.8	12.8842	
11.2715	3.4457	0.37136	-32.545	225.619	5.30003	
4.77178	2.29962	0.256157	-84.5233	174.737	8.76389	
-4.85419	0.6023	0.085543	27.2043	-183.987	10.4619	
-0.987037	1.28418	0.154086	-156.407	-183.918	-4.86051	
2.04885	1.81949	0.207895	-121.149	124.769	5.78523	
-3.35099	0.867354	0.112186	-74.0733	-169.048	11.3626	
-2.43468	1.02892	0.128427	-41.9196	-189.236	-2.02713	
-7.48555	0.13832	0.0389039	42.6312	-218.941	0.993017	
5.10491	2.35836	0.262061	-38.6323	143.509	12.0299	
-2.67553	0.986457	0.124158	-85.5769	-172.436	10.44	
-2.03654	1.09913	0.135484	-61.1366	-179.36	-22.2602	
-2.81355	0.96212	0.121712	-30.7712	-192.174	-7.4854	
-4.9259	0.589655	0.084272	-40.9145	-209.055	5.18437	
10.5298	3.31491	0.358213	-70.6509	181.971	-4.28826	
-3.54866	0.832499	0.108683	-20.3054	-173.763	5.71783	
3.92509	2.15032	0.24115	-91.0531	191.836	-3.98189	
-4.65693	0.637082	0.0890393	-41.8746	-175.598	-8.94653	
1.62367	1.74452	0.200359	-154.707	132.26	-11.7322	
-4.51133	0.662755	0.09162	44.1894	-196.233	-1.75927	
0.919463	1.62035	0.187877	-187.914	115.762	3.09451	
-5.12174	0.555123	0.0808008	-29.28	-207.081	15.1136	
-4.14542	0.727275	0.0981054	-100.394	-128.41	-9.09406	
8.75405	3.0018	0.32674	-11.0043	204.428	-4.72548	
-2.29324	1.05386	0.130934	-68.7064	-148.815	-10.3038	
-3.16398	0.900329	0.115501	-42.3431	-195.183	-8.42908	
8.17176	2.89913	0.316419	-104.693	153.632	0.287485	
-3.69583	0.80655	0.106074	-43.5955	-177.572	-18.66	
-2.92952	0.941671	0.119656	-81.289	-176.243	-6.74821	
13.749	3.88255	0.415273	-52.0372	210.39	3.23535	
-4.19503	0.718528	0.0972262	-94.2742	-205.054	-0.933181	
10.2361	3.26312	0.353008	-91.7479	199.201	5.97558	
-5.77892	0.439245	0.0691528	-40.0159	-213.647	7.14733	
-5.51292	0.486148	0.0738674	-41.8939	-181.974	-13.0292	
-2.02609	1.10097	0.135669	-79.8158	-188.265	4.08683	
-2.62019	0.996213	0.125139	-63.4034	-212.803	2.68397	
12.417	3.64767	0.391663	-28.7957	212.265	-8.84349	
11.9877	3.57198	0.384055	-55.6082	199.094	-7.90717	
-3.89342	0.771709	0.102572	-81.9149	-182.234	16.4622	
3.03526	1.99342	0.225378	-114.368	163.574	-5.78152	
-4.92354	0.590072	0.0843139	-30.2188	-186.089	2.85763	
6.55612	2.61425	0.287783	-56.1324	178.149	6.80231	
-4.90959	0.59253	0.084561	-12.8519	-170.584	12.0098	
15.713	4.22885	0.450083	-34.8824	226.528	-7.2335	
-3.7411	0.798568	0.105272	-98.5591	-210.552	13.2396	
-3.78425	0.790958	0.104507	-83.402	-199.907	-7.68902	
14.7138	4.05266	0.432372	-103.085	197.027	-2.94235	
-4.12597	0.730705	0.0984502	-63.4774	-168.144	0.392618	
-6.50352	0.311478	0.0563096	3.42054	-139.286	-10.7355	
-3.20138	0.893734	0.114838	-84.0164	-176.501	-6.70344	
20.0855	4.99984	0.527583	-71.5474	235.789	-4.6976	
-4.56051	0.654083	0.0907482	13.744	-179.036	-5.61205	
-0.869983	1.30482	0.15616	-151.282	-141.382	-8.44727	
2.91446	1.97212	0.223237	-106.169	151.3	-10.7758	
-3.44088	0.851505	0.110593	3.55693	-165.635	1.58317	
-4.4066	0.681222	0.0934762	-66.614	-191.142	-16.2611	
8.80911	3.01151	0.327716	-87.8225	154.43	-9.52757	
-3.40647	0.857572	0.111203	-33.9844	-197.036	-9.19958	
15.2096	4.14009	0.441161	-71.4156	268.475	-2.19469	
10.8817	3.37696	0.364451	24.212	185.853	-4.47612	
-3.22972	0.888738	0.114336	-29.4339	-202.449	1.80142	
21.6153	5.26958	0.554697	-49.8646	257.414	0.0509266	
-3.68372	0.808684	0.106289	-81.9763	-189.3	1.49171	
14.2773	3.97569	0.424635	-22.3299	231.478	-0.902192	
2.88113	1.96625	0.222646	-113.968	158.598	7.95528	
-3.53177	0.835477	0.108982	-70.094	-162.098	1.57221	
12.7275	3.70243	0.397168	-108.047	220.989	-1.70372	
-3.69633	0.806461	0.106065	-83.231	-136.095	9.78175	
-0.275142	1.40971	0.166704	-218.605	-25.75	-25.5881	
-2.10518	1.08702	0.134267	-71.3562	-180.969	-1.4058	
-5.38849	0.508087	0.0760728	-81.479	-180.479	-2.02787	
-1.77061	1.14602	0.140197	-75.8036	-242.588	-7.19169	
-1.91209	1.12107	0.13769	-55.5264	-187.116	8.37564	
2.98391	1.98437	0.224468	-138.549	162.995	4.0542	
-0.48918	1.37197	0.16291	-149.976	-75.2366	6.05335	
5.91014	2.50034	0.276334	-43.1908	212.417	14.4811	
-2.68254	0.98522	0.124034	-39.7697	-157.006	-1.8824	
-1.48786	1.19587	0.145209	-135.02	-82.1285	5.29048	
-5.04719	0.568269	0.0821222	-4.66382	-166.437	10.9229	
-5.03969	0.569591	0.0822551	-13.8404	-189.907	4.08008	
-5.28063	0.527107	0.0779846	-0.8368	-175.129	-9.3396	
7.04786	2.70095	0.296499	-138.572	197.223	-8.99879	
7.05469	2.70216	0.29662	-85.3795	181.965	-2.31374	
-6.12957	0.377415	0.0629376	-34.2196	-153.067	-15.2759	
14.3164	3.98259	0.425329	-94.314	221.059	7.98539	
-0.931024	1.29406	0.155078	-143.565	-118.73	-6.60778	
-2.80754	0.963178	0.121818	-55.4765	-204.253	0.00697835	
-7.70794	0.0991066	0.0349622	29.2943	-165.05	-4.85416	
18.0269	4.63686	0.491095	-59.5585	227.722	-6.67043	
-3.48779	0.843232	0.109761	-2.45903	-160.874	4.98499	
-5.88026	0.421376	0.0673566	-29.9247	-188.169	-3.09679	
2.86752	1.96385	0.222405	-74.5541	202.892	-6.08462	
-6.14261	0.375116	0.0627065	11.5006	-180.859	-5.09312	
10.9041	3.38091	0.364848	-77.3112	226.189	5.63047	
-4.79759	0.612279	0.0865461	-5.04487	-165.336	-6.45811	
-3.14071	0.904432	0.115913	-128.238	-172.075	-5.82556	
-1.4587	1.20102	0.145726	-84.7278	-159.312	2.93664	
-1.67482	1.16291	0.141895	-86.5538	-178.406	2.45491	
-0.0160423	1.4554	0.171296	-214.947	-14.4616	-2.39426	
13.4147	3.82359	0.409346	-60.2826	212.754	-6.06928	
2.21949	1.84958	0.210919	-143.576	135.966	-8.3769	
-2.16889	1.07579	0.133138	-113.944	-163.152	-17.7783	
-2.08557	1.09048	0.134615	-107.395	-118.254	-4.45277	
-4.39106	0.683961	0.0937516	-17.5845	-167.372	4.00014	
0.561107	1.55716	0.181526	-190.855	54.7661	-7.70185	
-5.67161	0.458166	0.0710547	-77.6794	-162.09	-1.67619	
18.2996	4.68494	0.495929	-66.8415	265.473	1.30669	
-1.78166	1.14407	0.140001	-91.4915	-157.052	4.14699	
-2.27953	1.05628	0.131177	-115.657	-172.792	4.37382	
-1.35468	1.21936	0.147569	-120.408	-196.885	10.3317	
12.6343	3.686	0.395515	-60.3225	218.077	-1.24439	
-0.945621	1.29149	0.15482	-119.622	-111.357	18.1178	
-1.77608	1.14505	0.1401	-145.627	-156.193	-3.14966	
10.4269	3.29676	0.35639	-47.3748	217.635	10.8905	
13.3974	3.82054	0.409039	-110.104	199.502	-2.52598	
15.8648	4.25562	0.452773	-38.4977	239.732	-2.87569	
-2.40282	1.03454	0.128992	-85.3922	-194.57	-15.3125	
-3.55084	0.832114	0.108644	-93.3531	-174.927	1.44886	
-1.8385	1.13405	0.138994	-100.276	-196.216	-2.87218	
-0.796572	1.31777	0.157462	-144.657	-51.6417	12.6634	
3.37505	2.05334	0.231401	-121.681	125.047	0.373982	
9.23783	3.0871	0.335315	-83.1755	222.263	4.24017	
-4.55645	0.654798	0.0908201	-21.5959	-175.582	3.86169	
2.60927	1.91831	0.217828	-117.327	186.047	11.5574	
-4.34415	0.692233	0.0945831	-76.8874	-189.573	-0.95864	
-5.21263	0.539097	0.0791899	-3.4034	-197.748	-14.1854	
12.0777	3.58785	0.385649	-71.0491	180.813	11.9492	
2.06813	1.82289	0.208237	-100.574	154.796	2.31309	
10.2222	3.26068	0.352762	-83.0798	225.653	-6.10424	
0.581905	1.56083	0.181894	-202.139	93.3131	-13.8485	
-2.18778	1.07246	0.132803	-84.8877	-197.76	-6.57495	
-1.96077	1.11249	0.136827	16.7262	-130.471	-12.5039	
8.1856	2.90157	0.316665	-87.2827	179.432	-8.47166	
-0.291671	1.40679	0.166411	-149.487	19.4759	16.3617	
8.93369	3.03347	0.329924	-40.1765	196.265	-4.71046	
-1.77064	1.14601	0.140197	-154.353	-156.89	-0.851838	
-5.12781	0.554052	0.0806932	-66.5191	-152.398	7.07364	
-0.956727	1.28953	0.154623	-68.3557	-115.019	-2.59393	
-3.38684	0.861034	0.111551	-51.2157	-202.936	8.33006	
8.80709	3.01115	0.32768	-109.168	200.191	17.7922	
-5.96583	0.406287	0.0658399	1.64567	-184.722	-9.05732	
11.2948	3.44981	0.371774	-70.3505	209.402	3.16441	
9.23445	3.08651	0.335255	-54.3282	208.605	-2.40187	
5.33448	2.39884	0.26613	-56.7507	163.164	2.89144	
15.0637	4.11437	0.438575	-67.5814	184.83	-0.0949507	
2.46511	1.89289	0.215273	-118.571	88.184	-4.0234	
20.0589	4.99515	0.527111	-73.4437	231.763	-0.513861	
-5.60308	0.47025	0.0722694	-19.3211	-206.917	-13.9143	
-2.53313	1.01156	0.126682	-109.146	-118.628	14.5978	
-5.14764	0.550556	0.0803418	11.7585	-158.988	2.81154	
8.5914	2.97312	0.323857	-45.7956	180.445	-2.1317	
-5.89588	0.418622	0.0670798	-12.6469	-239.322	1.96194	
16.6416	4.39259	0.466542	-83.1102	222.593	-4.02944	
12.1592	3.60222	0.387094	-67.338	180.183	-5.76813	
2.10938	1.83016	0.208968	-77.7262	213.891	0.841967	
-2.1168	1.08498	0.134061	-61.9573	-171.36	-2.04786	
-1.15589	1.25441	0.151093	-222.017	-106.03	9.30609	
4.62023	2.2729	0.253471	-115.677	234.252	4.77045	
-5.03846	0.569808	0.0822769	18.2712	-216.352	13.1819	
8.1801	2.9006	0.316567	-62.9586	180.75	-15.9143	
19.584	4.91141	0.518694	-67.8872	238.641	-6.97485	
6.72362	2.64378	0.290752	-79.4218	175.594	7.77016	
-2.16531	1.07642	0.133202	-100.291	-213.54	5.60925	
9.16965	3.07508	0.334106	-84.1775	177.299	-0.664079	
2.24523	1.85412	0.211375	-103.099	156.588	-6.48055	
13.4851	3.83601	0.410595	-50.5303	219.642	-3.13063	
-0.110563	1.43873	0.169621	-181.381	59.704	6.92265	
-1.02369	1.27772	0.153436	-152.437	-118.167	2.78916	
-1.80666	1.13966	0.139558	-119.067	-158.796	-4.36134	
9.20399	3.08114	0.334715	-20.324	166.211	-4.22583	
6.85014	2.66609	0.292994	-107.308	191.477	-5.48515	
7.75992	2.82651	0.30912	-89.2875	133.202	-6.69305	
-4.03159	0.747346	0.100123	-19.1448	-217.69	0.384934	
-3.87251	0.775395	0.102943	14.495	-205.017	12.7828	
-5.13974	0.55195	0.0804818	13.5179	-196.321	-1.27897	
-5.90401	0.417188	0.0669356	17.6535	-191.528	-3.16367	
11.2921	3.44933	0.371726	-84.4498	212.195	-0.54091	
3.88736	2.14367	0.240481	-44.429	147.451	11.2445	
11.3891	3.46643	0.373445	-63.4027	238.995	5.34373	
4.67756	2.283	0.254487	-132.744	176.994	-8.25092	
-3.43745	0.852109	0.110654	-39.3452	-200.71	-10.0212	
-3.1975	0.894418	0.114907	-94.529	-183.786	-10.5233	
-4.56144	0.653919	0.0907317	-19.794	-191.832	6.43663	
-3.39621	0.85938	0.111385	-26.1515	-149.815	-2.14739	
7.6994	2.81584	0.308047	-55.7373	164.283	4.20104	
14.4219	4.00119	0.427198	-72.2618	219.072	-4.65983	
2.1585	1.83883	0.209838	-126.598	113.493	-2.84844	
-2.84061	0.957349	0.121232	-119.766	-158.931	0.510386	
-2.37997	1.03857	0.129397	-25.7606	-162.141	6.11709	
5.47824	2.42418	0.268678	-85.1181	179.594	-6.23872	
-1.48732	1.19597	0.145218	-98.533	-165.669	11.1029	
-7.10098	0.20613	0.0457202	-10.3058	-183.813	-4.30963	
-2.22827	1.06532	0.132086	-97.4394	-177.019	5.00456	
-2.45532	1.02529	0.128061	-93.1111	-156.734	-5.02924	
-2.76922	0.969936	0.122498	-93.5831	-166.297	-6.61138	
3.09079	2.00321	0.226362	-91.644	125.028	-3.77399	
-3.57383	0.828062	0.108237	-9.1081	-207.577	0.367088	
-5.82104	0.431817	0.0684061	-42.8796	-148.127	10.5521	
-4.65648	0.637162	0.0890473	-17.8176	-169.195	-6.6342	
0.103325	1.47644	0.173412	-195.971	8.0893	-18.008	
9.4852	3.13072	0.339699	-67.8344	189.062	1.96944	
6.23384	2.55742	0.282071	-48.6168	172.078	-2.3765	
11.787	3.5366	0.380498	-44.0172	198.112	3.60906	
-5.3984	0.50634	0.0758971	-21.1409	-188.783	-1.20323	
-3.45914	0.848285	0.110269	-40.412	-165.413	18.8393	
-2.20374	1.06965	0.13252	-92.3393	-201.897	3.1482	
-1.8933	1.12439	0.138023	-56.9381	-183.291	0.245368	
8.42405	2.94361	0.320891	-69.4186	193.901	0.712296	
-3.88829	0.772613	0.102663	-72.5527	-174.165	-4.32016	
14.859	4.07827	0.434946	-34.3651	239.432	0.928745	
2.17418	1.84159	0.210116	-149.952	174.482	0.80315	
11.6889	3.51929	0.378758	-75.874	239.889	3.42109	
-4.88811	0.596319	0.0849418	-23.713	-200.107	5.62697	
-1.32962	1.22378	0.148014	-120.982	-170.889	-16.6331	
-3.19562	0.894751	0.11494	-77.3418	-133.975	-7.01582	
-4.849	0.603215	0.085635	-21.5193	-220.115	-2.20267	
28.5942	6.50015	0.678393	-63.6279	253.362	3.2272	
-3.53768	0.834436	0.108877	-91.47	-201.857	17.4587	
-3.65483	0.813778	0.106801	-38.7513	-189.298	-3.96352	
-0.857287	1.30706	0.156385	-123.915	-96.5087	-8.57459	
-2.91398	0.944412	0.119932	-68.1238	-199.779	-2.39162	
-3.0885	0.913638	0.116839	-81.0814	-153.951	-15.7018	
10.1474	3.24748	0.351435	-81.7055	225.236	-2.46237	
10.2399	3.2638	0.353076	-28.4629	213.367	-1.43005	
12.4872	3.66005	0.392907	-66.3755	247.264	0.314052	
17.3756	4.52201	0.479551	-108.942	237.391	-7.13207	
-6.07513	0.387015	0.0639027	23.0158	-212.04	-13.2127	
11.8388	3.54573	0.381416	-49.1963	209.393	8.94489	
-5.99226	0.401626	0.0653714	6.86849	-208.796	2.10204	
-4.333	0.6942	0.0947808	-45.8931	-185.135	9.34701	
-4.59105	0.648697	0.0902069	-12.8914	-215.181	1.35586	
10.2934	3.27323	0.354024	-71.1	211.722	-10.8383	
-5.96974	0.405598	0.0657706	-8.66914	-184.118	4.06788	
-2.72989	0.976871	0.123195	-14.9716	-106.809	7.82104	
21.2209	5.20004	0.547707	-9.10383	236.635	3.29891	
1.191	1.66823	0.19269	-144.541	46.1483	-9.69997	
1.03234	1.64025	0.189878	-182.361	67.2511	-6.133	
5.01005	2.34163	0.26038	-61.6071	175.113	-12.8839	
-5.10107	0.558768	0.0811672	36.5965	-165.448	6.34227	
-3.65642	0.813498	0.106773	-61.2893	-151.733	7.74685	
-2.68471	0.984838	0.123996	-95.0889	-185.87	4.87126	
8.86744	3.02179	0.32875	-60.213	218.459	3.91459	
2.00235	1.81129	0.207071	-152.612	185.081	3.49871	
-3.66964	0.811168	0.106538	-35.8298	-197.125	2.4204	
7.66	2.80889	0.307349	-132.238	178.959	-2.02802	
-2.79317	0.965713	0.122073	-67.2418	-141.546	-13.2188	
-0.573015	1.35719	0.161424	-168.823	-109.537	4.85464	
11.239	3.43997	0.370784	-40.251	202.161	2.06483	
-5.72811	0.448205	0.0700534	-16.2179	-185.874	0.605187	
6.3974	2.58626	0.28497	-89.8346	209.737	0.0185732	
5.56168	2.4389	0.270157	-78.0149	189.063	-1.50751	
16.3275	4.33721	0.460975	-76.7014	220.667	11.1522	
16.3412	4.33962	0.461218	-61.2525	251.489	4.78138	
-3.46503	0.847247	0.110165	-66.0652	-148.072	8.84833	
-3.45722	0.848623	0.110303	-94.3302	-134.165	8.61195	
1.33806	1.69416	0.195296	-184.421	127.946	10.467	
-2.29833	1.05297	0.130844	-68.4429	-218.997	-0.955527	
-1.33375	1.22305	0.14794	-163.322	-168.943	3.14972	
-6.46437	0.318382	0.0570036	-13.2141	-184.103	9.26931	
-3.78369	0.791058	0.104517	-18.4654	-156.509	4.80385	
10.676	3.34069	0.360805	-65.7884	199.311	-8.48868	
1.13091	1.65763	0.191625	-142.936	158.332	1.50195	
-0.734675	1.32868	0.158559	-196.388	-117.344	7.99875	
5.52803	2.43297	0.269561	-54.0887	184.268	-0.541719	
5.45326	2.41978	0.268236	-108.85	187.633	7.95012	
-2.65725	0.989679	0.124482	-84.225	-211.343	1.29857	
13.2774	3.79938	0.406913	-50.0227	195.204	1.10223	
-4.10644	0.734149	0.0987964	-75.6539	-199.431	-19.5484	
-3.87635	0.77472	0.102875	-3.05022	-183.237	-12.1904	
7.05562	2.70232	0.296637	-109.331	198.876	-11.2655	
-4.78126	0.615159	0.0868356	-24.5321	-190.795	-7.73177	
4.68254	2.28388	0.254575	-71.0002	180.455	-2.45702	
-5.78376	0.438391	0.0690669	5.38561	-149.833	1.65876	
13.3386	3.81018	0.407998	-50.8169	217.158	2.87896	
-2.4545	1.02543	0.128076	-43.6143	-189.289	0.616082	
-6.08187	0.385827	0.0637832	-35.3775	-216.432	6.29646	
16.5001	4.36763	0.464033	-36.8618	215.634	1.47049	
-5.65672	0.460792	0.0713187	-20.8534	-217.272	-11.0527	
-4.09816	0.735609	0.0989432	-10.7884	-228.838	0.257811	
-4.05226	0.743701	0.0997566	-73.7732	-180.705	5.82891	
7.32491	2.7498	0.30141	-68.2266	177.166	-11.7223	
-0.977875	1.2858	0.154248	-194.009	-106.202	-11.5298	
-2.1638	1.07669	0.133228	-71.1533	-210.201	-2.04124	
-5.25765	0.531159	0.0783919	-52.0555	-179.483	-0.769524	
13.517	3.84164	0.411161	-82.4189	166.432	-3.07833	
-1.48072	1.19713	0.145336	-154.112	-114.417	3.98985	
-2.38152	1.0383	0.129369	-69.6403	-195.51	-10.734	
-3.04603	0.921127	0.117591	-52.9838	-177.671	-6.81759	
14.1465	3.95264	0.422318	-36.8415	247.03	-1.57397	
-5.51282	0.486165	0.0738691	-5.57757	-177.439	-0.4537	
4.26796	2.21078	0.247227	-91.1548	190.405	-6.7682	
-1.40908	1.20976	0.146605	-69.8802	-198.379	1.29798	
14.2837	3.97682	0.424749	-79.5558	207.667	4.35596	
-4.45162	0.673283	0.0926782	-31.5191	-181.115	-0.0352694	
-3.54685	0.832819	0.108715	-61.8528	-217.802	0.276379	
-3.52705	0.83631	0.109066	-8.14911	-172.969	-3.88048	
0.541618	1.55373	0.18118	-177.501	103.803	5.28941	
-3.67018	0.811072	0.106529	-26.4039	-211.06	2.55462	
1.25347	1.67925	0.193797	-158.197	104.388	-0.122697	
0.654828	1.57369	0.183187	-221.918	62.489	-8.96758	
-3.49793	0.841445	0.109582	-57.4083	-176.533	-23.6502	
-1.27589	1.23325	0.148966	-104.421	-138.901	6.10978	
13.3957	3.82024	0.409009	-11.5783	207.947	8.16694	
5.77208	2.476	0.273886	-23.7646	154.496	5.51394	
-1.86929	1.12862	0.138448	-130.438	-179.322	7.06746	
9.75572	3.17842	0.344494	-41.6409	185.362	2.96872	
-2.92463	0.942533	0.119743	-44.0016	-180.295	-13.7325	
-2.6599	0.989213	0.124435	-45.2167	-207.331	8.44228	
11.4732	3.48126	0.374936	-70.9637	189.157	2.0356	
1.0218	1.6384	0.189691	-135.264	103.907	10.0793	
-4.74919	0.620814	0.0874041	-10.4538	-155.926	-3.11779	
-3.76786	0.793849	0.104797	-36.4127	-198.12	-8.6086	
13.5512	3.84766	0.411766	-57.5616	194.054	0.6812	
12.5689	3.67445	0.394355	-44.9826	235.101	-2.97774	
-2.01203	1.10345	0.135918	-125.202	-138.681	2.64933	
-0.752923	1.32546	0.158235	-196.889	-80.7968	4.32296	
-2.9789	0.932964	0.118781	-59.3311	-174.381	3.17379	
6.59388	2.6209	0.288452	-107.982	185.739	-0.903999	
17.346	4.51678	0.479026	-66.6969	209.113	-1.15723	
13.282	3.80019	0.406994	-15.6681	225.568	-3.12946	
-5.89427	0.418906	0.0671083	5.73092	-180.33	15.2002	
4.45194	2.24322	0.250488	-86.5926	167.867	2.50515	
-5.61721	0.467758	0.0720189	-83.8265	-177.236	-18.2255	
3.40963	2.05943	0.232014	-90.5266	166.913	-2.7347	
-5.77158	0.440539	0.0692829	50.4557	-178.817	3.65781	
-1.34812	1.22051	0.147686	-186.702	-103.178	8.963	
-2.29449	1.05364	0.130912	-108.113	-155	-10.0422	
-2.76371	0.970907	0.122595	-68.8687	-186.48	-17.4633	
2.2841	1.86097	0.212064	-113.195	127.804	-6.12109	
5.9362	2.50494	0.276796	-45.7676	173.32	7.75556	
-4.99515	0.577445	0.0830446	-56.7569	-158.97	0.145368	
-4.49369	0.665865	0.0919326	-69.9501	-196.901	17.8732	
0.143495	1.48353	0.174124	-189.454	-7.04222	6.16909	
-2.88055	0.950306	0.120524	-64.5576	-197.298	-14.7055	
8.51431	2.95953	0.322491	-51.1979	187.917	-8.45063	
-5.45004	0.497235	0.074982	-10.0866	-230.15	2.23075	
-0.147982	1.43213	0.168957	-174.93	-64.8062	-9.26829	
11.392	3.46693	0.373495	-53.576	218.986	2.35023	
-5.38992	0.507835	0.0760474	12.2878	-206.209	4.96258	
3.24429	2.03028	0.229083	-133.363	160.958	1.2268	
-1.24138	1.23934	0.149578	-191.381	-104.695	-8.97174	
-5.79372	0.436636	0.0688905	4.92835	-211.287	-7.51967	
-0.778664	1.32092	0.157779	-109.424	-86.0495	-7.66213	
-2.26733	1.05843	0.131393	-21.777	-172.953	-9.55691	
-4.75145	0.620416	0.087364	-55.2863	-168.701	7.32136	
6.18811	2.54936	0.28126	-82.3178	129.434	-1.43688	
8.93464	3.03364	0.329941	-34.3153	199.461	18.3739	
3.45931	2.06819	0.232894	-128.505	187.27	-8.49383	
8.02188	2.8727	0.313763	-88.7648	170.389	-8.88629	
9.29978	3.09803	0.336413	-102.659	170.148	3.17062	
12.3808	3.6413	0.391022	-58.5467	193.561	3.93833	
-4.25528	0.707904	0.0961583	-3.28395	-206.605	7.43616	
5.30883	2.39431	0.265676	-92.4873	180.323	4.00809	
4.34122	2.2237	0.248526	-75.2581	167.939	-3.84868	
-2.2954	1.05348	0.130896	-115.472	-216.832	-4.19021	
10.8155	3.36529	0.363278	-35.4526	194.026	9.70612	
-4.89543	0.595027	0.084812	-14.9531	-232.673	3.18492	
-3.05223	0.920034	0.117482	7.30915	-154.335	-2.3477	
-2.08731	1.09018	0.134584	-46.2626	-185.238	3.19746	
11.0085	3.39933	0.366699	-74.3647	197.569	-1.80526	
5.01751	2.34295	0.260512	-76.6578	188.544	-9.33301	
-2.69217	0.983523	0.123863	-93.8667	-211.889	4.02739	
-0.567338	1.35819	0.161525	-203.365	-72.9065	-13.3144	
4.12053	2.18478	0.244614	-144.355	152.409	-8.09794	
-2.90456	0.946072	0.120099	-77.211	-131.831	-2.62084	
-5.20512	0.540422	0.0793231	25.2618	-206.059	5.40661	
-3.34459	0.868482	0.1123	-47.0718	-188.765	13.6684	
8.96641	3.03924	0.330504	-97.4913	185.816	4.73628	
-4.63054	0.641734	0.089507	-39.3216	-195.253	-18.0777	
-2.47705	1.02145	0.127676	-59.8139	-202.931	4.97776	
-3.38635	0.86112	0.11156	-83.0236	-168.173	0.729564	
-4.67737	0.633478	0.088677	36.5061	-153.939	-11.933	
-1.01326	1.27956	0.153621	-135.396	-143.384	-1.64083	
-4.88472	0.596917	0.0850019	-31.4108	-169.95	-2.17081	
-2.14338	1.08029	0.13359	-93.1025	-157.598	4.53444	
