10 15
2.3675	0.134306	2.66438	-18.424	-0.221313	213.149	
1.68892	0.151644	2.29959	9.18506	-0.144651	204.353	
6.98565	0.286491	0.381583	-28.9105	-1.61502	203.642	
10.7363	0.35288	0.308693	22.0422	1.20091	233.825	
4.32121	0.2383	0.513307	20.7426	12.2925	206.597	
1.7497	0.149713	2.3534	-62.6094	-10.0774	217.672	
1.47879	0.17332	1.50438	-19.2616	-3.79904	165.17	
7.2371	0.0433482	3.11637	-5.37989	4.75054	178.511	
2.78109	0.125589	2.77352	-20.8549	-6.71291	203.772	
15.7398	0.440754	0.265898	-31.2942	-3.10213	251.925	
4.79039	0.0873895	3.01166	37.2817	-13.5717	171.476	
15.2985	0.433018	0.268541	4.16855	-1.19274	236.886	
3.69793	0.107679	2.91729	23.061	6.57576	167.854	
6.33706	0.0594241	3.08753	-41.3973	-4.55416	204.56	
1.87971	0.14599	2.44666	11.0468	12.4306	196.341	
14.0706	0.411481	0.276773	-76.461	-2.41269	238.688	
6.77092	0.282658	0.38825	-17.7181	-9.02541	234.921	
3.05015	0.12019	2.82591	67.1299	11.2333	189.933	
2.61847	0.205379	0.755029	11.8951	-5.91317	167.344	
4.15119	0.235146	0.527776	17.9404	0.14184	171.459	
12.478	0.383518	0.289876	22.1566	-0.0300896	184.214	
3.16399	0.117949	2.84501	55.978	1.37647	181.416	
12.1261	0.377332	0.29324	-45.0227	-3.98366	176.008	
3.33713	0.11458	2.87127	-6.30424	9.06127	201.802	
7.55582	0.296644	0.365758	1.10271	8.26689	199.326	
1.44121	0.169284	1.66082	18.1188	3.48811	256.592	
3.55613	0.110374	2.90043	22.5006	-0.747823	162.985	
1.74165	0.14996	2.34673	14.7981	-6.10797	165.01	
8.43593	0.312261	0.345599	-17.1299	-11.0583	183.703	
3.78089	0.22821	0.564138	11.4522	6.92422	199.252	
4.57449	0.0913489	2.9968	-25.1453	-11.5639	209.088	
10.1189	0.341999	0.316933	20.9207	-0.46539	219.645	
4.84864	0.0863243	3.01544	5.52926	-4.37697	220.745	
4.04505	0.101153	2.95319	-3.46198	-0.297413	171.569	
3.90991	0.103683	2.94003	-9.90326	-5.16645	193.606	
6.86412	0.284323	0.385304	-39.4738	-4.43351	174.443	
2.10255	0.140354	2.56424	44.1627	-3.57699	200.612	
7.85688	0.301992	0.358345	-28.3008	-3.79664	181.364	
13.9493	0.409352	0.277665	16.7062	1.43206	281.076	
8.92461	0.32091	0.336147	5.82882	10.9051	183.989	
15.5862	0.438061	0.266801	14.2704	-4.90425	271.659	
3.87252	0.104385	2.93622	-37.217	4.30125	194.476	
3.52306	0.223315	0.59438	-10.4968	12.2246	206.599	
2.12462	0.194491	0.916745	43.663	10.836	151.734	
6.1486	0.0628045	3.08039	-23.0932	-2.80297	162.229	
2.35211	0.134645	2.65938	5.51713	11.4524	143.279	
3.47962	0.111837	2.8907	29.4799	-4.97102	185.616	
2.52271	0.130957	2.71052	-36.7086	-1.5879	177.1	
4.20054	0.0982575	2.96721	-4.26061	17.567	186.12	
5.21969	0.0795664	3.03741	41.52	10.4618	217.422	
2.61778	0.205365	0.755201	-14.6953	-1.05743	216.592	
3.52688	0.110933	2.89676	32.5922	1.25415	194.82	
11.9559	0.37434	0.294938	-3.2795	-1.7806	210.07	
3.68065	0.108006	2.91531	-7.87519	-7.79405	171.707	
5.96695	0.0660682	3.07307	-45.6873	-2.35798	182.759	
4.04575	0.10114	2.95326	2.41539	-19.5879	233.434	
15.8675	0.442992	0.265161	-10.4535	-1.60453	209.747	
2.73806	0.126468	2.76402	10.6244	7.22447	215.162	
12.9801	0.392338	0.285396	-6.4367	2.20133	206.139	
5.23625	0.0792658	3.03831	32.9179	6.3374	171.986	
4.77146	0.0877359	3.01041	-30.4563	-14.103	196.813	
3.22799	0.116698	2.85509	-23.7319	-11.6536	183.578	
14.3781	0.416877	0.274578	74.577	-0.867736	266.323	
2.08277	0.140829	2.55533	37.229	4.23479	189.165	
5.22453	0.0794786	3.03767	-7.40897	6.43805	210.368	
16.0607	0.446378	0.264068	-15.3118	-1.8219	206.222	
6.12688	0.0631943	3.07954	19.8705	-6.19266	159.64	
10.7128	0.352465	0.30899	38.2443	9.23754	207.178	
14.2141	0.413999	0.275737	12.5281	-4.22776	194.65	
3.03943	0.213918	0.666636	20.3108	-3.93958	183.395	
6.27983	0.273871	0.405254	9.51507	-10.364	193.071	
3.38789	0.1136	2.8784	-24.2883	8.09808	186.534	
5.51746	0.260149	0.437842	-59.4132	0.671862	214.949	
3.64877	0.108611	2.91161	-54.9587	-10.4265	173.672	
5.50859	0.259988	0.438277	-1.10961	-0.937915	176.694	
17.6145	0.473599	0.256151	2.69606	-7.19227	233.558	
13.1309	0.394987	0.284118	28.6699	-8.35204	256.375	
2.6441	0.128408	2.74197	-6.27895	-8.6621	208.557	
4.75222	0.0880882	3.00914	-58.5002	12.0255	178.405	
3.36992	0.113947	2.8759	-58.5873	-12.4251	202.711	
15.7772	0.441409	0.265681	-5.29629	8.07942	207.816	
14.6403	0.421475	0.272781	-8.38544	-0.794036	204.059	
8.48617	0.313151	0.344576	-15.6435	-7.73018	202.793	
3.6149	0.109255	2.90759	-38.0255	1.89029	181.221	
1.72231	0.150564	2.33017	14.7677	-18.5928	221.229	
1.91239	0.189205	1.024	33.9622	-13.7199	185.515	
4.85622	0.248135	0.474739	3.76097	17.1021	215.937	
8.26896	0.309302	0.349088	39.7339	5.92297	193.047	
13.0536	0.393629	0.284769	10.5569	0.0678182	224.086	
5.62131	0.0722959	3.05779	-27.8256	-0.513705	186.502	
4.10133	0.100103	2.9584	10.0124	14.5452	193.954	
10.4805	0.348373	0.311988	-23.6943	-8.32623	228.941	
4.96648	0.0841732	3.02278	-9.5638	-5.37869	174.41	
5.02984	0.0830187	3.02659	-4.7226	-1.51502	195.627	
1.68968	0.151619	2.30031	90.0834	8.06191	174.445	
10.4592	0.347998	0.31227	-20.6676	3.96873	207.31	
13.1204	0.394802	0.284206	-26.1466	-0.854596	230.441	
4.17116	0.0988035	2.96465	-31.0932	4.95406	215.69	
1.61644	0.154209	2.22224	-0.606897	2.35331	189.829	
11.1796	0.360684	0.303343	16.9204	-0.322611	201.403	
4.2241	0.0978201	2.96924	11.78	3.3386	236.283	
2.89523	0.123279	2.79712	33.5966	7.22378	209.169	
5.44265	0.0755251	3.04911	14.0966	2.40272	195.984	
5.34561	0.0772824	3.04414	-24.2214	-15.873	181.896	
5.03767	0.251445	0.463608	-4.92432	4.76701	198.28	
3.83503	0.10509	2.93231	-12.2394	-7.98251	203.99	
2.28986	0.136028	2.63825	-2.32976	-8.20121	196.175	
17.055	0.4638	0.258835	-62.3733	-5.37789	217.021	
2.21385	0.19657	0.880377	22.5318	11.7216	222.736	
20.5676	0.525293	0.244412	24.7328	3.91607	245.367	
1.72812	0.150381	2.33522	95.2678	5.01757	198.789	
2.10797	0.140225	2.56664	-0.984941	-9.2298	200.587	
9.81972	0.336721	0.321303	-15.7682	-0.666017	219.098	
3.87069	0.104419	2.93603	53.7056	4.13429	188.151	
5.9187	0.0669362	3.07105	-3.40598	8.92551	184.447	
5.37258	0.0767938	3.04554	29.0791	9.17415	199.933	
3.78193	0.22823	0.564025	14.4807	-9.48856	219.309	
6.09399	0.270536	0.412424	-49.578	-3.06344	157.569	
7.60066	0.297441	0.364616	35.7911	-10.7243	214.434	
18.9275	0.496589	0.250478	28.5904	-0.496075	277.913	
4.38332	0.239449	0.508318	-40.2316	-4.12095	208.947	
3.89243	0.104011	2.93826	-18.4565	-3.15767	216.171	
2.88537	0.123477	2.79517	-25.3867	-10.3042	194.846	
6.09244	0.0638128	3.07817	15.2581	13.2283	175.369	
1.54267	0.176996	1.37139	122.851	11.3073	207.099	
4.47403	0.0931981	2.98936	-40.9187	1.25951	194.776	
8.12218	0.3067	0.352276	21.5011	0.366956	184.987	
3.22943	0.11667	2.85531	-9.14192	5.97638	225.541	
13.2774	0.397559	0.282904	-30.1813	11.1374	229.233	
4.38203	0.0948958	2.98224	46.4414	-3.82491	171.126	
12.8806	0.39059	0.286256	-39.596	-3.37423	234.234	
2.3461	0.134777	2.6574	-33.0422	-17.0898	169.211	
8.77163	0.318204	0.338991	-26.6385	13.7345	209.182	
9.16749	0.325204	0.331829	15.6335	3.79656	237.207	
14.0583	0.411266	0.276862	57.7112	-5.50701	242.481	
2.92877	0.122606	2.80365	-42.4081	-11.0425	224.576	
3.58897	0.109748	2.90446	-35.8423	-1.17988	210.082	
3.02196	0.120748	2.82092	71.8852	9.50096	145.32	
1.49743	0.174566	1.45807	-55.0172	-30.8615	186.431	
8.33076	0.310398	0.34778	45.6197	-15.4361	215.05	
4.61569	0.0905919	2.99975	24.2315	-11.9409	171.101	
1.92188	0.144866	2.47226	-39.9087	-2.37116	164.651	
1.56877	0.178182	1.33106	-21.7342	-6.09964	173.778	
1.50106	0.174786	1.44999	-61.7076	-6.14382	221.152	
18.5395	0.489796	0.252071	14.4262	-1.16547	221.077	
1.84654	0.146899	2.42512	12.1814	11.6546	211.108	
6.92419	0.0489261	3.10721	7.21086	-0.87375	208.951	
4.39924	0.0945779	2.9836	-19.9149	5.8934	185.921	
2.75824	0.208265	0.722141	32.9287	10.5394	177.138	
10.5872	0.350253	0.310594	-14.2433	-10.8563	275.693	
1.73196	0.18406	1.15213	-9.15479	6.57207	205.838	
4.36254	0.0952559	2.98069	-22.8117	17.6194	193.154	
1.43611	0.167344	1.73799	40.7067	-3.43975	156.207	
4.6139	0.0906247	2.99962	-15.317	-2.50806	184.564	
16.9938	0.462727	0.259139	-0.750784	-4.33758	245.005	
3.73283	0.227302	0.56943	-56.9968	-4.38612	151.295	
2.24403	0.137062	2.62169	28.5031	-4.7905	149.962	
7.20804	0.290455	0.375107	-23.9645	-6.54506	194.103	
3.53734	0.110733	2.89808	9.11428	-3.71319	186.747	
9.63663	0.33349	0.324112	-17.2524	7.57454	254.923	
3.48393	0.111755	2.89126	-5.85411	-5.67524	184.904	
6.13112	0.271202	0.410956	73.8359	7.22941	199.871	
1.88945	0.145727	2.45274	-88.6008	7.61394	196.793	
5.70004	0.0708751	3.06144	-5.76056	-4.10532	204.321	
6.2995	0.274223	0.404521	15.0367	4.65388	153.175	
1.44285	0.164722	1.84228	3.78102	-3.17463	149.551	
13.7457	0.405779	0.279198	34.4924	8.13481	218.855	
4.99821	0.0835948	3.0247	-31.753	-1.05397	171.05	
3.05211	0.120151	2.82625	-63.8376	-14.8598	166.849	
2.38477	0.133928	2.66989	22.5196	-11.5829	214.264	
3.83639	0.105064	2.93245	-18.7853	-14.3732	210.367	
14.3767	0.416851	0.274589	-9.3222	4.60681	251.671	
1.73023	0.184006	1.15362	-59.9933	-8.76247	193.361	
4.54058	0.0919726	2.99433	38.4659	6.16542	191.183	
12.7302	0.387949	0.287582	-53.8062	5.92556	223.616	
2.609	0.12914	2.73325	-22.7055	18.4572	158.916	
1.95789	0.143931	2.4927	-2.63086	0.191755	178.641	
11.0728	0.358805	0.304592	-10.5614	-9.34678	219.623	
4.49369	0.0928358	2.99084	-0.287225	9.76987	179.584	
5.01065	0.0833681	3.02545	55.6393	-1.79453	202.53	
14.2554	0.414723	0.275443	70.0047	-1.17519	204.541	
2.18939	0.138314	2.60072	-27.0835	-1.36936	241.8	
3.00026	0.121179	2.81701	30.9815	-6.50206	208.827	
2.62593	0.128786	2.73749	28.6326	5.63044	226.879	
5.36377	0.0769534	3.04508	25.5887	-2.23575	148.321	
7.17604	0.289885	0.376013	17.2523	17.9344	220.147	
5.05522	0.0825565	3.02808	10.8381	-5.79607	203.665	
3.05801	0.214286	0.663381	-9.09872	4.37026	224.442	
2.11185	0.140133	2.56835	-41.0584	9.05947	238.073	
5.77346	0.264769	0.425908	-25.1695	-7.74365	186.016	
12.7698	0.388644	0.28723	-38.1773	-4.30162	198.909	
2.57909	0.129767	2.72558	-36.9296	1.01347	168.654	
3.53256	0.110824	2.89748	47.2159	13.3297	152.982	
4.60542	0.24354	0.491643	-14.6222	3.75561	187.929	
3.89037	0.104049	2.93805	-10.5037	-11.7033	169.335	
2.63968	0.1285	2.74089	13.7781	0.383957	184.342	
1.43645	0.167733	1.72248	90.0827	4.81564	168.522	
16.513	0.454304	0.261609	-28.3477	2.37117	241.857	
1.93744	0.14446	2.48124	-88.0107	-17.2628	129.893	
1.46825	0.172496	1.53558	-36.2483	-9.57699	236.322	
4.59753	0.0909254	2.99845	-35.6253	-1.88132	158.694	
7.79412	0.300878	0.359842	8.85029	-1.40835	156.484	
4.26158	0.097125	2.97242	21.5089	-4.88701	208.598	
1.91487	0.145051	2.46813	-19.2285	-0.88458	207.172	
1.71502	0.183525	1.16695	30.3395	16.1123	158.213	
3.57135	0.110084	2.90231	-5.67647	-6.46372	184.736	
1.47794	0.173258	1.50672	53.4497	14.2391	157.297	
1.84358	0.146981	2.42312	-1.2152	-10.6191	158.952	
2.79042	0.125399	2.77553	51.122	5.68997	200.174	
2.31884	0.135381	2.64827	-64.9069	-9.62114	202.812	
3.0632	0.214389	0.66248	48.012	-9.29844	193.94	
5.71351	0.0706323	3.06205	21.1679	4.83309	240.117	
2.07271	0.141072	2.5507	-29.8259	-10.7891	229.999	
1.74348	0.149903	2.34826	15.0438	-9.61403	195.465	
4.76619	0.246488	0.480593	-31.679	2.75275	204.757	
6.44951	0.0574099	3.09158	-43.2742	-18.2032	181.028	
1.4369	0.166308	1.77931	31.56	10.6791	199.219	
6.2007	0.272451	0.408253	20.1947	-4.69502	185.179	
12.216	0.378913	0.292362	23.4324	9.0616	207.56	
11.157	0.360287	0.303606	-33.7301	-2.56341	234.187	
4.58047	0.243082	0.493431	-21.6586	3.17015	144.129	
4.42621	0.0940801	2.9857	5.3069	3.34593	175.729	
1.49256	0.16006	2.02134	-44.6413	-10.1564	211.662	
2.57936	0.20456	0.765008	9.96876	15.0468	175.219	
5.45769	0.259068	0.440796	-6.42366	14.2216	152.466	
2.99948	0.121195	2.81687	-4.43396	7.14906	216.028	
6.78098	0.282838	0.387928	-53.529	-10.9603	235.18	
1.44834	0.163876	1.8756	12.2104	6.79061	198.962	
4.76612	0.0878336	3.01006	52.0424	4.37954	167.128	
3.7383	0.227406	0.56882	48.6648	4.87739	186.728	
3.64034	0.108771	2.91062	57.837	2.41208	162.465	
5.08562	0.0820032	3.02985	45.3136	-5.39952	206.035	
2.39672	0.200654	0.81701	18.5723	15.1678	152.874	
2.61059	0.129106	2.73365	0.900183	1.31784	157.203	
6.12557	0.0632179	3.07948	5.19662	-14.2177	222.642	
3.57333	0.110046	2.90255	20.901	-1.22028	197.15	
19.8288	0.512364	0.24702	4.18808	0.206875	242.09	
14.1696	0.413218	0.276056	-3.46989	-6.75663	227.663	
5.86847	0.0678403	3.06891	29.1603	-0.908	206.44	
12.3538	0.381335	0.291042	32.6084	1.84146	206.773	
2.43076	0.132927	2.68409	23.9069	-4.39891	198.972	
16.3842	0.452047	0.262295	-4.16925	2.27738	219.934	
5.10545	0.0816424	3.031	-3.27236	-8.66125	160.6	
2.15656	0.139077	2.58742	63.3693	0.408722	162.093	
10.4739	0.348257	0.312075	-65.9677	-1.86714	204.635	
2.71611	0.126919	2.75903	-36.1648	8.00018	196.793	
5.50451	0.0744061	3.05218	-14.6131	6.14713	221.431	
13.4027	0.399758	0.281887	18.6993	2.09115	217.579	
4.79674	0.0872732	3.01208	15.0616	-0.550514	181.355	
2.01079	0.191728	0.969986	26.0795	2.51536	229.513	
9.59758	0.332801	0.324725	-11.896	9.79884	214.942	
3.50553	0.111341	2.89405	46.5751	-0.38188	212.281	
2.26952	0.136485	2.63101	-4.01956	14.9299	206.058	
2.68896	0.127479	2.75273	-6.95431	-13.6092	130.038	
8.07375	0.305841	0.353354	9.13011	3.36627	198.779	
7.15022	0.289425	0.376751	8.2836	-1.13147	215.326	
14.0527	0.411167	0.276903	44.995	7.75937	242.228	
12.1462	0.377685	0.293043	-29.1126	-1.08664	229.854	
4.29613	0.0964847	2.97529	-28.5931	0.398531	180.639	
4.19672	0.0983286	2.96688	36.5063	-3.46632	194.037	
3.32744	0.114767	2.86988	22.887	-7.28456	178.24	
6.1316	0.0631097	3.07972	-15.3836	0.340541	217.642	
2.03524	0.192334	0.957806	22.8956	13.7004	215.834	
6.34872	0.0592153	3.08795	18.932	-6.93008	212.82	
3.15267	0.118171	2.84318	11.8259	2.23649	186.692	
12.6947	0.387324	0.2879	-41.443	-12.1614	211.158	
5.48774	0.0747095	3.05136	-35.7739	7.02619	231.092	
2.75971	0.208295	0.721817	18.1912	2.32282	199.335	
3.87842	0.104274	2.93682	25.6064	6.74574	200.455	
6.90524	0.0492643	3.10663	25.8154	-3.41947	181	
2.93122	0.122557	2.80412	45.7789	8.23977	245.594	
11.3596	0.363853	0.301291	-4.17102	-0.749657	225.068	
3.32335	0.219474	0.62137	-55.9527	-17.5543	196.555	
9.24735	0.326615	0.330459	-14.9071	0.136626	199.611	
4.06355	0.233513	0.53574	30.4407	-1.62741	198.289	
3.61564	0.109241	2.90768	-2.84007	0.788913	173.29	
3.61224	0.109305	2.90727	26.856	5.9781	196.207	
2.96366	0.121908	2.81026	-6.4337	7.85322	202.968	
7.83693	0.0326824	3.13184	-10.9324	-0.0739428	183.642	
14.8356	0.424901	0.271483	48.4256	1.43178	216.438	
3.86154	0.229729	0.555578	-1.9519	1.62566	201	
6.06834	0.0642457	3.07721	60.6057	-1.89549	208.106	
14.7328	0.423098	0.272162	9.23465	1.85511	240.932	
1.88598	0.1885	1.04007	20.6042	-9.49412	203.21	
3.687	0.107886	2.91604	-33.9891	6.6372	209.89	
2.25114	0.1369	2.62432	-60.7615	12.948	147.021	
3.38666	0.113624	2.87823	37.6885	4.17353	150.047	
2.70005	0.12725	2.75532	39.2234	7.46784	132.254	
1.76604	0.185103	1.12409	45.521	-1.46855	243.998	
2.77833	0.125645	2.77292	47.8844	-1.32387	218.645	
5.78871	0.265044	0.425232	5.65293	-6.97616	200.414	
5.51931	0.0741387	3.05291	-22.4966	-17.1312	199.34	
2.62911	0.12872	2.73828	21.5614	2.20433	212.989	
2.00062	0.142847	2.51547	-64.8109	-22.0243	184.833	
9.8787	0.337762	0.32042	19.256	-0.932819	194.066	
5.53311	0.260431	0.43708	-6.95598	-8.16761	174.632	
3.37116	0.113923	2.87607	33.6408	-0.488652	209.614	
2.0975	0.140475	2.56199	-44.2683	-17.8864	189.357	
4.45847	0.0934849	2.98818	-3.49578	-4.82739	185.603	
21.5342	0.542204	0.24127	0.889869	2.06856	250.185	
5.33912	0.0774001	3.0438	6.33851	-7.4015	173.33	
1.68528	0.151766	2.29609	30.0485	24.2199	124.543	
7.66259	0.298541	0.363061	-77.4565	7.05766	241.493	
3.20144	0.217104	0.639698	-9.62044	-11.1521	224.887	
3.5125	0.111208	2.89494	2.20323	12.4701	181.484	
7.38551	0.293614	0.370224	-32.4046	-17.4985	232.978	
16.9024	0.461125	0.259598	8.8655	4.00762	247.781	
19.5876	0.508143	0.247914	20.6347	-3.39116	229.874	
1.90422	0.188988	1.0289	66.3546	8.6044	154.938	
11.3399	0.363506	0.301512	-29.9488	-9.38172	225.309	
3.54049	0.110673	2.89848	67.987	8.81724	196.172	
3.50165	0.111415	2.89355	-18.6516	-6.157	193.004	
5.51427	0.260091	0.437999	3.39976	-4.88123	179.893	
7.16999	0.289777	0.376186	10.336	7.94905	179.494	
3.41254	0.113125	2.88177	8.51857	5.2527	172.723	
2.63001	0.128701	2.7385	-1.63894	9.65858	185.609	
2.66017	0.128074	2.74588	-2.33379	-12.5876	146.392	
13.3523	0.398873	0.282294	33.9897	-1.3028	229.175	
12.4648	0.383286	0.289999	5.66389	2.70852	230.339	
1.80794	0.147989	2.39825	-39.9513	5.36053	225.421	
5.56736	0.26105	0.435427	-52.7649	2.73956	138.535	
4.20455	0.236137	0.5231	-7.76153	4.75167	191.726	
5.34216	0.256976	0.446699	25.9117	12.3178	205.788	
2.55873	0.204125	0.770421	14.0437	16.0007	175.985	
4.57636	0.0913146	2.99693	28.1375	1.24979	141.881	
12.1653	0.378021	0.292855	24.5589	-4.09386	211.941	
3.4814	0.111803	2.89093	30.4011	-10.8997	210.227	
1.80906	0.147957	2.39906	-9.25584	7.68238	188.643	
3.63859	0.108804	2.91041	-27.9698	-11.3603	183.572	
2.96659	0.212471	0.679846	-1.36106	-15.2571	209.885	
7.05118	0.287659	0.379632	-7.06297	-6.93099	163.729	
4.60366	0.0908129	2.99889	-2.95756	3.69421	193.002	
13.4191	0.400046	0.281755	1.46145	-7.08768	191.91	
5.56974	0.0732273	3.05535	-35.6729	-9.99502	175.668	
3.7607	0.106492	2.92431	35.7318	-0.0781722	180.437	
3.79004	0.105938	2.92751	-20.6111	-0.22364	178.649	
10.8706	0.355245	0.307026	39.4688	-1.15991	192.134	
1.43697	0.166273	1.78071	27.4783	14.8654	214.024	
4.35488	0.0953975	2.98008	-8.0238	-8.96136	154.883	
3.24742	0.11632	2.85806	-17.4568	0.0218758	179.701	
1.80177	0.148167	2.39376	42.5659	9.32349	196.227	
12.3804	0.381802	0.29079	-36.3844	-1.4171	210.237	
2.29833	0.135838	2.64121	-18.7666	-14.9129	211.183	
1.53155	0.176452	1.39036	-14.5959	-13.9661	197.261	
8.06429	0.305673	0.353566	-16.8253	8.80589	160.723	
12.0841	0.376595	0.293654	-9.6231	8.26999	236.974	
4.91065	0.0851918	3.01935	19.9185	4.65725	176.71	
1.73333	0.150218	2.3397	-80.4008	-7.6346	164.688	
2.80026	0.125199	2.77764	-2.72729	-11.9176	196.809	
9.20309	0.325833	0.331215	9.96299	9.99167	175.262	
3.1154	0.118903	2.83705	-42.4074	-4.03875	212.014	
6.37618	0.0587232	3.08895	-15.988	-1.51296	175.268	
2.17452	0.195662	0.895894	-10.2867	-3.57937	173.684	
2.20556	0.19638	0.883583	-2.60085	-2.54738	188.702	
9.69847	0.334582	0.323151	-1.52851	-7.45907	200.994	
3.96419	0.102665	2.94543	3.34936	11.0833	130.846	
2.44764	0.132563	2.68913	-105.803	-9.76783	173.93	
3.67969	0.226296	0.575457	-45.3624	-9.22917	221.262	
4.0888	0.233984	0.533407	0.531133	-8.43563	176.52	
3.47053	0.112012	2.88951	63.9124	-1.8983	177.18	
4.40137	0.0945385	2.98376	11.0194	-7.42012	161.447	
1.83944	0.147097	2.42032	12.1593	1.83646	222.104	
17.6748	0.474655	0.255872	6.40737	-2.63101	243.572	
2.93402	0.122501	2.80466	-30.4591	6.22069	151.282	
2.4469	0.132579	2.68891	13.7833	3.69864	192.019	
1.59341	0.179211	1.2972	-11.0877	2.13988	170.782	
8.86703	0.319892	0.337206	-21.102	7.13558	169.796	
2.28989	0.136027	2.63825	21.4229	0.406373	151.769	
10.2458	0.344236	0.315158	43.9671	-4.92058	239.267	
1.52259	0.158329	2.08406	20.2334	-19.7536	158.047	
6.99643	0.0476375	3.1094	-24.8842	2.51946	188.283	
4.21678	0.0979561	2.96861	-4.03246	1.9186	225.284	
4.04569	0.101141	2.95325	-28.7889	8.08354	179.266	
3.27347	0.115814	2.86197	-36.7692	4.20191	155.472	
5.68845	0.0710843	3.06091	-21.5891	-5.38502	221.321	
9.3299	0.328074	0.329069	20.2945	3.73346	188.761	
5.57759	0.261235	0.434938	-39.5329	-0.938989	205.428	
15.5313	0.4371	0.267128	-2.55751	6.86222	234.447	
4.98492	0.250484	0.466757	-35.6295	-15.246	212.742	
5.85759	0.068036	3.06844	-17.347	-2.99864	192.022	
1.68778	0.182638	1.19216	-25.0872	-9.04096	247.696	
2.29887	0.198494	0.849262	0.153305	0.409989	201.99	
5.28136	0.0784474	3.04074	-41.9487	-10.697	172.37	
7.17075	0.0445302	3.11449	31.3505	2.84959	212.465	
4.44267	0.0937763	2.98697	17.9547	-7.72949	177.68	
5.03121	0.0829936	3.02667	9.27758	-6.34801	143.716	
4.06249	0.100828	2.95482	-23.6794	3.40684	161.18	
3.55673	0.110363	2.9005	-5.19296	-17.5179	210.327	
1.45226	0.163386	1.8948	35.3188	12.8664	194.036	
3.6061	0.109422	2.90653	45.2185	-4.22888	220.563	
1.44202	0.164875	1.83624	9.75988	6.20478	171.194	
5.00474	0.0834758	3.02509	-29.443	-4.95966	173.943	
2.82699	0.124656	2.78328	11.0615	0.078065	144.272	
5.30481	0.0780219	3.04199	13.741	-1.04102	150.487	
2.73218	0.207732	0.727968	3.84608	1.47856	161.583	
5.18589	0.25414	0.455119	23.5521	15.6445	163.687	
3.57303	0.110052	2.90251	-34.3024	-6.83389	182.331	
5.26869	0.078677	3.04007	6.67997	9.15498	200.686	
15.3969	0.434743	0.267939	4.43552	-2.46064	223.257	
2.6906	0.127445	2.75311	-30.3375	-5.56615	200.408	
7.66478	0.29858	0.363006	34.9362	13.176	209.013	
1.44454	0.169886	1.63702	-80.6768	-3.24199	186.454	
7.65423	0.0359278	3.12739	-12.7281	3.70607	203.275	
2.36716	0.134313	2.66427	-69.1579	-13.9724	211.698	
3.53383	0.1108	2.89764	20.762	-5.49475	231.347	
3.55641	0.110369	2.90046	16.7179	-10.717	159.995	
9.36193	0.328639	0.328536	-7.21856	-2.92417	196.222	
9.70449	0.334688	0.323058	6.54953	-3.03912	201.485	
4.48079	0.0930736	2.98987	-45.4606	11.945	204.256	
6.71269	0.0527026	3.10053	-11.3052	-7.94893	179.326	
6.17522	0.0623266	3.08142	-1.34041	-4.45657	194.797	
4.63539	0.0902301	3.00114	0.873137	-5.87973	181.595	
2.14294	0.139397	2.58173	-32.4386	-17.1127	206.317	
2.06623	0.141229	2.54768	55.4477	-0.00623978	180.537	
4.66587	0.0896707	3.00326	56.6366	-17.1582	181.153	
2.87824	0.123621	2.79375	71.2698	2.67903	214.352	
4.33933	0.0956852	2.97882	-33.4352	0.46535	188.585	
7.3027	0.292141	0.372472	6.98247	-1.76396	240.936	
5.3748	0.257567	0.445005	-0.675475	3.67579	189.364	
1.9971	0.142935	2.51365	-17.2597	0.404008	204.069	
2.93056	0.12257	2.804	-8.58347	-0.340614	122.173	
3.84379	0.104925	2.93323	4.25529	9.31362	180.363	
1.52208	0.158356	2.0831	-79.8396	-15.1504	238.064	
3.84947	0.104818	2.93382	-0.905181	-9.43738	173.153	
3.24559	0.116356	2.85778	-5.87675	-0.65159	186.518	
4.17637	0.235614	0.525553	21.0898	8.26314	138.768	
7.90037	0.302764	0.357322	-6.71141	-13.7759	233.775	
17.3797	0.469487	0.257256	-40.5429	0.617915	251.161	
2.80351	0.125133	2.77833	-31.4639	-4.04799	156.413	
4.77082	0.0877476	3.01037	17.7482	16.5957	197.361	
1.54439	0.157243	2.12208	-74.231	-17.6447	141.327	
6.63675	0.280261	0.39264	-30.0639	8.18509	176.632	
3.38299	0.113695	2.87772	35.9496	-14.6391	239.619	
8.71971	0.317285	0.339979	-19.6523	-8.78454	224.357	
11.2009	0.361059	0.303097	-5.23136	11.1321	229.323	
9.12285	0.324415	0.332605	11.2591	7.83186	184.979	
1.85647	0.187697	1.05895	-50.9109	-5.8644	202.377	
3.12011	0.11881	2.83783	-36.5347	-7.39738	225.265	
6.25561	0.273436	0.406164	35.5516	1.01732	196.286	
2.10823	0.140219	2.56676	-22.2135	-1.21592	163.275	
8.9722	0.321752	0.335282	-13.663	1.72521	225.133	
1.81427	0.147807	2.4028	15.8817	13.2287	159.509	
9.54005	0.331785	0.325638	-15.0055	-6.82193	177.721	
4.70737	0.245411	0.484543	22.3867	-1.41504	195.417	
4.53909	0.0919999	2.99422	25.4692	-18.7193	220.119	
4.87875	0.0857741	3.01735	-2.95357	-4.71664	189.861	
1.60208	0.154764	2.20459	-16.5117	-3.23491	189.767	
1.43678	0.167949	1.71386	-26.0333	-3.65288	178.37	
4.39005	0.0947477	2.98287	8.01852	23.3372	190.133	
1.44576	0.170077	1.62951	-60.4441	4.58041	210.735	
4.43382	0.240381	0.504371	0.847002	-15.8157	215.958	
6.46526	0.057128	3.09214	30.5964	1.48674	172.467	
3.80871	0.228735	0.561141	61.3036	-11.618	187.464	
13.83	0.407258	0.278558	17.0891	-6.89987	231.648	
1.84754	0.146871	2.42578	-30.9324	-11.3228	219.652	
8.94638	0.321295	0.33575	24.8571	8.73004	223.61	
3.30185	0.115263	2.86617	25.0982	-14.1208	186.794	
2.49364	0.131576	2.70243	-8.8338	8.9218	186.29	
8.28291	0.30955	0.348791	34.9717	4.306	191.916	
5.05551	0.0825512	3.0281	-19.7361	-10.1187	241.355	
9.20173	0.325809	0.331239	-16.478	-3.03626	203.54	
1.85984	0.146531	2.43391	-17.123	-11.1666	195.763	
2.07897	0.140921	2.55359	-72.1396	7.15136	188.38	
5.46486	0.0751233	3.05022	-13.5537	-2.58312	203.842	
2.46947	0.132093	2.69552	-25.3035	2.97198	194.853	
3.53019	0.11087	2.89718	44.8436	-10.9643	197.668	
4.58265	0.0911989	2.99738	20.638	6.51955	173.225	
4.16682	0.0988843	2.96427	-17.1566	-3.57585	180.721	
15.9933	0.445197	0.264446	-9.92472	6.54824	211.658	
4.21488	0.0979913	2.96845	11.3371	9.71846	193.271	
3.79146	0.105911	2.92766	-2.9597	10.888	187.409	
2.36464	0.134369	2.66346	-5.66133	-15.3993	198.348	
5.29305	0.256085	0.449289	8.07457	16.1391	185.373	
3.79777	0.105792	2.92834	13.9597	-6.84929	230.413	
4.42457	0.24021	0.505087	21.9877	-1.38496	136.815	
2.64848	0.128317	2.74304	22.5298	5.2943	195.262	
18.2242	0.484276	0.253415	-34.192	-5.494	228.324	
36.6873	0.807049	0.213686	-18.0698	0.519679	240.673	
4.05198	0.233297	0.536818	15.6528	11.9366	151.148	
3.59403	0.109652	2.90508	9.17296	-3.10426	169.009	
3.89407	0.10398	2.93843	-45.4185	3.80905	146.891	
2.30574	0.135673	2.64378	74.3442	-5.08582	186.066	
4.9062	0.0852729	3.01907	2.37095	0.373434	173.609	
8.45503	0.312599	0.345208	-25.1922	-3.81155	210.756	
5.18111	0.0802671	3.03527	18.8753	6.34524	187.108	
1.7987	0.148256	2.3915	46.9989	6.32355	220.363	
13.7062	0.405085	0.279501	-7.20652	-0.781085	244.041	
22.7382	0.563266	0.237732	29.956	5.30728	246.955	
4.32523	0.0959461	2.97768	26.2571	9.95815	182.03	
8.10794	0.306447	0.352591	29.1567	1.09096	243.741	
10.4023	0.346995	0.313028	6.64772	-6.83464	213.551	
5.12586	0.0812711	3.03216	-25.4764	-6.16809	173.907	
6.91355	0.285205	0.383775	-11.6923	4.19388	180.789	
13.5747	0.402777	0.280522	-27.0664	-6.08509	224.353	
2.7102	0.127041	2.75767	23.5353	6.26552	162.35	
8.80395	0.318776	0.338382	-2.78476	2.07745	211.12	
5.36658	0.0769024	3.04523	-23.4496	6.46797	184.338	
17.2932	0.467971	0.257671	13.0803	-2.98978	226.719	
4.09341	0.100251	2.95767	16.0479	-1.01694	223.603	
15.0797	0.429181	0.26991	-17.6001	0.852431	268.528	
1.49495	0.159909	2.02693	82.3726	-1.37618	212.596	
2.35186	0.13465	2.65929	-50.6481	-4.0377	210.428	
2.83894	0.124414	2.78576	-10.2862	-15.0483	201.927	
5.1629	0.253723	0.456402	-59.5895	5.0522	204.413	
2.37886	0.134057	2.66802	-26.6202	16.692	170.635	
3.81052	0.105552	2.92971	45.8033	9.9825	187.802	
7.92928	0.303278	0.356648	0.375889	3.31664	202.545	
10.2949	0.345101	0.314483	-27.8594	-3.78686	214.586	
1.9301	0.144651	2.47703	30.8039	13.9454	195.671	
2.39664	0.133669	2.67362	-33.1676	-6.37111	152.757	
3.20323	0.117182	2.85124	13.7087	-20.9942	230.247	
6.8914	0.284809	0.384457	-16.8661	2.44037	205.531	
8.68616	0.316691	0.340624	-2.79623	0.153254	199.917	
1.59188	0.17915	1.2992	-2.14409	5.68879	206.122	
6.24678	0.0610428	3.08416	13.175	-4.65934	201.131	
1.48231	0.160749	1.99575	-54.262	-8.22475	192.684	
23.2297	0.571861	0.236393	-14.4766	2.17195	235.783	
4.64658	0.0900248	3.00192	-1.7861	11.5701	240.977	
3.57718	0.109973	2.90302	27.6714	6.13946	204.722	
3.6105	0.109338	2.90706	-12.1814	3.21804	187.406	
11.3952	0.364479	0.300893	-40.6816	-0.806469	186.599	
1.59256	0.155144	2.19235	21.1808	-9.08885	149.182	
4.43448	0.0939274	2.98634	-53.7468	-12.9443	170.579	
12.1438	0.377644	0.293066	-15.2958	-8.4486	213.805	
19.4345	0.505463	0.248493	28.034	-3.55975	246.197	
1.66119	0.152585	2.272	-5.66411	2.33669	201.123	
10.89	0.355587	0.306788	-18.7166	-3.93215	208.851	
8.94843	0.321331	0.335713	8.28772	5.06663	193.652	
11.5039	0.366391	0.299693	43.5265	6.58294	203.909	
3.833	0.229192	0.558563	-14.4536	-10.2517	161.896	
2.16309	0.138925	2.59011	1.93205	-5.58767	149.321	
1.75176	0.184671	1.13557	13.3322	7.51994	151.737	
5.22779	0.0794193	3.03785	-30.7463	-4.49432	192.205	
5.12021	0.0813739	3.03184	-2.89478	0.321543	135.944	
3.83787	0.229284	0.55805	11.6362	3.9711	160.689	
5.66263	0.262771	0.430938	27.2135	4.68811	197.256	
3.00649	0.121056	2.81814	24.3555	8.92915	214.146	
3.88256	0.104196	2.93725	-29.6878	-16.3119	159.926	
5.6129	0.0724478	3.0574	1.4554	9.35093	184.603	
10.1383	0.342341	0.316658	-22.9047	5.33846	191.469	
14.4956	0.418938	0.273765	11.8015	3.7326	207.523	
17.763	0.4762	0.255467	22.6049	0.70256	221.917	
3.92647	0.103372	2.9417	47.1477	6.08483	195.259	
6.45286	0.276971	0.39896	-19.2647	-5.92809	211.19	
3.63217	0.108926	2.90965	-12.7561	-13.3018	192.998	
1.68953	0.151624	2.30017	48.1078	-14.8143	224.333	
10.3002	0.345194	0.314411	-23.8693	1.03111	227.118	
1.48544	0.173789	1.48679	32.2608	-1.88343	156.962	
20.9177	0.531418	0.24324	14.4915	7.15998	255.657	
10.1839	0.343144	0.316019	32.2563	5.5991	242.295	
3.96567	0.102637	2.94558	12.5221	0.661876	179.166	
14.167	0.413172	0.276075	15.0838	8.58446	233.223	
4.90668	0.0852643	3.0191	-24.1387	5.7572	214.835	
2.97617	0.121659	2.81259	60.6904	-3.79808	190.77	
4.34127	0.0956493	2.97898	11.6846	5.67633	208.705	
3.82057	0.228958	0.559878	58.5701	2.29873	171.264	
4.58378	0.243143	0.493192	-3.31066	0.300042	174.084	
6.33278	0.27482	0.403291	16.7103	1.21003	222.709	
1.58566	0.155425	2.18319	44.7305	4.98509	212.904	
3.70906	0.107468	2.91856	23.2214	-5.60254	235.519	
2.80696	0.209258	0.71159	49.6017	6.16401	175.984	
1.61865	0.180196	1.26577	-20.5307	7.66705	188.882	
6.15899	0.0626179	3.08079	19.7445	1.58738	196.119	
3.97183	0.102522	2.94618	-21.6737	6.06822	191.162	
4.48765	0.241373	0.500268	22.6286	-6.57586	182.861	
4.27346	0.0969047	2.97341	-44.1959	8.15031	210.552	
2.88565	0.210849	0.695432	48.752	6.93421	166.574	
2.39515	0.133701	2.67316	58.9505	-3.59241	217.988	
4.81064	0.247302	0.477674	-45.0965	4.65685	200.907	
1.5033	0.17492	1.44513	-8.21382	-2.16829	221.179	
5.29245	0.256075	0.449321	-18.0711	-7.19072	194.5	
8.70035	0.316942	0.340351	-23.2155	9.32805	191.313	
3.56148	0.110272	2.90109	-42.2421	-6.12227	186.632	
13.4761	0.401046	0.2813	0.0285927	1.82022	218.622	
13.8698	0.407957	0.278258	-18.3144	-9.97041	213.281	
1.59318	0.155118	2.19317	49.6467	8.54162	211.927	
3.7427	0.106832	2.92233	-46.2	-5.1156	167.89	
1.46021	0.162545	1.9274	61.9702	-16.404	178.786	
4.29644	0.096479	2.97532	-19.0396	10.6472	126.131	
12.3858	0.381898	0.290739	7.80012	4.1312	221.31	
2.57133	0.12993	2.72356	-12.3959	0.798405	110.136	
2.37011	0.134249	2.66522	25.1049	6.81563	241.291	
2.94431	0.122295	2.80662	30.1142	11.9567	179.631	
19.3724	0.504376	0.248731	-20.1427	-1.74777	232.466	
4.2443	0.0974454	2.97096	1.8818	6.36425	200.189	
4.9129	0.0851506	3.01949	-43.781	-7.79601	170.891	
2.75233	0.126176	2.76721	-58.0763	1.28908	181.088	
9.56147	0.332163	0.325297	7.76246	6.82414	223.908	
1.45326	0.17105	1.59138	43.7473	-11.549	173.978	
3.26141	0.116048	2.86017	16.084	-3.47611	158.507	
4.51346	0.0924718	2.99232	-38.3303	3.80585	201.589	
21.4219	0.540239	0.241621	-7.23382	1.99365	247.361	
4.45946	0.240854	0.502403	-5.94037	4.4055	154.279	
6.84983	0.284067	0.385751	-0.41123	-4.00982	186.869	
3.16627	0.117904	2.84538	-10.308	-0.0115804	188.762	
4.38055	0.239398	0.508538	26.1771	-0.819633	155.725	
2.0868	0.193589	0.933493	-91.9792	3.09462	210.049	
4.48067	0.0930757	2.98986	-18.7529	4.83736	203.266	
6.88303	0.28466	0.384716	36.7135	-0.269045	192.906	
7.84858	0.301845	0.358542	-48.9159	-1.07376	216.44	
3.23502	0.116562	2.85616	1.73343	12.4593	174.96	
5.82048	0.0687044	3.06682	7.73212	15.731	165.865	
2.87685	0.123649	2.79347	51.1087	3.06573	183.502	
15.6331	0.438882	0.266524	28.9422	-0.180987	237.259	
12.5056	0.384002	0.289621	-36.5561	-7.61561	238.526	
2.73397	0.126552	2.76309	-25.2753	2.82526	154.02	
6.80215	0.0511045	3.1034	-22.7107	-13.1631	231.405	
12.7754	0.388742	0.28718	-4.42903	-10.0497	230.728	
6.18606	0.062132	3.08184	-8.21699	-3.14957	205.033	
5.08306	0.252271	0.460954	-25.9092	-4.15023	190.649	
3.88489	0.104152	2.93749	-33.0982	5.56915	199.621	
14.2585	0.414777	0.275421	-18.1512	1.5372	220.241	
2.39918	0.133613	2.67441	4.02386	-12.6712	193.732	
7.51124	0.295851	0.366907	-20.4605	1.1762	226.857	
1.97204	0.190751	0.99025	14.0216	-2.28798	199.233	
6.16493	0.271809	0.409634	82.9965	15.864	177.149	
3.82029	0.105368	2.93075	-45.6855	4.03146	213.388	
3.95354	0.102865	2.94439	-53.9557	-0.046877	156.86	
2.97752	0.121632	2.81284	-55.6283	-5.71318	188.221	
4.2824	0.237582	0.516502	15.0892	3.82757	205.294	
3.65168	0.108556	2.91195	19.1048	7.3387	159.847	
1.50238	0.159455	2.04354	-102.203	-12.6142	211.79	
4.88719	0.0856202	3.01788	4.12992	-8.04509	210.298	
2.1485	0.139266	2.58406	9.4346	-10.8084	187.391	
15.8572	0.442811	0.26522	5.42767	-1.72499	232.619	
6.86195	0.284284	0.385372	15.6458	17.1534	245.731	
1.49444	0.159941	2.02575	-55.1085	-17.449	169.598	
3.01463	0.120894	2.81961	-36.2594	-0.0322631	198.738	
12.3427	0.38114	0.291147	-22.8815	-4.54982	208.945	
2.94465	0.122288	2.80669	53.2867	-4.4915	210.441	
2.25511	0.136811	2.62577	-68.0726	-2.62893	199.655	
6.92589	0.0488957	3.10726	12.0495	-5.45029	177.012	
2.37635	0.200209	0.823443	21.8081	4.11736	199.338	
4.80097	0.0871959	3.01235	-22.4547	2.66276	176.539	
2.2688	0.136501	2.63075	24.6024	13.429	188.548	
7.63498	0.298051	0.363751	23.2129	1.57057	199.132	
1.65541	0.152787	2.26597	7.05779	-13.795	183.421	
20.6299	0.526383	0.2442	39.6124	4.55172	230.287	
1.45339	0.171065	1.59079	-79.6835	17.2571	202.924	
3.19753	0.117293	2.85035	-24.3563	-22.8153	172.817	
2.54517	0.130482	2.71662	-4.77762	9.11427	192.448	
17.7395	0.475789	0.255575	32.5557	-3.0326	238.844	
2.81472	0.124905	2.78071	-54.6578	-8.40179	183.003	
1.7757	0.185391	1.11653	66.5613	21.022	187.346	
2.0972	0.140482	2.56186	-9.73741	-3.43233	195.966	
3.79005	0.105938	2.92751	48.3072	-2.35744	212.259	
5.18576	0.0801825	3.03553	18.7919	7.38325	200.654	
4.17561	0.0987208	2.96504	59.0615	0.314301	195.584	
1.82278	0.147565	2.40882	-13.8991	12.405	209.791	
4.11179	0.0999084	2.95935	-1.93311	-9.49279	211.591	
20.6826	0.527305	0.244023	-14.2568	-1.90882	237.065	
2.78248	0.125561	2.77382	57.7907	4.00308	173.261	
5.31726	0.0777962	3.04265	5.50183	7.05398	198.196	
14.6485	0.42162	0.272726	-20.1518	8.1825	241.609	
3.0493	0.120207	2.82576	-7.62306	-1.21673	200.853	
16.6519	0.456737	0.260881	-16.7981	-6.0953	232.249	
3.58187	0.109883	2.9036	55.6049	-2.49476	192.935	
4.62933	0.0903415	3.00071	-3.67228	-11.6126	167.082	
8.52176	0.313781	0.343859	-12.4499	7.16595	188.127	
1.86408	0.146415	2.43667	-95.0226	-2.93108	176.226	
4.72274	0.0886281	3.00716	-15.424	16.0721	232.567	
10.8087	0.354155	0.307789	-3.12499	-7.37405	206.162	
13.5208	0.401832	0.280945	-13.2115	9.30216	215.939	
8.76125	0.31802	0.339187	12.6712	-9.06504	221.598	
9.65996	0.333902	0.323748	25.3645	3.95208	210.773	
9.20212	0.325816	0.331232	1.86948	5.43704	178.439	
2.69515	0.127351	2.75418	68.886	-11.9425	151.268	
6.2618	0.0607735	3.08473	-36.2527	-4.73066	263.678	
2.47896	0.20243	0.792408	42.3779	1.77064	180.702	
2.54372	0.130512	2.71623	-30.2063	9.94456	218.199	
10.2841	0.344912	0.31463	15.0772	-5.0497	201.474	
19.6018	0.508392	0.247861	6.98037	1.70833	232.341	
5.28274	0.0784222	3.04082	4.38151	-9.30491	251.035	
7.11553	0.045514	3.11291	5.68013	-5.8989	184.201	
7.20189	0.290345	0.37528	-45.2242	-1.48535	208.205	
2.89989	0.211136	0.692615	4.22306	4.78627	194.152	
1.90622	0.14528	2.46297	3.12124	-3.19981	195.409	
14.264	0.414874	0.275382	-38.7678	2.17227	238.508	
8.78416	0.318426	0.338754	-49.5176	-1.30891	176.514	
7.42473	0.294312	0.369177	19.3754	-6.55982	207.796	
4.44071	0.0938124	2.98682	30.1424	2.23693	200.441	
15.1022	0.429575	0.269767	-18.6205	2.57615	238.452	
18.3696	0.486821	0.252789	-10.0202	-7.48048	273.602	
13.3881	0.399502	0.282004	-24.8105	9.49115	207.973	
4.03365	0.101366	2.95212	45.7847	-5.35436	228.833	
6.23052	0.0613344	3.08354	3.7787	3.9513	179.243	
1.85731	0.146601	2.43225	20.4805	-9.01724	234.931	
6.24259	0.061118	3.084	17.9533	11.5456	215.234	
4.88864	0.0855937	3.01797	40.5611	11.1337	168.815	
3.89156	0.104027	2.93817	47.4712	9.70312	211.542	
16.9657	0.462234	0.25928	-8.49744	-1.74698	194.218	
4.90841	0.0852326	3.01921	-24.8774	4.19769	199.223	
2.03475	0.141999	2.53261	31.1544	1.18254	220.179	
3.66823	0.108242	2.91388	-27.0829	-13.0608	187.88	
2.4772	0.202393	0.792912	8.43155	-3.37476	208.247	
3.2001	0.117243	2.85075	9.83932	-9.39681	164.12	
2.03286	0.192275	0.958972	-13.4004	-2.52609	195.106	
1.68973	0.151618	2.30037	-45.8269	-0.795672	231.076	
2.96265	0.121929	2.81008	8.97748	8.82254	206.911	
12.9208	0.391297	0.285907	25.896	3.26874	186.188	
5.59366	0.0727953	3.05649	-19.3995	12.2234	182.664	
1.95576	0.190335	0.999135	35.5922	14.0916	203.456	
1.55118	0.177396	1.35766	104.762	21.5202	175.701	
7.24209	0.0432595	3.11651	0.411146	-6.9375	201.153	
1.68352	0.151824	2.29439	54.6844	5.88476	127.201	
1.85822	0.146576	2.43286	33.4414	9.47435	217.878	
1.64895	0.153015	2.2591	16.1787	4.77558	202.959	
12.3853	0.381888	0.290744	-45.4414	-9.90175	250.243	
2.88522	0.12348	2.79514	0.132142	6.92785	174.306	
6.8074	0.0510108	3.10357	11.814	7.07274	204.232	
2.93552	0.122471	2.80495	18.4095	3.22139	213.829	
17.9839	0.480068	0.254471	-15.8082	2.25953	226.138	
7.01013	0.286928	0.38085	7.62731	-1.66267	195.259	
14.1901	0.413578	0.275909	-8.62423	2.22631	190.1	
2.12862	0.139735	2.57564	47.0658	6.03721	217.571	
16.7496	0.45845	0.260376	11.1519	5.55923	235.327	
3.15545	0.216204	0.647026	59.2705	-4.82415	172.094	
2.76965	0.125822	2.77103	-13.0838	-9.43007	184.896	
15.7069	0.440177	0.26609	68.0195	6.63287	233.074	
2.69506	0.127353	2.75416	38.6445	-3.75649	242.189	
2.08606	0.193571	0.93383	-1.02885	0.474763	221.263	
2.92032	0.122775	2.80203	46.4926	1.93494	157.605	
1.61362	0.154316	2.21886	-36.1273	-14.758	216.14	
3.32956	0.114726	2.87018	2.88807	-10.1095	233.586	
2.5981	0.129368	2.73048	-6.38417	-3.91474	188.465	
2.58916	0.129555	2.72819	-36.4742	12.7685	199.758	
10.3866	0.346719	0.313238	8.98551	1.3148	176.466	
4.57902	0.0912657	2.99712	13.5166	3.30253	203.024	
7.49708	0.295599	0.367275	3.6693	0.999006	222.397	
2.83388	0.124516	2.78471	27.9104	-2.60992	186.874	
2.12076	0.139921	2.57224	59.8614	1.61732	228.924	
8.78746	0.318484	0.338692	6.58377	-4.97566	173.908	
10.4889	0.348521	0.311878	-8.30601	1.61296	236.953	
4.65683	0.0898367	3.00264	21.3039	-0.803741	191.801	
13.9908	0.410081	0.277358	-20.5995	2.32747	243.501	
2.23524	0.137262	2.61841	-64.1086	-4.74531	182.425	
6.29087	0.274068	0.404842	-1.57059	13.4426	210.224	
4.25313	0.0972815	2.97171	28.9418	-9.56275	181.355	
2.6164	0.128985	2.73511	36.895	-7.7982	183.532	
17.5348	0.472204	0.256523	7.08266	3.6829	252.765	
3.77384	0.228077	0.564906	1.05489	5.07678	185.328	
11.6773	0.36944	0.297825	29.228	-3.22361	193.37	
10.6688	0.35169	0.309548	53.5183	8.44086	235.069	
5.45546	0.0752934	3.04975	1.67596	1.30806	186.196	
10.8295	0.35452	0.307532	4.90895	7.04039	208.734	
1.43817	0.168516	1.69131	53.8094	24.2223	229.828	
3.41655	0.113048	2.88232	-42.7355	3.25644	199.019	
3.1711	0.11781	2.84615	18.063	13.2563	194.913	
7.07713	0.288122	0.378869	10.3543	11.1787	201.495	
3.60713	0.224918	0.584	18.378	9.69845	174.68	
2.83362	0.124522	2.78466	-7.97002	6.77607	149.966	
12.1293	0.377388	0.293208	-14.9722	5.89915	194.29	
4.17248	0.098779	2.96476	17.6853	-15.2003	147.204	
6.02218	0.0650754	3.07534	1.75797	7.5746	200.081	
1.43728	0.168188	1.70436	0.928502	-11.6293	205.811	
4.74555	0.0882104	3.00869	38.9949	1.13119	177.389	
2.91763	0.122829	2.80151	36.3161	-11.8086	190.35	
3.63422	0.108888	2.90989	-67.1935	-2.71448	218.923	
3.86396	0.104546	2.93533	-8.66096	-3.4402	207.728	
12.8113	0.389373	0.286863	10.1043	-3.14988	198.021	
7.46823	0.295086	0.368029	3.51362	-0.739828	180.109	
2.6629	0.128018	2.74653	10.4837	6.53228	210.887	
6.33287	0.274821	0.403287	-26.4252	-2.26786	210.216	
2.16264	0.138935	2.58992	58.8056	5.55947	177.831	
13.5737	0.40276	0.280529	-34.9702	0.954294	220.195	
14.9042	0.426105	0.271036	-40.0567	-6.91508	197.45	
2.58665	0.129608	2.72754	-27.2125	-3.53218	212.919	
3.40146	0.113339	2.88026	22.5278	-10.1553	170.152	
2.78628	0.125483	2.77464	61.9586	-9.83132	190.468	
12.4867	0.383669	0.289796	7.54799	3.8087	220.402	
1.78323	0.185613	1.11075	4.75318	-5.47944	214.929	
4.7708	0.087748	3.01037	34.3089	-6.14042	189.736	
4.29122	0.0965757	2.97489	-29.9852	-8.60148	206.15	
2.7162	0.126917	2.75905	-7.82302	-8.07566	150.96	
2.16475	0.138886	2.59079	63.1055	-5.25668	183.285	
2.55299	0.130316	2.71871	40.3645	-1.37651	185.971	
9.98389	0.339618	0.318872	34.4668	-3.80889	239.521	
6.77582	0.282746	0.388093	-69.208	-3.4234	201.402	
4.83001	0.0866649	3.01424	-23.2767	1.39158	199.718	
2.46339	0.132224	2.69375	-14.3998	10.0155	168.749	
4.88044	0.0857433	3.01745	-40.0416	-1.03662	228.207	
1.43938	0.168863	1.6775	45.9587	4.24635	143.333	
3.28722	0.115547	2.86401	5.24698	12.0439	159.6	
2.92921	0.122597	2.80374	99.8476	-11.7525	192.543	
2.66204	0.128035	2.74633	9.92725	-12.1393	208.849	
4.34318	0.0956138	2.97913	-28.958	-6.14859	206.317	
15.152	0.430449	0.269453	18.9005	6.17083	231.307	
4.88057	0.24858	0.473195	2.64698	-8.62181	201.668	
13.9234	0.408898	0.277857	-22.9003	-0.341597	219.695	
5.44823	0.0754241	3.04939	13.5278	1.84073	177.453	
3.2721	0.21848	0.628889	-23.495	4.76322	191.208	
4.4454	0.0937259	2.98718	-55.1682	-0.475896	196.19	
5.5553	0.260833	0.436007	-6.12913	-4.78235	162.764	
4.09418	0.100237	2.95774	-4.11616	-2.62895	161.642	
11.4459	0.365371	0.30033	36.531	8.14632	232.907	
1.97129	0.143588	2.5	46.69	0.685192	198.854	
6.64664	0.280438	0.39231	16.4536	3.05062	168.825	
3.58665	0.109792	2.90418	-62.8794	6.60287	179.014	
5.31758	0.0777906	3.04267	13.723	-10.363	208.841	
7.50256	0.0386241	3.12353	-5.22148	-2.06208	193.937	
11.9934	0.374999	0.29456	-4.51678	1.44759	228.951	
4.8814	0.248595	0.473143	23.4505	-2.66803	167.98	
7.88183	0.302435	0.357757	17.0316	-11.8614	165.799	
23.4435	0.5756	0.235828	-7.89799	5.26005	216.059	
7.43486	0.294492	0.368908	-29.5684	8.886	250.067	
3.07292	0.11974	2.82986	-9.01217	14.2085	192.935	
3.45808	0.11225	2.88788	24.3199	-6.94428	194.826	
9.59819	0.332811	0.324716	-3.08753	5.78549	213.895	
11.4269	0.365035	0.300541	-46.0204	2.94425	207.632	
2.70252	0.127199	2.75589	-9.37638	0.188856	175.993	
3.89626	0.103939	2.93865	31.0854	6.28042	185.211	
3.03043	0.12058	2.82243	-25.2374	-5.39528	171.255	
6.66564	0.280777	0.391679	22.377	12.6562	228.578	
6.50763	0.0563695	3.09362	58.815	5.92562	185.142	
2.54479	0.13049	2.71652	-29.0753	-4.28358	177.689	
13.3212	0.398327	0.282547	51.6885	0.34546	238.574	
2.42466	0.13306	2.68224	-21.779	-8.74422	169.587	
6.63569	0.280242	0.392675	-3.54972	-2.25256	207.65	
2.64567	0.128375	2.74236	-16.8835	-10.3009	219.118	
15.8615	0.442887	0.265195	-28.5932	-4.20027	249.874	
2.24531	0.137033	2.62217	61.3433	-6.00005	207.732	
8.53409	0.313999	0.343612	33.423	1.84338	180.894	
15.3979	0.43476	0.267933	-5.94755	-6.52336	259.189	
3.35661	0.114203	2.87403	-35.2928	-10.1204	177.701	
4.19991	0.0982692	2.96716	-46.9518	1.24021	194.795	
10.0607	0.340972	0.317763	-42.7093	-21.532	262.481	
12.0347	0.375726	0.294146	9.35125	-2.20645	225.072	
7.69708	0.0351664	3.12845	3.39892	2.62197	158.707	
2.64991	0.128287	2.74339	12.9035	-0.578624	220.99	
3.64653	0.108654	2.91134	9.51038	1.74569	162.121	
2.82263	0.124744	2.78237	-27.3669	6.8142	167.414	
1.6681	0.152347	2.27909	26.9646	-2.06456	237.897	
3.91344	0.103616	2.94039	24.7345	5.37759	191.237	
11.8871	0.37313	0.295638	38.2485	-2.11603	207.724	
3.31209	0.219256	0.622999	2.74631	-4.06731	174.309	
12.4363	0.382784	0.290265	-29.8285	1.1417	227.8	
3.46782	0.112063	2.88916	-28.9819	8.67411	200.666	
1.95665	0.143963	2.49201	52.4282	5.60992	216.244	
5.52893	0.0739647	3.05338	-15.4984	2.15741	180.805	
3.21997	0.217466	0.636812	-1.56263	7.04169	177.018	
5.16898	0.253833	0.456062	-34.1666	22.1516	213.699	
2.01994	0.142365	2.52528	57.5358	6.72522	173.318	
11.9193	0.373696	0.29531	8.54354	5.9498	217.417	
2.72553	0.126726	2.76118	29.1822	-8.04433	213.956	
3.17855	0.117664	2.84734	-6.22365	-7.11827	166.962	
2.44782	0.132559	2.68918	24.8094	11.8662	176.916	
15.6459	0.439108	0.266448	0.981789	-9.85961	243.757	
12.9154	0.391201	0.285954	22.4834	1.13223	236.143	
17.654	0.474291	0.255968	19.1631	-4.94196	253.992	
2.89081	0.123368	2.79625	26.9563	-1.3262	209.567	
4.74296	0.0882576	3.00852	23.5994	1.79572	189.006	
5.73986	0.070157	3.06325	25.4604	7.87705	204.71	
13.7078	0.405115	0.279488	-6.02568	-2.57041	214.978	
5.0564	0.0825351	3.02815	54.9276	1.48659	165.731	
1.46639	0.172339	1.54161	-18.5054	2.87285	185.375	
13.7557	0.405956	0.279121	-27.7655	0.918721	246.386	
2.32605	0.135221	2.65071	63.7604	9.79251	192.633	
3.34741	0.114381	2.87273	2.3285	-7.69883	210.799	
6.07553	0.0641166	3.0775	-31.8576	17.3476	181.441	
4.05436	0.100979	2.95406	-17.0243	3.79953	225.286	
14.2701	0.414981	0.275338	34.0425	-1.1023	219.887	
1.53339	0.157777	2.10352	-21.2372	-13.6639	242.485	
5.04039	0.0828265	3.02721	0.72844	9.80906	156.941	
5.19908	0.0799407	3.03627	5.65964	-2.6295	207.503	
6.23981	0.0611678	3.0839	6.17683	-16.6427	184.911	
2.30443	0.135702	2.64332	-49.3681	-15.3555	197.91	
3.90744	0.103729	2.93978	63.1157	13.2946	167.886	
23.2637	0.572455	0.236302	27.7343	-3.29911	234.324	
10.4923	0.34858	0.311833	-5.77736	-3.58652	233.36	
1.61269	0.154352	2.21772	19.4006	-1.9144	183.684	
4.02645	0.101501	2.95144	101.374	-2.57042	184	
3.65068	0.108575	2.91183	41.3566	-7.43631	157.483	
9.4889	0.330882	0.326459	-4.20564	3.76068	189.807	
5.64038	0.0719517	3.05869	-46.701	-3.74185	205.983	
21.5723	0.542871	0.241152	0.373161	-8.46866	230.834	
7.25845	0.291353	0.373695	-61.4712	-2.38714	162.109	
13.4962	0.401399	0.281141	53.0035	6.30683	247.194	
10.618	0.350796	0.310197	-25.0921	-5.79028	188.188	
3.76463	0.106417	2.92475	-36.1579	-10.662	197.884	
14.4511	0.418157	0.274071	-3.57132	5.0503	217.948	
3.08294	0.214778	0.659086	-31.9828	-8.52878	242.463	
3.17045	0.117822	2.84605	20.1475	5.15088	171.949	
4.65204	0.244396	0.488356	9.54118	-10.6311	181.111	
3.18682	0.216818	0.642002	-7.98895	13.4726	193.54	
4.1466	0.23506	0.528184	-14.1164	-4.79061	188.205	
1.98835	0.143156	2.50909	-13.3776	5.52543	190.332	
14.442	0.417997	0.274135	-5.27595	-3.7485	244.795	
22.2949	0.555511	0.23899	18.3632	0.353747	254.717	
4.67562	0.0894918	3.00394	-4.37515	-3.56283	157.51	
4.75797	0.0879828	3.00952	44.4006	5.11118	201.299	
15.9942	0.445213	0.264441	-5.85391	3.83218	247.638	
1.43815	0.16581	1.79914	-3.14929	-11.1155	171.119	
3.33005	0.114717	2.87025	-48.5566	-17.024	220.062	
3.9719	0.102521	2.94619	-27.136	-6.45166	142.99	
11.2656	0.362198	0.302354	19.5685	-1.60381	225.903	
2.39229	0.133763	2.67226	-17.3975	-3.85486	203.383	
4.1779	0.0986784	2.96524	54.1274	-6.49742	188.351	
3.35916	0.114154	2.87439	-2.75718	-0.72013	203.732	
10.5031	0.348772	0.31169	31.3481	-9.86435	219.433	
5.08911	0.0819397	3.03005	-19.7076	-9.69938	175.609	
6.32369	0.0596638	3.08703	52.3897	4.28768	200.065	
5.44395	0.0755017	3.04917	-18.3451	-4.28575	191.691	
8.02269	0.304935	0.354504	-24.6312	1.43561	202.916	
1.4368	0.167958	1.71351	8.64437	-2.16736	220.384	
2.96884	0.121805	2.81123	31.0438	-6.03195	171.886	
2.6726	0.206504	0.741802	-61.9563	-1.12809	177.967	
4.59059	0.0910529	2.99796	10.5956	1.83206	250.342	
10.7614	0.353322	0.308378	11.1087	-6.62377	166.988	
3.24106	0.116444	2.85709	27.5661	-7.02367	188.661	
1.43611	0.16735	1.73776	-8.22336	8.94849	165.64	
8.73045	0.317475	0.339774	-3.25438	6.6589	186.776	
17.652	0.474257	0.255977	51.9617	-0.708184	258.315	
3.87536	0.229989	0.55415	-56.7513	-5.27372	187.055	
10.8538	0.354948	0.307233	31.0364	0.693201	236.218	
5.05868	0.251827	0.462374	64.3618	-0.669841	208.958	
2.82521	0.124692	2.78291	-35.757	-0.65515	214.268	
14.1193	0.412335	0.276419	3.76734	-2.46696	220.435	
15.3664	0.434207	0.268125	-11.6369	4.30392	223.535	
2.95122	0.122157	2.80793	8.30098	-9.90746	173.871	
5.17438	0.0803894	3.0349	5.58393	13.4993	230.301	
3.89911	0.103885	2.93894	-5.83902	6.63645	198.297	
3.54658	0.223764	0.59142	20.3602	9.95682	218.686	
1.49433	0.174372	1.46518	-51.3958	-3.11532	231.649	
3.4486	0.221888	0.604039	25.0715	2.01313	198.674	
1.65126	0.152933	2.26156	4.32075	-1.61005	173.988	
4.32053	0.0960329	2.9773	-18.2506	1.53717	235.522	
1.81091	0.186417	1.09027	60.9799	24.0256	194.108	
4.84002	0.0864818	3.01488	-10.9584	-5.59715	203.688	
1.44589	0.164224	1.86194	11.7758	-2.64079	210.316	
3.16667	0.117896	2.84544	11.2609	10.2989	210.829	
3.93072	0.231028	0.548537	43.9935	-4.77579	204.51	
1.55853	0.15659	2.14439	-10.3233	-14.8298	241.77	
6.85178	0.284102	0.385689	2.52945	4.97587	233.908	
2.73267	0.126579	2.7628	-2.03779	8.44815	187.081	
1.92246	0.144851	2.47259	-44.6313	-10.6387	247.886	
5.08922	0.0819377	3.03006	-19.1115	4.8526	185.584	
4.02155	0.101592	2.95097	-0.451982	-19.6929	162.093	
5.51085	0.260029	0.438166	3.40711	7.08597	207.569	
5.13688	0.0810709	3.03279	54.6878	-2.94152	174.625	
2.55912	0.204134	0.770317	44.4501	-10.9837	202.511	
4.36557	0.0951999	2.98093	42.5677	9.74904	191.518	
3.92088	0.230844	0.549522	36.9819	-7.49496	218.8	
14.2507	0.414642	0.275476	0.612626	4.26359	231.433	
5.93054	0.267598	0.419112	-5.44876	3.04625	186.302	
2.67097	0.12785	2.74847	39.227	2.48724	217.448	
2.40106	0.133572	2.675	-3.90155	10.9985	234.294	
4.20887	0.236218	0.522727	9.69028	2.1766	201.82	
2.13207	0.139653	2.57711	-13.2561	-14.5794	186.746	
1.61297	0.154341	2.21806	-12.8163	-13.1218	226.208	
4.96167	0.084261	3.02249	20.8367	-12.554	178.468	
16.7592	0.458618	0.260327	-8.86378	-0.953628	225.969	
4.64755	0.090007	3.00199	52.4488	-6.1914	170.583	
2.91431	0.122896	2.80086	-29.6572	2.31773	149.759	
2.14113	0.13944	2.58096	-22.6882	1.73879	184.626	
4.70179	0.089012	3.00574	29.5908	-7.56752	202.911	
11.4196	0.364908	0.300622	42.916	-8.60165	230.756	
16.8223	0.459722	0.260004	-1.75173	-2.79275	242.959	
4.87334	0.0858731	3.01701	-5.74764	-13.7708	150.301	
3.07459	0.214614	0.660516	64.5385	7.49834	203.876	
17.5536	0.472533	0.256435	-6.50963	6.05723	199.593	
13.383	0.399412	0.282046	-21.181	-3.02149	182.344	
1.86693	0.146337	2.43851	-50.6977	1.75736	233.301	
2.6894	0.12747	2.75283	4.24874	9.22046	178.482	
6.25019	0.273339	0.406369	34.6228	-1.7567	209.763	
3.69333	0.107766	2.91677	-7.69891	2.72462	157.61	
6.49101	0.0566671	3.09304	41.0563	-12.1438	223.606	
4.41469	0.0942925	2.9848	26.6387	-2.44398	182.465	
3.50015	0.111444	2.89336	11.3952	2.77074	176.479	
6.97963	0.286384	0.381765	-44.6578	-4.32423	206.08	
16.876	0.460663	0.259731	22.5318	8.01347	230.768	
1.59258	0.179178	1.29828	49.5072	22.0951	210.076	
14.2691	0.414964	0.275346	21.3187	3.77991	225.622	
4.88174	0.0857196	3.01754	-26.7346	-7.36166	176.729	
1.88974	0.145719	2.45292	-5.96958	2.67751	248.114	
4.45251	0.240726	0.502934	43.1308	3.7533	197.71	
2.0834	0.140814	2.55561	13.2746	5.3085	98.1183	
6.82208	0.283572	0.386623	-21.744	-6.14971	190.251	
3.1568	0.216231	0.646808	37.262	16.6444	206.374	
16.6367	0.456472	0.26096	58.9996	2.44994	187.861	
14.4263	0.417722	0.274243	-41.9166	1.90881	235.541	
2.34265	0.134853	2.65626	17.771	6.18032	169.97	
1.54503	0.157212	2.12314	-30.5607	-13.2562	174.234	
1.43653	0.167793	1.72009	16.0204	-0.883793	213.466	
1.46283	0.172022	1.55376	-57.2948	-0.780759	149.068	
5.15576	0.0807277	3.03385	16.6844	-4.18555	195.179	
3.8847	0.230165	0.55319	35.5561	-0.933855	167.299	
1.75254	0.184695	1.13493	-39.318	-0.765783	240.06	
17.1486	0.465439	0.258374	-22.6434	-2.56754	240.996	
4.43495	0.0939187	2.98637	8.14014	-1.77857	201.735	
13.8367	0.407377	0.278507	8.03136	-1.41496	255.756	
3.75569	0.106586	2.92376	20.3397	-6.685	148.516	
3.73941	0.106894	2.92196	-28.8744	13.3311	222.396	
8.21913	0.308419	0.350157	18.9435	0.759137	220.551	
3.47202	0.222338	0.600952	-34.0588	-3.85438	171.851	
6.14881	0.0628007	3.0804	6.41787	-12.9048	191.593	
21.885	0.548341	0.240199	-23.9566	3.1389	223.182	
6.43758	0.0576235	3.09116	-53.7556	6.90069	217.411	
5.17588	0.0803622	3.03498	-38.0691	11.319	198.488	
4.21916	0.0979118	2.96882	14.9222	1.89143	162.251	
14.5683	0.420213	0.273268	-23.687	-5.66829	226.406	
1.4364	0.166622	1.76682	-3.0096	20.9477	167.816	
2.08064	0.14088	2.55435	-44.8116	16.5699	201.795	
4.47195	0.241084	0.501454	24.8729	1.50026	180.913	
2.96037	0.212347	0.681009	-53.4788	-21.2436	184.518	
4.21202	0.236276	0.522455	-7.44831	4.92848	193.577	
11.6941	0.369737	0.297646	-10.6695	-1.89029	204.237	
2.57323	0.12989	2.72406	-83.3627	-6.81689	214.519	
10.166	0.342829	0.316269	-17.9958	-4.52483	214.611	
7.02017	0.287107	0.380551	44.4746	2.04357	198.28	
3.80126	0.105726	2.92872	33.8098	3.43085	166.039	
2.9755	0.212648	0.67819	-34.6445	2.04867	183.788	
3.70284	0.107586	2.91785	-39.56	-16.8647	173.321	
15.598	0.438267	0.266731	22.2142	0.160206	227.422	
6.55721	0.0554824	3.09533	12.0298	-0.254729	217.643	
2.45691	0.132363	2.69186	-47.9551	-4.43419	210.458	
18.7622	0.493696	0.251148	-2.67435	3.90802	208.729	
15.6973	0.440009	0.266146	1.77396	-4.63055	245.327	
2.81403	0.124919	2.78056	40.9222	3.66366	180.66	
8.31044	0.310037	0.348208	-35.0291	-6.76881	247.368	
16.5631	0.455182	0.261345	38.3942	2.2366	242.466	
3.85832	0.104652	2.93475	48.5585	7.8085	176.668	
5.78725	0.265018	0.425296	7.48216	-2.35282	211.307	
5.79663	0.0691339	3.06578	-0.0543982	14.5733	186.698	
6.40527	0.276118	0.400656	-0.174537	-0.908852	221.325	
4.34952	0.0954967	2.97964	-65.4916	8.66359	215.076	
11.443	0.365319	0.300363	12.6457	-3.06393	187.113	
2.80594	0.125083	2.77885	7.07506	-6.27079	192.069	
8.45699	0.312634	0.345168	-0.301587	-3.40403	196.604	
2.33277	0.135072	2.65297	-19.6972	-4.75306	167.15	
5.69262	0.0710091	3.0611	-17.4844	12.6583	211.023	
2.39845	0.200692	0.816473	-25.4517	-1.56329	285.247	
5.72667	0.0703949	3.06265	21.5129	-0.982846	182.915	
2.58989	0.12954	2.72838	25.0192	15.4077	157.448	
4.92876	0.0848612	3.02047	22.5602	3.89448	191.954	
5.0966	0.252517	0.460171	-57.6285	-15.1945	185.241	
14.794	0.424171	0.271757	-11.1791	-4.04723	272.32	
6.47175	0.0570117	3.09236	24.6247	-12.2252	207.866	
16.3471	0.451397	0.262495	-30.1218	-1.91294	253.214	
13.1168	0.394739	0.284236	-55.1738	6.66904	207.779	
14.9354	0.42665	0.270834	21.2434	-7.2877	229.655	
2.57605	0.12983	2.72479	41.0927	14.608	184.952	
2.74408	0.126345	2.76537	-14.7483	-5.09709	135.442	
1.5727	0.178352	1.32542	33.0945	1.23097	152.212	
9.32305	0.327953	0.329183	-18.2301	4.3279	169.983	
18.4776	0.488712	0.252331	42.7962	9.6656	221.274	
10.946	0.356571	0.306109	-25.0112	-7.23668	226.568	
4.52681	0.092226	2.99331	-24.4375	-7.23699	180.305	
8.72678	0.31741	0.339844	-2.32316	8.95684	221.138	
1.81592	0.14776	2.40398	12.4116	6.13787	193.485	
4.58525	0.0911512	2.99757	14.8221	-0.816107	158.893	
14.6413	0.421493	0.272774	-34.7286	-6.6913	235.807	
2.3621	0.134425	2.66263	-52.5306	-1.30889	137.441	
2.5489	0.130403	2.71762	-18.6517	8.31821	191.174	
9.15422	0.324969	0.332059	3.72432	1.20194	246.135	
3.95462	0.102844	2.94449	-21.57	4.36611	208.621	
5.41949	0.258376	0.442719	4.10633	-3.60474	168.249	
20.3486	0.521461	0.245165	-28.7186	1.5228	251.367	
17.0121	0.463048	0.259048	11.1162	0.759175	210.615	
4.0588	0.100897	2.95448	20.075	-15.662	198.979	
4.01267	0.101758	2.95013	-10.0545	-4.10678	188.428	
8.81186	0.318916	0.338233	23.3101	4.29836	226.188	
16.306	0.450676	0.262717	-24.6292	-3.65089	237.956	
26.2571	0.624794	0.229253	36.5438	3.46013	232.412	
5.06901	0.0823054	3.02889	14.1496	-5.65158	186.09	
1.49465	0.174393	1.46442	-78.218	-8.64712	174.722	
3.14327	0.215965	0.649009	11.5024	-1.90044	160.285	
2.15997	0.138998	2.58882	-4.18716	-6.17189	158.191	
5.55887	0.0734237	3.05482	-10.642	2.10342	200.567	
5.50501	0.0743971	3.05221	-21.398	-1.41716	181.623	
2.27649	0.197993	0.85715	-42.9428	-0.694144	244.714	
3.50589	0.111334	2.89409	-14.3576	-8.76436	162.179	
12.4167	0.38244	0.290449	5.59719	-6.43007	218.027	
6.80173	0.283209	0.387267	53.9632	3.36984	177.069	
10.0251	0.340344	0.318276	-35.2488	2.45799	187.068	
3.09002	0.119403	2.83278	-14.3564	4.69693	182.001	
10.8259	0.354458	0.307576	0.793824	1.87612	211.468	
10.0947	0.341571	0.317277	4.67735	8.05456	232.103	
3.93706	0.103173	2.94275	16.4511	15.6895	203.055	
3.97975	0.102374	2.94695	-9.74384	-1.90795	209.744	
12.7625	0.388515	0.287295	14.7975	1.88767	242.761	
2.11463	0.140066	2.56957	72.5374	5.08299	191.449	
5.37132	0.257504	0.445184	8.98244	-3.96814	161.353	
3.51094	0.223083	0.595921	14.5832	0.661516	206.088	
13.3226	0.398353	0.282535	61.5213	3.57142	221.439	
4.47881	0.09311	2.98972	-14.0372	-5.36406	181.945	
2.8961	0.123261	2.7973	-27.0675	13.4316	187.441	
11.3815	0.364238	0.301046	-32.5769	2.05891	215.292	
1.43689	0.166313	1.77911	107.063	-11.6814	205.026	
4.88547	0.248669	0.472887	19.6913	-2.04534	196.729	
5.64101	0.0719402	3.05872	-7.3173	1.14979	185.757	
2.35383	0.199714	0.830719	-3.91357	9.8048	203.007	
5.2744	0.0785736	3.04037	-6.82566	0.0989255	159.786	
2.44796	0.201765	0.801436	-29.87	3.37561	229.062	
2.35357	0.199708	0.830804	76.6193	3.70207	192.075	
17.0531	0.463766	0.258845	-18.7485	0.446015	231.895	
8.44367	0.312398	0.34544	5.40582	2.79402	243.729	
5.54198	0.0737289	3.05401	-20.5425	-5.25374	185.025	
2.50269	0.131383	2.70498	-47.0003	-0.889826	193.256	
2.27493	0.136363	2.63295	-49.6976	-13.4751	193.112	
4.23343	0.0976471	2.97004	35.6014	6.48302	181.181	
3.25029	0.116264	2.85849	17.0909	5.7092	218.64	
4.87986	0.085754	3.01742	-18.3874	-2.08759	200.911	
4.35953	0.0953116	2.98045	-3.71104	5.72627	204.343	
3.83975	0.105001	2.93281	-43.3086	-0.979887	171.826	
5.31323	0.256451	0.448219	16.9894	-13.2458	224.058	
2.53849	0.130623	2.71482	19.1924	0.528151	231.355	
3.71123	0.107427	2.9188	43.3316	14.8941	177.747	
8.64554	0.315972	0.341412	-12.6939	-2.95649	245.528	
9.96306	0.33925	0.319176	-43.3346	-2.61668	209.546	
5.40862	0.0761411	3.04739	29.8331	-16.262	172.998	
3.66908	0.108226	2.91398	25.2921	-4.74287	164.481	
3.30994	0.219215	0.623312	-6.47602	-4.79325	210.775	
1.53937	0.157483	2.11375	-31.0785	-12.8505	212.374	
4.99224	0.0837036	3.02434	26.6181	-3.33717	207.06	
3.59722	0.109591	2.90546	49.3254	2.43626	198.329	
2.076	0.193328	0.93844	9.36484	3.12637	209.118	
2.59892	0.12935	2.73069	26.0188	-1.06843	200.166	
4.0797	0.100506	2.95641	51.9368	-5.86159	220.465	
4.24285	0.0974723	2.97084	-0.245217	4.55571	232.569	
1.99395	0.143015	2.51201	-17.7652	15.0465	213.745	
9.24248	0.326529	0.330542	-33.8952	-3.4527	247.345	
11.0498	0.3584	0.304865	22.6796	-9.67751	228.616	
6.93993	0.285675	0.382968	-20.4282	-1.87528	161.735	
10.4005	0.346963	0.313052	-32.3158	-10.6012	215.348	
1.61112	0.154412	2.21581	-61.791	-8.66997	159.079	
4.82672	0.086725	3.01403	-7.74528	-11.4613	171.887	
3.72922	0.107086	2.92083	-26.7604	1.01857	137.146	
2.97171	0.121748	2.81177	-3.8409	-3.61332	162.623	
1.48355	0.160661	1.99902	73.3336	-5.71531	168.432	
2.63491	0.205722	0.750942	-1.48877	5.69479	169.621	
2.23079	0.137363	2.61674	32.39	13.7918	161.265	
5.51875	0.0741487	3.05288	24.0843	-1.08371	194.028	
3.76567	0.106398	2.92486	-0.402797	-1.95872	182.322	
2.14722	0.139296	2.58353	-30.2509	11.2161	211.653	
5.58542	0.0729441	3.05609	2.11308	-11.3644	196.15	
4.48651	0.241353	0.500354	-32.0266	-14.2689	185.174	
2.10538	0.140287	2.5655	44.0653	5.80115	144.395	
2.01766	0.142422	2.52414	69.4093	13.3517	133.899	
2.91761	0.122829	2.8015	-21.6699	-4.05248	183.251	
2.20975	0.196476	0.881958	-69.2465	-11.6124	178.946	
5.68048	0.071228	3.06054	-38.7923	-19.9981	219.803	
8.8861	0.320229	0.336853	32.4739	-11.4056	181.831	
2.73743	0.207839	0.726784	-4.60572	15.4497	155.333	
3.8677	0.104475	2.93572	36.3879	14.8111	164.433	
3.99045	0.102174	2.94799	-5.00373	14.7541	190.29	
9.34984	0.328426	0.328736	-15.6418	-1.44516	237.505	
5.42211	0.0758969	3.04807	-11.568	-14.675	166.952	
6.27529	0.0605315	3.08523	-14.2213	-9.61491	160.316	
2.4695	0.132093	2.69553	-77.3635	-8.88134	168.35	
3.55554	0.110386	2.90035	-16.5477	-3.8663	182.418	
2.43901	0.132749	2.68656	46.2689	10.914	174.839	
7.45281	0.294812	0.368434	-8.72372	7.05809	203.104	
13.3231	0.39836	0.282531	26.8096	2.28607	192.87	
10.5498	0.349593	0.31108	14.7961	1.61579	205.754	
1.8896	0.145723	2.45283	-33.7688	12.3507	230.661	
2.25685	0.136771	2.62641	45.4214	12.6331	191.041	
3.397	0.113425	2.87965	-1.55208	-9.21447	194.991	
13.8375	0.407391	0.278501	25.5197	7.0657	233.063	
9.79724	0.336325	0.321642	-12.7337	7.37493	180.261	
1.88644	0.145808	2.45087	29.3988	14.6295	213.142	
1.75069	0.149682	2.35421	46.2166	3.4141	114.427	
4.8567	0.086177	3.01595	-23.8689	4.99422	192.359	
1.49308	0.174293	1.4681	60.9621	1.60755	199.393	
2.33599	0.135001	2.65405	0.327358	4.94356	215.29	
8.20794	0.308221	0.350399	2.94582	-4.94775	176.255	
2.09778	0.140469	2.56211	20.6303	17.0497	110.448	
3.33643	0.114593	2.87117	-15.6057	6.59757	125.005	
3.88887	0.104078	2.93789	54.926	-1.54937	176.022	
6.6517	0.280528	0.392142	18.1332	8.64619	186.665	
4.73242	0.24587	0.482848	-2.03404	-2.25445	158.496	
2.01924	0.142383	2.52493	-5.86779	-8.7596	175.528	
9.00319	0.3223	0.334724	-1.42293	-2.81607	178.153	
13.0263	0.39315	0.285001	-1.17018	1.34903	209.622	
3.29628	0.115371	2.86535	2.43809	-6.21265	153.827	
4.61056	0.0906862	2.99938	19.7129	7.48961	204.625	
5.16266	0.0806024	3.03424	59.6116	30.4638	188.557	
3.35099	0.114312	2.87324	11.2723	4.55324	201.244	
3.42968	0.221525	0.606567	43.6812	-5.81831	202.432	
2.87002	0.210534	0.698557	-75.1264	-7.16771	155.44	
14.4823	0.418704	0.273857	-6.61342	0.484112	222.098	
14.2389	0.414435	0.27556	-35.7519	2.18773	241.635	
2.98634	0.121456	2.81447	25.9276	-3.88709	234	
3.18886	0.117462	2.84898	0.21637	-14.4793	169.74	
5.22007	0.0795595	3.03743	-46.7602	15.828	176.971	
10.7396	0.352938	0.308652	6.4128	2.23655	238.043	
14.1975	0.413708	0.275855	-13.7144	1.59957	221.244	
6.34259	0.0593251	3.08773	31.3133	-0.355982	220.733	
8.08802	0.306094	0.353035	10.8005	-2.39084	223.264	
9.13135	0.324565	0.332457	-28.1586	-1.00486	226.478	
1.95019	0.144129	2.48843	2.79469	-5.36972	228.976	
2.92082	0.122765	2.80212	1.7201	3.3936	201.819	
1.80914	0.147954	2.39911	28.1646	-1.31775	230.453	
6.77642	0.282757	0.388074	-17.9141	7.83226	214.647	
2.05498	0.192818	0.948285	50.0139	18.4166	215.551	
11.1383	0.359957	0.303824	33.4861	3.69587	210.775	
16.8819	0.460767	0.259702	37.2686	2.6138	270.21	
2.86249	0.123938	2.79058	30.4549	-1.27992	212.26	
5.02013	0.0831955	3.02601	22.682	-3.52559	205.713	
9.92445	0.338569	0.319743	0.971032	-14.381	253.424	
12.4377	0.382808	0.290253	28.3403	0.634715	222.351	
9.41817	0.329633	0.327609	3.39327	3.99084	213.432	
16.1639	0.448186	0.263495	-7.81469	3.76422	233.804	
1.65774	0.181615	1.22224	-9.89019	-17.5531	242.721	
2.31259	0.13552	2.64613	24.5578	0.982587	226.498	
2.36912	0.134271	2.6649	7.41188	-1.02086	175.198	
3.48493	0.111736	2.89139	-3.85657	12.4259	182.569	
3.21838	0.116886	2.8536	20.6635	-7.79126	192.426	
4.27578	0.237459	0.517052	5.55349	0.671205	158.53	
13.3132	0.398188	0.282611	16.4979	-6.88081	242.941	
1.8406	0.147064	2.42111	55.0574	2.32214	183.732	
6.39967	0.276018	0.400858	38.1978	5.1312	173.981	
16.4842	0.453799	0.261762	3.17214	2.9255	276.197	
14.0808	0.41166	0.276698	-44.409	8.8534	225.807	
5.91618	0.267339	0.419718	15.5691	5.33058	182.181	
13.8944	0.408389	0.278074	-7.36481	-3.60517	206.439	
6.64108	0.0539825	3.09816	-13.8883	7.93779	236.252	
5.76337	0.264587	0.426358	-13.7739	-8.19409	203.847	
3.035	0.12049	2.82324	21.2123	-1.47266	190.173	
2.84151	0.124362	2.78629	6.03516	3.33602	161.744	
2.23583	0.137248	2.61863	24.6803	11.6235	220.798	
6.42486	0.0578513	3.0907	28.0168	13.5875	178.377	
15.4642	0.435923	0.267531	-8.31881	1.25115	195.381	
3.70849	0.226842	0.572168	-37.4316	0.187879	184.32	
8.63331	0.315756	0.34165	16.4628	14.2812	184.737	
2.72762	0.207638	0.729002	-7.85607	-6.76115	188.084	
5.91293	0.06704	3.0708	19.002	-9.17508	193.81	
4.59693	0.243384	0.492249	-31.4526	-5.70566	201.13	
5.27232	0.0786113	3.04026	4.0797	-15.1989	171.65	
3.08098	0.119581	2.83124	-11.9901	-8.83889	177.421	
4.88852	0.0855958	3.01796	-13.2138	-3.75385	169.117	
2.73002	0.126633	2.7622	16.6858	-2.55446	208.715	
14.1593	0.413037	0.27613	-66.6759	-2.85008	221.173	
14.8233	0.424685	0.271564	-32.6167	-5.4034	243.048	
1.62058	0.180269	1.2635	100.249	9.9049	212.159	
2.14843	0.195053	0.906625	36.739	3.11496	199.426	
2.29227	0.198347	0.851566	3.80589	-4.07177	191.332	
3.78891	0.105959	2.92739	19.2434	12.358	155.303	
3.66655	0.108274	2.91368	-4.8492	4.70541	220.608	
3.47629	0.111901	2.89027	-9.85499	9.76054	191.182	
7.26562	0.29148	0.373496	-13.759	1.54754	212.99	
2.52422	0.130925	2.71094	-14.3611	-10.2115	144.36	
4.4852	0.0929923	2.99021	33.8079	7.74167	185.859	
3.84462	0.10491	2.93332	-84.9169	5.66119	168.897	
1.83299	0.147277	2.41592	75.3341	0.0349884	168.335	
3.10867	0.119035	2.83593	30.255	5.92767	193.141	
10.1286	0.34217	0.316795	53.6302	10.3338	175.88	
2.64129	0.128466	2.74128	-3.81897	4.60156	166.623	
2.22559	0.196839	0.875888	25.4508	5.16642	213.066	
12.2521	0.379548	0.292013	-1.00967	-5.45054	232.833	
5.97419	0.268383	0.417289	-3.626	9.33831	191.065	
2.67499	0.206554	0.741232	8.43484	-2.03748	173.9	
2.99893	0.121206	2.81677	-54.4137	-6.16467	201.846	
4.93705	0.0847101	3.02098	-67.0783	9.68964	183.063	
16.4624	0.453417	0.261877	-18.4058	-1.28205	237.854	
2.46263	0.20208	0.797127	47.071	-0.37314	234.381	
4.03682	0.101307	2.95242	-21.1532	-3.28484	132.043	
12.9094	0.391097	0.286006	-13.3159	19.4707	235.543	
3.78105	0.106107	2.92654	-38.5284	-6.55832	193.289	
3.73739	0.106932	2.92174	-23.2593	-3.78066	202.591	
4.20256	0.0982201	2.96739	51.6571	-2.13167	109.287	
1.72636	0.150436	2.33369	2.64639	4.91954	163.203	
1.63361	0.153568	2.2422	-0.150541	1.62011	183.267	
4.54649	0.0918639	2.99476	-22.1386	-12.8875	200.768	
4.58687	0.243199	0.49297	-49.2265	2.27763	177.833	
2.93211	0.211782	0.686363	-26.2332	3.33731	180.786	
3.67279	0.226165	0.576254	-15.7232	3.78857	184.078	
4.25959	0.0971618	2.97225	-24.9924	-9.19748	195.791	
4.03996	0.101248	2.95271	-1.64807	-9.89724	154.596	
2.07147	0.141102	2.55012	28.9938	6.42958	235.244	
2.12754	0.194561	0.915484	11.3521	-0.302629	215.908	
14.1752	0.413316	0.276016	17.4311	-5.71459	248.649	
6.48741	0.0567315	3.09291	2.78771	6.04383	196.724	
3.36233	0.220228	0.615822	-49.7873	-10.6403	172.099	
3.7351	0.106975	2.92148	-70.1505	2.31999	185.226	
2.74119	0.126404	2.76472	29.7576	16.4459	201.149	
15.7445	0.440837	0.265871	22.7343	3.03397	200.87	
13.1679	0.395636	0.283809	37.7486	0.804797	268.616	
3.30706	0.115162	2.86693	-31.7938	-10.5625	188.652	
2.52059	0.131002	2.70994	64.8096	4.51995	190.112	
4.6597	0.089784	3.00284	28.7956	3.27744	201.062	
2.57075	0.129942	2.72341	-10.972	-17.0384	195.595	
9.12688	0.324486	0.332535	-5.48677	-4.21878	225.715	
4.1869	0.0985111	2.96603	32.2314	13.7593	180.997	
4.66631	0.0896626	3.0033	16.7732	0.396045	176.822	
1.99987	0.142866	2.51508	29.6213	-11.7046	189.419	
2.48057	0.131856	2.69871	28.0242	13.3511	176.616	
3.48312	0.11177	2.89115	39.2504	18.3123	185.442	
2.79948	0.125214	2.77748	22.0775	-14.7726	166.576	
4.11509	0.099847	2.95965	-12.0286	4.42855	153.528	
5.86993	0.266507	0.42169	-17.1889	7.6598	196.011	
8.50087	0.313411	0.344279	-9.29998	-0.697966	204.564	
2.63283	0.128642	2.7392	10.8954	3.11096	192.823	
7.61447	0.297686	0.364267	-30.3425	8.03682	213.121	
18.7805	0.494016	0.251074	29.2822	2.40438	215.447	
6.56804	0.279032	0.394959	-19.5127	1.966	190.611	
14.9754	0.427352	0.270576	22.9391	-3.41619	241.694	
5.16613	0.0805392	3.03444	-2.45987	11.0198	176.129	
19.5849	0.508096	0.247924	-6.88417	1.92598	255.161	
4.10249	0.100082	2.9585	15.7347	-12.08	191.913	
1.4366	0.166479	1.77249	-28.4009	-4.94922	174.056	
4.74041	0.246016	0.482312	-9.15122	-15.1372	149.783	
3.4778	0.111872	2.89046	-39.3357	-4.14765	173.73	
7.23663	0.0433566	3.11635	64.5971	7.87734	230.25	
2.7643	0.125931	2.76985	24.2618	1.04705	180.441	
1.98591	0.143217	2.5078	-22.8392	10.8111	214.169	
13.7351	0.405594	0.279279	-3.6439	0.0829863	213.995	
2.96424	0.121897	2.81037	-13.2666	-5.7742	183.68	
3.99512	0.232235	0.542218	-23.7035	11.892	214.784	
2.53093	0.130783	2.71277	-54.0946	-8.09318	209.489	
6.69565	0.0530071	3.09997	-43.0269	-13.4864	176.863	
6.97275	0.286261	0.381972	16.2678	-0.24468	200.018	
11.761	0.370913	0.296943	-34.295	0.307417	211.545	
9.47413	0.330621	0.326698	28.047	0.992817	176.672	
3.8419	0.104961	2.93303	-3.57432	6.78747	243.399	
2.55246	0.130328	2.71857	80.5596	8.85342	156.912	
4.99026	0.0837397	3.02422	-52.574	-3.01786	176.42	
5.81649	0.265544	0.424009	17.3101	-3.2561	201.306	
2.23485	0.19705	0.872395	22.8496	1.30962	204.808	
3.51578	0.111145	2.89536	-22.1578	-10.2203	188.519	
2.43839	0.132763	2.68638	-2.66188	-7.9095	178.828	
2.26376	0.136615	2.62893	38.2585	8.60045	216.539	
4.45271	0.0935911	2.98774	16.8506	-0.945092	221.135	
2.19032	0.138292	2.60109	41.6493	2.69339	158.847	
8.2347	0.308695	0.349822	31.8743	-2.61618	235.244	
5.22935	0.079391	3.03793	-7.17634	4.61845	202.879	
9.38054	0.328968	0.328228	21.5175	-1.63595	205.866	
2.37335	0.200143	0.824402	26.48	-0.783491	138.882	
8.23078	0.308625	0.349906	-8.13641	-8.25803	186.986	
14.5564	0.420004	0.273349	11.5302	-0.431228	212.66	
5.87603	0.0677042	3.06923	-40.2285	9.80928	222.897	
2.44155	0.132694	2.68732	-27.672	-4.30151	181.783	
4.41398	0.0943057	2.98475	-21.8349	-5.52562	226.88	
3.2252	0.116753	2.85465	-26.6408	-5.59878	177.85	
1.512	0.158902	2.06359	-22.3404	11.5337	251.735	
1.48783	0.173951	1.48079	12.4663	9.7074	203.024	
2.88505	0.123484	2.79511	-51.5863	-7.32893	192.04	
4.59577	0.0909577	2.99833	-5.99078	-6.95836	197.441	
5.946	0.0664451	3.07219	49.3917	-4.37662	227.044	
1.70865	0.183321	1.17269	-50.8758	0.808352	210.769	
2.84031	0.124386	2.78604	-41.8181	17.0112	164.87	
18.1689	0.483308	0.253655	11.4777	3.0495	256.446	
12.8365	0.389816	0.286642	16.8958	6.16492	222.439	
7.43926	0.294571	0.368792	18.6403	-2.19279	205.347	
1.45421	0.163164	1.90344	-7.19691	-8.54228	171.338	
3.74661	0.106758	2.92276	56.7022	4.13655	146.602	
3.03302	0.213792	0.667768	12.1846	7.61967	160.617	
3.98228	0.102326	2.9472	-32.6925	1.80296	194.452	
4.22899	0.0977295	2.96966	16.9146	-4.30818	142.348	
2.02798	0.142166	2.52928	58.5279	-1.41827	192.973	
4.86995	0.0859351	3.01679	35.8057	-1.58694	202.61	
3.63303	0.10891	2.90975	30.7288	10.5292	180.403	
1.43615	0.166897	1.75583	43.6122	18.0742	240.472	
1.45125	0.163506	1.8901	16.348	-9.91334	145.645	
3.14466	0.215993	0.64878	12.0921	-13.364	190.52	
2.96852	0.121811	2.81117	51.8289	2.47235	174.122	
3.44393	0.112522	2.886	39.3072	-0.173114	224.428	
3.0983	0.119239	2.83418	-39.2698	25.1956	192.583	
5.77438	0.0695349	3.06479	-45.6468	-4.39805	204.041	
3.15591	0.118107	2.84371	9.56279	5.80316	179.532	
7.42006	0.294229	0.369301	-24.3931	6.23343	182.283	
1.7908	0.148485	2.38563	-8.78335	3.26787	216.643	
3.38142	0.113725	2.8775	34.8138	1.34123	123.69	
3.35737	0.220132	0.61652	-58.9009	4.05798	174.257	
1.54775	0.177237	1.36312	-39.719	2.29101	231.074	
4.06307	0.233504	0.535784	-41.1333	-9.64492	202.264	
6.59089	0.05488	3.09648	-27.7823	-5.15101	182.128	
4.9675	0.0841547	3.02285	-12.5365	-7.05716	181.326	
22.7053	0.562689	0.237823	12.3054	-4.0594	250.233	
13.2	0.3962	0.283542	-14.1641	-11.7305	205.081	
7.99732	0.304485	0.355081	12.3155	10.6534	162.74	
5.70824	0.263593	0.428844	12.5988	13.1769	219.925	
19.0545	0.498812	0.249971	45.3886	6.41411	237.342	
4.04148	0.10122	2.95286	30.0374	4.87809	168.718	
4.90288	0.0853336	3.01886	-27.7921	3.6624	206.687	
4.71313	0.0888042	3.00651	-38.9692	-2.35674	167.245	
3.24076	0.11645	2.85704	9.02953	-1.47063	174.766	
4.7216	0.088649	3.00708	4.70873	-17.264	190.02	
5.42521	0.25848	0.442429	51.033	3.04341	191.216	
14.1844	0.413477	0.27595	45.0034	2.3288	247.306	
21.3174	0.538412	0.24195	-3.69096	-1.32126	232.306	
2.12219	0.139887	2.57286	79.8322	17.7196	159.985	
1.96081	0.190465	0.996351	-16.783	-7.84686	209.295	
8.18138	0.30775	0.350976	-14.3201	4.36017	194.044	
4.65083	0.0899467	3.00222	28.9165	-12.1208	193.591	
20.3093	0.520774	0.245302	-5.47672	-1.14655	231.588	
5.43581	0.0756489	3.04876	-13.3074	-1.652	147.934	
1.59596	0.155007	2.19678	35.8339	1.21621	175.57	
1.51154	0.175393	1.42799	6.88818	-0.395106	141.595	
1.54308	0.157305	2.11993	75.359	0.584663	149.727	
12.7508	0.38831	0.287398	28.2934	5.4883	229.611	
5.32968	0.0775711	3.04331	-9.62887	-10.0452	186.534	
3.69168	0.107797	2.91658	2.85903	1.71731	179.801	
5.14218	0.0809745	3.03309	-32.4356	1.27966	195.41	
1.70614	0.18324	1.17497	-46.6496	-5.35903	172.846	
1.58963	0.155262	2.18849	-61.389	0.161952	186.748	
3.98123	0.102346	2.9471	14.2509	-1.92754	206.181	
6.10467	0.0635933	3.07866	40.0455	-9.82603	193.044	
4.62329	0.0904523	3.00028	48.035	-7.59306	175.888	
3.9787	0.231927	0.543808	-5.86713	2.03393	226.625	
2.63383	0.205699	0.751208	84.8097	0.592871	207.869	
4.50769	0.0925781	2.99189	-33.4436	12.487	191.137	
4.70051	0.0890356	3.00565	33.8955	-2.48461	174.77	
1.57015	0.156078	2.16159	68.7604	13.4815	193.293	
2.26626	0.136559	2.62983	44.3389	5.42451	182.668	
16.6196	0.456172	0.261049	-23.5457	1.29064	225.321	
4.01458	0.101722	2.95031	-18.1738	-10.5634	149.552	
10.967	0.356941	0.305855	53.3976	-2.27204	206.364	
1.50391	0.159365	2.04683	138.719	12.6759	193.816	
14.4797	0.418658	0.273874	-11.0154	3.58929	228.113	
1.83195	0.147306	2.4152	-43.4355	-12.8585	189.64	
2.86323	0.123923	2.79073	-59.9282	6.95224	210.619	
20.1771	0.518459	0.245767	11.3558	-2.21695	202.236	
5.18898	0.0801241	3.03571	-4.33144	-7.43288	217.319	
3.94574	0.103011	2.94361	3.33902	-13.4164	167.743	
1.50355	0.159386	2.04606	-15.4739	15.1932	214.61	
5.14972	0.0808375	3.03351	-41.8753	6.83426	212.966	
15.6466	0.43912	0.266444	-24.2713	5.41797	223.175	
2.57658	0.129819	2.72493	7.91838	5.71774	210.173	
7.50752	0.295785	0.367003	-20.7185	-8.99509	188.922	
2.87585	0.123669	2.79327	-24.892	6.16848	164.984	
2.80853	0.125031	2.7794	-21.844	8.64593	156.827	
3.42052	0.112972	2.88286	-29.1483	6.24829	194.277	
10.584	0.350195	0.310636	17.9207	-4.02851	195.384	
1.82406	0.186792	1.08094	-45.2295	-3.12072	202.199	
18.5016	0.489133	0.25223	15.5642	3.64297	247.2	
1.80335	0.1862	1.09574	-20.2993	-23.3384	216.256	
1.51932	0.175819	1.41275	-24.2929	4.93317	244.485	
3.42756	0.221484	0.606851	-17.2352	-3.55696	189.207	
4.22117	0.0978745	2.96899	10.9225	-3.86437	170.346	
1.59243	0.155149	2.19218	85.6679	1.62561	194.008	
2.69086	0.127439	2.75317	-7.2033	0.352805	232.195	
4.04695	0.233203	0.537289	1.92565	8.28505	201.86	
6.36955	0.058842	3.08871	-13.1606	4.20316	193.962	
1.73724	0.184224	1.14764	36.2676	-2.73704	174.393	
10.9962	0.357456	0.305504	10.0057	9.7693	198.282	
9.82092	0.336742	0.321285	-31.4179	-3.78577	214.281	
2.30824	0.198704	0.846018	-15.5185	-6.30472	209.628	
5.56067	0.0733912	3.05491	-28.6272	-2.24943	189.71	
15.0543	0.428736	0.270071	-17.0987	-3.06785	204.318	
1.84798	0.146859	2.42607	0.318614	15.174	210.467	
11.1175	0.359592	0.304066	20.9442	-3.76648	238.439	
6.35103	0.275147	0.402621	-61.0857	-4.30713	182.987	
5.82777	0.265748	0.423516	-7.69396	-0.198775	181.382	
4.30193	0.237943	0.514886	15.2389	-7.89336	176.395	
4.90611	0.249046	0.471593	39.8626	9.02509	163.619	
13.5817	0.4029	0.280467	-1.86896	4.10848	204.524	
1.43656	0.167815	1.71923	-16.2478	-7.16424	207.985	
5.88704	0.067506	3.0697	-13.6699	-2.4809	203.238	
1.70586	0.15109	2.31543	7.51539	-9.50962	211.695	
4.92756	0.0848832	3.0204	-22.3531	5.57782	182.043	
4.96809	0.0841439	3.02288	15.9724	-1.98344	162.523	
1.95956	0.143888	2.49362	7.58564	17.3211	194.178	
12.0711	0.376365	0.293783	25.6035	-11.348	211.15	
10.9667	0.356936	0.305859	48.0713	-7.10305	261.076	
20.0684	0.516557	0.246153	-31.7144	-0.66459	268.091	
6.52972	0.278346	0.396274	-29.2335	-10.7153	214.321	
15.3107	0.433232	0.268466	-11.009	8.09507	209.955	
2.96584	0.212456	0.679986	-48.0317	-1.40457	184.754	
15.3794	0.434436	0.268045	24.4294	-3.89684	282.264	
16.488	0.453865	0.261741	9.68371	4.52659	235.78	
11.1771	0.360641	0.303372	42.3087	-6.86006	224.826	
5.14804	0.0808679	3.03342	14.6934	5.47606	213.439	
11.2646	0.362181	0.302366	31.7648	-6.84799	236.292	
4.4931	0.0928468	2.9908	22.2732	0.484256	190.173	
5.20556	0.254498	0.45403	-0.114505	-4.05495	170.256	
5.37541	0.257578	0.444973	12.4785	13.4668	167.98	
10.0396	0.340601	0.318065	17.2246	-10.0783	195.657	
4.06517	0.100778	2.95507	9.62356	12.2438	150.657	
2.95865	0.212312	0.681332	63.0599	0.900584	169.045	
8.05383	0.305488	0.353801	-26.4152	7.24159	211.115	
2.71142	0.127016	2.75795	-28.8522	-9.56127	219.406	
2.04603	0.141722	2.53809	-13.3625	-1.38937	222.75	
11.7725	0.371116	0.296822	55.0751	1.78185	212.553	
2.20506	0.137953	2.60688	-45.3843	2.88163	183.142	
2.74712	0.126283	2.76605	-16.681	5.40288	179.741	
2.33379	0.199271	0.837348	-31.1988	4.1605	219.179	
3.77442	0.106232	2.92582	34.9761	8.61455	215.728	
7.46786	0.29508	0.368038	2.03768	-5.27658	194.609	
3.48463	0.111741	2.89135	-1.78923	-11.7629	205.359	
1.97614	0.143465	2.50261	38.5406	-4.97367	141.609	
1.45767	0.162797	1.91768	12.7077	11.9694	153.151	
2.6316	0.128668	2.7389	-26.0972	1.69784	186.923	
2.87962	0.210728	0.696633	11.6431	6.99667	180.258	
9.04141	0.322975	0.334041	-19.606	3.95141	215.954	
15.4778	0.436161	0.267449	-17.0472	-2.96178	232.745	
4.54336	0.242399	0.496129	64.3087	10.097	189.709	
4.71075	0.0888478	3.00635	-44.6874	-5.66209	177.444	
4.89184	0.248786	0.472486	-19.7691	4.22242	199.982	
17.1755	0.465911	0.258242	4.84084	-3.93645	252.218	
10.205	0.343516	0.315724	-0.617646	-7.09704	191.57	
4.43293	0.093956	2.98622	-23.1942	2.34801	212.651	
5.6917	0.0710256	3.06106	49.0534	8.64434	184.382	
3.8428	0.104944	2.93313	-11.8004	1.44082	209.787	
1.98698	0.14319	2.50836	34.7666	-1.33118	191.99	
9.71648	0.3349	0.322874	10.0072	-11.7353	218.037	
17.0448	0.46362	0.258886	15.2916	2.51355	208.118	
15.5858	0.438053	0.266804	0.3515	0.637908	205.015	
4.20355	0.0982016	2.96747	17.1894	-9.49862	201.837	
4.58495	0.0911566	2.99755	-1.9374	2.43432	195.205	
3.69387	0.107756	2.91683	43.9433	-5.79838	197.017	
2.03051	0.142103	2.53053	5.95704	-15.6838	187.387	
13.0659	0.393845	0.284665	75.0478	-5.89729	185.257	
5.91943	0.066923	3.07108	40.0658	-7.15669	171.031	
3.84253	0.104949	2.9331	19.7987	0.422126	162.4	
2.70773	0.127091	2.7571	23.003	4.44436	200.409	
1.44709	0.164049	1.86883	11.694	-15.0804	217.07	
4.11004	0.23438	0.531469	-25.6058	-14.3346	169.172	
6.95858	0.286008	0.382401	-23.002	-1.98413	199.104	
4.80869	0.0870547	3.01286	4.74156	-8.89025	183.333	
2.8307	0.124581	2.78405	2.38024	11.4794	207.61	
1.49118	0.174171	1.4726	66.0017	8.87422	242.75	
5.75876	0.264504	0.426564	13.2987	-7.55859	216.388	
1.76855	0.149143	2.36855	48.2695	-5.83983	190.263	
3.68339	0.107954	2.91563	8.3308	-3.70783	199.495	
2.34754	0.134745	2.65787	0.927926	-5.62295	170.645	
1.58348	0.155515	2.18024	7.19745	9.81293	172.543	
4.48427	0.0930095	2.99014	20.7927	-0.378808	174.233	
5.3426	0.077337	3.04398	31.3516	8.09493	203.217	
3.00871	0.121011	2.81854	2.62874	8.53872	217.466	
4.22498	0.0978039	2.96931	7.56191	2.66986	186.565	
1.76662	0.18512	1.12363	20.3903	9.33964	234.566	
10.7564	0.353233	0.308442	38.6685	2.09488	200.719	
10.7795	0.35364	0.308152	22.6512	-1.41914	224.927	
8.46853	0.312838	0.344934	1.30677	-0.00584242	202.036	
4.38566	0.0948286	2.98253	-17.4841	3.65757	149.078	
6.81196	0.0509293	3.10372	-37.0554	10.6128	223.904	
10.829	0.354512	0.307538	-54.0218	5.92248	218.509	
8.93319	0.321062	0.33599	14.7349	10.157	206.714	
3.13282	0.11856	2.83994	38.7992	10.0003	177.965	
3.32821	0.114753	2.86999	-25.6765	16.0031	184.316	
1.72032	0.150627	2.32841	-36.0515	-17.9653	245.348	
5.96748	0.268262	0.417568	-23.5387	12.4105	204.245	
12.1436	0.377641	0.293067	36.7841	5.22046	225.874	
13.8651	0.407875	0.278293	-1.596	-0.521999	223.761	
5.39682	0.257966	0.443873	-1.5146	-2.97069	192.391	
2.51185	0.131188	2.70753	-3.73329	2.05276	226.891	
4.10355	0.234259	0.532059	-6.36537	5.31695	220.994	
1.45481	0.163097	1.90602	-73.062	-0.157124	226.037	
9.06283	0.323354	0.333661	-2.80889	11.3542	159.698	
2.04659	0.141708	2.53836	17.3227	-21.685	189.906	
4.3496	0.238825	0.511008	51.3745	1.08672	183.067	
6.79804	0.051178	3.10327	21.3853	17.2756	166.065	
1.45094	0.170777	1.60206	35.8498	19.7138	211.542	
4.14244	0.0993378	2.9621	2.3659	4.98649	176.124	
2.5725	0.129905	2.72386	19.2761	6.27053	200.094	
14.296	0.415435	0.275155	18.3969	-4.60735	204.962	
4.93336	0.249543	0.469903	37.5982	-1.85346	167.802	
4.38864	0.0947736	2.98276	-3.95286	1.93199	156.419	
14.0114	0.410443	0.277206	-1.27884	2.62461	233.802	
3.77666	0.22813	0.564598	-33.5218	-6.47827	226.482	
2.05792	0.141431	2.54377	-72.0875	-0.90244	198.725	
8.3663	0.311027	0.347037	39.7688	12.1593	204.386	
4.78297	0.0875252	3.01117	63.139	2.57729	176.024	
15.3225	0.433438	0.268394	12.0781	-9.05972	226.633	
3.31224	0.115062	2.86768	36.7628	-13.026	204.163	
6.98557	0.28649	0.381586	-11.8825	6.1616	197.009	
5.20788	0.0797808	3.03676	31.7598	-7.9776	187.514	
12.0834	0.376582	0.293661	-31.7833	-4.43719	220.068	
4.31841	0.0960721	2.97712	-43.2899	-15.5532	209.982	
1.46242	0.162336	1.93545	-88.7868	-8.07972	192.925	
4.7406	0.088301	3.00836	14.8506	-9.88446	199.438	
1.9903	0.143107	2.51011	-101.602	9.96013	185.665	
8.6167	0.315462	0.341976	11.8985	-8.69102	161.887	
1.55966	0.156539	2.14611	33.7135	19.8682	222.129	
5.24242	0.255167	0.452013	4.2741	-6.85896	185.717	
4.1408	0.234952	0.528701	32.0044	-0.27556	180.435	
9.77555	0.335942	0.321971	-8.0711	11.6256	249.359	
7.96818	0.303968	0.355749	-62.2644	-6.93456	227.71	
2.95238	0.212187	0.68251	-62.5278	5.90808	192.654	
7.50924	0.295815	0.366959	-33.3258	10.5417	182.883	
9.17677	0.325368	0.331668	-14.9305	-13.5927	223.59	
6.20001	0.0618817	3.08238	-9.72844	18.8384	193.908	
4.09185	0.234041	0.533128	-20.0557	9.50383	181.093	
2.31774	0.198915	0.842765	-39.7029	13.4931	177.897	
4.14691	0.0992547	2.9625	-36.7904	-11.1377	180.872	
8.40373	0.31169	0.346261	-38.5958	0.125958	195.553	
4.01113	0.101787	2.94998	-6.1575	4.97105	149.477	
8.24085	0.308804	0.34969	-29.4077	-16.8187	181.102	
12.5332	0.384487	0.289366	33.9093	-1.01962	230.085	
3.39341	0.113494	2.87916	-57.3453	6.88076	190.704	
11.1238	0.359701	0.303994	51.8645	-4.20501	200.935	
10.3427	0.345944	0.313831	-1.12664	4.06458	218.554	
19.9237	0.514025	0.246674	6.72404	-4.54832	234.424	
4.57643	0.0913133	2.99694	1.8149	2.11498	158.344	
2.23104	0.137357	2.61683	-1.16327	6.4248	179.982	
6.41664	0.0579984	3.09041	11.0588	18.5048	215.397	
12.5491	0.384767	0.28922	16.0167	-17.5321	202.676	
6.00278	0.268897	0.41611	-3.44194	1.7069	210.192	
3.06633	0.11987	2.82872	-56.4172	-3.01876	171.172	
7.33439	0.041616	3.11905	14.3198	23.5716	208.957	
11.5978	0.368043	0.298674	39.6237	-12.7767	200.565	
1.87205	0.146198	2.4418	-4.61713	4.86181	212.23	
2.09459	0.193776	0.929972	-45.4355	-1.8826	195.417	
4.20218	0.0982271	2.96735	-65.8602	-10.8863	189.593	
2.79903	0.209097	0.713278	-56.4551	-16.0221	190.267	
2.29187	0.135983	2.63895	-15.8954	1.63615	171.561	
5.46015	0.259112	0.440673	-7.04197	12.3874	221.848	
9.12504	0.324454	0.332567	-5.28249	-10.4785	193.853	
4.41374	0.0943101	2.98473	-31.6799	9.75114	174.312	
7.25567	0.291303	0.373772	-9.37134	-13.5245	210.833	
1.60161	0.179538	1.28666	-72.5487	-2.25021	102.235	
1.82406	0.147529	2.40972	-59.8846	-3.60619	190.547	
4.42089	0.240142	0.505373	16.8095	-1.60357	161.039	
4.69309	0.0891716	3.00514	-13.5537	4.43402	195.232	
5.4547	0.0753072	3.04971	6.80565	13.1646	184.539	
3.6329	0.108913	2.90974	42.6383	2.03178	219.519	
4.06098	0.100856	2.95468	-4.91825	6.16078	171.45	
1.4376	0.166004	1.79142	31.2016	-13.4459	135.047	
6.49161	0.277664	0.397598	-25.4836	-2.00978	216.915	
1.80967	0.147939	2.3995	48.7604	-4.28667	203.356	
6.91116	0.0491586	3.10681	15.8466	2.62269	163.654	
5.61397	0.0724284	3.05745	-68.0557	-18.7907	166.301	
4.23082	0.236625	0.520844	-35.7028	12.222	178.296	
5.5773	0.0730906	3.05571	-41.9171	-3.56382	174.904	
4.85121	0.0862774	3.0156	26.6711	-3.88721	194.697	
13.1295	0.394962	0.284129	27.072	-2.86957	266.192	
1.58773	0.15534	2.18597	-13.0254	6.79766	144.118	
1.43812	0.16582	1.79874	-13.7941	9.73606	234.722	
2.13895	0.139491	2.58004	-22.5817	-7.2247	213.595	
6.51569	0.278095	0.396759	-24.8234	3.53609	183.812	
5.89001	0.0674525	3.06983	-7.58571	-4.96846	153.391	
3.61899	0.109177	2.90808	-15.0194	12.8187	184.2	
1.88433	0.145865	2.44956	41.3386	-5.09164	237.728	
10.3159	0.345471	0.314197	-25.205	-9.80863	225.967	
1.93322	0.144569	2.47882	-58.0468	10.1626	175.008	
3.50556	0.22298	0.596609	8.93647	1.06265	203.607	
4.92768	0.24944	0.470254	44.6956	0.0598674	209.318	
2.20288	0.138003	2.60603	22.3509	-7.13544	165.92	
3.5521	0.110451	2.89993	-6.9814	-1.64607	213.224	
1.43737	0.166096	1.78778	65.4616	11.353	176.19	
8.30695	0.309976	0.348282	-20.4395	7.24961	197.354	
20.1207	0.517472	0.245967	23.7503	-9.06032	264.217	
3.85522	0.229611	0.556235	6.26166	-6.81518	169.959	
9.11081	0.324202	0.332816	24.874	-1.11192	170.608	
3.40373	0.221026	0.610084	32.051	-2.11763	179.983	
1.82822	0.186909	1.07804	78.2239	-11.6508	208.086	
3.06714	0.214467	0.661799	0.677036	-0.651402	168.845	
11.6646	0.369217	0.29796	9.9026	6.14591	242.946	
4.21161	0.098052	2.96817	11.591	-3.86227	226.698	
6.33783	0.27491	0.403105	-62.0196	4.46717	217.444	
1.44203	0.164874	1.83629	-130.959	-10.9476	208.755	
1.73917	0.150036	2.34465	-11.2812	-2.62605	176.522	
2.02344	0.142278	2.52703	-29.7014	-8.75943	214.41	
1.80029	0.148209	2.39268	40.0989	-5.4943	219.882	
4.83835	0.0865123	3.01478	35.7528	-3.72548	206.765	
18.9824	0.497549	0.250258	31.9333	3.93675	201.324	
2.94884	0.212116	0.683179	41.1521	-5.25137	165.708	
2.179	0.138555	2.59657	-15.996	-16.0105	217.982	
6.62905	0.0541976	3.09776	0.742941	7.14462	179.223	
5.16237	0.0806075	3.03423	38.5957	0.227034	201.234	
4.02932	0.101447	2.95171	85.4695	6.28427	184.871	
5.92378	0.267476	0.419397	36.5845	-12.1904	172.987	
2.49382	0.131572	2.70248	30.3638	9.2065	193.244	
6.64417	0.280393	0.392392	-7.61311	-10.8824	175.725	
3.32807	0.219565	0.620691	29.2468	-2.78588	184.177	
10.6523	0.351399	0.309758	22.7773	-4.74185	210.093	
5.22744	0.0794258	3.03783	-0.932408	-0.402697	209.06	
5.96006	0.0661921	3.07278	18.8263	-17.3582	181.792	
5.06083	0.0824543	3.02841	54.8565	-3.78442	188.995	
3.03058	0.120577	2.82246	30.1766	-0.930948	189.4	
5.52381	0.0740573	3.05313	13.6301	12.8754	217.098	
10.1169	0.341963	0.316962	-53.8319	-2.26182	194.914	
7.62729	0.297914	0.363944	21.8465	4.4659	160.944	
8.10048	0.306315	0.352757	16.4534	-3.81525	181.151	
4.30713	0.096281	2.9762	-59.7698	-1.80652	189.148	
8.71157	0.317141	0.340135	-0.113884	2.71869	188.156	
12.342	0.381128	0.291153	-16.8925	-8.64198	206.861	
3.15034	0.118217	2.8428	-47.8414	2.42878	187.798	
3.72958	0.227241	0.569793	20.3303	1.0924	257.497	
2.93248	0.122531	2.80437	-17.6173	2.95378	174.166	
16.719	0.457913	0.260533	-31.2605	0.398347	221.864	
3.45246	0.221962	0.603527	35.8994	10.5044	185.865	
7.03237	0.0469966	3.11047	72.6178	-20.3269	159.732	
14.1831	0.413455	0.275959	-1.32633	3.13606	248.545	
11.4494	0.365432	0.300292	-38.564	-6.10595	210.007	
3.4501	0.221917	0.60384	-40.6894	-0.287432	199.582	
12.7126	0.38764	0.287739	-12.8505	4.35742	234.3	
2.48202	0.131825	2.69913	-55.5882	-8.67819	184.17	
10.7674	0.353426	0.308304	-6.79767	3.04478	215.897	
13.1052	0.394535	0.284333	0.081108	-2.03043	253.614	
4.70361	0.0889786	3.00586	-2.35567	0.570541	172.187	
10.3836	0.346665	0.313279	-10.5933	9.69486	238.008	
9.49153	0.330928	0.326416	-29.1251	-11.5291	230.955	
6.12478	0.0632321	3.07945	-27.5504	-10.6581	170.706	
6.72332	0.0525126	3.10087	5.16679	0.813224	226.118	
4.50242	0.092675	2.9915	-8.32654	3.36605	189.017	
2.36968	0.134258	2.66508	46.6813	-10.3052	146.458	
4.75874	0.0879687	3.00957	-4.85821	-6.57922	180.494	
4.02116	0.101599	2.95093	24.6615	5.93038	159.087	
1.54297	0.17701	1.37091	29.8323	7.69903	260.229	
5.34719	0.0772538	3.04422	26.0506	-5.87141	162.554	
4.13333	0.0995074	2.96129	-47.9052	-5.8332	169.716	
2.92336	0.122714	2.80261	17.0431	-6.78527	217.881	
2.67409	0.127786	2.74921	-50.623	6.30947	204.811	
13.2713	0.397451	0.282954	20.9973	2.56809	211.692	
1.96711	0.143695	2.49775	48.0479	-9.66879	191.734	
1.43738	0.16609	1.78801	-5.95459	7.87075	198.976	
6.75589	0.0519307	3.10193	10.1334	1.793	235.224	
13.0866	0.394208	0.28449	53.1182	8.45157	220.523	
2.70459	0.127156	2.75637	30.4262	8.85277	207.971	
2.27925	0.136266	2.63449	-58.3114	3.27737	196.031	
1.43635	0.166663	1.76516	-1.27583	2.35034	224.149	
19.8913	0.513458	0.246792	-66.8288	2.29479	228.674	
2.65024	0.12828	2.74347	54.2599	-2.35808	168.289	
3.07638	0.119672	2.83045	25.9056	11.3823	193.015	
5.07996	0.0821062	3.02952	34.8795	17.6934	181.968	
4.5447	0.0918968	2.99463	-42.1308	0.452658	154.914	
2.59591	0.129413	2.72992	-64.9122	10.2564	204.232	
2.24329	0.137079	2.62141	15.2947	5.38226	262.643	
5.82463	0.0686297	3.06701	-26.9236	-8.85404	211.769	
11.8205	0.371959	0.296324	-13.281	-8.32943	258.231	
14.0519	0.411154	0.276909	25.7176	12.4685	209.366	
2.85793	0.12403	2.78965	10.6556	-12.8721	166.95	
1.60178	0.154776	2.20421	93.5434	11.3112	206.02	
2.30397	0.198608	0.847493	9.62217	-4.29928	181.101	
1.49813	0.159712	2.03417	-10.2949	-6.36719	272.884	
9.84531	0.337173	0.320919	61.1109	-0.624088	217.835	
3.74057	0.106872	2.92209	6.10814	10.7712	228.751	
2.01816	0.142409	2.52439	-32.1103	-5.25772	140.724	
10.0996	0.341658	0.317208	33.2525	8.0371	219.587	
2.64066	0.205841	0.749527	-72.9483	-2.85527	206.32	
1.98029	0.14336	2.50483	-27.2401	-10.9723	201.205	
1.83176	0.187009	1.07559	42.1702	9.04128	126.926	
1.46681	0.172375	1.54024	-87.8739	-11.9127	119.381	
5.16067	0.0806385	3.03413	7.59318	-6.02166	189.122	
10.4048	0.347038	0.312995	3.64057	-0.440541	191.938	
4.39003	0.239573	0.507788	-105.244	-3.78621	199.971	
4.88917	0.248737	0.472654	-12.2525	-3.28349	173.591	
3.23629	0.116537	2.85636	74.5825	22.1889	174.455	
3.63159	0.108937	2.90958	60.9964	7.98061	164.798	
11.1229	0.359686	0.304004	-9.21386	-2.5781	244.312	
16.8072	0.459458	0.260081	27.868	-0.646926	205.962	
2.31595	0.198875	0.843376	13.286	3.62172	148.883	
2.82151	0.124767	2.78214	5.78233	9.08498	188.554	
9.43257	0.329887	0.327373	28.561	0.723381	248.815	
4.12458	0.0996702	2.9605	-108.272	-7.93248	207.809	
6.18143	0.0622152	3.08166	-29.8023	7.35483	207.669	
3.78441	0.106044	2.9269	-10.2947	0.646847	189.485	
4.77329	0.0877025	3.01054	6.46759	0.976237	174.883	
17.486	0.471349	0.256752	61.142	-9.59571	226.892	
2.24374	0.137068	2.62158	0.107475	-6.58896	203.217	
8.349	0.310721	0.347398	-41.8714	-3.93778	183.524	
3.95531	0.102831	2.94456	40.444	-1.82529	171.54	
1.4856	0.16052	2.00427	-61.5277	-0.569367	168.469	
4.4875	0.0929499	2.99038	-21.1532	-5.87068	193.174	
1.83651	0.187142	1.07233	-44.5799	-5.77945	185.336	
4.49471	0.241504	0.499737	-10.7013	7.41441	152.521	
5.89989	0.267046	0.420409	30.7733	-12.5573	221.217	
3.25887	0.116097	2.85979	-9.89288	-5.62783	170.6	
6.03745	0.26952	0.414695	-22.0075	4.51789	196.72	
9.83964	0.337073	0.321004	-37.3014	3.86395	204.021	
5.02735	0.251257	0.464219	3.71635	-1.07188	161.678	
5.33014	0.256758	0.447328	-32.7174	-1.69297	196.194	
16.2393	0.449507	0.26308	0.0654241	3.25793	220.442	
4.28592	0.0966737	2.97445	21.927	3.07227	194.281	
1.80448	0.148088	2.39574	22.774	-0.435131	191.203	
3.91888	0.103514	2.94094	-48.749	-3.62099	183.414	
14.858	0.425294	0.271337	-31.3555	1.14314	216.195	
6.46857	0.0570686	3.09225	14.5242	-6.89284	162.687	
5.67061	0.262915	0.430569	11.7055	-2.22792	216.37	
3.90226	0.103826	2.93926	15.8562	0.459558	219.363	
2.50218	0.202927	0.785827	1.29182	-6.55504	118.151	
4.6852	0.245004	0.48606	21.2174	5.21242	165.277	
13.0283	0.393185	0.284984	-15.8353	2.36358	223.571	
1.5347	0.157712	2.1058	-11.4595	-10.1179	171.096	
3.26412	0.115995	2.86058	-2.78405	-6.63639	173.543	
3.49361	0.111569	2.89251	6.95204	-4.86553	131.757	
4.06805	0.233597	0.535322	-45.8158	1.32989	243.733	
4.51896	0.0923705	2.99273	43.3167	-3.48703	207.739	
2.68449	0.127571	2.75168	9.29159	10.6545	204.965	
3.36617	0.220302	0.615284	-20.4462	0.792453	149.409	
3.60879	0.109371	2.90686	8.33462	-2.11668	148.358	
2.88811	0.123422	2.79572	-49.0253	-3.01877	199.621	
1.54102	0.176917	1.37414	47.032	15.5576	219.564	
10.9018	0.355794	0.306645	34.2666	-0.0269278	220.606	
2.99865	0.121211	2.81672	-15.1302	-4.26531	223.69	
12.3386	0.381068	0.291186	17.7726	1.22533	183.878	
5.89858	0.0672983	3.07019	-38.104	-10.0509	176.11	
2.62275	0.128852	2.7367	-35.0961	4.56986	186.434	
5.21235	0.254621	0.453656	14.4546	-5.19329	200.883	
5.19877	0.254374	0.454405	-60.1054	-10.6315	170.438	
9.0089	0.322401	0.334622	-36.0658	-1.77813	214.448	
4.52089	0.092335	2.99287	24.9221	1.94069	147.937	
1.76364	0.14929	2.36466	-73.8844	-6.5938	186.576	
3.13738	0.118471	2.84069	-38.5116	10.1197	203.263	
14.1884	0.413547	0.275921	25.5382	1.73176	201.399	
3.80996	0.105562	2.92965	-49.5614	2.90177	167.72	
3.40423	0.113285	2.88064	-19.5788	-16.0021	209.205	
7.68647	0.0353549	3.12819	22.826	2.1705	230.594	
12.4122	0.382361	0.290491	6.10626	0.263102	208.713	
3.54161	0.110651	2.89862	-3.38622	-9.63929	166	
1.45621	0.162948	1.91182	-14.2039	-0.132592	216.149	
3.01365	0.120913	2.81943	-38.9302	3.00934	178.896	
11.7371	0.370492	0.297194	-0.00530889	-6.8725	204.479	
2.20515	0.13795	2.60691	-52.3162	3.01347	203.764	
2.55794	0.130212	2.72003	37.8995	3.72592	223.486	
4.20181	0.236087	0.523337	-42.6676	5.99261	211.38	
4.64356	0.0900802	3.00171	-4.1796	11.527	180.951	
1.79323	0.185906	1.10321	-86.7862	0.195164	143.572	
2.26337	0.136624	2.62879	-14.7777	-5.31335	164.571	
4.94739	0.0845214	3.02162	-13.8278	-2.2356	204.783	
3.16074	0.216308	0.646171	-0.254671	-6.39216	234.638	
5.65693	0.071653	3.05946	30.4483	0.57595	207.884	
13.8042	0.406806	0.278753	-10.4705	8.6685	222.894	
8.99737	0.322197	0.334829	-16.1145	-8.14269	245.909	
3.29807	0.115336	2.86561	-20.4444	2.09267	182.031	
5.52297	0.0740724	3.05309	29.7225	0.565625	186.465	
1.46264	0.162316	1.93623	48.0973	10.8103	196.211	
11.2639	0.362169	0.302374	10.3906	-0.384092	198.916	
6.22134	0.272822	0.407463	41.2728	4.22059	244.421	
10.7394	0.352934	0.308655	-24.7668	1.39617	187.615	
3.19932	0.117258	2.85063	7.01498	-14.1339	200.099	
1.52846	0.158025	2.09479	-34.1125	-1.31912	146.02	
11.4424	0.365309	0.300369	5.1337	-5.69735	238.63	
4.81006	0.0870296	3.01295	8.87546	-1.9087	168.162	
3.95954	0.102752	2.94498	29.5012	3.17172	242.423	
3.95491	0.102839	2.94452	15.5451	-3.04624	189.281	
16.3775	0.45193	0.262331	43.3431	-2.86201	214.757	
4.39046	0.0947399	2.9829	0.0991367	-2.0329	170.153	
3.03831	0.120424	2.82383	-0.350106	0.492977	177	
5.76463	0.26461	0.426302	32.6794	13.1548	174.254	
2.27799	0.136294	2.63404	-3.44482	-12.0169	229.092	
11.6156	0.368357	0.298482	14.7869	-11.4708	208.179	
2.27202	0.136429	2.63191	23.1772	-15.311	157.869	
9.53341	0.331668	0.325744	11.4361	2.7343	199.573	
5.0068	0.250882	0.465443	-27.4722	-4.71561	173.48	
2.34412	0.134821	2.65674	-67.7676	-3.04859	195.052	
2.87994	0.123586	2.79409	-0.246444	15.7001	202.882	
3.46443	0.112128	2.88871	-17.1902	-7.57328	192.449	
1.49068	0.174138	1.47382	48.3942	-0.4245	185.246	
2.58795	0.129581	2.72787	2.07915	-4.50114	125.546	
9.08419	0.323732	0.333284	-24.1984	2.87625	252.102	
4.51444	0.241867	0.498264	-20.2479	-0.881502	192.262	
11.0856	0.35903	0.304442	-45.5617	-4.81764	236.017	
2.96046	0.121972	2.80967	14.5422	7.71686	188.922	
15.9003	0.443567	0.264973	-17.7311	-2.55823	211.792	
11.3382	0.363475	0.301532	-22.6136	-0.296681	219.781	
15.6347	0.438911	0.266514	-21.4905	9.29185	251.997	
6.52189	0.0561143	3.09411	17.2172	1.90385	160.314	
3.0063	0.121059	2.81811	51.1302	16.2213	162.802	
6.73137	0.281952	0.389525	33.9092	4.87115	179.912	
9.20199	0.325814	0.331234	-4.61158	3.1095	226.368	
4.01611	0.101694	2.95045	18.7249	0.957393	172.706	
3.24442	0.116378	2.8576	17.9786	-16.1511	196.903	
9.31991	0.327897	0.329236	28.9232	0.2447	234.409	
5.79286	0.265119	0.425049	48.9651	4.27731	199.709	
5.05685	0.251794	0.462481	3.63026	6.98638	216.593	
10.7729	0.353524	0.308235	-1.65658	-8.76768	199.738	
2.63531	0.20573	0.750843	-47.3999	-10.2644	190.911	
2.42235	0.13311	2.68154	-7.40751	-10.5078	115.791	
6.64687	0.280442	0.392302	-12.7781	3.3641	207.57	
1.8856	0.145831	2.45035	-31.6481	-13.3132	242.504	
1.80859	0.14797	2.39872	-54.2012	-0.698794	225.631	
3.4236	0.112913	2.88327	-64.3297	-12.1667	208.501	
3.13707	0.118477	2.84064	23.8926	-9.63959	185.86	
6.37554	0.0587347	3.08893	101.729	16.5911	198.307	
13.6786	0.404601	0.279713	-5.14537	3.45659	230.979	
6.31235	0.0598671	3.08661	16.0383	-6.84062	172.572	
4.70074	0.0890313	3.00566	-9.01472	-10.5402	196.303	
3.75912	0.227799	0.566517	-91.0777	-10.0934	232.104	
2.82347	0.124727	2.78255	-20.2752	5.28725	180.932	
5.89921	0.0672869	3.07022	15.4865	-5.78582	193.176	
6.62933	0.280128	0.392888	-1.38721	-0.547924	176.621	
6.4079	0.276166	0.400562	21.129	-10.4869	205.621	
31.4141	0.714922	0.220263	-12.8454	2.5538	229.677	
8.58488	0.314898	0.342602	-26.4301	-0.0955056	192.336	
3.54331	0.110619	2.89883	-17.829	9.02002	171.09	
6.77223	0.282682	0.388208	-2.37766	0.559091	205.505	
9.89697	0.338084	0.320149	-5.00679	-2.34015	223.187	
5.99593	0.0655472	3.07427	35.1361	4.38172	193.221	
12.9596	0.391979	0.285572	-4.75199	3.54638	240.141	
4.73893	0.0883316	3.00825	-9.20089	4.7936	151.853	
10.2102	0.343608	0.315651	1.93064	1.22634	220.141	
7.54964	0.296534	0.365916	28.4699	-5.31281	190.189	
1.64605	0.153118	2.25596	1.24139	-1.08086	209.514	
3.67079	0.108193	2.91417	21.4678	-8.14367	195.16	
11.5974	0.368037	0.298678	12.4363	-11.918	235.883	
1.9959	0.142966	2.51303	-48.1858	-3.38288	189.827	
11.6247	0.368516	0.298386	-7.23857	7.86831	226.494	
4.34537	0.238747	0.511348	36.7207	9.2531	167.596	
11.8845	0.373085	0.295665	0.835178	4.25261	246.31	
7.12135	0.28891	0.377582	7.59766	1.59311	208.727	
3.31944	0.114922	2.86872	-18.0198	-15.4749	177.776	
10.6424	0.351225	0.309884	-39.6786	-3.23964	213.046	
5.54186	0.26059	0.436656	-35.6654	2.32467	198.292	
4.25765	0.0971977	2.97209	-6.18384	1.51031	144.85	
3.91398	0.103606	2.94044	-19.2088	-0.780639	187.758	
11.0609	0.358595	0.304734	0.593632	-5.95832	180.447	
4.99646	0.0836267	3.0246	4.90837	2.36686	188.411	
11.7678	0.371033	0.296872	-36.9298	5.34497	235.4	
4.88688	0.0856258	3.01786	39.3203	9.70368	185.908	
12.0202	0.375472	0.29429	-7.31387	4.17321	262.417	
3.00241	0.213184	0.673258	19.0183	-0.580486	211.706	
5.517	0.0741804	3.05279	23.4303	-13.3343	181.824	
4.97609	0.083998	3.02337	-16.5712	-11.8861	171.283	
5.33676	0.0774428	3.04368	-21.223	13.9577	217.362	
1.74746	0.18454	1.1391	15.3833	-2.2622	233.796	
1.91396	0.145075	2.46759	-19.4917	-13.4135	206.011	
10.323	0.345597	0.3141	-12.7765	-6.72436	192.19	
8.90975	0.320647	0.336419	14.8288	6.30011	181.381	
4.77327	0.0877027	3.01053	-5.9693	-6.89161	205.914	
8.75878	0.317977	0.339234	-33.9956	-8.27162	238.353	
2.78138	0.125583	2.77358	-62.8976	-7.70993	187.118	
8.81636	0.318995	0.338149	-14.2331	14.7978	246.797	
3.3192	0.114927	2.86869	-8.51637	-5.20468	219.289	
5.29902	0.0781269	3.04169	12.427	3.85561	142.519	
4.63198	0.0902927	3.0009	-16.3138	-13.3959	224.696	
4.16886	0.0988464	2.96445	45.6646	2.37205	150.413	
1.58369	0.155506	2.18053	-16.4879	-7.9043	210.72	
4.96879	0.250189	0.467734	38.4291	7.89531	209.287	
1.48119	0.160828	1.99278	-57.491	-25.3913	232.398	
4.14467	0.0992964	2.9623	3.78024	1.6464	137.302	
1.47819	0.173276	1.50603	-8.34715	9.35238	212.93	
3.99321	0.102122	2.94826	-26.2881	-15.6271	209.927	
4.60921	0.24361	0.491373	29.6964	3.51499	178.008	
6.62223	0.280001	0.393126	65.7777	-4.04625	200.409	
8.67725	0.316534	0.340796	32.0603	1.14838	211.094	
12.9919	0.392545	0.285295	22.9226	5.66333	226.818	
6.17966	0.0622469	3.08159	-19.2393	-5.41762	191.84	
1.66332	0.152511	2.2742	22.2864	-3.89005	217.79	
6.99746	0.286702	0.381229	-16.7946	-0.398009	188.116	
3.12182	0.118776	2.83812	0.685587	8.84715	182.273	
4.49937	0.0927312	2.99127	-4.95078	-10.7906	230.157	
1.51282	0.158856	2.06523	96.0818	-9.28466	207.337	
5.66823	0.262872	0.430679	-42.0038	2.31454	184.305	
7.15845	0.289571	0.376515	-46.824	-2.31883	196.212	
2.68344	0.206728	0.739231	6.90947	-5.50324	222.917	
16.81	0.459507	0.260067	-4.5531	8.27057	251.315	
4.78541	0.0874805	3.01134	11.283	-2.8386	217.697	
8.43199	0.312191	0.345679	37.45	-7.23338	203.394	
6.49702	0.0565595	3.09325	28.9911	-4.90844	196.593	
6.25258	0.0609387	3.08438	-24.3281	-0.661537	193.071	
3.28532	0.115583	2.86373	-4.55725	-8.86213	167.127	
5.56206	0.0733661	3.05498	4.16639	6.95402	205.311	
8.83234	0.319278	0.33785	-6.64226	-15.7319	202.468	
2.90168	0.123149	2.79839	21.499	-12.4652	205.946	
11.8832	0.373063	0.295677	-53.6791	-0.850485	250.953	
3.41179	0.11314	2.88167	-0.867046	-0.00364163	135.022	
5.32926	0.256742	0.447374	-16.1216	15.4376	179.654	
2.9237	0.122707	2.80268	-43.4325	-6.39859	176.01	
13.4691	0.400924	0.281356	-28.7298	-2.14714	215.047	
10.609	0.350636	0.310313	5.01819	4.36094	225.749	
18.4141	0.487601	0.2526	-35.46	-0.452944	217.358	
15.2483	0.432138	0.268852	-22.0095	1.40667	234.172	
2.89678	0.123248	2.79743	-41.4442	2.15385	192.567	
4.52981	0.0921708	2.99353	48.545	20.5264	171.021	
15.0666	0.428952	0.269993	8.00535	-3.67412	217.631	
2.93856	0.12241	2.80553	13.3018	0.869098	203.015	
4.09612	0.1002	2.95792	-27.0425	-1.00643	202.829	
11.2507	0.361936	0.302525	-29.6733	-6.47891	241.314	
4.06065	0.233459	0.536009	-11.8395	13.9853	230.072	
1.63568	0.153492	2.24453	46.5745	18.4294	204.188	
2.69025	0.127452	2.75303	-11.1362	4.25544	183.843	
4.14793	0.0992356	2.96259	-11.0775	4.66524	193.994	
1.74882	0.14974	2.35267	-24.8555	-12.0042	161.997	
4.19752	0.0983138	2.96695	20.3132	-1.56455	222.932	
3.62367	0.109088	2.90864	8.93407	7.23613	165.617	
4.24391	0.0974526	2.97093	-53.1276	-2.48098	181.302	
9.88462	0.337866	0.320332	33.9197	4.64946	213.041	
4.47072	0.0932591	2.98911	14.4051	-1.76831	194.243	
3.99756	0.10204	2.94868	12.1516	-3.36743	146.942	
5.07909	0.082122	3.02947	51.3415	3.69882	215.891	
4.78275	0.0875294	3.01116	-31.6282	0.233257	208.507	
6.51186	0.278027	0.396892	56.0323	1.35834	189.208	
1.89624	0.145545	2.45692	-70.8888	-3.85009	195.229	
1.6605	0.152609	2.27129	-37.5515	-2.41445	171.96	
6.61041	0.27979	0.393523	11.9402	-2.25377	168.02	
6.13406	0.271255	0.41084	-17.6787	1.02375	187.741	
3.11736	0.118864	2.83738	-74.6615	-8.4649	132.508	
4.25404	0.0972648	2.97178	2.79822	-7.82911	152.954	
13.7088	0.405131	0.279481	-7.58353	-1.64207	231.423	
2.10005	0.140414	2.56313	42.1997	-5.39887	215.433	
4.01904	0.101639	2.95073	-49.0939	0.510426	173.021	
4.03226	0.101392	2.95199	27.2537	-1.09709	204.341	
2.67343	0.1278	2.74905	26.0566	9.27257	186.408	
6.25476	0.0608996	3.08446	35.7479	2.91627	210.464	
3.18322	0.117573	2.84809	31.8624	18.0339	168.923	
3.60608	0.109423	2.90653	-19.1955	-8.43105	167.277	
1.47421	0.172975	1.51738	18.75	5.72658	175.516	
11.1972	0.360995	0.303139	24.6638	1.42189	199.465	
2.64402	0.12841	2.74195	-27.3997	-1.41576	171.089	
3.90227	0.103826	2.93926	22.993	-3.58101	172.51	
2.32646	0.135212	2.65085	17.8837	-11.5543	168.92	
4.28505	0.09669	2.97438	15.2712	-0.418162	165.33	
4.64886	0.0899829	3.00208	-37.155	-4.46625	201.999	
1.76354	0.149293	2.36458	25.7304	10.7859	199.189	
2.55272	0.130322	2.71864	5.60511	15.5002	184.606	
6.84033	0.0504229	3.10461	6.66427	-1.61879	178.27	
3.04903	0.214109	0.664948	34.8722	-8.21752	203.134	
3.38436	0.113668	2.87791	-4.19753	-2.92332	170.951	
10.2043	0.343505	0.315733	-34.1061	1.6346	223.351	
12.8798	0.390576	0.286263	-14.4224	-2.18693	223.196	
3.25572	0.218162	0.631348	-24.1672	0.908212	173.826	
11.0346	0.358132	0.305046	-32.2886	-1.60552	247.212	
2.42047	0.20117	0.809689	-25.1537	-5.10052	197.072	
20.4889	0.523916	0.244681	-1.59143	-1.52444	238.167	
4.88007	0.248571	0.473227	3.57398	-6.58789	139.007	
3.93354	0.103239	2.9424	42.1717	1.80349	168.777	
2.50096	0.13142	2.70449	-10.45	-6.79924	179.061	
6.12631	0.0632046	3.07951	-4.34039	1.71189	189.021	
5.30597	0.078001	3.04206	-24.7685	-11.9895	183.934	
2.44404	0.132641	2.68806	-10.2874	3.33939	205.588	
9.20724	0.325906	0.331144	-5.32532	-11.7336	258.037	
3.78518	0.228291	0.563673	-38.9575	1.25625	208.142	
1.45926	0.171683	1.56682	-25.868	-10.292	201.533	
3.77795	0.106166	2.9262	-34.6259	-0.336176	183.048	
1.96329	0.143793	2.49566	37.2709	1.04169	175.583	
5.8665	0.0678757	3.06882	-45.5148	-7.44336	142.269	
13.9042	0.408561	0.278001	-0.483795	0.058845	190.9	
5.1818	0.0802546	3.03531	15.3459	1.38482	233.149	
3.38751	0.113607	2.87834	32.1081	4.70784	243.872	
3.34517	0.114425	2.87241	-14.1761	-3.46976	222.677	
5.79364	0.0691879	3.06564	-69.3029	0.642971	183.699	
3.16719	0.117886	2.84553	-38.965	-1.8479	195.477	
13.2611	0.397273	0.283037	-8.66157	14.3475	209.859	
3.05692	0.120056	2.82709	-7.18402	3.18663	180.838	
4.31498	0.0961357	2.97684	-48.7102	-16.2199	162.68	
8.60167	0.315196	0.342271	3.74583	-2.56566	213.524	
1.82608	0.147472	2.41113	-84.9277	-0.595397	209.691	
6.10869	0.063521	3.07882	3.3789	-0.162327	199.846	
2.54107	0.130568	2.71552	1.04584	6.66799	212.099	
1.7395	0.150026	2.34492	-13.4746	14.2457	195.459	
5.11234	0.0815171	3.03139	8.82309	-13.8101	201.097	
2.36213	0.199897	0.828016	8.70785	5.84167	221.071	
6.20901	0.0617202	3.08272	-11.4752	9.23537	211.732	
11.494	0.366216	0.299802	-6.76463	-3.67559	166.83	
23.4784	0.576209	0.235737	-17.2041	-4.6252	253.477	
4.09873	0.100152	2.95816	-39.0397	14.6254	159.27	
6.92722	0.048872	3.1073	14.2724	-2.37681	186.399	
15.0484	0.428632	0.270108	-18.2209	1.30654	249.803	
3.53915	0.110698	2.89831	-32.7202	6.50394	162.942	
1.73026	0.150314	2.33707	54.7201	6.01279	226	
5.38522	0.0765649	3.04619	27.1246	-16.1446	216.83	
2.8978	0.123227	2.79763	9.15249	0.21078	200.127	
4.09354	0.100248	2.95769	45.901	-9.71311	197.58	
4.30419	0.0963354	2.97596	-38.5429	-3.02702	194.706	
1.74584	0.149831	2.35022	-0.57154	-6.79778	165.374	
2.84851	0.124221	2.78773	25.1589	16.3483	191.21	
3.774	0.10624	2.92577	-32.8044	-1.05507	154.824	
1.4766	0.161163	1.98016	-36.4454	-18.3329	191.218	
5.22724	0.0794293	3.03782	20.0942	10.0394	194.177	
1.93363	0.189762	1.0116	76.1217	5.15214	196.471	
4.61906	0.09053	2.99998	65.3267	-1.17995	141.645	
2.08311	0.140821	2.55548	-3.51528	4.46809	194.437	
5.77783	0.0694728	3.06494	-12.8823	-1.4576	189.274	
8.0195	0.304879	0.354576	-26.7733	-8.30821	171.717	
3.17046	0.216498	0.644608	27.5284	5.01105	210.065	
19.488	0.506399	0.24829	21.0972	2.95609	225.942	
10.2215	0.343809	0.315494	-31.8198	4.31428	195.828	
9.11112	0.324208	0.33281	-38.9294	4.19265	202.362	
2.63616	0.128573	2.74002	-36.1887	-0.652996	164.014	
1.77081	0.149075	2.37032	16.3003	16.2001	196.34	
4.17655	0.0987034	2.96512	-3.4178	5.87133	187.619	
3.55403	0.110414	2.90017	-10.474	-0.525225	174.018	
3.22062	0.116842	2.85395	16.2462	-1.07873	171.739	
5.13982	0.0810175	3.03296	9.44397	0.543875	205.654	
8.61631	0.315455	0.341983	-10.4182	0.747603	219.081	
1.50573	0.159259	2.05069	-30.8877	10.1107	147.714	
2.61212	0.129074	2.73403	65.8226	-7.50507	194.831	
15.1741	0.430836	0.269314	-18.4427	6.97966	221.702	
11.3712	0.364056	0.301161	15.227	6.59837	247.698	
15.1684	0.430736	0.26935	15.1065	1.15444	258.784	
4.39841	0.0945933	2.98353	75.5974	-1.11829	197.59	
2.65659	0.128148	2.74501	40.7808	9.15172	188.186	
2.60016	0.129325	2.731	-43.0287	0.240246	208.046	
4.55926	0.091629	2.99569	36.439	-8.61097	195.748	
3.89913	0.103885	2.93894	-6.03372	2.37418	180.716	
3.41422	0.221228	0.608655	12.8449	-0.502263	195.595	
2.72858	0.126663	2.76187	107.263	3.22079	215.941	
2.94931	0.122195	2.80757	12.8424	-7.96084	194.546	
3.91209	0.103642	2.94025	36.2458	-3.55637	214.984	
4.08859	0.100341	2.95723	-22.8498	-5.20092	172.325	
3.45811	0.222071	0.60278	90.5372	19.1616	204.52	
4.79284	0.0873447	3.01182	-6.22223	7.58426	224.776	
5.88024	0.266692	0.421248	57.4787	-11.0323	177.816	
5.55593	0.260844	0.435977	25.0902	14.7136	183.136	
1.92291	0.144839	2.47286	68.1729	-19.0035	213.721	
5.06883	0.0823087	3.02888	13.783	-6.19626	176.302	
2.89087	0.210954	0.694395	32.2443	-6.54894	182.976	
1.51522	0.175597	1.42069	-42.2368	-16.7246	200.644	
1.56912	0.156123	2.16011	-16.0413	-10.5766	184.617	
3.8198	0.105377	2.9307	0.0545818	-3.61884	223.553	
2.60929	0.205187	0.757338	-31.8423	10.6667	182.68	
1.53524	0.157685	2.10673	-63.9285	-31.2583	188.185	
4.64227	0.0901039	3.00162	3.22387	-6.48157	216.179	
1.64485	0.153161	2.25466	8.05662	0.0869801	222.561	
5.70512	0.263537	0.428986	4.24502	-3.74857	196.067	
20.7271	0.528084	0.243873	-39.2823	1.89371	237.631	
2.66889	0.127894	2.74797	-20.9558	-6.71084	178.89	
2.20908	0.13786	2.60844	-11.6234	-10.4297	140.436	
10.0907	0.341502	0.317333	2.52585	6.13401	219.889	
3.23213	0.116618	2.85572	11.6609	5.92507	178.635	
3.65466	0.108499	2.9123	-7.93857	-2.72133	182.82	
4.06937	0.100699	2.95546	-4.2676	4.42037	147.595	
4.3495	0.095497	2.97964	-23.63	2.08335	167.254	
6.44147	0.0575538	3.09129	15.4467	-7.09055	182.042	
5.518	0.0741624	3.05284	13.7828	1.7242	212.132	
3.50072	0.111433	2.89343	20.9085	-6.64268	196.187	
9.48678	0.330845	0.326493	-12.9087	-0.190228	211.538	
3.9423	0.231246	0.547384	29.2627	-15.0576	164.291	
2.66957	0.127879	2.74813	20.8592	-6.58106	200.642	
8.48766	0.313177	0.344546	-7.40422	-6.42381	203.517	
18.6066	0.49097	0.251791	-26.0138	-1.83295	205.739	
2.64041	0.128485	2.74107	-65.6455	6.28602	166.636	
1.95633	0.143971	2.49184	-22.5867	-12.5336	216.384	
7.80567	0.301083	0.359565	-22.8951	-11.4842	173.402	
4.47633	0.0931558	2.98954	7.49703	-7.44036	198.527	
1.43754	0.168293	1.70016	50.2558	-10.9138	193.392	
5.16935	0.0804806	3.03462	5.58081	3.78422	171.211	
12.4526	0.383071	0.290113	44.0917	-2.45848	225.411	
4.72565	0.245746	0.483304	-24.5171	0.328647	216.527	
12.4724	0.383419	0.289929	40.7623	4.22921	220.127	
17.7237	0.475511	0.255647	24.0491	-2.77306	223.862	
2.65694	0.128141	2.7451	51.8898	-1.30862	170.107	
4.51116	0.092514	2.99215	48.3797	9.58401	218.628	
5.22937	0.25493	0.452723	-17.4012	0.823506	184.352	
3.35599	0.114215	2.87394	10.9173	13.2874	177.883	
14.5162	0.419299	0.273624	-14.6665	2.57976	233.955	
13.4174	0.400017	0.281769	2.81359	-7.26152	255.408	
2.37058	0.200082	0.82529	-53.2024	-0.650394	203.957	
3.8831	0.104186	2.9373	11.7446	1.21616	185.26	
2.75188	0.208135	0.723552	34.9575	-0.976835	198.379	
1.76182	0.149345	2.36322	49.0037	-0.190348	173.397	
11.4183	0.364885	0.300636	-36.3655	-3.70899	227.664	
14.8852	0.425771	0.271159	2.65292	-4.16091	244.7	
12.1807	0.378292	0.292705	32.3703	-4.79009	255.072	
4.19613	0.0983396	2.96683	-1.90694	-1.88477	206.367	
2.36669	0.134324	2.66412	-32.3263	10.4162	251.251	
6.18364	0.0621755	3.08175	12.0941	6.45758	216.294	
3.19514	0.11734	2.84997	36.9903	4.89553	214.229	
15.4888	0.436354	0.267383	-20.1972	-0.271992	264.931	
10.0884	0.34146	0.317367	5.78358	2.14264	199.551	
4.58931	0.0910765	2.99786	27.3558	-9.05754	196.725	
3.59211	0.109688	2.90484	0.851438	-8.95324	168.721	
2.13943	0.194841	0.910412	24.7702	10.0946	196.707	
2.81358	0.124928	2.78047	5.39159	-0.953304	213.577	
1.43649	0.166554	1.76951	-1.39875	-14.5262	199.314	
4.81554	0.0869295	3.0133	-19.2446	-0.0881693	209.789	
18.0286	0.480852	0.254272	15.966	-5.59915	251.143	
14.9708	0.427272	0.270605	46.8388	-0.660659	254.454	
12.1221	0.377262	0.293279	25.9954	6.31065	194.439	
5.50184	0.0744544	3.05205	-15.3652	1.34248	220.09	
1.62811	0.153771	2.23594	-27.1101	-1.51052	116.711	
4.11478	0.0998527	2.95962	25.7654	-7.99981	179.705	
3.99107	0.102162	2.94805	20.9982	-0.834324	194.113	
2.42556	0.201281	0.808142	-11.9175	-6.36908	186.883	
3.31024	0.1151	2.86739	-45.5527	-7.63045	233.175	
1.78898	0.148539	2.38426	41.671	10.5766	198.261	
7.63565	0.298063	0.363734	67.6734	5.33294	224.272	
4.60897	0.0907153	2.99927	43.4128	-7.67999	150.657	
6.43436	0.276639	0.399616	51.0612	7.29971	199.815	
21.1294	0.535122	0.242551	-34.6752	6.31358	255.427	
3.52223	0.111022	2.89617	5.14567	-0.138774	179.399	
9.2987	0.327522	0.329591	14.1909	2.08258	210.646	
6.32838	0.0595797	3.08721	16.3946	0.195387	185.885	
13.7204	0.405335	0.279392	13.5263	4.65102	211.797	
8.17456	0.307629	0.351125	-58.6236	-11.0808	211.291	
3.33479	0.114625	2.87093	18.5152	27.7047	198.658	
7.56265	0.296765	0.365583	-48.5899	-12.8549	177.236	
2.7937	0.125332	2.77624	-69.0819	2.18828	207.753	
39.7815	0.861097	0.21064	-34.8367	0.506755	262.089	
1.56325	0.15638	2.1515	-11.2363	-14.0506	157.623	
3.32306	0.114852	2.86925	-5.91292	-10.8919	191.968	
2.63376	0.205698	0.751227	37.2388	5.69164	174.241	
5.71157	0.0706673	3.06197	-60.0766	-15.7802	222.648	
14.2683	0.414949	0.275351	-17.7842	0.209133	248.457	
5.85782	0.266289	0.422212	22.2367	-6.09959	151.955	
6.99585	0.286673	0.381277	-26.186	-5.03014	184.373	
3.49323	0.111576	2.89246	-8.82775	8.95343	167.678	
9.75255	0.335536	0.322321	-16.7786	-2.80082	235.846	
4.8082	0.247257	0.477833	-34.9521	4.10665	201.599	
2.71536	0.207386	0.731801	-87.8912	2.09385	206.737	
11.9653	0.374505	0.294843	-6.06645	-2.54808	230.002	
2.18774	0.138352	2.60007	41.1656	0.987217	201.162	
3.44983	0.112409	2.88678	10.3588	-7.66999	194.654	
3.41163	0.113143	2.88165	29.5645	-9.78381	216.757	
2.97808	0.121621	2.81295	3.02501	2.35007	224.42	
18.2727	0.485124	0.253205	25.2409	0.255001	242.314	
2.95929	0.121996	2.80945	-44.6463	1.53726	208.853	
2.22796	0.196893	0.874989	2.90051	7.64461	163.406	
2.38513	0.13392	2.67001	-51.8903	-5.11128	168.653	
3.86467	0.104532	2.93541	45.6287	6.35206	199.836	
1.53091	0.157901	2.09917	-64.9479	6.73892	202.977	
5.16518	0.0805565	3.03438	-17.6502	-7.13347	183.459	
7.9087	0.302912	0.357127	34.2935	4.07374	212.784	
5.95105	0.0663541	3.07241	36.114	3.44766	165.278	
4.43607	0.0938981	2.98646	-7.11187	3.46234	176.776	
11.6327	0.368657	0.298299	8.63091	-1.58984	223.354	
4.85587	0.0861922	3.0159	-65.3686	-0.356157	169.625	
7.1798	0.289952	0.375907	-22.3717	-9.80755	207.153	
3.29729	0.115351	2.8655	-5.87979	-6.27293	201.246	
8.97634	0.321825	0.335207	-11.3386	1.6709	214.76	
4.03079	0.232901	0.538811	-6.11872	-1.00479	149.307	
3.67487	0.108116	2.91465	-23.4953	4.0975	182.156	
5.42653	0.0758169	3.0483	50.2178	-5.34347	225.107	
4.23557	0.0976074	2.97022	42.4408	0.0989211	164.383	
3.28137	0.11566	2.86315	21.4832	-7.71163	182.564	
16.2643	0.449947	0.262944	1.18185	-3.56503	239.984	
13.9216	0.408867	0.277871	-9.21783	-2.72806	225.654	
5.35129	0.0771796	3.04444	-0.929303	-5.71252	190.891	
4.105	0.100035	2.95873	4.74265	-8.00549	224.518	
12.6211	0.386032	0.288563	-19.4187	-11.2386	236.026	
5.38943	0.0764885	3.04641	5.90025	-9.18417	154.681	
3.78495	0.106034	2.92696	67.7982	7.08475	199.793	
3.26682	0.115943	2.86098	-69.5282	11.6729	191.958	
7.72829	0.299709	0.361439	21.925	-1.77736	205.238	
1.86446	0.187916	1.05374	36.1966	11.3078	185.823	
2.41784	0.133207	2.68017	-30.6158	-2.61741	189.044	
2.17018	0.13876	2.593	-11.6821	8.84673	223.901	
1.6171	0.154183	2.22303	-13.9833	-8.01516	234.062	
3.72373	0.10719	2.92021	-12.2692	2.86608	203.933	
4.9306	0.0848277	3.02059	-66.8869	2.86456	176.692	
16.6087	0.455981	0.261106	37.1521	6.48446	208.816	
1.46933	0.161734	1.9585	30.0445	-0.172636	157.401	
1.79482	0.148368	2.38863	60.1042	-4.78904	222.484	
15.4717	0.436053	0.267486	56.5225	-1.8416	249.808	
1.87096	0.146228	2.4411	34.0856	-11.1714	179.819	
2.45934	0.20201	0.798087	10.0043	-8.25709	221.435	
2.0986	0.140449	2.56248	29.8252	21.7107	188.877	
15.0373	0.428437	0.270179	13.0321	0.812681	202.212	
2.44227	0.132679	2.68753	-15.2509	1.50658	194.41	
10.7021	0.352278	0.309124	-15.528	0.206061	175.232	
17.4541	0.470789	0.256903	10.9957	-5.43751	250.09	
18.4153	0.487622	0.252595	-20.0276	1.33358	235.571	
13.056	0.393672	0.284749	-16.7947	-3.45388	197.825	
10.9863	0.357282	0.305622	4.17049	-5.32681	226.031	
3.3681	0.113982	2.87565	-68.4407	9.85224	198.306	
1.92115	0.189435	1.01883	26.1348	-1.96732	171.576	
8.11224	0.306524	0.352496	7.85521	9.8368	222.251	
7.20178	0.290343	0.375283	9.56939	6.72863	219.091	
3.50009	0.222875	0.597311	5.07702	4.28747	218.926	
2.40594	0.200855	0.814145	-2.04863	-4.96115	145.09	
5.01592	0.0832721	3.02576	29.8429	5.91583	190.904	
1.74322	0.149911	2.34804	27.7463	11.8499	138.516	
12.99	0.392512	0.285311	-72.4611	-4.42398	223.848	
5.63249	0.0720941	3.05832	-8.8977	2.23012	186.96	
2.48844	0.131687	2.70096	-39.3766	-12.9619	165.906	
5.19275	0.254265	0.454738	68.4839	-0.700592	150.935	
2.80623	0.209244	0.711745	78.0536	19.1525	173.31	
3.02794	0.12063	2.82199	43.355	4.15382	212.895	
11.6399	0.368783	0.298223	-8.87414	4.4595	246.023	
7.25851	0.291354	0.373694	15.977	8.04122	203.363	
1.46784	0.172462	1.5369	-11.3343	-10.4543	209.197	
4.51761	0.0923954	2.99263	57.7354	5.3916	150.159	
3.2875	0.218779	0.626601	-38.9321	11.3539	214.194	
2.86988	0.123789	2.79207	1.66816	4.9651	218.687	
3.79753	0.105797	2.92832	-6.41517	-12.8732	201.321	
2.52772	0.130851	2.7119	-57.7097	-10.0955	202.79	
1.78513	0.148651	2.38135	48.2503	6.73327	187.148	
10.2313	0.343981	0.315358	24.1927	4.45349	212.321	
4.94968	0.249841	0.4689	-12.0987	14.1194	174.622	
4.93057	0.0848283	3.02058	26.9646	-2.18698	193.131	
4.74404	0.0882379	3.00859	-35.1463	-1.6305	212.244	
7.36264	0.0411132	3.11982	11.0223	10.7665	213.08	
7.7449	0.0343168	3.12962	0.513701	2.04875	192.771	
3.68326	0.107957	2.91561	-90.5336	5.23273	190.199	
10.1409	0.342387	0.316622	-18.359	-9.20037	180.64	
11.8864	0.373118	0.295645	9.27501	-7.40354	206.695	
7.45457	0.294843	0.368388	-26.7445	20.6116	208.108	
2.90863	0.12301	2.79976	4.1731	3.9721	177.75	
1.48287	0.160709	1.99723	-72.4255	-11.1555	194.556	
3.26426	0.115993	2.8606	-16.7264	-2.12726	190.405	
4.51712	0.0924043	2.99259	-32.1225	-4.00932	207.812	
13.4929	0.401343	0.281166	-21.7109	2.374	226.688	
14.514	0.419259	0.273639	0.00373954	4.63495	253.372	
1.57447	0.155893	2.16776	-19.4022	-6.37981	160.992	
3.02778	0.120633	2.82196	9.75699	13.2922	191.178	
4.06404	0.100799	2.95496	-76.6983	-12.9766	185.641	
1.4814	0.160812	1.99336	-9.09172	1.48157	162.223	
1.63482	0.180797	1.2471	-8.5631	2.45073	227.199	
5.31203	0.0778911	3.04238	-46.0396	-7.09402	188.931	
12.5963	0.385596	0.288789	3.71791	4.17539	185.827	
6.27564	0.0605252	3.08525	-10.568	-7.34317	180.439	
10.4139	0.347199	0.312873	35.7399	7.26398	208.825	
4.29931	0.0964258	2.97556	-35.5294	-1.0074	157.04	
1.83167	0.147314	2.41501	-24.0239	-4.67851	190.95	
4.69734	0.0890936	3.00543	1.02628	2.58798	191.865	
5.4539	0.258999	0.440985	-34.7829	0.310397	217.191	
12.0041	0.375188	0.294452	24.3361	-2.25354	214.774	
3.14734	0.216045	0.648343	-24.1939	-1.53921	143.345	
5.93778	0.0665928	3.07185	-30.3041	-9.74467	220.178	
3.47459	0.222387	0.600615	-13.3107	-1.20378	193.618	
2.03557	0.192342	0.957644	-47.2065	-15.4442	184.967	
6.08143	0.0640107	3.07773	2.00938	-11.3152	211.693	
13.8477	0.407569	0.278425	-36.4138	7.44179	229.127	
3.38295	0.113695	2.87771	26.2321	2.9745	176.609	
14.3545	0.416462	0.274744	7.31225	-6.18954	225.739	
6.34104	0.0593528	3.08767	18.2607	-9.91547	200.31	
1.71639	0.150752	2.32494	23.1015	6.23913	226.436	
2.7785	0.125642	2.77296	9.01826	-15.3946	164.069	
5.09903	0.0817593	3.03063	4.96153	1.70362	224.129	
4.71745	0.0887251	3.0068	-33.6187	-4.82301	202.86	
2.18501	0.138415	2.59898	-30.8535	-4.15522	158.64	
1.82378	0.186784	1.08113	20.087	0.897203	211.085	
4.91513	0.0851099	3.01963	-40.1702	-14.0363	176.068	
3.19436	0.216966	0.64081	5.33621	-3.06143	181.126	
21.1783	0.535978	0.242394	24.2793	7.23544	273.983	
10.8313	0.354552	0.30751	28.3777	5.18602	204.447	
4.35363	0.0954207	2.97997	-31.1794	-4.16545	193.237	
3.52008	0.111063	2.8959	-34.6743	0.18029	195.697	
5.13323	0.253183	0.458077	-13.2495	-4.2341	137.807	
1.56283	0.156398	2.15087	-27.5929	-11.6292	253.739	
15.2573	0.432295	0.268796	-52.3024	-6.18909	229.688	
4.44885	0.0936624	2.98744	20.1048	-5.89658	167.951	
5.51667	0.0741864	3.05278	-31.8403	11.3235	192.58	
5.40544	0.0761988	3.04723	7.21356	11.5422	205.571	
4.02537	0.2328	0.539325	31.0325	8.17592	210.957	
3.55985	0.224017	0.589771	-34.364	3.9434	188.619	
14.712	0.422733	0.272301	-14.4777	-5.04789	205.851	
5.83213	0.0684945	3.06733	-5.9374	17.8369	195.486	
4.23667	0.0975868	2.97031	16.1489	4.41918	196.745	
15.2616	0.432371	0.268769	35.2627	-8.06551	206.197	
5.95551	0.066274	3.07259	8.75421	-3.89291	205.568	
2.99614	0.121261	2.81626	2.22924	-9.23641	188.886	
3.11229	0.118964	2.83653	66.182	1.47244	189.54	
8.52144	0.313775	0.343865	38.123	13.0507	230.284	
5.71191	0.0706612	3.06198	23.815	-0.181699	249.009	
5.19996	0.0799247	3.03632	-2.96922	3.04803	184.372	
9.10446	0.32409	0.332927	27.5627	3.4572	201.415	
17.3429	0.468843	0.257432	-15.8954	0.827236	225.852	
1.8008	0.148195	2.39305	61.0361	-0.0545419	185.48	
1.94335	0.190015	1.00607	-19.8868	-7.88646	161.706	
5.66687	0.262847	0.430742	9.11735	-3.0925	184.393	
2.53375	0.130723	2.71354	25.8382	-10.9787	190.316	
3.40943	0.113185	2.88135	-66.8608	-9.66503	178.691	
2.97085	0.121765	2.81161	16.509	7.97331	205.077	
5.53785	0.0738035	3.05381	-38.6817	1.88107	206.11	
2.8581	0.124027	2.78969	8.39518	15.4574	209.728	
2.61695	0.128973	2.73525	-31.3647	-11.4908	199.754	
3.24549	0.116358	2.85776	-29.5104	-1.16476	204.657	
3.10018	0.215118	0.65616	-32.517	6.79331	205.119	
2.56119	0.204177	0.76977	10.4172	-2.00569	206.787	
2.02596	0.192105	0.962375	47.2601	4.06957	222.501	
2.2212	0.196738	0.87756	9.21326	2.87418	185.773	
11.9323	0.373925	0.295177	17.1927	-5.75461	210.138	
5.74875	0.0699969	3.06365	5.85458	4.04932	194.121	
5.87624	0.0677002	3.06924	24.2744	-0.959095	229.07	
3.67706	0.108074	2.9149	-5.32376	6.29886	205.821	
4.9666	0.0841711	3.02279	26.2101	-8.43805	186.163	
12.9695	0.392152	0.285487	-19.2259	1.32289	208.601	
12.9747	0.392242	0.285443	-25.5306	-0.567015	251.568	
9.0267	0.322715	0.334303	5.14944	8.67674	227.517	
1.78726	0.185732	1.10769	-48.2796	-12.9972	183.541	
2.84801	0.21009	0.70303	-4.48884	0.645034	181.88	
12.7965	0.389114	0.286993	35.6453	6.36329	212.441	
3.42864	0.221505	0.606707	-12.2827	4.82128	218.845	
22.4089	0.557505	0.238662	14.5112	8.03396	238.043	
1.62786	0.15378	2.23564	8.39777	13.3454	197.61	
4.3996	0.0945712	2.98362	-59.4247	7.38299	177.294	
3.93816	0.103153	2.94286	0.461215	-10.5149	209.245	
5.70177	0.263477	0.429139	-14.144	3.79235	182.21	
5.25258	0.255351	0.451462	-35.4268	4.25408	174.561	
4.52612	0.0922387	2.99326	-26.751	5.20321	220.977	
3.11917	0.215492	0.65298	8.69111	-8.31434	222.357	
7.878	0.302367	0.357846	39.7051	-3.82077	169.255	
2.18706	0.138368	2.59979	-22.3472	5.06855	171.586	
1.54457	0.157234	2.12237	-45.3992	1.36764	194.909	
4.10884	0.0999635	2.95908	-38.7655	0.771647	174.874	
7.98751	0.304311	0.355305	-6.48076	9.29726	220.673	
8.28482	0.309583	0.34875	21.7536	0.181138	217.077	
6.41461	0.0580349	3.09034	-56.4517	-2.89098	188.65	
3.19417	0.117358	2.84982	-6.39057	-6.81129	215.465	
6.06025	0.26993	0.413774	-22.5852	-3.28321	188.072	
3.47252	0.111973	2.88977	-6.33907	7.82296	169.181	
2.84716	0.124248	2.78745	-28.4213	10.2384	191.718	
1.85287	0.146724	2.42933	27.557	-2.75195	201.102	
1.47846	0.173296	1.50529	22.5747	8.63163	203.737	
3.07766	0.214674	0.659988	-50.769	9.66929	167.626	
1.43614	0.166917	1.75505	-122.169	1.8583	160.859	
5.13067	0.253137	0.458222	22.2402	-1.16279	185.351	
3.79581	0.228492	0.562525	50.7819	0.91971	196.782	
6.02715	0.269335	0.415114	-29.0054	-0.702695	202.776	
15.2294	0.431805	0.268969	36.5044	4.29511	219.494	
3.69925	0.107654	2.91744	-17.7336	7.23463	176.369	
12.6808	0.387081	0.288024	-36.6345	-4.59682	211.343	
5.6302	0.0721355	3.05821	64.1863	-4.3651	179.695	
5.725	0.070425	3.06258	13.8303	9.46877	211.261	
4.89654	0.0854493	3.01847	-32.9608	0.493663	160.064	
15.3339	0.433638	0.268324	30.5377	2.93324	234.22	
5.49517	0.0745752	3.05172	15.3014	-5.14898	182.931	
23.2006	0.571351	0.236471	32.0493	-2.07239	219.859	
1.49615	0.159834	2.02968	-41.5834	-6.53164	157.746	
6.23726	0.0612136	3.0838	5.08105	-7.73078	189.426	
4.88055	0.0857414	3.01746	0.718342	-1.96048	151.484	
1.83143	0.147321	2.41484	-7.38991	-0.127349	218.873	
6.18367	0.272146	0.408909	-24.3926	5.59122	164.875	
14.5563	0.420003	0.27335	0.904488	5.7427	254.125	
4.31342	0.238156	0.513943	7.57953	5.97119	188.01	
4.3096	0.0962353	2.9764	28.4217	9.60386	173.385	
4.2464	0.0974064	2.97114	24.4632	1.70056	163.74	
5.35668	0.0770818	3.04472	68.2575	8.33295	178.965	
21.0394	0.533549	0.242842	-36.076	-0.703397	194.831	
1.88566	0.145829	2.45039	-114.307	17.0491	197.209	
3.17919	0.117651	2.84745	51.1469	4.32206	157.765	
4.95642	0.0843566	3.02217	39.9656	-4.72033	206.918	
7.40455	0.293953	0.369714	5.00643	11.8529	195.903	
10.03	0.340432	0.318204	-29.0095	-1.35415	222.546	
1.66674	0.181927	1.21296	-39.7877	-14.8739	229.443	
8.97446	0.321791	0.335241	46.3406	-3.67324	214.9	
1.45194	0.170897	1.59736	117.1	23.0525	129.518	
2.27418	0.13638	2.63268	16.3499	0.950142	195.113	
4.8233	0.0867876	3.01381	-36.5641	8.45311	210.196	
18.5653	0.490249	0.251962	-34.2277	-1.97332	246.779	
1.5675	0.156193	2.15775	4.89725	1.6871	193.46	
1.89188	0.145662	2.45424	7.29501	18.4581	155.672	
1.44568	0.164256	1.86068	-46.9112	8.5944	230.841	
3.42268	0.11293	2.88315	-36.2102	9.9154	161.948	
8.59805	0.315132	0.342342	-40.6108	0.831296	186.906	
2.11062	0.194159	0.922845	22.7124	-3.39565	179.784	
5.33739	0.0774314	3.04371	26.5494	13.6509	183.197	
2.65571	0.128167	2.7448	15.6065	-11.1929	147.091	
5.50511	0.0743954	3.05221	16.2215	-13.0595	172.787	
14.7122	0.422736	0.2723	39.3341	-6.64098	199.881	
4.26231	0.0971115	2.97248	17.9349	3.93439	178.305	
1.45686	0.16288	1.91448	19.9528	-25.6794	258.032	
1.44289	0.164714	1.84262	-55.5002	-1.28854	71.7615	
1.96941	0.190684	0.991667	66.5385	1.86484	159.35	
2.55474	0.130279	2.71918	-9.0506	2.07768	187.305	
1.80721	0.14801	2.39772	13.0411	13.0091	180.585	
1.43678	0.167946	1.71401	23.5991	2.73465	132.936	
9.25067	0.326674	0.330403	-46.953	-5.75853	230.706	
2.22915	0.137401	2.61612	-32.3518	-22.9265	212.231	
1.60097	0.154808	2.20319	21.1764	21.6254	246.498	
3.68427	0.226383	0.574931	21.3654	-5.26276	162.804	
16.6093	0.455991	0.261103	17.372	0.23895	219.363	
2.35321	0.1997	0.830922	16.1682	-2.54562	214.562	
3.60506	0.224879	0.584249	5.78631	9.73074	223.231	
3.81387	0.105489	2.93007	-5.06411	-13.7524	163.376	
5.27123	0.078631	3.0402	-28.902	6.65208	173.448	
2.60252	0.205046	0.759054	115.575	12.1615	179.726	
6.08517	0.0639434	3.07788	54.0454	-6.61571	179.354	
2.37794	0.134077	2.66772	37.3343	5.72872	190.41	
1.52779	0.15806	2.09359	21.153	-3.79474	242.415	
3.52367	0.110994	2.89636	5.27866	3.80178	192.171	
13.8417	0.407464	0.27847	-25.6795	2.04894	209.413	
4.28847	0.0966266	2.97466	-17.9233	-4.79791	212.282	
2.82304	0.124736	2.78246	18.7135	1.7007	241.535	
1.5072	0.159174	2.05377	10.6179	16.9523	185.5	
5.23808	0.0792326	3.03841	-8.78288	-11.7763	191.579	
3.33464	0.114628	2.87091	5.01411	-12.2712	190.373	
4.07323	0.100627	2.95582	-26.1156	-1.45102	164.268	
1.76165	0.14935	2.36307	15.2247	-3.80498	177.67	
3.37216	0.220417	0.614446	54.2629	5.76649	156.389	
4.0063	0.101877	2.94952	56.1101	3.83683	161.688	
6.89297	0.0494832	3.10625	36.7327	-0.441276	219.804	
1.61088	0.154421	2.21551	-13.4665	20.8073	218.527	
5.13177	0.0811638	3.0325	1.48728	1.05809	204.321	
8.45088	0.312526	0.345293	-3.38027	5.6264	205.641	
2.97856	0.121611	2.81303	12.7162	0.839704	190.581	
7.7794	0.300617	0.360197	-39.1278	0.842509	188.614	
5.33791	0.256899	0.446921	-40.653	-0.610848	196.246	
12.2589	0.379667	0.291948	-56.6867	-4.06545	205.891	
3.08737	0.119455	2.83233	-37.3621	5.60755	211.087	
2.40097	0.133574	2.67497	-63.663	8.7562	159.927	
11.8414	0.372326	0.296108	36.6788	-4.74084	226.112	
3.73715	0.106937	2.92171	22.9063	1.76729	187.672	
5.40846	0.0761441	3.04738	54.382	5.97822	170.448	
2.10718	0.140244	2.5663	45.6916	-3.03977	178.094	
3.10951	0.119019	2.83607	1.75431	-4.71132	176.6	
4.11646	0.0998215	2.95977	66.4166	15.3142	191.158	
2.0659	0.141237	2.54752	8.62322	-10.7986	210.421	
2.79946	0.125215	2.77747	7.77313	1.37066	190.412	
4.27939	0.0967948	2.97391	24.23	11.8446	210.081	
7.04277	0.046811	3.11078	-32.6433	2.20933	183.059	
2.448	0.132555	2.68923	20.7966	10.763	222.243	
1.52379	0.158266	2.0863	-49.7005	-1.92871	226.451	
11.0091	0.357684	0.305349	-33.4237	-6.27134	220.212	
1.57043	0.156066	2.16199	29.2	-12.6478	169.598	
9.30822	0.327691	0.329431	3.99544	0.0374038	204.941	
3.3513	0.114306	2.87328	-26.0697	8.06834	200.818	
8.67004	0.316406	0.340936	30.7248	-1.44811	221.592	
3.83171	0.105153	2.93196	11.9924	-9.73369	188.331	
3.2855	0.218741	0.626898	-24.3571	-4.94	204.689	
6.15883	0.2717	0.409872	-24.3917	-0.384365	175.257	
12.5761	0.38524	0.288973	8.19422	-8.76557	231.735	
9.72944	0.335128	0.322675	38.3446	4.74745	214.853	
3.35459	0.114242	2.87375	30.9587	3.62003	172.774	
2.60759	0.129169	2.73289	3.8873	13.6352	217.338	
2.32572	0.135228	2.6506	-25.7032	-17.5166	222.057	
3.71101	0.107431	2.91878	-22.7969	9.38618	188.828	
12.2359	0.379262	0.29217	-1.36528	-6.94522	218.22	
1.52856	0.15802	2.09498	-14.4182	-5.30834	247.261	
4.37793	0.0949714	2.98191	-12.9583	0.927956	202.212	
2.88298	0.123525	2.7947	51.4447	-7.47907	176.468	
4.04853	0.233233	0.537141	7.27133	2.45988	174.303	
3.99332	0.10212	2.94827	7.49455	-4.62663	185.897	
2.8813	0.123559	2.79436	10.9248	-1.45338	185.629	
3.27916	0.115703	2.86282	43.7633	-9.43395	198.933	
1.58398	0.155494	2.18091	-85.9012	-19.3195	146.787	
14.7575	0.42353	0.271999	-7.04001	-4.38152	236.202	
9.88817	0.337929	0.32028	-52.4071	-3.31464	211.982	
2.45195	0.13247	2.6904	38.2394	11.3882	190.199	
7.10876	0.288686	0.377947	-14.2997	4.92494	223.501	
1.4763	0.161186	1.97931	3.84348	8.32576	190.984	
13.458	0.400729	0.281444	-3.43719	-9.15477	197.526	
4.24118	0.0975032	2.9707	-89.3899	-3.19703	165.931	
2.63406	0.128617	2.73951	64.0708	4.76337	208.363	
13.3974	0.399666	0.281929	-2.84816	-7.62066	234.89	
5.25068	0.0790039	3.03909	24.9021	11.3215	207.488	
3.62066	0.225175	0.582379	-42.9684	-3.54517	163.379	
5.77521	0.264801	0.425831	51.7498	-3.86361	188.527	
14.1575	0.413006	0.276143	12.8865	-2.17607	205.118	
3.52418	0.110984	2.89642	-10.6686	3.31057	163.021	
5.22863	0.0794041	3.03789	34.5192	-10.7237	181.043	
3.91814	0.103528	2.94086	-4.17165	8.58336	201.217	
9.31858	0.327874	0.329258	-4.96332	15.198	230.091	
33.7832	0.756315	0.217054	-11.0244	-1.42182	234.673	
3.94464	0.103031	2.94351	29.6608	-5.80947	214.862	
7.89442	0.302659	0.357461	52.0814	4.42467	205.495	
10.5042	0.34879	0.311676	43.3399	1.48318	221.574	
3.39563	0.113451	2.87946	9.60582	13.6125	189.322	
17.0361	0.463468	0.258929	8.35731	-0.501201	242.882	
9.00999	0.32242	0.334602	14.6018	-3.58488	202.662	
4.29241	0.0965537	2.97499	21.2814	-4.41546	190.671	
2.37358	0.134173	2.66633	-58.928	-11.4336	193.817	
1.43784	0.168404	1.69574	61.6288	20.1159	214.222	
1.94009	0.144391	2.48274	-37.1181	-2.62891	186.493	
2.78098	0.20873	0.717162	-5.66045	-7.39603	218.135	
3.19144	0.117412	2.84939	-41.9915	9.80247	184.188	
10.2752	0.344754	0.314753	20.3965	-9.62585	222.498	
10.2445	0.344213	0.315176	-3.03351	-12.5037	202.644	
2.41571	0.133254	2.67952	46.7904	-12.5355	163.099	
4.5042	0.0926424	2.99163	44.3376	4.27425	193.276	
3.4285	0.221502	0.606726	-18.8871	-0.96733	184.377	
15.7252	0.440498	0.265983	45.0395	1.39817	222.581	
2.84764	0.210083	0.703107	-19.6689	-0.693352	197.354	
4.23669	0.0975865	2.97031	18.2117	-15.6309	183.628	
1.55718	0.156651	2.14233	-23.5001	-6.04407	151.785	
7.21591	0.0437257	3.11577	34.2862	-14.2035	230.352	
11.6243	0.368509	0.29839	-69.4275	4.06607	255.382	
4.11362	0.0998744	2.95951	-36.5815	17.8217	185.737	
6.42851	0.276535	0.399825	-9.85887	11.2681	184.484	
5.80276	0.0690235	3.06605	-15.032	-0.557832	209.551	
3.72601	0.107147	2.92047	17.4037	4.19727	198.359	
1.67383	0.18217	1.20581	31.8981	0.845192	197.509	
10.0851	0.341402	0.317414	-36.8425	-5.05434	182.63	
1.44081	0.169199	1.66417	1.51771	-3.86618	177.665	
3.3288	0.114741	2.87007	59.3142	14.0467	210.526	
1.91259	0.145111	2.46678	44.3114	5.56411	194.679	
4.09783	0.100169	2.95808	-7.65892	0.766354	194.152	
5.81089	0.265444	0.424255	1.83375	4.2495	197.9	
6.8633	0.0500129	3.10533	0.252927	17.3396	168.892	
4.21163	0.0980517	2.96817	-12.7066	11.7002	191.895	
2.86442	0.123899	2.79097	44.2312	4.74198	174.634	
2.70241	0.127201	2.75587	30.5224	-15.8809	244.47	
2.82235	0.12475	2.78231	-33.5211	-1.48264	235.669	
6.49242	0.0566418	3.09309	34.9192	8.38792	179.987	
3.71709	0.227005	0.571196	-35.7964	-4.23022	188.897	
2.0552	0.192823	0.948181	-17.3083	19.4257	229.888	
13.9548	0.40945	0.277624	-1.68886	-3.621	229.246	
2.4684	0.202204	0.79545	-23.7971	-5.74034	214.388	
14.381	0.416927	0.274558	-3.92744	6.65399	264.467	
13.8261	0.40719	0.278587	-4.1595	-4.52375	245.611	
14.6532	0.421701	0.272694	46.3287	4.70511	237.766	
6.80273	0.0510942	3.10342	-31.2046	-9.25146	197.549	
3.93948	0.103128	2.94299	25.3828	-6.73965	189.669	
15.9482	0.444407	0.264701	35.0898	-1.12308	210.845	
15.9532	0.444494	0.264672	17.4667	4.03507	228.656	
5.61972	0.0723247	3.05772	5.31207	-4.54251	194.241	
5.39096	0.25786	0.444174	-57.1338	-4.23843	201.427	
14.382	0.416945	0.274551	35.1234	-0.728554	218.009	
3.41532	0.113072	2.88215	-31.6443	1.89246	169.849	
6.06731	0.0642642	3.07717	11.1863	-0.100881	175.507	
12.458	0.383166	0.290063	6.35964	4.64898	234.605	
15.8021	0.441845	0.265537	-12.0424	0.927363	210.432	
2.73373	0.126557	2.76304	-10.6965	-12.6864	194.661	
5.15965	0.080657	3.03407	47.876	-4.97812	205.05	
4.90859	0.0852295	3.01922	-46.8836	-1.73947	200.959	
16.6022	0.455866	0.26114	46.9811	-0.182806	251.448	
5.56525	0.0733084	3.05513	-32.2239	0.675559	161.296	
2.8025	0.125153	2.77812	-25.5546	-2.30867	172.862	
5.58476	0.072956	3.05606	22.6592	9.57804	207.987	
3.19466	0.117349	2.84989	-31.1842	1.53935	141.786	
4.95033	0.249853	0.46886	39.9628	-0.347321	194.402	
2.23493	0.137269	2.6183	-35.8233	-0.328189	188.285	
19.6459	0.509164	0.247696	-26.5483	5.65833	224.165	
4.06486	0.100783	2.95504	40.1587	3.61461	172.865	
6.26154	0.0607781	3.08472	-61.5487	1.25455	196.511	
1.67501	0.152111	2.28602	51.2526	-15.7647	264.893	
3.6052	0.109439	2.90643	-15.8667	0.765747	205.691	
6.61558	0.279882	0.393349	42.295	-2.44328	218.917	
18.173	0.483379	0.253638	20.9968	-1.53756	226.061	
4.35093	0.0954706	2.97976	-17.8119	-10.1515	195.033	
5.1769	0.253977	0.455619	1.35295	2.96319	209.953	
5.59963	0.0726875	3.05677	29.8372	-9.18875	199.091	
16.2542	0.449768	0.262999	-36.1206	1.09142	168.476	
3.06765	0.119844	2.82895	29.4659	17.0034	208.688	
6.99254	0.286614	0.381377	20.8541	-11.947	214.008	
4.41135	0.0943543	2.98454	71.0633	19.3416	184.48	
16.4953	0.453993	0.261703	23.0057	-1.79325	224.981	
3.12997	0.118616	2.83947	-4.34817	1.85883	198.267	
1.43718	0.166174	1.78467	-156.323	-10.8461	188.62	
6.91014	0.285144	0.383879	61.078	2.69209	155.909	
2.83208	0.124553	2.78434	-27.2634	16.1949	181.963	
1.52887	0.176316	1.39512	-9.45083	-17.2778	171.158	
3.16007	0.216295	0.646279	2.3106	16.0683	159.092	
5.37274	0.0767909	3.04555	7.09562	-4.68558	191.136	
3.76722	0.106368	2.92503	-28.8138	-14.8102	176.208	
3.67323	0.108147	2.91446	-28.7016	-1.74136	185.654	
9.98213	0.339586	0.318898	14.4577	-4.6245	198.475	
7.11682	0.28883	0.377714	-9.03038	10.2891	216.481	
2.80696	0.125062	2.77907	15.7193	3.7134	180.536	
13.9651	0.409631	0.277547	-4.62744	0.0717276	202.939	
4.63511	0.0902352	3.00112	-11.8601	1.90776	173.874	
3.54256	0.110633	2.89874	8.41835	0.197921	191.793	
4.56816	0.0914654	2.99634	-23.3981	8.37342	188.34	
2.00122	0.142832	2.51578	-15.1962	6.04613	231.559	
3.42858	0.112817	2.88394	7.46527	0.0602607	149.422	
1.81492	0.147789	2.40326	31.292	9.95342	211.029	
2.10576	0.140278	2.56567	-65.2263	2.27318	195.409	
8.09478	0.306214	0.352884	11.0046	5.50256	214.315	
2.31878	0.135382	2.64825	14.6237	1.24562	243.773	
3.17175	0.117797	2.84626	-14.9544	-7.40263	180.667	
1.45203	0.170908	1.59691	-11.303	-1.64411	140.053	
3.48795	0.111678	2.89178	10.2928	-2.0916	219.719	
11.2241	0.361468	0.302829	19.2377	7.38162	230.088	
4.74452	0.246092	0.482036	-10.0727	3.71742	176.744	
1.49002	0.160225	2.01526	11.0428	-11.0751	203.204	
10.637	0.351129	0.309954	-27.4378	-2.14528	211.971	
8.64192	0.315908	0.341482	31.5595	7.31764	227.023	
7.2661	0.291489	0.373483	5.37079	-6.89702	214.844	
2.1896	0.138309	2.6008	90.1864	17.5201	212.697	
2.79049	0.125397	2.77555	-24.6118	-1.78293	232.004	
2.37472	0.134148	2.6667	54.5822	10.6562	169.144	
11.5618	0.36741	0.299062	-38.0692	9.69438	215.024	
5.3597	0.0770272	3.04487	7.20556	6.82202	160.17	
1.48528	0.160542	2.00347	2.09226	10.6947	178.923	
2.81862	0.124826	2.78153	13.3277	-13.0464	190.448	
2.32599	0.135222	2.65069	4.59592	1.28003	240.755	
3.08269	0.119547	2.83153	20.0095	-1.53887	249.728	
2.17655	0.138611	2.59558	-2.97413	-12.2758	252.371	
5.61766	0.0723619	3.05762	60.9568	1.06965	201.268	
2.84853	0.12422	2.78773	9.25761	-15.8782	188.726	
7.57821	0.297042	0.365186	33.7391	-14.2542	184.915	
3.83651	0.105062	2.93247	-1.45591	1.55621	189.178	
4.04386	0.101175	2.95308	16.9275	3.36216	169.512	
5.10468	0.0816564	3.03095	-11.8633	11.9804	210.24	
4.48358	0.0930221	2.99008	13.2251	-6.43468	174.949	
5.71481	0.263712	0.428545	31.8502	5.47287	159.539	
7.18144	0.289981	0.37586	3.09578	0.672126	187.888	
10.1866	0.343193	0.31598	-2.34839	4.70099	236.469	
1.45128	0.170819	1.60041	-121.869	1.14833	197.517	
3.85968	0.104626	2.93489	50.8755	-14.4638	172.157	
2.23587	0.197073	0.872012	-75.2421	-3.04366	178.785	
1.86297	0.146446	2.43595	-2.26797	1.76178	211.614	
5.86168	0.0679623	3.06861	-31.1452	-0.0574449	156.194	
2.64144	0.128463	2.74132	-28.5889	-3.10495	210.943	
6.48339	0.0568035	3.09277	-30.199	-3.97843	160.22	
10.0866	0.341429	0.317392	-14.736	-7.03157	204.392	
5.89892	0.0672921	3.07021	6.42551	1.84148	143.503	
3.26809	0.115918	2.86117	48.416	-9.76659	173.108	
13.8561	0.407718	0.278361	-2.20131	5.46491	223.493	
2.77279	0.125758	2.77171	-16.4926	-19.8287	196.454	
3.27891	0.115708	2.86278	5.66031	4.63331	229.427	
1.91418	0.189252	1.02294	-0.688251	-9.80936	215.491	
5.54632	0.0736503	3.05422	-0.152982	-3.95666	202.133	
8.8215	0.319086	0.338053	19.4537	-4.02679	227.989	
5.19759	0.254353	0.45447	-11.2361	-4.71261	202.552	
3.65286	0.108533	2.91209	-44.7014	-5.93363	203.916	
3.03143	0.120561	2.82261	27.3673	-16.1225	141.486	
2.78954	0.125417	2.77534	4.49779	-4.49526	208.226	
11.3527	0.36373	0.301369	26.4342	-4.41825	222.47	
2.74745	0.126276	2.76612	-32.4048	-0.733321	174.744	
3.30861	0.219189	0.623506	-13.5963	13.6849	232.897	
10.6098	0.35065	0.310304	17.2002	0.959354	247.466	
17.0024	0.462879	0.259096	-3.03165	-0.180753	237.148	
7.43152	0.0398877	3.12166	-40.4762	12.2301	194.788	
11.2214	0.361421	0.30286	24.5058	-1.61452	232.65	
4.43741	0.0938733	2.98656	-31.5186	-1.65288	187.136	
2.78277	0.125555	2.77388	38.0747	-7.26524	202.983	
4.16323	0.098951	2.96395	-48.362	-11.947	193.232	
4.21035	0.0980754	2.96806	-23.1069	6.94716	155.486	
2.19766	0.138123	2.60399	7.08796	-7.62302	213.73	
17.2644	0.467467	0.25781	16.285	-1.86158	236.775	
3.14933	0.216084	0.64802	3.29782	-13.322	185.799	
3.49172	0.222715	0.598389	-30.4643	-11.7725	169.631	
9.02612	0.322705	0.334313	-12.48	2.22098	206.352	
6.95277	0.285905	0.382577	46.4634	3.38775	191.742	
3.93896	0.103138	2.94294	14.8346	4.37207	177.49	
3.30596	0.115183	2.86677	34.8842	10.6695	183.83	
2.36392	0.134385	2.66322	22.8113	-5.17173	184.732	
6.37307	0.275542	0.401819	6.11516	4.97516	199.3	
5.62898	0.0721575	3.05815	8.60399	-6.0251	181.786	
2.15833	0.139036	2.58815	28.6346	5.99746	178.611	
4.79913	0.247091	0.478424	72.2052	16.7768	122.585	
4.18029	0.0986338	2.96545	18.7812	3.38149	207.675	
2.45359	0.201886	0.799774	2.40637	3.38789	184.585	
1.57465	0.178435	1.32264	-32.5619	0.835652	208.209	
9.56293	0.332189	0.325274	21.7648	9.7318	180.045	
2.86613	0.123865	2.79132	-19.629	-9.01787	202.933	
2.80764	0.125049	2.77921	13.9123	9.82318	201.901	
3.2504	0.218058	0.632153	-33.3423	2.46257	157.591	
2.73077	0.126618	2.76237	-66.2851	-11.1938	207.208	
3.23947	0.217846	0.633814	30.3737	-12.7302	205.486	
2.31944	0.135368	2.64847	4.98387	10.0412	217.415	
3.11752	0.118861	2.8374	-20.6422	-14.2591	225.401	
19.2101	0.501535	0.249359	39.4412	-4.92027	236.586	
1.43831	0.165761	1.80111	59.6012	11.1198	207.643	
1.70548	0.183219	1.17557	4.32496	-4.49778	220.917	
3.05114	0.12017	2.82608	-28.7019	8.14766	163.164	
6.35408	0.0591192	3.08815	35.0026	8.65746	180.383	
4.06774	0.10073	2.95531	53.3173	-6.91119	194.427	
2.88173	0.21077	0.696211	-7.64393	-5.15135	130.028	
5.4717	0.0749995	3.05056	-0.666295	3.83517	193.193	
1.70656	0.183254	1.17459	14.3198	-6.78837	220.408	
1.77847	0.148848	2.37626	-44.2984	-20.0256	164.726	
3.25379	0.116196	2.85902	-29.0074	-1.64491	165.466	
3.16381	0.216368	0.645676	32.7526	0.267663	208.706	
14.1167	0.41229	0.276438	-19.3811	-1.71651	217.059	
4.62217	0.0904728	3.00021	17.5652	0.072267	200.487	
5.39149	0.0764514	3.04651	20.6579	-4.39136	176.699	
4.55746	0.0916621	2.99556	-10.946	10.3709	199.643	
1.4643	0.172155	1.54864	12.9727	4.08426	178.146	
4.04727	0.101112	2.9534	-43.0254	-8.00957	177.522	
13.2615	0.39728	0.283034	14.8907	-1.52477	253.93	
4.98549	0.0838268	3.02394	-12.7629	-9.40502	181.407	
1.48726	0.173913	1.4822	-93.5736	-22.1943	173.272	
15.3932	0.434677	0.267962	-21.1069	-8.08173	247.288	
2.13077	0.139684	2.57656	35.4172	2.6864	185.285	
2.86522	0.123883	2.79113	-30.8225	-18.2273	199.806	
1.45509	0.171254	1.58346	-64.6898	-7.75194	219.56	
4.98844	0.083773	3.02411	-52.4677	2.24223	221.937	
8.24272	0.308837	0.349649	-24.4445	2.1208	188.584	
9.64591	0.333654	0.323967	-17.0945	-11.8888	210.127	
4.99568	0.0836409	3.02455	-32.4512	-5.98797	208.787	
9.68294	0.334308	0.323391	34.2562	-0.888581	191.922	
1.5149	0.158742	2.06935	75.3473	24.3584	207.418	
1.51784	0.158582	2.07507	-26.9919	-10.7782	135.48	
1.71751	0.150716	2.32593	-6.00333	-0.432178	142.899	
2.62906	0.128721	2.73827	-75.5043	5.9166	182.382	
1.57429	0.155901	2.16751	8.00227	3.66517	202.03	
2.87387	0.123709	2.79287	5.38816	3.22551	203.379	
7.78499	0.300716	0.360062	27.8971	1.37471	220.178	
1.44705	0.164054	1.86861	-28.686	2.24354	166.265	
2.32147	0.198998	0.841499	-13.6195	9.09475	238.055	
4.05775	0.100916	2.95438	-47.5483	-16.001	201.654	
1.9462	0.190088	1.00446	36.5356	0.502264	205.6	
4.57669	0.243012	0.493704	8.98523	8.28571	148.129	
1.61796	0.154151	2.22406	-31.6372	5.75233	166.58	
5.21683	0.0796183	3.03725	-0.976717	4.88253	182.989	
6.34716	0.275077	0.402763	23.4155	-6.07227	167.515	
13.5259	0.401921	0.280905	5.85988	-3.23268	256.465	
3.36733	0.113997	2.87554	23.077	2.62295	186.695	
3.0744	0.119711	2.83011	-18.1661	-5.08516	190.035	
4.84785	0.247982	0.475274	31.4837	7.0391	181.645	
3.76925	0.10633	2.92525	1.53086	7.85482	142.072	
3.58818	0.224557	0.586293	53.8254	1.3665	214.531	
4.02881	0.101456	2.95166	-18.6705	1.99136	174.773	
2.493	0.202731	0.788411	30.7736	5.35188	201.474	
2.85017	0.210134	0.702589	-49.1816	2.04989	156.19	
12.1392	0.377563	0.293111	-18.1178	10.6043	267.012	
3.1795	0.117645	2.84749	29.152	-14.7827	182.582	
2.30806	0.135621	2.64458	23.9201	2.37997	178.309	
3.24012	0.116462	2.85694	-22.4771	-4.39024	161.195	
3.68168	0.107987	2.91543	-41.7038	-6.4696	183.38	
3.42299	0.112924	2.88319	-61.3468	5.30783	147.926	
18.0332	0.480932	0.254252	6.65348	-4.7139	230.761	
6.51277	0.0562775	3.0938	-14.6604	-3.99546	206.163	
2.49338	0.202739	0.788303	-7.09915	14.9235	186.447	
2.27804	0.198027	0.8566	-55.9949	6.64392	254.005	
2.52413	0.130927	2.71091	-12.107	1.39842	191.738	
1.44208	0.164864	1.83668	-28.4073	10.2376	229.112	
5.4341	0.0756799	3.04868	39.5184	-7.36034	230.056	
5.47144	0.259316	0.440111	2.53645	-9.20649	177.072	
3.61849	0.109186	2.90802	45.8243	-4.14685	148.779	
3.20708	0.117106	2.85184	16.0093	0.242959	234.158	
4.2518	0.237014	0.519065	9.06391	-11.8858	186.412	
1.47052	0.161637	1.96221	-14.5396	1.5171	188.956	
4.73328	0.088435	3.00787	-17.3971	-9.04305	164.069	
14.3202	0.41586	0.274985	33.9819	1.13295	257.944	
5.6897	0.0710618	3.06097	88.6432	-10.078	195.736	
8.74231	0.317685	0.339548	21.4251	1.54763	225.128	
2.53108	0.13078	2.71281	-0.656771	6.45743	193.997	
2.25277	0.136864	2.62492	50.2874	10.7922	185.344	
6.02504	0.269297	0.4152	-39.0224	-8.67575	170.039	
2.95992	0.212338	0.681092	-0.990075	-8.04579	172.223	
16.6742	0.457128	0.260765	33.7763	-3.58841	239.589	
17.0969	0.464534	0.258628	-39.5965	4.14631	211.984	
2.34637	0.134771	2.65749	-8.56418	1.37526	190.459	
1.80199	0.14816	2.39392	4.14109	10.4999	153.945	
3.52135	0.111039	2.89606	12.9132	-12.485	209.069	
2.00095	0.142839	2.51564	-37.3016	-5.26574	196.29	
3.20457	0.117155	2.85145	-15.0448	-6.46424	209.462	
5.35941	0.257288	0.445801	-12.183	-8.41478	182.794	
4.93348	0.0847752	3.02076	33.4688	-10.1353	232.795	
3.83739	0.229275	0.5581	5.51033	1.84874	184.005	
20.6811	0.527279	0.244028	-5.97869	1.45001	226.492	
16.0571	0.446314	0.264088	-0.557811	-4.31699	266.409	
3.99214	0.102142	2.94815	53.8693	4.9544	204.493	
2.4652	0.132185	2.69428	-37.2278	-7.25018	219.369	
1.45332	0.163263	1.89955	64.7823	14.8499	198.685	
12.9157	0.391207	0.285951	6.26725	10.0548	253.511	
1.63071	0.180646	1.25175	86.5379	5.01817	215.399	
3.09658	0.119273	2.83389	-13.3438	-25.0361	189.874	
3.39526	0.220863	0.611246	-28.3346	-5.78655	156.466	
1.72602	0.183874	1.15726	-85.2213	6.07362	129.048	
4.15063	0.0991853	2.96283	0.593094	-5.91132	188.371	
3.1771	0.117692	2.84711	58.698	0.940195	116.685	
2.58908	0.204764	0.762492	-36.0587	-5.9951	143.491	
2.61711	0.12897	2.73529	28.2664	8.90675	177.736	
7.71514	0.299475	0.361761	-8.5802	0.440563	169.489	
1.55529	0.177584	1.35124	15.5436	-5.02838	196.398	
2.92772	0.122627	2.80345	34.4797	-9.23963	208.584	
4.38075	0.0949194	2.98214	-2.63174	-0.306461	235.706	
1.95289	0.14406	2.48993	10.1266	-0.988823	182.835	
13.7217	0.405358	0.279382	7.95942	11.9404	236.472	
10.0306	0.340441	0.318196	-8.71658	2.45535	205.587	
11.3679	0.363997	0.301199	20.0604	3.12134	240.379	
5.62341	0.0722579	3.05789	21.1317	-0.847844	168.995	
5.05502	0.0825601	3.02807	-15.9283	-9.4023	188.135	
12.2426	0.37938	0.292105	-10.6972	1.24114	250.048	
5.03606	0.251415	0.463704	-25.9314	3.0075	208.638	
5.13884	0.253285	0.457759	28.5252	-9.55815	192.97	
5.6194	0.0723304	3.0577	-24.85	-6.36862	148.357	
1.90317	0.18896	1.02953	10.5059	-10.2364	217.655	
2.66395	0.127996	2.74679	-27.6194	-3.58611	221.196	
2.59657	0.1294	2.73009	44.3439	4.33447	187.209	
4.00271	0.101944	2.94917	9.13801	1.18424	156.339	
2.26777	0.197796	0.86028	30.395	8.64395	194.17	
1.56477	0.156313	2.15374	18.0511	-10.3032	173.202	
1.643	0.153227	2.25264	-12.4701	0.750441	191.8	
6.75703	0.0519104	3.10196	28.3959	12.2519	181.596	
5.32477	0.256661	0.44761	-4.7512	-10.0672	174.791	
4.41174	0.0943471	2.98457	20.2609	-5.18586	188.213	
3.22574	0.116742	2.85474	44.5539	6.38522	166.977	
2.63157	0.205652	0.751767	-6.11989	3.04681	209.579	
20.13	0.517636	0.245933	-40.509	4.65517	220.186	
9.64493	0.333637	0.323982	67.2907	0.464338	216.713	
5.09089	0.0819073	3.03016	8.39843	3.09599	155.342	
17.2678	0.467527	0.257794	-11.3639	-1.35154	255.138	
1.5926	0.155142	2.19241	18.1827	-0.0965531	257.692	
2.17659	0.19571	0.895059	12.4824	-5.46419	207.498	
9.16642	0.325185	0.331847	-9.9892	0.75751	211.397	
1.56828	0.156159	2.15889	-8.62482	-7.87721	202.023	
1.68777	0.151683	2.29849	-42.3683	-11.1576	185.016	
1.43688	0.166319	1.77889	-47.28	-1.87885	181.444	
3.49625	0.111519	2.89285	-10.5376	8.83822	189.308	
4.69035	0.0892217	3.00495	0.724641	-4.33916	204.817	
3.05586	0.214244	0.663755	-15.8569	-6.56267	195.287	
4.12894	0.099589	2.9609	-11.3431	8.72742	176.306	
5.64482	0.0718715	3.05889	5.51798	6.03151	226.351	
2.7136	0.20735	0.732204	-21.0984	8.05433	166.72	
4.50142	0.0926935	2.99142	57.7794	14.8765	195.696	
2.57758	0.204522	0.765469	-38.3068	-5.12441	205.03	
4.70771	0.0889036	3.00614	21.405	-1.25472	213.923	
2.90306	0.123122	2.79866	-24.4248	-12.9022	167.71	
3.61827	0.109191	2.908	-5.30518	4.32241	179.001	
3.61488	0.109255	2.90759	21.6252	0.024439	192.99	
2.94701	0.122241	2.80713	22.4645	-4.50909	156.702	
4.88111	0.0857311	3.0175	-26.225	6.46444	177.293	
1.63482	0.153524	2.24356	71.1353	4.49851	235.264	
4.08874	0.100338	2.95725	-30.7862	-2.54201	187.138	
3.9811	0.231972	0.543575	1.11501	-13.3606	196.204	
1.77594	0.185398	1.11635	-29.7897	-9.15705	177.903	
5.44256	0.258794	0.441554	2.72659	-8.32409	158.914	
16.6545	0.456784	0.260867	-24.8129	-5.76634	197.371	
10.5024	0.348759	0.311699	6.7311	-2.3711	200.675	
1.86817	0.146304	2.43931	-9.60663	2.14949	240.954	
2.46502	0.132189	2.69423	-29.2386	-15.4383	157.792	
1.43875	0.168692	1.68431	-44.4263	5.71151	143.42	
11.1689	0.360496	0.303468	29.9062	7.31735	218.62	
3.05973	0.12	2.82758	-62.2925	-11.9624	204.91	
2.19364	0.138216	2.6024	-2.27964	-7.68183	232.388	
6.32327	0.274649	0.403641	-63.0749	-0.499674	177.511	
1.84159	0.147037	2.42178	-19.2889	11.144	161.725	
9.29658	0.327485	0.329627	21.3119	4.32762	201.011	
3.4967	0.11151	2.89291	36.0916	5.24242	172.962	
2.50427	0.13135	2.70542	-0.31001	-8.31711	195.873	
2.28648	0.198217	0.853603	-32.4271	-4.25989	181.754	
12.7927	0.389046	0.287027	20.1041	-3.91397	193.589	
2.08201	0.193473	0.935677	38.9615	-8.66244	173.264	
2.738	0.207851	0.726656	54.1309	15.0167	203.016	
4.75414	0.0880531	3.00926	-8.64769	-1.39278	161.277	
4.24318	0.0974662	2.97086	-18.6795	-8.44069	163.285	
1.75608	0.184802	1.13206	40.9207	-15.4643	206.062	
4.19166	0.0984225	2.96644	45.8041	10.6813	213.167	
2.79765	0.125252	2.77708	-15.4322	-0.296459	227.409	
2.01517	0.142484	2.52289	0.695995	3.22318	199.894	
6.53123	0.278373	0.396222	4.68352	5.58827	182.13	
5.60964	0.0725066	3.05724	-5.35153	5.38665	198.842	
3.5754	0.110007	2.9028	12.3505	-7.29318	174.742	
4.36509	0.0952089	2.98089	2.24861	7.95352	190.574	
2.29653	0.135878	2.64058	8.28044	5.558	183.87	
21.9424	0.549346	0.240027	15.3287	2.56517	269.674	
3.1632	0.117965	2.84488	-30.8929	23.5215	159.187	
13.8954	0.408407	0.278066	-25.3801	-6.24368	240.266	
6.61874	0.279939	0.393243	-18.1953	-4.36748	171.825	
1.63796	0.153409	2.24708	16.5382	16.2441	148.427	
8.29292	0.309727	0.348579	-42.6325	-3.16585	225.826	
9.60419	0.332917	0.324621	10.3045	-2.79734	238.283	
23.7573	0.581087	0.235017	8.48608	-3.49376	255.509	
3.64964	0.108595	2.91171	42.8444	3.11084	220.669	
4.8252	0.0867528	3.01393	1.25776	-0.215043	206.736	
19.8183	0.51218	0.247058	-11.1392	1.98128	238.298	
2.8339	0.209805	0.70594	23.1252	-10.1942	215.174	
6.78684	0.0513779	3.10292	26.2249	10.2283	217.521	
4.73389	0.0884238	3.00791	-56.0762	-7.6478	218.241	
1.54015	0.157445	2.11507	33.548	-2.97089	173.151	
2.21567	0.137709	2.61098	-21.9151	-3.71661	215.558	
1.96677	0.143704	2.49756	30.4133	4.56475	169.336	
3.6212	0.109135	2.90835	4.84067	-2.60421	199.206	
1.48552	0.173795	1.48659	-13.2702	-12.1059	123.881	
16.3883	0.452119	0.262273	58.4904	1.03429	240.303	
2.56394	0.204235	0.769042	-44.9004	-15.0609	195.58	
9.64713	0.333676	0.323948	7.33271	1.70361	231.666	
3.631	0.108949	2.90951	-6.20812	-10.4689	171.462	
4.98687	0.0838016	3.02402	-35.4011	2.60496	203.696	
5.67547	0.0713184	3.06031	-43.799	3.9117	203.191	
2.35054	0.134679	2.65886	-79.3741	-9.43984	208.729	
4.18426	0.235761	0.524863	-3.04645	-7.27057	201.573	
1.72704	0.150415	2.33429	-24.3844	-4.73439	195.584	
6.30584	0.0599838	3.08637	16.9445	0.99389	206.985	
11.3076	0.362937	0.301877	19.3619	8.75325	174.693	
11.2733	0.362334	0.302266	-13.5889	-1.72522	249.607	
3.14461	0.118329	2.84187	-17.438	-15.6614	232.441	
5.82859	0.0685584	3.06718	-23.7428	15.8972	200.77	
3.05665	0.214259	0.663619	6.84958	-10.0865	190.083	
3.23119	0.116636	2.85558	7.27366	-12.2321	209.652	
2.23095	0.137359	2.6168	-14.4436	-4.33101	197.897	
4.46478	0.240952	0.501999	34.8729	-1.14574	205.322	
6.6116	0.279811	0.393483	4.1076	-6.71497	231.807	
16.1618	0.448149	0.263506	3.75269	-6.6133	201.4	
10.3741	0.346497	0.313408	-4.48295	18.1315	195.321	
6.75296	0.0519831	3.10183	42.5303	4.12586	172.858	
4.42561	0.094091	2.98565	-67.8365	13.3228	174.244	
5.98645	0.268603	0.416782	10.1603	0.758721	237.234	
3.17507	0.216589	0.643871	3.82145	-12.2042	178.722	
1.80161	0.148171	2.39364	7.80333	-26.6858	179.133	
2.65483	0.128185	2.74459	-74.033	-9.89749	168.845	
8.68718	0.316709	0.340604	33.7204	10.8577	237.233	
8.3828	0.31132	0.346694	17.4033	-7.09098	244.259	
4.52326	0.0922913	2.99305	11.6357	13.7211	183.536	
6.20084	0.0618669	3.08241	-38.5215	4.96142	180.942	
4.38704	0.0948032	2.98263	10.6398	9.49994	157.545	
3.7134	0.107386	2.91905	-44.54	-3.54599	208.547	
13.9473	0.409317	0.27768	13.7218	6.64536	234.988	
4.82281	0.247524	0.476885	2.98827	-12.7736	224.956	
3.02809	0.120627	2.82201	-5.01138	-4.61702	194.942	
4.73456	0.0884116	3.00795	41.9318	5.58198	218.386	
4.49738	0.241553	0.499537	33.0545	-10.8754	140.341	
1.93632	0.144489	2.4806	-97.258	-13.5858	159.145	
3.94707	0.102986	2.94375	31.672	-2.50487	141.635	
4.54286	0.0919307	2.99449	-28.8608	14.4913	193.994	
12.9	0.390932	0.286087	0.594366	6.46478	234.984	
4.36784	0.095158	2.98111	-31.4166	1.1189	175.736	
3.69636	0.226612	0.573546	-4.56767	4.02986	172.212	
2.48542	0.131752	2.7001	3.28743	2.27401	176.72	
4.00417	0.101917	2.94931	-27.5415	2.45304	170.936	
2.73142	0.126605	2.76252	41.6281	1.48312	190.281	
4.58731	0.243207	0.492939	-3.17201	4.12885	209.789	
3.08427	0.119516	2.8318	4.77333	6.72564	197.335	
12.1733	0.378163	0.292777	15.3887	3.72881	238.683	
4.4009	0.0945473	2.98372	-18.1314	10.5465	204.566	
5.88147	0.0676063	3.06946	-7.38332	-18.7897	184.476	
1.43614	0.167411	1.73533	17.5626	-4.18965	197.702	
2.35022	0.134686	2.65876	36.646	-5.36357	217.104	
6.3423	0.0593302	3.08772	16.0548	-12.3054	203.94	
3.76553	0.1064	2.92484	-38.2368	-15.364	204.602	
4.34782	0.095528	2.97951	-6.07707	-18.1641	201.137	
10.7821	0.353686	0.30812	-31.4623	-6.64345	175.669	
10.9985	0.357497	0.305476	-63.7276	-5.70966	232.797	
3.72674	0.107133	2.92055	5.05407	1.89323	170.17	
11.5587	0.367354	0.299097	-11.1471	-5.2492	251.134	
8.55335	0.31434	0.343227	2.38054	-7.27616	219.383	
2.21502	0.137724	2.61073	-63.262	12.7554	235.216	
13.5556	0.402443	0.280671	-17.3197	4.47592	250.475	
1.59339	0.17921	1.29722	-124.513	-28.1593	185.081	
1.6702	0.152275	2.28121	-109.303	-12.4242	178.257	
3.26582	0.115962	2.86083	-20.7631	-3.907	214.487	
1.51473	0.158751	2.069	-35.9871	-5.41679	216.055	
1.50757	0.159153	2.05454	-27.5675	2.24841	129.643	
3.95019	0.102927	2.94406	0.318693	-8.6646	193.371	
24.1319	0.587638	0.234077	19.234	2.31007	252.508	
4.67689	0.0894687	3.00403	-42.465	7.2171	210.293	
7.51546	0.0383947	3.12386	42.5312	-11.0071	230.56	
4.80162	0.087184	3.0124	-22.6636	-12.8562	177.53	
1.61315	0.154334	2.21828	-94.9393	8.47686	222.197	
3.3369	0.219736	0.619426	33.88	3.53892	173.853	
2.62484	0.128809	2.73722	-49.1945	-8.2653	225.593	
3.87209	0.229928	0.554487	4.90365	8.57777	200.261	
2.18277	0.138467	2.59808	-52.5065	-3.74081	209.377	
4.84713	0.0863518	3.01534	45.8355	8.99894	171.051	
9.33231	0.328116	0.329028	31.8373	1.42275	216.656	
3.35317	0.11427	2.87355	21.8105	21.2494	171.461	
2.71579	0.126926	2.75896	104.135	2.29695	143.052	
1.56751	0.156193	2.15777	-19.1207	1.20078	233.654	
1.56881	0.156136	2.15966	22.6762	12.2142	247.459	
4.09437	0.100233	2.95776	2.13004	-2.25845	166.929	
3.42879	0.112813	2.88397	13.8554	-5.66373	198.678	
5.94873	0.267925	0.418349	-70.9084	-1.16206	192.469	
11.7371	0.370493	0.297193	-13.525	2.62	227.169	
10.0661	0.341068	0.317685	-14.381	3.03568	224.513	
4.76601	0.246485	0.480605	-29.2373	1.9978	167.306	
9.67036	0.334085	0.323587	-27.3562	-10.9614	225.708	
7.87502	0.302314	0.357917	-54.3789	15.1612	203.068	
5.65329	0.0717187	3.05929	-24.3691	-10.0453	200.082	
3.52509	0.223354	0.594122	29.1965	5.21589	185.684	
4.98146	0.250421	0.466966	-11.0226	3.81326	186.566	
4.0108	0.101793	2.94995	58.164	19.1146	180.662	
3.7266	0.107136	2.92053	-52.7328	-3.09868	188.103	
4.4256	0.0940913	2.98565	17.8941	4.40856	194.37	
2.88882	0.210913	0.694802	-53.5613	-1.11438	191.084	
9.52488	0.331517	0.32588	7.99149	-0.954423	194.37	
1.70758	0.151034	2.317	-16.9493	5.12823	179.388	
3.44576	0.112487	2.88624	-30.8945	-7.80554	226.497	
8.81603	0.318989	0.338155	20.218	-5.84037	172	
5.15841	0.0806795	3.034	-31.4319	4.75335	180.805	
4.54	0.0919834	2.99428	-8.93867	3.12495	205.453	
4.7218	0.0886452	3.00709	27.7657	-4.65006	129.506	
3.08065	0.119587	2.83118	-14.4079	-5.38015	221.558	
5.91392	0.267299	0.419814	-1.00563	-11.5215	184.411	
3.56798	0.224172	0.588766	21.3113	0.762929	181.948	
2.42073	0.201176	0.809608	-49.9061	-21.1072	191.024	
5.18894	0.0801248	3.03571	24.6648	8.20212	185.093	
3.951	0.102912	2.94414	30.7437	11.5917	193.325	
14.5386	0.419691	0.273471	15.369	1.33285	199.056	
2.93852	0.122411	2.80552	-45.4066	2.96092	211.778	
4.79422	0.0873195	3.01191	44.7713	15.0256	185.418	
2.96651	0.121851	2.8108	-17.8374	7.1742	224.785	
2.766	0.208424	0.720432	0.836329	13.877	199.004	
7.59241	0.0370265	3.12583	34.3652	-0.416374	201.223	
1.47753	0.161094	1.98279	-63.2943	-9.47281	138.512	
1.69493	0.151446	2.3053	-40.1312	4.37638	201.698	
5.2954	0.0781926	3.04149	27.5406	-2.89634	188.654	
5.0971	0.0817942	3.03052	-25.4235	-0.315892	165.183	
3.25158	0.116239	2.85869	30.739	-2.02394	198.969	
15.2246	0.431722	0.268999	21.3827	-3.05485	220.321	
1.55896	0.17775	1.34562	45.2793	13.438	178.177	
6.38234	0.275708	0.401483	65.5059	9.37076	191.847	
5.67736	0.0712843	3.0604	61.3765	-2.6727	223.671	
12.3554	0.381363	0.291026	-62.1238	-4.65406	194.359	
3.22861	0.116686	2.85518	14.6588	-2.6279	222.322	
16.906	0.461189	0.25958	21.3093	5.41817	271.32	
5.56951	0.261089	0.435324	57.3333	8.82291	205.824	
1.4464	0.170172	1.62576	-1.81226	-4.2092	193.548	
9.03907	0.322934	0.334083	-27.0812	-0.674891	179.059	
7.01396	0.286996	0.380736	-3.44052	8.10243	183.106	
3.09149	0.119374	2.83303	-27.6038	-9.09336	152.428	
5.73176	0.0703031	3.06288	-65.684	-6.37819	186.194	
15.8298	0.442331	0.265377	26.2633	-0.439188	239.87	
3.27341	0.115815	2.86197	-81.3064	10.5662	185.976	
19.1232	0.500015	0.249699	33.1833	2.25618	240.605	
4.32352	0.0959776	2.97754	39.8665	2.72425	213.315	
8.87343	0.320005	0.337087	23.7665	0.31548	208.712	
7.12381	0.288954	0.377511	-19.7196	6.62444	185.067	
4.81656	0.0869109	3.01337	14.8658	-4.38776	192.708	
5.68533	0.0711406	3.06077	-12.609	0.630443	196.939	
5.40584	0.258129	0.443413	-6.34551	0.926019	194.507	
3.39931	0.11338	2.87997	24.5692	-21.4524	191.87	
5.02018	0.251126	0.464645	29.569	8.66578	211.859	
11.2517	0.361954	0.302513	-3.12558	-2.69997	245.196	
5.87529	0.0677174	3.0692	7.09448	17.7683	241.378	
20.2166	0.519151	0.245627	26.6341	1.79017	254.372	
4.16835	0.235465	0.526258	-38.2128	-5.05311	182.564	
2.68712	0.127517	2.7523	48.6154	-3.12915	187.549	
4.37663	0.0949955	2.98181	16.0454	-7.19182	181.364	
14.2921	0.415366	0.275183	28.5497	10.1673	256.806	
6.92355	0.0489375	3.10719	6.63753	-7.63933	209.49	
8.21091	0.308273	0.350335	-1.47197	-1.49266	208.48	
5.94761	0.066416	3.07226	9.30774	-8.37816	170.803	
2.67661	0.127734	2.74981	5.85871	7.68834	168.263	
4.96969	0.0841147	3.02298	-21.4762	10.1254	184.629	
15.7763	0.441393	0.265686	10.1401	-0.678872	229.704	
5.04049	0.0828247	3.02722	1.72833	-2.82102	211.094	
7.91549	0.303033	0.356969	-12.4003	-0.922664	198.004	
7.51142	0.295854	0.366902	58.7731	-0.111793	199.473	
3.56067	0.110288	2.90099	1.26006	-0.598081	189.84	
2.15728	0.139061	2.58771	8.55373	-11.184	192.419	
4.48036	0.241239	0.500817	43.6702	4.38473	164.51	
5.28283	0.0784206	3.04082	-7.04061	2.56227	205.045	
2.13907	0.139488	2.58009	-5.93265	2.27279	162.768	
5.38655	0.25778	0.444399	-41.5075	-1.22125	169.48	
1.44588	0.170096	1.62876	17.7097	11.3345	198.445	
3.26965	0.115888	2.8614	-50.9061	-8.93492	181.478	
5.80362	0.069008	3.06608	-7.11256	7.01396	197.936	
7.9972	0.304483	0.355084	49.7483	17.2682	200.465	
6.4229	0.276434	0.400025	-26.6692	7.95087	205.71	
4.89776	0.0854271	3.01854	-25.2232	13.757	217.566	
6.40184	0.276057	0.40078	-7.50182	3.52656	195.055	
5.10712	0.252709	0.459567	0.070137	0.667552	166.283	
5.47375	0.259358	0.439996	-16.6907	0.16913	191.742	
6.77978	0.282817	0.387966	-23.6323	4.191	166.968	
4.62118	0.090491	3.00013	-31.5378	13.8607	169.804	
7.77743	0.300581	0.360245	-12.2817	3.99758	208.739	
3.5626	0.22407	0.58943	44.1026	7.39845	184.692	
1.82147	0.147603	2.4079	-41.0626	-4.99642	163.394	
2.42558	0.13304	2.68252	-32.4226	-23.9061	197.889	
6.11545	0.270921	0.411573	72.493	12.2892	199.12	
11.7298	0.370365	0.29727	-28.4758	-1.40507	216.154	
16.8959	0.461011	0.259631	2.72001	0.894852	211.573	
4.02509	0.101526	2.95131	31.6535	-5.96488	206.232	
3.33768	0.114569	2.87134	-10.1611	13.028	182.114	
3.16241	0.216341	0.645902	45.3358	23.2994	212.199	
3.0933	0.119338	2.83334	-13.3927	6.6317	174.864	
8.08704	0.306077	0.353056	-25.0613	-5.62182	189.21	
15.151	0.430431	0.269459	14.0869	7.91981	236.507	
2.71718	0.126897	2.75928	30.3862	-11.3973	213.992	
2.92726	0.211685	0.687293	-5.18015	4.98536	158.138	
3.14699	0.118282	2.84226	-6.58986	3.01793	206.389	
2.27923	0.136266	2.63448	-27.2655	9.99178	186.784	
10.0189	0.340235	0.318364	28.8767	-8.25752	188.666	
2.03969	0.141877	2.53502	17.5307	8.29753	162.701	
4.23315	0.236668	0.520646	19.1085	0.333778	179.18	
6.12624	0.271115	0.411147	33.066	3.00864	178.196	
3.78086	0.22821	0.564141	-50.4634	-2.30694	176.624	
3.30297	0.115241	2.86633	19.9177	-4.57651	215.076	
6.21484	0.272705	0.407711	12.9899	5.37896	178.515	
14.2798	0.415151	0.27527	16.7006	6.18783	233.675	
10.8088	0.354156	0.307788	-35.3899	-13.9124	198.108	
3.56043	0.110292	2.90096	-7.64414	-1.42023	161.991	
16.1608	0.448133	0.263511	-0.560013	-3.84306	227.982	
3.37786	0.113793	2.87701	-64.1241	-2.87102	199.651	
3.74573	0.227546	0.567996	23.0602	6.90182	199.686	
2.64531	0.128383	2.74227	-21.1721	2.30722	156.38	
3.07226	0.119753	2.82974	25.1569	0.81855	181.322	
2.47594	0.131955	2.69738	-28.2073	15.6145	182.475	
14.3621	0.416595	0.274691	-62.1278	4.4161	222.87	
9.51515	0.331345	0.326036	14.7393	12.2959	220.352	
4.13336	0.234814	0.529366	-11.4472	-19.4176	199.051	
2.23668	0.137229	2.61895	10.6062	-3.10414	204.549	
12.6441	0.386435	0.288355	21.1082	-0.686591	218.544	
6.57681	0.279189	0.39466	24.6843	4.18974	186.168	
9.51722	0.331382	0.326003	23.0526	-9.43841	196.942	
2.74191	0.12639	2.76488	66.3013	-3.84457	217.64	
2.72797	0.126675	2.76174	16.2287	-14.9401	185.193	
5.20557	0.0798228	3.03663	-39.4828	0.565075	208.427	
1.55266	0.156857	2.13533	-30.6343	13.6591	228.534	
5.62483	0.262088	0.432701	-17.0869	-0.400715	189.542	
2.71596	0.126922	2.759	44.2024	-10.8648	200.428	
3.18084	0.216701	0.642952	-29.3906	9.41243	204.304	
1.72017	0.150632	2.32828	-48.2663	-4.08562	177.534	
3.16072	0.118013	2.84448	36.4624	-0.863728	198.885	
1.85689	0.146613	2.43198	-35.8163	2.80678	171.803	
8.14579	0.307119	0.351755	-11.0927	1.56634	189.72	
2.18608	0.19593	0.891254	-70.6276	-24.3899	175.601	
6.56907	0.0552703	3.09573	0.291391	4.7134	206.074	
3.95437	0.102849	2.94447	-33.7765	-4.37386	177.054	
1.58637	0.178925	1.30652	-32.8705	-3.42726	191.832	
1.65287	0.152876	2.26328	-11.1729	6.79224	165.599	
11.4693	0.365782	0.300073	9.50395	-0.312123	205.185	
3.25311	0.116209	2.85892	-49.5271	0.697738	206.17	
1.75734	0.14948	2.35962	-0.0351047	11.9745	179.277	
1.80214	0.186165	1.09663	-57.1079	10.3355	156.978	
5.74462	0.0700713	3.06346	-26.4285	14.083	205.248	
4.03411	0.101357	2.95216	93.8618	-4.24206	207.047	
6.41372	0.0580508	3.09031	-11.8227	0.617668	183.147	
3.7927	0.105888	2.9278	3.88237	2.59248	194.231	
17.3439	0.46886	0.257427	-2.26138	4.30694	249.201	
3.04169	0.213963	0.666237	-5.41596	-2.3291	172.586	
1.58519	0.155444	2.18256	-26.303	0.876483	181.023	
4.39524	0.0946517	2.98328	39.8224	10.723	186.697	
1.54714	0.157113	2.12655	2.1322	-7.24628	154.024	
3.5486	0.223803	0.591169	21.6611	-9.04868	186.467	
16.2199	0.449168	0.263187	-5.75216	0.22659	198.633	
5.57306	0.0731672	3.0555	-39.6268	-0.203773	208.913	
1.50646	0.159216	2.05223	22.5455	14.4246	204.363	
4.86654	0.248323	0.474083	7.47159	8.97603	157.778	
10.4727	0.348234	0.312092	4.1871	-1.17744	186.789	
2.19463	0.138193	2.60279	22.6617	2.53071	208.976	
6.21841	0.0615517	3.08308	34.6214	-11.6809	169.189	
3.71465	0.107362	2.91919	15.1325	8.24799	136.326	
2.42899	0.132966	2.68355	55.048	7.92048	210.174	
2.71422	0.126958	2.7586	-38.3285	10.8033	165.678	
7.29333	0.291974	0.37273	-39.4976	-1.84954	199.945	
3.77631	0.106197	2.92602	0.294151	3.72357	212.913	
3.48659	0.111704	2.89161	-25.0335	-3.2563	177.979	
15.3357	0.43367	0.268312	-6.74392	2.05535	219.772	
1.60851	0.154513	2.21262	64.0226	2.22408	141.118	
2.3425	0.134857	2.65621	-13.1175	-0.281366	196.569	
15.3811	0.434466	0.268035	-7.46227	2.15337	241.15	
9.15705	0.325019	0.33201	14.5442	0.216272	192.088	
9.85437	0.337333	0.320783	8.69832	3.95255	221.347	
2.03378	0.142023	2.53214	-12.6246	-13.5773	236.32	
5.16837	0.0804985	3.03456	-28.0849	-2.46584	215.536	
1.68557	0.151756	2.29637	-35.6825	11.4579	181.867	
1.90682	0.145264	2.46333	32.3834	-2.93464	217.152	
11.24	0.361747	0.302648	-45.1961	2.12653	200.138	
3.63592	0.108855	2.91009	-19.6585	-5.02193	196.909	
2.5279	0.130847	2.71194	-2.87567	5.34182	183.885	
3.90872	0.230616	0.550746	36.6462	-9.14626	167.963	
3.28617	0.115567	2.86386	8.16485	0.829657	174.138	
2.8076	0.125049	2.7792	-69.6147	12.5924	209.513	
4.0532	0.101001	2.95395	1.21773	10.9119	204.436	
3.85192	0.104772	2.93408	26.9804	-5.92086	199.879	
4.05753	0.10092	2.95436	-7.99546	-10.1276	197.57	
1.46585	0.162029	1.94726	42.7156	-5.46549	286.036	
5.52628	0.0740125	3.05325	-16.4241	-13.9651	168.234	
3.43844	0.112627	2.88527	-19.5162	-2.69729	180.171	
6.06169	0.269955	0.413716	-30.9493	-2.43917	183.815	
4.56737	0.242841	0.494378	46.6773	-4.16125	208.624	
3.12535	0.118707	2.8387	-20.613	-1.13397	230.443	
2.1029	0.140346	2.5644	10.1887	13.3126	224.59	
1.49007	0.174099	1.47529	-15.7121	8.10581	203.615	
3.74682	0.106754	2.92278	61.2652	-6.23826	154.814	
5.0524	0.0826078	3.02792	-56.661	6.1915	185.519	
3.62351	0.22523	0.582039	-6.0396	9.15349	224.869	
2.66567	0.12796	2.7472	-26.8718	-5.56797	199.133	
1.6762	0.152071	2.28721	-50.349	9.46512	203.484	
1.98416	0.143262	2.50688	24	-0.410474	206.525	
4.57176	0.242922	0.49406	5.3317	-5.18052	157.357	
12.5795	0.385301	0.288942	-10.5209	0.160269	172.696	
3.36694	0.114004	2.87548	-59.1948	-4.30273	143.808	
2.13238	0.139646	2.57725	39.3845	-16.8445	179.414	
5.85479	0.0680864	3.06832	-14.6469	-3.52122	199.209	
5.69948	0.0708854	3.06141	13.8267	-6.92564	174.903	
4.45529	0.0935435	2.98794	14.5307	10.0949	161.57	
2.68044	0.127655	2.75072	-25.9407	-6.41541	170.555	
9.94117	0.338864	0.319497	37.817	-1.71269	236.033	
3.94077	0.103104	2.94312	8.4421	5.69483	238.169	
6.34038	0.0593646	3.08765	47.9734	7.53745	169.728	
10.8988	0.35574	0.306682	11.0788	-5.83688	239.346	
4.20891	0.0981022	2.96793	5.1545	6.84831	179.223	
3.51038	0.111248	2.89467	30.8055	0.599193	209.357	
19.9502	0.514488	0.246578	25.9325	-1.8534	251.355	
4.03807	0.101283	2.95253	-31.1182	5.0891	178.092	
5.29252	0.0782448	3.04134	-10.8862	5.06211	157.635	
6.4931	0.277691	0.397546	14.1017	4.89083	194.763	
10.7898	0.353822	0.308024	-27.0337	7.53776	217.138	
8.83499	0.319325	0.337801	-10.4411	-5.21646	190.464	
2.95439	0.122093	2.80853	-21.2586	-10.4329	194.313	
5.17887	0.0803078	3.03515	11.846	-12.28	227.157	
9.78618	0.336129	0.32181	-2.07992	-3.03188	223.378	
1.44444	0.16445	1.85303	-42.5172	0.523094	236.789	
6.29333	0.274113	0.40475	-34.1053	-8.52329	168.625	
13.0836	0.394156	0.284516	-12.0587	1.24408	227.858	
6.60756	0.0545819	3.09704	2.7578	-1.98123	176.587	
5.09871	0.0817651	3.03061	-42.0181	-2.38547	187.081	
11.2145	0.361299	0.30294	18.1707	13.2051	187.272	
10.5094	0.348883	0.311608	14.2519	3.85932	222.56	
2.48629	0.131733	2.70035	-30.2196	0.176264	186.094	
15.6409	0.439019	0.266478	-16.7618	-3.7329	243.028	
17.1274	0.465068	0.258478	-26.0096	-2.13077	245.915	
4.69287	0.0891756	3.00513	27.4906	10.5951	224.984	
3.0786	0.119628	2.83083	14.0562	-4.11273	194.741	
6.17759	0.0622841	3.08151	-11.235	3.44978	142.719	
1.92875	0.144686	2.47625	-9.42072	11.1251	206.996	
2.38299	0.133966	2.66933	48.3006	8.76625	201.57	
18.7892	0.494167	0.251038	14.9328	4.08364	245.703	
13.1196	0.394787	0.284213	-3.79898	6.4917	216.28	
4.43861	0.0938513	2.98666	-29.9549	-7.2888	168.229	
1.91806	0.144967	2.47001	-69.0964	-4.47858	207.211	
2.13685	0.13954	2.57915	-58.5696	20.7112	188.934	
6.1917	0.0620309	3.08206	9.12561	9.93647	182.029	
12.4588	0.383181	0.290055	23.0718	6.26634	237.218	
20.2186	0.519187	0.24562	2.27488	2.80721	249.262	
10.1821	0.343113	0.316043	2.04479	0.254358	191.163	
3.66278	0.225975	0.577415	4.29555	8.37245	151.562	
13.1984	0.396171	0.283555	-44.5122	-1.21615	206.64	
2.22948	0.137393	2.61624	75.3838	12.2854	216.29	
2.47587	0.202364	0.793294	-50.007	0.336463	202.219	
5.57179	0.26113	0.435215	19.8653	1.35015	194.271	
3.57557	0.110004	2.90282	38.272	-19.4891	181.313	
8.57679	0.314755	0.342762	-23.5358	-7.45205	251.841	
5.41207	0.0760786	3.04756	-11.771	7.72159	159.551	
3.1911	0.117419	2.84933	32.8805	2.21004	179.311	
3.38866	0.220735	0.612156	-6.88396	-1.28698	197.779	
3.5542	0.110411	2.90019	17.3013	-18.0312	187.438	
2.7552	0.126117	2.76784	19.6767	5.03105	154.642	
3.83004	0.105184	2.93178	-35.2409	1.35594	180.339	
4.86498	0.0860258	3.01648	13.2762	-1.87717	199.72	
2.92609	0.12266	2.80314	-14.9495	-16.1718	222.325	
8.12894	0.30682	0.352126	35.7071	2.57704	194.865	
9.10456	0.324092	0.332925	8.01801	-6.67525	190.768	
3.50498	0.111352	2.89398	92.549	12.1441	167.588	
2.04877	0.141655	2.53941	-9.67701	6.32103	233.878	
5.90725	0.0671422	3.07056	-2.78246	13.9364	175.566	
7.80745	0.301115	0.359522	-8.93851	-7.83637	166.158	
2.91798	0.211499	0.689086	41.0364	-5.79089	197.733	
4.49913	0.0927358	2.99125	31.1652	-10.0281	180.078	
3.80058	0.105739	2.92865	32.5104	-2.05312	146.326	
3.8274	0.105234	2.9315	-1.0151	15.7794	208.914	
3.72201	0.107223	2.92002	-17.2603	-5.81349	175.127	
2.29401	0.135935	2.6397	15.3213	4.68712	216.379	
1.63763	0.180899	1.24395	-15.0151	1.25454	184.687	
13.158	0.395461	0.283892	-11.7927	-2.87915	215.311	
2.79385	0.125329	2.77627	-21.055	2.72556	198.536	
9.52322	0.331488	0.325907	-13.1168	-12.1577	193.474	
1.71867	0.150679	2.32695	43.0677	-2.0656	180.173	
22.1464	0.552914	0.239423	-9.80176	1.41856	227.449	
12.6237	0.386078	0.288539	2.25192	6.91604	181.35	
6.46069	0.277111	0.398683	-12.2278	-11.1562	217.082	
2.70319	0.127185	2.75605	17.7451	-1.52619	203.462	
1.78652	0.148611	2.38241	8.68277	-0.552962	187.666	
1.60363	0.179618	1.28412	-32.3211	-2.02965	197.745	
16.5085	0.454224	0.261633	-2.61919	-4.09752	240.214	
3.75207	0.106655	2.92336	19.2849	10.7355	134.413	
2.46019	0.132293	2.69282	71.3543	-10.8646	201.59	
2.02622	0.192111	0.96225	-33.205	-1.47513	208.892	
4.10649	0.100007	2.95887	28.1817	3.93937	215.585	
2.71064	0.127032	2.75777	-5.3415	4.25043	172.022	
3.19723	0.117299	2.8503	19.1614	5.26281	183.025	
3.1582	0.216258	0.646581	-31.0458	11.7524	161.972	
3.12991	0.118617	2.83946	26.9859	2.29566	160.982	
5.64424	0.071882	3.05887	-10.8666	-10.582	189.274	
16.708	0.457721	0.26059	-2.07037	-2.20384	255.913	
7.91248	0.302979	0.357039	15.6155	-4.82246	180.239	
4.15711	0.0990649	2.96341	-40.679	-2.02922	189.803	
3.29965	0.115306	2.86584	40.3393	-0.874733	215.524	
5.78444	0.0693536	3.06524	-33.9147	17.8865	211.927	
5.61336	0.261881	0.43324	-20.2512	-3.14699	261.959	
5.17129	0.0804455	3.03473	-37.7138	-4.70127	167.092	
1.92856	0.18963	1.01452	-64.8408	-6.0499	230.667	
3.14398	0.118341	2.84177	-64.8468	1.69514	153.277	
3.06126	0.21435	0.662816	-34.0119	-3.19317	180.785	
5.78326	0.069375	3.06518	-17.1157	-14.1413	152.88	
5.00749	0.0834257	3.02526	9.14351	-8.35535	191.798	
10.753	0.353174	0.308483	18.0149	3.69429	242.752	
1.94528	0.144256	2.48568	19.8308	3.70059	198.393	
3.09057	0.214929	0.657786	-11.8312	-7.5815	156.898	
1.76687	0.149193	2.36723	-9.92087	4.50764	220.654	
5.44926	0.0754056	3.04944	-24.4249	9.249	171.148	
6.34248	0.059327	3.08772	7.46713	10.4065	196.475	
5.82522	0.068619	3.06703	-10.7563	-3.53001	188.256	
9.53962	0.331777	0.325645	-7.38611	-4.17571	195.353	
2.3041	0.135709	2.64321	17.1718	-13.2788	222.579	
8.9404	0.321189	0.335859	8.8249	4.25205	201.42	
3.01829	0.120821	2.82026	-21.1923	9.06649	189.34	
6.99585	0.0476478	3.10938	15.4242	8.05499	191.697	
5.5074	0.0743539	3.05232	-10.5383	-6.37945	192.398	
3.6628	0.108345	2.91325	2.52532	-8.10071	240.575	
3.22592	0.116739	2.85477	-6.50971	10.8643	213.523	
4.19198	0.235904	0.52419	-15.6686	-5.44553	198.939	
8.62916	0.315682	0.341732	2.99752	9.4391	197.768	
9.95401	0.339091	0.319309	10.4919	-2.0411	227.03	
3.61075	0.224987	0.583565	-55.7707	2.17605	185.528	
2.83304	0.209787	0.706118	-49.6384	-6.79106	163.804	
3.92081	0.230843	0.549529	-9.93864	-4.31816	214.209	
9.7013	0.334632	0.323108	27.468	8.81252	237.396	
6.9255	0.285418	0.383408	20.0038	-7.85053	219.24	
4.18842	0.0984829	2.96616	-14.2803	-2.92526	180.424	
1.74611	0.184498	1.14022	14.1221	-9.23477	141.245	
5.74565	0.0700527	3.06351	-36.61	0.331276	189.158	
1.76094	0.184949	1.12815	31.5996	-7.87316	198.815	
6.21842	0.0615514	3.08308	31.6186	3.1871	206.273	
4.31316	0.0961693	2.97669	-54.6978	7.62788	225.755	
3.13301	0.118557	2.83997	-31.42	4.80326	207.642	
9.27476	0.3271	0.329995	-4.80643	-6.70112	193.692	
4.33389	0.238535	0.512276	4.72519	1.01849	220.412	
13.5457	0.402269	0.280749	-22.4354	2.92969	214.612	
14.1141	0.412244	0.276457	-10.0639	-0.499609	215.642	
7.76325	0.30033	0.360588	-14.5264	-5.59023	221.928	
4.89201	0.085532	3.01818	-14.8308	-14.2478	195.457	
3.83352	0.105119	2.93215	31.0909	-12.1448	191.363	
2.63318	0.128635	2.73929	-0.493191	-1.25926	153.88	
4.38921	0.0947631	2.98281	-9.04238	11.2374	187.444	
4.0672	0.10074	2.95526	14.0018	1.46388	193.959	
10.6631	0.35159	0.30962	49.261	-0.707369	194.42	
15.8894	0.443375	0.265036	26.3557	1.57134	203.586	
6.14236	0.0629165	3.08014	-11.8771	-5.86103	194.715	
2.69027	0.127451	2.75304	-49.6657	3.92461	188.496	
4.80838	0.0870605	3.01284	13.5406	5.16205	190.305	
1.94183	0.144345	2.48373	87.5231	3.08522	122.976	
3.04849	0.120223	2.82562	-51.2706	-4.00452	163.663	
2.38414	0.133941	2.66969	-2.5813	2.32737	205.756	
5.75451	0.069893	3.0639	-5.70219	1.17793	195.309	
1.72353	0.150525	2.33123	-46.4911	7.09682	140.964	
2.63094	0.205639	0.751923	-3.8829	5.02365	177.593	
1.58479	0.17886	1.30865	35.9745	4.97406	208.646	
2.38972	0.13382	2.67145	-25.2671	0.470617	262.442	
2.99351	0.213007	0.674878	32.3958	5.00966	205.836	
3.31375	0.115032	2.8679	-59.5066	6.58782	209.07	
11.4666	0.365734	0.300102	-34.3331	-12.2522	239.109	
1.95079	0.144114	2.48877	32.1661	-4.10757	201.233	
5.47587	0.259397	0.43989	20.0547	-5.53318	206.6	
3.96607	0.10263	2.94562	-20.1762	-24.3034	169.802	
2.16982	0.138768	2.59286	17.1811	6.74201	175.687	
3.17756	0.117683	2.84719	-33.599	-9.79476	169.014	
4.6472	0.0900134	3.00196	-3.31144	0.302431	165.131	
1.8156	0.14777	2.40374	-96.5103	-8.01915	191.784	
2.27114	0.136448	2.63159	88.9404	5.21941	183.917	
3.9026	0.10382	2.93929	10.3233	4.91154	142.499	
5.05658	0.0825317	3.02816	30.6837	-6.11838	176.285	
8.23703	0.308736	0.349772	10.4245	-8.51826	216.259	
3.36903	0.113964	2.87578	29.091	-3.10986	172.92	
13.7033	0.405035	0.279523	11.6557	1.91741	186.914	
7.53493	0.296272	0.366295	8.21647	11.9949	213.837	
5.58605	0.0729326	3.05612	-30.8544	7.34477	190.376	
3.15747	0.216244	0.6467	-5.72322	-4.28166	254.468	
6.74066	0.282118	0.389224	-36.8171	-10.7837	222.183	
11.8492	0.372464	0.296027	32.7825	8.67387	230.542	
16.927	0.461556	0.259474	9.13671	1.95566	222.924	
6.70236	0.281433	0.390471	15.9471	-5.91599	226.886	
2.10582	0.140276	2.5657	8.40135	-4.87855	138.403	
5.16894	0.0804881	3.03459	28.9923	-7.69612	147.939	
16.5181	0.454393	0.261582	-12.7118	0.849314	251.925	
2.70059	0.127239	2.75545	4.04906	3.26379	188.724	
3.10158	0.119175	2.83473	-12.4128	-2.22333	110.227	
14.1993	0.413739	0.275843	-28.7755	-3.34328	204.91	
1.56314	0.156385	2.15132	47.7475	-11.9063	225.631	
6.86868	0.0499168	3.1055	1.10954	14.0514	218.543	
6.8012	0.283199	0.387284	1.27932	0.977	194.124	
11.1196	0.359628	0.304042	-28.3182	-5.6293	260.495	
2.03579	0.192347	0.957539	-18.2549	-5.4635	195.994	
2.29722	0.135863	2.64082	19.088	-16.8892	205.316	
16.0048	0.445397	0.264382	-30.6409	-8.77426	232.649	
10.0702	0.34114	0.317626	-18.3099	4.25293	230.615	
5.21323	0.254637	0.453608	28.9644	0.69674	213.483	
4.13306	0.0995124	2.96126	36.5115	3.21109	184.976	
5.77208	0.264744	0.42597	-34.9868	-9.76631	182.887	
6.00457	0.0653918	3.07462	-3.46205	2.50558	216.862	
1.67681	0.15205	2.28782	-14.7834	-8.81149	166.221	
9.83662	0.33702	0.321049	2.31414	8.72014	211.742	
25.5773	0.61291	0.230709	32.8211	2.89425	256.213	
12.6303	0.386193	0.28848	-12.2206	5.23351	216.705	
11.221	0.361414	0.302865	-6.85582	2.60841	238.646	
10.4404	0.347667	0.312519	-34.1515	-5.87785	204.249	
6.9077	0.0492205	3.1067	-22.8471	-2.49738	194.292	
17.9174	0.478904	0.254768	-24.0484	8.01185	256.567	
2.77025	0.208511	0.7195	17.3507	7.22461	170.888	
5.80888	0.265407	0.424343	43.6908	1.03231	170.485	
1.44737	0.16401	1.87037	-57.6511	4.65865	216.412	
7.92991	0.303289	0.356633	-33.1821	9.7536	189.924	
2.72694	0.126696	2.7615	-0.827564	-14.0137	165.843	
1.71471	0.150805	2.32343	-20.8217	-1.27642	184.679	
5.19402	0.254288	0.454668	49.446	2.63087	189.758	
16.8574	0.460338	0.259826	-13.6526	-4.48145	214.742	
1.44321	0.169663	1.64582	37.7403	-8.88182	242.239	
10.997	0.357469	0.305495	-26.0423	-1.22801	219.718	
7.6609	0.298511	0.363103	19.7222	9.66181	198.605	
1.74415	0.149883	2.34881	-61.5309	-4.46468	195.4	
3.14616	0.118299	2.84212	18.351	-11.4912	217.018	
21.9272	0.549079	0.240073	-30.5043	3.42086	225.792	
3.13577	0.118502	2.84042	-31.5702	0.0105077	190.227	
3.27315	0.11582	2.86193	-57.295	17.8871	153.79	
2.55116	0.130355	2.71822	81.2161	9.44343	194.493	
3.10079	0.11919	2.8346	-26.3752	-12.496	196.238	
2.26229	0.136648	2.62839	-11.2117	0.0785693	206.395	
5.55146	0.0735576	3.05447	-9.15054	-7.4809	232.421	
2.93554	0.12247	2.80495	5.83061	-24.3783	175.352	
11.6586	0.369113	0.298023	7.36284	-5.69215	199.593	
2.25943	0.136713	2.62735	69.9273	8.95613	142.87	
3.6103	0.224978	0.583619	18.3043	2.88665	184.026	
5.17777	0.253993	0.455571	-8.12063	12.6068	161.353	
2.76586	0.1259	2.7702	11.5651	13.069	185.249	
4.88479	0.0856639	3.01773	-59.1895	7.99735	199.97	
15.6848	0.43979	0.266219	-16.6543	-2.53653	232.163	
1.50505	0.175022	1.4414	56.7971	-3.30543	180.319	
5.89744	0.267002	0.420514	6.22695	12.2623	191.529	
10.1849	0.343162	0.316004	-22.097	-3.96373	196.194	
4.97389	0.0840381	3.02323	38.9548	0.338672	220.392	
6.89725	0.284914	0.384276	-19.1523	-1.99936	183.797	
2.7871	0.208854	0.715839	58.383	5.66406	171.709	
2.13435	0.139599	2.57809	-11.5999	-12.7142	213.963	
3.46354	0.222175	0.602063	30.1466	15.3303	184.587	
2.20504	0.137953	2.60687	10.6197	5.03506	192.647	
5.74195	0.0701195	3.06334	-36.4702	15.5427	164.567	
2.08409	0.140797	2.55593	0.274505	-23.9255	238.358	
23.6918	0.579942	0.235185	-5.63854	6.07556	226.423	
10.8936	0.35565	0.306745	-19.8968	0.18619	164.49	
3.41111	0.221168	0.609079	-17.6177	0.531228	169.972	
3.06664	0.119864	2.82877	22.0486	5.16508	203.836	
4.53338	0.242216	0.496862	3.22905	12.427	134.443	
4.49555	0.0928017	2.99098	13.3919	5.6178	224.212	
2.3765	0.134109	2.66726	35.9108	-1.31356	174.823	
3.29589	0.115379	2.86529	-8.41265	11.495	175.08	
9.53084	0.331622	0.325785	-6.13165	-2.04842	233.872	
2.51399	0.131143	2.70812	-16.5956	3.63485	129.703	
2.79422	0.125321	2.77635	41.2601	12.9499	162.627	
5.24466	0.0791132	3.03877	-23.8539	13.5829	225.335	
20.1521	0.518021	0.245855	8.84275	-0.529493	252.598	
4.04649	0.101126	2.95333	-10.7085	-3.48341	166.582	
2.63847	0.128525	2.74059	54.6689	-4.7306	164.544	
9.96479	0.339281	0.319151	-30.6017	-3.08891	248.646	
2.27986	0.136252	2.63471	-31.1264	-5.87598	232.94	
2.16201	0.13895	2.58966	0.760296	2.85204	172.322	
9.26809	0.326982	0.330108	0.712728	5.98841	203.207	
3.01696	0.120848	2.82002	36.9192	0.521218	154.218	
2.35418	0.134599	2.66005	9.02626	4.95658	161.132	
3.65233	0.225777	0.578635	43.318	-10.7782	159.037	
4.7264	0.088561	3.00741	2.87306	1.00955	214.489	
3.31348	0.115038	2.86786	-15.8153	3.42202	197.2	
8.14382	0.307084	0.351798	-28.4901	-12.2536	202.628	
3.46599	0.222222	0.601742	-22.4002	-10.8053	152.435	
2.35739	0.199792	0.829556	-22.3485	-7.96779	241.232	
2.78593	0.12549	2.77457	8.31208	1.95859	170.164	
18.0028	0.480398	0.254387	-12.6223	2.9692	193.15	
3.73343	0.107007	2.9213	22.3589	-2.87311	184.624	
4.01732	0.101671	2.95057	6.01004	8.24173	174.426	
15.2749	0.432603	0.268687	-28.2347	1.1362	225.748	
4.92563	0.0849184	3.02028	12.173	-1.73829	208.092	
4.7689	0.0877828	3.01025	32.2222	2.41377	202.577	
2.79763	0.209069	0.713578	15.2989	1.71649	195.264	
2.37047	0.134241	2.66533	19.7633	4.19698	147.395	
1.67334	0.182153	1.2063	-108.635	-10.4734	210.829	
14.7985	0.42425	0.271728	-5.26855	-5.36965	241.201	
6.25655	0.0608675	3.08453	-1.40771	8.83095	200.876	
13.59	0.403046	0.280402	-29.8869	-7.91051	212.511	
4.32043	0.0960349	2.97729	10.6393	-4.69381	151.462	
2.44547	0.13261	2.68848	45.9344	-17.6206	166.95	
3.75622	0.227745	0.566836	-12.2044	-5.43601	230.888	
3.98251	0.102322	2.94722	-66.7585	2.08758	205.942	
5.49113	0.0746481	3.05152	-25.8424	16.3255	191.552	
1.74395	0.184432	1.14201	32.5091	1.04188	193.545	
2.07798	0.193376	0.93753	94.2876	3.5597	183.967	
5.33147	0.256782	0.447259	-9.03962	-0.295389	216.133	
4.91168	0.085173	3.01941	34.302	14.8633	223.664	
1.98451	0.143253	2.50706	-42.3514	-14.3723	147.238	
2.04508	0.141745	2.53763	-4.64279	-1.75375	222.453	
2.36174	0.134433	2.66252	20.5514	-14.7217	197.088	
2.31892	0.198941	0.842365	81.9521	16.6672	194.949	
4.58818	0.243223	0.492876	9.23686	6.43685	205.366	
4.7625	0.0878999	3.00982	-40.9472	3.81204	166.704	
4.59075	0.243271	0.492692	33.7492	6.29168	215.958	
12.8444	0.389955	0.286572	-26.5885	-1.81564	246.032	
8.66245	0.316272	0.341083	27.059	12.0946	211.338	
2.17673	0.138607	2.59566	7.9515	1.69215	207.207	
9.50625	0.331188	0.326179	-41.6715	3.96242	205.425	
2.49525	0.131542	2.70288	25.2855	6.23778	188.753	
14.1592	0.413036	0.276131	20.5983	-5.13673	230.531	
17.7761	0.476428	0.255408	-34.5216	-9.3193	248.65	
3.25857	0.116103	2.85974	-30.1549	6.21706	185.626	
2.89763	0.123231	2.7976	19.0258	8.19533	179.674	
5.68509	0.0711448	3.06076	-1.52799	0.406653	192.022	
2.52237	0.130964	2.71043	-3.3075	17.2239	215.433	
5.0985	0.252552	0.460062	-28.4559	-6.28142	180.342	
2.20416	0.137973	2.60653	-2.29169	-13.5433	192.826	
17.0339	0.463429	0.25894	-5.31178	-3.79283	199.489	
3.51115	0.111234	2.89476	-0.217316	19.6263	187.19	
2.50698	0.131292	2.70617	-30.7489	-5.64036	190.421	
4.77205	0.246596	0.480205	-15.2369	-19.4036	173.263	
2.17987	0.138534	2.59692	33.3467	-12.0086	180.758	
3.59005	0.109728	2.90459	-19.8831	8.7485	127.137	
2.18499	0.138416	2.59897	-5.99461	4.64232	181.009	
3.64659	0.225668	0.579308	-12.0697	-12.0776	198.952	
12.1367	0.377519	0.293135	9.59773	1.3138	257.669	
11.1778	0.360652	0.303364	17.8013	-3.30362	222.029	
3.22989	0.116661	2.85538	24.7627	4.80216	202.554	
7.14013	0.289245	0.377041	24.4376	6.2767	203.851	
3.09147	0.119374	2.83303	-4.43753	7.13013	193.638	
2.22395	0.137519	2.61415	-50.0104	-8.02266	219.24	
3.39917	0.113383	2.87995	37.7457	12.8205	155.313	
2.92693	0.122643	2.8033	-11.4136	-1.38653	214.846	
11.2887	0.362605	0.302091	-24.3546	-7.69269	232.377	
3.64069	0.108765	2.91066	-8.02072	-3.93255	153.399	
4.56701	0.0914865	2.99625	-12.525	-3.21521	177.33	
19.3833	0.504568	0.248689	26.6409	-0.715784	238.598	
10.22	0.343781	0.315515	-59.9085	-16.4887	231.479	
1.67274	0.152188	2.28376	-57.5932	-1.80674	214.238	
3.28227	0.115643	2.86328	-50.4116	-16.3883	184.534	
2.67099	0.12785	2.74847	29.5666	-0.506074	173.528	
2.93586	0.122464	2.80501	-31.5162	17.6621	205.524	
5.11247	0.252806	0.45926	-9.18204	7.70151	212.007	
2.79905	0.125223	2.77738	2.82588	9.65307	190.113	
8.87146	0.31997	0.337124	-10.4765	-8.60772	198.788	
5.45541	0.0752943	3.04975	24.1761	11.6007	154.028	
6.95566	0.0483647	3.10817	-16.3009	14.2967	182.039	
1.9619	0.143828	2.4949	-19.0181	-2.27526	203.959	
3.61732	0.109209	2.90788	10.2359	6.4796	184.773	
1.50923	0.159058	2.05796	-29.4705	-10.2924	182.175	
14.1436	0.412762	0.276243	-18.4245	-7.9807	229.589	
13.4073	0.399839	0.28185	-18.31	6.2778	211.787	
4.23157	0.0976816	2.96988	20.2454	-4.35789	160.733	
17.3995	0.469833	0.257162	-3.33424	-4.20527	229.9	
6.21006	0.272619	0.407894	-7.78129	5.11072	188.964	
3.00982	0.120989	2.81874	51.3557	-10.0492	187.802	
4.64552	0.0900442	3.00185	24.5559	-0.300452	190.381	
5.25688	0.255429	0.451229	34.7067	12.4568	194.826	
6.15037	0.0627727	3.08046	-30.9498	16.1099	205.464	
2.74516	0.207998	0.72505	29.5171	15.4538	213.259	
4.74588	0.0882042	3.00871	-1.34233	7.81546	167.137	
5.56329	0.0733438	3.05504	-25.1632	4.7215	208.86	
1.98866	0.143148	2.50925	-55.7288	0.402241	212.15	
4.82372	0.0867799	3.01383	24.5644	-10.4698	176.764	
2.62774	0.128748	2.73794	-53.079	0.69273	236.919	
5.85625	0.0680601	3.06838	-0.197131	-14.4966	186.506	
5.28626	0.255962	0.449651	-1.20439	2.34291	157.964	
3.66488	0.108305	2.91349	8.62717	2.62777	215.214	
4.78884	0.0874179	3.01156	17.4895	-1.70237	173.804	
2.79105	0.125386	2.77567	46.6758	-2.30838	205.158	
2.57172	0.204399	0.766998	-15.3437	-3.76347	181.909	
2.55583	0.130256	2.71947	-17.2967	-5.36489	161.425	
6.50227	0.0564655	3.09343	6.4985	-0.180815	197.093	
3.80742	0.10561	2.92938	8.27783	8.03478	199.286	
2.03687	0.141947	2.53365	-38.4577	13.9074	180.003	
4.02625	0.101504	2.95142	1.61509	7.05299	165.935	
4.33981	0.0956762	2.97886	27.4696	-5.27222	186.544	
3.66135	0.225948	0.577581	16.7224	6.37247	212.816	
1.48118	0.173493	1.49789	67.2845	9.96876	154.914	
1.49804	0.159717	2.03397	-28.7399	-2.16784	128.575	
14.0914	0.411846	0.276621	31.3201	5.86149	213.849	
3.44775	0.112449	2.88651	13.0879	-4.97048	159.423	
7.15406	0.289493	0.376641	-15.347	-10.7009	183.683	
3.70183	0.107605	2.91774	14.1392	1.26527	147.956	
2.66645	0.206377	0.743273	-17.717	-8.02957	120.604	
5.21084	0.0797271	3.03692	7.91178	6.53872	169.108	
5.9645	0.0661123	3.07297	3.42803	-7.27086	215.437	
6.48061	0.277468	0.397983	7.05441	-0.221925	210.133	
15.1051	0.429626	0.269749	25.1441	5.46172	259.495	
3.1237	0.11874	2.83843	-26.5309	6.40193	172.374	
4.44872	0.0936648	2.98743	-18.95	-10.5435	185.984	
1.80719	0.14801	2.3977	-2.74129	-2.46931	167.066	
3.2219	0.116817	2.85415	27.2813	8.51792	184.24	
4.47166	0.0932418	2.98918	41.0762	2.07597	205.224	
1.49874	0.159675	2.03553	-13.883	0.706991	206.856	
9.38841	0.329107	0.328098	38.3689	-7.03559	220.899	
13.0981	0.394411	0.284393	17.307	5.39671	212.445	
3.64152	0.225572	0.579904	-13.8265	-8.616	196.575	
4.20935	0.098094	2.96797	50.1535	3.52742	174.897	
7.1295	0.289056	0.377347	50.3126	-11.5527	190.241	
3.07257	0.119747	2.8298	-17.9105	-12.9803	177.926	
7.67402	0.298745	0.362777	-18.6502	1.75239	203.469	
4.67842	0.0894405	3.00413	-55.7431	6.68595	229.656	
3.67807	0.108055	2.91501	-48.9244	1.06895	151.389	
2.32172	0.135317	2.64925	73.4065	3.12035	187.586	
7.31872	0.041895	3.11863	8.77608	-4.26587	229.914	
2.95323	0.122116	2.80831	21.5885	2.91273	169.539	
1.68431	0.151798	2.29515	7.77042	12.1254	250.693	
14.3711	0.416754	0.274627	-29.5278	8.09804	224.245	
13.4699	0.400939	0.281349	-11.0129	0.0513697	233.478	
5.23368	0.0793124	3.03817	10.9477	8.5907	197.601	
4.22686	0.097769	2.96948	-38.5919	6.90967	234.946	
2.31253	0.198799	0.844544	40.5671	3.07153	208.94	
6.20623	0.0617701	3.08262	-16.9857	-5.32824	183.78	
1.88687	0.145797	2.45114	-13.311	-12.7698	139.409	
2.00483	0.142742	2.51763	-75.5331	0.0899352	184.617	
1.60736	0.179763	1.27947	-31.9649	-4.52173	210.221	
5.20677	0.079801	3.0367	-21.2462	-4.20579	179.739	
3.26428	0.218329	0.630059	65.8746	0.651154	160.378	
3.685	0.107924	2.91581	-13.2463	5.6759	178.942	
9.32766	0.328034	0.329106	-14.2281	1.04104	204.671	
3.42539	0.112878	2.88351	-24.5478	-0.29389	200.795	
6.98327	0.0478721	3.109	47.2044	11.2042	215.334	
9.45163	0.330224	0.327063	-10.3074	-5.20949	204.558	
14.0313	0.410791	0.27706	-14.1731	7.29382	216.092	
1.43736	0.168223	1.70296	67.2872	-4.73731	102.702	
4.32991	0.0958594	2.97806	9.64574	1.14438	218.842	
5.93464	0.0666494	3.07172	-7.84069	5.41448	178.356	
5.69864	0.0709005	3.06138	-52.3025	1.46785	228.413	
15.676	0.439636	0.266271	-9.16631	-5.77899	224.463	
3.62047	0.109149	2.90826	-36.0499	1.2389	207.183	
5.83556	0.265888	0.423177	-5.41632	18.8958	183.007	
10.6325	0.351051	0.310011	2.37225	0.579224	203.618	
15.1859	0.431044	0.26924	-13.7346	-1.08771	230.565	
3.34008	0.114523	2.87169	-35.1751	-9.04168	150.05	
3.57172	0.224244	0.588306	45.7565	8.31588	194.432	
3.20267	0.117192	2.85115	-20.0745	4.07219	186.162	
1.82165	0.147597	2.40803	-45.0417	-14.3401	220.566	
5.50807	0.0743419	3.05236	-9.42575	-0.33875	228.569	
1.59308	0.179198	1.29762	-33.3164	-12.3812	227.986	
5.09316	0.0818659	3.03029	-12.1499	-13.6421	178.472	
6.09515	0.0637642	3.07828	-19.4308	-1.4802	156.872	
10.8367	0.354647	0.307443	21.4521	1.55016	217.296	
6.47657	0.0569255	3.09253	29.5588	0.240182	205.212	
1.45963	0.162601	1.92525	36.5493	8.4448	158.116	
5.77139	0.264732	0.426	-12.6207	4.49111	236.637	
1.58742	0.155353	2.18555	25.5559	7.63562	220.417	
6.21931	0.0615355	3.08312	13.8052	14.3619	179.694	
11.3706	0.364045	0.301168	15.0627	9.66538	227.582	
1.67645	0.152062	2.28746	-10.8013	-0.747955	253.489	
4.44173	0.0937937	2.9869	-1.50052	0.479844	223.42	
2.33439	0.135036	2.65351	-6.20393	7.02551	157.497	
4.79019	0.0873931	3.01165	14.4552	-10.0622	220.954	
2.60281	0.129269	2.73168	-23.7057	9.54721	215.552	
5.09086	0.0819079	3.03016	61.4108	4.12433	206.231	
2.73556	0.207801	0.727206	1.52123	-3.17061	180.912	
4.71443	0.0887804	3.00659	31.4671	-4.64141	182.348	
6.49522	0.0565917	3.09319	48.9469	3.10453	216.867	
18.9031	0.496161	0.250576	-3.53333	12.5497	226.113	
2.50951	0.131238	2.70688	-25.4643	-9.05759	215.523	
1.74028	0.150002	2.34557	37.9654	-2.8306	171.716	
4.97176	0.0840771	3.0231	15.0311	0.334918	218.782	
2.14468	0.139356	2.58246	12.6003	-0.587368	191.13	
4.46098	0.240882	0.502288	-15.5227	0.714459	173.644	
2.33565	0.135008	2.65393	-21.3873	7.00605	211.057	
3.58931	0.109742	2.9045	-71.4424	0.251992	175.645	
2.79247	0.125357	2.77598	-53.8633	-1.95936	160.454	
6.20694	0.272563	0.408014	-27.5716	1.33602	202.232	
6.25856	0.0608315	3.08461	27.2922	7.80098	195.592	
4.00244	0.101949	2.94915	7.96012	12.9607	201.953	
2.34951	0.199619	0.832135	36.8006	1.03815	134.693	
7.5095	0.29582	0.366952	-28.2155	8.57521	216.784	
3.3047	0.115208	2.86658	13.5145	4.50669	205.585	
9.78217	0.336059	0.32187	-14.6467	-2.79801	230.847	
5.25657	0.078897	3.03941	8.37844	4.39233	232.129	
4.80289	0.0871608	3.01248	4.15399	-9.12721	176.021	
2.79454	0.125315	2.77642	14.1819	-4.70194	183.852	
3.32729	0.11477	2.86986	-59.3992	-1.55483	196.239	
16.8681	0.460524	0.259772	-7.13114	5.23228	247.425	
3.70169	0.107608	2.91772	64.0825	6.22434	196.536	
14.4456	0.41806	0.27411	21.9251	-1.59994	189.252	
2.27713	0.198007	0.856921	38.6842	-2.04525	198.425	
11.2511	0.361942	0.302521	7.40798	-1.34325	215.579	
2.5991	0.129347	2.73073	91.7207	-19.6285	199.51	
13.1622	0.395536	0.283856	32.6934	6.19259	238.537	
3.3464	0.114401	2.87259	-3.73884	-1.93126	169.7	
2.61208	0.205245	0.756634	-32.6281	-13.1094	152.525	
10.2424	0.344175	0.315205	-31.1041	-2.45764	222.705	
6.29345	0.274115	0.404746	32.6325	-4.29872	189.656	
4.61927	0.0905261	3	38.9283	4.35594	185.024	
5.80184	0.0690401	3.06601	16.8493	5.646	174.87	
5.29907	0.0781261	3.04169	-3.45501	-5.00819	202.921	
4.49705	0.0927739	2.9911	22.6063	9.16461	159.871	
3.81162	0.105531	2.92983	-31.259	5.56163	191.596	
3.43248	0.112742	2.88447	-56.3248	2.0844	160.197	
12.9573	0.391938	0.285592	-0.0816041	-4.95309	198.434	
12.1965	0.37857	0.292551	-10.5028	-6.98639	189.183	
8.73164	0.317496	0.339751	-20.5817	3.73523	181.772	
1.82343	0.147547	2.40928	11.6802	-0.293068	168.93	
10.0997	0.341661	0.317205	-27.5076	-4.66651	207.809	
7.91158	0.302963	0.35706	-22.2098	5.29246	236.67	
3.46294	0.112157	2.88852	-17.4787	-6.1785	211.37	
3.34228	0.11448	2.872	5.39015	-10.8636	195.354	
7.38196	0.293551	0.370319	-6.09057	-8.32828	180.139	
4.63799	0.0901824	3.00132	21.3896	2.47502	180.64	
2.56649	0.130032	2.72229	32.8093	-9.00721	138.777	
3.58222	0.109877	2.90364	-25.0947	10.1365	179.631	
2.51914	0.131033	2.70954	39.572	13.2561	160.808	
2.24466	0.137047	2.62192	64.8841	23.2739	177.984	
1.87264	0.146182	2.44217	-55.4204	12.9753	197.59	
6.46994	0.0570442	3.0923	-48.8836	7.22136	184.684	
3.12258	0.118762	2.83824	-10.0512	-2.15113	190.684	
1.76419	0.149274	2.3651	-49.8141	-11.0861	223.691	
9.51298	0.331307	0.326071	26.6565	2.17183	193.271	
3.40994	0.113175	2.88142	-2.53253	5.84916	223.3	
5.05855	0.251825	0.462381	-16.5467	0.116619	198.893	
6.07979	0.270281	0.41299	-11.2457	3.37893	155.21	
13.3248	0.39839	0.282517	72.3595	11.7197	213.932	
1.66237	0.181777	1.21743	-7.69589	-2.12638	200.118	
17.9124	0.478816	0.254791	-1.87722	2.38054	233.608	
4.98408	0.0838524	3.02385	34.0677	12.5076	179.929	
15.0399	0.428484	0.270162	-1.10852	-0.209693	249.96	
2.83053	0.124584	2.78402	11.105	12.8887	180.918	
2.78618	0.208836	0.716038	-40.2039	0.775059	231.065	
3.57318	0.224272	0.588127	-13.1538	0.0121808	188.364	
6.9546	0.285937	0.382522	15.0113	-1.43666	189.233	
4.29576	0.0964915	2.97526	-81.606	-10.3726	158.155	
11.5024	0.366365	0.299709	14.0601	0.294609	228.716	
4.24172	0.236827	0.519917	-7.30843	1.91492	210.462	
2.16775	0.138816	2.59201	20.4504	1.96995	150.473	
5.6702	0.262907	0.430588	9.37209	2.737	207.722	
5.39362	0.257908	0.444037	30.9431	-3.32958	186.101	
5.59532	0.261555	0.434093	-1.00054	5.24744	170.512	
4.21978	0.23642	0.521789	10.3026	-7.54388	164.154	
3.53293	0.110817	2.89753	2.93176	3.73534	140.353	
11.1242	0.359709	0.303988	-3.62055	-6.50117	216.934	
2.88775	0.123429	2.79564	61.409	12.8617	137.196	
15.0042	0.427858	0.270391	-38.5302	5.21097	224.471	
1.54712	0.157114	2.12653	-6.26732	1.56515	195.797	
5.75937	0.0698054	3.06412	44.9315	-5.47607	171.498	
1.87326	0.146165	2.44257	64.2041	2.14027	202.482	
6.1389	0.0629787	3.08001	-17.546	-9.66765	186.347	
13.9847	0.409973	0.277403	29.2235	6.06096	188.225	
1.59105	0.155205	2.19037	-30.9394	-23.4472	186.102	
2.79934	0.125217	2.77745	-15.5991	-1.47701	204.581	
4.30078	0.0963986	2.97568	27.126	-9.47872	178.082	
3.03309	0.120528	2.8229	-75.7958	-20.118	152.146	
3.97619	0.10244	2.94661	7.95534	-1.84981	182.437	
10.4118	0.347162	0.312901	41.3859	2.71648	191.81	
3.60624	0.109419	2.90655	8.7429	-14.7706	160.841	
1.87634	0.146081	2.44453	-40.499	1.44173	161.836	
16.0134	0.445549	0.264333	36.1479	-3.21424	235.59	
2.01113	0.142584	2.52084	20.6357	5.94472	208.225	
2.51126	0.131201	2.70736	-41.8167	-5.41768	201.261	
6.46875	0.277255	0.398399	-63.4685	3.0453	192.467	
3.87838	0.104275	2.93682	-54.6427	8.89043	214.49	
3.86963	0.104439	2.93592	-41.8812	1.31348	163.805	
10.2706	0.344673	0.314816	38.8995	3.52825	220.16	
5.72785	0.0703737	3.0627	-45.5022	0.231903	201.333	
1.4509	0.170772	1.60222	79.113	13.0719	197.255	
6.28429	0.0603702	3.08557	-26.4943	-15.885	219.457	
2.63345	0.12863	2.73936	10.5791	13.7292	171.02	
2.35904	0.134492	2.66164	7.25962	-0.647968	197.131	
4.79124	0.087374	3.01172	32.1062	9.80909	190.121	
2.95739	0.122034	2.80909	20.439	-1.23439	198.082	
2.19865	0.1381	2.60438	-40.4309	-4.74405	233.381	
5.97122	0.0659914	3.07325	33.5033	-2.10235	159.82	
3.61989	0.10916	2.90819	-11.7179	-2.59976	163.825	
6.56185	0.0553995	3.09549	-22.7318	1.27406	201.178	
5.77541	0.0695163	3.06484	11.9741	15.3878	167.001	
2.88366	0.123511	2.79483	12.2521	5.6319	173.055	
3.26268	0.116023	2.86036	29.6584	4.6673	172.612	
2.56791	0.130002	2.72266	-20.8113	21.2102	222.44	
10.2066	0.343546	0.315701	23.7233	7.59583	251.566	
2.0506	0.14161	2.54028	51.8063	15.4472	190.447	
2.22303	0.13754	2.6138	-28.1943	-4.07842	185.191	
9.09631	0.323946	0.33307	-3.82604	5.17364	203.237	
9.50728	0.331206	0.326163	17.3159	-1.77328	225.103	
2.57246	0.204415	0.766805	-21.857	-6.07246	180.34	
16.9885	0.462634	0.259166	-12.0539	-11.4456	262.61	
2.04524	0.19258	0.952948	50.1813	6.17992	214.626	
6.59261	0.0548493	3.09653	-0.62611	-13.1388	179.614	
13.6717	0.40448	0.279767	17.1193	0.421696	232.221	
6.52698	0.0560232	3.09429	-23.9498	-4.67556	225.999	
21.3117	0.538311	0.241968	-39.4259	0.592692	215.789	
3.81443	0.105478	2.93013	20.2109	-9.42191	174.702	
3.71073	0.107436	2.91874	-22.4401	-2.27251	201.156	
5.50067	0.0744756	3.05199	-15.6627	0.433276	198.503	
11.9215	0.373735	0.295287	-12.2906	-1.06422	214.172	
7.66358	0.298559	0.363036	-3.29614	-10.1894	195.882	
2.60476	0.129228	2.73217	103.866	8.03439	165.342	
2.7975	0.125255	2.77705	-1.39357	4.9577	187.146	
1.90343	0.145354	2.46129	-50.2675	-10.2733	164.899	
3.45052	0.221925	0.603784	28.7081	-5.13684	200.636	
6.66779	0.053505	3.09905	-30.3482	-1.10204	202.553	
3.95891	0.102764	2.94491	-15.1547	-0.354995	191.46	
12.0459	0.375924	0.294033	28.7699	-14.6455	200.603	
2.74365	0.126354	2.76527	-0.14048	15.6768	156.359	
4.25425	0.0972608	2.9718	3.80916	14.3643	223.873	
4.09636	0.100196	2.95794	62.1383	16.3026	198.402	
2.20432	0.13797	2.60659	11.2403	0.674291	172.297	
3.82113	0.105352	2.93084	10.4328	-10.0348	171.376	
5.92678	0.26753	0.419271	16.7816	-5.01469	158.621	
5.32043	0.0777389	3.04282	-41.8186	-3.3961	218.252	
15.0994	0.429526	0.269785	6.65706	-1.44255	205.761	
5.59842	0.0727093	3.05671	-6.22582	3.56054	199.465	
3.62422	0.109077	2.90871	-41.9503	6.207	199.899	
4.97591	0.0840014	3.02336	28.922	0.202789	188.161	
20.3847	0.522093	0.24504	-8.63572	-4.36646	220.303	
6.87114	0.0498729	3.10557	10.53	-3.6936	240.773	
4.83126	0.0866419	3.01432	26.6965	3.58579	173.325	
3.78302	0.10607	2.92675	40.7894	-7.6424	174.116	
3.23478	0.217755	0.634531	-34.2267	-9.93452	196.408	
6.13805	0.271327	0.410684	19.1294	-5.46689	216.646	
4.82994	0.247655	0.476424	32.8394	1.94205	189.372	
5.19945	0.254387	0.454368	28.3724	6.86162	171.114	
3.08638	0.119474	2.83216	44.4292	-14.1852	156.071	
2.01719	0.142433	2.5239	-7.04676	-2.11907	228.07	
22.9335	0.566681	0.237193	30.6936	5.71624	248.727	
2.24464	0.137048	2.62192	-10.5355	10.3228	184.924	
1.43624	0.167541	1.73014	23.3335	-0.842675	231.198	
6.31716	0.27454	0.403867	11.315	3.59939	197.044	
14.0751	0.411561	0.27674	10.3188	0.123606	218.403	
15.2669	0.432464	0.268736	12.7958	3.69452	239.164	
6.18056	0.27209	0.409029	45.1068	4.68905	167.223	
3.47417	0.222379	0.60067	51.0555	3.57304	185.711	
2.19049	0.138288	2.60116	-104.973	-24.1472	204.273	
1.45684	0.171438	1.57629	77.7069	34.7062	232.087	
8.85033	0.319596	0.337515	60.2883	-8.26436	241.502	
5.7597	0.0697994	3.06414	0.549995	-9.84092	216.072	
3.92026	0.103488	2.94107	61.279	3.06379	139.456	
4.20949	0.0980914	2.96798	-2.06463	11.1802	209.628	
1.91912	0.144939	2.47064	14.2971	0.0915593	219.82	
5.07348	0.0822241	3.02915	23.6622	-7.64697	173.324	
2.7804	0.125603	2.77337	35.1994	-8.41734	186.546	
5.15409	0.080758	3.03376	-10.6269	-13.8541	186.907	
15.4217	0.435177	0.267788	-19.3811	-5.75435	183.174	
6.60817	0.27975	0.393598	-20.8452	-13.3951	216.868	
4.0785	0.100529	2.9563	-9.58636	-5.15257	153.23	
1.50867	0.15909	2.05682	-33.7946	4.90107	225.686	
1.86291	0.146447	2.43591	15.9636	10.2389	189.179	
6.71927	0.281736	0.389919	-1.58126	13.6592	240.832	
1.87159	0.18811	1.04915	11.633	-15.1047	237.895	
9.02623	0.322707	0.334312	-22.8304	-8.54283	192.891	
2.62736	0.128756	2.73785	22.0207	-7.35133	224.464	
6.45666	0.277039	0.398826	8.07475	-3.78781	207.953	
12.4003	0.382151	0.290603	-16.2521	11.4872	224.799	
2.31318	0.198814	0.844321	31.8882	-4.66712	133.868	
1.73385	0.150202	2.34014	-70.2349	-20.8792	237.611	
3.12062	0.1188	2.83792	14.9332	-3.98631	204.584	
24.5752	0.595389	0.233002	-19.7605	-2.78512	250.033	
4.34062	0.238659	0.511731	-24.6496	-6.30885	175.156	
3.69851	0.107668	2.91736	20.6119	16.0165	191.488	
4.07155	0.233662	0.534997	20.4211	-3.26317	194.818	
4.38263	0.0948848	2.98229	-9.46771	9.62396	173.357	
10.1854	0.343172	0.315997	3.62064	3.84443	225.286	
1.90616	0.145281	2.46293	-28.246	0.827791	164.453	
4.81396	0.0869584	3.0132	-12.257	4.52898	178.564	
2.31205	0.135532	2.64595	-60.4612	1.04402	160.496	
2.51115	0.203118	0.783325	-49.4541	1.43717	204.999	
2.38335	0.133959	2.66944	77.999	-0.895092	151.864	
16.3142	0.45082	0.262673	-13.221	-4.92389	244.507	
5.05132	0.0826275	3.02785	-11.0528	4.53558	216.613	
3.55948	0.11031	2.90084	-38.8021	8.69863	198.972	
1.86865	0.18803	1.05104	34.9958	16.9159	227.464	
2.02836	0.192164	0.961189	28.2609	-11.5976	203.592	
1.46037	0.171791	1.56265	-23.0804	10.1384	225.439	
4.64688	0.0900192	3.00194	38.1551	-6.64616	184.932	
7.34486	0.0414298	3.11934	-7.52459	-2.69901	195.84	
4.61412	0.0906206	2.99963	36.3419	-3.37727	198.623	
2.77308	0.125752	2.77178	-48.5411	-3.25789	201.826	
1.82789	0.147421	2.41239	23.2656	16.693	141.667	
14.58	0.420418	0.273189	30.0075	0.766259	219.375	
10.2557	0.34441	0.315021	-15.4625	-5.66577	200.992	
2.10895	0.140202	2.56708	-45.8999	-11.0173	181.034	
4.90826	0.0852354	3.0192	7.67865	3.3472	191.184	
12.0958	0.3768	0.293538	-29.5452	-3.41591	230.355	
3.08408	0.214801	0.65889	49.6591	8.76732	174.275	
1.685	0.151775	2.29582	-23.6565	5.10858	255.76	
3.68757	0.107875	2.91611	23.1392	-6.12196	172.557	
13.2269	0.396671	0.28332	-16.9033	-6.75379	238.097	
4.57925	0.0912615	2.99714	-26.9333	12.8247	201.404	
6.50449	0.277895	0.397149	-28.6498	4.16705	192.924	
1.43763	0.165991	1.79196	-42.1231	6.8983	251.894	
5.9878	0.0656932	3.07393	48.7073	-2.30608	240.439	
4.37816	0.239353	0.508727	52.7421	-10.2585	175.613	
3.98323	0.102309	2.94729	-12.0237	19.9541	164.593	
10.003	0.339955	0.318594	-9.37697	-7.68859	259.037	
4.23742	0.0975729	2.97038	20.5087	-10.3408	157.853	
4.90871	0.249093	0.471431	-23.3008	2.26958	179.875	
13.222	0.396587	0.283359	-9.20063	2.93294	229.916	
3.43216	0.112748	2.88442	18.7626	4.98033	188.932	
2.90546	0.211248	0.691522	46.9161	0.328598	243.065	
16.926	0.46154	0.259479	-25.6339	-0.617248	223.611	
3.51034	0.111249	2.89466	-53.0542	3.21568	201.155	
2.28509	0.198186	0.854096	-41.3035	-14.1298	139.618	
2.70776	0.127091	2.75711	-37.0345	12.0794	167.7	
1.8609	0.146502	2.4346	115.156	5.20198	191.796	
3.2568	0.116138	2.85947	7.84567	0.596194	208.938	
6.36326	0.275366	0.402175	45.8466	-0.89716	191.956	
2.52036	0.203313	0.780781	22.5734	-3.13152	205.115	
9.15715	0.325021	0.332008	26.2777	-0.914979	200.215	
3.60727	0.224921	0.583982	-9.36214	3.20215	194.332	
3.48019	0.111826	2.89077	-58.3917	-2.57778	204.626	
5.61445	0.0724197	3.05747	-38.366	7.63764	220.921	
3.67516	0.10811	2.91468	-14.6574	-5.74923	194.192	
2.89491	0.123285	2.79706	-40.4988	-12.969	161.168	
2.86152	0.123958	2.79038	-71.8779	4.14097	220.345	
1.68219	0.151869	2.29309	-36.9794	-6.3178	257.029	
1.50149	0.174812	1.44905	-55.3004	-5.14373	252.454	
2.19966	0.138077	2.60477	-15.1321	6.32057	182.848	
1.54437	0.157243	2.12206	-29.7541	1.57258	219.074	
7.49894	0.0386885	3.12343	-7.83231	10.2869	204.84	
4.1609	0.0989944	2.96374	19.3033	-0.0307802	238.38	
15.4055	0.434894	0.267886	-20.4511	6.78983	233.79	
1.69231	0.151532	2.30282	14.3782	8.34465	226.878	
5.47988	0.0748516	3.05097	42.1411	-4.01345	174.777	
3.37242	0.113898	2.87625	29.976	-0.340978	127.396	
16.33	0.451098	0.262587	36.1572	-2.83737	234.56	
4.44073	0.0938121	2.98682	-53.0308	2.5145	163.273	
3.3232	0.114849	2.86927	19.6644	7.1431	168.784	
2.86795	0.123828	2.79168	49.1149	9.98052	184.306	
5.19546	0.254314	0.454588	14.4037	-8.76827	182.833	
4.37217	0.0950779	2.98146	24.4919	4.85679	204.476	
1.55014	0.156973	2.13135	65.983	25.1121	175.16	
3.91312	0.230698	0.550303	-50.6391	10.9421	191.79	
1.6521	0.152903	2.26246	-22.6374	-8.6492	141.653	
18.2486	0.484703	0.253309	0.530741	1.83051	232.598	
4.54771	0.242479	0.49581	-54.3367	7.72663	196.342	
6.1828	0.27213	0.408942	2.0959	0.620335	174.851	
4.21865	0.0979214	2.96877	-10.4137	1.3402	198.695	
2.87764	0.123633	2.79363	12.6781	4.3154	117.351	
2.90225	0.123138	2.79851	54.432	9.19104	246.433	
2.81384	0.124923	2.78052	-16.4963	-2.19924	173.601	
3.82808	0.105221	2.93158	68.1363	14.5968	167.443	
12.106	0.37698	0.293437	-10.7339	-7.65362	218.07	
2.98404	0.212819	0.676614	-4.1778	-3.5134	181.402	
3.31316	0.115044	2.86781	24.3466	0.965506	184.333	
7.43619	0.0398046	3.12179	32.6875	-4.93165	204.007	
2.6206	0.128897	2.73616	-24.6234	-5.64216	208.326	
3.40918	0.11319	2.88132	-32.9712	-8.64612	190.432	
4.23792	0.0975637	2.97042	45.3014	-1.09448	171.216	
2.28156	0.198107	0.855346	-43.3852	12.0207	135.75	
7.43835	0.294554	0.368816	-33.2141	-10.7223	211.743	
1.82847	0.186916	1.07786	-23.6174	-0.545029	216.671	
10.6864	0.352	0.309324	0.55751	11.0792	240.14	
11.9175	0.373665	0.295328	-14.7367	1.07479	181.189	
3.60404	0.109461	2.90629	34.7789	-4.77363	199.403	
3.0154	0.213442	0.670912	17.1762	-13.4191	195.145	
3.06171	0.119961	2.82792	-11.8411	-2.4004	172.071	
3.23276	0.116605	2.85582	18.186	1.52322	196.558	
10.4808	0.348378	0.311984	-3.24658	-3.68293	163.073	
5.63298	0.0720852	3.05834	-21.1185	-12.5884	212.703	
3.7166	0.107325	2.91941	-56.1168	-4.10853	181.973	
1.56408	0.177977	1.33794	-27.0211	10.009	225.236	
7.57973	0.0372519	3.12551	-14.8614	11.7456	159.67	
3.99856	0.102022	2.94877	42.2022	-8.06528	159.943	
2.83825	0.124428	2.78562	58.9921	12.7299	166.796	
5.87138	0.0677879	3.06903	37.7178	8.27742	187.889	
6.60697	0.0545924	3.09702	-10.269	-7.51387	207.029	
4.11212	0.0999023	2.95938	14.918	14.0283	250.268	
3.85445	0.104725	2.93434	38.0478	-10.06	155.492	
4.41238	0.0943353	2.98462	1.76838	2.74723	185.183	
12.5632	0.385015	0.289091	40.0618	-3.32463	264.461	
14.6516	0.421674	0.272705	-38.5499	-3.35221	253.378	
6.40442	0.0582174	3.08997	-12.89	-2.23427	174.403	
5.06688	0.0823442	3.02876	-27.0273	6.16212	203.422	
11.6681	0.36928	0.297922	45.5093	0.93413	233.396	
3.08142	0.214748	0.659345	12.7066	3.7914	221.029	
8.25281	0.309016	0.349433	48.9503	-10.2209	184.008	
3.67773	0.108062	2.91498	18.7733	-2.69829	196.896	
3.79677	0.105811	2.92824	10.0201	-1.50141	170.486	
5.41862	0.0759602	3.0479	-54.2921	-9.72157	182.136	
3.19353	0.117371	2.84972	-44.9734	4.65805	134.354	
2.03367	0.142026	2.53208	30.6789	2.99456	191.024	
4.98187	0.250428	0.466941	28.3517	10.9704	126.782	
2.74547	0.126317	2.76568	-2.30318	4.06164	132.964	
9.62845	0.333346	0.32424	-21.2142	11.7088	224.181	
13.1563	0.395432	0.283906	11.7856	-0.400894	243.535	
2.6485	0.128316	2.74305	45.1422	8.17106	179.686	
6.43147	0.0577329	3.09094	32.9234	-1.90537	189.504	
1.82707	0.147444	2.41182	52.2918	-8.45282	216.42	
7.28531	0.291831	0.372951	33.7628	7.01802	195.724	
14.4614	0.418337	0.274001	24.7265	-2.85487	232.683	
4.23519	0.0976144	2.97019	-17.0168	0.889015	187.305	
3.42113	0.11296	2.88294	17.1762	-4.88265	179.902	
8.5784	0.314784	0.34273	-12.805	4.1681	174.253	
3.14	0.118419	2.84112	-45.3211	8.57793	182.467	
9.30205	0.327582	0.329535	-30.6963	10.0487	234.878	
10.3313	0.345743	0.313986	-16.1652	-4.54463	192.144	
11.3634	0.363919	0.301249	-14.0704	-2.28273	183.824	
2.46007	0.132295	2.69278	-15.8705	4.60727	235.37	
2.34747	0.199574	0.832808	-41.1615	-9.27267	202.363	
4.20508	0.0981732	2.9676	43.9355	0.585216	176.84	
2.19973	0.138075	2.6048	1.12203	5.87399	218.512	
9.7223	0.335002	0.322784	-68.7502	14.1978	214.942	
4.00269	0.101945	2.94917	-4.45757	-5.72614	190.946	
2.7744	0.208595	0.718593	-32.5136	2.83927	147.516	
3.54838	0.110522	2.89946	-27.8846	2.88736	193.078	
3.09231	0.119357	2.83317	42.7923	0.82402	205.344	
2.59954	0.129338	2.73085	2.43263	-0.922338	228.014	
4.45021	0.240683	0.503111	-34.613	10.0215	198.057	
3.21849	0.217437	0.637041	-41.2353	-10.9688	165.864	
2.07554	0.193317	0.938655	-22.5466	-7.08013	169.386	
1.44145	0.164989	1.83173	-70.453	-14.6769	183.176	
6.72632	0.0524591	3.10097	-4.37119	1.24951	226.332	
3.12653	0.215637	0.65176	-48.1953	-11.5741	185.996	
6.39251	0.0584306	3.08954	12.6844	7.27198	247.061	
1.44357	0.169726	1.64335	6.30292	-9.11806	203.898	
2.15099	0.195113	0.905558	2.48791	-18.8576	217.373	
2.34698	0.134758	2.65769	32.4894	5.18892	164.461	
5.95531	0.268043	0.418075	1.58765	-11.3822	177.174	
9.97377	0.339439	0.31902	41.1892	-5.80432	215.554	
4.8518	0.248054	0.475022	22.7748	7.99574	169.926	
15.4132	0.435029	0.26784	11.5631	1.51418	249.133	
3.22762	0.116706	2.85503	55.5542	-0.419154	199.245	
4.46595	0.093347	2.98875	-4.73323	6.24838	213.983	
2.76413	0.125935	2.76982	-101.823	-9.87085	183.225	
5.93387	0.0666632	3.07169	5.82154	-10.2007	222.756	
7.97854	0.304152	0.355511	-4.63195	1.48992	220.658	
4.35942	0.0953136	2.98044	-50.9916	7.07546	198.33	
14.2281	0.414244	0.275637	-12.4793	-1.56774	229.916	
10.7864	0.353761	0.308067	61.4286	2.84356	237.537	
12.4506	0.383035	0.290132	28.5163	-3.95168	206.998	
3.31693	0.114971	2.86836	53.1507	3.92172	175.554	
2.3812	0.134006	2.66876	-35.861	-5.29672	173.426	
6.00754	0.0653385	3.07474	26.4059	-0.0753474	205.295	
17.7998	0.476844	0.2553	14.5774	2.48627	271.008	
2.68292	0.127603	2.7513	26.0835	-11.5828	165.673	
2.69347	0.206935	0.736873	-24.5978	0.0171951	234.056	
5.55413	0.0735093	3.0546	19.5507	-5.78163	201.581	
4.63389	0.0902577	3.00103	3.70851	-1.74133	189.981	
2.57784	0.129793	2.72526	51.576	-2.00038	138.082	
6.29383	0.0601991	3.08593	-15.673	9.88135	203.195	
4.77381	0.087693	3.01057	-22.1238	1.80478	188.09	
3.78364	0.106059	2.92682	14.0075	7.03991	140.255	
4.91708	0.0850744	3.01975	-31.8709	3.45841	213.017	
10.3641	0.346322	0.313542	-9.05257	-3.33708	190.391	
2.64639	0.12836	2.74253	23.6589	-0.352665	180.347	
3.759	0.106524	2.92413	-39.7536	-5.29968	184.271	
3.54661	0.110556	2.89924	84.906	1.0476	154.616	
4.37435	0.0950377	2.98163	-36.6447	-5.31977	151.918	
2.59784	0.129373	2.73041	-7.23751	1.61317	186.211	
3.10442	0.119119	2.83521	28.2354	-1.90814	226.958	
16.167	0.448241	0.263477	9.31157	8.12821	240.794	
5.49284	0.259703	0.439051	-45.184	-2.33877	188.299	
1.48961	0.160252	2.01426	-69.5152	-14.1393	201.83	
8.37523	0.311186	0.346851	-37.6223	3.44662	212.177	
4.04702	0.101116	2.95338	-21.2062	18.1372	211.711	
4.67153	0.244754	0.487002	32.4808	17.5644	193.317	
4.74824	0.24616	0.481787	-49.7864	4.02448	174.765	
1.47532	0.173061	1.51415	-10.3513	14.2808	157.262	
5.1618	0.080618	3.03419	26.0537	2.12213	208.039	
17.474	0.471138	0.256809	-42.901	-6.77357	219.948	
15.5721	0.437815	0.266885	45.3013	4.45248	208.056	
15.726	0.440512	0.265978	2.66435	0.42594	193.661	
1.46562	0.172272	1.54418	-2.94855	4.45426	162.557	
3.6722	0.226154	0.576322	17.067	3.11479	183.208	
6.57711	0.0551265	3.09601	1.43954	-1.40082	187.607	
11.1885	0.360841	0.30324	-19.4586	-5.32127	209.77	
5.00218	0.250798	0.465719	48.7153	-1.1934	180.63	
4.33445	0.0957754	2.97843	71.4015	12.5615	197.148	
4.19347	0.0983889	2.9666	-51.6503	-3.84239	186.126	
2.94362	0.122309	2.80649	-36.9246	4.15159	216.44	
15.3692	0.434258	0.268107	-34.8199	-5.7703	225.86	
10.2371	0.344083	0.315278	-0.478204	11.7592	205.671	
1.43618	0.167468	1.73307	-59.3065	-22.1474	183.76	
1.96399	0.143775	2.49604	-41.5244	4.53818	132.791	
4.40637	0.0944461	2.98415	-19.1505	0.00264821	192.556	
2.88826	0.123419	2.79575	-6.67722	-3.41119	203.852	
3.10188	0.119169	2.83479	10.2378	6.12272	148.462	
2.58101	0.129726	2.72608	-32.0855	3.02689	200.297	
11.7194	0.370181	0.29738	10.1355	3.34998	226.339	
3.05956	0.120004	2.82755	-22.7741	0.117328	193.068	
1.66862	0.152329	2.27961	131.455	6.82154	133.485	
6.62208	0.279998	0.393131	-12.9009	6.62094	203.311	
1.43613	0.16694	1.75413	-95.58	-5.39239	150.813	
8.38724	0.311398	0.346602	-63.2582	-5.15947	157.825	
4.8056	0.247209	0.478002	-22.1993	-3.64352	170.988	
4.78604	0.0874691	3.01138	8.11155	1.14739	169.311	
7.88649	0.302518	0.357647	0.311915	-5.65693	214.751	
5.15899	0.080669	3.03404	-10.4285	3.61302	168.764	
4.41759	0.240081	0.50563	-102.219	-17.0927	186.818	
6.67309	0.28091	0.391433	13.0893	-5.42208	189.862	
2.95088	0.122164	2.80786	10.0185	-9.78827	230.713	
4.30507	0.0963191	2.97603	1.06024	7.70306	209.456	
1.44423	0.164484	1.8517	-39.5409	7.33783	255.773	
2.5906	0.129525	2.72856	9.50769	18.7141	216.998	
2.56469	0.130069	2.72181	40.3178	10.2933	128.004	
1.52656	0.158122	2.09138	36.0897	23.8824	228.8	
2.59202	0.129495	2.72892	-3.60586	12.3656	166.534	
3.89311	0.103998	2.93833	32.2397	21.0693	203.827	
1.51083	0.158967	2.06124	-38.0449	-18.4616	182.503	
11.3637	0.363925	0.301245	7.553	-3.66281	228.412	
5.4063	0.258138	0.443389	-26.3304	6.38222	195.332	
3.26688	0.115942	2.86099	-0.490266	-6.98222	136.388	
15.3423	0.433786	0.268272	-9.05905	3.87672	231.04	
7.26264	0.0428935	3.11708	42.052	-6.15193	198.744	
5.37812	0.0766934	3.04583	-3.30326	-0.53828	183.572	
2.34502	0.134801	2.65704	72.3478	4.69879	218.806	
3.71113	0.226892	0.571869	2.37072	-9.82853	191.863	
3.14358	0.118349	2.8417	-98.0837	-0.641792	166.629	
5.31331	0.077868	3.04244	37.943	-9.72457	217.184	
2.40133	0.133566	2.67508	2.28266	0.37543	207.121	
9.29146	0.327394	0.329713	-12.6082	1.49878	231.379	
15.8743	0.443112	0.265122	-7.89086	-5.29233	234.868	
10.9844	0.357249	0.305645	24.9307	3.2812	225.987	
1.96468	0.143757	2.49642	13.895	-5.0259	213.457	
4.2679	0.0970078	2.97295	105.3	-0.576332	180.388	
6.13252	0.271227	0.410901	-29.2847	-15.5681	204.706	
2.1079	0.140227	2.56661	-8.56129	2.17801	161.377	
5.48771	0.0747101	3.05135	-28.6381	-0.529687	198.223	
5.80441	0.0689939	3.06612	39.159	-10.6265	203.059	
11.3945	0.364466	0.300901	31.9854	-4.73139	201.707	
7.54622	0.296473	0.366004	28.645	9.32932	203.272	
13.7591	0.406015	0.279096	-16.7572	6.81586	206.311	
2.03634	0.14196	2.53339	6.19863	-8.34887	224.321	
4.60089	0.0908637	2.99869	-24.6446	5.22388	205.292	
2.02908	0.142139	2.52983	29.3591	-4.84791	224.711	
3.22507	0.116755	2.85463	-16.2963	-5.62823	192.12	
5.50319	0.0744301	3.05212	28.0885	6.11582	185.619	
6.73209	0.281965	0.389502	-45.5196	5.73622	194.735	
10.3254	0.345638	0.314067	-4.8229	-4.9861	219.071	
3.38594	0.220683	0.612531	-37.1085	-5.82088	181.927	
3.24421	0.116383	2.85757	49.5287	11.49	193.606	
2.55743	0.130223	2.71989	7.57197	2.29355	201.716	
2.34445	0.134813	2.65686	-36.1507	-10.7643	204.64	
13.8469	0.407555	0.27843	28.4677	-11.8421	252.336	
2.77709	0.12567	2.77265	-0.162933	2.35047	174.502	
13.7481	0.405822	0.27918	9.63751	-2.21756	219.947	
6.48045	0.056856	3.09267	-34.4976	0.708233	219.063	
2.28484	0.13614	2.63647	123.169	6.48391	180.746	
2.4881	0.131695	2.70086	-27.2351	7.88024	217.687	
3.33245	0.21965	0.620062	38.2068	17.7589	170.624	
6.74973	0.28228	0.388931	-12.0734	-6.85025	201.753	
7.71904	0.299544	0.361666	-15.9625	-1.77527	201.199	
7.35192	0.0413041	3.11953	15.386	-2.47283	202.399	
3.13746	0.118469	2.8407	-11.5787	-4.38006	156.268	
3.60991	0.10935	2.90699	31.9659	-2.56216	142.504	
5.92077	0.267422	0.419524	30.3585	2.38996	172.363	
1.58966	0.155261	2.18853	19.4056	3.89437	208.265	
4.26708	0.097023	2.97288	2.86464	-7.00315	196.001	
7.19672	0.0440674	3.11523	45.8596	1.85574	185.893	
3.54159	0.110652	2.89861	5.75398	-4.04859	188.977	
1.57782	0.155751	2.17246	42.6359	-2.79424	193.517	
2.11442	0.194249	0.921176	-75.6343	-4.49964	172.905	
15.6729	0.43958	0.266289	8.91795	-0.722106	215.06	
2.02781	0.19215	0.961463	-17.2665	-17.2712	252.579	
1.50357	0.174936	1.44455	-10.4739	9.60345	191.502	
4.83529	0.0865683	3.01458	5.24316	-7.53219	205.379	
4.3023	0.23795	0.514856	37.8072	-4.51394	131.588	
3.8342	0.105106	2.93222	33.3396	4.24828	189.351	
12.1646	0.378009	0.292862	15.7699	-2.21925	199.802	
7.41459	0.0401888	3.12121	-4.58857	-10.1911	221.439	
3.06237	0.119948	2.82803	-29.3388	1.54673	227.383	
5.05073	0.0826382	3.02782	60.4222	-2.6952	156.093	
3.3432	0.114463	2.87213	13.0658	7.05287	181.18	
3.65456	0.108501	2.91228	-17.8961	-7.49593	206.26	
1.53482	0.157706	2.106	-0.055736	-12.0401	181.022	
1.47855	0.173302	1.50503	-55.2346	-12.8847	217.467	
3.11779	0.118856	2.83745	-67.2242	-0.195057	209.481	
12.5473	0.384734	0.289237	27.1309	-2.7513	222.714	
17.3119	0.4683	0.257581	2.89962	2.50261	234.59	
4.91056	0.0851935	3.01934	45.201	4.22295	195.186	
8.74622	0.317754	0.339473	-4.96275	-11.4326	226.49	
6.29153	0.0602403	3.08584	71.5198	-3.51386	177.96	
5.84352	0.0682895	3.06783	34.9672	-12.0782	197.813	
13.3453	0.398751	0.28235	-43.529	-1.77508	232.97	
1.44003	0.169024	1.67112	-32.4156	11.3752	233.689	
4.43269	0.0939604	2.9862	27.2557	4.17049	165.067	
2.3434	0.134837	2.65651	-43.2546	10.0491	185.42	
5.7703	0.0696084	3.06461	-95.4738	5.01098	186.327	
10.4965	0.348655	0.311777	-63.5402	-6.88432	199.419	
3.12563	0.118702	2.83875	-87.0775	-5.04363	199.273	
11.8878	0.373143	0.295631	26.9491	-3.26981	231.967	
2.52682	0.203451	0.779009	6.20962	-0.337554	183.491	
4.52062	0.09234	2.99285	29.3133	-3.47112	163.292	
3.81156	0.228789	0.560837	27.8939	-2.63083	197.617	
1.71262	0.150872	2.32156	38.981	-2.82286	205.961	
1.45104	0.170789	1.60156	-23.0996	7.15976	171.746	
3.72435	0.227142	0.57038	-11.2585	3.22386	182.204	
3.1034	0.119139	2.83504	43.5812	-6.1863	188.532	
1.6122	0.17995	1.27353	8.04251	5.40093	216.596	
1.55065	0.177371	1.3585	-20.9911	15.3745	202.781	
5.87026	0.0678079	3.06898	-17.4521	3.56244	181.744	
5.29237	0.256073	0.449326	11.2951	10.9171	192.478	
2.53891	0.203707	0.775723	20.9962	4.82445	206.033	
4.90467	0.0853009	3.01898	-37.7644	10.472	247.435	
19.2586	0.502385	0.24917	23.2049	7.62421	217.885	
3.12704	0.118674	2.83898	15.3278	2.3731	139.007	
12.2248	0.379067	0.292277	20.3402	-0.95847	249.81	
4.9125	0.0851581	3.01946	20.707	10.5404	174.707	
1.5674	0.156198	2.1576	5.84774	0.642249	254.966	
2.03522	0.192333	0.957815	-32.3908	-1.33213	162.206	
2.12145	0.139904	2.57254	19.1433	7.02769	217.292	
1.69248	0.151527	2.30298	52.5838	-7.49475	204.789	
6.04	0.0647551	3.07607	-2.28888	-18.4856	202.121	
1.80686	0.186301	1.09319	-23.7425	-4.72283	231.924	
6.28387	0.273943	0.405103	-25.2458	3.86853	187.17	
3.28609	0.115569	2.86385	-20.8125	-4.11401	195.301	
2.97429	0.121696	2.81224	19.9413	1.72908	245.584	
7.06146	0.0464779	3.11133	8.16037	8.18233	207.163	
3.38602	0.220685	0.61252	35.4649	-10.0153	196.578	
13.6915	0.404828	0.279614	1.0499	6.6199	249.648	
6.10099	0.0636594	3.07851	-15.3865	5.01753	206.221	
12.1133	0.377108	0.293365	-15.6126	0.659804	244.112	
6.17026	0.0624157	3.08123	27.6763	-2.56566	185.698	
1.84002	0.14708	2.42071	11.601	4.92336	153.069	
17.0491	0.463696	0.258864	-4.61725	-1.761	235.69	
1.44	0.169016	1.67145	-8.18182	-24.6877	159.324	
15.5512	0.437448	0.267009	5.29015	2.75467	206.318	
11.2308	0.361585	0.302753	-21.9353	2.61988	220.737	
3.26922	0.218424	0.629319	25.6356	-5.74012	198.852	
5.4061	0.258134	0.443399	-34.1857	-5.2339	176.205	
3.46545	0.112109	2.88885	6.68438	2.20893	145.074	
2.64446	0.1284	2.74206	9.58569	10.8221	165.605	
2.15136	0.139199	2.58526	-11.809	12.8988	196.979	
1.72757	0.183923	1.15592	-14.7203	2.56221	162.157	
2.16189	0.138953	2.58961	-24.4517	-3.10877	197.527	
5.8321	0.0684951	3.06733	-19.0691	12.9203	184.13	
2.17145	0.13873	2.59352	5.50478	6.73776	175.533	
14.0998	0.411993	0.276561	28.35	4.27148	249.497	
3.64993	0.108589	2.91174	-19.3386	13.1128	192.368	
11.8506	0.372489	0.296013	-5.19051	-6.00748	214.439	
4.37002	0.0951177	2.98128	11.926	-12.6275	174.331	
2.12328	0.139861	2.57334	0.922805	-2.00594	259.126	
7.01361	0.28699	0.380746	-5.43299	-7.03957	209.603	
2.3503	0.199636	0.831877	-34.2518	7.8107	194.084	
12.3074	0.380519	0.291483	-1.52823	0.915532	189.894	
2.30297	0.135734	2.64282	42.8862	-2.38824	202.068	
2.59589	0.129414	2.72991	-22.5263	1.31185	177.233	
13.762	0.406066	0.279073	60.0856	8.94459	223.94	
3.34382	0.11445	2.87222	15.3143	1.66696	199.896	
14.1886	0.413551	0.27592	-32.1682	-2.68655	205.176	
3.85666	0.104683	2.93457	-21.0996	-15.1056	188.682	
7.05063	0.28765	0.379648	-17.2427	-2.1583	177.078	
16.4017	0.452354	0.262201	-4.08502	1.88873	273.113	
1.85555	0.146649	2.4311	11.7793	-14.2092	198.755	
1.47605	0.173116	1.51206	32.1409	-0.632498	165.725	
20.6352	0.526477	0.244182	-19.4804	0.0854041	200.958	
4.55873	0.0916388	2.99565	11.4484	4.29651	206.374	
2.58785	0.204738	0.76281	-25.9267	2.57336	228.13	
7.70483	0.299292	0.362015	-3.28015	0.978701	190.342	
5.03637	0.0828996	3.02697	-44.8777	5.99353	153.655	
3.51355	0.111188	2.89507	21.624	8.83909	196.068	
4.11375	0.099872	2.95953	-35.052	2.97701	198.578	
9.14946	0.324885	0.332141	20.8108	-0.0543013	217.302	
3.04916	0.12021	2.82573	-53.2756	2.58991	188.429	
4.91457	0.0851202	3.01959	6.49028	-1.27059	193.722	
4.04978	0.101065	2.95363	41.1185	23.5271	209.293	
4.908	0.0852401	3.01918	-12.7202	-1.09047	186.809	
5.05736	0.0825176	3.02821	16.242	2.82345	182.953	
9.21113	0.325975	0.331078	58.1727	6.82624	223.592	
2.11323	0.1401	2.56896	24.0155	1.83754	210.419	
13.0628	0.39379	0.284692	-0.445934	1.56619	229.902	
1.79126	0.148472	2.38597	17.6597	11.6569	207.665	
2.68169	0.127629	2.75101	68.5284	-1.33405	174.531	
2.07059	0.193197	0.940946	7.27724	-3.43933	159.069	
3.17031	0.117825	2.84603	50.724	7.36477	197.083	
1.94227	0.189987	1.00668	18.8616	-8.56735	199.072	
1.43696	0.166279	1.78048	26.4377	0.448433	158.256	
2.15369	0.139145	2.58623	-31.7148	6.84208	171.528	
5.21001	0.0797422	3.03687	21.392	3.70198	178.354	
2.69202	0.127415	2.75345	-9.27727	-5.91859	211.479	
4.26776	0.0970104	2.97294	-38.4891	-10.5066	179.381	
1.45087	0.170768	1.60238	-36.8601	-18.5659	236.117	
3.24536	0.11636	2.85774	2.98668	-1.23933	190.224	
6.4996	0.0565133	3.09334	-6.9955	-3.32576	148.541	
3.33526	0.114616	2.871	-67.0844	8.26462	184.385	
4.27927	0.0967971	2.9739	5.8176	4.99112	168.819	
11.4824	0.366013	0.299928	24.1541	-0.00753255	218.575	
2.97657	0.121651	2.81267	-29.8074	-7.18846	178.693	
12.2517	0.37954	0.292017	-1.09022	-0.481871	231.967	
4.76442	0.246456	0.48071	1.32134	-1.41289	164.09	
2.37632	0.200208	0.82345	-38.1445	-2.79567	178.255	
2.58243	0.129696	2.72645	44.3088	-11.6156	176.916	
4.79028	0.246929	0.479004	17.2313	11.1216	174.949	
4.6529	0.0899087	3.00236	-4.60458	7.93732	219.877	
11.7639	0.370964	0.296912	2.57319	-5.19623	227.142	
1.46272	0.162309	1.93651	75.224	13.0792	187.16	
8.95703	0.321483	0.335557	-41.5098	1.22788	214.104	
5.05112	0.25169	0.462817	-2.24141	2.37412	204.955	
2.53573	0.203639	0.776584	-36.1534	7.57443	154.471	
4.95646	0.084356	3.02217	-36.339	4.9133	164.354	
12.4108	0.382336	0.290505	10.4307	1.56312	234.514	
3.35379	0.114258	2.87363	31.8007	9.00359	194.16	
11.141	0.360004	0.303793	46.2389	-5.24229	241.155	
2.08486	0.193542	0.93438	-15.142	-7.9609	218.034	
5.06573	0.0823652	3.0287	-37.6566	4.02824	174.715	
12.389	0.381953	0.290709	-24.7139	-7.902	266.939	
2.87067	0.210548	0.698427	-18.7234	-0.399681	155.252	
7.431	0.294424	0.369011	21.3111	5.36143	200.724	
4.6765	0.0894757	3.004	-57.9093	-9.17009	176.652	
12.3539	0.381337	0.29104	14.4709	-1.49831	215.988	
2.86946	0.210523	0.698672	7.65983	0.320557	214.34	
2.47093	0.132062	2.69594	0.390184	12.8196	214.118	
2.25268	0.136866	2.62488	30.4284	7.15294	235.065	
1.95526	0.143999	2.49125	20.4821	-0.203702	202.631	
4.88837	0.0855986	3.01795	6.20914	1.44073	211.959	
4.38728	0.0947988	2.98265	-39.8941	12.0454	215.77	
6.23657	0.0612259	3.08377	-16.8232	-5.58023	211.899	
13.5635	0.402581	0.28061	22.7782	-7.48019	221.345	
1.84784	0.146863	2.42598	59.2551	1.70367	198.526	
4.57392	0.242961	0.493904	-37.5011	6.6149	220.858	
8.75329	0.317879	0.339339	8.31839	-1.17056	217.805	
4.11097	0.0999237	2.95927	5.59301	0.910332	179.023	
1.96236	0.190504	0.995503	-55.5289	-21.3352	240.241	
3.67095	0.226131	0.576466	-8.76165	-13.0492	232.137	
3.78372	0.106057	2.92683	8.0742	6.792	172.9	
5.2573	0.0788838	3.03945	16.571	-2.56895	239.601	
13.0062	0.392796	0.285173	-12.6	2.15678	232.986	
6.28564	0.060346	3.08562	-88.5187	-1.27194	181.932	
14.1175	0.412304	0.276432	7.24421	-7.56866	243.879	
8.34586	0.310665	0.347463	-4.29479	12.2923	216.581	
4.22508	0.236519	0.521335	19.3767	4.06503	163.367	
3.20365	0.117173	2.85131	90.7397	-0.845878	185.647	
4.31932	0.238265	0.51346	41.5277	26.0895	203.159	
6.72459	0.281831	0.389745	69.0252	-3.04039	181.293	
5.09488	0.0818346	3.03039	22.4032	3.85138	203.301	
1.98122	0.143336	2.50532	-19.0591	-27.2894	199.629	
1.59399	0.155086	2.19422	-2.06204	6.13659	226.72	
3.46061	0.222119	0.602449	-18.9751	0.145723	207.316	
4.27	0.237352	0.517536	1.63472	6.1973	182.682	
3.51265	0.111205	2.89496	0.487281	-1.74515	202.04	
16.4473	0.453153	0.261957	16.1728	0.877603	231.953	
14.5962	0.420702	0.273079	-33.5542	-1.42332	213.93	
1.99117	0.143085	2.51057	10.4649	3.41158	161.554	
3.65228	0.108545	2.91202	-45.3884	6.45463	156.104	
1.56147	0.177862	1.34182	14.4057	9.78165	254.908	
4.03174	0.101402	2.95194	-36.6951	10.7576	186.884	
6.5309	0.278368	0.396233	7.76024	4.06991	211.994	
1.63516	0.153511	2.24395	-31.3228	8.62944	187.706	
4.73371	0.0884271	3.0079	-10.8172	-2.46898	217.269	
8.88183	0.320153	0.336932	-11.1126	-16.4995	201.277	
3.7477	0.227584	0.567777	34.3173	-5.43295	204.734	
4.35103	0.0954688	2.97977	-3.62805	9.96661	175.131	
15.1576	0.430548	0.269418	-11.0807	7.50664	235.288	
6.52869	0.278328	0.39631	-36.8271	-5.39633	142.823	
5.46997	0.0750308	3.05048	7.8966	-0.952563	214.477	
17.0011	0.462855	0.259103	35.4154	1.42905	231.754	
7.83605	0.301623	0.358839	-13.2429	2.65481	159.914	
3.73587	0.106961	2.92157	-4.81395	-6.08411	186.045	
4.7862	0.0874662	3.01139	-3.74497	-2.79794	179.905	
4.68329	0.0893512	3.00447	17.6633	-7.42357	149.011	
2.58635	0.129614	2.72746	31.8481	5.4208	175.215	
7.47405	0.29519	0.367876	-29.4193	-4.39967	232.788	
5.88725	0.0675021	3.06971	-25.7659	7.12475	191.812	
2.18978	0.138305	2.60087	-6.65449	6.79473	211.118	
2.78207	0.208752	0.716928	-35.1219	9.38886	192.834	
3.77626	0.106198	2.92602	17.7152	7.85192	188.157	
4.59978	0.0908841	2.99861	-2.12565	9.427	191.152	
4.38057	0.0949227	2.98212	-24.1234	-4.94192	193.603	
1.51817	0.158564	2.0757	-39.1448	-4.15597	244.61	
5.84137	0.068328	3.06773	-4.46857	-7.65878	182.33	
4.96088	0.250045	0.468215	23.433	-4.72041	173.332	
2.35582	0.134563	2.66059	1.5466	15.5969	181.568	
3.43493	0.112695	2.8848	19.5987	13.12	164.489	
5.64886	0.0717986	3.05908	13.9948	5.60953	181.846	
3.914	0.103606	2.94044	47.7957	-0.907986	197.706	
13.106	0.394548	0.284327	-24.7691	9.23876	222.111	
1.77337	0.148999	2.37232	-80.755	0.398361	96.7323	
1.98448	0.143254	2.50705	-49.8884	-9.20638	206.063	
3.62735	0.109018	2.90908	4.86636	15.5399	200.307	
1.96327	0.143793	2.49565	21.8747	12.5048	199.887	
3.53024	0.223452	0.593472	44.6032	-6.46848	182.751	
5.69731	0.263396	0.429343	64.1155	-5.07398	202.579	
1.84557	0.146926	2.42446	-73.014	-15.0785	220.94	
12.8895	0.390746	0.286179	39.6199	-13.8321	243.163	
3.19787	0.117286	2.8504	9.43203	10.0437	202.093	
1.6735	0.182158	1.20614	46.3919	11.4443	204.421	
4.67623	0.0894808	3.00398	-88.6974	-0.899552	188.782	
14.1796	0.413393	0.275984	19.1478	6.02951	237.895	
4.3424	0.0956283	2.97907	-26.5792	9.07439	201.79	
4.63823	0.0901781	3.00134	-58.1164	7.3789	180.385	
3.63449	0.108882	2.90992	-19.3278	-5.98991	217.921	
2.5164	0.203229	0.781873	84.2965	0.171436	161.974	
1.93604	0.144496	2.48044	4.2447	-5.02733	161.531	
15.2474	0.432121	0.268858	-35.6543	-0.63041	212.345	
13.8667	0.407904	0.278281	12.3297	-2.22933	244.612	
2.18277	0.195854	0.892576	8.93299	5.68353	206.529	
4.35592	0.0953783	2.98016	58.5449	2.32634	230.525	
3.41464	0.221236	0.608598	27.0732	10.1706	193.645	
4.74749	0.0881747	3.00882	-34.9701	4.91675	191.318	
3.97387	0.231837	0.544279	-68.2273	0.49094	198.377	
5.98148	0.0658069	3.07367	10.9212	19.5621	174.742	
3.63662	0.108842	2.91018	56.8335	6.60737	170.561	
14.3519	0.416417	0.274762	41.9973	12.1669	223.372	
1.64471	0.153166	2.25451	25.4508	-7.5233	240.695	
2.33007	0.135132	2.65206	27.512	-18.9645	202.205	
2.04181	0.141825	2.53605	-25.8817	-1.65651	156.339	
3.38109	0.113731	2.87746	-22.5372	1.45837	202.241	
1.5592	0.15656	2.14541	1.07661	-0.12083	219.636	
1.95388	0.144034	2.49048	-36.9937	-7.93415	187.742	
5.75175	0.0699428	3.06378	-7.85563	8.87869	215.929	
1.82079	0.186699	1.08324	17.2497	-7.39215	173.682	
11.9798	0.37476	0.294697	12.2583	-1.03343	236.679	
7.16197	0.289634	0.376415	31.7129	-3.79556	178.813	
12.9684	0.392132	0.285497	37.026	-7.62802	233.216	
4.16047	0.0990024	2.96371	35.3036	-3.83995	153.342	
15.2901	0.43287	0.268593	21.2144	9.22588	216.556	
6.76441	0.0517787	3.1022	31.2622	4.7171	229.353	
3.25283	0.116215	2.85887	-28.9747	12.4362	203.07	
1.5457	0.17714	1.36644	-29.509	1.30234	180.837	
3.25396	0.116193	2.85905	-10.0242	10.6685	161.639	
1.44805	0.170405	1.6166	-49.6265	18.9029	186.711	
6.70168	0.0528993	3.10017	-70.2741	-1.3317	207.879	
10.8105	0.354186	0.307767	26.8966	-3.58169	246.405	
5.10134	0.252604	0.459898	48.0511	-6.06475	195.537	
3.6011	0.109517	2.90593	18.2099	-4.00344	176.608	
2.78418	0.125526	2.77419	39.8981	-3.93816	175.702	
13.1069	0.394565	0.284319	-22.5484	-1.27033	224.379	
4.52015	0.0923485	2.99282	72.5671	7.13404	228.796	
11.5952	0.367998	0.298702	-20.8561	-6.10633	212.019	
5.80358	0.0690087	3.06608	-2.51935	-5.83263	190.441	
3.31711	0.114967	2.86839	20.4159	0.442511	207.546	
1.7272	0.15041	2.33442	-88.0122	-20.695	195.267	
2.79641	0.209044	0.713839	9.03986	4.14604	199.131	
1.60879	0.154502	2.21296	-45.2259	10.4549	195.622	
4.19276	0.0984021	2.96654	-3.96446	-0.513237	160.844	
2.48808	0.131695	2.70085	18.418	-0.652635	215.703	
6.15557	0.0626793	3.08066	-21.5436	-4.60331	173.277	
3.44836	0.112437	2.88659	-41.3592	-7.6623	213.843	
14.1748	0.41331	0.276018	-7.03412	5.484	223.674	
7.23818	0.043329	3.1164	1.06326	-2.24676	212.626	
2.27812	0.198029	0.856569	19.2551	14.6686	186.428	
6.36311	0.275363	0.402181	-29.8702	2.12922	222.097	
1.8269	0.147449	2.4117	3.16444	-15.7929	218.144	
2.67731	0.127719	2.74998	-53.1174	-15.7596	150.913	
2.73855	0.207862	0.726533	66.0573	12.716	195.339	
2.26181	0.197662	0.862441	-0.475279	-0.561252	196.88	
3.69261	0.10778	2.91668	3.23067	5.62338	214.096	
2.54247	0.130538	2.7159	-2.84996	-4.44755	214.832	
12.8914	0.39078	0.286162	31.6528	2.36984	195.223	
5.67657	0.0712986	3.06036	-112.265	8.69731	125.383	
3.02396	0.120709	2.82128	-68.8166	1.91572	139.03	
3.35253	0.220038	0.617203	22.6121	9.90524	163.006	
13.2273	0.396679	0.283316	-46.0533	2.3154	215.569	
1.56688	0.15622	2.15684	-49.854	18.1446	201.903	
11.5404	0.367033	0.299295	-9.47572	-4.0247	214.344	
4.11657	0.0998194	2.95978	8.11745	6.98487	180.006	
2.51881	0.13104	2.70945	-41.2383	-1.51541	170.019	
4.22556	0.0977931	2.96936	-4.25608	-10.1159	207.387	
11.3835	0.364273	0.301024	1.11428	-2.86312	208.569	
14.9116	0.426233	0.270988	-5.45732	-2.93828	241.748	
5.58144	0.0730159	3.0559	-5.51673	1.75248	186.201	
5.04743	0.0826984	3.02762	-66.9919	-6.44057	192.087	
4.56043	0.0916074	2.99578	41.8331	-5.68515	191.488	
6.31083	0.274426	0.404101	-27.4158	0.026695	220.902	
15.6926	0.439927	0.266173	-4.57575	7.14119	255.266	
5.02695	0.0830712	3.02642	-22.586	-2.46143	169.479	
11.4816	0.365999	0.299937	38.4957	4.407	201.839	
3.34462	0.114435	2.87233	-4.90229	-2.31299	158.064	
1.51912	0.158513	2.07751	-32.4896	-33.1227	150.702	
10.8223	0.354394	0.307621	9.02818	1.72719	236.136	
4.5055	0.0926183	2.99173	-7.88635	-5.78643	214.969	
1.67322	0.152172	2.28424	-1.27357	-7.49017	217.993	
3.23643	0.116534	2.85638	7.72165	-2.77911	202.811	
5.16011	0.0806487	3.0341	33.8254	6.47934	221.5	
5.78598	0.0693258	3.06531	25.8096	0.803221	197.587	
6.6621	0.280714	0.391796	9.39443	-3.50401	229.564	
2.11629	0.194294	0.92036	21.6036	-1.5614	175.015	
1.61481	0.154271	2.22028	-69.3489	-2.4835	203.809	
15.6506	0.43919	0.26642	0.942154	2.68868	204.234	
7.04581	0.287564	0.37979	-11.7898	-0.654923	231.408	
4.18132	0.0986147	2.96554	27.6205	-6.88672	194.419	
3.42376	0.11291	2.88329	-6.4273	5.76956	189.337	
1.57079	0.17827	1.32814	23.8422	-0.734757	154.273	
1.43995	0.169003	1.67193	-3.9767	0.595523	156.096	
1.86706	0.187987	1.05206	14.502	8.15851	201.278	
9.97821	0.339517	0.318955	5.76567	-3.82018	216.573	
11.069	0.358738	0.304637	14.1071	4.01699	207.018	
1.58866	0.155302	2.18721	49.1074	-0.671062	145.377	
3.85634	0.104689	2.93454	48.9894	11.5919	220.132	
4.78382	0.246811	0.479428	3.76051	9.91698	196.532	
3.6195	0.109167	2.90814	20.0842	7.57367	231.867	
4.06615	0.100759	2.95516	50.0023	-3.03411	172.151	
9.68396	0.334326	0.323376	-53.4099	-9.28381	175.496	
13.1452	0.395237	0.283998	15.381	-3.294	225.368	
11.0939	0.359177	0.304344	2.76068	-11.9332	208.455	
6.11554	0.270923	0.411569	23.7968	5.05738	185.147	
3.91806	0.230791	0.549805	0.812175	26.8517	202.665	
2.35114	0.134666	2.65906	-2.28563	4.37023	204.037	
16.2501	0.449697	0.263021	-0.498745	1.11255	207.239	
1.9248	0.14479	2.47396	-41.1052	-1.32342	215.811	
2.67398	0.127788	2.74918	58.4598	3.82558	226.41	
2.0604	0.19295	0.945718	0.206434	13.7932	190.507	
13.1811	0.395868	0.283699	-5.69955	0.449055	204.106	
4.79968	0.0872194	3.01227	-15.1843	-3.91602	200.079	
4.40924	0.0943932	2.98438	-21.1558	-9.59781	222.829	
3.20494	0.117148	2.85151	55.9077	-6.21062	174.398	
3.23149	0.11663	2.85562	58.4624	-4.15248	175.828	
4.11155	0.0999129	2.95933	-28.0265	1.94439	215.09	
5.66841	0.0714458	3.05999	-11.6043	-12.7045	198.769	
19.3666	0.504274	0.248753	8.18867	4.72485	230.619	
8.37943	0.31126	0.346763	13.346	0.168188	203.426	
15.0751	0.429101	0.269939	-21.1266	1.57245	254.32	
4.12317	0.0996966	2.96038	-30.2826	-0.499206	214.162	
1.86917	0.146276	2.43996	-22.1365	3.54624	235.492	
5.12416	0.0813021	3.03207	-53.1206	3.72085	135.308	
2.65413	0.128199	2.74442	-4.39088	14.0919	171.003	
3.84835	0.104839	2.93371	10.899	-3.77088	199.685	
4.51076	0.0925215	2.99212	-3.69019	1.08347	139.39	
3.43803	0.221685	0.605447	-2.33923	4.16764	185.065	
5.12783	0.0812355	3.03227	7.12919	4.7172	182.136	
4.17951	0.0986484	2.96538	-69.7412	-11.1435	200.686	
12.2498	0.379506	0.292036	35.765	0.158844	212.783	
1.49719	0.15977	2.03204	88.3058	-0.204518	124.577	
12.667	0.386838	0.288148	14.3662	7.96783	219.932	
7.09654	0.288468	0.378302	-20.8462	-4.27679	219.907	
3.40562	0.221062	0.609826	-18.6876	6.00463	138.965	
4.92578	0.0849157	3.02029	-24.5117	-0.0741499	132.302	
3.26242	0.218292	0.630338	12.186	-0.819517	191.589	
18.2389	0.484532	0.253351	-14.1367	5.37552	242.408	
1.6588	0.152668	2.26952	29.8446	6.13699	225.418	
2.94732	0.122235	2.80719	17.6497	-4.84298	167.261	
3.61417	0.109269	2.9075	3.64944	-11.0451	207.064	
4.15434	0.0991164	2.96316	12.8362	8.82621	174.522	
3.63896	0.108797	2.91045	-1.92488	0.395383	201.918	
1.94388	0.144292	2.48489	-41.8096	1.05909	213.341	
2.88128	0.123559	2.79436	20.4249	0.545166	201.423	
3.6058	0.109428	2.9065	19.9147	7.48776	158.119	
2.41259	0.200999	0.812098	-2.77603	12.3138	172.332	
2.82349	0.124727	2.78255	-42.4202	15.2283	196.962	
13.5028	0.401516	0.281088	-14.7986	3.25118	265.726	
2.95405	0.1221	2.80846	-32.342	2.92609	178.147	
1.79514	0.148359	2.38887	13.088	17.7659	216.036	
2.36939	0.134265	2.66499	-4.57199	-1.75692	171.13	
5.24092	0.0791811	3.03856	-14.4093	-10.7579	216.194	
1.68484	0.15178	2.29566	10.036	-2.03107	203.657	
2.75439	0.208187	0.722995	-25.5274	4.08832	191.916	
3.67502	0.226208	0.575996	-38.5677	5.90972	190.241	
3.98562	0.102264	2.94752	-8.43788	2.27219	214.063	
18.0426	0.481096	0.25421	39.8131	-0.926346	252.535	
3.57952	0.109928	2.90331	-12.0701	-8.88945	193.722	
4.77809	0.246706	0.479806	2.92013	16.6228	194.309	
8.4139	0.31187	0.346051	-43.6809	-7.92057	191.914	
5.71491	0.070607	3.06212	17.2688	4.29276	192.263	
3.58604	0.109804	2.90411	15.3573	0.0460618	170.028	
12.095	0.376786	0.293546	-9.57442	3.84487	216.237	
22.4827	0.558797	0.238451	10.5234	-4.40362	275.309	
1.80051	0.186118	1.09782	47.1422	6.24449	190.039	
4.45776	0.240823	0.502533	3.78609	-8.03698	216.793	
9.74645	0.335429	0.322414	2.70559	-2.06842	204.681	
5.47703	0.0749032	3.05083	-85.6193	1.10626	207.282	
1.68364	0.1825	1.19616	-14.0301	21.7988	222.077	
4.41297	0.0943243	2.98467	-13.024	6.24966	233.061	
3.50588	0.222986	0.596568	38.4766	2.66821	171.791	
1.62143	0.15402	2.22816	9.99314	-19.5587	191.042	
1.65452	0.152818	2.26503	-61.5955	-21.9809	194.671	
5.07222	0.082247	3.02908	-9.82214	-6.26861	197.593	
2.15618	0.139086	2.58726	-32.9365	3.19415	211.73	
1.47216	0.161506	1.96721	-62.7418	2.36274	184.908	
3.62762	0.109013	2.90911	0.770089	7.46771	192.256	
7.65892	0.298476	0.363152	-39.6837	5.13439	185.961	
2.3171	0.13542	2.64767	-3.49646	-15.3579	161.435	
1.46886	0.172547	1.53364	-42.2997	0.227986	222.67	
3.29731	0.115351	2.8655	5.37908	5.82262	172.661	
3.40639	0.113244	2.88094	41.5174	5.03798	175.746	
1.43664	0.166456	1.7734	-18.3674	-15.6362	222.408	
3.59344	0.109663	2.905	-23.0078	3.07835	156.13	
13.7198	0.405325	0.279396	-9.90879	13.7013	250.468	
8.97425	0.321788	0.335245	-26.2659	13.9393	200.385	
3.39872	0.220929	0.61077	-36.0842	-15.2784	181.389	
6.87386	0.0498243	3.10566	-42.0481	4.22801	179.877	
3.16859	0.117859	2.84575	22.6137	-3.23536	148.98	
5.31096	0.25641	0.448339	0.859008	6.96994	194.411	
2.05154	0.192734	0.949925	60.5844	12.4216	175.699	
3.82782	0.105226	2.93155	-52.2681	-10.433	155.604	
4.75197	0.0880927	3.00912	-30.0533	-8.4255	209.471	
8.15167	0.307223	0.351626	-25.0394	2.10761	246.99	
6.24032	0.0611587	3.08392	6.50293	-1.93707	177.586	
1.52258	0.15833	2.08404	36.4026	9.33716	225.272	
12.542	0.384641	0.289286	-23.6097	0.348462	241.188	
2.54161	0.130557	2.71566	-37.3347	-7.26735	157.468	
1.88511	0.145844	2.45005	-30.4783	19.7402	226.798	
1.45623	0.162946	1.9119	-44.3722	9.56227	235.529	
13.4939	0.401359	0.281159	31.426	-4.33013	239.076	
1.57375	0.155924	2.16674	-21.8985	3.1842	201.416	
3.24042	0.116456	2.85699	-33.6717	6.25563	190.572	
2.33806	0.134955	2.65474	-8.64942	-4.05782	220.797	
2.96078	0.121966	2.80973	-12.0449	-1.12684	169.906	
1.82299	0.186761	1.08169	16.256	4.1129	228.157	
2.65457	0.12819	2.74452	-6.22137	-4.49665	151.174	
10.7265	0.352707	0.308816	3.56609	5.06407	198.563	
31.1258	0.709885	0.220687	-2.27855	1.86403	254.749	
12.8152	0.389441	0.286829	23.0557	1.54117	216.877	
2.10615	0.194052	0.924817	22.6967	12.5143	167.07	
5.02492	0.0831082	3.0263	-16.8433	-1.20079	152.972	
29.1686	0.675682	0.223786	-6.99037	1.08823	262.283	
6.58574	0.054972	3.0963	-20.0529	2.38693	197.764	
4.22642	0.0977771	2.96944	-22.783	9.12709	178.468	
12.2477	0.379471	0.292055	-29.0992	-1.44848	189.901	
12.7091	0.387578	0.28777	2.97022	-6.26252	227.421	
3.04209	0.213971	0.666167	14.444	2.66316	168.928	
4.47578	0.0931659	2.98949	-24.5249	2.01362	203.294	
2.16318	0.138923	2.59014	-1.11631	4.41033	209.268	
2.46196	0.132255	2.69333	28.3579	8.68117	138.971	
7.5893	0.297239	0.364904	-8.51269	-9.84178	187.058	
5.1586	0.253645	0.456644	13.5243	9.87266	137.169	
14.8858	0.425781	0.271156	-29.4057	6.7618	210.556	
2.64692	0.128349	2.74266	-67.2541	-3.72451	165.444	
2.74434	0.12634	2.76543	-33.0404	-1.97251	163.561	
10.6427	0.35123	0.309881	-0.496563	6.6677	179.842	
1.50462	0.174997	1.44231	-55.0688	-12.0868	197.484	
3.34367	0.219867	0.61846	-13.2721	5.51836	168.564	
12.9299	0.391456	0.285829	-15.2551	-0.0601149	209.441	
3.57142	0.110083	2.90232	-50.2516	10.0869	232.598	
3.57793	0.109959	2.90312	2.71104	-3.72913	163.051	
3.84807	0.104845	2.93368	-14.3936	-11.9097	186.183	
5.85913	0.0680084	3.0685	3.35072	-8.70872	195.551	
2.96466	0.121888	2.81045	-86.0233	-7.01604	178.46	
2.13131	0.139671	2.57679	-25.2188	-12.7174	180.632	
8.85334	0.319649	0.337459	-21.1617	-5.94353	209.32	
6.39386	0.0584066	3.08959	25.3091	9.76071	171.715	
1.45936	0.171693	1.56642	93.512	10.6887	152.102	
2.89627	0.123258	2.79733	27.1124	7.41371	200.035	
3.62501	0.109063	2.9088	13.6999	2.77916	188.36	
3.86715	0.104486	2.93566	-21.4064	-6.68755	166.91	
3.40698	0.221088	0.60964	-9.47305	-0.68247	210.222	
4.93445	0.0847574	3.02082	-25.1716	0.518957	215.876	
5.42641	0.258502	0.442368	-7.10278	-0.548708	187.457	
13.0434	0.393449	0.284856	16.2909	-4.11828	216.748	
4.63911	0.0901618	3.0014	34.1293	6.2072	215.103	
4.72247	0.0886331	3.00714	-38.3655	-3.90917	180.911	
7.25604	0.0430111	3.1169	-30.8529	-9.61496	163.764	
2.08435	0.140791	2.55605	-24.1085	14.9869	220.601	
9.45896	0.330353	0.326944	-2.23627	12.8842	193.783	
11.7864	0.37136	0.296677	34.8352	5.30003	225.277	
5.29699	0.256157	0.44908	-0.282815	8.76389	194.106	
4.89141	0.085543	3.01815	-49.6524	10.4619	179.237	
1.61968	0.154086	2.2261	-50.5067	-4.86051	236.089	
2.74014	0.207895	0.726176	-7.73672	5.78523	173.737	
3.46142	0.112186	2.88832	29.3507	11.3626	182.216	
2.64317	0.128427	2.74175	-35.0522	-2.02713	190.627	
7.48683	0.0389039	3.12312	-46.6688	0.993017	218.116	
5.62334	0.262061	0.43277	25.1152	12.0299	146.481	
2.85159	0.124158	2.78836	20.642	10.44	191.394	
2.31421	0.135484	2.64669	-31.3854	-22.2602	186.876	
2.9735	0.121712	2.8121	-33.0649	-7.4854	191.793	
4.96107	0.084272	3.02245	15.7769	5.18437	212.436	
11.0392	0.358213	0.304991	-12.7474	-4.28826	194.788	
3.645	0.108683	2.91116	-19.9179	5.71783	173.808	
4.47551	0.24115	0.501184	12.3154	-3.98189	211.99	
4.7003	0.0890393	3.00563	17.6876	-8.94653	179.653	
2.3832	0.200359	0.821263	-8.5866	-11.7322	203.355	
4.55975	0.09162	2.99573	-72.2424	-1.75927	187.726	
1.86305	0.187877	1.05466	7.9417	3.09451	220.566	
5.15174	0.0808008	3.03363	6.79554	15.1136	209.03	
4.20873	0.0981054	2.96792	76.6946	-9.09406	143.827	
9.25442	0.32674	0.330339	55.8996	-4.72548	196.944	
2.5238	0.130934	2.71082	0.288859	-10.3038	163.91	
3.28958	0.115501	2.86436	-12.6935	-8.42908	199.319	
8.67079	0.316419	0.340921	-47.3002	0.287485	179.795	
3.78281	0.106074	2.92673	4.7321	-18.66	182.784	
3.07715	0.119656	2.83058	23.4552	-6.74821	192.664	
14.2867	0.415273	0.275221	7.09669	3.23535	216.614	
4.25612	0.0972262	2.97196	58.3034	-0.933181	218.026	
10.7436	0.353008	0.308602	-26.9111	5.97558	217.657	
5.79558	0.0691528	3.06573	23.7085	7.14733	216.065	
5.53431	0.0738674	3.05364	25.7468	-13.0292	184.951	
2.3059	0.135669	2.64383	-19.7578	4.08683	203.528	
2.80319	0.125139	2.77827	-16.3628	2.68397	221.444	
12.9417	0.391663	0.285727	32.1996	-8.84349	211.775	
12.5086	0.384055	0.289593	3.56119	-7.90717	206.683	
3.96916	0.102572	2.94592	44.9207	16.4622	194.683	
3.63133	0.225378	0.581109	-5.80099	-5.78152	199.507	
4.95877	0.0843139	3.02231	7.86031	2.85763	188.363	
7.05812	0.287783	0.379427	13.8441	6.80231	186.269	
4.94522	0.084561	3.02149	-7.67978	12.0098	170.895	
16.2721	0.450083	0.262901	25.1869	-7.2335	227.809	
3.82538	0.105272	2.93129	52.4339	13.2396	226.488	
3.86603	0.104507	2.93555	40.7386	-7.68902	212.741	
15.2617	0.432372	0.268769	-47.0645	-2.94235	217.327	
4.19017	0.0984502	2.96631	33.1829	0.392618	176.637	
6.51098	0.0563096	3.09374	-10.0799	-10.7355	138.963	
3.32379	0.114838	2.86935	33.4629	-6.70344	192.592	
20.6985	0.527583	0.243969	-12.4725	-4.6976	246.089	
4.60718	0.0907482	2.99914	-39.0226	-5.61205	175.272	
1.56826	0.15616	2.15885	-33.71	-8.44727	204.301	
3.51899	0.223237	0.594895	-3.13814	-10.7758	184.807	
3.54467	0.110593	2.899	-43.2419	1.58317	159.931	
4.45894	0.0934762	2.98822	36.6299	-16.2611	199.076	
9.30965	0.327716	0.329407	-33.1451	-9.52757	174.536	
3.51275	0.111203	2.89497	-15.1466	-9.19958	199.371	
15.763	0.441161	0.265763	1.60539	-2.19469	277.806	
11.3936	0.364451	0.300911	78.2091	-4.47612	170.326	
3.34976	0.114336	2.87306	-25.3333	1.80142	203.003	
22.2483	0.554697	0.239125	12.5234	0.0509266	261.9	
3.77144	0.106289	2.92549	39.4793	1.49171	202.475	
14.8205	0.424635	0.271583	40.5841	-0.902192	228.984	
3.48813	0.222646	0.598854	-4.73445	7.95528	195.243	
3.62925	0.108982	2.9093	30.8953	1.57221	173.881	
13.2551	0.397168	0.283087	-42.0193	-1.70372	242.373	
3.78328	0.106065	2.92678	52.3074	9.78175	150.709	
1.43631	0.166704	1.76355	16.6032	-25.5881	219.489	
2.36926	0.134267	2.66495	-19.6263	-1.4058	193.536	
5.41239	0.0760728	3.04758	64.1768	-2.02787	187.33	
2.10913	0.140197	2.56716	-68.1759	-7.19169	244.841	
2.21651	0.13769	2.6113	-46.7395	8.37564	189.502	
3.58349	0.224468	0.586864	-25.1078	4.0542	212.445	
1.45657	0.16291	1.9133	-20.4982	6.05335	166.533	
6.41728	0.276334	0.400226	42.9857	14.4811	212.459	
2.85774	0.124034	2.78962	-16.7972	-1.8824	161.092	
1.90889	0.145209	2.46457	53.7887	5.29048	148.601	
5.07908	0.0821222	3.02947	-13.9871	10.9229	165.913	
5.07177	0.0822551	3.02905	-7.57479	4.08008	190.26	
5.30687	0.0779846	3.0421	-16.5621	-9.3396	174.347	
7.54768	0.296499	0.365966	-58.8187	-8.99879	233.75	
7.55448	0.29662	0.365792	-14.6442	-2.31374	200.465	
6.14118	0.0629376	3.0801	24.7479	-15.2759	154.881	
14.86	0.425329	0.271324	-31.6184	7.98539	238.249	
1.59418	0.155078	2.19446	-12.5339	-6.60778	185.878	
2.96817	0.121818	2.81111	-13.8062	0.00697835	211.202	
7.70858	0.0349622	3.12874	-31.4139	-4.85416	164.659	
18.6137	0.491095	0.251761	-0.953278	-6.67043	235.379	
3.58828	0.109761	2.90438	-35.4146	4.98499	156.947	
5.89534	0.0673566	3.07006	16.3986	-3.09679	189.826	
3.47554	0.222405	0.600492	53.1325	-6.08462	209.524	
6.15406	0.0627065	3.0806	-22.5033	-5.09312	179.822	
11.4162	0.364848	0.300659	-6.85738	5.63047	238.938	
4.83651	0.0865461	3.01466	-15.9265	-6.45811	164.645	
3.26834	0.115913	2.86121	75.6128	-5.82556	200.842	
1.88951	0.145726	2.45278	-35.8521	2.93664	176.843	
2.03896	0.141895	2.53467	-30.6567	2.45491	195.909	
1.45548	0.171296	1.58182	-12.0916	-2.39426	215.094	
13.9489	0.409346	0.277668	0.345103	-6.06928	221.129	
2.88913	0.210919	0.69474	-23.2542	-8.3769	196.367	
2.42104	0.133138	2.68114	29.5798	-17.7783	196.792	
2.35346	0.134615	2.65982	40.3772	-4.45277	154.556	
4.44401	0.0937516	2.98707	-8.38461	4.00014	168.084	
1.65517	0.181526	1.22494	-13.1771	-7.70185	198.12	
5.69009	0.0710547	3.06099	64.3757	-1.67619	167.819	
18.8898	0.495929	0.25063	1.08791	1.30669	273.756	
2.11736	0.140001	2.57077	-7.87337	4.14699	181.587	
2.51236	0.131177	2.70767	32.2906	4.37382	205.404	
1.82263	0.147569	2.40872	-42.2239	10.3317	226.89	
13.161	0.395515	0.283866	3.16819	-1.24439	226.244	
1.60067	0.15482	2.20281	-19.1794	18.1178	162.302	
2.1132	0.1401	2.56895	37.7608	-3.14966	210.185	
10.9356	0.35639	0.306234	20.4397	10.8905	221.792	
13.9315	0.409039	0.277797	-51.1721	-2.52598	222.049	
16.4257	0.452773	0.262073	24.9274	-2.87569	241.521	
2.61607	0.128992	2.73503	1.48732	-15.3125	212.479	
3.64704	0.108644	2.9114	50.9791	1.44886	191.613	
2.16013	0.138994	2.58889	-17.6657	-2.87218	219.645	
1.53982	0.157462	2.11451	30.6386	12.6634	150.512	
3.95059	0.231401	0.546563	-38.9601	0.373982	170.074	
9.74	0.335315	0.322513	-8.44065	4.24017	237.166	
4.60326	0.0908201	2.99886	-3.59968	3.86169	176.869	
3.23855	0.217828	0.633955	15.6727	11.5574	219.394	
4.39896	0.0945831	2.98357	46.0976	-0.95864	199.311	
5.24043	0.0791899	3.03854	-16.9575	-14.1854	197.049	
12.5993	0.385649	0.288761	-16.6182	11.9492	193.559	
2.75683	0.208237	0.722454	26.9058	2.31309	182.628	
10.7297	0.352762	0.308777	-10.576	-6.10424	240.229	
1.66577	0.181894	1.21394	16.8212	-13.8485	222.001	
2.4365	0.132803	2.68581	-10.8243	-6.57495	214.936	
2.25439	0.136827	2.62551	-78.932	-12.5039	105.224	
8.68465	0.316665	0.340653	-22.3183	-8.47166	198.283	
1.43671	0.166411	1.77523	49.4182	16.3617	142.421	
9.43465	0.329924	0.327339	25.0609	-4.71046	198.761	
2.10915	0.140197	2.56717	44.3336	-0.851838	215.578	
5.15766	0.0806932	3.03396	49.7631	7.07364	158.662	
1.60568	0.154623	2.20911	-51.6433	-2.59393	123.43	
3.49457	0.111551	2.89264	-0.364985	8.33006	209.299	
9.30762	0.32768	0.329441	-38.5327	17.7922	224.743	
5.97965	0.0658399	3.0736	-14.1928	-9.05732	184.183	
11.8099	0.371774	0.296433	-6.11359	3.16441	220.819	
9.73661	0.335255	0.322565	14.6016	-2.40187	215.068	
5.84903	0.26613	0.422592	15.1594	2.89144	172.085	
15.6155	0.438575	0.266627	-16.4946	-0.0949507	196.105	
3.10802	0.215273	0.654842	-40.3369	-4.0234	142.156	
20.6715	0.527111	0.24406	-15.2629	-0.513861	242.642	
5.62278	0.0722694	3.05786	1.94825	-13.9143	207.808	
2.72764	0.126682	2.76166	57.3687	14.5978	150.646	
5.177	0.0803418	3.03504	-28.5997	2.81154	156.836	
9.09129	0.323857	0.333158	15.7334	-2.1317	185.5	
5.91072	0.0670798	3.07071	-4.33468	1.96194	239.617	
17.2116	0.466542	0.258066	-23.5498	-4.02944	236.432	
12.6816	0.387094	0.288017	-13.3831	-5.76813	191.888	
2.79267	0.208968	0.714642	81.4643	0.841967	212.496	
2.37865	0.134061	2.66795	-23.0261	-2.04786	180.756	
1.70576	0.151093	2.31534	72.4732	9.30609	235.12	
5.14904	0.253471	0.457182	-0.393208	4.77045	261.256	
5.07058	0.0822769	3.02898	-42.4681	13.1819	212.928	
8.67914	0.316567	0.34076	1.06881	-15.9143	191.398	
20.1905	0.518694	0.245719	-7.79775	-6.97485	247.986	
7.22473	0.290752	0.374637	-9.65712	7.77016	192.478	
2.41811	0.133202	2.68025	-5.25168	5.60925	235.86	
9.67154	0.334106	0.323568	-23.4369	-0.664079	194.862	
2.91184	0.211375	0.690278	20.211	-6.48055	186.389	
14.0201	0.410595	0.277142	11.4937	-3.13063	225.086	
1.44297	0.169621	1.64749	73.4262	6.92265	176.273	
1.63723	0.153436	2.24626	3.09321	2.78916	192.85	
2.13608	0.139558	2.57883	15.9822	-4.36134	197.833	
9.70602	0.334715	0.323035	33.4904	-4.22583	164.066	
7.35067	0.292994	0.371163	-30.5528	-5.48515	217.359	
8.25866	0.30912	0.349308	-38.3074	-6.69305	155.716	
4.10027	0.100123	2.9583	-20.8538	0.384934	217.533	
3.94938	0.102943	2.94398	-54.4645	12.7828	198.181	
5.16929	0.0804818	3.03461	-34.4027	-1.27897	193.755	
5.91873	0.0669356	3.07105	-31.1096	-3.16367	189.808	
11.8072	0.371726	0.296461	-18.7756	-0.54091	227.609	
4.43924	0.240481	0.503953	32.297	11.2445	150.574	
11.905	0.373445	0.295455	8.93406	5.34373	247.101	
5.20496	0.254487	0.454063	-41.6603	-8.25092	217.284	
3.54149	0.110654	2.8986	-10.1028	-10.0212	204.28	
3.32024	0.114907	2.86884	41.5257	-10.5233	202.456	
4.60808	0.0907317	2.9992	-7.6286	6.43663	192.699	
3.50325	0.111385	2.89375	-11.3986	-2.14739	151.653	
8.19815	0.308047	0.350611	4.08028	4.20104	173.433	
14.9666	0.427198	0.270632	-11.0647	-4.65983	230.417	
2.83556	0.209838	0.705596	-22.7708	-2.84844	168.492	
2.99759	0.121232	2.81653	62.7351	0.510386	188.858	
2.59671	0.129397	2.73012	-41.2387	6.11709	158.911	
5.99064	0.268678	0.416609	-5.16284	-6.23872	198.676	
1.90853	0.145218	2.46435	-27.0285	11.1029	190.852	
7.10397	0.0457202	3.11257	4.96787	-4.30963	184.034	
2.46983	0.132086	2.69562	11.5552	5.00456	201.734	
2.66079	0.128061	2.74603	25.5263	-5.02924	180.51	
2.93417	0.122498	2.80469	33.35	-6.61138	187.884	
3.68318	0.226362	0.575055	-8.90395	-3.77399	154.762	
3.66851	0.108237	2.91391	-37.9815	0.367088	204.275	
5.83704	0.0684061	3.06755	31.8039	10.5521	150.893	
4.69987	0.0890473	3.0056	-5.28464	-6.6342	170.048	
1.48005	0.173412	1.50093	-5.61153	-18.008	196.058	
9.98851	0.339699	0.318805	-5.15814	1.96944	200.797	
6.73804	0.282071	0.389309	20.3331	-2.3765	177.654	
12.3062	0.380498	0.291495	14.7738	3.60906	202.404	
5.4221	0.0758971	3.04807	3.41916	-1.20323	189.932	
3.56163	0.110269	2.90111	-0.147797	18.8393	170.278	
2.44962	0.13252	2.68971	-5.08904	3.1482	221.953	
2.202	0.138023	2.60569	-44.6361	0.245368	186.668	
8.92354	0.320891	0.336166	-1.57061	0.712296	205.947	
3.96431	0.102663	2.94545	37.218	-4.32016	184.965	
15.4085	0.434946	0.267868	30.2325	0.928745	239.989	
2.8493	0.210116	0.702765	-1.64886	0.80315	230.058	
12.2072	0.378758	0.292448	-3.4932	3.42109	251.578	
4.92434	0.0849418	3.0202	-0.693734	5.62697	201.506	
1.80707	0.148014	2.39762	-26.7114	-16.6331	207.668	
3.31852	0.11494	2.86859	38.3546	-7.01582	149.867	
4.88638	0.085635	3.01783	-5.8181	-2.20267	221.088	
29.3237	0.678393	0.223526	-5.88252	3.2272	261.163	
3.63475	0.108877	2.90996	42.6864	17.4587	217.465	
3.74434	0.106801	2.92251	-3.31624	-3.96352	193.195	
1.56312	0.156385	2.1513	-12.7386	-8.57459	156.546	
3.0632	0.119932	2.82818	3.21139	-2.39162	211.051	
3.2208	0.116839	2.85398	34.0797	-15.7018	170.628	
10.6543	0.351435	0.309732	-9.165	-2.46237	239.422	
10.7475	0.353076	0.308553	37.6767	-1.43005	211.934	
13.0125	0.392907	0.285119	5.85265	0.314052	255.951	
17.9544	0.479551	0.254603	-45.6403	-7.13207	257.176	
6.08744	0.0639027	3.07797	-36.4499	-13.2127	210.148	
12.3584	0.381416	0.290998	12.9487	8.94489	214.705	
6.00571	0.0653714	3.07467	-20.8161	2.10204	207.869	
4.38825	0.0947808	2.98273	16.0279	9.34701	190.063	
4.63666	0.0902069	3.00123	-17.3406	1.35586	214.868	
10.8013	0.354024	0.307881	-3.59647	-10.8383	223.313	
5.9835	0.0657706	3.07375	-3.83146	4.06788	184.283	
2.89941	0.123195	2.79795	-21.8899	7.82104	105.608	
21.8487	0.547707	0.240308	47.4774	3.29891	232.002	
2.04975	0.19269	0.950781	-46.4266	-9.69997	144.452	
1.93808	0.189878	1.00905	-40.22	-6.133	190.159	
5.53026	0.26038	0.437219	18.3346	-12.8839	184.726	
5.13158	0.0811672	3.03249	-54.3943	6.34227	160.48	
3.74583	0.106773	2.92267	26.874	7.74685	161.422	
2.85964	0.123996	2.79	25.2598	4.87126	207.247	
9.36818	0.32875	0.328432	13.4714	3.91459	226.204	
2.70004	0.207071	0.735341	10.9819	3.49871	239.635	
3.75822	0.106538	2.92404	-7.56188	2.4204	200.212	
8.15876	0.307349	0.35147	-62.5419	-2.02802	213.546	
2.9554	0.122073	2.80872	17.2989	-13.2188	155.748	
1.47319	0.161424	1.9703	-35.2456	4.85464	198.134	
11.7537	0.370784	0.297019	20.6784	2.06483	205.09	
5.74561	0.0700534	3.06351	1.66881	0.605187	186.573	
6.90039	0.28497	0.38418	-4.67703	0.0185732	228.118	
6.07293	0.270157	0.413265	4.4808	-1.50751	204.478	
16.8938	0.460975	0.259642	-17.4777	11.1522	232.963	
16.9076	0.461218	0.259572	5.34842	4.78138	258.786	
3.5671	0.110165	2.90178	29.0052	8.84833	159.526	
3.55985	0.110303	2.90089	59.6274	8.61195	152.784	
2.15884	0.195296	0.902302	-13.8984	10.467	224.027	
2.52805	0.130844	2.71199	-28.9916	-0.955527	227.604	
1.80962	0.14794	2.39947	6.19273	3.14972	234.899	
6.4722	0.0570036	3.09238	4.14171	9.26931	184.53	
3.8655	0.104517	2.93549	-13.9542	4.80385	156.975	
11.1865	0.360805	0.303264	-3.26454	-8.48868	209.863	
2.00667	0.191625	0.972086	50.2369	1.50195	207.307	
1.51827	0.158559	2.07589	-7.66064	7.99875	228.646	
6.03974	0.269561	0.414603	24.722	-0.541719	190.445	
5.96602	0.268236	0.417629	-23.3919	7.95012	215.656	
2.83557	0.124482	2.78506	5.1649	1.29857	227.449	
13.8103	0.406913	0.278707	5.61075	1.10223	201.434	
4.17154	0.0987964	2.96468	39.3753	-19.5484	209.633	
3.953	0.102875	2.94433	-32.9201	-12.1904	180.281	
7.55542	0.296637	0.365768	-30.9678	-11.2655	224.824	
4.82067	0.0868356	3.01364	-0.0155289	-7.73177	192.366	
5.20983	0.254575	0.453795	15.2935	-2.45702	193.316	
5.80035	0.0690669	3.06594	-16.6946	1.65876	148.998	
13.8721	0.407998	0.278241	10.7833	2.87896	222.764	
2.66009	0.128076	2.74586	-32.7251	0.616082	191.472	
6.09409	0.0637832	3.07824	21.6039	6.29646	218.237	
17.0683	0.464033	0.258769	19.5443	1.47049	217.887	
5.67545	0.0713187	3.06031	3.14413	-11.0527	218.248	
4.16365	0.0989432	2.96399	-29.811	0.257811	227.144	
4.11994	0.0997566	2.96009	39.9418	5.82891	191.054	
7.82405	0.30141	0.359125	-1.60802	-11.7223	189.843	
1.6154	0.154248	2.221	32.9094	-11.5298	218.713	
2.41687	0.133228	2.67987	-29.9393	-2.04124	219.888	
5.28441	0.0783919	3.04091	33.7513	-0.769524	183.806	
14.0523	0.411161	0.276906	-33.7798	-3.07833	182.624	
1.90412	0.145336	2.4617	47.9092	3.98985	185.867	
2.59802	0.129369	2.73046	-14.2985	-10.734	207.049	
3.18226	0.117591	2.84793	-0.712431	-6.81759	185.401	
14.6884	0.422318	0.272459	30.9933	-1.57397	247.832	
5.53422	0.0738691	3.05363	-10.0315	-0.4537	177.243	
4.80656	0.247227	0.47794	6.63666	-6.7682	210.996	
1.85716	0.146605	2.43216	-76.205	1.29798	196.036	
14.827	0.424749	0.27154	-20.9412	4.35596	221.396	
4.50225	0.0926782	2.99149	4.08004	-0.0352694	183.792	
3.64331	0.108715	2.91096	10.4281	0.276379	226.174	
3.62484	0.109066	2.90878	-31.9774	-3.88048	170.182	
1.64542	0.18118	1.23538	39.5908	5.28941	201.777	
3.75874	0.106529	2.9241	-19.7613	2.55462	211.785	
2.09549	0.193797	0.929571	-10.977	-0.122697	189.216	
1.70449	0.183187	1.17648	-27.5626	-8.96758	228.895	
3.59771	0.109582	2.90552	14.5278	-23.6502	185.064	
1.77448	0.148966	2.37319	-21.4539	6.10978	172.444	
13.9298	0.409009	0.27781	45.8951	8.16694	203.149	
6.28072	0.273886	0.405221	39.0658	5.51394	151.353	
2.18358	0.138448	2.59841	18.9779	7.06746	220.93	
10.2604	0.344494	0.314956	17.8279	2.96872	189.143	
3.07275	0.119743	2.82983	-13.4229	-13.7325	185.1	
2.83789	0.124435	2.78554	-29.8893	8.44228	210.089	
11.9897	0.374936	0.294596	-12.9841	2.0356	201.613	
1.93091	0.189691	1.01316	16.5871	10.0793	169.758	
4.78959	0.0874041	3.01161	-9.84511	-3.11779	155.966	
3.85058	0.104797	2.93394	-5.21471	-8.6086	201.371	
14.0868	0.411766	0.276654	-2.36917	0.6812	202.397	
13.095	0.394355	0.28442	22.7939	-2.97774	238.277	
2.29475	0.135918	2.63996	43.0912	2.64933	181.8	
1.52438	0.158235	2.08739	26.9937	4.32296	211.103	
3.12158	0.118781	2.83808	4.50083	3.17379	184.144	
7.09566	0.288452	0.378328	-31.7396	-0.903999	212.489	
17.9244	0.479026	0.254737	-11.85	-1.15723	219.172	
13.8149	0.406994	0.278672	46.9852	-3.12946	221.176	
5.90913	0.0671083	3.07064	-18.5003	15.2002	179.47	
4.98516	0.250488	0.466743	-1.79366	2.50515	188.877	
5.63665	0.0720189	3.05851	68.8294	-18.2255	183.581	
3.98332	0.232014	0.543359	8.80798	-2.7347	189.678	
5.78837	0.0692829	3.06541	-63.9187	3.65781	174.459	
1.81854	0.147686	2.40583	69.158	8.963	201.794	
2.52485	0.130912	2.71111	33.5662	-10.0422	185.976	
2.9293	0.122595	2.80376	3.16756	-17.4633	198.765	
2.94624	0.212064	0.683671	-7.02947	-6.12109	170.58	
6.44308	0.276796	0.399307	25.216	7.75556	177.478	
5.02841	0.0830446	3.0265	38.1258	0.145368	164.436	
4.54276	0.0919326	2.99449	40.3333	17.8732	205.028	
1.49045	0.174124	1.47437	-25.2494	6.16909	187.895	
3.03326	0.120524	2.82293	-0.505258	-14.7055	207.591	
9.01401	0.322491	0.33453	13.3381	-8.45063	194.309	
5.47267	0.074982	3.05061	-10.866	2.23075	230.114	
1.43976	0.168957	1.67376	-46.4831	-9.26829	180.665	
11.9078	0.373495	0.295426	12.5023	2.35023	225.098	
5.4138	0.0760474	3.04765	-31.5768	4.96258	204.147	
3.8272	0.229083	0.559175	-27.6647	1.2268	207.191	
1.75413	0.149578	2.35702	61.4685	-8.97174	209.307	
5.81015	0.0688905	3.06637	-20.7927	-7.51967	210.319	
1.53335	0.157779	2.10345	-18.5609	-7.66213	137.963	
2.50221	0.131393	2.70484	-53.426	-9.55691	165.929	
4.79178	0.087364	3.01175	32.9784	7.32136	174.439	
6.69268	0.28126	0.390788	-26.8081	-1.43688	151.032	
9.43561	0.329941	0.327324	31.6352	18.3739	199.903	
4.03041	0.232894	0.538847	-14.1989	-8.49383	226.676	
8.52074	0.313763	0.343879	-26.1228	-8.88629	190.339	
9.80223	0.336413	0.321567	-43.6207	3.17062	193.872	
12.9052	0.391022	0.286043	-1.5532	3.93833	202.215	
4.31376	0.0961583	2.97674	-30.6652	7.43616	204.343	
5.82378	0.265676	0.42369	-10.1738	4.00809	202.402	
4.8776	0.248526	0.473383	9.58113	-3.84868	183.781	
2.5256	0.130896	2.71132	14.5018	-4.19021	245.234	
11.327	0.363278	0.301658	23.7941	9.70612	195.797	
4.93146	0.084812	3.02064	-13.2303	3.18492	232.777	
3.18788	0.117482	2.84882	-51.5397	-2.3477	145.658	
2.35485	0.134584	2.66027	-44.7491	3.19746	185.609	
11.5214	0.366699	0.299501	-12.7627	-1.80526	210.715	
5.53758	0.260512	0.436863	10.3146	-9.33301	203.271	
2.86619	0.123863	2.79133	15.4586	4.02739	231.233	
1.47192	0.161525	1.96648	11.112	-13.3144	215.753	
4.66391	0.244614	0.48753	-56.1417	-8.09794	202.275	
3.05476	0.120099	2.82671	32.5862	-2.62084	149.261	
5.23309	0.0793231	3.03814	-46.4064	5.40661	202.348	
3.45551	0.1123	2.88754	-1.8818	13.6684	194.536	
9.4675	0.330504	0.326805	-32.6811	4.73628	207.278	
4.6748	0.089507	3.00388	12.1459	-18.0777	198.803	
2.67939	0.127676	2.75047	-22.0657	4.97776	210.409	
3.49412	0.11156	2.89258	39.017	0.729564	183.447	
4.72007	0.088677	3.00698	-56.8359	-11.933	147.647	
1.63217	0.153621	2.24057	-28.3528	-1.64083	195.159	
4.92105	0.0850019	3.01999	10.5641	-2.17081	172.506	
2.40023	0.13359	2.67474	12.2084	4.53444	182.637	
