10 15
8.65192	1.48048	0.025	-60.6843	173.67	3.14285	
-1.36849	0.603804	0.025	-127.145	-143.239	-4.62893	
2.23488	0.919058	0.025	-32.7237	193.82	0.430518	
3.93097	1.06745	0.025	-50.0571	178.928	3.16952	
6.39681	1.28318	0.025	-58.5491	211.086	-2.08157	
4.43468	1.11152	0.025	-74.5453	138.394	8.74235	
8.154	1.43691	0.025	1.9913	238.771	8.17908	
-4.62097	0.319249	0.025	-72.7252	-183.909	6.03259	
8.32734	1.45208	0.025	-39.5059	165.383	6.63506	
5.90735	1.24036	0.025	-54.8243	190.789	3.69713	
1.48295	0.853273	0.025	-93.7315	193.259	-6.77663	
10.2263	1.61821	0.025	1.75621	228.365	0.402604	
3.61271	1.0396	0.025	-56.1114	176.725	6.0125	
-0.161255	0.709423	0.025	-209.805	-61.0483	-22.1682	
1.15901	0.824931	0.025	-118.11	160.646	-3.01929	
5.93104	1.24243	0.025	-31.8378	170.763	-0.302597	
-0.529599	0.677197	0.025	-150.979	-103.031	-19.8297	
6.24986	1.27032	0.025	-23.4741	186.947	-9.31379	
1.31975	0.838995	0.025	-92.8658	152.634	10.5451	
5.09978	1.1697	0.025	-57.778	218.234	-5.70785	
0.744437	0.788661	0.025	-126.105	111.029	8.22591	
3.66584	1.04425	0.025	-46.6539	160.597	8.23443	
2.7132	0.960905	0.025	-51.7735	216.681	-10.3546	
10.1369	1.6104	0.025	-64.7318	230.137	1.41334	
16.5744	2.17361	0.025	-55.8904	250.427	-5.80229	
-1.51943	0.590599	0.025	-50.3241	-179.852	-7.38404	
1.5697	0.860863	0.025	-167.823	109.943	-1.04394	
11.9063	1.7652	0.025	-34.4101	219.246	12.5351	
10.3825	1.63188	0.025	-59.9798	225.719	-8.25584	
8.06751	1.42935	0.025	-53.6928	186.52	-4.19593	
6.94743	1.33135	0.025	-49.0722	181.636	6.76789	
7.88466	1.41335	0.025	-88.8968	177.559	-3.57174	
3.44522	1.02495	0.025	-64.5877	199.222	-5.97073	
-1.46484	0.595374	0.025	-156.926	-172.37	10.7849	
4.15313	1.08688	0.025	-79.244	167.275	4.72871	
2.36505	0.930447	0.025	-58.0396	188.698	-10.5575	
2.97271	0.98361	0.025	11.0632	187.781	-5.53946	
0.471608	0.764792	0.025	-214.872	91.8751	-3.13567	
-0.460928	0.683205	0.025	-186.681	-148.816	9.9738	
-0.136625	0.711578	0.025	-235.754	-71.6377	-17.5034	
3.64774	1.04267	0.025	-85.0426	172.144	13.515	
7.78047	1.40423	0.025	-17.7131	183.921	10.2625	
7.12318	1.34673	0.025	-56.3029	231.331	8.37881	
0.133951	0.73525	0.025	-128.479	-36.6803	5.80837	
1.47039	0.852173	0.025	-111.102	192.773	-1.38001	
-3.36301	0.429306	0.025	13.5319	-144.75	7.43189	
13.7664	1.92794	0.025	-30.5292	199.822	-6.08272	
2.00012	0.898519	0.025	-126.732	183.046	-12.7603	
1.49446	0.854279	0.025	-147.756	237.627	-2.51158	
0.815557	0.794883	0.025	-198.94	134.422	17.932	
5.10804	1.17043	0.025	-18.3805	211.995	-6.76788	
11.2947	1.71169	0.025	-5.84383	218.623	-12.8995	
12.0643	1.77902	0.025	-49.7549	219.449	-6.73247	
2.45617	0.938418	0.025	-74.8485	187.084	16.0842	
7.31088	1.36315	0.025	-38.2451	231.555	-3.54005	
-0.248173	0.701819	0.025	-161.63	-70.1125	19.7656	
1.20791	0.829209	0.025	-170.944	151.685	11.8902	
15.2437	2.05719	0.025	-1.41452	212.692	-4.43035	
10.8831	1.67568	0.025	-60.7704	198.889	10.5965	
5.70416	1.22258	0.025	-41.4163	191.523	8.53009	
7.18903	1.35249	0.025	-40.7195	164.387	0.15008	
2.13094	0.909964	0.025	-67.3086	183.113	-14.5485	
-2.41072	0.51262	0.025	-23.0889	-176.334	-8.57496	
11.8215	1.75778	0.025	1.35185	211.335	-10.6798	
2.21548	0.917361	0.025	-70.4875	138.206	6.053	
4.13349	1.08516	0.025	-3.91889	203.367	15.7187	
6.03985	1.25195	0.025	-31.1028	145.448	7.05941	
4.87525	1.15006	0.025	-85.174	200.412	2.45431	
5.23739	1.18174	0.025	-98.8503	182.25	-4.94231	
8.02036	1.42522	0.025	-28.2888	185.055	8.43338	
-0.469632	0.682444	0.025	-155.415	-200.674	18.002	
8.10827	1.43291	0.025	-30.2104	191.656	7.12497	
5.42542	1.19819	0.025	-61.6257	137.455	1.9394	
0.592191	0.775341	0.025	-173.559	119.649	-5.3537	
18.0586	2.30345	0.025	-51.9021	230.183	8.36816	
8.92146	1.50406	0.025	-16.1186	222.385	7.41787	
6.63113	1.30368	0.025	-52.3838	184.534	1.73995	
7.44276	1.37469	0.025	0.517819	199.837	15.75	
2.78967	0.967596	0.025	-88.0538	208.367	5.47135	
6.5634	1.29775	0.025	-81.6218	161.921	6.87713	
15.5181	2.08119	0.025	-48.4156	225.77	2.44605	
11.9625	1.77011	0.025	-39.1456	207.284	-1.84159	
2.20254	0.916229	0.025	-13.1955	192.499	8.38067	
1.84396	0.884857	0.025	-63.1242	183.653	10.1856	
-1.31737	0.608276	0.025	-148.326	-202.687	0.775826	
2.30013	0.924766	0.025	17.6452	216.308	-9.86481	
9.60132	1.56354	0.025	-34.4935	229.704	7.77088	
6.67449	1.30747	0.025	3.76705	201.332	-14.9051	
12.0161	1.77481	0.025	-35.1174	231.92	0.463126	
-0.304055	0.69693	0.025	-163.868	-169.771	-12.5904	
1.87766	0.887805	0.025	-89.7348	192.102	-3.85854	
-0.119944	0.713038	0.025	-194.696	23.9781	9.36148	
1.06675	0.81686	0.025	-143.614	173.695	12.0549	
6.22711	1.26833	0.025	-12.0559	142.791	-1.48386	
2.953	0.981885	0.025	-55.1069	180.946	2.35451	
9.75317	1.57682	0.025	-11.8252	216.399	-16.7854	
7.14358	1.34851	0.025	-20.9486	205.363	4.72168	
4.23838	1.09434	0.025	-15.0973	167.141	6.97278	
-1.50629	0.591748	0.025	-127.973	-180.624	15.533	
8.28378	1.44827	0.025	-81.9894	180.054	-4.18225	
-2.72257	0.485337	0.025	-66.7077	-177.106	8.78714	
15.5341	2.08259	0.025	-73.496	223.958	-5.14091	
11.2672	1.70928	0.025	-8.05488	228.769	-4.39225	
7.32149	1.36408	0.025	-29.6514	194.992	-13.3029	
11.9238	1.76673	0.025	-44.0688	248.741	-4.3835	
5.03162	1.16374	0.025	-56.2949	152.75	3.89988	
1.38475	0.844681	0.025	-61.3715	108.631	14.968	
8.74629	1.48873	0.025	6.731	205.793	-7.78568	
4.80786	1.14416	0.025	-82.0514	180.682	-1.60249	
8.16587	1.43795	0.025	-0.0314133	208.649	16.5817	
3.30387	1.01258	0.025	-54.1243	179.112	-4.18409	
2.79729	0.968262	0.025	-43.0251	148.554	12.955	
0.345622	0.753769	0.025	-143.345	141.805	4.82317	
8.65517	1.48076	0.025	-4.65257	190.292	-3.26912	
-0.986022	0.637265	0.025	-147.333	-189.345	-11.6456	
14.339	1.97803	0.025	-16.1871	196.46	-0.176685	
2.15572	0.912132	0.025	-142.338	136.63	13.7872	
2.23787	0.919319	0.025	-58.6403	214.968	-0.0534442	
2.25463	0.920786	0.025	-139.071	184.207	4.04509	
-0.507272	0.679151	0.025	-185.119	-145.218	3.5335	
0.36879	0.755796	0.025	-171.968	149.429	6.82689	
6.5967	1.30067	0.025	-55.2302	171.824	13.7265	
7.22203	1.35538	0.025	-49.6346	171.508	7.87208	
4.31818	1.10132	0.025	-48.5088	193.891	-1.88107	
0.69175	0.784052	0.025	-167.306	200.883	14.7287	
4.29081	1.09893	0.025	-96.226	118.075	0.273049	
3.97667	1.07144	0.025	-54.169	218.918	8.67693	
0.349473	0.754106	0.025	-121.285	84.0052	12.8671	
7.02592	1.33822	0.025	-19.3399	212.902	8.6048	
11.5427	1.73339	0.025	-19.2081	200.772	2.403	
4.95674	1.15719	0.025	-37.5591	204.795	4.02942	
-3.44114	0.42247	0.025	-64.6535	-208.038	-1.24225	
8.24006	1.44444	0.025	-47.5595	189.776	-5.88832	
3.73231	1.05007	0.025	-47.7297	152.832	2.0193	
7.44643	1.37501	0.025	-28.6094	174.964	-0.902716	
2.2767	0.922716	0.025	-89.9435	139.409	-6.15496	
0.955891	0.807161	0.025	-140.215	126.965	5.26857	
9.18748	1.52733	0.025	-58.3788	240.086	-7.76263	
-0.1494	0.71046	0.025	-277.794	-128.194	4.61551	
3.81475	1.05728	0.025	-93.0843	156.289	-4.16128	
11.376	1.7188	0.025	-32.7159	213.428	9.30632	
0.665223	0.781731	0.025	-180.357	137.166	-6.42311	
1.57972	0.861739	0.025	-139.442	196.174	-7.85354	
3.96358	1.0703	0.025	-12.6866	196.373	-0.0654812	
2.34003	0.928257	0.025	-117.414	172.482	-5.74457	
11.424	1.723	0.025	-52.0696	225.518	-6.06101	
-1.11924	0.62561	0.025	-75.7393	-141.245	-4.38007	
10.4337	1.63636	0.025	-21.9939	198.706	-1.90802	
8.90814	1.50289	0.025	-37.1111	222.435	8.73141	
-4.29865	0.347448	0.025	-28.438	-206.174	0.520622	
6.51268	1.29332	0.025	-57.0536	184.002	-10.4388	
1.04951	0.815351	0.025	-87.9479	130.058	7.82523	
14.2378	1.96918	0.025	-2.22741	209.596	3.58956	
0.810722	0.79446	0.025	-148.554	124.673	27.0567	
9.6047	1.56383	0.025	-61.3803	217.657	9.0842	
0.307873	0.750467	0.025	-200.888	111.424	-3.73917	
-0.997033	0.636302	0.025	-63.8377	-169.117	-3.69607	
3.84012	1.0595	0.025	-16.7243	206.858	-1.74363	
10.994	1.68538	0.025	-28.3246	197.521	-6.99398	
7.80968	1.40679	0.025	-63.8833	191.412	8.24654	
-1.16698	0.621434	0.025	-176.282	-110.614	19.8782	
9.97593	1.59631	0.025	9.15155	197.013	-11.088	
3.14442	0.998632	0.025	-4.68046	178.812	17.0355	
-0.470754	0.682346	0.025	-121.457	-86.7936	-3.88411	
-2.72622	0.485018	0.025	-61.5289	-145.222	-8.0354	
-0.986919	0.637187	0.025	-140.498	-94.0621	16.4301	
6.18786	1.2649	0.025	-76.8268	193.052	-5.23272	
9.38789	1.54487	0.025	-31.8397	204.769	-10.5556	
2.70453	0.960147	0.025	-86.589	189.029	-6.80417	
1.80154	0.881145	0.025	-55.1919	181.622	-7.63221	
4.4568	1.11345	0.025	-20.0365	165.152	3.02376	
8.64044	1.47947	0.025	-51.7929	208.733	15.1303	
0.905982	0.802794	0.025	-102.32	196.16	-0.383447	
3.63695	1.04172	0.025	-20.3771	161.974	-7.85348	
0.631555	0.778785	0.025	-105.492	156.523	11.0949	
10.3983	1.63326	0.025	-45.4654	222.417	3.68486	
-0.544016	0.675936	0.025	-207.673	-73.0433	0.227874	
9.54343	1.55847	0.025	-75.4822	197.855	10.8341	
0.733957	0.787744	0.025	-201.236	138.477	-9.83131	
0.863955	0.799117	0.025	-56.4897	173.279	-8.23986	
1.78362	0.879577	0.025	-35.268	185.42	-9.80706	
2.57869	0.949138	0.025	-111.58	216.293	2.62861	
3.63664	1.0417	0.025	-60.5085	164.924	-2.37289	
0.594083	0.775507	0.025	-221.83	91.4471	11.8743	
-1.86195	0.560631	0.025	28.0065	-167.524	9.49125	
1.54262	0.858493	0.025	-99.4673	187.556	4.45757	
4.1576	1.08727	0.025	-67.6992	151.156	-3.22963	
14.1909	1.96507	0.025	-6.1475	243.857	6.11389	
-4.62855	0.318586	0.025	-34.4956	-215.604	-10.9402	
4.48599	1.116	0.025	-77.2721	218.59	-1.8125	
3.64649	1.04256	0.025	-120.384	182.649	14.3202	
1.13223	0.822588	0.025	-148.667	162.611	7.58667	
5.2899	1.18634	0.025	-42.1384	178.293	-12.3625	
3.91265	1.06584	0.025	-49.0243	216.252	12.205	
1.07766	0.817814	0.025	-106.758	218.711	-1.85378	
4.04596	1.07751	0.025	-63.3172	132.474	14.2166	
0.679132	0.782948	0.025	-133.937	115.813	-5.51305	
8.6058	1.47644	0.025	-44.6759	199.458	5.23436	
3.53332	1.03266	0.025	-126.526	216.383	-7.1459	
-2.95598	0.464916	0.025	-14.8491	-182.653	7.12328	
0.24418	0.744894	0.025	-223.988	33.0478	-1.13259	
-2.80615	0.478025	0.025	-63.1785	-129.956	-9.5875	
6.9423	1.3309	0.025	-45.4174	176.072	-7.35667	
7.7884	1.40493	0.025	-60.4088	162.522	1.31868	
-0.368346	0.691305	0.025	-166.301	-108.688	-17.5845	
-3.03283	0.458193	0.025	8.30173	-194.553	2.74808	
1.78013	0.879273	0.025	-64.248	212.909	0.823132	
0.24224	0.744724	0.025	-281.701	102.982	-9.88824	
3.81235	1.05707	0.025	-36.5573	157.921	-6.1845	
-0.142484	0.711066	0.025	-163.608	-79.106	1.41686	
5.46196	1.20139	0.025	13.3957	155.334	-0.289596	
-5.9472	0.203218	0.025	-56.9488	-238.882	-2.30846	
-3.14661	0.448239	0.025	-37.1448	-182.151	4.15585	
2.48399	0.940852	0.025	-78.3145	154.867	-12.1436	
7.94591	1.41871	0.025	-25.8219	220.746	-11.1179	
5.40564	1.19646	0.025	-55.6906	231.828	-6.58314	
16.0427	2.12709	0.025	-23.1173	222.753	-1.87191	
7.6656	1.39418	0.025	-27.6613	179.274	10.5756	
6.79291	1.31783	0.025	-71.1053	219.894	-2.70354	
9.18657	1.52725	0.025	-9.2776	206.726	6.38932	
-3.35237	0.430237	0.025	-39.4313	-202.467	4.78988	
-2.17109	0.533586	0.025	-27.2011	-229.492	13.3118	
2.75536	0.964594	0.025	-94.5974	154.776	5.15085	
0.239403	0.744476	0.025	-231.666	-86.4444	4.21905	
-3.3022	0.434627	0.025	-37.8833	-225.084	2.14457	
5.84825	1.23519	0.025	-23.6489	139.727	-22.7144	
-2.12348	0.537751	0.025	-33.2619	-170.758	-5.68134	
11.7046	1.74755	0.025	-11.9172	214.538	-11.6138	
3.54599	1.03377	0.025	-63.2065	179.256	-12.7151	
0.165731	0.738031	0.025	-189.972	116.691	-22.1059	
2.15106	0.911725	0.025	-72.4486	171.678	-13.3975	
2.79943	0.968449	0.025	-20.3934	154.785	-8.4266	
-2.82581	0.476305	0.025	-81.104	-167.219	-1.46832	
24.9019	2.90217	0.025	-21.584	229.989	4.15958	
18.6312	2.35355	0.025	-34.2676	245.122	1.58608	
4.25935	1.09618	0.025	-57.1702	168.268	-2.04369	
5.08329	1.16826	0.025	-12.9678	203.235	5.44754	
10.8244	1.67055	0.025	-66.7594	222.424	6.64541	
3.67508	1.04506	0.025	-121.805	223.536	2.86238	
6.86079	1.32377	0.025	-48.7225	198.748	-5.80325	
10.5248	1.64434	0.025	-49.9583	164.052	-9.6635	
12.4475	1.81255	0.025	-70.2769	212.571	1.46392	
6.9181	1.32879	0.025	-36.2071	244.227	5.02539	
2.76329	0.965288	0.025	22.9579	180.052	0.691597	
6.2473	1.2701	0.025	0.418663	208.873	-3.02261	
0.609194	0.776829	0.025	-217.802	83.4208	-15.1929	
4.05923	1.07867	0.025	-29.5087	180.655	7.55077	
10.0634	1.60396	0.025	-45.4295	201.432	-9.85268	
12.2143	1.79214	0.025	-32.8683	204.187	11.5729	
8.13296	1.43507	0.025	-53.9902	188.303	-2.54974	
9.64716	1.56755	0.025	-40.1705	189.345	-7.76212	
6.26794	1.2719	0.025	27.2483	158.032	-1.40427	
7.06819	1.34192	0.025	-44.1326	228.077	4.48221	
-1.33859	0.60642	0.025	-72.0501	-119.077	-1.10686	
-0.944271	0.640918	0.025	-72.4519	-203.046	-4.11494	
11.4857	1.7284	0.025	-88.7116	247.35	8.88164	
8.72	1.48643	0.025	-8.80159	192.095	11.681	
6.19028	1.26511	0.025	-14.2155	197.645	4.04587	
7.66732	1.39433	0.025	-33.7509	212.104	-6.19637	
3.27657	1.01019	0.025	-76.4425	167.56	-3.37495	
2.69079	0.958945	0.025	46.4912	221.22	4.95715	
-0.349303	0.692971	0.025	-247.705	-96.5164	-0.193103	
7.53481	1.38274	0.025	-62.3608	180.703	-1.09847	
-5.5415	0.238713	0.025	-78.4133	-159.633	9.12254	
5.90267	1.23995	0.025	-2.76178	180.966	-16.6864	
0.559852	0.772512	0.025	-100.524	171.946	-12.0558	
-2.96558	0.464077	0.025	-34.2364	-160.428	6.37459	
6.18163	1.26435	0.025	-72.1443	180.305	-5.64083	
14.145	1.96106	0.025	-20.5635	225.759	-2.86454	
-0.296668	0.697576	0.025	-184.632	-148.101	-20.2846	
-5.03884	0.28269	0.025	-25.3144	-174.573	-1.66646	
10.8781	1.67524	0.025	-40.4382	206.32	8.38601	
1.89937	0.889704	0.025	-8.15504	211.518	-4.55395	
6.40347	1.28376	0.025	-21.0373	203.001	-4.62099	
6.79114	1.31768	0.025	-80.1637	187.943	2.0419	
-0.265882	0.70027	0.025	-194.474	-92.5561	7.53977	
12.609	1.82668	0.025	1.09585	218.023	-1.92148	
9.15312	1.52433	0.025	-54.431	227.808	6.61926	
-1.18885	0.619521	0.025	-25.3728	-85.443	2.92974	
1.51303	0.855904	0.025	-40.8459	193.281	-3.58451	
11.6666	1.74423	0.025	-60.9506	235.068	8.43615	
-0.666552	0.665215	0.025	-152.609	-152.671	-12.494	
7.44409	1.3748	0.025	-18.3907	202.296	16.381	
8.44621	1.46248	0.025	-105	201.278	3.37455	
3.57344	1.03617	0.025	-114.543	202.18	-11.6734	
1.66854	0.869509	0.025	-77.7694	185.589	12.6186	
5.12458	1.17187	0.025	-50.3932	168.596	-17.3468	
3.56981	1.03585	0.025	-49.4414	167.693	-10.2465	
-0.951587	0.640278	0.025	-104.398	-130.353	-6.8473	
-0.0301889	0.72089	0.025	-182.655	54.7844	-2.99698	
1.5435	0.85857	0.025	-97.2724	160.072	3.1362	
2.9368	0.980468	0.025	-64.2411	157.216	4.0791	
11.2278	1.70584	0.025	-24.3055	207.391	-6.7689	
7.42691	1.3733	0.025	-74.6148	141.089	-3.49744	
9.31812	1.53876	0.025	-88.345	201.499	0.0924427	
0.287824	0.748713	0.025	-211.622	193.163	-24.2884	
2.38838	0.932487	0.025	-76.8424	173.454	-4.0665	
6.3954	1.28306	0.025	-80.2802	166.977	9.903	
-0.98488	0.637365	0.025	-142.374	-138.943	7.34582	
5.11825	1.17132	0.025	-28.0171	192.091	8.3677	
10.4849	1.64084	0.025	-22.6539	257.76	6.12936	
-0.613256	0.669878	0.025	-160.006	-127.258	-4.60742	
-0.129998	0.712158	0.025	-248.474	71.4964	13.0231	
10.2598	1.62115	0.025	-30.4176	230.608	-10.4562	
0.159333	0.737471	0.025	-255.442	-30.7534	-6.07965	
-4.61315	0.319933	0.025	-20.1771	-185.842	8.25856	
10.3077	1.62533	0.025	-2.59745	204.134	4.63624	
9.62921	1.56598	0.025	-72.9861	183.045	-7.54674	
3.00225	0.986194	0.025	-42.4568	193.74	3.05537	
5.54069	1.20828	0.025	2.46567	201.125	10.7489	
9.64556	1.56741	0.025	2.86216	185.897	-2.96275	
5.13104	1.17244	0.025	-51.9442	165.646	13.1736	
-2.01095	0.547596	0.025	-31.3781	-202.954	-0.3178	
5.21383	1.17968	0.025	-51.6023	207.326	-4.9525	
6.79173	1.31773	0.025	-30.0287	161.776	2.85662	
0.16899	0.738316	0.025	-254.841	-35.4506	-6.8885	
-0.656	0.666139	0.025	-106.463	-74.8053	20.6741	
5.30731	1.18786	0.025	-18.9133	208.429	10.3637	
12.1842	1.78951	0.025	-35.1028	215.466	1.95961	
10.2325	1.61876	0.025	-5.7383	189.229	4.98039	
0.317076	0.751272	0.025	-190.327	92.6152	0.999609	
10.7661	1.66545	0.025	-42.1568	238.729	8.44702	
8.53689	1.47041	0.025	-49.4794	209.215	-1.55123	
0.320548	0.751576	0.025	-241.382	0.927036	8.74753	
-0.544342	0.675908	0.025	-91.0411	-152.277	-16.3867	
8.03929	1.42688	0.025	-114.084	169.024	-2.63593	
7.75967	1.40241	0.025	-45.0091	183.466	-5.39845	
8.64863	1.48019	0.025	-45.6035	209.375	3.7581	
10.064	1.60402	0.025	-24.2897	208.885	-10.4888	
7.24609	1.35748	0.025	-55.6356	226.96	12.3144	
4.87573	1.1501	0.025	-26.5338	237.635	6.45021	
4.28517	1.09843	0.025	-12.9793	151.157	8.26197	
13.7258	1.92438	0.025	-48.9492	197.141	8.34318	
2.64822	0.955221	0.025	-104.907	175.701	-5.26143	
13.135	1.8727	0.025	-33.601	220.612	-8.6497	
2.05776	0.903562	0.025	-97.3348	202.357	10.624	
0.101033	0.73237	0.025	-170.618	67.8338	-4.53415	
2.35354	0.929439	0.025	-41.3893	231.04	0.118286	
-3.43046	0.423405	0.025	14.4947	-132.42	3.62096	
9.98392	1.59701	0.025	-28.6415	215.417	2.85541	
5.26924	1.18453	0.025	-19.4241	183.484	-2.5166	
9.20943	1.52925	0.025	-78.8325	212.396	12.5441	
4.78998	1.1426	0.025	-64.8596	150.679	11.4084	
8.77481	1.49123	0.025	1.86258	225.234	-4.52368	
0.481959	0.765697	0.025	-173.69	138.458	27.5835	
6.68194	1.30813	0.025	-13.3482	218.728	5.84163	
4.07798	1.08031	0.025	-50.3092	166.96	-5.11398	
3.47931	1.02793	0.025	-7.95515	246.283	-16.5605	
-1.12865	0.624787	0.025	-173.839	-195.428	11.0253	
1.12303	0.821784	0.025	-152.348	189.425	-8.81474	
10.4077	1.63409	0.025	-58.0369	158.344	-5.60347	
-0.32456	0.695136	0.025	-227.271	-77.9209	-1.94628	
0.302762	0.750019	0.025	-233.252	57.6675	-13.6534	
-0.697836	0.662479	0.025	-139.09	-177.043	-8.28772	
-2.16819	0.533839	0.025	23.5364	-195.12	-11.2835	
-1.63706	0.580307	0.025	-78.7489	-238.073	2.35511	
1.20808	0.829224	0.025	-96.955	134.477	4.28527	
3.92975	1.06734	0.025	-2.99037	197.125	-9.09738	
-3.09442	0.452805	0.025	-28.4297	-208.805	-0.384602	
2.31953	0.926463	0.025	-55.8071	196.382	-8.94855	
14.843	2.02213	0.025	-28.6747	223.534	-18.0921	
0.323572	0.75184	0.025	-232.78	40.047	2.40849	
7.60467	1.38885	0.025	-67.1813	197.147	3.80408	
2.37267	0.931113	0.025	-46.4513	204.13	7.87528	
11.6438	1.74223	0.025	-26.0991	224.308	-2.99339	
7.4639	1.37654	0.025	-45.8537	221.048	1.18946	
5.14232	1.17343	0.025	-33.4341	191.075	14.8148	
-0.180915	0.707703	0.025	-113.102	-149.991	-8.41815	
3.8031	1.05626	0.025	-63.4265	187.476	0.980274	
0.0365155	0.726726	0.025	-151.979	130.824	20.6286	
-0.872928	0.64716	0.025	-6.50409	-236.226	7.29469	
8.6646	1.48159	0.025	-28.6406	169.288	-1.4913	
7.88933	1.41376	0.025	-35.0267	219.941	-3.11091	
0.625476	0.778253	0.025	-193.953	120.398	3.44733	
6.22164	1.26785	0.025	-46.3529	237.693	-13.0163	
4.68124	1.13309	0.025	-45.5703	198.998	-8.8348	
1.29555	0.836877	0.025	-74.3781	207.717	6.18601	
8.47867	1.46532	0.025	-14.422	204.617	7.91919	
5.58857	1.21247	0.025	3.11278	214.848	5.77523	
4.87973	1.15045	0.025	-40.5327	245.395	6.31558	
-0.795107	0.653968	0.025	-140.226	-124.638	-1.18106	
0.153046	0.736921	0.025	-222.35	98.3355	23.6298	
1.63169	0.866286	0.025	-113.034	190.096	-9.5318	
2.05629	0.903433	0.025	-118.811	179.027	-26.0102	
0.615249	0.777359	0.025	-196.482	29.1888	2.06425	
-1.31273	0.608682	0.025	-43.5803	-183.68	14.9169	
8.89477	1.50172	0.025	-43.3441	222.482	-0.808207	
4.04612	1.07752	0.025	-25.7857	230.87	-3.1812	
11.6992	1.74708	0.025	4.18938	216.938	-2.33443	
9.22301	1.53044	0.025	23.9388	178.544	-2.0265	
0.91899	0.803932	0.025	-150.52	114.465	17.3419	
5.56147	1.2101	0.025	-46.1821	198.501	-18.0948	
-0.277609	0.699244	0.025	-110.888	-125.679	8.09571	
-5.3507	0.255406	0.025	30.7277	-154.171	-0.935085	
-3.28043	0.436531	0.025	-8.39586	-193.208	-11.9819	
8.73583	1.48782	0.025	-28.3848	224.347	4.38026	
0.839079	0.796941	0.025	-158.344	162.855	-24.6476	
0.637883	0.779339	0.025	-161.73	137.184	7.97576	
12.9461	1.85617	0.025	-40.836	230.043	4.52171	
5.18048	1.17676	0.025	-55.8275	178.67	8.01376	
7.46515	1.37665	0.025	-53.6114	210.683	0.865698	
0.630736	0.778714	0.025	-119.809	190.587	-5.24221	
-5.89266	0.20799	0.025	15.6026	-185.866	-9.14206	
5.81111	1.23194	0.025	-77.9933	173.969	-3.04041	
-2.87189	0.472273	0.025	-0.377535	-184.401	1.03952	
14.6016	2.001	0.025	-40.321	226.913	9.31104	
13.8736	1.93732	0.025	-69.9733	237.363	-5.77574	
-1.49319	0.592894	0.025	-15.0622	-213.134	-5.04133	
6.94276	1.33094	0.025	-5.31998	187.623	-5.78139	
-0.742821	0.658543	0.025	-49.3484	-230.532	-17.0169	
-1.01889	0.63439	0.025	-77.6657	-129.07	-2.81402	
-1.90157	0.557166	0.025	-21.1269	-199.374	3.38128	
5.29649	1.18691	0.025	-46.1417	154.861	3.33915	
1.15579	0.82465	0.025	-97.5221	188.224	-13.8957	
1.4047	0.846427	0.025	-82.3882	202.234	-3.62511	
5.05211	1.16553	0.025	-24.2291	172.869	-2.57471	
13.6611	1.91872	0.025	19.2163	227.335	-7.37285	
6.47141	1.28971	0.025	-65.7851	191.739	4.88272	
-0.778116	0.655455	0.025	-77.0867	-188.236	3.66783	
3.11689	0.996224	0.025	-30.5369	182.541	7.44866	
-4.4903	0.330681	0.025	-1.87874	-143.966	9.86674	
0.0765553	0.730229	0.025	-239.554	-47.0719	13.2423	
0.862992	0.799033	0.025	-206.936	185.232	16.384	
9.33055	1.53985	0.025	-35.3397	262.802	8.51835	
-1.25173	0.614019	0.025	-126.729	-186.822	8.13439	
-0.191025	0.706819	0.025	-153.734	7.07277	-0.91973	
-1.2618	0.613138	0.025	-99.3697	-146.986	-2.00633	
4.47791	1.1153	0.025	-62.9141	187.106	7.70668	
1.13922	0.8232	0.025	-159.536	164.708	7.99132	
12.5153	1.81848	0.025	-55.6128	211.975	-0.726767	
10.4676	1.63932	0.025	35.9569	253.449	-5.6903	
7.75613	1.4021	0.025	-23.8948	204.249	15.6654	
-4.13677	0.361611	0.025	-8.81773	-205.9	-10.9644	
6.4201	1.28522	0.025	3.10307	202.302	1.28868	
8.89493	1.50174	0.025	-37.0899	230.494	6.02526	
6.56842	1.29819	0.025	-41.0751	197.519	-2.67129	
3.57851	1.03661	0.025	-0.723521	190.986	-7.06473	
2.56794	0.948197	0.025	-92.9399	153.972	-8.17761	
7.03872	1.33934	0.025	-60.5355	199.421	-8.29238	
4.65249	1.13057	0.025	-49.0683	192.005	-20.3281	
8.81888	1.49508	0.025	-17.4833	190.371	-6.28463	
5.60727	1.2141	0.025	-37.8106	158.556	-1.72271	
1.89734	0.889527	0.025	-105.553	207.983	-10.432	
1.339	0.840678	0.025	-170.667	124.493	1.44506	
3.43278	1.02386	0.025	-46.7368	184.715	-7.25175	
-1.53266	0.589441	0.025	-52.475	-188.923	17.5056	
2.33533	0.927846	0.025	-60.3182	189.727	-14.1085	
1.68184	0.870673	0.025	-91.3988	221.626	12.7563	
1.57095	0.860972	0.025	-88.5148	172.733	-2.92058	
4.43937	1.11193	0.025	7.64834	187.868	1.58772	
-0.48146	0.681409	0.025	-208.259	-144.119	27.8721	
-0.719711	0.660565	0.025	-174.416	-157.174	-10.1096	
0.683046	0.78329	0.025	-98.2469	161.363	-1.46626	
7.18764	1.35237	0.025	-22.1878	214.396	3.24971	
0.716821	0.786245	0.025	-146.431	94.6634	-4.66259	
4.0841	1.08084	0.025	-79.7409	203.667	1.31782	
13.8046	1.93127	0.025	-40.2656	218.944	-11.9879	
-0.102743	0.714542	0.025	-240.582	-59.6456	-6.71869	
5.86888	1.23699	0.025	-69.7901	192.342	-8.82919	
1.12607	0.822049	0.025	-169.917	177.797	18.2172	
4.45882	1.11363	0.025	-6.04191	193.723	4.7868	
2.75903	0.964915	0.025	-80.6154	158.803	10.4755	
0.142687	0.736015	0.025	-172.789	75.5137	15.9685	
9.65615	1.56833	0.025	-44.0859	150.446	14.0621	
5.97428	1.24621	0.025	-24.6121	188.576	3.08381	
5.24251	1.18219	0.025	-82.7738	168.236	-10.5957	
0.611334	0.777016	0.025	-123.904	139.845	-17.8309	
4.54822	1.12145	0.025	-48.9669	211.784	19.5668	
6.48557	1.29095	0.025	-23.3698	193.983	-1.88405	
11.5062	1.7302	0.025	-64.4137	226.985	-3.56477	
0.128664	0.734788	0.025	-251.998	96.3646	-19.5143	
0.728199	0.78724	0.025	-158.446	169.679	-9.66786	
0.390027	0.757654	0.025	-233.697	63.9556	12.3721	
0.0951245	0.731854	0.025	-169.596	52.2246	-1.07407	
-0.990293	0.636892	0.025	-153.74	-184.531	20.9315	
11.2835	1.71071	0.025	-6.5291	237.527	-0.795457	
5.51493	1.20603	0.025	-0.00329193	202.088	11.9088	
-4.66367	0.315513	0.025	-28.5555	-194.791	-17.5798	
-0.162491	0.709315	0.025	-196.602	-9.62817	14.8623	
0.0986125	0.732159	0.025	-161.9	144.446	-18.3113	
1.84663	0.88509	0.025	-68.6542	202.739	8.82194	
2.56256	0.947727	0.025	-21.6569	174.387	-6.50013	
-0.722489	0.660322	0.025	-180.867	-149.214	13.4343	
4.56698	1.12309	0.025	-29.4906	213.959	-2.93241	
4.84304	1.14724	0.025	-4.99476	157.12	-18.6696	
6.3847	1.28212	0.025	-26.6014	175.425	-2.56251	
7.65149	1.39295	0.025	-68.6741	187.135	8.09104	
8.19231	1.44027	0.025	-27.8808	228.288	8.781	
6.44073	1.28702	0.025	-35.7121	177.47	2.48678	
4.30751	1.10039	0.025	-73.7593	198.877	4.30966	
12.6257	1.82814	0.025	-60.28	249.462	-0.969267	
4.86794	1.14942	0.025	-55.6524	206.474	16.5328	
9.20007	1.52843	0.025	-42.7011	224.81	-3.85114	
2.92645	0.979562	0.025	-9.11202	230.335	3.32654	
1.58961	0.862604	0.025	-93.4041	106.788	-14.7422	
12.8327	1.84625	0.025	-58.1811	258.585	-2.09706	
7.95626	1.41961	0.025	-30.6151	198.393	-3.72833	
1.66903	0.869552	0.025	-161.521	162.44	-7.39812	
2.37455	0.931278	0.025	-42.9715	171.49	-11.7542	
9.99324	1.59783	0.025	-45.9805	219.816	7.72636	
2.69558	0.959364	0.025	-7.84721	159.338	-16.9673	
1.80568	0.881508	0.025	-118.944	145.089	-4.65924	
2.81321	0.969655	0.025	-54.5088	229.88	-10.8749	
4.09947	1.08219	0.025	-83.5213	162.298	11.9793	
10.4759	1.64006	0.025	-26.9135	218.43	7.44526	
9.8145	1.58219	0.025	-20.7354	185.727	-2.5289	
-1.26564	0.612802	0.025	-26.3778	-198.102	-7.9662	
0.136071	0.735436	0.025	-199.661	87.8369	7.16637	
15.8138	2.10706	0.025	-10.8924	211.63	-6.93445	
0.499747	0.767253	0.025	-205.253	100.526	5.9583	
-1.81678	0.564584	0.025	-34.2255	-172.064	1.13445	
4.92355	1.15429	0.025	-24.1796	196.678	-11.1829	
17.1306	2.22226	0.025	-34.8419	242.44	8.32418	
11.7589	1.7523	0.025	-38.9771	240.067	2.07416	
10.2867	1.6235	0.025	-106.304	241.972	13.2407	
6.69383	1.30917	0.025	-69.7064	170.003	13.3647	
7.32298	1.36421	0.025	-16.3748	199.911	5.83547	
-4.2225	0.35411	0.025	4.97018	-212.791	-0.239991	
13.0306	1.86356	0.025	-61.265	231.898	-2.34548	
6.84171	1.3221	0.025	-43.7219	218.22	-5.60644	
7.37552	1.36881	0.025	16.7234	207.586	-7.97097	
-0.46739	0.68264	0.025	-72.736	-138.168	-2.55324	
2.12295	0.909266	0.025	-94.7723	184.965	-1.99015	
9.12614	1.52197	0.025	11.6846	223.917	11.1558	
4.49413	1.11672	0.025	-82.0263	189.375	8.43549	
-1.09623	0.627623	0.025	-160.901	-158.737	-26.6818	
6.75386	1.31442	0.025	11.1583	194.69	9.50902	
9.54777	1.55885	0.025	-49.5885	194.222	-1.65682	
-0.103477	0.714478	0.025	-200.934	35.5473	-0.985738	
10.4657	1.63916	0.025	-79.9938	222.12	-2.4195	
-3.23629	0.440393	0.025	-89.8324	-151.724	3.85591	
-1.81067	0.565118	0.025	-69.7908	-199.412	1.84521	
5.86142	1.23634	0.025	-52.4162	160.417	3.14187	
-0.370664	0.691102	0.025	-122.353	-41.0363	-12.0245	
5.63407	1.21645	0.025	-34.7784	204.365	1.50252	
7.87262	1.4123	0.025	-71.592	183.699	5.79304	
0.0428425	0.727279	0.025	-229.883	-65.4056	11.4391	
-1.98715	0.549678	0.025	-72.9336	-210.639	-8.1318	
-0.0372123	0.720276	0.025	-256.438	-81.9257	37.2252	
10.5119	1.64321	0.025	-12.8246	212.582	-1.46839	
8.65332	1.4806	0.025	-45.0179	186.398	-11.774	
8.42594	1.46071	0.025	-62.2929	197.195	-12.0253	
6.12705	1.25958	0.025	-22.9264	161.027	-6.60391	
6.04136	1.25208	0.025	28.947	214.735	3.62844	
0.669808	0.782132	0.025	-170.218	167.134	-6.31773	
4.22014	1.09275	0.025	-88.0599	143.63	-4.72757	
5.83974	1.23444	0.025	-23.803	214.31	-17.4717	
13.0752	1.86746	0.025	-7.79163	209.104	3.59862	
8.07799	1.43026	0.025	-24.5994	207.66	10.1216	
9.52879	1.55719	0.025	-68.3267	204.375	4.47149	
5.37218	1.19354	0.025	-35.4755	189.52	4.65632	
5.02572	1.16322	0.025	-30.8338	202.726	2.59052	
7.41823	1.37254	0.025	-9.38612	167.837	7.38532	
1.39222	0.845335	0.025	-22.8862	167.119	-11.6582	
14.4037	1.98369	0.025	-22.4247	231.639	-2.13765	
-0.0219413	0.721612	0.025	-207.421	17.5772	4.7699	
-0.498655	0.679905	0.025	-168.919	-153.72	-8.63227	
7.58135	1.38681	0.025	-54.665	191.007	-4.06442	
6.15347	1.26189	0.025	-11.5605	183.034	-10.3467	
-2.85998	0.473315	0.025	-39.8234	-165.27	9.33866	
2.29938	0.924701	0.025	-43.9375	186.68	6.02502	
8.97572	1.5088	0.025	-29.1843	203.912	10.7084	
-0.341824	0.693626	0.025	-269.831	-94.2423	-14.6822	
1.17158	0.826031	0.025	-80.1007	167.934	13.6627	
6.01256	1.24956	0.025	-39.1744	168.627	10.8624	
1.44033	0.849544	0.025	-44.3528	172.917	0.273474	
0.35879	0.754921	0.025	-187.674	108.502	2.82431	
3.62562	1.04073	0.025	-0.554157	140.792	-9.90358	
0.558727	0.772413	0.025	-128.381	58.7901	0.149541	
11.5288	1.73217	0.025	-39.801	240.747	3.40355	
1.20372	0.828843	0.025	-48.9187	193.921	0.54411	
8.10841	1.43293	0.025	-24.726	192.817	-4.55665	
1.09697	0.819504	0.025	-118.032	94.3534	-0.900876	
2.23945	0.919457	0.025	-68.9405	240.891	10.2606	
0.460205	0.763794	0.025	-150.378	148.464	12.4527	
6.19368	1.26541	0.025	-10.9665	182.353	-14.5869	
1.95245	0.894348	0.025	-114.173	184.456	-11.4711	
12.8209	1.84522	0.025	-23.2079	225.949	3.43434	
-0.288887	0.698257	0.025	-133.414	-72.0859	7.79975	
11.618	1.73997	0.025	-60.6746	207.69	1.15373	
-7.10142	0.102238	0.025	-6.33978	-197.857	-0.861796	
-4.07828	0.366728	0.025	12.061	-185.685	-7.87764	
14.8007	2.01843	0.025	-59.8321	177.102	-0.628386	
6.5152	1.29354	0.025	-4.56895	194.011	2.01014	
2.24694	0.920113	0.025	-64.8426	129.318	-1.40814	
3.10458	0.995147	0.025	-78.5795	178.368	-1.21036	
0.539225	0.770707	0.025	-168.294	138.106	0.585819	
11.5615	1.73503	0.025	-59.917	234.035	9.29943	
11.5177	1.7312	0.025	-19.6781	226.603	8.97185	
12.2872	1.79853	0.025	-36.1892	218.667	5.08194	
3.37697	1.01898	0.025	-18.1711	168.097	1.80471	
9.13828	1.52303	0.025	-58.1783	203.879	10.6767	
-2.64797	0.491864	0.025	-52.4777	-194.486	9.02658	
-2.77427	0.480814	0.025	9.79984	-223.833	2.64946	
7.72208	1.39913	0.025	-27.8827	196.419	-9.04415	
0.860363	0.798803	0.025	-126.081	142.945	11.8346	
1.89843	0.889622	0.025	-24.203	163.279	10.7816	
5.61915	1.21514	0.025	-17.1455	168.551	2.25931	
6.40647	1.28402	0.025	-82.9768	199.111	-4.82978	
8.61942	1.47763	0.025	13.3519	209.711	-3.22912	
0.241713	0.744678	0.025	-239.9	16.6371	-26.8102	
7.94919	1.419	0.025	-36.3717	213.015	-1.05226	
2.45948	0.938708	0.025	-72.735	164.355	17.3287	
6.9007	1.32726	0.025	-8.21388	223.838	12.7794	
7.651	1.39291	0.025	-56.2806	200.483	17.036	
-0.584974	0.672353	0.025	-124.31	-72.3012	-18.5835	
-6.39341	0.16418	0.025	-33.2607	-160.773	7.57394	
11.5491	1.73395	0.025	-56.4359	210.462	9.50322	
-2.61082	0.495114	0.025	-28.1952	-144.139	1.48439	
8.86428	1.49905	0.025	47.4099	221.847	2.72093	
4.3571	1.10473	0.025	-30.2739	186.491	3.76529	
8.37471	1.45622	0.025	-24.1628	220.04	-2.76298	
-0.643161	0.667262	0.025	-212.469	-170.902	12.7349	
10.1436	1.61098	0.025	-12.9665	211.045	-6.11265	
0.197308	0.740793	0.025	-228.442	14.624	5.66045	
2.31069	0.92569	0.025	-65.7988	159.512	1.85773	
7.07493	1.34251	0.025	-71.7918	159.332	6.09254	
2.2952	0.924335	0.025	-94.0688	195.181	-11.3851	
1.86252	0.886481	0.025	-114.424	142.713	0.884819	
9.88538	1.58839	0.025	-53.0354	184.295	-1.44098	
7.72011	1.39895	0.025	-37.8533	178.874	6.208	
0.0864249	0.731092	0.025	-213.22	128.592	5.00354	
5.17892	1.17663	0.025	-22.7069	122.126	8.33417	
9.68524	1.57088	0.025	-46.675	254.466	8.47198	
8.61561	1.4773	0.025	-2.53096	206.464	7.9193	
6.01093	1.24942	0.025	-66.4729	180.443	0.0218536	
0.355741	0.754655	0.025	-189.268	78.6052	-6.50378	
5.3618	1.19263	0.025	-55.8704	180.16	5.73631	
5.4856	1.20346	0.025	-3.12853	199.356	13.7785	
4.24366	1.0948	0.025	4.4541	164.56	-0.907314	
7.80779	1.40662	0.025	-68.5775	165.571	0.774246	
-1.37826	0.602949	0.025	-74.5038	-225.62	-0.100683	
6.52691	1.29456	0.025	-75.2064	192.067	-4.03208	
9.00217	1.51112	0.025	-41.6863	219.526	-7.76716	
4.88125	1.15059	0.025	-55.4498	194.995	0.925824	
6.38987	1.28257	0.025	-64.0351	215.368	-6.57544	
7.75877	1.40234	0.025	-30.4053	239.795	14.4271	
10.3569	1.62964	0.025	-16.573	214.311	3.89117	
8.41543	1.45979	0.025	-16.1436	171.001	-4.79962	
4.39257	1.10783	0.025	-53.0303	199.797	-11.2059	
9.66535	1.56914	0.025	-42.8031	237.176	5.6894	
6.15547	1.26207	0.025	-60.6312	197.295	0.0173823	
1.76163	0.877654	0.025	-124.569	132.611	-14.6166	
3.17502	1.00131	0.025	-20.4817	199.406	-10.537	
6.09825	1.25706	0.025	-43.4885	171.879	5.53097	
5.35559	1.19208	0.025	1.01795	181.514	-2.45912	
12.5652	1.82285	0.025	-66.5475	217.808	-4.21201	
4.58243	1.12444	0.025	-33.2172	168.408	-5.61053	
7.54311	1.38347	0.025	20.6468	239.3	-11.8164	
4.77406	1.14121	0.025	-25.1096	133.454	-0.877482	
4.27734	1.09775	0.025	-14.5678	218.348	8.25642	
6.66235	1.30641	0.025	-30.9221	174.219	-17.437	
3.26593	1.00926	0.025	-54.1173	134.737	-11.9562	
6.8437	1.32228	0.025	-52.5023	209.119	5.10424	
-2.42408	0.511452	0.025	-69.3103	-191.91	-6.79364	
6.99713	1.3357	0.025	-14.4317	225.633	0.665563	
5.78495	1.22965	0.025	-84.1118	149.3	-8.54856	
1.25039	0.832926	0.025	-102.894	219.414	-25.9498	
10.5229	1.64416	0.025	-26.6436	207.489	8.96635	
2.83145	0.971251	0.025	-63.3979	169.75	-2.76516	
-0.77938	0.655344	0.025	-114.784	-128.537	11.3543	
14.18	1.96412	0.025	-6.72754	256.137	-7.60944	
6.56882	1.29823	0.025	-30.1783	218.924	-0.401444	
0.617901	0.777591	0.025	-215.101	80.5357	1.62956	
10.2447	1.61982	0.025	-53.7777	193.548	-3.15138	
-0.177218	0.708027	0.025	-202.218	-100.421	17.8834	
12.3947	1.80793	0.025	-23.4655	200.45	0.348837	
-0.478214	0.681693	0.025	-60.8522	-35.4901	-18.2062	
0.287634	0.748696	0.025	-84.1307	86.8196	-13.1837	
7.51359	1.38089	0.025	-2.41577	177.914	1.56604	
10.2288	1.61844	0.025	-90.9629	204.535	8.4493	
10.5145	1.64343	0.025	-7.2035	202.602	5.28617	
-5.30412	0.259481	0.025	18.5636	-195.067	-5.5842	
-3.99593	0.373933	0.025	-18.7643	-202.629	16.0057	
4.65875	1.13112	0.025	2.30255	198.397	-8.23291	
12.042	1.77707	0.025	-27.1342	240.822	6.69166	
6.24333	1.26975	0.025	-53.8154	143.216	-1.25008	
6.98803	1.3349	0.025	-52.3726	192.024	9.49997	
1.01132	0.81201	0.025	-126.482	179.687	-2.94356	
5.13141	1.17247	0.025	-124.818	166.868	4.22303	
13.6639	1.91897	0.025	-22.372	233.917	-0.358094	
4.42966	1.11108	0.025	-26.965	198.442	8.55316	
-2.81882	0.476916	0.025	18.4934	-237.183	0.569447	
9.94441	1.59355	0.025	-17.2792	202.924	-5.29413	
-5.49441	0.242833	0.025	13.5675	-151.154	17.2389	
-3.77137	0.393579	0.025	-55.393	-195.831	4.84784	
-2.17241	0.53347	0.025	-18.7517	-161.441	1.92411	
4.61182	1.12701	0.025	-52.4292	227.693	-2.75977	
4.91993	1.15397	0.025	-26.2582	183.214	-23.5193	
8.1309	1.43489	0.025	-1.48723	176.54	-5.44884	
11.6513	1.74288	0.025	-45.1026	188.521	8.53494	
0.449525	0.76286	0.025	-138.993	93.3348	1.79369	
0.872257	0.799844	0.025	-109.76	214.029	17.9905	
1.44805	0.850219	0.025	-113.425	169.647	-25.193	
11.6262	1.7407	0.025	-79.9932	235.786	4.87596	
16.2075	2.1415	0.025	-37.5228	234.914	-15.1472	
7.43071	1.37363	0.025	-0.457284	219.573	-0.593268	
-3.01162	0.460049	0.025	-11.8995	-189.866	8.69108	
15.5818	2.08676	0.025	-16.1059	230.217	-0.104813	
8.08776	1.43112	0.025	-44.2048	217.794	-1.76086	
7.78539	1.40467	0.025	-50.3781	223.011	1.34501	
6.95135	1.3317	0.025	-54.5665	197.257	-3.08185	
2.51862	0.943882	0.025	-50.977	148.679	0.743702	
-0.45081	0.684091	0.025	-153.271	-101.742	5.84742	
0.490105	0.76641	0.025	-44.1976	159.717	13.4359	
8.27865	1.44782	0.025	15.9727	238.758	3.33902	
14.9304	2.02977	0.025	0.133869	226.398	-2.45819	
8.16543	1.43791	0.025	-42.5392	188.714	6.14789	
-3.6307	0.405886	0.025	0.683839	-198.424	3.48705	
2.28794	0.9237	0.025	-109.151	159.69	-17.7036	
11.8446	1.7598	0.025	-18.4048	205.483	-1.73577	
6.29556	1.27432	0.025	-26.1492	192.706	-0.83203	
-2.51388	0.503595	0.025	2.43012	-202.516	-1.94805	
-2.18505	0.532364	0.025	-29.7624	-192.586	-8.95768	
5.9641	1.24532	0.025	-20.3142	160.57	-2.0116	
3.86895	1.06202	0.025	-18.3852	192.164	3.85166	
13.1803	1.87666	0.025	-19.5317	196.495	6.48736	
9.01168	1.51195	0.025	-35.1073	205.121	17.9468	
7.82265	1.40792	0.025	-25.549	172.758	-4.43893	
-3.85468	0.38629	0.025	-26.6995	-190.811	-8.9185	
0.882627	0.800751	0.025	-71.8484	234.236	1.86898	
4.64802	1.13018	0.025	-47.5238	179.483	-13.0951	
6.82233	1.32041	0.025	-54.437	166.882	1.46154	
-2.21156	0.530045	0.025	-28.2461	-149.046	-2.98792	
-0.558718	0.67465	0.025	-176.591	-84.3516	5.41059	
4.77079	1.14092	0.025	-28.3035	167.683	9.32542	
6.32524	1.27692	0.025	-42.2072	187.447	0.143673	
12.3119	1.80068	0.025	-14.2414	208.958	-9.98804	
13.8856	1.93837	0.025	-55.2554	244.173	2.62071	
0.778411	0.791633	0.025	-79.8373	221.417	25.0643	
-0.563366	0.674243	0.025	-199.339	-184.494	-0.919207	
-3.23256	0.440719	0.025	42.2536	-202.762	6.06414	
4.75471	1.13951	0.025	-39.7494	179.234	0.0410078	
3.80113	1.05609	0.025	-79.3049	172.99	-14.9508	
8.84985	1.49779	0.025	-45.0312	210.864	7.5972	
5.04053	1.16452	0.025	-104.684	152.693	9.32856	
9.60938	1.56424	0.025	-52.6465	229.626	0.841636	
1.00221	0.811214	0.025	-225.507	62.037	-9.72649	
17.4579	2.2509	0.025	-25.6946	237.622	4.76446	
4.866	1.14925	0.025	-37.1679	198.19	4.31708	
-1.96352	0.551745	0.025	-26.8088	-209.448	-0.598192	
5.90374	1.24004	0.025	-100.048	167.754	-6.44609	
1.01995	0.812765	0.025	-79.0912	229.062	15.806	
20.1653	2.48777	0.025	-39.3994	229.26	5.38039	
11.5157	1.73103	0.025	-75.6702	240.662	-4.71292	
-0.703866	0.661951	0.025	-127.766	-216.905	-11.8594	
7.34236	1.3659	0.025	14.1935	182.774	7.28616	
11.0736	1.69235	0.025	-24.0837	220.323	-0.114234	
1.15714	0.824768	0.025	-121.289	158.02	5.22823	
9.71023	1.57307	0.025	-26.7368	205.514	4.5038	
-4.19433	0.356575	0.025	25.1762	-164.046	-12.6198	
5.14085	1.1733	0.025	-9.7363	226.308	-7.15005	
-4.79035	0.30443	0.025	40.8074	-164.279	0.165203	
-1.88438	0.55867	0.025	-56.6549	-178.846	7.79888	
-0.217988	0.70446	0.025	-231.333	-72.4617	10.9695	
4.53889	1.12063	0.025	-51.9969	180.732	-17.5084	
3.56712	1.03561	0.025	-91.3685	128.706	-3.72655	
5.58547	1.2122	0.025	-97.1655	160.988	-1.72444	
-1.43825	0.597701	0.025	-120.906	-193.929	-0.11851	
1.56889	0.860791	0.025	-165.829	130.955	-5.57044	
-2.72179	0.485405	0.025	-30.3622	-189.922	-1.14832	
11.9387	1.76803	0.025	-50.1442	227.377	-5.34628	
1.42161	0.847906	0.025	-50.1977	209.15	4.83382	
6.64374	1.30478	0.025	-45.7863	183.16	15.5602	
8.83759	1.49672	0.025	3.99322	209.503	-2.28847	
3.49571	1.02937	0.025	9.58285	201.254	-1.91035	
6.63857	1.30433	0.025	-7.89573	186.137	9.66794	
13.306	1.88765	0.025	-36.7742	236.831	5.0701	
1.44722	0.850147	0.025	-61.9194	178.624	-3.76816	
10.9267	1.67949	0.025	-46.1708	199.899	-4.87005	
12.382	1.80681	0.025	-7.88983	244.043	13.5668	
5.82899	1.2335	0.025	-49.6985	166.991	-4.4632	
4.74289	1.13848	0.025	-62.1043	151.306	16.3985	
-3.26245	0.438104	0.025	23.1087	-145.368	1.88081	
3.45627	1.02592	0.025	-91.9766	137.553	-6.40266	
14.0604	1.95366	0.025	-4.81861	209.048	2.07	
9.10158	1.51982	0.025	-62.3631	212.625	0.599169	
10.028	1.60087	0.025	19.6267	202.82	-5.7885	
2.85325	0.973158	0.025	-31.882	180.297	4.64459	
9.64772	1.5676	0.025	-36.2238	215.076	5.92965	
-1.96216	0.551864	0.025	-15.7243	-181.666	6.76861	
0.299626	0.749745	0.025	-95.1296	120.489	-14.6363	
1.00273	0.811259	0.025	-221.551	116.334	7.99451	
8.01429	1.42469	0.025	-29.4315	178.043	5.68425	
-0.481169	0.681434	0.025	-203.845	-140.006	11.8297	
4.5432	1.12101	0.025	-28.8488	176.546	4.29935	
5.03475	1.16402	0.025	-1.86441	163.383	-2.14346	
11.2676	1.70932	0.025	-56.9299	247.901	5.68463	
8.68074	1.483	0.025	-73.6359	177.787	11.9528	
6.35083	1.27916	0.025	-47.3853	205.307	-5.42997	
5.94236	1.24342	0.025	-14.7946	191.047	-12.0585	
2.31509	0.926075	0.025	-104.713	122.706	3.45739	
-0.403747	0.688208	0.025	-151.969	-150.809	4.1088	
-3.00713	0.460441	0.025	-53.1922	-211.096	12.3403	
5.09529	1.16931	0.025	-25.3195	196.621	1.0411	
8.97358	1.50862	0.025	-13.1468	190.421	-3.75786	
7.47327	1.37736	0.025	-39.2417	212.124	-7.39227	
1.88859	0.888761	0.025	-72.819	191.144	13.0343	
4.77885	1.14163	0.025	-54.1551	172.118	-0.871378	
-5.95859	0.202223	0.025	-10.346	-161.843	8.69381	
14.7756	2.01623	0.025	-48.9029	230.658	0.349042	
4.93704	1.15547	0.025	-37.3897	178.943	8.85565	
0.885687	0.801019	0.025	-113.387	125.717	9.824	
10.9051	1.6776	0.025	-62.986	217.856	-0.915481	
4.66886	1.132	0.025	-67.881	198.88	4.99574	
2.4563	0.93843	0.025	-80.7682	226.775	5.4278	
6.32258	1.27669	0.025	-47.6	167.668	-3.4281	
11.2009	1.70348	0.025	-21.5365	251.302	3.59372	
4.06369	1.07906	0.025	-7.45768	169.827	2.15231	
9.79219	1.58024	0.025	-39.4327	225.346	-3.68034	
4.60825	1.1267	0.025	-61.5781	215.502	5.5782	
10.0834	1.60571	0.025	-38.6252	219.628	-11.237	
6.58271	1.29944	0.025	-60.2151	197.248	-7.08527	
-0.915773	0.643411	0.025	-118.184	-173.472	-13.7588	
0.437546	0.761812	0.025	-187.636	97.8165	12.6086	
7.44787	1.37514	0.025	-35.4973	167.526	3.1977	
0.68991	0.783891	0.025	-182.588	123.701	-28.8174	
10.9065	1.67773	0.025	-34.9311	249.102	-15.3223	
1.12518	0.821971	0.025	-109.859	121.375	-7.59073	
6.70086	1.30978	0.025	-67.6838	196.475	12.0974	
5.95125	1.2442	0.025	0.319858	149.83	-1.04459	
8.94385	1.50602	0.025	-37.444	195.21	2.89691	
9.06539	1.51665	0.025	-60.7224	191.138	10.1631	
1.36852	0.843261	0.025	-121.36	173.307	-5.24714	
0.962352	0.807726	0.025	-74.7955	143.36	11.4518	
7.74576	1.4012	0.025	-55.5967	188.906	8.19287	
12.9659	1.8579	0.025	-43.8134	215.029	10.1331	
4.63715	1.12923	0.025	-22.1868	95.4922	2.52023	
5.09421	1.16922	0.025	-44.1744	150.656	-1.48617	
11.6565	1.74335	0.025	-28.3419	176.913	-5.37529	
8.48526	1.46589	0.025	-44.4544	218.721	6.5016	
-1.90669	0.556718	0.025	-73.9711	-166.253	0.0601516	
11.3059	1.71267	0.025	-56.3728	223.769	-1.78074	
4.14895	1.08652	0.025	-104.029	161.749	-3.4835	
-1.00376	0.635713	0.025	-72.3141	-216.091	11.0269	
9.86578	1.58668	0.025	-3.80627	224.092	-4.3816	
3.08678	0.993589	0.025	-41.2704	178.704	6.12661	
2.68295	0.958259	0.025	-48.6721	173.842	-4.06865	
8.71833	1.48629	0.025	-34.6621	202.232	6.96271	
-0.656657	0.666081	0.025	-55.5627	-195.878	7.92024	
4.3389	1.10314	0.025	-73.0018	192.669	-19.1941	
3.0678	0.991929	0.025	-47.7937	149.356	-7.85473	
13.6026	1.91361	0.025	-39.3765	207.926	2.90805	
2.11841	0.908868	0.025	-53.0843	177.031	-6.9709	
0.219585	0.742742	0.025	-225.754	131.123	-0.545647	
12.0775	1.78018	0.025	-17.1412	184.309	15.2678	
7.41974	1.37267	0.025	-48.9646	192.18	0.904096	
10.0336	1.60136	0.025	-18.3244	205.255	2.19091	
5.79279	1.23034	0.025	-72.2869	199.77	2.63137	
4.45238	1.11306	0.025	-63.1201	169.951	-8.72516	
4.25111	1.09546	0.025	-61.9075	121.718	14.6471	
-0.506253	0.67924	0.025	-224.837	-113.738	-28.2263	
12.6032	1.82617	0.025	-41.7756	216.039	-4.44274	
0.0304732	0.726197	0.025	-135.209	-63.7332	0.525775	
8.42358	1.4605	0.025	-38.1578	198.127	-1.96951	
4.48347	1.11578	0.025	-58.7186	185.355	5.19822	
6.39497	1.28302	0.025	-15.6987	182.264	-5.99756	
-0.761749	0.656887	0.025	-202.155	-98.3296	-0.141044	
-3.19933	0.443626	0.025	-30.5874	-214.313	3.20981	
7.55085	1.38414	0.025	-22.0159	167.501	6.18768	
5.6272	1.21585	0.025	-85.9578	187.705	-0.796282	
2.19823	0.915851	0.025	-129.464	214.556	17.7124	
1.32435	0.839397	0.025	-153.09	193.526	-5.33674	
5.12732	1.17211	0.025	-23.3235	143.283	-11.2755	
-3.20052	0.443522	0.025	-56.8086	-227.506	-3.00809	
5.276	1.18512	0.025	-76.6496	166.829	8.51182	
2.04915	0.902808	0.025	-78.2968	168.618	12.1465	
8.24214	1.44463	0.025	-16.2533	224.623	4.36399	
-2.59783	0.496251	0.025	-58.398	-156.772	-4.83276	
10.9532	1.68181	0.025	-36.5234	220.312	5.45427	
5.92983	1.24232	0.025	-41.3207	172.171	0.0736111	
12.3245	1.80179	0.025	4.14231	206.333	1.75656	
-2.7432	0.483533	0.025	3.89443	-192.266	5.47672	
-1.3934	0.601625	0.025	-89.612	-201.475	-13.7776	
13.6231	1.9154	0.025	-56.2027	214.807	-1.63654	
3.11973	0.996472	0.025	-55.8475	221.989	-7.02338	
5.26257	1.18395	0.025	-37.1983	175.822	5.12379	
1.74538	0.876232	0.025	-84.4364	220.061	9.98387	
3.7988	1.05588	0.025	-16.2677	179.283	0.568543	
11.3399	1.71564	0.025	-49.8	216.398	4.85649	
-3.0541	0.456332	0.025	-51.1184	-181.221	-8.99632	
3.47812	1.02783	0.025	-50.2212	176.305	7.63559	
9.43169	1.5487	0.025	-40.3968	245.143	2.75365	
7.92953	1.41728	0.025	-43.9035	234.151	0.687796	
1.84281	0.884756	0.025	-76.0964	196.344	-18.3136	
5.34439	1.1911	0.025	-22.1151	172.024	3.23656	
9.13809	1.52301	0.025	-64.6586	206.622	4.60226	
9.4454	1.5499	0.025	1.76203	210.277	9.09599	
-0.602576	0.670813	0.025	-142.991	-139.95	1.02953	
7.64953	1.39278	0.025	-16.1753	178.567	-1.83583	
6.04951	1.25279	0.025	-50.5717	196.091	8.82028	
0.722761	0.786765	0.025	-125.259	237.935	-36.3592	
3.03426	0.988994	0.025	-110.979	148.192	7.10368	
-0.844601	0.649638	0.025	-159.537	-80.9415	18.6142	
0.886914	0.801126	0.025	-184.472	105.615	-0.575047	
7.15932	1.34989	0.025	-52.5714	180.693	5.48466	
1.90217	0.88995	0.025	-31.7806	171.217	-2.815	
4.73779	1.13803	0.025	-51.5855	146.751	5.62057	
7.58574	1.3872	0.025	-89.8271	177.079	3.98445	
2.7008	0.959821	0.025	-71.1085	177.394	9.11095	
-0.468713	0.682524	0.025	-154.443	-114.482	9.49409	
1.41339	0.847187	0.025	-104.243	155.309	4.45336	
8.82791	1.49587	0.025	-14.3678	194.515	-13.8552	
13.4629	1.90139	0.025	-21.8191	243.451	1.62098	
13.2866	1.88595	0.025	-24.4121	209.225	10.8005	
1.7088	0.873032	0.025	-76.7586	204.166	-0.657862	
-2.85557	0.473701	0.025	-41.8517	-158.894	-6.30175	
0.762176	0.790213	0.025	-108.96	116.619	8.6754	
14.9	2.02711	0.025	-30.9002	208.247	-3.14606	
-0.106912	0.714178	0.025	-242.517	-55.0035	-18.4909	
-2.88431	0.471187	0.025	-13.2869	-199.231	-10.476	
7.79084	1.40514	0.025	-27.616	185.382	4.06823	
2.08852	0.906253	0.025	-25.2414	222.356	-4.92923	
8.82988	1.49605	0.025	-33.9247	166.388	-2.19498	
0.326868	0.752129	0.025	-140.485	106.827	-16.2141	
4.77284	1.1411	0.025	-72.0529	167.1	0.933818	
12.9652	1.85784	0.025	-37.8203	212.051	4.04654	
8.93048	1.50485	0.025	-2.53631	204.493	-4.18713	
10.5404	1.64569	0.025	-39.4125	239.8	9.70471	
3.00906	0.98679	0.025	-61.8487	199.464	6.29414	
-1.28619	0.611004	0.025	-147.74	-158.005	-0.705495	
10.0937	1.60661	0.025	-69.7829	217.719	-14.1273	
-0.208867	0.705258	0.025	-224.336	-89.62	-17.4615	
9.28451	1.53582	0.025	-63.5924	208.888	1.31403	
-1.38631	0.602245	0.025	-132.158	-148.505	5.75031	
-0.970316	0.63864	0.025	-107.242	-129.224	6.56412	
1.29888	0.837169	0.025	-64.8518	202.498	-11.2008	
3.26379	1.00908	0.025	-67.3817	162.195	8.66404	
8.07858	1.43032	0.025	-51.9956	167.494	-9.62933	
15.1132	2.04576	0.025	-21.3175	234.157	-9.0496	
2.89867	0.977132	0.025	-7.65312	190.345	-8.23427	
0.741353	0.788391	0.025	-211.08	116.711	7.09022	
3.61708	1.03999	0.025	-42.4007	160.238	5.10126	
-0.885786	0.646035	0.025	-193.456	-96.3499	9.91349	
0.307884	0.750468	0.025	-232.793	71.7993	17.9904	
6.71775	1.31126	0.025	-43.7592	211.395	9.45856	
0.312378	0.750861	0.025	-205.369	130.499	-4.62061	
-0.488745	0.680772	0.025	-99.2721	-170.426	-13.1106	
2.74735	0.963893	0.025	-41.9491	226.143	-11.5939	
4.85451	1.14825	0.025	-81.8989	157.256	-17.4934	
4.05789	1.07855	0.025	-28.0827	172.754	-11.1841	
8.4059	1.45895	0.025	-108.543	187.653	6.76183	
6.54247	1.29592	0.025	-20.5546	196.926	3.31191	
-0.514487	0.678519	0.025	-118.001	-158.644	1.4065	
12.2272	1.79327	0.025	-95.4031	198.695	0.0295113	
-2.09267	0.540446	0.025	-62.8286	-169.634	5.77176	
8.32419	1.4518	0.025	-70.4035	205.092	-1.34263	
0.069072	0.729574	0.025	-244.724	55.9739	-23.1337	
3.34757	1.01641	0.025	-45.1809	229.244	-13.1931	
10.72	1.66141	0.025	-26.7364	208.576	9.07231	
11.1728	1.70102	0.025	-51.5129	206.998	1.50945	
11.891	1.76386	0.025	-11.3131	196.555	7.11907	
-1.58277	0.585057	0.025	-7.56681	-163.756	9.48743	
8.15353	1.43687	0.025	-36.7527	213.321	4.67508	
5.05174	1.1655	0.025	-48.6163	150.174	-9.88619	
3.96867	1.07074	0.025	-21.2396	224.628	1.19244	
6.27505	1.27253	0.025	-55.0885	202.643	3.64337	
-3.73457	0.396799	0.025	50.2152	-179.364	-2.5701	
3.55438	1.0345	0.025	-94.5637	170.979	-16.6063	
13.0497	1.86523	0.025	-56.8093	185.12	0.418154	
6.20171	1.26611	0.025	-22.6811	239.131	7.90383	
-0.303418	0.696986	0.025	-172.44	-192.263	-4.89892	
0.400505	0.758571	0.025	-261.645	25.1517	4.58429	
2.34503	0.928695	0.025	-108.832	162.221	1.57216	
7.09024	1.34385	0.025	-44.0506	189.277	2.19864	
5.3947	1.19551	0.025	-21.7737	241.858	17.1744	
13.6565	1.91832	0.025	-32.7906	229.165	1.52292	
4.04755	1.07765	0.025	-36.4233	162.633	-1.37079	
6.24451	1.26985	0.025	12.334	211.423	-7.6884	
4.6028	1.12622	0.025	-22.5481	208.935	1.59733	
-1.16913	0.621245	0.025	-32.8596	-268.418	2.17653	
7.92928	1.41725	0.025	-50.8074	223.447	-8.23255	
1.46897	0.852049	0.025	-92.328	173.029	-6.98002	
-4.57621	0.323165	0.025	-13.6188	-207.198	-6.19412	
1.50051	0.854809	0.025	-47.439	210.224	-22.2918	
-6.45303	0.158965	0.025	-19.4364	-208.027	3.65252	
1.26845	0.834506	0.025	-82.899	212.088	4.07403	
8.00258	1.42367	0.025	-48.4507	202.739	-0.639928	
4.55712	1.12223	0.025	-0.893251	206.943	-1.83519	
5.1303	1.17237	0.025	-31.7252	188.976	3.13647	
5.40082	1.19604	0.025	-41.2233	177.415	-1.90307	
8.98414	1.50954	0.025	-35.8687	191.728	9.13299	
0.175656	0.738899	0.025	-208.677	-32.4717	3.74282	
3.30122	1.01235	0.025	-49.2905	205.577	-8.00512	
10.3505	1.62908	0.025	-40.2873	181.804	-1.68403	
15.6089	2.08914	0.025	-4.56855	222.461	5.08824	
-1.96565	0.551559	0.025	-68.7324	-141.082	-7.92657	
6.64512	1.3049	0.025	-65.1351	205.605	6.56927	
1.79023	0.880156	0.025	-73.223	128.545	-5.72747	
9.50965	1.55552	0.025	-52.2997	191.143	1.15731	
-3.20066	0.44351	0.025	28.7778	-186.308	-14.6883	
5.4737	1.20242	0.025	-21.6076	184.68	2.68779	
5.27599	1.18512	0.025	-82.107	194.71	4.56724	
3.38442	1.01963	0.025	-45.1668	214.309	-4.40557	
8.79484	1.49298	0.025	-100.294	221.612	10.6145	
9.33146	1.53993	0.025	-21.9151	209.648	-1.43169	
-1.48298	0.593788	0.025	-100.314	-127.483	1.15239	
4.7342	1.13772	0.025	-10.725	190.522	-1.64343	
5.5365	1.20791	0.025	-39.1725	188.26	-6.17909	
0.271333	0.74727	0.025	-151.543	142.443	28.5652	
1.33454	0.840288	0.025	-148.876	192.451	-12.8498	
9.64118	1.56703	0.025	-7.10975	182.336	-0.765871	
5.99634	1.24814	0.025	-42.6497	203.419	8.19648	
3.79388	1.05545	0.025	-8.94033	191.66	-4.45838	
18.9524	2.38165	0.025	22.6082	253.949	-7.98599	
2.99157	0.985259	0.025	-24.1491	201.096	9.42304	
4.89795	1.15205	0.025	-74.6559	144.175	-4.83272	
8.16132	1.43755	0.025	23.4999	214.674	1.54335	
1.97999	0.896758	0.025	-42.6818	219.444	-2.86863	
2.39468	0.933038	0.025	-69.8135	149.826	23.771	
0.393749	0.75798	0.025	-182.349	94.9907	18.1164	
-3.74883	0.395552	0.025	-55.2049	-194.843	-11.3528	
10.4283	1.63589	0.025	-47.9882	216.304	-3.60779	
18.749	2.36386	0.025	-49.624	265.754	-2.41596	
3.8817	1.06314	0.025	-111.632	138.289	8.81882	
14.6831	2.00814	0.025	-49.0114	225.038	-9.67481	
5.25258	1.18307	0.025	-71.4231	196.154	2.15865	
2.58684	0.94985	0.025	-61.4926	170.183	-14.2496	
6.69418	1.3092	0.025	-58.9582	189.016	0.883935	
7.72364	1.39926	0.025	1.85553	200.372	2.29807	
6.28065	1.27302	0.025	-27.3114	176.104	-25.673	
12.456	1.81329	0.025	7.4373	241.971	-1.87792	
5.79894	1.23087	0.025	-57.1388	224.819	-2.28205	
1.44035	0.849545	0.025	-95.5024	226.196	19.8812	
1.73608	0.875418	0.025	-106.812	133.155	8.70025	
0.971761	0.808549	0.025	-90.8493	136.695	20.7569	
6.9713	1.33344	0.025	-47.4364	163.114	-9.43595	
-0.182475	0.707567	0.025	-145.764	-131.709	-1.11108	
8.30733	1.45033	0.025	-36.8243	191.929	-20.4147	
-0.734961	0.65923	0.025	-243.552	-114.905	-30.5935	
-4.18409	0.35747	0.025	-43.5096	-204.892	9.09048	
4.77996	1.14172	0.025	-31.0816	153.295	2.46699	
3.71527	1.04858	0.025	-55.2563	187.405	5.00458	
2.4916	0.941518	0.025	-29.6295	234.165	5.35281	
3.61592	1.03988	0.025	-12.2415	227.567	-1.46609	
7.28343	1.36075	0.025	-53.1206	189.175	3.15037	
22.1484	2.66126	0.025	-12.0342	243.726	3.17133	
6.12829	1.25969	0.025	-60.6183	197.799	8.38928	
2.40279	0.933748	0.025	-29.4558	176.457	0.965605	
5.1507	1.17416	0.025	-115.792	153.788	-3.91238	
8.3984	1.4583	0.025	-33.2429	178.052	-10.0762	
-3.04208	0.457384	0.025	-34.8736	-139.478	17.4628	
2.02409	0.900616	0.025	10.505	180.547	-19.65	
9.81684	1.58239	0.025	-29.0601	229.07	15.5528	
7.72167	1.39909	0.025	-67.8422	199.291	-8.57171	
9.26257	1.5339	0.025	39.3865	205.744	5.58909	
0.861153	0.798872	0.025	-141.731	135.554	12.2303	
-1.61806	0.581969	0.025	-26.1744	-223.714	-15.4535	
11.561	1.73499	0.025	-9.02215	198.228	-3.99045	
1.71305	0.873403	0.025	-164.016	110.027	4.30535	
7.78741	1.40484	0.025	-12.9425	191.884	4.20624	
2.06542	0.904232	0.025	-108.127	183.175	2.4828	
3.75616	1.05215	0.025	-22.55	159.665	12.4074	
6.2015	1.26609	0.025	-57.8997	191.556	6.09405	
3.2821	1.01068	0.025	-25.7669	179.581	9.11861	
-2.74935	0.482994	0.025	15.1458	-193.224	6.25004	
4.18189	1.0894	0.025	-66.0661	197.212	9.96651	
6.8935	1.32663	0.025	-56.1184	202.772	-8.58316	
5.23923	1.1819	0.025	-65.6812	158.802	-15.909	
5.59855	1.21334	0.025	-37.4663	196.73	-9.25631	
5.46918	1.20202	0.025	-69.82	199.881	-3.536	
5.57536	1.21131	0.025	-31.2294	192.627	2.83198	
7.50597	1.38022	0.025	-10.2937	191.191	4.1279	
15.5334	2.08252	0.025	-28.4724	228.832	9.80597	
2.38591	0.932271	0.025	-14.529	216.508	-0.183503	
2.30845	0.925494	0.025	-76.4692	170.433	8.61313	
-3.40551	0.425588	0.025	11.3371	-200.905	3.57669	
12.531	1.81985	0.025	42.3563	214.016	-0.454776	
6.04332	1.25225	0.025	-44.6898	201.367	15.6415	
-3.41542	0.424721	0.025	-0.0457979	-181.77	-4.07997	
1.61023	0.864408	0.025	-97.5342	196.951	-10.9148	
11.2727	1.70977	0.025	-48.7955	201.285	9.86925	
9.16797	1.52562	0.025	-108.996	149.545	-2.08543	
8.08413	1.4308	0.025	-35.2762	215.161	12.9856	
7.79353	1.40538	0.025	-44.467	222.055	6.78011	
-0.0735136	0.7171	0.025	-272.762	76.8709	7.13535	
6.08713	1.25609	0.025	-36.0883	168.689	-4.59404	
15.3059	2.06262	0.025	-5.62778	230.457	-0.794956	
5.70882	1.22299	0.025	-48.9044	139.252	-3.4373	
9.14892	1.52396	0.025	0.502942	198.094	6.17647	
7.71231	1.39827	0.025	-23.6149	189.15	-0.977795	
1.29403	0.836744	0.025	-91.0704	141.832	12.3296	
5.7356	1.22533	0.025	-75.5819	188.448	-6.6187	
5.98239	1.24692	0.025	1.77367	196.334	-6.51005	
6.43111	1.28618	0.025	-41.5542	218.531	-14.24	
9.33646	1.54037	0.025	-42.0356	224.016	4.45633	
3.91755	1.06627	0.025	-15.4528	205.387	-7.53159	
-4.09615	0.365164	0.025	-15.3613	-228.345	6.33525	
3.24173	1.00715	0.025	-99.2318	178.562	-6.21483	
-5.3727	0.253481	0.025	68.5765	-203.497	-7.14577	
6.5201	1.29397	0.025	-50.2878	228.133	11.051	
-0.58214	0.672601	0.025	-141.406	-159.738	3.30121	
4.66322	1.13151	0.025	-40.4612	224.993	-5.60614	
4.79215	1.14279	0.025	-88.2174	178.122	-16.6403	
7.35323	1.36686	0.025	-8.89486	221.904	6.5762	
7.75737	1.40221	0.025	-58.5259	208.782	1.43822	
2.76981	0.965858	0.025	-65.1708	207.733	-8.41823	
4.78514	1.14218	0.025	-84.3524	156.732	6.21891	
5.8877	1.23864	0.025	-98.7131	157.599	-20.0649	
0.655492	0.780879	0.025	-143.741	120.003	10.96	
11.1419	1.69832	0.025	-79.5376	210.032	2.85752	
3.81851	1.05761	0.025	-36.7117	180.323	9.09358	
1.30964	0.83811	0.025	-84.4092	93.1097	4.00919	
1.24904	0.832808	0.025	-142.49	173.748	-4.84641	
7.41546	1.3723	0.025	-85.4379	175.806	6.74413	
-3.44063	0.422515	0.025	-21.7727	-173.498	11.6547	
9.96222	1.59511	0.025	-22.7797	180.996	-10.0677	
6.87155	1.32471	0.025	-61.4357	192.051	0.330256	
5.27749	1.18525	0.025	18.3694	206.409	-2.69556	
14.1376	1.96041	0.025	-32.0413	233.052	4.9881	
12.5963	1.82556	0.025	-41.5716	227.912	-16.0624	
11.1005	1.6947	0.025	10.6021	266.057	10.8291	
5.46348	1.20152	0.025	-8.0273	189.449	8.26795	
8.20787	1.44163	0.025	-47.8106	169.062	-5.87095	
5.61527	1.2148	0.025	-25.8819	188.467	-5.26262	
13.0917	1.8689	0.025	-11.0756	265.308	5.45641	
6.78484	1.31713	0.025	-54.1898	166.436	-0.213163	
0.123209	0.734311	0.025	-160.305	73.8427	-0.111069	
-1.40566	0.600552	0.025	-66.5418	-138.084	11.512	
9.13239	1.52251	0.025	-8.98634	184.105	6.94868	
8.29014	1.44882	0.025	-56.6444	187.62	8.77122	
10.2694	1.62199	0.025	-94.4681	184.747	-10.8404	
10.3831	1.63194	0.025	-53.9603	231.649	-13.3462	
3.45921	1.02617	0.025	-1.24969	228.875	2.3287	
1.55293	0.859395	0.025	-120.566	171.828	-4.18265	
0.580028	0.774277	0.025	-178.549	193.369	-9.89467	
-0.440418	0.685	0.025	-136.833	22.8201	-0.82304	
-0.792166	0.654226	0.025	-116.93	-165.086	11.0456	
1.91757	0.891297	0.025	-65.2519	207.495	-4.16146	
-1.50142	0.592174	0.025	-65.1746	-205.997	-1.52765	
-2.21079	0.530112	0.025	-79.0909	-190.976	-3.51397	
5.86761	1.23688	0.025	-56.8962	150.922	-9.80882	
18.8127	2.36943	0.025	-35.0844	209.734	7.7564	
5.94841	1.24395	0.025	-17.7649	164.745	13.8976	
-0.887297	0.645903	0.025	-184.322	-203.749	12.0436	
1.14233	0.823472	0.025	-117.048	189.627	-25.6674	
4.52009	1.11899	0.025	-46.5979	181.264	-11.7749	
10.5161	1.64357	0.025	-27.8752	250.554	-2.60051	
6.88676	1.32604	0.025	-49.0514	213.223	14.1967	
6.52045	1.294	0.025	21.0946	202.322	-7.8782	
0.0443719	0.727413	0.025	-256.555	8.20887	12.2163	
5.3138	1.18843	0.025	-42.0525	160.704	10.8427	
-0.587998	0.672088	0.025	-163.737	-123.867	5.61393	
1.48087	0.853091	0.025	-1.94567	187.66	2.73018	
7.92525	1.4169	0.025	-73.5859	223.889	8.36956	
-1.90622	0.556758	0.025	-45.688	-171.595	8.39724	
-0.0275872	0.721118	0.025	-225.552	141.886	-15.0129	
8.64885	1.48021	0.025	-43.8411	231.06	-3.07119	
1.08958	0.818857	0.025	-153.225	141.4	-10.0918	
6.49969	1.29218	0.025	-44.4641	198.895	-12.5885	
0.335122	0.752851	0.025	-175.982	64.2367	-22.9122	
8.4547	1.46322	0.025	-45.0417	201.721	-4.15223	
6.49546	1.29181	0.025	-74.307	203.308	-5.6956	
10.0928	1.60654	0.025	-55.9334	203.248	1.71034	
-0.149643	0.710439	0.025	-160.196	-24.2516	1.12497	
10.4161	1.63482	0.025	-5.97713	185.315	-2.44121	
-1.42692	0.598692	0.025	-139.016	-178.04	-4.76399	
5.59977	1.21345	0.025	-7.24771	197.001	9.21319	
4.47286	1.11486	0.025	-45.5463	186.696	14.1513	
11.7631	1.75267	0.025	-16.9778	229.263	-0.427272	
6.66476	1.30662	0.025	-34.0857	177.106	-12.0349	
2.922	0.979173	0.025	-123.004	201.113	-14.9735	
-0.0913028	0.715543	0.025	-186.863	-102.906	-24.0208	
-1.97997	0.550306	0.025	-106.523	-180.388	-1.52395	
-0.900471	0.64475	0.025	-120.444	-189.055	-3.4397	
-5.87629	0.209423	0.025	24.3477	-190.936	-3.16601	
-1.08937	0.628224	0.025	-68.2591	-127.385	7.48271	
11.2504	1.70782	0.025	9.02632	228.01	4.41926	
5.39498	1.19553	0.025	-39.4987	191.193	-0.166693	
-1.20937	0.617725	0.025	-59.9466	-207.519	-5.39884	
0.115424	0.73363	0.025	-193.512	144.6	-6.46271	
-1.15741	0.622271	0.025	-66.6613	-190.701	-2.99821	
0.354865	0.754578	0.025	-217.841	173.137	21.6347	
-3.52467	0.415163	0.025	-80.0034	-149.608	14.7388	
11.4018	1.72106	0.025	-2.87942	222.923	-4.21623	
-0.804251	0.653168	0.025	-97.5942	-237.393	9.57813	
10.8778	1.67521	0.025	-5.55405	229.989	-0.264588	
8.32263	1.45167	0.025	-76.7939	156.527	-5.06492	
10.1481	1.61138	0.025	-58.7393	246.7	-7.32683	
11.6988	1.74705	0.025	-37.5957	231.145	-0.672206	
10.3671	1.63053	0.025	-44.4927	198.164	5.96744	
-2.14925	0.535496	0.025	-18.136	-170.958	8.57139	
9.90898	1.59045	0.025	-20.7342	247.843	-2.25321	
1.13065	0.82245	0.025	-147.679	156.877	9.75349	
5.95685	1.24469	0.025	-34.1204	165.429	7.85621	
9.55706	1.55967	0.025	-9.31034	216.749	-6.98175	
27.3258	3.11423	0.025	-51.5117	262.669	-0.874776	
3.7723	1.05356	0.025	-96.6713	174.811	0.447009	
5.49017	1.20386	0.025	-23.92	191.423	-4.00667	
9.12233	1.52163	0.025	-28.1943	166.357	1.94254	
0.273885	0.747493	0.025	-132.872	25.9608	7.993	
-1.21691	0.617065	0.025	-100.8	-137.381	1.31371	
9.72415	1.57428	0.025	-45.157	205.613	-5.00009	
1.36742	0.843165	0.025	-148.992	135.224	-13.902	
8.21927	1.44262	0.025	-59.9492	205.956	-2.05299	
6.96721	1.33308	0.025	-25.4722	209.22	6.04625	
8.86592	1.4992	0.025	-47.3599	182.573	-6.72645	
2.54657	0.946327	0.025	-71.4664	168.096	-3.73059	
3.74424	1.05111	0.025	-69.4255	192.563	5.63884	
4.72933	1.13729	0.025	-75.4428	174.931	-14.9021	
-1.42805	0.598593	0.025	-24.4731	-230.231	-2.91704	
6.0843	1.25584	0.025	-12.5716	230.441	7.45416	
-2.59209	0.496753	0.025	-15.9799	-180.594	-15.8582	
7.71217	1.39826	0.025	-116.977	205.892	7.12534	
-0.736693	0.659079	0.025	-207.759	-102.068	11.4638	
0.488728	0.766289	0.025	-243.626	104.514	-18.631	
5.85763	1.23601	0.025	-51.9935	177.658	-4.40831	
-0.283472	0.698731	0.025	-180.223	-92.2909	-8.19126	
9.93507	1.59274	0.025	-52.0137	200.959	6.15601	
7.03005	1.33858	0.025	-19.8379	188.347	-4.55624	
2.22615	0.918295	0.025	-51.1045	220.021	4.50013	
-0.490759	0.680595	0.025	-159.904	-179.969	5.2413	
2.75908	0.96492	0.025	-13.0416	152.02	2.39357	
7.12322	1.34673	0.025	-41.5759	207.196	9.29474	
10.9099	1.67803	0.025	-49.212	210.423	1.5121	
-6.24121	0.177496	0.025	-9.74245	-158.248	-2.58133	
1.91742	0.891284	0.025	-29	196.228	4.21742	
8.06572	1.42919	0.025	-58.3813	167.702	-4.30165	
-0.630705	0.668352	0.025	-88.3101	-174.089	16.5259	
13.8576	1.93592	0.025	32.0708	226.683	10.7487	
5.29102	1.18644	0.025	-37.3184	150.801	5.31891	
13.2072	1.87901	0.025	-36.0445	210.732	1.61924	
1.82916	0.883562	0.025	-83.7869	205.814	9.78523	
8.76654	1.4905	0.025	-28.1261	213.386	0.0486367	
2.46228	0.938953	0.025	-102.281	209.206	-18.7089	
5.67936	1.22041	0.025	5.25682	243.674	6.44246	
9.99067	1.5976	0.025	11.2932	216.834	6.93955	
8.85991	1.49867	0.025	-58.6612	247.817	4.26896	
4.16147	1.08761	0.025	-48.8843	184.353	-15.1523	
5.3665	1.19304	0.025	-52.0043	205.305	-14.7608	
7.02684	1.3383	0.025	-64.8153	176.832	-7.52371	
6.1036	1.25753	0.025	23.5802	199.769	-4.45433	
9.21074	1.52937	0.025	-43.272	195.561	4.6588	
-0.393957	0.689064	0.025	-176.717	-166.647	-15.3729	
9.76831	1.57815	0.025	-59.8128	196.694	-11.44	
10.7117	1.66068	0.025	-16.0789	243.007	3.90895	
-0.0751152	0.71696	0.025	-173.979	26.1565	18.3486	
2.40135	0.933623	0.025	-87.8837	202.501	2.91523	
7.07813	1.34279	0.025	-15.2822	170.406	10.6325	
6.21488	1.26726	0.025	-19.4014	220.85	-7.09565	
-2.15517	0.534978	0.025	16.2449	-155.853	2.98914	
5.77182	1.2285	0.025	-37.6565	183.13	-2.16892	
8.26619	1.44673	0.025	-24.3501	252.772	-6.09203	
7.48306	1.37821	0.025	-23.3361	185.23	-12.7089	
13.5207	1.90644	0.025	-43.2662	225.381	-8.21204	
0.842031	0.797199	0.025	-139.031	173.371	5.41732	
-2.69709	0.487567	0.025	-19.4867	-205.575	0.425302	
5.42055	1.19777	0.025	-74.5812	191.285	-11.1768	
4.34166	1.10338	0.025	-40.8104	206.919	1.18926	
1.49444	0.854278	0.025	-135.116	196.185	5.92683	
8.4323	1.46126	0.025	-31.5817	162.662	9.0826	
0.868067	0.799477	0.025	-170.042	81.7376	7.33955	
4.3224	1.10169	0.025	-4.09311	156.094	0.400991	
9.98695	1.59728	0.025	-22.1309	203.142	0.900086	
-5.39802	0.251266	0.025	-5.81028	-208.012	-5.8926	
-4.32691	0.344976	0.025	11.8104	-153.18	-0.745397	
7.73991	1.40069	0.025	-6.99255	197.8	0.0671023	
7.96115	1.42004	0.025	-67.7894	171.842	-2.29523	
3.11358	0.995934	0.025	-81.8922	168.77	2.5139	
10.8479	1.6726	0.025	-71.1652	236.338	5.06452	
-3.24336	0.439774	0.025	-9.72912	-214.755	5.32845	
-3.03074	0.458376	0.025	-39.1529	-220.719	-7.5	
9.35067	1.54161	0.025	-4.98885	189.805	8.12723	
2.02433	0.900637	0.025	-65.6045	185.013	2.30088	
0.434793	0.761571	0.025	-187.978	113.868	16.8022	
5.88202	1.23814	0.025	-39.6875	194.78	11.5499	
4.33064	1.10241	0.025	-58.2703	159.453	3.00438	
-1.04954	0.631709	0.025	-46.9119	-180.124	0.331278	
-3.38257	0.427595	0.025	-42.6422	-165.212	4.64902	
9.63041	1.56608	0.025	-99.61	201.729	6.56587	
6.42429	1.28558	0.025	-60.5996	206.19	1.44612	
-2.18708	0.532187	0.025	-43.5717	-167.175	0.413328	
1.99064	0.897689	0.025	-49.2496	195.487	-4.64321	
1.27268	0.834876	0.025	-30.3364	174.498	6.34924	
11.3905	1.72007	0.025	-54.0096	212.264	-4.11049	
4.38132	1.10685	0.025	-68.8769	201.917	-5.40158	
6.70145	1.30983	0.025	-22.7286	193.481	7.82558	
5.61295	1.2146	0.025	-65.525	173.355	5.71099	
7.18059	1.35175	0.025	-13.5092	182.299	-3.04174	
12.2088	1.79166	0.025	-59.7699	227.571	-7.41181	
0.0228816	0.725533	0.025	-229.554	44.3306	-9.19369	
-0.255526	0.701176	0.025	-190.159	-131.158	-4.06123	
12.3109	1.8006	0.025	-36.8475	176.36	-6.69036	
3.78491	1.05467	0.025	-4.81836	162.159	17.9689	
2.03868	0.901893	0.025	-91.4695	140.412	-2.57836	
6.82002	1.32021	0.025	-40.9936	177.183	2.93229	
-0.51549	0.678432	0.025	-191.967	-114.174	-10.2958	
0.781174	0.791875	0.025	-189.234	65.749	16.1732	
-0.369872	0.691172	0.025	-122.513	-146.101	1.37059	
6.19782	1.26577	0.025	-51.1006	184.517	-6.44782	
11.8016	1.75604	0.025	-82.7355	230.326	0.264605	
13.7533	1.92679	0.025	3.43266	239.608	-3.27915	
7.35133	1.36669	0.025	-12.9896	192.13	-1.885	
9.79759	1.58071	0.025	-42.9159	192.867	-10.9164	
5.99414	1.24795	0.025	-24.25	209.148	-8.39807	
3.59011	1.03762	0.025	-79.1581	184.255	3.86216	
0.0883168	0.731258	0.025	-254.13	-35.2522	-27.7308	
7.49586	1.37933	0.025	-61.1374	195.036	18.7113	
4.67869	1.13286	0.025	-52.0208	172.954	-0.368881	
4.23447	1.094	0.025	-46.6198	189.427	-11.2301	
-0.369376	0.691215	0.025	-215.212	-67.557	0.150663	
1.5742	0.861256	0.025	-134.58	162.058	-3.79134	
-6.2076	0.180437	0.025	-42.0165	-167.849	-12.8034	
11.1936	1.70285	0.025	-49.037	166.225	5.25953	
2.42852	0.935999	0.025	-30.6579	237.352	-15.7516	
13.4197	1.8976	0.025	-62.0567	223.796	7.75468	
7.21596	1.35485	0.025	-46.9963	193.817	-11.6056	
5.78256	1.22944	0.025	-72.4797	200.131	-13.6997	
9.77622	1.57884	0.025	-60.6319	157.767	3.73844	
0.805439	0.793998	0.025	-159.136	172.973	-7.64139	
0.498298	0.767127	0.025	-213.264	44.3764	1.49047	
5.92699	1.24208	0.025	-23.1128	215.059	-0.967495	
6.16851	1.26321	0.025	-36.7816	196.147	5.23458	
-4.90326	0.294551	0.025	9.84782	-191.376	4.93433	
7.78862	1.40495	0.025	-35.5573	252.756	-3.18107	
2.34102	0.928344	0.025	-65.8817	197.36	-6.51205	
1.65462	0.868292	0.025	-135.706	159.967	-6.92411	
7.21604	1.35485	0.025	-63.8056	188.996	-7.03914	
8.06725	1.42932	0.025	-28.4889	212.478	17.2637	
-1.54649	0.588231	0.025	-86.1792	-184.065	7.15138	
12.5911	1.82511	0.025	19.8396	231.803	1.29075	
3.26365	1.00906	0.025	-40.431	184.865	-5.65265	
6.54954	1.29654	0.025	-20.6104	164.959	-19.3295	
-4.12557	0.36259	0.025	17.2512	-178.887	9.92287	
-0.127029	0.712418	0.025	-130.176	-21.4382	-9.77658	
4.00654	1.07406	0.025	-95.7582	188.762	4.24219	
-0.29307	0.697891	0.025	-145.127	-23.6403	-8.69381	
1.33865	0.840648	0.025	-102.488	243.814	-5.71319	
3.69672	1.04695	0.025	-95.1388	176.744	-0.955936	
-0.746513	0.65822	0.025	-218.794	-123.538	-6.06878	
5.19134	1.17771	0.025	-36.2146	194.185	-15.1149	
8.25778	1.44599	0.025	-56.2974	169.501	9.33083	
7.30594	1.36272	0.025	-37.5218	190.378	-10.7332	
-4.29945	0.347378	0.025	-8.80725	-216.99	-3.33331	
9.27632	1.5351	0.025	-48.4328	190.863	-5.13684	
1.47556	0.852626	0.025	-117.208	104.895	-17.2039	
2.34261	0.928483	0.025	-73.5289	135.408	-14.1291	
-6.91393	0.118641	0.025	-11.9875	-201.557	-5.48714	
5.91982	1.24145	0.025	-81.5167	149.8	16.6706	
2.24378	0.919836	0.025	-97.0715	201.441	7.35651	
8.52946	1.46976	0.025	-9.57006	209.968	4.40612	
9.85651	1.58586	0.025	-50.5647	212.687	-11.3059	
7.02183	1.33786	0.025	-130.063	189.585	10.4712	
0.473929	0.764995	0.025	-203.504	159.247	-6.02043	
10.1618	1.61257	0.025	-18.3781	179.242	-11.9735	
7.39305	1.37034	0.025	-46.4623	204.966	1.75111	
7.43787	1.37426	0.025	-5.33361	176.116	10.4798	
-1.92774	0.554876	0.025	-97.8093	-130.194	13.4359	
4.13993	1.08573	0.025	-83.386	153.813	-2.88459	
8.55147	1.47169	0.025	-44.7882	181.252	-3.10109	
6.33051	1.27738	0.025	-4.48665	179.579	16.8801	
-0.410142	0.687648	0.025	-159.5	-94.5634	-13.5176	
-0.594931	0.671482	0.025	-92.6751	-152.509	5.39468	
-0.307891	0.696594	0.025	-224.648	-139.86	28.77	
1.53832	0.858116	0.025	-139.187	85.9381	4.70837	
3.41408	1.02222	0.025	-27.8537	170.218	-8.57555	
-0.876689	0.646831	0.025	-130.231	-230.932	24.7168	
-0.4985	0.679918	0.025	-154.895	-123.139	-17.2264	
17.1011	2.21968	0.025	-50.4703	181.888	-6.00973	
7.64191	1.39211	0.025	-33.8528	197.445	8.02552	
4.99991	1.16097	0.025	-13.8424	146.375	5.88108	
7.83158	1.40871	0.025	-25.0036	186.758	-11.5279	
1.55647	0.859705	0.025	-114.625	157.835	3.94963	
7.56967	1.38579	0.025	-30.7756	157.917	-2.07473	
2.10152	0.90739	0.025	-33.4536	206.502	-3.08011	
-1.38423	0.602427	0.025	-117.222	-202.793	-13.9493	
5.30035	1.18725	0.025	-45.1968	199.74	-10.9856	
9.64296	1.56718	0.025	-63.6975	207.654	0.873088	
8.06377	1.42902	0.025	-86.899	180.709	12.9516	
6.30207	1.27489	0.025	-38.5754	219.219	4.89097	
3.09998	0.994744	0.025	-63.0965	192.032	-2.80746	
9.86874	1.58693	0.025	-9.90721	194.55	8.96824	
6.40171	1.28361	0.025	-32.8574	184.752	-5.42955	
2.99354	0.985432	0.025	-139.485	194.536	-9.37865	
0.0077565	0.72421	0.025	-212.372	-20.9276	-0.000354019	
13.2433	1.88217	0.025	-75.1099	208.589	-4.86853	
-1.15103	0.62283	0.025	-154.605	-197.982	23.9363	
5.87249	1.23731	0.025	-86.7793	190.256	-15.1088	
5.64909	1.21776	0.025	-35.6376	224.33	9.44552	
4.53335	1.12015	0.025	-22.5353	213.644	10.3932	
6.3926	1.28281	0.025	-35.5767	240.138	-0.13166	
9.06029	1.5162	0.025	-17.9739	199.61	-3.75727	
5.77346	1.22864	0.025	-11.8673	192.295	-7.74863	
2.57963	0.94922	0.025	-71.1468	153.649	-3.79125	
8.25933	1.44613	0.025	-17.5642	223.085	1.40974	
-4.60921	0.320277	0.025	40.6511	-180.657	9.69825	
5.18655	1.1773	0.025	42.7364	181.987	4.96167	
-3.43294	0.423188	0.025	-62.035	-134.322	-1.87429	
10.3713	1.6309	0.025	-16.487	267.436	-0.500313	
10.2675	1.62182	0.025	4.92317	191.688	9.63325	
0.0800424	0.730534	0.025	-244.219	36.698	-5.76658	
-0.263901	0.700443	0.025	-235.633	-33.0537	0.181219	
7.15456	1.34947	0.025	19.002	240.01	-5.40914	
3.18272	1.00198	0.025	-34.5111	202.471	-0.948471	
7.58865	1.38745	0.025	7.44731	162.939	3.26379	
6.91339	1.32837	0.025	-52.657	151.327	-9.45752	
-2.43057	0.510884	0.025	-55.5703	-206.738	-16.1919	
1.85788	0.886074	0.025	-66.1951	185.317	-5.18557	
2.47973	0.94048	0.025	-54.8532	163.04	4.49148	
5.81906	1.23263	0.025	-2.52247	214.402	-9.2375	
8.26872	1.44695	0.025	-10.5717	181.263	0.527066	
11.0431	1.68968	0.025	-22.0218	197.083	8.34655	
8.74244	1.4884	0.025	-9.07259	177.19	-3.58335	
4.78438	1.14211	0.025	-43.8106	178.051	-14.7032	
6.45848	1.28858	0.025	-21.2462	205.057	-3.15392	
-0.774689	0.655755	0.025	-90.4701	-162.847	10.7693	
1.33045	0.839931	0.025	-48.6423	150.013	-0.621339	
-0.198524	0.706163	0.025	-228.213	-120.49	-29.1059	
8.78856	1.49243	0.025	-5.9006	212.038	-7.62039	
3.72894	1.04977	0.025	-97.4862	133.951	5.58719	
9.5458	1.55868	0.025	-60.1705	143.687	7.99587	
7.18022	1.35172	0.025	-79.8221	193.62	-1.10303	
-0.0508641	0.719081	0.025	-164.326	8.20602	-27.6408	
7.01278	1.33707	0.025	-49.5598	252.9	10.9572	
7.87613	1.4126	0.025	1.52365	187.7	4.71169	
1.99202	0.897811	0.025	-35.3479	167.75	6.20611	
9.18428	1.52705	0.025	-22.0259	224.138	-0.096125	
-0.799177	0.653612	0.025	-195.558	-58.3774	-0.888252	
7.92575	1.41694	0.025	-6.96823	237.129	4.69883	
9.19316	1.52783	0.025	-28.1157	214.137	2.3601	
6.43442	1.28647	0.025	-46.8785	195.671	-0.601504	
1.4996	0.854729	0.025	-78.5916	171.446	7.80329	
1.77942	0.87921	0.025	-122.736	151.887	3.23977	
9.11476	1.52097	0.025	27.9581	191.158	-0.948942	
8.44407	1.46229	0.025	-13.4593	223.391	8.04467	
5.94815	1.24393	0.025	-24.4741	236.392	-4.25564	
-2.13803	0.536477	0.025	-46.2321	-153.622	-16.8631	
6.00423	1.24883	0.025	-30.0146	201.103	-18.4353	
1.88397	0.888357	0.025	13.4522	226.791	-3.06879	
3.8219	1.0579	0.025	-40.4797	183.568	-4.39499	
-2.46375	0.507981	0.025	-39.5281	-138.101	-4.38977	
-0.606441	0.670474	0.025	-112.807	-171.834	-21.6962	
-0.254398	0.701274	0.025	-261.612	-37.9586	-17.2449	
11.8357	1.75902	0.025	-18.8446	234.074	15.5368	
5.51191	1.20576	0.025	-70.1831	178.416	-14.716	
9.30062	1.53723	0.025	14.0195	206.153	3.2925	
8.01553	1.4248	0.025	-20.7448	200.675	-1.6733	
3.73611	1.0504	0.025	-68.4849	172.024	2.65679	
1.71698	0.873747	0.025	-52.4191	207.872	14.4139	
1.70004	0.872266	0.025	-91.8727	182.099	7.61903	
7.61392	1.38966	0.025	-0.359978	227.468	5.47478	
0.0820452	0.730709	0.025	-179.387	85.605	-5.65618	
-2.05423	0.543809	0.025	-37.5632	-187.386	-2.77021	
3.95164	1.06926	0.025	-35.4027	176.292	14.189	
1.32465	0.839423	0.025	-121.206	64.5003	-6.59728	
14.7944	2.01787	0.025	-41.6683	233.95	9.37358	
9.90493	1.5901	0.025	-18.4409	226.831	-6.31506	
1.02669	0.813355	0.025	-165.271	209.107	-8.72147	
-0.951698	0.640268	0.025	-100.959	-238.225	10.6454	
7.49462	1.37923	0.025	-33.8559	213.01	-8.75798	
16.3566	2.15455	0.025	-24.8904	208.33	10.5237	
1.83182	0.883795	0.025	-90.1486	173.311	-0.044814	
2.89818	0.977089	0.025	-103.425	172.792	-4.01041	
8.46748	1.46434	0.025	-54.2197	191.02	2.88701	
9.79746	1.5807	0.025	-55.3528	196.219	3.72122	
6.1779	1.26403	0.025	-18.2408	192.406	-0.643081	
7.24593	1.35747	0.025	-21.487	225.767	-0.128875	
9.32393	1.53927	0.025	23.5719	213.634	-3.4109	
-1.00567	0.635546	0.025	-57.7722	-131.89	23.8685	
8.01841	1.42505	0.025	-2.23623	223.246	4.20509	
0.912352	0.803352	0.025	-162.728	115.764	-7.14086	
14.4436	1.98718	0.025	-4.21671	230.452	-5.32009	
6.48686	1.29106	0.025	-25.6456	192.364	1.10137	
11.9333	1.76756	0.025	-26.1104	211.451	-3.9775	
-1.04306	0.632275	0.025	-96.9395	-198.285	-5.72773	
0.947389	0.806417	0.025	-170.68	189.831	-0.262626	
8.04642	1.4275	0.025	-81.296	206.785	8.58613	
-0.5494	0.675465	0.025	-94.2151	-141.376	6.12569	
7.06979	1.34206	0.025	-118.934	147.974	-3.54298	
8.1613	1.43755	0.025	-29.0274	223.516	-8.18872	
4.44607	1.11251	0.025	-62.4597	161.298	3.53263	
0.619002	0.777687	0.025	-157.433	106.073	-12.021	
9.41198	1.54697	0.025	45.3682	219.605	-1.28449	
0.947871	0.806459	0.025	-115.61	179.971	1.79024	
9.02721	1.51331	0.025	-36.3803	191.205	-0.730559	
7.30931	1.36301	0.025	-20.7166	223.229	-11.9874	
7.58753	1.38735	0.025	-94.9717	213.69	5.05436	
15.5497	2.08395	0.025	-53.0732	255.45	-6.08007	
-0.584104	0.672429	0.025	-210.186	-118.3	14.139	
13.1907	1.87757	0.025	-24.2766	225.782	3.36195	
-1.46199	0.595624	0.025	-27.4928	-185.666	2.70166	
9.0114	1.51193	0.025	-28.9769	222.101	-3.4993	
5.30894	1.188	0.025	-47.9414	222.493	-5.81038	
3.71038	1.04815	0.025	-31.3964	189.807	-9.19297	
6.88098	1.32554	0.025	-14.1323	202.723	1.06717	
7.50156	1.37983	0.025	-78.3826	190.623	-10.1999	
0.604621	0.776429	0.025	-187.586	102.742	-7.63119	
7.2567	1.35841	0.025	-16.7967	202.415	-11.4102	
10.2345	1.61893	0.025	-44.662	211.182	3.83035	
17.1083	2.22032	0.025	-13.6105	254.432	-10.9746	
6.48128	1.29057	0.025	-16.2076	179.249	11.1628	
-0.436995	0.685299	0.025	-166.019	-108.732	-23.6464	
5.35039	1.19163	0.025	-26.1158	158.583	5.05623	
6.76759	1.31562	0.025	-66.6182	174.409	-6.57422	
-0.325823	0.695025	0.025	-228.212	-119.321	6.15832	
10.1833	1.61445	0.025	-61.783	202.804	-3.78349	
0.807016	0.794136	0.025	-162.037	187.575	12.9251	
4.91003	1.1531	0.025	-59.1709	165.964	-11.3599	
4.99281	1.16035	0.025	-52.3395	140.511	0.996556	
5.63431	1.21647	0.025	-82.1366	160.159	-13.1285	
9.25184	1.53296	0.025	-73.3125	245.931	-5.59849	
0.912713	0.803383	0.025	-71.9352	173.835	-5.53793	
-0.367037	0.69142	0.025	-177.741	-96.5811	7.04261	
6.77528	1.31629	0.025	-29.7606	186.457	-1.40598	
11.722	1.74908	0.025	-45.4676	215.007	-0.938975	
-0.241118	0.702436	0.025	-238.577	-85.6431	10.1481	
10.5699	1.64828	0.025	0.573997	237.364	12.5672	
0.678833	0.782921	0.025	-129.741	175.99	5.45116	
10.4435	1.63722	0.025	-74.2371	234.691	11.9682	
3.06433	0.991625	0.025	-67.3981	203.41	-8.67313	
0.591331	0.775266	0.025	-198.563	192.845	18.7612	
8.58324	1.47447	0.025	-71.6169	180.903	6.01959	
0.882553	0.800745	0.025	-55.0233	126.519	-12.8316	
-2.71102	0.486348	0.025	-97.3781	-188.427	-7.15121	
-0.493702	0.680338	0.025	-218.903	-71.7081	0.675274	
0.776775	0.79149	0.025	-242.58	70.5508	-26.5435	
11.1722	1.70097	0.025	-34.264	201.175	6.72031	
10.8943	1.67666	0.025	0.983207	215.606	-4.99507	
13.1081	1.87034	0.025	18.2495	188.881	-9.4269	
-0.256579	0.701083	0.025	-220.296	-19.2456	5.39866	
6.46151	1.28884	0.025	-30.2214	185.807	-4.68521	
9.17464	1.52621	0.025	-49.4021	198.015	-6.45258	
0.54936	0.771594	0.025	-211.705	51.7438	13.1965	
0.0334295	0.726456	0.025	-254.489	91.7434	17.1482	
-1.11629	0.625868	0.025	-16.8651	-139.699	1.4073	
1.64353	0.867322	0.025	-113.804	219.678	10.1755	
6.42351	1.28552	0.025	-0.176688	190.743	8.16672	
10.1241	1.60927	0.025	-50.5127	208.5	-1.05808	
8.21763	1.44248	0.025	-17.2293	188.447	-16.3043	
9.76343	1.57772	0.025	-37.5505	210.864	-2.95723	
-0.0917098	0.715508	0.025	-277.473	-85.02	8.29157	
7.14127	1.34831	0.025	-70.4111	210.623	-15.7226	
6.20836	1.26669	0.025	-53.3206	189.802	-6.57941	
-0.046647	0.71945	0.025	-253.157	-15.5693	0.230725	
11.6898	1.74625	0.025	-45.2332	257.068	-3.49718	
1.842	0.884685	0.025	-66.5957	135.538	-16.9013	
13.1178	1.87119	0.025	-39.8922	251.943	-5.30999	
-0.322666	0.695302	0.025	-215.818	-173.911	-22.4004	
0.58134	0.774392	0.025	-226.815	108.587	-13.0738	
-0.154312	0.710031	0.025	-231.794	-78.9822	5.71284	
0.321976	0.7517	0.025	-159.026	-20.6573	-13.2556	
-2.82491	0.476384	0.025	-26.6003	-232.279	-10.8228	
5.32446	1.18936	0.025	-72.9716	183.067	-4.68715	
-0.34801	0.693084	0.025	-179.734	-131.701	5.61337	
11.9983	1.77324	0.025	-76.3494	217.771	-6.35541	
5.64287	1.21722	0.025	-110.26	163.88	-8.13158	
10.7467	1.66374	0.025	-15.9903	193.02	5.0036	
-2.92393	0.46772	0.025	-65.6376	-177.184	4.74805	
9.29666	1.53688	0.025	-6.4959	213.423	0.782788	
6.86796	1.3244	0.025	-16.3948	225.376	-5.66436	
3.43342	1.02392	0.025	-85.0478	153.438	-3.88299	
5.49706	1.20446	0.025	-76.7175	176.387	-8.97928	
5.70922	1.22302	0.025	43.071	182.441	0.488357	
3.30008	1.01225	0.025	-109.665	158.562	-8.72118	
5.35866	1.19235	0.025	-53.7894	179.556	-8.03316	
3.54426	1.03361	0.025	-88.637	191.368	-23.65	
4.43864	1.11186	0.025	47.8295	200.344	13.1068	
4.2849	1.09841	0.025	9.37493	211.63	3.47322	
1.53174	0.857541	0.025	-124.773	123.976	-7.00429	
7.1561	1.34961	0.025	-70.4638	141.673	-7.08938	
7.20161	1.35359	0.025	-68.138	172.316	-6.74403	
0.984649	0.809677	0.025	-112.858	131.428	-1.27172	
7.52564	1.38194	0.025	-37.2437	179.65	18.3241	
12.3924	1.80773	0.025	26.0207	236.355	9.20878	
-1.51361	0.591107	0.025	4.98914	-227.866	4.24112	
3.1528	0.999366	0.025	-43.6324	173.644	12.6407	
3.4712	1.02722	0.025	-96.589	192.786	1.90071	
-0.518597	0.67816	0.025	-198.578	-166.47	-13.0868	
3.83209	1.0588	0.025	-2.09447	165.662	11.1495	
6.36964	1.2808	0.025	-37.0339	198.214	13.286	
0.654384	0.780782	0.025	-141.06	177.167	4.29635	
0.638893	0.779427	0.025	-198.809	173.109	8.81201	
8.50024	1.46721	0.025	-29.6269	194.886	8.02296	
2.41945	0.935206	0.025	-103.857	179.647	0.379282	
1.69291	0.871642	0.025	-107.631	160.868	1.73262	
9.1249	1.52186	0.025	-20.3899	203.724	-6.06719	
-2.53785	0.501498	0.025	27.7956	-148.263	-7.72117	
1.27623	0.835187	0.025	-105.497	176.105	-11.2125	
8.06069	1.42875	0.025	-8.19048	200.779	3.14582	
6.7574	1.31473	0.025	15.2447	184.905	4.94426	
5.75965	1.22744	0.025	-65.5853	143.977	-8.68278	
10.8963	1.67683	0.025	-35.2014	243.755	-5.1214	
4.65766	1.13102	0.025	-29.5212	191.276	0.897193	
-1.14435	0.623414	0.025	-149.087	-161.691	0.0222232	
-3.14065	0.44876	0.025	-58.7658	-194.758	5.74248	
-0.396363	0.688854	0.025	-300.923	-20.3496	-29.1513	
-0.414692	0.68725	0.025	-265.319	-18.8776	0.478773	
10.9938	1.68536	0.025	-36.6351	244.034	-18.0035	
0.355894	0.754668	0.025	-193.299	58.0359	-8.47557	
1.58369	0.862086	0.025	-139.439	128.491	-25.5329	
9.82506	1.58311	0.025	-71.4893	169.01	-14.7748	
1.37776	0.84407	0.025	-94.9708	115.963	-19.0123	
1.23789	0.831833	0.025	-76.1548	205.561	-1.38177	
1.03022	0.813664	0.025	-121.646	98.5229	-7.66125	
4.33494	1.10279	0.025	5.49623	192.354	-0.0760137	
6.67158	1.30722	0.025	-35.534	221.92	-4.43911	
6.74116	1.31331	0.025	-81.8858	216.849	11.0412	
0.679922	0.783017	0.025	-136.666	187.044	28.3625	
8.73145	1.48743	0.025	-34.2785	193.055	-1.99132	
10.2704	1.62208	0.025	-25.5972	231.066	-10.8889	
10.5186	1.64379	0.025	-52.0912	250.27	-13.2585	
2.89276	0.976615	0.025	-95.3723	151.856	0.633394	
4.84622	1.14752	0.025	-28.8628	166.888	11.091	
0.83597	0.796669	0.025	-105.942	206.032	-16.5028	
-0.0940726	0.715301	0.025	-230.102	-137.587	-8.68155	
11.0139	1.68712	0.025	16.6427	228.778	8.03031	
-0.439929	0.685042	0.025	-199.287	4.26674	4.27924	
-0.237356	0.702765	0.025	-193.101	-28.1058	-14.0716	
3.43225	1.02381	0.025	25.6847	200.154	1.2205	
0.0551968	0.72836	0.025	-122.494	47.8024	-11.3097	
-1.52766	0.589878	0.025	-75.1829	-220.167	-6.26108	
-0.0426161	0.719803	0.025	-240.899	-8.59015	-6.18257	
2.50085	0.942327	0.025	-85.1647	190.919	1.05562	
0.571455	0.773527	0.025	-206.784	102.496	-4.82789	
4.09146	1.08149	0.025	-78.7801	169.47	-13.3311	
10.606	1.65144	0.025	-54.2279	206.023	6.21786	
-0.732277	0.659465	0.025	-144.709	-88.7315	34.4895	
-0.710938	0.661332	0.025	-147.798	-119.913	11.6515	
1.49701	0.854502	0.025	-113.884	153.005	0.273483	
-0.11848	0.713166	0.025	-198.629	-32.3692	33.0662	
-5.742	0.221172	0.025	-29.3718	-193.968	0.479433	
7.36267	1.36768	0.025	-27.502	190.593	-1.98723	
-4.28769	0.348407	0.025	-23.9955	-196.325	15.7692	
0.231189	0.743758	0.025	-200.612	114.738	8.60594	
1.13013	0.822405	0.025	-89.1692	184.38	2.37592	
11.1251	1.69685	0.025	-34.0371	243.705	1.75028	
1.0412	0.814624	0.025	-176.325	131.801	-11.7499	
12.7666	1.84047	0.025	-32.9777	229.314	5.97632	
-1.00958	0.635205	0.025	-154.317	-158.631	-15.1134	
0.952682	0.80688	0.025	-114.253	137.373	-12.2657	
10.157	1.61216	0.025	-24.6021	210.578	-7.67214	
4.14604	1.08626	0.025	-77.3999	175.477	6.92541	
7.40173	1.3711	0.025	-24.6087	263.49	18.0498	
6.77395	1.31618	0.025	-43.1164	178.723	8.67765	
0.861844	0.798933	0.025	-123.02	138.173	8.91981	
1.46857	0.852015	0.025	-23.2824	173.572	-13.6867	
18.5095	2.3429	0.025	-27.1684	203.179	0.664803	
10.4185	1.63504	0.025	-21.1144	228.774	7.02718	
3.32894	1.01478	0.025	-30.9525	154.488	-4.93957	
1.38878	0.845033	0.025	-60.0396	180.313	2.60147	
1.48745	0.853666	0.025	-129.8	214.952	0.721945	
2.60838	0.951735	0.025	-75.4869	201.518	23.4941	
5.71086	1.22317	0.025	-51.4484	160.933	0.126324	
3.13487	0.997797	0.025	-32.2504	164.314	-10.7617	
2.85007	0.97288	0.025	-76.3201	172.448	-9.59514	
6.63849	1.30432	0.025	-56.2222	222.427	-6.87821	
14.5167	1.99358	0.025	-19.9625	238.314	2.87539	
10.0388	1.60181	0.025	3.53911	237.924	-0.506581	
-4.36547	0.341602	0.025	34.1483	-192.609	3.503	
12.9465	1.8562	0.025	-19.3314	203.333	-7.90487	
7.1621	1.35013	0.025	-23.2516	182.477	-6.86644	
12.1961	1.79055	0.025	-15.2785	214.265	8.64039	
12.4661	1.81418	0.025	-10.5346	230.663	-6.77267	
1.05656	0.815968	0.025	-111.754	225.625	-4.46355	
0.457591	0.763565	0.025	-154.895	106.818	25.1765	
0.223406	0.743077	0.025	-198.903	7.57272	6.31426	
0.506583	0.767852	0.025	-203.326	145.385	8.61235	
7.73299	1.40008	0.025	-34.9603	201.581	-1.14131	
4.98865	1.15998	0.025	-89.072	155.558	-9.64067	
7.76018	1.40246	0.025	-52.6819	175.602	-2.46418	
0.94871	0.806533	0.025	-81.5277	223.052	4.55212	
2.02004	0.900262	0.025	-31.6238	196.133	-8.02664	
10.4289	1.63594	0.025	-26.3075	204.819	-1.04508	
1.41129	0.847003	0.025	-91.8949	135.909	11.2736	
2.2833	0.923294	0.025	-104.823	140.706	2.15756	
-2.73713	0.484064	0.025	-15.0898	-221.961	-1.25549	
0.62169	0.777922	0.025	-189.174	95.5536	11.4852	
8.92397	1.50428	0.025	16.7565	171.394	3.96844	
-2.55642	0.499873	0.025	-8.15402	-190.027	-6.73049	
9.01567	1.5123	0.025	-32.9586	224.885	2.68354	
6.00429	1.24884	0.025	-26.2458	192.859	-4.93469	
0.923378	0.804316	0.025	-114.285	174.257	5.13761	
-0.612518	0.669943	0.025	-169.073	-155.618	9.42457	
9.37047	1.54334	0.025	-24.0982	194.77	7.10899	
6.25287	1.27059	0.025	2.38076	192.24	10.4531	
1.18369	0.827091	0.025	-52.142	191.044	-0.270068	
5.52577	1.20697	0.025	-4.61899	201.625	4.97518	
0.425661	0.760772	0.025	-184.034	17.6008	-7.95428	
11.6074	1.73904	0.025	-16.4771	248.109	9.49471	
4.55915	1.12241	0.025	-72.0048	178.544	3.66365	
-0.277266	0.699274	0.025	-222.746	68.622	24.5428	
7.69604	1.39685	0.025	-41.3306	185.848	-4.62053	
-3.5417	0.413673	0.025	-8.18517	-168.917	-2.59546	
5.5825	1.21194	0.025	-33.0028	153.205	0.271096	
-3.43387	0.423107	0.025	-15.1167	-185.481	0.664568	
-0.398231	0.688691	0.025	-175.952	-77.1945	10.6182	
11.2717	1.70968	0.025	-3.36353	215.071	12.6026	
-0.604585	0.670637	0.025	-223.855	-56.9584	8.27322	
11.4969	1.72938	0.025	0.411877	171.081	14.2327	
-2.61476	0.494769	0.025	-17.6724	-185.944	-11.1054	
13.772	1.92843	0.025	-37.1467	202.614	9.26772	
0.123204	0.73431	0.025	-220.386	24.4302	-0.680865	
0.330706	0.752464	0.025	-148.183	76.4455	-7.67462	
1.41248	0.847107	0.025	-45.9534	157.601	9.82311	
9.12385	1.52176	0.025	-76.5283	213.73	-3.34539	
4.89984	1.15221	0.025	-82.6038	136.26	-4.40421	
8.94855	1.50643	0.025	-42.13	234.187	3.59749	
-6.1792	0.182922	0.025	-5.8619	-166.637	-2.33784	
-0.124758	0.712616	0.025	-219.056	15.96	-9.24429	
11.4469	1.72501	0.025	-16.364	218.642	-3.6272	
1.94343	0.89356	0.025	-120.913	103.672	0.790984	
0.100752	0.732346	0.025	-248.261	61.8462	5.46239	
-0.586215	0.672244	0.025	-172.96	-172.725	-8.17557	
0.676118	0.782684	0.025	-156.228	165.295	-3.20895	
14.6017	2.00102	0.025	-12.1267	194.722	-7.07385	
-0.495715	0.680162	0.025	-177.087	-93.867	-16.8193	
-0.0400044	0.720031	0.025	-206.82	28.3396	3.59124	
4.87526	1.15006	0.025	-79.094	172.224	2.32786	
-1.80802	0.56535	0.025	-52.3013	-155.108	-12.0413	
6.32706	1.27708	0.025	-36.1909	247.493	-6.17573	
7.09008	1.34383	0.025	-83.322	213.628	1.91837	
7.33195	1.36499	0.025	-57.2507	215.722	-1.16172	
8.83625	1.4966	0.025	-54.7931	235.418	2.90762	
7.49442	1.37921	0.025	-10.707	161.042	-1.04654	
4.49661	1.11693	0.025	-46.6456	161.408	11.6148	
0.651025	0.780489	0.025	-232.493	155.097	0.489316	
8.1078	1.43287	0.025	6.05174	189.99	-2.81654	
3.22759	1.00591	0.025	-58.3455	186.532	-4.12537	
0.610323	0.776928	0.025	-184.988	111.152	-1.10844	
5.48749	1.20362	0.025	-81.32	199.067	-11.5315	
1.4015	0.846147	0.025	-73.7136	208.511	-8.5104	
2.64097	0.954586	0.025	-75.1865	151.219	5.34472	
3.70188	1.0474	0.025	-117.706	132.95	-1.0914	
9.01115	1.5119	0.025	6.85967	242.471	-17.2594	
15.8182	2.10744	0.025	-30.739	231.341	-2.21792	
-0.174095	0.7083	0.025	-166.059	-96.8456	-18.1549	
2.17636	0.913938	0.025	-70.1531	154.173	-6.04562	
8.56778	1.47312	0.025	-60.3558	223.893	-11.6071	
4.06272	1.07897	0.025	-25.6912	179.605	-12.3363	
0.195516	0.740637	0.025	-122.905	115.407	3.70454	
10.2142	1.61716	0.025	-57.985	194.85	5.02208	
1.20749	0.829173	0.025	-177.802	110.257	-5.20404	
-1.72	0.573051	0.025	-102.264	-157.842	-8.74519	
1.0668	0.816864	0.025	-195.205	148.877	15.8278	
4.11688	1.08371	0.025	-65.6034	204.09	2.35914	
-0.224528	0.703888	0.025	-220.216	-129.979	-11.2314	
-0.456904	0.683557	0.025	-218.191	-127.313	-2.48878	
7.94545	1.41867	0.025	-28.1631	215.985	-0.528013	
-0.312234	0.696214	0.025	-225.834	-37.7809	11.1514	
-5.3066	0.259264	0.025	-17.635	-203.073	-0.552237	
-2.77218	0.480997	0.025	-75.5052	-192.642	-2.82331	
1.90029	0.889785	0.025	-67.577	195.151	-5.63671	
11.1166	1.6961	0.025	-23.1375	225.1	5.31764	
1.89512	0.889333	0.025	-100.918	185.052	-0.172235	
4.39429	1.10798	0.025	-53.1668	166.343	9.3069	
2.52979	0.944859	0.025	-56.793	197.79	-9.36719	
-1.35216	0.605232	0.025	-100.564	-185.081	8.64823	
3.3705	1.01841	0.025	-114.275	189.717	-8.61946	
0.142829	0.736027	0.025	-186.051	40.7702	18.8336	
4.42459	1.11063	0.025	-21.1852	193.104	-14.2456	
7.32109	1.36404	0.025	-22.7208	209.939	-0.175368	
-1.30475	0.609381	0.025	1.17417	-211.143	13.2386	
2.39321	0.93291	0.025	-4.24266	207.613	8.20139	
16.528	2.16954	0.025	-41.3348	229.796	-2.0017	
13.0242	1.863	0.025	-10.6327	214.601	-7.31641	
5.00554	1.16146	0.025	-71.1578	170.085	-8.27212	
1.46856	0.852014	0.025	-139.868	167.174	-11.2861	
7.516	1.3811	0.025	-1.84548	202.283	-4.28965	
4.93258	1.15508	0.025	-52.8824	230.798	-5.29888	
1.83815	0.884348	0.025	-124.94	165.881	2.38655	
0.115544	0.73364	0.025	-235.797	-38.8534	-1.56829	
-1.43969	0.597575	0.025	-111.452	-244.029	10.6829	
8.12059	1.43399	0.025	-38.9106	196.943	-2.08372	
7.78543	1.40467	0.025	-21.654	220.988	-1.67777	
5.60475	1.21388	0.025	-52.2854	203.057	11.8333	
-0.205573	0.705546	0.025	-207.375	-78.1066	0.135884	
-2.13054	0.537133	0.025	-17.3741	-147.511	-1.35432	
0.375215	0.756358	0.025	-176.277	173.29	14.6335	
0.195901	0.74067	0.025	-139.775	85.1414	-3.53085	
0.446456	0.762591	0.025	-168.608	107.958	5.71243	
-2.86541	0.472841	0.025	-59.8247	-137.176	-3.95481	
-1.48642	0.593486	0.025	-128.415	-127.664	-5.4922	
2.47582	0.940138	0.025	-103.187	148.755	12.1776	
-0.124644	0.712626	0.025	-185.96	-119.64	-21.4212	
8.89872	1.50207	0.025	-79.1349	188.602	-4.57813	
8.58	1.47418	0.025	-46.2369	159.091	2.45941	
9.57129	1.56091	0.025	-38.2688	219.999	-1.94895	
0.0708882	0.729733	0.025	-238.662	13.289	-0.353955	
8.75337	1.48935	0.025	-39.3585	218.291	6.60839	
5.02681	1.16332	0.025	-88.3151	170.808	-1.54939	
1.04852	0.815265	0.025	-102.082	187.179	-13.0467	
2.12179	0.909164	0.025	-19.958	216.58	3.14738	
-3.6207	0.406761	0.025	30.7828	-182.574	2.73711	
1.18827	0.827492	0.025	-120.135	92.9439	-12.7855	
2.78999	0.967624	0.025	-30.059	164.407	1.14011	
6.31554	1.27607	0.025	-53.538	202.721	-6.97646	
2.28933	0.923822	0.025	-93.0435	168.491	2.06166	
6.13359	1.26015	0.025	-47.1834	165.21	3.81898	
-5.78368	0.217525	0.025	14.2109	-180.902	11.6302	
11.2393	1.70684	0.025	-71.5225	205.59	7.50226	
1.14866	0.824026	0.025	-122.936	236.678	-12.9605	
8.71893	1.48634	0.025	-43.8593	173.94	1.55139	
3.24058	1.00705	0.025	-93.5521	179.602	3.40663	
14.3607	1.97993	0.025	-55.086	200.282	3.02095	
1.89796	0.889582	0.025	-34.7435	156.446	3.38111	
5.3282	1.18969	0.025	-104.669	207.305	-1.51677	
3.07517	0.992574	0.025	-78.1007	134.216	0.273868	
1.67593	0.870156	0.025	-142.787	203.965	-7.53882	
8.56849	1.47318	0.025	-17.4881	252.259	-1.13808	
7.45837	1.37605	0.025	-41.7638	198.543	-8.9583	
3.52023	1.03151	0.025	-56.7664	160.521	6.19454	
-3.32624	0.432523	0.025	-35.3737	-164.852	-1.72461	
-0.59448	0.671521	0.025	-248.102	-39.9964	-8.20809	
8.28692	1.44854	0.025	-9.69649	199.354	-8.07798	
10.3768	1.63138	0.025	-42.1859	200.168	1.16868	
7.86508	1.41164	0.025	-29.9507	193.699	-1.70097	
5.81044	1.23188	0.025	-42.5632	181.292	-6.30536	
5.0286	1.16348	0.025	-20.8703	178.707	-4.6819	
5.02176	1.16288	0.025	-99.5145	200.368	-4.68967	
0.519377	0.768971	0.025	-177.355	207.15	5.19185	
0.963017	0.807784	0.025	-128.047	158.425	10.3934	
-0.864853	0.647866	0.025	-107.908	-217.225	20.7626	
1.78361	0.879577	0.025	-97.0318	168.875	-4.00147	
7.374	1.36867	0.025	-18.0529	198.049	1.86463	
0.956731	0.807234	0.025	-0.224625	220.87	-15.4697	
-2.50824	0.504089	0.025	-49.5563	-165.935	-0.392512	
10.9438	1.68099	0.025	-92.3153	178.642	-0.489756	
6.49502	1.29177	0.025	14.3874	171.426	-6.90158	
21.0897	2.56864	0.025	-51.7959	218.621	-0.0475586	
19.6628	2.44381	0.025	-4.18676	219.363	-6.47809	
0.239303	0.744468	0.025	-83.3601	78.9307	-9.85875	
-0.275718	0.699409	0.025	-252.684	-5.81323	40.5119	
0.539634	0.770743	0.025	-182.388	68.2897	-7.26259	
12.6435	1.82969	0.025	-44.3421	213.444	-14.6881	
9.70114	1.57227	0.025	-61.1227	191.446	-7.4206	
8.02239	1.4254	0.025	-27.8343	234.166	16.6076	
2.29521	0.924336	0.025	-117.494	133.85	-6.90349	
9.95079	1.59411	0.025	-38.8434	231.616	2.96449	
1.93262	0.892614	0.025	-94.072	160.533	2.9385	
6.05189	1.253	0.025	3.28095	143.434	-0.485064	
-0.411086	0.687566	0.025	-131.864	-62.2097	14.5195	
5.62705	1.21583	0.025	-77.2459	184.887	5.85221	
8.61888	1.47759	0.025	19.424	214.414	1.21922	
7.59925	1.38838	0.025	-16.7288	212.056	5.80238	
5.59201	1.21277	0.025	-38.3134	195.977	3.68999	
0.875819	0.800155	0.025	-97.0702	208.248	4.02378	
7.26453	1.3591	0.025	-79.5389	193.04	10.5928	
7.76949	1.40327	0.025	-46.164	195.115	7.20498	
4.66619	1.13177	0.025	-47.2228	194.684	2.44751	
7.64213	1.39213	0.025	-49.2975	178.085	-18.9757	
5.83072	1.23365	0.025	-55.9529	218.075	-2.03742	
-0.424733	0.686372	0.025	-62.9799	-211.249	-7.1465	
5.20959	1.17931	0.025	-32.8075	163.086	3.42487	
9.02745	1.51333	0.025	-50.4457	181.736	-1.17671	
4.47087	1.11468	0.025	-39.4132	157.873	-5.18788	
1.36899	0.843302	0.025	-60.8467	185.017	-10.0114	
-0.563456	0.674235	0.025	-141.319	-181.808	-10.1361	
-2.20997	0.530184	0.025	-0.0301479	-192.31	-17.9469	
9.68199	1.5706	0.025	10.1877	222.774	-2.34495	
-1.69513	0.575226	0.025	-46.4473	-236.616	-8.97194	
9.881	1.58801	0.025	-14.301	228.927	-9.56632	
-0.0264099	0.721221	0.025	-255.512	-21.3216	4.09271	
1.3809	0.844344	0.025	-70.2338	230.813	0.0368599	
1.93967	0.89323	0.025	-119.944	145.632	-0.819696	
0.14211	0.735964	0.025	-152.023	155.155	13.7052	
-3.65808	0.403491	0.025	-15.7082	-200.972	-12.8835	
13.017	1.86237	0.025	-39.36	231.922	2.80089	
7.66976	1.39455	0.025	-37.1811	199.042	0.292392	
8.47219	1.46475	0.025	-23.0542	233.534	-0.564841	
-4.98458	0.287437	0.025	-19.4234	-184.299	-2.41627	
9.80228	1.58112	0.025	-30.0412	229.529	6.47957	
29.71	3.32282	0.025	-6.16449	251.974	-2.39196	
21.8231	2.63281	0.025	-26.8015	230.421	2.20696	
4.62164	1.12787	0.025	-111.11	155.752	2.08275	
8.61399	1.47716	0.025	-21.3598	206.651	-0.691641	
9.73383	1.57513	0.025	15.8301	195.514	1.73469	
7.62802	1.3909	0.025	-35.7167	202.18	-8.84609	
1.40747	0.846669	0.025	-163.498	206.421	17.1344	
12.2792	1.79783	0.025	-75.7769	230.246	-7.87813	
-0.325224	0.695078	0.025	-239.749	-46.722	-0.12258	
4.82056	1.14528	0.025	-13.4747	194.098	3.47005	
-0.425223	0.686329	0.025	-52.9214	-182.069	-19.2455	
1.58807	0.862469	0.025	-24.1684	248.63	1.26967	
3.75158	1.05175	0.025	-104.822	174.053	-8.11821	
0.0116096	0.724547	0.025	-238.934	-35.8384	0.156671	
5.62769	1.21589	0.025	-46.5147	160.745	-0.589584	
6.33691	1.27794	0.025	-30.0271	206.609	0.0966013	
0.367339	0.755669	0.025	-159.684	15.3168	-1.26806	
13.1744	1.87614	0.025	-57.2274	224.028	10.9119	
1.67823	0.870357	0.025	-72.5333	198.751	3.62998	
8.10984	1.43305	0.025	-27.2487	203.544	5.33173	
-0.731075	0.65957	0.025	-65.9283	-195.623	-13.3308	
7.55076	1.38414	0.025	-47.2211	187.247	-13.5921	
9.4666	1.55175	0.025	8.32546	230.636	2.52097	
3.76927	1.0533	0.025	-45.974	204.688	-7.75081	
-0.304316	0.696907	0.025	-181.833	-32.2562	5.89829	
1.92871	0.892271	0.025	-101.561	198.886	18.1784	
-1.61125	0.582565	0.025	-5.30071	-218.362	12.031	
-0.303012	0.697021	0.025	-190.866	4.49954	20.5185	
6.33733	1.27798	0.025	-15.1109	199.321	3.02933	
4.05503	1.0783	0.025	-56.6601	168.341	-15.2219	
6.64549	1.30494	0.025	-63.8417	182.515	13.0192	
2.22313	0.91803	0.025	-128.304	162.606	9.57401	
10.8497	1.67276	0.025	-31.9606	218.795	-11.1854	
8.77968	1.49165	0.025	-22.0565	208.175	17.4012	
4.39264	1.10784	0.025	-9.91686	162.242	8.36526	
-0.278576	0.699159	0.025	-151.643	-90.9306	3.66257	
8.09496	1.43175	0.025	-58.0918	180.556	5.50484	
9.16949	1.52576	0.025	-1.99209	202.923	-12.0723	
4.41894	1.11014	0.025	-56.6649	187.531	0.562891	
-1.00068	0.635983	0.025	-137.523	-135.438	-9.35639	
-3.03639	0.457881	0.025	-19.0763	-168.495	7.85645	
7.91192	1.41573	0.025	-82.5325	155.706	11.3451	
8.51947	1.46889	0.025	-47.3306	201.238	1.59612	
1.90411	0.890119	0.025	-90.0385	206.957	1.5372	
-0.157565	0.709746	0.025	-113.348	14.0762	-15.9316	
2.09521	0.906838	0.025	-99.5031	154.245	-1.26225	
4.28254	1.09821	0.025	-51.4228	151.137	-18.9916	
3.15575	0.999624	0.025	-65.3575	156.593	6.21016	
5.58585	1.21223	0.025	-65.2832	195.046	-3.03225	
-0.140597	0.711231	0.025	-223.552	97.4258	12.8	
-0.67211	0.664729	0.025	-144.09	-39.1158	8.17358	
7.00578	1.33646	0.025	-73.1272	221.847	5.91969	
6.3091	1.27551	0.025	-3.07689	184.604	7.05965	
5.36029	1.1925	0.025	-40.285	209.869	7.25296	
5.34102	1.19081	0.025	-95.2346	160.542	-4.82084	
3.96269	1.07022	0.025	-77.1379	182.696	-5.71742	
8.41401	1.45966	0.025	-57.954	195.168	-16.6006	
0.0197819	0.725262	0.025	-251.816	0.271508	-22.3778	
0.27335	0.747446	0.025	-159.664	77.6702	-4.02503	
8.08797	1.43114	0.025	-53.8679	231.996	-7.53969	
-3.32809	0.432361	0.025	-39.9284	-193.545	8.76928	
9.58225	1.56187	0.025	-17.5968	237.671	-1.73295	
9.67117	1.56965	0.025	6.46997	172.395	-5.45501	
2.78518	0.967203	0.025	-109.323	203.37	3.79383	
3.22637	1.0058	0.025	-10.5024	216.337	-2.84997	
16.6406	2.17939	0.025	-64.8219	239.989	2.19106	
3.98883	1.07251	0.025	-44.2008	205.72	10.284	
2.43916	0.93693	0.025	-51.6065	182.391	-7.40863	
4.5738	1.12369	0.025	-128.418	167.068	1.23258	
-4.07399	0.367103	0.025	-65.2875	-141.532	6.55706	
0.270731	0.747217	0.025	-248.881	66.7438	-22.2162	
-0.135098	0.711712	0.025	-260.569	-24.1528	-0.618903	
-2.62857	0.493561	0.025	-103.449	-173.154	-2.82603	
0.028425	0.726018	0.025	-232.406	45.8642	-24.5648	
3.96805	1.07069	0.025	-66.3317	168.351	-13.4578	
8.27963	1.44791	0.025	-33.5336	180.006	1.55639	
4.84754	1.14764	0.025	-70.6623	264.772	6.05112	
10.0267	1.60075	0.025	-29.6678	210.348	15.9985	
2.629	0.953539	0.025	-89.6407	179.481	-3.13646	
4.91929	1.15391	0.025	8.91312	194.857	21.8149	
-0.885642	0.646048	0.025	-68.1675	-196.765	-17.6605	
3.44624	1.02504	0.025	-6.25368	204.741	11.9236	
5.64948	1.2178	0.025	-23.1603	220.473	0.0836574	
1.52073	0.856578	0.025	-48.3726	183.859	7.27368	
-1.16352	0.621736	0.025	-106.293	-164.012	-11.6557	
12.1119	1.78318	0.025	-44.7197	204.936	1.59089	
14.8319	2.02115	0.025	-61.9891	199.529	-9.03526	
5.99374	1.24792	0.025	-63.7489	170.013	6.93674	
9.34076	1.54074	0.025	-59.9177	197.452	1.66384	
8.3873	1.45732	0.025	-59.5995	232.196	0.711264	
0.923915	0.804363	0.025	-101.01	136.551	-0.309856	
6.86121	1.32381	0.025	-35.2374	210.481	3.81643	
1.37088	0.843468	0.025	-61.4882	152.61	5.83243	
2.08066	0.905565	0.025	-75.2381	178.176	-13.8386	
7.75425	1.40194	0.025	-67.1717	178.004	-8.02167	
3.66456	1.04414	0.025	-45.5176	153.13	-4.31453	
1.35782	0.842325	0.025	-124.399	148.645	-10.3517	
5.88809	1.23867	0.025	-51.2545	186.533	-0.935463	
4.60143	1.1261	0.025	-53.4589	176.842	-4.99674	
-0.807435	0.65289	0.025	-66.9203	-149.056	11.5874	
6.04689	1.25257	0.025	-16.5682	184.653	-13.8072	
3.82592	1.05826	0.025	-108.2	213.185	-5.83897	
1.75889	0.877414	0.025	-144.237	178.881	-14.216	
0.220932	0.74286	0.025	-156.52	5.7879	12.8103	
2.01576	0.899888	0.025	-102.797	178.274	-12.3166	
6.1936	1.2654	0.025	-36.2293	185.257	16.2352	
7.27423	1.35994	0.025	-38.3922	193.133	3.11001	
7.02875	1.33847	0.025	-9.25355	246.501	-1.84398	
-0.427399	0.686139	0.025	-115.193	-143.005	-11.1019	
8.28229	1.44814	0.025	-7.86236	198.201	6.70203	
7.62855	1.39094	0.025	-41.4805	174.208	-2.017	
2.35925	0.929939	0.025	-100.5	167.432	16.1783	
6.08512	1.25591	0.025	-38.4999	156.502	-6.02133	
8.625	1.47812	0.025	-24.9038	167.546	6.75637	
0.531546	0.770035	0.025	-138.504	141.361	-20.6767	
-0.8591	0.64837	0.025	-162.368	-157.793	-10.8767	
5.01863	1.1626	0.025	-53.5383	194.304	19.6932	
3.90984	1.0656	0.025	-54.3959	204.282	8.27772	
7.546	1.38372	0.025	-53.91	203.074	-6.21239	
4.41357	1.10967	0.025	-59.0112	196.055	-17.9071	
0.124718	0.734443	0.025	-157.414	156.515	22.8331	
-0.0376444	0.720238	0.025	-153.295	-117.204	-4.27753	
11.4868	1.72849	0.025	-29.251	222.208	-6.65484	
5.04589	1.16499	0.025	-50.827	180.948	3.31542	
13.247	1.88249	0.025	-55.3246	231.409	-6.91167	
-0.0633283	0.717991	0.025	-276.874	-88.3458	4.31856	
-4.84352	0.299778	0.025	57.4458	-209.705	-5.42635	
6.39527	1.28305	0.025	-91.6075	173.529	0.00385008	
-3.01514	0.459741	0.025	-15.1468	-227.738	5.01267	
8.68345	1.48323	0.025	-1.77761	218.564	-13.2409	
2.28975	0.923858	0.025	-27.3307	216.712	13.9525	
8.6034	1.47623	0.025	-28.2476	198.043	1.3451	
5.43268	1.19883	0.025	-74.2816	200.251	5.68052	
4.50189	1.1174	0.025	-26.0427	208.006	-9.49939	
10.5568	1.64713	0.025	-3.26788	222.354	1.58899	
-1.05759	0.631004	0.025	-102.728	-97.8029	-0.359942	
9.04946	1.51526	0.025	-25.0331	187.728	-13.6221	
2.46037	0.938786	0.025	-74.7293	175.521	-10.2048	
-5.54112	0.238746	0.025	-54.8225	-189.664	-12.6214	
6.43795	1.28678	0.025	-41.2145	191.562	11.2987	
10.5189	1.64382	0.025	-83.9498	218.223	-6.56061	
7.89668	1.4144	0.025	-48.6573	197.641	5.0762	
5.90092	1.23979	0.025	-25.2919	215.412	-1.62573	
5.91659	1.24117	0.025	-31.439	217.397	-5.52318	
1.66938	0.869583	0.025	-103.541	189.25	-12.524	
8.6597	1.48116	0.025	-30.8871	182.733	-10.132	
10.5957	1.65054	0.025	-46.5731	231.016	-3.7575	
-0.00931358	0.722716	0.025	-215.858	147.359	8.69526	
-5.12888	0.274812	0.025	-42.4923	-178.152	5.52345	
-1.95718	0.5523	0.025	-24.2509	-183.697	-6.52314	
7.47379	1.3774	0.025	-45.385	182.12	8.8504	
-1.54455	0.588401	0.025	-107.984	-152.297	8.09863	
0.475338	0.765118	0.025	-176.419	20.8923	2.38083	
4.0563	1.07841	0.025	-78.1103	227.114	6.86241	
-1.75055	0.570378	0.025	-52.6202	-215.574	12.8127	
2.64201	0.954677	0.025	-103.365	194.173	2.16569	
-1.84164	0.562408	0.025	0.136665	-193.169	-2.11	
2.32705	0.927122	0.025	-92.8021	129.294	-10.3295	
-5.31386	0.258629	0.025	-13.0037	-160.441	1.45562	
6.94947	1.33153	0.025	-17.5575	154.326	2.51127	
4.71573	1.1361	0.025	-90.1801	214.672	2.60416	
-1.06846	0.630053	0.025	-169.167	-179.15	2.82492	
12.891	1.85134	0.025	-31.0523	242.63	9.1541	
-0.578642	0.672907	0.025	-248.636	-76.7357	-3.83391	
-1.57535	0.585706	0.025	-16.8252	-199.396	14.8109	
5.24627	1.18252	0.025	-60.3086	187.749	15.0105	
0.352847	0.754401	0.025	-209.589	62.8381	7.44151	
-2.04486	0.54463	0.025	-36.3339	-230.924	14.4037	
9.82682	1.58327	0.025	-50.933	198.362	7.82036	
1.37281	0.843637	0.025	-89.6137	178.484	3.30292	
-0.885127	0.646093	0.025	-95.943	-227.3	-5.9913	
2.50035	0.942283	0.025	-39.9972	184.56	-15.5659	
4.94239	1.15593	0.025	-41.5901	147.626	7.72787	
1.01764	0.812563	0.025	-149.962	105.205	-10.5844	
3.13693	0.997977	0.025	-56.2407	150.591	7.81446	
-0.399729	0.68856	0.025	-220.674	-26.4901	9.85836	
12.6753	1.83248	0.025	-15.7583	207.778	-3.35963	
2.94986	0.98161	0.025	-92.1884	187.571	-3.16704	
-0.277372	0.699264	0.025	-253.122	-130.361	8.07008	
17.2364	2.23152	0.025	-56.0949	217.327	-17.1508	
1.00994	0.811889	0.025	-160.365	126.217	-10.585	
12.0344	1.77641	0.025	-11.0419	200.251	0.695716	
-0.252448	0.701445	0.025	-210.706	-2.83487	-2.70801	
5.16303	1.17524	0.025	-36.291	148.747	-0.652557	
9.51488	1.55598	0.025	-53.9673	228.305	-2.7169	
4.54828	1.12145	0.025	-83.5149	212.631	-3.72858	
8.84201	1.49711	0.025	-44.8927	193.517	-6.83893	
9.4066	1.5465	0.025	-14.4702	227.974	-11.2984	
3.96767	1.07066	0.025	-47.278	206.505	-7.94474	
2.26351	0.921562	0.025	-96.6913	166.724	-8.38643	
11.3254	1.71437	0.025	5.88471	195.855	-7.1979	
-0.213414	0.70486	0.025	-197.657	-28.8974	0.702922	
7.6754	1.39504	0.025	-45.1226	208.29	-10.3509	
0.512939	0.768408	0.025	-207.437	114.295	-24.4654	
-1.86913	0.560003	0.025	-95.1527	-191.861	-8.53147	
22.3421	2.67821	0.025	22.6399	248.562	-2.15014	
1.62666	0.865845	0.025	-91.7366	199.096	1.81085	
7.27453	1.35997	0.025	-64.1866	159.295	-3.04437	
4.554	1.12195	0.025	-15.3576	190.956	-4.59847	
9.0653	1.51664	0.025	-19.1623	199.162	10.2137	
6.68231	1.30816	0.025	-30.3771	205.481	6.52959	
1.79096	0.88022	0.025	-40.4691	168.615	-1.39895	
3.52537	1.03196	0.025	-24.3411	155.424	-5.28576	
8.67313	1.48233	0.025	-53.4951	138.133	0.733093	
6.03522	1.25154	0.025	-61.2107	176.76	-4.35953	
-1.71884	0.573152	0.025	-109.643	-158.435	27.4008	
1.59066	0.862696	0.025	-132.999	154.54	1.11328	
-4.13785	0.361516	0.025	7.51929	-176.009	-2.79323	
8.27707	1.44768	0.025	-55.3679	160.182	-4.82141	
5.33052	1.18989	0.025	-58.0541	163.8	-3.78454	
0.149365	0.736599	0.025	-192.163	18.9004	19.6934	
3.75525	1.05207	0.025	-93.5527	175.273	-14.0258	
8.25273	1.44555	0.025	-33.0014	182.841	1.61088	
11.0159	1.6873	0.025	-6.86769	223.373	1.5265	
5.61543	1.21482	0.025	-44.152	188.247	6.49212	
4.12154	1.08412	0.025	-78.6481	153.331	-1.98121	
11.4763	1.72758	0.025	-79.4684	188.278	-5.9703	
8.04295	1.4272	0.025	-37.2342	176.64	9.0841	
0.271511	0.747285	0.025	-168.438	138.344	-9.47182	
6.77906	1.31662	0.025	-41.8105	188.375	-17.0521	
6.93522	1.33028	0.025	-9.57121	156.124	1.74657	
2.45236	0.938085	0.025	-61.0628	185.259	16.2119	
-0.384678	0.689876	0.025	-227.666	-180.776	5.5359	
1.80322	0.881292	0.025	-80.5899	162.198	-0.598896	
1.21048	0.829435	0.025	-116.905	180.237	-6.17738	
11.3134	1.71332	0.025	27.3351	241.22	5.82076	
8.93271	1.50504	0.025	4.83184	228.801	6.71868	
2.69632	0.959429	0.025	-69.5788	208.039	-17.4894	
-0.863227	0.648009	0.025	-151.377	-93.1696	-7.68344	
-2.9905	0.461897	0.025	25.1358	-226.502	-2.12976	
1.48011	0.853024	0.025	-85.8405	107.547	20.0022	
-1.89041	0.558141	0.025	-109.093	-186.05	1.64032	
-2.49912	0.504886	0.025	-81.9306	-153.857	18.6016	
10.5693	1.64822	0.025	-35.7833	204.447	-0.774833	
7.76528	1.40291	0.025	-25.4083	144.958	-4.28335	
11.2891	1.7112	0.025	-48.4125	230.697	-4.10846	
10.1072	1.6078	0.025	-61.6297	179.824	-13.047	
0.392053	0.757831	0.025	-149.792	156.147	13.3414	
-1.22005	0.616791	0.025	-110.725	-186.098	-12.5428	
3.60073	1.03855	0.025	-60.8719	164.174	-4.36629	
14.723	2.01163	0.025	-27.9976	259.653	-5.10418	
8.73315	1.48758	0.025	50.1263	189.605	1.41134	
2.13191	0.910049	0.025	-55.4758	210.766	5.97734	
1.36766	0.843186	0.025	-102.455	121.76	-18.4219	
0.512474	0.768367	0.025	-178.121	152.29	0.882857	
6.68546	1.30843	0.025	-49.3934	183.79	-7.47215	
3.19116	1.00272	0.025	-99.7543	137.482	-7.0658	
-0.674858	0.664489	0.025	-205.229	-70.4128	17.2037	
3.92594	1.06701	0.025	-109.361	165.575	-11.745	
8.0301	1.42607	0.025	-11.4118	205.274	-11.0305	
8.54449	1.47108	0.025	-59.9979	190.85	-1.72637	
0.0693084	0.729595	0.025	-209.251	-35.612	-9.31836	
13.0035	1.86119	0.025	-22.5204	216.165	7.01117	
4.82614	1.14576	0.025	-6.79399	179.155	-2.31705	
9.30381	1.53751	0.025	-34.7819	217.537	11.844	
-0.0646234	0.717877	0.025	-225.652	-108.019	-15.029	
6.18993	1.26508	0.025	-20.9831	209.471	1.84255	
8.8504	1.49784	0.025	-59.3901	199.178	5.83397	
1.59288	0.86289	0.025	-62.4762	201.757	-3.41345	
4.91534	1.15357	0.025	-46.1099	199.526	-7.91848	
1.45636	0.850946	0.025	-163.738	155.614	-10.0875	
12.7736	1.84108	0.025	-15.6506	211.81	4.98598	
3.73815	1.05058	0.025	-14.8316	212.138	16.5453	
8.76218	1.49012	0.025	-51.4834	212.967	1.90172	
6.30193	1.27488	0.025	-53.4385	189.279	5.13391	
6.8917	1.32648	0.025	-24.3324	136.036	9.51905	
-5.28729	0.260953	0.025	-17.8014	-211.487	-5.37162	
-0.525989	0.677513	0.025	-253.988	-89.96	-5.61352	
6.3537	1.27941	0.025	-136.839	197.446	3.97628	
4.3023	1.09993	0.025	-80.3514	180.724	11.1861	
11.7928	1.75527	0.025	-39.8598	245.177	-5.17961	
7.8956	1.41431	0.025	-51.0012	173.025	-6.95898	
9.51819	1.55627	0.025	-83.6513	234.823	9.68125	
6.04298	1.25222	0.025	-63.5349	208.899	5.24827	
2.90804	0.977951	0.025	-68.9615	130.14	-1.06525	
-0.158272	0.709684	0.025	-242.569	71.6653	33.9416	
8.59994	1.47593	0.025	-51.5436	182.127	9.22648	
5.98481	1.24713	0.025	-68.1052	195.268	7.65842	
10.5641	1.64777	0.025	-54.2289	216.477	4.17332	
8.14068	1.43575	0.025	-54.6783	196.398	-3.19763	
5.36293	1.19273	0.025	-28.107	182.24	4.89253	
1.52146	0.856641	0.025	-122.579	184.873	2.82023	
11.0846	1.69331	0.025	-19.3209	223.814	-16.7141	
5.8266	1.23329	0.025	-46.1732	172.558	-5.69832	
6.53721	1.29546	0.025	-87.261	219.788	-2.31439	
-2.79055	0.479389	0.025	4.01817	-184.437	6.09663	
0.747765	0.788952	0.025	-114.016	145.929	-2.65356	
-0.27136	0.69979	0.025	-159.277	-193.27	-8.75281	
2.0347	0.901544	0.025	-53.3475	193.841	-4.88765	
2.59415	0.95049	0.025	-109.938	175.072	-9.60382	
8.70081	1.48475	0.025	-51.182	212.157	11.9905	
-1.63789	0.580235	0.025	-85.2935	-198.611	10.8321	
8.53644	1.47037	0.025	-63.8388	197.323	-2.23908	
-2.09924	0.539872	0.025	-138.381	-187.321	-3.69949	
7.746	1.40122	0.025	-66.5667	217.932	-14.4751	
0.872455	0.799861	0.025	-102.601	173.333	-6.68392	
-0.0488453	0.719258	0.025	-211.342	-7.32797	3.60181	
2.53575	0.94538	0.025	-42.7884	188.722	-14.1509	
7.52573	1.38195	0.025	7.89244	186	11.4607	
-5.51703	0.240854	0.025	-5.60625	-198.405	17.0512	
0.496332	0.766955	0.025	-86.2187	236.5	-21.0829	
5.25456	1.18325	0.025	-7.23577	234.852	-1.15344	
0.934862	0.805321	0.025	-23.7815	181.81	-2.65766	
-2.60952	0.495228	0.025	-25.6467	-189.628	-15.763	
9.32159	1.53906	0.025	-43.6927	187.841	9.15952	
-3.48653	0.418499	0.025	-69.5188	-175.584	-3.34079	
1.83378	0.883966	0.025	-71.9	226.852	3.83994	
0.877873	0.800335	0.025	-176.988	170.966	-11.7131	
-2.89754	0.470029	0.025	-9.40763	-177.431	0.355843	
8.20734	1.44158	0.025	-12.5642	199.497	-0.0381074	
0.212425	0.742116	0.025	-125.571	96.7749	10.8559	
11.963	1.77016	0.025	-55.9462	207.232	5.01479	
0.249271	0.74534	0.025	-166.272	76.1942	-4.64633	
0.046319	0.727584	0.025	-187.502	2.65219	-0.67631	
8.96685	1.50803	0.025	-41.2363	182.321	-2.90917	
1.7537	0.876961	0.025	-70.2059	128.985	8.33074	
7.72454	1.39934	0.025	-21.2133	221.785	8.07357	
4.66772	1.1319	0.025	1.82972	170.651	5.91035	
0.864627	0.799176	0.025	-199.371	177.713	-3.35759	
0.187783	0.73996	0.025	-221.199	45.1296	4.21208	
4.19681	1.0907	0.025	-17.1682	178.983	-17.1186	
6.15472	1.262	0.025	-0.25899	170.845	6.57215	
8.45143	1.46294	0.025	-40.2016	196.497	7.84237	
7.07537	1.34255	0.025	-74.4992	200.819	-9.74273	
-0.591722	0.671762	0.025	-179.331	-140.701	14.6239	
-1.29967	0.609825	0.025	-69.7016	-205.61	13.588	
11.0897	1.69376	0.025	-62.5203	226.595	4.33633	
2.4605	0.938797	0.025	-107.993	203.318	10.7729	
9.15121	1.52416	0.025	-13.9463	230.761	-4.50724	
-0.864146	0.647928	0.025	-188.912	-125.915	-4.54968	
10.0181	1.6	0.025	-23.5744	212.282	-9.08228	
-4.80585	0.303074	0.025	-47.8666	-147.42	-4.98716	
7.82914	1.40849	0.025	-43.1081	198.298	6.41852	
8.38571	1.45719	0.025	30.1694	185.859	-15.8575	
7.33471	1.36524	0.025	-30.2244	169.741	-11.1868	
1.12494	0.821951	0.025	-195.46	91.6647	-2.50559	
4.29173	1.09901	0.025	-20.3778	215.077	4.31818	
12.8561	1.84829	0.025	-29.5931	189.436	0.866429	
3.79582	1.05562	0.025	-32.5758	148.187	-3.5589	
0.908034	0.802974	0.025	-74.3517	119.286	30.7185	
6.32419	1.27683	0.025	-5.29769	225.278	0.390583	
-2.27907	0.524138	0.025	19.4083	-166.431	-11.1798	
6.89897	1.32711	0.025	-2.74199	181.492	-0.327262	
4.02453	1.07563	0.025	14.7007	159.637	11.9892	
0.466106	0.76431	0.025	-190.162	36.388	4.80647	
0.319278	0.751464	0.025	-147.239	-26.5321	-18.5765	
8.91979	1.50391	0.025	-40.2911	180.314	7.13814	
7.86379	1.41152	0.025	-5.73997	187.567	8.38235	
-0.766984	0.656429	0.025	-108.75	-144.607	13.1338	
2.01811	0.900093	0.025	-37.2995	233.711	-0.201576	
0.135342	0.735372	0.025	-223.096	55.7559	3.485	
8.56267	1.47267	0.025	-48.7372	207.101	-12.6882	
0.381262	0.756887	0.025	-199.789	-0.733118	-17.3188	
4.42141	1.11035	0.025	2.74156	159.2	-11.1746	
8.61827	1.47753	0.025	-34.1032	175.843	5.43638	
10.9429	1.68091	0.025	2.23839	214.39	8.15053	
0.642197	0.779716	0.025	-208.293	76.012	2.08447	
0.209251	0.741838	0.025	-205.076	106.594	16.4566	
7.87354	1.41238	0.025	-56.3807	219.62	-13.3886	
2.31161	0.925771	0.025	-34.1053	173.562	1.25568	
5.81779	1.23252	0.025	-41.1116	206.307	11.6288	
9.17512	1.52625	0.025	-54.9233	210.495	6.58239	
3.57671	1.03645	0.025	-23.6054	198.067	6.51629	
8.35522	1.45452	0.025	13.5105	211.058	2.15679	
15.4938	2.07906	0.025	-31.7261	217.095	-2.52206	
-0.0224169	0.72157	0.025	-116.023	-48.674	1.48233	
5.73082	1.22491	0.025	-25.7923	156.997	10.6208	
-0.0177547	0.721978	0.025	-214.251	-3.65573	9.75652	
7.24586	1.35746	0.025	-64.3679	211.63	-0.0386978	
12.3323	1.80247	0.025	-7.70192	246.255	0.510062	
-2.16153	0.534422	0.025	-79.4095	-151.498	-0.757782	
13.1023	1.86984	0.025	-12.57	198.951	-2.09755	
-1.99273	0.54919	0.025	-22.9583	-192.655	-13.0579	
1.14783	0.823954	0.025	-79.6022	237.004	18.6143	
-5.53921	0.238913	0.025	-60.6947	-201.045	8.75455	
1.03712	0.814268	0.025	-150.041	131.528	-3.20992	
12.6026	1.82611	0.025	-11.507	213.094	7.76956	
8.79904	1.49335	0.025	-82.9166	176.016	-14.394	
4.85186	1.14801	0.025	-32.3069	187.748	-4.13744	
7.13426	1.3477	0.025	-57.4188	212.042	7.36061	
9.0925	1.51902	0.025	-67.9054	196.866	-4.32535	
5.32078	1.18904	0.025	-18.6684	212.955	-5.33358	
3.64653	1.04256	0.025	-61.5886	176.219	21.1173	
10.0679	1.60435	0.025	-24.5117	225.827	-10.8028	
6.26681	1.27181	0.025	-23.0708	147.822	7.83054	
3.17407	1.00123	0.025	-42.1592	229.549	-14.3346	
0.9403	0.805797	0.025	-161.565	93.3133	-0.631702	
5.45548	1.20082	0.025	-15.695	168.518	-14.7679	
7.3736	1.36864	0.025	-56.6642	204.125	5.29627	
0.619819	0.777758	0.025	-231.059	125.831	-0.0356588	
7.44839	1.37518	0.025	-52.3061	160.034	-1.91793	
4.14502	1.08617	0.025	-50.767	151.783	5.48465	
-0.0065535	0.722958	0.025	-225.699	-42.89	-30.9069	
4.59877	1.12587	0.025	-65.1606	89.2597	-3.05766	
2.4308	0.936198	0.025	-69.1267	175.076	-8.86256	
0.770045	0.790901	0.025	-136.904	188.388	1.89791	
8.11807	1.43377	0.025	-94.278	190.061	-9.8482	
7.21184	1.35449	0.025	-58.467	182.901	-10.2429	
-0.458434	0.683423	0.025	-220.195	-14.8738	14.83	
1.46116	0.851366	0.025	-84.4514	92.9336	-1.12213	
8.33093	1.45239	0.025	-40.6944	153.895	8.53669	
1.66313	0.869036	0.025	-81.261	135.239	2.05184	
10.265	1.6216	0.025	-0.43178	221.956	-0.607241	
5.22406	1.18058	0.025	-21.697	196.904	13.6007	
7.49627	1.37937	0.025	-43.7105	211.192	11.4683	
2.07298	0.904893	0.025	-88.509	190.708	7.8193	
2.19015	0.915144	0.025	-113.388	148.964	8.6655	
10.2395	1.61937	0.025	-40.146	216.257	6.38792	
11.1964	1.70309	0.025	-0.228286	243.458	13.8475	
7.01635	1.33738	0.025	-77.8607	164.428	8.5405	
-0.523425	0.677738	0.025	-170.878	-142.975	-0.399543	
1.8929	0.889139	0.025	-67.1919	136.619	-6.00317	
5.34213	1.19091	0.025	-79.283	207.499	-0.935944	
0.995343	0.810612	0.025	-146.295	141.547	10.7949	
7.61538	1.38979	0.025	-55.8031	172.281	1.47312	
-1.25426	0.613797	0.025	-109.948	-167.206	-1.98492	
6.92557	1.32944	0.025	-26.0835	190.803	-7.28304	
1.50969	0.855612	0.025	-165.304	132.533	-9.04534	
-2.2686	0.525054	0.025	-71.978	-211.797	11.7717	
-0.026959	0.721173	0.025	-273.002	-41.0427	-32.5574	
9.62402	1.56552	0.025	-14.4398	222.683	-2.52796	
7.63294	1.39133	0.025	6.52196	217.543	-8.41343	
-4.76294	0.306828	0.025	-79.339	-168.341	12.4962	
8.5816	1.47432	0.025	-4.06033	204.279	4.51719	
8.90613	1.50272	0.025	-24.0149	161.778	-0.781812	
11.8744	1.76241	0.025	-45.1203	208	-1.64901	
19.0642	2.39143	0.025	-76.6455	247.134	5.54306	
12.4472	1.81252	0.025	11.1757	215.359	0.451615	
10.3457	1.62866	0.025	-58.3807	246.058	6.50357	
8.7514	1.48918	0.025	-48.2792	140.045	-2.83664	
6.98085	1.33428	0.025	-17.4005	188.708	4.1204	
2.31131	0.925745	0.025	-79.7305	183.433	-16.7826	
9.96417	1.59528	0.025	-50.6243	204.357	-2.41061	
2.20841	0.916742	0.025	-97.9255	199.726	-1.95009	
-1.37008	0.603665	0.025	-61.0394	-214.708	-7.78896	
-1.19382	0.619085	0.025	-61.0427	-225.774	16.9603	
4.80792	1.14417	0.025	-69.0794	189.127	-9.02681	
4.278	1.09781	0.025	-61.5448	171.307	0.460701	
4.18416	1.0896	0.025	-34.6129	182.195	7.68635	
-0.598195	0.671196	0.025	-135.484	-74.1135	-11.8507	
0.825534	0.795756	0.025	-208.763	133.805	4.55938	
-1.02339	0.633997	0.025	-127.169	-211.486	-20.1525	
0.114135	0.733517	0.025	-227.203	-79.4133	12.6891	
-0.0419948	0.719857	0.025	-214.784	-94.5709	-24.0982	
0.748407	0.789008	0.025	-159.663	141.953	1.75035	
9.54697	1.55878	0.025	-62.0728	191.389	1.67463	
4.76556	1.14046	0.025	-36.5443	213.658	-7.30068	
-0.0200493	0.721777	0.025	-208.882	-82.3172	17.6128	
-0.772718	0.655927	0.025	-223.617	-122.313	-6.03153	
0.904528	0.802667	0.025	-102.547	215.464	7.53322	
1.41036	0.846922	0.025	-152.252	118.353	-13.3555	
-4.57295	0.32345	0.025	-16.2296	-164.632	1.18397	
9.24563	1.53242	0.025	-61.7878	239.732	9.1774	
4.39629	1.10816	0.025	-15.7037	179.467	-5.95422	
3.93003	1.06736	0.025	-53.7287	176.087	1.58186	
-7.81353	0.0399361	0.025	29.5924	-208.233	-14.7858	
-0.444933	0.684605	0.025	-155.166	-147.31	9.86323	
4.60828	1.1267	0.025	-57.4617	182.201	-1.78354	
10.5536	1.64685	0.025	-14.4623	201.528	-0.60557	
6.93183	1.32999	0.025	14.9499	180.918	-9.44737	
9.53383	1.55763	0.025	-23.8932	239.882	7.7233	
1.21789	0.830083	0.025	-33.6148	217.343	-3.34701	
9.30787	1.53786	0.025	-62.5274	179.145	-2.14357	
3.57294	1.03612	0.025	-103.351	129.03	2.76287	
11.8333	1.75881	0.025	-54.5833	224.535	-3.57551	
0.760951	0.790106	0.025	-124.193	197.1	-1.51809	
1.4567	0.850976	0.025	-96.1672	182.533	-1.36626	
4.63227	1.1288	0.025	-58.4546	181.402	2.69003	
0.018994	0.725193	0.025	-178.024	-11.1942	4.79654	
9.59515	1.563	0.025	-11.0748	206.634	-3.90575	
3.01746	0.987524	0.025	-116.247	174.984	5.09084	
0.880571	0.800571	0.025	-201.832	100.932	-20.5216	
9.03822	1.51427	0.025	-29.0679	200.63	-6.25784	
5.94721	1.24385	0.025	-76.2345	178.292	-6.36912	
-4.92703	0.292472	0.025	-6.4997	-181.534	1.66706	
18.5052	2.34252	0.025	-36.264	256.97	-0.641034	
3.71889	1.04889	0.025	-31.4091	144.522	4.52934	
0.471643	0.764795	0.025	-209.533	15.2949	3.35407	
6.96623	1.333	0.025	-7.03582	202.77	-1.62971	
3.68585	1.046	0.025	-70.8593	190.054	10.7588	
13.436	1.89903	0.025	-18.2409	249.191	-3.89461	
2.9428	0.980993	0.025	-50.1706	200.757	-5.06954	
-3.08596	0.453545	0.025	-21.4687	-201.229	-2.91653	
6.25118	1.27044	0.025	-83.893	200.498	-2.24332	
10.6803	1.65794	0.025	-19.5954	212.925	-6.31617	
6.51484	1.29351	0.025	-30.1138	213.187	3.11328	
3.04658	0.990072	0.025	-60.3874	199.12	3.68762	
1.65642	0.868449	0.025	-121.289	194.134	8.86993	
-0.613582	0.66985	0.025	-223.532	-101.274	4.99133	
10.4992	1.64209	0.025	-26.1682	217.194	-2.05803	
2.40072	0.933567	0.025	-57.8896	184.663	0.872625	
9.92533	1.59189	0.025	-5.42691	182.669	8.40985	
4.88944	1.1513	0.025	-86.6356	179.796	4.53922	
10.8481	1.67262	0.025	-13.3192	196.834	1.38067	
7.18249	1.35192	0.025	-32.3646	199.4	3.838	
5.34778	1.1914	0.025	19.8731	179.732	7.43656	
2.27286	0.922381	0.025	-58.8285	210.972	10.6724	
9.0441	1.51479	0.025	-30.6182	234.246	5.29152	
8.02654	1.42576	0.025	-54.6811	201.33	-3.72408	
-0.898468	0.644926	0.025	-115.105	-161.981	-25.8177	
5.80985	1.23183	0.025	-18.3279	155.062	-0.404269	
10.4037	1.63374	0.025	-21.696	230.807	2.61139	
0.999547	0.81098	0.025	-173.461	180.139	-9.78667	
3.14049	0.998288	0.025	-27.0449	186.98	1.94886	
3.49984	1.02973	0.025	-61.6077	178.15	-7.39719	
6.75783	1.31477	0.025	-71.508	182.813	-14.2997	
1.27729	0.83528	0.025	-110.052	198.699	4.50033	
0.707388	0.78542	0.025	-120.304	112.868	5.02199	
1.19245	0.827857	0.025	-3.00729	219.792	-2.21612	
5.95933	1.2449	0.025	16.3996	206.619	-11.8231	
6.39284	1.28283	0.025	-15.393	218.75	-5.87978	
5.88448	1.23836	0.025	-53.7109	200.242	-0.808998	
8.67704	1.48267	0.025	-38.1443	215.435	-3.27618	
0.360816	0.755099	0.025	-194	29.8785	13.6008	
-2.31542	0.520958	0.025	-44.8267	-191.62	-8.57899	
-0.819156	0.651864	0.025	-151.147	-189.488	-22.6746	
0.421552	0.760412	0.025	-193.593	79.8652	10.5998	
6.17377	1.26367	0.025	8.62235	172.633	-0.662961	
13.5754	1.91122	0.025	-28.1829	231.448	-4.68995	
9.01291	1.51206	0.025	-84.3618	171.686	-2.67442	
-0.0352834	0.720444	0.025	-223.716	-34.8636	-4.19238	
-3.63851	0.405203	0.025	-25.8559	-201.243	4.83512	
-2.22798	0.528608	0.025	-92.778	-91.0478	8.07755	
2.44715	0.937629	0.025	-48.33	148.334	-12.1295	
9.72741	1.57457	0.025	-21.9834	192.436	-2.21417	
6.88053	1.3255	0.025	-31.1764	215.392	7.23053	
8.80616	1.49397	0.025	-38.6654	207.896	-1.86028	
5.36518	1.19292	0.025	-47.4864	175.864	2.69106	
6.36635	1.28052	0.025	-4.13576	188.981	19.9434	
7.46371	1.37652	0.025	-1.91344	171.326	-7.12319	
2.46309	0.939023	0.025	-108.664	163.622	13.9039	
1.65211	0.868072	0.025	-82.6085	167.275	-3.54509	
0.205374	0.741499	0.025	-127.629	-33.6784	8.91851	
3.96961	1.07083	0.025	-68.0314	175.421	-14.3044	
1.14574	0.823771	0.025	-123.869	189.85	-0.203684	
3.3156	1.01361	0.025	-8.61855	195.521	0.572881	
-1.9358	0.55417	0.025	-19.6038	-187.88	1.81714	
0.59182	0.775309	0.025	-179.517	44.1236	-24.4651	
8.80974	1.49428	0.025	-80.6966	230.819	-2.99932	
15.6295	2.09094	0.025	-61.8698	214.2	-11.5926	
0.847741	0.797699	0.025	-96.7154	146.488	6.96038	
9.22971	1.53103	0.025	-68.6292	185.479	6.46907	
5.41292	1.1971	0.025	-9.19779	149.896	5.88168	
0.0410837	0.727126	0.025	-254.725	-43.0072	-8.24574	
-0.325484	0.695055	0.025	-182.291	-221.797	-13.5525	
1.06648	0.816836	0.025	-141.486	137.711	3.29799	
3.72474	1.0494	0.025	-101.725	153.844	18.3282	
7.54472	1.38361	0.025	-23.3266	178.363	10.3736	
10.8721	1.67472	0.025	-23.6576	173.176	1.56535	
-2.15253	0.535209	0.025	-0.127654	-178.032	-4.85474	
1.47855	0.852888	0.025	-178.444	76.1996	3.45507	
5.5116	1.20573	0.025	14.9525	188.844	-9.99382	
5.58134	1.21184	0.025	-43.9698	176.11	-0.468895	
-4.17633	0.35815	0.025	9.8054	-216.346	13.4563	
-6.36649	0.166536	0.025	-26.2323	-203.329	1.06849	
1.25364	0.833211	0.025	-139.597	52.7302	-7.97122	
6.74382	1.31354	0.025	-39.7778	193.306	4.61935	
11.0506	1.69034	0.025	-56.4734	176.691	1.45525	
-0.873162	0.647139	0.025	-77.1356	-131.78	2.48378	
0.474858	0.765076	0.025	-203.569	161.325	23.8403	
3.23428	1.00649	0.025	-73.5293	164.333	-7.88595	
-2.86244	0.4731	0.025	-32.0975	-172.389	-22.0754	
5.09851	1.16959	0.025	-28.9817	158.351	10.3482	
9.63278	1.56629	0.025	-61.8194	194.935	-11.9587	
-0.0826141	0.716303	0.025	-209.166	-82.4013	-3.84753	
1.95124	0.894243	0.025	-84.0864	176.294	3.73813	
0.458569	0.763651	0.025	-187.376	159.457	-6.78982	
9.59953	1.56338	0.025	-34.9619	202.415	-7.12781	
1.96801	0.89571	0.025	-74.295	156.367	4.97971	
-2.72978	0.484707	0.025	-24.3009	-198.405	14.2165	
14.5282	1.99458	0.025	-55.0171	222.033	-6.77524	
-3.91717	0.380823	0.025	-37.3158	-198.463	-4.62675	
0.35517	0.754605	0.025	-130.234	75.0398	8.40516	
4.9642	1.15784	0.025	-19.9179	205.079	-0.725312	
8.6666	1.48176	0.025	-1.19104	174.653	10.671	
-0.349383	0.692964	0.025	-147.002	-107.146	-10.7934	
0.190874	0.740231	0.025	-241.964	15.9144	-13.5316	
3.86021	1.06126	0.025	-36.6463	237.249	-4.59513	
9.63245	1.56626	0.025	-53.4771	245.443	10.2458	
-0.0434583	0.719729	0.025	-192.339	-18.9059	-8.04769	
13.3592	1.89231	0.025	-36.3097	209.405	7.23265	
0.749279	0.789085	0.025	-162.601	38.3457	-0.745626	
0.863522	0.79908	0.025	-0.895754	141.735	1.34753	
19.4766	2.42751	0.025	-21.8368	262.649	2.5943	
0.689814	0.783882	0.025	-175.618	155.836	6.87484	
1.08749	0.818675	0.025	-98.2308	224.359	3.14146	
-3.10627	0.451768	0.025	23.696	-228.987	-9.04013	
11.7714	1.7534	0.025	-13.2251	207.399	-7.05629	
2.01914	0.900183	0.025	-0.594894	182.334	2.41574	
2.85438	0.973257	0.025	5.52856	194.208	-1.15811	
3.00312	0.98627	0.025	-5.8434	207.704	-8.48725	
8.84487	1.49736	0.025	-16.1121	178.429	0.797897	
1.55423	0.859508	0.025	-72.3958	198.365	0.697516	
7.94197	1.41836	0.025	-94.3235	189.668	-4.70693	
12.6889	1.83366	0.025	-42.9887	167.949	-2.17551	
0.743566	0.788585	0.025	-135.627	44.5374	9.95245	
11.845	1.75984	0.025	-24.8836	235.861	7.81117	
-2.40657	0.512983	0.025	-32.6407	-197.038	7.5533	
8.45781	1.46349	0.025	-7.16927	160.732	-3.73848	
-0.992633	0.636687	0.025	-158.004	-208.235	0.307406	
-3.56882	0.4113	0.025	-38.2438	-206.768	2.78443	
14.2526	1.97047	0.025	-0.21496	214.338	-10.5076	
-0.330152	0.694647	0.025	-178.907	-152.253	-12.3456	
0.108072	0.732986	0.025	-213.337	102.827	1.38251	
-1.34023	0.606276	0.025	-108.184	-251.178	-16.5887	
9.46994	1.55204	0.025	-83.4364	198.076	13.1845	
12.9203	1.85392	0.025	-74.0979	194.623	-1.15695	
11.8162	1.75732	0.025	-33.6918	247.43	-4.92232	
0.205197	0.741484	0.025	-169.948	84.7266	6.29618	
0.642578	0.779749	0.025	-172.296	89.4449	4.6855	
11.5781	1.73649	0.025	-30.7844	206.296	-3.53597	
6.43987	1.28695	0.025	-10.7403	196.671	-10.4029	
3.95086	1.06919	0.025	-47.1781	232.038	0.941587	
7.93734	1.41796	0.025	-6.21796	193.064	9.24935	
9.35939	1.54237	0.025	-68.7671	197.267	-4.3779	
11.4741	1.72739	0.025	-3.75148	188.254	-8.51428	
1.33522	0.840348	0.025	-104.374	173.051	4.09043	
3.35581	1.01713	0.025	-67.8066	153.913	-2.06883	
10.5226	1.64414	0.025	-28.9589	222.487	0.945053	
12.9492	1.85644	0.025	-38.4729	211.062	-0.529484	
0.09384	0.731741	0.025	-258.858	-2.10748	3.95895	
0.0381072	0.726865	0.025	-215.299	107.201	-15.4573	
2.57958	0.949216	0.025	-50.9726	209.385	-5.69117	
-0.166773	0.70894	0.025	-206.27	-70.3467	-14.9651	
-0.679641	0.66407	0.025	-132.093	-162.128	17.2775	
9.15162	1.52419	0.025	58.7139	208.954	17.9911	
3.32433	1.01437	0.025	-93.1493	165.575	-3.13635	
9.18963	1.52752	0.025	-46.594	240.493	-11.6098	
4.46883	1.1145	0.025	-25.9877	201.424	1.74479	
5.36055	1.19252	0.025	3.80998	197.468	-0.360206	
3.4845	1.02839	0.025	-33.4849	173.604	-14.0317	
4.04374	1.07731	0.025	-37.7725	189.683	-10.0727	
-1.70505	0.574359	0.025	-105.755	-184.512	-10.3523	
1.07002	0.817146	0.025	-168.519	161.565	2.21936	
7.68389	1.39578	0.025	-34.48	267.051	-9.20576	
5.33502	1.19028	0.025	-12.6146	172.221	-1.44571	
6.87216	1.32477	0.025	-2.67591	198.579	1.62759	
11.5039	1.72999	0.025	-59.0157	224.445	-2.45988	
2.64362	0.954818	0.025	-52.3602	208.495	-7.03927	
5.90053	1.23976	0.025	0.602366	176.816	-0.547065	
10.6501	1.65529	0.025	-76.224	188.492	-0.98754	
6.61016	1.30185	0.025	-44.122	200.279	-2.44146	
13.8628	1.93637	0.025	-16.4506	224.651	2.05922	
5.96188	1.24513	0.025	-38.6691	147.464	-19.7391	
1.54615	0.858802	0.025	-112.804	212.627	3.27392	
-1.70064	0.574744	0.025	-64.136	-162.192	-16.0908	
2.54966	0.946598	0.025	-43.8307	180.206	-1.19176	
2.0105	0.899427	0.025	-132.716	137.201	-15.3081	
9.65255	1.56802	0.025	-46.2254	197.268	-0.101816	
-0.0599237	0.718289	0.025	-243.147	-116.579	-13.167	
4.18739	1.08988	0.025	-79.8781	202.847	0.864164	
4.28949	1.09881	0.025	-107.003	160.239	5.83052	
1.12934	0.822336	0.025	-122.478	144.615	-4.6038	
2.1073	0.907896	0.025	-109.758	129.238	8.33539	
5.22999	1.1811	0.025	1.09105	217.808	-18.1289	
1.60268	0.863747	0.025	-133.576	181.829	-3.52967	
11.3083	1.71288	0.025	-41.6145	238.772	2.06639	
1.62501	0.865701	0.025	-124.738	167.239	3.99459	
2.43363	0.936446	0.025	-126.678	174.123	4.28765	
7.95777	1.41975	0.025	-17.0799	232.2	-14.7427	
11.6115	1.73941	0.025	-3.79963	207.119	2.93622	
4.37501	1.10629	0.025	-18.0616	187.209	-1.66077	
0.385012	0.757215	0.025	-220.877	73.655	-15.6878	
4.7778	1.14153	0.025	22.8624	208.405	-7.38556	
5.89464	1.23925	0.025	-9.24303	199.796	-2.32998	
11.4074	1.72155	0.025	-23.3889	205.028	-8.2714	
-0.339188	0.693856	0.025	-147.905	-11.0098	7.17547	
-5.61802	0.232019	0.025	-22.9896	-182.893	4.67076	
5.28638	1.18603	0.025	-32.9913	163.984	4.26968	
-2.39398	0.514085	0.025	-65.8991	-193.149	-0.120805	
0.192983	0.740415	0.025	-180.074	170.605	-19.7551	
0.638228	0.779369	0.025	-182.845	163.401	-16.1655	
11.6528	1.74302	0.025	-46.7465	215.849	-4.20655	
8.63131	1.47867	0.025	-46.0276	204.685	-1.02175	
1.15559	0.824632	0.025	-89.1614	187.952	-3.44766	
-1.54019	0.588782	0.025	-27.3791	-217.61	0.842045	
9.85355	1.5856	0.025	-5.70791	178.995	-2.01664	
3.39083	1.02019	0.025	-38.9748	177.926	-8.53969	
1.25512	0.83334	0.025	-90.5553	126.826	8.39199	
13.196	1.87803	0.025	-70.8396	246.95	-8.91788	
-1.01047	0.635127	0.025	-100.774	-215.844	-15.3801	
2.26401	0.921606	0.025	-50.8962	164.507	8.00625	
3.89658	1.06444	0.025	-47.1258	181.761	-10.8675	
-3.98396	0.37498	0.025	-1.74973	-200.816	9.38107	
-3.30026	0.434796	0.025	-6.73655	-171.318	3.81543	
-2.65036	0.491655	0.025	-49.9997	-228.539	9.70962	
10.5791	1.64909	0.025	-19.6095	204.785	-3.56726	
10.2395	1.61937	0.025	-55.8811	230.494	12.2652	
10.8052	1.66887	0.025	-78.4156	227.481	2.82746	
4.33097	1.10244	0.025	-32.9302	191.837	-3.72447	
9.48308	1.55319	0.025	-12.6858	198.326	11.7639	
4.40828	1.10921	0.025	-86.9018	190.252	14.3637	
4.02342	1.07553	0.025	-49.1987	223.332	7.15757	
0.330031	0.752405	0.025	-233.768	90.3588	14.0613	
5.75293	1.22685	0.025	-53.7015	164.608	-1.60064	
8.8248	1.4956	0.025	-70.7458	185.681	-6.11129	
7.57699	1.38643	0.025	-57.0843	188.348	-7.50968	
-0.416981	0.68705	0.025	-159.509	-89.2195	-4.49376	
0.931465	0.805024	0.025	-72.9655	182.014	-3.39808	
10.2364	1.6191	0.025	-84.0906	213.066	-2.88647	
9.49095	1.55388	0.025	-35.2944	188.124	5.90531	
-0.84986	0.649178	0.025	-126.605	-204.611	-4.85613	
5.23627	1.18165	0.025	-28.8707	190.517	2.66762	
7.0241	1.33806	0.025	-24.7376	221.927	-4.97428	
2.29836	0.924611	0.025	-38.7964	212.653	24.9882	
5.20701	1.17909	0.025	19.9708	188.507	-0.358129	
3.17308	1.00114	0.025	-82.866	143.864	3.87788	
8.33303	1.45258	0.025	-66.6089	198.211	6.84708	
1.1987	0.828404	0.025	-138.146	182.171	7.59965	
5.16431	1.17535	0.025	-38.7625	187.061	-10.1644	
15.105	2.04505	0.025	-7.99371	210.64	-2.19335	
1.44446	0.849905	0.025	-82.9655	172.63	4.19239	
4.88589	1.15099	0.025	0.186476	178.678	-6.33663	
6.88188	1.32562	0.025	-62.7335	159.403	11.3139	
7.73793	1.40051	0.025	-14.5168	209.603	-5.41298	
7.79552	1.40555	0.025	-25.9347	156.805	-9.62448	
-1.91732	0.555787	0.025	-100.662	-148.255	11.1859	
-5.06334	0.280546	0.025	23.7414	-202.26	-2.64134	
7.94044	1.41823	0.025	-12.8293	161.756	8.67016	
1.78545	0.879738	0.025	-166.648	137.482	-1.11359	
1.44505	0.849956	0.025	-151.699	159.471	-4.90671	
4.99187	1.16026	0.025	-53.508	170.643	8.16726	
11.4946	1.72918	0.025	-53.8918	240.729	-12.5903	
4.45556	1.11334	0.025	-59.7863	148.709	-3.86552	
2.71452	0.961021	0.025	-49.667	203.327	16.104	
12.3276	1.80205	0.025	-8.02237	222.98	-14.1352	
9.85051	1.58534	0.025	-75.4081	192.869	8.45846	
6.27337	1.27238	0.025	-14.1939	184.142	-3.81103	
3.00478	0.986415	0.025	-118.939	184.404	-1.52142	
3.49263	1.0291	0.025	-53.3328	139.45	7.79216	
0.0827992	0.730775	0.025	-300.789	4.62913	2.6894	
1.10704	0.820385	0.025	-164.909	78.7492	-0.646453	
9.9545	1.59444	0.025	-24.1301	203.663	4.11661	
0.499301	0.767214	0.025	-219.305	165.044	-8.60637	
0.698661	0.784656	0.025	-210.019	159.282	-19.7348	
-1.96901	0.551265	0.025	-64.8601	-208	-0.885897	
7.80943	1.40677	0.025	-36.777	210.307	-11.0597	
3.79843	1.05585	0.025	-61.102	196.132	-16.1331	
2.41743	0.935029	0.025	-112.133	158.018	-3.76439	
9.84123	1.58453	0.025	-59.5666	224.843	6.52384	
4.84022	1.147	0.025	-43.125	184.251	-5.32347	
14.1079	1.95781	0.025	-37.4647	208.196	-2.60144	
10.1482	1.61139	0.025	-28.6672	225.092	5.12009	
-0.946327	0.640738	0.025	-170.335	-113.047	-5.69565	
6.38322	1.28199	0.025	-35.3761	226.55	-1.85464	
19.6533	2.44298	0.025	-37.5731	275.465	3.02438	
-0.361761	0.691881	0.025	-121.399	-117.155	-13.1922	
12.4563	1.81332	0.025	-49.5373	197.75	-5.17127	
4.03252	1.07633	0.025	25.0163	171.242	0.166337	
6.85512	1.32328	0.025	-73.5142	195.753	-8.72721	
-2.54687	0.500709	0.025	-6.37749	-179.708	-1.12039	
4.79138	1.14272	0.025	-59.1216	206.74	9.92102	
-3.01072	0.460127	0.025	-84.3691	-124.222	-0.321764	
3.442	1.02467	0.025	-71.5292	136.272	1.41687	
7.4273	1.37334	0.025	-75.3427	198.124	-5.47682	
10.4163	1.63484	0.025	-30.9973	205.004	-8.41162	
-0.46216	0.683098	0.025	-197.205	-148.835	10.0868	
6.86798	1.3244	0.025	10.2568	211.473	4.73709	
8.29851	1.44956	0.025	-65.6474	216.491	1.32939	
14.1552	1.96195	0.025	-11.1732	268.598	-13.874	
-0.829721	0.65094	0.025	-131.262	-202.609	-8.71156	
-4.97455	0.288315	0.025	-30.9806	-187.325	6.7324	
7.09185	1.34399	0.025	-33.6972	184.925	-12.6637	
8.57945	1.47414	0.025	-12.1683	213.305	-3.43466	
5.01848	1.16259	0.025	-37.1475	192.114	-1.1866	
0.770549	0.790946	0.025	-273.002	78.3384	-13.7576	
3.35022	1.01664	0.025	-61.3798	155.701	-7.52735	
-2.84398	0.474715	0.025	-9.00826	-124.11	-12.4105	
-4.53582	0.326699	0.025	16.6929	-203.3	-4.96127	
0.332069	0.752584	0.025	-294.733	67.4923	36.6208	
-0.243163	0.702257	0.025	-216.166	-77.0206	-4.9221	
9.51093	1.55563	0.025	-35.1312	242.813	7.74533	
6.77062	1.31588	0.025	-34.2248	181.901	10.8847	
-1.85966	0.560832	0.025	-80.8382	-213.871	-22.4229	
11.9786	1.77152	0.025	-7.03743	181.039	3.94408	
10.1501	1.61155	0.025	-44.2875	236.744	7.02849	
0.231863	0.743817	0.025	-143.188	158.235	10.795	
3.21694	1.00498	0.025	-27.63	192.368	12.0367	
-0.413896	0.68732	0.025	-159.028	-145.924	2.65787	
5.33422	1.19022	0.025	-43.4614	173.303	-3.52021	
-0.550553	0.675364	0.025	-111.465	-226.181	-11.8409	
2.98478	0.984666	0.025	-53.5893	202.862	-8.04222	
5.87929	1.2379	0.025	2.88187	230.194	-4.09101	
5.06925	1.16703	0.025	-44.6526	148.559	-10.3271	
8.16303	1.4377	0.025	-45.6867	229.584	-5.58631	
6.92821	1.32967	0.025	-49.0096	152.78	1.2392	
7.5452	1.38365	0.025	-42.4306	220.392	0.979356	
6.09867	1.2571	0.025	-0.00929015	199.304	1.07425	
-6.36864	0.166347	0.025	51.6598	-184.837	-3.82876	
10.8137	1.66961	0.025	-9.5758	194.925	2.45341	
11.612	1.73945	0.025	-38.7979	213.034	-2.06767	
2.42573	0.935755	0.025	-77.0575	223.266	-16.4183	
1.33223	0.840086	0.025	-114.872	187.645	4.95619	
17.5947	2.26287	0.025	13.5075	242.827	2.44246	
-2.4488	0.509289	0.025	-89.799	-192.794	-2.86613	
7.22865	1.35596	0.025	-77.5552	178.113	6.54071	
1.24399	0.832366	0.025	-59.4333	184.151	6.26938	
6.60976	1.30181	0.025	-92.3382	161.922	-12.0275	
-0.991627	0.636775	0.025	-126.6	-143.718	-3.41314	
-0.5578	0.67473	0.025	-187.066	-79.687	-10.7981	
1.23975	0.831995	0.025	-164.515	162.635	-5.8342	
6.11247	1.2583	0.025	-45.8851	189.272	8.72619	
7.8866	1.41352	0.025	-37.4048	184.679	4.0708	
8.42541	1.46066	0.025	-73.2814	209.638	6.21599	
3.59953	1.03845	0.025	-24.1637	193.357	10.1113	
0.527162	0.769652	0.025	-56.5918	62.1539	7.53422	
6.11017	1.2581	0.025	-20.2499	225.469	1.1571	
1.25617	0.833432	0.025	-126.721	173.285	-10.541	
7.20392	1.35379	0.025	-48.651	178.871	-5.6776	
6.31415	1.27595	0.025	-66.7043	157.14	5.68874	
7.67496	1.395	0.025	-35.5839	200.705	3.47591	
5.0925	1.16907	0.025	-25.2536	115.719	11.874	
10.5765	1.64886	0.025	-7.89266	212.275	2.09726	
9.86482	1.58659	0.025	-32.9679	246.329	3.67354	
6.0869	1.25607	0.025	-25.2302	233.87	3.92496	
6.1353	1.2603	0.025	-25.6423	217.932	-0.0108	
1.66448	0.869154	0.025	-28.6663	205.695	-21.1054	
5.16083	1.17505	0.025	-34.6061	171.853	4.78391	
10.7796	1.66663	0.025	-54.2854	177.542	-0.671201	
1.51497	0.856074	0.025	-165.974	110.188	-0.438901	
-0.315398	0.695937	0.025	-173.277	-125.474	-24.8727	
3.97507	1.0713	0.025	-39.5209	148.255	4.74581	
9.59267	1.56278	0.025	-24.4149	187.963	1.92156	
9.61809	1.56501	0.025	-38.6344	246.927	-3.45704	
11.5896	1.73749	0.025	-15.8946	228.121	-6.06869	
-2.25083	0.526609	0.025	-43.0267	-223.345	-4.58381	
6.99493	1.33551	0.025	-11.0391	193.209	-1.09089	
5.69024	1.22136	0.025	-47.3017	197.543	-3.7507	
8.86259	1.49891	0.025	-48.9729	173.994	5.28123	
10.8241	1.67051	0.025	-52.0951	233.588	-10.6919	
0.181842	0.73944	0.025	-207.239	28.7924	18.0046	
5.36582	1.19298	0.025	-79.1463	168.334	-2.27599	
3.25999	1.00874	0.025	-104.373	183.355	7.95267	
3.20801	1.0042	0.025	-68.1228	193.838	-1.64465	
6.43119	1.28619	0.025	-68.2222	176.138	1.49613	
5.96659	1.24554	0.025	-12.1919	207.374	2.49387	
4.03219	1.0763	0.025	-32.3209	187.237	-1.19997	
11.2581	1.70848	0.025	-6.00697	241.37	2.26326	
8.4661	1.46422	0.025	-40.3509	205.824	5.39984	
-3.71861	0.398195	0.025	-28.975	-197.039	13.1486	
3.86678	1.06183	0.025	4.54723	187.621	-13.7452	
-1.78105	0.56771	0.025	-98.394	-221.144	19.1478	
0.513776	0.768481	0.025	-121.053	56.4341	6.86419	
0.214223	0.742273	0.025	-223.597	-34.0782	2.83288	
-1.12456	0.625145	0.025	-138.531	-176.688	-3.88555	
8.24935	1.44526	0.025	-38.3518	193.463	10.0046	
4.78548	1.14221	0.025	-84.5988	192.214	-10.6804	
0.507582	0.767939	0.025	-121.151	191.12	4.14196	
13.2135	1.87956	0.025	11.6567	237.898	-3.09022	
2.51756	0.943789	0.025	28.3605	198.463	4.5932	
10.8221	1.67034	0.025	9.96409	198.661	-2.99885	
8.57941	1.47413	0.025	-33.6635	228.9	-3.68093	
1.64964	0.867856	0.025	-117.914	160.689	16.8365	
8.10052	1.43224	0.025	-60.4696	195.22	1.47875	
2.8112	0.969479	0.025	-61.1407	199.055	-9.5584	
1.27539	0.835113	0.025	-99.1859	158.536	8.16052	
7.79336	1.40536	0.025	-54.432	196.017	5.01233	
4.57002	1.12336	0.025	-51.6371	208.06	-4.20081	
2.73043	0.962413	0.025	-75.3764	154.777	3.69285	
0.340387	0.753311	0.025	-160.645	140.178	-4.62453	
3.98689	1.07234	0.025	-3.46246	170.107	10.8319	
1.15227	0.824342	0.025	-128.318	191.536	12.5834	
7.77305	1.40359	0.025	15.2283	220.421	4.36932	
8.49682	1.46691	0.025	-63.2196	176.239	10.2348	
7.68824	1.39617	0.025	-78.6937	186.745	2.96493	
5.85449	1.23573	0.025	-5.97595	167.797	-8.74149	
0.538133	0.770612	0.025	-189.775	108.728	-2.69768	
-0.92774	0.642365	0.025	-153.122	-47.0356	18.9987	
2.79373	0.967951	0.025	-19.972	185.405	13.9203	
6.52512	1.29441	0.025	-46.3223	149.754	4.93471	
1.04299	0.814781	0.025	-65.6937	128.301	2.22328	
9.97344	1.59609	0.025	-62.1193	207.051	10.385	
7.69871	1.39708	0.025	-43.2962	219.235	0.418765	
8.82822	1.4959	0.025	-22.0717	171.838	3.22348	
-0.107172	0.714155	0.025	-152.449	-100.406	5.94847	
6.02382	1.25055	0.025	-62.2685	187.884	-2.44383	
-0.409807	0.687678	0.025	-194.421	-100.028	7.72471	
8.96624	1.50798	0.025	-26.8098	208.999	3.01612	
-2.73373	0.484361	0.025	-98.8144	-179.726	13.0561	
7.66927	1.39451	0.025	-28.1729	185.631	11.8468	
3.99294	1.07287	0.025	-65.8213	179.832	5.97507	
10.7477	1.66383	0.025	-15.7925	186.608	5.25187	
5.10767	1.17039	0.025	-69.5106	168.383	4.94114	
7.69065	1.39638	0.025	-49.8037	226.041	3.1838	
-0.308648	0.696528	0.025	-105.593	-152.186	6.40795	
0.206585	0.741605	0.025	-221.039	-4.97644	-22.358	
9.46242	1.55139	0.025	-27.6214	208.538	-0.692841	
7.19368	1.3529	0.025	-53.4342	187.513	-1.48255	
1.98117	0.896861	0.025	-118.149	174.732	1.56168	
4.47068	1.11466	0.025	-64.9059	208.669	7.24704	
12.3056	1.80013	0.025	-22.8132	197.871	8.21522	
7.05146	1.34045	0.025	-31.4896	175.862	1.51172	
9.21152	1.52943	0.025	-40.0728	197.045	-7.71362	
0.813758	0.794726	0.025	-169.597	144.732	-16.9212	
1.375	0.843828	0.025	-145.582	163.928	0.891996	
11.4414	1.72452	0.025	-42.9512	204.429	1.92018	
1.89624	0.889431	0.025	-111.774	231.689	4.7634	
0.260897	0.746357	0.025	-220.594	131.151	-7.70273	
0.952199	0.806838	0.025	-57.7695	237.395	7.59351	
11.4843	1.72828	0.025	13.1009	219.33	-7.21695	
5.66079	1.21879	0.025	-7.28103	173.111	15.439	
-4.84424	0.299715	0.025	-19.9143	-175.637	2.20613	
9.08716	1.51855	0.025	-75.3087	239.59	3.89146	
12.6964	1.83432	0.025	-13.4249	220.736	0.227472	
11.1201	1.69642	0.025	-20.8868	285.63	-4.65486	
9.03045	1.51359	0.025	-50.3153	252.889	2.14381	
6.98035	1.33423	0.025	-39.193	214.441	-5.5004	
5.30651	1.18779	0.025	-26.577	195.588	-17.1599	
8.65129	1.48042	0.025	-12.4949	205.068	14.6678	
-1.65913	0.578376	0.025	-67.5794	-183.101	-8.54726	
3.9778	1.07154	0.025	-63.3639	194.374	-4.1795	
-0.431475	0.685782	0.025	-192.488	-37.1289	-1.41506	
6.60903	1.30175	0.025	-5.14174	177.201	-4.30182	
2.51336	0.943422	0.025	-39.53	225.406	-6.95259	
-1.64654	0.579477	0.025	-30.74	-189.663	-0.20593	
9.66265	1.5689	0.025	-62.5364	222.707	3.18978	
6.85048	1.32287	0.025	-30.2786	225.385	-2.2479	
-0.374447	0.690771	0.025	-179.294	-131.678	14.528	
-0.349542	0.69295	0.025	-65.4524	-117.866	12.6806	
7.4335	1.37388	0.025	-43.7151	181.763	-7.79062	
7.77382	1.40365	0.025	-45.9122	178.108	5.76351	
10.4503	1.63782	0.025	-9.39103	168.133	4.91167	
9.2902	1.53632	0.025	-56.9895	229.215	-14.5715	
-2.76631	0.481511	0.025	-26.3737	-164.399	9.56906	
-0.423713	0.686461	0.025	-84.5477	-204.653	7.82341	
13.8711	1.93709	0.025	-48.4507	211.774	-3.1044	
8.63998	1.47943	0.025	-71.1003	193.059	5.73869	
8.60318	1.47621	0.025	-21.4595	179.336	-5.93046	
7.11265	1.34581	0.025	-52.1049	175.159	2.93264	
4.60179	1.12614	0.025	-23.8178	185.493	-8.31956	
8.47814	1.46527	0.025	-23.7625	212.646	6.92913	
-0.650637	0.666608	0.025	-146.547	-229.146	-9.25787	
10.4086	1.63416	0.025	-64.1995	226.049	6.83454	
8.52402	1.46929	0.025	-55.3319	230.642	-8.20997	
10.2014	1.61604	0.025	-52.0179	235.689	-3.86191	
-0.483627	0.681219	0.025	-143.102	-144.177	5.96518	
9.02384	1.51302	0.025	-19.2779	243.596	-5.61113	
2.95154	0.981757	0.025	-47.5415	205.002	-13.9153	
6.32039	1.27649	0.025	-31.067	178.042	-0.744261	
6.39514	1.28303	0.025	-48.5992	195.379	-2.64516	
2.71013	0.960637	0.025	-130.285	176.306	1.2401	
4.75404	1.13946	0.025	-48.3484	170.921	-5.64944	
-2.05912	0.543381	0.025	-35.9614	-115.533	8.15937	
3.20641	1.00406	0.025	-142.669	147.89	-8.62341	
4.70885	1.1355	0.025	-15.6531	225.17	3.15011	
11.0566	1.69086	0.025	-50.5148	247.212	-5.59142	
9.07719	1.51768	0.025	-19.7733	192.648	6.26897	
6.76818	1.31567	0.025	-38.7129	205.318	-1.88899	
8.73633	1.48786	0.025	-38.9991	202.327	-15.3501	
5.1651	1.17542	0.025	-27.2507	213.11	13.7363	
5.16657	1.17555	0.025	-32.6406	191.336	-6.55857	
5.09639	1.16941	0.025	-113.338	163.403	-8.54028	
-7.15635	0.097432	0.025	-16.2213	-209.844	3.55547	
6.17791	1.26403	0.025	-90.7883	174.432	1.74221	
2.42295	0.935512	0.025	-77.0284	156.345	-3.86137	
2.07218	0.904824	0.025	-40.1634	178.279	-6.7285	
-2.0567	0.543593	0.025	-7.31932	-188.038	-11.6809	
8.00215	1.42363	0.025	-70.4217	207.2	-8.51705	
-0.144499	0.710889	0.025	-175.233	-160.063	-9.26701	
10.3813	1.63178	0.025	-16.8975	186.544	3.85424	
-2.11656	0.538356	0.025	-31.8188	-232.356	-3.50822	
0.760793	0.790092	0.025	-62.541	243.294	-14.8228	
0.147534	0.736439	0.025	-169.215	131.842	12.9988	
6.83073	1.32114	0.025	-46.4624	180.713	-11.5371	
12.6112	1.82686	0.025	-63.9807	236.867	11.0491	
9.03873	1.51432	0.025	-16.274	221.219	-8.01737	
9.49242	1.55401	0.025	-97.8097	201.953	-15.6073	
-2.505	0.504372	0.025	12.93	-186.671	-11.0327	
8.45098	1.4629	0.025	-64.9201	199.073	5.48177	
-5.45228	0.246518	0.025	-24.322	-197.807	6.05045	
6.66923	1.30701	0.025	-107.553	168.143	8.47006	
13.2343	1.88138	0.025	-67.4772	243.727	-8.65801	
2.5301	0.944886	0.025	-92.2874	154.494	2.46668	
3.31512	1.01357	0.025	-77.2454	176.769	-14.2502	
3.0684	0.991982	0.025	-80.9525	185.254	-8.48896	
9.97183	1.59595	0.025	-27.2967	221.715	5.53167	
2.71228	0.960825	0.025	-29.6538	123.954	4.29734	
9.81145	1.58192	0.025	-16.7261	211.679	-3.08984	
10.1436	1.61098	0.025	-31.1242	220.5	5.66543	
-0.667095	0.665168	0.025	-133.263	-127.891	2.17613	
0.0271453	0.725906	0.025	-217.8	26.6908	34.6443	
6.10072	1.25727	0.025	-8.56781	172.538	-2.88799	
8.07543	1.43004	0.025	-25.1331	221.178	-0.928683	
5.14494	1.17366	0.025	-61.8458	174.964	-2.07936	
0.0260364	0.725809	0.025	-224.736	1.80095	-29.4206	
-0.87566	0.646921	0.025	-186.409	-84.5041	5.52698	
11.2059	1.70392	0.025	-59.1811	196.179	-0.580557	
1.45042	0.850426	0.025	-183.437	94.9496	-5.69495	
9.30821	1.53789	0.025	-35.1591	214.184	8.65468	
-1.36417	0.604181	0.025	-90.1102	-148.442	-9.99874	
9.36921	1.54323	0.025	-24.529	209.678	-13.4735	
-0.607185	0.670409	0.025	-170.892	-219.014	18.5244	
0.862732	0.799011	0.025	-188.619	146.54	-16.9159	
8.79417	1.49292	0.025	-69.349	247.389	8.72018	
7.26515	1.35915	0.025	2.89689	208.683	11.9898	
11.8956	1.76426	0.025	-2.98058	248.478	-4.49999	
-5.12977	0.274735	0.025	-7.63482	-217.687	3.90266	
-0.723749	0.660211	0.025	-163.428	-137.194	-6.86268	
0.535396	0.770372	0.025	-151.981	126.081	13.5424	
8.6752	1.48251	0.025	-66.2304	220.816	-14.7273	
5.48896	1.20375	0.025	-52.9865	111.165	-3.29937	
-3.35086	0.430369	0.025	-44.398	-149.784	3.11899	
0.466994	0.764388	0.025	-180.536	132.103	-5.76985	
7.68107	1.39554	0.025	-34.2118	210.338	-0.599438	
4.63021	1.12862	0.025	-85.1638	208.303	-7.64588	
8.05755	1.42848	0.025	-25.6198	163.826	-14.0824	
0.460355	0.763807	0.025	-139.568	60.3665	-1.84963	
3.88755	1.06365	0.025	-53.6733	199.121	-22.6793	
9.33555	1.54029	0.025	-84.2717	184.583	-2.27886	
14.113	1.95826	0.025	-4.20824	224.871	3.12298	
-0.124146	0.71267	0.025	-199.326	25.585	-16.069	
6.91264	1.32831	0.025	-43.0441	191.505	8.19858	
7.20513	1.3539	0.025	-36.8988	214.647	-12.3576	
2.04699	0.90262	0.025	-126.642	126.827	-16.839	
6.23322	1.26887	0.025	-26.5167	185.445	-0.795952	
3.11885	0.996395	0.025	-62.7863	153.625	-12.1623	
-1.83917	0.562625	0.025	-94.2648	-171.118	-9.21593	
-0.443917	0.684694	0.025	-122.621	-160.424	15.4449	
9.50527	1.55513	0.025	-4.68178	153.682	10.1947	
11.2722	1.70972	0.025	-35.8412	188.726	-8.97734	
-2.12612	0.53752	0.025	-36.7039	-221.129	7.65024	
2.36439	0.930388	0.025	-29.3226	141.83	14.2107	
4.88801	1.15118	0.025	-30.3795	208.805	3.72414	
-1.29208	0.610489	0.025	-103.242	-163.773	-6.89387	
10.6481	1.65512	0.025	-42.7801	195.898	1.59631	
8.20726	1.44157	0.025	-2.21703	234.628	0.262185	
-5.427	0.24873	0.025	53.842	-140.174	-11.0877	
4.92523	1.15443	0.025	0.400207	203.616	3.80674	
-4.46363	0.333014	0.025	-29.2559	-177.405	1.86426	
4.14631	1.08629	0.025	-78.032	196.787	4.45674	
11.362	1.71758	0.025	-83.6792	195.202	2.90608	
0.505642	0.767769	0.025	-201.443	161.212	16.6069	
5.2126	1.17957	0.025	-15.1901	217.561	3.3208	
0.25958	0.746242	0.025	-205.254	-5.37499	1.50357	
3.5415	1.03337	0.025	-15.0918	190.291	-16.4806	
1.04971	0.815369	0.025	-127.96	94.8818	2.82739	
0.728778	0.787291	0.025	-70.7321	209.636	0.321445	
5.2589	1.18363	0.025	-61.3219	169.061	11.4062	
5.36014	1.19248	0.025	-45.1311	213.477	-3.36411	
2.7037	0.960074	0.025	-73.4626	132.579	6.05964	
-1.74206	0.571121	0.025	-81.653	-230.007	-6.05062	
4.73242	1.13756	0.025	-35.3618	157.952	6.24844	
2.26846	0.921995	0.025	-18.8614	213.614	-6.96665	
7.50929	1.38051	0.025	-28.2016	180.05	-5.26276	
1.2302	0.83116	0.025	-123.222	217.546	-8.06782	
0.988077	0.809977	0.025	-97.1019	136.111	3.03775	
-0.9144	0.643532	0.025	-129.049	-90.4714	6.02369	
3.30755	1.0129	0.025	-83.967	150.802	2.88455	
13.7934	1.9303	0.025	-85.2602	235.41	2.78127	
8.70416	1.48505	0.025	-46.8772	175.109	3.34166	
8.70654	1.48525	0.025	-44.8182	232.978	-9.36794	
9.94438	1.59355	0.025	-38.2024	187.627	-4.85731	
8.43398	1.46141	0.025	-52.7895	196.09	1.65516	
-3.67872	0.401685	0.025	12.7319	-171.356	2.24813	
-0.590834	0.67184	0.025	-205.144	-128.129	-11.3216	
9.56133	1.56004	0.025	-13.9793	247.808	5.47445	
-0.667774	0.665109	0.025	-209.019	-140.097	0.510161	
0.439933	0.76202	0.025	-169.392	78.9133	8.52838	
0.102416	0.732491	0.025	-210.998	-64.7207	-5.34359	
-1.3126	0.608694	0.025	-75.1368	-155.559	-15.6417	
11.3227	1.71414	0.025	-60.7635	228.301	16.9661	
6.30881	1.27548	0.025	-38.0682	228.606	5.37705	
-1.37732	0.603031	0.025	-98.8511	-210.442	8.20099	
2.20984	0.916867	0.025	-46.282	194.455	1.26145	
7.94947	1.41902	0.025	-21.6275	165.57	0.245694	
6.91257	1.3283	0.025	-34.8392	265.305	3.62805	
9.69487	1.57172	0.025	-59.4064	238.708	-10.0707	
1.51805	0.856343	0.025	-126.97	188.906	-3.8816	
5.23771	1.18177	0.025	-40.7564	184.847	7.15544	
7.1635	1.35026	0.025	-57.8286	218.41	4.53518	
0.217908	0.742596	0.025	-249.078	22.6092	9.9629	
-2.085	0.541117	0.025	-45.925	-210.333	8.3867	
8.57721	1.47394	0.025	-33.1177	170.402	5.09507	
4.90293	1.15248	0.025	-86.7182	151.549	1.35172	
1.7905	0.88018	0.025	-14.4507	175.617	-10.1597	
-0.624126	0.668927	0.025	-161.977	-200.788	11.1429	
0.195604	0.740644	0.025	-121.784	46.8111	20.8334	
13.9055	1.94011	0.025	-77.8333	225.43	11.7845	
13.6397	1.91685	0.025	-14.2695	205.981	10.7773	
10.3513	1.62915	0.025	-16.2848	243.95	-10.1345	
0.134646	0.735311	0.025	-204.901	68.0638	-0.673755	
2.9771	0.983994	0.025	-40.3164	160.216	8.30819	
9.41548	1.54728	0.025	-11.0989	218.61	2.1712	
10.0385	1.60179	0.025	-27.9443	228.722	-0.280494	
-0.463965	0.68294	0.025	-165.759	-156.778	-3.69509	
-1.85731	0.561037	0.025	-112.914	-184.284	10.8567	
10.1313	1.60991	0.025	-43.3312	217.341	6.41923	
2.56618	0.948043	0.025	-32.3796	153.973	-8.81163	
14.5729	1.9985	0.025	-24.3063	255.734	-2.03403	
3.89627	1.06441	0.025	-48.8735	138.473	0.400313	
4.10908	1.08303	0.025	-11.0712	189.867	-15.3296	
9.60531	1.56389	0.025	28.9176	237.52	-9.59346	
10.5539	1.64687	0.025	-36.9715	237.313	-6.40749	
4.32042	1.10152	0.025	-95.7953	191.824	-6.62473	
2.78647	0.967316	0.025	-32.8308	179.628	-3.36858	
8.91021	1.50307	0.025	-89.8419	231.751	5.3285	
0.390232	0.757672	0.025	-139.246	16.775	-2.42968	
9.58076	1.56174	0.025	-25.7259	234.429	-8.68847	
1.77486	0.878812	0.025	-63.0008	226.536	4.08269	
7.32624	1.36449	0.025	-34.3256	181.14	-4.16763	
-1.52243	0.590335	0.025	-50.5565	-213.186	2.07929	
10.2752	1.62249	0.025	-47.3085	192.959	6.07348	
10.972	1.68346	0.025	-30.0066	253.37	-12.0543	
-4.65389	0.316369	0.025	-35.729	-190.83	7.80528	
3.88288	1.06324	0.025	-73.4304	187.344	11.2128	
3.18409	1.0021	0.025	-45.9999	169.635	2.06945	
9.45005	1.5503	0.025	-29.7457	187.291	5.20166	
2.73555	0.962861	0.025	-75.4329	161.26	3.02946	
1.24185	0.832179	0.025	-124.86	143.569	-15.058	
2.27571	0.92263	0.025	-58.6687	215.376	6.98316	
4.54144	1.12086	0.025	-23.9564	151.635	-10.7449	
6.19184	1.26525	0.025	-25.7401	217.056	9.32691	
2.00721	0.899139	0.025	-95.2958	102.702	2.24456	
-5.81271	0.214985	0.025	-26.4131	-181.068	-2.58089	
5.66676	1.21931	0.025	-35.5415	189.241	-8.14241	
-3.77503	0.393259	0.025	9.91004	-219.734	-7.65161	
5.33626	1.19039	0.025	-49.2233	190.391	-1.25493	
4.94853	1.15647	0.025	-65.4682	143.285	10.6018	
2.43599	0.936653	0.025	-76.0217	186.698	0.851687	
7.18579	1.35221	0.025	-77.5926	156.869	-16.6472	
4.04262	1.07721	0.025	-51.9883	167.971	-23.159	
10.3358	1.62779	0.025	-61.8607	211.998	8.48923	
9.29447	1.53669	0.025	-39.028	186.902	-2.62419	
8.29403	1.44916	0.025	1.95784	242.17	-6.50335	
-3.40332	0.42578	0.025	-37.1523	-179.47	14.9675	
-4.51264	0.328727	0.025	13.1013	-189.242	-4.28588	
-0.517956	0.678216	0.025	-191.143	-77.3153	10.4149	
4.45255	1.11308	0.025	-66.6554	164.765	-0.252874	
7.14498	1.34864	0.025	10.9692	192.77	-1.70759	
5.67288	1.21984	0.025	-8.17386	220.429	-5.32454	
9.31695	1.53866	0.025	-23.1704	222.359	-12.0625	
5.20534	1.17894	0.025	-38.4362	222.614	16.1413	
10.0878	1.6061	0.025	-8.4458	202.794	-4.17064	
4.64568	1.12998	0.025	-33.4721	175.28	-1.7556	
4.4354	1.11158	0.025	-48.2301	241.439	1.21341	
6.9949	1.33551	0.025	-35.7161	202.78	1.01971	
7.45071	1.37538	0.025	-30.7887	225.753	12.1432	
4.84869	1.14774	0.025	-43.2172	175.479	-9.48903	
2.18494	0.914689	0.025	-106.373	131.37	-6.93448	
10.8561	1.67332	0.025	-51.0379	217.943	-3.55225	
0.136245	0.735451	0.025	-177.586	115.462	-0.5071	
10.8598	1.67364	0.025	-33.9406	267.899	-9.93137	
8.52215	1.46912	0.025	-46.6852	221.724	-4.71406	
5.2115	1.17948	0.025	-57.3255	179.033	7.80996	
-0.102446	0.714568	0.025	-176.783	104.532	-22.6962	
9.53803	1.558	0.025	-41.2221	201.528	-0.856846	
-1.11114	0.626319	0.025	-150.716	-160.435	-3.51761	
0.574462	0.77379	0.025	-148.906	145.178	-10.135	
7.48915	1.37875	0.025	-40.5078	171.935	2.05743	
0.437288	0.761789	0.025	-178.005	204.263	-13.9612	
8.666	1.48171	0.025	-36.3068	198.677	1.80708	
-0.954282	0.640042	0.025	-65.7324	-236.582	9.44785	
4.47256	1.11483	0.025	-49.8602	211.671	5.28753	
12.8245	1.84553	0.025	-8.16606	226.28	-1.84287	
8.45941	1.46363	0.025	-43.8266	200.179	-9.03281	
7.23799	1.35677	0.025	9.20399	187.921	17.4751	
6.24701	1.27007	0.025	-25.4091	169.121	-6.85165	
4.96891	1.15825	0.025	-16.4191	186.658	1.93957	
0.400493	0.75857	0.025	-190.386	94.8156	-7.07206	
-2.72252	0.485341	0.025	-52.7068	-235.563	-3.6995	
1.78759	0.879925	0.025	-118.524	163.721	11.2728	
4.61815	1.12757	0.025	5.22984	188.175	8.88388	
10.6966	1.65936	0.025	-33.039	224.778	-4.38142	
2.38599	0.932278	0.025	-83.0306	187.264	-11.2237	
6.35171	1.27923	0.025	-44.9812	175.171	-2.83064	
1.42855	0.848513	0.025	-164.445	113.857	-7.1617	
0.335663	0.752898	0.025	-201.463	102.424	2.74258	
8.78143	1.49181	0.025	21.639	216.044	-19.9236	
-5.69461	0.225317	0.025	39.405	-184.939	3.09212	
5.56849	1.21071	0.025	1.36272	203.933	-5.61569	
0.637254	0.779284	0.025	-120.936	138.498	-10.6389	
7.84131	1.40956	0.025	-16.516	223.106	14.5379	
1.76616	0.87805	0.025	-43.4721	219.948	-23.9184	
11.6493	1.74271	0.025	-22.894	242.285	10.831	
6.09285	1.25659	0.025	-21.1418	236.634	5.23423	
-0.59195	0.671742	0.025	-123.927	-167.609	9.27962	
-1.373	0.603409	0.025	-21.9783	-169.384	-7.55563	
-1.46879	0.595028	0.025	-71.8055	-180.176	-6.25363	
10.46	1.63866	0.025	-44.3403	187.421	3.74773	
7.65102	1.39291	0.025	11.073	181.438	1.01741	
8.55058	1.47161	0.025	-21.6103	207.751	8.12589	
1.35312	0.841914	0.025	-160.266	171.558	16.2811	
8.77097	1.49089	0.025	-54.3445	195.955	-6.31958	
0.159753	0.737508	0.025	-208.345	53.4968	9.49345	
8.34731	1.45383	0.025	-67.9148	177.099	-4.31255	
0.234575	0.744054	0.025	-260.149	73.3493	14.6429	
12.3812	1.80675	0.025	-86.4166	230.115	2.94592	
6.97486	1.33375	0.025	-49.7528	168.496	-3.66223	
3.85777	1.06104	0.025	-72.3986	185.768	-0.926164	
3.63785	1.0418	0.025	-88.2534	172.168	3.4732	
-5.64997	0.229223	0.025	43.0546	-230.637	1.46971	
5.12312	1.17175	0.025	-34.1297	192.29	7.31526	
2.02103	0.900349	0.025	-61.6851	204.949	-2.96725	
6.87875	1.32534	0.025	3.71713	174.728	-15.2013	
0.0255887	0.72577	0.025	-204.584	-88.4971	1.14683	
9.33428	1.54017	0.025	-19.1451	217.444	6.96455	
-0.743208	0.658509	0.025	-114.56	-121.288	-5.56829	
1.06673	0.816858	0.025	-135.327	207.673	0.306688	
3.3376	1.01553	0.025	-56.3968	189.709	0.347246	
0.310223	0.750672	0.025	-244.968	-19.8945	-5.23536	
6.43073	1.28615	0.025	-43.0456	212.5	3.43416	
12.3613	1.805	0.025	-56.0132	188.756	2.5389	
4.32729	1.10212	0.025	-50.5403	138.137	7.6952	
5.06152	1.16636	0.025	-8.51044	194.158	-13.798	
4.76766	1.14065	0.025	-86.1288	150.14	-11.6411	
-1.01839	0.634434	0.025	-129.925	-197.971	-10.9698	
-0.485784	0.681031	0.025	-242.825	-127.676	1.68326	
0.47087	0.764727	0.025	-94.9139	163.617	-4.43948	
6.18675	1.2648	0.025	-47.0682	147.673	-3.82069	
-3.33661	0.431616	0.025	-48.8513	-187.284	0.751201	
-0.117291	0.71327	0.025	-211.344	-12.8651	-1.02489	
10.4842	1.64078	0.025	-67.1397	195.99	-13.8893	
1.21543	0.829868	0.025	-132.638	150.194	-4.01651	
-1.15104	0.622828	0.025	-147.812	-215.847	-9.25946	
2.80282	0.968746	0.025	-27.0274	201.16	-10.0312	
9.71027	1.57307	0.025	1.06256	193.051	-0.274231	
3.75565	1.05211	0.025	-23.8774	158.777	11.7554	
12.1248	1.78432	0.025	-22.682	246.835	-6.13472	
19.85	2.46018	0.025	-67.3534	213.753	4.65999	
7.08311	1.34322	0.025	-24.1082	218.717	-8.35273	
2.90749	0.977904	0.025	-58.3709	184.898	11.7509	
-0.1594	0.709586	0.025	-196.918	-16.956	-9.82838	
7.32515	1.3644	0.025	-22.6338	225.573	-12.2504	
2.65849	0.956119	0.025	-56.2834	202.179	1.77053	
1.70741	0.87291	0.025	-124.898	176.842	11.9631	
-0.194144	0.706546	0.025	-182.303	-180.77	3.22896	
1.58532	0.862229	0.025	-43.6271	187.003	-11.9995	
0.343455	0.75358	0.025	-136.604	150.233	18.5634	
10.8889	1.67619	0.025	-54.1662	228.007	6.12718	
4.42832	1.11096	0.025	-72.7762	162.605	-10.326	
0.44679	0.76262	0.025	-250.606	107.905	-1.46163	
-0.466811	0.682691	0.025	-219.841	-224.05	2.27091	
9.89299	1.58906	0.025	-31.1861	207.388	-1.76966	
3.01765	0.987541	0.025	13.5558	211.673	14.3133	
7.88915	1.41374	0.025	-25.2589	195.484	2.37237	
6.35468	1.27949	0.025	-59.292	177.078	-16.3198	
-0.81084	0.652592	0.025	-60.4532	-200.788	2.67476	
0.555505	0.772132	0.025	-116.211	94.9575	2.86351	
8.31598	1.45108	0.025	-41.0912	195.787	-2.82366	
5.60095	1.21355	0.025	-95.4582	173.065	-9.15083	
3.8528	1.06061	0.025	-60.9335	205.502	-8.85562	
3.70447	1.04763	0.025	-49.9998	195.528	-5.55843	
6.12722	1.25959	0.025	-36.6127	214.237	0.119814	
3.44043	1.02453	0.025	-46.717	207.81	-0.189988	
1.01719	0.812524	0.025	-87.6596	141.492	-6.24784	
4.00191	1.07365	0.025	-46.2789	186.37	-1.47395	
5.33163	1.18999	0.025	-18.8015	225.257	0.00741185	
10.2288	1.61844	0.025	-13.4982	212.824	-5.05844	
-1.3396	0.606331	0.025	-114.481	-181.259	14.5456	
11.2879	1.71109	0.025	-42.298	235.584	2.19812	
1.05627	0.815943	0.025	-113.903	71.0714	-14.9951	
9.47188	1.55221	0.025	-55.075	208.28	-0.529043	
8.17418	1.43868	0.025	-31.2165	222.598	-1.57367	
5.07637	1.16766	0.025	-54.7444	204.921	1.86562	
7.58737	1.38734	0.025	-39.1512	211.499	2.82925	
-0.198401	0.706173	0.025	-253.543	-72.6026	-1.12777	
10.3261	1.62695	0.025	-58.7027	218.101	-9.63208	
9.19309	1.52782	0.025	-3.62712	236.439	-12.3269	
1.65328	0.868174	0.025	-98.311	151.307	-5.11412	
7.60615	1.38898	0.025	-84.2759	178.98	-1.77869	
9.51908	1.55634	0.025	-37.9985	217.605	-7.88366	
1.05179	0.815551	0.025	-195.264	114.493	-1.5381	
4.35943	1.10493	0.025	-0.186104	179.856	-2.49396	
12.4064	1.80895	0.025	-33.6293	214.6	-6.84096	
4.29375	1.09919	0.025	-25.9139	183.103	0.0951972	
3.97177	1.07102	0.025	-20.53	183.552	9.24565	
3.09537	0.994341	0.025	-60.4648	225.003	5.57564	
0.0827022	0.730767	0.025	-164.038	-35.9634	-10.2778	
10.5125	1.64325	0.025	-17.5286	200.596	-7.11325	
0.652853	0.780648	0.025	-193.906	117.51	-3.30306	
7.7567	1.40215	0.025	-49.1922	177.204	-0.825508	
2.70031	0.959778	0.025	-104.69	194.105	17.0769	
9.54543	1.55865	0.025	-43.4443	206.021	1.92926	
1.22046	0.830308	0.025	-101.013	182.238	-0.291686	
-4.25673	0.351116	0.025	-9.68044	-184.384	1.50644	
1.9137	0.890959	0.025	-101.987	193.152	-14.5743	
6.78224	1.3169	0.025	-28.8256	221.739	-2.40836	
7.84909	1.41024	0.025	-32.2006	206.929	0.376579	
14.3383	1.97797	0.025	-49.3348	207.698	10.0895	
5.20486	1.1789	0.025	27.6479	186.838	0.595246	
0.70615	0.785311	0.025	-210.591	165.72	-3.63233	
3.06114	0.991346	0.025	-34.7219	202.272	0.357464	
1.24707	0.832636	0.025	-126.429	219.632	18.1959	
2.60527	0.951462	0.025	-11.7875	165.238	-10.4846	
-0.817679	0.651994	0.025	-158.547	-181.632	-1.5825	
-2.10947	0.538976	0.025	-83.7906	-204.16	-5.48768	
6.43203	1.28626	0.025	-19.8984	226.426	13.3271	
-2.13036	0.537149	0.025	4.78089	-226.339	2.40382	
9.74889	1.57645	0.025	-31.1438	206.301	9.33872	
3.83698	1.05922	0.025	-35.639	179.076	-11.7147	
-2.41815	0.511971	0.025	-68.2604	-155.376	0.950951	
3.24538	1.00747	0.025	-45.7186	167.564	8.57906	
10.7497	1.66401	0.025	-60.7671	210.036	0.154847	
5.0149	1.16228	0.025	-50.6477	158.355	8.62187	
11.0326	1.68876	0.025	-0.375529	200.207	-3.3001	
1.28763	0.836184	0.025	-193.535	148.69	9.62416	
-0.939731	0.641315	0.025	-85.379	-171.25	-10.0594	
12.7165	1.83608	0.025	-1.41215	218.721	-8.85979	
-0.547772	0.675607	0.025	-176.915	-148.148	23.4045	
-0.680855	0.663964	0.025	-52.1586	-138.364	13.3059	
5.38571	1.19472	0.025	-19.7563	169.964	-11.2053	
-0.145135	0.710834	0.025	-206.879	-73.4536	2.82028	
6.8393	1.32189	0.025	-22.0405	205.502	-1.37666	
5.48648	1.20354	0.025	-49.6338	148.206	8.81724	
4.29732	1.0995	0.025	-40.215	199.822	-11.416	
12.5844	1.82452	0.025	-45.5392	196.348	4.40069	
0.699699	0.784747	0.025	-139.73	118.489	-8.89772	
5.86488	1.23664	0.025	-53.8502	172.31	6.29948	
10.3533	1.62933	0.025	-45.4052	216.41	4.94747	
8.87702	1.50017	0.025	-47.7096	192.44	-1.55474	
-2.04041	0.545018	0.025	15.6103	-197.639	-12.6013	
-1.66993	0.577431	0.025	-39.0952	-174.345	4.92412	
9.07503	1.51749	0.025	-56.5697	174.333	1.99628	
3.07893	0.992903	0.025	-56.3338	209.83	7.35368	
0.785071	0.792216	0.025	-123.403	144.716	-3.63076	
1.17162	0.826034	0.025	-60.1859	180.443	14.174	
1.35393	0.841985	0.025	-117.659	141.895	8.16421	
-3.19396	0.444096	0.025	-22.5607	-203.151	5.57216	
12.4161	1.8098	0.025	-38.7563	213.27	1.51115	
-0.731963	0.659493	0.025	-171.988	-86.7404	20.4798	
6.10196	1.25738	0.025	3.22104	187.752	6.04047	
0.227174	0.743406	0.025	-216.343	63.5744	4.27723	
2.25611	0.920915	0.025	-87.9879	160.04	-1.2419	
6.4752	1.29004	0.025	-15.8986	234.747	-0.288499	
-6.76159	0.131969	0.025	5.45194	-225.061	-8.47224	
7.06108	1.3413	0.025	-47.4559	207.022	9.01662	
6.62451	1.3031	0.025	-36.3424	188.398	-9.5253	
10.6533	1.65557	0.025	-73.453	228.379	-1.33644	
1.44175	0.849668	0.025	-18.2735	148.319	-6.23212	
3.78896	1.05502	0.025	-60.6891	172.452	3.66299	
1.11597	0.821166	0.025	-132.601	175.165	-9.08858	
6.56802	1.29816	0.025	-53.8749	203.734	-9.31838	
13.801	1.93096	0.025	-6.54367	232.819	5.15344	
0.323629	0.751845	0.025	-134.467	98.7648	7.05803	
13.4159	1.89727	0.025	-11.4116	250.791	8.39653	
5.99172	1.24774	0.025	-11.4612	188.059	12.3432	
5.44971	1.20032	0.025	2.18574	183.339	1.06885	
9.634	1.5664	0.025	-55.1934	176.934	-2.80708	
-2.32571	0.520058	0.025	-32.8721	-200.882	-6.44613	
6.67309	1.30735	0.025	-28.3827	189.091	10.0849	
3.08645	0.99356	0.025	-92.2407	189.545	-11.7497	
-1.75553	0.569942	0.025	-68.5672	-203.78	-2.15255	
4.63644	1.12917	0.025	-75.447	237.413	10.321	
-0.709212	0.661483	0.025	-192.728	-142.822	-5.73438	
7.6849	1.39587	0.025	-38.4643	184.627	0.63064	
9.24804	1.53263	0.025	-43.9072	220.183	12.711	
-0.598954	0.67113	0.025	-131.879	-99.8398	19.0874	
-1.93874	0.553913	0.025	-56.6132	-138.01	-0.595717	
-2.30526	0.521847	0.025	-47.3792	-185.025	13.1857	
-3.18153	0.445184	0.025	-40.8144	-157.144	1.83012	
-2.51772	0.50326	0.025	-102.447	-201.88	4.02931	
11.2583	1.70851	0.025	-43.7413	208.561	-10.9441	
5.64169	1.21712	0.025	-79.8861	192.232	11.8403	
9.52346	1.55673	0.025	-35.6509	219.089	-6.83902	
7.45047	1.37536	0.025	-30.5931	202.547	-2.29903	
7.25342	1.35812	0.025	-51.7037	206.633	-2.0133	
5.75096	1.22668	0.025	-27.3554	199.906	-13.7997	
10.6233	1.65295	0.025	-66.3608	222.064	-6.45546	
6.53246	1.29505	0.025	-62.3441	165.425	6.19458	
-0.618082	0.669456	0.025	-208.72	-151.433	28.808	
-0.45898	0.683376	0.025	-137.335	-168.483	-10.1084	
-3.27309	0.437173	0.025	-11.6716	-181.223	8.22336	
0.000960301	0.723615	0.025	-222.854	42.6393	-0.456458	
6.77913	1.31663	0.025	-11.2651	207.568	-2.01125	
-1.05025	0.631646	0.025	-118.398	-187.914	15.7408	
8.27229	1.44726	0.025	-81.0826	166.504	4.78333	
4.04248	1.0772	0.025	-63.7329	208.085	4.08222	
9.47129	1.55216	0.025	-70.4825	210.955	7.24051	
6.85046	1.32287	0.025	-43.6144	210.341	2.77798	
10.6474	1.65506	0.025	-58.5354	200.421	14.6846	
10.3665	1.63049	0.025	-48.21	207.599	6.55314	
11.5929	1.73778	0.025	-80.6416	219.816	10.7958	
5.63424	1.21646	0.025	-60.3052	172.561	-6.36975	
-3.92578	0.38007	0.025	-88.1502	-214.799	-4.32705	
0.459617	0.763743	0.025	-212.138	107.022	1.92577	
10.0716	1.60468	0.025	-12.5706	170.775	-8.44397	
10.1455	1.61115	0.025	-17.4013	208.054	8.91864	
12.2387	1.79428	0.025	-32.0146	195.307	-2.75586	
7.9699	1.42081	0.025	-41.8391	196.365	-14.8559	
2.5543	0.947004	0.025	-120.265	143.564	12.0354	
0.100654	0.732337	0.025	-119.279	66.5666	0.99332	
7.57	1.38582	0.025	-40.7848	216.803	0.40639	
6.45983	1.28869	0.025	-16.1134	195.543	1.59828	
6.61149	1.30196	0.025	-21.102	191.514	7.24613	
0.150772	0.736722	0.025	-238.495	78.0204	17.2317	
-0.414761	0.687244	0.025	-182.245	-101.143	2.9661	
7.55956	1.38491	0.025	9.9812	194.528	-1.60655	
5.90574	1.24022	0.025	-14.0682	176.669	-3.36232	
3.54664	1.03382	0.025	-91.0587	149.227	13.4514	
5.15227	1.1743	0.025	-60.7921	185.432	-5.30221	
-1.80131	0.565937	0.025	-76.8551	-198.803	-3.07657	
7.76907	1.40324	0.025	-66.0206	199.289	0.136442	
8.52782	1.46962	0.025	-45.377	218.352	-2.87955	
3.5934	1.03791	0.025	-55.8136	178.231	3.87355	
10.7783	1.66651	0.025	-8.49595	258.097	0.0416819	
10.6365	1.65411	0.025	-48.5853	256.866	3.57562	
-2.71392	0.486094	0.025	51.9791	-166.193	-1.75806	
7.35481	1.36699	0.025	-33.4042	200.131	8.2301	
0.959942	0.807515	0.025	-129.356	119.968	-0.190355	
9.20807	1.52913	0.025	-27.7913	230.842	-5.01425	
7.0168	1.33742	0.025	-72.5639	184.885	-1.02255	
1.47032	0.852167	0.025	-141.269	131.77	10.7422	
3.16617	1.00054	0.025	-54.7491	176.698	-7.36424	
-0.556595	0.674835	0.025	-131.231	-113.687	8.59676	
1.96943	0.895834	0.025	-60.8723	133.583	-2.60024	
8.43814	1.46177	0.025	-54.4583	234.683	-9.01143	
0.708927	0.785554	0.025	-87.5365	164.542	-8.71067	
12.1242	1.78426	0.025	-32.274	222.736	10.3504	
11.2049	1.70384	0.025	-8.83917	217.047	1.56558	
1.22735	0.830911	0.025	-170.723	169.589	4.61277	
9.6915	1.57143	0.025	-40.4158	219.433	-12.1135	
13.2971	1.88688	0.025	-82.5174	208.836	3.87619	
9.81474	1.58221	0.025	-37.3991	201.57	-1.98678	
0.70108	0.784868	0.025	-79.7975	182.883	6.39984	
9.14324	1.52346	0.025	-89.6665	223.466	-10.06	
1.54763	0.858932	0.025	-53.1895	215.405	7.60409	
10.7487	1.66392	0.025	5.44993	196.324	0.927646	
11.6472	1.74253	0.025	-63.0365	201.02	-9.97827	
-0.211904	0.704992	0.025	-211.377	-82.382	-5.51551	
4.79986	1.14346	0.025	-6.73632	228.018	8.26727	
8.24112	1.44454	0.025	-60.393	171.381	-0.740864	
-0.894888	0.645239	0.025	-152.554	-178.158	6.6411	
5.05114	1.16545	0.025	-15.5812	194.343	-6.47386	
9.1594	1.52487	0.025	-15.6804	228.23	3.07898	
-1.36008	0.60454	0.025	-89.0374	-239.308	-28.1304	
1.81305	0.882153	0.025	-28.684	174.669	-13.2821	
6.40341	1.28376	0.025	-5.28147	192.979	-3.41019	
1.43592	0.849158	0.025	-165.581	163.476	0.440442	
-1.77353	0.568368	0.025	-64.1112	-222.054	1.34423	
4.74635	1.13878	0.025	-39.823	196.302	-5.47518	
2.82836	0.970981	0.025	-78.8944	193.652	3.41698	
3.66194	1.04391	0.025	-54.8874	204.699	1.43469	
-1.759	0.569638	0.025	4.30359	-238.007	-14.8292	
9.99386	1.59788	0.025	-54.7476	207.383	4.19724	
6.56665	1.29804	0.025	-28.9175	180.126	7.59892	
0.431125	0.76125	0.025	-184.072	28.4838	10.0708	
3.19088	1.0027	0.025	-38.3358	173.488	-8.1655	
-0.468829	0.682514	0.025	-283.463	-49.8082	-3.05527	
0.326041	0.752056	0.025	-228.167	138.839	21.8911	
1.71569	0.873634	0.025	-97.821	172.994	-5.29936	
0.716357	0.786204	0.025	-48.5198	249.29	14.7171	
2.6499	0.955367	0.025	-98.2829	186.068	7.49295	
0.850106	0.797906	0.025	-143.388	187.92	21.0905	
-5.80789	0.215407	0.025	18.4673	-193.838	9.54059	
6.5157	1.29358	0.025	-57.4763	180.883	-1.95209	
5.58579	1.21222	0.025	-72.462	182.794	2.1957	
11.2895	1.71123	0.025	-22.3432	219.347	-10.4402	
5.9884	1.24745	0.025	-18.3383	230.926	1.29203	
3.6369	1.04172	0.025	-30.7778	156.366	5.08736	
10.2347	1.61895	0.025	-30.3314	210.573	2.73719	
-0.781802	0.655132	0.025	-218.438	-177.295	-8.23275	
7.0861	1.34348	0.025	-35.4509	188.339	2.25799	
-2.18216	0.532617	0.025	-0.353581	-209.931	-8.95792	
3.42815	1.02346	0.025	-18.812	172.371	-8.2065	
12.4122	1.80946	0.025	-36.4687	251.334	-1.3915	
9.36868	1.54318	0.025	-39.7771	203.704	7.50434	
-0.638039	0.66771	0.025	-188.16	-169.751	-6.68613	
6.39242	1.2828	0.025	-72.1449	176.029	0.657451	
-0.387083	0.689666	0.025	-145.304	-57.0399	-13.644	
9.45655	1.55087	0.025	-58.1866	228.072	1.70641	
6.61325	1.30212	0.025	7.92537	212.375	0.576642	
1.09399	0.819243	0.025	-125.542	156.933	-3.01191	
13.5556	1.9095	0.025	-19.7203	248.914	-12.3627	
3.44689	1.02509	0.025	-17.3003	186.434	3.99778	
3.40304	1.02126	0.025	-41.8952	190.393	-2.35021	
4.91288	1.15335	0.025	7.35034	198.542	8.81595	
6.62759	1.30337	0.025	-32.2011	183.481	1.60073	
8.54236	1.47089	0.025	-100.388	202.577	1.08564	
5.66072	1.21878	0.025	-46.4455	214.953	-11.8714	
-3.60396	0.408226	0.025	-64.0023	-163.636	-4.37645	
-0.476763	0.68182	0.025	-261.369	-7.8513	-9.29794	
0.753191	0.789427	0.025	-195.206	74.4987	0.415257	
6.17986	1.2642	0.025	-70.863	177.218	17.8477	
-0.260894	0.700706	0.025	-249.372	-110.893	-3.24554	
4.25182	1.09552	0.025	-25.5294	171.689	7.82419	
-3.53104	0.414605	0.025	37.192	-202.983	-1.03637	
-1.63383	0.58059	0.025	13.4002	-191.081	-15.7017	
7.53489	1.38275	0.025	0.104981	203.308	-1.07483	
11.4437	1.72473	0.025	-38.9002	214.766	3.27292	
9.88969	1.58877	0.025	14.1868	209.037	3.47939	
7.80429	1.40632	0.025	-46.3428	176.581	4.99438	
6.68282	1.3082	0.025	-42.4727	177.177	-7.1426	
-0.211047	0.705067	0.025	-157.755	16.4199	10.8624	
0.552993	0.771912	0.025	-177.733	202.101	-5.22509	
10.9614	1.68253	0.025	-66.5365	201.74	-0.354089	
3.29434	1.01175	0.025	-13.0509	177.542	-3.45546	
6.3589	1.27986	0.025	-68.1404	194.628	-7.04161	
0.886431	0.801084	0.025	-184.471	202.06	-6.84493	
7.74535	1.40116	0.025	-72.5098	173.758	2.2346	
5.26444	1.18411	0.025	-39.127	201.339	-6.48578	
8.20238	1.44115	0.025	-2.3089	248.444	-1.17976	
3.30865	1.013	0.025	-79.0994	173.683	-10.1612	
2.53699	0.945489	0.025	-26.6089	142.495	-3.92083	
-3.53511	0.414249	0.025	-22.7538	-148.437	2.4955	
2.93658	0.980449	0.025	-53.9487	193.206	7.73726	
-2.68165	0.488917	0.025	-27.2232	-228.725	-2.74071	
7.55809	1.38478	0.025	-45.4027	186.712	-0.45853	
-5.51106	0.241376	0.025	10.1834	-212.836	3.34523	
8.84154	1.49707	0.025	-59.863	203.11	-8.92877	
2.17275	0.913622	0.025	-11.8966	143.972	7.20326	
8.36574	1.45544	0.025	-48.4015	199.29	11.0954	
8.18447	1.43958	0.025	-40.8187	168.009	-5.08082	
5.36958	1.19331	0.025	-88.9389	188.154	8.71242	
0.332525	0.752623	0.025	-224.267	173.069	-12.586	
8.12028	1.43396	0.025	-25.6475	172.449	6.42536	
0.707995	0.785473	0.025	-183.984	125.943	-9.09134	
-0.774378	0.655782	0.025	-196.67	-61.3092	6.42104	
0.997565	0.810807	0.025	-114.599	150.1	1.46019	
3.33818	1.01558	0.025	-59.3875	175.749	6.25032	
-0.298214	0.697441	0.025	-127.627	-10.8837	13.6901	
14.184	1.96447	0.025	-19.5211	225.829	-13.3195	
3.84013	1.0595	0.025	-92.9487	180.217	1.79533	
0.480826	0.765598	0.025	-217.244	-3.29451	-2.93651	
8.4552	1.46327	0.025	-42.1018	206.736	0.362222	
1.48634	0.853569	0.025	-108.913	176.856	-7.81837	
6.76049	1.315	0.025	-15.9895	168.336	0.566869	
-0.216943	0.704551	0.025	-176.148	-55.4674	-12.492	
1.89656	0.889459	0.025	-26.4457	208.43	2.20488	
5.12776	1.17215	0.025	40.0903	183.485	-3.4305	
17.5631	2.2601	0.025	-39.1885	223.604	5.72643	
7.63182	1.39123	0.025	-97.9306	181.072	5.01724	
-2.93225	0.466992	0.025	-79.7444	-154.085	-7.13802	
14.2298	1.96847	0.025	-10.6211	219.709	6.18473	
5.8941	1.2392	0.025	-60.4181	191.449	9.78501	
-2.04699	0.544443	0.025	-94.8566	-183.467	15.9403	
-5.60702	0.232981	0.025	-39.0866	-206.621	0.576452	
2.00677	0.899101	0.025	-126.936	167.548	9.42601	
1.42195	0.847936	0.025	-120.009	125.879	-12.4428	
0.51645	0.768715	0.025	-125.67	145.996	-28.0184	
1.14182	0.823428	0.025	-127.938	233.007	2.67443	
10.1537	1.61186	0.025	-52.1216	189.944	1.63736	
7.91318	1.41584	0.025	-18.5719	201.182	-3.7212	
2.88463	0.975904	0.025	-62.0648	159.952	-6.26365	
7.85154	1.41045	0.025	-17.7907	197.546	0.092939	
8.58532	1.47465	0.025	-22.2954	179.6	-2.4235	
4.22865	1.09349	0.025	-84.8031	183.535	6.27199	
4.08837	1.08122	0.025	-47.724	182.386	2.70189	
9.27112	1.53465	0.025	-20.146	234.39	1.13836	
-3.82076	0.389258	0.025	-25.2799	-171.738	-2.97566	
9.73976	1.57565	0.025	-48.4799	203.554	16.3965	
19.1151	2.39589	0.025	-84.5901	230.635	-3.71058	
8.2431	1.44471	0.025	-17.1112	195.348	13.2222	
5.25852	1.18359	0.025	-30.239	189.462	-0.062402	
4.88836	1.15121	0.025	-20.6575	201.355	5.79092	
7.61587	1.38983	0.025	-15.3311	210.939	-2.86198	
0.702845	0.785022	0.025	-172.265	179.608	-21.4198	
5.76748	1.22812	0.025	-55.6547	192.585	9.10366	
4.92547	1.15445	0.025	-44.6401	226.415	1.79494	
2.64175	0.954654	0.025	-40.0883	197.236	15.2846	
2.73542	0.962849	0.025	-0.899071	169.411	5.32887	
9.48122	1.55303	0.025	-15.8076	200.397	-8.92359	
1.47695	0.852748	0.025	-101.742	222.688	-20.046	
-0.110334	0.713878	0.025	-210.833	-43.1522	-13.2851	
0.718013	0.786349	0.025	-117.304	182.007	-16.0206	
5.16658	1.17555	0.025	-98.8515	169.235	4.56377	
-2.65501	0.491248	0.025	-5.68736	-158.718	-2.99544	
1.09516	0.819345	0.025	-90.6175	196.4	10.302	
10.6698	1.65701	0.025	-49.812	197.724	-2.56184	
8.4931	1.46658	0.025	-59.5401	151.372	-4.96469	
0.215282	0.742366	0.025	-169.673	73.2398	-18.4126	
6.53397	1.29518	0.025	-17.2763	207.842	-0.412893	
1.77674	0.878976	0.025	-51.8473	174.358	11.7961	
1.56799	0.860713	0.025	-123.993	191.654	12.2435	
6.71363	1.3109	0.025	-3.59218	172.003	-2.54523	
2.11551	0.908614	0.025	-98.4994	155.444	1.49179	
6.15761	1.26225	0.025	-3.56005	176.501	6.21473	
-4.30525	0.346871	0.025	-36.1769	-175.101	8.34227	
7.70698	1.3978	0.025	-28.3813	240.691	2.12975	
12.5527	1.82175	0.025	-47.3767	209.471	4.2097	
9.37552	1.54378	0.025	-81.9845	242.777	-0.809528	
5.34211	1.19091	0.025	-46.7203	206.015	7.75293	
3.00261	0.986225	0.025	-98.0269	221.158	-2.23426	
1.077	0.817756	0.025	-202.86	165.702	-12.3226	
3.49453	1.02926	0.025	-8.95144	188.965	8.4923	
7.32338	1.36424	0.025	-12.1643	219.094	1.18286	
11.1365	1.69785	0.025	-4.52982	204.272	1.96976	
0.0709097	0.729735	0.025	-194.674	17.8341	2.78341	
8.21202	1.44199	0.025	11.2543	197.662	0.0192337	
8.62419	1.47805	0.025	-87.1602	217.708	-2.32185	
6.10599	1.25774	0.025	-82.4375	217.328	-8.74531	
1.04472	0.814932	0.025	-161.02	56.8789	-11.2121	
4.9524	1.15681	0.025	-30.7696	232.479	-3.39136	
5.27634	1.18515	0.025	-50.8311	223.979	6.45655	
11.7515	1.75165	0.025	-39.3698	195.788	-7.26121	
-1.74062	0.571247	0.025	-67.0441	-211.286	4.45523	
-3.15438	0.447559	0.025	-3.96438	-190.15	5.76566	
12.5282	1.81961	0.025	-59.1548	204.688	-2.65589	
5.62958	1.21606	0.025	-40.9132	222.629	8.6529	
9.64347	1.56723	0.025	-28.0541	189.9	9.87194	
15.4232	2.07288	0.025	-51.9866	220.495	-5.37326	
-1.84325	0.562268	0.025	-75.2525	-249.302	11.8178	
13.8637	1.93645	0.025	14.5564	195.085	6.46882	
11.3143	1.7134	0.025	-32.8309	225.148	0.430023	
1.46647	0.851831	0.025	-171.078	191.131	-10.6052	
-2.56665	0.498979	0.025	-2.58509	-169.809	10.3185	
-2.25759	0.526018	0.025	-123.153	-216.928	12.0531	
0.222136	0.742966	0.025	-171.344	-28.373	8.93967	
7.9089	1.41547	0.025	-21.1374	180.357	4.00106	
6.53382	1.29517	0.025	-72.6124	210.926	4.1296	
2.3836	0.932069	0.025	-66.7267	211.015	-14.9608	
12.1774	1.78892	0.025	-19.269	212.466	4.95593	
5.56693	1.21057	0.025	-69.1489	197.18	8.32895	
-1.69409	0.575317	0.025	-81.4904	-147.477	4.46448	
-1.47789	0.594232	0.025	-123.056	-206.847	4.63628	
-2.37604	0.515655	0.025	33.6494	-188.373	-11.4615	
4.38841	1.10747	0.025	-49.7874	168.082	-8.81341	
6.99304	1.33534	0.025	-31.9633	183.278	-0.131512	
12.9235	1.85419	0.025	4.86158	220.682	3.63642	
5.00962	1.16182	0.025	-55.9274	140.824	2.73974	
6.8747	1.32499	0.025	-14.8024	181.767	5.55325	
10.0479	1.60261	0.025	11.6334	222.223	9.0715	
-1.48482	0.593627	0.025	-81.3352	-188.813	5.07802	
-2.59817	0.496221	0.025	-64.9879	-175.491	-13.624	
4.45107	1.11295	0.025	-42.4054	186.259	-7.90918	
9.22051	1.53022	0.025	3.18104	217.685	-0.155544	
12.0045	1.77379	0.025	-34.1136	204.168	6.54202	
-0.143001	0.71102	0.025	-179.189	-185.539	7.30002	
7.36649	1.36802	0.025	-1.96814	218.337	-6.73557	
5.32296	1.18923	0.025	-65.8053	178.2	-4.24043	
13.0436	1.8647	0.025	-6.13109	205.647	-14.619	
10.585	1.6496	0.025	-51.7431	200.03	-0.706595	
-0.364638	0.69163	0.025	-120.493	-118.206	-25.1967	
0.418961	0.760186	0.025	-178.908	182.746	6.64375	
7.10481	1.34512	0.025	-47.6976	196.374	2.09457	
-4.10683	0.36423	0.025	-22.3244	-187.988	-4.23586	
4.17711	1.08898	0.025	-92.269	192.177	9.14745	
-3.34581	0.430811	0.025	16.347	-173.723	-0.376907	
3.09565	0.994365	0.025	-29.3466	211.699	-2.92601	
7.1895	1.35253	0.025	-4.36969	193.833	-6.0353	
5.44446	1.19986	0.025	6.05007	163.529	8.32151	
3.94447	1.06863	0.025	-22.8399	177.503	7.22593	
4.04363	1.0773	0.025	-73.8995	217.557	-0.411874	
2.80611	0.969034	0.025	-57.7667	179.523	-0.880773	
2.22345	0.918058	0.025	-55.7346	153.384	-0.270856	
0.225881	0.743293	0.025	-208.425	112.604	12.6049	
2.5589	0.947406	0.025	-99.5634	199.314	3.46769	
5.20977	1.17933	0.025	-58.0622	133.714	2.36337	
7.12156	1.34659	0.025	-56.5969	181.482	-1.48679	
3.9035	1.06504	0.025	-12.9577	192.103	-14.269	
8.63177	1.47871	0.025	-68.1766	188.46	-6.79719	
2.34723	0.928887	0.025	-94.2787	180.685	1.74359	
9.42486	1.5481	0.025	-71.5305	192.066	-4.64462	
4.53742	1.1205	0.025	-70.4175	199.052	1.24909	
9.12945	1.52225	0.025	-59.1473	221.306	-3.3881	
2.50299	0.942514	0.025	-39.6804	150.014	-0.307391	
0.165031	0.73797	0.025	-159.277	78.6909	13.1844	
0.163686	0.737852	0.025	-158.232	3.9758	-17.9986	
8.93215	1.50499	0.025	-12.4404	207.822	1.6699	
8.0837	1.43076	0.025	-64.3283	189.357	6.33525	
7.80747	1.4066	0.025	-33.9092	201.008	3.55578	
0.253324	0.745694	0.025	-160.505	-13.87	-27.118	
-1.41391	0.59983	0.025	-73.1589	-161.401	3.7183	
-0.110417	0.713871	0.025	-235.512	-38.6081	23.0387	
8.38782	1.45737	0.025	-15.3199	233.166	8.90855	
1.46013	0.851276	0.025	-78.9373	218.285	-5.51877	
11.8153	1.75724	0.025	-42.4973	234.305	3.90538	
-0.136092	0.711625	0.025	-260.25	-98.8754	-1.8614	
2.57829	0.949102	0.025	-85.0196	170.006	1.20952	
-0.0711262	0.717309	0.025	-284.714	22.3656	-25.2303	
14.2771	1.97262	0.025	-30.3951	202.267	5.50768	
-1.46729	0.59516	0.025	-195.341	-192.424	-3.47155	
-1.98977	0.549449	0.025	-81.9592	-223.509	4.22043	
7.96687	1.42054	0.025	-13.029	233.119	-5.44015	
5.50158	1.20486	0.025	-31.871	197.71	10.6307	
6.29816	1.27455	0.025	-95.5928	166.11	-1.14507	
12.5091	1.81794	0.025	9.66273	222.236	-12.7301	
8.35784	1.45475	0.025	-65.049	188.809	-11.6012	
-0.628292	0.668563	0.025	-194.567	-104.182	-2.19221	
1.31	0.838141	0.025	-128.141	103.492	-0.0540256	
6.20025	1.26598	0.025	-29.785	163.736	-9.82496	
6.05891	1.25362	0.025	-54.2743	162.297	6.20741	
10.4735	1.63984	0.025	-11.3003	200.619	3.97957	
-0.95449	0.640024	0.025	-157.353	-66.7395	0.126204	
1.7217	0.874161	0.025	-90.8284	198.489	15.405	
10.0654	1.60414	0.025	-8.72563	195.075	8.74747	
0.618546	0.777647	0.025	-212.524	183.58	10.3454	
7.19323	1.35286	0.025	-74.7746	172.054	3.12615	
1.98496	0.897193	0.025	-136.77	130.648	2.6963	
1.11157	0.820781	0.025	21.0606	215.711	20.5075	
2.2957	0.924379	0.025	-39.1525	154.687	7.75978	
5.00086	1.16105	0.025	-62.739	190.161	-8.61862	
0.362157	0.755216	0.025	-240.069	58.1722	-26.1283	
6.64286	1.30471	0.025	9.27283	214.514	1.01965	
-0.263719	0.700459	0.025	-138.046	-126.959	-3.39474	
-1.82403	0.563949	0.025	-46.3151	-232.807	-20.2617	
3.87951	1.06294	0.025	-71.2312	168.308	9.7949	
11.8909	1.76385	0.025	-6.627	178.471	-3.72151	
9.37854	1.54405	0.025	-48.7311	226.056	12.5899	
9.78472	1.57958	0.025	-70.5054	192.278	12.084	
10.1638	1.61274	0.025	8.02345	229.968	-2.3934	
-0.0655828	0.717793	0.025	-169.065	-103.676	2.08815	
11.7919	1.75519	0.025	-35.2376	208.783	-1.4817	
7.60107	1.38854	0.025	-38.129	225.935	11.846	
0.0606869	0.728841	0.025	-177.82	51.4363	-4.84528	
1.8877	0.888683	0.025	-110.979	153.807	-5.95547	
5.74151	1.22585	0.025	-60.6469	198.474	4.08526	
-0.162908	0.709279	0.025	-248.634	-32.676	-19.1765	
10.6164	1.65235	0.025	-61.0774	197.92	-7.14592	
-2.02537	0.546335	0.025	-105.895	-161.509	7.50436	
1.91012	0.890645	0.025	-67.0298	169.104	3.25091	
4.3973	1.10824	0.025	7.27928	183.107	2.58937	
1.467	0.851877	0.025	-124.98	199.268	-12.532	
-4.17693	0.358097	0.025	10.8258	-201.56	-4.43591	
3.43058	1.02367	0.025	-61.6837	216.208	-0.0773797	
-0.271133	0.69981	0.025	-115.596	-154.595	8.25712	
-1.5114	0.591301	0.025	-113.817	-176.073	-8.94461	
-0.00412603	0.72317	0.025	-169.723	-92.0044	5.6563	
2.63684	0.954225	0.025	-116.894	150.832	-6.63938	
6.99486	1.3355	0.025	-35.6627	199.925	-16.5097	
3.29486	1.01179	0.025	-56.5501	191.337	-15.4614	
-1.36072	0.604483	0.025	-64.8462	-149.3	6.90414	
12.0404	1.77693	0.025	-65.7766	230.703	-6.54096	
0.766935	0.790629	0.025	-169.249	147.384	5.13472	
-0.167761	0.708854	0.025	-193.404	-80.0853	1.4645	
17.1786	2.22647	0.025	-31.0146	217.112	-5.52993	
5.71673	1.22368	0.025	-56.3044	183.923	-4.12752	
0.345679	0.753774	0.025	-179.917	-10.7176	-1.84936	
0.326863	0.752128	0.025	-201.227	74.8485	-6.64938	
8.35828	1.45479	0.025	-56.6157	210.674	-12.2167	
1.39971	0.84599	0.025	-185.656	118.297	-9.5698	
10.6539	1.65563	0.025	-57.4144	226.759	-12.2418	
-0.739056	0.658872	0.025	-28.1386	-137.218	-3.75252	
-1.90768	0.556631	0.025	25.252	-274.092	-1.66523	
4.89966	1.1522	0.025	-82.3612	167.738	-23.9492	
-4.35891	0.342176	0.025	-16.8096	-180.527	0.281881	
-1.03422	0.633048	0.025	-67.5907	-193.671	-6.53331	
8.77262	1.49104	0.025	-17.1313	206.437	2.31114	
9.09255	1.51903	0.025	-27.6139	202.609	0.359455	
1.55688	0.859741	0.025	-115.163	184.26	15.4616	
-3.28894	0.435787	0.025	-93.3954	-180.249	4.31108	
3.69717	1.04699	0.025	-44.1264	156.44	5.44797	
3.70435	1.04762	0.025	-37.9138	178.67	-9.7111	
0.810857	0.794472	0.025	-114.284	209.425	-11.3967	
1.72697	0.874622	0.025	-128.764	149.235	-5.39889	
4.91785	1.15379	0.025	-60.7931	205.17	-1.67933	
8.29432	1.44919	0.025	-16.2024	219.054	-3.29605	
1.86438	0.886643	0.025	-83.8881	159.122	-13.4831	
2.32451	0.926899	0.025	-95.553	147.422	-3.04776	
6.34234	1.27841	0.025	-44.8051	188.377	9.32276	
10.6586	1.65604	0.025	-6.68488	224.4	-3.05694	
-0.316244	0.695863	0.025	-198.267	-175.822	-6.42874	
1.51148	0.855769	0.025	-115.215	164.837	7.66862	
8.93718	1.50543	0.025	-17.7461	159.401	-2.25933	
-2.48331	0.50627	0.025	-26.3669	-165.479	-0.859988	
11.6912	1.74638	0.025	-10.3671	176.747	2.0097	
-4.50568	0.329335	0.025	-38.3565	-159.236	-12.5499	
5.37823	1.19407	0.025	-25.7664	213.339	-0.881728	
8.96852	1.50817	0.025	-14.8544	209.379	5.06953	
12.1967	1.79061	0.025	-16.2198	198.585	-4.31866	
-2.80017	0.478548	0.025	-54.125	-181.537	11.5261	
4.94924	1.15653	0.025	-57.8446	190.956	2.78452	
1.88917	0.888812	0.025	-93.0854	194.837	1.02698	
-0.963681	0.63922	0.025	-56.566	-156.826	6.99274	
2.57497	0.948812	0.025	-102.672	137.839	1.69402	
9.27988	1.53542	0.025	-6.29734	196.77	-3.44342	
6.03455	1.25149	0.025	-38.6619	206.225	-12.0653	
1.02105	0.812861	0.025	-113.391	182.227	8.36349	
8.16409	1.4378	0.025	-37.5477	215.73	-4.33161	
6.47484	1.29001	0.025	-24.8734	210.701	-15.3554	
5.56155	1.2101	0.025	-25.618	162.546	3.35006	
-2.24645	0.526992	0.025	-48.4472	-214.229	-1.77673	
6.17294	1.26359	0.025	16.9632	196.753	1.35939	
9.29434	1.53668	0.025	-14.3644	229.723	-6.21014	
15.6086	2.0891	0.025	-81.625	241.977	1.33964	
2.24189	0.919671	0.025	-79.6252	186.539	-3.74187	
-0.268306	0.700058	0.025	-235.046	27.2233	-6.01819	
-6.05541	0.193752	0.025	-29.4242	-208.767	-2.59824	
13.2001	1.87839	0.025	-58.6103	201.17	8.62926	
2.32755	0.927165	0.025	-54.726	172.494	9.67534	
1.14017	0.823283	0.025	-198.542	142.485	-10.8993	
1.77413	0.878748	0.025	-39.8657	241.208	4.9532	
5.41715	1.19747	0.025	-92.8351	175.397	1.18532	
2.99761	0.985788	0.025	-85.8343	192.919	-16.4106	
0.44107	0.76212	0.025	-223.635	29.9917	-25.4995	
6.57884	1.29911	0.025	-29.2809	194.269	1.0141	
6.5265	1.29453	0.025	-77.0976	170.7	-13.5858	
9.08768	1.5186	0.025	-30.2951	181.749	0.613737	
7.23107	1.35617	0.025	0.557594	228.95	-7.18516	
0.0599574	0.728777	0.025	-248.137	69.4664	-4.16615	
-0.153007	0.710145	0.025	-230.381	-61.0762	-6.18492	
7.62025	1.39022	0.025	-76.6321	196.402	-2.40876	
2.04231	0.90221	0.025	-31.6371	212.25	-23.663	
5.55647	1.20966	0.025	-44.2591	183.665	-10.1501	
5.47944	1.20292	0.025	-40.9386	169.227	7.51659	
12.3525	1.80423	0.025	-77.0131	189.477	3.16487	
6.00728	1.2491	0.025	-39.9942	195.428	-2.185	
9.36813	1.54314	0.025	-69.8819	208.319	-6.0874	
1.30795	0.837962	0.025	-152.073	211.833	6.55651	
0.69539	0.78437	0.025	-108.09	220.319	17.2209	
0.211113	0.742001	0.025	-278.055	-19.9569	-2.39557	
8.34154	1.45332	0.025	-45.4892	180.499	-9.5003	
6.97168	1.33347	0.025	-7.90491	163.678	0.0906199	
7.92777	1.41712	0.025	-5.20711	181.896	-8.61066	
-1.23083	0.615847	0.025	-39.9586	-200.632	6.83933	
14.9415	2.03075	0.025	-34.6485	236.532	-11.1003	
-3.39866	0.426187	0.025	-13.2587	-209.754	23.2673	
2.99564	0.985616	0.025	-93.7699	212.197	8.33608	
3.12151	0.996628	0.025	-80.8274	171.139	-22.1663	
12.0095	1.77422	0.025	-5.90154	225.929	2.4611	
11.8226	1.75787	0.025	30.6475	205.43	4.3492	
4.46922	1.11454	0.025	-61.1742	176.914	-0.727644	
6.35122	1.27919	0.025	-36.1714	201.379	13.2058	
6.21072	1.2669	0.025	-13.9905	184.496	7.69474	
2.74284	0.963498	0.025	-85.9013	189.191	4.62563	
0.511637	0.768294	0.025	-181.416	79.5371	14.2983	
9.0022	1.51112	0.025	-17.8517	208.416	-6.91982	
5.40644	1.19653	0.025	-7.37355	211.299	-16.1913	
0.458236	0.763622	0.025	-181.461	112.249	-4.22265	
2.88634	0.976053	0.025	-48.3613	197.824	12.939	
3.95986	1.06997	0.025	-40.4216	193.007	-9.62063	
11.6069	1.739	0.025	-14.1366	225.511	-9.80886	
2.63945	0.954453	0.025	-10.5579	203.544	1.88902	
-4.14072	0.361265	0.025	6.14698	-154.893	-9.33868	
10.1541	1.6119	0.025	-6.11165	248.565	10.8405	
12.622	1.82781	0.025	-34.3541	208.96	-6.06378	
3.26393	1.00909	0.025	-63.1094	114.208	-5.48063	
7.90564	1.41518	0.025	-45.8462	190.04	8.09107	
4.43903	1.1119	0.025	-34.9093	177.926	-0.918216	
0.0534608	0.728208	0.025	-153.989	112.824	-17.6656	
2.26599	0.921779	0.025	-143.555	168.892	3.69359	
12.953	1.85677	0.025	-49.4856	232.499	4.05438	
2.76968	0.965846	0.025	-100.267	160.033	-14.0313	
3.9088	1.06551	0.025	-29.172	208.808	5.12037	
-1.09259	0.627942	0.025	-122.988	-173.504	9.88934	
0.0885918	0.731282	0.025	-198.965	41.3079	-2.38955	
2.55637	0.947184	0.025	-21.436	211.231	0.721165	
3.53952	1.0332	0.025	-106.698	185.447	-6.65073	
8.46633	1.46424	0.025	-33.1897	168.739	-14.5187	
4.28369	1.09831	0.025	-37.9415	142.793	3.51514	
-2.19375	0.531603	0.025	-58.6525	-201.465	-8.49607	
4.84731	1.14762	0.025	-47.3691	185.947	-3.21648	
5.89691	1.23944	0.025	-21.9423	179.356	10.446	
2.56669	0.948087	0.025	-91.5033	182.48	8.03571	
11.5782	1.73649	0.025	-52.4568	195.543	0.755631	
6.86139	1.32383	0.025	-44.8381	227.225	-12.2582	
9.3573	1.54219	0.025	-37.0387	201.632	-6.5316	
13.4536	1.90057	0.025	-27.3859	233.983	12.0483	
4.61068	1.12691	0.025	3.66257	209.785	6.71437	
4.42795	1.11093	0.025	-46.3683	174.923	-7.70499	
6.93958	1.33067	0.025	-55.8188	176.127	1.92921	
-0.770623	0.656111	0.025	-214.716	-141.541	23.0559	
1.91114	0.890735	0.025	-74.7921	235.419	-23.0537	
3.77525	1.05382	0.025	-47.7327	167.921	-8.41158	
11.6126	1.7395	0.025	-18.9833	217.6	6.05443	
7.15488	1.3495	0.025	-39.3621	216.633	-7.44851	
7.90363	1.41501	0.025	-33.5549	187.145	10.4638	
5.75603	1.22712	0.025	-17.8375	175.58	-6.97705	
4.14744	1.08639	0.025	6.692	142.438	1.01417	
-1.6428	0.579805	0.025	-103.259	-146.737	0.333505	
6.54333	1.296	0.025	-60.5465	166.637	1.90915	
8.73534	1.48777	0.025	-65.1755	157.7	-3.98921	
8.33259	1.45254	0.025	-55.3217	185.457	-4.25953	
2.59501	0.950565	0.025	-43.0146	139.483	0.124442	
8.19076	1.44013	0.025	-22.7121	230.328	-4.28395	
-0.70349	0.661984	0.025	-152.321	-126.818	12.4223	
1.56955	0.860849	0.025	-56.2253	208.887	-2.60584	
14.5971	2.00061	0.025	-19.441	249.268	2.1535	
8.4446	1.46234	0.025	-2.44657	217.332	9.77724	
0.962314	0.807723	0.025	-119.298	125.486	13.5631	
8.99321	1.51034	0.025	-71.6243	210.416	0.892906	
0.448583	0.762777	0.025	-265.746	82.8536	29.8749	
6.9708	1.3334	0.025	-30.2186	183.479	-0.822554	
8.81304	1.49457	0.025	-33.5862	189.688	-6.62448	
3.63223	1.04131	0.025	-35.0718	159.851	15.8248	
10.0109	1.59937	0.025	-94.7495	245.146	-0.7888	
9.49488	1.55423	0.025	-61.139	205.812	-8.18514	
17.5304	2.25725	0.025	-48.78	245.858	-1.29189	
-1.10628	0.626744	0.025	-41.6533	-175.497	5.13123	
13.749	1.92641	0.025	-62.7678	239.689	-1.93252	
8.47432	1.46494	0.025	-28.7961	173.756	13.6335	
-1.69578	0.57517	0.025	-36.5503	-196.07	-1.17115	
8.40633	1.45899	0.025	-37.6613	180.965	11.3657	
-0.637657	0.667743	0.025	-152.799	-21.901	8.43836	
12.2995	1.79959	0.025	-41.0231	221.558	-0.561115	
9.83879	1.58431	0.025	-25.1044	186.439	-22.3252	
8.71836	1.48629	0.025	2.4507	193.625	-11.7618	
-1.72861	0.572297	0.025	-76.9287	-181.056	-10.7209	
-3.75407	0.395093	0.025	-14.8715	-205.491	18.8255	
6.47698	1.29019	0.025	-19.0714	186.175	-0.877215	
8.48792	1.46613	0.025	-34.7501	209.763	1.66563	
5.87871	1.23785	0.025	-37.5888	193.771	-1.86196	
-1.00047	0.636001	0.025	-115.072	-152.897	-13.5724	
1.45393	0.850733	0.025	-88.3435	131.148	2.45715	
10.9424	1.68087	0.025	-35.0081	204.894	-9.81955	
8.90048	1.50222	0.025	-76.7509	241.525	-1.15953	
-0.457616	0.683495	0.025	-203.526	-65.1069	5.02084	
0.313202	0.750933	0.025	-155.554	132.33	-12.8845	
8.38655	1.45726	0.025	-2.99198	261.615	8.88165	
0.975616	0.808887	0.025	-165.821	139.301	7.37568	
7.10473	1.34511	0.025	-25.9848	195.955	2.75169	
13.6431	1.91715	0.025	-23.6484	221.831	-6.39919	
1.60581	0.864021	0.025	-125.658	114.299	4.84586	
0.669043	0.782065	0.025	-129.281	68.7905	8.16107	
0.0104827	0.724448	0.025	-169.126	64.3921	20.1422	
2.46559	0.939242	0.025	-41.3829	209.13	7.76403	
10.4496	1.63776	0.025	-55.3001	208.798	-8.98068	
-0.190103	0.706899	0.025	-139.812	-7.30335	10.9954	
2.18202	0.914433	0.025	-111.986	162.573	-8.92047	
0.371443	0.756028	0.025	-246.451	107.998	14.6892	
-0.0909063	0.715578	0.025	-218.661	-112.219	18.7208	
-3.39744	0.426294	0.025	-33.3582	-200.931	-4.98257	
10.9723	1.68348	0.025	-30.2527	220.573	-3.08089	
2.35454	0.929527	0.025	-86.4682	170.039	-3.28846	
-1.45165	0.596529	0.025	-100.573	-158.279	2.76397	
-0.79202	0.654238	0.025	-139.12	-187.613	12.8741	
2.69658	0.959452	0.025	-67.0912	213.762	-12.5201	
-1.21911	0.616873	0.025	-168.69	-175.22	-11.2266	
-0.643904	0.667197	0.025	-192.41	-132.403	-1.89962	
6.2666	1.27179	0.025	-36.7719	154.678	-3.94924	
5.06907	1.16702	0.025	-36.5461	158.585	2.28432	
1.41086	0.846965	0.025	-118.365	206.009	1.61157	
7.5585	1.38481	0.025	-73.192	198.383	0.767014	
6.07446	1.25498	0.025	-21.5086	179.312	-13.6619	
10.1338	1.61012	0.025	-42.8966	201.404	10.795	
11.3139	1.71337	0.025	-59.6588	261.654	-7.63077	
1.09879	0.819663	0.025	-193.026	114.49	11.715	
0.327082	0.752147	0.025	-229.167	52.5243	-9.99862	
5.09966	1.16969	0.025	-81.2472	187.574	6.84872	
2.76068	0.965059	0.025	-109.723	189.056	-15.4588	
6.01622	1.24988	0.025	-32.3061	147.856	2.71428	
4.49009	1.11636	0.025	-37.2533	189.548	2.06123	
2.31276	0.925871	0.025	-91.9554	224.319	-2.33266	
6.16174	1.26261	0.025	-16.3155	204.374	-7.5733	
15.435	2.07392	0.025	-72.9384	211.185	-2.23211	
8.26037	1.44622	0.025	-52.8246	158.863	7.60809	
11.3761	1.71881	0.025	12.0169	213.797	-4.50439	
1.48868	0.853774	0.025	-28.3898	203.247	17.1843	
0.972666	0.808629	0.025	-138.637	188.213	-15.4812	
0.25759	0.746067	0.025	-161.095	58.8915	0.549023	
-2.50403	0.504457	0.025	-11.1988	-215.891	6.79248	
1.91382	0.890969	0.025	-114.682	173.251	-14.2301	
9.03545	1.51403	0.025	-80.2148	193.909	1.65429	
0.735117	0.787846	0.025	-186.373	174.376	-21.3162	
4.67633	1.13266	0.025	-46.9248	151.804	0.448053	
4.07517	1.08006	0.025	-103.558	186.651	-0.275269	
0.613244	0.777183	0.025	-169.85	180.946	-0.206503	
2.3875	0.93241	0.025	-63.8308	186.231	2.4878	
3.84167	1.05963	0.025	-22.1221	168.778	-2.90102	
3.80705	1.05661	0.025	-46.9054	169.394	-4.2335	
11.4367	1.72411	0.025	-84.3793	214.634	-2.55748	
1.8398	0.884493	0.025	-1.0564	195.193	-1.57686	
0.0173439	0.725049	0.025	-182.995	-28.8393	-7.80151	
12.0106	1.77432	0.025	-52.4753	229.395	0.944861	
-0.319921	0.695542	0.025	-216.953	-27.3743	-8.21434	
9.73866	1.57555	0.025	20.3723	186.141	8.78978	
5.33611	1.19038	0.025	-48.1095	201.624	-4.75068	
12.0883	1.78112	0.025	-50.8678	185.976	-5.34698	
-5.27105	0.262374	0.025	-1.48534	-266.424	-9.147	
6.84862	1.32271	0.025	-25.7408	166.07	2.46366	
12.269	1.79693	0.025	-3.53404	212.139	1.5091	
5.92302	1.24173	0.025	-5.85658	197.477	-2.45006	
4.06295	1.07899	0.025	-97.1852	168.264	4.89844	
9.62381	1.56551	0.025	-55.2131	188.36	-5.60457	
6.25344	1.27064	0.025	-47.4099	196.782	-0.722026	
11.2028	1.70365	0.025	-26.4506	213.384	2.42944	
0.328365	0.752259	0.025	-211.057	86.2215	3.59065	
7.53634	1.38288	0.025	-11.8134	206.558	7.40521	
6.38984	1.28257	0.025	-52.2712	211.75	-3.413	
-3.47679	0.419351	0.025	-49.8051	-177.98	7.0161	
8.77921	1.49161	0.025	-64.5116	183.966	0.902343	
17.5173	2.2561	0.025	-36.7844	213.928	-0.0437231	
8.27603	1.44759	0.025	-15.8429	206.577	6.11198	
3.18211	1.00193	0.025	21.3827	136.585	-1.4953	
9.58742	1.56232	0.025	-79.6052	211.252	-10.1027	
2.86593	0.974267	0.025	-54.7951	168.18	-0.652739	
0.164227	0.737899	0.025	-245.991	103.938	2.21402	
-1.75536	0.569957	0.025	-81.5606	-167.013	-3.11763	
-5.22435	0.26646	0.025	-10.3982	-174.037	1.78543	
0.584152	0.774638	0.025	-54.1981	181.347	8.33718	
9.23911	1.53185	0.025	-64.4014	227.715	4.18723	
10.8597	1.67363	0.025	-93.6578	210.939	8.67641	
-0.0632129	0.718001	0.025	-152.577	-169.413	-0.3995	
12.6993	1.83458	0.025	-95.2164	221.032	-0.508529	
1.93365	0.892704	0.025	-35.7976	239.631	-6.50975	
0.0503974	0.72794	0.025	-237.386	32.0024	1.94281	
8.42922	1.46099	0.025	5.78443	206.285	5.48305	
-1.78903	0.567011	0.025	-12.2437	-182.938	-7.84319	
7.2106	1.35438	0.025	-27.1203	185.382	6.33781	
4.78546	1.1422	0.025	-55.4985	214.193	-0.287849	
8.21115	1.44191	0.025	-64.8103	185.921	12.0424	
-0.665597	0.665299	0.025	-137.443	-109.805	-17.8482	
0.837936	0.796841	0.025	-122.663	195.444	7.41289	
5.93189	1.2425	0.025	-64.7207	163.394	-10.6722	
-0.958575	0.639667	0.025	-23.6156	-228.86	-2.77624	
10.0635	1.60397	0.025	-5.27704	190.827	-9.50874	
13.0367	1.8641	0.025	-14.7129	237.979	6.14404	
0.00723056	0.724164	0.025	-254.462	-56.2618	1.69571	
9.54569	1.55867	0.025	-51.7009	163.446	-1.60383	
7.54262	1.38342	0.025	-75.3423	214.072	7.07091	
8.80225	1.49363	0.025	-70.5929	224.948	-4.00942	
10.9968	1.68563	0.025	-69.9233	202.999	-3.08833	
2.66457	0.956651	0.025	-114.599	163.724	-1.46742	
1.34207	0.840947	0.025	-144.885	212.793	-1.74667	
14.6851	2.00831	0.025	-3.22861	250.557	-0.646923	
9.9885	1.59741	0.025	-42.9361	211.09	2.70447	
9.23278	1.5313	0.025	-39.814	216.454	2.98379	
0.459157	0.763702	0.025	-176.658	81.7537	4.70609	
5.06443	1.16661	0.025	0.710465	187.181	3.06019	
15.4423	2.07456	0.025	-34.8758	251.833	1.32197	
6.1481	1.26142	0.025	-48.8283	190.637	5.38888	
8.08592	1.43096	0.025	-3.0296	163.385	15.649	
8.0169	1.42492	0.025	2.17888	180.082	-5.20765	
8.66595	1.4817	0.025	-49.0028	192.062	-5.71513	
4.95354	1.15691	0.025	-82.4446	179.822	5.10987	
6.34875	1.27897	0.025	-48.7224	194.571	-7.48707	
11.7515	1.75165	0.025	1.60479	220.884	5.08719	
-3.41058	0.425144	0.025	-15.3653	-177.105	-4.87077	
5.23517	1.18155	0.025	-57.1437	154.201	-1.03975	
5.71635	1.22365	0.025	-74.5049	168.691	5.16371	
-0.690163	0.66315	0.025	-180.025	-139.278	-1.92509	
6.52303	1.29422	0.025	-70.3522	184.922	-0.7675	
7.30932	1.36301	0.025	18.9712	215.671	7.93062	
3.39605	1.02065	0.025	-87.4901	187.873	-0.475177	
3.43248	1.02383	0.025	-30.7915	143.113	-7.73662	
9.37105	1.54339	0.025	-9.04139	222.82	2.76087	
1.4374	0.849288	0.025	-101.342	205.677	4.29367	
-5.39831	0.251241	0.025	7.59975	-193.913	-1.70224	
10.7014	1.65978	0.025	-31.5896	208.673	12.9389	
9.81714	1.58242	0.025	-10.2155	214.714	7.52849	
12.482	1.81557	0.025	22.341	198.26	-1.68888	
5.84971	1.23531	0.025	-21.9776	198.876	-3.08643	
-4.18942	0.357004	0.025	-52.6241	-201.484	7.94482	
-0.20216	0.705845	0.025	-90.6234	-41.001	1.91944	
11.4243	1.72303	0.025	-22.9584	235.456	2.56338	
0.909048	0.803063	0.025	-206.158	139.461	-9.25704	
8.03418	1.42643	0.025	-68.0927	203.358	10.941	
10.7648	1.66533	0.025	-34.8609	227.033	-1.82827	
7.34206	1.36588	0.025	-29.4632	204.076	-3.97707	
12.1605	1.78743	0.025	-58.6191	206.758	-3.65712	
7.34937	1.36652	0.025	-38.5066	182.968	-5.54983	
-0.299178	0.697357	0.025	-151.656	-46.4261	-17.6261	
0.9974	0.810792	0.025	-170.854	136.931	13.5796	
-0.0328897	0.720654	0.025	-159.582	56.0648	15.5624	
2.66037	0.956283	0.025	-41.8641	198.294	-10.1654	
2.3046	0.925157	0.025	-51.9625	201.425	7.1197	
1.81231	0.882088	0.025	-72.4983	164.332	0.44358	
3.64006	1.04199	0.025	-35.611	116.241	10.8098	
5.0579	1.16604	0.025	-76.3998	156.169	-1.10048	
3.29663	1.01195	0.025	-120.774	156.181	-4.54713	
4.13285	1.08511	0.025	-102.719	186.128	-4.69147	
6.12499	1.2594	0.025	-24.3371	227.474	-12.2154	
3.32194	1.01416	0.025	-105.174	135.397	4.28781	
1.54379	0.858596	0.025	-126.905	230.753	5.61093	
3.70461	1.04764	0.025	-64.5844	173.495	3.33524	
2.3111	0.925726	0.025	-109.934	175.204	-2.45476	
-0.483744	0.681209	0.025	-65.5436	-233.208	-5.86848	
0.205473	0.741508	0.025	-241.121	32.1909	11.8616	
-2.66748	0.490157	0.025	-51.1416	-180.066	-10.7236	
9.29859	1.53705	0.025	-42.3567	205.816	5.67516	
6.29346	1.27414	0.025	-26.6146	174.233	6.5469	
-5.75866	0.219714	0.025	-22.2511	-163.789	2.62103	
-0.536284	0.676612	0.025	-145.282	-86.8095	9.43575	
6.46498	1.28914	0.025	-13.3728	204.216	9.42671	
14.2352	1.96895	0.025	-98.2993	219.986	10.7546	
12.3545	1.80441	0.025	-24.6776	226.199	3.34524	
0.622792	0.778018	0.025	-153.663	157.925	-1.36148	
7.11356	1.34589	0.025	-20.4157	222.726	2.29115	
0.909527	0.803105	0.025	-126.215	167.659	8.98544	
9.40397	1.54627	0.025	-25.6914	184.473	3.2757	
7.01497	1.33726	0.025	-18.019	176.161	-6.04793	
0.705657	0.785268	0.025	-30.877	203.588	-14.2014	
12.0221	1.77533	0.025	-23.9214	214.733	-2.79384	
-0.139041	0.711367	0.025	-178.386	57.263	5.81373	
3.55081	1.03419	0.025	2.60449	123.662	11.2889	
-3.91581	0.380942	0.025	-62.326	-164.776	-0.459695	
9.59754	1.56321	0.025	-5.32346	231.27	1.90533	
0.5113	0.768264	0.025	-109.128	143.059	2.86324	
-0.691766	0.66301	0.025	-125.812	-161.381	-0.429194	
8.57406	1.47366	0.025	-9.23342	182.102	11.7849	
-0.798976	0.65363	0.025	-71.2785	-94.4507	-7.59826	
-0.760591	0.656988	0.025	-134.768	-127.214	-2.90228	
5.74223	1.22591	0.025	-54.6757	224.305	11.3816	
6.86868	1.32446	0.025	-41.5312	180.48	-8.61237	
5.67094	1.21967	0.025	-79.3563	179.092	8.57021	
-2.07572	0.541929	0.025	-6.99924	-207.309	5.13527	
3.82679	1.05833	0.025	-56.8497	172.492	-1.15174	
-2.68468	0.488652	0.025	-51.0171	-244.643	5.28413	
6.52736	1.2946	0.025	-22.8196	168.426	9.36612	
7.29377	1.36165	0.025	-48.4399	180.93	2.49345	
1.09954	0.819728	0.025	-102.419	173.282	-10.0398	
1.57805	0.861593	0.025	-97.409	208.088	0.531609	
6.48631	1.29101	0.025	7.58905	214.649	5.64492	
4.84163	1.14712	0.025	-18.6023	192.657	-0.560736	
10.2719	1.62221	0.025	-24.8327	181.869	-5.25347	
8.01401	1.42467	0.025	-29.6712	201.028	9.7182	
7.14451	1.34859	0.025	-56.0597	163.051	-2.75256	
9.59934	1.56337	0.025	-83.9021	199.978	0.847498	
6.99531	1.33554	0.025	-31.9084	206.503	-12.0424	
10.9918	1.68519	0.025	-43.8698	212.353	-6.76915	
-0.322561	0.695311	0.025	-184.539	-108.407	-1.003	
5.86974	1.23707	0.025	-10.4813	241.24	18.4804	
1.70336	0.872556	0.025	-132.987	172.171	-5.2335	
6.16168	1.26261	0.025	-26.0989	193.483	-8.52335	
-0.89265	0.645434	0.025	-106.507	-27.9266	5.64593	
2.81562	0.969866	0.025	-47.613	193.133	-15.6991	
0.830234	0.796167	0.025	-55.0913	166.899	2.7839	
-1.8136	0.564862	0.025	-63.2117	-206.185	-7.87793	
0.102178	0.732471	0.025	-241.626	30.7086	-16.6302	
-1.05315	0.631393	0.025	-81.5957	-155.552	-4.51616	
11.3849	1.71958	0.025	-20.0699	234.896	0.299307	
-1.37092	0.603591	0.025	-110.101	-155.982	7.00464	
6.58929	1.30002	0.025	-61.637	189.258	8.15159	
6.7154	1.31105	0.025	-59.6775	197.059	4.64489	
0.0148324	0.724829	0.025	-206.534	4.4948	-1.24859	
5.37446	1.19374	0.025	-18.6666	180.84	16.8996	
6.29688	1.27444	0.025	-6.43982	205.53	10.1872	
4.6357	1.1291	0.025	-75.5281	205.401	-1.23072	
11.0896	1.69374	0.025	-0.145648	208.21	9.77	
1.07917	0.817946	0.025	-122.221	119.412	-13.4046	
11.8064	1.75646	0.025	-29.547	196.823	-4.35923	
0.440668	0.762085	0.025	-191.19	74.862	5.44953	
1.67225	0.869834	0.025	-70.0444	190.949	1.2316	
11.1066	1.69523	0.025	-49.0016	189.476	-10.5726	
1.99771	0.898308	0.025	-154.929	91.7427	-3.53126	
-0.946274	0.640743	0.025	-95.8761	-96.9466	1.53419	
5.26707	1.18434	0.025	-68.2707	206.823	-9.23467	
7.93784	1.418	0.025	-59.0636	205.984	2.88961	
5.10106	1.16982	0.025	-32.3833	169.897	-10.1789	
18.195	2.31539	0.025	14.901	247.258	-1.81095	
6.0039	1.2488	0.025	-2.21868	187.197	-7.89957	
8.5359	1.47033	0.025	-55.5401	208.006	1.96444	
4.54386	1.12107	0.025	-17.4406	190.664	7.6556	
7.6185	1.39006	0.025	-43.8997	202.406	-0.409384	
11.5833	1.73694	0.025	-31.1019	236.328	9.94156	
7.95399	1.41941	0.025	-24.9141	197.835	20.3356	
2.25705	0.920998	0.025	-64.6357	180.641	5.61695	
5.87964	1.23793	0.025	-32.8918	154.657	-2.68092	
3.04455	0.989895	0.025	-7.91984	213.335	6.67664	
3.6595	1.0437	0.025	-27.9393	231.399	0.106172	
-1.34617	0.605756	0.025	-93.6518	-155.937	15.7271	
6.84468	1.32236	0.025	16.1158	199.325	-9.38185	
6.20982	1.26682	0.025	49.2387	182.088	4.8587	
3.26008	1.00875	0.025	-58.5767	189.466	-9.28422	
3.40314	1.02127	0.025	19.2789	146.098	3.37951	
-3.09297	0.452931	0.025	-51.6037	-209.593	-2.11035	
0.16526	0.73799	0.025	-202.34	80.6413	5.76176	
4.12737	1.08463	0.025	-32.3473	175.35	9.63343	
9.26488	1.5341	0.025	-1.60725	173.229	-13.0938	
1.41093	0.846971	0.025	-107.466	233.705	5.0991	
9.11076	1.52062	0.025	-6.20174	214.915	-4.98943	
1.69631	0.871939	0.025	-74.673	185.443	-9.43702	
1.64593	0.867532	0.025	-95.0105	215.087	8.22405	
7.93693	1.41792	0.025	-80.0462	172.46	13.268	
-4.80123	0.303478	0.025	-8.0501	-189.827	0.265444	
7.57928	1.38663	0.025	46.3313	198.462	-3.97006	
-4.42174	0.336679	0.025	72.9027	-234.879	-8.14223	
-0.747417	0.658141	0.025	-187.446	-194.034	2.44009	
-1.16785	0.621358	0.025	-193.574	-208.758	1.80444	
5.73436	1.22522	0.025	-42.416	160.032	-12.7549	
10.477	1.64015	0.025	-16.4967	245.373	0.168998	
1.1112	0.820749	0.025	-187.46	127.088	1.07625	
3.53162	1.03251	0.025	-60.4893	188.12	1.77583	
6.42386	1.28555	0.025	-20.0788	192.755	9.13617	
8.71783	1.48624	0.025	20.1203	185.455	-5.33854	
1.43208	0.848822	0.025	-84.1669	95.3926	-2.81371	
1.35715	0.842266	0.025	-104.272	156.651	1.56032	
20.4341	2.51128	0.025	-56.6614	253.358	-3.52903	
12.8845	1.85078	0.025	-12.7841	255.381	-2.79798	
0.912514	0.803366	0.025	-51.8459	151.2	7.8475	
2.102	0.907432	0.025	-36.6908	190.98	15.5811	
0.25734	0.746046	0.025	-220.352	168.739	13.61	
10.148	1.61137	0.025	-70.4631	189.079	-2.26417	
1.40902	0.846805	0.025	-88.217	133.265	12.3858	
1.62095	0.865346	0.025	-121.591	175.687	-1.68178	
-3.91574	0.380948	0.025	-66.9514	-153.716	14.5368	
8.10001	1.43219	0.025	-10.6921	222.84	15.5653	
0.77374	0.791225	0.025	-225.842	58.7209	-5.07895	
8.90088	1.50226	0.025	-33.7476	178.881	-2.74138	
3.50308	1.03001	0.025	-65.7673	174.019	-10.8764	
-1.27341	0.612123	0.025	-126.937	-167.901	14.2775	
11.8205	1.75769	0.025	-17.786	210.285	9.18691	
-0.859934	0.648297	0.025	-176.364	-177.523	-6.63717	
10.1637	1.61274	0.025	-27.8657	210.674	4.45429	
-0.813551	0.652355	0.025	-41.5695	-144.335	-7.0715	
9.74288	1.57592	0.025	-8.56755	167.371	3.2496	
9.33137	1.53992	0.025	-31.0448	237.734	9.53242	
12.2828	1.79814	0.025	-80.9182	220.979	-3.71502	
2.15377	0.911962	0.025	-93.1217	192.182	-3.61922	
9.32591	1.53944	0.025	-17.8779	240.568	-11.1536	
1.74743	0.876411	0.025	-108.546	164.954	-8.72638	
-0.301808	0.697126	0.025	-194.908	-62.7755	4.49748	
2.50209	0.942436	0.025	-50.5165	159.751	-3.96239	
7.20338	1.35375	0.025	-21.1972	196.145	13.4959	
0.528246	0.769747	0.025	-128.191	189.962	-0.910418	
3.5087	1.0305	0.025	-89.8382	163.399	-5.02579	
9.25736	1.53345	0.025	-10.5275	205.78	-7.11608	
3.12254	0.996718	0.025	-35.0351	168.151	4.16744	
8.97039	1.50834	0.025	-57.2851	204.092	-3.4145	
0.341283	0.75339	0.025	-212.163	82.1358	7.32899	
0.792946	0.792905	0.025	-212.047	131.478	-12.8645	
12.3245	1.80178	0.025	-46.1746	214.848	-6.7386	
8.05662	1.42839	0.025	3.481	208.369	12.1697	
3.13403	0.997723	0.025	-8.66585	195.858	-2.72341	
10.9475	1.68131	0.025	-44.0682	236.155	-4.36104	
-0.313276	0.696123	0.025	-171.466	-148.348	0.46703	
7.81719	1.40745	0.025	-39.6198	200.733	-5.8119	
-4.29374	0.347878	0.025	-55.2372	-185.24	1.91823	
1.13471	0.822806	0.025	-53.7563	203.92	5.15667	
14.1414	1.96075	0.025	-10.0437	207.603	6.05213	
4.31152	1.10074	0.025	-27.5222	180.916	-12.5867	
1.29424	0.836763	0.025	-109.099	103.397	-1.56883	
7.36698	1.36806	0.025	-17.0439	161.669	5.49813	
4.34817	1.10395	0.025	-6.79335	218.096	13.7418	
6.89373	1.32665	0.025	-54.3182	230.326	2.94363	
8.8294	1.496	0.025	15.0407	212.358	-8.95982	
3.4011	1.02109	0.025	-29.0654	191.431	8.23216	
9.55112	1.55915	0.025	-3.89182	180.633	5.95133	
-2.25249	0.526464	0.025	-97.6133	-172.168	-0.543366	
-0.922686	0.642807	0.025	-44.2117	-118.285	-7.73905	
12.1397	1.78562	0.025	35.6381	222.586	-1.01592	
13.4396	1.89935	0.025	-59.3419	211.495	5.09585	
7.49923	1.37963	0.025	-10.1797	183.951	13.3208	
9.75283	1.57679	0.025	-34.117	241.396	-10.6909	
8.55738	1.4722	0.025	-46.2829	197.856	-10.6672	
6.54385	1.29604	0.025	-51.0115	246.125	-13.4055	
1.12046	0.821559	0.025	-100.44	189.596	-2.53588	
-0.115759	0.713404	0.025	-239.446	4.11897	6.18962	
-0.768287	0.656315	0.025	-171.678	-161.713	0.137896	
-0.484636	0.681131	0.025	-106.313	-190.411	-1.989	
8.53451	1.4702	0.025	-44.3069	219.563	-2.08986	
5.7525	1.22681	0.025	-42.2439	179.621	2.63707	
1.48186	0.853177	0.025	-102.433	159.217	10.1329	
0.689143	0.783823	0.025	-110.929	130.443	-3.0365	
-1.95068	0.552869	0.025	-105.193	-195.015	-22.0881	
-3.91267	0.381217	0.025	3.71522	-208.27	-18.9307	
2.19699	0.915743	0.025	-70.6338	190.309	0.576384	
1.84582	0.885019	0.025	-80.0222	162.204	9.10729	
-1.54281	0.588553	0.025	-81.6425	-166.76	8.36026	
1.85522	0.885842	0.025	-177.413	187.823	-1.47585	
11.4244	1.72304	0.025	-18.0482	210.342	-11.9536	
-0.216515	0.704589	0.025	-221.424	-38.5987	-8.45066	
12.7355	1.83774	0.025	-64.2148	212.112	4.32138	
6.98356	1.33451	0.025	-9.03223	210.513	-15.4279	
-2.03727	0.545293	0.025	-87.0065	-161.832	-9.15485	
13.8495	1.93521	0.025	-45.5077	195.892	7.15456	
-0.802697	0.653304	0.025	-140.564	-167.282	-6.61791	
-0.272102	0.699725	0.025	-188.551	-79.3849	2.45746	
5.1746	1.17625	0.025	-18.869	174.697	-8.85116	
-0.365674	0.691539	0.025	-252.27	-98.1229	23.0768	
4.82299	1.14549	0.025	-43.7268	175.383	6.27636	
5.72342	1.22427	0.025	-70.6603	172.799	-1.65859	
0.61461	0.777303	0.025	-140.469	213.81	8.94509	
8.07956	1.4304	0.025	-31.4139	188.07	-5.95562	
8.96899	1.50822	0.025	-3.55355	200.367	0.508662	
9.76822	1.57814	0.025	-48.8921	190.938	-0.261469	
6.79869	1.31834	0.025	-44.0932	168.728	-10.4891	
7.14539	1.34867	0.025	-39.795	180.915	3.36884	
10.0879	1.6061	0.025	22.1924	204.405	4.98485	
10.5408	1.64574	0.025	-24.0593	193.018	2.92597	
6.55718	1.29721	0.025	-47.7414	179.532	3.10977	
-0.536841	0.676564	0.025	-187.918	-123.084	-37.1898	
2.07074	0.904698	0.025	-155.57	169.011	-4.71906	
4.45646	1.11342	0.025	-72.6634	201.594	-3.48077	
8.52786	1.46962	0.025	3.17093	211.236	-3.37962	
4.22657	1.09331	0.025	-47.16	178.765	0.798995	
1.08056	0.818068	0.025	-105.882	155.887	5.30258	
2.90967	0.978094	0.025	-37.4271	169.271	-10.8391	
1.31613	0.838678	0.025	-107.31	147.799	5.24003	
10.9084	1.6779	0.025	-12.1288	182.138	-0.609731	
2.02628	0.900808	0.025	-27.1934	177.888	3.21456	
0.925374	0.804491	0.025	-111.367	133.231	-4.05689	
0.856052	0.798426	0.025	-117.54	187.432	-2.56464	
4.84592	1.14749	0.025	-26.8118	156.629	-5.29539	
3.12109	0.996591	0.025	-27.5522	152.341	-6.28516	
6.5295	1.29479	0.025	-47.8061	157.772	9.51897	
6.98765	1.33487	0.025	-58.0935	203.435	1.35712	
-0.42489	0.686358	0.025	-200.71	-68.2163	9.43232	
11.3958	1.72053	0.025	-35.0017	211.693	-1.68329	
-0.127392	0.712386	0.025	-260.778	-27.5249	22.5548	
2.56885	0.948276	0.025	-49.8511	150.131	1.37992	
9.33893	1.54058	0.025	2.47625	163.62	11.9047	
-2.88265	0.471332	0.025	-64.6236	-180.295	-3.04229	
0.0748126	0.730077	0.025	-182.354	99.2516	15.6864	
2.40224	0.9337	0.025	-34.3609	199.969	5.75371	
3.76278	1.05273	0.025	-98.8345	221.445	0.514739	
-1.07136	0.629799	0.025	-54.1019	-162.902	0.764177	
11.6808	1.74546	0.025	-11.4383	221.31	7.29087	
4.0844	1.08087	0.025	-56.9072	217.631	-4.00963	
11.1231	1.69668	0.025	-62.0302	211.216	-8.14232	
2.77194	0.966044	0.025	-56.576	128.827	-7.224	
-0.169942	0.708663	0.025	-230.498	-55.8641	-0.697025	
-1.21877	0.616902	0.025	-159.613	-137.587	1.35251	
6.48516	1.29091	0.025	3.05862	186.336	-5.77061	
2.22214	0.917943	0.025	-67.3805	191.028	-3.4227	
13.4869	1.90349	0.025	-66.186	208.395	5.99149	
-2.53197	0.502012	0.025	-11.5955	-161.998	-5.78993	
10.1996	1.61588	0.025	-18.6045	211.375	-11.4848	
5.79735	1.23073	0.025	-9.94152	153.39	-3.36887	
12.2479	1.79508	0.025	-7.21886	221.644	4.31443	
10.7763	1.66634	0.025	-48.2612	230.482	-1.77471	
0.963557	0.807832	0.025	-192.811	100.641	-14.569	
-2.59285	0.496686	0.025	-62.4876	-235.503	-1.48087	
10.0972	1.60692	0.025	-9.29353	157.464	5.21113	
15.329	2.06465	0.025	-19.7876	206.247	5.63772	
6.48379	1.29079	0.025	-37.2431	181.186	4.12572	
8.0459	1.42746	0.025	-39.921	178.697	6.35652	
0.0513558	0.728024	0.025	-231.87	78.8897	-7.79682	
2.74979	0.964106	0.025	-8.99593	227.782	-6.95069	
10.5844	1.64955	0.025	-79.8692	169.718	9.11615	
7.63148	1.3912	0.025	-110.484	181.843	-9.76192	
8.8084	1.49417	0.025	-18.4133	208.234	5.70674	
9.05455	1.5157	0.025	-14.4594	185.248	-0.0622693	
5.66052	1.21876	0.025	-60.7954	233.351	4.2668	
-2.89507	0.470245	0.025	-51.4719	-224.62	-16.4761	
25.5282	2.95696	0.025	-64.707	263.685	-2.0863	
4.93419	1.15522	0.025	-18.3046	196.125	2.73854	
9.26365	1.534	0.025	-31.9293	173.727	1.74013	
5.65935	1.21866	0.025	-34.1793	172.305	-1.14767	
0.758585	0.789899	0.025	-130.103	173.152	14.386	
-1.72071	0.572988	0.025	-85.3319	-139.024	7.83113	
7.12003	1.34645	0.025	18.4583	190.126	-1.51548	
8.39955	1.4584	0.025	-67.3052	165.069	6.21746	
9.8559	1.58581	0.025	-11.3217	199.361	5.58095	
-1.50553	0.591815	0.025	-56.6291	-185.42	-6.86546	
11.3062	1.7127	0.025	-26.0259	211.061	-12.8787	
0.658197	0.781116	0.025	-208.483	71.9998	3.05929	
4.3432	1.10351	0.025	-74.1578	165.83	-2.58817	
8.28878	1.44871	0.025	-29.8202	218.552	3.50051	
5.77755	1.229	0.025	-35.9865	188.834	11.3144	
2.32655	0.927078	0.025	-118.565	119.165	-9.54667	
12.3281	1.8021	0.025	1.66014	250.122	3.97169	
9.18322	1.52696	0.025	-47.1478	196.572	-9.24039	
8.21873	1.44258	0.025	-32.3695	151.407	-3.14116	
3.66221	1.04393	0.025	-81.4602	187.222	-7.94417	
10.1738	1.61363	0.025	-63.9576	204.225	-5.12664	
-4.5176	0.328292	0.025	8.99337	-215.104	-5.35494	
4.64085	1.12955	0.025	-69.3265	205.54	-15.3809	
-3.31575	0.43344	0.025	12.1395	-183.371	2.62826	
8.71008	1.48556	0.025	-60.5129	188.922	0.845817	
11.3041	1.71252	0.025	-28.7694	187.899	5.22875	
-5.21773	0.267039	0.025	-28.5716	-178.547	-1.37041	
1.33557	0.840379	0.025	-86.357	207.873	-1.36583	
14.3603	1.97989	0.025	-93.9083	201.974	3.25015	
3.07731	0.992761	0.025	0.214812	174.719	-1.72259	
1.4516	0.85053	0.025	-130.151	204.847	10.9383	
-1.44551	0.597066	0.025	-94.5842	-155.132	-1.2136	
6.42239	1.28542	0.025	-46.0913	219.401	2.65361	
3.25827	1.00859	0.025	-72.5113	162.672	4.84735	
-4.17143	0.358578	0.025	-42.152	-158.378	-2.5318	
6.08582	1.25597	0.025	-72.1409	183.668	22.2991	
1.68346	0.870815	0.025	-150.804	134.194	-0.245191	
6.82321	1.32048	0.025	-22.5216	198.085	7.95087	
-1.13469	0.624259	0.025	-160.455	-204.079	-21.3645	
10.2553	1.62076	0.025	-52.3478	223.181	8.18178	
-0.125204	0.712577	0.025	-195.535	-33.494	-0.444911	
-2.01344	0.547378	0.025	5.59975	-176.887	-3.0031	
4.29836	1.09959	0.025	-25.0072	189.504	6.89253	
1.69321	0.871668	0.025	-85.2869	231.302	-5.92195	
11.4692	1.72695	0.025	-53.9461	215.624	0.867873	
7.03545	1.33905	0.025	-15.3792	222.723	-2.78379	
9.48545	1.5534	0.025	-99.4653	197.753	-4.36138	
5.00998	1.16185	0.025	-84.6239	217.261	-11.6861	
-0.401009	0.688447	0.025	-138.214	-48.2601	9.0375	
1.18668	0.827353	0.025	-194.497	184.054	5.38303	
10.3123	1.62574	0.025	-42.8592	228.88	1.56303	
8.62936	1.4785	0.025	-42.7346	202.224	3.32961	
0.119316	0.73397	0.025	-186.664	1.5585	0.508935	
6.40357	1.28377	0.025	-40.9264	192.605	-0.100202	
-0.0560233	0.71863	0.025	-277.375	-84.3911	26.5843	
7.56819	1.38566	0.025	-25.8222	197.746	6.33082	
1.66047	0.868804	0.025	-63.8806	151.993	12.4482	
13.4942	1.90412	0.025	-50.7141	220.537	0.501214	
7.23433	1.35645	0.025	-79.2428	244.146	4.37377	
-4.29517	0.347752	0.025	-46.4383	-219.747	-2.57317	
14.4287	1.98588	0.025	-40.6879	240.138	-2.99431	
6.56845	1.2982	0.025	-9.44287	201.965	-10.75	
18.6968	2.35929	0.025	-39.5175	231.73	1.43395	
2.02295	0.900516	0.025	-11.857	157.589	-13.9608	
6.93684	1.33043	0.025	-46.2695	205.399	-0.831396	
-0.261015	0.700695	0.025	-191.684	-190.463	-24.6929	
13.3332	1.89004	0.025	-62.4093	215.332	-4.93501	
1.94202	0.893436	0.025	-136.986	166.397	12.1672	
6.90093	1.32728	0.025	-36.8655	216.704	-14.3606	
0.585	0.774712	0.025	-205.983	123.072	-8.04637	
10.6691	1.65696	0.025	-55.509	216.506	11.7829	
-0.236854	0.702809	0.025	-254.552	-39.1174	4.65683	
7.08081	1.34302	0.025	-42.7335	176.05	11.5977	
5.39647	1.19566	0.025	-13.297	211.452	-4.81107	
13.181	1.87672	0.025	2.77018	209.041	-7.98553	
3.80833	1.05672	0.025	-23.1132	214.512	-8.11331	
-0.957797	0.639735	0.025	-66.8275	-187.868	14.5757	
1.77261	0.878614	0.025	-108.535	176.282	6.44711	
12.9207	1.85395	0.025	5.13756	229.322	-1.20523	
3.4153	1.02233	0.025	-28.6946	188.208	14.023	
3.19791	1.00331	0.025	-104.754	168.905	8.3273	
5.1244	1.17186	0.025	13.4391	186.098	6.15577	
2.76419	0.965366	0.025	-38.668	148.667	-13.1498	
-0.73943	0.658839	0.025	-112.951	-224.026	0.692591	
5.7738	1.22867	0.025	-38.9313	207.252	-11.1372	
6.34762	1.27888	0.025	-30.409	181.43	-1.71044	
4.36672	1.10557	0.025	-89.8355	173.382	-10.6267	
11.7861	1.75468	0.025	-49.179	229.6	-0.512581	
0.245122	0.744977	0.025	-238.509	57.3199	1.81991	
1.8084	0.881746	0.025	-30.986	236.144	1.44243	
11.6576	1.74344	0.025	-7.98819	233.41	3.46849	
1.03428	0.814019	0.025	-42.1648	197.826	-6.52324	
7.21456	1.35472	0.025	-0.177885	167.558	-3.92019	
0.265275	0.74674	0.025	-221.899	9.97572	9.12995	
11.1054	1.69512	0.025	-22.4198	188.944	-2.91882	
6.4066	1.28404	0.025	-45.7886	198.884	6.0194	
10.7912	1.66764	0.025	-18.591	181.431	-1.06957	
4.54488	1.12116	0.025	-54.5349	158.352	12.7767	
1.47555	0.852625	0.025	-129.938	186.846	-0.0438504	
-1.2711	0.612324	0.025	-94.627	-164.369	5.14759	
-2.33977	0.518828	0.025	-70.1787	-207.557	7.23681	
-7.09264	0.103006	0.025	-49.0104	-211.873	-14.6616	
0.237918	0.744346	0.025	-134.676	92.1747	6.53136	
-3.71872	0.398185	0.025	19.6805	-191.381	0.195921	
1.66587	0.869276	0.025	-129.516	147.602	-8.39857	
7.17131	1.35094	0.025	-29.5332	194.288	-10.4224	
10.6407	1.65448	0.025	-15.1102	216.977	4.39332	
26.4936	3.04142	0.025	-20.3772	215.554	-2.34539	
3.29203	1.01155	0.025	-27.9536	196.435	-8.55698	
11.7569	1.75213	0.025	-24.6711	217.514	3.90267	
4.89451	1.15175	0.025	-41.3182	206.698	2.97447	
2.73211	0.96256	0.025	-60.6971	197.253	-3.2418	
11.0518	1.69044	0.025	-62.856	222.121	0.681426	
8.79977	1.49341	0.025	1.15893	168.76	-11.1481	
8.66604	1.48171	0.025	-8.49549	201.507	-5.57871	
-0.72708	0.65992	0.025	-58.219	-193.043	-19.6242	
1.45589	0.850905	0.025	-77.6269	179.633	2.24229	
2.33649	0.927947	0.025	-69.8573	219.39	9.90067	
1.61652	0.864959	0.025	-38.6572	176.364	-10.5298	
12.1062	1.78269	0.025	-23.0479	215.842	-5.15772	
8.65735	1.48095	0.025	-55.0148	210.742	4.4876	
8.64857	1.48018	0.025	-12.372	219.725	-7.83678	
0.461092	0.763872	0.025	-183.153	80.1961	19.1755	
5.31217	1.18829	0.025	-75.6898	180.532	5.35967	
-2.00074	0.548489	0.025	-93.5972	-190.501	3.15212	
4.08442	1.08087	0.025	-81.9594	178.662	-3.36413	
0.556255	0.772197	0.025	-196.251	119.873	-7.83665	
0.0823899	0.730739	0.025	-223.744	-27.4612	-2.13505	
12.8691	1.84943	0.025	-55.6875	242.52	1.82352	
1.93739	0.893031	0.025	-84.5883	187.165	-8.85766	
-0.634343	0.668033	0.025	-125.333	-98.2695	9.43399	
5.47757	1.20276	0.025	-51.8792	158.232	-8.6918	
2.75332	0.964416	0.025	-63.7734	132.986	-8.53414	
5.8039	1.23131	0.025	-25.5711	184.297	4.72331	
0.00557337	0.724019	0.025	-280.866	4.5782	-19.8112	
0.28454	0.748425	0.025	-224.27	31.0103	-3.46571	
3.9113	1.06573	0.025	-17.0686	183.066	-5.76506	
5.47528	1.20256	0.025	-9.31925	193.459	-5.56213	
12.3084	1.80038	0.025	-23.7228	242.004	-6.07472	
-0.727228	0.659907	0.025	-140.851	-183.487	1.18205	
-3.51716	0.41582	0.025	-49.3985	-169.254	-5.21817	
-4.00015	0.373563	0.025	-29.9602	-183.358	-0.198604	
11.1045	1.69505	0.025	-48.9645	182.343	4.11527	
-0.461804	0.683129	0.025	-159.892	-70.2736	12.0015	
8.51286	1.46831	0.025	-5.0456	225.883	10.0889	
-1.934	0.554328	0.025	-48.8547	-209.205	-10.8248	
7.82519	1.40815	0.025	-62.2984	219.17	7.8083	
9.64766	1.56759	0.025	-75.9537	224.607	9.48898	
3.81709	1.05748	0.025	-49.3615	209.265	-1.87077	
4.29964	1.0997	0.025	-55.4586	181.379	0.448097	
-0.545631	0.675795	0.025	-179.904	-200.578	31.6185	
2.66819	0.956968	0.025	-7.62906	180.022	-9.75521	
17.3632	2.24261	0.025	-49.4074	222.376	-1.02792	
1.35969	0.842489	0.025	-71.3633	186.342	18.9722	
2.14803	0.911459	0.025	-79.5933	176.115	5.01687	
8.19438	1.44045	0.025	-11.3541	214.932	-14.5466	
-1.10063	0.627238	0.025	-73.7524	-191.807	-10.5735	
0.844701	0.797433	0.025	-129.562	203.28	22.324	
4.11132	1.08322	0.025	-24.6389	194.316	1.91674	
9.44777	1.5501	0.025	-80.1264	183.305	2.63812	
5.25753	1.18351	0.025	-69.985	166.24	-19.988	
0.611428	0.777024	0.025	-153.557	154.133	18.3742	
-3.5325	0.414478	0.025	-37.5828	-178.143	-5.34231	
2.96271	0.982735	0.025	-76.2037	177.479	2.2699	
12.5662	1.82293	0.025	-48.4989	237.606	-10.0537	
9.42013	1.54769	0.025	-43.2537	211.596	4.38253	
7.05384	1.34066	0.025	-52.3826	150.996	10.77	
10.004	1.59877	0.025	-81.2593	226.918	5.41714	
1.22382	0.830602	0.025	-154.808	119.288	-12.1464	
0.137659	0.735575	0.025	-262.16	-0.873535	-7.58964	
3.85282	1.06061	0.025	-44.2815	211.863	4.88012	
1.74161	0.875903	0.025	-75.9003	193.706	-2.95728	
0.389197	0.757582	0.025	-141.259	61.3992	13.7378	
5.90253	1.23994	0.025	-19.1246	206.528	4.93686	
0.505689	0.767773	0.025	-171.154	126.877	19.4368	
-2.83809	0.47523	0.025	-5.52318	-213.331	16.7158	
-0.354055	0.692555	0.025	-179.923	-74.7272	2.3771	
-2.39472	0.51402	0.025	7.43271	-151.205	-6.0712	
11.4733	1.72731	0.025	-59.9419	178.682	-7.01444	
-0.204858	0.705608	0.025	-157.756	-16.0253	-0.182388	
0.210199	0.741921	0.025	-247.407	73.5512	13.8546	
6.28002	1.27296	0.025	-6.80163	154.046	2.39761	
10.3877	1.63234	0.025	0.262473	219.431	-8.31104	
5.92823	1.24218	0.025	-33.0848	200.981	2.67448	
4.16163	1.08763	0.025	-68.7026	228.773	13.3333	
8.2843	1.44831	0.025	-56.7809	170.092	9.46297	
0.887385	0.801167	0.025	-198.366	163.454	0.51997	
-5.06157	0.280702	0.025	-60.0456	-184.427	2.03905	
1.51384	0.855975	0.025	20.779	225.959	-3.36357	
2.50415	0.942616	0.025	-139.322	199.876	3.51851	
1.4487	0.850276	0.025	-37.6531	136.118	-17.8178	
8.68364	1.48325	0.025	-32.5347	236.151	-6.11585	
3.60333	1.03878	0.025	14.3487	184.156	-5.46165	
9.71078	1.57311	0.025	-9.78721	210.656	-8.32348	
10.2755	1.62252	0.025	-39.5721	239.633	-1.83196	
4.29305	1.09912	0.025	-79.8118	168.572	13.807	
2.45223	0.938074	0.025	-74.3525	196.429	6.86987	
0.259702	0.746252	0.025	-176.204	152.894	10.572	
11.5864	1.73721	0.025	-2.32681	226.523	4.37221	
4.8866	1.15105	0.025	13.2016	178.874	-1.79487	
-0.616305	0.669612	0.025	-180.715	-176.795	-30.2382	
4.11517	1.08356	0.025	-73.691	194.442	8.71314	
1.50146	0.854892	0.025	-89.3832	170.686	-0.549271	
3.93069	1.06742	0.025	4.71338	195.454	-2.87307	
0.490198	0.766418	0.025	-126.656	25.4733	-1.42124	
7.38927	1.37001	0.025	-15.0411	211.237	4.25982	
9.25159	1.53294	0.025	-5.90046	175.718	3.86694	
3.13206	0.997551	0.025	-74.7486	193.429	4.61813	
4.31845	1.10135	0.025	-59.0359	159.452	9.92757	
9.63723	1.56668	0.025	-2.33272	243.369	-1.6907	
-1.54254	0.588576	0.025	-110.589	-188.457	14.4801	
7.6494	1.39277	0.025	8.78484	209.453	11.011	
9.19296	1.52781	0.025	-52.8881	204.13	6.15844	
9.8859	1.58844	0.025	-61.1234	202.625	-4.88534	
-1.11498	0.625983	0.025	-110.46	-232.058	-13.9085	
8.19904	1.44085	0.025	-47.7294	211.087	-3.3231	
1.9552	0.894589	0.025	-59.1034	177.93	18.8967	
5.56446	1.21036	0.025	16.4326	160.212	0.610578	
7.94566	1.41869	0.025	-35.8492	232.191	-0.270724	
5.36499	1.19291	0.025	-28.8147	155.298	-7.38332	
6.97629	1.33388	0.025	-66.5986	213.561	-3.86279	
-4.09188	0.365538	0.025	-48.0316	-195.226	-11.5399	
8.973	1.50857	0.025	-38.1731	179.551	-5.52975	
0.864313	0.799149	0.025	-154.315	155.738	-11.4708	
0.801467	0.793651	0.025	-106.417	154.479	6.24882	
0.566348	0.77308	0.025	-202.488	172.633	13.2914	
6.134	1.26019	0.025	-78.225	158.872	8.24099	
-1.12812	0.624834	0.025	-157.125	-192.611	-12.0156	
0.237885	0.744344	0.025	-161.724	54.3398	32.1445	
7.35275	1.36681	0.025	-21.5065	195.645	2.5239	
6.67836	1.30781	0.025	-39.0917	159.221	23.9437	
9.93446	1.59268	0.025	-3.31332	222.609	6.23499	
14.6601	2.00613	0.025	-9.56453	233.91	7.05478	
10.1029	1.60742	0.025	-66.4994	182.566	-3.99656	
-5.95623	0.202428	0.025	-36.2444	-129.334	9.38039	
5.42282	1.19797	0.025	-18.8918	162.978	0.920999	
9.805	1.58136	0.025	-26.741	211.771	1.34188	
0.450376	0.762934	0.025	-267.273	9.93047	-15.9894	
0.419401	0.760224	0.025	-111.796	104.362	0.404513	
-1.55763	0.587256	0.025	-63.1262	-214.603	-17.4987	
9.17406	1.52616	0.025	-74.6236	203.551	10.9403	
5.9901	1.2476	0.025	-72.8029	139.141	-1.59277	
2.42042	0.935291	0.025	-152.574	128.036	-9.74928	
1.51101	0.855728	0.025	-70.8272	194.486	-4.94153	
0.803386	0.793818	0.025	-100.191	171.287	20.0613	
-0.414589	0.687259	0.025	-228.998	-160.891	-4.87588	
8.88204	1.50061	0.025	-71.0262	181.714	13.6832	
-1.09888	0.627392	0.025	-104.679	-171.147	9.06117	
12.5969	1.82562	0.025	-24.3876	226.251	-8.01519	
6.47056	1.28963	0.025	-66.6677	138.589	-3.80081	
3.53293	1.03262	0.025	-71.0612	193.858	-2.68374	
5.57852	1.21159	0.025	-27.3531	188.282	-5.6781	
-2.48761	0.505893	0.025	-91.4069	-194.365	8.6214	
2.0279	0.90095	0.025	-51.0825	154.913	-9.35199	
8.18524	1.43965	0.025	-36.2608	208.769	-2.35459	
4.17052	1.0884	0.025	-65.6778	165.425	3.88277	
17.5546	2.25936	0.025	-56.5956	214.997	1.72834	
-1.54644	0.588235	0.025	-107.721	-228.579	5.55673	
6.27502	1.27252	0.025	-49.2143	215.243	8.79735	
4.13059	1.08491	0.025	-39.178	190.239	-0.699976	
-0.632576	0.668188	0.025	-152.554	-216.151	14.5788	
0.91952	0.803979	0.025	-132.542	179.366	-0.448354	
5.87009	1.2371	0.025	8.33366	201.819	-11.9168	
0.706198	0.785316	0.025	-208.837	149.636	18.6306	
-0.276298	0.699358	0.025	-212.858	-21.5852	-11.972	
-0.227027	0.703669	0.025	-221.1	-22.5585	-13.1655	
8.76602	1.49046	0.025	-50.7874	195.06	-9.58329	
-0.413661	0.687341	0.025	-201.299	-110.791	12.5604	
6.64606	1.30499	0.025	-62.2336	248.396	-11.6215	
5.85623	1.23588	0.025	-38.9831	200.975	0.427481	
1.2964	0.836952	0.025	-139.488	126.348	8.97071	
-0.140168	0.711268	0.025	-149.824	12.4934	9.26697	
17.8739	2.28729	0.025	-40.9138	189.987	3.71198	
10.141	1.61075	0.025	-33.8204	175.972	-2.35844	
0.717495	0.786304	0.025	-165.209	120.996	-6.46271	
-0.761221	0.656933	0.025	-193.676	-182.088	17.6291	
11.3564	1.71708	0.025	-39.2211	219.742	-3.39141	
4.61341	1.12715	0.025	-68.1786	186.456	10.5226	
-1.20931	0.617731	0.025	-85.9516	-175.635	0.860215	
2.43713	0.936753	0.025	-85.4715	109.861	-0.450072	
3.90725	1.06537	0.025	3.56963	164.61	-2.19229	
6.80441	1.31884	0.025	-27.7638	205.264	-6.56282	
9.52089	1.5565	0.025	-9.05088	225.035	11.4272	
6.59618	1.30062	0.025	-41.6071	208.969	-12.976	
7.18129	1.35181	0.025	-61.4155	213.937	-18.7575	
-1.06263	0.630564	0.025	-76.9371	-215.277	7.21776	
20.881	2.55038	0.025	-42.6784	233.311	-0.833723	
6.35251	1.2793	0.025	-34.0335	163.208	-1.82563	
5.22141	1.18035	0.025	-51.7837	143.188	-0.676669	
0.744534	0.78867	0.025	-97.9417	104.844	5.72052	
-2.37098	0.516097	0.025	-62.6181	-221.244	-7.58812	
0.575755	0.773903	0.025	-215.452	89.6491	3.79972	
4.71118	1.13571	0.025	-8.92928	194.469	-18.8828	
13.0006	1.86094	0.025	-51.0214	248.454	-0.862334	
5.99651	1.24816	0.025	-48.5976	175.504	12.7684	
0.991746	0.810298	0.025	-141.62	68.2857	-4.24896	
14.067	1.95423	0.025	-30.4159	204.281	0.796394	
-2.6425	0.492342	0.025	-39.3856	-174.146	9.04858	
4.38564	1.10722	0.025	-63.6587	150.492	-2.99622	
-2.90915	0.469014	0.025	-18.7653	-201.879	3.85225	
-2.29587	0.522669	0.025	-73.22	-188.96	10.3479	
-0.751318	0.657799	0.025	-177.67	-63.3119	-12.6849	
7.62066	1.39025	0.025	-57.0591	190.064	-3.607	
-2.73148	0.484558	0.025	16.9192	-221.256	-10.6115	
3.5633	1.03528	0.025	-79.3989	184.81	-1.42303	
12.4037	1.80872	0.025	-28.7842	235.288	4.08391	
5.66507	1.21916	0.025	-7.66643	163.807	-2.44738	
1.95127	0.894245	0.025	-92.5916	206.923	-5.71861	
14.4134	1.98454	0.025	-21.1801	273.764	-7.69649	
12.0012	1.7735	0.025	-29.1911	207.936	1.26581	
2.25582	0.92089	0.025	-45.6324	203.906	-10.4471	
0.492491	0.766619	0.025	-219.294	31.8956	-6.10361	
-0.87491	0.646987	0.025	-180.667	-200.334	6.07615	
5.19355	1.17791	0.025	-43.992	198.643	8.21891	
1.8023	0.881212	0.025	-98.1904	198.241	10.0027	
4.03722	1.07674	0.025	-48.7751	143.013	7.39287	
0.786753	0.792363	0.025	-163.802	218.335	2.926	
8.64922	1.48024	0.025	-41.297	185.645	8.45564	
-0.167499	0.708877	0.025	-200.688	-173.255	-6.49017	
3.39179	1.02027	0.025	-58.4078	203.378	-3.09632	
12.3859	1.80715	0.025	-78.8616	227.475	5.75123	
6.27086	1.27216	0.025	-64.38	179.2	1.12071	
5.87361	1.23741	0.025	-60.8531	153.896	12.8571	
13.4537	1.90058	0.025	-8.66742	229.375	0.138744	
10.7893	1.66747	0.025	-31.1502	231.598	3.99104	
7.95197	1.41924	0.025	-16.0252	183.401	4.38245	
6.15333	1.26188	0.025	-94.7385	228.4	10.4245	
13.5144	1.90589	0.025	-61.5212	222.41	-9.89304	
4.41896	1.11014	0.025	-67.4084	217.325	-3.30935	
9.59694	1.56315	0.025	-19.1548	204.505	13.3269	
6.10936	1.25803	0.025	-72.7155	175.564	6.14212	
0.00278065	0.723775	0.025	-192.395	-27.0045	34.4067	
3.22617	1.00578	0.025	-24.7069	208.179	0.0278127	
0.218355	0.742635	0.025	-229.217	95.92	-23.766	
6.68064	1.30801	0.025	-58.0988	179.265	-1.80348	
-1.38443	0.60241	0.025	-126.424	-94.7571	10.6182	
-0.820223	0.651771	0.025	-66.3781	-200.196	1.18704	
-0.353101	0.692639	0.025	-197.364	-46.3408	24.4117	
1.72106	0.874105	0.025	-109.757	112.898	10.1465	
5.01304	1.16212	0.025	-64.6669	200.56	-15.9972	
14.8878	2.02605	0.025	-46.7599	248.389	4.11366	
3.96741	1.07063	0.025	-75.8141	181.089	-6.31547	
1.60179	0.86367	0.025	-52.0977	219.465	2.20554	
-0.559196	0.674608	0.025	-138.777	-17.8328	-13.7373	
-1.06285	0.630544	0.025	-82.2864	-125.671	18.965	
0.694934	0.78433	0.025	-202.557	66.8334	12.6103	
4.2203	1.09276	0.025	-63.9072	191.543	7.4901	
0.317155	0.751279	0.025	-178.502	152.171	5.53925	
14.7942	2.01785	0.025	-17.7769	235.084	14.6286	
-1.0944	0.627783	0.025	-156.427	-246.953	15.6221	
5.62922	1.21602	0.025	-48.8334	192.437	-1.66076	
0.18999	0.740153	0.025	-242.77	113.552	17.7274	
8.75112	1.48916	0.025	-4.07806	157.62	0.356439	
12.3946	1.80792	0.025	-15.8753	221.632	-3.00078	
5.77977	1.2292	0.025	-35.9932	189.606	-3.66746	
0.550746	0.771715	0.025	-251.049	138.507	-5.00514	
1.08572	0.81852	0.025	-44.9569	111.552	10.5814	
5.25289	1.1831	0.025	-55.1425	191.829	6.53194	
6.73656	1.3129	0.025	-37.1467	204.888	4.18807	
1.58516	0.862215	0.025	-111.347	186.652	-2.67558	
-0.534115	0.676802	0.025	-181.65	-118.688	1.91433	
4.94425	1.1561	0.025	-71.4643	164.188	4.40161	
4.20713	1.09161	0.025	-63.7836	151.699	-5.17111	
5.97199	1.24601	0.025	-24.6107	201.639	-11.076	
0.463892	0.764117	0.025	-117.581	110.313	8.50767	
2.52889	0.944781	0.025	-35.9949	125.373	-2.91337	
7.58912	1.38749	0.025	-62.4602	221.644	0.856455	
2.17271	0.913618	0.025	-95.6673	152.501	0.929159	
0.601504	0.776156	0.025	-174.503	134.77	-6.02143	
7.84256	1.40967	0.025	6.32971	211.874	-7.65737	
-0.278984	0.699123	0.025	-254.515	-12.0647	-14.0066	
5.44202	1.19965	0.025	-44.1734	171.804	3.46203	
14.4478	1.98755	0.025	-40.5547	214.305	-2.6289	
-0.4412	0.684931	0.025	-169.648	-83.8829	-7.53246	
10.4659	1.63917	0.025	-79.4394	177.355	-18.0528	
-1.1374	0.624022	0.025	-28.5151	-198.836	-5.29071	
13.4577	1.90093	0.025	-24.9883	261.117	8.36485	
1.63606	0.866668	0.025	-9.42891	156.795	9.05694	
9.91968	1.59139	0.025	-66.8765	230.992	13.2246	
-2.02995	0.545934	0.025	-69.8227	-150.013	11.6172	
0.730709	0.78746	0.025	-55.4717	142.218	-0.465982	
-1.00997	0.635171	0.025	-142.29	-215.304	0.910949	
1.64878	0.867781	0.025	-121.014	137.417	6.09431	
4.56664	1.12306	0.025	-66.4829	172.189	1.55615	
11.3689	1.71818	0.025	12.3826	233.003	-1.36495	
3.05892	0.991152	0.025	-80.679	128.917	7.89451	
-1.37014	0.603659	0.025	-141.799	-152.171	-4.18654	
1.10375	0.820097	0.025	-116.557	180.661	11.1729	
1.59837	0.86337	0.025	-120.838	246.14	-3.45493	
6.54067	1.29577	0.025	-30.8428	228.518	-5.93123	
-0.229388	0.703462	0.025	-231.825	-23.6444	3.78605	
5.3509	1.19167	0.025	-47.8367	151.655	-17.6032	
7.84964	1.41029	0.025	-53.3081	177.618	12.6467	
7.29864	1.36208	0.025	-33.7916	217.407	0.601912	
7.05474	1.34074	0.025	-22.7867	207.592	14.645	
5.72263	1.2242	0.025	-58.1091	197.243	-6.59903	
-2.14871	0.535543	0.025	-85.1642	-185.239	-9.72901	
-2.92836	0.467333	0.025	-43.2143	-204.566	21.3458	
-1.16727	0.621409	0.025	-125.857	-137.027	5.96153	
-0.15705	0.709791	0.025	-173.951	-93.0859	-4.56255	
2.44398	0.937352	0.025	-55.5965	199.119	4.4326	
1.85416	0.885749	0.025	-121.893	188.498	-9.68002	
1.14257	0.823493	0.025	-106.918	125.914	4.32731	
5.34846	1.19146	0.025	-77.7747	204.843	4.07318	
-3.86838	0.385092	0.025	-60.6773	-186.146	0.542388	
5.56463	1.21037	0.025	-97.0595	220.754	3.26882	
5.71163	1.22323	0.025	-30.847	212.686	7.91141	
2.50939	0.943074	0.025	-88.1137	185.415	-0.193114	
4.23093	1.09369	0.025	-14.678	182.222	3.61355	
-4.86874	0.297572	0.025	-23.5547	-164.642	17.3068	
8.58807	1.47489	0.025	-51.7866	192.725	5.87734	
4.43702	1.11172	0.025	-26.9335	187.676	3.33618	
1.83568	0.884132	0.025	-52.953	154.967	10.9757	
1.78552	0.879744	0.025	-87.7909	184.079	-3.32819	
10.3363	1.62784	0.025	-32.3248	201.968	11.0831	
9.85599	1.58582	0.025	-45.9929	194.562	-2.52124	
-0.294035	0.697807	0.025	-103.616	-124.334	-19.0481	
-0.404613	0.688132	0.025	-103.372	-164.339	-12.6105	
10.5437	1.64599	0.025	-47.822	186.52	10.7021	
7.26044	1.35874	0.025	-52.0899	212.809	-1.39042	
9.25732	1.53344	0.025	-30.9272	193.243	5.45222	
-4.69217	0.31302	0.025	42.1956	-127.973	1.32291	
5.51312	1.20587	0.025	-31.0801	206.094	6.42025	
0.958562	0.807395	0.025	-172.919	207.189	3.80615	
7.86108	1.41129	0.025	-44.87	209.965	-2.39244	
1.5266	0.857092	0.025	-46.8102	185.147	10.481	
12.4841	1.81575	0.025	-44.3703	226.914	4.42112	
9.05178	1.51546	0.025	-39.5839	189.159	-3.61708	
5.18385	1.17706	0.025	-24.2315	174.195	8.78133	
-0.840604	0.649988	0.025	-167.923	-124.641	-6.93025	
7.85904	1.41111	0.025	-22.2948	166.21	-14.6055	
-0.118262	0.713185	0.025	-255.396	-6.09733	-8.9996	
-2.4165	0.512115	0.025	-74.9568	-179.254	8.7289	
5.18753	1.17738	0.025	-29.2174	203.88	-1.92238	
2.86282	0.973996	0.025	-88.5494	181.096	-12.3447	
1.21582	0.829902	0.025	-137.198	157.996	-13.0674	
-1.15048	0.622878	0.025	-64.3353	-194.755	-10.9676	
5.0166	1.16243	0.025	-1.07476	217.912	-8.74128	
6.85803	1.32353	0.025	-29.1133	199.784	10.1379	
3.2657	1.00924	0.025	-17.3157	192.909	11.7021	
-0.151052	0.710316	0.025	-196.378	-178.793	-6.47999	
-2.99279	0.461696	0.025	-27.2613	-216.878	4.9595	
2.56717	0.948129	0.025	-78.7688	204.433	16.6173	
-5.51332	0.241179	0.025	-0.93855	-184.936	-3.59861	
3.36725	1.01813	0.025	-45.673	177.519	-3.50154	
3.51871	1.03138	0.025	-36.7383	187.54	-21.1129	
1.05831	0.816122	0.025	-65.9332	205.613	9.35658	
8.93458	1.50521	0.025	-33.2823	200.603	-0.290881	
9.35686	1.54215	0.025	-42.332	238.193	-14.1336	
14.3101	1.97551	0.025	-10.0112	235.89	-7.14258	
12.1772	1.7889	0.025	-44.3173	182.234	2.85131	
2.08955	0.906343	0.025	-90.356	195.253	-11.7909	
12.6918	1.83392	0.025	-29.6459	250.734	3.94418	
8.99658	1.51063	0.025	-11.4084	187.489	2.22517	
-0.692846	0.662915	0.025	-147.341	-171.527	-7.65427	
10.22	1.61766	0.025	-72.4818	195.718	-2.67621	
10.927	1.67952	0.025	18.4745	210.111	4.15569	
3.25769	1.00854	0.025	-82.9379	183.451	-8.48335	
-1.44607	0.597017	0.025	-6.54282	-234.678	1.05083	
8.27177	1.44722	0.025	-17.1397	173.622	6.99129	
4.56182	1.12264	0.025	-78.4399	224.431	21.6624	
3.4686	1.02699	0.025	-88.1591	209.84	-3.28478	
10.8948	1.6767	0.025	-70.7324	237.151	4.86038	
2.16297	0.912767	0.025	-63.0945	196.026	6.67719	
1.16314	0.825292	0.025	-144.25	196.148	1.48241	
9.69846	1.57204	0.025	-30.645	203.605	2.89152	
9.07209	1.51724	0.025	-33.3636	157.075	2.52517	
6.44487	1.28738	0.025	-12.1427	172.749	6.27358	
1.62529	0.865725	0.025	-44.1266	96.0863	0.166687	
-1.27588	0.611906	0.025	-117.205	-132.179	-11.6477	
11.7543	1.7519	0.025	-51.2397	234.914	-7.41197	
-1.16444	0.621656	0.025	-110.204	-176.54	-0.337892	
3.07787	0.99281	0.025	-62.467	153.796	10.6704	
10.7816	1.6668	0.025	-9.66034	220.442	-9.44866	
3.33924	1.01568	0.025	8.80669	213.452	5.67923	
9.91507	1.59099	0.025	-38.711	226.348	6.44538	
0.660486	0.781316	0.025	-198.19	82.9727	-8.62509	
11.0241	1.68802	0.025	-85.5545	210.257	-3.0291	
2.23534	0.919098	0.025	-46.3172	200.639	23.2725	
4.54252	1.12095	0.025	-87.005	166.094	-3.99555	
15.0832	2.04314	0.025	-63.3507	257.912	1.43939	
1.89127	0.888996	0.025	-97.9451	194.444	-5.41309	
15.4188	2.0725	0.025	-46.8813	243.68	7.06095	
4.67392	1.13245	0.025	15.4196	181.383	-1.6582	
10.4987	1.64205	0.025	-24.6174	246.933	2.48701	
5.55114	1.20919	0.025	-53.0068	160.38	1.04476	
3.244	1.00734	0.025	-68.2443	182.249	3.61433	
9.16002	1.52493	0.025	-1.82577	242.064	19.0691	
2.6798	0.957983	0.025	-85.7729	153.852	-4.6726	
10.8187	1.67005	0.025	-35.6645	199.691	1.1287	
8.04234	1.42715	0.025	17.3177	165.375	-9.7751	
4.0002	1.0735	0.025	-45.6842	211.177	-8.36665	
1.0507	0.815456	0.025	-185.094	149.045	24.2232	
0.266288	0.746828	0.025	-206.972	-28.9627	12.2431	
2.59929	0.95094	0.025	-43.668	183.077	15.1011	
8.58637	1.47474	0.025	-7.81406	167.451	3.51834	
7.23986	1.35694	0.025	-101.966	175.401	-8.01378	
11.5324	1.73248	0.025	-59.2345	232.39	13.9321	
3.97182	1.07102	0.025	-28.8693	185.513	-6.8357	
16.9888	2.20986	0.025	-19.9533	267.242	2.18295	
-3.07753	0.454283	0.025	-69.8109	-196.462	5.88194	
5.53514	1.20779	0.025	-50.8972	207.118	0.265704	
0.414897	0.75983	0.025	-256.218	63.2794	-6.45838	
4.91348	1.15341	0.025	-92.3207	170.897	-6.53335	
-0.323265	0.695249	0.025	-219.913	-143.381	-34.0458	
1.83105	0.883728	0.025	-58.2257	162.925	-1.18152	
10.1355	1.61027	0.025	10.961	213.753	-1.38499	
10.3443	1.62854	0.025	-36.8371	185.611	-4.68307	
-5.97577	0.200719	0.025	-53.2833	-190.137	-9.52709	
3.43014	1.02363	0.025	-61.7164	170.111	-7.23187	
7.84114	1.40954	0.025	-60.9457	184.209	2.85309	
-8.49299e-05	0.723524	0.025	-192.979	-19.9601	7.04008	
2.90198	0.977421	0.025	-76.8417	171.745	13.0745	
1.56858	0.860764	0.025	-103.056	232.732	-2.94589	
1.9359	0.892901	0.025	-111.513	180.483	10.0629	
-0.22986	0.703421	0.025	-251.018	-109.208	-22.3159	
1.63158	0.866276	0.025	-108.668	213.406	15.1202	
0.196253	0.740701	0.025	-182.784	27.2587	0.765243	
-0.638429	0.667676	0.025	-127.747	-204.016	13.0855	
13.5008	1.90469	0.025	0.906715	231.086	3.11927	
3.34097	1.01583	0.025	-24.1001	176.613	10.0315	
4.33389	1.1027	0.025	-36.8687	200.124	6.71631	
11.1613	1.70002	0.025	-29.1632	208.898	-0.91683	
9.0219	1.51285	0.025	-10.3324	231.245	4.18647	
11.0867	1.69349	0.025	-30.5061	256.879	7.62618	
3.70069	1.0473	0.025	-56.697	194.251	-8.07272	
3.78373	1.05457	0.025	-89.8629	181.41	0.380982	
5.6156	1.21483	0.025	-46.0142	182.066	-14.6637	
-0.51212	0.678727	0.025	-217.463	-145.663	18.8348	
1.85672	0.885973	0.025	-89.9751	148.144	1.64115	
1.20163	0.828661	0.025	-146.941	98.6887	-4.2107	
0.489607	0.766366	0.025	-219.599	105.764	3.04765	
5.12769	1.17215	0.025	19.1373	179.844	11.8093	
7.61246	1.38954	0.025	-28.4056	226.409	-1.30718	
8.9797	1.50915	0.025	-31.2471	212.694	-3.41516	
4.49448	1.11675	0.025	-2.53863	223.875	-17.8132	
8.31624	1.45111	0.025	-46.9724	216.604	15.9994	
2.25286	0.920631	0.025	-122.768	106.787	0.16074	
7.48863	1.3787	0.025	-38.6799	194.725	-8.61248	
-1.02062	0.634238	0.025	-127.129	-146.1	1.79802	
6.7795	1.31666	0.025	-46.7926	208.735	-10.0266	
-3.38436	0.427438	0.025	-51.8052	-176.626	-14.1037	
-0.141161	0.711181	0.025	-218.062	41.4466	7.71201	
8.48045	1.46547	0.025	-36.0158	222.075	0.156511	
5.82581	1.23322	0.025	-13.5737	200.404	2.69224	
1.63147	0.866266	0.025	-99.4864	171.403	13.721	
3.22518	1.0057	0.025	-39.9867	185.988	0.934806	
0.37731	0.756542	0.025	-77.0102	22.1622	-4.44623	
3.77126	1.05347	0.025	-37.8611	195.92	4.1547	
0.947502	0.806427	0.025	-145.143	126.316	0.479258	
9.188	1.52738	0.025	-34.725	211.22	-1.08917	
6.22982	1.26857	0.025	6.03641	170.096	-8.49107	
-0.794066	0.654059	0.025	-200.81	-124.288	-20.8961	
7.20299	1.35371	0.025	-3.73351	211.05	0.245323	
3.58533	1.03721	0.025	-63.5768	214.914	-13.9468	
0.029225	0.726088	0.025	-161.417	-24.9065	-12.1803	
3.26226	1.00894	0.025	-95.5905	201.371	0.667549	
8.67801	1.48276	0.025	-22.1886	184.152	0.357115	
6.81072	1.31939	0.025	-12.7071	216.336	-7.21752	
11.2171	1.7049	0.025	-54.5866	227.057	7.32601	
6.9368	1.33042	0.025	-12.8892	215.254	-7.12905	
9.56419	1.56029	0.025	-45.0562	173.066	-2.73628	
13.8287	1.93339	0.025	-24.564	215.89	3.51764	
8.2073	1.44158	0.025	-29.6381	195.588	1.05457	
4.57544	1.12383	0.025	-25.0991	198.327	-1.75227	
-2.65661	0.491108	0.025	-33.3733	-201.584	5.71508	
-0.664155	0.665425	0.025	-23.1831	-232.907	14.4265	
-1.79561	0.566436	0.025	-142.118	-174.245	7.83326	
16.1323	2.13492	0.025	-20.1033	238.077	-9.47845	
5.40724	1.1966	0.025	-12.9834	175.233	17.2041	
12.2694	1.79697	0.025	-43.5615	218.156	8.37333	
6.94426	1.33108	0.025	-47.7901	213.364	7.75768	
8.75998	1.48993	0.025	-52.1489	174.994	-0.168436	
5.58617	1.21226	0.025	-73.556	202.342	-10.579	
6.42522	1.28567	0.025	17.6446	198.241	-0.0258328	
9.49075	1.55386	0.025	-53.1785	223.672	3.84375	
-0.588972	0.672003	0.025	-278.979	-33.2771	15.9919	
7.32724	1.36458	0.025	-9.21317	167.542	-15.754	
1.91288	0.890887	0.025	-97.7955	156.526	-11.7963	
4.63462	1.12901	0.025	-49.223	177.313	-17.123	
2.54755	0.946413	0.025	-42.2022	188.174	4.22752	
9.41249	1.54702	0.025	-20.2987	166.827	-1.47317	
-0.199276	0.706097	0.025	-208.999	-74.0521	5.42298	
6.41746	1.28499	0.025	-63.6164	187.356	-2.75923	
3.87672	1.0627	0.025	-3.71276	154.535	-3.83044	
3.21609	1.0049	0.025	-64.3668	149.725	11.4775	
7.67499	1.39501	0.025	-6.40421	196.609	-9.05282	
5.44347	1.19977	0.025	-49.7463	208.666	5.98561	
-4.27022	0.349935	0.025	-29.2771	-162.921	-9.26718	
9.09658	1.51938	0.025	-76.4609	197.514	1.30662	
5.5661	1.2105	0.025	-51.7447	158.674	15.7204	
7.56932	1.38576	0.025	-68.6306	233.726	-3.17479	
8.2276	1.44335	0.025	6.30912	203.083	2.95209	
6.15816	1.2623	0.025	-34.5362	186.645	-9.58415	
4.36274	1.10522	0.025	-102.286	174.414	3.20238	
2.40476	0.93392	0.025	-22.3263	164.9	-12.3822	
0.355441	0.754628	0.025	-159.458	73.676	-17.2388	
0.128909	0.734809	0.025	-212.965	12.3413	-6.00646	
-0.421359	0.686667	0.025	-192.647	-25.9424	-2.77263	
10.346	1.62869	0.025	-43.3095	202.774	-8.40192	
4.56752	1.12314	0.025	-35.0132	136.857	-5.14283	
11.5805	1.7367	0.025	-59.8998	204.305	0.850121	
1.8891	0.888806	0.025	-150.438	167.275	-7.68746	
5.21901	1.18014	0.025	-49.4609	186.93	2.97752	
5.30434	1.1876	0.025	-85.1395	184.702	10.4076	
1.81858	0.882636	0.025	-68.2963	198.968	-5.98018	
6.26122	1.27132	0.025	-56.453	202.77	7.77001	
17.9195	2.29128	0.025	-8.37514	255.501	9.68029	
-0.00890575	0.722752	0.025	-133.439	106.885	0.180495	
8.75743	1.48971	0.025	-41.7024	217.601	-7.67509	
4.62364	1.12805	0.025	-33.0264	162.05	8.14682	
-5.88855	0.20835	0.025	-4.41837	-165.42	-15.0138	
5.15826	1.17482	0.025	-17.1394	199.975	5.94344	
2.29421	0.924249	0.025	-17.2561	206.743	5.1329	
0.874199	0.800014	0.025	-158.273	106.494	-11.2311	
9.96469	1.59533	0.025	-38.295	193.874	-14.8836	
-3.77354	0.393389	0.025	-16.7541	-166.355	-10.2985	
0.0726458	0.729887	0.025	-260.318	66.3348	7.95524	
7.24024	1.35697	0.025	11.2576	153.265	5.71254	
-0.202308	0.705832	0.025	-251.79	-44.0459	26.1007	
6.32847	1.2772	0.025	-55.4841	183.246	12.6608	
8.96572	1.50793	0.025	-63.9014	194.35	-14.8366	
-0.771462	0.656037	0.025	-107.762	-107.724	-16.6679	
6.83395	1.32142	0.025	4.63205	206.08	1.70218	
4.43094	1.11119	0.025	-44.4442	172.463	15.3245	
1.04893	0.815301	0.025	-176.611	122.694	-0.436435	
3.27915	1.01042	0.025	-22.935	221.436	-3.89884	
1.32295	0.839274	0.025	-84.0195	119.048	3.22291	
1.44522	0.849972	0.025	-112.076	154.396	-0.988204	
11.035	1.68897	0.025	-18.907	237.352	0.385675	
4.65461	1.13076	0.025	-32.4471	204.609	-6.82163	
2.64868	0.955261	0.025	-49.8595	208.25	-4.93722	
5.86289	1.23647	0.025	-20.537	158.333	1.49538	
3.50338	1.03004	0.025	-19.0907	184.72	-7.30918	
2.87597	0.975146	0.025	-83.4138	162.238	3.61392	
5.05976	1.1662	0.025	-48.6234	253.444	-12.9613	
7.03645	1.33914	0.025	15.249	218.828	0.129714	
1.8391	0.884432	0.025	-60.8022	191.354	9.18458	
4.48975	1.11633	0.025	-23.8268	220.501	5.69416	
-0.0450265	0.719592	0.025	-212.967	54.4397	8.15569	
6.41754	1.28499	0.025	-15.1419	160.059	11.0378	
7.06291	1.34146	0.025	-102.784	150.359	-11.3392	
2.53314	0.945152	0.025	-30.0566	174.914	10.5943	
-0.828066	0.651085	0.025	-13.9304	-146.187	-6.22082	
-0.45399	0.683812	0.025	-121.036	-157.021	13.5014	
3.07119	0.992226	0.025	-102.918	182.288	12.3548	
8.5581	1.47227	0.025	-65.9961	222.302	-3.43758	
4.66736	1.13187	0.025	-31.1957	185.498	-12.6644	
2.40329	0.933791	0.025	-105.381	190.185	5.79631	
12.6432	1.82966	0.025	-72.585	234.086	-9.35401	
0.061116	0.728878	0.025	-161.534	42.4808	4.30836	
-1.82069	0.564241	0.025	-67.7522	-195.159	15.3986	
15.6051	2.0888	0.025	-26.5044	235.88	-4.66711	
11.6496	1.74274	0.025	-30.8891	217.681	5.76325	
3.61772	1.04004	0.025	-79.6278	172.707	-0.657362	
-0.636904	0.667809	0.025	-149.553	-81.5253	-16.8838	
10.6289	1.65344	0.025	12.431	232.079	-2.82917	
-0.527061	0.677419	0.025	-191.646	-136.575	14.0699	
0.420968	0.760361	0.025	-187.213	159.6	-23.3958	
0.43991	0.762018	0.025	-150.956	133.67	16.7403	
10.8311	1.67113	0.025	-85.6669	231.617	-2.71345	
1.81796	0.882582	0.025	-68.0666	151.876	16.1481	
8.32411	1.4518	0.025	-53.3822	219.871	-7.91825	
-3.02343	0.459015	0.025	-78.9853	-227.316	4.58369	
0.253601	0.745718	0.025	-268.421	55.6405	-3.96973	
6.25007	1.27034	0.025	-34.1141	171.596	1.78196	
8.708	1.48538	0.025	7.72065	180.114	2.13993	
0.496141	0.766938	0.025	-166.964	174.655	4.19651	
2.70911	0.960547	0.025	-33.6386	191.906	-1.71766	
10.0056	1.59891	0.025	-1.20176	203.067	3.16924	
-0.128884	0.712255	0.025	-289.481	-27.9741	4.24179	
5.70432	1.22259	0.025	-57.905	194.43	8.92424	
4.80646	1.14404	0.025	-17.6561	150.534	-8.93738	
3.22182	1.0054	0.025	-70.482	175.625	3.09899	
15.3688	2.06813	0.025	-15.164	231.923	0.640393	
3.8146	1.05727	0.025	-43.3945	160.504	0.817141	
7.31308	1.36334	0.025	-51.9894	184.285	7.86535	
7.9354	1.41779	0.025	-15.5552	169.092	-1.07645	
0.738246	0.788119	0.025	-124.183	84.5079	-0.404057	
8.79784	1.49324	0.025	-41.0279	207.557	11.0453	
4.65077	1.13042	0.025	-21.0213	148.035	0.386166	
-2.68005	0.489057	0.025	-81.1037	-210.337	-4.56463	
-0.18389	0.707443	0.025	-174.093	-39.2126	-14.1401	
2.03248	0.90135	0.025	-124.06	172.227	6.08283	
5.28413	1.18583	0.025	-26.3861	190.599	9.60942	
6.92919	1.32976	0.025	-52.8003	213.988	6.70117	
0.711309	0.785763	0.025	-209.095	177.069	-9.52144	
9.78713	1.57979	0.025	-60.3652	222.334	-3.05978	
-0.440325	0.685008	0.025	-232.177	-103.867	-13.8594	
11.769	1.75318	0.025	-11.2744	196.281	-0.168294	
0.723158	0.786799	0.025	-140.604	189.084	-13.6692	
-0.661443	0.665662	0.025	-204.377	-174.69	18.1072	
-4.86596	0.297815	0.025	28.7667	-196.874	-8.1175	
-5.94826	0.203126	0.025	29.7177	-214.392	1.84079	
-0.70801	0.661588	0.025	-162.849	-206.203	-12.8835	
2.15183	0.911792	0.025	-57.7819	189.333	-8.85806	
7.08733	1.34359	0.025	23.8496	215.061	-7.29754	
-0.0590158	0.718368	0.025	-183.893	-19.0795	28.1856	
-0.114991	0.713471	0.025	-197.576	2.6344	5.60955	
11.3715	1.71841	0.025	-18.2834	184.908	-2.52669	
13.2602	1.88365	0.025	-1.46452	221.268	-0.688743	
8.70089	1.48476	0.025	-69.5971	216.884	-9.14909	
5.72731	1.22461	0.025	-26.4955	160.933	1.5395	
2.63499	0.954063	0.025	-71.5869	126.611	-1.54001	
7.95055	1.41911	0.025	34.4901	227.881	-13.0048	
10.7626	1.66513	0.025	-35.0023	226.549	2.03515	
6.96132	1.33257	0.025	-10.1374	190.292	1.3639	
9.32266	1.53916	0.025	-47.7288	221.442	-7.67793	
-4.58778	0.322153	0.025	34.4638	-207.148	-11.483	
1.98243	0.896972	0.025	-80.9116	163.528	5.38931	
-0.408863	0.68776	0.025	-113.279	-166.093	-1.00377	
8.17628	1.43886	0.025	-23.6226	201.74	1.64584	
4.72406	1.13683	0.025	-27.0499	197.709	16.0757	
5.84805	1.23517	0.025	-43.3817	177.962	3.31817	
5.81025	1.23186	0.025	-27.7355	160.171	-6.44319	
10.0778	1.60523	0.025	-44.8704	212.769	-5.34931	
4.53234	1.12006	0.025	-63.7567	170.254	0.352978	
-1.0634	0.630495	0.025	-72.0394	-105.844	-8.03119	
1.26281	0.834013	0.025	-138.982	193.548	-0.226028	
6.63655	1.30415	0.025	-38.5716	213.015	4.51838	
11.4753	1.72749	0.025	-36.9828	201.057	0.677392	
8.14636	1.43625	0.025	14.4393	223.154	-6.33382	
2.25767	0.921051	0.025	-82.6172	202.096	9.30232	
10.6633	1.65645	0.025	-83.5928	212.051	4.51685	
6.18827	1.26493	0.025	-28.8251	227.9	-3.56476	
3.17294	1.00113	0.025	-58.6071	180.885	-1.60486	
10.948	1.68135	0.025	-56.1175	212.877	2.83558	
-0.162228	0.709338	0.025	-205.745	-140.211	-13.1834	
5.07669	1.16768	0.025	-46.7192	199.633	11.1282	
6.82532	1.32067	0.025	12.4187	220.69	3.41844	
0.507733	0.767952	0.025	-113.109	86.9492	-1.22371	
5.71321	1.22337	0.025	-81.5145	174.789	5.13784	
-5.40082	0.251021	0.025	14.8456	-232.086	13.7724	
6.69029	1.30886	0.025	-53.246	186.729	-2.19723	
0.188134	0.739991	0.025	-209.355	110.411	-7.30511	
-0.314983	0.695974	0.025	-237.09	-106.242	-13.416	
6.56188	1.29762	0.025	-50.3917	186.083	-8.12163	
17.9536	2.29426	0.025	-28.3328	243.839	8.50275	
4.8012	1.14358	0.025	-17.6961	187.203	6.2062	
7.07354	1.34239	0.025	-23.1374	185.905	-11.7953	
0.595103	0.775596	0.025	-104.188	217.071	-24.949	
2.84032	0.972027	0.025	-51.6568	175.019	-5.63562	
4.67462	1.13251	0.025	-53.9396	165.161	11.7013	
12.5326	1.81999	0.025	-28.5593	189.931	-5.02617	
5.9109	1.24067	0.025	-88.3599	217.384	-1.19672	
9.22741	1.53082	0.025	-16.4501	177.18	-1.28106	
2.30365	0.925074	0.025	-78.6382	170.491	2.78294	
-2.94653	0.465743	0.025	-2.33118	-200.552	8.26995	
6.97311	1.3336	0.025	-50.636	201.229	3.71819	
0.0544251	0.728293	0.025	-191.899	4.71609	12.7187	
13.785	1.92956	0.025	14.0889	245.432	19.6267	
3.60327	1.03878	0.025	-13.8835	177.372	5.67365	
6.24157	1.2696	0.025	-25.7796	194.837	-1.75815	
-1.42464	0.598891	0.025	-102.457	-187.418	2.46058	
0.10247	0.732496	0.025	-192.247	30.9604	2.33357	
6.11587	1.2586	0.025	-40.0445	188.562	9.65952	
9.39675	1.54564	0.025	-54.2737	195.017	-6.02166	
1.21586	0.829905	0.025	-82.234	158.007	6.89235	
8.90864	1.50294	0.025	-10.2733	235.452	4.10638	
4.6988	1.13462	0.025	-14.8184	212.736	-0.708513	
9.13561	1.52279	0.025	-32.9375	242.632	1.7351	
6.87928	1.32539	0.025	-50.7458	218.043	-3.0081	
9.56302	1.56019	0.025	27.2366	200.068	-10.2467	
1.58617	0.862303	0.025	-152.337	66.9727	-4.40334	
11.4288	1.72342	0.025	17.1471	227.159	11.4847	
7.4541	1.37568	0.025	-34.2379	200.379	3.28092	
0.289439	0.748854	0.025	-220.941	164.954	-18.0686	
13.0577	1.86593	0.025	19.3384	238.861	-2.2971	
5.24399	1.18232	0.025	-27.9649	191.81	-2.0488	
10.3261	1.62695	0.025	-38.6978	226.077	10.4634	
-1.34199	0.606122	0.025	0.0942546	-115.481	21.1337	
3.17915	1.00167	0.025	-37.8414	230.325	-3.05645	
1.70952	0.873095	0.025	-70.9219	247.546	19.2825	
9.77013	1.57831	0.025	-13.4981	204.204	6.42243	
2.61801	0.952578	0.025	-136.792	125.667	10.0797	
10.7492	1.66396	0.025	-51.8712	199.547	-8.30897	
-0.251314	0.701544	0.025	-216.606	-55.4891	15.1663	
10.1682	1.61313	0.025	-17.3338	214.003	-0.472301	
8.46323	1.46397	0.025	-85.1732	190.453	8.72044	
4.37004	1.10586	0.025	-8.51709	143.512	-8.18171	
4.07144	1.07974	0.025	-52.7455	198.508	-1.49774	
-2.46838	0.507576	0.025	4.36906	-195.267	18.9091	
-1.04191	0.632376	0.025	-126.797	-193.841	-27.0268	
-2.34387	0.51847	0.025	-23.7551	-194.85	-4.75278	
-0.560744	0.674473	0.025	-171.702	-147.352	10.423	
4.62913	1.12853	0.025	-11.0439	173.903	-0.793908	
11.9317	1.76742	0.025	-31.7891	208.37	4.09673	
-0.217315	0.704519	0.025	-185.217	-176.968	10.5283	
0.0790843	0.73045	0.025	-208.725	29.5347	-9.1223	
5.08799	1.16867	0.025	-42.7664	196.383	-3.91728	
7.28688	1.36105	0.025	-34.6282	158.212	-8.09745	
-0.571653	0.673518	0.025	-51.0523	-238.7	0.273308	
1.80955	0.881846	0.025	-91.7315	190.76	13.3231	
3.38467	1.01965	0.025	-53.788	233.626	-2.87425	
1.39395	0.845486	0.025	-167.781	148.967	11.6468	
11.6114	1.7394	0.025	-67.6524	159.202	5.36545	
0.868691	0.799532	0.025	-121.109	154.516	-11.7406	
5.14018	1.17324	0.025	-70.6025	179.012	-6.14159	
0.430941	0.761234	0.025	-143.577	103.152	0.476984	
7.35126	1.36668	0.025	-4.40404	204.771	-15.3186	
6.70703	1.31032	0.025	0.839421	184.621	-0.308774	
1.65566	0.868383	0.025	-109.176	214.904	-15.8738	
-1.25939	0.613349	0.025	-34.4455	-187.698	-7.95405	
1.98007	0.896765	0.025	-119.666	177.345	-2.83635	
11.915	1.76596	0.025	-34.7719	180.143	13.083	
-0.469879	0.682422	0.025	-188.881	-88.1266	7.08944	
10.5021	1.64234	0.025	-58.0985	220.994	-2.29197	
5.44142	1.19959	0.025	13.9753	218.4	3.0113	
9.87131	1.58716	0.025	10.619	230.148	0.604476	
0.804204	0.79389	0.025	-81.593	157.489	18.4384	
11.9094	1.76547	0.025	-68.8542	224.957	2.58445	
7.62318	1.39047	0.025	-15.5168	177.608	4.47844	
4.03854	1.07686	0.025	-37.9332	199.233	-2.00381	
8.73113	1.48741	0.025	-23.4853	168.433	11.6543	
-4.29645	0.34764	0.025	-28.0959	-201.306	-12.5752	
5.23442	1.18148	0.025	-77.2394	213.141	-9.95393	
-1.1477	0.62312	0.025	-89.5836	-162.256	22.5337	
1.66392	0.869105	0.025	-130.114	181.062	0.842973	
9.50908	1.55547	0.025	26.328	180.013	3.13024	
4.42689	1.11083	0.025	-102.155	203.003	10.6503	
4.721	1.13657	0.025	-96.1353	183.922	7.06513	
-1.14117	0.623692	0.025	-61.9045	-179.579	12.4356	
-0.604438	0.67065	0.025	-176.894	-174.703	27.0027	
2.4038	0.933836	0.025	-15.1814	197.066	-10.9888	
12.335	1.8027	0.025	-23.7178	234.215	4.63218	
4.70158	1.13487	0.025	-2.33334	179.346	1.57232	
10.6023	1.65111	0.025	-52.5929	231.47	0.327838	
5.52456	1.20687	0.025	-34.0229	199.736	-7.68827	
-0.422129	0.6866	0.025	-202.492	-162.685	14.2276	
6.05237	1.25304	0.025	-27.1107	179.964	4.78225	
0.381466	0.756905	0.025	-145.594	65.716	-14.5733	
2.0501	0.902892	0.025	-96.5943	179.698	7.97501	
5.11017	1.17061	0.025	-65.1643	168.859	7.2741	
0.317458	0.751305	0.025	-238.594	-11.1668	-0.669743	
7.16945	1.35078	0.025	-30.1787	187.49	7.27568	
