10 15
8.77767	0.025	0.169474	-30.5231	3.14285	181.417	
1.49577	0.025	2.72606	58.5038	-4.62893	182.375	
2.41648	0.025	0.390153	43.451	0.430518	191.7	
4.07332	0.025	0.265154	-1.41822	3.16952	185.793	
6.52424	0.025	0.197969	-15.8894	-2.08157	218.478	
4.57186	0.025	0.245582	-38.6621	8.74235	152.365	
8.27964	0.025	0.174431	43.3993	8.17908	234.802	
4.63198	0.025	3.07262	59.8768	6.03259	188.484	
8.45299	0.025	0.172639	-10.5087	6.63506	169.711	
6.03616	0.025	0.206962	-14.4495	3.69713	197.983	
1.71091	0.025	0.522126	15.1403	-6.77663	214.256	
10.3535	0.025	0.15694	37.4272	0.402604	225.284	
3.75932	0.025	0.280192	-5.05153	6.0125	185.35	
0.727519	0.025	1.7943	-13.0265	-22.1682	218.118	
1.42261	0.025	0.618572	-3.07051	-3.01929	199.368	
6.05977	0.025	0.206493	3.84985	-0.302597	173.663	
0.859693	0.025	2.23449	11.8486	-19.8297	182.399	
6.37766	0.025	0.200525	14.2329	-9.31379	187.876	
1.56386	0.025	0.566272	3.51635	10.5451	178.63	
5.23221	0.025	0.225464	-7.52767	-5.70785	225.627	
1.08452	0.025	0.814236	-5.82081	8.22591	167.917	
3.81167	0.025	0.27751	-0.871479	8.23443	167.235	
2.87833	0.025	0.340376	23.534	-10.3546	221.534	
10.264	0.025	0.157548	-27.8223	1.41334	237.443	
16.7164	0.025	0.130398	-22.8532	-5.80229	255.568	
1.63017	0.025	2.77087	-18.2537	-7.38404	185.866	
1.79027	0.025	0.501632	-94.2804	-1.04394	177.097	
12.0365	0.025	0.147185	-1.88468	12.5351	221.922	
10.51	0.025	0.155901	-24.2051	-8.25584	232.294	
8.19315	0.025	0.175354	-20.3298	-4.19593	193.026	
7.07385	0.025	0.189337	-14.0099	6.76789	187.626	
8.01033	0.025	0.177369	-56.1734	-3.57174	190.458	
3.59445	0.025	0.289161	-5.09843	-5.97073	209.368	
1.58121	0.025	2.75555	80.4745	10.7849	218.771	
4.29299	0.025	0.255962	-34.3122	4.72871	181.888	
2.5415	0.025	0.374816	15.0723	-10.5575	196.846	
3.13121	0.025	0.319541	69.491	-5.53946	174.8	
0.89851	0.025	1.01822	-34.5797	-3.13567	231.118	
0.82415	0.025	2.16431	-18.9593	9.9738	237.984	
0.724576	0.025	1.76049	-25.8991	-17.5034	245.033	
3.79383	0.025	0.278415	-34.457	13.515	188.888	
7.90617	0.025	0.17856	15.2352	10.2625	184.143	
7.24937	0.025	0.186857	-12.3481	8.37881	237.764	
0.747353	0.025	1.39059	-59.114	5.80837	119.824	
1.69948	0.025	0.525253	0.53749	-1.38001	222.496	
3.3903	0.025	3.01462	-31.7523	7.43189	141.871	
13.9008	0.025	0.139141	-2.52035	-6.08272	202.125	
2.19267	0.025	0.422215	-40.5943	-12.7603	218.904	
1.72139	0.025	0.519299	-10.349	-2.51158	279.627	
1.13885	0.025	0.772561	-48.6434	17.932	235.117	
5.24042	0.025	0.225246	29.4321	-6.76788	210.745	
11.4237	0.025	0.150404	26.98	-12.8995	217.031	
12.1948	0.025	0.146406	-17.2084	-6.73247	224.36	
2.62934	0.025	0.364951	-3.14806	16.0842	201.477	
7.43688	0.025	0.184338	4.846	-3.54005	234.642	
0.744405	0.025	1.91069	-12.2166	19.7656	175.758	
1.46514	0.025	0.601598	-55.0845	11.8902	221.802	
15.3819	0.025	0.134142	27.0437	-4.43035	210.97	
11.0114	0.025	0.152771	-29.7963	10.5965	205.82	
5.8337	0.025	0.211137	-0.358753	8.53009	195.949	
7.31515	0.025	0.185959	-9.62421	0.15008	169.081	
2.31709	0.025	0.403585	10.0107	-14.5485	194.835	
2.46462	0.025	2.93207	-14.0919	-8.57496	177.28	
11.9515	0.025	0.147612	32.4195	-10.6798	208.838	
2.39789	0.025	0.392575	-12.2518	6.053	154.659	
4.27356	0.025	0.256736	47.8495	15.7187	197.696	
6.16824	0.025	0.204387	-0.934326	7.05941	148.733	
5.00906	0.025	0.231662	-36.8848	2.45431	214.614	
5.36906	0.025	0.22192	-56.3125	-4.94231	199.538	
8.14601	0.025	0.175865	4.5247	8.43338	187.15	
0.828422	0.025	2.17353	-77.2078	18.002	241.791	
8.23391	0.025	0.174916	3.60369	7.12497	193.989	
5.55615	0.025	0.217359	-30.5333	1.9394	147.51	
0.975625	0.025	0.918534	-10.2617	-5.3537	210.554	
18.2049	0.025	0.126869	-22.3602	8.36816	234.9	
9.04736	0.025	0.167018	21.0755	7.41787	221.97	
6.75806	0.025	0.194124	-15.8019	1.73995	191.174	
7.56865	0.025	0.182643	36.8054	15.75	196.419	
2.95271	0.025	0.333865	-14.9106	5.47135	225.716	
6.69047	0.025	0.195208	-48.6637	6.87713	174.678	
15.6571	0.025	0.133318	-17.9758	2.44605	230.202	
12.0927	0.025	0.146906	-8.38197	-1.84159	210.782	
2.38551	0.025	0.394212	61.7518	8.38067	182.803	
2.04528	0.025	0.447412	22.5433	10.1856	192.885	
1.45102	0.025	2.70902	49.6969	0.775826	246.196	
2.47907	0.025	0.382273	97.0611	-9.86481	194.113	
9.7278	0.025	0.161429	2.87505	7.77088	232.262	
6.80135	0.025	0.193442	42.4003	-14.9051	196.852	
12.1465	0.025	0.146642	-0.853031	0.463126	234.562	
0.760369	0.025	1.98218	-90.0796	-12.5904	218.085	
2.07697	0.025	0.441672	0.99058	-3.85854	212.025	
0.723055	0.025	1.73745	55.943	9.36148	188.021	
1.34358	0.025	0.653502	-8.42195	12.0549	225.22	
6.35496	0.025	0.200931	16.6851	-1.48386	142.324	
3.11196	0.025	0.321004	4.79994	2.35451	189.09	
9.87981	0.025	0.160286	22.8639	-16.7854	215.513	
7.26975	0.025	0.186577	17.5091	4.72168	205.685	
4.37738	0.025	0.252679	27.1671	6.97278	165.607	
1.61835	0.025	2.76726	53.0665	15.533	214.91	
8.40943	0.025	0.173082	-49.7556	-4.18225	191.483	
2.76549	0.025	2.96518	34.5907	8.78714	186.065	
15.6731	0.025	0.133271	-43.0855	-5.14091	231.738	
11.3961	0.025	0.150557	26.3489	-4.39225	227.389	
7.44748	0.025	0.1842	6.56498	-13.3029	197.124	
12.054	0.025	0.147098	-7.13536	-4.3835	252.514	
5.16444	0.025	0.227289	-20.4268	3.89988	161.507	
1.62204	0.025	0.547731	4.17654	14.968	124.699	
8.87209	0.025	0.168597	41.1676	-7.78568	201.746	
4.94213	0.025	0.233632	-37.9921	-1.60249	194.769	
8.29151	0.025	0.174306	36.1539	16.5817	205.493	
3.45555	0.025	0.297395	0.73693	-4.18409	187.11	
2.96013	0.025	0.333235	7.93392	12.955	154.455	
0.82923	0.025	1.14088	69.1545	4.82317	189.405	
8.78093	0.025	0.169443	27.5037	-3.26912	188.351	
1.17403	0.025	2.56782	20.9628	-11.6456	238.996	
14.4748	0.025	0.137082	10.8118	-0.176685	196.829	
2.34075	0.025	0.400279	-77.845	13.7872	181.295	
2.41934	0.025	0.389783	27.4436	-0.0534442	221.127	
2.43541	0.025	0.387725	-59.1023	4.04509	223.114	
0.847685	0.025	2.21232	-5.56662	3.5335	235.215	
0.840972	0.025	1.11684	58.8812	6.82689	220.08	
6.7237	0.025	0.194672	-20.9485	13.7265	179.262	
7.34811	0.025	0.185515	-17.1479	7.87208	177.72	
4.45641	0.025	0.24972	0.912678	-1.88107	199.865	
1.04559	0.025	0.84786	39.9476	14.7287	258.359	
4.4293	0.025	0.250723	-63.9224	0.273049	138.257	
4.11848	0.025	0.263183	4.64902	8.67693	225.473	
0.831149	0.025	1.13683	25.2216	12.8671	145.364	
7.15223	0.025	0.188214	20.8367	8.6048	212.76	
11.6722	0.025	0.149058	10.8208	2.403	201.398	
5.09003	0.025	0.22935	9.98337	4.02942	207.971	
3.46698	0.025	3.01943	38.8212	-1.24225	214.366	
8.3657	0.025	0.173532	-14.0781	-5.88832	195.137	
3.87722	0.025	0.274255	-4.55442	2.0193	160.047	
7.57232	0.025	0.182597	3.63675	-0.902716	177.25	
2.45657	0.025	0.385056	-30.994	-6.15496	162.985	
1.25109	0.025	0.701238	-25.2165	5.26857	187.469	
9.31357	0.025	0.164734	-18.2167	-7.76263	246.409	
0.725999	0.025	1.77806	-68.284	4.61551	298.229	
3.95856	0.025	0.270369	-47.96	-4.16128	175.473	
11.5051	0.025	0.149956	-0.463761	9.30632	215.92	
1.02646	0.025	0.865744	-12.422	-6.42311	226.249	
1.79947	0.025	0.499383	-28.4687	-7.85354	238.994	
4.10555	0.025	0.263743	38.9458	-0.0654812	192.89	
2.51742	0.025	0.377646	-45.5407	-5.74457	203.622	
11.5532	0.025	0.149695	-17.8544	-6.06101	230.761	
1.28222	0.025	2.6319	-2.80276	-4.38007	160.246	
10.5613	0.025	0.155567	9.05924	-1.90802	199.714	
9.03402	0.025	0.167136	0.410172	8.73141	225.509	
4.31267	0.025	3.06094	11.7353	0.520622	207.795	
6.63986	0.025	0.196034	-20.1208	-10.4388	191.591	
1.32901	0.025	0.660489	10.3391	7.82523	156.662	
14.3733	0.025	0.137434	26.5087	3.58956	207.925	
1.13509	0.025	0.775267	-18.8426	27.0567	193.02	
9.73117	0.025	0.161403	-25.6043	9.0842	224.692	
0.811163	0.025	1.18149	26.8402	-3.73917	228.146	
1.18277	0.025	2.57356	-37.1678	-3.69607	176.902	
3.9836	0.025	0.269205	38.895	-1.74363	203.855	
11.1225	0.025	0.152116	1.93272	-6.99398	199.532	
7.93537	0.025	0.178223	-28.9377	8.24654	199.706	
1.32213	0.025	2.65227	103.604	19.8782	180.491	
10.1028	0.025	0.158671	40.166	-11.088	193.093	
3.29919	0.025	0.307514	49.6639	17.0355	171.841	
0.828978	0.025	2.17472	-2.46907	-3.88411	149.261	
2.76903	0.025	2.96553	35.1408	-8.0354	153.755	
1.17474	0.025	2.56829	67.0145	16.4301	155.23	
6.31582	0.025	0.201638	-36.6068	-5.23272	204.528	
9.51415	0.025	0.163098	1.8324	-10.5556	207.222	
2.86991	0.025	0.341135	-18.3585	-6.80417	207.105	
2.00548	0.025	0.454896	30.2199	-7.63221	187.402	
4.59378	0.025	0.24482	20.5908	3.02376	165.084	
8.76619	0.025	0.169582	-15.822	15.1303	214.48	
1.21049	0.025	0.725084	53.5121	-0.383447	214.673	
3.7832	0.025	0.278959	25.0109	-7.85348	161.323	
1.00268	0.025	0.889415	55.1257	11.0949	180.525	
10.5257	0.025	0.155798	-10.4027	3.68486	226.778	
0.867665	0.025	2.24848	73.3059	0.227874	207.581	
9.66984	0.025	0.161874	-42.6075	10.8341	207.434	
1.07668	0.025	0.82073	-35.8642	-9.83131	241.631	
1.17686	0.025	0.746432	76.1906	-8.23986	165.565	
1.9887	0.025	0.458147	50.3781	-9.80706	181.897	
2.74782	0.025	0.352681	-30.0019	2.62861	241.522	
3.7829	0.025	0.278975	-12.7541	-2.37289	175.21	
0.976906	0.025	0.917097	-62.3068	11.8743	231.709	
1.94453	0.025	2.84913	-75.1165	9.49125	152.336	
1.76541	0.025	0.507832	4.29075	4.45757	212.256	
4.29741	0.025	0.255787	-27.253	-3.22963	163.367	
14.3263	0.025	0.137599	27.3593	6.11389	242.395	
4.6395	0.025	3.07287	19.6091	-10.9402	217.464	
4.62272	0.025	0.243826	-22.2151	-1.8125	230.779	
3.7926	0.025	0.278478	-65.5375	14.3202	208.705	
1.3995	0.025	0.628305	-24.6972	7.58667	218.939	
5.4213	0.025	0.220614	-2.10135	-12.3625	183.193	
4.05523	0.025	0.265956	9.53737	12.205	221.534	
1.35284	0.025	0.649161	47.1718	-1.85378	238.76	
4.18698	0.025	0.260276	-27.0927	14.2166	144.307	
1.03645	0.025	0.856284	-0.275701	-5.51305	177.064	
8.73153	0.025	0.169909	-10.3056	5.23436	204.141	
3.68113	0.025	0.284343	-60.7444	-7.1459	243.188	
2.99232	0.025	2.98559	-13.71	7.12328	182.742	
0.783895	0.025	1.25403	-38.3678	-1.13259	223.139	
2.84658	0.025	2.97286	40.4578	-9.5875	138.72	
7.06872	0.025	0.189411	-11.4542	-7.35667	181.474	
7.9141	0.025	0.178468	-30.5981	1.31868	170.665	
0.783314	0.025	2.06036	-17.72	-17.5845	197.876	
3.06724	0.025	2.99165	-37.2714	2.74808	191.13	
1.98545	0.025	0.458785	36.6844	0.823132	219.345	
0.783131	0.025	1.25632	10.7953	-9.88824	299.74	
3.95618	0.025	0.27048	6.9673	-6.1845	161.947	
0.725201	0.025	1.76856	-45.4193	1.41686	175.961	
5.59252	0.025	0.216508	46.452	-0.289596	148.83	
5.95067	0.025	3.10744	48.7576	-2.30846	240.687	
3.17837	0.025	3.00009	11.0853	4.15585	185.569	
2.6562	0.025	0.362069	-18.3818	-12.1436	172.566	
8.07157	0.025	0.176684	13.3798	-11.1179	221.848	
5.53646	0.025	0.217824	-4.2752	-6.58314	238.385	
16.1831	0.025	0.13182	6.36162	-1.87191	223.859	
7.79135	0.025	0.179909	4.86451	10.5756	181.331	
6.91956	0.025	0.191621	-27.925	-2.70354	229.411	
9.31265	0.025	0.164742	24.7505	6.38932	205.449	
3.37986	0.025	3.01395	13.3377	4.78988	205.839	
2.23569	0.025	2.9006	-28.3571	13.3118	229.352	
2.91933	0.025	0.336745	-38.1438	5.15085	177.34	
0.782022	0.025	1.25967	-153.215	4.21905	194.079	
3.33068	0.025	3.01073	8.18771	2.14457	228.103	
5.97726	0.025	0.208147	5.73575	-22.7144	141.598	
2.19051	0.025	2.89357	-9.67552	-5.68134	173.698	
11.8344	0.025	0.14821	19.8937	-11.6138	213.945	
3.69361	0.025	0.283669	-10.5103	-12.7151	189.783	
0.75641	0.025	1.3499	72.2324	-22.1059	210.923	
2.3363	0.025	0.400895	0.291896	-13.3975	186.339	
2.96221	0.025	0.333058	31.3318	-8.4266	152.946	
2.86567	0.025	2.97461	52.1824	-1.46832	178.373	
25.0705	0.025	0.116021	5.1847	4.15958	230.941	
18.7793	0.025	0.125657	-3.27702	1.58608	247.484	
4.39814	0.025	0.251892	-13.4276	-2.04369	177.206	
5.21581	0.025	0.225901	32.8832	5.44754	200.976	
10.9526	0.025	0.153123	-32.0529	6.64541	230.004	
3.82078	0.025	0.277051	-56.0186	2.86238	248.328	
6.98733	0.025	0.190605	-10.1867	-5.80325	204.379	
10.6525	0.025	0.154981	-24.0363	-9.6635	169.798	
12.5788	0.025	0.144599	-38.9129	1.46392	220.479	
7.04456	0.025	0.189763	10.5104	5.02539	246.673	
2.92704	0.025	0.336074	81.0516	0.691597	162.408	
6.3751	0.025	0.20057	42.0237	-3.02261	204.603	
0.987208	0.025	0.90576	-68.7593	-15.1929	222.865	
4.2001	0.025	0.25973	17.8768	7.55077	182.175	
10.1904	0.025	0.158057	-13.1579	-9.85268	206.072	
12.3451	0.025	0.145686	-2.87811	11.5729	206.796	
8.2586	0.025	0.174654	-20.448	-2.54974	194.82	
9.77368	0.025	0.16108	-9.2824	-7.76212	193.337	
6.39569	0.025	0.200204	58.1316	-1.40427	149.456	
7.19444	0.025	0.18762	-0.816896	4.48221	232.306	
1.46954	0.025	2.71622	16.4913	-1.10686	138.197	
1.14124	0.025	2.54528	-54.0833	-4.11494	208.691	
11.615	0.025	0.149362	-50.9163	8.88164	257.797	
8.84579	0.025	0.16884	23.6029	11.681	190.842	
6.31823	0.025	0.201594	25.6471	4.04587	196.488	
7.79307	0.025	0.179888	4.74323	-6.19637	214.72	
3.42876	0.025	0.299062	-23.6825	-3.37495	182.644	
2.85656	0.025	0.342347	118.057	4.95715	192.775	
0.77603	0.025	2.03769	25.3097	-0.193103	264.637	
7.66064	0.025	0.181494	-28.7196	-1.09847	188.991	
5.54664	0.025	3.09854	71.4705	9.12254	162.86	
6.03149	0.025	0.207055	34.5001	-16.6864	177.669	
0.954048	0.025	0.943674	80.2391	-12.0558	182.297	
3.00167	0.025	2.98636	9.02161	6.37459	163.792	
6.30961	0.025	0.201751	-34.5506	-5.64083	191.104	
14.2803	0.025	0.137762	10.634	-2.86454	226.444	
0.75804	0.025	1.97291	-64.0304	-20.2846	227.866	
5.04676	0.025	3.08555	15.4961	-1.66646	175.717	
11.0064	0.025	0.152801	-8.5637	8.38601	210.071	
2.09742	0.025	0.438067	82.3389	-4.55395	195.004	
6.53089	0.025	0.197856	19.2766	-4.62099	203.176	
6.9178	0.025	0.191648	-42.8972	2.0419	199.772	
0.749046	0.025	1.93367	-17.4985	7.53977	214.663	
12.7407	0.025	0.14387	32.3433	-1.92148	215.613	
9.27918	0.025	0.165022	-16.2686	6.61926	233.655	
1.34058	0.025	2.6612	-16.9847	2.92974	87.4975	
1.73834	0.025	0.514809	59.6139	-3.58451	188.341	
11.7963	0.025	0.148407	-25.5229	8.43615	241.497	
0.941702	0.025	2.3572	0.17252	-12.494	215.865	
7.56997	0.025	0.182626	18.6547	16.381	202.272	
8.57189	0.025	0.171452	-69.1202	3.37455	216.241	
3.72063	0.025	0.282224	-53.7058	-11.6734	226.08	
1.8815	0.025	0.480401	16.8007	12.6186	200.522	
5.25687	0.025	0.224811	-11.5413	-17.3468	175.587	
3.71706	0.025	0.282414	-0.750999	-10.2465	174.828	
1.14694	0.025	2.54932	13.8471	-6.8473	166.431	
0.721522	0.025	1.61265	62.3788	-2.99698	180.202	
1.76622	0.025	0.507627	-7.19437	3.1362	187.172	
3.09615	0.025	0.322221	-11.1488	4.0791	169.468	
11.3566	0.025	0.150777	7.12156	-6.7689	208.689	
7.55281	0.025	0.182844	-47.7174	-3.49744	152.304	
9.44432	0.025	0.163659	-54.3343	0.0924427	213.201	
0.802131	0.025	1.20379	104.364	-24.2884	266.841	
2.56396	0.025	0.372226	-8.49676	-4.0665	189.522	
6.52284	0.025	0.197993	-45.8671	9.903	179.506	
1.17313	0.025	2.56722	44.0393	7.34582	194	
5.25057	0.025	0.224977	15.5415	8.3677	193.5	
10.6125	0.025	0.155236	17.4717	6.12936	258.163	
0.908196	0.025	2.31209	14.1791	-4.60742	203.949	
0.723926	0.025	1.75135	114.954	13.0231	231.596	
10.3871	0.025	0.156714	5.94694	-10.4562	232.53	
0.754487	0.025	1.35801	-84.0042	-6.07965	243.187	
4.62423	0.025	3.07235	7.27109	8.25856	186.793	
10.435	0.025	0.156395	29.2298	4.63624	202.048	
9.75572	0.025	0.161216	-42.6574	-7.54674	192.388	
3.16007	0.025	0.317381	20.1259	3.05537	197.314	
5.67091	0.025	0.214712	45.2619	10.7489	195.981	
9.77209	0.025	0.161092	32.6423	-2.96275	183.031	
5.26328	0.025	0.224643	-13.74	13.1736	173.055	
2.08417	0.025	2.87573	-23.0486	-0.3178	204.068	
5.34563	0.025	0.222513	-4.57696	-4.9525	213.602	
6.91838	0.025	0.191639	1.3343	2.85662	164.534	
0.757409	0.025	1.34579	-91.416	-6.8885	240.507	
0.934921	0.025	2.34853	21.402	20.6741	128.344	
5.43862	0.025	0.220187	27.0667	10.3637	207.527	
12.3149	0.025	0.145829	-3.42025	1.95961	218.28	
10.3598	0.025	0.156898	23.9	4.98039	187.801	
0.815443	0.025	1.17142	11.3202	0.999609	211.362	
10.8942	0.025	0.153477	-5.16556	8.44702	242.368	
8.6626	0.025	0.170569	-13.2487	-1.55123	214.578	
0.817078	0.025	1.16765	-93.8441	8.74753	222.395	
0.867847	0.025	2.24879	-61.4946	-16.3867	166.419	
8.16493	0.025	0.175659	-82.7908	-2.63593	186.36	
7.88538	0.025	0.178801	-11.6621	-5.39845	188.546	
8.77438	0.025	0.169505	-9.62944	3.7581	214.068	
10.191	0.025	0.158052	8.89054	-10.4888	210.105	
7.37215	0.025	0.185193	-12.8926	12.3144	233.324	
5.00954	0.025	0.231649	28.7317	6.45021	237.379	
4.42371	0.025	0.250931	24.9604	8.26197	149.646	
13.86	0.025	0.139294	-21.1033	8.34318	202.028	
2.81523	0.025	0.346178	-39.0674	-5.26143	200.873	
13.2678	0.025	0.141618	-2.12619	-8.6497	223.147	
2.2474	0.025	0.413753	-7.76406	10.624	224.416	
0.739306	0.025	1.43371	43.8811	-4.53415	178.287	
2.53041	0.025	0.376112	46.3664	0.118286	230.093	
3.45649	0.025	3.01879	-30.6064	3.62096	129.647	
10.1108	0.025	0.158615	5.74318	2.85541	217.237	
5.40074	0.025	0.221125	21.2918	-2.5166	183.276	
9.33554	0.025	0.164551	-42.9751	12.5441	222.441	
4.92437	0.025	0.234164	-28.1274	11.4084	161.616	
8.90062	0.025	0.168336	39.5724	-4.52368	221.738	
0.904752	0.025	1.00901	24.6531	27.5835	220.751	
6.80879	0.025	0.193325	28.9232	5.84163	217.218	
4.21865	0.025	0.258964	-5.8767	-5.11398	174.276	
3.62798	0.025	0.287269	62.1513	-16.5605	238.445	
1.29004	0.025	2.63601	57.4413	11.0253	255.172	
1.39159	0.025	0.631722	-11.0841	-8.81474	242.835	
10.5352	0.025	0.155736	-32.7741	-5.60347	165.43	
0.767172	0.025	2.00762	25.5451	-1.94628	238.896	
0.808823	0.025	1.18713	-33.8369	-13.6534	237.88	
0.962212	0.025	2.38218	-21.0193	-8.28772	224.162	
2.23294	0.025	2.90018	-69.502	-11.2835	183.835	
1.73687	0.025	2.80093	-5.31939	2.35511	250.703	
1.46528	0.025	0.601541	-3.83381	4.28527	165.74	
4.07212	0.025	0.265207	48.7824	-9.09738	191.017	
3.12737	0.025	2.99629	-2.1023	-0.384602	210.721	
2.49771	0.025	0.380006	21.0171	-8.94855	203.073	
14.9801	0.025	0.135401	1.76198	-18.0921	225.358	
0.818513	0.025	1.16438	-55.2371	2.40849	229.65	
7.73046	0.025	0.180641	-30.6688	3.80408	206.009	
2.54883	0.025	0.373966	31.33	7.87528	206.991	
11.7734	0.025	0.148526	7.38133	-2.99339	225.701	
7.58978	0.025	0.182377	-5.00224	1.18946	225.699	
5.2745	0.025	0.224349	9.9125	14.8148	193.725	
0.730462	0.025	1.82107	-117.306	-8.41815	146.727	
3.94705	0.025	0.270909	-10.9432	0.980274	197.612	
0.727643	0.025	1.52059	123.032	20.6286	158.352	
1.08666	0.025	2.50364	-135.46	7.29469	193.638	
8.79035	0.025	0.169355	0.302013	-1.4913	171.693	
8.015	0.025	0.177317	4.3176	-3.11091	222.67	
0.998448	0.025	0.893808	-27.6553	3.44733	226.602	
6.3495	0.025	0.201029	2.04246	-13.0163	242.162	
4.81642	0.025	0.237481	2.52392	-8.8348	204.133	
1.54234	0.025	0.573531	50.2308	6.18601	214.838	
8.60436	0.025	0.171134	20.6348	7.91919	204.084	
5.71858	0.025	0.213644	48.5946	5.77523	209.303	
5.01352	0.025	0.231533	16.8597	6.31558	248.148	
1.0295	0.025	2.45329	29.1261	-1.18106	185.336	
0.752646	0.025	1.36602	51.0675	23.6298	237.701	
1.8474	0.025	0.48807	-10.6955	-9.5318	220.905	
2.246	0.025	0.413963	-36.7636	-26.0102	211.695	
0.991372	0.025	0.901284	-99.0498	2.06425	172.181	
1.44698	0.025	2.70742	-37.7292	14.9169	184.971	
9.02065	0.025	0.167255	-5.70128	-0.808207	226.593	
4.18714	0.025	0.260269	34.4951	-3.1812	229.731	
11.8289	0.025	0.148238	36.1842	-2.33443	213.94	
9.34912	0.025	0.164439	52.8433	-2.0265	172.217	
1.221	0.025	0.718717	-37.923	17.3419	185.258	
5.6916	0.025	0.214246	-2.92266	-18.0948	203.782	
0.752335	0.025	1.94872	-75.8931	8.09571	149.438	
5.35679	0.025	3.0939	-38.0434	-0.935085	152.53	
3.30935	0.025	3.0093	-17.1632	-11.9819	192.627	
8.86162	0.025	0.168693	9.68468	4.38026	225.928	
1.15722	0.025	0.759647	-2.65916	-24.6476	227.129	
1.00711	0.025	0.884881	3.72177	7.97576	212.043	
13.0785	0.025	0.142406	-7.77372	4.52171	233.51	
5.31245	0.025	0.223363	-14.8634	8.01376	186.598	
7.59102	0.025	0.182361	-14.5146	0.865698	216.912	
1.00211	0.025	0.890004	72.6916	-5.24221	213.057	
5.89633	0.025	3.10631	-22.1492	-9.14206	185.2	
5.94026	0.025	0.208904	-40.2185	-3.04041	186.362	
2.91046	0.025	2.9786	-29.5497	1.03952	182.018	
14.738	0.025	0.136192	-9.13936	9.31104	230.286	
14.0083	0.025	0.138743	-36.4739	-5.77574	244.76	
1.60659	0.025	2.76362	-64.6556	-5.04133	203.648	
7.06919	0.025	0.189405	30.0997	-5.78139	185.269	
0.992704	0.025	2.41626	-116.004	-17.0169	205.239	
1.20025	0.025	2.5847	-2.28904	-2.81402	150.618	
1.98151	0.025	2.85657	-35.7859	3.38128	197.271	
5.42785	0.025	0.220452	-11.1614	3.33915	161.203	
1.41983	0.025	0.619724	29.9359	-13.8957	209.864	
1.64001	0.025	0.542305	33.8084	-3.62511	215.74	
5.18481	0.025	0.226735	15.2515	-2.57471	173.891	
13.7952	0.025	0.139539	50.6487	-7.37285	222.452	
6.59867	0.025	0.196716	-27.0411	4.88272	200.899	
1.01739	0.025	2.44155	-62.314	3.66783	193.629	
3.27222	0.025	0.309359	26.4871	7.44866	183.173	
4.50246	0.025	3.06808	-8.69988	9.86674	143.716	
0.734231	0.025	1.46634	-71.7928	13.2423	233.341	
1.1761	0.025	0.746935	-25.9992	16.384	276.51	
9.45676	0.025	0.163559	7.92402	8.51835	265.049	
1.39422	0.025	2.68555	31.501	8.13439	223.541	
0.732177	0.025	1.83475	46.9371	-0.91973	146.564	
1.40288	0.025	2.68927	25.1355	-2.00633	175.634	
4.61471	0.025	0.2441	-15.8288	7.70668	196.764	
1.40552	0.025	0.625731	-32.8416	7.99132	226.94	
12.6468	0.025	0.14429	-24.5549	-0.726767	217.769	
10.5951	0.025	0.155348	74.7387	-5.6903	244.834	
7.88185	0.025	0.178842	12.8204	15.6654	205.242	
4.15254	0.025	3.0544	-9.14594	-10.9644	205.886	
6.54748	0.025	0.197575	42.753	1.28868	197.757	
9.02081	0.025	0.167253	1.79908	6.02526	233.452	
6.69548	0.025	0.195127	-1.99841	-2.67129	201.735	
3.72563	0.025	0.281959	52.4447	-7.06473	183.646	
2.73741	0.025	0.353715	-33.8526	-8.17761	176.633	
7.16501	0.025	0.188034	-22.1912	-8.29238	207.222	
4.78789	0.025	0.238383	-2.34222	-20.3281	198.162	
8.94472	0.025	0.167935	14.5826	-6.28463	190.616	
5.7372	0.025	0.213232	-3.40076	-1.72271	162.967	
2.09551	0.025	0.438401	-7.28346	-10.432	233.121	
1.58103	0.025	0.560641	-78.3441	1.44506	196.184	
3.58221	0.025	0.28986	8.00778	-7.25175	190.368	
1.6421	0.025	2.77444	-18.8373	17.5056	195.168	
2.5129	0.025	0.378184	13.9978	-14.1085	198.592	
1.89385	0.025	0.4777	20.7224	12.7563	238.835	
1.79141	0.025	0.501351	5.39554	-2.92058	194.016	
4.5765	0.025	0.24542	53.0644	1.58772	180.38	
0.834339	0.025	2.18591	2.47474	27.8721	253.251	
0.976898	0.025	2.39902	22.2188	-10.1096	233.732	
1.03928	0.025	0.853656	57.0461	-1.46626	180.1	
7.31375	0.025	0.185978	17.8382	3.24971	214.801	
1.06396	0.025	0.831554	-28.7004	-4.66259	171.987	
4.2247	0.025	0.258715	-24.9813	1.31782	217.289	
13.939	0.025	0.138999	-9.54219	-11.9879	222.411	
0.721891	0.025	1.71361	-24.7975	-6.71869	246.622	
5.99782	0.025	0.207731	-28.6212	-8.82919	202.6	
1.3942	0.025	0.63059	-32.4058	18.2172	243.79	
4.59578	0.025	0.244751	41.0801	4.7868	189.413	
2.9229	0.025	0.336434	-23.6715	10.4755	176.513	
0.749718	0.025	1.37931	41.248	15.9685	184.003	
9.78268	0.025	0.161012	-19.3965	14.0621	155.568	
6.10288	0.025	0.205647	14.4139	3.08381	189.628	
5.37415	0.025	0.221791	-43.738	-10.5957	182.324	
0.988677	0.025	0.904174	33.2923	-17.8309	183.849	
4.68444	0.025	0.241747	3.1577	19.5668	217.348	
6.61281	0.025	0.196481	14.9491	-1.88405	194.813	
11.6356	0.025	0.149252	-29.9452	-3.56477	234.04	
0.745968	0.025	1.39745	51.4558	-19.5143	264.842	
1.07239	0.025	0.824338	16.9693	-9.66786	231.535	
0.852151	0.025	1.09539	-50.099	12.3721	237.054	
0.73801	0.025	1.44154	29.9292	-1.07407	174.912	
1.17742	0.025	2.57006	29.4898	20.9315	238.365	
11.4125	0.025	0.150466	29.1496	-0.795457	235.822	
5.64526	0.025	0.215294	43.1698	11.9088	197.423	
4.67433	0.025	3.07404	15.3421	-17.5798	196.274	
0.727689	0.025	1.79599	34.5155	14.8623	193.788	
0.73877	0.025	1.43691	121.543	-18.3113	179.732	
2.04778	0.025	0.446951	25.7175	8.82194	212.498	
2.7322	0.025	0.354235	40.1777	-6.50013	171.071	
0.978783	0.025	2.40112	32.8425	13.4343	232.162	
4.70304	0.025	0.241131	22.4563	-2.93241	214.812	
4.97707	0.025	0.232597	31.3569	-18.6696	154.041	
6.51216	0.025	0.198176	8.45712	-2.56251	177.229	
7.77725	0.025	0.180077	-34.0467	8.09104	196.409	
8.31795	0.025	0.174029	12.0687	8.781	229.667	
6.56806	0.025	0.197228	-0.24434	2.48678	181.027	
4.44584	0.025	0.250109	-22.2404	4.30966	210.945	
12.7574	0.025	0.143796	-23.9098	-0.969267	255.525	
5.0018	0.025	0.231874	-6.71488	16.5328	213.738	
9.32617	0.025	0.164629	-5.28052	-3.85114	228.768	
3.08604	0.025	0.323005	64.4717	3.32654	221.316	
1.80858	0.025	0.497183	-31.1628	-14.7422	138.409	
12.9648	0.025	0.14289	-20.7644	-2.09706	264.235	
8.08191	0.025	0.176569	4.70934	-3.72833	200.686	
1.88196	0.025	0.480301	-68.1913	-7.39812	218.691	
2.55064	0.025	0.373756	22.6089	-11.7542	175.341	
10.1202	0.025	0.158549	-10.6982	7.72636	224.318	
2.86121	0.025	0.341924	46.0332	-16.9673	152.746	
2.00936	0.025	0.454152	-43.2365	-4.65924	182.562	
2.97563	0.025	0.331927	23.3764	-10.8749	235.095	
4.2399	0.025	0.258095	-39.3301	11.9793	178.24	
10.6035	0.025	0.155294	7.19502	7.44526	219.964	
9.94121	0.025	0.159834	9.08823	-2.5289	186.66	
1.40619	0.025	2.69068	-62.5891	-7.9662	189.796	
0.747918	0.025	1.38784	50.0461	7.16637	212.309	
15.9535	0.025	0.132462	17.154	-6.93445	211.215	
0.915656	0.025	0.993476	-27.7892	5.9583	226.852	
1.90248	0.025	2.84029	-18.3782	1.13445	174.469	
5.05704	0.025	0.230283	21.3511	-11.1829	197.006	
17.2741	0.025	0.129005	-3.36331	8.32418	244.907	
11.8887	0.025	0.147931	-3.16761	2.07416	243.19	
10.414	0.025	0.156534	-67.2823	13.2407	255.586	
6.82065	0.025	0.19314	-35.7796	13.3647	180.222	
7.44897	0.025	0.18418	20.514	5.83547	199.529	
4.23732	0.025	3.05793	-22.7356	-0.239991	211.631	
13.1632	0.025	0.142051	-27.8172	-2.34548	238.236	
6.96829	0.025	0.190889	-1.52454	-5.60644	222.552	
7.50146	0.025	0.1835	54.3213	-7.97097	201.049	
0.827315	0.025	2.17117	-72.9138	-2.55324	138.074	
2.30948	0.025	0.404664	-14.2955	-1.99015	207.339	
9.25218	0.025	0.165249	48.3593	11.1558	218.944	
4.6308	0.025	0.243551	-33.9377	8.43549	203.567	
1.26319	0.025	2.62162	60.7653	-26.6818	217.702	
6.88058	0.025	0.192214	48.145	9.50902	188.973	
9.67419	0.025	0.161841	-17.6446	-1.65682	199.674	
0.721933	0.025	1.71463	63.9809	-0.985738	193.764	
10.5933	0.025	0.15536	-44.6606	-2.4195	231.822	
3.26611	0.025	3.00634	68.554	3.85591	162.452	
1.89681	0.025	2.83907	7.21047	1.84521	211.149	
5.99039	0.025	0.207881	-18.1797	3.14187	167.781	
0.784229	0.025	2.06309	21.6666	-12.0245	127.219	
5.7639	0.025	0.212645	9.13552	1.50252	207.102	
7.9983	0.025	0.177505	-38.0305	5.79304	193.454	
0.72854	0.025	1.51196	-78.8109	11.4391	225.639	
2.06178	0.025	2.87172	14.1367	-8.1318	222.459	
0.721236	0.025	1.62241	-68.5856	37.2252	260.323	
10.6396	0.025	0.155063	20.161	-1.46839	212.012	
8.77908	0.025	0.169461	-12.9368	-11.774	191.321	
8.55161	0.025	0.171652	-27.6945	-12.0253	204.937	
6.25518	0.025	0.202752	9.96852	-6.60391	162.345	
6.16974	0.025	0.204359	71.9227	3.62844	204.392	
1.02974	0.025	0.862606	16.2252	-6.31773	238.002	
4.35932	0.025	0.253371	-49.2447	-4.72757	161.119	
5.96879	0.025	0.20832	21.0344	-17.4717	214.6	
13.2079	0.025	0.141865	21.8519	3.59862	208.105	
8.20363	0.025	0.175241	11.9819	10.1216	208.768	
9.65519	0.025	0.161988	-34.4705	4.47149	212.72	
5.50317	0.025	0.218619	6.47235	4.65632	192.703	
5.15858	0.025	0.227449	15.6737	2.59052	204.458	
7.54414	0.025	0.182954	21.3059	7.38532	166.743	
1.62877	0.025	0.545684	67.1726	-11.6582	154.726	
14.5396	0.025	0.13686	9.38828	-2.13765	232.532	
0.721945	0.025	1.60119	23.873	4.7699	206.791	
0.843165	0.025	2.2036	-24.0553	-8.63227	227.123	
7.70715	0.025	0.180924	-19.4032	-4.06442	197.726	
6.28153	0.025	0.202265	25.4447	-10.3467	181.625	
2.89888	0.025	2.97758	12.3045	9.33866	169.555	
2.47835	0.025	0.38236	28.8879	6.02502	189.593	
9.10165	0.025	0.166541	5.02244	10.7084	205.928	
0.773279	0.025	2.02867	34.7424	-14.6822	283.696	
1.4335	0.025	0.614113	31.3045	13.6627	183.407	
6.14103	0.025	0.204908	-4.04309	10.8624	173.07	
1.67221	0.025	0.532904	49.6456	0.273474	171.472	
0.835845	0.025	1.12713	17.4379	2.82431	216.079	
3.77204	0.025	0.279533	38.313	-9.90358	135.48	
0.953309	0.025	0.944569	-27.6085	0.149541	138.476	
11.6582	0.025	0.149132	-3.58912	3.40355	243.988	
1.46148	0.025	0.603011	69.6866	0.54411	187.463	
8.23405	0.025	0.174915	9.20613	-4.55665	194.178	
1.36928	0.025	0.641617	-38.0889	-0.900876	146.23	
2.42085	0.025	0.389588	27.7179	10.2606	249.024	
0.891723	0.025	1.02852	49.5572	12.4527	205.424	
6.32163	0.025	0.201533	25.7572	-14.5869	180.857	
2.14754	0.025	0.42954	-26.9835	-11.4711	215.247	
12.9531	0.025	0.142941	9.21618	3.43434	226.951	
0.755658	0.025	1.96308	-15.6061	7.79975	150.838	
11.7475	0.025	0.148661	-29.2436	1.15373	214.386	
7.10215	0.025	3.1272	3.49091	-0.861796	197.928	
4.09474	0.025	3.05191	-28.6426	-7.87764	183.859	
14.9377	0.025	0.135537	-35.3529	-0.628386	183.563	
6.64237	0.025	0.195993	33.3003	2.01014	191.186	
2.42803	0.025	0.388666	-11.001	-1.40814	144.245	
3.26018	0.025	0.310194	-20.3836	-1.21036	193.841	
0.940614	0.025	0.960305	16.6816	0.585819	217.067	
11.6909	0.025	0.148958	-24.5209	9.29943	240.335	
11.6471	0.025	0.149191	14.2222	8.97185	227.011	
12.4182	0.025	0.145341	-4.13814	5.08194	221.602	
3.52736	0.025	0.293055	31.1634	1.80471	166.18	
9.26433	0.025	0.165147	-23.8697	10.6767	210.669	
2.69326	0.025	2.95793	16.0767	9.02658	200.799	
2.81562	0.025	2.96999	-47.879	2.64946	218.871	
7.84781	0.025	0.179241	7.58212	-9.04415	198.243	
1.17401	0.025	0.748312	4.8633	11.8346	190.542	
2.09654	0.025	0.438221	47.3683	10.7816	158.121	
5.74904	0.025	0.212971	18.8676	2.25931	168.367	
6.53388	0.025	0.197805	-42.2299	-4.82978	211.535	
8.74516	0.025	0.16978	48.594	-3.22912	204.44	
0.782925	0.025	1.25694	-58.2403	-26.8102	233.317	
8.07485	0.025	0.176648	1.62749	-1.05226	216.092	
2.63253	0.025	0.364605	-9.34792	17.3287	179.487	
7.02719	0.025	0.190017	34.2116	12.7794	221.361	
7.77676	0.025	0.180083	-19.4617	17.036	207.321	
0.891209	0.025	2.28681	27.0492	-18.5835	141.241	
6.39552	0.025	3.11592	29.1226	7.57394	161.574	
11.6786	0.025	0.149024	-24.5625	9.50322	216.509	
2.65735	0.025	2.95418	0.845639	1.48439	146.868	
8.99014	0.025	0.167527	83.7379	2.72093	210.836	
4.49497	0.025	0.248314	16.4885	3.76529	188.211	
8.50037	0.025	0.172162	13.8901	-2.76298	220.927	
0.926766	0.025	2.33781	24.4029	12.7349	271.579	
10.2708	0.025	0.157502	20.2967	-6.11265	210.467	
0.766619	0.025	1.31049	-44.6636	5.66045	224.51	
2.48921	0.025	0.381034	-1.76047	1.85773	172.541	
7.20118	0.025	0.187526	-40.8291	6.09254	169.923	
2.47433	0.025	0.382854	-14.3448	-11.3851	216.192	
2.06272	0.025	0.44423	-41.9858	0.884819	178.037	
10.0122	0.025	0.159319	-23.1261	-1.44098	190.375	
7.84584	0.025	0.179264	-5.35252	6.208	182.757	
0.736183	0.025	1.45313	102.671	5.00354	226.842	
5.3109	0.025	0.223403	4.91437	8.33417	124.122	
9.81181	0.025	0.160793	-5.33278	8.47198	258.656	
8.74135	0.025	0.169816	32.3982	7.9193	203.922	
6.13941	0.025	0.20494	-28.3602	0.0218536	190.195	
0.834299	0.025	1.13029	-9.60183	-6.50378	204.717	
5.49283	0.025	0.218868	-15.4205	5.73631	187.993	
5.61606	0.025	0.215964	39.6639	13.7785	195.395	
4.38261	0.025	0.25248	45.421	-0.907314	158.23	
7.93348	0.025	0.178245	-38.1348	0.774246	175.107	
1.50438	0.025	2.72921	-22.1697	-0.100683	236.567	
6.65406	0.025	0.195801	-36.4023	-4.03208	203.029	
9.12812	0.025	0.166311	-4.76953	-7.76716	223.398	
5.01502	0.025	0.23149	-9.23345	0.925824	202.515	
6.51731	0.025	0.198088	-20.3996	-6.57544	223.758	
7.88449	0.025	0.178812	12.7294	14.4271	241.379	
10.4843	0.025	0.156069	16.9401	3.89117	214.282	
8.54111	0.025	0.171756	13.3203	-4.79962	171.244	
4.53012	0.025	0.247053	-2.56033	-11.2059	206.699	
9.7919	0.025	0.160943	-4.24275	5.6894	240.97	
6.28352	0.025	0.202229	-19.7684	0.0173823	205.452	
1.96815	0.025	0.462211	-52.3626	-14.6166	174.245	
3.32917	0.025	0.305498	40.4417	-10.537	196.333	
6.22646	0.025	0.203287	-7.89233	5.53097	177.12	
5.48666	0.025	0.219016	40.4312	-2.45912	176.957	
12.6967	0.025	0.144066	-34.5879	-4.21201	225.106	
4.71837	0.025	0.240627	7.87335	-5.61053	171.472	
7.66893	0.025	0.181392	63.4776	-11.8164	231.649	
4.90856	0.025	0.23464	6.6056	-0.877482	135.635	
4.41596	0.025	0.251221	40.1679	8.25642	215.115	
6.78922	0.025	0.193632	3.17974	-17.437	176.913	
3.41832	0.025	0.299718	-11.9234	-11.9562	144.709	
6.97027	0.025	0.190859	-11.8786	5.10424	215.281	
2.47745	0.025	2.93365	28.1987	-6.79364	202.085	
7.12348	0.025	0.188623	28.132	0.665563	224.337	
5.91419	0.025	0.209443	-51.232	-8.54856	163.525	
1.50241	0.025	0.587634	36.0078	-25.9498	239.652	
10.6506	0.025	0.154993	5.70656	8.96635	209.115	
2.9934	0.025	0.330445	-4.89038	-2.76516	181.136	
1.01829	0.025	2.44243	5.13093	11.3543	172.252	
14.3153	0.025	0.137638	28.479	-7.60944	254.638	
6.69588	0.025	0.195121	12.8404	-0.401444	220.621	
0.993201	0.025	0.899335	-70.7683	1.62956	218.509	
10.3719	0.025	0.156816	-22.8906	-3.15138	199.572	
0.729869	0.025	1.81606	-48.3152	17.8834	220.55	
12.5258	0.025	0.144842	5.71232	0.348837	201.738	
0.832703	0.025	2.18253	5.89292	-18.2062	70.1983	
0.802047	0.025	1.204	50.8731	-13.1837	109.67	
7.63943	0.025	0.181757	29.7833	1.56604	175.42	
10.3561	0.025	0.156922	-57.8807	8.4493	216.237	
10.6422	0.025	0.155047	24.1699	5.28617	201.284	
5.31046	0.025	3.09271	-28.0728	-5.5842	193.927	
4.01338	0.025	3.04829	-0.196523	16.0057	203.496	
4.7941	0.025	0.238185	49.0474	-8.23291	192.253	
12.1724	0.025	0.146515	8.31438	6.69166	242.203	
6.37114	0.025	0.200641	-24.1933	-1.25008	151.068	
7.11439	0.025	0.188753	-15.412	9.49997	198.441	
1.29697	0.025	0.67652	13.8737	-2.94356	219.301	
5.26366	0.025	0.224633	-84.5127	4.22303	190.479	
13.798	0.025	0.139528	10.3776	-0.358094	234.755	
4.56687	0.025	0.245757	22.1243	8.55316	199.04	
2.85888	0.025	2.97399	-57.801	0.569447	230.775	
10.0713	0.025	0.158895	15.0466	-5.29413	203.102	
5.49977	0.025	3.09742	-20.2282	17.2389	150.408	
3.79186	0.025	3.03761	34.7674	4.84784	200.522	
2.23695	0.025	2.90079	-20.29	1.92411	161.255	
4.74753	0.025	0.239678	3.12133	-2.75977	233.63	
5.05345	0.025	0.230385	16.2731	-23.5193	184.369	
8.25654	0.025	0.174676	29.2161	-5.44884	174.113	
11.7809	0.025	0.148487	-16.7161	8.53494	193.12	
0.885453	0.025	1.03831	9.84847	1.79369	167.133	
1.18346	0.025	0.742118	63.7538	17.9905	231.929	
1.6792	0.025	0.530916	-11.9152	-25.193	203.723	
11.7558	0.025	0.148617	-44.1983	4.87596	245.032	
16.3484	0.025	0.131369	-6.42765	-15.1472	237.805	
7.55661	0.025	0.182795	39.4642	-0.593268	215.998	
3.04655	0.025	2.99001	-16.9079	8.69108	189.486	
15.7209	0.025	0.133131	14.5951	-0.104813	230.318	
8.2134	0.025	0.175136	-5.57982	-1.76086	222.165	
7.9111	0.025	0.178503	-9.98068	1.34501	228.412	
7.07776	0.025	0.18928	-16.4776	-3.08185	204.001	
2.68968	0.025	0.358561	4.44052	0.743702	157.113	
0.819274	0.025	2.15347	-0.616191	5.84742	183.965	
0.909718	0.025	1.00185	110.745	13.4359	123.282	
8.4043	0.025	0.173135	56.865	3.33902	232.436	
15.0677	0.025	0.135121	30.6308	-2.45819	224.317	
8.29107	0.025	0.174311	-9.1661	6.14789	193.232	
3.65332	0.025	3.03026	-22.7247	3.48705	197.12	
2.46736	0.025	0.383715	-41.4311	-17.7036	188.94	
11.9746	0.025	0.147495	11.993	-1.73577	205.957	
6.42323	0.025	0.199718	12.602	-0.83203	194.063	
2.56383	0.025	2.94388	-42.1615	-1.94805	198.093	
2.24897	0.025	2.90261	-16.6714	-8.95768	194.157	
6.09273	0.025	0.205845	12.9344	-2.0116	161.332	
4.01206	0.025	0.2679	33.1378	3.85166	190.176	
13.3133	0.025	0.141433	8.36168	6.48736	197.287	
9.13763	0.025	0.166229	-0.683153	17.9468	208.103	
7.94834	0.025	0.178074	5.45631	-4.43893	174.551	
3.87399	0.025	3.04171	7.53992	-8.9185	192.523	
1.19174	0.025	0.736799	104.175	1.86898	221.757	
4.78345	0.025	0.238524	-3.77219	-13.0951	185.629	
6.94894	0.025	0.191178	-21.7348	1.46154	174.186	
2.27419	0.025	2.90636	-7.26987	-2.98792	151.524	
0.875967	0.025	2.26247	47.6695	5.41059	189.809	
4.90532	0.025	0.234738	11.4739	9.32542	169.668	
6.45284	0.025	0.199199	-4.27972	0.143673	192.092	
12.4428	0.025	0.145226	16.148	-9.98804	208.819	
14.0203	0.025	0.138699	-20.9667	2.62071	249.467	
1.11023	0.025	0.79382	101.902	25.0643	212.168	
0.878627	0.025	2.26684	-13.7636	-0.919207	271.265	
3.26246	0.025	3.00609	-69.257	6.06414	195.196	
4.88935	0.025	0.235224	3.11753	0.0410078	183.562	
3.94511	0.025	0.271	-30.1019	-14.9508	187.906	
8.9757	0.025	0.167656	-9.21263	7.5972	215.421	
5.17331	0.025	0.227048	-67.6254	9.32856	172.339	
9.73586	0.025	0.161368	-15.069	0.841636	235.101	
1.28938	0.025	0.68046	-136.253	-9.72649	190.098	
17.6024	0.025	0.128226	4.90217	4.76446	238.957	
4.99987	0.025	0.23193	9.38253	4.31708	201.427	
2.03957	0.025	2.86766	-30.8508	-0.598192	208.891	
6.03257	0.025	0.207034	-63.4283	-6.44609	184.737	
1.30418	0.025	0.672829	80.8976	15.806	228.431	
20.3182	0.025	0.122748	-11.0322	5.38039	232.359	
11.6451	0.025	0.149201	-39.0556	-4.71292	249.236	
0.966233	0.025	2.38687	-55.5252	-11.8594	245.537	
7.46833	0.025	0.183928	47.3822	7.28616	177.095	
11.2022	0.025	0.151653	9.47744	-0.114234	221.432	
1.42099	0.025	0.61924	-7.05053	5.22823	199.077	
9.83683	0.025	0.160606	6.47233	4.5038	207.145	
4.20946	0.025	3.05678	-38.9817	-12.6198	161.324	
5.27305	0.025	0.224387	40.8633	-7.15005	222.801	
4.80002	0.025	3.07813	-51.1443	0.165203	161.36	
1.96545	0.025	2.85337	3.48169	7.79888	187.573	
0.737416	0.025	1.87089	-0.83869	10.9695	242.415	
4.67518	0.025	0.242055	-7.15987	-17.5084	187.927	
3.71441	0.025	0.282554	-51.861	-3.72655	149.077	
5.7155	0.025	0.213713	-60.8112	-1.72444	177.933	
1.5575	0.025	2.74773	37.2274	-0.11851	225.479	
1.78951	0.025	0.501817	-82.3924	-5.57044	194.577	
2.76474	0.025	2.96511	-3.45422	-1.14832	192.303	
12.0689	0.025	0.147024	-16.2935	-5.34628	232.27	
1.65527	0.025	0.537798	64.0245	4.83382	205.34	
6.77065	0.025	0.193925	-9.63103	15.5602	188.55	
8.96343	0.025	0.167767	38.9201	-2.28847	205.895	
3.64411	0.025	0.286372	66.0415	-1.91035	190.351	
6.76549	0.025	0.194006	28.138	9.66794	184.167	
13.4392	0.025	0.140925	-3.14462	5.0701	239.649	
1.67845	0.025	0.531129	37.0853	-3.76816	185.379	
11.055	0.025	0.152512	-15.2659	-4.87005	204.593	
12.5131	0.025	0.1449	27.4311	13.5668	242.625	
5.95807	0.025	0.208539	-14.0495	-4.4632	173.663	
4.87762	0.025	0.235582	-25.0728	16.3985	161.622	
3.29174	0.025	3.0081	-42.2504	1.88081	140.999	
3.60532	0.025	0.288544	-49.0327	-6.40266	158.039	
14.1955	0.025	0.138064	23.9975	2.07	207.722	
9.2276	0.025	0.165457	-26.4913	0.599169	219.993	
10.155	0.025	0.158304	51.3546	-5.7885	197.19	
3.01464	0.025	0.328698	28.0267	4.64459	180.936	
9.77424	0.025	0.161076	-1.26085	5.92965	218.102	
2.03829	0.025	2.86742	-34.0487	6.76861	179.138	
0.807399	0.025	1.1906	76.5825	-14.6363	133.05	
1.28981	0.025	0.680234	-99.0686	7.99451	229.791	
8.13994	0.025	0.175931	2.1848	5.68425	180.446	
0.834192	0.025	2.18561	3.21123	11.8297	247.274	
4.67945	0.025	0.241912	14.2846	4.29935	178.316	
5.16756	0.025	0.227204	34.9863	-2.14346	159.604	
11.3966	0.025	0.150554	-19.1044	5.68463	253.635	
8.80651	0.025	0.169204	-42.6454	11.9528	187.648	
6.47837	0.025	0.198756	-5.91456	-5.42997	210.621	
6.07106	0.025	0.206271	24.6476	-12.0585	190.028	
2.49344	0.025	0.380521	-51.6491	3.45739	152.82	
0.797898	0.025	2.10135	-53.1786	4.1088	207.389	
3.04218	0.025	2.98966	20.6295	12.3403	216.715	
5.22774	0.025	0.225583	19.301	1.0411	197.302	
9.09951	0.025	0.16656	18.6053	-3.75786	189.966	
7.59913	0.025	0.182259	-0.143906	-7.39227	215.723	
2.08726	0.025	0.439849	15.5019	13.0343	203.957	
4.91332	0.025	0.234497	-12.6807	-0.871378	179.99	
5.96202	0.025	3.10767	4.85056	8.69381	162.101	
14.9125	0.025	0.135619	-17.268	0.349042	235.152	
5.07045	0.025	0.229902	4.37204	8.85565	182.755	
1.19418	0.025	0.735243	0.23125	9.824	169.297	
11.0334	0.025	0.15264	-29.1291	-0.915481	224.9	
4.80413	0.025	0.237868	-19.1074	4.99574	209.275	
2.62946	0.025	0.364937	5.48453	5.4278	240.666	
6.45019	0.025	0.199246	-13.4719	-3.4281	173.772	
11.3297	0.025	0.150928	16.493	3.59372	251.684	
4.20451	0.025	0.259547	36.3769	2.15231	166.052	
9.91888	0.025	0.159998	-3.02787	-3.68034	228.75	
4.74399	0.025	0.239792	-8.63431	5.5782	223.961	
10.2104	0.025	0.157918	-3.60539	-11.237	222.97	
6.70974	0.025	0.194897	-20.8749	-7.08527	205.176	
1.1192	0.025	2.52913	-3.02372	-13.7588	209.883	
0.878523	0.025	1.04945	-8.62989	12.6086	211.425	
7.57375	0.025	0.182579	-4.49025	3.1977	171.187	
1.04425	0.025	0.849079	-27.7723	-28.8174	218.789	
11.0348	0.025	0.152631	3.34827	-15.3223	251.517	
1.39343	0.025	0.630921	-17.1122	-7.59073	162.813	
6.82766	0.025	0.193031	-28.7361	12.0974	205.81	
6.07992	0.025	0.206097	30.9743	-1.04459	146.593	
9.06976	0.025	0.166821	-4.50987	2.89691	198.718	
9.19138	0.025	0.165766	-28.3507	10.1631	198.538	
1.60746	0.025	0.552236	-12.4051	-5.24714	211.21	
1.2564	0.025	0.698264	34.8743	11.4518	157.893	
7.87147	0.025	0.178963	-21.0817	8.19287	195.785	
13.0983	0.025	0.142323	-12.8701	10.1331	219.07	
4.77266	0.025	0.238869	1.03699	2.52023	98.0303	
5.22667	0.025	0.225611	-9.35277	-1.48617	156.72	
11.7862	0.025	0.148459	-1.86218	-5.37529	179.159	
8.61095	0.025	0.171069	-6.57125	6.5016	223.096	
1.9863	0.025	2.85751	24.409	0.0601516	180.322	
11.4349	0.025	0.150342	-22.2217	-1.78074	229.688	
4.28886	0.025	0.256126	-59.6592	-3.4835	182.827	
1.18814	0.025	2.57703	-54.527	11.0269	221.25	
9.99255	0.025	0.159461	31.8247	-4.3816	221.854	
3.24275	0.025	0.311412	15.4702	6.12661	182.754	
2.84894	0.025	0.343045	12.6364	-4.06865	180.084	
8.84411	0.025	0.168855	-0.183379	6.96271	205.181	
0.935341	0.025	2.34907	-100.482	7.92024	177.084	
4.47693	0.025	0.248968	-23.2765	-19.1941	204.717	
3.22418	0.025	0.312726	0.47421	-7.85473	156.816	
13.7366	0.025	0.139762	-10.0268	2.90805	211.384	
2.30514	0.025	0.405282	21.0156	-6.9709	183.62	
0.774522	0.025	1.28334	61.7387	-0.545647	253.666	
12.208	0.025	0.146342	9.91804	15.2678	184.839	
7.54564	0.025	0.182935	-13.187	0.904096	197.88	
10.1606	0.025	0.158265	14.2539	2.19091	205.578	
5.92201	0.025	0.209281	-29.2061	2.63137	210.43	
4.5894	0.025	0.244972	-20.0174	-8.72516	180.186	
4.38999	0.025	0.2522	-29.5762	14.6471	133.316	
0.847148	0.025	2.2113	43.1677	-28.2263	248.243	
12.7348	0.025	0.143896	-10.3638	-4.44274	219.797	
0.726836	0.025	1.52886	-69.3459	0.525775	132.418	
8.54926	0.025	0.171675	-3.75023	-1.96951	201.733	
4.62022	0.025	0.243911	-12.2173	5.19822	194.05	
6.5224	0.025	0.198001	20.461	-5.99756	181.791	
1.00586	0.025	2.42998	88.8786	-0.141044	206.484	
3.22994	0.025	3.00381	0.862074	3.20981	216.483	
7.67666	0.025	0.181297	8.54632	6.18768	168.725	
5.75705	0.025	0.212795	-44.3771	-0.796282	201.625	
2.38139	0.025	0.394761	-36.9917	17.7124	247.844	
1.56796	0.025	0.564914	-25.7023	-5.33674	245.414	
5.25959	0.025	0.22474	9.19395	-11.2755	144.877	
3.23111	0.025	3.00389	25.042	-3.00809	233.15	
5.40747	0.025	0.220957	-38.2234	8.51182	179.571	
2.23921	0.025	0.414991	-3.66708	12.1465	185.874	
8.36778	0.025	0.173511	22.7699	4.36399	224.056	
2.6448	0.025	2.95284	27.9452	-4.83276	164.945	
11.0816	0.025	0.152355	-2.66445	5.45427	223.303	
6.05857	0.025	0.206517	-5.13854	0.0736111	176.985	
12.4555	0.025	0.145167	33.9464	1.75656	203.564	
2.78548	0.025	2.96712	-37.2108	5.47672	188.671	
1.51773	0.025	2.734	2.40644	-13.7776	220.492	
13.7571	0.025	0.139684	-25.7477	-1.63654	220.54	
3.27501	0.025	0.309167	14.3439	-7.02338	228.456	
5.39411	0.025	0.221291	2.29987	5.12379	179.7	
1.95298	0.025	0.465271	23.2727	9.98387	234.552	
3.94281	0.025	0.271108	32.3385	0.568543	177.091	
11.4689	0.025	0.150154	-16.8686	4.85649	221.413	
3.088	0.025	2.99327	23.7772	-8.99632	186.785	
3.62681	0.025	0.287335	1.80224	7.63559	183.31	
9.558	0.025	0.162749	-0.142172	2.75365	248.449	
8.05519	0.025	0.176866	-2.0208	0.687796	238.223	
2.04419	0.025	0.447612	16.3808	-18.3136	209.936	
5.47551	0.025	0.219286	15.8354	3.23656	172.715	
9.26414	0.025	0.165148	-29.8105	4.60226	214.44	
9.57172	0.025	0.162641	35.7877	9.09599	207.216	
0.901714	0.025	2.30266	-8.55824	1.02953	199.898	
7.77529	0.025	0.180101	16.0729	-1.83583	178.576	
6.17787	0.025	0.204204	-9.75615	8.82028	202.272	
1.06835	0.025	0.827773	90.4815	-36.3592	253.211	
3.19137	0.025	0.315084	-59.5914	7.10368	175.288	
1.06554	0.025	2.48594	77.1084	18.6142	161.424	
1.19517	0.025	0.734621	-66.0996	-0.575047	202.028	
7.28547	0.025	0.186362	-18.1813	5.48466	187.305	
2.10006	0.025	0.437607	43.7712	-2.815	168.55	
4.87255	0.025	0.235737	-15.8836	5.62057	154.741	
7.71153	0.025	0.180871	-56.5077	3.98445	190.349	
2.86628	0.025	0.341463	-7.59986	9.11095	190.964	
0.827968	0.025	2.17256	-6.94105	9.49409	192.121	
1.64784	0.025	0.53998	-9.56356	4.45336	186.805	
8.95375	0.025	0.167854	18.3311	-13.8552	194.182	
13.5965	0.025	0.140303	12.4403	1.62098	244.11	
13.4197	0.025	0.141003	5.23371	10.8005	210.579	
1.9189	0.025	0.472332	24.5339	-0.657862	216.734	
2.89459	0.025	2.9772	15.2844	-6.30175	163.6	
1.09788	0.025	0.803457	8.29556	8.6754	159.385	
15.0372	0.025	0.135218	-2.54521	-3.14606	210.511	
0.722136	0.025	1.71939	-18.4928	-18.4909	247.987	
2.92254	0.025	2.97966	-19.0079	-10.476	198.767	
7.91654	0.025	0.17844	5.72684	4.06823	187.34	
2.27666	0.025	0.409403	65.3562	-4.92923	214.028	
8.95572	0.025	0.167836	-5.65311	-2.19498	169.717	
0.820085	0.025	1.16083	41.9805	-16.2141	171.423	
4.90735	0.025	0.234677	-31.2222	0.933818	179.274	
13.0977	0.025	0.142325	-7.35945	4.04654	215.272	
9.05638	0.025	0.166939	31.4784	-4.18713	202.072	
10.6681	0.025	0.154882	-1.94837	9.70471	243.009	
3.16674	0.025	0.316888	3.38583	6.29414	208.805	
1.42394	0.025	2.6981	65.6488	-0.705495	206.114	
10.2207	0.025	0.157846	-34.6918	-14.1273	225.981	
0.735537	0.025	1.85872	-22.227	-17.4615	240.55	
9.41067	0.025	0.163933	-28.6493	1.31403	216.466	
1.51147	0.025	2.73177	62.0418	5.75031	188.866	
1.16163	0.025	2.55949	18.5352	6.56412	166.902	
1.5453	0.025	0.57252	55.1933	-11.2008	205.341	
3.41622	0.025	0.299851	-16.4664	8.66404	174.861	
8.20422	0.025	0.175234	-21.9986	-9.62933	173.993	
15.251	0.025	0.134545	10.2849	-9.0496	234.9	
3.05893	0.025	0.325134	53.5508	-8.23427	182.817	
1.0822	0.025	0.816138	-59.5732	7.09022	233.725	
3.76362	0.025	0.279969	3.52821	5.10126	165.716	
1.09635	0.025	2.51145	99.5258	9.91349	191.841	
0.811169	0.025	1.18148	-21.9318	17.9904	242.625	
6.84453	0.025	0.192769	-2.45006	9.45856	215.863	
0.813248	0.025	1.17655	41.6037	-4.62061	239.741	
0.838046	0.025	2.19345	-80.5472	-13.1106	180.033	
2.91153	0.025	0.337427	35.2834	-11.5939	227.278	
4.98846	0.025	0.232263	-43.5025	-17.4934	171.885	
4.19878	0.025	0.259785	17.2353	-11.1841	174.171	
8.53157	0.025	0.171851	-74.8544	6.76183	203.45	
6.66958	0.025	0.195547	18.1005	3.31191	197.167	
0.85152	0.025	2.21956	-55.1169	1.4065	189.88	
12.358	0.025	0.145624	-65.5605	0.0295113	210.436	
2.16133	0.025	2.88886	18.4153	5.77176	179.955	
8.44984	0.025	0.172671	-34.1188	-1.34263	214.138	
0.732837	0.025	1.4764	32.6588	-23.1337	248.91	
3.49847	0.025	0.294779	23.3697	-13.1931	232.482	
10.848	0.025	0.153759	5.52319	9.07231	210.21	
11.3015	0.025	0.151087	-19.7701	1.50945	212.393	
12.0211	0.025	0.147262	17.6498	7.11907	196.087	
1.68744	0.025	2.78753	-49.6788	9.48743	156.222	
8.27917	0.025	0.174436	0.827417	4.67508	216.462	
5.18444	0.025	0.226745	-13.6115	-9.88619	157.26	
4.11057	0.025	0.263525	38.006	1.19244	222.406	
6.40278	0.025	0.200078	-13.7151	3.64337	209.549	
3.75559	0.025	3.03574	-68.8849	-2.5701	173.055	
3.70186	0.025	0.283225	-43.0155	-16.6063	190.593	
13.1823	0.025	0.141971	-30.0442	0.418154	191.296	
6.32963	0.025	0.201388	25.6105	7.90383	238.835	
0.760166	0.025	1.98138	-107.454	-4.89892	234.85	
0.857808	0.025	1.08502	-99.9183	4.58429	243.119	
2.52223	0.025	0.377077	-41.4551	1.57216	190.897	
7.21647	0.025	0.187313	-8.03306	2.19864	194.169	
5.52558	0.025	0.218083	31.0701	17.1744	240.84	
13.7906	0.025	0.139556	-0.594153	1.52292	231.498	
4.18855	0.025	0.26021	6.64565	-1.37079	166.529	
6.37232	0.025	0.20062	54.2184	-7.6884	204.725	
4.73858	0.025	0.239968	27.7557	1.59733	208.307	
1.32394	0.025	2.65316	-96.9353	2.17653	252.451	
8.05494	0.025	0.176869	-10.6996	-8.23255	228.901	
1.69819	0.025	0.525609	6.9502	-6.98002	195.998	
4.58761	0.025	3.07109	-1.01071	-6.19412	207.643	
1.72692	0.025	0.517825	62.8393	-22.2918	206.145	
6.45498	0.025	3.11696	14.3075	3.65252	208.443	
1.51834	0.025	0.581905	47.3119	4.07403	222.745	
8.12823	0.025	0.176059	-12.1918	-0.639928	208.091	
4.69327	0.025	0.241454	48.6157	-1.83519	201.153	
5.26256	0.025	0.224662	11.1716	3.13647	191.295	
5.53167	0.025	0.217938	-1.88795	-1.90307	182.132	
9.11007	0.025	0.166468	-3.60353	9.13299	195.021	
0.759491	0.025	1.3374	-79.8543	3.74282	195.509	
3.45295	0.025	0.297555	13.1475	-8.00512	210.995	
10.4779	0.025	0.156111	-11.5309	-1.68403	185.857	
15.7481	0.025	0.133052	24.9833	5.08824	221.1	
2.04157	0.025	2.86803	28.0612	-7.92657	154.405	
6.77203	0.025	0.193903	-24.2964	6.56927	214.303	
1.99489	0.025	0.456941	-8.99595	-5.72747	147.664	
9.63603	0.025	0.162137	-20.758	1.15731	197.079	
3.23124	0.025	3.0039	-54.0775	-14.6883	180.595	
5.60421	0.025	0.216237	18.5198	2.68779	185.015	
5.40746	0.025	0.220958	-37.4373	4.56724	207.971	
3.53468	0.025	0.292623	18.5738	-4.40557	218.228	
8.92067	0.025	0.168153	-61.7903	10.6145	235.272	
9.45767	0.025	0.163551	12.513	-1.43169	210.419	
1.59744	0.025	2.76074	45.7391	1.15239	155.636	
4.86899	0.025	0.235847	34.0905	-1.64343	187.754	
5.66674	0.025	0.214807	1.85703	-6.17909	192.283	
0.795005	0.025	1.2225	82.1691	28.5652	191.059	
1.57704	0.025	0.561935	-23.44	-12.8498	242.182	
9.7677	0.025	0.161126	22.2344	-0.765871	181.115	
6.12486	0.025	0.205221	-0.301318	8.19648	207.842	
3.93796	0.025	0.271338	42.7555	-4.45838	187.044	
19.1014	0.025	0.12501	54.0953	-7.98599	249.149	
3.14964	0.025	0.318157	39.9691	9.42304	198.558	
5.03162	0.025	0.231011	-39.6621	-4.83272	157.439	
8.28696	0.025	0.174354	60.3835	1.54335	207.342	
2.1736	0.025	0.425271	51.6554	-2.86863	217.506	
2.57003	0.025	0.371535	-10.6564	23.771	164.949	
0.85415	0.025	1.09169	0.235779	18.1164	205.607	
3.76964	0.025	3.03647	34.4551	-11.3528	199.56	
10.5559	0.025	0.155602	-13.8867	-3.60779	221.128	
18.8974	0.025	0.125417	-15.9913	-2.41596	269.874	
4.02465	0.025	0.267329	-71.1368	8.81882	162.865	
14.8198	0.025	0.135922	-18.0659	-9.67481	229.604	
5.38417	0.025	0.221539	-26.5764	2.15865	207.054	
2.75571	0.025	0.351902	0.935162	-14.2496	180.95	
6.821	0.025	0.193134	-21.5831	0.883935	196.818	
7.84936	0.025	0.179222	37.545	2.29807	196.832	
6.40836	0.025	0.19998	8.21595	-25.673	178.02	
12.5873	0.025	0.14456	42.2173	-1.87792	238.375	
5.92813	0.025	0.209154	-9.21394	-2.28205	231.783	
1.67222	0.025	0.532901	32.6553	19.8812	243.349	
1.9443	0.025	0.467043	-35.4197	8.70025	166.986	
1.26415	0.025	0.693978	17.5935	20.7569	163.186	
7.09768	0.025	0.188993	-15.9476	-9.43595	169.121	
0.730717	0.025	1.82319	-91.1356	-1.11108	174.037	
8.43298	0.025	0.172842	-3.26713	-20.4147	195.402	
0.987296	0.025	2.41046	104.581	-30.5935	248.16	
4.19934	0.025	3.05636	25.9102	9.09048	207.852	
4.91442	0.025	0.234463	5.38245	2.46699	156.322	
3.86041	0.025	0.275079	-2.27535	5.00458	195.368	
2.66356	0.025	0.36129	55.0562	5.35281	229.521	
3.76248	0.025	0.280028	51.131	-1.46609	222.087	
7.40946	0.025	0.184699	-17.475	3.15037	195.713	
22.3077	0.025	0.119583	17.1277	3.17133	243.421	
6.25642	0.025	0.202729	-19.5513	8.38928	205.954	
2.57784	0.025	0.370649	36.461	0.965605	175.144	
5.28283	0.025	0.224131	-78.7153	-3.91238	175.677	
8.52406	0.025	0.171926	-2.29171	-10.0762	181.114	
3.07627	0.025	2.99236	13.7483	17.4628	143.112	
2.21541	0.025	0.418645	82.9943	-19.65	160.685	
9.94355	0.025	0.159817	7.76381	15.5528	230.775	
7.84739	0.025	0.179245	-31.2243	-8.57171	208.193	
9.38872	0.025	0.164113	72.4711	5.58909	196.544	
1.17464	0.025	0.747898	-11.7157	12.2303	195.768	
1.71954	0.025	2.79633	-51.0853	-15.4535	219.37	
11.6904	0.025	0.148961	20.4969	-3.99045	197.371	
1.92285	0.025	0.471499	-96.1436	4.30535	172.521	
7.91311	0.025	0.178479	21.3289	4.20624	191.134	
2.25468	0.025	0.412658	-25.5889	2.4828	211.162	
3.90074	0.025	0.273114	21.3525	12.4074	159.83	
6.32942	0.025	0.201391	-18.4121	6.09405	199.266	
3.43419	0.025	0.298722	28.2247	9.11861	179.211	
2.79146	0.025	2.96769	-48.3501	6.25004	187.689	
4.32146	0.025	0.25484	-14.2171	9.96651	207.497	
7.02	0.025	0.190123	-16.7874	-8.58316	209.724	
5.37089	0.025	0.221873	-29.1255	-15.909	169.363	
5.72852	0.025	0.213424	5.05254	-9.25631	200.202	
5.59972	0.025	0.216341	-25.2864	-3.536	210.209	
5.70543	0.025	0.213937	10.379	2.83198	194.866	
7.63181	0.025	0.181851	24.4531	4.1279	189.9	
15.6723	0.025	0.133273	2.18706	9.80597	230.587	
2.56158	0.025	0.372498	65.2641	-0.183503	206.948	
2.48706	0.025	0.381296	-7.55536	8.61313	186.649	
3.432	0.025	3.01727	-36.163	3.57669	197.949	
12.6624	0.025	0.14422	72.675	-0.454776	205.706	
6.1717	0.025	0.204321	-2.90234	15.6415	206.246	
3.44173	0.025	3.01787	-22.3855	-4.07997	180.386	
1.82758	0.025	0.492671	7.21943	-10.9148	219.66	
11.4017	0.025	0.150526	-18.0595	9.86925	206.326	
9.29404	0.025	0.164897	-82.9699	-2.08543	165.408	
8.20977	0.025	0.175175	2.76204	12.9856	218.016	
7.91923	0.025	0.178409	-4.35451	6.78011	226.422	
0.720858	0.025	1.67295	104.287	7.13535	263.5	
6.21537	0.025	0.203495	-1.25267	-4.59404	172.502	
15.4442	0.025	0.133953	25.2008	-0.794956	229.144	
5.83835	0.025	0.211038	-18.6496	-3.4373	146.407	
9.27498	0.025	0.165057	33.0446	6.17647	195.319	
7.83804	0.025	0.179356	10.5073	-0.977795	190.328	
1.54099	0.025	0.573995	0.538389	12.3296	168.552	
5.86503	0.025	0.210472	-34.5431	-6.6187	200.08	
6.11096	0.025	0.20549	41.7976	-6.51005	191.841	
6.55847	0.025	0.197389	2.10882	-14.24	222.437	
9.46267	0.025	0.163511	-5.00885	4.45633	227.871	
4.06006	0.025	0.265741	39.0294	-7.53159	202.236	
4.1124	0.025	3.05268	-4.97551	6.33525	228.807	
3.39458	0.025	0.301227	-41.7857	-6.21483	199.963	
5.37867	0.025	3.09445	-78.0906	-7.14577	200.039	
6.64726	0.025	0.195912	-4.91712	11.051	233.558	
0.889538	0.025	2.28422	-28.2414	3.30121	211.457	
4.79854	0.025	0.238045	13.734	-5.60614	228.19	
4.92652	0.025	0.234099	-44.4928	-16.6403	193.727	
7.47919	0.025	0.183787	31.8088	6.5762	219.792	
7.88308	0.025	0.178828	-20.4553	1.43822	215.863	
2.93338	0.025	0.335525	6.86254	-8.41823	217.608	
4.91957	0.025	0.234308	-45.659	6.21891	172.034	
6.01658	0.025	0.207353	-64.1535	-20.0649	174.545	
1.01953	0.025	0.872472	-0.50349	10.96	187.249	
11.2705	0.025	0.151263	-46.9805	2.85752	219.619	
3.96227	0.025	0.270195	12.7521	9.09358	183.58	
1.55486	0.025	0.569281	-20.9084	4.00919	123.924	
1.50122	0.025	0.588067	-22.1658	-4.84641	223.608	
7.54137	0.025	0.182989	-52.0202	6.74413	188.418	
3.46648	0.025	3.0194	0.463444	11.6547	174.858	
10.0891	0.025	0.158769	6.12268	-10.0677	182.321	
6.99808	0.025	0.190446	-23.9702	0.330256	200.209	
5.40895	0.025	0.220921	63.1528	-2.69556	197.367	
14.2729	0.025	0.137788	0.272508	4.9881	235.244	
12.7279	0.025	0.143927	-8.45237	-16.0624	231.518	
11.2291	0.025	0.151499	50.634	10.8291	261.41	
5.59404	0.025	0.216473	32.8512	8.26795	186.752	
8.33351	0.025	0.173866	-17.8434	-5.87095	174.784	
5.74518	0.025	0.213056	14.5543	-5.26262	189.679	
13.2244	0.025	0.141797	26.5295	5.45641	264.21	
6.9115	0.025	0.191743	-21.4788	-0.213163	173.713	
0.744576	0.025	1.40456	46.2981	-0.111069	170.314	
1.52857	0.025	2.73783	6.93993	11.512	153.124	
9.25843	0.025	0.165196	21.4113	6.94868	183.076	
8.41579	0.025	0.173017	-23.4989	8.77122	194.571	
10.3968	0.025	0.156649	-64.489	-10.8404	197.223	
10.5106	0.025	0.155897	-17.3388	-13.3462	237.218	
3.60821	0.025	0.28838	63.894	2.3287	219.78	
1.77487	0.025	0.505451	-22.2902	-4.18265	208.721	
0.967439	0.025	0.927857	47.7106	-9.89467	258.834	
0.814366	0.025	2.1422	93.1955	-0.82304	102.755	
1.02739	0.025	2.45128	-14.9656	11.0456	201.748	
2.11459	0.025	0.435098	28.2865	-4.16146	215.666	
1.61398	0.025	2.76591	-14.9516	-1.52765	215.543	
2.27345	0.025	2.90625	32.38	-3.51397	204.154	
5.99656	0.025	0.207756	-24.5427	-9.80882	159.412	
18.9613	0.025	0.125289	-8.60083	7.7564	212.474	
6.07709	0.025	0.206152	16.3337	13.8976	164.893	
1.09749	0.025	2.51236	29.1088	12.0436	273.205	
1.4082	0.025	0.624597	15.9396	-25.6674	222.271	
4.65654	0.025	0.24268	-1.67377	-11.7749	187.15	
10.6438	0.025	0.155037	11.1488	-2.60051	251.853	
7.01326	0.025	0.190222	-7.85115	14.1967	218.651	
6.64761	0.025	0.195907	60.0742	-7.8782	194.345	
0.728765	0.025	1.50987	-7.42704	12.2163	256.578	
5.44507	0.025	0.220029	-5.9638	10.8427	166.008	
0.892997	0.025	2.28956	14.5886	5.61393	204.793	
1.70902	0.025	0.52264	91.9884	2.73018	163.58	
8.05091	0.025	0.176914	-33.0345	8.36956	233.345	
1.98587	0.025	2.85742	-4.25278	8.39724	177.522	
0.721645	0.025	1.60903	150.405	-15.0129	219.963	
8.7746	0.025	0.169503	-4.23465	-3.07119	235.145	
1.36298	0.025	0.644482	-37.5384	-10.0918	205.092	
6.6269	0.025	0.196248	-4.8279	-12.5885	203.748	
0.82407	0.025	1.15199	-12.8808	-22.9122	186.896	
8.58039	0.025	0.171369	-9.98234	-4.15223	206.447	
6.62267	0.025	0.196317	-33.2226	-5.6956	213.897	
10.2199	0.025	0.157852	-23.288	1.71034	209.513	
0.726028	0.025	1.7784	9.28737	1.12497	161.755	
10.5436	0.025	0.155682	22.8289	-2.44121	184.001	
1.54743	0.025	2.74433	59.3073	-4.76399	217.96	
5.72974	0.025	0.213397	34.6376	9.21319	194.067	
4.60971	0.025	0.244272	0.958235	14.1513	192.169	
11.893	0.025	0.147909	16.9941	-0.427272	229.261	
6.79163	0.025	0.193594	0.623898	-12.0349	180.355	
3.0817	0.025	0.323343	-52.7289	-14.9735	229.774	
0.721345	0.025	1.69771	-78.4263	-24.0208	198.385	
2.05503	0.025	2.8705	54.3273	-1.52395	202.325	
1.1075	0.025	2.5202	-12.1327	-3.4397	223.834	
5.88002	0.025	3.10597	-31.1326	-3.16601	189.948	
1.25753	0.025	2.61849	-4.50641	7.48271	144.451	
11.3793	0.025	0.15065	43.1439	4.41926	224.072	
5.52586	0.025	0.218076	2.80176	-0.166693	195.21	
1.358	0.025	2.66936	-41.0101	-5.39884	212.075	
0.742654	0.025	1.41474	112.767	-6.46271	213.634	
1.31409	0.025	2.64829	-31.5911	-2.99821	199.531	
0.833857	0.025	1.1312	63.9692	21.6347	270.812	
3.54903	0.025	3.02435	61.9531	14.7388	157.939	
11.531	0.025	0.149815	30.4253	-4.21623	220.856	
1.03607	0.025	2.45949	-73.9015	9.57813	245.802	
11.006	0.025	0.152803	29.5171	-0.264588	228.155	
8.44829	0.025	0.172687	-48.7557	-5.06492	167.394	
10.2753	0.025	0.157471	-19.3249	-7.32683	252.859	
11.8285	0.025	0.14824	-3.04385	-0.672206	234.163	
10.4945	0.025	0.156002	-13.1637	5.96744	202.671	
2.21496	0.025	2.89741	-23.7334	8.57139	170.271	
10.0358	0.025	0.159149	18.8054	-2.25321	247.997	
1.39814	0.025	0.62889	-27.1429	9.75349	213.736	
6.0855	0.025	0.205987	0.436787	7.85621	168.911	
9.68349	0.025	0.161769	25.7218	-6.98175	215.419	
27.5027	0.025	0.113477	-21.4375	-0.874776	266.812	
3.91666	0.025	0.27235	-46.0847	0.447009	194.372	
5.62061	0.025	0.215859	17.6354	-4.00667	192.104	
9.24837	0.025	0.165281	-0.43946	1.94254	168.728	
0.79609	0.025	1.21958	-21.3369	7.993	133.692	
1.36442	0.025	2.6723	27.7719	1.31371	168.116	
9.85076	0.025	0.160502	-11.7169	-5.00009	210.187	
1.60647	0.025	0.552544	-55.8481	-13.902	193.301	
8.34491	0.025	0.173748	-23.4421	-2.05299	213.219	
7.0936	0.025	0.189052	14.2999	6.04625	210.279	
8.99178	0.025	0.167512	-16.2567	-6.72645	187.914	
2.71672	0.025	0.355794	-8.43686	-3.73059	182.462	
3.88898	0.025	0.273683	-14.7959	5.63884	204.16	
4.86415	0.025	0.235996	-32.4509	-14.9021	187.721	
1.54843	0.025	2.74467	-66.4323	-2.91704	221.793	
6.21255	0.025	0.203548	34.2706	7.45416	228.225	
2.63926	0.025	2.95225	-18.2966	-15.8582	180.374	
7.8379	0.025	0.179357	-78.3705	7.12534	223.458	
0.988485	0.025	2.41174	86.7834	11.4638	214.594	
0.908875	0.025	1.00306	-42.8872	-18.631	261.606	
5.98661	0.025	0.207958	-14.1936	-4.40831	184.565	
0.754043	0.025	1.9562	-17.7685	-8.19126	201.698	
10.0619	0.025	0.158962	-19.5474	6.15601	206.659	
7.15635	0.025	0.188156	15.7422	-4.55624	188.734	
2.40812	0.025	0.391238	36.6583	4.50013	222.884	
0.83908	0.025	2.19553	-52.4521	5.2413	234.961	
2.92295	0.025	0.33643	37.8743	2.39357	147.803	
7.24941	0.025	0.186857	-2.36114	9.29474	211.313	
11.0382	0.025	0.152611	-16.6516	1.5121	215.459	
6.24374	0.025	3.11316	5.23987	-2.58133	158.461	
2.11445	0.025	0.435122	56.4166	4.21742	190.168	
8.19136	0.025	0.175373	-28.226	-4.30165	175.316	
0.918958	0.025	2.32722	-66.0042	16.5259	183.709	
13.9922	0.025	0.138802	63.1255	10.7487	220.066	
5.42241	0.025	0.220587	-3.41847	5.31891	155.313	
13.3402	0.025	0.141323	-6.00291	1.61924	213.708	
2.03138	0.025	0.44999	14.0738	9.78523	221.769	
8.89235	0.025	0.168411	8.03881	0.0486367	215.081	
2.63523	0.025	0.364313	-21.0269	-18.7089	231.919	
5.809	0.025	0.211667	56.3328	6.44246	237.131	
10.1176	0.025	0.158567	45.3904	6.93955	212.331	
8.98577	0.025	0.167566	-16.5079	4.26896	254.13	
4.30125	0.025	0.255635	-0.68015	-15.1523	190.723	
5.49751	0.025	0.218755	-6.21078	-14.7608	211.698	
7.15315	0.025	0.188202	-30.5868	-7.52371	185.836	
6.2318	0.025	0.203187	63.4068	-4.45433	190.901	
9.33685	0.025	0.16454	-10.6548	4.6588	200.008	
0.793733	0.025	2.09017	-56.9603	-15.3729	236.126	
9.89497	0.025	0.160174	-27.6765	-11.44	203.716	
10.8396	0.025	0.15381	21.3406	3.90895	242.601	
0.720884	0.025	1.67518	44.1425	18.3486	170.306	
2.57646	0.025	0.370805	-8.53137	2.91523	220.584	
7.20437	0.025	0.187481	16.7467	10.6325	170.269	
6.34277	0.025	0.20115	25.1148	-7.09565	220.273	
2.22058	0.025	2.89828	-53.3143	2.98914	147.349	
5.90111	0.025	0.209715	1.29278	-2.16892	186.957	
8.39184	0.025	0.173263	19.5918	-6.09203	253.186	
7.60892	0.025	0.182137	10.6009	-12.7089	186.393	
13.6545	0.025	0.140078	-11.3748	-8.21204	229.214	
1.15954	0.025	0.758056	18.2337	5.41732	221.484	
2.7408	0.025	2.96275	-17.3944	0.425302	205.763	
5.55131	0.025	0.217473	-31.5523	-11.1768	202.871	
4.47967	0.025	0.248869	11.4128	1.18926	210.596	
1.72138	0.025	0.519303	-19.9417	5.92683	237.376	
8.55798	0.025	0.171589	-3.34362	9.0826	165.666	
1.18013	0.025	0.744289	-69.705	7.33955	175.319	
4.46059	0.025	0.249566	34.5863	0.400991	152.269	
10.1139	0.025	0.158593	10.2289	0.900086	204.088	
5.40386	0.025	3.09508	-3.86804	-5.8926	208.057	
4.34064	0.025	3.06203	-23.9471	-0.745397	151.757	
7.86563	0.025	0.179032	28.3428	0.0671023	195.884	
8.08681	0.025	0.176515	-36.5607	-2.29523	181.076	
3.26899	0.025	0.309583	-26.5814	2.5139	185.696	
10.976	0.025	0.152982	-34.3195	5.06452	244.422	
3.27304	0.025	3.00682	-19.2142	5.32845	214.115	
3.0652	0.025	2.99149	5.7059	-7.5	224.092	
9.4769	0.025	0.163396	25.9532	8.12723	188.089	
2.21564	0.025	0.41861	15.2661	2.30088	195.705	
0.876946	0.025	1.05204	5.68687	16.8022	219.702	
6.01092	0.025	0.207467	1.28487	11.5499	198.778	
4.46875	0.025	0.249267	-17.1333	3.00438	168.9	
1.22498	0.025	2.59978	-52.6946	0.331278	178.518	
3.40949	0.025	3.01585	21.5858	4.64902	169.255	
9.75691	0.025	0.161207	-65.9389	6.56587	215.102	
6.55165	0.025	0.197504	-18.9623	1.44612	214.073	
2.2509	0.025	2.9029	2.81048	0.413328	172.737	
2.18369	0.025	0.423649	35.4671	-4.64321	198.451	
1.52208	0.025	0.580581	70.3484	6.34924	162.545	
11.5197	0.025	0.149877	-21.7097	-4.11049	217.949	
4.51897	0.025	0.247451	-17.3226	-5.40158	212.637	
6.82825	0.025	0.193022	14.8081	7.82558	194.248	
5.74286	0.025	0.213107	-27.3785	5.71099	183.292	
7.30672	0.025	0.186073	20.4496	-3.04174	181.652	
12.3396	0.025	0.145712	-26.0941	-7.41181	233.837	
0.725894	0.025	1.53927	37.0725	-9.19369	230.837	
0.746285	0.025	1.92026	-58.1204	-4.06123	223.573	
12.4419	0.025	0.14523	-10.9367	-6.69036	179.836	
3.92911	0.025	0.271757	38.8858	17.9689	157.501	
2.22927	0.025	0.416508	-26.8431	-2.57836	165.414	
6.94662	0.025	0.191213	-6.57286	2.93229	181.745	
0.852056	0.025	2.22056	25.2298	-10.2958	221.924	
1.11234	0.025	0.792201	-86.0888	16.1732	180.89	
0.783915	0.025	2.06216	-71.0108	1.37059	176.953	
6.32576	0.025	0.201458	-13.1457	-6.44782	191.011	
11.9315	0.025	0.147713	-47.936	0.264605	239.994	
13.8876	0.025	0.139191	36.643	-3.27915	236.814	
7.47729	0.025	0.183812	22.3466	-1.885	191.268	
9.92428	0.025	0.159958	-11.6487	-10.9164	197.241	
6.12267	0.025	0.205263	18.8886	-8.39807	209.7	
3.73705	0.025	0.281356	-24.8856	3.86216	198.989	
0.736572	0.025	1.4506	-65.4688	-27.7308	248.07	
7.62172	0.025	0.181977	-24.8314	18.7113	202.88	
4.81389	0.025	0.23756	-9.85814	-0.368881	180.339	
4.37351	0.025	0.252827	2.24605	-11.2301	195.067	
0.78372	0.025	2.06157	41.8488	0.150663	221.65	
1.7944	0.025	0.500619	-40.2821	-3.79134	206.766	
6.21022	0.025	3.11253	37.1219	-12.8034	168.999	
11.3224	0.025	0.150969	-23.4797	5.25953	171.709	
2.60265	0.025	0.367875	56.7529	-15.7516	232.497	
13.5532	0.025	0.140473	-30.1115	7.75468	230.28	
7.34205	0.025	0.185596	-10.4236	-11.6056	199.161	
5.91181	0.025	0.209492	-29.2751	-13.6997	210.829	
9.90289	0.025	0.160116	-34.7033	3.73844	165.415	
1.131	0.025	0.778245	8.10426	-7.64139	234.901	
0.914759	0.025	0.994728	-78.9569	1.49047	203.018	
6.05573	0.025	0.206573	21.4888	-0.967495	215.228	
6.29652	0.025	0.20199	3.31714	5.23458	199.538	
4.9121	0.025	3.08159	-21.3058	4.93433	190.441	
7.91432	0.025	0.178465	9.87657	-3.18107	255.054	
2.51837	0.025	0.377533	11.5103	-6.51205	207.747	
1.86861	0.025	0.483264	-45.8331	-6.92411	204.707	
7.34213	0.025	0.185595	-27.8342	-7.03914	197.524	
8.19289	0.025	0.175356	9.01665	17.2637	214.189	
1.65459	0.025	2.77813	15.1113	7.15138	202.678	
12.7226	0.025	0.14395	52.8873	1.29075	226.56	
3.41608	0.025	0.29986	15.9797	-5.65265	188.558	
6.67664	0.025	0.195433	11.8155	-19.3295	165.821	
4.14148	0.025	3.05393	-32.8467	9.92287	176.69	
0.723654	0.025	1.74725	1.74561	-9.77658	131.918	
4.148	0.025	0.261918	-43.6157	4.24219	207.119	
0.756929	0.025	1.96837	34.3942	-8.69381	142.961	
1.58072	0.025	0.560741	42.8702	-5.71319	260.981	
3.84211	0.025	0.275984	-43.3769	-0.955936	195.98	
0.995257	0.025	2.41897	82.4087	-6.06878	237.363	
5.32325	0.025	0.223086	7.64426	-15.1149	197.385	
8.38343	0.025	0.173349	-26.2178	9.33083	176.67	
7.43194	0.025	0.184403	-1.97801	-10.7332	194.031	
4.31346	0.025	3.06097	-8.69635	-3.33331	216.995	
9.40248	0.025	0.164	-16.6215	-5.13684	196.21	
1.70418	0.025	0.523961	-49.0029	-17.2039	149.464	
2.5199	0.025	0.377352	-18.4633	-14.1291	152.973	
6.91495	0.025	3.12443	8.52764	-5.48714	201.733	
6.04859	0.025	0.206715	-49.0354	16.6706	163.342	
2.425	0.025	0.389054	-13.4076	7.35651	223.208	
8.65517	0.025	0.17064	26.2242	4.40612	208.543	
9.98327	0.025	0.159528	-16.1368	-11.3059	218.019	
7.14814	0.025	0.188272	-92.2816	10.4712	210.578	
0.899903	0.025	1.01615	28.1991	-6.02043	256.862	
10.2889	0.025	0.157378	9.94137	-11.9735	179.907	
7.51897	0.025	0.183275	-8.32887	1.75111	210.002	
7.56377	0.025	0.182705	26.7536	10.4798	174.153	
2.006	0.025	2.86133	57.9805	13.4359	152.169	
4.27993	0.025	0.256482	-41.6392	-2.88459	169.935	
8.67718	0.025	0.170428	-13.3981	-3.10109	186.223	
6.4581	0.025	0.199108	31.1218	16.8801	176.919	
0.800673	0.025	2.10859	0.488827	-13.5176	185.425	
0.897123	0.025	2.29582	-52.6926	5.39468	170.503	
0.761604	0.025	1.98697	-37.1041	28.77	262.013	
1.76147	0.025	0.508834	-79.6883	4.70837	142.857	
3.56383	0.025	0.29092	22.1408	-8.57555	171.054	
1.08948	0.025	2.50594	-32.3103	24.7168	263.146	
0.843084	0.025	2.20344	-7.72094	-17.2264	197.727	
17.2445	0.025	0.129076	-26.6382	-6.00973	186.871	
7.76768	0.025	0.180192	2.08118	8.02552	200.315	
5.13292	0.025	0.228155	19.6235	5.88108	145.713	
7.95727	0.025	0.177972	8.45374	-11.5279	188.234	
1.77812	0.025	0.504639	-24.0248	3.94963	193.581	
7.69547	0.025	0.181067	-1.83501	-2.07473	160.877	
2.28904	0.025	0.407598	51.1454	-3.08011	202.845	
1.50964	0.025	2.73111	26.5586	-13.9493	232.724	
5.43169	0.025	0.220358	-0.445064	-10.9856	204.789	
9.76948	0.025	0.161112	-29.5615	0.873088	215.183	
8.18941	0.025	0.175394	-54.0328	12.9516	193.1	
6.42973	0.025	0.199603	5.65732	4.89097	222.515	
3.25567	0.025	0.310508	-1.40525	-2.80746	202.127	
9.99552	0.025	0.159439	21.1061	8.96824	193.655	
6.52913	0.025	0.197886	4.1055	-5.42955	187.606	
3.15157	0.025	0.318013	-71.6631	-9.37865	228.396	
0.724251	0.025	1.56009	-23.2008	-0.000354019	212.136	
13.3763	0.025	0.141177	-45.0123	-4.86853	217.083	
1.30873	0.025	2.6456	41.7546	23.9363	247.702	
6.00142	0.025	0.207658	-45.6901	-15.1088	204.059	
5.77885	0.025	0.212319	12.4351	9.44552	226.802	
4.66969	0.025	0.242239	29.3708	10.3932	212.812	
6.52004	0.025	0.198041	12.3655	-0.13166	242.444	
9.18628	0.025	0.16581	15.2185	-3.75727	199.839	
5.90275	0.025	0.209681	28.4183	-7.74863	190.553	
2.74873	0.025	0.352591	-13.7103	-3.79125	168.766	
8.38497	0.025	0.173333	21.1738	1.40974	222.772	
4.62033	0.025	3.07222	-53.0763	9.69825	177.404	
5.31849	0.025	0.223208	81.9606	4.96167	168.012	
3.45893	0.025	3.01894	45.1351	-1.87429	140.903	
10.4988	0.025	0.155974	25.2573	-0.500313	266.751	
10.3948	0.025	0.156662	34.7705	9.63325	188.573	
0.734906	0.025	1.46166	9.8806	-5.76658	246.763	
0.748508	0.025	1.93111	52.1459	0.181219	232.156	
7.28072	0.025	0.186427	63.1583	-5.40914	232.329	
3.33672	0.025	0.304997	27.8818	-0.948471	203.49	
7.71444	0.025	0.180835	36.6306	3.26379	158.942	
7.03986	0.025	0.189832	-23.1568	-9.45752	158.544	
2.48368	0.025	2.93442	11.8567	-16.1919	213.748	
2.05836	0.025	0.445021	20.027	-5.18557	195.763	
2.65209	0.025	0.362506	6.52884	4.49148	171.896	
5.94818	0.025	0.208741	41.9624	-9.2375	210.27	
8.39436	0.025	0.173237	20.8312	0.527066	180.372	
11.1716	0.025	0.15183	8.03982	8.34655	198.147	
8.86823	0.025	0.168633	20.7947	-3.58335	176.199	
4.91881	0.025	0.234331	-1.27126	-14.7032	183.357	
6.58577	0.025	0.196931	19.286	-3.15392	205.251	
1.01497	0.025	2.43915	-36.1606	10.7693	182.747	
1.5734	0.025	0.563125	38.9501	-0.621339	152.816	
0.733538	0.025	1.84485	-54.2296	-29.1059	252.305	
8.91438	0.025	0.16821	29.6818	-7.62039	210.033	
3.87389	0.025	0.274418	-57.5398	5.58719	155.356	
9.67222	0.025	0.161856	-36.2289	7.99587	151.506	
7.30634	0.025	0.186078	-42.6232	-1.10303	205.045	
0.720878	0.025	1.64141	19.7802	-27.6408	163.337	
7.1391	0.025	0.188401	-1.31763	10.9572	257.707	
8.0018	0.025	0.177466	34.6355	4.71169	184.483	
2.185	0.025	0.423439	36.7022	6.20611	167.459	
9.31036	0.025	0.164761	15.0346	-0.096125	224.715	
1.03242	0.025	2.45606	114.419	-0.888252	168.994	
8.05142	0.025	0.176908	34.8721	4.69883	234.654	
9.31925	0.025	0.164687	7.37106	2.3601	215.849	
6.56177	0.025	0.197334	-7.60632	-0.601504	201.064	
1.72608	0.025	0.518048	16.6182	7.80329	187.868	
1.98478	0.025	0.458917	-42.7541	3.23977	190.541	
9.24079	0.025	0.165345	59.0401	-0.948942	183.95	
8.56975	0.025	0.171473	24.8562	8.04467	222.412	
6.07683	0.025	0.206157	24.4337	-4.25564	236.397	
2.20431	0.025	2.89575	7.45418	-16.8631	160.254	
6.13273	0.025	0.205068	11.5657	-18.4353	203.001	
2.08291	0.025	0.440618	108.893	-3.06879	199.393	
3.96561	0.025	0.27004	9.95767	-4.39499	187.714	
2.51557	0.025	2.93826	10.8264	-4.38977	143.238	
0.90405	0.025	2.30609	-51.7666	-21.6962	198.929	
0.745992	0.025	1.9188	53.5314	-17.2449	258.874	
11.9657	0.025	0.14754	15.7701	15.5368	234.301	
5.64226	0.025	0.215363	-30.434	-14.716	189.292	
9.4268	0.025	0.163802	47.4493	3.2925	201.108	
8.14118	0.025	0.175917	14.6958	-1.6733	201.209	
3.88096	0.025	0.274073	-19.3697	2.65679	184.14	
1.92651	0.025	0.470732	47.5601	14.4139	209.037	
1.91076	0.025	0.47406	1.38757	7.61903	203.958	
7.7397	0.025	0.180529	40.4878	5.47478	223.836	
0.735301	0.025	1.45898	65.0544	-5.65618	187.818	
2.12499	0.025	2.8828	-11.6419	-2.77021	190.759	
4.09375	0.025	0.264257	11.8722	14.189	179.419	
1.56823	0.025	0.564826	-67.8555	-6.59728	119.36	
14.9314	0.025	0.135558	-9.66921	9.37358	237.435	
10.0317	0.025	0.159178	17.7465	-6.31506	226.887	
1.30982	0.025	0.669974	0.302313	-8.72147	266.533	
1.14703	0.025	2.54938	-49.2104	10.6454	254.012	
7.62047	0.025	0.181993	5.25574	-8.75798	215.619	
16.4979	0.025	0.130969	2.52966	10.5237	209.796	
2.03388	0.025	0.449524	-5.88252	-0.044814	195.266	
3.05845	0.025	0.325172	-42.803	-4.01041	196.778	
8.59316	0.025	0.171243	-20.8754	2.88701	197.466	
9.92415	0.025	0.159959	-23.3927	3.72122	202.531	
6.30589	0.025	0.201819	20.6975	-0.643081	192.157	
7.37199	0.025	0.185195	20.453	-0.128875	225.863	
9.45013	0.025	0.163612	58.0546	-3.4109	206.942	
1.18966	0.025	2.578	-21.6213	23.8685	142.355	
8.14405	0.025	0.175886	36.8619	4.20509	220.193	
1.21563	0.025	0.721952	-45.6269	-7.14086	194.422	
14.5796	0.025	0.136724	27.2328	-5.32009	228.876	
6.61409	0.025	0.196459	12.3969	1.10137	193.67	
12.0635	0.025	0.147051	5.15345	-3.9775	212.994	
1.21973	0.025	2.59665	-19.8871	-5.72773	219.815	
1.24413	0.025	0.70519	-6.92608	-0.262626	255.185	
8.17207	0.025	0.175581	-43.9247	8.58613	217.807	
0.870685	0.025	2.25363	-50.2282	6.12569	162.299	
7.19605	0.025	0.187598	-89.2508	-3.54298	167.559	
8.28694	0.025	0.174354	10.1864	-8.18872	225.162	
4.58315	0.025	0.245189	-21.4382	3.53263	171.635	
0.993962	0.025	0.898528	-15.0503	-12.021	189.236	
9.53827	0.025	0.162906	80.3844	-1.28449	209.34	
1.24452	0.025	0.704965	28.5696	1.79024	211.988	
9.15317	0.025	0.166094	-4.26736	-0.730559	194.589	
7.43531	0.025	0.184359	20.556	-11.9874	223.244	
7.71332	0.025	0.180849	-54.9875	5.05436	227.288	
15.6887	0.025	0.133225	-18.6712	-6.08007	260.236	
0.890695	0.025	2.28602	48.5268	14.139	236.259	
13.3237	0.025	0.14139	7.78273	3.36195	226.95	
1.57866	0.025	2.75472	-44.5901	2.70166	182.317	
9.13735	0.025	0.166231	8.17287	-3.4993	223.834	
5.44024	0.025	0.220147	1.80214	-5.81038	227.592	
3.85558	0.025	0.275317	21.3854	-9.19297	191.194	
7.0075	0.025	0.190307	24.47	1.06717	201.736	
7.62741	0.025	0.181906	-42.6048	-10.1999	201.657	
0.984077	0.025	0.909166	-34.1908	-7.63119	211.128	
7.38274	0.025	0.185052	20.734	-11.4102	202.05	
10.3618	0.025	0.156884	-11.1181	3.83035	215.567	
17.2518	0.025	0.129059	19.2482	-10.9746	254.067	
6.60852	0.025	0.196552	19.1097	11.1628	178.963	
0.812773	0.025	2.13846	-2.41687	-23.6464	198.442	
5.48149	0.025	0.219142	8.98341	5.05623	160.468	
6.89428	0.025	0.192005	-32.112	-6.57422	183.916	
0.767607	0.025	2.00917	-11.1704	6.15832	257.281	
10.3105	0.025	0.157231	-29.265	-3.78349	209.977	
1.13222	0.025	0.777354	16.0687	12.9251	247.35	
5.04362	0.025	0.230666	-19.66	-11.3599	175.096	
5.12587	0.025	0.22835	-19.1732	0.996556	148.712	
5.76414	0.025	0.21264	-46.4865	-13.1285	173.886	
9.37798	0.025	0.164201	-32.1255	-5.59849	254.607	
1.21592	0.025	0.721776	60.8589	-5.53793	178.015	
0.782801	0.025	2.05882	-1.96786	7.04261	202.277	
6.90196	0.025	0.191888	6.34545	-1.40598	188.711	
11.8518	0.025	0.14812	-13.2392	-0.938975	219.363	
0.742667	0.025	1.90145	-3.54606	10.1481	253.459	
10.6976	0.025	0.154695	37.14	12.5672	234.442	
1.03623	0.025	0.856486	47.9757	5.45116	213.315	
10.571	0.025	0.155504	-36.9928	11.9682	243.357	
3.22078	0.025	0.312968	-1.4976	-8.67313	214.28	
0.975043	0.025	0.919188	32.9118	18.7612	274.833	
8.70896	0.025	0.170124	-39.9553	6.01959	190.416	
1.19168	0.025	0.736836	44.2641	-12.8316	130.672	
2.7543	0.025	2.96408	62.5761	-7.15121	202.661	
0.840596	0.025	2.19854	70.5298	0.675274	219.285	
1.10898	0.025	0.794781	-119.56	-26.5435	222.549	
11.3009	0.025	0.15109	-3.59358	6.72031	204.04	
11.0226	0.025	0.152704	33.7679	-4.99507	212.947	
13.2409	0.025	0.141729	44.7468	-9.4269	184.409	
0.746559	0.025	1.92163	57.6384	5.39866	213.491	
6.58879	0.025	0.19688	6.70822	-4.68521	188.129	
9.30071	0.025	0.164841	-16.239	-6.45258	203.437	
0.947182	0.025	0.952075	-80.6363	13.1965	202.471	
0.727225	0.025	1.52481	79.9479	17.1482	258.437	
1.27978	0.025	2.6306	-53.6086	1.4073	130.102	
1.85835	0.025	0.485575	1.8785	10.1755	247.399	
6.55088	0.025	0.197517	37.2573	8.16672	187.069	
10.2512	0.025	0.157636	-17.1551	-1.05808	213.845	
8.34327	0.025	0.173765	15.6109	-16.3043	188.588	
9.89008	0.025	0.16021	-3.43146	-2.95723	214.154	
0.721361	0.025	1.69828	-49.0538	8.29157	286.03	
7.26744	0.025	0.186609	-30.1122	-15.7226	220.03	
6.33627	0.025	0.201268	-14.3006	-6.57941	196.63	
0.720961	0.025	1.63554	0.842846	0.230725	253.634	
11.8195	0.025	0.148287	-6.75667	-3.49718	260.929	
2.04343	0.025	0.447752	-1.35105	-16.9013	151.009	
13.2506	0.025	0.141689	-3.9142	-5.30999	255.051	
0.766523	0.025	2.00529	-66.904	-22.4004	268.972	
0.968318	0.025	0.926844	-49.3308	-13.0738	246.582	
0.726606	0.025	1.7848	-27.9536	5.71284	243.28	
0.817754	0.025	1.16611	-81.6024	-13.2556	138.047	
2.8648	0.025	2.97453	-12.3954	-10.8228	233.468	
5.45568	0.025	0.219769	-31.3071	-4.68715	194.572	
0.775549	0.025	2.03614	-37.0451	5.61337	219.72	
12.1286	0.025	0.146729	-43.6901	-6.35541	226.593	
5.77266	0.025	0.212454	-73.2256	-8.13158	183.445	
10.8747	0.025	0.153595	13.7285	5.0036	193.194	
2.96111	0.025	2.98297	36.8266	4.74805	185.328	
9.42284	0.025	0.163834	28.4008	0.782788	211.625	
6.99449	0.025	0.190499	26.5766	-5.66436	224.404	
3.58284	0.025	0.289824	-37.651	-3.88299	171.344	
5.62747	0.025	0.215701	-37.187	-8.97928	188.72	
5.83875	0.025	0.21103	80.3308	0.488357	169.372	
3.45184	0.025	0.297624	-58.3453	-8.72118	183.751	
5.48971	0.025	0.218943	-13.5061	-8.03316	186.953	
3.6919	0.025	0.283761	-31.5154	-23.65	208.531	
4.57578	0.025	0.245446	95.0773	13.1068	182.717	
4.42345	0.025	0.250941	61.6323	3.47322	202.673	
1.75545	0.025	0.510372	-48.3097	-7.00429	169.128	
7.28225	0.025	0.186406	-42.9872	-7.08938	152.277	
7.32771	0.025	0.185789	-35.1348	-6.74403	181.937	
1.2748	0.025	0.688191	-3.69556	-1.27172	173.196	
7.65148	0.025	0.181608	-4.18448	18.3241	183.422	
12.5236	0.025	0.144852	59.8651	9.20878	230.124	
1.62494	0.025	2.76928	-87.5385	4.24112	210.439	
3.3074	0.025	0.306958	10.8754	12.6407	178.711	
3.62	0.025	0.287716	-37.9132	1.90071	212.27	
0.853723	0.025	2.22365	-11.6093	-13.0868	258.864	
3.97568	0.025	0.269572	42.1	11.1495	160.237	
6.49713	0.025	0.198433	2.76738	13.286	201.625	
1.01874	0.025	0.873244	45.1748	4.29635	221.913	
1.00781	0.025	0.884161	7.84681	8.81201	263.496	
8.62594	0.025	0.170923	3.9535	8.02296	197.086	
2.5939	0.025	0.368847	-32.1024	0.379282	205.01	
1.90413	0.025	0.475478	-22.0531	1.73262	192.293	
9.25093	0.025	0.16526	13.4022	-6.06719	204.303	
2.58692	0.025	2.9465	-56.0105	-7.72117	140.062	
1.52522	0.025	0.579473	8.15797	-11.2125	205.124	
8.18633	0.025	0.175427	26.977	3.14582	199.127	
6.88411	0.025	0.19216	50.2773	4.94426	178.59	
5.88899	0.025	0.209968	-34.1359	-8.68278	154.485	
11.0246	0.025	0.152692	2.28335	-5.1214	246.274	
4.79301	0.025	0.23822	16.4485	0.897193	192.84	
1.30314	0.025	2.64277	53.5691	0.0222232	213.31	
3.17255	0.025	2.99967	30.6262	5.74248	201.113	
0.794747	0.025	2.09293	132.441	-29.1513	270.977	
0.802672	0.025	2.11372	120.911	0.478773	236.92	
11.1222	0.025	0.152117	0.766674	-18.0035	246.767	
0.834376	0.025	1.13013	-29.9576	-8.47557	199.587	
1.80313	0.025	0.498497	-61.0369	-25.5329	179.52	
9.95179	0.025	0.159757	-43.6931	-14.7748	178.23	
1.61576	0.025	0.549661	-20.4029	-19.0123	148.494	
1.49142	0.025	0.591668	51.4416	-1.38177	213.093	
1.31278	0.025	0.668489	-34.398	-7.66125	152.713	
4.47302	0.025	0.249111	52.7501	-0.0760137	185.062	
6.79845	0.025	0.193487	7.80032	-4.43911	224.612	
6.8679	0.025	0.192409	-38.908	11.0412	228.506	
1.03702	0.025	0.855753	51.6253	28.3625	225.827	
8.85724	0.025	0.168734	-1.37122	-1.99132	196.07	
10.3977	0.025	0.156643	10.7632	-10.8889	232.231	
10.6462	0.025	0.155021	-12.8246	-13.2585	255.312	
3.05316	0.025	0.325592	-41.7873	0.633394	174.385	
4.98022	0.025	0.232505	10.3673	11.091	169.048	
1.15478	0.025	0.761331	65.4453	-16.5028	222.239	
0.72146	0.025	1.70156	-106.409	-8.68155	246.078	
11.1424	0.025	0.152	51.0913	8.03031	223.621	
0.814138	0.025	2.14166	111.277	4.27924	165.381	
0.741766	0.025	1.89651	35.162	-14.0716	191.942	
3.58169	0.025	0.28989	81.8265	1.2205	184.461	
0.730449	0.025	1.49516	38.4094	-11.3097	125.756	
1.63759	0.025	2.7731	-9.17084	-6.26108	232.469	
0.721063	0.025	1.62993	5.66241	-6.18257	240.986	
2.6725	0.025	0.36035	-12.3763	1.05562	208.686	
0.96172	0.025	0.934524	-40.4323	-4.82789	227.223	
4.23198	0.025	0.258418	-32.856	-13.3311	183.975	
10.7338	0.025	0.154467	-21.8848	6.21786	211.913	
0.985456	0.025	2.40846	48.1523	34.4895	162.774	
0.970976	0.025	2.39233	26.5435	11.6515	188.465	
1.72372	0.025	0.518678	-23.0563	0.273483	189.337	
0.72294	0.025	1.73543	0.621117	33.0662	201.248	
5.74625	0.025	3.10309	21.8843	0.479433	194.954	
7.48862	0.025	0.183665	7.76947	-1.98723	192.41	
4.30183	0.025	3.06051	8.01621	15.7692	197.624	
0.77886	0.025	1.26943	50.0197	8.60594	225.628	
1.39769	0.025	0.629081	36.3902	2.37592	201.551	
11.2538	0.025	0.151358	3.09806	1.75028	246.051	
1.32201	0.025	0.663912	-57.6556	-11.7499	212.457	
12.8986	0.025	0.143176	0.0798549	5.97632	231.673	
1.19278	0.025	2.57999	46.1374	-15.1134	216.446	
1.24846	0.025	0.702725	1.59918	-12.2657	178.669	
10.2842	0.025	0.15741	8.71244	-7.67214	211.831	
4.28598	0.025	0.256241	-30.3989	6.92541	189.364	
7.52765	0.025	0.183164	23.7954	18.0498	263.564	
6.90063	0.025	0.191908	-8.23652	8.67765	183.666	
1.17519	0.025	0.747536	3.71596	8.91981	184.965	
1.69783	0.025	0.525708	66.9642	-13.6867	161.818	
18.6571	0.025	0.125909	-1.43884	0.664803	204.982	
10.5461	0.025	0.155665	14.6094	7.02718	229.281	
3.48018	0.025	0.295886	15.4394	-4.93957	156.8	
1.62566	0.025	0.546626	42.4376	2.60147	185.248	
1.71501	0.025	0.521017	-5.58255	0.721945	251.04	
2.77659	0.025	0.349865	-1.8395	23.4941	215.184	
5.84038	0.025	0.210995	-16.6027	0.126324	168.139	
3.28984	0.025	0.308151	19.1047	-10.7617	166.356	
3.01154	0.025	0.328951	-16.5184	-9.59514	187.857	
6.76541	0.025	0.194008	-12.2851	-6.87821	229.093	
14.653	0.025	0.136476	12.6464	2.87539	238.814	
10.1658	0.025	0.158228	40.9843	-0.506581	234.394	
4.37881	0.025	3.0635	-49.0701	3.503	189.358	
13.0789	0.025	0.142404	9.72206	-7.90487	204.018	
7.28825	0.025	0.186324	10.9544	-6.86644	183.626	
12.3268	0.025	0.145772	16.0069	8.64039	214.212	
12.5974	0.025	0.144514	22.7933	-6.77267	229.775	
1.33496	0.025	0.657613	49.4605	-4.46355	246.879	
0.89018	0.025	1.03091	12.0023	25.1765	187.772	
0.775934	0.025	1.27874	-50.0161	6.31426	192.661	
0.919903	0.025	0.987604	9.38446	8.61235	249.78	
7.85871	0.025	0.179113	1.51202	-1.14131	204.585	
5.12174	0.025	0.228464	-51.5263	-9.64067	171.69	
7.88589	0.025	0.178795	-20.6123	-2.46418	182.172	
1.24521	0.025	0.704573	82.3578	4.55212	222.747	
2.21157	0.025	0.419243	50.9543	-8.02664	192.02	
10.5565	0.025	0.155598	5.75131	-1.04508	206.421	
1.64595	0.025	0.540539	-8.8549	11.2736	163.822	
2.46292	0.025	0.384266	-44.4307	2.15756	169.74	
2.7796	0.025	2.96655	-23.795	-1.25549	221.197	
0.995822	0.025	0.896563	-43.4556	11.4852	207.434	
9.04987	0.025	0.166996	45.0127	3.96844	166.225	
2.60483	0.025	2.94849	-28.4641	-6.73049	188.059	
9.14163	0.025	0.166194	4.6982	2.68354	227.239	
6.13279	0.025	0.205067	13.5766	-4.93469	194.163	
1.22456	0.025	0.716593	28.2784	5.13761	206.463	
0.907745	0.025	2.31145	-0.765679	9.42457	229.788	
9.49671	0.025	0.163237	7.87485	7.10899	196.097	
6.38065	0.025	0.200471	40.6141	10.4531	187.916	
1.44402	0.025	0.60988	66.6823	-0.270068	186.467	
5.65606	0.025	0.215049	38.5133	4.97518	197.967	
0.871757	0.025	1.06068	-74.4999	-7.95428	169.198	
11.7369	0.025	0.148716	20.4668	9.49471	247.812	
4.69528	0.025	0.241387	-27.2362	3.66365	190.581	
0.752237	0.025	1.94829	145.892	24.5428	181.77	
7.82178	0.025	0.179548	-7.47668	-4.62053	190.241	
3.56578	0.025	3.02532	-11.4665	-2.59546	168.726	
5.71254	0.025	0.213778	0.251386	0.271096	156.719	
3.45983	0.025	3.01899	-7.67945	0.664568	185.938	
0.795539	0.025	2.09506	21.2513	10.6182	190.962	
11.4006	0.025	0.150531	28.9273	12.6026	213.143	
0.902927	0.025	2.30444	107.585	8.27322	204.404	
11.6262	0.025	0.149302	25.8552	14.2327	169.116	
2.66116	0.025	2.95458	-17.2069	-11.1054	185.987	
13.9064	0.025	0.13912	-8.69088	9.26772	205.807	
0.744574	0.025	1.40456	-12.3736	-0.680865	221.39	
0.82193	0.025	1.15671	10.3629	-7.67462	166.417	
1.64703	0.025	0.540221	41.6486	9.82311	158.793	
9.24988	0.025	0.165268	-40.3232	-3.34539	223.408	
5.03349	0.025	0.230957	-49.2193	-4.40421	151.551	
9.07447	0.025	0.166779	-2.66862	3.59749	237.931	
6.1819	0.025	3.112	0.928572	-2.33784	166.737	
0.723455	0.025	1.74411	53.4967	-9.24429	213.022	
11.5762	0.025	0.149571	16.3993	-3.6272	218.639	
2.13901	0.025	0.430961	-66.5485	0.790984	144.703	
0.739244	0.025	1.43408	27.4336	5.46239	254.373	
0.891942	0.025	2.28794	-16.5049	-8.17557	243.879	
1.03428	0.025	0.858319	22.9581	-3.20895	226.279	
14.7382	0.025	0.136191	14.4231	-7.07385	194.565	
0.841637	0.025	2.2006	28.4445	-16.8193	198.398	
0.721142	0.025	1.6263	39.769	3.59124	204.93	
5.00907	0.025	0.231662	-37.4392	2.32786	185.783	
1.89435	0.025	2.83853	3.62745	-12.0413	163.648	
6.45466	0.025	0.199168	13.4918	-6.17573	249.761	
7.21631	0.025	0.187315	-42.0825	1.91837	225.407	
7.45793	0.025	0.184063	-16.801	-1.16172	222.556	
8.9621	0.025	0.167779	-14.7106	2.90762	241.263	
7.62027	0.025	0.181995	18.6171	-1.04654	160.32	
4.63325	0.025	0.243467	-6.35944	11.6148	167.893	
1.01636	0.025	0.875591	-29.819	0.489316	277.883	
8.23344	0.025	0.174921	39.0235	-2.81654	186.037	
3.38071	0.025	0.302119	-0.201446	-4.12537	195.444	
0.987983	0.025	0.904923	-26.8682	-1.10844	214.134	
5.61794	0.025	0.21592	-36.7824	-11.5315	211.867	
1.63712	0.025	0.543167	44.6643	-8.5104	216.6	
2.80819	0.025	0.346841	-19.3055	5.34472	167.772	
3.8472	0.025	0.275732	-77.0641	-1.0914	159.974	
9.13711	0.025	0.166233	46.8864	-17.2594	237.993	
15.958	0.025	0.132449	0.0816959	-2.21792	233.375	
0.729382	0.025	1.81181	-54.4099	-18.1549	184.376	
2.36047	0.025	0.397576	-4.98783	-6.04562	169.31	
8.6935	0.025	0.170272	-21.5442	-11.6071	230.883	
4.20356	0.025	0.259587	21.2706	-12.3363	180.182	
0.766009	0.025	1.3127	80.2138	3.70454	148.29	
10.3415	0.025	0.157021	-26.8016	5.02208	201.521	
1.46477	0.025	0.601739	-84.1572	-5.20404	191.54	
1.81295	0.025	2.81999	47.1296	-8.74519	182.074	
1.34363	0.025	0.653482	-64.4768	15.8278	236.879	
4.25713	0.025	0.257397	-11.4883	2.35914	214.066	
0.738831	0.025	1.87958	-56.9088	-11.2314	249.301	
0.8222	0.025	2.16001	15.4065	-2.48878	252.148	
8.07111	0.025	0.176689	10.2393	-0.528013	217.573	
0.763023	0.025	1.99238	57.9398	11.1514	221.52	
5.31293	0.025	3.09277	7.7043	-0.552237	203.691	
2.8136	0.025	2.96979	41.4608	-2.82331	202.714	
2.09829	0.025	0.437915	21.554	-5.63671	205.393	
11.2452	0.025	0.151407	11.0788	5.31764	226.015	
2.09342	0.025	0.438767	-12.7445	-0.172235	210.395	
4.53182	0.025	0.246993	-10.8842	9.3069	174.294	
2.70048	0.025	0.357449	16.0005	-9.36719	205.159	
1.48144	0.025	2.72073	16.1749	8.64823	210.015	
3.521	0.025	0.293432	-54.517	-8.61946	214.661	
0.749757	0.025	1.37913	4.58099	18.8336	190.41	
4.56185	0.025	0.245933	26.4656	-14.2456	192.452	
7.44708	0.025	0.184205	16.117	-0.175368	210.549	
1.44004	0.025	2.70465	-90.413	13.2386	190.809	
2.56861	0.025	0.371696	71.4511	8.20139	194.976	
16.6698	0.025	0.130519	-11.0757	-2.0017	233.221	
13.1567	0.025	0.142078	19.8619	-7.31641	213.944	
5.13852	0.025	0.228	-30.872	-8.27212	181.767	
1.69782	0.025	0.52571	-37.0886	-11.2861	214.79	
7.64184	0.025	0.181727	34.7432	-4.28965	199.286	
5.06602	0.025	0.230028	1.13347	-5.29888	236.776	
2.03982	0.025	0.44842	-40.6709	2.38655	203.648	
0.742683	0.025	1.41459	-75.0646	-1.56829	226.881	
1.55878	0.025	2.74816	9.38529	10.6829	268.111	
8.24623	0.025	0.174785	-4.07011	-2.08372	200.708	
7.91113	0.025	0.178502	17.9278	-1.67777	221.321	
5.73469	0.025	0.213287	-8.11879	11.8333	209.523	
0.734885	0.025	1.85432	-16.9781	0.135884	220.945	
2.19721	0.025	2.89463	-19.2138	-1.35432	147.283	
0.844313	0.025	1.11029	76.8999	14.6335	234.924	
0.766139	0.025	1.31223	46.5707	-3.53085	156.899	
0.883668	0.025	1.04115	7.97998	5.71243	200.049	
2.90416	0.025	2.97805	36.692	-3.95481	145.086	
1.60052	0.025	2.76171	71.9211	-5.4922	166.18	
2.64831	0.025	0.362909	-43.6587	12.1776	175.697	
0.723445	0.025	1.74395	-85.8118	-21.4212	203.792	
9.0246	0.025	0.16722	-46.6399	-4.57813	199.142	
8.70573	0.025	0.170155	-18.6296	2.45941	164.623	
9.69774	0.025	0.161659	-2.35962	-1.94895	223.29	
0.733168	0.025	1.47396	-9.84883	-0.353955	238.829	
8.87917	0.025	0.168532	-2.18573	6.60839	221.8	
5.15966	0.025	0.22742	-47.53	-1.54939	186.322	
1.32818	0.025	0.660894	34.3066	-13.0467	210.428	
2.30837	0.025	0.404822	66.9565	3.14738	206.935	
3.64347	0.025	3.02972	-50.9731	2.73711	177.996	
1.44801	0.025	0.608293	-45.4712	-12.7855	144.925	
2.95302	0.025	0.333839	25.4719	1.14011	165.179	
6.44317	0.025	0.199368	-12.3287	-6.97646	209.308	
2.4687	0.025	0.383549	-23.2313	2.06166	191.067	
6.2617	0.025	0.202631	-12.9699	3.81898	171.326	
5.78777	0.025	3.104	-20.9998	11.6302	180.24	
11.3682	0.025	0.150712	-39.8439	7.50226	213.998	
1.41366	0.025	0.622295	38.0692	-12.9605	263.97	
8.84471	0.025	0.168849	-14.0052	1.55139	178.837	
3.39345	0.025	0.301299	-36.0389	3.40663	199.274	
14.4965	0.025	0.137008	-27.2154	3.02095	205.929	
2.0961	0.025	0.438298	34.9361	3.38111	156.403	
5.45941	0.025	0.219678	-56.9782	-1.51677	225.131	
3.23139	0.025	0.312214	-33.0985	0.273868	151.717	
1.88836	0.025	0.478895	-32.7372	-7.53882	246.816	
8.69421	0.025	0.170265	25.5084	-1.13808	251.574	
7.58424	0.025	0.182446	-5.04788	-8.9583	202.825	
3.66825	0.025	0.285044	-9.3373	6.19454	170.007	
3.35424	0.025	3.01228	13.8212	-1.72461	168.037	
0.896854	0.025	2.29542	134.507	-8.20809	212.278	
8.41257	0.025	0.17305	24.7747	-8.07798	198.046	
10.5043	0.025	0.155938	-10.5865	1.16868	204.291	
7.99076	0.025	0.177591	4.73891	-1.70097	195.943	
5.9396	0.025	0.208918	-4.03759	-6.30536	186.177	
5.16145	0.025	0.227371	19.9504	-4.6819	178.812	
5.15465	0.025	0.227557	-51.7465	-4.68967	217.653	
0.927938	0.025	0.97676	72.3951	5.19185	262.916	
1.25695	0.025	0.697959	3.70865	10.3934	203.668	
1.0806	0.025	2.49866	-43.8722	20.7626	238.55	
1.9887	0.025	0.458148	-12.3338	-4.00147	194.375	
7.49995	0.025	0.183519	18.3925	1.86463	198.018	
1.25178	0.025	0.70085	142.26	-15.4697	168.954	
2.55839	0.025	2.94326	15.8902	-0.392512	172.446	
11.0721	0.025	0.152411	-64.1234	-0.489756	190.586	
6.62223	0.025	0.196325	47.5505	-6.90158	165.327	
21.2456	0.025	0.121199	-24.9842	-0.0475586	223.28	
19.8141	0.025	0.123651	22.9007	-6.47809	218.204	
0.781983	0.025	1.25979	49.6341	-9.85875	103.515	
0.751793	0.025	1.94631	87.263	40.5119	237.209	
0.940877	0.025	0.959971	-48.6663	-7.26259	188.575	
12.7752	0.025	0.143717	-13.3149	-14.6881	217.595	
9.82772	0.025	0.160674	-29.7072	-7.4206	198.759	
8.14804	0.025	0.175843	13.5593	16.6076	235.424	
2.47434	0.025	0.382853	-58.9858	-6.90349	168.052	
10.0777	0.025	0.15885	-1.71677	2.96449	234.844	
2.1288	0.025	0.432678	-18.0908	2.9385	185.184	
6.18025	0.025	0.204159	32.2931	-0.485064	139.79	
0.801086	0.025	2.10966	14.2734	14.5195	145.102	
5.75691	0.025	0.212798	-36.4561	5.85221	197.031	
8.74461	0.025	0.169785	55.3743	1.21922	208.048	
7.72503	0.025	0.180707	21.6554	5.80238	211.61	
5.72201	0.025	0.213568	4.09394	3.68999	199.645	
1.1863	0.025	0.740283	68.7975	4.02378	219.218	
7.39057	0.025	0.184948	-42.6831	10.5928	204.375	
7.8952	0.025	0.178687	-10.7496	7.20498	200.214	
4.80148	0.025	0.237952	-0.00260024	2.44751	200.33	
7.76789	0.025	0.18019	-16.5836	-18.9757	184.037	
5.9598	0.025	0.208503	-9.60041	-2.03742	224.934	
0.807158	0.025	2.12493	-146.496	-7.1465	164.716	
5.3414	0.025	0.222621	4.00924	3.42487	166.305	
9.15342	0.025	0.166092	-19.7051	-1.17671	187.575	
4.60773	0.025	0.24434	-0.0505561	-5.18788	162.718	
1.60788	0.025	0.552104	45.2314	-10.0114	189.441	
0.878679	0.025	2.26693	-48.885	-10.1361	225.023	
2.27268	0.025	2.90614	-44.8338	-17.9469	187.011	
9.80855	0.025	0.160817	45.728	-2.34495	218.268	
1.79007	0.025	2.81445	-32.0511	-8.97194	238.993	
10.0078	0.025	0.159351	22.2055	-9.56632	228.295	
0.721704	0.025	1.6074	-11.9571	4.09271	256.121	
1.61858	0.025	0.548793	60.4852	0.0368599	233.557	
2.13546	0.025	0.431557	-48.0313	-0.819696	182.45	
0.749559	0.025	1.38005	123.518	13.7052	178.682	
3.68026	0.025	3.03174	-6.42033	-12.8835	201.482	
13.1496	0.025	0.142108	-6.11609	2.80089	235.159	
7.79551	0.025	0.179859	-0.974453	0.292392	202.483	
8.59788	0.025	0.171197	17.0681	-0.564841	234.047	
4.99286	0.025	3.08399	8.78121	-2.41627	185.112	
9.92898	0.025	0.159924	6.8931	6.47957	231.384	
29.8952	0.025	0.111379	21.8804	-2.39196	251.098	
21.9813	0.025	0.120063	0.990072	2.20696	231.973	
4.75728	0.025	0.239363	-71.016	2.08275	177.654	
8.73973	0.025	0.169832	13.8749	-0.691641	207.288	
9.86045	0.025	0.16043	46.8588	1.73469	190.475	
7.75379	0.025	0.180359	1.13027	-8.84609	205.308	
1.6425	0.025	0.541562	-33.6969	17.1344	261.162	
12.4102	0.025	0.145379	-41.6225	-7.87813	238.795	
0.767401	0.025	2.00843	59.2865	-0.12258	236.955	
4.95475	0.025	0.233257	31.7553	3.47005	191.956	
0.80738	0.025	2.12548	-126.899	-19.2455	140.877	
1.80716	0.025	0.497525	97.4209	1.26967	230.022	
3.89622	0.025	0.273332	-53.9463	-8.11821	195.887	
0.72464	0.025	1.55477	-39.6619	0.156671	238.329	
5.75755	0.025	0.212784	-11.5191	-0.589584	166.943	
6.46449	0.025	0.198997	11.4092	0.0966013	208.467	
0.840223	0.025	1.11832	-56.0371	-1.26806	150.311	
13.3073	0.025	0.141457	-25.071	10.9119	229.859	
1.8905	0.025	0.478429	27.113	3.62998	209.829	
8.23548	0.025	0.1749	8.58555	5.33173	205.18	
0.984634	0.025	2.40757	-82.0897	-13.3308	189.41	
7.67657	0.025	0.181298	-12.6853	-13.5921	192.692	
9.59293	0.025	0.162474	45.5234	2.52097	226.252	
3.91368	0.025	0.272493	10.8106	-7.75081	209.509	
0.760452	0.025	1.98251	43.2048	5.89829	179.547	
2.1251	0.025	0.433305	-8.66807	18.1784	223.148	
1.71333	0.025	2.79466	-69.2621	12.031	207.154	
0.760036	0.025	1.98087	80.2212	20.5185	173.247	
6.46491	0.025	0.19899	24.5889	3.02933	198.375	
4.19595	0.025	0.259902	-11.4959	-15.2219	177.248	
6.7724	0.025	0.193897	-27.4774	13.0192	191.397	
2.40522	0.025	0.391615	-56.5272	9.57401	199.267	
10.9779	0.025	0.152971	1.7515	-11.1854	221.11	
8.90549	0.025	0.168291	13.124	17.4012	208.928	
4.53018	0.025	0.247051	30.0599	8.36526	159.741	
0.752614	0.025	1.94996	-28.3423	3.66257	174.53	
8.22061	0.025	0.175059	-25.7573	5.50484	187.914	
9.29556	0.025	0.164884	31.3424	-12.0723	200.498	
4.55625	0.025	0.246129	-9.26486	0.562891	195.686	
1.18568	0.025	2.57544	43.4184	-9.35639	188.072	
3.07072	0.025	2.99192	-6.26164	7.85645	169.456	
8.03758	0.025	0.177063	-53.8162	11.3451	167.809	
8.64517	0.025	0.170737	-12.4503	1.59612	206.354	
2.10189	0.025	0.437288	6.07695	1.5372	225.613	
0.727026	0.025	1.78926	38.3071	-15.9316	107.603	
2.28304	0.025	0.408472	-30.0495	-1.26225	181.079	
4.42111	0.025	0.251028	-12.2687	-18.9916	159.173	
3.31029	0.025	0.306763	-15.0192	6.21016	169.019	
5.71587	0.025	0.213704	-22.4326	-3.03225	204.454	
0.724994	0.025	1.76596	138.929	12.8	200.415	
0.945302	0.025	2.36172	74.9421	8.17358	129.134	
7.13212	0.025	0.1885	-30.261	5.91969	231.62	
6.43674	0.025	0.199481	33.5652	7.05965	181.553	
5.49134	0.025	0.218904	6.25151	7.25296	213.609	
5.47216	0.025	0.219368	-58.0164	-4.82084	177.419	
4.10467	0.025	0.263781	-26.8348	-5.71742	196.489	
8.53968	0.025	0.17177	-23.7417	-16.6006	202.202	
0.725532	0.025	1.54353	-6.59447	-22.3778	251.73	
0.795862	0.025	1.22019	18.1062	-4.02503	176.628	
8.21361	0.025	0.175134	-12.621	-7.53969	237.833	
3.35605	0.025	3.0124	14.6611	8.76928	197.077	
9.7087	0.025	0.161575	20.8673	-1.73295	237.406	
9.79772	0.025	0.160899	34.005	-5.45501	169.131	
2.94834	0.025	0.334239	-36.5578	3.79383	227.979	
3.37951	0.025	0.302196	54.3593	-2.84997	209.66	
16.7827	0.025	0.130227	-33.1081	2.19106	246.375	
4.13051	0.025	0.262666	10.7317	10.284	210.141	
2.61292	0.025	0.366742	17.2262	-7.40863	188.767	
4.70981	0.025	0.240908	-84.8499	1.23258	192.882	
4.0905	0.025	3.05173	52.3222	6.55706	146.821	
0.794751	0.025	1.22319	-22.0292	-22.2162	256.732	
0.724421	0.025	1.75839	24.865	-0.618903	260.502	
2.6745	0.025	2.95599	69.7174	-2.82603	189.27	
0.726574	0.025	1.53166	36.737	-24.5648	234.022	
4.10996	0.025	0.263552	-20.184	-13.4578	179.818	
8.40528	0.025	0.173125	-2.02427	1.55639	183.092	
4.98154	0.025	0.232466	-7.76399	6.05112	273.929	
10.1536	0.025	0.158313	3.86521	15.9985	212.395	
2.79658	0.025	0.347944	-23.0722	-3.13646	199.29	
5.05281	0.025	0.230404	53.1771	21.8149	187.672	
1.09624	0.025	2.51136	-60.888	-17.6605	199.138	
3.59546	0.025	0.289103	52.376	11.9236	198.027	
5.77924	0.025	0.212311	23.8176	0.0836574	220.403	
1.74538	0.025	0.512973	48.086	7.27368	183.935	
1.31922	0.025	2.65084	16.4504	-11.6557	194.75	
12.2424	0.025	0.146176	-14.3927	1.59089	209.264	
14.969	0.025	0.135437	-34.4804	-9.03526	206.072	
6.12227	0.025	0.205271	-27.7564	6.93674	179.438	
9.46698	0.025	0.163476	-26.9837	1.66384	204.571	
8.51296	0.025	0.172036	-18.9704	0.711264	238.971	
1.225	0.025	0.716335	13.4797	-0.309856	169.315	
6.98775	0.025	0.190599	5.27571	3.81643	213.345	
1.60958	0.025	0.551575	27.6024	5.83243	162.199	
2.26918	0.025	0.410504	2.11771	-13.8386	193.399	
7.87996	0.025	0.178864	-34.4311	-8.02167	187.114	
3.81041	0.025	0.277574	-1.81407	-4.31453	159.742	
1.59787	0.025	0.555248	-27.3519	-10.3517	191.891	
6.01697	0.025	0.207346	-11.7565	-0.935463	193.089	
4.73723	0.025	0.240012	-9.88862	-4.99674	184.481	
1.03837	0.025	2.46163	-41.6842	11.5874	157.983	
6.17526	0.025	0.204253	21.2306	-13.8072	184.176	
3.96958	0.025	0.269855	-47.4506	-5.83897	234.315	
1.96559	0.025	0.462724	-49.2182	-14.216	224.456	
0.775018	0.025	1.28172	-39.071	12.8103	151.676	
2.20751	0.025	0.419877	-21.1943	-12.3166	204.694	
6.32155	0.025	0.201534	1.58735	16.2352	188.76	
7.40027	0.025	0.18482	-2.24642	3.11001	196.899	
7.15506	0.025	0.188175	37.0217	-1.84398	243.88	
0.808366	0.025	2.12789	-60.4777	-11.1019	173.385	
8.40794	0.025	0.173098	26.3922	6.70203	196.593	
7.75433	0.025	0.180353	-9.55883	-2.017	178.823	
2.53591	0.025	0.375468	-32.1006	16.1783	192.622	
6.21337	0.025	0.203533	-6.07144	-6.02133	161.053	
8.75074	0.025	0.169728	3.75495	6.75637	169.345	
0.935679	0.025	0.966619	37.6533	-20.6767	194.29	
1.07631	0.025	2.49509	34.5461	-10.8767	223.761	
5.15153	0.025	0.227642	-8.30639	19.6932	201.373	
4.05245	0.025	0.26608	1.23453	8.27772	211.396	
7.67182	0.025	0.181357	-16.3986	-6.21239	209.467	
4.55093	0.025	0.246317	-9.42521	-17.9071	204.527	
0.744957	0.025	1.40259	127.952	22.8331	181.395	
0.721221	0.025	1.62302	-109.043	-4.27753	159.204	
11.6161	0.025	0.149356	4.13959	-6.65484	224.087	
5.17863	0.025	0.226903	-8.81807	3.31542	187.744	
13.38	0.025	0.141162	-22.2165	-6.91167	236.891	
0.720778	0.025	1.65877	-63.6777	4.31856	283.565	
4.85279	0.025	3.07978	-70.2905	-5.42635	205.756	
6.52271	0.025	0.197995	-55.6837	0.00385008	188.159	
3.04999	0.025	2.99028	-19.3545	5.01267	227.419	
8.80922	0.025	0.169179	35.048	-13.2409	215.743	
2.4691	0.025	0.383499	55.7413	13.9525	211.197	
8.72913	0.025	0.169932	5.65132	1.3451	199.967	
5.56338	0.025	0.217189	-29.3853	5.68052	211.553	
4.63849	0.025	0.243289	24.832	-9.49939	208.154	
10.6845	0.025	0.154778	31.0493	1.58899	220.199	
1.23153	0.025	2.60364	38.1071	-0.359942	136.625	
9.17545	0.025	0.165903	6.31255	-13.6221	189.285	
2.63339	0.025	0.364512	-7.24713	-10.2048	190.63	
5.54626	0.025	3.09853	46.6073	-12.6214	191.848	
6.56529	0.025	0.197274	-2.86947	11.2987	195.924	
10.6466	0.025	0.155019	-49.2498	-6.56061	228.568	
8.02235	0.025	0.177234	-13.0495	5.0762	203.124	
6.02976	0.025	0.20709	19.54	-1.62573	216.01	
6.04537	0.025	0.206779	13.8641	-5.52318	219.22	
1.88229	0.025	0.480229	-4.3996	-12.524	215.678	
8.78546	0.025	0.169401	0.362371	-10.132	185.325	
10.7235	0.025	0.154532	-10.4607	-3.7575	235.431	
0.722776	0.025	1.58368	150.128	8.69526	213.941	
5.13624	0.025	3.08806	32.8995	5.52345	180.171	
2.03361	0.025	2.86655	-26.5502	-6.52314	183.379	
7.59966	0.025	0.182253	-11.6249	8.8504	187.33	
1.65283	0.025	2.77761	46.6929	8.09863	180.761	
0.90075	0.025	1.01489	-75.3522	2.38083	160.88	
4.19721	0.025	0.25985	-17.1343	6.86241	239.559	
1.84113	0.025	2.82661	-16.7527	12.8127	221.27	
2.80921	0.025	0.346746	-31.2253	2.16569	217.744	
1.9256	0.025	2.8452	-56.5493	-2.11	184.707	
2.50494	0.025	0.379136	-38.3579	-10.3295	154.459	
5.32015	0.025	3.09296	5.18881	1.45562	160.884	
7.07588	0.025	0.189308	11.7971	2.51127	154.873	
4.85065	0.025	0.236413	-37.3918	2.60416	229.823	
1.24039	0.025	2.60879	54.7204	2.82492	240.245	
13.0232	0.025	0.14264	3.7546	9.1541	244.58	
0.887485	0.025	2.28102	103.929	-3.83391	238.552	
1.68071	0.025	2.78564	-53.7164	14.8109	192.76	
5.37789	0.025	0.221697	-17.5493	15.0105	196.415	
0.83284	0.025	1.13331	-31.876	7.44151	216.472	
2.11614	0.025	2.88129	-24.323	14.4037	232.497	
9.95354	0.025	0.159744	-18.7319	7.82036	203.939	
1.61132	0.025	0.551036	17.0995	3.30292	198.984	
1.09585	0.025	2.51105	-56.5179	-5.9913	240.158	
2.67201	0.025	0.360401	27.6575	-15.5659	186.808	
5.07577	0.025	0.229752	-6.87741	7.72787	153.219	
1.30225	0.025	0.673814	-51.5425	-10.5844	175.783	
3.29185	0.025	0.308013	-7.93963	7.81446	160.555	
0.796177	0.025	2.09678	87.8822	9.85836	204.146	
12.8071	0.025	0.143576	14.1334	-3.35963	207.895	
3.10889	0.025	0.321239	-28.2484	-3.16704	207.083	
0.752267	0.025	1.94842	-27.8467	8.07008	283.354	
17.3803	0.025	0.128749	-27.7272	-17.1508	222.73	
1.29582	0.025	0.677114	-45.905	-10.585	198.848	
12.1648	0.025	0.146552	18.3186	0.695716	199.716	
0.74549	0.025	1.91626	68.6849	-2.70801	199.217	
5.2951	0.025	0.223812	-2.37163	-0.652557	153.092	
9.64127	0.025	0.162096	-16.4144	-2.7169	234.022	
4.68449	0.025	0.241745	-30.1833	-3.72858	226.441	
8.96786	0.025	0.167727	-11.9567	-6.83893	198.296	
9.53288	0.025	0.162948	22.7053	-11.2984	227.301	
4.10959	0.025	0.263568	8.15471	-7.94474	211.691	
2.44392	0.025	0.386646	-26.6847	-8.38643	190.877	
11.4544	0.025	0.150234	35.1319	-7.1979	192.768	
0.73646	0.025	1.8648	29.6203	0.702922	197.55	
7.80115	0.025	0.179792	-7.14779	-10.3509	213.001	
0.923881	0.025	0.982193	-20.1085	-24.4654	235.986	
1.95122	0.025	2.8505	36.0852	-8.53147	211.099	
22.502	0.025	0.119304	52.063	-2.15014	244.1	
1.84274	0.025	0.489141	12.5695	1.81085	218.853	
7.40056	0.025	0.184816	-33.8205	-3.04437	168.378	
4.69017	0.025	0.241556	30.7675	-4.59847	189.085	
9.19129	0.025	0.165767	13.9638	10.2137	199.594	
6.80916	0.025	0.193319	9.66535	6.52959	207.49	
1.99558	0.025	0.456808	38.0539	-1.39895	169.176	
3.67331	0.025	0.284768	20.3033	-5.28576	156.003	
8.79889	0.025	0.169275	-29.4595	0.733093	145.171	
6.16363	0.025	0.204475	-24.0439	-4.35953	185.506	
1.81188	0.025	2.81973	53.8955	27.4008	184.983	
1.80954	0.025	0.496953	-43.2343	1.11328	199.254	
4.15362	0.025	3.05445	-22.8099	-2.79323	174.686	
8.40272	0.025	0.173151	-26.9426	-4.82141	167.326	
5.46171	0.025	0.219622	-20.974	-3.78454	172.513	
0.75159	0.025	1.37073	-19.6656	19.6934	192.086	
3.89984	0.025	0.273158	-42.8001	-14.0258	194.013	
8.37838	0.025	0.173401	-0.960322	1.61088	185.792	
11.1444	0.025	0.151988	27.031	1.5265	221.838	
5.74533	0.025	0.213052	-3.3501	6.49212	193.326	
4.26174	0.025	0.257211	-37.0558	-1.98121	168.294	
11.6056	0.025	0.149413	-50.5564	-5.9703	198.01	
8.16859	0.025	0.175619	-5.79936	9.0841	180.429	
0.795081	0.025	1.2223	72.5084	-9.47182	205.555	
6.90573	0.025	0.191831	-5.12861	-17.0521	192.891	
7.06165	0.025	0.189514	20.0111	1.74657	155.132	
2.62566	0.025	0.36535	9.15616	16.2119	194.848	
0.789877	0.025	2.07946	-47.0136	5.5359	286.882	
2.00706	0.025	0.454593	-1.1843	-0.598896	181.112	
1.46739	0.025	0.600731	5.44068	-6.17738	214.762	
11.4424	0.025	0.1503	63.146	5.82076	234.408	
9.05861	0.025	0.166919	42.7789	6.71868	224.819	
2.86193	0.025	0.341858	4.19017	-17.4894	219.326	
1.07939	0.025	2.49766	65.1275	-7.68344	165.39	
3.02596	0.025	2.98835	-59.4156	-2.12976	220.011	
1.70832	0.025	0.52283	-20.6714	20.0022	136.042	
1.97109	0.025	2.8545	51.9452	1.64032	209.326	
2.54961	0.025	2.94225	49.8407	18.6016	167.034	
10.697	0.025	0.154699	-3.85418	-0.774833	207.52	
7.89099	0.025	0.178736	0.767864	-4.28335	147.166	
11.4181	0.025	0.150435	-13.2917	-4.10846	235.347	
10.2343	0.025	0.157752	-32.6142	-13.047	187.273	
0.853237	0.025	1.09338	69.8598	13.3414	204.79	
1.36709	0.025	2.67352	14.8539	-12.5428	216.037	
3.74751	0.025	0.280808	-12.99	-4.36629	174.613	
14.8598	0.025	0.135791	7.41037	-5.10418	261.053	
8.85894	0.025	0.168718	81.2528	1.41134	178.495	
2.31802	0.025	0.403454	31.7247	5.97734	215.624	
1.60669	0.025	0.552476	-23.3133	-18.4219	157.414	
0.923589	0.025	0.982587	27.8608	0.882857	232.686	
6.81229	0.025	0.19327	-13.1733	-7.47215	189.855	
3.34499	0.025	0.30445	-53.954	-7.0658	161.063	
0.94709	0.025	2.36394	96.8358	17.2037	194.165	
4.06835	0.025	0.265374	-62.1079	-11.745	188.461	
8.15575	0.025	0.175759	24.6572	-11.0305	204.107	
8.6702	0.025	0.170495	-26.7464	-1.72637	198.263	
0.73288	0.025	1.47608	-55.2412	-9.31836	204.945	
13.136	0.025	0.142164	8.33439	7.01117	217.175	
4.96028	0.025	0.233093	34.7723	-2.31705	175.879	
9.42999	0.025	0.163776	1.15179	11.844	220.297	
0.72078	0.025	1.66057	-87.353	-15.029	234.428	
6.31789	0.025	0.201601	21.3859	1.84255	209.43	
8.97625	0.025	0.167651	-25.3211	5.83397	206.296	
1.81159	0.025	0.496461	41.1667	-3.41345	207.158	
5.04889	0.025	0.230516	0.697261	-7.91848	204.783	
1.68674	0.025	0.528792	-62.8686	-10.0875	216.964	
12.9056	0.025	0.143146	14.7257	4.98598	211.877	
3.88297	0.025	0.273975	43.1177	16.5453	208.239	
8.88798	0.025	0.168451	-15.0496	1.90172	218.584	
6.42959	0.025	0.199606	-14.8467	5.13391	196.117	
7.0182	0.025	0.190149	1.8177	9.51905	138.183	
5.29372	0.025	3.09228	7.35454	-5.37162	212.108	
0.857723	0.025	2.23095	84.6959	-5.61352	255.791	
6.48124	0.025	0.198707	-95.1701	3.97628	220.573	
4.44068	0.025	0.2503	-33.083	11.1861	194.995	
11.9227	0.025	0.147757	-3.33039	-5.17961	248.374	
8.02127	0.025	0.177246	-19.6944	-6.95898	179.307	
9.64458	0.025	0.16207	-44.6636	9.68125	245.244	
6.17135	0.025	0.204328	-19.8257	5.24827	217.445	
3.06807	0.025	0.324412	-23.8821	-1.06525	145.333	
0.727119	0.025	1.79022	122.747	33.9416	221.153	
8.72567	0.025	0.169965	-19.9946	9.22648	188.221	
6.11337	0.025	0.205443	-26.8381	7.65842	205.055	
10.6918	0.025	0.154732	-20.2187	4.17332	222.248	
8.26632	0.025	0.174572	-19.7356	-3.19763	202.91	
5.49396	0.025	0.21884	12.1272	4.89253	183.995	
1.74604	0.025	0.5128	-16.1105	2.82023	221.233	
11.2132	0.025	0.15159	14.6989	-16.7141	224.165	
5.9557	0.025	0.208587	-9.43941	-5.69832	178.379	
6.66434	0.025	0.195633	-42.8726	-2.31439	232.557	
2.83143	0.025	2.97146	-35.1872	6.09663	181.094	
1.08701	0.025	0.812194	27.4825	-2.65356	183.138	
0.750562	0.025	1.94072	-122.611	-8.75281	218.378	
2.22548	0.025	0.417089	29.7508	-4.88765	198.834	
2.76279	0.025	0.351208	-42.9968	-9.60382	202.207	
8.82658	0.025	0.169017	-14.7649	11.9905	217.744	
1.73763	0.025	2.80113	14.0769	10.8321	215.692	
8.66214	0.025	0.170573	-29.4173	-2.23908	205.296	
2.16755	0.025	2.88987	87.3635	-3.69949	215.884	
7.87172	0.025	0.17896	-26.7102	-14.4751	226.3	
1.18362	0.025	0.742016	41.5065	-6.68392	197.1	
0.720914	0.025	1.6386	7.00826	3.60181	211.353	
2.70624	0.025	0.356859	25.8342	-14.1509	191.78	
7.65157	0.025	0.181606	41.356	11.4607	181.515	
5.52229	0.025	3.09796	-3.05249	17.0512	198.461	
0.913546	0.025	0.996429	151.707	-21.0829	200.875	
5.38614	0.025	0.22149	44.5341	-1.15344	230.704	
1.2339	0.025	0.711094	100.642	-2.65766	153.269	
2.6561	0.025	2.95405	-10.159	-15.763	191.084	
9.44779	0.025	0.163631	-12.5094	9.15952	192.45	
3.51156	0.025	3.02213	48.0977	-3.34079	182.617	
2.03572	0.025	0.449181	33.7377	3.83994	235.57	
1.18794	0.025	0.739228	-15.6093	-11.7131	245.582	
2.93542	0.025	2.98078	-19.1246	0.355843	176.648	
8.33298	0.025	0.173872	22.1375	-0.0381074	198.662	
0.77192	0.025	1.29201	58.4825	10.8559	147.354	
12.0933	0.025	0.146903	-25.0099	5.01479	213.189	
0.785918	0.025	1.24805	19.5232	-4.64633	181.854	
0.729057	0.025	1.50722	-9.26572	-0.67631	187.292	
9.09278	0.025	0.166619	-10.4275	-2.90917	186.635	
1.96075	0.025	0.463697	-5.10301	8.33074	146.765	
7.85027	0.025	0.179212	18.6604	8.07357	222.014	
4.803	0.025	0.237904	41.9948	5.91035	165.413	
1.1774	0.025	0.74608	-25.7839	-3.35759	265.831	
0.763416	0.025	1.32227	-10.667	4.21208	225.504	
4.33622	0.025	0.254264	28.4038	-17.1186	177.546	
6.28278	0.025	0.202242	34.0633	6.57215	167.415	
8.57711	0.025	0.171401	-6.09745	7.84237	200.474	
7.20162	0.025	0.18752	-35.7559	-9.74273	211.187	
0.895209	0.025	2.29293	12.954	14.6239	227.571	
1.43563	0.025	2.70287	-24.2382	13.588	215.746	
11.2183	0.025	0.151561	-27.592	4.33633	233.437	
2.63351	0.025	0.364499	-28.4189	10.7729	228.458	
9.27726	0.025	0.165038	24.1548	-4.50724	229.917	
1.08007	0.025	2.49823	75.6094	-4.54968	214.07	
10.145	0.025	0.158374	10.2003	-9.08228	213.344	
4.81539	0.025	3.07861	38.4933	-4.98716	150.141	
7.95483	0.025	0.178	-7.31608	6.41852	202.798	
8.51138	0.025	0.172052	61.5439	-15.8575	177.95	
7.46068	0.025	0.184028	1.34701	-11.1868	172.406	
1.39323	0.025	0.631008	-103.743	-2.50559	189.327	
4.43021	0.025	0.250689	33.6138	4.31818	213.41	
12.9883	0.025	0.142789	-2.33422	0.866429	191.72	
3.93987	0.025	0.271247	8.31944	-3.5589	151.497	
1.21214	0.025	0.724073	23.3219	30.7185	138.612	
6.45179	0.025	0.199218	39.3901	0.390583	221.871	
2.33857	0.025	2.91554	-56.2164	-11.1798	157.847	
7.02546	0.025	0.190042	31.5913	-0.327262	178.742	
4.16579	0.025	0.261165	55.4213	11.9892	150.428	
0.895223	0.025	1.02317	-67.9426	4.80647	181.299	
0.816479	0.025	1.16903	-81.9964	-18.5765	125.14	
9.04568	0.025	0.167033	-9.75175	7.13814	184.504	
7.98946	0.025	0.177605	27.4883	8.38235	185.63	
1.00954	0.025	2.43371	-11.4059	13.1338	180.576	
2.20974	0.025	0.419529	61.1325	-0.201576	228.637	
0.747723	0.025	1.38879	14.4533	3.485	229.503	
8.68839	0.025	0.170321	-12.9287	-12.6882	212.366	
0.84749	0.025	1.10417	-90.5341	-17.3188	178.1	
4.55871	0.025	0.246043	41.435	-11.1746	153.738	
8.74401	0.025	0.169791	-3.89947	5.43638	179.077	
11.0713	0.025	0.152416	34.7626	8.15053	211.565	
1.01014	0.025	0.881812	-73.7501	2.08447	209.105	
0.770785	0.025	1.29587	46.9175	16.4566	226.312	
7.99922	0.025	0.177495	-16.7178	-13.3886	226.125	
2.4901	0.025	0.380927	32.8662	1.25568	173.8	
5.94692	0.025	0.208767	2.53891	11.6288	210.348	
9.3012	0.025	0.164837	-19.6383	6.58239	216.654	
3.72386	0.025	0.282053	32.455	6.51629	196.811	
8.48088	0.025	0.172358	49.508	2.15679	205.614	
15.6327	0.025	0.13339	-2.5718	-2.52206	219.386	
0.721918	0.025	1.60185	-45.0478	1.48233	117.478	
5.86027	0.025	0.210573	7.59296	10.6208	158.92	
0.722196	0.025	1.59538	1.61259	9.75652	214.276	
7.37192	0.025	0.185196	-24.2978	-0.0386978	219.864	
12.4633	0.025	0.145131	27.9929	0.510062	244.78	
2.22662	0.025	2.89921	40.7266	-0.757782	166.129	
13.2351	0.025	0.141753	15.6637	-2.09755	198.731	
2.06702	0.025	2.87267	-29.0536	-13.0579	191.83	
1.41295	0.025	0.622595	73.5414	18.6143	238.954	
5.54436	0.025	3.09849	51.975	8.75455	203.474	
1.31858	0.025	0.665603	-36.7909	-3.20992	196.108	
12.7342	0.025	0.143899	19.1702	7.76956	212.542	
8.92487	0.025	0.168115	-52.2959	-14.394	187.408	
4.98583	0.025	0.23234	11.7912	-4.13744	190.142	
7.26044	0.025	0.186705	-17.0612	7.36061	219.015	
9.21851	0.025	0.165534	-34.5376	-4.32535	205.364	
5.45201	0.025	0.219859	28.2247	-5.33358	211.901	
3.79264	0.025	0.278476	-10.7749	21.1173	186.361	
10.1949	0.025	0.158025	11.3318	-10.8028	226.871	
6.39456	0.025	0.200224	6.79026	7.83054	149.458	
3.32824	0.025	0.30556	28.8485	-14.3346	231.599	
1.23833	0.025	0.708519	-61.9606	-0.631702	175.987	
5.58607	0.025	0.216659	20.8978	-14.7679	167.952	
7.49955	0.025	0.183525	-18.4606	5.29627	211.038	
0.994527	0.025	0.89793	-45.5983	-0.0356588	259.119	
7.57428	0.025	0.182572	-22.3811	-1.91793	166.871	
4.28497	0.025	0.256281	-10.6344	5.48465	159.694	
0.722988	0.025	1.57986	-40.8424	-30.9069	226.078	
4.73459	0.025	0.240097	-42.0658	-3.05766	102.194	
2.60485	0.025	0.367631	-1.5844	-8.86256	188.222	
1.10385	0.025	0.798759	39.4742	1.89791	229.509	
8.24371	0.025	0.174812	-59.7852	-9.8482	203.561	
7.33793	0.025	0.185651	-23.7013	-10.2429	190.55	
0.82294	0.025	2.16165	110.312	14.83	191.15	
1.69109	0.025	0.527577	-26.182	-1.12213	122.814	
8.45659	0.025	0.172603	-13.6587	8.53669	158.597	
1.87649	0.025	0.481509	-9.39009	2.05184	157.495	
10.3923	0.025	0.156679	34.2073	-0.607241	219.305	
5.35579	0.025	0.222255	22.2403	13.6007	196.844	
7.62212	0.025	0.181972	-4.76954	11.4683	215.615	
2.26187	0.025	0.411587	-4.82194	7.8193	210.191	
2.37366	0.025	0.395795	-47.1902	8.6655	181.163	
10.3668	0.025	0.15685	-5.87225	6.38792	219.873	
11.3252	0.025	0.150953	36.3856	13.8475	240.723	
7.14268	0.025	0.18835	-45.6965	8.5405	176.098	
0.85633	0.025	2.22842	-8.70908	-0.399543	222.633	
2.09133	0.025	0.439134	-2.73229	-6.00317	152.224	
5.47327	0.025	0.219341	-32.2346	-0.935944	219.778	
1.28367	0.025	0.683463	-24.0516	10.7949	202.137	
7.74116	0.025	0.180511	-23.9665	1.47312	179.5	
1.3964	0.025	2.68649	25.2597	-1.98492	198.515	
7.05202	0.025	0.189654	10.3543	-7.28304	192.299	
1.73529	0.025	0.515609	-78.4658	-9.04534	196.808	
2.32857	0.025	2.91415	22.3675	11.7717	222.573	
0.721676	0.025	1.60816	-30.8158	-32.5574	274.344	
9.75052	0.025	0.161256	21.5011	-2.52796	222.113	
7.75871	0.025	0.1803	45.427	-8.41343	212.847	
4.77281	0.025	3.07726	68.3528	12.4962	173.093	
8.70733	0.025	0.17014	30.5868	4.51719	202.017	
9.03202	0.025	0.167154	3.2359	-0.781812	163.519	
12.0045	0.025	0.147345	-14.0944	-1.64901	212.37	
19.2136	0.025	0.124789	-45.2898	5.54306	254.752	
12.5784	0.025	0.1446	42.0917	0.451615	211.501	
10.4731	0.025	0.156143	-19.4061	6.50357	252.144	
8.8772	0.025	0.16855	-24.102	-2.83664	146.159	
7.10722	0.025	0.188856	18.3361	4.1204	188.62	
2.48981	0.025	0.380961	-5.81173	-16.7826	199.927	
10.0911	0.025	0.158755	-17.6811	-2.41061	209.79	
2.39113	0.025	0.393467	-13.8689	-1.95009	222.008	
1.49717	0.025	2.72658	-30.7133	-7.78896	221.093	
1.3448	0.025	2.6632	-49.7469	16.9603	228.529	
4.94218	0.025	0.23363	-23.4178	-9.02681	199.981	
4.41661	0.025	0.251197	-17.0326	0.460701	181.229	
4.3237	0.025	0.254752	12.4183	7.68635	185.037	
0.899078	0.025	2.29875	34.8146	-11.8507	150.455	
1.14662	0.025	0.767033	-57.443	4.55938	241.218	
1.20386	0.025	2.58695	-3.27175	-20.1525	246.754	
0.742343	0.025	1.41643	-113.401	12.6891	212.291	
0.721081	0.025	1.62907	-81.9017	-24.0982	219.927	
1.0875	0.025	0.811801	-6.88829	1.75035	213.531	
9.67339	0.025	0.161847	-30.421	1.67463	198.89	
4.90012	0.025	0.234896	14.1864	-7.30068	216.296	
0.722056	0.025	1.59857	-76.4855	17.6128	211.087	
1.01357	0.025	2.43776	91.3249	-6.03153	237.96	
1.20932	0.025	0.725803	66.3095	7.53322	229.225	
1.64511	0.025	0.540788	-69.5971	-13.3555	179.846	
4.58438	0.025	3.07098	4.57354	1.18397	165.367	
9.37177	0.025	0.164252	-21.7565	9.1774	246.609	
4.5338	0.025	0.246923	28.6382	-5.95422	177.862	
4.07239	0.025	0.265195	-5.69835	1.58186	184.014	
7.81363	0.025	3.13648	-30.6563	-14.7858	208.079	
0.816486	0.025	2.14711	-38.9606	9.86323	210.377	
4.74401	0.025	0.239791	-12.5448	-1.78354	190.635	
10.6814	0.025	0.154798	16.7823	-0.60557	201.348	
7.05826	0.025	0.189563	48.7724	-9.44737	174.86	
9.66023	0.025	0.161949	15.0985	7.7233	240.596	
1.47387	0.025	0.598253	94.6308	-3.34701	198.527	
9.43405	0.025	0.163743	-32.4883	-2.14357	186.941	
3.72014	0.025	0.28225	-63.325	2.76287	152.709	
11.9633	0.025	0.147552	-20.9796	-3.57551	230.12	
1.09696	0.025	0.804193	55.8131	-1.51809	226.179	
1.68705	0.025	0.528706	9.03609	-1.36626	206.118	
4.76782	0.025	0.239024	-13.8449	2.69003	190.084	
0.725442	0.025	1.54461	-15.8515	4.79654	177.67	
9.72162	0.025	0.161476	22.291	-3.90575	205.727	
3.17494	0.025	0.316284	-56.0542	5.09084	202.462	
1.19009	0.025	0.737847	-81.4427	-20.5216	210.453	
9.1642	0.025	0.165999	4.48339	-6.25784	202.675	
6.0759	0.025	0.206176	-38.1203	-6.36912	190.123	
4.93571	0.025	3.0823	-4.26875	1.66706	181.6	
18.6528	0.025	0.125918	-3.70532	-0.641034	259.489	
3.86398	0.025	0.274903	9.00123	4.52934	147.621	
0.898531	0.025	1.01819	-96.9663	3.35407	186.375	
7.09262	0.025	0.189066	31.1985	-1.62971	200.479	
3.8314	0.025	0.276518	-16.2813	10.7588	202.179	
13.5696	0.025	0.140409	16.8124	-3.89461	249.292	
3.102	0.025	0.321769	15.8929	-5.06954	206.32	
3.11911	0.025	2.99567	-8.01997	-2.91653	202.212	
6.37897	0.025	0.200501	-42.2812	-2.24332	213.189	
10.8082	0.025	0.154004	13.2983	-6.31617	213.411	
6.64201	0.025	0.195999	11.9802	3.11328	214.97	
3.20341	0.025	0.314213	4.11076	3.68762	208.035	
1.87027	0.025	0.482893	-17.2751	8.86993	228.256	
0.908395	0.025	2.31238	76.3075	4.99133	233.239	
10.6268	0.025	0.155145	7.70756	-2.05803	218.629	
2.57585	0.025	0.370874	12.9736	0.872625	193.089	
10.0522	0.025	0.159032	23.5695	8.40985	181.224	
5.02316	0.025	0.231255	-43.1202	4.53922	194.867	
10.9763	0.025	0.15298	16.8309	1.38067	196.565	
7.30862	0.025	0.186047	5.07818	3.838	201.946	
5.47888	0.025	0.219205	58.4809	7.43656	171.11	
2.45289	0.025	0.385517	24.8229	10.6724	217.61	
9.17008	0.025	0.165949	8.49708	5.29152	236.086	
8.15219	0.025	0.175797	-18.6271	-3.72408	207.79	
1.10597	0.025	2.51902	-0.947283	-25.8177	198.712	
5.939	0.025	0.20893	14.2326	-0.404269	155.492	
10.5312	0.025	0.155762	14.3724	2.61139	231.378	
1.28716	0.025	0.681622	-21.2039	-9.78667	249.177	
3.29534	0.025	0.307776	30.8697	1.94886	186.387	
3.64818	0.025	0.286147	-8.81844	-7.39719	188.295	
6.88454	0.025	0.192154	-35.2795	-14.2997	193.104	
1.52616	0.025	0.579145	16.6434	4.50033	226.53	
1.05702	0.025	0.837622	3.35573	5.02199	164.927	
1.45165	0.025	0.606857	122.875	-2.21612	182.262	
6.08797	0.025	0.205939	58.3038	-11.8231	198.9	
6.52028	0.025	0.198037	27.9459	-5.87978	217.503	
6.01337	0.025	0.207418	-11.323	-0.808998	207.011	
8.8028	0.025	0.169239	-1.31308	-3.27618	218.782	
0.836876	0.025	1.12503	-56.6834	13.6008	187.925	
2.3733	0.025	2.92028	1.67137	-8.57899	196.786	
1.04687	0.025	2.46943	0.279487	-22.6746	242.386	
0.869444	0.025	1.0646	-24.014	10.5998	208.038	
6.30177	0.025	0.201894	43.0645	-0.662961	167.397	
13.7093	0.025	0.139867	4.35875	-4.68995	233.117	
9.13887	0.025	0.166218	-54.793	-2.67442	183.278	
0.721308	0.025	1.61973	-23.8786	-4.19238	225.153	
3.661	0.025	3.03068	3.42328	4.83512	202.868	
2.28983	0.025	2.90864	69.2536	8.07755	110.006	
2.62063	0.025	0.365898	7.94155	-12.1295	155.807	
9.85402	0.025	0.160477	9.04821	-2.21417	193.476	
7.00705	0.025	0.190313	10.1315	7.23053	217.401	
8.93199	0.025	0.168051	-3.34781	-1.86028	211.435	
5.4962	0.025	0.218786	-8.18411	2.69106	181.978	
6.49386	0.025	0.198489	33.2104	19.9434	186.086	
7.58958	0.025	0.182379	29.1916	-7.12319	168.831	
2.63601	0.025	0.364229	-43.2483	13.9039	191.597	
1.86628	0.025	0.483786	4.67689	-3.54509	186.503	
0.769415	0.025	1.3006	-66.5235	8.91851	114.009	
4.11151	0.025	0.263485	-19.9957	-14.3044	187.086	
1.41114	0.025	0.623353	10.2549	-0.203684	226.454	
3.46708	0.025	0.296686	48.919	0.572881	189.498	
2.01357	0.025	2.86278	-32.8613	1.81714	186.019	
0.975374	0.025	0.918816	-73.8512	-24.4651	169.468	
8.93557	0.025	0.168018	-40.9606	-2.99932	241.064	
15.7688	0.025	0.132992	-32.9206	-11.5926	220.513	
1.16404	0.025	0.754995	29.9506	6.96038	172.961	
9.35583	0.025	0.164383	-37.3515	6.46907	194.209	
5.54371	0.025	0.217653	23.3876	5.88168	148.346	
0.728285	0.025	1.51435	-57.3081	-8.24574	251.893	
0.76749	0.025	2.00875	-123.557	-13.5525	259.149	
1.34335	0.025	0.653612	-28.5881	3.29799	195.36	
3.86974	0.025	0.274621	-56.1936	18.3282	175.665	
7.67053	0.025	0.181372	9.22903	10.3736	179.645	
11.0004	0.025	0.152837	2.98283	1.56535	174.759	
2.21807	0.025	2.89789	-42.8344	-4.85474	172.802	
1.7069	0.025	0.523217	-116.496	3.45507	155.168	
5.64195	0.025	0.21537	54.9647	-9.99382	181.286	
5.71139	0.025	0.213804	-5.6019	-0.468895	181.429	
4.19166	0.025	3.05605	-28.2548	13.4563	214.717	
6.36867	0.025	3.11544	20.9064	1.06849	203.945	
1.50527	0.025	0.586593	-87.0727	-7.97122	121.186	
6.87055	0.025	0.192368	-2.08708	4.61935	197.345	
11.1792	0.025	0.151786	-29.1077	1.45525	183.199	
1.08683	0.025	2.50378	-16.4956	2.48378	151.801	
0.900462	0.025	1.01532	29.7176	23.8403	258.037	
3.38727	0.025	0.301696	-21.3782	-7.88595	178.76	
2.90127	0.025	2.97779	3.55706	-22.0754	175.315	
5.23094	0.025	0.225498	7.15799	10.3482	160.823	
9.75929	0.025	0.161189	-29.7325	-11.9587	202.329	
0.721052	0.025	1.68562	-57.8936	-3.84753	217.23	
2.1464	0.025	0.42973	-2.99272	3.73813	195.297	
0.890757	0.025	1.03001	40.2403	-6.78982	242.728	
9.726	0.025	0.161443	-1.97064	-7.12781	205.403	
2.16226	0.025	0.427115	-2.84632	4.97971	173.096	
2.77248	0.025	2.96586	-10.7601	14.2165	199.598	
14.6645	0.025	0.136438	-24.3061	-6.77524	227.452	
3.93564	0.025	3.04468	17.9369	-4.62675	201.142	
0.834011	0.025	1.13089	12.4339	8.40516	149.791	
5.09744	0.025	0.229142	27.1848	-0.725312	204.243	
8.79236	0.025	0.169336	28.26	10.671	172.356	
0.776059	0.025	2.03779	-29.4927	-10.7934	179.499	
0.764444	0.025	1.31844	-45.0056	-13.5316	238.273	
4.00343	0.025	0.268294	27.5561	-4.59513	238.475	
9.75895	0.025	0.161192	-13.3914	10.2458	250.844	
0.72104	0.025	1.6311	-7.2789	-8.04769	193.129	
13.4926	0.025	0.140712	-6.58213	7.23265	212.428	
1.08815	0.025	0.811268	-84.157	-0.745626	144.316	
1.17652	0.025	0.746657	95.6071	1.34753	104.636	
19.6273	0.025	0.123998	10.8154	2.5943	263.333	
1.04418	0.025	0.849143	0.970892	6.87484	234.788	
1.3612	0.025	0.645297	56.4587	3.14146	238.325	
3.13895	0.025	2.99717	-56.4059	-9.04013	223.193	
11.9013	0.025	0.147867	17.475	-7.05629	207.084	
2.21071	0.025	0.419377	73.7014	2.41574	166.776	
3.01574	0.025	0.328608	67.9088	-1.15811	182.033	
3.16093	0.025	0.317317	59.2558	-8.48725	199.157	
8.97071	0.025	0.167701	13.8967	0.797897	178.616	
1.77605	0.025	0.505154	32.6436	0.697516	208.624	
8.06763	0.025	0.176728	-59.5089	-4.70693	203.297	
12.8207	0.025	0.143516	-18.526	-2.17551	172.371	
1.08386	0.025	0.814772	-60.6407	9.95245	129.232	
11.975	0.025	0.147493	10.0483	7.81117	236.957	
2.46064	0.025	2.93158	-9.15404	7.5533	199.513	
8.5835	0.025	0.171338	20.3407	-3.73848	159.601	
1.17928	0.025	2.57128	20.5714	0.307406	260.584	
3.59244	0.025	3.02685	14.3193	2.78443	209.787	
14.3882	0.025	0.137383	29.1408	-10.5076	212.348	
0.769113	0.025	2.01447	-60.7134	-12.3456	226.942	
0.740911	0.025	1.42441	70.6092	1.38251	226.054	
1.47098	0.025	2.71677	-4.95658	-16.5887	273.441	
9.59629	0.025	0.162447	-50.3023	13.1845	208.962	
13.0527	0.025	0.142515	-45.7037	-1.15695	203.174	
11.9462	0.025	0.147639	3.07241	-4.92232	249.695	
0.769353	0.025	1.30081	36.3298	6.29618	186.39	
1.0104	0.025	0.881543	-40.5473	4.6855	189.848	
11.7076	0.025	0.14887	0.154112	-3.53597	208.58	
6.5672	0.025	0.197242	28.0088	-10.4029	194.963	
4.09297	0.025	0.264291	15.0742	0.941587	236.306	
8.063	0.025	0.176779	27.8311	9.24935	191.148	
9.48563	0.025	0.163326	-35.7762	-4.3779	205.823	
11.6034	0.025	0.149424	24.3154	-8.51428	186.714	
1.57765	0.025	0.561737	3.84167	4.09043	202.055	
3.50657	0.025	0.294293	-20.2469	-2.06883	166.964	
10.6502	0.025	0.154995	5.73484	0.945053	224.29	
13.0816	0.025	0.142393	-8.13119	-0.529484	214.386	
0.737734	0.025	1.44325	-35.0172	3.95895	256.487	
0.727863	0.025	1.51842	95.7818	-15.4573	220.616	
2.74868	0.025	0.352595	24.4713	-5.69117	214.107	
0.728292	0.025	1.80184	-21.2434	-14.9651	216.898	
0.950211	0.025	2.36778	-18.8255	17.2775	208.278	
9.27768	0.025	0.165034	92.2443	17.9911	196.469	
3.47565	0.025	0.296162	-40.7708	-3.13635	185.552	
9.31572	0.025	0.164716	-6.52921	-11.6098	244.878	
4.60571	0.025	0.244409	23.5258	1.74479	201.726	
5.49159	0.025	0.218897	46.6	-0.360206	191.929	
3.63309	0.025	0.286984	17.0251	-14.0317	175.982	
4.18478	0.025	0.260368	12.3318	-10.0727	193.014	
1.79919	0.025	2.81667	41.3198	-10.3523	208.618	
1.34636	0.025	0.652194	-35.8726	2.21936	230.684	
7.80963	0.025	0.179691	13.8041	-9.20576	268.913	
5.46619	0.025	0.219513	25.1899	-1.44571	170.835	
6.99868	0.025	0.190437	34.9612	1.62759	195.496	
11.6332	0.025	0.149265	-24.9821	-2.45988	230.725	
2.81077	0.025	0.346598	21.5793	-7.03927	213.883	
6.02937	0.025	0.207098	36.9464	-0.547065	172.914	
10.778	0.025	0.154192	-46.3709	-0.98754	197.962	
6.73714	0.025	0.194457	-4.58976	-2.44146	205.03	
13.9974	0.025	0.138783	14.7854	2.05922	224.767	
6.09051	0.025	0.205889	-7.7053	-19.7391	152.255	
1.76865	0.025	0.507013	4.63144	3.27392	240.652	
1.79514	0.025	2.81569	8.83136	-16.0908	174.189	
2.71971	0.025	0.355491	21.6308	-1.19176	184.195	
2.20252	0.025	0.42066	-65.1174	-15.3081	179.436	
9.77908	0.025	0.161039	-13.9965	-0.101816	202.127	
0.720784	0.025	1.65403	-95.9608	-13.167	251.997	
4.32691	0.025	0.254627	-26.2085	0.864164	216.427	
4.428	0.025	0.250771	-63.8925	5.83052	181.78	
1.39702	0.025	0.629372	-13.885	-4.6038	189.002	
2.29456	0.025	0.406801	-49.665	8.33539	162.119	
5.36169	0.025	0.222106	49.0439	-18.1289	212.217	
1.82061	0.025	0.494312	-31.3224	-3.52967	223.435	
11.4373	0.025	0.150328	-5.38613	2.06639	242.311	
1.84122	0.025	0.489491	-31.4585	3.99459	206.249	
2.60758	0.025	0.367329	-55.6952	4.28765	208	
8.08343	0.025	0.176552	23.9684	-14.7427	231.59	
11.7411	0.025	0.148694	26.9264	2.93622	205.397	
4.51271	0.025	0.247675	28.3839	-1.66077	185.924	
0.849476	0.025	1.10041	-34.4535	-15.6878	230.27	
4.91227	0.025	0.234528	70.6664	-7.38556	197.387	
6.0235	0.025	0.207215	32.0598	-2.32998	197.424	
11.5366	0.025	0.149785	7.46831	-8.2714	206.222	
0.772324	0.025	2.02548	55.0655	7.17547	137.713	
5.62281	0.025	3.10032	15.4231	4.67076	183.686	
5.4178	0.025	0.220701	3.70719	4.26968	167.228	
2.44856	0.025	2.93006	23.8777	-0.120805	202.68	
0.765152	0.025	1.31583	119.672	-19.7551	217.281	
1.00735	0.025	0.884635	10.5753	-16.1655	244.99	
11.7825	0.025	0.148478	-14.3009	-4.20655	220.389	
8.75705	0.025	0.169668	-10.8045	-1.02175	209.518	
1.41965	0.025	0.619798	36.5988	-3.44766	204.783	
1.64889	0.025	2.77646	-52.1294	0.842045	213.041	
9.98031	0.025	0.159549	22.802	-2.01664	177.628	
3.54097	0.025	0.292253	13.94	-8.53969	181.61	
1.50658	0.025	0.586123	-5.28909	8.39199	155.747	
13.3289	0.025	0.141369	-35.338	-8.91788	254.468	
1.1935	0.025	2.58045	-29.5427	-15.3801	236.371	
2.4444	0.025	0.386585	14.8835	8.00625	171.556	
4.03936	0.025	0.266666	2.43687	-10.8675	187.755	
4.00156	0.025	3.04775	-17.0761	9.38107	200.096	
3.32877	0.025	3.0106	-15.6983	3.81543	170.73	
2.69558	0.025	2.95817	7.47715	9.70962	233.825	
10.7069	0.025	0.154636	12.1657	-3.56726	205.362	
10.3667	0.025	0.156851	-19.19	12.2652	236.394	
10.9334	0.025	0.153239	-42.774	2.82746	236.784	
4.46908	0.025	0.249255	15.4102	-3.72447	194.032	
9.60943	0.025	0.162344	19.5369	11.7639	197.769	
4.54569	0.025	0.246501	-37.8511	14.3637	205.706	
4.16469	0.025	0.261211	10.1458	7.15757	228.462	
0.821605	0.025	1.15743	-11.1542	14.0613	250.376	
5.8823	0.025	0.210109	-18.1888	-1.60064	172.189	
8.95064	0.025	0.167882	-38.7249	-6.11129	194.892	
7.70279	0.025	0.180977	-22.2511	-7.50968	195.546	
0.803686	0.025	2.11628	6.48774	-4.49376	182.651	
1.23113	0.025	0.712712	63.8114	-3.39808	185.421	
10.3637	0.025	0.156871	-49.7711	-2.88647	223.587	
9.61731	0.025	0.162283	-4.43525	5.90531	191.355	
1.06944	0.025	2.48928	-23.5941	-4.85613	239.453	
5.36794	0.025	0.221948	13.776	2.66762	192.199	
7.15041	0.025	0.18824	17.2288	-4.97428	222.636	
2.47737	0.025	0.382481	43.3741	24.9882	211.767	
5.33883	0.025	0.222687	61.1095	-0.358129	179.441	
3.32727	0.025	0.305625	-35.7388	3.87788	162.131	
8.45869	0.025	0.172581	-31.5814	6.84708	206.705	
1.4571	0.025	0.604717	-10.0785	7.59965	228.405	
5.29637	0.025	0.223779	3.71592	-10.1644	190.999	
15.2428	0.025	0.134571	20.339	-2.19335	209.808	
1.67595	0.025	0.531838	16.0377	4.19239	190.859	
5.01963	0.025	0.231356	41.1521	-6.33663	173.875	
7.00839	0.025	0.190294	-31.4505	11.3139	168.391	
7.86365	0.025	0.179055	23.0455	-5.41298	208.837	
7.92122	0.025	0.178386	2.30061	-9.62448	158.919	
1.99625	0.025	2.85945	55.4057	11.1859	170.419	
5.07111	0.025	3.08624	-34.8946	-2.64134	200.637	
8.0661	0.025	0.176745	15.8115	8.67016	161.492	
1.99042	0.025	0.457811	-88.7214	-1.11359	196.981	
1.67648	0.025	0.531688	-49.9074	-4.90671	214.367	
5.12494	0.025	0.228376	-13.486	8.16726	178.326	
11.6239	0.025	0.149314	-17.4813	-12.5903	246.067	
4.59256	0.025	0.244863	-21.9525	-3.86552	158.766	
2.87961	0.025	0.34026	21.0373	16.104	208.245	
12.4586	0.025	0.145153	24.3146	-14.1352	221.795	
9.97727	0.025	0.159571	-43.8041	8.45846	202.401	
6.40111	0.025	0.200108	22.6922	-3.81103	183.289	
3.16254	0.025	0.317198	-55.4887	-1.52142	212.302	
3.64108	0.025	0.28654	-11.7448	7.79216	148.838	
0.735451	0.025	1.45797	-29.2639	2.6894	299.397	
1.37789	0.025	0.637754	-85.607	-0.646453	161.455	
10.0814	0.025	0.158823	8.38424	4.11661	204.916	
0.915379	0.025	0.993861	18.7075	-8.60637	273.833	
1.05062	0.025	0.843309	-20.7024	-19.7348	262.774	
2.04472	0.025	2.86861	6.3809	-0.885897	217.785	
7.93513	0.025	0.178226	1.08961	-11.0597	213.496	
3.94245	0.025	0.271125	-6.34273	-16.1331	205.331	
2.59196	0.025	0.369063	-47.5786	-3.76439	187.829	
9.96798	0.025	0.159639	-23.0678	6.52384	231.453	
4.97427	0.025	0.23268	0.522671	-5.32347	189.229	
14.2431	0.025	0.137894	-8.49108	-2.60144	211.369	
10.2754	0.025	0.15747	6.98641	5.12009	226.802	
1.14284	0.025	2.54642	77.6655	-5.69565	189.107	
6.51068	0.025	0.198201	9.92556	-1.85464	229.081	
19.8046	0.025	0.123669	-3.30647	3.02438	277.996	
0.78075	0.025	2.05257	-47.5699	-13.1922	161.864	
12.5876	0.025	0.144559	-20.5336	-5.17127	202.823	
4.17369	0.025	0.260832	68.3309	0.166337	158.999	
6.98167	0.025	0.190689	-35.0795	-8.72721	206.138	
2.59562	0.025	2.94747	-28.409	-1.12039	177.563	
4.92576	0.025	0.234122	-9.54723	9.92102	214.816	
3.04568	0.025	2.98994	64.6339	-0.321764	135.542	
3.59128	0.025	0.289341	-29.6746	1.41687	151.016	
7.5532	0.025	0.182839	-38.0635	-5.47682	208.521	
10.5438	0.025	0.15568	1.16391	-8.41162	207.331	
0.824751	0.025	2.16562	-12.7655	10.0868	246.736	
6.99451	0.025	0.190499	50.1134	4.73709	205.705	
8.42416	0.025	0.172932	-27.4163	1.32939	224.558	
14.2905	0.025	0.137725	25.8085	-13.874	267.588	
1.05459	0.025	2.47636	-21.7864	-8.71156	240.428	
4.9829	0.025	3.0837	20.0899	6.7324	188.804	
7.21807	0.025	0.187291	1.32456	-12.6637	187.965	
8.70517	0.025	0.17016	24.1285	-3.43466	212.285	
5.15139	0.025	0.227646	7.16821	-1.1866	195.541	
1.10424	0.025	0.798459	-134.391	-13.7576	250.212	
3.50108	0.025	0.294622	-13.523	-7.52735	166.815	
2.88333	0.025	2.9762	-11.5484	-12.4105	123.9	
4.54757	0.025	3.06969	-31.2549	-4.96127	201.575	
0.822588	0.025	1.15525	-57.2315	36.6208	296.896	
0.743164	0.025	1.90413	-2.05178	-4.9221	229.468	
9.63731	0.025	0.162127	4.52378	7.74533	245.3	
6.89731	0.025	0.191959	1.10737	10.8847	185.09	
1.94238	0.025	2.84869	15.6435	-22.4229	228.103	
12.1089	0.025	0.146826	19.5242	3.94408	180.121	
10.2773	0.025	0.157457	-6.61641	7.02849	240.76	
0.779117	0.025	1.26862	108.453	10.795	183.79	
3.37027	0.025	0.302795	30.9891	12.0367	191.856	
0.802321	0.025	2.11282	-42.9698	2.65787	211.512	
5.4654	0.025	0.219532	-4.67767	-3.52021	178.608	
0.871336	0.025	2.25473	-104.882	-11.8409	229.308	
3.14301	0.025	0.318653	12.6628	-8.04222	209.439	
6.0082	0.025	0.207522	50.2481	-4.09101	224.661	
5.20186	0.025	0.226275	-10.1852	-10.3271	154.79	
8.28867	0.025	0.174336	-5.17188	-5.58631	234.029	
7.05466	0.025	0.189616	-19.335	1.2392	159.279	
7.67102	0.025	0.181366	-1.98172	0.979356	224.431	
6.22689	0.025	0.203279	40.2267	1.07425	195.202	
6.37082	0.025	3.11548	-56.4684	-3.82876	183.425	
10.9419	0.025	0.153188	20.2798	2.45341	194.104	
11.7416	0.025	0.148692	-6.80995	-2.06767	216.431	
2.59996	0.025	0.368172	8.46231	-16.4183	236.038	
1.57498	0.025	0.562607	2.92214	4.95619	219.995	
17.7396	0.025	0.127909	44.3722	2.44246	239.12	
2.5012	0.025	2.93654	48.6613	-2.86613	207.04	
7.35473	0.025	0.185426	-43.3878	6.54071	189.358	
1.49678	0.025	0.589692	53.0115	6.26938	186.101	
6.73674	0.025	0.194464	-59.3079	-12.0275	176.714	
1.17848	0.025	2.57075	28.8713	-3.41314	189.338	
0.875444	0.025	2.26161	57.774	-10.7981	194.95	
1.49305	0.025	0.591066	-45.9768	-5.8342	226.719	
6.24064	0.025	0.203022	-6.77974	8.72619	194.636	
8.01227	0.025	0.177347	-4.23717	4.0708	188.381	
8.55108	0.025	0.171657	-36.395	6.21599	219.074	
3.74633	0.025	0.280869	30.38	10.1113	192.478	
0.93288	0.025	0.970252	19.2992	7.53422	81.8125	
6.23835	0.025	0.203065	25.637	1.1571	224.92	
1.5075	0.025	0.585787	-9.79269	-10.541	214.453	
7.33002	0.025	0.185758	-14.7781	-5.6776	184.779	
6.44178	0.025	0.199392	-34.2575	5.68874	167.239	
7.8007	0.025	0.179798	0.881785	3.47591	203.833	
5.22497	0.025	0.225656	1.27834	11.874	118.436	
10.7043	0.025	0.154653	24.8998	2.09726	210.957	
9.9916	0.025	0.159468	6.56561	3.67354	248.439	
6.21514	0.025	0.203499	22.555	3.92496	234.143	
6.26341	0.025	0.2026	18.7336	-0.0108	218.634	
1.87775	0.025	0.481232	69.7999	-21.1054	195.602	
5.29291	0.025	0.223869	4.40956	4.78391	175.248	
10.9077	0.025	0.153394	-26.5208	-0.671201	183.752	
1.74011	0.025	0.514345	-90.2911	-0.438901	177.584	
0.764071	0.025	1.99631	-42.7585	-24.8727	209.619	
4.1169	0.025	0.263251	0.419826	4.74581	153.432	
9.71914	0.025	0.161495	6.12608	1.92156	189.443	
9.74459	0.025	0.161301	1.52418	-3.45704	249.926	
11.7191	0.025	0.14881	18.1026	-6.06869	227.957	
2.31161	0.025	2.91176	-8.98499	-4.58381	227.274	
7.12128	0.025	0.188655	25.3907	-1.09089	191.851	
5.81984	0.025	0.211434	-4.79156	-3.7507	203.071	
8.98845	0.025	0.167542	-19.272	5.28123	179.724	
10.9522	0.025	0.153125	-15.8569	-10.6919	238.801	
0.761471	0.025	1.32966	-21.53	18.0046	208.119	
5.49684	0.025	0.218771	-40.7262	-2.27599	181.499	
3.41249	0.025	0.300087	-45.5086	7.95267	206.014	
3.3615	0.025	0.303366	-7.10608	-1.64465	205.337	
6.55855	0.025	0.197388	-32.3552	1.49613	186.097	
6.09521	0.025	0.205797	30.4418	2.49387	205.49	
4.17337	0.025	0.260846	17.0605	-1.19997	189.239	
11.387	0.025	0.150607	30.2758	2.26326	239.539	
8.59178	0.025	0.171257	-4.68395	5.39984	209.69	
3.73987	0.025	3.03492	7.83094	13.1486	199.004	
4.00992	0.025	0.267997	54.067	-13.7452	179.719	
1.86934	0.025	2.83302	26.5862	19.1478	240.581	
0.924407	0.025	0.981484	-20.3648	6.86419	131.999	
0.772568	0.025	1.28983	-94.7422	2.83288	205.379	
1.28664	0.025	2.63423	35.2319	-3.88555	221.739	
8.37499	0.025	0.173436	-4.39086	10.0046	197.179	
4.91991	0.025	0.234298	-37.663	-10.6804	206.602	
0.920527	0.025	0.986751	92.6371	4.14196	206.453	
13.3465	0.025	0.141298	45.0432	-3.09022	233.886	
2.68865	0.025	0.358667	96.2218	4.5932	175.879	
10.9502	0.025	0.153137	40.1511	-2.99885	194.816	
8.70514	0.025	0.170161	5.5847	-3.68093	231.295	
1.864	0.025	0.4843	-29.5394	16.8365	197.109	
8.22616	0.025	0.174999	-25.5567	1.47875	202.767	
2.97367	0.025	0.332091	7.0958	-9.5584	208.112	
1.52448	0.025	0.579737	3.86699	8.16052	186.967	
7.91906	0.025	0.178411	-18.7817	5.01233	202.565	
4.70606	0.025	0.241031	-0.479587	-4.20081	214.372	
2.89508	0.025	0.338879	-19.637	3.69285	171.032	
0.826644	0.025	1.1464	61.5941	-4.62453	204.114	
4.12859	0.025	0.262748	40.839	10.8319	165.168	
1.41678	0.025	0.620992	7.08213	12.5834	230.437	
7.89876	0.025	0.178646	54.1541	4.36932	214.207	
8.62251	0.025	0.170957	-32.3153	10.2348	184.425	
7.81399	0.025	0.17964	-44.0606	2.96493	197.801	
5.98349	0.025	0.208021	28.8069	-8.74149	165.413	
0.93991	0.025	0.961199	-19.5097	-2.69768	217.844	
1.12842	0.025	2.53599	99.1151	18.9987	125.837	
2.95666	0.025	0.333529	41.8266	13.9203	181.727	
6.65227	0.025	0.19583	-16.2976	4.93471	155.905	
1.32352	0.025	0.66317	27.2147	2.22328	141.549	
10.1003	0.025	0.158689	-28.6198	10.385	214.266	
7.82445	0.025	0.179516	-3.4552	0.418765	223.443	
8.95406	0.025	0.167851	6.94644	3.22348	173.111	
0.722152	0.025	1.71975	-76.6698	5.94847	165.661	
6.15225	0.025	0.204693	-22.778	-2.44383	196.619	
0.800527	0.025	2.10822	13.6013	7.72471	218.22	
9.09217	0.025	0.166624	8.22484	3.01612	210.551	
2.77631	0.025	2.96623	65.9436	13.0561	194.209	
7.79503	0.025	0.179865	5.49044	11.8468	187.677	
4.13456	0.025	0.262492	-16.9024	5.97507	190.752	
10.8757	0.025	0.153589	12.9418	5.25187	186.827	
5.24005	0.025	0.225256	-30.1452	4.94114	179.655	
7.81639	0.025	0.179611	-8.62091	3.1838	231.302	
0.76185	0.025	1.98792	-96.359	6.40795	158.195	
0.769841	0.025	1.29912	-64.1092	-22.358	211.597	
9.58875	0.025	0.162507	6.48236	-0.692841	210.26	
7.31979	0.025	0.185896	-17.8561	-1.48255	194.158	
2.17471	0.025	0.425091	-35.5739	1.56168	207.907	
4.60754	0.025	0.244346	-12.4963	7.24704	218.173	
12.4365	0.025	0.145255	6.068	8.21522	199.09	
7.17774	0.025	0.187855	1.90688	1.51172	178.649	
9.33762	0.025	0.164534	-7.25699	-7.71362	200.948	
1.13745	0.025	0.773567	-20.2109	-16.9212	222.041	
1.61328	0.025	0.550428	-38.3368	0.891996	215.863	
11.5706	0.025	0.149601	-12.0027	1.92018	208.547	
2.09447	0.025	0.438582	-2.80707	4.7634	257.226	
0.790643	0.025	1.23451	51.0133	-7.70273	251.515	
1.24807	0.025	0.702949	109.394	7.59351	218.464	
11.6136	0.025	0.149369	45.5945	-7.21695	214.938	
5.79051	0.025	0.212066	29.3185	15.439	170.766	
4.85351	0.025	3.0798	9.03028	2.20613	176.532	
9.21317	0.025	0.16558	-34.7885	3.89146	248.726	
12.8282	0.025	0.143483	18.2764	0.227472	220.387	
11.2488	0.025	0.151387	22.4276	-4.65486	285.513	
9.15642	0.025	0.166066	-7.81957	2.14381	257.727	
7.10672	0.025	0.188863	1.76354	-5.5004	217.986	
5.43782	0.025	0.220207	16.7874	-17.1599	196.671	
8.77704	0.025	0.16948	22.2729	14.6678	204.237	
1.75705	0.025	2.80616	3.5408	-8.54726	195.142	
4.1196	0.025	0.263135	-10.6246	-4.1795	204.165	
0.810227	0.025	2.13239	71.0804	-1.41506	182.696	
6.73601	0.025	0.194475	29.1997	-4.30182	174.855	
2.68459	0.025	0.359088	42.2037	-6.95259	224.921	
1.74554	0.025	2.80319	-33.9671	-0.20593	189.112	
9.78919	0.025	0.160963	-26.035	3.18978	229.851	
6.97704	0.025	0.190758	13.0044	-2.2479	227.038	
0.785733	0.025	2.06753	-30.3199	14.528	220.377	
0.776118	0.025	2.03798	-75.758	12.6806	111.522	
7.5594	0.025	0.18276	-9.95256	-7.79062	186.681	
7.89953	0.025	0.178637	-13.534	5.76351	183.432	
10.5779	0.025	0.155459	16.755	4.91167	167.56	
9.41637	0.025	0.163887	-18.8285	-14.5715	235.442	
2.8079	0.025	2.96926	-2.2089	9.56906	166.487	
0.806698	0.025	2.1238	-129.742	7.82341	179.439	
14.0057	0.025	0.138752	-18.695	-3.1044	216.44	
8.76573	0.025	0.169586	-37.4969	5.73869	202.29	
8.72892	0.025	0.169934	9.17848	-5.93046	180.382	
7.23886	0.025	0.187002	-18.6319	2.93264	181.793	
4.73758	0.025	0.24	20.9571	-8.31956	185.838	
8.60383	0.025	0.171139	12.7993	6.92913	213.586	
0.931501	0.025	2.34407	-61.6231	-9.25787	264.928	
10.5361	0.025	0.155731	-28.3619	6.83454	233.271	
8.64973	0.025	0.170693	-15.3498	-8.20997	236.689	
10.3286	0.025	0.157108	-14.5008	-3.86191	240.925	
0.835437	0.025	2.18816	-34.7221	5.96518	200.148	
9.14981	0.025	0.166123	21.2687	-5.61113	243.431	
3.11053	0.025	0.321114	19.592	-13.9153	209.528	
6.44801	0.025	0.199284	4.79434	-0.744261	180.669	
6.52257	0.025	0.197998	-9.21744	-2.64516	201.121	
2.87535	0.025	0.340644	-63.8965	1.2401	209.703	
4.88869	0.025	0.235244	-7.17844	-5.64944	177.483	
2.12961	0.025	2.88358	5.29232	8.15937	120.884	
3.35994	0.025	0.303468	-91.9555	-8.62341	183.767	
4.84382	0.025	0.236625	37.568	3.15011	222.565	
11.1852	0.025	0.151752	-12.5633	-5.59142	252.007	
9.20319	0.025	0.165665	12.2667	6.26897	193.271	
6.89487	0.025	0.191996	1.17697	-1.88899	208.933	
8.86212	0.025	0.168689	-4.47696	-15.3501	206.002	
5.29716	0.025	0.223759	20.7169	13.7363	213.844	
5.29862	0.025	0.223721	10.6225	-6.55857	193.809	
5.22884	0.025	0.225553	-73.9232	-8.54028	184.611	
7.15701	0.025	3.12798	13.3631	3.55547	210.046	
6.3059	0.025	0.201819	-53.9805	1.74221	189.09	
2.59728	0.025	0.36847	-15.5443	-3.86137	173.596	
2.26111	0.025	0.411699	34.5338	-6.7285	179.454	
2.12732	0.025	2.8832	-40.9728	-11.6809	183.665	
8.1278	0.025	0.176064	-33.0408	-8.51705	216.332	
0.725426	0.025	1.77133	-121.95	-9.26701	203.605	
10.5088	0.025	0.155909	12.2735	3.85424	186.905	
2.18395	0.025	2.89252	-26.4403	-3.50822	233.03	
1.09684	0.025	0.804288	131.874	-14.8228	213.805	
0.751072	0.025	1.37308	96.0344	12.9988	191.816	
6.95732	0.025	0.191053	-11.3011	-11.5371	186.247	
12.7428	0.025	0.14386	-29.3614	11.0491	243.593	
9.16471	0.025	0.165995	20.5026	-8.01737	220.868	
9.61879	0.025	0.162271	-63.8973	-15.6073	215.102	
2.55528	0.025	2.9429	-49.5215	-11.0327	180.446	
8.57666	0.025	0.171405	-30.0135	5.48177	207.229	
5.45785	0.025	3.09641	15.3627	6.05045	198.704	
6.79609	0.025	0.193524	-73.2078	8.47006	185.689	
13.3674	0.025	0.141213	-32.5023	-8.65801	250.798	
2.70078	0.025	0.357418	-32.4045	2.46668	177.017	
3.4666	0.025	0.296715	-22.1861	-14.2502	191.63	
3.22477	0.025	0.312684	-20.0406	-8.48896	201.173	
10.0987	0.025	0.1587	8.08504	5.53167	223.243	
2.87743	0.025	0.340456	13.4387	4.29734	126.742	
9.93816	0.025	0.159856	17.1814	-3.08984	211.642	
10.2707	0.025	0.157502	3.84682	5.66543	222.652	
0.942053	0.025	2.35764	4.0656	2.17613	184.658	
0.726414	0.025	1.53342	18.5333	34.6443	218.645	
6.22892	0.025	0.203241	26.4343	-2.88799	170.716	
8.20107	0.025	0.175268	13.8193	-0.928683	222.172	
5.27711	0.025	0.224281	-21.384	-2.07936	184.336	
0.726276	0.025	1.53494	-6.25679	-29.4206	224.656	
1.08871	0.025	2.50531	99.7174	5.52698	178.733	
11.3348	0.025	0.1509	-29.0175	-0.580557	202.846	
1.68135	0.025	0.530309	-110.216	-5.69495	174.691	
9.4344	0.025	0.16374	0.225132	8.65468	217.051	
1.49198	0.025	2.72467	22.2793	-9.99874	172.216	
9.49545	0.025	0.163247	9.87458	-13.4735	210.877	
0.904501	0.025	2.30675	-47.6136	18.5244	273.686	
1.17589	0.025	0.747071	-38.8135	-16.9159	235.679	
8.91999	0.025	0.168159	-26.9658	8.72018	255.507	
7.39119	0.025	0.18494	41.2218	11.9898	204.592	
12.0257	0.025	0.147239	33.5053	-4.49999	246.227	
5.13712	0.025	3.08809	-4.01806	3.90266	217.783	
0.979638	0.025	2.40207	28.2797	-6.86268	211.498	
0.938148	0.025	0.963445	16.7981	13.5424	196.755	
8.80096	0.025	0.169256	-28.0879	-14.7273	228.817	
5.61941	0.025	0.215887	-27.9434	-3.29937	119.935	
3.37839	0.025	3.01386	24.9555	3.11899	154.219	
0.895752	0.025	1.02237	18.6089	-5.76985	222.931	
7.80681	0.025	0.179725	3.93911	-0.599438	213.066	
4.76578	0.025	0.239089	-33.4112	-7.64588	222.546	
8.18319	0.025	0.175461	3.37133	-14.0824	165.783	
0.891811	0.025	1.02839	-20.3431	-1.84963	150.696	
4.03043	0.025	0.267067	0.778294	-22.6793	206.227	
9.46176	0.025	0.163518	-53.0992	-2.27886	195.839	
14.2482	0.025	0.137875	26.7377	3.12298	223.315	
0.723402	0.025	1.74326	59.4126	-16.069	191.978	
7.03911	0.025	0.189842	-6.13302	8.19858	196.187	
7.33123	0.025	0.185742	3.37591	-12.3576	217.769	
2.23717	0.025	0.415302	-64.7067	-16.839	167.141	
6.36106	0.025	0.200821	11.0077	-0.795952	187.008	
3.27414	0.025	0.309227	-13.0569	-12.1623	165.445	
1.9233	0.025	2.84472	40.0843	-9.21593	191.208	
0.816007	0.025	2.14601	-67.9009	15.4449	190.161	
9.63165	0.025	0.162171	20.1933	10.1947	152.422	
11.4011	0.025	0.150529	-7.13446	-8.97734	191.966	
2.19301	0.025	2.89396	-18.6157	7.65024	223.38	
2.54086	0.025	0.374891	24.6479	14.2107	142.716	
5.02173	0.025	0.231296	18.2957	3.72414	210.209	
1.42904	0.025	2.7002	23.3828	-6.89387	192.182	
10.776	0.025	0.154204	-12.1839	1.59631	200.144	
8.3329	0.025	0.173873	38.4066	0.262185	231.474	
5.4327	0.025	3.09579	-60.2033	-11.0877	137.562	
5.05871	0.025	0.230235	46.8563	3.80674	198.152	
4.47603	0.025	3.06712	15.976	1.86426	179.09	
4.28625	0.025	0.25623	-25.6117	4.45674	210.138	
11.4911	0.025	0.150032	-53.5622	2.90608	205.517	
0.919317	0.025	0.988409	23.8387	16.6069	256.905	
5.3444	0.025	0.222545	33.203	3.3208	215.548	
0.7901	0.025	1.23604	-72.5107	1.50357	192.094	
3.68919	0.025	0.283907	38.8144	-16.4806	186.9	
1.32918	0.025	0.660406	-42.8515	2.82739	153.428	
1.07282	0.025	0.823974	105.793	0.321445	194.315	
5.39046	0.025	0.221382	-22.7034	11.4062	178.4	
5.49118	0.025	0.218907	2.30517	-3.36411	218.183	
2.8691	0.025	0.341208	-24.8633	6.05964	149.518	
1.83329	0.025	2.82479	5.9362	-6.05062	243.998	
4.86722	0.025	0.235901	2.53397	6.24844	161.842	
2.44867	0.025	0.386047	62.9586	-6.96665	204.995	
7.63513	0.025	0.18181	4.818	-5.26276	182.181	
1.48466	0.025	0.594183	19.6863	-8.06782	249.244	
1.27764	0.025	0.686669	11.1946	3.03775	166.822	
1.11815	0.025	2.52834	53.4645	6.02369	148.258	
3.45917	0.025	0.297172	-36.1291	2.88455	168.779	
13.9278	0.025	0.139041	-51.8112	2.78127	244.955	
8.82994	0.025	0.168986	-16.759	3.34166	180.499	
8.83231	0.025	0.168964	-5.00203	-9.36794	237.197	
10.0712	0.025	0.158896	-8.0334	-4.85731	191.308	
8.55966	0.025	0.171573	-18.5355	1.65516	202.224	
3.70059	0.025	3.03283	-31.2568	2.24813	168.962	
0.894681	0.025	2.29213	39.2586	-11.3216	238.662	
9.68777	0.025	0.161736	26.1081	5.47445	246.825	
0.942492	0.025	2.35819	49.2287	0.510161	246.764	
0.879896	0.025	1.04722	-16.3517	8.52838	186.155	
0.739617	0.025	1.43188	-93.3144	-5.34359	200.003	
1.44687	0.025	2.70738	2.72085	-15.6417	172.733	
11.4517	0.025	0.150249	-25.9058	16.9661	234.825	
6.43645	0.025	0.199486	7.9886	5.37705	231.617	
1.50355	0.025	2.72891	6.15	8.20099	232.421	
2.3925	0.025	0.393286	31.7716	1.26145	197.346	
8.07513	0.025	0.176644	7.80429	0.245694	166.795	
7.03904	0.025	0.189843	15.8511	3.62805	267.112	
9.82145	0.025	0.160721	-20.4403	-10.0707	245.139	
1.74292	0.025	0.513611	-17.7736	-3.8816	226.917	
5.36938	0.025	0.221912	0.926852	7.15544	189.285	
7.28964	0.025	0.186305	-16.3719	4.53518	225.342	
0.773907	0.025	1.28537	-48.4379	9.9629	245.366	
2.15408	0.025	2.88767	-8.38463	8.3867	215.125	
8.70293	0.025	0.170182	-3.77974	5.09507	173.549	
5.03656	0.025	0.230869	-49.7394	1.35172	167.372	
1.99515	0.025	0.456891	64.5068	-10.1597	163.979	
0.914876	0.025	2.32156	-36.3093	11.1429	255.409	
0.766039	0.025	1.31259	14.1623	20.8334	129.7	
14.0402	0.025	0.138626	-45.9363	11.7845	234.023	
13.7737	0.025	0.13962	14.5351	10.7773	205.962	
10.4787	0.025	0.156106	21.8407	-10.1345	243.515	
0.747537	0.025	1.38969	30.0438	-0.673755	213.81	
3.1355	0.025	0.319217	11.9998	8.30819	164.774	
9.54177	0.025	0.162878	24.4975	2.1712	217.517	
10.1655	0.025	0.15823	8.44466	-0.280494	230.268	
0.825633	0.025	2.16754	-36.5336	-3.69509	225.213	
1.9402	0.025	2.84824	54.8021	10.8567	209.063	
10.2584	0.025	0.157586	-8.68584	6.41923	221.448	
2.7357	0.025	0.353885	22.9854	-8.81163	155.653	
14.7093	0.025	0.136288	10.6646	-2.03403	256.665	
4.03905	0.025	0.26668	-10.6541	0.400313	146.458	
4.24941	0.025	0.257709	37.6849	-15.3296	186.418	
9.73179	0.025	0.161399	66.7109	-9.59346	229.786	
10.6816	0.025	0.154796	0.0591411	-6.40749	240.175	
4.45863	0.025	0.249638	-45.4351	-6.62473	209.545	
2.9496	0.025	0.334131	27.8937	-3.36858	180.461	
9.0361	0.025	0.167118	-50.0406	5.3285	243.466	
0.852261	0.025	1.09519	-48.8446	-2.42968	131.473	
9.70721	0.025	0.161587	12.3251	-8.68847	235.514	
1.98052	0.025	0.459755	44.0617	4.08269	230.968	
7.45222	0.025	0.184138	-0.578697	-4.16763	184.363	
1.63288	0.025	2.77168	-29.9361	2.07929	217.044	
10.4025	0.025	0.156611	-16.6334	6.07348	197.976	
11.1004	0.025	0.152245	8.76582	-12.0543	254.99	
4.66463	0.025	3.07372	22.7041	7.80528	192.814	
4.02582	0.025	0.267276	-21.3447	11.2128	200.086	
3.33806	0.025	0.304908	7.04704	2.06945	175.619	
9.57637	0.025	0.162604	0.966812	5.20166	189.636	
2.90006	0.025	0.338438	-17.6133	3.02946	177.157	
1.49489	0.025	0.590385	-23.8029	-15.058	188.773	
2.45562	0.025	0.385175	26.5514	6.98316	221.639	
4.67771	0.025	0.241971	13.0758	-10.7449	152.958	
6.31979	0.025	0.201566	18.2365	9.32691	217.815	
2.19939	0.025	0.421153	-44.9827	2.24456	132.686	
5.81668	0.025	3.10462	19.7027	-2.58089	181.921	
5.79646	0.025	0.211937	5.06146	-8.14241	192.483	
3.79546	0.025	3.03779	-32.624	-7.65161	217.525	
5.46742	0.025	0.219483	-6.5897	-1.25493	196.54	
5.08187	0.025	0.22958	-31.1434	10.6018	154.424	
2.60986	0.025	0.367078	-3.95315	0.851687	201.543	
7.31191	0.025	0.186003	-47.2442	-16.6472	168.513	
4.18368	0.025	0.260414	-6.98624	-23.159	175.693	
10.4632	0.025	0.156208	-28.1262	8.48923	219.04	
9.42065	0.025	0.163852	-8.01783	-2.62419	190.765	
8.41968	0.025	0.172978	43.61	-6.50335	238.219	
3.42985	0.025	3.01713	14.5856	14.9675	182.694	
4.52459	0.025	3.06888	-26.8157	-4.28588	187.79	
0.853379	0.025	2.22301	54.5681	10.4149	198.836	
4.58956	0.025	0.244966	-24.7061	-0.252874	176.011	
7.27115	0.025	0.186558	46.5333	-1.70759	187.39	
5.80255	0.025	0.211806	38.3485	-5.32454	217.221	
9.44314	0.025	0.163669	13.3702	-12.0625	223.162	
5.33718	0.025	0.222729	11.6869	16.1413	225.605	
10.2149	0.025	0.157887	23.5449	-4.17064	201.6	
4.78113	0.025	0.238598	8.9019	-1.7556	178.225	
4.57256	0.025	0.245558	11.9098	1.21341	245.921	
7.12125	0.025	0.188655	2.9466	1.01971	205.881	
7.57659	0.025	0.182543	10.704	12.1432	227.591	
4.98268	0.025	0.232433	-1.63431	-9.48903	180.715	
2.36868	0.025	0.396465	-47.3914	-6.93448	162.257	
10.9843	0.025	0.152933	-17.2414	-3.55225	223.174	
0.747965	0.025	1.38762	81.182	-0.5071	195.647	
10.988	0.025	0.152911	7.26063	-9.93137	269.943	
8.64785	0.025	0.170711	-8.33938	-4.71406	226.432	
5.34331	0.025	0.222573	-16.392	7.80996	187.27	
0.721875	0.025	1.71319	128.563	-22.6962	160.158	
9.66444	0.025	0.161916	-8.19457	-0.856846	205.538	
1.2755	0.025	2.62831	52.5146	-3.51761	213.769	
0.963721	0.025	0.932177	27.8052	-10.135	206.099	
7.61501	0.025	0.182061	-8.70824	2.05743	176.428	
0.878375	0.025	1.04969	88.5339	-13.9612	256.068	
8.79176	0.025	0.169342	-2.30363	1.80708	201.954	
1.14905	0.025	2.5508	-77.1904	9.44785	233.095	
4.60941	0.025	0.244282	2.81487	5.28753	217.446	
12.9566	0.025	0.142925	24.1483	-1.84287	225.136	
8.58509	0.025	0.171322	-9.05726	-9.03281	204.721	
7.36406	0.025	0.185301	43.6695	17.4751	183.008	
6.37482	0.025	0.200575	8.7949	-6.85165	170.793	
5.10212	0.025	0.229011	26.3836	1.93957	185.512	
0.857801	0.025	1.08503	-5.04109	-7.07206	212.63	
2.76544	0.025	2.96518	10.5468	-3.6995	241.157	
1.99242	0.025	0.457421	-34.0343	11.2728	199.234	
4.75381	0.025	0.239475	49.7143	8.88388	181.565	
10.8245	0.025	0.153903	1.80923	-4.38142	227.186	
2.56166	0.025	0.37249	-9.18471	-11.2237	204.64	
6.47924	0.025	0.198741	-9.51077	-2.83064	180.604	
1.66154	0.025	0.535974	-83.2412	-7.1617	181.87	
0.824333	0.025	1.15142	11.5138	2.74258	225.711	
8.90724	0.025	0.168275	57.5169	-19.9236	209.368	
5.69907	0.025	3.10205	-46.6859	3.09212	183.237	
5.69858	0.025	0.21409	44.6589	-5.61569	198.988	
1.00667	0.025	0.88533	30.6577	-10.6389	181.294	
7.96699	0.025	0.177861	23.2176	14.5379	222.509	
1.97238	0.025	0.461366	58.988	-23.9184	216.304	
11.7789	0.025	0.148497	13.2044	10.831	243.006	
6.22108	0.025	0.203388	27.0913	5.23423	236.026	
0.895345	0.025	2.29314	-43.8173	9.27962	203.791	
1.49975	0.025	2.72752	-48.0291	-7.55563	163.912	
1.58474	0.025	2.75669	-1.09965	-6.25363	193.955	
10.5876	0.025	0.155397	-14.7984	3.74773	192.025	
7.77678	0.025	0.180083	43.3914	1.01741	176.52	
8.67629	0.025	0.170437	13.9399	8.12589	208.406	
1.59366	0.025	0.556586	-45.4435	16.2811	230.331	
8.89678	0.025	0.168371	-20.7385	-6.31958	202.291	
0.754612	0.025	1.35748	8.1771	9.49345	214.948	
8.47297	0.025	0.172437	-36.5202	-4.31255	186.125	
0.780155	0.025	1.26539	-8.26563	14.6429	270.165	
12.5123	0.025	0.144904	-52.2829	2.94592	240.182	
7.10123	0.025	0.188942	-17.2204	-3.66223	174.842	
4.00103	0.025	0.268403	-20.542	-0.926164	198.317	
3.78408	0.025	0.278914	-37.4429	3.4732	189.812	
5.65462	0.025	3.10104	-52.3686	1.46971	228.702	
5.25541	0.025	0.22485	9.6023	7.31526	195.059	
2.21251	0.025	0.419096	27.0544	-2.96725	212.314	
7.00527	0.025	0.19034	36.7073	-15.2013	170.87	
0.726221	0.025	1.53555	-95.6507	1.14683	201.338	
9.46049	0.025	0.163529	16.5104	6.96455	217.66	
0.992972	0.025	2.41655	5.30987	-5.56829	166.753	
1.34356	0.025	0.653512	18.8175	0.306688	247.158	
3.48868	0.025	0.29537	1.2685	0.347246	197.91	
0.812248	0.025	1.17891	-111.947	-5.23536	218.799	
6.55808	0.025	0.197396	-0.53505	3.43416	216.815	
12.4924	0.025	0.144996	-28.1524	2.5389	194.869	
4.46543	0.025	0.249389	-14.8828	7.6952	146.338	
5.19416	0.025	0.226483	35.3053	-13.798	191.11	
4.90221	0.025	0.234833	-48.8303	-11.6411	166.06	
1.19984	0.025	2.58445	5.59669	-10.9698	236.731	
0.836534	0.025	2.1904	37.0694	1.68326	271.829	
0.898068	0.025	1.01889	89.5589	-4.43948	166.608	
6.31472	0.025	0.201658	-16.5363	-3.82069	154.108	
3.36441	0.025	3.01295	24.4212	0.751201	192.004	
0.722849	0.025	1.73378	21.5986	-1.02489	210.631	
10.6118	0.025	0.155241	-36.0287	-13.8893	204.014	
1.47172	0.025	0.599072	-24.8496	-4.01651	198.831	
1.30875	0.025	2.64561	27.2803	-9.25946	260.181	
2.96551	0.025	0.332779	40.1686	-10.0312	198.953	
9.83686	0.025	0.160605	31.9208	-0.274231	190.396	
3.90024	0.025	0.273139	19.8387	11.7554	159.332	
12.2554	0.025	0.146113	13.4973	-6.13472	247.507	
20.0018	0.025	0.12331	-40.5509	4.65999	220.414	
7.20935	0.025	0.187412	17.0647	-8.35273	219.379	
3.06754	0.025	0.324453	3.61834	11.7509	193.859	
0.727269	0.025	1.79177	26.6161	-9.82838	195.847	
7.45113	0.025	0.184152	19.0542	-12.2504	225.903	
2.8252	0.025	0.345243	15.4601	1.77053	209.296	
1.9176	0.025	0.472606	-30.7071	11.9631	214.312	
0.732734	0.025	1.83896	-126.006	3.22896	223.684	
1.80462	0.025	0.498135	51.0224	-11.9995	185.122	
0.828157	0.025	1.14316	80.0515	18.5634	186.608	
11.0172	0.025	0.152736	-18.8459	6.12718	233.593	
4.56555	0.025	0.245803	-31.0212	-10.326	175.426	
0.883861	0.025	1.04084	-33.577	-1.46163	270.775	
0.82703	0.025	2.17055	-60.8595	2.27091	307.937	
10.0198	0.025	0.159264	2.0986	-1.76966	209.71	
3.17513	0.025	0.316271	78.7189	14.3133	196.958	
8.01483	0.025	0.177319	9.61874	2.37237	196.874	
6.48221	0.025	0.19869	-23.1729	-16.3198	185.297	
1.04083	0.025	2.46391	-78.7968	2.67476	194.323	
0.951196	0.025	0.94714	9.21344	2.86351	149.79	
8.44163	0.025	0.172754	-6.82457	-2.82366	199.936	
5.73091	0.025	0.213371	-56.646	-9.15083	189.354	
3.99611	0.025	0.268629	-4.20593	-8.85562	214.304	
3.84976	0.025	0.275605	5.09578	-5.55843	201.755	
6.25535	0.025	0.202749	7.27649	0.119814	217.221	
3.58974	0.025	0.289429	14.5362	-0.189988	212.5	
1.30187	0.025	0.674003	19.817	-6.24784	165.262	
4.14343	0.025	0.262113	3.5944	-1.47395	191.997	
5.46282	0.025	0.219595	30.7187	0.00741185	223.943	
10.356	0.025	0.156922	19.9276	-5.05844	212.318	
1.47043	0.025	2.71656	29.553	14.5456	212.338	
11.4168	0.025	0.150442	-6.51221	2.19812	239.262	
1.33472	0.025	0.657729	-46.6932	-14.9951	125.876	
9.59822	0.025	0.162432	-20.6673	-0.529043	214.445	
8.29982	0.025	0.174219	7.84091	-1.57367	224.639	
5.20893	0.025	0.226086	-7.41511	1.86562	211.978	
7.71317	0.025	0.180851	-0.471032	2.82925	215.092	
0.733515	0.025	1.84469	-1.31802	-1.12777	263.73	
10.4535	0.025	0.156272	-24.0427	-9.63208	224.58	
9.31918	0.025	0.164687	35.1846	-12.3269	233.834	
1.86736	0.025	0.483544	-16.6944	-5.11412	179.667	
7.73193	0.025	0.180623	-50.7525	-1.77869	191.208	
9.64547	0.025	0.162063	-2.38903	-7.88366	220.884	
1.33093	0.025	0.659557	-84.1527	-1.5381	210.131	
4.49727	0.025	0.248231	44.0083	-2.49396	174.389	
12.5376	0.025	0.144787	-2.31448	-6.84096	217.207	
4.43222	0.025	0.250614	20.3051	0.0951972	183.81	
4.11364	0.025	0.263392	27.9671	9.24565	182.567	
3.25116	0.025	0.310823	11.2479	5.57564	232.714	
0.735432	0.025	1.4581	-54.182	-10.2778	158.953	
10.6401	0.025	0.15506	13.6615	-7.11325	200.896	
1.01766	0.025	0.874312	-34.2533	-3.30306	224.131	
7.88242	0.025	0.178836	-16.8859	-0.825508	183.129	
2.86581	0.025	0.341506	-33.6371	17.0769	217.957	
9.67185	0.025	0.161859	-9.67558	1.92926	210.329	
1.47612	0.025	0.597397	18.9896	-0.291686	207.494	
4.27118	0.025	3.05929	-5.50975	1.50644	184.556	
2.11094	0.025	0.435724	-10.935	-14.5743	218.15	
6.90891	0.025	0.191783	13.9683	-2.40836	223.168	
7.97477	0.025	0.177772	4.89971	0.376579	209.362	
14.4741	0.025	0.137085	-20.4888	10.0895	212.491	
5.3367	0.025	0.222741	68.2381	0.595246	176.115	
1.05611	0.025	0.838425	-17.581	-3.63233	267.4	
3.21766	0.025	0.313191	29.2864	0.357464	203.13	
1.49949	0.025	0.588699	16.8105	18.1959	252.863	
2.77357	0.025	0.350158	45.6121	-10.4846	159.255	
1.0458	0.025	2.46846	10.7263	-1.5825	240.858	
2.17724	0.025	2.89144	30.6427	-5.48768	218.548	
6.55939	0.025	0.197374	24.8889	13.3271	225.932	
2.19704	0.025	2.8946	-59.9729	2.40382	218.301	
9.87553	0.025	0.160318	2.18784	9.33872	208.627	
3.9805	0.025	0.269348	13.2988	-11.7147	182.103	
2.47175	0.025	2.93295	34.5972	0.950951	166.146	
3.39816	0.025	0.300998	6.01533	8.57906	173.585	
10.8777	0.025	0.153577	-27.9218	0.154847	216.86	
5.14783	0.025	0.227744	-13.5864	8.62187	165.701	
11.1611	0.025	0.151891	29.9215	-3.3001	197.958	
1.53531	0.025	0.575953	-81.331	9.62416	230.108	
1.13771	0.025	2.54275	-26.01	-10.0594	189.577	
12.8484	0.025	0.143395	29.8584	-8.85979	216.678	
0.86977	0.025	2.25208	-3.65736	23.4045	230.723	
0.951006	0.025	2.36875	-59.2593	13.3059	135.474	
5.51664	0.025	0.218296	17.5211	-11.2053	170.209	
0.725499	0.025	1.7722	-30.583	2.82028	217.391	
6.96587	0.025	0.190925	17.3575	-1.37666	205.951	
5.61693	0.025	0.215944	-16.725	8.81724	155.399	
4.43575	0.025	0.250483	10.5702	-11.416	203.554	
12.716	0.025	0.14398	-16.8954	4.40069	200.851	
1.05138	0.025	0.842628	-4.55125	-8.89772	183.149	
5.99384	0.025	0.207811	-17.1408	6.29948	179.713	
10.4807	0.025	0.156093	-11.2102	4.94747	220.838	
9.00289	0.025	0.167413	-14.9759	-1.55474	197.699	
2.11195	0.025	2.88057	-66.0851	-12.6013	186.916	
1.76694	0.025	2.80868	-20.0268	4.92412	177.549	
9.20103	0.025	0.165683	-27.0429	1.99628	181.276	
3.23507	0.025	0.311954	10.786	7.35368	216.993	
1.11532	0.025	0.789928	15.9286	-3.63076	189.519	
1.43353	0.025	0.6141	54.7858	14.174	182.155	
1.59439	0.025	0.556353	-24.9805	8.16421	182.631	
3.22468	0.025	3.00344	-5.63178	5.57216	204.322	
12.5473	0.025	0.144743	-7.58935	1.51115	216.63	
0.985241	0.025	2.40823	69.713	20.4798	179.566	
6.23016	0.025	0.203218	41.0473	6.04047	183.238	
0.777342	0.025	1.27422	-2.42604	4.27723	225.477	
2.43682	0.025	0.387544	-20.981	-1.2419	181.424	
6.60246	0.025	0.196653	30.2744	-0.288499	233.329	
6.76287	0.025	3.12208	-9.84269	-8.47224	224.912	
7.18735	0.025	0.18772	-7.98805	9.01662	212.241	
6.75146	0.025	0.194229	0.70376	-9.5253	191.87	
10.7811	0.025	0.154172	-37.5115	-1.33644	236.949	
1.67349	0.025	0.532539	59.5617	-6.23212	137.058	
3.93311	0.025	0.271567	-12.2062	3.66299	182.411	
1.38554	0.025	0.63437	-2.98806	-9.08858	219.674	
6.69508	0.025	0.195133	-13.3489	-9.31838	210.314	
13.9354	0.025	0.139012	25.78	5.15344	231.48	
0.818539	0.025	1.16432	37.553	7.05803	162.559	
13.5494	0.025	0.140488	23.8182	8.39653	249.918	
6.12026	0.025	0.20531	27.1192	12.3432	186.446	
5.58033	0.025	0.216792	41.5704	1.06885	178.577	
9.76051	0.025	0.16118	-26.0831	-2.80708	183.499	
2.38315	0.025	2.9216	-11.7573	-6.44613	203.214	
6.79995	0.025	0.193463	8.50116	10.0849	191.02	
3.24243	0.025	0.311435	-29.7222	-11.7497	208.691	
1.84573	0.025	2.82767	2.29108	-2.15255	214.994	
4.77196	0.025	0.238891	-17.1264	10.321	248.524	
0.969815	0.025	2.391	43.524	-5.73438	235.898	
7.81064	0.025	0.179679	-4.84954	0.63064	188.529	
9.37418	0.025	0.164232	-7.31766	12.711	224.399	
0.899534	0.025	2.29943	13.3227	19.0874	164.871	
2.01632	0.025	2.8633	16.5215	-0.595717	148.253	
2.36359	0.025	2.91897	5.35897	13.1857	190.92	
3.21252	0.025	3.00257	18.644	1.83012	161.284	
2.56752	0.025	2.94431	60.8896	4.02931	218.045	
11.3872	0.025	0.150606	-11.9543	-10.9441	212.763	
5.77148	0.025	0.212479	-37.5508	11.8403	204.756	
9.64986	0.025	0.162029	0.159785	-6.83902	221.971	
7.57635	0.025	0.182546	6.68427	-2.29903	204.735	
7.37947	0.025	0.185096	-12.7917	-2.0133	212.619	
5.88033	0.025	0.21015	14.948	-13.7997	201.214	
10.7511	0.025	0.154359	-31.4301	-6.45546	229.627	
6.65959	0.025	0.19571	-28.9849	6.19458	174.391	
0.911151	0.025	2.31631	30.3224	28.808	256.079	
0.823204	0.025	2.16223	-63.2926	-10.1084	207.946	
3.30216	0.025	3.00881	-12.4234	8.22336	181.173	
0.723616	0.025	1.56947	42.3435	-0.456458	222.91	
6.9058	0.025	0.19183	28.5155	-2.01125	205.908	
1.22556	0.025	2.60013	4.61232	15.7408	222.055	
8.39794	0.025	0.1732	-51.1749	4.78333	177.986	
4.18354	0.025	0.260419	-8.00489	4.08222	217.48	
9.59763	0.025	0.162437	-35.4383	7.24051	219.577	
6.97701	0.025	0.190759	-2.94173	2.77798	214.795	
10.7753	0.025	0.154208	-27.0567	14.6846	207.033	
10.494	0.025	0.156006	-15.3691	6.55314	212.569	
11.7224	0.025	0.148793	-47.1641	10.7958	229.342	
5.76406	0.025	0.212641	-22.5293	-6.36975	181.401	
3.94414	0.025	3.04508	67.0413	-4.32705	222.294	
0.891376	0.025	1.02906	-17.686	1.92577	236.947	
10.1986	0.025	0.157999	14.4562	-8.44397	170.626	
10.2726	0.025	0.157489	15.445	8.91864	208.208	
12.3696	0.025	0.14557	-3.34555	-2.75586	197.885	
8.09556	0.025	0.176418	-6.72669	-14.8559	200.66	
2.7242	0.025	0.355038	-62.8579	12.0354	176.418	
0.739222	0.025	1.43421	49.7052	0.99332	127.232	
7.69581	0.025	0.181062	-1.0773	0.40639	220.603	
6.58712	0.025	0.196908	22.4538	1.59828	194.917	
6.73847	0.025	0.194436	16.2987	7.24613	191.983	
0.751992	0.025	1.36893	28.6186	17.2317	249.295	
0.802703	0.025	2.1138	7.57255	2.9661	208.293	
7.68537	0.025	0.18119	44.8718	-1.60655	189.545	
6.03456	0.025	0.206994	22.5409	-3.36232	175.788	
3.69425	0.025	0.283634	-45.6597	13.4514	168.747	
5.28439	0.025	0.22409	-18.0654	-5.30221	194.305	
1.88812	0.025	2.83718	13.7332	-3.07657	212.698	
7.89478	0.025	0.178692	-29.5473	0.136442	207.85	
8.65353	0.025	0.170656	-7.63535	-2.87955	222.886	
3.74029	0.025	0.281186	-4.16336	3.87355	186.719	
10.9064	0.025	0.153402	31.0414	0.0416819	256.364	
10.7644	0.025	0.154276	-8.53699	3.57562	261.281	
2.75711	0.025	2.96436	-80.4657	-1.75806	154.426	
7.48077	0.025	0.183767	3.72916	8.2301	202.866	
1.25442	0.025	0.69937	-21.7613	-0.190355	175.077	
9.33417	0.025	0.164563	10.4009	-5.01425	232.276	
7.14312	0.025	0.188344	-36.6642	-1.02255	195.202	
1.69942	0.025	0.52527	-56.1487	10.7422	184.845	
3.3205	0.025	0.306077	1.03817	-7.36424	184.982	
0.874758	0.025	2.26047	-4.20426	8.59676	173.576	
2.1636	0.025	0.426896	-0.099702	-2.60024	146.799	
8.56382	0.025	0.171532	-13.6007	-9.01143	240.534	
1.05815	0.025	0.836627	63.5067	-8.71067	175.224	
12.2548	0.025	0.146117	0.499605	10.3504	225.061	
11.3337	0.025	0.150905	23.8906	1.56558	215.909	
1.48216	0.025	0.595119	-46.3	4.61277	236.142	
9.81807	0.025	0.160746	-4.77346	-12.1135	223.073	
13.4303	0.025	0.14096	-52.3588	3.87619	218.358	
9.94146	0.025	0.159832	-4.84201	-1.98678	204.953	
1.05239	0.025	0.841725	83.2338	6.39984	181.345	
9.26929	0.025	0.165105	-51.7192	-10.06	235.165	
1.77001	0.025	0.506672	58.0224	7.60409	214.154	
10.8767	0.025	0.153583	35.4195	0.927646	193.18	
11.7768	0.025	0.148508	-32.5992	-9.97827	208.134	
0.73615	0.025	1.86278	-18.0493	-5.51551	226.144	
4.93418	0.025	0.23387	46.2887	8.26727	223.372	
8.36676	0.025	0.173521	-29.8967	-0.740864	179.235	
1.10325	0.025	2.51689	19.5462	6.6411	233.732	
5.18385	0.025	0.226762	28.5104	-6.47386	192.871	
9.28546	0.025	0.164969	22.0128	3.07898	227.707	
1.48838	0.025	2.72333	-15.838	-28.1304	254.843	
2.01627	0.025	0.452836	50.6279	-13.2821	169.614	
6.53082	0.025	0.197857	32.7552	-3.41019	190.252	
1.66822	0.025	0.534048	-59.311	0.440442	224.997	
1.86237	0.025	2.83146	-6.71493	1.34423	231.027	
4.88105	0.025	0.235477	7.07448	-5.47518	200.175	
2.99039	0.025	0.330695	-11.7409	3.41698	208.776	
3.80783	0.025	0.277704	3.33338	1.43469	211.904	
1.84894	0.025	2.82841	-77.4217	-14.8292	225.104	
10.1208	0.025	0.158544	-21.3191	4.19724	213.426	
6.69371	0.025	0.195156	6.56137	7.59892	182.315	
0.874854	0.025	1.0555	-65.9251	10.0708	174.206	
3.34471	0.025	0.304468	15.4368	-8.1655	177.002	
0.828026	0.025	2.17269	119.442	-3.05527	261.851	
0.81969	0.025	1.16172	36.6269	21.8911	264.566	
1.92531	0.025	0.470984	-8.67234	-5.29936	198.546	
1.06362	0.025	0.83185	151.591	14.7171	203.764	
2.81686	0.025	0.346025	-29.3506	7.49295	208.373	
1.1659	0.025	0.753734	24.0564	21.0905	235.149	
5.81188	0.025	3.10452	-25.6389	9.54059	193.021	
6.64287	0.025	0.195985	-21.1522	-1.95209	188.613	
5.71581	0.025	0.213706	-32.0463	2.1957	194.003	
11.4184	0.025	0.150433	10.7817	-10.4402	220.218	
6.11695	0.025	0.205374	29.1405	1.29203	229.812	
3.78315	0.025	0.278962	13.4687	5.08736	158.797	
10.362	0.025	0.156883	2.94106	2.73719	212.726	
1.02001	0.025	2.44412	53.552	-8.23275	276.19	
7.21233	0.025	0.18737	0.252612	2.25799	191.646	
2.24622	0.025	2.9022	-49.4346	-8.95792	204.028	
3.57766	0.025	0.290121	31.2841	-8.2065	170.549	
12.5434	0.025	0.144761	0.169102	-1.3915	253.966	
9.49492	0.025	0.163251	-6.14069	7.50434	207.461	
0.923542	0.025	2.33347	7.26455	-6.68613	253.312	
6.51986	0.025	0.198044	-36.1006	0.657451	186.783	
0.790868	0.025	2.08224	21.377	-13.644	154.628	
9.58288	0.025	0.162553	-20.5089	1.70641	234.482	
6.74022	0.025	0.194408	48.8039	0.576642	206.843	
1.36674	0.025	0.642768	-6.4209	-3.01191	200.867	
13.6895	0.025	0.139943	15.1926	-12.3627	249.231	
3.59609	0.025	0.289067	36.5621	3.99778	183.631	
3.55298	0.025	0.29155	14.5989	-2.35021	194.401	
5.04645	0.025	0.230585	52.532	8.81595	191.607	
6.75454	0.025	0.19418	3.80902	1.60073	186.247	
8.66807	0.025	0.170516	-64.5566	1.08564	216.674	
5.79044	0.025	0.212068	-0.161342	-11.8714	219.914	
3.62701	0.025	3.0288	45.178	-4.37645	169.8	
0.831974	0.025	2.18102	143.343	-9.29794	218.697	
1.0911	0.025	0.808884	-80.8506	0.415257	192.661	
6.30784	0.025	0.201784	-33.9076	17.8477	187.825	
0.747699	0.025	1.92722	-16.9103	-3.24554	272.393	
4.39068	0.025	0.252174	18.1162	7.82419	172.629	
3.5553	0.025	3.02471	-60.6093	-1.03637	197.26	
1.73392	0.025	2.80016	-76.6086	-15.7017	175.564	
7.66071	0.025	0.181493	36.8001	-1.07483	199.95	
11.573	0.025	0.149588	-6.45903	3.27292	218.165	
10.0165	0.025	0.159288	47.1636	3.47939	204.141	
7.92999	0.025	0.178285	-14.2931	4.99438	182	
6.80966	0.025	0.193311	-7.64423	-7.1426	182.036	
0.735976	0.025	1.86164	60.9677	10.8624	146.421	
0.949552	0.025	0.949152	60.7857	-5.22509	262.181	
11.0898	0.025	0.152307	-35.1585	-0.354089	209.5	
3.4462	0.025	0.297974	39.6477	-3.45546	173.55	
6.48642	0.025	0.198617	-28.3979	-7.04161	204.247	
1.19478	0.025	0.734866	-1.38401	-6.84493	273.598	
7.87107	0.025	0.178968	-40.4204	2.2346	183.89	
5.39597	0.025	0.221244	6.00936	-6.48578	205.018	
8.32802	0.025	0.173923	40.7187	-1.17976	245.096	
3.46025	0.025	0.297106	-24.7874	-10.1612	189.231	
2.70745	0.025	0.356736	24.8282	-3.92083	142.816	
3.5593	0.025	3.02494	5.32334	2.4955	150.076	
3.09593	0.025	0.322237	10.0145	7.73726	200.347	
2.72586	0.025	2.96125	-14.243	-2.74071	229.898	
7.6839	0.025	0.181208	-11.0104	-0.45853	191.837	
5.51634	0.025	3.09782	-19.4866	3.34523	212.187	
8.96739	0.025	0.167731	-25.1147	-8.92877	210.253	
2.35702	0.025	0.398045	44.8394	7.20326	137.328	
8.4914	0.025	0.172252	-13.5266	11.0954	204.637	
8.31011	0.025	0.174111	-11.097	-5.08082	172.54	
5.50058	0.025	0.218681	-46.0022	8.71242	202.968	
0.822809	0.025	1.15476	67.6725	-12.586	275.08	
8.24592	0.025	0.174788	4.73215	6.42536	174.282	
1.05746	0.025	0.837229	-29.6323	-9.09134	220.983	
1.01475	0.025	2.43893	110.462	6.42104	173.885	
1.28551	0.025	0.682489	5.74265	1.46019	188.758	
3.48925	0.025	0.295336	-5.66246	6.25032	185.426	
0.758522	0.025	1.97485	40.1696	13.6901	121.629	
14.3194	0.025	0.137623	11.6447	-13.3195	226.372	
3.98361	0.025	0.269204	-41.6695	1.79533	198.448	
0.904065	0.025	1.01001	-118.331	-2.93651	182.219	
8.58088	0.025	0.171364	-6.23131	0.362222	210.887	
1.714	0.025	0.52129	-6.37299	-7.81837	207.604	
6.8872	0.025	0.192113	16.4456	0.566869	168.292	
0.737195	0.025	1.8695	-1.17403	-12.492	184.671	
2.09478	0.025	0.438529	64.5576	2.20488	199.936	
5.26002	0.025	0.224728	79.9703	-3.4305	169.938	
17.7079	0.025	0.127981	-10.3289	5.72643	226.777	
7.75759	0.025	0.180313	-63.8699	5.01724	195.699	
2.96921	0.025	2.98366	54.5176	-7.13802	164.71	
14.3653	0.025	0.137463	19.5859	6.18473	219.092	
6.02296	0.025	0.207226	-19.7356	9.78501	199.784	
2.11816	0.025	2.88164	44.5121	15.9403	201.684	
5.61185	0.025	3.10006	30.4749	0.576452	208.065	
2.19898	0.025	0.421217	-47.3347	9.42601	204.804	
1.65558	0.025	0.537709	-38.6021	-12.4428	169.58	
0.92609	0.025	0.979223	51.1034	-28.0184	185.732	
1.40776	0.025	0.624781	32.5208	2.67443	263.823	
10.2808	0.025	0.157433	-21.697	1.63736	195.766	
8.03884	0.025	0.177049	17.1517	-3.7212	201.308	
3.04524	0.025	0.326224	-7.53194	-6.26365	171.405	
7.97722	0.025	0.177744	17.4177	0.092939	197.579	
8.71105	0.025	0.170104	8.42987	-2.4235	180.782	
4.36775	0.025	0.253048	-36.1535	6.27199	198.921	
4.22892	0.025	0.258543	0.493109	2.70189	188.526	
9.39728	0.025	0.164043	18.4021	1.13836	234.533	
3.84053	0.025	3.04006	7.74322	-2.97566	173.416	
9.86639	0.025	0.160385	-15.3504	16.3965	208.684	
19.2647	0.025	0.12469	-55.2501	-3.71058	239.364	
8.36874	0.025	0.173501	16.869	13.2222	195.369	
5.39008	0.025	0.221391	12.1025	-0.062402	191.478	
5.02209	0.025	0.231285	26.0488	5.79092	200.728	
7.74165	0.025	0.180505	22.7872	-2.86198	210.264	
1.05368	0.025	0.840573	18.906	-21.4198	248.147	
5.89678	0.025	0.209805	-14.3247	9.10366	199.953	
5.05896	0.025	0.230229	8.2058	1.79494	230.628	
2.80895	0.025	0.34677	29.3309	15.2846	199.12	
2.89993	0.025	0.33845	55.4007	5.32887	160.099	
9.60757	0.025	0.162359	16.7937	-8.92359	200.317	
1.70545	0.025	0.523614	23.2371	-20.046	243.724	
0.722354	0.025	1.72414	-10.4429	-13.2851	214.95	
1.06484	0.025	0.830792	55.309	-16.0206	209.35	
5.29863	0.025	0.22372	-58.8417	4.56377	186.948	
2.70008	0.025	2.95864	-23.2846	-2.99544	157.104	
1.36774	0.025	0.642316	45.0956	10.302	211.544	
10.7977	0.025	0.154069	-18.8792	-2.56184	203.026	
8.61879	0.025	0.170993	-32.9143	-4.96469	159.296	
0.772951	0.025	1.28854	23.0847	-18.4126	183.358	
6.6611	0.025	0.195686	23.466	-0.412893	207.234	
1.98227	0.025	0.459409	30.8422	11.7961	179.27	
1.78869	0.025	0.502019	-16.4712	12.2435	227.671	
6.84042	0.025	0.192833	29.437	-2.54523	169.503	
2.30238	0.025	0.405677	-29.1599	1.49179	181.7	
6.28565	0.025	0.20219	31.9565	6.21473	173.62	
4.3192	0.025	3.0612	21.9978	8.34227	177.441	
7.83271	0.025	0.179418	15.0275	2.12975	241.893	
12.6842	0.025	0.144122	-16.8006	4.2097	214.103	
9.50177	0.025	0.163197	-41.4503	-0.809528	252.872	
5.47324	0.025	0.219341	-0.774791	7.75293	211.245	
3.16043	0.025	0.317355	-24.1183	-2.23426	240.704	
1.35228	0.025	0.649422	-61.3607	-12.3226	254.645	
3.64295	0.025	0.286436	44.8027	8.4923	183.796	
7.44936	0.025	0.184175	28.1653	1.18286	217.616	
11.2652	0.025	0.151293	26.3091	1.96976	202.621	
0.733172	0.025	1.47393	-1.07768	2.78341	195.486	
8.33766	0.025	0.173823	45.2702	0.0192337	192.737	
8.74993	0.025	0.169735	-49.1321	-2.32185	229.303	
6.23419	0.025	0.203143	-36.8968	-8.74531	229.491	
1.32497	0.025	0.662456	-91.9782	-11.2121	143.885	
5.08571	0.025	0.229471	22.9172	-3.39136	233.384	
5.40781	0.025	0.220949	-0.508983	6.45655	229.674	
11.8813	0.025	0.147969	-10.0747	-7.26121	199.453	
1.83196	0.025	2.82448	-2.18267	4.45523	221.658	
3.18597	0.025	3.00065	-22.7869	5.76566	188.822	
12.6597	0.025	0.144232	-29.1202	-2.65589	211.065	
5.75942	0.025	0.212743	7.01552	8.6529	226.249	
9.76999	0.025	0.161108	2.77141	9.87194	191.941	
15.5618	0.025	0.1336	-22.1527	-5.37326	225.455	
1.9271	0.025	2.84552	-0.760243	11.8178	260.411	
13.9983	0.025	0.13878	41.4034	6.46882	191.196	
11.4433	0.025	0.150295	1.25061	0.430023	227.525	
1.69592	0.025	0.526236	-51.9304	-10.6052	251.201	
2.6147	0.025	2.94958	-29.8681	10.3185	167.182	
2.31806	0.025	2.91268	70.7147	12.0531	239.215	
0.775463	0.025	1.28027	-76.2663	8.93967	156.035	
8.03457	0.025	0.177097	10.9671	4.00106	181.26	
6.66095	0.025	0.195688	-30.2137	4.1296	221.019	
2.55936	0.025	0.372753	14.7032	-14.9608	220.825	
12.3081	0.025	0.145861	11.8163	4.95593	213.01	
5.69704	0.025	0.214125	-25.6705	8.32895	207.37	
1.78912	0.025	2.81421	29.7387	4.46448	165.849	
1.59288	0.025	2.75929	37.007	4.63628	237.821	
2.43135	0.025	2.92788	-72.8352	-11.4615	176.951	
4.526	0.025	0.2472	-7.14577	-8.81341	175.155	
7.11939	0.025	0.188682	2.98031	-0.131512	186.02	
13.0559	0.025	0.142502	36.1536	3.63642	217.755	
5.14258	0.025	0.227888	-22.6662	2.73974	149.819	
7.00122	0.025	0.1904	19.8648	5.55325	181.284	
10.1749	0.025	0.158164	46.4896	9.0715	217.616	
1.59908	0.025	2.76126	5.43038	5.07802	205.514	
2.64514	0.025	2.95288	30.9124	-13.624	184.567	
4.5881	0.025	0.245017	4.04263	-7.90918	190.983	
9.34662	0.025	0.16446	38.7773	-0.155544	214.227	
12.1348	0.025	0.146699	-3.90332	6.54202	206.961	
0.725258	0.025	1.76927	-146.566	7.30002	212.255	
7.49244	0.025	0.183616	37.9303	-6.73557	215.026	
5.45419	0.025	0.219805	-25.3673	-4.24043	188.261	
13.1762	0.025	0.141997	23.0338	-14.619	204.445	
10.7128	0.025	0.154599	-20.3245	-0.706595	205.612	
0.781865	0.025	2.05598	-48.3697	-25.1967	161.714	
0.867992	0.025	1.06709	73.6931	6.64375	244.895	
7.23102	0.025	0.187111	-10.3354	2.09457	201.819	
4.12295	0.025	3.05314	5.62983	-4.23586	189.226	
4.31672	0.025	0.255026	-40.8042	9.14745	209.238	
3.37343	0.025	3.01354	-38.3987	-0.376907	170.213	
3.25143	0.025	0.310804	36.8021	-2.92601	210.531	
7.31561	0.025	0.185953	31.5421	-6.0353	191.3	
5.57511	0.025	0.216914	41.1026	8.32151	158.395	
4.08667	0.025	0.264567	24.3702	7.22593	177.299	
4.18467	0.025	0.260372	-15.4007	-0.411874	229.249	
2.96872	0.025	0.332508	3.99631	-0.880773	188.546	
2.40553	0.025	0.391575	7.02232	-0.270856	163.045	
0.776857	0.025	1.27577	47.1369	12.6049	232.161	
2.72865	0.025	0.354591	-24.1664	3.46769	221.483	
5.34159	0.025	0.222616	-27.1077	2.36337	143.234	
7.24775	0.025	0.18688	-21.8933	-1.48679	188.838	
4.04619	0.025	0.26636	38.0649	-14.269	188.739	
8.75751	0.025	0.169664	-35.376	-6.79719	197.266	
2.52435	0.025	0.376826	-21.1771	1.74359	202.699	
9.55115	0.025	0.162803	-39.4536	-4.64462	201.12	
4.67372	0.025	0.242104	-20.642	1.24909	210.129	
9.25549	0.025	0.165221	-21.9435	-3.3881	228.021	
2.67456	0.025	0.360134	15.7301	-0.307391	154.374	
0.756197	0.025	1.35079	42.0339	13.1844	172.611	
0.75579	0.025	1.35249	-30.3879	-17.9986	155.338	
9.05806	0.025	0.166924	22.2621	1.6699	207.001	
8.20934	0.025	0.175179	-30.3417	6.33525	197.67	
7.93317	0.025	0.178248	2.26792	3.55578	203.835	
0.787548	0.025	1.24331	-64.7609	-27.118	147.513	
1.53589	0.025	2.74037	4.31487	3.7183	177.155	
0.72236	0.025	1.72425	-2.15489	23.0387	238.646	
8.51349	0.025	0.172031	24.8205	8.90855	232.347	
1.69017	0.025	0.527835	41.7485	-5.51877	228.334	
11.9453	0.025	0.147643	-7.56691	3.90538	238.008	
0.724521	0.025	1.75976	-48.2307	-1.8614	274.19	
2.74743	0.025	0.352719	-21.0569	1.20952	188.91	
0.720826	0.025	1.66963	50.3501	-25.2303	281.118	
14.4128	0.025	0.137297	-2.42564	5.50768	204.523	
1.5834	0.025	2.75625	108.689	-3.47155	251.738	
2.06424	0.025	2.87217	19.5101	4.22043	237.261	
8.09252	0.025	0.176452	28.0945	-5.44015	231.787	
5.63197	0.025	0.215598	11.1633	10.6307	199.951	
6.42583	0.025	0.199672	-60.7461	-1.14507	181.77	
12.6405	0.025	0.144319	41.5239	-12.7301	218.536	
8.4835	0.025	0.172331	-31.7085	-11.6012	197.167	
0.917457	0.025	2.32515	57.3243	-2.19221	213.129	
1.55518	0.025	0.569173	-52.1634	-0.0540256	156.236	
6.32818	0.025	0.201414	3.57318	-9.82496	166.384	
6.18724	0.025	0.204026	-20.265	6.20741	169.927	
10.6011	0.025	0.15531	19.8687	3.97957	199.952	
1.14921	0.025	2.55091	93.5221	0.126204	143.065	
1.93091	0.025	0.469813	8.87228	15.405	218.103	
10.1924	0.025	0.158043	22.0851	8.74747	194.017	
0.993647	0.025	0.898862	11.3775	10.3454	280.604	
7.31934	0.025	0.185902	-41.685	3.12615	182.91	
2.17831	0.025	0.424512	-70.8198	2.6963	175.384	
1.38177	0.025	0.636034	145.077	20.5075	161.021	
2.47482	0.025	0.382794	21.4589	7.75978	158.115	
5.13387	0.025	0.228128	-18.1077	-8.61862	199.423	
0.837561	0.025	1.12365	-51.3519	-26.1283	241.62	
6.76978	0.025	0.193939	50.4412	1.01965	208.705	
0.748459	0.025	1.93088	-70.1768	-3.39474	173.927	
1.90922	0.025	2.84174	-24.5185	-20.2617	236.1	
4.02249	0.025	0.267426	-24.2239	9.7949	181.148	
12.021	0.025	0.147263	19.6319	-3.72151	177.511	
9.5048	0.025	0.163172	-11.3612	12.5899	230.97	
9.91139	0.025	0.160053	-38.9608	12.084	201.057	
10.2909	0.025	0.157364	43.9639	-2.3934	225.869	
0.720783	0.025	1.66191	-87.8631	2.08815	177.798	
11.9218	0.025	0.147762	-4.11553	-1.4817	211.696	
7.72686	0.025	0.180684	3.09294	11.846	229.109	
0.731363	0.025	1.48772	36.5038	-4.84528	181.475	
2.08642	0.025	0.439997	-34.8965	-5.95547	186.427	
5.87091	0.025	0.210348	-17.8686	4.08526	206.763	
0.727747	0.025	1.79656	23.8104	-19.1765	249.639	
10.7442	0.025	0.154402	-29.9128	-7.14592	204.959	
2.09776	0.025	2.87812	60.1774	7.50436	183.515	
2.10756	0.025	0.436307	10.7122	3.25091	181.589	
4.5348	0.025	0.246887	51.8075	2.58937	175.776	
1.69641	0.025	0.526102	-8.01307	-12.532	235.082	
4.19226	0.025	3.05607	-28.0032	-4.43591	199.898	
3.58005	0.025	0.289984	2.71327	-0.0773797	224.818	
0.750498	0.025	1.94043	-102.392	8.25712	163.639	
1.62295	0.025	2.76867	41.8439	-8.94461	205.439	
0.723182	0.025	1.5765	-91.0346	5.6563	170.245	
2.80418	0.025	0.347221	-58.5916	-6.63938	181.608	
7.12121	0.025	0.188656	2.46378	-16.5097	203.066	
3.44671	0.025	0.297942	2.10909	-15.4614	199.508	
1.48895	0.025	2.72354	-1.35086	6.90414	162.768	
12.1708	0.025	0.146523	-31.3892	-6.54096	237.835	
1.10149	0.025	0.800609	-12.0533	5.13472	224.103	
0.728435	0.025	1.80319	-33.3909	1.4645	206.649	
17.3223	0.025	0.128888	-2.85155	-5.52993	219.298	
5.84623	0.025	0.21087	-16.5601	-4.12752	191.634	
0.829258	0.025	1.14082	-84.7409	-1.84936	159.072	
0.820083	0.025	1.16084	-11.5574	-6.64938	214.385	
8.48394	0.025	0.172327	-19.6518	-12.2167	217.261	
1.63551	0.025	0.543652	-97.6976	-9.5698	197.275	
10.7818	0.025	0.154168	-21.9129	-12.2418	232.886	
0.99011	0.025	2.41349	-70.3088	-3.75252	121.15	
1.98723	0.025	2.85769	-101.015	-1.66523	256.046	
5.03331	0.025	0.230962	-41.7766	-23.9492	182.138	
4.37232	0.025	3.06325	2.63012	0.281881	181.289	
1.21259	0.025	2.59232	-43.46	-6.53331	200.469	
8.89843	0.025	0.168356	17.7018	2.31114	206.389	
9.21857	0.025	0.165534	6.14929	0.359455	204.39	
1.77849	0.025	0.504546	-11.7399	15.4616	216.971	
3.31768	0.025	3.00986	68.91	4.31108	190.955	
3.84256	0.025	0.275962	0.168839	5.44797	162.544	
3.84964	0.025	0.275611	12.1393	-9.7111	182.244	
1.1352	0.025	0.775192	64.9349	-11.3967	229.572	
1.93582	0.025	0.468793	-47.4465	-5.39889	191.312	
5.05138	0.025	0.230444	-12.3231	-1.67933	213.632	
8.41997	0.025	0.172975	21.7414	-3.29605	218.573	
2.06447	0.025	0.443914	-7.41827	-13.4831	179.727	
2.5025	0.025	0.379429	-34.1531	-3.04776	172.329	
6.4699	0.025	0.198903	-6.69943	9.32276	193.516	
10.7865	0.025	0.154138	27.8462	-3.05694	222.766	
0.764354	0.025	1.99736	-78.0361	-6.42874	253.245	
1.73693	0.025	0.515179	-19.0469	7.66862	200.208	
9.06309	0.025	0.16688	8.97792	-2.25933	160.134	
2.53439	0.025	2.94048	-7.22066	-0.859988	167.411	
11.8209	0.025	0.148279	15.8587	2.0097	176.339	
4.5177	0.025	3.06863	26.6462	-12.5499	161.609	
5.50919	0.025	0.218475	21.0853	-0.881728	213.852	
9.09444	0.025	0.166604	20.0736	5.06953	208.943	
12.3274	0.025	0.145769	12.7975	-4.31866	198.835	
2.84077	0.025	2.97233	22.7702	11.5261	188.061	
5.08257	0.025	0.22956	-12.8753	2.78452	199.109	
2.08781	0.025	0.439752	-1.28383	1.02698	215.928	
1.15641	0.025	2.55592	-39.5487	6.99274	161.956	
2.74422	0.025	0.353038	-48.6826	1.69402	164.837	
9.40604	0.025	0.163971	25.9073	-3.44342	195.159	
6.16295	0.025	0.204488	4.0209	-12.0653	209.779	
1.3051	0.025	0.672362	24.7857	8.36349	213.19	
8.28973	0.025	0.174325	0.438371	-4.33161	218.973	
6.60209	0.025	0.196659	16.7757	-15.3554	211.5	
5.69167	0.025	0.214245	9.52651	3.35006	164.276	
2.30744	0.025	2.91117	-1.76058	-1.77673	219.631	
6.30094	0.025	0.20191	56.0755	1.35939	189.354	
9.42052	0.025	0.163853	23.3006	-6.21014	228.99	
15.7478	0.025	0.133053	-48.8027	1.33964	250.667	
2.4232	0.025	0.389287	-2.87076	-3.74187	202.802	
0.749712	0.025	1.93679	109.538	-6.01819	209.736	
6.05851	0.025	3.10961	22.7328	-2.59824	209.601	
13.3331	0.025	0.141352	-29.6845	8.62926	207.421	
2.50542	0.025	0.379078	12.9929	9.67534	180.5	
1.40634	0.025	0.625386	-77.5532	-10.8993	231.746	
1.97983	0.025	0.45989	71.3363	4.9532	233.841	
5.54793	0.025	0.217553	-52.789	1.18532	191.3	
3.15554	0.025	0.317717	-21.2705	-16.4106	210.079	
0.88055	0.025	1.04616	-86.0614	-25.4995	208.58	
6.70588	0.025	0.194959	8.9088	1.0141	196.261	
6.65364	0.025	0.195808	-42.4131	-13.5858	182.438	
9.21369	0.025	0.165576	0.0751741	0.613737	184.257	
7.35715	0.025	0.185394	42.7513	-7.18516	224.924	
0.731239	0.025	1.48871	48.8867	-4.16615	252.997	
0.726441	0.025	1.78301	-11.1818	-6.18492	238.077	
7.74603	0.025	0.180453	-40.1385	-2.40876	206.967	
2.23271	0.025	0.415981	56.8286	-23.663	206.934	
5.68662	0.025	0.214358	-4.17675	-10.1501	188.877	
5.60993	0.025	0.216105	-3.69952	7.51659	174.069	
12.4835	0.025	0.145037	-48.8196	3.16487	198.619	
6.13577	0.025	0.20501	0.62787	-2.185	199.477	
9.49438	0.025	0.163256	-35.0943	-6.0874	216.907	
1.55336	0.025	0.569786	-13.7739	6.55651	260.403	
1.04824	0.025	0.845457	93.1528	17.2209	227.038	
0.77145	0.025	1.2936	-95.287	-2.39557	261.979	
8.4672	0.025	0.172496	-13.833	-9.5003	185.628	
7.09806	0.025	0.188988	22.9851	0.0906199	162.249	
8.05343	0.025	0.176886	26.8815	-8.61066	179.974	
1.37631	0.025	2.67767	-54.0406	6.83933	197.306	
15.0789	0.025	0.135085	-2.47804	-11.1003	239.043	
3.42527	0.025	3.01684	-12.9428	23.2673	209.774	
3.15362	0.025	0.317861	-22.7536	8.33608	230.874	
3.27675	0.025	0.309048	-24.946	-22.1663	187.614	
12.1398	0.025	0.146674	27.1811	2.4611	224.365	
11.9525	0.025	0.147606	60.5271	4.3492	198.689	
4.60609	0.025	0.244396	-16.5486	-0.727644	186.459	
6.47876	0.025	0.19875	4.30176	13.2058	204.557	
6.33861	0.025	0.201225	23.1669	7.69474	183.569	
2.90714	0.025	0.337813	-18.3438	4.62563	206.968	
0.923064	0.025	0.983298	-34.3542	14.2983	195.084	
9.12815	0.025	0.166311	16.8969	-6.91982	208.496	
5.53726	0.025	0.217806	38.4597	-16.1913	207.9	
0.89056	0.025	1.03032	2.87886	-4.22265	213.353	
3.04691	0.025	0.326091	17.5588	12.939	202.892	
4.10187	0.025	0.263903	11.3238	-9.62063	196.869	
11.7364	0.025	0.148719	19.4337	-9.80886	225.116	
2.80672	0.025	0.346981	59.2886	1.88902	195.004	
4.15645	0.025	3.05457	-19.5866	-9.33868	153.773	
10.2812	0.025	0.15743	32.9342	10.8405	246.449	
12.7536	0.025	0.143812	-4.05196	-6.06378	211.726	
3.41636	0.025	0.299842	-26.5601	-5.48063	127.753	
8.03131	0.025	0.177133	-11.6422	8.09107	195.145	
4.57616	0.025	0.245432	9.36858	-0.918216	181.076	
0.730168	0.025	1.49751	101.246	-17.6656	161.837	
2.4463	0.025	0.386346	-69.3346	3.69359	210.536	
13.0854	0.025	0.142377	-15.994	4.05438	237.168	
2.93325	0.025	0.335536	-41.9805	-14.0313	184.124	
4.05142	0.025	0.266126	26.7707	5.12037	209.13	
1.26018	0.025	2.61996	20.1752	9.88934	211.713	
0.736629	0.025	1.45024	17.0792	-2.38955	202.489	
2.7262	0.025	0.354837	53.289	0.721165	205.52	
3.68723	0.025	0.284013	-50.4597	-6.65073	207.916	
8.59202	0.025	0.171254	-3.948	-14.5187	171.926	
4.42225	0.025	0.250986	-1.28873	3.51514	147.742	
2.25725	0.025	2.90385	9.55586	-8.49607	209.611	
4.98131	0.025	0.232473	-3.25565	-3.21648	191.858	
6.02576	0.025	0.20717	15.4188	10.446	180.034	
2.73619	0.025	0.353836	-22.6056	8.03571	202.881	
11.7077	0.025	0.14887	-22.8735	0.755631	201.161	
6.98793	0.025	0.190596	-0.97961	-12.2582	231.604	
9.48353	0.025	0.163343	-3.75679	-6.5316	204.971	
13.5872	0.025	0.14034	5.61274	12.0483	235.513	
4.7464	0.025	0.239714	53.366	6.71437	202.917	
4.56519	0.025	0.245816	-2.40741	-7.70499	180.948	
7.06601	0.025	0.189451	-21.652	1.92921	183.487	
1.0121	0.025	2.43628	71.7307	23.0559	246.965	
2.10853	0.025	0.43614	31.6605	-23.0537	244.976	
3.91957	0.025	0.272211	-0.827716	-8.41158	174.571	
11.7422	0.025	0.148689	13.4618	6.05443	218.011	
7.28103	0.025	0.186423	1.47168	-7.44851	220.175	
8.0293	0.025	0.177156	-0.0490778	10.4638	190.129	
5.88538	0.025	0.210044	19.1635	-6.97705	175.44	
4.28736	0.025	0.256186	42.5664	1.01417	136.094	
1.74212	0.025	2.8023	48.5354	0.333505	172.738	
6.67044	0.025	0.195533	-27.0169	1.90915	175.225	
8.86113	0.025	0.168698	-37.7726	-3.98921	166.404	
8.45825	0.025	0.172586	-22.6512	-4.25953	192.203	
2.76363	0.025	0.351126	7.58572	0.124442	145.767	
8.3164	0.025	0.174045	17.5164	-4.28395	230.782	
0.965982	0.025	2.38658	24.0214	12.4223	196.742	
1.79013	0.025	0.501667	51.1538	-2.60584	210.186	
14.7335	0.025	0.136207	14.5862	2.1535	249.599	
8.57028	0.025	0.171468	34.6724	9.77724	214.562	
1.25637	0.025	0.698281	-10.7009	13.5631	172.813	
9.11915	0.025	0.166389	-35.7855	0.892906	219.372	
0.884904	0.025	1.03918	-63.295	29.8749	271.07	
7.09718	0.025	0.189	4.79099	-0.822554	185.889	
8.93887	0.025	0.167988	-1.39766	-6.62448	192.634	
3.77855	0.025	0.279198	10.3389	15.8248	163.327	
10.1378	0.025	0.158424	-54.888	-0.7888	257.024	
9.62124	0.025	0.162252	-27.0889	-8.18514	212.985	
17.6752	0.025	0.128057	-16.9828	-1.29189	250.074	
1.27148	0.025	2.62615	-50.265	5.13123	173.227	
13.8833	0.025	0.139207	-28.902	-1.93252	246.079	
8.60001	0.025	0.171176	1.22256	13.6335	176.121	
1.79066	0.025	2.81459	-28.3653	-1.17115	197.421	
8.532	0.025	0.171847	-6.16126	11.3657	184.739	
0.923303	0.025	2.33315	89.6877	8.43836	125.631	
12.4304	0.025	0.145284	-8.51523	-0.561115	225.163	
9.96553	0.025	0.159657	4.85484	-22.3252	188.059	
8.84415	0.025	0.168855	34.9553	-11.7618	190.46	
1.82089	0.025	2.82188	16.125	-10.7209	196.06	
3.7748	0.025	3.03673	-6.71813	18.8255	205.919	
6.60424	0.025	0.196623	17.6668	-0.877215	186.313	
8.61362	0.025	0.171043	1.46095	1.66563	212.617	
6.00763	0.025	0.207533	3.14354	-1.86196	197.358	
1.18551	0.025	2.57533	15.085	-13.5724	190.766	
1.68453	0.025	0.529413	-10.0165	2.45715	157.81	
11.0707	0.025	0.152419	-3.49324	-9.81955	207.834	
9.02636	0.025	0.167204	-35.4845	-1.15953	250.93	
0.822543	0.025	2.16077	59.1292	5.02084	205.342	
0.813631	0.025	1.17565	62.2531	-12.8845	194.507	
8.51222	0.025	0.172044	41.8397	8.88165	258.265	
1.26733	0.025	0.692237	-38.742	7.37568	213.074	
7.23095	0.025	0.187112	10.9206	2.75169	197.368	
13.7771	0.025	0.139607	7.45043	-6.39919	222.963	
1.8235	0.025	0.49363	-56.4993	4.84586	160.194	
1.0292	0.025	0.863128	-31.7685	8.16107	142.956	
0.724524	0.025	1.55633	61.9384	20.1422	170.04	
2.63842	0.025	0.363969	35.7755	7.76403	210.162	
10.5772	0.025	0.155464	-22.3032	-8.98068	214.843	
0.732015	0.025	1.83351	29.2563	10.9954	136.912	
2.36588	0.025	0.396843	-40.4473	-8.92047	193.223	
0.842347	0.025	1.11413	-11.7451	14.6892	268.819	
0.721329	0.025	1.69716	-83.7674	18.7208	231.06	
3.42408	0.025	3.01677	8.08306	-4.98257	203.521	
11.1007	0.025	0.152243	3.54836	-3.08089	222.61	
2.53138	0.025	0.375999	-17.9889	-3.28846	189.912	
1.56943	0.025	2.7517	32.8644	2.76397	184.626	
1.02729	0.025	2.45118	-12.2244	12.8741	233.245	
2.86219	0.025	0.341835	8.44713	-12.5201	223.884	
1.3663	0.025	2.67316	71.4076	-11.2266	232.507	
0.927235	0.025	2.33843	38.3448	-1.89962	230.394	
6.39435	0.025	0.200228	-5.27293	-3.94924	158.901	
5.20168	0.025	0.22628	-0.0352642	2.28432	162.742	
1.64556	0.025	0.540654	4.54901	1.61157	237.548	
7.68431	0.025	0.181203	-36.2424	0.767014	208.326	
6.20274	0.025	0.203733	15.2158	-13.6619	179.955	
10.2609	0.025	0.157569	-10.7613	10.795	205.64	
11.4429	0.025	0.150297	-19.8083	-7.63077	267.637	
1.37084	0.025	0.640914	-86.2628	11.715	207.185	
0.820188	0.025	1.1606	-43.2224	-9.99862	231.102	
5.23208	0.025	0.225467	-37.2564	6.84872	200.991	
2.9245	0.025	0.336295	-41.1899	-15.4588	214.674	
6.14468	0.025	0.204838	-1.55548	2.71428	151.336	
4.62679	0.025	0.243687	9.58214	2.06123	192.937	
2.4912	0.025	0.380793	-1.99912	-2.33266	242.427	
6.28978	0.025	0.202114	25.0429	-7.5733	203.489	
15.5737	0.025	0.133565	-44.1657	-2.23211	219.017	
8.38602	0.025	0.173323	-24.6362	7.60809	165.593	
11.5052	0.025	0.149956	43.822	-4.50439	209.602	
1.71613	0.025	0.520714	76.4885	17.1843	190.434	
1.2649	0.025	0.693568	13.7143	-15.4812	233.358	
0.789284	0.025	1.23835	3.09217	0.549023	171.494	
2.55434	0.025	2.9428	-31.6581	6.79248	213.851	
2.11105	0.025	0.435705	-30.8473	-14.2301	205.467	
9.16143	0.025	0.166023	-47.0662	1.65429	204.499	
1.07754	0.025	0.820007	0.348142	-21.3162	255.229	
4.81155	0.025	0.237634	-9.87095	0.448053	158.584	
4.21587	0.025	0.259078	-52.2842	-0.275269	206.953	
0.989991	0.025	0.902762	36.8375	-0.206503	245.425	
2.56311	0.025	0.372323	8.2898	2.4878	196.692	
3.98513	0.025	0.269134	23.5518	-2.90102	168.584	
3.95096	0.025	0.270725	0.104146	-4.2335	175.768	
11.5659	0.025	0.149626	-51.4414	-2.55748	224.814	
2.04137	0.025	0.448134	83.622	-1.57686	176.377	
0.725256	0.025	1.54688	-33.2073	-7.80151	182.253	
12.1409	0.025	0.146669	-18.3873	0.944861	234.601	
0.76559	0.025	2.0019	65.7895	-8.21434	208.542	
9.86529	0.025	0.160394	49.8388	8.78978	180.498	
5.46727	0.025	0.219486	-3.05598	-4.75068	207.262	
12.2188	0.025	0.14629	-23.2149	-5.34698	191.405	
5.27758	0.025	3.09186	-11.7617	-9.147	266.169	
6.97518	0.025	0.190786	6.21829	2.46366	167.938	
12.3999	0.025	0.145427	27.2454	1.5091	210.412	
6.05179	0.025	0.206652	34.7871	-2.45006	194.477	
4.20378	0.025	0.259577	-50.7408	4.89844	187.572	
9.75031	0.025	0.161258	-24.2538	-5.60457	194.781	
6.38123	0.025	0.200461	-7.27699	-0.722026	202.282	
11.3316	0.025	0.150917	5.93118	2.42944	214.935	
0.820803	0.025	1.15922	-5.41264	3.59065	227.925	
7.66216	0.025	0.181476	25.6604	7.40521	205.298	
6.51729	0.025	0.198088	-9.57762	-3.413	217.896	
3.50199	0.025	3.02156	28.1343	7.0161	182.663	
8.90503	0.025	0.168296	-32.7855	0.902343	192.172	
17.662	0.025	0.128087	-9.15644	-0.0437231	216.874	
8.40167	0.025	0.173162	19.9869	6.11198	206.218	
3.33612	0.025	0.305036	61.4159	-1.4953	123.858	
9.71388	0.025	0.161536	-44.5924	-10.1027	221.305	
3.027	0.025	0.327692	2.251	-0.652739	176.867	
0.755954	0.025	1.3518	48.0153	2.21402	262.696	
1.84558	0.025	2.82764	25.9964	-3.11763	184.037	
5.23114	0.025	3.09063	1.51973	1.78543	174.341	
0.970205	0.025	0.924678	112.16	8.33718	152.461	
9.36524	0.025	0.164306	-26.2873	4.18723	235.182	
10.9879	0.025	0.152911	-60.4356	8.67641	222.743	
0.720778	0.025	1.65861	-155.379	-0.3995	166.846	
12.8312	0.025	0.14347	-62.6354	-0.508529	232.375	
2.12977	0.025	0.432514	67.9413	-6.50975	232.569	
0.729683	0.025	1.50167	15.5303	1.94281	239.029	
8.5549	0.025	0.17162	40.9284	5.48305	202.266	
1.87673	0.025	2.83467	-43.5989	-7.84319	178.088	
7.3367	0.025	0.185668	7.56784	6.33781	187.202	
4.91988	0.025	0.234299	-4.25495	-0.287849	221.225	
8.33679	0.025	0.173832	-31.677	12.0424	194.329	
0.941086	0.025	2.35642	19.5819	-17.8482	174.826	
1.15633	0.025	0.760266	45.7948	7.41289	226.158	
6.06063	0.025	0.206477	-29.8481	-10.6722	173.192	
1.15241	0.025	2.55314	-107.39	-2.77624	203.475	
10.1905	0.025	0.158056	24.8246	-9.50874	189.279	
13.1693	0.025	0.142025	19.1208	6.14404	237.666	
0.7242	0.025	1.56081	-58.7996	1.69571	253.888	
9.67211	0.025	0.161857	-24.6856	-1.60383	169.641	
7.66844	0.025	0.181398	-35.4864	7.07091	224.152	
8.92807	0.025	0.168086	-31.9653	-4.00942	233.587	
11.1253	0.025	0.152099	-38.3589	-3.08833	211.25	
2.8311	0.025	0.344693	-52.5344	-1.46742	192.817	
1.58377	0.025	0.559753	-9.78552	-1.74667	257.248	
14.8218	0.025	0.135915	30.7509	-0.646923	248.684	
10.1154	0.025	0.158582	-9.06236	2.70447	215.222	
9.35891	0.025	0.164358	-3.86147	2.98379	220.051	
0.891104	0.025	1.02948	-20.961	4.70609	193.527	
5.19706	0.025	0.226405	42.7098	3.06019	182.244	
15.5811	0.025	0.133543	-1.03464	1.32197	254.234	
6.27617	0.025	0.202364	-9.51662	5.38888	196.561	
8.21156	0.025	0.175156	25.4884	15.649	161.413	
8.14254	0.025	0.175902	33.659	-5.20765	176.922	
8.79171	0.025	0.169342	-15.9328	-5.71513	197.574	
5.08684	0.025	0.22944	-39.3868	5.10987	193.86	
6.47629	0.025	0.198792	-9.33796	-7.48707	200.361	
11.8813	0.025	0.147969	34.1519	5.08719	218.233	
3.43698	0.025	3.01758	-6.66	-4.87077	177.645	
5.36685	0.025	0.221975	-21.7932	-1.03975	162.998	
5.84586	0.025	0.210878	-37.5443	5.16371	180.549	
0.957127	0.025	2.37615	33.3125	-1.92509	225.162	
6.65018	0.025	0.195864	-33.0186	-0.7675	195.078	
7.43532	0.025	0.184359	58.1857	7.93062	208.539	
3.54611	0.025	0.291951	-29.7139	-0.475177	205.105	
3.58192	0.025	0.289876	11.3997	-7.73662	145.943	
9.4973	0.025	0.163232	27.289	2.76087	221.328	
1.66955	0.025	0.533664	17.3757	4.29367	228.629	
5.40415	0.025	3.09509	-16.6066	-1.70224	193.35	
10.8293	0.025	0.153874	0.766318	12.9389	211.049	
9.94386	0.025	0.159815	24.0834	7.52849	213.604	
12.6134	0.025	0.144442	50.6458	-1.68888	192.979	
5.97872	0.025	0.208118	19.588	-3.08643	199.125	
4.20461	0.025	3.05658	35.3265	7.94482	205.224	
0.734224	0.025	1.84974	-14.4641	1.91944	98.4097	
11.5535	0.025	0.149693	12.413	2.56338	236.247	
1.21296	0.025	0.723574	-62.1711	-9.25704	241.009	
8.15982	0.025	0.175714	-31.4949	10.941	212.13	
10.8929	0.025	0.153485	0.258237	-1.82827	229.693	
7.46803	0.025	0.183932	8.3585	-3.97707	206.022	
12.2911	0.025	0.145942	-27.9282	-3.65712	213.084	
7.47533	0.025	0.183837	-4.41045	-5.54983	186.924	
0.758824	0.025	1.97606	17.1273	-17.6261	157.676	
1.28538	0.025	0.682561	-46.2022	13.5796	214.025	
0.721404	0.025	1.6164	63.282	15.5624	156.86	
2.82702	0.025	0.345073	27.6797	-10.1654	200.766	
2.48336	0.025	0.381747	26.8173	7.1197	206.284	
2.01558	0.025	0.452967	6.7304	0.44358	179.487	
3.78626	0.025	0.278802	-2.246	10.8098	121.552	
5.19057	0.025	0.22658	-39.3643	-1.10048	169.34	
3.44845	0.025	0.297834	-69.6252	-4.54713	184.746	
4.27293	0.025	0.256762	-52.0847	-4.69147	206.112	
6.25313	0.025	0.20279	21.9755	-12.2154	227.714	
3.4733	0.025	0.296305	-61.0568	4.28781	160.206	
1.76649	0.025	0.50756	1.24994	5.61093	263.345	
3.84989	0.025	0.275598	-14.9352	3.33524	184.523	
2.48961	0.025	0.380986	-36.9042	-2.45476	203.519	
0.835496	0.025	2.18829	-152.194	-5.86848	188.465	
0.76945	0.025	1.30048	-33.3667	11.8616	240.961	
2.71214	0.025	2.95987	17.7568	-10.7236	186.343	
9.42478	0.025	0.163818	-8.22382	5.67516	209.968	
6.42114	0.025	0.199754	8.48738	6.5469	176.049	
5.76285	0.025	3.10346	15.9903	2.62103	164.518	
0.863369	0.025	2.24101	22.2105	9.43575	167.778	
6.59225	0.025	0.196823	26.8207	9.42671	202.888	
14.3707	0.025	0.137444	-67.2317	10.7546	231.38	
12.4856	0.025	0.145027	8.27161	3.34524	227.391	
0.996586	0.025	0.89576	27.2619	-1.36148	218.654	
7.23976	0.025	0.18699	21.3453	2.29115	222.638	
1.21335	0.025	0.723338	16.3613	8.98544	209.218	
9.53025	0.025	0.162969	4.57959	3.2757	186.197	
7.1413	0.025	0.18837	15.2872	-6.04793	176.419	
1.05575	0.025	0.838745	130.792	-14.2014	159.044	
12.1525	0.025	0.146612	7.70508	-2.79384	215.924	
0.724828	0.025	1.76382	90.4186	5.81373	164.088	
3.69835	0.025	0.283414	37.0807	11.2889	118	
3.9343	0.025	3.04461	46.0786	-0.459695	170.037	
9.72401	0.025	0.161458	31.9242	1.90533	229.118	
0.922853	0.025	0.983584	58.6334	2.86324	170.108	
0.958187	0.025	2.37742	-20.836	-0.429194	203.565	
8.69978	0.025	0.170212	21.7465	11.7849	181.035	
1.03228	0.025	2.45592	-4.63633	-7.59826	118.237	
1.00505	0.025	2.42915	18.8303	-2.90228	184.367	
5.87163	0.025	0.210333	-6.63909	11.3816	230.777	
6.99521	0.025	0.190488	-6.60814	-8.61237	185.079	
5.80061	0.025	0.211847	-39.9253	8.57021	191.774	
2.1453	0.025	2.88621	-45.5967	5.13527	202.354	
3.97044	0.025	0.269815	-8.8147	-1.15174	181.404	
2.72879	0.025	2.96155	6.38342	5.28413	249.825	
6.6545	0.025	0.195794	10.3829	9.36612	169.648	
7.41979	0.025	0.184563	-14.4135	2.49345	186.747	
1.37147	0.025	0.640628	21.459	-10.0398	200.139	
1.79794	0.025	0.499755	14.2222	0.531609	229.318	
6.61354	0.025	0.196469	49.344	5.64492	209.038	
4.97567	0.025	0.232638	26.3151	-0.560736	191.756	
10.3992	0.025	0.156633	3.84163	-5.25347	183.517	
8.13965	0.025	0.175934	5.97234	9.7182	203.118	
7.27067	0.025	0.186565	-24.8435	-2.75256	170.62	
9.72582	0.025	0.161444	-50.6658	0.847498	210.865	
7.12166	0.025	0.188649	7.38371	-12.0424	208.823	
11.1202	0.025	0.152129	-11.1825	-6.76915	216.549	
0.766487	0.025	2.00516	-20.6808	-1.003	213.023	
5.99868	0.025	0.207714	39.4933	18.4804	238.216	
1.91384	0.025	0.473404	-39.8653	-5.2335	213.867	
6.28971	0.025	0.202115	13.2726	-8.52335	194.784	
1.10155	0.025	2.51556	69.9456	5.64593	85.0365	
2.97798	0.025	0.33173	17.8821	-15.6991	198.11	
1.15029	0.025	0.764455	75.7554	2.7839	158.592	
1.89953	0.025	2.83966	-0.960878	-7.87793	215.655	
0.739563	0.025	1.43219	-2.96894	-16.6302	243.551	
1.22792	0.025	2.60152	-10.0025	-4.51616	175.369	
11.514	0.025	0.149907	15.2361	0.299307	235.259	
1.49792	0.025	2.72685	37.9134	7.00464	187.123	
6.71631	0.025	0.194791	-23.8383	8.15159	197.609	
6.84218	0.025	0.192806	-20.8126	4.64489	204.843	
0.724981	0.025	1.55034	0.268377	-1.24859	206.583	
5.50544	0.025	0.218564	20.9888	16.8996	180.586	
6.42456	0.025	0.199694	34.459	10.1872	202.723	
4.77123	0.025	0.238915	-24.7749	-1.23072	217.44	
11.2182	0.025	0.151562	31.292	9.77	205.845	
1.35412	0.025	0.648565	-25.2745	-13.4046	168.993	
11.9364	0.025	0.147688	-0.262385	-4.35923	199.029	
0.880319	0.025	1.04653	-30.898	5.44953	202.986	
1.88495	0.025	0.479643	25.9753	1.2316	201.725	
11.2352	0.025	0.151464	-19.8514	-10.5726	194.7	
2.19039	0.025	0.422578	-103.676	-3.53126	147.211	
1.1428	0.025	2.54639	25.0326	1.53419	134.031	
5.39858	0.025	0.221179	-21.2347	-9.23467	216.762	
8.0635	0.025	0.176774	-21.9199	2.88961	213.161	
5.23348	0.025	0.22543	6.4125	-10.1789	172.837	
18.3417	0.025	0.126574	45.9946	-1.81095	243.399	
6.1324	0.025	0.205075	35.9487	-7.89957	183.726	
8.66161	0.025	0.170578	-19.4246	1.96444	214.415	
4.68012	0.025	0.24189	28.7383	7.6556	189.29	
7.74428	0.025	0.180474	-6.85573	-0.409384	206.998	
11.7128	0.025	0.148843	4.28792	9.94156	238.327	
8.07964	0.025	0.176594	10.2285	20.3356	199.135	
2.43773	0.025	0.38743	8.40302	5.61695	191.673	
6.00855	0.025	0.207515	-0.322324	-2.68092	158.116	
3.20143	0.025	0.314356	58.4323	6.67664	205.33	
3.80542	0.025	0.277826	36.5969	0.106172	230.189	
1.47619	0.025	2.71875	21.4144	15.7271	180.634	
6.97125	0.025	0.190845	53.6328	-9.38185	192.649	
6.33772	0.025	0.201241	84.6419	4.8587	168.572	
3.41258	0.025	0.300082	0.0468037	-9.28422	198.315	
3.55308	0.025	0.291544	60.4585	3.37951	134.391	
3.12596	0.025	2.99619	20.6905	-2.11035	214.858	
0.756267	0.025	1.3505	34.4768	5.76176	215.072	
4.26751	0.025	0.256979	13.2818	9.63343	177.813	
9.39103	0.025	0.164094	26.7127	-13.0938	171.165	
1.64562	0.025	0.540636	28.1443	5.0991	255.686	
9.23679	0.025	0.165379	29.2635	-4.98943	213.003	
1.90729	0.025	0.474802	18.3645	-9.43702	199.067	
1.86057	0.025	0.485073	16.2389	8.22405	234.575	
8.06259	0.025	0.176784	-48.469	13.268	183.849	
4.81081	0.025	3.07847	-3.94073	0.265444	189.957	
7.70507	0.025	0.180949	81.2907	-3.97006	186.884	
4.43454	0.025	3.0656	-90.5248	-8.14223	228.666	
0.995882	0.025	2.41963	12.4495	2.44009	269.5	
1.32286	0.025	2.65263	72.8358	1.80444	275.219	
5.86379	0.025	0.210498	-8.04156	-12.7549	165.362	
10.6046	0.025	0.155288	21.6523	0.168998	244.972	
1.38145	0.025	0.636175	-75.282	1.07625	213.601	
3.67945	0.025	0.284434	-5.26963	1.77583	197.536	
6.55123	0.025	0.197511	18.1358	9.13617	192.948	
8.84362	0.025	0.16886	51.0014	-5.33854	179.436	
1.66474	0.025	0.535048	-23.7651	-2.81371	124.976	
1.59727	0.025	0.55544	-5.99162	1.56032	188.086	
20.5878	0.025	0.122284	-25.334	-3.52903	258.377	
13.0168	0.025	0.142668	23.6569	-2.79798	254.604	
1.21576	0.025	0.721873	60.9976	7.8475	147.745	
2.2895	0.025	0.407532	42.0079	15.5811	189.881	
0.789182	0.025	1.23864	87.6623	13.61	263.331	
10.2752	0.025	0.157472	-39.9395	-2.26417	197.79	
1.6439	0.025	0.541146	-6.96518	12.3858	159.666	
1.83747	0.025	0.49036	-24.5243	-1.68178	212.247	
3.93423	0.025	3.04461	51.7526	14.5368	159.476	
8.22565	0.025	0.175005	28.2705	15.5653	221.298	
1.10667	0.025	0.79657	-115.917	-5.07895	202.524	
9.02676	0.025	0.167201	-3.50715	-2.74138	182.002	
3.65137	0.025	0.285971	-14.0076	-10.8764	185.504	
1.41289	0.025	2.69351	41.6636	14.2775	206.32	
11.9504	0.025	0.147617	13.3364	9.18691	210.614	
1.07693	0.025	2.49561	33.961	-6.63717	247.921	
10.2909	0.025	0.157364	5.4946	4.45429	212.438	
1.0428	0.025	2.46572	-57.8622	-7.0715	138.609	
9.86951	0.025	0.160362	18.2674	3.2496	166.591	
9.45758	0.025	0.163552	8.07819	9.53242	239.616	
12.4137	0.025	0.145362	-48.0559	-3.71502	230.369	
2.33889	0.025	0.400537	-10.8171	-3.61922	213.281	
9.45211	0.025	0.163596	21.5415	-11.1536	240.267	
1.95489	0.025	0.464882	-23.0742	-8.72638	196.111	
0.759653	0.025	1.97937	19.8278	4.49748	203.805	
2.67369	0.025	0.360225	9.03557	-3.96239	167.304	
7.32948	0.025	0.185765	15.3953	13.4959	196.686	
0.933571	0.025	0.969352	84.0926	-0.910418	213.183	
3.6569	0.025	0.285666	-40.1522	-5.02579	182.093	
9.3835	0.025	0.164156	23.2425	-7.11608	204.734	
3.27776	0.025	0.308978	17.7563	4.16744	170.842	
9.09632	0.025	0.166588	-22.6498	-3.4145	210.765	
0.827085	0.025	1.14545	-12.7283	7.32899	227.15	
1.12137	0.025	0.785372	-56.9777	-12.8645	242.907	
12.4555	0.025	0.145167	-14.6095	-6.7386	219.267	
8.18227	0.025	0.175471	39.8029	12.1697	204.562	
3.28901	0.025	0.308207	51.1561	-2.72341	189.258	
11.0758	0.025	0.152389	-7.70912	-4.36104	240.108	
0.763367	0.025	1.99367	-64.913	0.46703	217.242	
7.94288	0.025	0.178137	-3.42388	-5.8119	204.577	
4.30781	0.025	3.06075	40.0977	1.91823	189.096	
1.40164	0.025	0.627388	76.1886	5.15667	196.643	
14.2767	0.025	0.137774	18.5634	6.05213	207.015	
4.44981	0.025	0.249963	18.086	-12.5867	182.101	
1.54118	0.025	0.573931	-35.4804	-1.56883	146.064	
7.49293	0.025	0.18361	12.7601	5.49813	162.063	
4.48612	0.025	0.248634	47.0846	13.7418	213.061	
7.02022	0.025	0.190119	-9.81333	2.94363	236.441	
8.95524	0.025	0.16784	50.3045	-8.95982	206.861	
3.55107	0.025	0.291661	27.207	8.23216	191.704	
9.67755	0.025	0.161815	25.2607	5.95133	178.9	
2.3132	0.025	2.91199	55.8677	-0.543366	189.866	
1.12452	0.025	2.53311	-31.3387	-7.73905	122.327	
12.2704	0.025	0.146042	67.6501	-1.01592	215.03	
13.5732	0.025	0.140395	-29.1627	5.09585	217.718	
7.62508	0.025	0.181935	23.2711	13.3208	182.757	
9.87947	0.025	0.160289	4.84783	-10.6909	243.747	
8.6831	0.025	0.170371	-12.0666	-10.6672	202.839	
6.67096	0.025	0.195525	-2.22196	-13.4055	251.346	
1.38938	0.025	0.632685	31.1113	-2.53588	212.29	
0.722734	0.025	1.73166	42.4175	6.18962	235.695	
1.01045	0.025	2.43463	25.4968	0.137896	234.467	
0.835949	0.025	2.18921	-93.5127	-1.989	197.013	
8.66022	0.025	0.170591	-6.3897	-2.08986	223.897	
5.88187	0.025	0.210118	-3.85038	2.63707	184.481	
1.70991	0.025	0.522397	-9.32772	10.1329	189.092	
1.04369	0.025	0.849589	24.7188	-3.0365	169.439	
2.02752	0.025	2.86541	48.0291	-22.0881	216.309	
3.9312	0.025	3.04447	-23.894	-18.9307	206.928	
2.3802	0.025	0.394919	8.02145	0.576384	202.836	
2.04702	0.025	0.447091	-2.02875	9.10729	180.858	
1.65126	0.025	2.77715	16.8428	8.36026	184.907	
2.05586	0.025	0.445475	-79.1684	-1.47585	245.938	
11.5536	0.025	0.149693	13.5227	-11.9536	210.681	
0.737105	0.025	1.86893	28.1443	-8.45066	222.994	
12.8674	0.025	0.143311	-33.2624	4.32138	219.109	
7.10992	0.025	0.188817	30.641	-15.4279	208.467	
2.10899	0.025	2.88007	42.2052	-9.15485	178.825	
13.9841	0.025	0.138832	-17.961	7.15456	200.305	
1.03495	0.025	2.45844	3.42457	-6.61791	218.471	
0.75077	0.025	1.94167	-5.65106	2.45746	204.503	
5.3066	0.025	0.223514	20.3234	-8.85116	174.534	
0.782268	0.025	2.0572	31.1823	23.0768	268.879	
4.95716	0.025	0.233185	-2.01621	6.27636	180.741	
5.8529	0.025	0.210729	-32.9523	-1.65859	183.757	
0.990932	0.025	0.901754	80.5924	8.94509	242.799	
8.2052	0.025	0.175224	1.85317	-5.95562	190.667	
9.09492	0.025	0.1666	29.7227	0.508662	198.182	
9.89488	0.025	0.160175	-17.8134	-0.261469	196.292	
6.92534	0.025	0.191534	-11.167	-10.4891	174.036	
7.27155	0.025	0.186552	-5.54992	3.36884	185.157	
10.2149	0.025	0.157887	54.0552	4.98485	198.373	
10.6685	0.025	0.154879	6.00368	2.92597	194.419	
6.68426	0.025	0.195309	-11.992	3.10977	185.384	
0.863676	0.025	2.24155	20.387	-37.1898	223.712	
2.25975	0.025	0.411903	-74.8945	-4.71906	217.158	
4.59344	0.025	0.244832	-21.6314	-3.48077	213.195	
8.65356	0.025	0.170656	38.9988	-3.37962	207.629	
4.36568	0.025	0.253127	-0.888648	0.798995	184.879	
1.3553	0.025	0.648015	9.67567	5.30258	188.197	
3.06966	0.025	0.324287	18.4589	-10.8391	172.374	
1.56064	0.025	0.567345	-11.0712	5.24003	182.311	
11.0367	0.025	0.15262	15.7024	-0.609731	181.865	
2.21749	0.025	0.418323	47.4146	3.21456	173.596	
1.22618	0.025	0.715632	3.36602	-4.05689	173.614	
1.1706	0.025	0.750582	41.8845	-2.56464	217.238	
4.97993	0.025	0.232513	10.0009	-5.29539	158.593	
3.27634	0.025	0.309076	20.0923	-6.28516	153.503	
6.65664	0.025	0.195759	-16.2045	9.51897	164.058	
7.11401	0.025	0.188759	-18.889	1.35712	210.723	
0.807229	0.025	2.12511	47.6432	9.43232	206.563	
11.5249	0.025	0.149848	-3.00618	-1.68329	214.546	
0.723687	0.025	1.74775	18.8102	22.5548	261.552	
2.73828	0.025	0.353628	5.22454	1.37992	158.105	
9.46514	0.025	0.163491	29.0747	11.9047	161.035	
2.92093	0.025	2.97952	34.6836	-3.04229	188.36	
0.7339	0.025	1.46868	80.1457	15.6864	191.522	
2.57731	0.025	0.370709	40.4174	5.75371	198.834	
3.90727	0.025	0.2728	-35.516	0.514739	239.885	
1.24276	0.025	2.61015	-35.9141	0.764177	167.852	
11.8104	0.025	0.148333	21.3947	7.29087	220.57	
4.225	0.025	0.258703	0.66238	-4.00963	224.947	
11.2518	0.025	0.15137	-29.4712	-8.14232	218.155	
2.93545	0.025	0.335346	-11.0281	-7.224	140.27	
0.728755	0.025	1.80616	-0.572989	-0.697025	237.17	
1.36601	0.025	2.67302	80.2731	1.35251	194.84	
6.61239	0.025	0.196488	39.3773	-5.77061	182.153	
2.40427	0.025	0.391739	10.6578	-3.4227	202.283	
13.6206	0.025	0.140209	-36.4131	5.99149	215.6	
2.58126	0.025	2.94586	-20.1318	-5.78993	161.16	
10.3268	0.025	0.15712	14.6995	-11.4848	211.683	
5.92655	0.025	0.209187	22.1289	-3.36887	152.111	
12.3787	0.025	0.145527	24.9988	4.31443	220.348	
10.9044	0.025	0.153414	-12.4736	-1.77471	235.15	
1.25739	0.025	0.697712	-83.0957	-14.569	200.997	
2.64	0.025	2.95233	17.0645	-1.48087	243.054	
10.2243	0.025	0.157822	15.5701	5.21113	156.967	
15.4674	0.025	0.133883	7.92004	5.63772	207.042	
6.61102	0.025	0.19651	-1.15024	4.12572	184.97	
8.17154	0.025	0.175587	-8.09138	6.35652	182.923	
0.729833	0.025	1.50037	62.3783	-7.79682	236.846	
2.9139	0.025	0.337219	66.8758	-6.95069	217.93	
10.7122	0.025	0.154603	-52.7821	9.11615	179.992	
7.75725	0.025	0.180317	-76.0806	-9.76192	198.709	
8.93423	0.025	0.16803	16.6713	5.70674	208.381	
9.18054	0.025	0.165859	16.3233	-0.0622693	185.093	
5.79024	0.025	0.212072	-10.3163	4.2668	240.92	
2.93301	0.025	2.98057	14.7931	-16.4761	229.966	
25.6989	0.025	0.115317	-33.9372	-2.0863	269.379	
5.06761	0.025	0.229983	26.8861	2.73854	195.134	
9.3898	0.025	0.164104	-3.11885	1.74013	176.61	
5.78908	0.025	0.212097	2.8585	-1.14767	175.639	
1.09517	0.025	0.805618	34.7691	14.386	213.774	
1.81361	0.025	2.82015	37.0382	7.83113	158.863	
7.24623	0.025	0.186901	53.465	-1.51548	183.385	
8.52522	0.025	0.171914	-38.075	6.21746	174.149	
9.98266	0.025	0.159532	20.4919	5.58095	198.628	
1.61767	0.025	2.76705	-15.1312	-6.86546	193.283	
11.4352	0.025	0.15034	5.87905	-12.8787	212.578	
1.02145	0.025	0.870593	-79.282	3.05929	205.824	
4.48119	0.025	0.248813	-31.0377	-2.58817	178.985	
8.41443	0.025	0.173031	8.25302	3.50051	220.422	
5.90682	0.025	0.209596	4.0908	11.3144	192.189	
2.50446	0.025	0.379193	-66.0311	-9.54667	154.589	
12.4591	0.025	0.14515	37.8206	3.97169	247.252	
9.30931	0.025	0.16477	-14.2666	-9.24039	201.643	
8.34438	0.025	0.173753	-5.70672	-3.14116	154.724	
3.8081	0.025	0.27769	-27.0154	-7.94417	202.381	
10.301	0.025	0.157295	-31.1766	-5.12664	211.723	
4.52951	0.025	3.06905	-24.5602	-5.35494	213.887	
4.77634	0.025	0.238751	-18.752	-15.3809	216.104	
3.34396	0.025	3.01161	-35.8055	2.62826	180.251	
8.83586	0.025	0.168931	-27.8883	0.845817	196.406	
11.4331	0.025	0.150351	-0.300251	5.22875	190.089	
5.22456	0.025	3.09046	19.4083	-1.37041	179.774	
1.57797	0.025	0.561634	37.6157	-1.36583	221.932	
14.4961	0.025	0.137009	-65.4425	3.25015	212.907	
3.23348	0.025	0.312066	53.8475	-1.72259	166.214	
1.68242	0.025	0.530007	-8.73701	10.9383	242.539	
1.56396	0.025	2.74989	28.1962	-1.2136	179.491	
6.54977	0.025	0.197536	-2.13661	2.65361	224.18	
3.41081	0.025	0.300194	-21.1655	4.84735	176.839	
4.18682	0.025	3.05584	28.4329	-2.5318	161.406	
6.21407	0.025	0.203519	-33.5295	22.2991	194.459	
1.89536	0.025	0.477372	-72.2898	-0.245191	188.478	
6.94981	0.025	0.191165	15.5255	7.95087	198.756	
1.29508	0.025	2.63863	42.2124	-21.3645	256.149	
10.3826	0.025	0.156744	-16.8668	8.18178	228.617	
0.723493	0.025	1.74473	0.849698	-0.444911	198.381	
2.08652	0.025	2.87615	-51.8082	-3.0031	169.222	
4.43677	0.025	0.250445	22.7387	6.89253	189.789	
1.90441	0.025	0.475419	30.0407	-5.92195	244.687	
11.5985	0.025	0.149451	-21.2395	0.867873	221.252	
7.16174	0.025	0.18808	26.5351	-2.78379	221.67	
9.61181	0.025	0.162326	-66.1982	-4.36138	211.228	
5.14294	0.025	0.227878	-33.3545	-11.6861	230.762	
0.796724	0.025	2.09824	27.8648	9.0375	143.721	
1.44663	0.025	0.608842	-54.2843	5.38303	262.218	
10.4397	0.025	0.156363	-6.69353	1.56303	232.762	
8.75511	0.025	0.169686	-7.9707	3.32961	206.536	
0.743605	0.025	1.40964	-28.413	0.508935	184.496	
6.53098	0.025	0.197855	-2.26822	-0.100202	196.892	
0.72081	0.025	1.6486	-62.5775	26.5843	283.095	
7.69399	0.025	0.181085	10.2135	6.33082	199.163	
1.87403	0.025	0.482056	13.8633	12.4482	164.288	
13.6278	0.025	0.140181	-19.4025	0.501214	225.46	
7.3604	0.025	0.18535	-32.8917	4.37377	254.568	
4.30923	0.025	3.06081	28.5534	-2.57317	222.778	
14.5647	0.025	0.136775	-7.56548	-2.99431	243.443	
6.69551	0.025	0.195126	29.8954	-10.75	199.963	
18.8451	0.025	0.125523	-10.1954	1.43395	234.854	
2.21433	0.025	0.418814	53.2555	-13.9608	148.79	
7.06327	0.025	0.18949	-6.75279	-0.831396	210.437	
0.747732	0.025	1.92738	-111.569	-24.6929	246.112	
13.4665	0.025	0.140816	-31.5695	-4.93501	221.96	
2.13768	0.025	0.431184	-54.9034	12.1672	208.42	
7.02741	0.025	0.190014	4.72748	-14.3606	219.767	
0.970775	0.025	0.924027	-25.9114	-8.04637	238.546	
10.797	0.025	0.154073	-21.6254	11.7829	222.46	
0.741647	0.025	1.89585	44.2251	4.65683	253.714	
7.20705	0.025	0.187444	-9.17829	11.5977	180.93	
5.52734	0.025	0.218041	32.7586	-4.81107	209.322	
13.3139	0.025	0.14143	32.2088	-7.98553	206.564	
3.95222	0.025	0.270666	35.0829	-8.11331	212.882	
1.1518	0.025	2.55272	-48.7748	14.5757	193.343	
1.97841	0.025	0.460171	-18.9579	6.44711	206.145	
13.0531	0.025	0.142514	37.6564	-1.20523	226.267	
3.56503	0.025	0.29085	26.4822	14.023	188.532	
3.35161	0.025	0.304014	-49.3885	8.3273	192.518	
5.25669	0.025	0.224816	54.5872	6.15577	178.419	
2.92791	0.025	0.335998	12.5114	-13.1498	153.103	
0.990367	0.025	2.41377	-64.7007	0.692591	242.403	
5.90308	0.025	0.209674	5.05899	-11.1372	210.816	
6.47517	0.025	0.198812	6.02323	-1.71044	183.862	
4.5045	0.025	0.24797	-44.5334	-10.6267	190.127	
11.916	0.025	0.147792	-14.8333	-0.512581	234.339	
0.784267	0.025	1.25292	-20.0974	1.81991	244.475	
2.01191	0.025	0.453665	75.6414	1.44243	225.837	
11.7873	0.025	0.148453	26.623	3.46849	232.024	
1.31619	0.025	0.666787	89.2147	-6.52324	181.532	
7.34066	0.025	0.185615	30.7482	-3.92019	164.713	
0.792459	0.025	1.22946	-64.8803	9.12995	212.436	
11.234	0.025	0.151471	6.34714	-2.91882	190.163	
6.53401	0.025	0.197803	-5.81198	6.0194	204.004	
10.9193	0.025	0.153324	9.33592	-1.06957	182.141	
4.68113	0.025	0.241857	-15.0214	12.7767	166.805	
1.70418	0.025	0.523962	-19.0236	-0.0438504	226.79	
1.4109	0.025	2.69267	13.9157	5.14759	189.15	
2.3966	0.025	2.92338	23.5816	7.23681	217.827	
7.09339	0.025	3.12707	45.9285	-14.6616	212.563	
0.781445	0.025	1.26143	46.7954	6.53136	156.345	
3.73998	0.025	3.03492	-39.9445	0.195921	188.198	
1.87904	0.025	0.480946	-46.54	-8.39857	190.774	
7.29744	0.025	0.186199	6.94489	-10.4224	196.397	
10.7686	0.025	0.15425	18.4052	4.39332	216.722	
26.6676	0.025	0.114298	4.33955	-2.34539	216.471	
3.44394	0.025	0.298114	30.9758	-8.55698	195.981	
11.8868	0.025	0.147941	7.66031	3.90267	218.774	
5.0282	0.025	0.231109	7.12596	2.97447	210.667	
2.89671	0.025	0.338735	8.29782	-3.2418	206.213	
11.1803	0.025	0.15178	-28.5492	0.681426	229.071	
8.92559	0.025	0.168109	29.3791	-11.1481	166.187	
8.7918	0.025	0.169342	25.5867	-5.57871	200.057	
0.981906	0.025	2.40458	-86.6305	-19.6242	182.072	
1.68631	0.025	0.528914	23.6227	2.24229	194.258	
2.51401	0.025	0.378052	16.0547	9.90067	229.683	
1.83338	0.025	0.491311	49.1206	-10.5298	173.74	
12.2368	0.025	0.146203	8.64255	-5.15772	216.897	
8.7831	0.025	0.169423	-18.6932	4.4876	217	
8.77433	0.025	0.169505	24.8718	-7.83678	218.664	
0.892247	0.025	1.02772	-25.9914	19.1755	198.244	
5.44346	0.025	0.220068	-34.4549	5.35967	192.701	
2.07456	0.025	2.87402	39.9004	3.15212	208.469	
4.22502	0.025	0.258702	-33.5255	-3.36413	193.684	
0.951687	0.025	0.946541	-17.4425	-7.83665	229.302	
0.735369	0.025	1.45852	-52.3563	-2.13505	219.259	
13.0013	0.025	0.142734	-20.6229	1.82352	247.975	
2.13331	0.025	0.431918	1.52985	-8.85766	205.387	
0.921227	0.025	2.33033	15.0414	9.43399	158.553	
5.60807	0.025	0.216148	-16.7361	-8.6918	165.676	
2.91734	0.025	0.336918	-16.2252	-8.53414	146.592	
5.93307	0.025	0.209052	13.2333	4.72331	185.592	
0.72404	0.025	1.5631	2.41608	-19.8112	280.892	
0.800689	0.025	1.20749	-50.7126	-3.46571	220.652	
4.05389	0.025	0.266016	31.658	-5.76506	181.114	
5.60579	0.025	0.216201	32.3985	-5.56213	190.954	
12.4394	0.025	0.145242	11.5528	-6.07472	242.89	
0.982007	0.025	2.40469	-18.995	1.18205	230.533	
3.54165	0.025	3.02391	29.1849	-5.21817	173.883	
4.01756	0.025	3.04848	12.7813	-0.198604	185.35	
11.2331	0.025	0.151476	-20.8889	4.11527	187.643	
0.824577	0.025	2.16524	31.3285	12.0015	171.82	
8.63856	0.025	0.170801	33.4215	10.0889	223.454	
2.01188	0.025	2.86245	-10.6779	-10.8248	214.568	
7.95087	0.025	0.178045	-22.4973	7.8083	226.739	
9.77419	0.025	0.161076	-38.9478	9.48898	233.881	
3.96086	0.025	0.270261	8.30061	-1.87077	214.848	
4.43804	0.025	0.250398	-8.78533	0.448097	189.464	
0.868569	0.025	2.25003	-43.0458	31.6185	265.978	
2.83462	0.025	0.344367	53.5944	-9.75521	172.029	
17.5074	0.025	0.128448	-20.5151	-1.02792	226.873	
1.59955	0.025	0.554719	37.4847	18.9722	195.987	
2.3334	0.025	0.401298	-4.47718	5.01687	193.213	
8.32002	0.025	0.174007	26.0286	-14.5466	213.652	
1.26682	0.025	2.62361	-30.8916	-10.5735	203.162	
1.16164	0.025	0.756622	45.3337	22.324	236.757	
4.25162	0.025	0.257619	25.6819	1.91674	194.181	
9.57409	0.025	0.162622	-49.391	2.63812	193.859	
5.38909	0.025	0.221416	-31.7682	-19.988	177.552	
0.988742	0.025	0.904104	26.1706	18.3742	215.99	
3.55673	0.025	3.02479	16.5671	-5.34231	181.309	
3.12145	0.025	0.320281	-16.4523	2.2699	192.445	
12.6977	0.025	0.144061	-13.8849	-10.0537	242.107	
9.54642	0.025	0.162841	-8.37707	4.38253	215.81	
7.18011	0.025	0.187821	-23.2675	10.77	158.121	
10.1309	0.025	0.158473	-44.431	5.41714	236.898	
1.47907	0.025	0.596283	-61.104	-12.1464	185.638	
0.748345	0.025	1.38579	-49.0832	-7.58964	257.526	
3.99613	0.025	0.268628	13.537	4.88012	216.018	
1.94947	0.025	0.465986	19.2251	-2.95728	207.155	
0.851706	0.025	1.09622	-9.93634	13.7378	153.705	
6.03136	0.025	0.207058	23.7423	4.93686	206.048	
0.919346	0.025	0.988369	11.8148	19.4368	212.725	
2.87761	0.025	2.97568	-29.7839	16.7158	211.314	
0.77781	0.025	2.04339	15.3638	2.3771	194.218	
2.44926	0.025	2.93015	-39.0001	-6.0712	146.278	
11.6026	0.025	0.149429	-32.6728	-7.01444	185.615	
0.734745	0.025	1.85336	28.595	-0.182388	155.968	
0.771123	0.025	1.29471	3.32563	13.8546	258.087	
6.40773	0.025	0.199991	23.9368	2.39761	152.327	
10.5152	0.025	0.155867	34.3229	-8.31104	216.73	
6.05698	0.025	0.206549	8.83613	2.67448	203.494	
4.30141	0.025	0.255629	-8.62387	13.3333	238.711	
8.40995	0.025	0.173077	-26.6403	9.46297	177.33	
1.19554	0.025	0.734382	-37.7007	0.51997	254.253	
5.06934	0.025	3.08619	49.7413	2.03905	187.469	
1.73908	0.025	0.514615	129.305	-3.36357	186.466	
2.67569	0.025	0.360016	-59.9761	3.51851	236.143	
1.67979	0.025	0.530748	36.4271	-17.8178	136.452	
8.8094	0.025	0.169177	7.69077	-6.11585	238.257	
3.75007	0.025	0.280674	64.7991	-5.46165	172.975	
9.83737	0.025	0.160602	24.0252	-8.32348	209.511	
10.4028	0.025	0.156609	-1.71238	-1.83196	242.872	
4.43151	0.025	0.250641	-35.508	13.807	183.1	
2.62553	0.025	0.365364	0.737002	6.86987	210.028	
0.79015	0.025	1.2359	86.486	10.572	216.667	
11.7159	0.025	0.148827	31.2873	4.37221	224.364	
5.02034	0.025	0.231336	53.8619	-1.79487	171.083	
0.910061	0.025	2.31476	-7.70062	-30.2382	252.696	
4.25543	0.025	0.257465	-21.7512	8.71314	206.797	
1.72778	0.025	0.517596	6.77895	-0.549271	192.554	
4.07305	0.025	0.265166	55.7712	-2.87307	187.387	
0.909775	0.025	1.00177	-46.7846	-1.42124	120.424	
7.5152	0.025	0.183323	23.7191	4.25982	210.439	
9.37773	0.025	0.164203	22.9028	3.86694	174.319	
3.28708	0.025	0.308339	-12.5222	4.61813	206.991	
4.45667	0.025	0.24971	-17.8005	9.92757	169.096	
9.76375	0.025	0.161156	36.7483	-1.6907	240.59	
1.65102	0.025	2.77708	36.1392	14.4801	215.499	
7.77516	0.025	0.180102	46.1622	11.011	204.492	
9.31905	0.025	0.164688	-18.7064	6.15844	210.039	
10.0127	0.025	0.159315	-28.2046	-4.88534	209.755	
1.27869	0.025	2.63002	-17.2861	-13.9085	256.424	
8.32469	0.025	0.173958	-10.4736	-3.3231	216.162	
2.15014	0.025	0.429109	20.2848	18.8967	186.389	
5.69458	0.025	0.21418	50.1096	0.610578	153.059	
8.07132	0.025	0.176687	5.52096	-0.270724	234.878	
5.49602	0.025	0.218791	5.57959	-7.38332	157.85	
7.10267	0.025	0.188921	-25.307	-3.86279	222.268	
4.10817	0.025	3.0525	30.4702	-11.5399	198.725	
9.09893	0.025	0.166565	-7.87596	-5.52975	183.395	
1.17715	0.025	0.746245	-7.57689	-11.4708	219.112	
1.12793	0.025	0.780498	33.0807	6.24882	184.646	
0.958334	0.025	0.938533	19.5968	13.2914	265.367	
6.26211	0.025	0.202624	-44.6533	8.24099	171.364	
1.2896	0.025	2.63578	44.1266	-12.0156	244.622	
0.781432	0.025	1.26146	2.52821	32.1445	170.591	
7.47871	0.025	0.183794	14.6118	2.5239	196.28	
6.80521	0.025	0.193381	-7.76416	23.9437	163.766	
10.0613	0.025	0.158966	31.9669	6.23499	220.327	
14.7968	0.025	0.135998	22.2371	7.05478	233.047	
10.2299	0.025	0.157783	-36.987	-3.99656	190.747	
5.95967	0.025	3.10762	31.8305	9.38039	130.49	
5.55357	0.025	0.21742	16.7092	0.920999	163.216	
9.93171	0.025	0.159904	7.31895	1.34188	213.327	
0.88595	0.025	1.03752	-127.318	-15.9894	235.21	
0.868239	0.025	1.06666	37.376	0.404513	148.3	
1.66466	0.025	2.78105	-16.6399	-17.4987	223.076	
9.30014	0.025	0.164846	-40.2091	10.9403	213.038	
6.11864	0.025	0.205341	-42.9025	-1.59277	151.062	
2.59484	0.025	0.368742	-96.1683	-9.74928	174.424	
1.7365	0.025	0.515293	34.2102	-4.94153	204.134	
1.12941	0.025	0.779408	49.1222	20.0613	192.262	
0.802627	0.025	2.1136	-19.4778	-4.87588	279.189	
9.00791	0.025	0.167368	-39.7624	13.6832	191.007	
1.26537	0.025	2.62282	6.04859	9.06117	200.53	
12.7285	0.025	0.143924	8.31519	-8.01519	227.41	
6.59783	0.025	0.19673	-38.2927	-3.80081	148.947	
3.68075	0.025	0.284364	-13.8211	-2.68374	206.009	
5.70858	0.025	0.213867	13.2311	-5.6781	189.798	
2.53853	0.025	2.94096	50.8393	8.6214	208.682	
2.21903	0.025	0.418084	16.2136	-9.35199	162.31	
8.31089	0.025	0.174103	0.451238	-2.35459	211.894	
4.3102	0.025	0.255282	-21.7765	3.88277	176.649	
17.6994	0.025	0.128001	-28.6879	1.72834	220.463	
1.65454	0.025	2.77811	19.4166	5.55673	251.943	
6.40275	0.025	0.200079	-5.45375	8.79735	220.73	
4.27069	0.025	0.256851	10.4348	-0.699976	193.95	
0.920124	0.025	2.32882	-52.0883	14.5788	259.386	
1.22143	0.025	0.71846	18.2829	-0.448354	222.272	
5.99903	0.025	0.207707	49.7729	-11.9168	195.763	
1.05614	0.025	0.838394	-28.3759	18.6306	255.34	
0.751959	0.025	1.94705	58.1368	-11.972	205.9	
0.739386	0.025	1.88289	46.4197	-13.1655	217.347	
8.89183	0.025	0.168416	-17.3726	-9.58329	200.814	
0.802217	0.025	2.11256	8.8727	12.5604	229.602	
6.77297	0.025	0.193888	-13.2076	-11.6215	255.732	
5.98522	0.025	0.207986	3.35623	0.427481	204.693	
1.5431	0.025	0.573273	-48.6591	8.97071	181.805	
0.724948	0.025	1.76537	41.226	9.26697	144.581	
18.0196	0.025	0.127277	-16.4671	3.71198	193.644	
10.2681	0.025	0.15752	-5.79708	-2.35844	179.099	
1.06446	0.025	0.831123	-21.9801	-6.46271	203.595	
1.00549	0.025	2.4296	27.6589	17.6291	264.389	
11.4854	0.025	0.150064	-5.92866	-3.39141	223.136	
4.74911	0.025	0.239626	-21.9769	10.5226	197.31	
1.35794	0.025	2.66933	-3.353	0.860215	195.51	
2.61096	0.025	0.366957	-40.3653	-0.450072	133.212	
4.04989	0.025	0.266194	46.7466	-2.19229	157.874	
6.93105	0.025	0.191448	11.8011	-6.56282	206.797	
9.64728	0.025	0.162049	27.3751	11.4272	223.547	
6.72319	0.025	0.194681	-0.39543	-12.976	213.07	
7.30742	0.025	0.186064	-20.7789	-18.7575	221.606	
1.23563	0.025	2.60604	-43.6944	7.21776	224.397	
21.0361	0.025	0.121537	-14.0774	-0.833723	236.764	
6.48005	0.025	0.198727	-1.14279	-1.82563	166.715	
5.35316	0.025	0.222322	-18.9371	-0.676669	151.082	
1.08459	0.025	0.814177	9.00481	5.72052	143.191	
2.4265	0.025	2.92726	14.1284	-7.58812	229.5	
0.964583	0.025	0.931171	-56.6747	3.79972	226.372	
4.84613	0.025	0.236553	36.8938	-18.8828	191.146	
13.1331	0.025	0.142176	-15.3012	-0.862334	253.177	
6.12504	0.025	0.205217	-11.8138	12.7684	181.724	
1.28068	0.025	0.685046	-66.4644	-4.24896	142.484	
14.2021	0.025	0.13804	-2.01712	0.796394	206.523	
2.68798	0.025	2.95739	6.82193	9.04858	178.414	
4.52325	0.025	0.247298	-24.8837	-2.99622	161.496	
2.94671	0.025	2.98175	-13.6059	3.85225	202.292	
2.35461	0.025	2.91775	29.4487	10.3479	200.499	
0.998588	0.025	2.42246	91.9701	-12.6849	164.671	
7.74644	0.025	0.180448	-22.0219	-3.607	197.219	
2.77412	0.025	2.96602	-55.3059	-10.6115	214.899	
3.71065	0.025	0.282755	-24.6835	-1.42303	199.624	
12.5349	0.025	0.1448	5.46775	4.08391	236.979	
5.79477	0.025	0.211974	26.9685	-2.44738	161.754	
2.14642	0.025	0.429725	2.03529	-5.71861	226.685	
14.5494	0.025	0.136827	16.3594	-7.69649	274.095	
12.1315	0.025	0.146715	1.52063	1.26581	209.97	
2.43654	0.025	0.38758	34.8182	-10.4471	206.028	
0.911181	0.025	0.999768	-91.6928	-6.10361	201.742	
1.08814	0.025	2.50485	26.1485	6.07615	268.497	
5.32545	0.025	0.223029	1.03433	8.21891	203.453	
2.00619	0.025	0.454759	-1.13462	10.0027	221.223	
4.17834	0.025	0.260637	-10.274	7.39287	150.752	
1.11661	0.025	0.788951	39.5204	2.926	270.073	
8.77497	0.025	0.169499	-9.38893	8.45564	189.951	
0.728397	0.025	1.80283	-122.463	-6.49017	235.151	
3.54192	0.025	0.292197	2.6522	-3.09632	211.582	
12.517	0.025	0.144882	-45.1935	5.75123	236.477	
6.3986	0.025	0.200152	-27.4664	1.12071	188.423	
6.00254	0.025	0.207636	-27.8209	12.8571	163.135	
13.5873	0.025	0.140339	23.5026	0.138744	228.333	
10.9174	0.025	0.153336	4.58851	3.99104	233.638	
8.07762	0.025	0.176617	16.4476	4.38245	183.364	
6.28139	0.025	0.202268	-46.9234	10.4245	242.776	
13.6481	0.025	0.140102	-29.8601	-9.89304	228.822	
4.55627	0.025	0.246128	-12.4254	-3.30935	227.2	
9.72341	0.025	0.161463	13.971	13.3269	204.925	
6.23754	0.025	0.20308	-35.8122	6.14212	186.622	
0.72378	0.025	1.56695	-27.7434	34.4067	192.29	
3.37932	0.025	0.302209	38.373	0.0278127	206.098	
0.77407	0.025	1.28483	27.3656	-23.766	246.966	
6.80748	0.025	0.193346	-22.5717	-1.80348	187.088	
1.50981	0.025	2.73117	78.1166	10.6182	137.33	
1.04765	0.025	2.47014	-72.579	1.18704	198.033	
0.77745	0.025	2.04225	48.3529	24.4117	196.881	
1.93032	0.025	0.469937	-46.7355	10.1465	150.361	
5.14598	0.025	0.227795	-17.704	-15.9972	209.983	
15.0251	0.025	0.135257	-12.839	4.11366	252.425	
4.10933	0.025	0.263579	-26.0152	-6.31547	194.588	
1.8198	0.025	0.494506	58.3005	2.20554	217.899	
0.876239	0.025	2.26292	74.8349	-13.7373	118.224	
1.23581	0.025	2.60615	6.64918	18.965	150.067	
1.04791	0.025	0.845757	-84.3053	12.6103	195.93	
4.35948	0.025	0.253365	-13.8541	7.4901	201.447	
0.81548	0.025	1.17134	70.7679	5.53925	223.631	
14.9311	0.025	0.135559	14.1563	14.6286	235.329	
1.26168	0.025	2.62079	12.8099	15.6221	292.046	
5.75907	0.025	0.212751	-7.09945	-1.66076	198.409	
0.764149	0.025	1.31953	49.6266	17.7274	263.379	
8.87692	0.025	0.168553	22.4213	0.356439	156.07	
12.5257	0.025	0.144842	16.2805	-3.00078	221.603	
5.90903	0.025	0.20955	4.2359	-3.66746	192.945	
0.948085	0.025	0.950958	-33.0946	-5.00514	284.806	
1.3597	0.025	0.645988	31.2549	10.5814	116.139	
5.38448	0.025	0.221532	-11.6454	6.53194	199.258	
6.86331	0.025	0.19248	2.73297	4.18807	208.21	
1.80448	0.025	0.498169	-8.62769	-2.67558	217.17	
0.862172	0.025	2.2389	19.3623	1.91433	216.122	
5.07761	0.025	0.2297	-32.2042	4.40161	176.147	
4.34644	0.025	0.253868	-23.6401	-5.17111	162.856	
6.10059	0.025	0.205692	17.0916	-11.076	202.415	
0.893907	0.025	1.02518	33.2777	8.50767	157.756	
2.69961	0.025	0.357538	10.158	-2.91337	130.042	
7.71491	0.025	0.18083	-21.5801	0.856455	229.263	
2.35698	0.025	0.398051	-29.075	0.929159	177.661	
0.981949	0.025	0.9115	-0.368221	-6.02143	220.486	
7.96824	0.025	0.177847	43.7126	-7.65737	207.412	
0.752732	0.025	1.95048	83.125	-14.0066	240.86	
5.57267	0.025	0.216971	-6.15306	3.46203	177.285	
14.5839	0.025	0.13671	-10.97	-2.6289	217.832	
0.814732	0.025	2.14305	21.35	-7.53246	188.045	
10.5934	0.025	0.155359	-51.0397	-18.0528	187.511	
1.29734	0.025	2.63979	-70.6409	-5.29071	188.039	
13.5913	0.025	0.140324	11.778	8.36485	262.045	
1.85144	0.025	0.487146	65.0645	9.05694	142.969	
10.0465	0.025	0.159072	-29.4426	13.2246	238.669	
2.10208	0.025	2.87887	28.4667	11.6172	162.999	
1.07426	0.025	0.822762	66.5176	-0.465982	137.399	
1.19309	0.025	2.58019	5.8282	0.910949	258.008	
1.8632	0.025	0.484478	-43.0857	6.09431	177.965	
4.70271	0.025	0.241142	-23.4387	1.55615	183.083	
11.498	0.025	0.149995	47.0619	-1.36495	228.536	
3.21549	0.025	0.313346	-37.0128	7.89451	147.508	
1.49723	0.025	2.7266	68.4101	-4.18654	196.426	
1.37507	0.025	0.639011	14.1874	11.1729	214.529	
1.81664	0.025	0.495256	10.6607	-3.45493	273.994	
6.66779	0.025	0.195577	14.1536	-5.93123	230.155	
0.739918	0.025	1.88601	49.3903	3.78605	227.733	
5.48199	0.025	0.219129	-13.726	-17.6032	158.427	
7.97532	0.025	0.177766	-21.0596	12.6467	184.246	
7.42465	0.025	0.184499	6.66608	0.601912	219.917	
7.18101	0.025	0.187809	16.3728	14.645	208.196	
5.8521	0.025	0.210746	-15.5623	-6.59903	205.035	
2.21445	0.025	2.89733	37.8377	-9.72901	200.337	
2.96542	0.025	2.98334	10.4359	21.3458	208.82	
1.32237	0.025	2.65239	46.7031	5.96153	180.097	
0.726958	0.025	1.78855	-53.3078	-4.56255	189.953	
2.61757	0.025	0.366232	19.3951	4.4326	205.823	
2.05487	0.025	0.445656	-28.7357	-9.68002	222.63	
1.40841	0.025	0.624507	-13.1155	4.32731	164.662	
5.47956	0.025	0.219188	-31.3733	4.07318	216.854	
3.8875	0.025	3.04237	41.9394	0.542388	191.241	
5.69474	0.025	0.214176	-47.9224	3.26882	236.339	
5.84115	0.025	0.210978	14.377	7.91141	214.43	
2.68075	0.025	0.359488	-17.2533	-0.193114	204.56	
4.37001	0.025	0.252961	31.3942	3.61355	180.096	
4.87782	0.025	3.08055	13.4668	17.3068	165.773	
8.7138	0.025	0.170078	-18.4189	5.87734	198.71	
4.57417	0.025	0.245502	19.4874	3.33618	188.594	
2.0375	0.025	0.448851	19.5371	10.9757	162.595	
1.99049	0.025	0.457798	2.60711	-3.32819	203.925	
10.4637	0.025	0.156205	-0.511071	11.0831	204.538	
9.98275	0.025	0.159532	-14.5015	-2.52124	199.398	
0.757226	0.025	1.96959	-74.3427	-19.0481	143.765	
0.798272	0.025	2.10234	-89.2692	-12.6105	172.407	
10.6714	0.025	0.154861	-18.4804	10.7021	191.665	
7.38649	0.025	0.185003	-12.055	-1.39042	218.759	
9.38347	0.025	0.164156	1.06831	5.45222	195.7	
4.7026	0.025	3.07498	-50.6204	1.32291	124.881	
5.64346	0.025	0.215335	13.6748	6.42025	207.975	
1.25329	0.025	0.700005	1.22103	3.80615	269.864	
7.98676	0.025	0.177636	-7.06247	-2.39244	214.59	
1.75075	0.025	0.511582	49.8231	10.481	184.36	
12.6155	0.025	0.144432	-11.2485	4.42112	230.938	
9.17776	0.025	0.165883	-7.80608	-3.61708	193.098	
5.3158	0.025	0.223277	14.9414	8.78133	175.237	
1.06259	0.025	2.48338	56.5989	-6.93025	201.32	
7.98472	0.025	0.177659	7.42983	-14.6055	167.534	
0.722923	0.025	1.73512	35.7647	-8.9996	252.953	
2.47017	0.025	2.93276	36.1653	8.7289	190.899	
5.31946	0.025	0.223183	16.6329	-1.92238	205.29	
3.02397	0.025	0.327938	-25.5012	-12.3447	199.966	
1.47206	0.025	0.598943	-24.2431	-13.0674	207.842	
1.30827	0.025	2.64537	-36.1487	-10.9676	201.896	
5.14952	0.025	0.227698	48.1433	-8.74128	212.53	
6.98458	0.025	0.190646	9.27189	10.1379	201.681	
3.41809	0.025	0.299733	40.4155	11.7021	189.421	
0.726199	0.025	1.78033	-134.035	-6.47999	229.273	
3.02819	0.025	2.98853	-6.12395	4.9595	218.499	
2.73666	0.025	0.35379	-3.06342	16.6173	219.062	
5.51859	0.025	3.09788	-7.14457	-3.59861	184.8	
3.51781	0.025	0.293622	7.65952	-3.50154	183.14	
3.66675	0.025	0.285126	17.496	-21.1129	190.302	
1.33644	0.025	0.656902	73.3492	9.35658	203.086	
9.06048	0.025	0.166902	0.506142	-0.290881	203.345	
9.48309	0.025	0.163346	-3.03337	-14.1336	241.906	
14.4459	0.025	0.137182	22.3413	-7.14258	235.042	
12.3079	0.025	0.145862	-17.3599	2.85131	186.74	
2.27765	0.025	0.409259	-5.19719	-11.7909	215.084	
12.8236	0.025	0.143503	6.51663	3.94418	252.396	
9.12253	0.025	0.16636	19.7961	2.22517	186.79	
0.958902	0.025	2.37827	-12.121	-7.65427	225.796	
10.3472	0.025	0.156982	-40.9923	-2.67621	204.643	
11.0554	0.025	0.15251	50.18	4.15569	204.865	
3.41024	0.025	0.30023	-24.9742	-8.48335	199.773	
1.56446	0.025	2.75005	-83.5082	1.05083	219.415	
8.39741	0.025	0.173206	13.039	6.99129	173.978	
4.69793	0.025	0.2413	-22.5363	21.6624	236.673	
3.61744	0.025	0.28786	-24.958	-3.28478	226.234	
11.023	0.025	0.152702	-33.8366	4.86038	245.151	
2.34768	0.025	0.399324	18.0836	6.67719	205.134	
1.42618	0.025	0.617101	-4.13928	1.48241	243.444	
9.82504	0.025	0.160694	2.32714	2.89152	205.885	
9.19809	0.025	0.165709	-6.99689	2.52517	160.426	
6.57219	0.025	0.197158	21.9313	6.27358	171.781	
1.84148	0.025	0.489433	6.2265	0.166687	105.551	
1.41502	0.025	2.6944	48.5208	-11.6477	169.865	
11.8841	0.025	0.147954	-16.0501	-7.41197	239.901	
1.31999	0.025	2.65122	14.0748	-0.337892	207.637	
3.23403	0.025	0.312027	-12.237	10.6704	165.547	
10.9097	0.025	0.153382	24.1325	-9.44866	219.33	
3.49029	0.025	0.295273	70.5402	5.67923	201.652	
10.0419	0.025	0.159105	-2.36069	6.44538	229.622	
1.02308	0.025	0.869008	-64.583	-8.62509	204.921	
11.1526	0.025	0.15194	-52.7451	-3.0291	220.784	
2.41692	0.025	0.390096	33.461	23.2725	203.179	
4.67878	0.025	0.241935	-44.678	-3.99555	182.101	
15.221	0.025	0.134638	-28.1572	1.43939	264.082	
2.08979	0.025	0.439404	-5.92414	-5.41309	217.639	
15.5574	0.025	0.133613	-14.0014	7.06095	247.753	
4.80916	0.025	0.237709	57.6976	-1.6582	172.652	
10.6263	0.025	0.155148	13.836	2.48701	247.771	
5.68131	0.025	0.214478	-17.6576	1.04476	167.987	
3.39681	0.025	0.301085	-11.1273	3.61433	194.289	
9.28609	0.025	0.164964	37.95	19.0691	239.078	
2.84588	0.025	0.343326	-28.9774	-4.6726	173.746	
10.9468	0.025	0.153158	-4.78231	1.1287	202.794	
8.16799	0.025	0.175626	45.9463	-9.7751	159.805	
4.14174	0.025	0.262185	10.6123	-8.36665	215.801	
1.33002	0.025	0.659999	-54.8415	24.2232	231.229	
0.792882	0.025	1.22829	-96.7916	12.2431	185.223	
2.76778	0.025	0.350721	21.891	15.1011	186.936	
8.7121	0.025	0.170094	20.644	3.51834	166.357	
7.36593	0.025	0.185276	-67.9089	-8.01378	191.183	
11.6618	0.025	0.149113	-24.0532	13.9321	238.611	
4.11369	0.025	0.26339	20.4257	-6.8357	186.632	
17.1319	0.025	0.129351	14.6852	2.18295	267.584	
3.11087	0.025	2.99504	40.3731	5.88194	204.551	
5.66538	0.025	0.214837	-5.57198	0.265704	213.207	
0.865726	0.025	1.071	-67.2525	-6.45838	255.203	
5.04704	0.025	0.230568	-50.8223	-6.53335	187.473	
0.766728	0.025	2.00602	-37.295	-34.0458	259.864	
2.03316	0.025	0.449658	18.3788	-1.18152	172.038	
10.2626	0.025	0.157558	44.3646	-1.38499	209.386	
10.4717	0.025	0.156152	-7.5231	-4.68307	189.082	
5.97914	0.025	3.10802	46.8704	-9.52709	191.819	
3.57962	0.025	0.290008	-10.4943	-7.23187	180.656	
7.96682	0.025	0.177863	-27.3928	2.85309	192.086	
0.723524	0.025	1.57091	-19.9375	7.04008	192.981	
3.06216	0.025	0.324878	-18.0022	13.0745	187.288	
1.78923	0.025	0.501886	21.6158	-2.94589	253.609	
2.1319	0.025	0.432155	-25.6698	10.0629	210.595	
0.740025	0.025	1.88663	-25.8369	-22.3159	272.523	
1.84729	0.025	0.488094	4.09686	15.1202	239.446	
0.766259	0.025	1.31179	-20.4648	0.765243	183.669	
0.923787	0.025	2.33381	-59.1685	13.0855	233.325	
13.6345	0.025	0.140156	33.1799	3.11927	228.693	
3.49199	0.025	0.29517	28.3191	10.0315	175.985	
4.47197	0.025	0.249149	13.6161	6.71631	203.035	
11.29	0.025	0.151152	2.62455	-0.91683	210.908	
9.14787	0.025	0.16614	28.0524	4.18647	229.769	
11.2153	0.025	0.151578	8.63206	7.62618	258.54	
3.84603	0.025	0.27579	-1.65869	-8.07272	202.349	
3.92794	0.025	0.271812	-37.8593	0.380982	198.876	
5.7455	0.025	0.213049	-6.47778	-14.6637	187.679	
0.850257	0.025	2.21719	14.7035	18.8348	261.327	
2.05726	0.025	0.445219	-17.405	1.64115	172.45	
1.45966	0.025	0.60372	-64.94	-4.2107	164.663	
0.909413	0.025	1.00229	-29.0994	3.04765	241.998	
5.25995	0.025	0.22473	58.7331	11.8093	171.057	
7.73824	0.025	0.180547	12.7118	-1.30718	227.83	
9.10563	0.025	0.166507	4.43668	-3.41516	214.931	
4.63114	0.025	0.243539	51.5212	-17.8132	217.881	
8.44189	0.025	0.172752	-9.04042	15.9994	221.454	
2.43371	0.025	0.387941	-73.2494	0.16074	145.292	
7.61448	0.025	0.182067	-2.78312	-8.61248	198.51	
1.20164	0.025	2.58557	30.8654	1.79802	191.192	
6.90618	0.025	0.191824	-6.1391	-10.0266	213.827	
3.41124	0.025	3.01596	29.2651	-14.1037	181.725	
0.725055	0.025	1.76674	83.108	7.71201	205.82	
8.60614	0.025	0.171116	2.32578	0.156511	224.965	
5.9549	0.025	0.208603	28.223	2.69224	198.871	
1.84719	0.025	0.488118	-7.48619	13.721	198.042	
3.37834	0.025	0.302272	17.193	0.934806	189.46	
0.84541	0.025	1.10817	-14.5374	-4.44623	78.8061	
3.91564	0.025	0.272399	16.2456	4.1547	198.882	
1.24422	0.025	0.705137	-28.6595	0.479258	190.265	
9.31409	0.025	0.16473	0.382081	-1.08917	214.055	
6.35766	0.025	0.200882	39.8549	-8.49107	165.471	
1.02875	0.025	2.45258	75.9801	-20.8961	223.605	
7.32909	0.025	0.18577	35.3124	0.245323	208.108	
3.73234	0.025	0.281604	-1.3486	-13.9468	224.116	
0.726676	0.025	1.53057	-31.3781	-12.1803	160.284	
3.41472	0.025	0.299946	-31.8238	0.667549	220.625	
8.80377	0.025	0.16923	9.14389	0.357115	185.259	
6.93734	0.025	0.191353	28.6691	-7.21752	214.804	
11.3459	0.025	0.150837	-19.8479	7.32601	232.681	
7.06323	0.025	0.189491	27.8865	-7.12905	213.829	
9.69063	0.025	0.161714	-16.603	-2.73628	178.062	
13.9632	0.025	0.138909	5.56529	3.51764	217.211	
8.33295	0.025	0.173872	4.6449	1.05457	197.766	
4.71144	0.025	0.240854	22.9329	-1.75227	198.59	
2.70162	0.025	2.95879	-3.82717	5.71508	204.292	
0.940156	0.025	2.35524	-148.47	14.4265	180.941	
1.88284	0.025	2.83602	83.1144	7.83326	208.928	
16.2729	0.025	0.131574	11.3049	-9.47845	238.657	
5.53806	0.025	0.217787	25.1857	17.2041	173.899	
12.4003	0.025	0.145425	-11.4881	8.37333	222.166	
7.07068	0.025	0.189383	-6.76914	7.75768	218.546	
8.88579	0.025	0.168472	-22.0683	-0.168436	181.261	
5.7162	0.025	0.213697	-28.9712	-10.579	213.339	
6.55259	0.025	0.197489	56.1981	-0.0258328	190.926	
9.61711	0.025	0.162284	-16.3406	3.84375	229.325	
0.893575	0.025	2.29044	158.855	15.9919	231.737	
7.45322	0.025	0.184125	21.6171	-15.754	166.396	
2.11017	0.025	0.435857	-22.5691	-11.7963	183.18	
4.77015	0.025	0.238949	-5.85777	-17.123	183.925	
2.71767	0.025	0.355698	25.9701	4.22752	191.092	
9.53878	0.025	0.162901	7.02647	-1.47317	167.911	
0.733678	0.025	1.84586	-14.5014	5.42298	221.256	
6.54485	0.025	0.197619	-25.5935	-2.75923	196.2	
4.01974	0.025	0.267551	37.2738	-3.83044	150.018	
3.36943	0.025	0.302849	-16.7832	11.4775	162.108	
7.80073	0.025	0.179797	28.8586	-9.05282	194.585	
5.57412	0.025	0.216938	-3.667	5.98561	214.483	
4.28454	0.025	3.05983	15.8729	-9.26718	164.768	
9.22259	0.025	0.1655	-42.8766	1.30662	207.412	
5.69621	0.025	0.214143	-16.8429	15.7204	166.046	
7.69513	0.025	0.181071	-25.4185	-3.17479	242.264	
8.35324	0.025	0.173661	41.3048	2.95209	198.938	
6.2862	0.025	0.202179	3.64647	-9.58415	189.778	
4.50056	0.025	0.248112	-56.3223	3.20238	194.192	
2.57974	0.025	0.370435	38.8854	-12.3822	161.798	
0.834148	0.025	1.1306	-1.29467	-17.2388	175.651	
0.746031	0.025	1.39713	-24.6431	-6.00646	211.894	
0.805639	0.025	2.12118	78.6449	-2.77263	177.766	
10.4734	0.025	0.156141	-11.2498	-8.40192	207.043	
4.70358	0.025	0.241113	-1.32123	-5.14283	141.259	
11.71	0.025	0.148858	-28.9373	0.850121	210.929	
2.08774	0.025	0.439764	-64.9112	-7.68746	215.404	
5.35077	0.025	0.222383	-7.01471	2.97752	193.236	
5.43566	0.025	0.22026	-42.7282	10.4076	198.841	
2.02145	0.025	0.451855	25.4345	-5.98018	208.82	
6.38899	0.025	0.200323	-14.9758	7.77001	209.948	
18.0654	0.025	0.127175	24.0985	9.68029	254.5	
0.722807	0.025	1.58312	108.521	0.180495	132.112	
8.88323	0.025	0.168495	-4.62043	-7.67509	221.513	
4.75926	0.025	0.239299	6.32405	8.14682	165.26	
5.89223	0.025	3.10623	-1.43368	-15.0138	165.473	
5.29035	0.025	0.223935	27.6966	5.94344	198.788	
2.47339	0.025	0.38297	61.2491	5.1329	198.214	
1.18501	0.025	0.741117	-44.8652	-11.2311	185.415	
10.0916	0.025	0.158751	-7.16482	-14.8836	197.49	
3.79399	0.025	3.03772	-0.585104	-10.2985	167.196	
0.733493	0.025	1.47159	40.2266	7.95524	265.607	
7.36631	0.025	0.185271	39.2984	5.71254	148.568	
0.734253	0.025	1.84994	27.0346	26.1007	254.18	
6.45606	0.025	0.199143	-18.136	12.6608	190.601	
9.09164	0.025	0.166629	-30.7816	-14.8366	202.257	
1.01269	0.025	2.43688	12.3076	-16.6679	151.873	
6.96053	0.025	0.191005	43.6712	1.70218	201.453	
4.56815	0.025	0.245712	-1.15813	15.3245	178.094	
1.32853	0.025	0.660724	-64.147	-0.436435	205.257	
3.43129	0.025	0.298903	43.2887	-3.89884	218.371	
1.56671	0.025	0.565328	-7.17378	3.22291	145.535	
1.67664	0.025	0.531642	-18.3364	-0.988204	189.902	
11.1635	0.025	0.151877	17.2206	0.385675	237.48	
4.78999	0.025	0.238316	16.7714	-6.82163	206.486	
2.81567	0.025	0.346136	23.7498	-4.93722	212.815	
5.99186	0.025	0.207851	12.5784	1.49538	159.163	
3.65167	0.025	0.285954	33.7891	-7.30918	182.604	
3.0368	0.025	0.326902	-26.8999	3.61392	180.431	
5.19242	0.025	0.22653	9.54177	-12.9613	257.89	
7.16274	0.025	0.188066	55.892	0.129714	212.119	
2.04072	0.025	0.448254	28.1362	9.18458	198.8	
4.62645	0.025	0.243699	30.0827	5.69416	219.735	
0.720999	0.025	1.63329	67.6332	8.15569	209.152	
6.54493	0.025	0.197618	16.5779	11.0378	159.917	
7.18918	0.025	0.187694	-72.9224	-11.3392	166.897	
2.70372	0.025	0.357117	32.9853	10.5943	174.385	
1.05338	0.025	2.47528	-79.4063	-6.22082	123.529	
0.820796	0.025	2.15689	-63.8698	13.5014	187.686	
3.2275	0.025	0.31249	-41.8935	12.3548	205.1	
8.68382	0.025	0.170364	-27.3512	-3.43758	230.273	
4.80264	0.025	0.237915	13.4006	-12.6644	187.625	
2.57832	0.025	0.370595	-29.3473	5.79631	215.44	
12.7749	0.025	0.143718	-38.3099	-9.35401	242.069	
0.731436	0.025	1.48714	28.8351	4.30836	164.519	
1.90612	0.025	2.84107	6.94568	15.3986	206.468	
15.7443	0.025	0.133063	5.02423	-4.66711	237.311	
11.7792	0.025	0.148495	1.65686	5.76325	219.856	
3.76425	0.025	0.279936	-28.8102	-0.657362	187.985	
0.922831	0.025	2.33251	44.22	-16.8838	164.49	
10.7567	0.025	0.154324	47.9566	-2.82917	227.41	
0.858307	0.025	2.232	9.89224	14.0699	235.123	
0.869117	0.025	1.06516	48.9493	-23.3958	241.09	
0.879882	0.025	1.04724	40.292	16.7403	197.565	
10.9592	0.025	0.153083	-49.3468	-2.71345	241.971	
2.02088	0.025	0.451963	5.09723	16.1481	166.354	
8.44976	0.025	0.172672	-14.8112	-7.91825	225.773	
3.05808	0.025	2.99092	43.9706	4.58369	236.596	
0.787661	0.025	1.24299	-33.745	-3.96973	272.042	
6.37787	0.025	0.200521	0.747834	1.78196	174.952	
8.83378	0.025	0.168951	37.8965	2.13993	176.251	
0.913428	0.025	0.996595	55.956	4.19651	235.053	
2.87435	0.025	0.340733	32.4262	-1.71766	192.115	
10.1326	0.025	0.158461	30.8571	3.16924	200.713	
0.723822	0.025	1.74981	24.018	4.24179	289.836	
5.83386	0.025	0.211134	-15.8728	8.92424	202.247	
4.94074	0.025	0.233674	17.6803	-8.93738	150.531	
3.37505	0.025	0.302485	-14.9645	3.09899	188.648	
15.5074	0.025	0.133763	15.9017	0.640393	231.873	
3.95841	0.025	0.270376	1.05171	0.817141	166.264	
7.43907	0.025	0.18431	-17.3354	7.86535	190.691	
8.06106	0.025	0.176801	14.4274	-1.07645	169.192	
1.07988	0.025	0.818061	-23.2207	-0.404057	148.405	
8.92366	0.025	0.168126	-5.71785	11.0453	211.496	
4.78618	0.025	0.238437	14.537	0.386166	148.812	
2.72431	0.025	2.9611	42.0274	-4.56463	221.479	
0.730952	0.025	1.82511	5.84621	-14.1401	178.358	
2.22337	0.025	0.417413	-43.5881	6.08283	207.733	
5.41555	0.025	0.220757	15.9893	9.60942	191.751	
7.05563	0.025	0.189601	-11.5243	6.70117	220.104	
1.0599	0.025	0.83509	-9.05456	-9.52144	273.848	
9.91381	0.025	0.160035	-24.1643	-3.05978	229.112	
0.814323	0.025	2.1421	38.1711	-13.8594	251.471	
11.8988	0.025	0.147879	17.7689	-0.168294	195.8	
1.06865	0.025	0.827521	44.0667	-13.6692	231.474	
0.93841	0.025	2.35301	20.1394	18.1072	268.106	
4.87506	0.025	3.08047	-40.7399	-8.1175	194.749	
5.95173	0.025	3.10746	-37.0173	1.84079	213.253	
0.969008	0.025	2.39008	-21.798	-12.8835	261.848	
2.33703	0.025	0.400794	20.6655	-8.85806	196.873	
7.21357	0.025	0.187353	63.4893	-7.29754	206.856	
0.720788	0.025	1.65276	-3.95889	28.1856	184.838	
0.722678	0.025	1.73059	34.0386	5.60955	194.64	
11.5006	0.025	0.149981	9.55067	-2.52669	185.564	
13.3933	0.025	0.141109	29.6694	-0.688743	219.275	
8.82667	0.025	0.169017	-32.1227	-9.14909	225.5	
5.85676	0.025	0.210647	7.74013	1.5395	162.916	
2.8024	0.025	0.347391	-24.2065	-1.54001	143.419	
8.0762	0.025	0.176632	73.9957	-13.0048	218.275	
10.8906	0.025	0.153498	0.0477972	2.03515	229.237	
7.08771	0.025	0.189137	25.8203	1.3639	188.804	
9.44886	0.025	0.163623	-11.0198	-7.67793	226.259	
4.59908	0.025	3.07149	-48.8893	-11.483	204.225	
2.17591	0.025	0.424898	-6.30609	5.38931	182.341	
0.800115	0.025	2.10715	-84.8835	-1.00377	182.247	
8.30192	0.025	0.174197	11.6999	1.64584	202.781	
4.85892	0.025	0.236157	19.9584	16.0757	198.55	
5.97707	0.025	0.208151	-5.66926	3.31817	183.085	
5.9394	0.025	0.208922	6.08786	-6.44319	162.44	
10.2049	0.025	0.157956	-10.8432	-5.34931	217.178	
4.66869	0.025	0.242272	-21.0492	0.352978	180.578	
1.23627	0.025	2.60641	7.98608	-8.03119	127.784	
1.51337	0.025	0.583679	-9.30856	-0.226028	238.097	
6.76347	0.025	0.194038	3.22638	4.51838	216.455	
11.6046	0.025	0.149418	-6.64093	0.677392	204.322	
8.272	0.025	0.174512	52.9656	-6.33382	217.257	
2.43832	0.025	0.387355	-0.156454	9.30232	218.331	
10.7912	0.025	0.15411	-50.0522	4.51685	222.369	
6.31623	0.025	0.201631	17.3997	-3.56476	229.055	
3.32713	0.025	0.305634	-1.46311	-1.60486	190.137	
11.0763	0.025	0.152386	-23.1531	2.83558	218.929	
0.727653	0.025	1.79563	-90.812	-13.1834	231.826	
5.20925	0.025	0.226077	-0.781412	11.1282	205.025	
6.95192	0.025	0.191134	54.1174	3.41844	214.311	
0.920621	0.025	0.986622	10.1496	-1.22371	142.305	
5.84273	0.025	0.210945	-43.1096	5.13784	187.983	
5.40665	0.025	3.09515	-25.6049	13.7724	231.147	
6.81712	0.025	0.193195	-16.4042	-2.19723	193.478	
0.763532	0.025	1.32183	55.4215	-7.30511	230.105	
0.763933	0.025	1.99579	0.965739	-13.416	259.804	
6.68895	0.025	0.195233	-13.3353	-8.12163	192.323	
18.0996	0.025	0.1271	2.80427	8.50275	245.463	
4.93551	0.025	0.23383	26.1614	6.2062	186.209	
7.19979	0.025	0.187545	11.9298	-11.7953	186.959	
0.977597	0.025	0.916325	108.794	-24.949	214.8	
3.00205	0.025	0.329731	7.79498	-5.63562	182.316	
4.80984	0.025	0.237688	-13.5351	11.7013	173.217	
12.6641	0.025	0.144212	-0.967179	-5.02617	192.064	
6.0397	0.025	0.206892	-41.8207	-1.19672	230.899	
9.35353	0.025	0.164402	12.7694	-1.28106	177.483	
2.48245	0.025	0.381858	-9.44163	2.78294	187.515	
2.98311	0.025	2.98482	-29.0088	8.26995	198.456	
7.09949	0.025	0.188967	-11.9348	3.71819	207.159	
0.730324	0.025	1.49621	-9.59769	12.7187	191.717	
13.9194	0.025	0.139072	47.9756	19.6267	241.109	
3.75002	0.025	0.280677	35.7928	5.67365	174.277	
6.36939	0.025	0.200672	13.5741	-1.75815	196.065	
1.54541	0.025	2.74364	21.821	2.46058	212.477	
0.739629	0.025	1.43181	4.02742	2.33357	194.683	
6.24403	0.025	0.202959	-1.21435	9.65952	192.763	
9.52302	0.025	0.163027	-21.9017	-6.02166	201.24	
1.47209	0.025	0.59893	21.1574	6.89235	176.864	
9.03453	0.025	0.167132	29.0385	4.10638	233.881	
4.83385	0.025	0.236935	35.53	-0.708513	210.271	
9.26166	0.025	0.165169	7.40412	1.7351	244.746	
7.0058	0.025	0.190332	-8.57898	-3.0081	223.706	
9.68946	0.025	0.161723	59.0959	-10.2467	193.071	
1.8054	0.025	0.497947	-101.85	-4.40334	131.6	
11.558	0.025	0.149669	50.8273	11.4847	222.063	
7.57998	0.025	0.1825	2.69731	3.28092	203.266	
0.802843	0.025	1.20197	74.2084	-18.0686	265.552	
13.1903	0.025	0.141938	52.9336	-2.2971	233.723	
5.37562	0.025	0.221754	14.9068	-2.0488	193.264	
10.4535	0.025	0.156272	-3.04041	10.4634	229.345	
1.47252	0.025	2.71736	-47.6204	21.1337	105.205	
3.33322	0.025	0.305229	33.123	-3.05645	231.051	
1.91957	0.025	0.472191	49.4323	19.2825	252.716	
9.89679	0.025	0.16016	19.2405	6.42243	203.744	
2.78593	0.025	0.348964	-85.5788	10.0797	164.865	
10.8772	0.025	0.15358	-20.7345	-8.30897	205.134	
0.7452	0.025	1.91478	20.8106	15.1663	222.63	
10.2953	0.025	0.157334	16.4115	-0.472301	214.076	
8.58892	0.025	0.171285	-51.4644	8.72044	202.184	
4.50779	0.025	0.247852	26.9498	-8.18171	141.216	
4.21218	0.025	0.25923	-0.0984161	-1.49774	205.396	
2.52002	0.025	2.93879	-43.6097	18.9091	190.385	
1.2188	0.025	2.59609	7.81944	-27.0268	231.497	
2.40052	0.025	2.9239	-18.8897	-4.75278	195.382	
0.877124	0.025	2.26438	-3.53892	10.423	226.233	
4.7647	0.025	0.239124	30.4596	-0.793908	171.571	
12.0619	0.025	0.147059	-0.913701	4.09673	210.779	
0.737274	0.025	1.87	-114.512	10.5283	229.151	
0.734719	0.025	1.46295	6.89622	-9.1223	210.691	
5.22048	0.025	0.225776	2.2819	-3.91728	200.973	
7.4129	0.025	0.184653	-4.99091	-8.09745	161.88	
0.88341	0.025	2.27457	-148.951	0.273308	193.385	
2.01299	0.025	0.45346	1.10697	13.3231	211.667	
3.53492	0.025	0.292609	15.8878	-2.87425	239.21	
1.63032	0.025	0.545214	-66.2007	11.6468	214.38	
11.741	0.025	0.148695	-43.3205	5.36545	167.468	
1.18063	0.025	0.743965	15.5296	-11.7406	195.708	
5.27237	0.025	0.224404	-28.9975	-6.14159	190.235	
0.87475	0.025	1.05567	19.0334	0.476984	175.763	
7.47722	0.025	0.183813	33.0981	-15.3186	202.126	
6.83383	0.025	0.192935	36.2231	-0.308774	181.035	
1.86958	0.025	0.483049	3.13415	-15.8738	241.025	
1.40081	0.025	2.68838	-51.2164	-7.95405	183.831	
2.17367	0.025	0.42526	-35.8427	-2.83635	210.918	
12.0452	0.025	0.147142	-7.98519	13.083	183.294	
0.828545	0.025	2.17379	34.5324	7.08944	205.548	
10.6297	0.025	0.155126	-23.2562	-2.29197	227.317	
5.57208	0.025	0.216985	60.6662	3.0113	210.27	
9.99809	0.025	0.159421	47.0195	0.604476	225.544	
1.13005	0.025	0.778944	52.5743	18.4384	169.399	
12.0395	0.025	0.14717	-35.1224	2.58445	232.622	
7.74895	0.025	0.180417	16.6051	4.47844	177.51	
4.17965	0.025	0.260582	14.6785	-2.00381	202.28	
8.85692	0.025	0.168737	5.13438	11.6543	169.985	
4.3105	0.025	3.06086	11.7692	-12.5752	202.916	
5.3661	0.025	0.221994	-28.4155	-9.95393	224.917	
1.30595	0.025	2.6442	1.30982	22.5337	185.339	
1.87722	0.025	0.481347	-31.5023	0.842973	220.728	
9.63546	0.025	0.162141	55.0424	3.13024	173.401	
4.56413	0.025	0.245853	-49.6754	10.6503	221.762	
4.85589	0.025	0.236251	-50.4162	7.06513	201.315	
1.30048	0.025	2.64141	-31.8026	12.4356	187.268	
0.902838	0.025	2.30431	-11.3454	27.0027	248.363	
2.57882	0.025	0.370539	57.2099	-10.9888	189.189	
12.466	0.025	0.145118	10.4012	4.63218	235.183	
4.83661	0.025	0.236849	39.8136	1.57232	174.886	
10.7301	0.025	0.154491	-16.3487	0.327838	236.806	
5.65485	0.025	0.215076	9.38902	-7.68827	202.395	
0.805985	0.025	2.12203	-32.5341	14.2276	257.703	
6.18072	0.025	0.20415	9.93718	4.78225	181.723	
0.847598	0.025	1.10397	-6.84082	-14.5733	159.591	
2.24012	0.025	0.414853	-15.9723	7.97501	203.388	
5.24253	0.025	0.22519	-25.8143	7.2741	179.146	
0.815622	0.025	1.17101	-103.152	-0.669743	215.433	
7.29559	0.025	0.186224	5.05686	7.27568	189.836	
