10 15
-0.339557	-0	0.232666	67.652	-77.4585	-35.2495	
13.7962	0	0.602822	-31.4275	209.565	-3.28408	
0.279903	0	0.248887	120.782	47.5241	63.186	
-3.82371	-0	0.14143	72.1839	-175.994	3.35915	
-0.346905	-0	0.232474	63.0532	-45.4489	-59.99	
0.184174	0	0.24638	38.0844	65.0615	62.8834	
-4.03581	-0	0.135876	44.6292	-186.738	-9.33968	
-2.06338	-0	0.187526	44.726	-234.212	1.82201	
-0.171418	-0	0.237069	31.7228	-65.0912	-45.4994	
-0.382871	-0	0.231532	-85.7422	-42.7753	58.6984	
0.143319	0	0.245311	-5.17107	25.8434	18.3057	
0.3483	0	0.250678	-67.7014	53.8045	-72.551	
-5.44679	-0	0.0989282	70.2109	-158.557	-5.08649	
-6.97877	-0	0.0588122	-0.74007	-184.58	3.98631	
-3.39782	-0	0.152583	18.9835	-223.541	2.32506	
-4.0282	-0	0.136075	38.3081	-165.411	-4.10175	
-5.29341	-0	0.102945	-8.69847	-187.851	0.55876	
0.493337	0	0.254476	-2.0166	79.7686	17.4605	
-0.398467	-0	0.231123	-36.3527	-47.5267	13.8108	
-3.03626	-0	0.16205	-17.0153	-194.629	1.03635	
-0.360555	-0	0.232116	7.91212	-42.9105	-27.2431	
-0.13179	-0	0.238107	23.3229	-38.5375	18.4553	
-0.385219	-0	0.23147	159.368	-89.2309	-107.167	
-4.1583	-0	0.132669	10.9374	-224.268	1.59261	
-0.873222	-0	0.218691	-27.4608	-174.124	-3.437	
-2.84662	-0	0.167016	-57.2525	-230.373	-12.4869	
0.23662	0	0.247754	4.39756	79.1378	7.77045	
-4.4176	-0	0.125879	-45.5746	-202.648	-16.1725	
-5.35497	-0	0.101333	-68.5792	-195.516	-0.602211	
-0.201735	-0	0.236275	32.2324	-22.8236	-28.7528	
-0.136397	-0	0.237986	39.3288	-50.0525	-22.591	
0.301302	0	0.249447	80.5226	31.4032	83.4135	
-2.78267	-0	0.168691	3.79401	-204.629	21.4781	
-4.28021	-0	0.129476	25.5727	-152.736	-5.03863	
-0.118609	-0	0.238452	29.8161	-54.6209	-32.8461	
-0.135518	-0	0.238009	90.3307	44.7536	-105.513	
-0.0622767	-0	0.239927	-24.2444	28.6272	113.345	
-4.74802	-0	0.117226	37.5437	-196.392	-11.1767	
9.91947	0	0.501308	-6.35127	164.555	-4.87487	
-5.25323	-0	0.103997	19.3467	-162.39	2.70047	
-0.319018	-0	0.233204	-134.742	-84.726	104.078	
-0.463569	-0	0.229419	-42.295	-77.4463	13.529	
-5.46796	-0	0.098374	25.1965	-206.314	6.95645	
0.288525	0	0.249113	7.48569	51.7298	13.9498	
8.3946	0	0.461378	-43.1871	189.743	-8.84277	
-7.07652	-0	0.0562523	24.1771	-215.188	4.43495	
-0.320697	-0	0.23316	-23.5828	33.7475	-13.8057	
-0.343445	-0	0.232564	-77.6652	22.1256	46.8648	
-4.19781	-0	0.131634	27.5032	-154.532	4.32015	
0.238643	0	0.247807	-109.392	-46.5621	-52.8256	
0.381384	0	0.251544	58.899	78.0774	23.8796	
0.0654748	0	0.243272	-31.3961	-42.285	-84.347	
-0.0693095	-0	0.239743	0.103164	42.3371	44.6263	
-3.38794	-0	0.152841	-37.1671	-188.446	12.9997	
-5.72049	-0	0.0917614	-17.5538	-176.165	6.09863	
-5.45218	-0	0.0987873	6.58122	-178.131	4.50901	
0.137173	0	0.24515	59.6791	63.2282	133.622	
-0.0753932	-0	0.239583	25.973	20.6648	-14.68	
-0.0563042	-0	0.240083	-30.2273	24.0098	11.9896	
-1.83698	-0	0.193455	-19.2223	-190.23	9.78295	
-0.288382	-0	0.234006	51.9349	-59.0416	-19.082	
-5.19221	-0	0.105595	51.1103	-190.949	8.14039	
6.13199	0	0.402129	32.4599	172.671	-2.17689	
-0.0561784	-0	0.240086	36.105	14.8265	-59.3483	
21.4799	0	0.804028	-19.3988	251.465	0.759119	
0.306425	0	0.249582	106.208	85.2354	77.9945	
5.36244	0	0.381978	-3.60292	197.862	-6.16605	
-0.253567	-0	0.234918	-104.237	-56.3409	116.753	
0.33405	0	0.250305	-70.7244	86.8394	-65.6173	
-0.635539	-0	0.224915	-48.935	-80.9777	21.0183	
-0.325845	-0	0.233025	-2.301	-92.0086	4.50687	
-4.06392	-0	0.13514	30.5129	-211.006	-10.4887	
0.574744	0	0.256608	36.3757	56.7499	-3.3934	
-0.215649	-0	0.235911	-5.61006	64.724	26.5656	
-5.93255	-0	0.0862084	73.5951	-211.535	3.73487	
0.280749	0	0.248909	-54.8292	68.3152	-61.5588	
-0.423312	-0	0.230473	-122.686	-54.5706	69.4905	
-3.33948	-0	0.15411	-12.0925	-204.559	-18.8192	
-0.535893	-0	0.227525	47.2915	-55.1296	-22.0526	
0.121456	0	0.244738	38.584	59.7143	84.9741	
0.155571	0	0.245631	48.0321	-22.9993	84.4179	
0.261083	0	0.248394	26.8511	-19.8109	76.4308	
0.265014	0	0.248497	34.4529	86.2558	39.895	
0.132549	0	0.245028	-13.7737	-54.3194	8.40401	
-0.15556	-0	0.237484	0.235774	-55.3371	10.6646	
-0.63174	-0	0.225015	-18.4881	-57.9372	14.3093	
-4.01581	-0	0.1364	35.6969	-190.578	5.28772	
0.204464	0	0.246912	-61.2558	21.0021	-120.286	
0.336587	0	0.250371	52.7904	-1.20845	15.1877	
8.62432	0	0.467393	-9.5584	199.192	0.152318	
-3.86097	-0	0.140454	7.90188	-199.724	14.1172	
0.414868	0	0.252421	5.28688	74.5792	16.5429	
-3.32731	-0	0.154429	-30.1051	-226.985	-4.71997	
16.5754	0	0.675601	22.1596	269.835	-9.34115	
-2.36445	-0	0.179642	-39.4326	-150.647	9.56721	
-0.208944	-0	0.236086	49.1937	-52.1254	-76.8308	
0.212206	0	0.247114	-49.8526	34.6566	-75.081	
-0.295768	-0	0.233813	-15.8243	-61.7531	13.8364	
-4.8968	-0	0.11333	-8.38097	-150.167	8.77223	
0.357756	0	0.250926	-100.2	95.1461	-63.6508	
-4.92123	-0	0.112691	1.68013	-189.202	2.43618	
-0.0381582	-0	0.240558	7.13043	-17.6324	74.8417	
-0.052456	-0	0.240184	20.1764	7.15512	-1.52175	
-5.40861	-0	0.0999281	44.3173	-216.6	0.0992164	
-4.51649	-0	0.123289	-22.0728	-175.358	-20.6331	
-0.404012	-0	0.230978	59.6801	-78.0938	-30.2726	
17.5145	0	0.700191	19.441	229.947	-8.06829	
0.335512	0	0.250343	-77.8983	83.6402	-90.8865	
-0.130029	-0	0.238153	74.3111	-32.0133	-66.2597	
0.231962	0	0.247632	-98.4223	72.0546	-60.3295	
-3.0979	-0	0.160436	-30.9359	-148.935	2.695	
-6.89783	-0	0.0609316	-67.4063	-205.816	-7.58836	
0.192477	0	0.246598	87.4348	7.74433	80.0831	
0.196457	0	0.246702	-16.8276	53.9748	31.2421	
9.79618	0	0.49808	4.07636	219.504	2.56189	
0.168805	0	0.245978	-76.7	-43.9622	-42.937	
0.198664	0	0.24676	62.9308	34.5061	119.661	
-0.186744	-0	0.236668	5.70495	47.4345	-5.58836	
0.0183053	0	0.242037	59.5419	-15.1434	139.234	
3.92074	0	0.344226	22.0591	187.187	0.887751	
0.135783	0	0.245113	75.6076	51.267	75.4052	
-0.287228	-0	0.234036	36.2077	-77.7149	-12.8722	
-0.246347	-0	0.235107	6.84735	-70.4467	-23.8094	
10.0714	0	0.505288	54.0101	215.304	3.85172	
-2.25408	-0	0.182532	-21.7976	-172.115	13.423	
0.347004	0	0.250644	65.8222	95.8784	34.257	
-4.26851	-0	0.129783	-27.5461	-203.974	8.20008	
-5.17011	-0	0.106173	-28.9166	-161.848	15.0888	
-0.103885	-0	0.238837	49.7312	-48.8692	-67.4878	
0.0958664	0	0.244068	0.396615	21.1246	45.2324	
0.11723	0	0.244627	-62.8127	18.217	-78.0359	
19.2908	0	0.746706	21.8973	221.048	4.32622	
-0.382272	-0	0.231547	74.0388	-78.6916	-63.7622	
-2.95521	-0	0.164173	49.3243	-174.851	8.02671	
-4.29596	-0	0.129064	39.5755	-127.289	-1.68505	
-0.279429	-0	0.23424	-4.29739	-75.7733	-33.648	
-0.254499	-0	0.234893	-22.2867	-65.6941	39.8127	
-5.40218	-0	0.100096	18.247	-176.862	-2.81359	
-0.467607	-0	0.229313	2.8534	-77.0716	-4.64619	
0.411202	0	0.252325	73.0157	47.9253	42.4942	
-1.95884	-0	0.190264	-74.7082	-215.031	-1.77526	
-0.446141	-0	0.229875	-168.395	-76.8138	84.637	
-1.8651	-0	0.192718	-57.5488	-189.143	-1.88965	
0.0758219	0	0.243543	-16.2254	37.6461	-110.621	
0.459921	0	0.253601	-112.077	64.6926	-88.1369	
0.27589	0	0.248782	-16.2078	-8.9179	-53.6038	
-3.20181	-0	0.157715	-65.662	-234.289	-8.10788	
-4.56306	-0	0.12207	38.6889	-206.397	-3.18926	
-3.75769	-0	0.143159	-17.0883	-202.243	5.74476	
-4.53402	-0	0.12283	29.5327	-232.257	-16.373	
-0.217898	-0	0.235852	116.591	-19.8525	-80.9142	
-0.0748714	-0	0.239597	-20.0679	55.8026	-36.6161	
0.38867	0	0.251735	28.3051	26.1167	30.93	
-3.71755	-0	0.14421	-14.3507	-222.059	-2.79755	
-0.275898	-0	0.234333	-125.427	-73.1449	120.122	
-0.278483	-0	0.234265	165.884	-78.8929	-126.651	
-5.70766	-0	0.0920972	19.5129	-213.565	11.1913	
0.32437	0	0.250052	24.1885	80.1389	43.3811	
-0.31862	-0	0.233214	-4.23794	10.1337	-35.1403	
-0.250883	-0	0.234988	-91.9007	-45.3444	62.0344	
-4.44578	-0	0.125141	-14.585	-151.573	7.56483	
0.165214	0	0.245884	-80.4698	-23.7773	-165.442	
0.306011	0	0.249571	-48.2789	72.5833	-29.1589	
-5.3017	-0	0.102728	51.0062	-237.317	-4.01964	
-6.49688	-0	0.0714308	22.03	-197.606	-16.8567	
-5.63758	-0	0.0939324	-39.2389	-178.454	-19.2185	
-0.254029	-0	0.234906	103.209	-81.0641	-78.0282	
-3.73694	-0	0.143702	39.3456	-195.914	1.48523	
-0.223462	-0	0.235706	-55.017	21.2816	21.56	
-0.295628	-0	0.233816	113.397	-68.8329	-132.741	
-0.174099	-0	0.236999	-30.4486	-88.5244	45.0916	
0.115456	0	0.244581	-72.8407	71.2863	-183.082	
0.260044	0	0.248367	-69.1959	62.219	-90.8453	
0.298505	0	0.249374	-28.0262	79.2293	2.94779	
0.274976	0	0.248758	-44.6129	71.2337	-2.7525	
-3.67959	-0	0.145204	26.7388	-202.491	-0.914389	
-5.87985	-0	0.0875883	-45.8648	-189.871	17.8725	
0.0937632	0	0.244013	35.5123	47.9678	121.706	
-4.92861	-0	0.112497	21.5372	-174.304	7.84577	
0.32299	0	0.250015	89.959	23.4539	45.0683	
0.252559	0	0.248171	55.2594	67.7043	59.785	
-3.16101	-0	0.158784	-19.0054	-158.6	19.8909	
-0.456611	-0	0.229601	-73.0092	-69.554	47.307	
0.175766	0	0.24616	-89.5985	-65.3996	-105.891	
-5.86766	-0	0.0879074	20.211	-212.03	1.1689	
-4.47282	-0	0.124433	24.805	-209.982	4.84395	
-0.53608	-0	0.22752	69.7983	-41.7889	-39.8938	
-4.07319	-0	0.134897	-4.02146	-182.904	-18.0937	
-5.68465	-0	0.0926997	7.12404	-223.33	-3.80119	
-3.48779	-0	0.150227	-51.0061	-188.324	-11.3148	
0.17063	0	0.246026	65.8516	74.3032	119.834	
0.628053	0	0.258004	65.3862	42.4238	11.3514	
-0.420889	-0	0.230536	61.4337	-19.5288	4.55465	
-3.42991	-0	0.151742	-17.1869	-198.519	-12.0382	
-4.97798	-0	0.111204	10.5545	-174.651	5.1742	
-5.42603	-0	0.0994719	-38.2534	-171.052	-8.48677	
-4.11163	-0	0.133891	-42.5451	-167.86	4.34524	
0.123249	0	0.244785	74.7774	-4.4616	206.611	
-3.66156	-0	0.145676	2.42746	-162.533	-10.5038	
-3.57943	-0	0.147827	0.372306	-185.399	-3.0149	
-0.285723	-0	0.234076	-154.419	-73.09	145.218	
-6.77883	-0	0.0640476	40.2043	-219.076	-1.46409	
-0.314291	-0	0.233328	-70.9125	-59.2117	23.406	
-0.364962	-0	0.232001	32.8256	-70.3027	-46.5505	
-2.92964	-0	0.164842	-3.49669	-198.608	-7.07836	
-5.36566	-0	0.101053	-21.4317	-153.619	2.15115	
0.496458	0	0.254558	-33.181	43.5599	7.87497	
-2.86343	-0	0.166576	32.929	-182.262	-1.25038	
0.435321	0	0.252957	-16.7535	84.4847	4.91493	
-0.110586	-0	0.238662	-41.3171	-20.7716	85.8877	
0.35248	0	0.250788	44.0271	52.657	29.1147	
-6.98836	-0	0.058561	8.47493	-257.09	-2.03073	
-3.50142	-0	0.14987	-3.83578	-180.776	-7.28437	
-0.160144	-0	0.237364	45.2244	-88.8024	-55.798	
-0.306389	-0	0.233534	143.887	-8.89817	-118.819	
-5.99455	-0	0.0845848	-1.08465	-168.837	9.71837	
0.0156232	0	0.241967	-2.29587	0.485383	-38.6597	
-0.221794	-0	0.23575	14.3223	-42.3946	-18.1773	
-0.295488	-0	0.23382	84.7676	-46.2409	-44.0884	
-0.0612712	-0	0.239953	18.5557	7.36871	-73.5116	
-7.18333	-0	0.0534555	-20.6024	-189.793	-8.64072	
-5.0311	-0	0.109814	-3.94936	-224.374	-4.35119	
-0.0812776	-0	0.239429	-34.9491	1.68483	80.0286	
-4.71345	-0	0.118131	33.7135	-176.19	7.741	
-6.04927	-0	0.0831519	-26.9674	-200.055	-3.76989	
-1.52056	-0	0.20174	-39.2939	-181.435	23.7471	
9.09766	0	0.479788	-4.77829	187.555	-1.91869	
0.12366	0	0.244796	-41.1144	-56.0093	-75.6819	
-0.17691	-0	0.236925	10.9196	-9.79088	59.0332	
-0.0752051	-0	0.239588	76.8692	-28.4607	-113.655	
-0.185966	-0	0.236688	5.26255	-56.718	60.6433	
0.369083	0	0.251222	58.9235	37.9243	32.1864	
-5.7271	-0	0.0915882	23.1239	-192.938	-3.76941	
-7.17196	-0	0.0537532	50.2796	-199.197	-22.0202	
-5.86162	-0	0.0880656	-51.4125	-173.76	5.4973	
-0.460544	-0	0.229498	71.6445	-47.8796	-47.855	
0.259014	0	0.24834	-54.1485	69.9534	-55.5696	
-0.110456	-0	0.238665	-6.02421	58.6286	27.4603	
-5.89926	-0	0.0870801	-38.136	-152.66	5.16528	
-0.257621	-0	0.234812	108.148	-54.1979	-67.6463	
-0.506556	-0	0.228293	74.3512	-29.5905	-21.2847	
-0.111785	-0	0.23863	-40.1802	26.2002	65.4003	
-2.14019	-0	0.185515	22.6373	-171.541	-1.58745	
-0.0781114	-0	0.239512	8.57361	-18.2394	-9.71561	
0.18689	0	0.246451	-77.7206	36.35	-123.314	
0.152152	0	0.245542	20.8683	9.08417	-54.0854	
-0.369712	-0	0.231876	-25.882	-83.0189	13.7885	
-0.379579	-0	0.231618	112.616	-32.1851	-49.3003	
-2.69934	-0	0.170873	-44.77	-191.031	-7.20368	
-0.157379	-0	0.237436	-86.0937	-5.66274	124.34	
-0.267814	-0	0.234545	108.388	-3.2586	-108.081	
0.299577	0	0.249402	70.8492	61.8528	38.2451	
-3.09677	-0	0.160466	23.0453	-193.697	4.35909	
-7.21196	-0	0.0527058	-3.96913	-214.562	-7.38293	
-2.82657	-0	0.167541	-39.9893	-177.169	4.54563	
-3.824	-0	0.141423	-18.0896	-164.851	-5.39092	
0.11947	0	0.244686	94.2404	-17.4298	206.254	
0.085469	0	0.243796	-15.795	37.735	-56.0388	
-3.5626	-0	0.148268	9.85183	-200.573	-5.05187	
-0.303756	-0	0.233603	-43.534	-74.3452	-5.70141	
0.307809	0	0.249618	-2.63146	21.8076	0.480706	
-5.76252	-0	0.0906607	12.6323	-167.12	-2.40108	
-0.169601	-0	0.237116	56.408	-13.9803	-56.1537	
-5.97036	-0	0.0852183	58.6824	-173.959	-2.68071	
-5.45093	-0	0.09882	-53.0971	-176.278	-0.337227	
0.293146	0	0.249234	-62.4554	89.6327	-69.7358	
-4.65191	-0	0.119743	-7.31649	-182.642	-5.08342	
-0.206933	-0	0.236139	-41.8555	-65.5175	82.3425	
0.436286	0	0.252982	-49.3702	7.93476	-0.236832	
10.6549	0	0.520567	-14.6986	193.07	-3.03906	
-3.68603	-0	0.145035	7.6522	-189.897	0.0622659	
-0.0449602	-0	0.24038	-27.7627	21.9606	22.316	
0.254364	0	0.248218	-98.8131	88.3583	-101.902	
-0.193236	-0	0.236498	65.8983	-11.8681	-99.3616	
0.172798	0	0.246082	81.4151	-20.7956	115.876	
-4.9536	-0	0.111843	2.34185	-229.202	2.26925	
0.168205	0	0.245962	-38.0403	-38.9444	-6.74743	
-5.03905	-0	0.109605	39.044	-204.415	6.40246	
-7.02519	-0	0.0575964	21.7232	-268.819	5.11785	
-0.102613	-0	0.238871	38.2195	-39.922	-144.436	
-3.8547	-0	0.140619	-8.23171	-189.262	-11.2635	
-6.52718	-0	0.0706373	70.2131	-196.614	2.70254	
0.401788	0	0.252079	168.832	66.9106	128.638	
0.148825	0	0.245455	47.8025	32.9895	100.26	
0.158786	0	0.245716	33.9832	26.3332	-12.5785	
0.116602	0	0.244611	-20.4928	7.90494	3.76048	
-0.386924	-0	0.231426	26.7536	-29.8997	17.0954	
-0.128895	-0	0.238182	28.1185	-13.5949	38.9905	
-5.43518	-0	0.0992324	-1.33321	-199.935	-0.443078	
0.222428	0	0.247382	80.6507	-51.8249	76.5768	
-4.37528	-0	0.126987	-40.4531	-180.753	7.30185	
-0.418459	-0	0.2306	30.3864	-57.5099	5.93918	
0.429694	0	0.25281	-28.372	40.2194	-34.607	
-0.0359068	-0	0.240617	-15.641	15.4753	97.9255	
-0.0801087	-0	0.23946	-40.2244	-4.90197	183.022	
-3.60683	-0	0.147109	26.3529	-181.197	-4.6687	
-0.335069	-0	0.232783	-36.5811	-53.1751	-8.55232	
0.199613	0	0.246785	52.5936	29.966	16.9099	
-3.01133	-0	0.162703	17.7617	-154.94	7.71906	
0.0780621	0	0.243602	55.5708	24.9734	219.442	
-5.22055	-0	0.104853	34.01	-171.533	-0.278426	
-3.37889	-0	0.153078	-3.69701	-223.456	6.29115	
-4.28406	-0	0.129375	-19.1085	-163.236	5.78796	
-4.61205	-0	0.120787	27.2635	-208.72	11.9839	
-3.59212	-0	0.147495	27.5709	-183.442	14.5099	
-2.54782	-0	0.17484	2.24811	-188.561	6.58534	
0.277314	0	0.248819	-63.0125	73.2963	-48.4112	
0.381753	0	0.251554	-88.7399	82.0004	-72.8109	
0.0377618	0	0.242546	-7.93729	-28.6051	42.0465	
0.427092	0	0.252741	121.165	85.4232	77.4464	
0.166703	0	0.245923	-2.38862	56.4614	-37.9993	
-0.155629	-0	0.237482	27.1054	-72.4442	-29.8151	
-2.71271	-0	0.170523	-0.483177	-223.746	-3.31959	
-4.02732	-0	0.136098	-15.1368	-215.083	8.7555	
-3.95788	-0	0.137917	49.0469	-154.307	-15.6121	
-3.9118	-0	0.139124	32.0822	-174.238	2.84063	
-5.59742	-0	0.0949839	-15.5544	-203.129	3.65416	
0.588374	0	0.256965	-80.1698	71.4117	-25.4459	
0.139193	0	0.245202	15.286	5.94888	46.8774	
-0.222089	-0	0.235742	-16.6498	-58.7438	11.3603	
0.0788679	0	0.243623	-24.1304	21.5676	31.4997	
-4.66355	-0	0.119438	-21.2803	-185.022	-7.29795	
-0.13202	-0	0.238101	-43.3201	-23.8456	122.56	
-3.36468	-0	0.15345	6.7848	-182.723	12.9166	
-5.92806	-0	0.0863259	23.6972	-201.345	-0.0728161	
0.37885	0	0.251478	-135.097	97.6279	-74.495	
-0.470575	-0	0.229235	-79.9546	-66.4826	45.3361	
-3.57519	-0	0.147938	29.6355	-205.148	-10.5025	
-4.2135	-0	0.131223	45.0394	-200.212	8.12846	
-5.40503	-0	0.100022	31.7608	-196.489	3.1482	
-2.61321	-0	0.173128	45.5833	-211.084	-12.5795	
22.3064	0	0.825672	28.5851	261.385	1.95581	
-0.0179998	-0	0.241086	-23.7677	22.6102	71.2576	
-0.413625	-0	0.230726	-192.47	-0.361815	130.111	
-0.212271	-0	0.235999	-3.03817	-32.5466	-38.1553	
-2.04759	-0	0.18794	-16.5257	-215.42	-5.39955	
0.346024	0	0.250619	48.1278	13.8924	50.8084	
0.320948	0	0.249962	-26.8284	-46.4536	-20.8359	
-7.13031	-0	0.0548438	-19.37	-202.878	11.1041	
-4.21556	-0	0.131169	18.316	-213.796	-4.11857	
0.181889	0	0.246321	-37.6724	75.3895	-26.3087	
0.206953	0	0.246977	100.888	64.9827	126.503	
-0.247085	-0	0.235087	50.808	-80.1956	-49.154	
0.339411	0	0.250445	22.6408	88.6594	15.563	
-5.31108	-0	0.102482	-26.925	-201.031	-1.39314	
-0.0375731	-0	0.240574	8.80648	-32.0134	-83.751	
-5.43423	-0	0.0992574	43.9376	-181.246	-6.10771	
-1.64815	-0	0.198399	6.53755	-174.913	-14.698	
-3.66886	-0	0.145485	-19.5188	-210.459	-20.7717	
-3.70819	-0	0.144455	25.8672	-188.166	7.00953	
0.151324	0	0.24552	61.6307	18.088	81.0865	
8.38538	0	0.461136	-38.7257	216.452	-11.0167	
-3.87158	-0	0.140177	58.4392	-218.804	-17.0031	
-3.30656	-0	0.154972	4.30585	-192.761	3.92627	
-3.60591	-0	0.147133	-54.1502	-182.981	0.921409	
-6.03487	-0	0.0835289	3.67648	-138.058	15.1736	
-5.46329	-0	0.0984962	36.2507	-174.71	9.20234	
0.0923412	0	0.243976	-65.2282	16.547	-111.245	
-2.56876	-0	0.174292	-3.93112	-216.59	-3.63196	
0.119889	0	0.244697	3.47577	26.704	-15.0549	
-0.181378	-0	0.236808	-9.4667	-5.84771	-70.0048	
-0.0932286	-0	0.239116	34.489	44.0975	-128.122	
-0.307375	-0	0.233509	-114.235	-83.967	61.6296	
-0.0368117	-0	0.240594	16.0134	-5.10649	21.539	
0.128255	0	0.244916	-12.9681	1.37709	-43.7288	
-1.63908	-0	0.198637	-38.8517	-205.77	-4.20812	
-2.64772	-0	0.172225	-36.5151	-210.894	-10.7574	
-6.11423	-0	0.0814508	7.96875	-202.992	7.68004	
-0.211023	-0	0.236032	-71.7147	-25.6589	73.4221	
-0.122995	-0	0.238337	-26.354	-30.3599	-33.5971	
7.4057	0	0.435483	-8.33412	175.511	3.42049	
-1.80833	-0	0.194205	-2.51541	-190.782	11.8107	
-3.40977	-0	0.15227	37.6567	-204.414	-15.1591	
0.452632	0	0.25341	22.0828	9.92195	-14.0414	
-5.61806	-0	0.0944434	-31.2464	-177.308	-9.98385	
-4.57532	-0	0.121749	-12.7879	-193.988	10.2389	
0.326583	0	0.250109	98.3141	56.8753	53.7669	
0.103334	0	0.244263	-28.6876	26.5885	-51.5141	
0.253616	0	0.248199	14.4465	79.8942	20.6093	
-7.33203	-0	0.0495615	-11.8166	-177.723	-7.81035	
-5.51704	-0	0.0970887	1.29612	-198.165	1.08371	
-5.08088	-0	0.10851	-8.36966	-188.19	5.13807	
-0.319216	-0	0.233199	-153.828	-63.4099	133.032	
-5.92184	-0	0.0864889	10.0085	-174.4	7.70555	
0.515	0	0.255043	7.98861	54.798	2.3529	
-6.7584	-0	0.0645827	-30.3156	-204.024	1.8466	
-5.39661	-0	0.100242	16.2772	-202.478	-10.2348	
-4.81019	-0	0.115598	15.8926	-205.834	8.34438	
0.136054	0	0.24512	-8.0453	-12.7025	-16.0319	
0.188661	0	0.246498	61.7494	-90.3551	91.9292	
-5.06186	-0	0.109008	-58.5044	-177.215	-14.3114	
-4.06822	-0	0.135027	-38.8673	-191.62	4.06613	
-5.7717	-0	0.0904203	7.68232	-195.46	12.2406	
-6.45919	-0	0.0724176	21.7398	-196.97	5.97996	
-3.52291	-0	0.149307	-7.1167	-191.704	-4.6995	
-4.14018	-0	0.133143	-33.8151	-221.868	0.436222	
-3.09703	-0	0.160459	-49.8752	-190.413	3.08063	
-4.86687	-0	0.114114	9.64398	-197.511	4.16975	
0.144061	0	0.24533	11.4019	8.64512	32.9083	
-0.335647	-0	0.232768	40.2168	-92.3088	-26.3108	
-0.148715	-0	0.237663	-68.8902	-27.7405	131.051	
-0.0498798	-0	0.240251	25.2735	-32.5335	-144.811	
-7.42125	-0	0.0472253	6.38003	-229.603	-6.50633	
-0.0775031	-0	0.239528	-56.0881	-13.0669	60.2299	
-3.81036	-0	0.14178	1.69903	-166.985	-1.00707	
-3.53681	-0	0.148943	-77.3016	-202.1	-3.12364	
-3.30102	-0	0.155117	-11.1401	-181.724	-4.07888	
-5.1596	-0	0.106449	-44.4546	-181.553	3.35842	
0.432748	0	0.252889	-40.8435	94.1559	-20.3149	
5.63431	0	0.389097	-39.7826	182.988	-1.99595	
-2.68903	-0	0.171143	-32.0205	-249.065	3.81975	
-2.54562	-0	0.174898	-10.7898	-151.147	-0.0903895	
-0.405987	-0	0.230926	66.1131	-83.837	-29.2846	
0.164404	0	0.245863	-16.8979	54.7793	-0.0422219	
-0.221513	-0	0.235757	133.531	-30.0094	-171.252	
0.449617	0	0.253331	-19.237	93.2633	-6.15733	
0.12949	0	0.244948	27.0182	-27.2955	-44.8116	
-0.267975	-0	0.23454	-68.9934	-79.3234	49.7098	
-4.34073	-0	0.127892	-7.11319	-191.391	-4.10163	
0.081124	0	0.243682	20.7345	17.7644	-23.9933	
-6.84987	-0	0.0621874	0.283473	-215.46	-5.03249	
-1.85036	-0	0.193104	1.33611	-166.442	10.9679	
-3.51148	-0	0.149606	-3.41316	-174.271	10.6718	
-1.99727	-0	0.189257	23.9355	-181.78	-14.553	
-6.43454	-0	0.0730633	-11.9597	-190.877	-3.61234	
-6.89982	-0	0.0608794	30.5305	-221.767	-3.23168	
-5.23027	-0	0.104598	7.36496	-177.747	4.54854	
-0.104183	-0	0.238829	60.3941	-13.3139	-193.898	
-0.408286	-0	0.230866	-80.622	24.4373	72.2257	
-0.0186893	-0	0.241068	7.6551	-4.59809	-2.7823	
-3.995	-0	0.136945	11.3566	-181.27	-18.4683	
-3.96786	-0	0.137656	-21.6593	-205.706	-7.70505	
-1.67531	-0	0.197688	39.5289	-229.204	8.72199	
0.405715	0	0.252182	13.1837	89.2124	14.8744	
-4.52576	-0	0.123046	22.6896	-199.586	0.219444	
-4.15699	-0	0.132703	-10.5384	-194.996	7.1956	
-0.0900367	-0	0.2392	35.8216	-46.2285	-137.295	
-0.34271	-0	0.232583	-19.8676	-63.959	-15.7177	
-0.237137	-0	0.235348	-19.2416	-21.1921	66.7989	
-2.35002	-0	0.18002	-64.8212	-211.287	3.71805	
-0.163743	-0	0.23727	32.8015	-70.7102	-69.2372	
-2.99903	-0	0.163025	40.2754	-159.943	-11.193	
-2.36006	-0	0.179757	-42.6996	-207.325	-0.912839	
-0.0231592	-0	0.240951	-25.3961	-16.4307	163.31	
-0.150541	-0	0.237616	53.7742	7.02179	-19.9646	
-5.3679	-0	0.100994	7.92289	-201.431	-5.68662	
-2.52155	-0	0.175529	45.4023	-206.714	1.13589	
-2.01945	-0	0.188676	54.3651	-185.438	-8.10008	
-4.24389	-0	0.130427	21.5906	-195.002	9.68928	
0.267892	0	0.248573	-27.1114	74.6391	-0.528763	
-0.283552	-0	0.234133	2.80931	-82.1232	7.2213	
9.46206	0	0.48933	19.0585	205.789	0.91895	
0.00870655	0	0.241786	-44.4995	-8.1154	-42.2925	
0.412752	0	0.252366	-91.4656	36.8238	-39.9634	
-0.172044	-0	0.237052	4.47604	-52.4607	-38.6905	
-0.193387	-0	0.236494	-71.1494	-53.0028	81.9043	
-4.55343	-0	0.122322	-98.4882	-168.903	-7.17156	
-4.47865	-0	0.12428	17.2498	-164.931	3.91325	
-0.167812	-0	0.237163	-85.7787	13.2097	113.648	
-3.02844	-0	0.162255	-3.95715	-186.509	14.4223	
0.374223	0	0.251357	96.1849	70.062	35.2507	
-0.402499	-0	0.231018	-19.9915	-63.4763	5.79064	
0.368336	0	0.251203	-22.9825	95.3393	-18.7546	
-0.158264	-0	0.237413	35.2384	-47.7463	-21.1169	
-0.491465	-0	0.228688	-34.469	-88.4081	12.3264	
0.2338	0	0.24768	50.8091	46.4715	3.31675	
-5.34998	-0	0.101463	-37.8958	-173.523	-5.48491	
-4.80053	-0	0.115851	-9.30626	-207.975	-8.73117	
-0.208279	-0	0.236104	45.1253	-59.518	-49.4761	
-0.0991647	-0	0.238961	14.1525	-36.574	-42.7995	
-4.70671	-0	0.118308	20.4811	-187.262	7.59369	
-2.02464	-0	0.18854	10.0703	-209.268	2.37497	
-4.17078	-0	0.132342	1.12424	-176.916	14.9343	
-0.151708	-0	0.237585	74.4483	15.8669	-30.2233	
-5.62586	-0	0.0942392	-12.4625	-229.365	-4.93485	
0.166804	0	0.245925	-17.2506	-49.8637	-19.2175	
0.286188	0	0.249052	118.556	81.7835	57.2676	
-2.91539	-0	0.165215	37.131	-229.658	4.61698	
-6.43689	-0	0.0730016	-32.0782	-189.403	-11.0319	
0.432252	0	0.252876	-6.50876	83.0304	-3.6706	
-0.0516055	-0	0.240206	12.7667	-23.067	51.8249	
0.171056	0	0.246037	83.5162	-61.3318	108.654	
-5.8151	-0	0.0892839	-23.1521	-190.89	-8.24622	
0.39152	0	0.25181	28.8669	86.5155	27.8281	
-3.1346	-0	0.159475	-41.6616	-133.744	-12.8696	
0.29996	0	0.249412	-32.5197	63.7641	0.379001	
-0.130743	-0	0.238134	-71.4865	6.37861	38.4829	
0.228208	0	0.247533	156.208	25.1528	148.572	
-1.88445	-0	0.192211	44.4975	-151.397	-9.05692	
-0.256348	-0	0.234845	-103.132	-22.3321	62.0896	
-2.19414	-0	0.184102	-10.6149	-165.124	-2.07958	
-2.10178	-0	0.18652	-68.7693	-208.301	8.85731	
-2.54652	-0	0.174874	-15.4717	-203.173	-11.8317	
0.270794	0	0.248649	93.0097	37.4764	56.2127	
-1.79162	-0	0.194642	-33.2213	-119.077	-9.79982	
-3.90913	-0	0.139193	-20.7569	-185.281	-11.3406	
-3.0853	-0	0.160766	33.1119	-206.466	-9.57382	
0.331172	0	0.25023	-115.273	83.0227	-92.2075	
-0.342282	-0	0.232595	81.3467	-68.8563	-24.1943	
0.184651	0	0.246393	-135.223	61.1371	-144.937	
0.17271	0	0.24608	-65.0833	10.5091	-62.425	
0.197496	0	0.246729	67.6723	12.5562	71.2259	
-5.54691	-0	0.0963065	28.1239	-218.406	7.04197	
0.248881	0	0.248075	67.6954	91.0771	60.5067	
-4.9662	-0	0.111513	11.1974	-191.117	-7.35893	
0.181973	0	0.246323	-25.9576	58.7478	-47.9806	
-4.35737	-0	0.127456	-32.3266	-186.593	-3.88259	
0.575456	0	0.256626	91.2264	74.5784	39.8832	
0.0819632	0	0.243704	-6.60557	-67.9674	-48.0859	
-0.484763	-0	0.228864	41.9899	-88.0339	-11.1569	
-3.23013	-0	0.156974	0.790494	-179.502	-3.12119	
-0.192283	-0	0.236522	56.5895	-29.7903	-89.0537	
-3.70343	-0	0.14458	-9.03804	-179.739	-2.04725	
-4.69216	-0	0.118689	-22.1622	-171.851	-8.51983	
-7.09499	-0	0.0557688	-32.6175	-164.313	3.28182	
0.124922	0	0.244829	42.5348	26.6044	77.9513	
-0.00337884	-0	0.241469	6.28235	-2.11836	-65.2716	
-6.56528	-0	0.0696396	0.408632	-204.55	8.89183	
-0.0491286	-0	0.240271	17.7732	3.02131	-31.3945	
-4.05057	-0	0.13549	30.4838	-223.903	-17.9038	
0.243991	0	0.247947	-107.269	63.913	-113.486	
-5.92356	-0	0.0864436	12.0335	-216.812	1.36225	
-0.328823	-0	0.232947	-163.848	-44.3023	112.963	
0.229516	0	0.247568	77.5713	88.1492	97.2771	
-0.43333	-0	0.23021	-77.195	-71.6034	50.5171	
20.7904	0	0.785973	-22.8811	231.727	0.0505381	
0.165275	0	0.245885	106.705	11.6736	98.0071	
-0.256159	-0	0.23485	54.2878	-65.7804	-54.1114	
0.185855	0	0.246424	-58.0087	10.0598	-114.151	
-2.85081	-0	0.166907	55.044	-202.682	-16.7055	
-6.14181	-0	0.0807286	-39.0573	-214.179	2.37152	
-6.37657	-0	0.0745812	-39.0046	-214.884	-8.02886	
-0.232075	-0	0.23548	35.9062	-71.437	-47.5869	
-6.70665	-0	0.0659376	5.38474	-214.301	-2.37521	
-4.83643	-0	0.114911	-27.2752	-191.129	1.72814	
-0.211675	-0	0.236015	-92.8709	-85.4626	110.179	
0.160458	0	0.245759	-19.7721	-78.3355	-82.4082	
-0.0446273	-0	0.240389	68.3025	52.061	-194.232	
-3.26368	-0	0.156095	18.998	-175.331	7.06897	
-0.216587	-0	0.235886	48.2772	-55.0294	-55.2617	
-0.248851	-0	0.235041	105.226	-14.3168	-52.6804	
-0.210103	-0	0.236056	91.9268	-50.9325	-90.9673	
0.140794	0	0.245244	17.5033	57.2217	49.4491	
0.332336	0	0.25026	95.7045	99.9836	72.3027	
-5.20792	-0	0.105183	32.2711	-206.4	4.3976	
0.400997	0	0.252058	80.9953	4.01903	55.4526	
-0.205681	-0	0.236172	94.7481	-88.3918	-97.5131	
0.065846	0	0.243282	5.30923	6.57614	32.445	
0.26457	0	0.248486	-34.8127	66.9526	-63.8561	
-0.29629	-0	0.233799	-121.361	-75.7169	69.7245	
-3.6666	-0	0.145544	-21.0666	-202.539	7.84022	
-0.0678196	-0	0.239782	0.0643299	-67.0767	-72.2208	
-0.260994	-0	0.234723	-1.06671	-70.3993	28.2007	
0.291472	0	0.24919	33.4644	52.9073	62.9256	
0.153288	0	0.245572	-38.9328	13.7546	-9.45969	
0.257174	0	0.248292	-13.7805	54.1709	9.79039	
-3.4222	-0	0.151944	3.9515	-194.129	2.40585	
-0.159411	-0	0.237383	-80.9894	-69.457	117.028	
0.111665	0	0.244482	19.3905	58.9904	0.418584	
-5.34556	-0	0.101579	2.19441	-182.564	-2.68565	
0.353847	0	0.250823	-29.3126	47.9991	12.8654	
-3.84626	-0	0.14084	-12.8576	-207.882	-10.5516	
-5.59726	-0	0.0949881	-25.7118	-186.802	2.89322	
-0.0170918	-0	0.24111	-15.5437	18.7878	-58.4841	
-0.196377	-0	0.236415	6.79608	-30.2615	8.00249	
0.339479	0	0.250447	-31.3567	58.2469	-47.8163	
0.299509	0	0.249401	-35.5668	49.7093	-6.06157	
0.359676	0	0.250976	51.75	71.8954	52.5476	
0.259362	0	0.248349	43.7132	50.4002	-1.95148	
-4.06264	-0	0.135174	-3.21946	-177.994	-9.55316	
0.31853	0	0.249899	84.343	93.0186	76.571	
-0.227504	-0	0.2356	75.39	-89.9493	-76.8824	
0.130857	0	0.244984	54.2974	-3.84791	57.7201	
-3.33323	-0	0.154274	-25.81	-179.652	7.84974	
0.275494	0	0.248772	96.1169	77.1983	74.2943	
0.396976	0	0.251953	-38.4	82.1049	-27.7496	
-0.224468	-0	0.23568	-161.409	-18.3664	143.65	
0.0621842	0	0.243186	11.5535	41.2858	35.5096	
-7.35014	-0	0.0490875	-1.68541	-222.187	-4.66443	
0.0493775	0	0.242851	7.11728	-32.9797	18.4123	
-5.69668	-0	0.0923847	-19.5879	-231.24	9.30788	
-2.19859	-0	0.183986	2.21941	-188.639	-0.739416	
-3.75226	-0	0.143301	-21.8471	-206.443	11.236	
0.157537	0	0.245683	-53.4212	28.4894	-63.9344	
20.415	0	0.776144	6.3022	224.335	-1.64775	
-0.252297	-0	0.234951	60.8715	17.6694	-42.9638	
0.3066	0	0.249586	-0.15644	-14.9084	30.4109	
-3.08267	-0	0.160835	-11.5969	-170.268	-0.672099	
0.157994	0	0.245695	29.6652	9.17494	52.8505	
-2.90985	-0	0.16536	-62.9659	-217.013	-2.05448	
0.0962154	0	0.244077	12.1418	47.1394	-62.8722	
0.368857	0	0.251216	-164.404	20.0941	-127.753	
-5.88164	-0	0.0875413	-20.3162	-212.544	-3.6032	
-5.04669	-0	0.109405	-6.98206	-215.284	5.50478	
-5.02905	-0	0.109867	59.2884	-186.756	12.0951	
-0.202235	-0	0.236262	-21.1981	-52.9929	-14.6643	
0.331133	0	0.250229	-10.9476	68.0312	-13.9604	
0.621351	0	0.257828	-85.8674	71.1108	-28.3918	
0.513431	0	0.255002	-111.78	57.1383	-42.9636	
0.0641506	0	0.243237	-19.259	-27.9756	-153.639	
-2.61281	-0	0.173139	25.9863	-161.836	11.6151	
19.2599	0	0.745896	44.1967	204.152	3.1673	
-0.135303	-0	0.238015	7.17344	-54.6044	14.2905	
0.260111	0	0.248369	-33.6182	21.5582	-68.9573	
0.119611	0	0.24469	-128.607	1.1679	-176.432	
-6.79668	-0	0.0635801	28.6578	-201.012	-11.378	
-7.57921	-0	0.0430889	23.4843	-216.875	-5.45906	
0.0795556	0	0.243641	2.48032	-13.3357	51.3244	
-5.38752	-0	0.100481	-58.8937	-238.1	-8.44865	
0.29132	0	0.249186	150.08	38.3002	104.942	
0.714028	0	0.260255	-69.6902	51.2534	-23.4228	
-0.128752	-0	0.238186	13.6943	-12.5048	-39.7816	
-0.246815	-0	0.235094	-9.19082	-46.9073	1.38837	
-0.135369	-0	0.238013	63.9863	-40.2278	-88.7574	
-0.104737	-0	0.238815	-59.0399	12.6827	175.027	
-5.27594	-0	0.103402	-55.4158	-173.417	13.1096	
0.220841	0	0.24734	49.3868	90.9848	69.6098	
-0.135901	-0	0.237999	-66.1977	19.7131	8.39806	
-0.0839485	-0	0.239359	-25.5335	-43.5614	52.9762	
-0.251949	-0	0.23496	-82.8252	-4.88461	90.8386	
-1.56065	-0	0.200691	102.218	-111.784	-13.3782	
-3.14394	-0	0.159231	-24.1867	-165.95	1.90295	
17.5196	0	0.700325	-38.32	220.32	-0.0277743	
-5.19655	-0	0.105481	26.2875	-185.732	-4.10031	
0.40473	0	0.252156	-28.6224	34.0193	-57.4775	
-0.187038	-0	0.23666	-90.0218	-24.2099	84.6868	
-0.173788	-0	0.237007	-57.6835	67.1148	74.799	
-0.399608	-0	0.231093	10.967	-67.6152	-13.994	
0.477798	0	0.254069	132.427	77.8562	60.9493	
-0.110835	-0	0.238655	18.0889	-39.0334	-90.5561	
0.147541	0	0.245421	30.5509	46.852	36.2789	
7.54664	0	0.439173	-13.7576	204.417	-4.46458	
-0.125673	-0	0.238267	-56.2016	-49.7227	163.634	
-2.83703	-0	0.167267	17.0458	-194.386	-2.86563	
-3.78037	-0	0.142565	-33.9724	-198.035	0.668734	
-0.242326	-0	0.235212	-49.3526	-66.4701	60.5994	
-4.60702	-0	0.120918	20.9841	-165.841	-0.847216	
0.178658	0	0.246236	-42.5634	43.5606	-81.4092	
0.482765	0	0.254199	-46.8254	67.3592	-28.9119	
-2.81908	-0	0.167737	-39.2501	-190.081	0.803649	
-4.60742	-0	0.120908	34.8079	-207.962	14.6184	
-0.327069	-0	0.232993	-97.1031	-90.3378	57.167	
0.16807	0	0.245959	29.1028	60.4249	63.4422	
0.158915	0	0.245719	-53.4979	49.596	-115.383	
-0.28195	-0	0.234174	54.4896	-73.7236	-42.1974	
0.168516	0	0.24597	-31.9044	25.1674	-83.093	
0.366368	0	0.251151	-20.555	23.5759	-29.7705	
0.217936	0	0.247264	-54.9224	80.4538	-43.1007	
-0.0614814	-0	0.239948	-26.9382	13.8424	-7.26532	
12.9261	0	0.580039	-7.54332	232.018	-0.966694	
0.174301	0	0.246122	-55.9732	60.8488	-42.9876	
-0.4812	-0	0.228957	172.42	-75.2554	-90.2454	
17.2037	0	0.692053	20.422	258.113	0.885236	
0.094211	0	0.244025	84.4233	51.4293	186.158	
17.1486	0	0.69061	3.5805	224.569	1.3108	
-0.0920206	-0	0.239148	7.3984	-37.4564	-77.2564	
0.241583	0	0.247884	80.146	62.5745	19.8796	
-5.25618	-0	0.10392	22.3743	-178.892	-5.19177	
-4.02494	-0	0.136161	-14.8096	-215.191	-4.6647	
-2.22938	-0	0.183179	41.5159	-165.276	6.02967	
-5.05886	-0	0.109087	-19.1756	-131.117	8.13072	
-3.05278	-0	0.161618	-29.8221	-187.781	-3.56673	
0.35038	0	0.250733	33.6921	86.9674	26.3305	
-0.0714571	-0	0.239686	-34.6751	19.6175	114.126	
-0.191424	-0	0.236545	-83.3597	-29.4163	101.461	
-5.41825	-0	0.0996757	-0.468735	-206.862	4.80959	
0.148059	0	0.245435	11.698	59.564	8.95752	
-5.93913	-0	0.086036	-48.7507	-240.653	-2.30813	
0.416165	0	0.252455	24.8539	33.0449	4.92272	
-0.23444	-0	0.235419	-17.9049	-98.8117	33.1072	
-0.094249	-0	0.23909	-42.1624	18.6439	168.017	
0.230708	0	0.247599	-48.8406	7.44793	-69.8839	
-4.67828	-0	0.119053	-13.7807	-233.648	-19.4406	
-5.21658	-0	0.104957	20.8276	-235.78	-3.71447	
0.265019	0	0.248497	-79.6016	83.3234	-95.3881	
-3.34227	-0	0.154037	-25.8241	-172.115	-4.37443	
12.9331	0	0.580222	30.1039	245.269	-2.91562	
0.252342	0	0.248165	-132.821	88.1666	-117.409	
-0.383956	-0	0.231503	200.282	-33.1845	-124.276	
-0.0889159	-0	0.239229	-22.3431	-22.8428	128.168	
0.139367	0	0.245207	-21.6805	15.308	-13.2855	
0.178566	0	0.246233	-50.0353	52.9667	-86.5238	
3.55799	0	0.334727	11.8861	177.344	-0.655679	
-0.259076	-0	0.234773	32.4666	-50.4593	-84.2675	
-6.04963	-0	0.0831425	-6.2349	-191.213	-3.52498	
-3.55097	-0	0.148572	-39.9557	-231.474	-6.54648	
-3.64948	-0	0.145993	-5.73948	-190.676	4.59461	
-6.46701	-0	0.072213	15.9073	-185.153	4.87895	
-0.097084	-0	0.239015	-11.9116	-64.653	-5.95993	
0.220988	0	0.247344	48.0545	77.9892	31.5039	
0.139917	0	0.245221	23.724	-58.3575	34.5407	
0.0322188	0	0.242401	2.05692	28.4928	-115.722	
0.232985	0	0.247658	-60.4524	-45.8373	-18.7225	
-2.07722	-0	0.187164	-51.0346	-222.264	5.05071	
-4.54167	-0	0.12263	-2.04926	-186.776	-15.3938	
-0.267242	-0	0.23456	-5.97753	45.5518	-12.6776	
0.353477	0	0.250814	40.0611	82.5136	9.84947	
-3.20844	-0	0.157542	6.56411	-167.311	-0.994571	
0.1723	0	0.246069	-39.821	-42.1563	-47.8483	
-3.61401	-0	0.146921	-11.4997	-199.282	5.42915	
-2.26199	-0	0.182325	14.5206	-191.53	-2.06169	
-0.142927	-0	0.237815	-37.8516	-67.6776	98.3969	
-2.53821	-0	0.175092	-67.6222	-160.554	13.1677	
-4.72597	-0	0.117804	-33.9844	-239.234	-1.37456	
0.275688	0	0.248777	18.5916	43.8558	-23.5591	
0.25093	0	0.248128	-45.986	-43.9809	-62.5627	
-0.0578248	-0	0.240043	32.5248	16.3115	-70.3509	
0.066461	0	0.243298	-53.1469	24.913	-196.243	
-4.52629	-0	0.123032	2.95226	-199.11	-5.49624	
-5.5859	-0	0.0952857	11.4203	-161.313	8.44877	
0.131985	0	0.245014	-5.703	-39.4882	-98.2025	
0.602735	0	0.257341	53.5375	72.825	21.4902	
-2.75318	-0	0.169463	-54.6281	-155.677	14.3985	
-3.60215	-0	0.147232	-5.93719	-229.213	3.80923	
0.176826	0	0.246188	18.2253	84.7543	-7.54307	
0.0746193	0	0.243512	-45.8705	-0.0501345	-93.9331	
0.133305	0	0.245048	31.8167	-3.13932	32.5664	
-4.54377	-0	0.122575	-16.8807	-222.851	-0.718471	
-2.95032	-0	0.164301	37.8719	-175.218	-3.66076	
-2.699	-0	0.170882	5.17596	-232.188	-20.2729	
-4.42915	-0	0.125576	-9.62951	-183.632	2.2197	
-0.263388	-0	0.234661	8.85446	-34.0531	6.44638	
-0.230837	-0	0.235513	4.79817	-73.2106	-27.9302	
-5.55293	-0	0.0961489	-8.66433	-214.322	4.94701	
-3.7006	-0	0.144654	6.6327	-151.623	-7.2917	
-0.527481	-0	0.227745	-1.73929	-15.4765	11.889	
-5.33365	-0	0.101891	-17.7039	-206.625	4.46423	
0.112579	0	0.244506	-2.92672	-13.316	-14.1076	
-5.27329	-0	0.103472	-28.3315	-174.882	-7.03427	
0.181012	0	0.246298	7.99289	84.1377	11.9148	
-3.51015	-0	0.149641	-10.5695	-190.27	9.97145	
-5.05984	-0	0.109061	-6.18766	-204.897	1.02612	
-2.23218	-0	0.183106	34.6999	-165.414	9.47991	
-0.447472	-0	0.22984	90.9924	-65.1396	-35.8156	
0.209939	0	0.247055	-113.784	64.0698	-142.963	
0.0704123	0	0.243401	30.6888	33.1608	64.5491	
-5.35956	-0	0.101213	24.1383	-212.611	6.58032	
0.38078	0	0.251529	-13.896	72.6463	0.216986	
0.199472	0	0.246781	24.8007	45.9703	5.38608	
0.241866	0	0.247891	-75.0629	-5.52018	-46.9303	
-3.0296	-0	0.162225	-0.0115066	-206.431	-6.86313	
0.322546	0	0.250004	-114.903	90.863	-90.6242	
-4.52553	-0	0.123052	-7.64246	-182.36	5.41081	
-6.32878	-0	0.0758327	41.1265	-188.378	-5.1376	
-4.7513	-0	0.11714	-13.5011	-166.06	-4.38632	
-4.34265	-0	0.127841	-31.6548	-176.269	6.11133	
0.33156	0	0.25024	-43.9271	86.4374	-42.5144	
0.0538252	0	0.242967	-8.10881	21.8867	-38.8312	
-4.00405	-0	0.136708	3.435	-227.569	15.566	
-2.6599	-0	0.171906	-13.6642	-216.906	5.04125	
-6.68665	-0	0.0664615	9.87765	-208.438	3.60796	
0.588045	0	0.256956	54.5136	62.1189	8.90347	
-5.80086	-0	0.0896566	13.1887	-191.785	1.73826	
-3.11033	-0	0.160111	18.232	-253.031	5.08021	
-0.233134	-0	0.235453	5.23652	-82.8959	-1.42255	
-0.290139	-0	0.23396	28.5741	-27.0987	10.0955	
0.255762	0	0.248255	52.5464	35.639	71.8324	
0.220488	0	0.247331	60.55	60.211	59.9511	
12.7781	0	0.576164	1.50052	230.876	6.38933	
0.315368	0	0.249816	-105.946	69.7296	-91.4886	
-4.7574	-0	0.116981	-5.53393	-220.931	-4.38067	
0.43698	0	0.253	-16.5991	25.3245	-39.5616	
0.337087	0	0.250385	99.4637	42.0233	40.6338	
-0.253045	-0	0.234931	23.7905	-52.163	-14.3604	
0.310102	0	0.249678	26.0309	99.5089	14.9525	
0.274016	0	0.248733	-67.45	88.4399	-71.7652	
-0.24829	-0	0.235056	-23.1396	-57.0438	22.5134	
-4.71655	-0	0.11805	-60.8454	-191.389	-8.295	
0.115655	0	0.244586	-22.4502	49.1782	-44.4874	
0.294866	0	0.249279	-7.6387	-63.544	23.3663	
-4.71599	-0	0.118065	-6.95822	-182.986	-8.57135	
-0.398191	-0	0.231131	-31.8355	-9.63317	8.25668	
-0.275511	-0	0.234343	38.1002	-52.0936	-10.0005	
-6.07098	-0	0.0825834	-27.7339	-216.64	8.54798	
0.322883	0	0.250013	70.3352	64.0002	60.0074	
0.272458	0	0.248692	4.92951	20.6402	25.4538	
-0.360089	-0	0.232128	-91.251	-86.1726	63.3947	
0.106836	0	0.244355	-43.4846	35.4616	-100.424	
0.130846	0	0.244984	1.49501	-60.8865	-9.05651	
-4.47698	-0	0.124324	32.3549	-209.658	-2.20661	
-3.46093	-0	0.15093	-2.81942	-163.79	-2.86273	
0.300515	0	0.249427	-0.626095	45.986	36.9742	
-3.66991	-0	0.145458	15.2162	-158.024	1.80511	
-5.13816	-0	0.10701	31.6538	-165.22	9.12475	
-0.454483	-0	0.229657	14.9655	-88.6928	-4.96292	
-0.124483	-0	0.238298	-17.7459	-53.1802	29.229	
0.0195807	0	0.24207	-40.9883	-15.631	-82.156	
-5.01637	-0	0.110199	-8.99375	-175.568	-8.64166	
0.126586	0	0.244872	80.3042	61.722	143.896	
-3.62788	-0	0.146558	-8.76987	-214.785	7.73295	
-0.145952	-0	0.237736	54.5456	-13.6241	-60.0001	
0.191888	0	0.246582	21.2502	40.2769	66.9928	
-4.99552	-0	0.110745	2.90533	-196.374	-2.70698	
-6.54613	-0	0.070141	-26.9704	-194.629	-2.93966	
-0.0507194	-0	0.240229	15.4436	-7.20117	-107.869	
0.302431	0	0.249477	-42.9835	92.8458	-44.7045	
-4.40856	-0	0.126115	-14.1733	-216.319	6.30721	
0.22997	0	0.24758	-22.3187	-21.6387	47.9976	
-0.483833	-0	0.228888	71.8688	-47.8956	-43.7889	
-7.67589	-0	0.0405574	-13.038	-223.083	-0.499401	
-0.0391718	-0	0.240532	-6.48214	23.1226	45.2931	
-0.330029	-0	0.232915	-18.0787	-40.8521	9.25126	
-0.417322	-0	0.23063	-18.7907	-50.5232	-2.08656	
-0.0532211	-0	0.240164	7.51207	-33.9384	66.6583	
-0.404484	-0	0.230966	-123.867	-59.6314	88.4538	
-3.82745	-0	0.141332	19.1816	-205.777	0.712903	
-0.502889	-0	0.228389	33.8309	-37.6166	-20.4876	
-4.71986	-0	0.117964	-14.0215	-167.869	-2.60699	
0.375581	0	0.251393	-27.2966	69.0362	-8.98754	
-2.78239	-0	0.168698	25.8931	-200.84	-7.6705	
-3.12906	-0	0.15962	-33.6113	-210.204	7.80087	
-4.25537	-0	0.130127	-93.0073	-174.253	4.01792	
-0.284704	-0	0.234102	85.0733	8.9961	-46.9189	
-6.04088	-0	0.0833717	3.08685	-176.488	-4.82403	
-3.59979	-0	0.147294	-58.9191	-192.435	18.8075	
-4.33396	-0	0.128069	47.0502	-184.938	-3.08385	
-3.15257	-0	0.159005	-41.8529	-205.83	5.68308	
-5.08103	-0	0.108506	-23.7825	-183.631	-11.3444	
-0.383275	-0	0.231521	58.3036	-84.1732	-17.5515	
-0.211606	-0	0.236016	-58.0444	-63.0519	31.8849	
0.409783	0	0.252288	67.1687	67.8065	33.5565	
-2.32923	-0	0.180565	-29.7541	-213.489	12.4151	
-0.213175	-0	0.235975	-48.9682	1.88961	34.9421	
-0.340844	-0	0.232632	39.0181	70.732	-25.1086	
0.238964	0	0.247815	9.74455	76.969	-38.8244	
-0.292438	-0	0.2339	-113.98	-41.6459	94.8781	
0.169613	0	0.245999	50.9617	-15.9844	58.0617	
15.4333	0	0.645694	-52.5727	269.361	-12.8886	
-0.446104	-0	0.229876	85.0442	-51.3713	-17.8629	
-3.45456	-0	0.151097	-33.8336	-156.653	-2.28056	
-3.74358	-0	0.143529	34.9581	-200.935	-2.55959	
-4.55674	-0	0.122235	1.89092	-165.984	1.55954	
0.119935	0	0.244698	-39.0653	3.4759	-28.0688	
0.399199	0	0.252011	-83.0204	93.1253	-44.7924	
-5.44916	-0	0.0988662	1.93	-199.943	-1.83321	
-0.180135	-0	0.236841	12.1173	-45.8748	-50.0435	
0.281431	0	0.248927	143.547	-2.68325	183.077	
0.182674	0	0.246341	-4.91207	61.1741	20.3522	
-4.79988	-0	0.115868	26.4761	-193.627	-4.7257	
-4.38802	-0	0.126653	-1.49004	-200.579	7.09297	
-0.240108	-0	0.23527	69.0911	-94.2008	-65.0996	
-0.116767	-0	0.2385	-7.60064	-42.7405	-32.8903	
0.0863613	0	0.243819	15.2046	-11.4391	40.0108	
0.2284	0	0.247538	20.3122	80.7709	20.9189	
-4.47103	-0	0.12448	23.9994	-170.536	-6.62195	
-3.7424	-0	0.143559	-39.9863	-181.831	-6.13713	
-0.350116	-0	0.232389	-95.1657	-90.8859	50.7806	
0.143414	0	0.245313	-44.0033	64.5425	-52.6331	
-0.310451	-0	0.233428	-102.899	16.3303	61.4892	
-0.469881	-0	0.229253	87.9124	-72.767	-26.4789	
-4.52518	-0	0.123062	-41.8697	-183.359	-14.95	
-5.64897	-0	0.0936342	-12.6517	-172.911	10.6184	
0.117576	0	0.244636	-19.9388	6.20497	68.9204	
0.492412	0	0.254452	-14.9232	45.257	18.5585	
-4.48079	-0	0.124224	-30.1064	-189.126	-7.40032	
0.24211	0	0.247897	-143.591	52.5414	-117.105	
0.0875607	0	0.24385	1.11742	61.134	29.4565	
16.5398	0	0.674666	-23.3502	194.314	0.146352	
2.31297	0	0.302125	-49.6456	183.958	-9.56434	
-0.311151	-0	0.23341	-29.2489	-64.2226	4.98848	
0.513918	0	0.255015	-111.671	63.3658	-55.8654	
-4.75593	-0	0.117019	-3.65732	-170.952	17.2855	
-1.5952	-0	0.199786	30.4655	-165.973	4.03932	
12.5034	0	0.568971	-31.0616	239.921	1.78586	
7.70225	0	0.443248	-2.48106	212.497	5.56886	
0.0416498	0	0.242648	43.4172	17.0693	58.135	
-0.254986	-0	0.234881	4.83374	-34.627	-32.3239	
0.243216	0	0.247926	-61.3807	37.1217	-73.4862	
-4.09076	-0	0.134437	-6.9847	-176.1	-3.66773	
-4.88166	-0	0.113727	-41.1817	-200.56	-3.60882	
-3.65937	-0	0.145734	51.8326	-151.65	3.33605	
0.131171	0	0.244992	-12.203	32.0163	-7.80967	
-4.67258	-0	0.119202	8.79586	-215.768	-5.86162	
-5.57539	-0	0.0955608	2.39571	-187.268	-2.6118	
-0.102076	-0	0.238885	2.74752	-55.4522	73.8215	
-0.177566	-0	0.236908	42.2121	38.928	-82.8486	
-3.38924	-0	0.152807	45.721	-147.428	-2.94417	
-3.69418	-0	0.144822	48.6873	-195.372	-3.14432	
-0.378162	-0	0.231655	-24.4177	-85.4477	9.86632	
-0.105139	-0	0.238804	-8.62983	24.2807	15.4625	
-4.75105	-0	0.117147	-1.27283	-195.034	0.321391	
-5.32227	-0	0.102189	73.5786	-161.63	-3.68169	
-4.12554	-0	0.133527	13.519	-186.889	-0.0487609	
-4.7268	-0	0.117782	19.1396	-201.452	15.3458	
-2.45206	-0	0.177348	64.9752	-195.854	13.0893	
-0.507524	-0	0.228268	-38.4378	-55.8956	35.5537	
-0.146604	-0	0.237719	-65.2128	-68.1404	53.4047	
0.405792	0	0.252184	-70.5328	16.1494	-35.7059	
-1.78746	-0	0.194751	-12.5393	-149.68	5.26713	
0.223811	0	0.247418	-0.914274	60.2995	36.7769	
0.0141469	0	0.241928	-27.5549	10.3789	-214.221	
-4.5315	-0	0.122896	11.8066	-184.783	-8.70987	
-0.071919	-0	0.239674	-33.8749	-33.5814	48.0577	
-6.06466	-0	0.0827489	-17.7756	-208.499	5.1204	
0.436487	0	0.252987	-101.555	81.1429	-50.4127	
-0.322949	-0	0.233101	9.77829	-83.0915	27.5138	
-0.11639	-0	0.23851	-38.8742	45.6164	98.4785	
12.3508	0	0.564976	11.5958	257.971	-5.34048	
-0.0997803	-0	0.238945	-83.3993	-13.6158	143.076	
-3.97718	-0	0.137411	-9.71304	-218.071	-5.74826	
-5.99168	-0	0.08466	-3.10835	-186.465	-1.32851	
-0.151644	-0	0.237587	-13.5542	-61.8165	56.4738	
-0.146282	-0	0.237727	36.036	-27.5555	-53.6732	
-4.7917	-0	0.116082	-13.4966	-170.235	-14.2188	
-4.11733	-0	0.133741	-68.5103	-198.342	-4.53003	
-0.389763	-0	0.231351	69.8496	56.7693	-48.2532	
-4.2106	-0	0.131299	2.45746	-165.974	4.69878	
-0.30702	-0	0.233518	10.8775	-52.6337	-19.7948	
-0.310464	-0	0.233428	-7.43574	-19.73	-23.3383	
-4.74304	-0	0.117357	23.9409	-182.061	2.58367	
-3.16074	-0	0.158791	8.2683	-196.357	-4.03478	
-4.45885	-0	0.124799	30.6158	-145.802	-12.1171	
-0.0706644	-0	0.239707	52.6921	-36.2168	-104.119	
-4.46207	-0	0.124714	28.3511	-141.372	10.9862	
0.317246	0	0.249865	82.7786	-8.10113	34.1392	
-0.180866	-0	0.236821	25.1097	-84.0037	-34.5694	
0.317179	0	0.249863	10.6826	29.9367	42.4525	
-0.134873	-0	0.238026	38.5338	1.22277	-126.86	
-2.9572	-0	0.16412	8.99057	-164.858	-2.72614	
-3.82428	-0	0.141415	7.8397	-216.801	8.05304	
24.5147	0	0.883497	-31.6912	237.151	2.89604	
-0.348642	-0	0.232428	54.8804	-29.9858	-41.9667	
-2.74918	-0	0.169568	-11.1262	-169.088	2.8711	
-0.156955	-0	0.237448	-34.4565	-51.9546	51.1759	
-3.27656	-0	0.155758	8.81522	-154.887	-18.6269	
-3.15369	-0	0.158975	4.25985	-186.8	1.1713	
0.179183	0	0.24625	-118.957	71.2083	-124.842	
-0.248027	-0	0.235063	-32.1383	-94.6822	35.1538	
-0.193618	-0	0.236488	-67.1358	-4.1369	16.8363	
0.118019	0	0.244648	-13.3028	-54.4609	-45.9283	
0.185856	0	0.246424	65.3958	-36.3932	139.017	
-3.56658	-0	0.148163	5.0053	-160.396	10.2916	
-4.4966	-0	0.12381	36.2104	-154.563	3.4768	
-4.62509	-0	0.120445	-0.360173	-154.144	-7.4347	
-3.55462	-0	0.148477	4.55264	-184.407	12.6856	
-3.50245	-0	0.149843	11.0775	-197.375	-3.42397	
-2.8994	-0	0.165634	16.6343	-184.459	11.1989	
-1.81813	-0	0.193948	-74.7157	-164.241	0.758001	
0.193635	0	0.246628	-20.7068	26.6093	-5.13876	
0.297082	0	0.249337	100.289	-1.3272	43.3506	
0.160913	0	0.245771	-9.27612	93.5605	-22.1918	
0.288821	0	0.249121	78.1783	82.3975	79.2621	
-0.0758482	-0	0.239571	8.98419	9.55764	-102.711	
-5.54662	-0	0.0963141	-8.21394	-198.827	4.59206	
-0.0225264	-0	0.240968	-1.05915	-22.9656	-48.178	
-4.77078	-0	0.11663	-13.0647	-134.004	-0.744489	
-0.200076	-0	0.236318	-52.5252	-16.1252	64.5268	
-3.50811	-0	0.149695	18.9631	-163.747	4.73092	
-2.48994	-0	0.176356	19.9553	-196.177	2.25526	
-3.62666	-0	0.14659	-70.8268	-205.002	-14.9355	
0.0308652	0	0.242366	10.057	-41.4048	52.7252	
0.0917294	0	0.24396	12.1532	13.2463	9.8832	
-5.71986	-0	0.0917777	9.43287	-198.286	6.05527	
-4.13214	-0	0.133354	13.569	-193.026	-9.03713	
-0.510178	-0	0.228198	-127.226	-80.6464	46.5536	
0.343122	0	0.250543	-49.3309	69.4598	-50.4497	
-0.201755	-0	0.236274	-56.4126	-46.6375	47.5075	
-6.45308	-0	0.0725776	18.0784	-211.503	1.52176	
0.486755	0	0.254304	-72.0615	72.9349	-50.6105	
-0.0950818	-0	0.239068	-5.31385	22.443	40.4184	
-5.1695	-0	0.10619	60.7613	-193.194	-4.61318	
-3.66028	-0	0.14571	-14.6071	-179.973	4.20059	
-1.69711	-0	0.197117	24.2282	-175.829	2.69755	
0.0900536	0	0.243916	59.5893	26.818	101.75	
-2.3915	-0	0.178934	13.0025	-193.414	-1.40891	
-6.31766	-0	0.0761238	-54.1116	-171.869	3.43061	
-2.00362	-0	0.189091	-48.683	-213.398	-6.58015	
-3.28406	-0	0.155561	37.0365	-186.728	-9.66789	
0.0696399	0	0.243381	-51.794	24.7982	-129.241	
0.0632933	0	0.243215	-4.51268	-12.0431	-97.9636	
-0.32399	-0	0.233074	4.44736	-74.8078	1.56382	
-0.429375	-0	0.230314	79.2719	-82.8455	-36.2062	
-3.79318	-0	0.14223	80.7089	-183.334	3.32428	
-5.78381	-0	0.0901031	1.7336	-194.312	-4.78007	
0.0800889	0	0.243655	-47.9814	59.9006	-143.039	
-5.57414	-0	0.0955936	61.6097	-225.583	3.71058	
0.408968	0	0.252267	82.17	85.1498	46.1521	
-0.138659	-0	0.237927	50.7686	-12.2171	-30.1609	
0.0792117	0	0.243632	-56.2765	-15.0984	-102.312	
0.110937	0	0.244463	-64.1072	29.2764	-53.594	
-2.88247	-0	0.166078	38.463	-146.21	-5.37192	
-5.46809	-0	0.0983707	-64.0494	-194.319	6.25609	
0.165808	0	0.245899	97.8899	-8.26817	163.602	
-0.168286	-0	0.237151	17.5488	28.0537	-39.1608	
-0.320627	-0	0.233162	-73.2806	-54.7988	14.6966	
-0.0472427	-0	0.24032	-55.454	5.74604	18.9663	
-3.83615	-0	0.141104	2.62396	-170.356	-1.51318	
-0.380532	-0	0.231593	-67.8046	-43.7801	31.6685	
19.8602	0	0.761615	-11.7456	255.428	3.11115	
-0.272676	-0	0.234417	-137.666	-27.4679	60.7772	
-6.08566	-0	0.0821989	17.8492	-197.284	5.23867	
-0.195996	-0	0.236425	-35.8033	-77.2487	30.1264	
-0.145416	-0	0.23775	-31.7024	-35.2373	38.7673	
-0.20289	-0	0.236245	63.2591	29.2757	-116.286	
-5.63694	-0	0.0939492	-54.6254	-158.035	0.706817	
0.593691	0	0.257104	31.4102	72.9473	8.75412	
-6.31165	-0	0.0762811	71.8125	-150.416	-7.77362	
0.451086	0	0.25337	-20.4087	55.6796	-25.5059	
-4.93952	-0	0.112212	-30.798	-196.559	1.59489	
0.448573	0	0.253304	105.575	71.0589	62.2364	
-4.90211	-0	0.113191	20.109	-183.186	6.50165	
0.297423	0	0.249346	-0.705429	81.212	-18.4215	
-4.84677	-0	0.11464	-17.2778	-190.524	6.19527	
0.00887629	0	0.24179	-33.0473	13.0762	-164.461	
-5.08826	-0	0.108317	-11.4875	-164.905	-10.3467	
0.408831	0	0.252263	103.469	71.9284	59.9627	
0.0963232	0	0.24408	16.3527	45.1419	52.676	
0.293492	0	0.249243	16.1758	56.0656	28.2658	
-0.115301	-0	0.238538	55.1943	11.7009	-120.411	
-0.192533	-0	0.236516	-30.8909	-46.9755	-2.18415	
-4.28936	-0	0.129237	-18.8917	-193.902	-7.7176	
-3.22877	-0	0.157009	0.250371	-202.175	3.69186	
-0.125942	-0	0.23826	41.0098	-18.9721	-40.0729	
-6.92152	-0	0.0603112	57.8812	-170.219	2.66104	
0.130471	0	0.244974	66.7487	-10.8759	23.5033	
-0.0547039	-0	0.240125	21.431	-17.4766	71.4988	
-0.293265	-0	0.233878	-121.419	-82.5496	115.487	
-0.113044	-0	0.238597	-6.28541	-55.1169	42.1778	
-0.252467	-0	0.234946	-100.812	-70.7757	53.3798	
0.286849	0	0.249069	-66.5602	-8.27123	-56.8036	
-0.0759583	-0	0.239569	15.7309	-29.5465	-16.3541	
-3.30003	-0	0.155143	-19.4032	-184.903	-0.412452	
-6.25763	-0	0.0776957	-9.94	-172.034	4.07816	
-3.55803	-0	0.148387	-21.6195	-179.285	2.43294	
0.225675	0	0.247467	69.8803	63.5741	19.6748	
-0.217888	-0	0.235852	-31.9487	-40.3433	13.5953	
-0.351476	-0	0.232354	-61.6774	-71.7343	69.9718	
-3.67382	-0	0.145355	-38.8078	-159.176	2.08407	
-2.35943	-0	0.179774	-91.2189	-197.14	20.4058	
-5.708	-0	0.0920885	20.6428	-188.153	-4.148	
-2.99567	-0	0.163113	6.50868	-237.455	3.26253	
9.78644	0	0.497825	1.08112	205.9	-11.0303	
-5.27475	-0	0.103433	-27.5927	-197.724	8.98308	
0.051772	0	0.242913	-16.0648	-15.5832	-66.4323	
-0.0525661	-0	0.240181	37.3335	7.01948	-112.909	
-0.377533	-0	0.231672	-72.6752	-41.4983	48.6428	
-6.15043	-0	0.0805029	42.6185	-178.841	0.440276	
-0.150624	-0	0.237613	-63.0402	-42.241	54.0099	
0.363303	0	0.251071	-41.2757	73.9872	-40.068	
0.331077	0	0.250227	-136.281	76.1137	-93.7485	
-0.40582	-0	0.230931	53.7756	-29.5955	13.0953	
-5.65703	-0	0.0934229	2.54397	-226.119	-9.64955	
0.52341	0	0.255264	7.80272	19.5432	0.669748	
-4.00946	-0	0.136566	-16.9204	-193.875	-9.17891	
-0.237401	-0	0.235341	67.1521	-61.2944	-43.9203	
0.265664	0	0.248514	136.134	58.5335	92.4324	
-4.6742	-0	0.119159	-20.7378	-194.017	-6.82841	
-4.43964	-0	0.125301	-46.9476	-178.195	6.48328	
0.0683797	0	0.243348	-38.9621	-31.9624	-49.5225	
0.450726	0	0.25336	-6.46448	61.7119	6.03643	
-0.0289994	-0	0.240798	43.4293	-16.1655	-59.3226	
-0.327866	-0	0.232972	-26.8428	7.62444	5.31185	
0.642026	0	0.25837	-29.3942	43.5219	-6.80496	
-0.229121	-0	0.235558	-78.5892	-57.5721	69.001	
0.0700958	0	0.243393	3.95021	17.1728	-111.63	
-4.58172	-0	0.121581	-2.09965	-204.609	2.78095	
-0.0968303	-0	0.239022	101.394	-11.9717	-192.346	
-0.426871	-0	0.23038	146.808	-81.486	-84.0627	
-0.473679	-0	0.229154	-122.644	-68.1821	58.1202	
-3.18825	-0	0.15807	53.959	-193.579	3.52355	
-0.252745	-0	0.234939	-43.1944	-48.8828	76.9521	
0.125545	0	0.244845	-71.661	55.1331	-53.5599	
0.198296	0	0.24675	-53.8348	19.6084	-49.7751	
-3.76985	-0	0.142841	-62.5667	-199.272	-2.41303	
0.103382	0	0.244265	-52.4011	14.0642	-140.794	
-0.137206	-0	0.237965	1.63564	-28.3117	11.708	
-3.84647	-0	0.140834	5.99593	-215.42	4.16757	
-0.0292108	-0	0.240793	-9.18709	-20.7994	-25.5123	
-4.04232	-0	0.135706	-65.7668	-194.365	22.7495	
4.955	0	0.371309	-0.259128	185.13	8.86946	
-2.58793	-0	0.17379	41.3575	-202.568	3.59877	
-0.0362126	-0	0.240609	-39.6637	16.4095	24.9732	
0.361822	0	0.251032	-26.003	40.8793	1.80296	
-4.17411	-0	0.132255	-17.2722	-203.839	-1.15902	
-2.85434	-0	0.166814	30.765	-191.264	-1.61604	
-3.13339	-0	0.159507	-13.7224	-178.965	3.55329	
-4.47368	-0	0.12441	44.33	-165.469	4.89048	
-0.078067	-0	0.239513	28.2128	57.8631	-5.11857	
21.9935	0	0.817478	24.9146	244.69	0.509879	
0.268837	0	0.248597	-73.6688	64.5884	-53.9419	
0.221462	0	0.247357	43.4885	52.6273	6.27509	
-0.725906	-0	0.222549	52.974	-76.989	-19.775	
-0.133343	-0	0.238066	-27.1636	8.37603	51.3832	
0.161788	0	0.245794	-84.7589	-8.19131	-92.0622	
-4.07896	-0	0.134746	53.245	-207.586	5.6264	
-4.96131	-0	0.111641	21.6851	-197.174	-3.09533	
-0.206928	-0	0.236139	23.3934	-59.1478	-100.337	
-5.85297	-0	0.0882923	0.585485	-204.722	4.89084	
0.584167	0	0.256855	-131.478	37.2092	-60.7946	
-3.10358	-0	0.160288	58.2721	-225.798	20.4944	
-2.30221	-0	0.181272	18.7418	-202.297	4.24266	
-4.57099	-0	0.121862	-4.0924	-204.084	8.95151	
-0.159613	-0	0.237378	74.5844	-17.01	-86.0543	
0.0814304	0	0.24369	-10.1751	71.5746	-91.1341	
0.140949	0	0.245248	-42.1671	53.3845	-51.0894	
-0.288261	-0	0.234009	-80.7803	-41.1594	72.4122	
-2.13392	-0	0.185679	73.0429	-202.829	8.21635	
-0.0879525	-0	0.239254	-13.5775	-17.1655	58.169	
0.200772	0	0.246815	37.8836	46.1446	29.7237	
-0.264156	-0	0.23464	-25.0737	-34.8439	13.4967	
0.0838126	0	0.243752	53.6045	20.7303	-17.3088	
-0.350915	-0	0.232369	-28.6317	-92.4449	21.4717	
13.2912	0	0.589601	-18.7502	217.526	-2.43138	
-0.150699	-0	0.237611	-0.19767	37.1369	50.4059	
0.136018	0	0.245119	110.028	17.35	150.402	
-2.69615	-0	0.170956	23.2605	-124.14	5.46953	
-0.0726145	-0	0.239656	14.2207	-42.3661	-37.4425	
-0.310391	-0	0.23343	-115.461	-53.6314	52.754	
0.257204	0	0.248293	-101.669	72.1196	-114.939	
-3.41363	-0	0.152168	-45.5781	-197.173	-10.9375	
-0.264176	-0	0.23464	-17.5406	-19.3703	-28.2446	
-3.92527	-0	0.138771	-9.76213	-178.054	-7.72241	
-0.440389	-0	0.230026	-37.601	-56.9085	6.22521	
-0.583018	-0	0.226291	106.843	-59.594	-38.2684	
0.224164	0	0.247428	-58.7698	72.7706	-22.1529	
-4.58506	-0	0.121494	-0.669579	-161.808	-10.6254	
-0.679374	-0	0.223768	142.755	-50.9841	-41.0229	
0.371324	0	0.251281	90.3233	5.7222	31.5659	
-5.60555	-0	0.0947711	-2.20913	-198.859	-8.53688	
-0.384883	-0	0.231479	-34.459	-71.3478	29.5777	
-0.191097	-0	0.236554	-64.8582	4.93625	134.394	
0.332611	0	0.250267	-108.388	60.9631	-84.8554	
-3.56685	-0	0.148156	47.1242	-215.503	-6.81074	
0.255035	0	0.248236	2.40311	54.1568	42.4174	
-0.249453	-0	0.235025	-48.5612	21.2711	88.736	
-4.25053	-0	0.130254	24.101	-187.406	5.42974	
-6.36508	-0	0.0748821	16.3439	-212.808	-14.0006	
-4.63719	-0	0.120128	5.64458	-221.85	6.33042	
-0.190424	-0	0.236571	115.942	35.714	-160.56	
-3.53073	-0	0.149102	-2.69601	-215.571	2.29382	
-3.00051	-0	0.162986	-8.07798	-221.646	-5.70188	
-0.67004	-0	0.224012	92.3952	-58.0669	-26.5003	
-6.27353	-0	0.0772793	72.6948	-210.575	-9.46783	
-0.27261	-0	0.234419	-42.1237	-65.1651	12.6885	
-0.292769	-0	0.233891	-4.57661	-42.5178	-2.8561	
-2.9911	-0	0.163233	102.411	-194.775	4.41507	
-0.135945	-0	0.237998	6.79673	-16.3579	54.8895	
-3.8332	-0	0.141182	13.9519	-182.667	-4.75724	
-1.67391	-0	0.197725	-17.1634	-222.997	-4.04462	
0.0744476	0	0.243507	-70.2301	-9.0986	-149.671	
-5.59244	-0	0.0951143	-28.4848	-176.628	-2.68358	
-0.320799	-0	0.233157	-3.75597	-37.8719	-17.8591	
-5.71226	-0	0.0919769	-22.7828	-197.866	-7.14148	
-0.106938	-0	0.238757	-6.19849	-51.3647	16.1809	
-5.46016	-0	0.0985781	13.4026	-212.749	8.78426	
-3.94502	-0	0.138253	4.82285	-183.657	-1.97166	
-2.34687	-0	0.180103	20.8688	-168.94	2.43722	
-5.58762	-0	0.0952406	22.9854	-161.697	11.7608	
-0.358417	-0	0.232172	-176.536	-91.9326	126.489	
-5.07122	-0	0.108763	-37.4885	-187.606	8.45313	
-0.339789	-0	0.23266	32.4775	-38.6885	21.7946	
-0.252952	-0	0.234934	98.7415	-25.5691	-79.0972	
-0.399524	-0	0.231096	123.915	-91.2802	-68.5893	
-0.22535	-0	0.235657	-87.446	-58.8464	106.684	
-4.55151	-0	0.122372	4.19835	-125.592	-7.03931	
0.191705	0	0.246578	-16.1677	68.367	3.56997	
14.4765	0	0.620639	-12.0108	213.721	-1.58977	
0.185313	0	0.24641	-35.8265	47.5923	-53.9241	
-4.45022	-0	0.125025	-29.5937	-198.966	-6.62059	
0.0385724	0	0.242568	-42.8036	-25.7614	-73.3524	
-0.0806048	-0	0.239447	41.3932	-47.327	-3.86163	
0.0690949	0	0.243367	11.8751	-15.2621	-44.1878	
0.224638	0	0.24744	-56.339	85.2308	-94.6108	
16.2253	0	0.666433	-21.5134	220.12	-2.8412	
-3.46235	-0	0.150893	-4.03811	-204.868	1.8222	
-7.13355	-0	0.0547589	-12.3994	-237.843	-11.9134	
-6.52114	-0	0.0707954	-3.50137	-209.582	-1.79186	
-0.0511477	-0	0.240218	-40.0687	-14.8229	2.0359	
-4.4774	-0	0.124313	-25.2344	-194.135	7.09939	
-3.88251	-0	0.13989	5.24644	-203.155	-3.90752	
-3.72245	-0	0.144082	20.8461	-182.814	-8.69493	
-3.04343	-0	0.161863	0.0156695	-194.107	-7.80174	
-5.07377	-0	0.108696	-6.07026	-169.1	6.0686	
-5.69151	-0	0.0925201	-35.953	-179.937	-4.68778	
0.231354	0	0.247616	-36.2818	-12.808	-39.0205	
-0.288114	-0	0.234013	12.3407	-88.1518	2.12655	
0.201849	0	0.246843	-46.496	-36.8374	-41.2016	
0.311401	0	0.249712	56.2328	53.9446	26.7926	
-5.06846	-0	0.108835	10.9586	-177.416	-11.091	
0.323641	0	0.250032	34.6089	-30.0083	5.66942	
0.154562	0	0.245605	-110.006	53.8368	-174.16	
-4.87459	-0	0.113912	4.04274	-164.998	4.15892	
-4.51373	-0	0.123362	15.3799	-189.856	-3.28714	
-0.455241	-0	0.229637	26.7141	-41.069	-26.3532	
-2.20173	-0	0.183903	62.4671	-148.263	3.29116	
-0.127921	-0	0.238208	12.5963	-44.5568	-75.8496	
-6.50208	-0	0.0712947	35.7729	-151.686	5.70482	
0.175596	0	0.246156	72.436	29.1764	144.05	
0.31181	0	0.249723	16.6374	67.2512	19.3506	
-3.96322	-0	0.137777	-7.23239	-203.988	10.0879	
14.0617	0	0.609777	-14.6862	221.791	-8.15029	
-5.19885	-0	0.105421	0.555687	-163.205	4.95083	
-0.399214	-0	0.231104	74.2724	-91.2671	-55.4221	
-0.0932657	-0	0.239115	42.5667	-75.5591	-103.299	
-0.308336	-0	0.233484	122.607	-56.7506	-81.9065	
0.38694	0	0.25169	168.15	56.9221	112.888	
-0.464982	-0	0.229382	-95.5715	-45.1247	34.9897	
-0.474305	-0	0.229137	-49.2033	-49.0314	40.2047	
-0.214934	-0	0.235929	-62.5072	-5.20635	107.584	
-0.223574	-0	0.235703	88.6406	-50.357	-74.1089	
-3.54592	-0	0.148704	-33.7408	-158.274	6.52337	
0.170171	0	0.246014	-67.0699	28.9725	-46.5634	
-5.03786	-0	0.109637	-55.216	-228.93	-8.55412	
0.21093	0	0.247081	-73.7386	-56.2267	-73.7933	
-3.65749	-0	0.145783	-4.28589	-142.021	2.26526	
-4.90679	-0	0.113069	12.3782	-187.567	2.02882	
-0.525489	-0	0.227797	72.1528	-75.0306	-33.2573	
-2.74335	-0	0.16972	-8.91752	-202.899	-3.55657	
-0.213166	-0	0.235976	-97.42	-23.6	93.1567	
0.314679	0	0.249798	-19.9908	85.324	21.2311	
0.111974	0	0.24449	-10.2785	-55.6457	3.95772	
8.83029	0	0.472787	-20.725	189.311	-6.08775	
0.365044	0	0.251117	-40.4377	91.693	-37.9743	
-4.5601	-0	0.122147	-24.302	-218.777	6.29116	
-0.109926	-0	0.238679	-42.9501	60.0132	80.7232	
-7.61161	-0	0.0422406	23.2485	-207.281	-6.7428	
0.355977	0	0.250879	125.01	86.9344	78.7469	
-0.346784	-0	0.232477	-47.1368	-75.5678	59.8981	
-4.09663	-0	0.134283	-1.52209	-191.541	-3.03249	
0.154878	0	0.245613	-90.3632	-54.5657	-154.732	
10.0873	0	0.505704	28.0127	196.23	-7.76445	
0.32005	0	0.249938	4.12439	2.71101	6.88657	
0.0827803	0	0.243725	-0.0786613	-30.2845	33.4204	
-2.17597	-0	0.184578	-22.6802	-217.997	0.676259	
-5.06738	-0	0.108864	-42.7605	-189.372	-7.24147	
-5.88431	-0	0.0874714	-39.1603	-180.629	8.01266	
0.314225	0	0.249786	118.417	82.7577	84.4274	
-3.82716	-0	0.14134	27.1076	-183.164	-15.0265	
-2.79145	-0	0.168461	-58.7942	-195.415	0.553689	
-2.99504	-0	0.16313	-45.3431	-198.904	5.53231	
-0.274093	-0	0.23438	-37.0598	-2.94812	7.32597	
0.310904	0	0.249699	-87.633	47.307	-91.4809	
0.143909	0	0.245326	-108.241	44.3221	-197.357	
-4.88208	-0	0.113716	-12.8652	-183.593	6.83555	
-0.121172	-0	0.238385	-45.3036	-56.7363	50.2515	
-4.33073	-0	0.128153	-17.2519	-169.15	-1.59579	
-1.37882	-0	0.205452	-44.8231	-165.845	-1.36277	
-4.95388	-0	0.111836	3.67159	-193.294	10.89	
-0.557864	-0	0.226949	-36.378	-72.6115	5.59268	
-0.16899	-0	0.237132	48.9087	-28.6049	-92.7474	
-5.97981	-0	0.0849708	-3.36506	-192.151	12.993	
-3.53377	-0	0.149022	31.2332	-163.329	-12.1978	
-5.27301	-0	0.103479	14.9612	-173.051	-3.46933	
-0.0806361	-0	0.239446	10.0432	-48.4537	-14.7277	
0.35001	0	0.250723	-32.3499	28.4977	-1.94655	
0.302082	0	0.249468	6.12071	36.7129	21.977	
-5.45175	-0	0.0987986	5.851	-195.043	-1.86462	
-0.196154	-0	0.236421	-54.0793	-82.9998	83.759	
0.37493	0	0.251375	-57.2894	55.0585	-45.2371	
-4.47782	-0	0.124302	13.6215	-213.246	3.81131	
-0.181483	-0	0.236805	24.6999	-49.5948	-25.6671	
0.175771	0	0.24616	72.7842	24.5581	75.9111	
0.346259	0	0.250625	-12.6349	59.8296	-26.4799	
0.229135	0	0.247558	-75.9333	18.8677	-42.8347	
-5.87737	-0	0.0876533	-0.311491	-223.051	4.75011	
-7.13352	-0	0.0547597	3.34921	-210.93	9.54163	
0.0840277	0	0.243758	-42.0376	38.2474	-69.3794	
0.0894292	0	0.243899	0.717704	0.151167	90.69	
-0.36715	-0	0.231943	-39.9388	-91.7449	14.8152	
-3.06984	-0	0.161171	3.69411	-184.966	-8.63798	
-2.79023	-0	0.168493	-3.66437	-152.127	-8.90256	
-6.78192	-0	0.0639667	39.4601	-188.578	13.7834	
-0.384698	-0	0.231484	-33.5026	-76.5274	13.7709	
0.158361	0	0.245704	-20.6586	19.4001	26.8907	
-4.70127	-0	0.11845	-36.4557	-192.369	-7.45726	
-4.05529	-0	0.135366	-36.9932	-188.496	-3.84774	
-0.330637	-0	0.2329	30.9685	-78.8291	-22.4322	
-6.06833	-0	0.0826527	-11.5224	-215.068	4.4006	
-2.27021	-0	0.18211	1.33546	-186.971	-6.92609	
0.0812369	0	0.243685	48.1731	-18.1364	103.975	
-0.413154	-0	0.230739	-84.705	-65.5888	53.5961	
-4.04511	-0	0.135633	12.8724	-243.804	4.67529	
-0.15776	-0	0.237426	5.01948	49.05	-68.4094	
0.318917	0	0.249909	-8.20022	93.3123	-21.2678	
-0.0880821	-0	0.239251	2.59774	-11.9428	96.3775	
-0.438643	-0	0.230071	145.958	-84.8501	-77.9449	
-0.0957018	-0	0.239052	98.8045	-5.30192	-91.0844	
-0.238009	-0	0.235325	25.0376	-77.8028	-14.694	
0.233817	0	0.24768	-1.00056	62.7738	49.0329	
-0.101407	-0	0.238902	6.89376	60.8155	39.3354	
-2.97464	-0	0.163664	16.7323	-219.475	-23.4032	
-3.37365	-0	0.153216	-36.7886	-153.986	13.6755	
-2.85285	-0	0.166853	-35.8766	-169.203	-6.26564	
-3.45862	-0	0.15099	-36.1323	-146.923	-7.57706	
-0.492891	-0	0.228651	-93.3329	-61.7633	27.5132	
-5.22997	-0	0.104606	-36.7181	-171.244	-16.4579	
-3.02906	-0	0.162239	-3.21343	-195.949	4.78126	
0.12734	0	0.244892	-7.19991	61.1336	-6.2756	
-6.2098	-0	0.0789483	-29.3416	-223.644	0.492203	
-0.31599	-0	0.233283	156.436	-22.4391	-69.0156	
-4.52295	-0	0.12312	-21.1632	-160.201	-5.05973	
-0.114907	-0	0.238549	27.7829	60.5913	-73.0663	
-0.187193	-0	0.236656	33.2421	-39.105	-65.321	
-0.254272	-0	0.234899	111.409	-27.8495	-94.2769	
-0.180492	-0	0.236831	71.8743	8.9017	-77.9786	
-0.363318	-0	0.232044	-116.335	-51.0992	97.3829	
-3.04548	-0	0.161809	32.0168	-180.524	0.551373	
0.262989	0	0.248444	-123.788	57.1775	-143.254	
-0.373699	-0	0.231772	-20.4087	-6.12804	52.199	
-5.15119	-0	0.106669	45.5181	-190.936	4.07335	
-5.60512	-0	0.0947823	-37.7121	-192.926	-3.17298	
-0.39016	-0	0.231341	-52.4984	37.6695	29.8194	
-7.42469	-0	0.0471353	-43.1873	-215.16	1.83508	
-4.29659	-0	0.129047	-60.4103	-155.008	-1.45401	
0.0939268	0	0.244017	13.8143	-4.81432	-30.6705	
0.0248084	0	0.242207	6.69977	-6.7718	10.0349	
-3.39523	-0	0.15265	-44.528	-189.207	2.25653	
-0.270394	-0	0.234477	97.0856	-69.6952	-66.534	
0.119762	0	0.244694	16.873	66.116	68.3744	
-5.9126	-0	0.0867308	-26.6878	-164.056	2.08382	
0.0991526	0	0.244154	74.0418	37.8221	156.046	
0.294357	0	0.249266	16.1424	79.9312	7.39938	
-3.66585	-0	0.145564	-32.0034	-199.305	11.1628	
-4.19975	-0	0.131583	-21.4153	-230.674	-19.2165	
-2.89719	-0	0.165692	8.14429	-188.239	-7.71658	
-0.262814	-0	0.234676	23.3782	41.1562	-49.8349	
0.382365	0	0.25157	-126.272	15.1973	-47.2581	
-0.195444	-0	0.23644	-44.9194	-72.7856	81.283	
-4.84152	-0	0.114778	-15.3988	-198.679	-3.47454	
-5.77199	-0	0.0904128	-38.5143	-190.277	5.01846	
0.235696	0	0.247729	-65.9291	-42.039	-5.24439	
-0.308786	-0	0.233472	91.9249	-23.153	-99.4076	
-0.00936797	-0	0.241312	-20.6725	-35.0874	-9.06732	
-3.52151	-0	0.149344	5.10748	-157.11	-2.55855	
25.3255	0	0.904728	33.1309	232.073	-0.288166	
-0.00206145	-0	0.241504	-15.8671	-1.32341	155.25	
-6.19952	-0	0.0792174	13.9047	-193.638	-1.40234	
-3.14947	-0	0.159086	20.4172	-176.402	-8.95853	
0.412223	0	0.252352	-135.081	29.5701	-96.6156	
-6.26366	-0	0.077538	-33.3184	-176.562	-5.96745	
-5.55248	-0	0.0961609	45.9525	-198.035	6.49449	
-0.162183	-0	0.237311	36.6913	-54.9193	-27.2696	
-5.17225	-0	0.106117	-45.1461	-209.559	7.04585	
-6.24732	-0	0.0779658	6.15891	-202.842	-0.431477	
-0.147878	-0	0.237685	-13.7037	-46.9227	92.2875	
0.206398	0	0.246962	61.5564	-5.1022	52.6058	
22.6576	0	0.834868	9.14123	247.894	-0.946983	
-6.79694	-0	0.0635733	-17.9845	-233.36	5.1469	
0.371981	0	0.251298	59.7643	90.4245	49.9664	
0.2515	0	0.248143	43.9124	4.69899	-1.04599	
0.277232	0	0.248817	-39.2357	39.4544	-29.4479	
-0.310656	-0	0.233423	81.0362	-86.1602	-65.6041	
0.168603	0	0.245973	45.7597	8.37249	110.488	
-4.35453	-0	0.12753	27.7374	-174.067	-1.37142	
0.0518779	0	0.242916	0.616791	25.5475	-14.454	
-3.81505	-0	0.141657	-37.5145	-220.296	1.07976	
-0.572577	-0	0.226564	-4.62054	-42.7201	7.99623	
-5.9895	-0	0.0847169	-3.8943	-192.481	9.91039	
0.2828	0	0.248963	49.0112	45.8897	41.3733	
-0.581799	-0	0.226323	-63.0265	-22.1283	27.4299	
-4.9722	-0	0.111356	-48.4039	-144.137	-11.3718	
-3.35562	-0	0.153688	2.13119	-186.184	8.56986	
-6.28449	-0	0.0769925	-13.11	-206.569	2.16036	
-0.304099	-0	0.233594	-8.12346	-64.0595	6.29852	
0.379207	0	0.251487	0.373814	47.7574	10.0526	
-0.34101	-0	0.232628	43.0243	-42.8915	-17.088	
-0.272664	-0	0.234418	8.46951	-83.4643	-11.6985	
-5.5715	-0	0.0956626	2.10731	-183.065	-2.77212	
-4.15214	-0	0.13283	-17.5636	-204.762	1.59099	
-4.29295	-0	0.129143	-25.5806	-191.968	-11.8363	
-2.77747	-0	0.168827	-39.1247	-184.132	16.7384	
-0.0928889	-0	0.239125	-0.33147	-46.5357	-36.0015	
-0.473883	-0	0.229149	-13.919	-67.6111	-1.32482	
-3.0867	-0	0.160729	54.2569	-169.249	4.16624	
-0.0141608	-0	0.241187	20.3445	19.1734	-111.812	
4.32595	0	0.354836	-6.51741	220.19	-2.57145	
-2.35305	-0	0.179941	-46.6846	-200.78	1.8985	
-0.432704	-0	0.230227	-129.883	-67.5939	58.7939	
0.21646	0	0.247226	99.699	70.9873	134.88	
-3.26	-0	0.156192	-21.5327	-213.318	2.55584	
-2.91333	-0	0.165269	28.1481	-216.116	0.594582	
0.321733	0	0.249982	-50.8212	45.4843	-34.4257	
-3.17817	-0	0.158334	60.4833	-180.499	-8.72995	
0.103118	0	0.244258	34.659	-7.28801	-9.8049	
-0.193576	-0	0.236489	-33.1356	50.4892	93.4804	
0.319362	0	0.24992	-8.0727	88.2142	-2.31611	
-0.212376	-0	0.235996	4.00237	-52.6937	-8.23986	
0.247516	0	0.248039	-100.738	82.6241	-69.0422	
0.286429	0	0.249058	132.95	55.6425	131.344	
-0.0451591	-0	0.240375	27.5791	-22.4621	-54.6891	
-2.96453	-0	0.163929	15.4457	-158.623	-1.84629	
0.305023	0	0.249545	28.2898	59.0859	15.0918	
-0.224603	-0	0.235676	58.0824	-41.7424	-100.004	
-0.633488	-0	0.224969	-84.6346	-46.7468	35.3856	
0.107544	0	0.244374	-45.7941	6.41119	-77.9456	
-6.03991	-0	0.0833971	-8.60256	-205.243	6.64779	
-0.0754376	-0	0.239582	-12.4314	-58.909	-25.7787	
-6.82292	-0	0.062893	15.3159	-204.284	-2.83369	
-3.8698	-0	0.140223	20.9837	-169.866	-0.745631	
0.202161	0	0.246851	-57.8171	-2.64362	-61.9024	
-3.84368	-0	0.140907	28.8422	-171.005	-3.8246	
-4.51426	-0	0.123348	-26.9766	-147.873	-10.9466	
-0.106874	-0	0.238759	-5.0767	-29.83	-43.3159	
-0.165657	-0	0.23722	16.4116	22.3854	-101.954	
0.291705	0	0.249196	-52.287	84.6037	-29.0207	
-0.351715	-0	0.232348	-47.8097	-25.8198	68.0326	
-7.33687	-0	0.049435	68.6635	-203.719	5.34765	
-0.250343	-0	0.235002	139.565	-81.7922	-156.303	
-4.91627	-0	0.112821	-42.4583	-164.452	0.197925	
0.0299818	0	0.242343	-9.31578	34.6538	-128.096	
-0.241577	-0	0.235232	-16.8299	-67.1291	13.5336	
-2.45267	-0	0.177332	-82.8979	-177.954	-3.94426	
0.198811	0	0.246764	-13.8767	90.1179	-11.4577	
-0.186331	-0	0.236678	5.21279	59.7723	16.7611	
0.297216	0	0.24934	49.1494	86.3253	40.2565	
-6.14813	-0	0.0805631	33.1281	-207.529	0.0932647	
0.288615	0	0.249115	58.0572	66.2642	47.3588	
-5.55015	-0	0.0962217	-19.1488	-171.296	11.3275	
-0.166525	-0	0.237197	34.9982	-75.9426	-84.8852	
-0.0194829	-0	0.241047	-19.5509	6.2231	74.4558	
0.312483	0	0.24974	55.586	88.9905	65.1644	
0.303432	0	0.249503	-76.3789	86.7464	-53.085	
-4.30118	-0	0.128927	-10.3003	-223.817	17.4404	
-4.81217	-0	0.115547	30.315	-167.658	-5.93601	
-0.255823	-0	0.234859	-33.73	-86.6509	34.7475	
0.268545	0	0.24859	-34.9546	79.2623	-21.6558	
0.577145	0	0.256671	44.5315	60.8021	3.13593	
10.8577	0	0.525877	-31.9992	189.379	-4.73832	
-4.93211	-0	0.112406	39.4902	-186.931	-4.09212	
-4.11289	-0	0.133858	36.5323	-189.271	-8.42004	
-3.07688	-0	0.160987	19.3627	-214.884	-1.73013	
-0.0595015	-0	0.239999	-6.98536	-52.7096	-56.7921	
-0.0112019	-0	0.241264	-22.8533	5.02823	144.547	
0.0833872	0	0.243741	-24.6726	18.8511	-171.334	
0.285871	0	0.249043	-69.5268	27.3707	-42.1682	
-5.46321	-0	0.0984984	5.27246	-197.035	-8.22863	
-2.72884	-0	0.170101	1.82119	-212.812	0.360621	
-4.48578	-0	0.124093	76.9849	-186.556	11.4202	
0.34505	0	0.250593	16.1751	96.2154	8.16953	
0.224974	0	0.247449	-24.448	73.2871	-3.64438	
-5.87734	-0	0.087654	7.42762	-223.791	0.0580583	
-5.54658	-0	0.0963152	-38.0182	-170.739	5.21629	
-6.91371	-0	0.0605158	-33.8977	-186.633	-1.97356	
0.191748	0	0.246579	6.37068	12.1978	55.3116	
-0.270213	-0	0.234482	100.714	-67.4449	-70.9794	
0.3567	0	0.250898	122.329	41.4421	53.982	
0.388039	0	0.251719	37.3707	91.5664	33.2741	
-0.42598	-0	0.230403	0.106913	-69.7403	-20.3308	
0.223513	0	0.24741	50.3627	75.5964	73.6313	
-3.64805	-0	0.14603	26.3658	-207.807	12.1968	
0.303024	0	0.249493	-75.7228	-9.17623	-78.1071	
-0.0726716	-0	0.239655	20.6153	2.11759	-132.396	
-2.29933	-0	0.181347	6.04782	-205.388	6.87376	
-0.417204	-0	0.230633	-20.2768	-44.3822	-30.8865	
0.556033	0	0.256118	13.4437	55.3382	17.4162	
-0.0455583	-0	0.240365	-17.0604	24.5019	100.986	
0.471763	0	0.253911	22.7703	83.7629	4.8616	
-5.77887	-0	0.0902326	-3.61495	-188.942	-15.0518	
-0.425834	-0	0.230407	0.60636	-90.5006	-1.82622	
-3.42874	-0	0.151773	20.9617	-223.704	-3.23735	
-3.83479	-0	0.14114	-49.3916	-188.374	-0.0944198	
-1.85317	-0	0.193031	22.4682	-191.934	2.23104	
0.420918	0	0.25258	-108.227	82.5076	-51.5391	
-0.405555	-0	0.230938	-81.1846	-76.3948	40.5188	
-0.162419	-0	0.237304	-65.4167	-62.7928	65.0188	
0.33653	0	0.25037	31.8648	71.4729	10.1762	
0.457121	0	0.253528	53.48	81.7152	30.233	
0.191801	0	0.24658	-120.474	10.1896	-133.599	
9.11126	0	0.480144	17.3488	175.447	-4.38427	
0.212013	0	0.247109	-37.3912	44.3869	-43.0949	
0.278789	0	0.248858	-71.1698	97.0234	-67.1763	
-0.071133	-0	0.239695	10.2304	34.8042	-22.3504	
0.29074	0	0.249171	-61.1672	3.24136	-59.2978	
-0.033107	-0	0.240691	33.0043	-13.6079	-16.6545	
-1.98716	-0	0.189522	7.7376	-205.384	5.77817	
-4.30275	-0	0.128886	27.5419	-161.511	2.69307	
-0.0806181	-0	0.239447	-59.057	11.6465	133.788	
-6.93134	-0	0.060054	-9.01955	-195.22	4.51135	
0.250103	0	0.248107	-17.83	46.6369	-0.725799	
-0.26411	-0	0.234642	100.99	-84.4453	-117.687	
-0.32231	-0	0.233118	39.5874	-100.182	-31.8228	
-0.39394	-0	0.231242	-11.5128	-62.178	-8.22799	
0.19456	0	0.246652	-80.6475	6.38256	-151.272	
-0.0165737	-0	0.241124	14.2731	-5.50642	30.0807	
-5.34055	-0	0.10171	13.1304	-215.586	-1.29487	
-0.269273	-0	0.234506	76.5759	-66.1145	-83.6543	
0.27894	0	0.248862	-97.077	-55.0845	-80.0556	
-2.24003	-0	0.1829	-21.8381	-180.805	-4.02265	
-4.13729	-0	0.133219	-6.47611	-198.573	-10.3897	
0.101323	0	0.244211	4.13676	52.4181	13.6761	
-5.66365	-0	0.0932497	-14.9994	-206.338	14.4813	
-2.69992	-0	0.170858	38.3346	-198.234	-8.46557	
-4.91438	-0	0.11287	-29.7448	-204.772	0.351314	
-0.142651	-0	0.237822	74.1317	-33.3861	-119.664	
-0.0800088	-0	0.239462	24.3685	-16.122	-83.5192	
-0.112226	-0	0.238619	54.6988	-60.1718	-109.98	
-0.122621	-0	0.238347	39.7589	23.0755	-49.4204	
-0.204049	-0	0.236214	71.5232	-53.7149	-88.5504	
-0.339304	-0	0.232673	-132.278	-29.2119	103.553	
-3.64222	-0	0.146183	-25.2283	-182.888	-12.4384	
-0.389931	-0	0.231347	-50.3106	-89.2886	11.9414	
-6.22264	-0	0.0786119	-8.4745	-182.687	0.458533	
-0.47039	-0	0.22924	43.7001	-50.2254	1.4028	
-0.169057	-0	0.237131	-57.2825	-42.5943	6.35208	
-0.407395	-0	0.23089	-1.2095	-74.6521	11.4013	
-0.376814	-0	0.23169	146.359	7.3607	-67.2931	
-4.1386	-0	0.133184	-16.6846	-188.983	5.39814	
-0.448432	-0	0.229815	73.6186	-55.7609	-49.3601	
23.0006	0	0.84385	10.5429	250.43	-6.46969	
0.269976	0	0.248627	71.5328	27.1769	14.985	
-3.21116	-0	0.15747	12.1455	-185.895	-6.40569	
-0.0701814	-0	0.23972	-49.8475	36.19	138.54	
3.4165	0	0.331022	-25.6181	223.349	0.775106	
-3.65356	-0	0.145886	71.975	-158.742	-13.4696	
0.229069	0	0.247556	-4.5525	29.9452	-36.6954	
-0.292551	-0	0.233897	6.60912	-71.785	4.30544	
-2.51117	-0	0.1758	59.8486	-186.298	-5.16463	
0.187567	0	0.246469	95.5941	58.2797	91.6685	
-3.64578	-0	0.14609	28.2382	-168.701	-0.813331	
-4.43446	-0	0.125437	25.2311	-189.338	5.89416	
-5.20679	-0	0.105213	-11.9041	-176.848	4.58248	
0.000412076	0	0.241568	5.40173	-21.3267	116.129	
0.464932	0	0.253732	64.585	55.0794	31.0359	
14.0239	0	0.608787	-6.48801	217.368	3.78536	
-4.73251	-0	0.117632	-28.5989	-151.293	1.11117	
-4.28665	-0	0.129308	8.3461	-182.558	8.02987	
-2.86268	-0	0.166596	-50.1182	-196.848	-9.07668	
0.116634	0	0.244612	-21.0864	-49.3791	-99.588	
-3.77964	-0	0.142584	-5.4534	-195.636	14.0748	
-2.9305	-0	0.16482	7.91273	-141.906	12.2197	
-3.25194	-0	0.156402	72.6528	-165.614	9.3793	
-0.133381	-0	0.238065	-5.58812	12.3689	84.7094	
0.181196	0	0.246302	77.4115	37.4561	87.8385	
-4.1526	-0	0.132818	-10.9625	-189.408	5.32525	
-5.78146	-0	0.0901648	9.77653	-209	8.52689	
-5.95163	-0	0.0857087	-13.5629	-187.337	-1.81095	
0.246171	0	0.248004	-22.1105	60.0051	-49.1206	
-0.195199	-0	0.236446	62.5906	-56.4009	-48.0902	
-0.175474	-0	0.236963	25.4976	55.5566	6.20154	
-4.5597	-0	0.122158	23.2903	-194.336	-1.16027	
-2.98431	-0	0.163411	-6.61504	-172.797	10.6286	
-0.349913	-0	0.232395	86.9509	-62.8116	-69.423	
-0.264612	-0	0.234628	77.6546	-59.149	-74.7606	
-5.04536	-0	0.10944	-24.4532	-178.218	3.87615	
-3.19559	-0	0.157878	-14.1578	-179.999	-11.7417	
-6.62972	-0	0.0679523	-43.9419	-193.429	-4.58858	
-3.32434	-0	0.154507	-31.1836	-185.39	-8.05359	
-2.39295	-0	0.178896	-33.1784	-186.814	7.9164	
-3.17919	-0	0.158307	28.8658	-184.272	5.54952	
-0.464827	-0	0.229386	12.5167	-85.7215	-5.29817	
0.271416	0	0.248665	-27.7566	34.4221	-10.2804	
7.13178	0	0.42831	41.8389	162.594	0.482984	
-0.362288	-0	0.232071	67.0885	-52.3603	-34.0496	
-4.11117	-0	0.133903	9.92186	-221.16	2.99736	
-0.0831642	-0	0.23938	3.12893	3.49975	-45.8554	
0.32317	0	0.25002	-87.5617	81.3397	-82.9353	
0.299983	0	0.249413	26.7825	-11.2507	53.2066	
-6.1726	-0	0.0799224	-41.4377	-165.166	-8.9226	
-0.102738	-0	0.238867	42.4774	18.3488	-98.4408	
0.460277	0	0.25361	59.6045	78.1466	9.81636	
-0.101952	-0	0.238888	-69.7428	-7.0238	86.7072	
0.356293	0	0.250887	-99.2834	46.9525	-46.8074	
-0.100786	-0	0.238918	1.90306	-77.0639	35.9589	
0.38527	0	0.251646	-134.215	60.0667	-74.1368	
-0.385904	-0	0.231452	-60.657	-7.90211	67.8686	
-0.168173	-0	0.237154	124.158	-22.883	-76.027	
0.262222	0	0.248424	1.67775	76.8518	-2.38162	
0.420913	0	0.25258	78.8915	81.9593	45.8504	
0.122599	0	0.244768	49.6779	64.4733	50.4908	
0.22331	0	0.247405	47.314	43.8267	67.3486	
-0.450273	-0	0.229767	75.4644	-60.7959	-51.8695	
-5.20473	-0	0.105267	-66.0457	-159.755	7.5229	
-0.40072	-0	0.231064	17.2138	-34.013	-24.4376	
0.266903	0	0.248547	-49.498	-56.9274	-82.7882	
-4.07232	-0	0.13492	1.99675	-211.361	-9.9575	
-0.139041	-0	0.237917	11.4257	-54.3627	-2.65477	
-0.193911	-0	0.23648	-102.819	-55.6512	68.8438	
-4.82803	-0	0.115131	-25.7206	-177.583	3.15414	
0.257942	0	0.248312	-39.1817	70.7971	-6.56648	
-1.8405	-0	0.193362	-23.5363	-204.767	-15.674	
0.366101	0	0.251144	92.361	71.2876	88.4255	
-5.92874	-0	0.086308	17.5464	-174.949	-2.8616	
-3.71087	-0	0.144385	-11.0838	-210	-4.79342	
0.691217	0	0.259658	5.75458	33.4309	1.68231	
-0.311891	-0	0.23339	-23.5586	30.5809	37.8838	
-0.262003	-0	0.234697	94.3811	-88.554	-78.4852	
-6.14537	-0	0.0806355	29.1583	-217.312	4.0773	
-4.78329	-0	0.116303	42.6692	-216.125	9.11258	
0.464803	0	0.253729	-76.2235	14.4844	-39.8153	
0.393937	0	0.251873	-10.8809	76.8817	-24.7937	
0.34808	0	0.250672	49.8633	55.4922	48.3936	
-5.12892	-0	0.107252	-13.2638	-171.548	-8.05234	
0.338078	0	0.25041	-63.0314	-15.7815	-51.7523	
-4.58114	-0	0.121596	11.8647	-148.598	1.6642	
-6.72729	-0	0.0653973	-16.1965	-200.876	-1.64122	
-6.45447	-0	0.0725414	9.98163	-175.567	0.409827	
-0.236441	-0	0.235366	2.75594	-39.5261	5.23936	
-5.23842	-0	0.104385	-15.9315	-173.297	-10.2813	
-0.226389	-0	0.235629	-98.5754	-71.5847	154.045	
-5.63782	-0	0.0939261	25.7585	-187.478	4.59064	
0.235922	0	0.247735	34.2324	7.39815	50.586	
17.5902	0	0.702173	-13.8336	264.689	6.62543	
-0.0867016	-0	0.239287	42.2164	-23.1067	-103.863	
0.130332	0	0.24497	32.5309	-15.4911	71.6714	
0.23453	0	0.247699	-88.6643	-19.7342	-98.4055	
-3.09956	-0	0.160393	38.209	-225.725	-4.1217	
-3.62932	-0	0.14652	19.3917	-198.36	1.7867	
-4.24613	-0	0.130369	-20.0139	-221.969	-23.4084	
-3.77687	-0	0.142657	13.6585	-202.673	-4.97665	
-3.56306	-0	0.148256	0.65602	-191.958	-22.0622	
-2.0722	-0	0.187295	0.683636	-184.636	-12.2346	
0.0143958	0	0.241935	16.7952	12.7244	100.743	
-0.309581	-0	0.233451	19.4856	-31.064	2.03476	
-0.0170601	-0	0.241111	-20.4506	34.3915	-8.10359	
-3.89376	-0	0.139596	16.1673	-157.133	10.2397	
0.24419	0	0.247952	-39.3208	-17.6605	-22.4624	
-1.21087	-0	0.20985	51.5636	-90.9375	-13.5882	
15.1033	0	0.637051	35.0132	188.773	1.86058	
0.400223	0	0.252038	91.8392	45.3362	58.4408	
0.545592	0	0.255844	56.387	35.5124	8.10409	
5.46459	0	0.384653	4.03726	217.472	-1.66643	
-5.63951	-0	0.0938819	35.2235	-187.149	8.71868	
-0.502357	-0	0.228403	40.295	-74.7493	-22.0368	
-0.241933	-0	0.235222	75.2003	32.6855	-69.0578	
-0.311547	-0	0.233399	-42.2673	-42.1348	65.7471	
-0.405108	-0	0.230949	-88.3977	-73.8697	43.3372	
-6.61399	-0	0.0683642	-2.28076	-198.52	14.267	
-3.37649	-0	0.153141	-15.2703	-121.432	8.1966	
-0.253468	-0	0.23492	29.5146	-81.3059	9.72383	
-4.31064	-0	0.128679	-13.3821	-204.884	-11.3353	
-5.98305	-0	0.0848858	14.896	-237.719	-7.32918	
-2.84895	-0	0.166955	11.5452	-214.368	-5.9425	
-2.09857	-0	0.186605	-39.1085	-233.802	-2.21393	
0.341545	0	0.250501	68.2485	77.9222	48.2895	
0.0178503	0	0.242025	-13.6392	20.089	15.8673	
-5.04734	-0	0.109388	-10.3864	-185.687	-15.9954	
0.135354	0	0.245102	-33.785	57.5126	-94.6692	
-2.39648	-0	0.178804	-59.6032	-193.887	-22.2448	
17.3878	0	0.696874	-27.2911	234.994	-5.58646	
0.0375261	0	0.24254	-3.671	22.8471	-13.1933	
-0.265078	-0	0.234616	89.1962	-2.00452	-126.802	
-0.418924	-0	0.230588	-157.861	-58.7458	81.9268	
-1.15915	-0	0.211204	25.4264	-164.005	-6.76004	
-0.204218	-0	0.23621	-13.521	-38.3182	2.33297	
-0.158953	-0	0.237395	-1.89201	-49.2552	-18.4785	
0.245939	0	0.247998	66.2887	35.0922	71.8407	
-6.70809	-0	0.0658999	39.1073	-193.167	-7.0651	
0.208685	0	0.247022	-82.5471	56.0825	-77.5223	
-0.43938	-0	0.230052	57.8214	2.3326	-10.0435	
0.392611	0	0.251838	-28.6469	84.6623	-15.0763	
-2.90527	-0	0.16548	-5.21568	-167.426	6.49909	
-1.85387	-0	0.193012	-40.4477	-196.616	6.72383	
-0.262579	-0	0.234682	39.7066	-99.1211	-38.3005	
-0.365111	-0	0.231997	38.1857	-60.8766	-54.7456	
-0.466852	-0	0.229333	-82.1243	0.0676541	56.5052	
-0.267194	-0	0.234561	131.596	-73.5374	-109.308	
0.0584479	0	0.243088	39.3416	23.6037	31.4662	
-4.35854	-0	0.127425	-20.6506	-202.17	-22.4344	
-2.5344	-0	0.175192	2.53042	-233.346	-19.3034	
0.132581	0	0.245029	-23.661	-15.6463	-57.2623	
0.154142	0	0.245594	24.1167	67.3618	31.1947	
-0.0788122	-0	0.239494	-5.73533	-2.63135	38.358	
-0.0665379	-0	0.239815	1.19047	9.16211	-17.825	
-4.60588	-0	0.120948	26.6165	-174.606	0.534805	
-0.18117	-0	0.236813	-7.61298	-27.865	-2.76798	
0.244018	0	0.247947	95.6274	36.4386	98.1018	
-3.20657	-0	0.157591	-13.5626	-188.697	9.9462	
6.96375	0	0.42391	40.8809	197.426	9.83365	
0.409743	0	0.252287	89.178	49.5211	35.6729	
-0.53012	-0	0.227676	70.6351	-61.0744	-24.1631	
0.234278	0	0.247692	-23.8942	-29.1101	-21.9542	
0.164499	0	0.245865	-109.258	-17.6122	-132.216	
-1.65158	-0	0.198309	-24.9245	-229.542	0.374787	
-0.414206	-0	0.230711	24.6871	-49.4159	-1.73368	
0.0259623	0	0.242237	1.43757	54.8359	77.0795	
-4.21124	-0	0.131282	-9.65362	-219.021	1.14531	
0.131551	0	0.245002	79.123	61.4942	99.643	
0.262914	0	0.248442	-57.2905	81.3962	-23.1735	
-3.06359	-0	0.161335	-0.709621	-195.672	1.30062	
-4.64757	-0	0.119857	17.5403	-198.491	-5.14456	
-0.16174	-0	0.237322	29.4407	-29.6061	-91.6444	
0.0527985	0	0.24294	-8.01487	-28.7173	23.163	
2.93891	0	0.318516	-16.3651	198.755	9.88016	
0.130564	0	0.244977	119.668	22.1321	184.604	
0.413938	0	0.252397	136.897	54.1021	66.4587	
0.162356	0	0.245809	-66.1762	28.9519	-106.062	
0.141416	0	0.245261	-41.4063	59.1824	-65.7321	
0.211326	0	0.247091	28.7905	47.7962	53.0437	
-4.29873	-0	0.128991	-12.7829	-181.101	-11.1002	
-0.38621	-0	0.231444	-88.8861	-94.7784	40.5868	
-5.27209	-0	0.103503	-15.3605	-155.612	2.30179	
-3.32013	-0	0.154617	81.5161	-167.498	8.09089	
-4.49647	-0	0.123813	-0.599844	-180.115	-7.68587	
7.26619	0	0.43183	-36.6099	227.156	5.48445	
-5.24793	-0	0.104136	-24.9829	-244.674	-4.87422	
-5.70909	-0	0.0920598	-30.0374	-197.62	-7.29894	
0.507946	0	0.254859	28.8111	18.2927	8.41984	
-5.40957	-0	0.099903	11.4492	-154.033	-0.971263	
-5.04258	-0	0.109513	-62.276	-163.372	-8.68421	
-3.61958	-0	0.146776	-1.17752	-219.854	-2.08263	
-3.50174	-0	0.149861	-55.636	-194.169	-8.12779	
-0.352027	-0	0.232339	-120.929	39.078	55.9032	
-0.171274	-0	0.237073	70.6549	-23.3508	-25.2892	
0.356737	0	0.250899	-28.7972	87.2054	-27.3038	
-0.176712	-0	0.23693	55.8191	-63.9475	-42.3359	
0.304237	0	0.249524	41.2456	49.106	27.687	
-5.31031	-0	0.102502	24.9797	-216.256	8.91079	
-7.75805	-0	0.038406	40.4649	-224.723	3.97473	
-0.0377585	-0	0.240569	19.5685	-11.402	-164.511	
0.177227	0	0.246198	-16.8117	-48.4381	-18.9128	
0.191879	0	0.246582	42.0509	86.7504	70.949	
-4.33508	-0	0.128039	-17.8338	-188.894	9.2341	
-5.23545	-0	0.104462	-24.0451	-161.514	14.8251	
0.221257	0	0.247351	-30.6664	52.9982	-2.97494	
-0.0738997	-0	0.239622	8.83665	39.0576	-40.8111	
-2.8188	-0	0.167745	-2.51979	-192.243	-3.22629	
0.0733694	0	0.243479	-16.8484	17.6809	5.78822	
0.443034	0	0.253159	66.8895	89.6622	44.3859	
-3.19534	-0	0.157885	-2.49376	-187.051	-0.180491	
-6.10448	-0	0.0817062	-11.3258	-184.305	-4.28383	
-0.248583	-0	0.235048	-51.7528	-54.8294	35.1691	
-0.383369	-0	0.231519	97.968	-80.2538	-56.425	
-3.67472	-0	0.145332	22.6502	-174.572	-5.75012	
0.205139	0	0.246929	35.5924	72.2591	45.7871	
-0.299992	-0	0.233702	20.5308	-36.6836	-9.05892	
-5.01987	-0	0.110108	-8.53737	-182.613	10.5389	
-0.101771	-0	0.238893	-47.7529	58.726	152.91	
-4.3773	-0	0.126934	6.85163	-225.606	12.7849	
-0.122455	-0	0.238351	-49.5626	34.7829	89.5469	
-0.174204	-0	0.236996	-75.6102	-90.2091	119.494	
0.134551	0	0.245081	-76.5457	-3.70432	-128.61	
-0.3505	-0	0.232379	-2.51267	-70.6579	38.0107	
0.262881	0	0.248441	-6.57974	55.3741	-18.7915	
-5.54142	-0	0.0964503	6.47272	-175.901	-19.3799	
-0.141263	-0	0.237858	-12.194	42.6357	-16.8128	
-1.90789	-0	0.191598	-52.3458	-168.098	1.9703	
-4.06069	-0	0.135225	56.0214	-182.1	1.73074	
-4.67889	-0	0.119036	85.8248	-179.147	-12.6683	
0.164051	0	0.245853	-26.2765	59.4718	-38.794	
0.466938	0	0.253785	-24.5743	54.317	-11.1328	
-0.386658	-0	0.231433	-67.5972	-58.7946	31.4481	
0.239128	0	0.247819	-126.523	55.3429	-108.537	
-6.04649	-0	0.0832245	34.3298	-199.594	-5.38066	
-4.22148	-0	0.131014	21.2068	-176.936	5.48681	
-0.223594	-0	0.235703	-125.458	-51.3936	102.262	
-4.61649	-0	0.12067	-21.7387	-173.104	10.4953	
-5.60589	-0	0.0947621	4.09152	-177.779	-20.1714	
-4.34488	-0	0.127783	16.8104	-201.226	-0.79336	
-4.65422	-0	0.119683	27.6475	-144.5	-3.36924	
-5.70393	-0	0.0921948	-0.550424	-216.241	-9.84861	
11.9612	0	0.554772	-41.9961	222.054	5.28341	
-0.305378	-0	0.233561	68.2148	37.333	-23.0483	
0.14055	0	0.245238	16.3628	24.9036	-8.9328	
-0.197663	-0	0.236382	16.8542	32.2921	-11.2151	
-0.269033	-0	0.234513	12.0309	-82.4566	18.0164	
-0.212309	-0	0.235998	86.8136	78.0139	-61.2393	
-6.13114	-0	0.081008	-20.9576	-229.167	-4.51446	
0.53913	0	0.255675	-132.368	-7.04995	-48.421	
-4.52013	-0	0.123194	-10.6684	-206.931	-2.87388	
-0.242111	-0	0.235218	71.5441	-25.8554	-77.0874	
-0.149403	-0	0.237645	58.4835	-56.8699	-140.024	
-5.45149	-0	0.0988053	-5.29048	-200.193	-2.3192	
0.263558	0	0.248459	17.2695	63.8286	24.913	
0.281235	0	0.248922	19.6419	-29.3686	33.5892	
0.149271	0	0.245466	-20.6662	-22.7408	-31.2575	
-0.495079	-0	0.228593	-136.874	11.7017	58.4402	
-0.338383	-0	0.232697	-91.6666	48.5913	67.5405	
0.360495	0	0.250997	37.2628	70.0654	7.05375	
-5.57712	-0	0.0955156	-12.7488	-184.143	3.40655	
0.192415	0	0.246596	98.5212	45.8878	127.398	
0.0372072	0	0.242532	11.0992	18.4991	-20.4014	
-5.88904	-0	0.0873476	-10.5257	-150.748	5.37338	
-5.19099	-0	0.105627	-38.167	-213.525	5.68422	
-0.273291	-0	0.234401	24.7702	-2.3567	-37.3415	
-2.76003	-0	0.169284	-18.2002	-217.528	-8.38667	
-5.0628	-0	0.108983	-7.89858	-197.686	-3.48064	
-5.72756	-0	0.091576	1.8376	-198.752	-4.29455	
-5.50572	-0	0.0973853	-32.0023	-171.735	2.7216	
0.399167	0	0.25201	69.5319	53.6371	15.5641	
-2.44223	-0	0.177605	21.224	-200.143	10.0552	
-5.68899	-0	0.0925861	21.4226	-215.561	-9.36001	
-7.12805	-0	0.0549029	17.2656	-202.764	-1.30937	
-0.0795704	-0	0.239474	-4.21827	3.04521	62.0151	
0.420237	0	0.252562	-124.39	81.3403	-61.0998	
0.474587	0	0.253985	-84.0542	81.182	-28.1544	
-0.27371	-0	0.23439	60.8788	-77.0974	-25.4905	
-2.17657	-0	0.184562	-23.8647	-228.197	11.0355	
-6.10193	-0	0.0817729	2.12523	-177.345	10.9085	
-4.12369	-0	0.133575	22.9056	-202.628	-6.55575	
0.271711	0	0.248673	72.4358	22.5654	99.8946	
-0.370892	-0	0.231845	111.043	36.7051	-63.9547	
0.420649	0	0.252573	105.827	82.8011	54.9003	
-5.605	-0	0.0947855	-29.527	-197.475	6.77982	
-0.0952314	-0	0.239064	-41.777	-37.7748	47.7481	
-0.050745	-0	0.240229	-4.32601	-17.0837	-158.278	
-0.295272	-0	0.233826	87.0207	-58.7072	-52.5372	
-0.486838	-0	0.228809	-7.16103	-47.2549	-9.17692	
-0.395341	-0	0.231205	27.5271	-66.7458	-15.3885	
-7.422	-0	0.0472055	-32.7096	-204.145	-4.93498	
0.078792	0	0.243621	53.1402	-38.9189	88.429	
-5.01667	-0	0.110191	20.3384	-170.64	13.8284	
-0.428543	-0	0.230336	53.4712	-83.5188	-38.3463	
0.391301	0	0.251804	19.3721	16.0053	-7.39126	
-0.0838182	-0	0.239363	-23.2908	26.1005	90.2371	
0.348131	0	0.250674	-30.0961	77.0694	-10.3394	
0.175416	0	0.246151	33.0994	-31.1375	-22.0233	
0.345245	0	0.250598	22.2408	71.0612	-2.22182	
-4.28542	-0	0.12934	8.34337	-174.401	8.07954	
-4.53793	-0	0.122728	6.88539	-171.477	-6.41355	
-2.15817	-0	0.185044	-67.2374	-192.691	7.41071	
-0.35545	-0	0.23225	41.9887	-75.4085	-11.2269	
-2.87938	-0	0.166158	6.46561	-185.136	-2.61789	
-5.64648	-0	0.0936992	-11.8843	-186.059	4.79896	
0.516263	0	0.255076	35.8416	88.0692	13.2556	
-0.205804	-0	0.236168	-93.6691	-25.141	124.398	
-4.19036	-0	0.131829	-15.5771	-229.51	1.92269	
-5.40231	-0	0.100093	42.7974	-160.237	-14.6007	
0.224638	0	0.24744	14.7445	67.5273	24.1457	
0.265375	0	0.248507	-81.3922	61.8988	-68.5379	
-5.01126	-0	0.110333	-20.8532	-177.126	9.17696	
-3.16754	-0	0.158613	-24.3097	-212.953	-12.8654	
-0.248698	-0	0.235045	-0.179669	-79.6005	-13.4272	
-0.335879	-0	0.232762	-25.3639	71.3006	44.5668	
0.48029	0	0.254134	-46.1633	53.2165	-41.9044	
0.160607	0	0.245763	4.17413	66.591	-0.970315	
-2.04321	-0	0.188054	-3.087	-177.826	-1.58855	
0.408867	0	0.252264	-4.36537	42.9644	4.22276	
0.183053	0	0.246351	109.854	-76.2867	112.238	
-6.92953	-0	0.0601014	64.8055	-196.747	13.5698	
-5.88855	-0	0.0873605	49.1509	-206.282	9.82285	
0.399099	0	0.252008	13.5614	44.1522	35.5548	
-3.47117	-0	0.150662	-5.40857	-196.538	-21.9683	
0.451861	0	0.25339	-103.007	3.60841	-52.4189	
-5.52849	-0	0.0967891	-67.4479	-194.184	-3.11778	
-0.240437	-0	0.235262	-22.0239	-33.2925	67.6886	
-3.62772	-0	0.146562	40.1138	-196.39	-7.33659	
0.0701716	0	0.243395	18.4833	54.0174	98.298	
-4.16118	-0	0.132593	18.0211	-213.13	9.73075	
-0.146305	-0	0.237726	21.4032	-59.814	29.3727	
0.427316	0	0.252747	69.3091	42.0211	19.2545	
-5.95554	-0	0.0856062	16.9023	-154.539	3.30752	
-0.303986	-0	0.233597	-106.209	-96.9752	78.9516	
0.449221	0	0.253321	97.3259	94.6123	53.9341	
0.250884	0	0.248127	-64.6678	58.1	-52.1116	
-2.75717	-0	0.169358	-8.18585	-202.264	6.33387	
0.26226	0	0.248425	82.4403	59.2545	78.8987	
0.156168	0	0.245647	51.0954	52.2342	118.351	
0.147944	0	0.245432	-90.9331	58.9488	-170.446	
3.90247	0	0.343747	52.6693	199.024	11.2879	
-0.184779	-0	0.236719	10.6616	25.9636	25.0266	
-2.65864	-0	0.171939	-11.3834	-196.959	0.198004	
-3.49662	-0	0.149995	-47.6865	-161.406	10.5893	
-2.7383	-0	0.169853	53.3917	-154.121	-1.54115	
-0.30725	-0	0.233512	-12.1803	1.67065	21.3264	
-4.63037	-0	0.120307	50.9426	-180.474	3.67937	
-0.0753305	-0	0.239585	25.5695	0.196653	-119.974	
-4.80997	-0	0.115604	-26.1519	-188.834	-0.148997	
-3.26804	-0	0.155981	-43.8824	-168.286	14.5065	
0.156125	0	0.245646	-82.9768	20.3027	-163.033	
-5.83836	-0	0.0886747	7.58834	-153.444	-4.97018	
-0.275551	-0	0.234342	110.214	-65.276	-98.4402	
-2.27927	-0	0.181873	-2.99795	-159.798	8.20084	
-3.52268	-0	0.149313	-16.4965	-161.958	5.79071	
-0.0868521	-0	0.239283	-47.5214	-21.3937	41.3706	
0.368604	0	0.25121	-0.601739	77.8174	2.95537	
-6.28703	-0	0.0769258	-1.59793	-162.314	-4.75416	
0.00730173	0	0.241749	6.67094	20.795	54.0189	
9.78436	0	0.49777	-5.93919	234.708	-5.24965	
-3.64101	-0	0.146214	1.38672	-208.1	-19.4582	
5.52254	0	0.38617	-2.53696	178.98	-1.9552	
-4.89732	-0	0.113317	16.7095	-197.053	-2.45618	
-6.34093	-0	0.0755144	-35.4872	-139.656	6.11481	
-6.05634	-0	0.0829666	59.1242	-186.063	-0.617446	
-0.108539	-0	0.238715	-61.9066	-28.6542	136.528	
-0.225215	-0	0.23566	12.3273	-9.30137	-38.6216	
0.450111	0	0.253344	136.643	69.4513	55.5237	
-2.22076	-0	0.183405	27.1326	-193.502	-13.2766	
-5.12149	-0	0.107447	-4.06195	-168.381	10.769	
-3.51626	-0	0.149481	-28.896	-180.856	-3.75856	
-6.01726	-0	0.08399	15.7032	-178.918	7.87762	
-0.0719236	-0	0.239674	34.072	-25.7438	-72.0243	
-6.85893	-0	0.0619501	16.7753	-217.181	-2.99098	
-5.16045	-0	0.106426	-12.3345	-180.564	2.48847	
0.239594	0	0.247832	97.6998	71.8799	112.231	
-3.47434	-0	0.150579	-14.7173	-170.228	18.1527	
-0.340582	-0	0.232639	-85.2815	-32.479	28.5562	
0.398307	0	0.251988	-77.2069	43.4986	-41.2043	
0.179262	0	0.246252	54.9301	21.4815	39.8651	
0.175208	0	0.246146	12.0401	-11.8121	1.42367	
0.321439	0	0.249975	-21.1203	37.1944	-27.7959	
0.180765	0	0.246291	151.359	33.2581	156.883	
-2.3973	-0	0.178782	-42.3563	-176.1	11.0456	
-2.91388	-0	0.165255	-58.9775	-213.246	8.83521	
0.38135	0	0.251544	49.472	71.8177	51.8587	
-0.233027	-0	0.235456	95.4049	-38.0026	-100.927	
-6.6447	-0	0.0675599	-16.4772	-206.658	1.83685	
-4.41317	-0	0.125995	-31.1893	-222.995	-9.64025	
-5.46248	-0	0.0985175	2.83801	-213.192	-8.9269	
-1.6953	-0	0.197165	4.40922	-144.774	5.11898	
0.113959	0	0.244542	-48.2418	-8.50313	-89.7133	
-0.377749	-0	0.231666	-10.421	-55.9502	20.5654	
0.218328	0	0.247275	124.193	40.0498	148.861	
0.364292	0	0.251097	71.3651	57.7319	80.6263	
-0.191102	-0	0.236553	-4.72229	10.0483	-13.4247	
-5.31162	-0	0.102468	-11.2124	-192.569	-0.950087	
-0.332868	-0	0.232841	-49.8802	-92.0264	28.0151	
-3.98201	-0	0.137285	6.86352	-189.346	-0.802215	
-0.311121	-0	0.233411	27.2127	-46.6058	36.9671	
0.417389	0	0.252487	25.4403	97.9092	13.6663	
-2.7205	-0	0.170319	-27.5885	-205.065	6.59354	
24.8081	0	0.891182	-7.75282	229.212	1.88828	
-2.43104	-0	0.177898	2.59506	-185.116	-8.37759	
0.0368706	0	0.242523	29.6161	9.03951	104.924	
-0.2163	-0	0.235894	-110.682	-49.7059	86.14	
-2.37643	-0	0.179329	3.64258	-227.854	14.3785	
-5.98266	-0	0.0848962	33.7368	-188.734	-8.76897	
-0.199499	-0	0.236334	-30.0081	-69.2529	-6.1511	
-0.303277	-0	0.233616	22.5996	-45.6858	32.0349	
-0.371265	-0	0.231836	-17.5105	-65.0307	9.60608	
-0.180766	-0	0.236824	-10.502	-35.8189	52.4032	
-4.54272	-0	0.122602	-25.7683	-179.977	0.194095	
-6.75372	-0	0.0647052	-13.2519	-194.184	6.25087	
-2.70945	-0	0.170608	36.9514	-193.734	2.85218	
-0.362972	-0	0.232053	-52.8876	-74.6147	28.4762	
-5.44542	-0	0.0989643	-25.0124	-190.19	9.24356	
0.382819	0	0.251582	81.8464	39.0145	33.2381	
-0.129615	-0	0.238163	-62.3504	-40.8215	152.822	
-0.256616	-0	0.234838	98.5919	-63.73	-41.8416	
-6.28832	-0	0.0768921	-24.4633	-174.888	-8.99397	
-0.407736	-0	0.230881	64.7633	-59.9293	-17.4766	
-4.71301	-0	0.118143	47.0628	-226.355	-1.26713	
-6.32246	-0	0.0759981	-55.3193	-194.561	4.54672	
-2.55002	-0	0.174783	9.81751	-192.288	-11.9149	
0.308033	0	0.249624	90.0322	-70.4296	55.6892	
-0.592324	-0	0.226047	49.3467	-63.7022	-28.7759	
0.184086	0	0.246378	-76.0793	21.0561	-88.7054	
-3.99542	-0	0.136934	-7.4167	-185.262	-6.8067	
-0.0254686	-0	0.240891	-27.9903	-21.3691	208.365	
-0.154497	-0	0.237512	33.6091	-15.5208	-1.39441	
-0.0917869	-0	0.239154	-21.1454	-49.2703	146.792	
-6.21556	-0	0.0787975	31.9888	-167.678	-9.50204	
-6.76196	-0	0.0644893	28.5097	-188.361	-6.74129	
-3.19337	-0	0.157936	9.44622	-162.443	-0.445368	
12.8238	0	0.57736	-20.0963	202.737	1.67594	
-3.54157	-0	0.148818	0.74487	-222.532	-14.2158	
-0.449679	-0	0.229782	136.035	-32.7033	-58.7144	
-2.49986	-0	0.176096	37.678	-183.079	-4.69003	
-5.98269	-0	0.0848953	-1.27819	-148.95	0.410161	
-2.49966	-0	0.176102	-8.09396	-197.887	-5.71728	
-0.221215	-0	0.235765	-152.446	51.4629	98.8937	
0.385542	0	0.251653	146.367	37.7764	61.3657	
-4.37743	-0	0.126931	-35.0139	-148.323	0.31513	
0.566313	0	0.256387	117.441	26.8468	54.7054	
0.158866	0	0.245718	-42.541	67.9188	-62.221	
0.366888	0	0.251165	5.03907	69.8185	-17.1349	
-3.71139	-0	0.144371	4.1419	-206.781	1.72374	
-0.10174	-0	0.238893	-26.7639	29.1895	94.0407	
0.369264	0	0.251227	-0.466175	-0.640423	-25.7515	
-0.407873	-0	0.230877	27.8921	-95.3642	-28.8142	
-0.126967	-0	0.238233	-56.0903	-3.9865	38.146	
-4.473	-0	0.124428	19.7598	-213.27	3.55049	
0.220636	0	0.247335	-3.38097	64.3075	18.3847	
-3.86909	-0	0.140242	25.7094	-190.709	-2.39674	
0.00596486	0	0.241714	6.12354	2.12636	-68.4734	
-3.47878	-0	0.150463	48.3031	-200.388	1.77073	
-0.36004	-0	0.23213	63.4612	-22.9047	-14.7927	
-4.51896	-0	0.123225	35.2612	-154.604	-1.92631	
-0.220859	-0	0.235774	-65.9298	48.1758	41.0295	
-0.144096	-0	0.237784	-56.2803	-57.371	102.461	
-0.476166	-0	0.229089	-102.896	-65.7902	49.6495	
-5.58958	-0	0.0951892	19.8385	-200.339	0.41932	
0.181393	0	0.246308	7.80255	59.9399	-19.7144	
0.219448	0	0.247304	24.1856	17.8966	-18.5011	
0.165655	0	0.245895	-51.3811	74.8133	-91.9405	
0.108996	0	0.244412	58.0842	30.6472	90.2158	
-0.600234	-0	0.22584	61.2611	15.2181	-3.50837	
-0.155001	-0	0.237499	-11.541	-49.2501	27.3654	
-4.305	-0	0.128827	-14.8931	-197.578	-1.96401	
-3.92197	-0	0.138857	14.8988	-186.277	-17.6607	
-6.28107	-0	0.077082	32.4791	-210.602	4.33479	
0.0593686	0	0.243112	-16.4997	40.6695	-102.511	
-0.225049	-0	0.235664	59.1815	-24.8113	-13.8526	
-0.520844	-0	0.227919	59.71	-77.1756	-41.7645	
-0.443206	-0	0.229952	-123.047	-49.1601	36.6343	
-4.8342	-0	0.11497	30.2462	-132.035	-1.49604	
-6.59436	-0	0.0688782	20.88	-171.439	8.67139	
-3.30989	-0	0.154885	0.448553	-211.38	2.95589	
-3.97408	-0	0.137493	-25.6286	-220.601	-3.71801	
-2.89756	-0	0.165682	-30.1321	-205.481	8.68587	
-0.145779	-0	0.23774	43.7953	-40.4357	-32.3669	
-5.39433	-0	0.100302	-53.2238	-217.052	10.0637	
-0.241002	-0	0.235247	-3.14758	21.5433	-51.8253	
0.293644	0	0.249247	14.6726	80.961	-0.0947058	
-0.378504	-0	0.231646	-39.9125	-23.359	-3.35628	
-0.435507	-0	0.230153	59.2359	-83.3741	-22.5135	
0.249018	0	0.248078	-1.54423	2.2728	-45.0259	
-3.4109	-0	0.15224	24.9828	-184.372	11.4422	
-2.32739	-0	0.180613	51.1354	-228.243	0.667364	
-0.0707481	-0	0.239705	-18.2516	17.588	157.197	
-4.90746	-0	0.113051	1.77738	-192.242	5.01557	
-0.159123	-0	0.237391	55.6518	-62.0206	-67.2435	
0.413432	0	0.252384	108.896	30.242	60.2253	
-1.57584	-0	0.200293	-31.6553	-192.531	-12.8379	
-0.390502	-0	0.231332	-79.0862	-65.0117	41.3454	
0.394065	0	0.251877	46.0749	57.8332	15.9194	
0.133873	0	0.245063	-37.8681	74.6409	-76.8344	
-6.52221	-0	0.0707676	23.0926	-202.478	-4.93226	
-0.144864	-0	0.237764	65.3157	-8.99525	23.731	
-2.81974	-0	0.16772	-64.28	-206.031	2.51469	
-1.9221	-0	0.191226	49.1034	-234.135	4.92939	
-2.0908	-0	0.186808	-23.1122	-215.218	-3.68618	
-0.0248294	-0	0.240907	-17.8795	39.2405	-17.2182	
-0.270039	-0	0.234486	-97.9834	-99.5514	102.641	
-0.200607	-0	0.236304	82.5379	-78.7131	-120.2	
0.556747	0	0.256136	30.6114	66.1705	11.1857	
-2.29882	-0	0.181361	-59.3478	-206.288	0.01531	
-0.108619	-0	0.238713	-16.0256	-58.3244	8.8083	
-7.21855	-0	0.0525332	-32.9122	-176.297	6.56864	
-3.60859	-0	0.147063	-27.0861	-172.038	5.56183	
-4.15404	-0	0.13278	3.0237	-167.76	0.0913242	
-4.79154	-0	0.116087	-3.9495	-173.49	-1.26683	
-0.123882	-0	0.238314	4.43809	-64.7524	-56.3915	
-6.03729	-0	0.0834655	-36.7204	-183.072	-5.66955	
0.205629	0	0.246942	39.854	31.363	70.1398	
-2.94042	-0	0.16456	32.9775	-210.23	4.78912	
-1.70305	-0	0.196962	-15.0507	-153.834	-4.93332	
-0.173819	-0	0.237006	-17.5676	70.9944	3.5601	
-4.50825	-0	0.123505	-53.1222	-174.382	1.45157	
0.0646817	0	0.243251	55.7017	3.81297	66.2959	
-5.42501	-0	0.0994986	-112.479	-221.616	-6.87978	
18.3557	0	0.722219	-26.3758	240.625	2.97681	
-2.60029	-0	0.173467	12.5519	-224.664	0.0472118	
-0.31818	-0	0.233226	11.1786	-81.9935	-5.38427	
-3.23283	-0	0.156903	-0.905125	-168.17	-10.3879	
-6.68707	-0	0.0664506	13.3405	-184.229	-13.0745	
-4.40364	-0	0.126244	4.42887	-217.274	3.06575	
0.15575	0	0.245636	-111.072	16.5347	-156.641	
-0.533132	-0	0.227597	5.94061	-41.6111	-22.7725	
5.44997	0	0.38427	-25.4797	179.66	0.121596	
0.33427	0	0.250311	-174.909	29.9706	-107.635	
0.0834685	0	0.243743	-25.4152	-5.13466	22.7919	
-2.29564	-0	0.181444	-8.99662	-178.762	1.80109	
-0.340373	-0	0.232645	57.5869	-53.6164	-66.1735	
22.8622	0	0.840227	5.37344	261.317	1.76935	
-0.0841826	-0	0.239353	-41.1828	-41.0668	83.8138	
-0.198907	-0	0.236349	-36.1956	-70.1194	22.99	
-3.18475	-0	0.158162	1.15172	-151.649	2.71029	
-0.0852294	-0	0.239326	21.6611	30.4736	-60.8544	
-0.244526	-0	0.235154	35.3752	25.4845	-6.25376	
-0.326543	-0	0.233007	4.84381	-93.4728	-10.7736	
0.122014	0	0.244753	-46.0892	24.8126	-19.6614	
0.376561	0	0.251418	-130.476	-4.46808	-92.0831	
0.246887	0	0.248023	39.6346	23.2637	23.3091	
16.762	0	0.680486	-16.3921	217.384	-5.00718	
6.00965	0	0.398926	-2.58278	200.396	-5.69725	
-5.30265	-0	0.102703	57.2387	-197.994	-2.98515	
-0.18625	-0	0.23668	-7.48628	-39.9187	49.7898	
-0.300405	-0	0.233691	120.004	-65.6068	-95.3447	
-0.144962	-0	0.237762	61.0677	-68.3364	-107.155	
-0.167688	-0	0.237166	59.1211	-32.8871	-60.7072	
-0.236623	-0	0.235361	-36.1446	21.7209	6.97972	
-0.0898368	-0	0.239205	21.9393	26.4937	-87.3486	
-6.27253	-0	0.0773055	-34.7808	-194.162	-14.8381	
-2.08757	-0	0.186893	-92.5709	-208.738	3.38041	
-4.34686	-0	0.127731	-38.5933	-187.945	-3.79753	
15.4541	0	0.646238	26.5057	211.558	0.951064	
-4.79623	-0	0.115964	-30.9855	-175.269	-9.5439	
-0.0797374	-0	0.23947	14.3513	24.0524	35.6363	
0.358913	0	0.250956	64.0116	65.3047	24.2554	
0.4201	0	0.252558	43.9301	81.9035	19.7727	
0.2566	0	0.248277	139.325	56.54	132.362	
0.354866	0	0.25085	-73.6054	38.4338	-75.317	
0.137596	0	0.245161	57.8496	-67.646	115.892	
0.221396	0	0.247355	-8.92976	71.5129	-16.8748	
0.31719	0	0.249863	2.00643	62.5005	-20.5445	
-0.45285	-0	0.229699	-83.3525	-79.8642	28.3532	
-4.29213	-0	0.129164	8.32706	-152.841	3.1265	
0.0955687	0	0.24406	32.3874	41.0127	134.26	
-4.25161	-0	0.130225	-0.863043	-173.625	8.24395	
-0.180475	-0	0.236832	-43.6871	-29.0861	17.8305	
-0.287247	-0	0.234036	47.5226	-32.9377	-3.05251	
-3.11047	-0	0.160107	-25.2922	-216.127	-18.5105	
0.227816	0	0.247523	-75.8487	62.5983	-103.745	
-5.06925	-0	0.108815	41.9248	-172.038	-18.0826	
-0.0366433	-0	0.240598	-25.2289	-7.76824	5.65752	
-2.53952	-0	0.175058	-20.4868	-206.14	2.86277	
0.234507	0	0.247698	22.628	33.7843	72.6776	
0.195609	0	0.24668	9.09121	85.8743	6.66422	
-0.16753	-0	0.237171	20.7347	-37.9074	17.4383	
0.191752	0	0.246579	-52.8671	43.6329	-110.025	
-3.51752	-0	0.149448	-78.2506	-174.866	10.4744	
-4.51143	-0	0.123422	38.6844	-184.286	19.1019	
-3.58366	-0	0.147716	-27.0361	-193.529	-0.283323	
-3.84826	-0	0.140787	-22.1748	-183.658	2.00035	
-5.55019	-0	0.0962206	-2.11598	-221.789	12.7827	
-3.42521	-0	0.151865	-10.1404	-199.81	12.3961	
-2.41096	-0	0.178424	-13.8253	-184.063	-7.80662	
-0.0626746	-0	0.239916	42.7122	0.284389	-81.7654	
-3.60668	-0	0.147113	57.4802	-185.021	2.74182	
-5.92817	-0	0.086323	6.06025	-196.048	-7.85642	
-3.10401	-0	0.160276	-43.0054	-176.647	9.13736	
-2.95901	-0	0.164073	-61.2184	-176.416	-2.28225	
-3.26779	-0	0.155988	5.31432	-151.135	0.763654	
-5.58172	-0	0.0953952	-30.224	-203.698	1.28003	
-4.76801	-0	0.116703	25.2427	-199.322	-7.98121	
7.93735	0	0.449404	11.4382	210.307	-1.8515	
0.0319631	0	0.242395	-7.20624	14.8076	-13.2237	
-0.549197	-0	0.227176	-62.8184	-49.8402	8.42602	
0.228387	0	0.247538	123.14	23.0481	57.8648	
17.9713	0	0.712153	6.21677	240.074	6.45429	
-0.699274	-0	0.223246	62.405	-35.1982	-21.1882	
-4.26566	-0	0.129857	-19.7124	-164.308	-2.00564	
0.479569	0	0.254116	89.0656	69.2189	66.2858	
0.261923	0	0.248416	3.07426	-78.4009	-3.56435	
-0.171982	-0	0.237054	-11.9353	-69.9391	-8.92017	
-2.59426	-0	0.173624	51.3312	-202.106	-8.24984	
-0.304687	-0	0.233579	-84.5346	-76.397	31.6323	
0.512781	0	0.254985	60.8261	59.7671	25.9625	
-3.94941	-0	0.138139	14.8236	-152.674	3.7078	
0.317426	0	0.24987	-93.98	42.7121	-65.9258	
-0.19915	-0	0.236343	64.5882	-81.5421	-90.2733	
-0.305773	-0	0.233551	129.264	-82.2122	-100.785	
0.284605	0	0.24901	-107.726	64.7855	-65.862	
0.100366	0	0.244186	-24.8367	42.134	-1.92423	
0.0979661	0	0.244123	21.9181	74.7787	-0.874537	
-4.06196	-0	0.135191	-12.0986	-194.597	-4.23293	
-2.95141	-0	0.164272	35.6727	-185.064	6.5722	
0.0814042	0	0.243689	-23.7413	13.5191	-70.9765	
-0.311216	-0	0.233408	-99.8127	-63.8675	95.1849	
0.33441	0	0.250314	-110.011	50.8832	-122.661	
-4.48459	-0	0.124124	-21.4907	-199.16	8.50623	
0.252591	0	0.248172	-97.8515	64.2917	-69.4796	
0.146811	0	0.245402	16.0624	34.4084	10.1321	
0.114833	0	0.244565	82.4581	62.9811	146.423	
-0.309296	-0	0.233458	-109.246	12.6181	94.771	
-0.184279	-0	0.236732	-117.222	-50.3445	116.99	
15.6758	0	0.652043	17.8868	227.776	-5.95413	
-7.05298	-0	0.0568688	-1.19696	-200.284	3.39714	
-6.20004	-0	0.0792039	22.5715	-173.052	3.07139	
-0.0389786	-0	0.240537	20.4154	34.3815	-132.351	
-0.353932	-0	0.23229	-79.3869	-42.8609	39.7705	
-4.03737	-0	0.135835	-23.2298	-182.876	-10.6452	
-0.422563	-0	0.230492	-61.877	-42.5163	63.7101	
-5.23248	-0	0.10454	14.5093	-182.697	-9.80692	
-0.224049	-0	0.235691	-28.5609	-25.5558	36.176	
19.389	0	0.749275	-33.7732	243.112	-4.00231	
-2.83236	-0	0.16739	-0.444135	-212.803	-11.1263	
-0.230218	-0	0.235529	52.6305	-65.818	-16.9109	
-0.214341	-0	0.235945	-111.121	-43.8925	105.449	
-0.147455	-0	0.237696	-106.977	11.9765	100.13	
-0.217924	-0	0.235851	64.8501	-80.6408	-57.477	
-0.123582	-0	0.238321	-20.7231	-67.9775	15.7467	
-0.485537	-0	0.228843	-2.86592	-67.7122	-18.4173	
-0.201952	-0	0.236269	-4.42277	-8.2464	-12.6869	
-0.482677	-0	0.228918	-77.2901	-9.31199	44.2764	
-1.61941	-0	0.199152	-90.6747	-197.751	-8.81746	
-3.31567	-0	0.154734	-6.22109	-185.672	-4.69478	
0.173223	0	0.246094	15.3808	50.1526	40.8838	
-5.287	-0	0.103113	-28.0107	-173.821	4.21905	
-0.305058	-0	0.233569	151.058	-24.9402	-117.431	
0.252125	0	0.24816	-87.3933	61.5606	-69.824	
-0.0587673	-0	0.240019	66.0712	-42.8541	-199.197	
-6.18965	-0	0.0794758	-16.5091	-198.624	-3.9048	
-0.121423	-0	0.238378	-20.4272	-34.9533	61.3457	
9.91326	0	0.501145	-19.2638	212.065	-1.10578	
-0.313216	-0	0.233356	140.496	-54.1632	-86.5873	
0.166594	0	0.24592	-76.5759	29.4445	-166.296	
-5.32749	-0	0.102052	37.7405	-213.831	0.537871	
-0.165163	-0	0.237233	42.8572	63.6131	-62.7464	
0.265758	0	0.248517	-34.9422	56.4303	-17.2747	
-5.49019	-0	0.0977918	-33.1107	-229.255	8.12388	
-2.41343	-0	0.17836	28.8697	-181.544	0.33448	
-5.32263	-0	0.10218	6.81693	-208.923	-9.19646	
0.574227	0	0.256594	-22.9436	55.5655	-7.46611	
-6.19108	-0	0.0794386	-4.79345	-189.972	-0.0237716	
0.0412036	0	0.242637	-7.80014	-5.96642	-194.217	
-5.65144	-0	0.0935693	20.6723	-201.31	-10.6473	
-3.2854	-0	0.155526	42.33	-197.344	-6.60447	
-2.46799	-0	0.176931	29.5742	-159.741	4.56954	
-4.771	-0	0.116625	1.73216	-174.901	-4.12403	
-0.178347	-0	0.236887	65.0998	-15.6173	-82.8764	
0.291415	0	0.249189	-31.3199	49.0699	-23.3594	
0.192727	0	0.246604	33.4522	-44.0568	39.9737	
0.226282	0	0.247483	15.4428	68.2466	44.932	
-0.574807	-0	0.226506	-85.922	-55.2522	18.4127	
-0.187314	-0	0.236653	72.9474	-45.6783	-17.3566	
-4.96355	-0	0.111582	-30.7762	-166.733	12.9885	
0.274532	0	0.248746	-38.5727	39.1321	-30.8048	
0.299278	0	0.249394	-35.961	93.908	-41.9522	
-3.72719	-0	0.143958	8.32758	-166.235	5.19455	
-0.450663	-0	0.229757	-28.1181	36.059	21.1126	
0.280287	0	0.248897	-36.717	85.75	-7.96433	
0.375185	0	0.251382	-34.8576	64.9658	-31.5527	
-4.57838	-0	0.121669	-38.9228	-218.841	-11.3705	
-0.223549	-0	0.235704	-50.1163	-64.0317	64.2266	
3.43356	0	0.331468	-33.7422	171.655	13.2334	
-3.16431	-0	0.158697	-7.86729	-154.827	4.30989	
0.143192	0	0.245307	2.78844	-33.8193	93.0118	
-0.163303	-0	0.237281	-75.1287	40.0449	40.3663	
0.248238	0	0.248058	6.75116	63.3382	13.6746	
15.1454	0	0.638154	-15.931	235.184	-1.51737	
-0.184425	-0	0.236728	87.8576	-9.50317	-92.7301	
-5.9113	-0	0.0867649	17.4023	-190.207	-6.85581	
-2.91516	-0	0.165221	28.7902	-203.925	-6.37295	
0.0693134	0	0.243373	46.7572	-62.3065	126.774	
0.0532467	0	0.242952	-1.38782	42.334	16.1304	
0.379907	0	0.251506	9.8743	89.7673	8.14026	
0.336637	0	0.250373	-95.444	48.0296	-31.7438	
0.506142	0	0.254811	20.5862	23.8203	25.614	
16.3656	0	0.670106	-2.89417	245.478	-4.22098	
-3.29675	-0	0.155229	-11.7456	-207.162	13.0023	
-0.0880196	-0	0.239253	53.9527	-1.4873	-61.0786	
-6.01851	-0	0.0839574	29.0196	-219.322	-13.5726	
0.219846	0	0.247314	10.0352	89.5038	16.3081	
0.509863	0	0.254909	-40.1996	60.3757	-30.6541	
0.101914	0	0.244226	35.1411	39.7479	115.033	
0.535121	0	0.25557	-1.20886	26.9242	22.1904	
-0.218509	-0	0.235836	47.0842	-74.0605	-35.102	
-0.270031	-0	0.234487	-30.7257	-84.8812	20.3804	
-2.11738	-0	0.186112	-8.34809	-179.96	-1.43471	
0.1629	0	0.245823	7.29923	-45.7271	-19.9822	
0.0709615	0	0.243416	-19.7351	-7.0058	37.3586	
-0.301928	-0	0.233651	146.639	-44.5174	-107.987	
0.345907	0	0.250615	4.41066	55.5693	-0.202654	
0.0413937	0	0.242642	-29.7553	28.6126	-65.5469	
-3.764	-0	0.142994	46.5782	-168.337	-13.3626	
0.120075	0	0.244702	7.20162	49.8231	15.9347	
-0.0620397	-0	0.239933	-17.7013	8.33684	185.739	
0.266059	0	0.248525	-13.0518	-38.8146	-44.4656	
-0.261786	-0	0.234702	139.013	-4.00263	-93.5586	
0.126477	0	0.244869	106.789	81.5899	169.275	
-5.27668	-0	0.103383	-14.5596	-195.898	-8.41715	
-0.30789	-0	0.233495	-135.767	-30.848	88.0346	
-0.113791	-0	0.238578	41.619	-53.7314	-82.7717	
0.380024	0	0.251509	102.324	88.6992	53.549	
0.39335	0	0.251858	10.7345	-34.9397	6.65807	
0.287845	0	0.249095	38.159	76.0713	-8.84602	
-0.679578	-0	0.223762	20.0054	-80.0061	-5.05213	
-3.39426	-0	0.152676	7.56609	-195.264	10.2918	
-0.29035	-0	0.233954	35.5643	-43.0104	-32.2174	
-3.87023	-0	0.140212	-10.0631	-174.474	-3.55442	
-6.86803	-0	0.0617119	-13.2961	-209.3	-1.42594	
0.0670071	0	0.243312	-36.5856	-41.1218	-93.3504	
-2.83185	-0	0.167403	2.87576	-195.696	-2.31513	
-5.52882	-0	0.0967803	-18.1143	-179.79	11.6317	
-5.52399	-0	0.0969069	0.88307	-239.22	-13.9043	
-0.24751	-0	0.235076	-45.0485	81.7433	54.6766	
-0.0914516	-0	0.239163	-16.7784	-16.2001	15.4142	
0.219347	0	0.247301	-67.1519	71.8942	-73.3652	
0.189438	0	0.246518	-30.0757	67.4571	-44.3528	
0.131258	0	0.244995	-101.228	-35.6925	-177.801	
-0.437994	-0	0.230088	66.8245	-58.2826	-53.2613	
0.452923	0	0.253418	55.1932	64.9563	19.5969	
-0.27822	-0	0.234272	19.889	-47.4426	-2.06461	
-0.128103	-0	0.238203	52.3034	-50.3999	-101.26	
-7.19758	-0	0.0530824	-41.5256	-222.504	-21.1311	
-5.03801	-0	0.109633	6.19	-191.07	-14.4399	
-0.116131	-0	0.238517	-26.5803	-2.19511	110.097	
0.148014	0	0.245433	-43.7519	81.8049	-30.519	
-0.155967	-0	0.237473	-94.567	-16.4052	101.594	
-3.33274	-0	0.154287	13.9095	-184.114	4.84661	
-0.474573	-0	0.22913	-42.2221	-41.9903	35.1097	
-0.321702	-0	0.233134	20.115	-59.7829	-14.0159	
-5.81111	-0	0.0893882	-33.1318	-179.493	1.36868	
-7.54586	-0	0.0439622	34.7564	-178.138	-14.5743	
-1.97737	-0	0.189778	-83.5921	-117.974	12.3365	
-2.35337	-0	0.179932	85.2251	-188.971	-12.1002	
0.280878	0	0.248913	-72.5404	73.8811	-48.2614	
-0.328228	-0	0.232963	99.2355	-74.2259	-60.7923	
-5.23071	-0	0.104587	-13.3959	-142.025	-8.50475	
0.0519604	0	0.242918	41.4702	48.2323	83.2116	
-0.126563	-0	0.238243	11.149	-66.6325	-41.6498	
-0.277576	-0	0.234289	-34.805	-80.0417	34.0662	
-0.175371	-0	0.236965	3.21588	-11.6657	-31.6068	
-0.117136	-0	0.23849	-49.9206	-50.5641	181.574	
-2.30961	-0	0.181078	-45.9951	-212.42	13.5298	
-2.81852	-0	0.167752	21.6155	-203.622	6.15895	
-0.0926201	-0	0.239132	-7.69168	-31.9603	92.7245	
-4.92387	-0	0.112622	25.9001	-211.466	-0.391186	
-3.17148	-0	0.158509	-23.184	-183.418	-11.5123	
0.0855383	0	0.243797	0.394549	5.68243	80.3629	
-2.86369	-0	0.166569	-1.99688	-210.313	2.62844	
8.2439	0	0.457432	-0.239679	199.162	8.01317	
-0.23135	-0	0.235499	-46.196	-28.5275	74.892	
-0.154085	-0	0.237523	-30.0458	44.6796	8.84516	
-0.155269	-0	0.237492	2.66083	-56.4233	46.1925	
15.9664	0	0.659652	13.281	223.63	11.9324	
-0.247915	-0	0.235066	55.0897	-71.4638	-85.5945	
0.581812	0	0.256793	-98.5415	57.5848	-42.3196	
-5.69218	-0	0.0925026	-18.2535	-216.822	-0.194699	
-6.53632	-0	0.0703979	15.037	-190.203	-4.30727	
0.40259	0	0.2521	33.6126	80.6117	31.0502	
0.0964788	0	0.244084	-41.7189	40.2283	-130.014	
-7.25301	-0	0.0516309	37.1941	-178.042	-0.775089	
0.135327	0	0.245101	-15.8487	22.9214	-73.3185	
-5.33423	-0	0.101876	35.7341	-151.593	-2.91803	
-0.043478	-0	0.240419	9.48215	-36.4843	100.738	
-6.22576	-0	0.0785302	58.2361	-148.683	4.41744	
-0.026175	-0	0.240872	29.3889	36.6336	-169.819	
-4.10858	-0	0.133971	27.5463	-176.679	-8.42158	
-6.06289	-0	0.0827952	-51.5015	-201.771	-2.73302	
-0.314084	-0	0.233333	-14.3955	-84.1683	27.3819	
-4.02235	-0	0.136229	-83.4675	-183.958	15.5843	
-0.168399	-0	0.237148	-21.17	-45.3368	62.9758	
-0.11914	-0	0.238438	-34.2854	25.3505	33.3915	
-3.09729	-0	0.160452	7.15379	-203.421	-2.59321	
6.45454	0	0.410576	17.3381	188.505	6.0186	
-0.216952	-0	0.235876	-49.8522	-73.2989	77.0136	
-0.198938	-0	0.236348	14.9491	-83.0642	-29.9426	
0.610784	0	0.257552	-38.1981	65.105	-4.96925	
-6.04524	-0	0.0832573	35.5285	-212.419	-4.96075	
-4.44175	-0	0.125246	11.0499	-174.252	17.8163	
-1.95715	-0	0.190308	-22.0053	-168.207	4.72071	
0.565742	0	0.256372	8.94401	81.7921	1.25937	
0.0526448	0	0.242936	7.04175	-4.02033	-33.4337	
-4.2845	-0	0.129364	17.0092	-208.513	4.80438	
-0.199272	-0	0.236339	-55.9266	-46.587	91.141	
-0.185408	-0	0.236702	41.4627	-58.2783	-61.4515	
0.199437	0	0.24678	103.441	75.1575	115.229	
-5.83984	-0	0.0886359	-10.5321	-189.945	-5.25052	
0.250081	0	0.248106	-49.3011	-21.7398	-35.6323	
0.26633	0	0.248532	-134.905	45.8383	-111.894	
-1.95016	-0	0.190491	72.8243	-234.778	8.41239	
-3.75079	-0	0.14334	33.2115	-177.559	-1.94715	
0.211737	0	0.247102	-45.2158	63.8658	-25.7382	
-3.99452	-0	0.136957	48.0772	-161.021	2.55701	
-6.85783	-0	0.0619791	7.80609	-246.86	-1.37067	
-1.84737	-0	0.193183	-9.0131	-139.358	0.887654	
-0.254723	-0	0.234887	-7.46826	8.28822	44.4056	
-0.231066	-0	0.235507	27.5087	-12.2508	-35.8581	
0.127908	0	0.244907	77.2843	-35.004	91.2883	
-2.73735	-0	0.169878	64.9769	-193.848	-0.237119	
0.565824	0	0.256374	-75.9797	89.6747	-31.1708	
-0.523184	-0	0.227858	101.639	-18.8799	-59.0223	
0.161793	0	0.245794	50.0574	18.2134	48.5184	
-0.113247	-0	0.238592	44.5303	-37.2364	-13.1086	
0.213394	0	0.247145	5.3462	-33.8768	-28.5106	
-3.57627	-0	0.14791	4.33314	-204.427	13.8021	
-0.211993	-0	0.236006	49.2614	-84.0851	-13.8596	
-0.411299	-0	0.230787	-28.578	-83.5874	11.4602	
-0.218041	-0	0.235848	69.1224	25.9254	-142.076	
0.110933	0	0.244462	88.5977	47.1767	137.428	
0.22137	0	0.247354	-54.7966	58.5584	-83.4678	
-3.30376	-0	0.155046	-34.7975	-226.038	5.98264	
0.248176	0	0.248056	-94.4822	82.6262	-91.6606	
-2.78685	-0	0.168581	41.6517	-239.489	-3.15281	
-6.29132	-0	0.0768137	59.8619	-177.584	5.85745	
15.8018	0	0.655343	-3.16043	241.335	3.89618	
0.523922	0	0.255277	-5.06267	74.6377	7.40316	
0.334882	0	0.250327	38.4801	83.8821	36.2055	
0.247308	0	0.248034	-147.354	54.774	-164.964	
-4.63615	-0	0.120156	-32.0608	-182.377	-5.51365	
-0.169139	-0	0.237129	60.25	36.8726	-130.252	
-1.68632	-0	0.1974	2.39497	-223.099	-7.55146	
-0.166859	-0	0.237188	86.9744	16.9456	-44.8573	
-0.23822	-0	0.23532	41.9139	-59.1424	-50.458	
0.125702	0	0.244849	-23.928	42.6863	-81.9242	
-1.79281	-0	0.194611	22.2892	-214.047	21.907	
0.680742	0	0.259383	3.595	45.9953	5.45027	
-0.484301	-0	0.228876	0.796167	-81.3578	-2.04478	
-3.2506	-0	0.156438	-18.003	-200.337	-12.5741	
0.0608035	0	0.24315	-18.4056	-8.22599	5.52042	
-0.286774	-0	0.234048	-44.6931	-74.8832	55.9089	
0.121039	0	0.244727	90.7541	8.05915	118.012	
0.133109	0	0.245043	1.75957	0.305352	29.4298	
-3.10262	-0	0.160313	39.444	-198.777	-2.59937	
0.532885	0	0.255512	-49.9468	63.4178	-31.0513	
-0.0551718	-0	0.240113	17.0303	1.05916	0.751463	
-5.1371	-0	0.107038	10.1564	-195.646	5.07063	
-0.257596	-0	0.234812	-51.735	-75.0893	64.4553	
-5.84541	-0	0.08849	4.03459	-182.443	-1.65318	
23.5985	0	0.859507	33.4987	253.316	0.837699	
-4.76975	-0	0.116657	69.2258	-187.947	-7.65442	
-3.5526	-0	0.148529	27.2528	-165.084	0.22264	
0.241711	0	0.247887	140.58	75.9321	142.214	
-0.539759	-0	0.227423	64.254	-11.3399	-52.3978	
-0.190921	-0	0.236558	-111.798	-75.0052	132.317	
0.292684	0	0.249222	-26.1769	12.0811	7.60835	
-2.55352	-0	0.174691	-93.9354	-159.641	12.2316	
0.24215	0	0.247898	8.12593	92.4611	-2.6928	
0.228363	0	0.247537	-106.278	81.9899	-123.743	
0.333359	0	0.250287	7.15703	57.573	32.6873	
-0.210077	-0	0.236056	65.6979	-67.9803	-51.1617	
-5.53275	-0	0.0966774	28.3248	-204.586	-0.124476	
0.114357	0	0.244552	65.2756	66.3355	90.2433	
-6.50044	-0	0.0713376	-3.98381	-165.412	2.94255	
-5.79466	-0	0.089819	-29.7031	-168.773	3.97364	
-0.484049	-0	0.228882	36.8673	-92.806	-17.0807	
0.137851	0	0.245167	-41.4998	19.4889	-90.3172	
-0.118187	-0	0.238463	-6.66747	8.72363	-84.2461	
0.508976	0	0.254886	-98.3474	85.2333	-49.1089	
-0.169479	-0	0.23712	12.8555	31.6606	-90.5589	
-4.13903	-0	0.133173	-53.2799	-231.092	3.70262	
-5.8081	-0	0.089467	-16.8226	-201.36	2.58098	
-4.30042	-0	0.128947	30.8441	-169.667	-16.1477	
-4.64034	-0	0.120046	-19.625	-200.685	-0.776091	
0.0918303	0	0.243962	86.5967	13.178	180.693	
-2.38278	-0	0.179162	-30.901	-196.233	7.84911	
-5.37556	-0	0.100794	71.81	-168.646	-11.2023	
-4.82568	-0	0.115193	-65.1213	-164.12	-3.09998	
0.232055	0	0.247634	-12.0714	49.8727	35.1201	
-0.104338	-0	0.238825	-48.9241	-43.363	99.0846	
-3.70685	-0	0.14449	-55.4028	-166.076	13.1845	
0.483539	0	0.254219	33.5643	48.1659	-2.63634	
-0.492605	-0	0.228658	-34.2136	-9.80365	20.9802	
-1.76232	-0	0.19541	37.546	-193.958	1.65377	
0.294178	0	0.249261	87.8344	34.7978	63.8445	
-4.97905	-0	0.111177	6.27582	-165.014	-4.71706	
0.254382	0	0.248219	54.3121	43.2493	61.5765	
-2.75356	-0	0.169453	13.7545	-187.014	-4.53976	
-0.0127285	-0	0.241224	0.879485	0.794141	-42.8033	
-0.044729	-0	0.240386	-25.4714	-5.59819	-80.7471	
-0.196527	-0	0.236411	-48.1078	-7.01246	27.3364	
14.4066	0	0.618807	-12.5773	242.824	3.24177	
-2.90472	-0	0.165495	22.4673	-159.058	0.801225	
-5.08914	-0	0.108294	-23.8149	-161.911	8.96836	
0.363247	0	0.25107	45.4449	35.3155	-3.58713	
0.113838	0	0.244539	13.1306	54.3428	52.9568	
-0.272318	-0	0.234427	34.001	-46.4843	6.73809	
-2.55232	-0	0.174723	-45.9322	-165.741	-10.6509	
-6.96922	-0	0.059062	38.9376	-199.883	0.287943	
0.259303	0	0.248348	-12.0319	95.0036	0.410906	
0.360467	0	0.250997	79.6484	35.3904	41.2153	
-4.85623	-0	0.114393	67.8737	-177.943	-9.63505	
-4.98977	-0	0.110896	-17.8739	-231.338	7.26542	
-6.25536	-0	0.0777553	17.8031	-238.283	-3.54038	
0.467142	0	0.25379	-7.35325	54.56	20.355	
-5.31058	-0	0.102495	35.4923	-208.96	-1.29073	
-3.98531	-0	0.137198	-49.0261	-173.48	-0.380876	
-5.7958	-0	0.0897893	5.74232	-210.151	2.5961	
-4.43651	-0	0.125383	-18.5511	-170.354	1.20946	
-0.293491	-0	0.233872	62.8265	-73.5689	-30.9141	
-2.26744	-0	0.182183	0.902183	-160.306	-0.636866	
-0.206153	-0	0.236159	13.9134	-50.2704	-0.336512	
-0.220503	-0	0.235784	55.7931	12.4765	-32.9466	
0.308199	0	0.249628	-93.2834	73.3005	-46.953	
-4.22469	-0	0.13093	6.38139	-190.495	15.0776	
-3.55756	-0	0.148399	9.62813	-170.139	-3.60785	
-1.85551	-0	0.192969	22.592	-222.112	-1.40568	
-1.7947	-0	0.194562	-46.6618	-181.314	8.52851	
3.37005	0	0.329805	64.649	198.904	11.7918	
0.0497195	0	0.24286	-7.43447	-8.0832	90.5694	
-4.16647	-0	0.132455	24.6098	-234.203	-1.6145	
20.8001	0	0.786228	-2.12304	259.185	0.576203	
0.359049	0	0.25096	42.0607	63.7182	41.0527	
-0.251527	-0	0.234971	-46.0485	-63.5446	15.7239	
-2.67137	-0	0.171605	-3.58517	-187.777	-5.94046	
-2.5621	-0	0.174467	19.0438	-178.22	1.0287	
-4.31389	-0	0.128594	26.1757	-209.693	1.38871	
-4.50896	-0	0.123486	30.238	-179.978	-9.5482	
-4.22565	-0	0.130905	-47.5247	-195.063	3.8991	
-2.49703	-0	0.176171	-62.8939	-210.067	-1.96975	
0.468412	0	0.253823	1.37507	25.6605	-6.98306	
0.565019	0	0.256353	6.88827	48.609	21.3608	
-6.03936	-0	0.0834115	54.0737	-179.448	6.61918	
-3.0965	-0	0.160473	31.3293	-202.629	6.19254	
-4.27964	-0	0.129491	-17.55	-183.814	0.963683	
-4.24938	-0	0.130284	-37.3683	-186.346	3.89518	
0.218743	0	0.247286	-64.2947	-50.6304	-66.5517	
0.38607	0	0.251667	-38.269	74.4374	-1.71604	
0.145675	0	0.245372	-45.6952	35.0788	-167.274	
0.275227	0	0.248765	-71.6544	76.6213	-108.196	
-0.587695	-0	0.226168	11.5786	-16.6136	8.72474	
-0.0638892	-0	0.239885	3.62963	-4.73621	59.2006	
0.45333	0	0.253428	-133.605	68.9075	-93.2649	
-4.24326	-0	0.130444	-46.2217	-176.781	-7.66551	
0.34449	0	0.250578	24.586	51.7933	-3.29787	
0.157612	0	0.245685	-6.7955	51.1149	-8.87533	
-2.86204	-0	0.166613	17.4371	-153.817	-1.34706	
0.216925	0	0.247238	-44.4836	76.5609	-34.8162	
-0.466928	-0	0.229331	6.94962	-77.6196	-8.87364	
-6.44617	-0	0.0727585	-49.93	-218.79	6.41613	
0.105567	0	0.244322	-23.0195	-14.467	-41.9624	
6.83151	0	0.420447	-48.5514	180.815	8.31605	
0.267125	0	0.248552	-20.4789	-38.6053	-23.1083	
-5.45282	-0	0.0987704	-20.432	-168.63	4.23661	
0.202003	0	0.246847	84.1294	79.5597	141.471	
0.2464	0	0.24801	-6.4407	86.9052	-11.5753	
-3.20274	-0	0.157691	-30.4106	-186.125	-7.41801	
0.016161	0	0.241981	6.7995	7.98228	-65.5148	
0.159176	0	0.245726	72.7535	32.4916	116.686	
-0.129422	-0	0.238169	-1.92483	7.76961	-39.9785	
0.386586	0	0.251681	22.3604	63.8227	17.1472	
-2.18958	-0	0.184222	40.1321	-194.776	-3.74111	
0.38872	0	0.251737	-91.7802	42.7496	-48.4777	
-0.183388	-0	0.236755	-66.1354	-26.4789	91.0372	
-3.77993	-0	0.142577	-43.8229	-162.391	-13.5003	
-2.74594	-0	0.169653	17.5157	-195.418	1.01278	
-0.415803	-0	0.230669	-25.0602	-55.4054	-11.3692	
-3.92064	-0	0.138892	19.9118	-210.791	-2.19363	
0.26521	0	0.248502	57.2106	-47.9023	69.726	
-5.45033	-0	0.0988358	-2.23559	-168.538	15.3749	
-0.0587994	-0	0.240018	-11.9758	-1.36968	-41.4078	
-0.239297	-0	0.235291	129.896	-97.0446	-135.905	
-3.6941	-0	0.144824	-4.41151	-217.39	7.36316	
-3.91524	-0	0.139033	-20.7027	-153.039	-2.83681	
-0.379271	-0	0.231626	-8.36713	-21.1703	-20.5617	
0.346276	0	0.250625	34.564	44.439	38.4431	
-4.09887	-0	0.134225	26.9195	-183.584	-6.87668	
0.0785885	0	0.243615	-14.367	52.4436	-70.348	
-0.0188918	-0	0.241063	22.4405	-13.3001	-182.403	
0.385411	0	0.25165	-22.7886	70.0629	12.883	
-0.186063	-0	0.236685	108.716	-60.567	-133.032	
12.3907	0	0.566019	-2.17859	208.937	-1.66882	
-3.36305	-0	0.153493	31.7879	-204.08	1.83248	
-4.02126	-0	0.136257	31.2016	-183.691	-3.40794	
0.277503	0	0.248824	-32.9818	65.388	14.4321	
0.59741	0	0.257201	-87.1477	37.7392	-50.7297	
0.21932	0	0.247301	-57.227	14.1943	-11.8304	
-0.167057	-0	0.237183	31.9032	64.6333	-12.2582	
0.584631	0	0.256867	48.6644	44.6011	19.2552	
0.350516	0	0.250736	-94.5934	91.1597	-79.192	
-4.62582	-0	0.120426	22.5205	-190.023	-15.3848	
0.135337	0	0.245102	-6.58791	38.0868	6.13261	
12.9275	0	0.580076	-23.1518	243.06	-8.8535	
-1.446	-0	0.203693	29.1262	-225.533	9.02494	
-2.85369	-0	0.166831	4.4185	-181.312	1.02504	
-0.379031	-0	0.231632	43.3937	-13.546	-54.4055	
0.41184	0	0.252342	-106.967	56.0249	-63.9278	
-0.141276	-0	0.237858	-20.2015	-47.3133	47.2703	
-4.15922	-0	0.132645	19.4197	-173.507	0.648021	
-0.239697	-0	0.235281	-123.025	0.973549	110.483	
0.203655	0	0.24689	70.0316	26.2141	164.807	
-0.582108	-0	0.226315	-55.2565	-55.3655	29.1812	
0.202425	0	0.246858	49.2938	55.8389	34.0266	
-0.0966846	-0	0.239026	59.0425	-23.3947	-158.526	
-0.250718	-0	0.234992	-1.29933	42.8186	8.41677	
-4.50294	-0	0.123644	-6.58928	-184.95	-21.1971	
0.177341	0	0.246201	-134.64	46.5096	-191.608	
0.131616	0	0.245004	71.5527	-1.89443	89.1189	
-3.53276	-0	0.149049	-15.7622	-203.731	-20.2429	
-0.0872938	-0	0.239272	-12.2077	-31.0772	37.9767	
0.178592	0	0.246234	29.536	69.501	44.6081	
-4.02194	-0	0.136239	44.0858	-199.256	-2.60297	
-0.0945652	-0	0.239081	82.1611	7.75057	-154.59	
0.271889	0	0.248677	38.2369	74.2554	16.2711	
-0.200452	-0	0.236309	-14.9221	-2.40047	-43.4608	
-6.55124	-0	0.0700074	-17.7887	-201.967	11.2619	
-7.46806	-0	0.0459996	-20.3892	-212.279	-7.69579	
-2.18784	-0	0.184267	40.2218	-179.82	-7.55476	
-3.65794	-0	0.145771	-3.57156	-193.202	1.18195	
-4.01417	-0	0.136443	20.1886	-166.031	0.141439	
-6.01844	-0	0.0839592	31.6657	-175.195	-3.17238	
0.228281	0	0.247535	-4.24253	7.97738	-41.1946	
-0.233948	-0	0.235431	-103.452	-64.9339	127.686	
-0.290651	-0	0.233947	142.349	-42.5857	-130.795	
-4.29276	-0	0.129148	0.100184	-194.876	7.85202	
0.138969	0	0.245197	1.13697	68.3147	-31.0247	
0.230873	0	0.247603	40.4682	95.3088	25.9289	
12.8219	0	0.577312	-23.3358	259.233	1.9479	
-4.51802	-0	0.123249	-10.1288	-168.235	-8.24488	
9.95258	0	0.502175	-19.3681	200.559	-14.5268	
0.0188108	0	0.24205	3.64299	-21.485	-133.83	
-0.0979759	-0	0.238992	-0.701476	-19.7713	16.5333	
-4.04901	-0	0.13553	13.1933	-232.795	-13.4559	
-1.91494	-0	0.191413	3.6489	-168.437	4.06116	
2.24423	0	0.300325	-27.374	187.163	-9.70351	
0.486091	0	0.254286	44.9217	77.6283	8.0033	
-5.22806	-0	0.104656	11.8556	-195.75	0.588011	
0.0135801	0	0.241913	14.2669	-17.2281	71.4426	
0.348063	0	0.250672	56.7771	75.4981	2.99278	
-0.0928329	-0	0.239127	-97.9828	-17.299	203.236	
-0.142643	-0	0.237822	-72.9796	-52.9706	47.4255	
0.185138	0	0.246406	-86.8161	41.333	-64.8714	
-6.09764	-0	0.0818853	16.897	-182.967	-1.49744	
-0.561419	-0	0.226856	-143.266	-96.0874	58.8557	
0.41086	0	0.252316	-109.996	72.3906	-70.2014	
-0.379555	-0	0.231619	57.3649	-67.8008	-46.2767	
9.35044	0	0.486407	-18.1324	246.291	13.0316	
0.127609	0	0.244899	-60.2658	38.0142	-120.549	
0.417315	0	0.252485	-113.358	31.3898	-50.6148	
-3.7365	-0	0.143714	20.0294	-192.81	-8.69798	
10.6444	0	0.520292	32.0301	214.618	3.90941	
0.114617	0	0.244559	-2.21335	0.52894	-79.8436	
-0.244692	-0	0.23515	47.4338	10.4361	-55.4789	
-5.37923	-0	0.100698	-10.3522	-209.816	-13.2359	
0.0864373	0	0.243821	75.5149	-32.8914	112.151	
-0.101278	-0	0.238906	-22.4306	-45.4832	82.3448	
-0.282981	-0	0.234147	-99.1872	-42.6873	88.2583	
0.237332	0	0.247772	20.634	-15.279	-19.4765	
-4.45214	-0	0.124974	39.4834	-189.951	1.08316	
0.154246	0	0.245597	-32.0325	-14.4406	-3.28765	
0.0569066	0	0.243048	-2.52489	-27.9527	17.8161	
0.0376385	0	0.242543	-6.44684	29.8016	-107.73	
-0.338284	-0	0.232699	20.4444	-92.9442	-8.81453	
-0.13403	-0	0.238048	22.9008	-69.7552	-98.5151	
-0.0886459	-0	0.239236	-15.1061	-59.745	25.525	
-5.66474	-0	0.0932211	68.931	-174.032	-2.86442	
-4.92925	-0	0.112481	-16.4987	-233.475	-4.07301	
-0.521689	-0	0.227897	-14.6033	-21.5572	5.83398	
0.35135	0	0.250758	-95.4922	74.6862	-66.8224	
0.310971	0	0.249701	-64.649	82.4851	-55.112	
-0.24835	-0	0.235054	32.2307	-50.0994	16.3361	
-3.66419	-0	0.145607	-10.8855	-186.587	-3.31997	
-0.55078	-0	0.227135	110.317	-28.0166	-37.4048	
0.472301	0	0.253925	-42.8623	40.4622	5.53446	
0.0491951	0	0.242846	-2.3359	-24.2672	-24.7331	
0.159978	0	0.245747	114.278	-27.7189	135.301	
0.229372	0	0.247564	19.3335	58.2772	-7.11502	
0.417429	0	0.252488	-124.556	81.5818	-69.455	
15.7055	0	0.65282	14.7252	243.179	-1.09344	
-3.69433	-0	0.144818	-10.8925	-189.485	19.649	
0.318591	0	0.2499	-2.17251	50.3211	29.8137	
-5.39911	-0	0.100177	20.7012	-202.008	-0.124536	
-4.55424	-0	0.122301	33.1503	-182.462	4.51058	
-3.19883	-0	0.157793	26.6065	-173.355	0.704906	
19.6796	0	0.756886	45.1513	236.189	1.20614	
-4.99477	-0	0.110765	76.8074	-190.19	2.28746	
-3.82515	-0	0.141393	-58.9233	-207.454	5.4954	
0.341252	0	0.250494	-126.404	3.76423	-110.68	
-4.52708	-0	0.123012	18.7471	-206.18	0.602292	
-3.1288	-0	0.159627	44.7986	-174.77	-8.12143	
0.302304	0	0.249474	9.02199	-73.9753	2.40828	
-5.38254	-0	0.100611	31.6507	-213.683	-6.24961	
11.013	0	0.529944	-6.53603	214.933	-8.7356	
-3.28515	-0	0.155533	17.7614	-199.458	-4.61107	
-1.70711	-0	0.196855	1.78083	-110.466	-0.807896	
-5.64905	-0	0.0936321	10.1806	-193.483	0.980797	
0.268322	0	0.248584	-49.3208	15.4273	-28.4551	
0.452992	0	0.25342	-38.4522	86.765	-19.4502	
-0.214186	-0	0.235949	44.6216	-34.2559	-26.2467	
-4.26788	-0	0.129799	1.79292	-185.66	0.985846	
-3.79274	-0	0.142241	-13.1845	-194.681	-5.58247	
-5.93957	-0	0.0860245	14.9655	-202.947	-1.8619	
-6.24599	-0	0.0780007	-42.5085	-192.609	-7.55354	
-0.442367	-0	0.229974	26.39	-32.0204	-19.9272	
-2.7404	-0	0.169798	-32.7592	-210.956	-7.18261	
-0.287029	-0	0.234041	6.02115	-87.7823	3.94863	
0.322838	0	0.250011	127.369	57.0924	71.1557	
-0.217214	-0	0.23587	-36.1511	-18.7525	58.6337	
-5.30827	-0	0.102556	-13.5007	-174.55	-1.81249	
-2.99469	-0	0.163139	-34.2523	-183.072	6.20692	
-4.0948	-0	0.134331	5.29504	-177.212	-2.16734	
-0.470693	-0	0.229232	41.6076	-56.8246	-51.6393	
-0.176871	-0	0.236926	15.3578	-35.8165	-71.8785	
-3.79898	-0	0.142078	-13.51	-213.161	9.67695	
-4.29068	-0	0.129202	15.1229	-168.497	4.5098	
-0.4966	-0	0.228554	-94.4022	-90.4556	52.3701	
-7.11205	-0	0.0553219	5.91156	-208.015	-4.70161	
-5.42269	-0	0.0995595	27.6225	-231.288	5.42522	
-3.84948	-0	0.140755	5.15766	-172.541	12.5772	
-6.247	-0	0.0779742	0.594386	-178.593	-2.21706	
-5.46766	-0	0.0983819	20.3012	-180.341	-3.45517	
-0.204847	-0	0.236193	4.2342	-28.9993	-20.1861	
-6.45941	-0	0.072412	58.4412	-193.138	2.5996	
-5.45875	-0	0.0986152	-43.4313	-155.692	-8.04844	
-5.24574	-0	0.104193	9.36983	-194.661	8.0593	
0.397211	0	0.251959	2.10678	101.154	-3.13742	
0.12444	0	0.244816	-14.2498	41.6228	42.436	
-4.04712	-0	0.13558	5.69621	-225.1	-4.81846	
-3.72371	-0	0.144049	43.3498	-143.468	11.3335	
-3.67952	-0	0.145206	-17.6131	-186.553	3.69419	
-0.28583	-0	0.234073	111.473	-88.2347	-127.757	
-0.0175874	-0	0.241097	20.7907	7.3093	-162.364	
-6.32185	-0	0.0760141	-49.5605	-202.715	-1.60312	
-6.0739	-0	0.082507	14.8376	-167	9.78159	
-0.320424	-0	0.233167	33.1373	-89.3834	-31.1887	
3.62393	0	0.336453	33.008	211.864	-7.76811	
0.194583	0	0.246653	90.5973	54.7578	66.2823	
-5.94594	-0	0.0858578	27.8644	-237.084	3.61293	
0.21193	0	0.247107	0.356975	30.1958	18.9349	
0.29815	0	0.249365	11.3887	-14.4909	12.4515	
-2.77359	-0	0.168929	5.78153	-200.935	-17.0121	
-1.89282	-0	0.191992	-14.6943	-210.185	18.5	
-3.5467	-0	0.148684	-23.1731	-187.243	-9.96005	
14.1977	0	0.613337	-13.7183	196.578	3.47464	
-0.0640521	-0	0.23988	-54.0611	-16.3792	175.528	
0.320711	0	0.249956	28.8076	95.0617	31.9084	
0.130922	0	0.244986	11.7386	19.9101	78.0782	
23.8382	0	0.865783	9.62528	233.605	3.92728	
11.684	0	0.547514	-28.214	234.714	1.31478	
0.456174	0	0.253503	-143.951	59.3062	-63.3892	
-4.97951	-0	0.111165	-40.5909	-206.172	15.1959	
-3.35513	-0	0.1537	37.042	-183.559	9.89182	
-0.410269	-0	0.230814	-99.7892	-71.6012	41.513	
0.482505	0	0.254192	-77.5912	52.0964	-20.7695	
-7.80299	-0	0.037229	14.0668	-189.846	3.28156	
0.426635	0	0.252729	-43.4503	53.6183	-35.3432	
-3.04477	-0	0.161827	-45.9965	-195.498	3.57281	
-0.196067	-0	0.236423	-26.6832	-25.4338	7.99326	
-0.0504675	-0	0.240236	-39.404	16.2346	105.473	
-3.5255	-0	0.149239	32.0764	-194.525	-10.6171	
11.5078	0	0.542901	10.4262	210.142	-1.2035	
0.410563	0	0.252309	-62.0639	71.602	-42.0838	
-4.25014	-0	0.130264	14.8472	-183.142	-5.14096	
-2.10533	-0	0.186428	75.9807	-190.479	-15.6285	
-0.189325	-0	0.2366	96.8555	-69.0758	-100.569	
0.125528	0	0.244845	-21.8227	65.1022	-94.0196	
-2.24861	-0	0.182676	35.5489	-143.977	-5.02831	
-3.71444	-0	0.144292	-58.7335	-176.857	-4.61886	
0.509361	0	0.254896	9.70786	57.7804	1.20022	
-4.01205	-0	0.136498	-47.2832	-179.414	7.51053	
8.34411	0	0.460056	-1.46541	212.719	-6.03178	
-4.9556	-0	0.111791	45.9667	-168.341	-4.23286	
-4.78933	-0	0.116144	12.5348	-186.411	-10.2576	
0.129426	0	0.244947	-42.6309	-45.2255	-60.9103	
-4.55209	-0	0.122357	4.60841	-220.06	7.94392	
-0.208916	-0	0.236087	58.918	-45.168	-110.609	
-1.92014	-0	0.191277	-14.5368	-190.855	7.6107	
-0.279375	-0	0.234242	12.5983	-67.6763	-29.8861	
0.325258	0	0.250075	-33.9786	34.6078	-10.7738	
0.637328	0	0.258247	43.8001	51.5842	20.9424	
0.167135	0	0.245934	8.06317	40.9979	58.8598	
-0.0696442	-0	0.239734	-36.9836	24.5345	164.995	
-4.62912	-0	0.12034	16.4501	-209.87	0.460554	
-0.367626	-0	0.231931	45.6839	-68.4914	-0.541138	
0.289312	0	0.249133	-77.917	53.0875	-33.266	
0.226546	0	0.24749	-26.2709	86.9123	-23.8583	
-4.86434	-0	0.11418	-6.22779	-163.975	-10.4067	
-4.20279	-0	0.131504	19.2198	-230.053	-8.60925	
2.99207	0	0.319908	24.3877	180.243	-5.40365	
0.193731	0	0.246631	-41.7939	50.5326	-71.0913	
-5.70587	-0	0.0921442	2.76066	-153.082	2.95965	
19.3809	0	0.749063	9.75161	228.367	-9.60967	
-0.112811	-0	0.238603	-75.6671	14.1441	96.9419	
21.691	0	0.809557	13.223	235.371	3.37655	
-5.52957	-0	0.0967606	-11.9097	-223.904	-5.82219	
-0.140946	-0	0.237867	-60.0228	-49.6875	90.2199	
0.236735	0	0.247757	108.658	-10.3719	83.2112	
0.126174	0	0.244862	-47.8373	-14.0008	-7.32769	
-0.205676	-0	0.236172	170.059	49.5029	-163.52	
-0.0265129	-0	0.240863	-37.7259	25.7329	-20.2397	
-4.28173	-0	0.129437	-15.2123	-221.646	9.26244	
-0.159354	-0	0.237385	-47.7093	35.0155	77.509	
-0.318127	-0	0.233227	-114.762	-41.6109	52.4547	
-4.35564	-0	0.127501	73.1527	-200.808	6.55051	
-3.06473	-0	0.161305	31.9318	-159.809	8.21647	
-0.216168	-0	0.235897	-49.0231	-7.14028	24.6365	
-4.34785	-0	0.127705	-19.7784	-202.477	3.45154	
-0.34589	-0	0.2325	-26.4098	-88.4928	1.15751	
-0.111379	-0	0.238641	73.0004	7.20086	-118.028	
0.281366	0	0.248925	-41.8931	91.515	-40.9885	
-4.38196	-0	0.126812	-20.6625	-197.762	-3.19108	
0.262109	0	0.248421	79.9533	71.886	63.311	
-0.310191	-0	0.233435	9.90859	-53.9636	-31.7204	
0.0377238	0	0.242545	35.5559	10.7669	145.775	
0.0661568	0	0.24329	-21.3097	64.9458	11.9119	
-0.243268	-0	0.235187	-68.3184	59.8725	83.7278	
-6.38238	-0	0.074429	-8.61331	-218.966	8.37103	
0.293134	0	0.249234	-52.4601	70.2467	-24.2769	
16.2383	0	0.666773	35.1546	249.442	6.75607	
15.4558	0	0.646283	-37.5167	260.365	-10.5311	
-0.17044	-0	0.237094	-65.9056	-58.9163	131.904	
-2.23078	-0	0.183143	20.3846	-205.227	-4.11197	
-5.0773	-0	0.108604	55.5386	-158.992	0.504755	
0.0972549	0	0.244104	5.33558	41.0084	68.1057	
-0.21291	-0	0.235982	-63.8402	-27.5146	126.851	
-6.35739	-0	0.0750835	-11.3345	-207.661	-3.2137	
-4.28854	-0	0.129258	-40.2665	-218.091	14.363	
-4.37583	-0	0.126972	22.877	-149.408	0.578458	
-0.170792	-0	0.237085	10.5534	-44.2759	39.6142	
-0.393777	-0	0.231246	-118.819	-34.5237	66.5832	
-3.57091	-0	0.14805	-38.2682	-148.921	-7.45138	
-0.445449	-0	0.229893	36.2627	-92.9712	-20.1801	
-5.2664	-0	0.103652	-14.7425	-215.876	3.56555	
-7.10668	-0	0.0554626	-37.6605	-220.698	8.46761	
0.209482	0	0.247043	-53.8715	83.1499	-112.816	
-4.9996	-0	0.110638	25.092	-197.371	-7.39331	
-0.221271	-0	0.235763	-108.264	-91.5388	126.363	
0.270456	0	0.24864	9.09736	17.9498	-32.6086	
0.271283	0	0.248661	-162.244	48.4789	-131.168	
-3.24505	-0	0.156583	-60.2645	-201.715	-5.37609	
-3.32862	-0	0.154395	31.5095	-126.545	-3.3752	
-2.79174	-0	0.168453	-37.1179	-187.246	14.4126	
-0.199693	-0	0.236328	-162.505	-53.6679	164.455	
0.354572	0	0.250842	12.4939	-64.7286	-30.1435	
0.177307	0	0.246201	5.31588	-11.4434	39.3797	
-6.31196	-0	0.0762731	-19.7617	-181.97	-9.41468	
-2.29744	-0	0.181397	27.4721	-159.843	5.42769	
-3.5397	-0	0.148867	-28.3373	-186.449	2.67154	
-0.0224637	-0	0.240969	-8.8251	-28.6091	-52.1303	
-0.152664	-0	0.23756	-17.8077	-82.3998	12.5297	
-4.47395	-0	0.124403	4.63535	-187.905	2.79817	
-3.69388	-0	0.14483	9.70492	-181.301	-0.635912	
0.11592	0	0.244593	-14.3137	54.6702	3.4529	
-5.97579	-0	0.085076	67.9881	-192.004	-6.62588	
-5.05585	-0	0.109166	15.9043	-168.252	-3.31044	
-5.32839	-0	0.102029	38.6191	-201.366	-0.45436	
-2.84597	-0	0.167033	80.8248	-188.537	4.16367	
0.448091	0	0.253291	-55.621	50.8792	-20.1831	
-5.96604	-0	0.0853313	-2.25897	-162.099	-2.97201	
-0.159449	-0	0.237382	-71.9682	-35.0374	119.478	
15.043	0	0.635472	-8.5817	217.42	1.97396	
0.120091	0	0.244702	-16.5221	63.6609	-61.0553	
-0.259722	-0	0.234757	154.901	-81.6178	-129.163	
-3.7274	-0	0.143952	6.47486	-207.444	3.70297	
-0.249939	-0	0.235013	-125.073	-66.8789	100.387	
-0.193206	-0	0.236498	17.5918	-68.5554	-72.4801	
-2.95585	-0	0.164156	-10.4739	-141.444	-16.7823	
-5.76918	-0	0.0904864	-13.1691	-199.978	14.911	
-0.632736	-0	0.224989	51.4621	-46.134	-10.0381	
-0.322251	-0	0.233119	30.9783	-82.9648	-42.6592	
-0.35536	-0	0.232252	-5.43223	-82.7549	27.1322	
-3.8796	-0	0.139967	77.3525	-202.581	-14.6522	
-3.57125	-0	0.148041	-0.352486	-171.642	-5.33475	
-4.41918	-0	0.125837	-10.4019	-221.946	2.01519	
0.239809	0	0.247837	-6.70218	38.2816	65.1898	
-0.176876	-0	0.236926	-28.8859	-21.891	17.4808	
0.188983	0	0.246506	31.4113	59.2804	18.9853	
-0.288314	-0	0.234008	28.3881	-49.2911	-26.95	
0.383959	0	0.251612	-18.521	91.7644	8.5119	
-0.0497059	-0	0.240256	-34.0526	-37.9115	209.661	
-4.75909	-0	0.116936	-24.7559	-183.806	4.31064	
-3.10384	-0	0.160281	17.7525	-193.567	5.05492	
-2.63089	-0	0.172665	51.8604	-209.939	-20.0695	
-4.7616	-0	0.116871	28.5981	-155.819	-4.57154	
-4.09413	-0	0.134349	2.0433	-192.643	-7.295	
-4.0316	-0	0.135986	27.4972	-171.567	-4.91371	
-0.224519	-0	0.235678	26.1494	84.2001	-15.5272	
-3.96211	-0	0.137806	61.1806	-175.709	-3.41075	
-2.40992	-0	0.178452	-19.5522	-202.609	-6.20778	
0.126829	0	0.244879	72.989	10.8634	113.558	
-0.562922	-0	0.226817	-73.9172	-53.6373	45.7853	
-6.6193	-0	0.0682252	-7.01615	-197.327	-2.37552	
0.202767	0	0.246867	-6.66187	73.1301	-3.61429	
0.0966512	0	0.244088	-34.2745	29.4079	-77.2406	
-3.03597	-0	0.162058	-23.7728	-186.751	-8.99467	
0.285938	0	0.249045	-28.4422	73.369	-69.3468	
18.2122	0	0.718461	55.304	228.806	0.304643	
-1.91876	-0	0.191313	-39.6478	-191.809	1.44	
0.152968	0	0.245563	118.622	47.2725	155.655	
-0.17918	-0	0.236866	108.306	-40.3727	-121.912	
0.24415	0	0.247951	57.0483	70.0775	87.0573	
-5.8411	-0	0.0886031	-16.9846	-230.458	-17.5223	
0.0549163	0	0.242996	22.4122	-25.4163	153.193	
-0.290922	-0	0.23394	18.5955	-56.9353	-31.932	
0.213586	0	0.247151	30.5346	79.1067	4.32332	
-5.6971	-0	0.0923739	30.3916	-195.476	8.67517	
-0.207692	-0	0.236119	-72.4232	-36.4552	82.123	
0.0806478	0	0.243669	6.66525	68.5731	7.39755	
-0.491248	-0	0.228694	-60.8546	-72.1811	35.2873	
4.37085	0	0.356012	-52.2738	173.219	-12.1749	
-5.36049	-0	0.101188	12.6946	-172.134	-1.5062	
-0.116902	-0	0.238496	-2.0341	-56.6221	-7.61821	
-0.291727	-0	0.233918	17.7431	-49.5152	-0.860886	
-5.06718	-0	0.108869	-32.242	-186.377	-13.5963	
0.366282	0	0.251149	48.9981	78.9978	32.8131	
0.181393	0	0.246308	-43.6646	50.9345	-103.362	
-6.9605	-0	0.0592904	6.26146	-200.931	-12.0732	
-0.42319	-0	0.230476	-42.1085	-35.525	18.6833	
-5.39085	-0	0.100393	25.6018	-231.119	13.7708	
0.090351	0	0.243923	45.6306	21.9527	146.544	
-4.40655	-0	0.126168	-12.8636	-179.242	-8.54388	
-0.36743	-0	0.231936	28.9092	-74.4235	15.2801	
-0.212502	-0	0.235993	-139.622	-63.2919	145.426	
-0.11835	-0	0.238458	-63.1624	28.6	117.834	
-4.77148	-0	0.116612	-36.8349	-209.416	-0.106405	
10.9144	0	0.527362	12.417	191.895	-7.2361	
0.464694	0	0.253726	61.4211	72.7181	31.1538	
-4.06055	-0	0.135228	18.827	-198.514	-7.28003	
-2.05174	-0	0.187831	-34.7781	-263.294	-9.30958	
-2.98355	-0	0.163431	-38.9034	-201.562	-1.27088	
0.231492	0	0.247619	-14.5972	69.4579	-9.78973	
0.312886	0	0.249751	45.5046	59.1167	20.3762	
-0.286529	-0	0.234055	-45.136	-78.208	66.1413	
-3.66976	-0	0.145462	-50.9114	-215.793	11.0746	
-3.46419	-0	0.150845	21.0584	-152.394	4.05311	
-0.089291	-0	0.239219	37.0197	-12.4895	-20.5185	
0.438984	0	0.253053	-3.52251	79.4377	-12.7122	
-3.21277	-0	0.157428	34.647	-193.686	-5.40589	
-5.33867	-0	0.10176	-1.77962	-175.578	2.32232	
-3.00937	-0	0.162755	58.7446	-204.522	1.94815	
-0.402777	-0	0.23101	2.82244	-79.2241	2.78835	
-4.68037	-0	0.118998	60.6786	-205.671	-2.22614	
-3.2819	-0	0.155618	22.3689	-158.268	-9.39312	
0.289262	0	0.249132	148.284	-0.0960866	65.0836	
-5.00905	-0	0.110391	-13.0202	-187.045	-8.07708	
-6.6036	-0	0.0686363	-2.6456	-212.882	0.403237	
12.5141	0	0.56925	31.5536	235.607	5.48653	
0.114742	0	0.244562	-0.658854	-8.67176	21.3343	
-0.23483	-0	0.235408	92.6684	-90.3769	-90.0363	
-0.0601609	-0	0.239982	-68.2357	2.5024	45.3882	
-6.1651	-0	0.0801187	7.65217	-194.541	-3.20924	
-0.278107	-0	0.234275	175.11	-15.1939	-130.4	
-4.46172	-0	0.124723	-12.9322	-206.043	-7.64894	
-0.136262	-0	0.237989	-37.4732	-53.664	72.4416	
-0.106732	-0	0.238763	-41.1047	-70.1367	45.5522	
16.0757	0	0.662516	25.2219	254.786	7.35093	
-3.75064	-0	0.143344	74.2383	-182.081	7.31395	
0.46356	0	0.253696	-123.356	39.9875	-94.5397	
0.0941894	0	0.244024	28.6825	17.9751	12.5667	
0.147764	0	0.245427	-90.6056	88.6903	-138.084	
-4.11097	-0	0.133908	-51.1696	-204.713	3.92584	
-3.26912	-0	0.155953	41.3365	-190.653	8.04275	
0.48463	0	0.254248	93.2203	53.998	32.9028	
0.191438	0	0.246571	43.2515	69.7257	40.5366	
-0.267743	-0	0.234546	-37.7026	-58.9213	-12.1645	
13.805	0	0.603054	-8.93844	222.896	1.41018	
-5.17391	-0	0.106074	-0.814761	-192.03	2.48379	
18.6607	0	0.730206	37.1781	241.834	-6.22808	
-0.186621	-0	0.236671	-40.9534	2.46415	-7.90743	
-4.72674	-0	0.117783	-12.9183	-155.809	-6.75186	
-2.30115	-0	0.1813	-37.6456	-168.213	-0.0728451	
0.383903	0	0.25161	-83.2523	38.6776	-52.8517	
-2.3564	-0	0.179853	0.315707	-230.54	-4.52386	
-0.2434	-0	0.235184	-33.0775	-6.49181	15.0673	
-4.52048	-0	0.123185	68.6284	-178.515	-1.90095	
-6.6966	-0	0.066201	22.0045	-217.78	2.18529	
0.473509	0	0.253957	122.064	49.7787	69.8519	
-5.03687	-0	0.109663	-2.29662	-166.203	-4.02722	
-0.259895	-0	0.234752	-80.198	-83.6915	54.6508	
-0.0117139	-0	0.241251	-36.1393	0.0725719	-20.8357	
-3.07195	-0	0.161116	-18.8352	-182.259	2.46978	
-0.116691	-0	0.238502	56.5642	-56.8639	-49.9913	
0.0489286	0	0.242839	27.5309	-0.831799	138.919	
-5.80712	-0	0.0894927	-18.4067	-177.9	12.5804	
0.168778	0	0.245977	53.3247	7.875	81.048	
0.550771	0	0.25598	5.05564	77.2712	-4.44377	
-0.431047	-0	0.23027	23.1775	-83.0185	-0.83359	
-4.29998	-0	0.128959	-34.0661	-202.693	18.0306	
12.1795	0	0.560489	31.6744	223.282	-3.76608	
-5.61408	-0	0.0945478	18.1065	-149.827	-3.38321	
-4.60851	-0	0.12088	36.5166	-178.106	-9.62793	
0.245147	0	0.247977	-61.6582	20.0375	-109.317	
-4.9997	-0	0.110636	64.0656	-176.072	3.30183	
-3.27973	-0	0.155675	11.7648	-169.441	-3.68533	
0.0584365	0	0.243088	6.54411	-31.4721	-59.9965	
-5.72344	-0	0.0916839	36.3701	-184.053	-9.81301	
-0.0612038	-0	0.239955	-8.38231	-38.6932	82.6442	
-3.80551	-0	0.141907	-19.8136	-187.299	-2.85453	
-0.158922	-0	0.237396	21.191	-90.6817	-40.6421	
-5.74035	-0	0.0912412	24.1237	-166.08	7.88528	
-4.0807	-0	0.134701	-35.6275	-194.598	1.7663	
-0.339756	-0	0.232661	-48.8036	-2.35915	38.7677	
-4.53437	-0	0.122821	0.0629995	-162.36	-1.01072	
-5.83314	-0	0.0888115	6.05167	-190.264	8.5881	
-5.0303	-0	0.109835	23.5434	-172.21	-17.2744	
-0.469413	-0	0.229266	3.90841	-95.0435	3.32682	
-0.304559	-0	0.233582	-19.4527	-85.2434	21.9361	
0.393378	0	0.251859	-133.19	12.3722	-95.6899	
-5.15007	-0	0.106698	-3.74186	-184.943	-3.30537	
-0.109719	-0	0.238684	-49.8375	38.5963	57.1785	
-3.55989	-0	0.148339	39.7025	-209.466	4.12606	
1.7941	0	0.288538	27.0257	166.966	-1.43872	
-0.020779	-0	0.241013	15.2548	-4.48936	33.4915	
-3.37885	-0	0.153079	54.5123	-176.758	10.6147	
-5.30999	-0	0.102511	13.0382	-156.477	-1.24641	
-3.74498	-0	0.143492	8.17669	-173.879	-6.92271	
-0.185267	-0	0.236706	-116.121	-32.7811	152.217	
-2.11661	-0	0.186132	32.8027	-138.348	2.35567	
-0.175694	-0	0.236957	-26.5418	-54.0351	62.9082	
-4.57647	-0	0.121718	7.94846	-188.527	13.7265	
2.36264	0	0.303425	-51.7945	202.172	2.51739	
-2.78116	-0	0.16873	94.2034	-161.74	-22.4843	
0.0147735	0	0.241944	17.0294	33.9293	88.1149	
0.223293	0	0.247405	-28.3345	45.7503	-63.1842	
-0.264216	-0	0.234639	-9.67854	-87.6976	3.30834	
14.751	0	0.627825	-15.8656	229.088	-5.44244	
-0.0742647	-0	0.239613	-21.6252	19.727	-8.09352	
0.267881	0	0.248572	6.69828	24.9616	48.727	
-2.85396	-0	0.166824	7.07949	-187.4	-20.6286	
-0.143118	-0	0.23781	113.754	-12.1407	-171.033	
0.0872867	0	0.243843	13.7956	3.98452	-62.1134	
0.0990663	0	0.244152	-14.9499	26.0341	-59.1568	
-4.15738	-0	0.132693	24.7362	-195.513	-3.28954	
-2.54961	-0	0.174794	-0.669057	-214.814	-9.37242	
-4.24772	-0	0.130327	19.2403	-137.076	-10.2041	
-4.90034	-0	0.113238	30.4598	-215.138	-5.493	
0.175672	0	0.246158	43.9686	67.0169	50.5655	
-3.77548	-0	0.142693	-23.5573	-166.308	-5.26587	
18.1132	0	0.715868	-11.0276	242.942	0.481683	
-0.0409719	-0	0.240485	17.889	-17.6986	-67.9718	
0.0345412	0	0.242462	0.128775	10.8699	-45.4338	
-6.42064	-0	0.0734271	-13.8666	-178.45	1.70595	
0.236939	0	0.247762	112.315	64.9761	138.597	
-0.356595	-0	0.23222	75.4967	-3.8396	-77.9235	
-6.23718	-0	0.0782313	-46.6535	-171.769	10.2151	
-0.0553016	-0	0.240109	-20.9398	-24.1741	55.3008	
-4.02153	-0	0.13625	21.8481	-197.793	9.26433	
-4.60942	-0	0.120856	44.045	-191.756	-7.33771	
-3.13183	-0	0.159548	34.8178	-165.535	-0.325569	
-4.6842	-0	0.118898	-0.351117	-151.277	8.77171	
-0.351203	-0	0.232361	-38.0439	-11.2572	25.4098	
-4.93849	-0	0.112239	-8.02191	-172.413	-3.21104	
-5.28586	-0	0.103142	-15.4937	-231.408	-4.08934	
0.330526	0	0.250213	-149.674	74.5012	-123.712	
-1.23063	-0	0.209332	-79.8171	-145.869	8.99897	
-3.67862	-0	0.14523	50.7097	-169.108	8.43538	
-0.268711	-0	0.234521	-44.9289	-58.5014	14.7528	
-0.389527	-0	0.231357	-24.7966	-76.6562	-4.61123	
0.135544	0	0.245107	-26.7916	-3.8249	12.64	
28.861	0	0.997309	23.3048	271.142	4.92303	
0.203392	0	0.246884	-125.505	-29.0654	-115.168	
0.23385	0	0.247681	11.5019	56.5906	-25.2735	
-7.63501	-0	0.0416279	-11.4159	-196.824	-12.1977	
-5.09627	-0	0.108107	50.2825	-225.537	14.7987	
-3.19397	-0	0.15792	31.3787	-233.415	-8.48265	
-3.54841	-0	0.148639	-13.7763	-190.589	8.54953	
0.102087	0	0.244231	30.8458	27.7534	75.1273	
-4.35638	-0	0.127482	20.5283	-214.986	8.98758	
-0.0734914	-0	0.239633	-17.1704	-31.7537	84.593	
-0.228095	-0	0.235585	24.4045	-5.26088	26.1796	
-0.124253	-0	0.238304	-30.4789	-63.4224	61.3514	
-3.43996	-0	0.151479	58.6289	-142.106	-9.43616	
-4.66254	-0	0.119465	19.3018	-184.145	-1.64928	
-3.09816	-0	0.160429	7.10733	-174.928	4.47006	
-2.94769	-0	0.16437	-1.57284	-160.497	-6.08609	
-2.64048	-0	0.172414	-18.6673	-137.167	-3.41589	
-0.712926	-0	0.222889	108.441	-53.6901	-32.4844	
0.150549	0	0.2455	-40.6993	-3.80351	-121.092	
-0.234947	-0	0.235405	21.2124	-44.6595	-56.1494	
-0.174915	-0	0.236977	22.6063	-31.2851	-48.8691	
-4.3172	-0	0.128508	-25.2265	-191.103	-11.5928	
0.432391	0	0.25288	21.5129	69.0217	22.3545	
0.331852	0	0.250247	-30.3659	76.5065	-19.4982	
-6.18351	-0	0.0796368	-16.4936	-187.852	-5.94419	
-4.33657	-0	0.128	-35.3801	-222.031	7.36519	
-3.01918	-0	0.162497	-32.3665	-195.845	-9.49153	
-0.198419	-0	0.236362	8.61901	-38.4655	-32.6161	
0.103226	0	0.244261	63.3016	30.3774	69.9687	
0.257532	0	0.248301	-23.066	0.237572	-17.7996	
-0.0994104	-0	0.238954	46.3737	-36.8085	-121.178	
-4.26121	-0	0.129974	-15.1983	-180.909	-8.38631	
-3.26084	-0	0.15617	28.4518	-197.452	-0.71152	
-0.432924	-0	0.230221	40.5799	-68.224	-52.768	
0.692158	0	0.259682	-29.6468	8.51632	0.705278	
-4.02058	-0	0.136275	13.524	-204.399	-0.0538347	
17.852	0	0.709029	-2.58427	226.36	1.18912	
-0.149027	-0	0.237655	115.298	-49.6208	-151.995	
-0.393368	-0	0.231257	19.2729	-84.3218	-20.0565	
-4.28299	-0	0.129404	29.905	-174.82	8.06634	
-2.72759	-0	0.170133	-21.0994	-200.017	1.77405	
-0.339292	-0	0.232673	-2.0496	-70.2191	-12.4111	
-4.02929	-0	0.136047	-30.3936	-188.893	13.6709	
0.0549805	0	0.242997	-20.4277	-31.1999	-70.7926	
-0.320604	-0	0.233162	93.4771	-85.9719	-78.5168	
0.366726	0	0.251161	-42.2316	82.5152	-36.8616	
0.572108	0	0.256539	-47.7518	64.0051	-9.47798	
-0.335418	-0	0.232774	-55.5784	-63.5859	26.0613	
-5.45136	-0	0.0988087	29.0848	-194.623	6.37432	
-7.94142	-0	0.0336041	-49.4809	-170.815	6.5415	
-0.491108	-0	0.228697	13.7653	-71.6171	-9.6284	
0.401776	0	0.252078	-4.38578	67.3402	-24.4597	
-0.194108	-0	0.236475	-36.5538	3.28391	-25.4018	
-2.80952	-0	0.167988	-42.9051	-190.469	5.48618	
-0.157214	-0	0.237441	-39.3003	-22.3949	1.10096	
0.382479	0	0.251573	-117.529	57.4527	-69.2922	
0.250788	0	0.248125	-12.8222	35.4857	31.3861	
0.231255	0	0.247613	-87.0543	50.131	-113.521	
-8.01146	-0	0.0317701	-10.9088	-193.972	-1.5744	
0.261016	0	0.248393	-92.6872	-8.2443	-122.601	
-0.411191	-0	0.23079	24.9268	-38.8494	-30.5694	
0.468689	0	0.253831	-93.9399	53.0037	-34.6452	
0.203743	0	0.246893	-88.4208	74.2511	-94.0193	
-3.33652	-0	0.154188	-12.124	-156.68	-13.9932	
-4.0918	-0	0.13441	45.2759	-205.048	-12.9981	
-4.71229	-0	0.118162	-3.78454	-210.738	-4.57621	
-6.42561	-0	0.0732969	16.8727	-195.815	6.89544	
-6.05731	-0	0.0829414	-0.213997	-177.646	0.160658	
-0.41767	-0	0.230621	-99.2958	-89.0772	62.594	
0.273037	0	0.248707	-14.9304	90.1474	-20.3332	
0.196364	0	0.2467	-116.518	52.955	-99.3108	
0.264059	0	0.248472	-74.1019	-80.0038	-90.6278	
-0.244079	-0	0.235166	-83.7785	-59.1681	113.783	
-2.35148	-0	0.179982	-32.6158	-202.823	-5.77832	
-0.588207	-0	0.226155	-61.7342	-39.9234	30.1191	
-5.68283	-0	0.0927473	-25.0047	-175.81	-10.2548	
-5.3022	-0	0.102715	-34.7429	-184.274	-5.98397	
-0.484303	-0	0.228876	90.845	-37.6588	-44.7174	
-0.132198	-0	0.238096	-57.2567	-62.411	74.7851	
-0.23172	-0	0.23549	-30.921	-16.7269	23.3724	
-5.99903	-0	0.0844674	0.641626	-253.615	-5.04083	
0.236204	0	0.247743	-48.1554	47.869	-13.1026	
-0.132211	-0	0.238096	66.0848	26.8972	-105.061	
0.287723	0	0.249092	136.222	-38.8188	71.8514	
-0.0420737	-0	0.240456	-2.04844	-29.2133	-4.74594	
0.455439	0	0.253484	-70.0676	79.1167	-37.7918	
-3.09237	-0	0.160581	-28.6772	-249.055	9.21239	
-4.3018	-0	0.128911	-12.2863	-157.564	3.1862	
8.06694	0	0.452798	-44.8253	236.436	-2.25135	
-3.24219	-0	0.156658	26.9639	-158.919	4.7128	
-4.68347	-0	0.118917	33.9324	-204.829	-2.93952	
0.128525	0	0.244923	34.3494	-48.7627	86.9467	
21.0132	0	0.791807	-5.51755	241.422	1.15639	
0.433549	0	0.25291	23.964	55.5226	42.0679	
0.292794	0	0.249225	65.6672	19.568	74.3963	
-6.22702	-0	0.0784973	41.4706	-202.495	11.222	
-3.86204	-0	0.140426	-42.1077	-202.246	18.381	
0.496017	0	0.254546	8.54947	52.3965	-13.6158	
-7.29317	-0	0.0505792	-42.8679	-196.643	-9.32813	
-5.88357	-0	0.0874908	-5.82665	-222.952	-10.2097	
-0.167824	-0	0.237163	45.9185	67.6726	-82.7647	
-0.286886	-0	0.234045	84.6404	19.4997	-72.3533	
-0.144988	-0	0.237761	-76.7728	53.4875	54.4979	
-5.65919	-0	0.0933665	-6.01482	-185.234	9.19133	
0.180535	0	0.246285	-100.704	66.7288	-118.501	
-0.241435	-0	0.235235	88.1858	-57.2988	-99.0224	
-0.245466	-0	0.23513	-10.5957	-46.2663	40.2141	
-5.52807	-0	0.0968	-11.6766	-186.766	-3.76449	
-5.9309	-0	0.0862516	45.085	-215.535	-8.84038	
-0.230908	-0	0.235511	132.172	-67.14	-89.945	
-2.47196	-0	0.176827	-22.6374	-206.834	-8.51201	
-2.67234	-0	0.17158	8.53257	-193.992	-0.304369	
-0.172616	-0	0.237037	54.3967	-45.4707	-123.479	
0.327906	0	0.250144	18.38	41.2626	-9.51525	
-0.12236	-0	0.238353	-27.6578	46.9022	48.8561	
-0.379883	-0	0.23161	7.20457	-86.6562	7.87935	
0.140806	0	0.245245	-78.0918	62.6635	-106.864	
0.177127	0	0.246196	51.8914	44.6237	104.079	
-0.079143	-0	0.239485	-9.83615	16.3126	25.531	
-0.462495	-0	0.229447	-134.168	-89.9234	70.1565	
-2.93633	-0	0.164667	23.0082	-168.05	5.3041	
-0.303519	-0	0.23361	-1.24244	-92.0444	-8.64562	
-3.8113	-0	0.141755	32.9766	-217.147	-7.36156	
0.441881	0	0.253129	93.325	39.3227	89.1438	
-0.0197362	-0	0.241041	3.2358	-6.52193	-78.0153	
-0.342889	-0	0.232579	34.7224	-34.2804	-12.2404	
-5.06251	-0	0.108991	2.91287	-204.429	4.62235	
11.6494	0	0.546609	8.29452	229.071	-5.17698	
-5.46822	-0	0.0983673	12.8746	-202.123	-2.38133	
0.256782	0	0.248282	76.5601	74.9587	94.2227	
-4.81885	-0	0.115371	-29.4681	-195.023	12.3607	
-4.62548	-0	0.120435	-10.1491	-207.881	3.10432	
-4.35243	-0	0.127585	-10.7653	-192.098	8.73256	
-0.149356	-0	0.237647	58.245	28.7333	-60.7797	
-0.44063	-0	0.230019	125.458	-4.15597	-41.3708	
-3.25303	-0	0.156374	-10.7828	-191.418	3.53515	
0.0495959	0	0.242856	-14.7585	-1.60242	-70.5148	
0.405587	0	0.252178	7.84616	59.0734	38.1403	
-5.89737	-0	0.0871296	-34.653	-191.38	-2.27856	
0.061189	0	0.24316	19.0877	3.41961	13.998	
0.120483	0	0.244713	21.4011	49.4578	67.0994	
-0.25874	-0	0.234782	-57.8645	-69.7493	73.8376	
-1.93558	-0	0.190873	21.0807	-211.805	-6.7184	
-3.66299	-0	0.145639	-26.9247	-201.121	3.69717	
-3.54273	-0	0.148788	18.927	-221.409	-6.42544	
-4.06795	-0	0.135035	-31.3691	-187.855	1.09867	
-0.190475	-0	0.23657	55.2929	-36.2923	-54.5269	
-5.01246	-0	0.110302	1.2395	-210.198	-11.0322	
-0.703776	-0	0.223129	-89.4158	8.72649	16.1989	
0.332139	0	0.250255	-110.631	70.2504	-106.775	
-3.14653	-0	0.159163	-22.5369	-202.212	9.16226	
0.255158	0	0.248239	98.1624	79.0197	101.156	
0.20814	0	0.247008	-58.8951	64.7788	-50.0478	
-0.200483	-0	0.236308	-137.953	79.1384	154.639	
0.659198	0	0.258819	-97.2825	47.4125	-45.5028	
-0.286131	-0	0.234065	-24.5278	-66.7578	7.86342	
-2.87693	-0	0.166223	49.7007	-213.174	-10.5084	
0.37774	0	0.251449	53.5593	44.3387	19.1804	
-0.370068	-0	0.231867	79.0439	-76.3564	-51.4216	
-0.127991	-0	0.238206	-75.7459	58.4411	106.145	
-0.411342	-0	0.230786	-57.9868	-31.8598	4.60015	
0.288503	0	0.249112	26.1802	28.1329	-11.9061	
-2.56568	-0	0.174373	-31.9799	-199.313	-6.40016	
-0.287109	-0	0.234039	88.4705	47.1489	-78.9852	
-1.75832	-0	0.195514	28.3551	-255.404	-1.64588	
-4.85169	-0	0.114512	-48.5156	-190.364	13.6304	
0.319276	0	0.249918	41.2723	55.7146	11.9414	
-3.24522	-0	0.156579	13.6376	-199.513	-6.90702	
0.212976	0	0.247135	22.6319	-49.0248	50.0252	
0.426892	0	0.252736	-20.0667	64.4719	-29.5637	
-2.32881	-0	0.180576	10.79	-162.448	6.32399	
-0.103278	-0	0.238853	14.2638	-12.4648	9.62594	
-6.61613	-0	0.068308	-30.3519	-180.948	-2.36561	
0.118771	0	0.244668	-62.3203	11.2052	-16.283	
4.56788	0	0.361172	10.4189	210.69	0.693861	
11.5463	0	0.543908	7.50818	224.71	3.69365	
0.0640173	0	0.243234	54.2982	19.0451	207.325	
-4.83659	-0	0.114907	0.694171	-201.633	5.63051	
-2.65396	-0	0.172061	18.158	-191.678	-6.56903	
0.190302	0	0.246541	-43.4258	75.6548	-61.3789	
-5.82035	-0	0.0891463	-36.809	-168.067	-9.58826	
-0.143128	-0	0.23781	25.6135	-43.055	-26.0346	
0.15356	0	0.245579	71.7899	-26.4706	71.3594	
-0.269064	-0	0.234512	45.1185	-78.5612	-6.63587	
0.200343	0	0.246804	-41.4942	-64.963	-65.3303	
-2.45288	-0	0.177327	7.17961	-186.186	9.47321	
-3.73213	-0	0.143828	2.98978	-230.097	-4.1454	
0.138834	0	0.245193	-15.7828	-66.9808	-1.26309	
11.9457	0	0.554366	-11.5095	184.247	-3.8584	
-6.42894	-0	0.0732098	-15.5695	-201.147	4.36319	
0.356762	0	0.2509	-19.0362	87.1002	10.1032	
0.663484	0	0.258932	67.1549	57.167	17.0824	
0.300351	0	0.249423	41.2053	69.3888	55.7057	
-5.94339	-0	0.0859244	-49.3047	-225.129	-5.43624	
-3.87592	-0	0.140063	40.9955	-188.554	6.57066	
-0.0717883	-0	0.239678	-24.9327	55.4356	61.3422	
-0.184675	-0	0.236722	-13.2117	-46.7494	0.762371	
-0.24579	-0	0.235121	16.0382	-86.6918	-8.26341	
-0.0801863	-0	0.239458	37.7622	30.0118	-194.214	
-0.160475	-0	0.237355	-21.1538	2.17399	112.492	
-2.61793	-0	0.173005	-50.8205	-143.006	15.0112	
-3.93764	-0	0.138447	5.32267	-172.262	-5.79841	
-0.181887	-0	0.236795	15.8584	-61.3715	-45.5548	
-0.0834146	-0	0.239373	7.87007	43.2695	35.2542	
-0.306865	-0	0.233522	42.998	-28.9157	-73.9801	
0.255601	0	0.248251	23.947	54.4298	-28.8962	
-0.329493	-0	0.232929	-41.8165	-99.7003	7.86313	
-4.39068	-0	0.126584	-5.94552	-194.306	-2.84382	
0.017493	0	0.242016	13.0312	3.25266	54.966	
-3.7574	-0	0.143167	19.6133	-150.173	-14.4263	
0.358207	0	0.250938	-28.1357	65.1773	-31.0115	
-3.41846	-0	0.152042	24.5927	-193.426	10.8342	
-0.646178	-0	0.224637	-34.6251	-33.0134	28.8307	
-3.02488	-0	0.162348	21.4928	-212.672	14.3538	
-6.40065	-0	0.0739505	-18.3676	-231.075	-2.26645	
-3.44155	-0	0.151437	-20.3652	-202.741	-3.57629	
-5.23564	-0	0.104458	44.8756	-211.782	3.80878	
-1.39176	-0	0.205113	102.249	-174.496	-6.49032	
0.265748	0	0.248516	51.5455	51.902	17.9492	
-0.29943	-0	0.233717	26.9464	-65.8006	-35.9634	
-4.90471	-0	0.113123	5.1164	-219.75	17.7057	
-0.342779	-0	0.232582	106.071	-54.9218	-85.1681	
0.242636	0	0.247911	24.1822	40.7662	35.3823	
0.266396	0	0.248533	29.6597	78.4296	-7.81809	
-4.74988	-0	0.117178	-5.48541	-170.566	-10.2584	
-0.373736	-0	0.231771	-51.488	-92.7834	30.4133	
0.421417	0	0.252593	-33.378	57.759	-15.1642	
-0.453275	-0	0.229688	135.225	-77.9019	-59.7874	
-2.1405	-0	0.185507	-3.46744	-229.787	6.03551	
-3.61157	-0	0.146985	-37.1342	-208.239	-5.12697	
-0.313491	-0	0.233349	-185.732	-52.0697	87.1525	
18.3723	0	0.722654	23.9394	236.666	3.82452	
-6.25701	-0	0.0777121	12.0554	-188.935	-1.9189	
6.07622	0	0.400669	-20.2023	206.01	-10.4831	
-4.11137	-0	0.133898	29.0302	-149.96	-9.54219	
-2.3634	-0	0.17967	-46.465	-193.635	12.7481	
-4.73026	-0	0.117691	6.63586	-163.437	-2.16404	
-6.57076	-0	0.069496	4.81145	-222.208	7.41296	
2.79738	0	0.314809	-29.7521	181.086	-0.32359	
-2.00033	-0	0.189177	-1.08198	-175.12	6.35412	
-1.97839	-0	0.189751	12.3093	-145.362	1.90457	
0.0629846	0	0.243207	-16.1793	19.6891	-12.9348	
-0.270742	-0	0.234468	-104.186	-67.8988	76.8556	
-3.17483	-0	0.158422	30.9347	-225.449	-1.69285	
-2.60143	-0	0.173437	11.2134	-196.625	-1.26755	
-0.233212	-0	0.235451	-16.8566	-29.8854	30.3885	
-0.125122	-0	0.238281	59.0558	-53.1642	-63.1948	
-1.48964	-0	0.20255	96.0523	-172.96	-10.6805	
-0.203419	-0	0.236231	38.0883	-56.2233	-7.39086	
-2.74479	-0	0.169683	33.4254	-191.12	18.4239	
-3.95941	-0	0.137877	-50.5164	-182.695	11.3362	
-5.06221	-0	0.108999	6.89807	-131.419	7.72459	
-0.125559	-0	0.23827	24.9119	56.7269	-53.6978	
-0.123453	-0	0.238325	37.0183	5.65243	-101.46	
-0.944793	-0	0.216817	-111.613	-103.115	40.0045	
0.22003	0	0.247319	61.4785	61.0593	61.72	
-4.7257	-0	0.117811	-21.6359	-208.428	7.49481	
-0.212979	-0	0.235981	-48.8306	-58.1637	52.8216	
-2.43628	-0	0.177761	38.6314	-206.309	-11.7297	
0.240052	0	0.247844	-124.01	-27.2171	-143.413	
-0.350627	-0	0.232376	-83.5794	-47.1616	51.2897	
0.155641	0	0.245633	-63.7913	-68.3235	-112.463	
-0.342491	-0	0.232589	-65.1982	-49.0764	66.35	
-3.17311	-0	0.158467	-94.6769	-228.529	0.384645	
-2.63491	-0	0.17256	15.3955	-200.136	4.70939	
0.544482	0	0.255815	-18.718	56.7715	20.2478	
0.192936	0	0.24661	140.603	42.6519	136.094	
0.344333	0	0.250574	3.64124	-24.3237	10.7129	
-4.57177	-0	0.121842	-48.282	-213.834	1.54545	
-0.0705808	-0	0.239709	-6.33682	9.88169	99.3501	
0.383891	0	0.25161	-10.7761	90.4396	-15.2454	
9.16364	0	0.481516	40.9219	189.376	9.18483	
-0.109507	-0	0.23869	21.6507	-8.17871	-78.0986	
0.110472	0	0.24445	57.5071	17.9126	198.459	
-2.05566	-0	0.187728	-16.1392	-176.856	3.17919	
-6.57752	-0	0.0693192	-16.6477	-201.474	-7.86072	
0.441606	0	0.253121	-71.6326	77.2724	-72.1868	
0.173597	0	0.246103	31.2617	88.566	31.2422	
0.19259	0	0.246601	81.101	29.974	60.58	
-0.264808	-0	0.234623	-0.927323	-19.5602	53.1	
13.021	0	0.582525	3.67902	228.87	4.34542	
-0.242233	-0	0.235214	-43.1362	-61.0032	60.1032	
-5.23712	-0	0.104419	14.2295	-197.913	-6.16676	
-5.14248	-0	0.106897	-39.9773	-147.029	-16.6675	
-2.30855	-0	0.181106	-5.21536	-160.416	-8.7358	
-5.09851	-0	0.108048	22.6355	-160.772	-7.72181	
-6.70434	-0	0.0659983	22.1574	-214.65	7.62102	
-3.71822	-0	0.144193	15.042	-225.053	-5.81169	
-0.481747	-0	0.228943	-88.6852	-51.2559	38.5786	
-1.98033	-0	0.189701	7.07054	-199.35	-9.68631	
-0.230375	-0	0.235525	-96.5159	-21.7833	99.0333	
0.0287426	0	0.24231	55.2579	-18.8152	169.123	
-2.85582	-0	0.166775	-47.7622	-149.988	9.76011	
-3.71659	-0	0.144235	-1.05988	-169.306	5.69706	
9.03696	0	0.478199	-19.8387	190.731	-4.24787	
-4.64214	-0	0.119999	-58.7838	-192.779	-4.15736	
0.160136	0	0.245751	-64.9585	6.12621	-49.8594	
-2.33323	-0	0.18046	-48.5111	-185.034	-4.60525	
0.222504	0	0.247384	-7.02379	29.372	1.94939	
-3.84876	-0	0.140774	17.2329	-199.607	4.81473	
-4.43482	-0	0.125428	-55.2932	-191.021	2.463	
0.256955	0	0.248286	-89.8787	-44.663	-128.013	
-4.49218	-0	0.123926	-26.5291	-193.613	-0.562688	
0.297904	0	0.249358	106.008	73.2349	94.7599	
0.0988742	0	0.244147	32.8366	-18.082	-42.9296	
0.195749	0	0.246683	131.845	47.0975	121.532	
0.125273	0	0.244838	-27.2273	40.5256	-24.7007	
-0.0658989	-0	0.239832	28.1773	-52.9245	51.4713	
-1.93177	-0	0.190972	-6.66816	-217.577	-4.22997	
0.257137	0	0.248291	119.338	83.2819	101.827	
-0.525205	-0	0.227805	61.601	-24.4955	-5.36584	
-6.66486	-0	0.0670321	-40.5622	-192.417	4.17693	
0.535243	0	0.255573	46.2462	74.2891	33.6489	
0.317229	0	0.249865	-75.5496	33.2233	-73.1311	
-5.95425	-0	0.0856401	13.4968	-132.557	0.191182	
0.233906	0	0.247683	56.9094	45.1439	50.0035	
0.530772	0	0.255456	36.4468	79.2391	23.5705	
0.222203	0	0.247376	-85.0224	-34.9292	-111.061	
-5.08528	-0	0.108395	-25.1629	-151.554	2.57454	
-5.16721	-0	0.106249	-11.1543	-199.77	8.8724	
-0.44887	-0	0.229803	63.9915	-75.8753	-23.6428	
-4.42323	-0	0.125731	-14.071	-195.523	1.70285	
10.4776	0	0.515922	-8.09918	230.483	0.72443	
-0.23951	-0	0.235286	-34.1457	-40.4008	22.9762	
-0.35294	-0	0.232316	18.1355	-53.6448	-7.85784	
0.17717	0	0.246197	24.7765	51.9551	65.4041	
-0.299173	-0	0.233723	41.1694	-48.6494	-59.0399	
-6.36949	-0	0.0747667	-12.9133	-171.443	-4.48439	
-2.30178	-0	0.181283	-30.3935	-182.449	6.28485	
-0.286888	-0	0.234045	-156.105	-28.2407	120.743	
-4.30074	-0	0.128939	-17.1792	-173.982	12.535	
0.611729	0	0.257576	50.7741	65.7937	21.5581	
-2.38007	-0	0.179233	57.0889	-205.796	-2.82507	
-6.42911	-0	0.0732054	14.8025	-235.305	-8.81667	
-0.37168	-0	0.231825	-66.7403	12.5959	25.4015	
-0.395485	-0	0.231201	-105.329	-85.0706	70.6991	
0.219352	0	0.247302	-41.5344	-74.6945	-51.8085	
-1.84262	-0	0.193307	75.6937	-192.923	-2.87745	
-0.199918	-0	0.236323	-48.6732	-65.7738	11.3176	
-2.32249	-0	0.180741	9.71404	-200.621	-5.9167	
-6.22462	-0	0.0785602	-20.5267	-175.401	7.92641	
17.5971	0	0.702353	-50.2304	234.145	2.05325	
-3.02453	-0	0.162358	-29.737	-164.807	-3.31526	
-0.414167	-0	0.230712	25.16	-2.21478	-32.4989	
-3.50968	-0	0.149653	-17.8884	-184.947	-0.58912	
-5.24898	-0	0.104108	17.273	-203.41	-6.02615	
-5.68962	-0	0.0925696	31.2576	-187.858	12.9108	
-0.296089	-0	0.233804	40.6175	-81.7138	-3.92778	
-6.41472	-0	0.0735822	1.92324	-199.82	-1.36412	
-1.78758	-0	0.194748	23.4742	-223.269	12.4625	
0.384952	0	0.251638	82.5325	57.313	63.6572	
-2.48141	-0	0.176579	34.4082	-204.652	0.0964092	
-4.88297	-0	0.113692	-10.8459	-176.936	-1.42838	
0.395225	0	0.251907	-18.3059	63.1961	-30.1762	
-0.136149	-0	0.237992	24.6859	25.0708	-27.7254	
0.409697	0	0.252286	122.469	59.7574	54.7154	
-4.02535	-0	0.13615	35.5036	-171.881	5.59894	
-0.105435	-0	0.238797	-59.6829	-41.3494	122.153	
-3.98428	-0	0.137226	-48.9944	-217.951	8.48092	
-5.58468	-0	0.0953176	7.52572	-198.36	-6.72681	
-6.79824	-0	0.0635395	-10.6529	-167.404	2.61012	
0.0688676	0	0.243361	65.5776	2.42025	123.294	
-6.05648	-0	0.082963	16.4522	-179.111	0.979468	
-2.41941	-0	0.178203	-31.2205	-165.32	4.56684	
-0.507924	-0	0.228257	-47.9492	-80.931	18.0819	
-5.3371	-0	0.101801	-61.3678	-171.098	0.41179	
-2.64303	-0	0.172347	-39.6678	-184.822	7.86025	
-0.249226	-0	0.235031	46.1018	-45.0445	-56.2641	
0.200004	0	0.246795	30.2822	4.59287	28.8388	
0.215447	0	0.247199	109.377	46.9143	60.6907	
-0.132521	-0	0.238087	25.8275	-68.8953	-18.2015	
-0.303861	-0	0.233601	-43.4637	-57.7225	45.3926	
-6.55261	-0	0.0699714	-79.4487	-165.138	-0.669812	
-1.9591	-0	0.190257	19.3973	-165.675	1.65565	
0.013835	0	0.24192	-7.89357	1.07862	-33.2636	
0.185056	0	0.246403	116.475	-65.3036	130.519	
-0.31471	-0	0.233317	69.1775	-73.9333	-38.4305	
-6.09838	-0	0.0818659	29.2753	-161.134	-0.659344	
0.210137	0	0.24706	30.1115	83.7818	73.2024	
-3.74284	-0	0.143548	-32.6473	-207.188	5.47746	
-4.63365	-0	0.120221	14.89	-166.684	-5.9185	
-0.19761	-0	0.236383	10.7863	51.579	-27.4154	
17.1681	0	0.69112	-2.7726	254.118	2.60127	
-4.00039	-0	0.136804	45.2208	-252.695	-5.12883	
0.0857487	0	0.243803	-8.03107	6.69939	21.2975	
-4.89383	-0	0.113408	-8.82374	-228.322	3.6837	
-0.169221	-0	0.237126	-92.052	-61.1901	125.436	
-6.06023	-0	0.0828648	-1.40688	-205.13	2.55324	
-0.144686	-0	0.237769	-64.5979	-67.2165	89.2435	
0.25894	0	0.248338	-26.9134	73.2737	-28.7342	
0.0644674	0	0.243246	-30.8711	-10.4888	-199.393	
-0.507018	-0	0.228281	94.3822	-77.1266	-48.0805	
0.189608	0	0.246523	87.6661	23.8284	105.163	
-4.39419	-0	0.126492	20.1385	-181.972	1.14362	
-2.62324	-0	0.172866	53.9371	-150.957	-4.16931	
-0.235484	-0	0.235391	-61.108	57.8579	29.2747	
-3.33463	-0	0.154237	4.30609	-141.444	-1.2474	
-3.44075	-0	0.151458	36.6823	-176.42	8.19487	
-2.96137	-0	0.164011	-57.7872	-155.426	5.83512	
-6.66158	-0	0.067118	-13.5782	-217.702	5.8067	
-0.368775	-0	0.231901	-9.90672	23.6674	-21.0267	
0.148538	0	0.245447	57.2321	47.2739	153.531	
-0.114247	-0	0.238566	-3.47912	-41.542	0.555051	
-3.91391	-0	0.139068	-27.7632	-219.222	7.1198	
-3.32467	-0	0.154498	16.8873	-193.859	5.31752	
-0.555193	-0	0.227019	-5.7066	-55.4866	11.1549	
-2.34404	-0	0.180177	2.14148	-218.189	1.57826	
0.259295	0	0.248347	3.69714	73.5108	27.1992	
0.0759938	0	0.243548	-10.5827	34.7363	-88.2813	
0.159913	0	0.245745	30.3201	-45.0129	59.7469	
0.140719	0	0.245242	48.8863	9.3508	171.19	
-6.18985	-0	0.0794707	17.6433	-197.757	-2.0721	
-0.0228679	-0	0.240959	-13.8428	-2.98223	1.46896	
0.0321868	0	0.2424	-7.5434	19.9208	-205.404	
-5.42616	-0	0.0994685	-8.04845	-153.335	-11.8161	
-5.81203	-0	0.0893643	7.60996	-234.772	5.12297	
-0.0971171	-0	0.239014	-65.5907	-71.104	163.645	
0.348801	0	0.250691	87.4983	34.1731	40.7101	
-6.01983	-0	0.0839229	-13.755	-163.902	5.82626	
-2.6134	-0	0.173123	-11.9374	-159.896	1.50178	
-0.16614	-0	0.237207	-84.3347	-11.4679	70.2909	
0.37344	0	0.251336	19.8364	65.3715	7.6039	
-0.210087	-0	0.236056	59.8876	-90.3657	-60.1694	
0.170105	0	0.246012	-21.4645	32.3414	-72.5064	
-2.49925	-0	0.176112	81.8879	-161.42	2.90174	
-0.171754	-0	0.23706	-56.5745	-69.9695	101.34	
-3.25463	-0	0.156332	35.2976	-151.702	-10.3078	
-3.07178	-0	0.16112	52.1252	-198.811	-14.8999	
-2.85331	-0	0.166841	-1.88145	-249.954	4.87695	
-2.31236	-0	0.181006	-32.8876	-192.741	-12.6115	
-3.03022	-0	0.162208	-8.92431	-170.079	-7.96432	
0.305955	0	0.249569	-60.3865	58.3262	-26.7818	
-0.268131	-0	0.234536	34.7455	7.41163	-73.9669	
0.165003	0	0.245878	-55.569	23.339	-45.4	
0.29749	0	0.249348	14.1928	82.5694	14.249	
-5.65536	-0	0.0934668	5.93084	-188.357	-17.3406	
-0.062151	-0	0.23993	-54.9751	-25.3456	188.944	
-4.36446	-0	0.12727	-24.0212	-195.045	4.35678	
-0.103736	-0	0.238841	6.13529	-15.3977	46.343	
0.53292	0	0.255513	-33.703	84.5731	-14.7826	
-0.124791	-0	0.23829	75.6517	-52.6673	-134.169	
-4.64914	-0	0.119815	22.6173	-172.919	-21.6616	
-5.36777	-0	0.100998	-48.1076	-197.728	6.4763	
0.0436306	0	0.2427	-6.00909	-6.2481	-167.03	
0.120243	0	0.244706	81.2861	52.4421	121.515	
-2.28363	-0	0.181758	-76.0701	-228.171	-12.4994	
0.424167	0	0.252665	115.731	34.8074	68.1346	
-0.125399	-0	0.238274	-7.37713	-4.01469	34.3539	
0.0209581	0	0.242106	22.0481	17.2532	101.774	
-0.3337	-0	0.232819	60.9609	3.18799	-93.609	
0.383681	0	0.251605	50.7568	84.7121	28.2352	
0.290713	0	0.24917	149.793	86.4348	100.491	
0.256467	0	0.248273	4.96323	-13.5092	-31.8081	
0.141941	0	0.245274	28.2477	59.583	29.137	
-0.271613	-0	0.234445	-28.6918	-68.7239	23.8789	
-0.443264	-0	0.22995	-49.2464	-66.2959	24.7649	
-4.98016	-0	0.111147	-4.98359	-185.123	1.48921	
-4.2518	-0	0.13022	24.7637	-169.842	-1.9103	
0.129296	0	0.244943	34.5043	-33.2918	11.1859	
-5.37105	-0	0.100912	23.0492	-187.064	-7.15862	
-5.47833	-0	0.0981024	-11.3907	-198.547	5.92435	
-4.37196	-0	0.127074	8.81765	-175.961	2.45342	
-4.52025	-0	0.123191	22.9324	-186.809	0.555021	
0.263203	0	0.24845	-49.9494	79.7199	-19.8617	
-0.0826804	-0	0.239393	21.6469	-26.3544	-101.254	
0.0831674	0	0.243735	28.8198	0.226982	38.3111	
-3.67697	-0	0.145273	24.1552	-214.565	5.23601	
0.354532	0	0.250841	74.0252	91.1288	54.5881	
0.0344779	0	0.24246	8.01333	-1.848	-60.4047	
-4.24944	-0	0.130282	76.8323	-177.37	-1.11941	
0.335844	0	0.250352	-2.72927	39.8811	14.776	
-4.59741	-0	0.12117	25.3003	-197.894	0.41413	
-3.98001	-0	0.137337	-24.2254	-198.13	2.64266	
0.127058	0	0.244885	-10.9959	15.4881	-26.2328	
2.72338	0	0.312872	10.9959	202.445	2.11992	
-2.78419	-0	0.168651	-4.09215	-172.188	-4.61485	
-0.102343	-0	0.238878	4.15078	-48.5587	54.8497	
-4.43096	-0	0.125529	-12.9811	-214.274	-5.29916	
-4.38123	-0	0.126831	-10.7645	-207.752	-4.66455	
0.480423	0	0.254138	-29.9753	29.735	-18.5578	
-5.85207	-0	0.0883156	-28.21	-152.1	7.16818	
-0.0315696	-0	0.240731	32.89	55.4634	-131.752	
0.152446	0	0.245549	-23.2828	51.9439	1.60079	
-5.06959	-0	0.108806	24.7789	-163.641	9.32468	
-4.81238	-0	0.115541	-1.03241	-187.143	7.93334	
-6.66813	-0	0.0669465	-25.6622	-144.516	2.15993	
0.38683	0	0.251687	-8.4004	50.7431	-13.9847	
-0.412585	-0	0.230754	-55.3002	-80.9618	39.2898	
-0.376103	-0	0.231709	-119.576	-76.2588	74.3979	
-2.65084	-0	0.172143	52.8252	-211.672	3.20664	
0.209113	0	0.247033	-6.59258	57.6464	-13.671	
-0.198619	-0	0.236357	-17.3182	-39.7576	40.5276	
-3.18663	-0	0.158113	0.216775	-187.839	-2.68473	
-5.60256	-0	0.0948494	-17.4099	-190.688	-11.9056	
-3.95122	-0	0.138091	-60.4454	-148.62	3.03789	
-0.137636	-0	0.237953	18.8116	-13.0564	34.1884	
-1.57311	-0	0.200364	64.9225	-160.283	-21.5845	
-0.0547943	-0	0.240123	-13.1021	-0.832186	15.851	
17.4488	0	0.69847	7.65581	255.486	-4.04965	
-0.358305	-0	0.232175	-22.0345	-80.2294	21.2893	
0.479274	0	0.254108	118.928	56.9483	34.8168	
-6.34581	-0	0.0753868	-21.8444	-193.651	-11.8233	
-4.71437	-0	0.118108	-0.965511	-203.061	-2.25918	
-5.15501	-0	0.106569	-20.2077	-210.921	11.7155	
-0.16373	-0	0.23727	35.9663	-21.3032	-154.431	
-5.07622	-0	0.108632	-51.9544	-188.255	-0.258519	
-2.82825	-0	0.167497	2.74842	-182.757	27.677	
-0.162579	-0	0.2373	22.5842	-29.0587	-78.1986	
-0.340703	-0	0.232636	-51.2323	-5.48325	74.6162	
0.0906996	0	0.243933	-6.82268	-41.2325	-50.4657	
-0.16336	-0	0.23728	-85.6365	-75.926	95.8811	
-6.03619	-0	0.0834943	38.8977	-202.779	-5.65562	
-3.07705	-0	0.160982	-21.6234	-167.277	7.30555	
-0.226196	-0	0.235634	-83.1594	-26.1982	65.2857	
-5.34932	-0	0.101481	-12.6607	-248.969	-10.1793	
-0.0585636	-0	0.240024	-10.1545	-53.9204	134.179	
-5.57827	-0	0.0954854	21.3806	-191.071	3.79281	
-0.131218	-0	0.238121	109.607	-23.6106	-186.229	
0.33654	0	0.25037	39.4498	51.5074	23.1039	
0.416328	0	0.25246	-53.9519	92.7749	-17.943	
-0.193379	-0	0.236494	-25.9735	-91.3529	39.8002	
-0.227824	-0	0.235592	-72.6843	-72.574	93.9521	
-2.9148	-0	0.165231	-40.8939	-185.379	4.88753	
-1.7025	-0	0.196976	-41.8624	-182.665	10.4539	
0.24702	0	0.248026	-26.0729	-18.5793	-69.9803	
-0.43524	-0	0.23016	-50.7109	48.5105	15.4711	
-0.370178	-0	0.231864	78.1073	-105.168	-42.6612	
-0.451213	-0	0.229742	76.5895	-85.9923	-51.8158	
-0.0913539	-0	0.239165	85.3718	-20.5756	-89.9062	
-0.119102	-0	0.238439	-36.0001	-39.517	122.969	
-0.511608	-0	0.228161	55.208	-79.7028	-22.7284	
-0.199857	-0	0.236324	-56.3399	-45.0772	82.5166	
-0.363893	-0	0.232029	-68.1952	9.61155	59.4615	
-0.36989	-0	0.231872	71.68	-64.4581	-45.5237	
26.4993	0	0.935465	0.488267	248.989	-2.72201	
0.315004	0	0.249806	-13.881	65.2773	-6.33232	
-4.32401	-0	0.12833	-31.9225	-142.952	-2.768	
0.391628	0	0.251813	-41.0422	27.9678	-40.5236	
-0.260227	-0	0.234743	-81.8366	-1.66374	37.7313	
-4.95314	-0	0.111855	15.1227	-229.329	-9.49144	
-4.65748	-0	0.119597	-43.719	-172.794	-1.43656	
-1.23257	-0	0.209282	6.83407	-271.991	16.956	
-4.96635	-0	0.111509	36.265	-198.916	5.83259	
-4.66736	-0	0.119338	51.7839	-211.815	-12.582	
-3.97325	-0	0.137514	4.77783	-211.885	-12.725	
-0.111546	-0	0.238637	-42.9871	-25.9475	7.9984	
-4.18841	-0	0.13188	15.1875	-190.04	3.34109	
-0.177952	-0	0.236898	-10.9425	-61.7538	20.4162	
-4.10898	-0	0.13396	15.7059	-174.619	0.685881	
-3.35431	-0	0.153722	-50.0577	-204.381	-6.02914	
-5.93597	-0	0.0861186	-8.77808	-146.663	8.73054	
-5.55786	-0	0.0960199	-81.1136	-175.27	5.54603	
-3.44994	-0	0.151218	22.8107	-193.918	-22.9023	
0.538384	0	0.255656	-77.9556	24.6314	-51.771	
0.465102	0	0.253737	-88.7775	38.1537	-66.3036	
0.148673	0	0.245451	-42.709	-58.8486	-54.7453	
-0.122417	-0	0.238352	-31.9482	10.0262	41.9241	
15.7946	0	0.655154	-4.19734	214.845	5.13512	
0.117983	0	0.244647	29.3424	-16.0013	108.026	
-0.0290666	-0	0.240796	23.2141	-30.1006	11.8821	
-0.343376	-0	0.232566	30.2097	-89.8632	-39.6716	
0.100636	0	0.244193	-23.1592	34.2709	-95.424	
-6.26516	-0	0.0774986	-11.5101	-216.365	5.88746	
-4.7098	-0	0.118227	-14.7435	-208.243	-2.55429	
0.239548	0	0.24783	-60.0886	56.6837	-24.3629	
-4.06149	-0	0.135204	-15.6695	-180.027	5.98299	
-0.0732569	-0	0.239639	-18.4023	-56.5158	55.3638	
0.152727	0	0.245557	38.3692	-6.00398	91.068	
-0.109058	-0	0.238702	-0.903902	-56.3742	-2.45183	
0.104563	0	0.244296	12.7268	17.6069	-58.8893	
-0.328235	-0	0.232962	106.712	-39.4264	-90.8509	
-3.65545	-0	0.145836	24.7676	-166.045	8.70272	
0.334343	0	0.250313	121.164	96.355	91.0741	
-6.12265	-0	0.0812303	16.8705	-211.413	-3.73112	
4.24327	0	0.352672	48.5238	176.536	2.21243	
-0.137151	-0	0.237966	36.2163	-96.725	-37.0169	
-2.91946	-0	0.165109	-48.6969	-180.724	-2.38732	
-5.32317	-0	0.102165	-21.6473	-217.073	-5.93789	
0.148238	0	0.245439	67.9067	46.0711	102.58	
0.294714	0	0.249275	39.7449	56.0605	35.0631	
0.374105	0	0.251354	7.41819	45.8726	-5.19759	
0.355882	0	0.250877	40.6733	-76.6672	36.4168	
-1.7512	-0	0.195701	-15.1299	-192.71	-8.75394	
0.352959	0	0.2508	80.5371	-35.5872	83.4687	
-0.37506	-0	0.231736	-30.7351	-58.6171	-0.0613198	
-0.156625	-0	0.237456	-104.374	-66.2685	130.046	
-6.67039	-0	0.0668873	23.9248	-174.9	-6.15866	
-0.139949	-0	0.237893	76.9	-26.3837	-54.6994	
-4.43018	-0	0.125549	21.8092	-137.177	-0.156827	
0.0815332	0	0.243693	18.014	6.79373	-113.704	
0.487419	0	0.254321	-52.2839	86.3662	-35.451	
-3.36452	-0	0.153455	-46.5364	-200.469	-1.2081	
-6.13752	-0	0.0808409	7.71063	-203.814	-6.35127	
9.71013	0	0.495826	6.49066	231.234	-0.670296	
-4.70111	-0	0.118455	2.70285	-198.939	-1.20812	
13.9733	0	0.607462	-7.13214	203.737	-4.58393	
-0.0387091	-0	0.240544	4.67762	-60.7325	1.79539	
0.370491	0	0.251259	69.9395	71.8375	37.3438	
-3.94301	-0	0.138306	40.4152	-196.108	6.23877	
-1.85762	-0	0.192914	67.4185	-212.889	14.2399	
-5.0846	-0	0.108413	70.1208	-235.712	-18.0064	
0.106227	0	0.244339	-40.877	30.3221	-34.3221	
-0.451814	-0	0.229726	49.2883	-63.0856	-3.29735	
-2.30866	-0	0.181103	8.44059	-144.715	-3.27151	
-0.13925	-0	0.237911	-6.99173	31.5324	-16.9672	
-0.213636	-0	0.235963	-66.4083	-53.4043	89.2251	
0.267147	0	0.248553	26.5176	48.8887	2.78921	
-0.245891	-0	0.235119	-97.3129	41.5493	82.5825	
-0.417121	-0	0.230635	76.8684	-82.8681	-51.6063	
0.47945	0	0.254112	5.72592	60.306	7.93791	
-4.28375	-0	0.129384	55.7453	-205.171	-3.57864	
-6.73903	-0	0.06509	23.2726	-198.205	0.0762611	
-6.0758	-0	0.0824571	28.0267	-144.381	4.83441	
-5.31551	-0	0.102366	-41.5791	-169.374	-10.7786	
-2.29958	-0	0.181341	15.743	-251.425	4.58394	
-2.79051	-0	0.168485	-43.1122	-164.242	0.141211	
0.496225	0	0.254552	-60.1367	56.181	-7.82829	
-3.59442	-0	0.147434	-27.2823	-224.318	19.6536	
-4.01799	-0	0.136343	-17.2331	-228.9	-1.85853	
-4.851	-0	0.11453	1.84201	-152.976	2.06094	
-4.82056	-0	0.115327	37.9288	-181.406	-3.57236	
0.229107	0	0.247557	28.0344	66.5325	6.09048	
0.0756233	0	0.243538	8.41318	25.8756	-34.9244	
0.250973	0	0.24813	87.9611	66.7663	114.903	
-0.254893	-0	0.234883	63.0391	-71.3634	-56.4531	
0.329334	0	0.250181	43.7391	84.475	32.8441	
-0.312954	-0	0.233363	17.9387	-8.92381	16.5603	
0.258602	0	0.248329	32.5548	46.3906	92.4805	
-5.4128	-0	0.0998184	-56.6406	-205.184	0.835382	
-0.255651	-0	0.234863	73.9041	-72.9285	-97.1617	
-2.7735	-0	0.168931	-29.0659	-180.051	12.2576	
0.621239	0	0.257825	-10.4039	57.1835	-18.1866	
0.205402	0	0.246936	-32.3119	73.0997	-36.5759	
-3.47201	-0	0.15064	53.0011	-242.027	6.6708	
-5.44365	-0	0.0990107	-54.3392	-156.026	-11.2781	
-4.39523	-0	0.126464	-1.75052	-177.638	5.21024	
-0.119475	-0	0.238429	18.0448	-44.7868	-73.7571	
0.108862	0	0.244408	-34.3	42.7592	-73.8436	
-0.104578	-0	0.238819	24.04	7.04583	-19.4317	
-4.1442	-0	0.133038	-9.44669	-132.222	-20.6362	
-0.120275	-0	0.238408	-48.4212	-46.7812	112.6	
5.39855	0	0.382924	-39.9222	200.803	-6.55366	
-6.52439	-0	0.0707105	-12.1537	-192.553	1.41363	
0.136027	0	0.24512	21.6128	21.3418	103.216	
0.301589	0	0.249455	23.9119	69.3629	20.4885	
-5.25032	-0	0.104073	64.3938	-190.203	23.0173	
0.189643	0	0.246524	35.4997	105.981	28.3816	
-5.23981	-0	0.104348	17.492	-217.044	-10.3815	
-0.277008	-0	0.234304	49.3419	-72.3544	-71.5283	
-0.415949	-0	0.230666	-30.1366	-74.8674	20.7873	
-5.78821	-0	0.0899879	4.47077	-182.42	-7.66256	
0.273491	0	0.248719	105.105	46.7404	96.5549	
-0.139335	-0	0.237909	74.2226	-58.2412	-97.2105	
-3.24606	-0	0.156557	6.22217	-180.065	-10.5626	
-2.28422	-0	0.181743	0.770006	-208.175	10.8889	
6.66482	0	0.416082	-17.7695	198.082	6.39919	
-7.5603	-0	0.0435841	-30.3185	-234.359	-1.96823	
0.17087	0	0.246032	38.6426	-16.7029	41.1005	
0.480261	0	0.254134	154.287	92.3693	75.1991	
-4.76383	-0	0.116812	31.8451	-186.261	9.25768	
-3.85784	-0	0.140537	-24.6427	-178.17	15.7732	
0.196627	0	0.246706	51.496	83.418	109.826	
-0.352057	-0	0.232339	-8.85688	38.7746	15.0201	
0.19823	0	0.246748	-55.7333	74.7264	-82.872	
-2.95412	-0	0.164201	-30.2834	-229.469	4.7988	
0.154112	0	0.245593	6.24471	38.1421	65.4487	
-2.10245	-0	0.186503	46.981	-140.413	-20.1359	
0.328767	0	0.250167	26.3554	75.4759	23.037	
-2.93396	-0	0.164729	15.6866	-181.399	-2.33653	
9.15673	0	0.481335	-12.7661	200.657	6.25474	
-0.233729	-0	0.235437	-21.0755	-37.0102	31.1733	
-6.03755	-0	0.0834587	12.0073	-184.426	2.16375	
-0.131334	-0	0.238118	-24.9477	-46.7013	3.81768	
-2.80802	-0	0.168027	47.7101	-176.726	5.64896	
0.125263	0	0.244838	2.42073	-27.6715	-48.9053	
16.5644	0	0.675313	-43.7243	211.583	2.07968	
-0.338747	-0	0.232687	129.015	-52.2747	-63.512	
-3.4591	-0	0.150978	4.79938	-174.63	7.40828	
-1.46742	-0	0.203132	-11.9335	-184.662	2.28591	
-1.85235	-0	0.193052	20.5884	-179.469	12.8416	
-0.302654	-0	0.233632	39.1216	-10.1634	-12.9859	
-0.411329	-0	0.230787	-40.6675	-74.8715	41.5122	
0.19997	0	0.246794	16.869	77.3938	-19.1158	
-3.79063	-0	0.142296	7.65833	-213.844	-0.413757	
-0.133465	-0	0.238063	-12.4494	-8.54123	-49.9364	
-5.90969	-0	0.086807	2.76618	-174.29	-4.11652	
-4.80584	-0	0.115712	19.8405	-204.178	13.5476	
-0.272421	-0	0.234424	-5.38093	-64.9133	-32.1984	
0.153429	0	0.245575	18.9619	44.5963	-0.494012	
0.213747	0	0.247155	-66.5371	-45.7241	-149.533	
-0.586993	-0	0.226187	-147.625	-46.7453	65.4425	
-3.54048	-0	0.148847	-24.0644	-194.027	-16.7142	
0.635432	0	0.258197	-59.4444	65.2989	-29.9671	
-0.539265	-0	0.227436	53.6021	-83.9335	-20.3636	
-0.290731	-0	0.233945	-45.9864	15.0868	35.2007	
-0.202388	-0	0.236258	87.6027	-43.0619	-138.89	
-7.23613	-0	0.0520728	30.331	-183.932	0.348864	
-2.05835	-0	0.187658	31.5182	-206.8	1.96728	
0.156425	0	0.245654	-7.72168	15.9389	24.4717	
-0.216766	-0	0.235881	84.5546	-42.9672	-88.6321	
0.222174	0	0.247375	-27.4443	-26.0192	-2.44953	
0.267469	0	0.248561	33.3563	68.9531	56.5573	
-5.75722	-0	0.0907994	5.73525	-196.893	3.85737	
-2.34897	-0	0.180048	16.7034	-163.084	-4.94177	
-0.165619	-0	0.237221	-13.472	45.4362	-36.4272	
0.0804153	0	0.243663	32.7899	10.2392	81.3264	
0.346767	0	0.250638	-146.711	41.0971	-115.977	
0.182236	0	0.24633	-32.3536	81.2141	-23.8505	
0.109549	0	0.244426	-1.39137	-2.59203	143.085	
0.0620078	0	0.243181	35.249	-9.8272	177.783	
0.048618	0	0.242831	5.91108	-3.43836	15.1653	
0.592043	0	0.257061	66.5921	66.2331	39.1651	
-0.0908702	-0	0.239178	31.9824	-40.1652	-100.86	
-6.24485	-0	0.0780304	-48.4678	-200.418	12.9981	
-0.230563	-0	0.23552	38.7994	41.2089	-119.402	
0.414834	0	0.25242	10.9666	76.9676	17.9973	
0.3037	0	0.24951	71.0278	-19.1007	115.173	
-0.280089	-0	0.234223	52.3567	-47.0626	0.0725008	
10.593	0	0.518945	1.19662	194.713	2.09165	
14.2942	0	0.615863	42.1665	235.253	11.4896	
-3.40735	-0	0.152333	-23.8827	-191.115	4.11146	
-0.537057	-0	0.227494	-45.5967	-63.5492	14.3552	
0.637851	0	0.25826	97.7914	45.2391	28.1031	
0.0370039	0	0.242527	1.11968	-35.6449	23.7208	
-4.55412	-0	0.122304	-62.8656	-183.629	-11.4731	
-4.2279	-0	0.130846	-8.37599	-212.71	-6.91055	
-2.76781	-0	0.16908	-69.5892	-211.977	-5.96365	
0.367549	0	0.251182	87.2279	49.5768	72.0451	
-4.85591	-0	0.114401	39.2182	-177.556	0.715705	
-0.292237	-0	0.233905	35.509	-71.9207	-35.9631	
-0.357287	-0	0.232202	-5.53978	-58.9249	-1.03085	
-5.4938	-0	0.0976974	8.28694	-179.033	-4.55715	
-2.24314	-0	0.182819	40.467	-162.359	-4.56738	
0.0879535	0	0.243861	8.52572	39.3054	-29.5617	
-3.54996	-0	0.148599	10.4065	-225.788	-4.07285	
-0.216038	-0	0.2359	5.05388	-43.2845	37.0713	
0.44655	0	0.253251	-17.6619	78.0992	9.45246	
0.234844	0	0.247707	-22.3469	60.9917	-25.6829	
-6.28511	-0	0.0769762	-47.0617	-182.871	-13.3718	
-0.38141	-0	0.23157	55.2917	-90.0057	-34.879	
0.178325	0	0.246227	84.8958	19.5725	71.7861	
-0.146736	-0	0.237715	-114.765	-57.7433	121.05	
-5.29607	-0	0.102875	38.1617	-182.683	16.1878	
-0.147872	-0	0.237685	43.7046	-60.6907	-77.6075	
-6.03609	-0	0.083497	-12.2534	-194.898	-12.5751	
-0.102212	-0	0.238881	68.92	-50.2394	-158.789	
-4.0946	-0	0.134337	-5.23247	-174.919	-8.46458	
0.0675332	0	0.243326	-32.0977	5.61616	-107.938	
-0.122061	-0	0.238361	-5.24768	-32.436	6.14062	
-0.295006	-0	0.233833	-64.5915	-13.4978	46.202	
-4.89909	-0	0.11327	8.79177	-169.853	11.7114	
-4.4277	-0	0.125614	63.5169	-177.221	9.51944	
-4.75408	-0	0.117068	-15.129	-195.703	-4.61341	
-0.202113	-0	0.236265	-6.08059	-44.8925	-30.5862	
-2.65493	-0	0.172036	10.838	-170.698	-11.0498	
-0.382081	-0	0.231552	63.8554	-26.7769	-39.2019	
-5.17785	-0	0.105971	-31.2331	-183.576	-5.65925	
-5.96852	-0	0.0852664	-25.4452	-216.948	3.71567	
-4.64847	-0	0.119833	-26.2151	-167.563	-3.88678	
-0.299328	-0	0.233719	5.52937	-58.5859	11.717	
-4.61473	-0	0.120717	6.41457	-207.189	3.16961	
-0.28584	-0	0.234073	20.2657	-45.9379	5.1875	
-6.95904	-0	0.0593286	-11.0547	-222.439	4.96899	
0.443022	0	0.253159	82.9075	-64.2183	38.6375	
-0.444311	-0	0.229923	38.6786	-16.1111	10.541	
-0.124778	-0	0.23829	20.6315	-32.6087	-38.0915	
20.2827	0	0.772679	10.9414	233.129	4.40325	
15.1245	0	0.637607	9.02776	189.488	0.892504	
0.158658	0	0.245712	28.9081	59.4932	12.7784	
9.94366	0	0.501942	26.0007	226.51	0.658534	
-4.2015	-0	0.131538	-16.383	-200.472	12.4958	
14.7414	0	0.627575	5.01743	202.71	3.45209	
-0.391477	-0	0.231306	-46.5817	-75.3169	21.278	
-0.170384	-0	0.237096	-19.5533	-13.2564	-22.2669	
-5.43449	-0	0.0992506	4.93581	-185.541	-10.9094	
-4.85655	-0	0.114384	16.3056	-151.109	-7.83645	
0.0766549	0	0.243565	-40.2197	20.3012	-162.911	
-3.61661	-0	0.146853	17.2665	-176.176	-8.73684	
-0.489377	-0	0.228743	17.8642	-91.5283	-15.6766	
0.248757	0	0.248071	-30.8275	69.3907	-69.5955	
0.288727	0	0.249118	-26.815	34.0139	-34.6048	
0.110379	0	0.244448	16.1831	-7.56737	94.4038	
0.467709	0	0.253805	4.53805	72.6577	-24.9688	
0.313894	0	0.249777	-11.6897	57.8811	-45.2401	
0.128912	0	0.244933	-23.3963	1.75053	21.7914	
-0.150224	-0	0.237624	-44.2488	-55.9976	62.5849	
-6.77216	-0	0.0642223	-38.7029	-163.201	-7.16098	
0.112385	0	0.2445	-42.0579	64.4666	-88.5214	
-6.18797	-0	0.0795198	2.90706	-185.803	-8.82155	
-3.57241	-0	0.148011	12.4118	-176.39	3.85661	
19.5475	0	0.753426	2.85972	237.538	1.19871	
0.290869	0	0.249174	-39.7552	25.914	-20.2901	
-0.240873	-0	0.23525	56.6677	-94.2887	-70.7472	
-1.9883	-0	0.189492	0.142251	-176.381	7.04751	
14.8862	0	0.631367	55.1403	204.29	-4.75841	
-5.29447	-0	0.102917	46.8669	-185.8	2.6219	
-5.78693	-0	0.0900215	9.42207	-179.617	-8.11845	
3.64749	0	0.337071	5.15204	209.807	-11.8549	
-2.92384	-0	0.164994	54.1289	-164.171	-0.78357	
-1.46844	-0	0.203105	74.2387	-122.277	-19.3955	
-4.09353	-0	0.134365	24.7278	-192.997	2.28398	
-0.188869	-0	0.236612	-117.97	-39.7038	97.1322	
0.226403	0	0.247486	40.4277	83.1127	36.1424	
-3.39005	-0	0.152786	-33.7059	-225.242	-13.2807	
-3.62544	-0	0.146622	-31.1225	-162.937	-4.68722	
-0.0371858	-0	0.240584	-66.3001	-25.9193	111.384	
-1.89352	-0	0.191974	42.4349	-211.749	-2.30357	
-0.377493	-0	0.231673	-51.7934	-37.9095	30.9502	
0.170197	0	0.246014	-92.3515	79.9664	-119.942	
9.31548	0	0.485492	20.1959	221.406	2.60961	
-0.0597791	-0	0.239992	26.3801	-23.6976	-102.41	
-6.23206	-0	0.0783654	-21.5264	-175.391	-6.61299	
-0.163683	-0	0.237271	37.8287	-38.0097	-104.273	
-0.0392034	-0	0.240531	-1.7528	-34.8478	4.2872	
-0.223391	-0	0.235708	38.6559	-79.0364	-36.0503	
0.181082	0	0.246299	3.0992	-18.2289	-22.7081	
0.247782	0	0.248046	123.298	40.6167	66.2684	
-4.77224	-0	0.116592	10.805	-214.32	-14.6969	
-1.02096	-0	0.214823	-35.0093	-155.158	6.23321	
-4.94705	-0	0.112014	-8.11911	-205.652	0.220824	
-0.157677	-0	0.237429	-91.8044	-63.8718	173.441	
0.263886	0	0.248468	99.1691	78.1507	99.8882	
-5.67951	-0	0.0928342	-7.53909	-171.373	-18.7529	
-0.276447	-0	0.234319	25.1056	-56.7614	6.3916	
0.386014	0	0.251666	-110.126	83.303	-61.7407	
-3.97021	-0	0.137594	24.1883	-183.249	7.48494	
-3.75299	-0	0.143282	26.9538	-222.744	11.5078	
0.170181	0	0.246014	-1.35936	73.9461	19.3532	
-4.15594	-0	0.13273	60.4223	-164.725	-11.9256	
0.322021	0	0.24999	12.2461	70.6783	-2.14563	
0.707735	0	0.26009	4.70809	37.5714	-5.19372	
-0.231651	-0	0.235492	-1.22571	-66.2098	-17.1426	
-0.0764698	-0	0.239555	-5.06331	29.3415	67.7062	
19.1343	0	0.742607	-24.9797	231.944	-4.16785	
0.267858	0	0.248572	-28.0837	63.3559	-21.2523	
-5.09324	-0	0.108186	-21.8741	-193.849	10.2025	
0.018747	0	0.242048	-6.8282	12.6415	66.0527	
-6.42439	-0	0.0733289	-41.3741	-242.263	-0.501295	
-1.84379	-0	0.193276	71.3125	-151.373	-0.028394	
0.319709	0	0.249929	39.0012	22.8237	21.0433	
0.330807	0	0.25022	41.4949	73.8447	20.3247	
-0.0694095	-0	0.23974	-5.9446	7.36468	140.398	
-0.201296	-0	0.236286	-64.2359	-9.65928	113.342	
-5.35898	-0	0.101228	-34.0586	-204.929	3.09941	
0.13971	0	0.245216	-15.0108	35.7789	20.9624	
-4.54837	-0	0.122454	2.7622	-205.929	18.6081	
0.240517	0	0.247856	-62.5822	29.5855	-29.265	
-3.64366	-0	0.146145	14.6409	-194.951	-6.70675	
-5.37304	-0	0.10086	5.7097	-189.096	-2.43954	
-0.196331	-0	0.236416	-39.2846	-28.6306	81.6753	
0.572355	0	0.256545	58.68	-71.5748	28.4572	
0.121196	0	0.244731	-18.1827	71.6298	-84.934	
0.296504	0	0.249322	5.56085	15.0293	-13.4528	
0.145692	0	0.245373	-47.4976	69.261	-81.8186	
-2.3113	-0	0.181034	56.4717	-180.085	18.4615	
-4.0373	-0	0.135837	-17.4285	-179.076	2.4524	
10.4259	0	0.51457	7.59033	168.937	2.9674	
-1.48736	-0	0.20261	-27.5455	-242.52	-9.58381	
-0.0994546	-0	0.238953	14.2544	-56.1726	2.56543	
-4.43952	-0	0.125305	13.5084	-201.177	8.58086	
-0.0991608	-0	0.238961	65.7659	63.0864	-92.7632	
0.460584	0	0.253618	2.5533	71.4621	9.81593	
0.0733653	0	0.243479	10.3416	54.7269	-0.0887652	
-4.55389	-0	0.12231	19.2741	-188.816	-4.94006	
-3.57766	-0	0.147873	63.1234	-182.142	-8.07916	
0.135718	0	0.245111	101.764	24.9788	87.6938	
-5.60524	-0	0.0947791	12.7509	-200.323	-2.57599	
-0.214274	-0	0.235947	-30.1253	-69.5465	4.83423	
-3.36582	-0	0.15342	-22.3219	-201.16	7.32367	
-0.17425	-0	0.236995	-95.2799	24.4638	84.8215	
-2.89117	-0	0.16585	-3.68484	-158.851	-1.08564	
0.247206	0	0.248031	72.5601	82.1012	61.7493	
-0.393628	-0	0.23125	73.2594	-45.0624	-22.8806	
-5.10415	-0	0.107901	-34.4958	-165.842	6.46675	
-0.161098	-0	0.237339	63.0478	-81.3136	-93.116	
-0.115367	-0	0.238537	-27.57	-27.2209	12.9611	
-3.35063	-0	0.153818	6.56262	-176.069	17.7012	
-0.368386	-0	0.231911	-35.254	-46.1673	49.8972	
-0.181795	-0	0.236797	-28.1602	-26.7736	18.1169	
-3.33183	-0	0.15431	58.4317	-182.408	-14.8036	
0.401219	0	0.252064	-49.3334	22.8591	-21.8513	
0.478997	0	0.254101	-108.194	73.328	-44.7856	
-4.39931	-0	0.126358	10.6432	-185.724	2.88285	
-2.73305	-0	0.16999	-22.6081	-167.216	-10.6053	
-2.52225	-0	0.17551	20.9519	-227.452	-5.45004	
-3.84812	-0	0.140791	9.219	-201.978	-6.61831	
-0.539754	-0	0.227424	69.417	-85.439	-22.5932	
0.285614	0	0.249037	-37.9461	49.2312	-19.184	
-4.74764	-0	0.117236	1.79592	-189.867	-10.6775	
-0.333446	-0	0.232826	-62.6553	-71.6756	44.8307	
-0.337329	-0	0.232724	-19.0281	-81.435	14.7157	
0.434945	0	0.252947	-70.4089	75.8388	-19.7242	
-0.22907	-0	0.235559	28.7805	-5.87306	-23.3876	
0.187153	0	0.246458	94.184	14.5568	115.11	
-0.342971	-0	0.232577	131.207	-84.2405	-99.9042	
0.231331	0	0.247615	-15.4951	46.3517	-25.6435	
-1.9384	-0	0.190799	-62.2076	-242.457	7.63316	
-0.461513	-0	0.229472	124.912	-3.6873	-65.1468	
0.198208	0	0.246748	10.3683	-13.2856	83.7111	
-2.61606	-0	0.173054	-5.39164	-203.51	3.22759	
-0.151057	-0	0.237602	68.0863	-54.7728	-65.3225	
0.472121	0	0.253921	155.064	35.2621	43.9533	
-0.159778	-0	0.237374	-55.4934	18.7584	26.2922	
18.0503	0	0.714222	19.0916	248.725	6.76355	
0.163119	0	0.245829	-51.9053	61.2914	-72.2802	
0.572493	0	0.256549	-17.5773	49.0204	6.2758	
-3.44007	-0	0.151476	-34.9412	-102.953	-3.50471	
-4.82302	-0	0.115262	-64.5406	-185.388	-0.569918	
0.253721	0	0.248201	-30.2972	42.1298	-44.341	
-0.0413346	-0	0.240475	-1.87995	-25.3498	-28.0385	
-0.164999	-0	0.237237	98.19	7.65931	-121.957	
-4.79068	-0	0.116109	35.2056	-229.091	-0.911429	
-6.14977	-0	0.0805203	-4.44176	-252.693	6.34709	
0.182315	0	0.246332	21.7694	38.8697	37.5341	
-3.65062	-0	0.145963	21.2203	-180.671	0.951433	
-0.330836	-0	0.232894	-99.0424	-76.1355	75.7585	
-0.33065	-0	0.232899	-52.885	-15.9447	-30.1494	
-4.3882	-0	0.126648	-18.5906	-196.242	-7.13879	
-0.0154965	-0	0.241152	5.32711	-7.72252	80.0784	
-5.13633	-0	0.107058	58.7416	-166.742	-0.0906417	
-3.3285	-0	0.154398	77.0587	-218.102	-16.1644	
0.130992	0	0.244988	22.0165	77.9928	89.3759	
0.380262	0	0.251515	-48.8703	97.9457	-30.4845	
-0.26986	-0	0.234491	33.4374	15.9651	-28.5052	
-0.0930828	-0	0.23912	30.5954	-20.9104	13.4196	
-3.01883	-0	0.162507	-50.7927	-174.493	0.00360879	
11.9055	0	0.553313	-10.7554	237.439	-2.96741	
0.32001	0	0.249937	70.4864	30.1236	55.21	
0.269304	0	0.24861	116.601	76.3557	124.114	
0.455789	0	0.253493	-125.192	0.31864	-50.103	
-0.226529	-0	0.235626	42.4006	-33.9123	-60.5715	
0.139502	0	0.245211	7.73684	31.1009	80.5524	
-5.8446	-0	0.0885114	24.1367	-170.442	-6.72096	
-0.240604	-0	0.235257	0.656245	-62.6364	-46.0309	
-0.310063	-0	0.233438	-80.6669	70.8119	53.3624	
-3.1301	-0	0.159593	-18.0805	-180.64	7.04625	
-3.45751	-0	0.15102	-7.51357	-183.419	8.46371	
7.40499	0	0.435464	30.588	179.221	-7.22101	
-5.08846	-0	0.108312	32.4938	-215.276	-12.2238	
-0.32266	-0	0.233108	-25.8335	-57.4058	29.9943	
-7.46191	-0	0.0461605	12.3074	-227.667	-4.57023	
-3.67839	-0	0.145235	4.01851	-182.665	2.64638	
0.0745288	0	0.243509	-38.5275	35.7072	-75.9701	
-0.108473	-0	0.238717	81.6411	43.9293	-148.886	
0.112274	0	0.244498	-10.5339	48.008	-28.0462	
0.0709199	0	0.243415	16.3877	38.1423	21.9826	
0.305759	0	0.249564	-63.6441	45.4824	-16.6734	
0.516718	0	0.255088	-23.787	22.2222	23.0104	
-5.44265	-0	0.0990366	43.6661	-175.889	-10.5556	
0.2157	0	0.247206	-5.50155	76.369	-49.2595	
-0.665465	-0	0.224132	-8.82795	-23.2548	3.08039	
0.0867816	0	0.24383	-10.4058	-11.1722	-57.7127	
-0.0633892	-0	0.239898	-13.7873	-39.3831	27.8253	
0.277436	0	0.248822	-26.9244	64.6019	-36.3481	
-6.27107	-0	0.0773439	27.8136	-217.32	-5.35433	
-0.0945359	-0	0.239082	9.53217	-31.7207	-73.414	
0.512392	0	0.254975	-64.942	85.8859	-21.8218	
-3.57757	-0	0.147876	-4.17529	-220.984	-9.84816	
-0.465315	-0	0.229373	-69.303	-82.4463	29.4815	
-5.78625	-0	0.0900394	20.7589	-146.152	-0.551844	
-4.45711	-0	0.124844	8.58992	-186.992	-1.35741	
-4.28652	-0	0.129311	-30.1978	-189.998	-3.8175	
-0.233537	-0	0.235442	11.9142	-20.8199	71.9348	
0.202249	0	0.246854	55.7705	86.9574	84.2031	
-4.67671	-0	0.119093	-3.69686	-192.002	-6.40448	
-3.43259	-0	0.151672	40.3575	-177.376	-14.0805	
-7.38431	-0	0.0481926	-46.0621	-202.798	-13.9837	
-0.148944	-0	0.237657	-33.7912	-73.6339	56.0339	
-0.346874	-0	0.232474	22.2003	-86.5186	-1.72031	
-0.358612	-0	0.232167	162.67	-54.5676	-112.689	
-0.105066	-0	0.238806	8.1778	36.9624	15.0411	
0.30849	0	0.249636	120.319	76.0977	111.551	
0.284276	0	0.249002	44.1411	95.5279	23.7877	
-3.80804	-0	0.141841	51.8729	-149.579	0.946075	
-3.97428	-0	0.137487	-18.0194	-212.02	-6.58781	
-0.235677	-0	0.235386	-54.9084	-32.2455	17.9843	
-0.0428055	-0	0.240437	-54.8769	-32.1422	142.732	
-5.36351	-0	0.101109	40.5776	-196.161	13.5736	
0.0938016	0	0.244014	-23.1365	34.1855	-38.3694	
-3.51288	-0	0.149569	-3.47882	-225.504	5.53996	
-5.81397	-0	0.0893134	28.9974	-156.18	-6.34511	
-0.142304	-0	0.237831	-49.673	30.8593	118.943	
-0.243084	-0	0.235192	36.4063	-42.2732	-62.3784	
-6.62107	-0	0.0681787	-13.5998	-242.997	-7.05724	
-0.233486	-0	0.235444	142.612	-56.1717	-156.8	
-0.0780082	-0	0.239515	-2.68095	-43.7778	-40.5048	
-5.73262	-0	0.0914437	8.06217	-184.927	2.6481	
-6.00434	-0	0.0843285	13.9006	-187.352	-3.78487	
-5.14904	-0	0.106725	2.19814	-159.507	-5.99195	
0.0752119	0	0.243527	39.5091	7.17062	19.719	
-2.98472	-0	0.1634	-5.97172	-155.927	3.91977	
-0.345667	-0	0.232506	-117.813	-9.69085	99.3991	
-0.291344	-0	0.233928	-50.8673	-36.5935	39.9636	
7.6302	0	0.441361	-82.2131	201.884	-8.33399	
-0.520474	-0	0.227928	-22.8451	-72.4306	4.84146	
0.129517	0	0.244949	-54.3483	56.7682	-71.412	
-0.128819	-0	0.238184	-18.8886	-68.1548	76.5681	
0.276798	0	0.248806	22.6685	29.8419	43.611	
-0.150325	-0	0.237621	-14.0544	-61.4485	-30.2945	
-3.46148	-0	0.150915	-48.3296	-206.313	-2.17858	
-0.140228	-0	0.237886	-2.76039	76.6897	1.53002	
-0.109054	-0	0.238702	15.206	16.8176	11.1608	
0.426173	0	0.252717	-45.5038	31.8622	-14.0773	
0.327211	0	0.250126	22.5087	41.3913	26.9069	
-6.21473	-0	0.0788192	-3.32227	-202.325	-5.01736	
-0.312901	-0	0.233364	113.463	-82.7346	-73.8441	
-0.381035	-0	0.23158	-88.2941	-86.267	66.646	
-0.484843	-0	0.228862	18.4938	-5.66418	-27.8786	
-5.92349	-0	0.0864455	41.3161	-182.893	1.80688	
0.248774	0	0.248072	30.3747	60.4776	69.8361	
-0.268749	-0	0.23452	-32.7915	-32.6243	56.7378	
0.235303	0	0.247719	-6.19939	44.3958	-71.4897	
-2.45533	-0	0.177262	24.4153	-228.783	-4.46071	
-3.53533	-0	0.148982	-82.9737	-182.94	-5.87224	
-4.23085	-0	0.130769	-33.1482	-197.306	-4.47295	
0.110375	0	0.244448	-9.91974	-26.2307	17.7328	
-3.01026	-0	0.162731	40.2853	-170.898	0.636317	
0.37117	0	0.251277	135.4	52.9998	110.793	
-2.63344	-0	0.172599	66.3404	-182.055	-14.0272	
-4.07768	-0	0.13478	-0.443645	-157.997	-1.52455	
0.285676	0	0.249038	-58.8257	85.3268	-70.9625	
-0.0699828	-0	0.239725	2.90503	-42.7297	22.1847	
-4.99114	-0	0.11086	-8.31378	-195.402	8.37363	
0.294564	0	0.249271	-23.1023	68.5944	-23.777	
18.8517	0	0.735206	-11.3612	205.179	2.9419	
0.468988	0	0.253838	-17.435	3.81427	11.4925	
-0.576766	-0	0.226454	-10.9638	-29.729	1.64918	
0.33689	0	0.250379	-61.1241	78.0719	-42.9651	
-3.26419	-0	0.156082	-27.5744	-170.65	0.0593792	
-0.122956	-0	0.238338	56.7705	-52.5288	-114.654	
-0.329062	-0	0.232941	144.481	-59.4274	-112.293	
-1.93926	-0	0.190776	65.7191	-207.889	-7.34285	
0.223558	0	0.247412	45.7282	32.1683	57.3905	
-2.75708	-0	0.169361	32.0659	-243.811	10.8751	
0.19531	0	0.246672	-97.6445	23.6564	-129.838	
-7.15892	-0	0.0540946	13.5819	-244.858	-7.00087	
-0.324568	-0	0.233058	-0.598616	-100.94	-11.8569	
-2.26178	-0	0.182331	-55.7386	-208.124	-25.7278	
-0.255088	-0	0.234878	33.9631	-17.3408	16.5594	
-3.87272	-0	0.140147	10.8841	-160.387	-2.54845	
0.0760797	0	0.24355	30.5942	21.228	110.974	
-3.06843	-0	0.161208	-31.6819	-206.177	7.43246	
0.14987	0	0.245482	-103.417	32.6684	-89.7503	
0.488436	0	0.254348	61.5185	23.7442	26.033	
18.4041	0	0.723487	-18.2644	239.256	-3.22457	
-3.44028	-0	0.151471	-77.6873	-155.765	1.77018	
-5.91765	-0	0.0865984	-45.7115	-182.856	2.35923	
-3.97159	-0	0.137558	-26.8497	-177.397	-3.89714	
0.430986	0	0.252843	-15.125	75.3063	-31.8759	
0.485923	0	0.254282	90.7149	65.6478	50.103	
-2.57106	-0	0.174232	-9.20549	-172.841	4.9932	
0.3774	0	0.25144	-92.7545	81.5318	-52.4201	
-0.179226	-0	0.236864	-11.1014	-51.2564	3.12003	
-0.205502	-0	0.236176	25.3402	42.7405	-25.0421	
-6.41284	-0	0.0736314	57.9208	-181.479	-2.14178	
0.218482	0	0.247279	-88.8689	92.5729	-83.8759	
-0.0350688	-0	0.240639	-3.61347	-23.881	-1.87606	
-4.16432	-0	0.132511	38.7849	-158.307	1.68568	
-0.271905	-0	0.234437	-103.35	-52.9194	41.3553	
-5.41781	-0	0.0996871	19.3434	-150.652	-8.41169	
0.186633	0	0.246445	14.6635	29.7067	-3.35505	
-6.0235	-0	0.0838268	27.1907	-175.862	-12.9437	
-2.62834	-0	0.172732	-25.118	-229.482	8.38023	
-5.67714	-0	0.0928964	22.0326	-218.764	-1.16427	
0.673275	0	0.259188	-40.6598	59.467	-27.0996	
-3.32368	-0	0.154524	41.8471	-186.789	-0.670885	
0.505953	0	0.254806	5.84922	72.2509	-5.16127	
-0.196192	-0	0.23642	-5.32826	30.5708	7.25072	
-4.11588	-0	0.13378	20.3749	-161.546	-1.47272	
-0.269096	-0	0.234511	48.1617	43.7557	-52.5773	
-5.73896	-0	0.0912777	-17.6915	-195.655	-0.3283	
-0.318382	-0	0.23322	47.2128	-60.7977	-59.1773	
0.294508	0	0.24927	-67.3474	42.059	-57.9495	
-0.0687029	-0	0.239759	51.4314	-52.2322	-167.775	
-0.0788396	-0	0.239493	-24.2703	-33.6702	55.1096	
-0.244676	-0	0.235151	46.181	-24.7906	-52.8222	
0.489199	0	0.254368	172.224	81.8302	104.146	
-0.236299	-0	0.23537	72.7063	-2.35275	-50.274	
0.0644741	0	0.243246	-81.0539	-26.3308	-222.784	
-4.14413	-0	0.13304	20.2138	-186.086	4.46532	
0.287433	0	0.249084	-36.978	14.3221	-3.9974	
0.185532	0	0.246416	57.2861	80.7444	70.5042	
-0.114575	-0	0.238557	71.9714	4.01886	-138.751	
0.249977	0	0.248103	0.584734	-32.8299	18.8677	
-5.20759	-0	0.105192	1.08632	-204.858	8.16426	
-5.51044	-0	0.0972617	-29.9028	-223.127	3.33917	
-4.38285	-0	0.126789	35.4762	-235.588	-8.12291	
0.290865	0	0.249174	65.3542	69.7599	63.8512	
-0.0975795	-0	0.239002	-36.1046	-34.637	25.9722	
0.188282	0	0.246488	-18.345	80.0663	4.74666	
0.169865	0	0.246006	29.2725	41.0781	67.9434	
-0.143427	-0	0.237802	-32.4825	-66.8357	20.8788	
0.321985	0	0.249989	81.2367	57.9207	68.9582	
-2.82638	-0	0.167546	9.03031	-191.257	7.03873	
0.173584	0	0.246103	-65.2768	8.58929	-118.135	
0.419091	0	0.252532	-14.4331	34.5188	37.7503	
-0.377303	-0	0.231678	-56.0488	-72.8083	15.4926	
17.7656	0	0.706766	-14.2441	231.512	-3.78656	
-6.75211	-0	0.0647473	28.6078	-226.69	-16.5508	
0.135045	0	0.245094	1.04302	-5.9913	-35.1583	
0.196096	0	0.246693	15.9784	-6.55612	21.2525	
0.634248	0	0.258166	-149.627	68.7677	-65.1542	
-2.48953	-0	0.176367	31.8212	-177.696	-13.3529	
-0.394698	-0	0.231222	85.4181	-65.5487	-51.3683	
-3.99802	-0	0.136866	3.86575	-170.196	-9.27996	
-0.252541	-0	0.234945	156.785	-49.8616	-144.357	
-4.99406	-0	0.110783	91.8467	-200.991	-8.668	
-5.9753	-0	0.0850889	-14.7273	-215.562	-6.60433	
-2.25001	-0	0.182639	-76.7026	-174.411	7.12127	
-2.17499	-0	0.184603	19.4318	-219.59	-5.33025	
-4.16262	-0	0.132556	43.1064	-167.719	13.178	
-0.279929	-0	0.234227	-33.6539	-49.1259	6.2111	
-0.291133	-0	0.233934	59.5257	-51.3124	-6.87974	
18.0043	0	0.713017	-13.6854	226.63	-0.736215	
-6.84197	-0	0.0623942	7.59455	-200.596	2.0277	
-2.95992	-0	0.164049	34.0229	-196.782	5.75858	
-0.210171	-0	0.236054	26.5478	-35.1405	-5.31645	
-3.37861	-0	0.153086	-1.79974	-190.087	5.24606	
-3.45074	-0	0.151197	33.2694	-177.469	4.07188	
-0.117199	-0	0.238489	40.5641	42.366	-70.0895	
10.8111	0	0.524656	9.29884	208.234	0.750805	
0.163326	0	0.245834	16.7654	-50.5355	14.3846	
-0.190647	-0	0.236565	33.1317	8.65671	-37.6397	
-5.69721	-0	0.0923708	8.69788	-194.46	-6.46218	
0.166677	0	0.245922	1.42369	-15.4454	11.1918	
-6.33249	-0	0.0757355	-3.17465	-182.9	1.4841	
-4.82605	-0	0.115183	-19.0589	-141.861	-0.508907	
0.218641	0	0.247283	30.496	75.6463	-48.6369	
-0.238327	-0	0.235317	-9.38817	-77.0447	4.83897	
-4.34191	-0	0.127861	30.9922	-154.994	3.6709	
-0.127901	-0	0.238208	52.8797	8.03088	-20.5283	
-4.85607	-0	0.114397	-30.4891	-187.239	5.06951	
-2.65181	-0	0.172117	45.0634	-178.551	4.08376	
0.509904	0	0.25491	-75.9009	73.7797	-17.3647	
-0.371967	-0	0.231817	87.9987	-23.5995	-63.3375	
-0.129481	-0	0.238167	-25.5834	-0.381267	1.72335	
-3.12073	-0	0.159838	35.6003	-165.922	8.98677	
0.319831	0	0.249933	127.676	-26.958	50.1238	
-5.10619	-0	0.107847	12.6643	-227.037	-0.636161	
-0.228918	-0	0.235563	21.7864	-70.7756	-27.2903	
-6.20755	-0	0.0790071	-2.39962	-178.549	-5.78069	
0.278121	0	0.24884	-99.3148	57.6758	-67.6265	
-0.2247	-0	0.235674	-45.6383	-72.4935	67.4258	
-0.211051	-0	0.236031	16.9199	0.00867644	-20.8436	
-4.65495	-0	0.119663	-84.8294	-155.704	-1.3997	
-0.00719227	-0	0.241369	-12.9528	-17.8465	-92.4091	
-0.29627	-0	0.233799	86.5155	-63.4645	-33.7078	
-0.209028	-0	0.236084	-24.4594	-92.3609	47.7145	
-5.32659	-0	0.102076	-36.2968	-184.171	-8.09756	
0.309302	0	0.249657	-48.0672	63.5556	-25.9963	
-3.50944	-0	0.14966	-51.7112	-176.523	13.0834	
-0.181416	-0	0.236807	2.73369	85.421	-2.04312	
0.156811	0	0.245664	-32.1618	72.3642	-29.6722	
18.7179	0	0.731703	9.74773	223.449	-5.01979	
-0.190435	-0	0.236571	56.3455	-82.2821	-29.7411	
-0.267516	-0	0.234552	-73.2539	-73.2737	58.299	
-1.94144	-0	0.190719	-7.12163	-156.317	-0.275068	
0.255624	0	0.248251	54.1072	-35.2442	46.6878	
-6.96086	-0	0.0592809	22.3983	-179.045	-1.77838	
-3.9818	-0	0.13729	-41.5751	-179.269	5.02512	
-0.325214	-0	0.233042	-52.3279	-81.8306	33.2972	
-2.54622	-0	0.174882	-5.39563	-213.737	-0.954018	
0.290606	0	0.249167	96.7937	78.0564	81.8279	
0.337222	0	0.250388	100.901	76.7103	54.863	
-5.73787	-0	0.091306	-38.7682	-178.67	4.06727	
-6.24706	-0	0.0779726	13.8092	-219.132	0.853047	
0.232038	0	0.247634	11.0782	37.1133	-8.40195	
-3.72393	-0	0.144043	-14.0146	-200.329	0.592509	
0.0854045	0	0.243794	-18.4899	-46.4614	35.8876	
22.4554	0	0.829573	-34.0477	243.228	-3.67202	
-5.55266	-0	0.096156	-0.527838	-174.562	-7.77405	
-3.67359	-0	0.145361	-1.3412	-149.745	-6.91451	
0.290757	0	0.249171	90.8029	63.242	22.6659	
-0.142017	-0	0.237839	57.019	61.4455	-51.9004	
0.200531	0	0.246809	50.0997	-32.5948	11.5795	
-1.97418	-0	0.189862	92.5139	-215.689	-17.72	
-0.437369	-0	0.230105	151.796	-66.6915	-75.8844	
-5.81205	-0	0.0893636	-62.2909	-190.8	-9.77211	
0.208615	0	0.24702	24.4284	-5.58583	39.4609	
0.226597	0	0.247491	-69.1616	-22.1392	9.0007	
0.258371	0	0.248323	-124.488	76.663	-105.119	
-7.94475	-0	0.0335169	6.17082	-168.699	4.84289	
-0.224041	-0	0.235691	-5.90312	-63.0124	28.7265	
0.0832938	0	0.243739	0.91514	55.0519	12.1215	
-3.8634	-0	0.140391	-39.6806	-141.478	-1.79787	
-0.30728	-0	0.233511	35.2394	-63.6049	2.00906	
-4.37853	-0	0.126902	25.3271	-169.216	9.23996	
0.147019	0	0.245407	-67.6197	1.38861	-138.861	
0.193994	0	0.246637	59.9035	34.8381	64.7158	
0.370876	0	0.251269	-106.87	60.9594	-45.7506	
0.154556	0	0.245605	-36.2785	47.9717	-85.0375	
0.115776	0	0.244589	-28.3852	64.6472	-29.7696	
-5.13499	-0	0.107093	38.276	-218.731	3.08717	
-6.894	-0	0.0610319	4.61607	-165.54	-3.23535	
-5.55931	-0	0.0959819	52.4936	-183.295	-0.0119649	
0.124158	0	0.244809	-17.8363	55.1349	-55.4205	
-4.07963	-0	0.134729	49.1908	-171.085	4.33615	
-4.13742	-0	0.133215	44.1116	-182.642	-1.06921	
0.0380991	0	0.242555	-35.4423	20.6673	43.9772	
-6.01059	-0	0.0841646	39.5842	-143.999	-5.38892	
0.230531	0	0.247594	-50.3293	4.34872	-116.86	
0.16738	0	0.245941	28.9633	40.8996	97.4691	
0.475123	0	0.253999	-53.2057	25.7797	-38.6233	
-4.74343	-0	0.117347	-5.24665	-205.516	-7.5372	
-0.387322	-0	0.231415	-46.3888	-34.2008	-2.49951	
0.163015	0	0.245826	92.8263	21.9516	127.102	
-0.3226	-0	0.23311	-64.7047	-36.0559	25.5728	
-5.26668	-0	0.103645	-27.3437	-205.337	-3.73339	
-4.67437	-0	0.119155	-13.3839	-200.433	-9.29376	
0.261443	0	0.248404	63.0559	-6.36268	28.6383	
-3.25731	-0	0.156262	-15.3498	-166.292	-6.93332	
-0.303185	-0	0.233618	78.2778	-93.5242	-52.3564	
7.44521	0	0.436517	-1.50819	212.731	-2.25014	
-0.160753	-0	0.237348	91.2498	-19.0551	-62.4507	
-0.173956	-0	0.237002	-14.8909	-38.0517	64.768	
-5.62848	-0	0.0941705	-6.53039	-210.422	5.50945	
-0.303966	-0	0.233598	87.6317	-93.83	-60.8626	
-6.88778	-0	0.0611948	-36.4415	-197.119	0.83924	
-0.392749	-0	0.231273	-135.209	-93.6778	82.5767	
-3.43227	-0	0.15168	-44.9958	-159.979	-0.706814	
-5.02392	-0	0.110002	2.53732	-183.654	2.78814	
-0.128705	-0	0.238187	19.5087	29.6983	-65.8967	
0.21192	0	0.247107	9.43314	-30.1922	-14.3764	
0.0960537	0	0.244073	55.4705	-68.7372	128.318	
-5.66253	-0	0.0932789	6.78303	-180.387	-14.7741	
-4.25934	-0	0.130023	-5.52961	-180.156	-4.05777	
-3.5004	-0	0.149896	-16.6624	-205.782	-3.81359	
-0.131914	-0	0.238103	10.7718	-68.2251	23.3702	
-4.04144	-0	0.135729	-4.23307	-184.474	-6.68762	
-6.18623	-0	0.0795655	-17.9499	-186.549	1.73288	
0.269442	0	0.248613	71.3575	64.5492	77.3761	
-0.0658047	-0	0.239834	-61.1231	30.6945	207.381	
-5.69592	-0	0.0924047	-10.8266	-162.305	3.10779	
0.124321	0	0.244813	-92.8522	71.9853	-173.74	
-5.95845	-0	0.0855299	-18.9624	-180.206	8.78445	
-7.01813	-0	0.0577814	37.0888	-190.944	1.48312	
0.0265749	0	0.242253	-18.9563	-19.9694	-100.151	
-2.82769	-0	0.167512	13.392	-187.223	-5.15861	
0.200311	0	0.246803	38.5523	-34.5345	18.8649	
0.408421	0	0.252252	24.7415	59.8516	13.1757	
0.437018	0	0.253001	-79.7107	82.4993	-28.1751	
-3.02542	-0	0.162334	52.3284	-212.097	-0.629752	
-6.18364	-0	0.0796334	-36.551	-199.918	6.64037	
-3.73192	-0	0.143834	15.1735	-172.46	1.23851	
-4.77858	-0	0.116426	31.1375	-214.309	9.94264	
-4.51108	-0	0.123431	-14.4209	-211.165	-10.3627	
-0.191058	-0	0.236555	-11.7971	-91.6557	18.5977	
10.6612	0	0.520731	15.5912	233.396	-6.90534	
-3.83493	-0	0.141136	9.84125	-185.145	15.0264	
0.258885	0	0.248337	-53.5443	40.0997	-52.8183	
0.0962794	0	0.244079	10.0889	39.9473	-63.3683	
0.11605	0	0.244596	37.8092	-51.5624	77.331	
-3.62833	-0	0.146546	29.9271	-181.643	-0.933819	
-5.21216	-0	0.105072	-5.35933	-234.796	10.8202	
-3.85284	-0	0.140667	-25.7753	-155.132	-1.1979	
-0.147927	-0	0.237684	100.39	-50.1385	-140.081	
-6.65516	-0	0.0672861	47.2536	-203.053	-6.37456	
0.342729	0	0.250532	22.4832	56.7388	56.3053	
-3.5653	-0	0.148197	14.02	-212.303	-2.45136	
-4.22969	-0	0.130799	-14.3678	-160.562	1.03117	
0.236271	0	0.247745	-9.08031	31.1682	-34.9623	
0.200975	0	0.24682	90.1883	67.3026	101.159	
-2.90637	-0	0.165452	59.3658	-181.343	10.437	
-4.93149	-0	0.112422	45.0792	-189.368	-9.28977	
0.266159	0	0.248527	-135.878	57.7204	-143.537	
-1.37026	-0	0.205676	-38.8087	-218.742	20.913	
-0.291625	-0	0.233921	-10.2543	-42.1031	21.8747	
0.245966	0	0.247998	37.8858	95.9042	26.1324	
0.214418	0	0.247172	-29.1582	-50.8884	-49.8537	
-0.189309	-0	0.2366	74.7708	-61.207	-89.5824	
-4.46536	-0	0.124628	7.04084	-224.236	-4.4821	
0.738299	0	0.260891	82.8365	53.824	27.0018	
0.137444	0	0.245157	-26.4823	-47.3102	-80.2988	
0.260502	0	0.248379	169.472	-25.1255	165.792	
-0.0506354	-0	0.240232	-40.7161	23.0004	141.353	
0.302856	0	0.249488	-23.7582	80.9311	-3.05572	
12.3068	0	0.563822	17.2052	251.484	-2.46812	
-0.264279	-0	0.234637	-5.85221	-89.0498	9.88356	
-4.86887	-0	0.114062	43.8053	-221.085	16.2322	
-4.51954	-0	0.123209	61.0782	-167.548	-7.38988	
0.114552	0	0.244557	-34.9884	56.3682	-111.709	
0.234017	0	0.247686	-16.5966	14.3584	-23.1199	
-3.91671	-0	0.138995	-20.0461	-188.371	3.47403	
0.182199	0	0.246329	-73.703	-21.2279	-60.6395	
0.177526	0	0.246206	14.0914	48.415	26.0957	
0.267699	0	0.248568	-13.6019	97.9817	11.353	
0.224188	0	0.247428	-57.6033	77.147	-50.6212	
0.0928751	0	0.24399	93.1652	-23.9089	152.547	
-2.703	-0	0.170777	-37.3119	-180.14	-0.299834	
-2.48344	-0	0.176526	41.7175	-226.091	-0.135987	
-4.06351	-0	0.135151	-36.1369	-171.057	-3.52863	
-0.195015	-0	0.236451	28.6366	-71.4815	-22.5991	
-0.229994	-0	0.235535	-14.9842	79.1553	31.357	
-5.2692	-0	0.103579	-3.52258	-184.183	3.49821	
-5.91412	-0	0.086691	-39.8085	-197.732	6.42246	
-5.83389	-0	0.0887917	-7.07229	-239.864	-1.38257	
0.388647	0	0.251735	39.9014	68.022	-7.49515	
-4.96877	-0	0.111446	2.691	-204.696	2.62548	
0.403569	0	0.252125	-108.366	41.9042	-82.6866	
-1.80418	-0	0.194313	52.2981	-207.226	7.27792	
-0.104006	-0	0.238834	37.7008	-48.4428	-68.4064	
-5.83187	-0	0.0888447	64.6639	-209.795	5.66228	
-0.200561	-0	0.236306	1.78838	85.067	-35.9607	
0.215306	0	0.247196	-30.5915	38.4078	9.12558	
-4.91259	-0	0.112917	-25.8955	-190.141	6.32156	
-4.50017	-0	0.123717	9.74023	-196.931	14.6224	
0.12575	0	0.24485	27.4323	-51.4525	13.6535	
0.161117	0	0.245777	-31.4941	89.9255	-48.5252	
-0.137967	-0	0.237945	47.5156	-59.9183	-111.46	
-3.51673	-0	0.149469	-56.3945	-175.134	7.19651	
0.388261	0	0.251725	-35.4024	23.3524	4.47995	
0.35227	0	0.250782	-5.09365	14.183	32.7013	
0.0925136	0	0.24398	-61.0378	14.2224	-49.5734	
-0.116027	-0	0.238519	0.26706	3.92944	-52.2636	
-0.303531	-0	0.233609	-86.0171	-96.7331	62.9978	
0.321856	0	0.249986	50.4508	89.4456	43.725	
-0.516767	-0	0.228026	20.711	-37.8855	-26.2851	
-0.432836	-0	0.230223	-64.1063	-71.2486	42.6051	
-6.52089	-0	0.070802	-26.5604	-213.861	-13.7529	
-0.14815	-0	0.237678	-26.6104	-18.864	82.3582	
-0.173245	-0	0.237021	-117.085	0.0791787	161.38	
0.36275	0	0.251057	-95.5576	79.6847	-71.4463	
-3.96093	-0	0.137837	-15.8515	-163.911	-2.49881	
-3.8823	-0	0.139896	29.7827	-197.442	11.4448	
-3.00727	-0	0.16281	-13.165	-117.69	4.10542	
-0.15919	-0	0.237389	-59.5101	-14.1177	21.1873	
17.3402	0	0.695628	34.6281	249.92	-1.62559	
-0.418233	-0	0.230606	-74.5399	-80.9183	15.8478	
-5.67712	-0	0.0928969	-22.3685	-188.142	-16.0951	
0.367952	0	0.251193	-105.635	85.3625	-61.7524	
0.13327	0	0.245047	24.9348	64.637	11.0778	
-0.174886	-0	0.236978	85.5586	-56.9793	-124.012	
-1.77711	-0	0.195022	-18.2072	-179.158	-4.34813	
-4.71262	-0	0.118153	-9.76913	-143.786	3.65948	
4.36142	0	0.355765	25.1269	170.999	4.34359	
-1.80306	-0	0.194343	0.47354	-171.565	0.172191	
-2.97545	-0	0.163643	-50.7622	-135.993	-6.9026	
-4.18744	-0	0.131906	-2.78228	-186.427	-3.02421	
-0.0599932	-0	0.239987	10.9445	-28.8761	-71.9726	
-6.41941	-0	0.0734593	0.973563	-176.976	-3.57334	
-0.2984	-0	0.233744	-112.129	-44.5516	61.8263	
-4.48821	-0	0.12403	15.7806	-222.243	8.03348	
-3.87343	-0	0.140128	-28.4954	-209.02	21.9196	
-3.23038	-0	0.156967	51.1898	-154.49	2.3445	
-0.217589	-0	0.23586	1.35016	-80.831	-8.4158	
0.134633	0	0.245083	39.543	-38.9206	129.375	
0.160879	0	0.24577	-36.3158	-43.1954	32.5015	
-3.92204	-0	0.138855	-6.82673	-197.729	-14.2238	
-4.35891	-0	0.127415	6.51974	-197.455	8.77697	
-0.159794	-0	0.237373	66.8913	-77.1795	-69.6365	
-4.14459	-0	0.133028	-2.86632	-196.116	-7.00725	
-4.79752	-0	0.11593	-12.4912	-173.974	0.198529	
0.220823	0	0.24734	-42.7713	71.011	-67.0085	
-0.0803429	-0	0.239454	-47.9009	3.82948	131.743	
-1.91159	-0	0.191501	-47.5243	-146.354	-1.00932	
0.141583	0	0.245265	-12.6408	18.3764	14.1293	
-5.48934	-0	0.097814	-5.04926	-175.137	2.61139	
-0.547851	-0	0.227212	17.6688	-67.6931	-21.7475	
-3.38899	-0	0.152814	-26.1047	-173.732	-4.90953	
-3.37234	-0	0.15325	29.4994	-191.174	-11.0666	
-0.352406	-0	0.23233	27.431	-94.6387	-3.35645	
-4.27364	-0	0.129648	22.9928	-204.115	1.64268	
0.390401	0	0.251781	60.1252	79.3636	62.5347	
-4.94177	-0	0.112153	21.9007	-181.59	12.9066	
0.13337	0	0.24505	-31.8042	32.0874	-49.9868	
-0.197909	-0	0.236375	148.222	-65.0421	-122.133	
18.3869	0	0.723035	8.65582	270.415	-2.79682	
0.165721	0	0.245897	-47.5262	12.686	-61.2752	
-2.44285	-0	0.177589	-11.3553	-199.921	-0.341204	
-3.93694	-0	0.138465	-0.288605	-199.377	-7.04723	
-6.07003	-0	0.0826083	-51.621	-196.055	3.21908	
-5.99777	-0	0.0845005	21.2303	-224.933	4.57406	
-3.24841	-0	0.156495	-40.1735	-165.778	-10.4227	
-4.58619	-0	0.121464	-0.709659	-177.452	-7.68856	
-7.22237	-0	0.0524331	-20.3934	-172.172	-7.89969	
17.0882	0	0.689028	13.9763	233.369	-0.887136	
-0.153194	-0	0.237546	50.3351	-20.2334	-76.5861	
-2.10001	-0	0.186567	-28.8971	-191.658	1.35431	
-3.28248	-0	0.155603	35.6323	-212.439	1.44026	
-0.282503	-0	0.23416	7.87977	-85.5241	-17.3377	
-4.72548	-0	0.117817	2.36838	-156.842	7.91002	
-2.81409	-0	0.167868	41.0479	-236.531	2.76715	
0.0158742	0	0.241973	-8.12609	-13.1568	218.863	
-4.53185	-0	0.122887	16.5008	-180.421	20.9913	
-5.09948	-0	0.108023	-50.7987	-183.574	-1.02067	
-6.64173	-0	0.0676376	-30.2415	-182.591	12.7323	
0.0842475	0	0.243764	-43.4549	60.9726	-54.9788	
0.274737	0	0.248752	27.7659	97.7155	27.7101	
-4.47758	-0	0.124308	18.5275	-166.025	-0.318716	
-0.0390371	-0	0.240535	-34.9281	-35.3	75.9963	
-3.9184	-0	0.138951	38.1748	-220.662	2.82187	
0.384992	0	0.251639	-68.9702	-52.6284	-22.4296	
0.0978068	0	0.244119	16.0886	23.2802	24.6712	
0.262971	0	0.248444	71.7967	72.4555	49.7272	
-5.40144	-0	0.100116	-28.4713	-181.391	3.75646	
-0.20325	-0	0.236235	-68.0223	-79.5654	62.2226	
-3.65771	-0	0.145777	21.0802	-204.586	0.638491	
0.0682838	0	0.243346	-63.9405	5.35041	-128.454	
-0.0635123	-0	0.239894	-36.6893	-23.5065	51.6686	
-0.0382798	-0	0.240555	15.8356	-43.3833	-72.3502	
0.739069	0	0.260911	-42.3244	11.4164	-22.8831	
0.684328	0	0.259477	25.8262	38.423	18.2103	
-0.28385	-0	0.234125	34.4749	-81.977	-45.6892	
-4.81682	-0	0.115425	14.5608	-174.514	-10.2321	
-6.06894	-0	0.0826367	-15.45	-216.667	-6.5488	
0.319113	0	0.249914	131.647	78.5538	103.698	
-0.146135	-0	0.237731	-63.5261	-81.0073	51.2739	
-0.288562	-0	0.234001	85.7712	-23.1944	-44.8096	
-4.74512	-0	0.117302	-32.4792	-170.584	0.83979	
-0.179206	-0	0.236865	-78.0727	-66.633	136.649	
0.35753	0	0.25092	158.448	87.4339	119.421	
0.262204	0	0.248424	-17.9787	80.5492	-31.006	
-6.08472	-0	0.0822237	-11.2687	-187.824	1.71689	
-0.0926152	-0	0.239132	3.06004	-55.9976	-19.1008	
-0.19181	-0	0.236535	102.833	-64.0212	-95.8731	
-3.17002	-0	0.158548	17.6244	-231.317	3.07305	
-0.342998	-0	0.232576	-66.4937	-47.6773	3.71496	
-3.90328	-0	0.139346	-48.742	-195.492	5.66252	
0.012756	0	0.241892	33.2909	-20.7611	-120.269	
-3.44591	-0	0.151323	-28.4937	-175.589	3.99478	
0.169477	0	0.245995	66.6775	63.7866	47.8531	
-5.901	-0	0.0870344	6.80529	-176.814	-11.6187	
-0.44224	-0	0.229977	-12.3348	-35.7992	-13.8534	
0.265086	0	0.248499	-64.1406	33.457	-55.6823	
-0.208763	-0	0.236091	-10.7762	-26.1447	2.57828	
0.288598	0	0.249115	-35.7422	66.1471	-58.9291	
-0.0672422	-0	0.239797	-8.5039	-35.8833	41.7131	
-0.194402	-0	0.236467	67.3909	-42.1939	-47.4586	
-7.42924	-0	0.047016	2.04232	-191.93	1.91941	
-0.151345	-0	0.237594	-16.9612	-60.9887	6.21933	
-2.5144	-0	0.175716	-31.6513	-208.322	-1.6148	
-5.12024	-0	0.107479	26.5558	-175.837	8.05179	
0.459909	0	0.253601	-8.08477	75.0835	-16.5246	
-6.69845	-0	0.0661526	8.01638	-190.73	-2.62372	
-0.220796	-0	0.235776	-83.1791	-39.1637	100.536	
0.252923	0	0.248181	45.3926	37.0867	42.8033	
0.407366	0	0.252225	-14.5341	78.7879	-4.4452	
-0.12287	-0	0.23834	65.4478	-10.3121	-211.091	
0.27051	0	0.248641	71.5097	81.2755	51.2023	
-4.03337	-0	0.13594	-23.0398	-157.539	4.2296	
0.0854952	0	0.243796	37.6785	59.07	90.6776	
-3.19976	-0	0.157769	-45.5995	-228.1	7.08979	
0.0979402	0	0.244122	-9.50604	-44.1167	-9.3469	
0.21284	0	0.247131	36.6905	45.4348	37.5267	
-0.346099	-0	0.232495	62.2847	-3.55784	-57.3796	
0.311026	0	0.249702	-61.8615	78.9576	-23.6657	
-2.97689	-0	0.163605	-12.6889	-151.031	18.638	
-0.358499	-0	0.23217	56.01	-45.7203	-62.2639	
9.51817	0	0.4908	-20.5066	234.457	1.70622	
-0.220534	-0	0.235783	17.1748	-88.5556	-57.3245	
0.129913	0	0.244959	33.8201	-58.254	42.7467	
10.0128	0	0.503752	-103.096	226.538	1.30695	
-4.03255	-0	0.135961	-12.7626	-194.23	0.485217	
-0.21887	-0	0.235826	25.509	-13.4438	-59.1609	
-0.257372	-0	0.234818	7.31786	-75.8056	-8.66221	
-0.229805	-0	0.23554	27.022	12.1632	-25.2505	
0.0902905	0	0.243922	-57.7305	-11.6759	-176.98	
-3.22818	-0	0.157025	-4.49878	-190.186	11.3392	
20.2327	0	0.771369	-10.1912	201.769	8.46297	
11.1495	0	0.533517	-4.77384	201.436	1.47589	
-0.351183	-0	0.232362	148.363	-26.0102	-82.2678	
3.25978	0	0.326918	-23.2155	178.636	-2.71219	
-2.96715	-0	0.16386	30.9259	-186.678	-2.09304	
-5.03015	-0	0.109838	-18.5171	-207.594	5.10366	
-0.0946192	-0	0.23908	-85.437	-0.95701	59.5552	
0.52503	0	0.255306	-38.6876	76.6025	-11.221	
0.188941	0	0.246505	39.1096	-67.686	81.0383	
-4.00788	-0	0.136607	77.1572	-135.109	-3.3043	
-0.135511	-0	0.238009	-116.888	-31.185	163.207	
-5.30673	-0	0.102596	-6.48372	-206.887	-8.71156	
0.463832	0	0.253703	31.2546	-21.2554	39.7326	
-0.256409	-0	0.234843	-56.1522	-59.2062	53.9414	
-4.404	-0	0.126235	-8.12622	-213.323	-0.0980246	
0.231719	0	0.247625	31.8341	40.9063	47.5464	
0.41423	0	0.252405	69.7866	61.907	54.2406	
-0.192938	-0	0.236505	97.678	18.0778	-113.039	
-0.0095573	-0	0.241307	-28.9942	6.9406	209.037	
-3.59197	-0	0.147499	-89.5732	-176.612	2.77825	
-0.281372	-0	0.23419	94.911	-94.2901	-75.9414	
-4.93443	-0	0.112345	-18.118	-141.421	15.544	
-6.1131	-0	0.0814805	59.4649	-217.484	-8.66584	
-4.92139	-0	0.112687	47.7001	-183.845	6.42671	
13.4566	0	0.593931	9.71218	220.261	-2.73504	
-3.89086	-0	0.139672	-29.7058	-144.174	14.3722	
10.9468	0	0.52821	23.7597	224.89	5.74816	
0.147215	0	0.245413	-54.4026	-39.5611	-135.41	
-6.44921	-0	0.072679	-25.734	-179.636	9.19259	
-5.35479	-0	0.101337	-19.0356	-184.083	-3.9922	
-0.38446	-0	0.23149	-7.42892	-38.3521	-28.0161	
0.230372	0	0.24759	45.6889	33.0481	55.8463	
0.0997087	0	0.244169	40.7581	20.9202	27.6528	
-3.8639	-0	0.140378	-6.12882	-179.38	-0.7121	
-0.329621	-0	0.232926	-73.7701	-53.0609	29.9398	
-4.65134	-0	0.119758	-6.78597	-214.277	3.11379	
-6.93404	-0	0.0599835	-6.28435	-192.227	-11.1979	
-6.64624	-0	0.0675198	34.0582	-217.378	-10.1566	
-0.210872	-0	0.236036	66.3999	-64.9324	-62.0194	
-2.22248	-0	0.18336	-32.5486	-161.204	0.628395	
-0.328763	-0	0.232949	48.2129	7.41567	-40.1861	
0.101216	0	0.244208	-10.5933	29.0442	11.8217	
0.222399	0	0.247381	35.122	73.9362	55.8551	
-4.07641	-0	0.134813	14.3579	-222.214	9.17019	
-6.02495	-0	0.0837888	47.3522	-209.806	-1.13081	
0.0791755	0	0.243631	20.0621	50.7654	3.93117	
-0.137471	-0	0.237958	71.1312	32.7355	-92.7582	
0.441583	0	0.253121	-121.925	72.3844	-63.661	
-0.316322	-0	0.233274	-8.22203	-50.1195	-0.727167	
-4.26553	-0	0.129861	-23.4547	-210.64	6.87753	
-3.95413	-0	0.138015	13.6646	-209.297	3.06043	
12.2642	0	0.562707	39.6114	213.768	-6.18864	
-4.72322	-0	0.117876	-9.21507	-180.026	0.9916	
-0.277413	-0	0.234293	26.9587	-55.6197	-19.7095	
-3.35897	-0	0.1536	-25.9544	-171.319	9.03446	
-5.36182	-0	0.101153	12.6356	-211.221	3.01284	
0.049986	0	0.242867	16.7624	-35.5916	85.4466	
-0.27258	-0	0.23442	12.2717	-71.6792	10.1063	
-0.326386	-0	0.233011	5.55938	-95.7067	-21.4777	
0.00963159	0	0.24181	3.65046	17.8634	24.7984	
0.110241	0	0.244444	-22.9035	24.7634	8.70404	
-0.299618	-0	0.233712	-50.6536	-55.3522	4.59264	
-5.75561	-0	0.0908416	7.18429	-167.178	-13.9323	
0.0772135	0	0.243579	-5.97359	-60.1508	17.0733	
-0.233149	-0	0.235452	-108.971	-1.20898	148.935	
0.238106	0	0.247793	151.185	39.6742	160.72	
-0.364932	-0	0.232001	23.1685	-79.8932	-19.644	
-7.15583	-0	0.0541756	68.08	-186.439	-12.3591	
-0.030074	-0	0.24077	10.152	-6.58152	15.1761	
-5.14209	-0	0.106907	30.9188	-185.877	2.60967	
-0.455288	-0	0.229635	112.582	-66.7988	-61.4195	
-5.75622	-0	0.0908255	-42.4629	-150.599	-3.96126	
-4.70219	-0	0.118426	-3.36473	-196.819	-0.324793	
-3.17894	-0	0.158314	-9.64908	-155.137	1.95128	
0.186666	0	0.246446	79.0041	35.4409	69.9026	
-0.354244	-0	0.232281	117.99	-68.291	-71.9734	
-4.88449	-0	0.113653	13.7294	-166.609	-13.8701	
-0.249069	-0	0.235035	57.512	-61.2292	-28.1771	
0.557466	0	0.256155	98.2037	68.3554	47.8461	
-6.51363	-0	0.0709923	28.807	-204.272	-15.4141	
-5.88197	-0	0.0875327	0.522932	-219.108	2.99764	
0.160223	0	0.245753	88.7695	-24.4296	90.212	
0.314153	0	0.249784	-172.036	44.1481	-118.042	
0.364197	0	0.251094	-6.29081	-33.6814	-31.6755	
-5.47219	-0	0.0982632	-41.4036	-191.387	-1.50189	
-0.199257	-0	0.23634	5.39917	-71.791	-9.89409	
-3.60836	-0	0.147069	-15.3103	-206.589	10.2911	
-3.6559	-0	0.145824	-9.81089	-164.348	0.380756	
-0.268741	-0	0.23452	-22.2091	-57.1527	21.2622	
-0.0433454	-0	0.240423	22.7631	25.5642	-84.5633	
-3.58874	-0	0.147583	-35.4324	-188.842	3.54883	
-4.33471	-0	0.128049	12.5349	-180.542	1.69118	
0.37736	0	0.251439	-61.127	69.5208	-16.5646	
0.287533	0	0.249087	-143.109	94.6623	-105.612	
-2.64146	-0	0.172388	27.8372	-203.659	-1.06746	
-5.02427	-0	0.109993	30.7215	-189.754	0.719322	
-7.08364	-0	0.056066	-39.8042	-194.117	3.31384	
-0.215873	-0	0.235905	36.306	-83.3019	-61.0515	
-0.326246	-0	0.233015	-32.1324	-17.7383	40.0061	
-0.222626	-0	0.235728	80.0271	-14.3068	-117.733	
0.247976	0	0.248051	-47.8626	84.1499	-48.7275	
18.7526	0	0.732611	12.4869	239.16	-0.829384	
-0.317613	-0	0.233241	-78.3895	-87.4843	73.2037	
-0.139433	-0	0.237906	-11.3342	-69.6264	28.205	
-5.35043	-0	0.101452	16.4469	-190.442	6.58088	
0.0730735	0	0.243471	-54.335	11.0807	-180.64	
-5.61555	-0	0.0945092	14.3468	-184.913	1.72948	
-2.86731	-0	0.166474	41.4722	-169.556	-2.44254	
0.210798	0	0.247077	-1.06098	26.1926	66.0968	
6.56391	0	0.41344	2.10376	162.515	1.78064	
0.276295	0	0.248793	-81.0168	94.7763	-80.3717	
-3.39442	-0	0.152672	-41.4454	-172.818	1.84519	
-4.45573	-0	0.12488	-14.1887	-162.215	-3.45392	
0.354628	0	0.250844	-7.92226	86.5222	-26.6621	
-4.60776	-0	0.120899	16.1525	-218.42	1.19032	
-4.06048	-0	0.13523	4.03521	-189.729	-3.27384	
0.322234	0	0.249996	1.14908	27.7271	-23.6932	
-0.496675	-0	0.228552	-6.3081	-72.7726	0.57711	
-0.0792735	-0	0.239482	-44.4769	-38.6816	65.6189	
-0.273577	-0	0.234394	27.0116	-63.4789	-0.9963	
-0.0527602	-0	0.240176	-6.25224	9.53961	-44.2956	
0.313603	0	0.24977	5.16846	77.3936	-20.769	
12.6971	0	0.574043	-35.4318	229.464	14	
-0.0914203	-0	0.239164	6.25663	48.2498	1.85309	
-4.83823	-0	0.114864	10.1673	-176.24	-2.0666	
-0.18082	-0	0.236823	45.9172	-23.9772	-60.0149	
-3.15722	-0	0.158883	-19.0928	-148.223	9.46321	
-0.518799	-0	0.227972	-217.156	30.3307	73.1395	
-0.244463	-0	0.235156	11.0555	-66.4809	-12.6132	
-2.54912	-0	0.174806	9.74029	-194.506	-9.38635	
0.191982	0	0.246585	95.0624	42.8917	168.507	
-0.323658	-0	0.233082	147.934	-50.8835	-85.7656	
-3.25035	-0	0.156444	-5.39611	-208.517	-5.95343	
2.67471	0	0.311597	-0.419745	240.945	-5.69903	
-5.91664	-0	0.0866248	-20.3248	-219.642	3.5005	
-5.37131	-0	0.100905	-45.1059	-166.668	10.3963	
0.282792	0	0.248963	16.2069	44.2618	-0.362478	
-0.220533	-0	0.235783	-124.608	-12.9072	154.356	
-0.135467	-0	0.23801	-23.6903	-48.1549	34.4858	
-0.243593	-0	0.235179	-148.147	19.1462	91.1224	
-4.7736	-0	0.116556	-9.90073	-240.191	1.51284	
0.139287	0	0.245205	-51.091	-34.972	-100.831	
0.143148	0	0.245306	99.9738	10.5873	179.635	
-0.149277	-0	0.237649	-116.556	-65.1492	175.171	
-0.396233	-0	0.231182	-41.6095	-76.5024	30.3898	
-4.79983	-0	0.11587	8.92881	-187.351	0.785659	
-0.193446	-0	0.236492	-100.607	-45.1345	66.3324	
-0.458839	-0	0.229542	9.16901	-34.4994	7.29281	
-0.0902295	-0	0.239195	-3.41005	-40.6496	-70.0669	
-5.48879	-0	0.0978285	-9.70616	-204.757	10.9147	
-1.7783	-0	0.194991	-64.691	-213.446	0.00330066	
-0.219644	-0	0.235806	-40.6627	-45.2388	55.1723	
-6.89339	-0	0.0610479	26.8343	-209.204	6.03914	
-4.36957	-0	0.127136	-41.0023	-171.9	10.3447	
0.231498	0	0.24762	-117.667	85.2626	-155.053	
-0.338985	-0	0.232681	91.4191	-86.2808	-74.7054	
-5.10308	-0	0.107929	-12.2219	-217.058	6.43441	
-6.44441	-0	0.0728048	16.6614	-214.824	3.29352	
0.0188745	0	0.242052	23.7121	-5.88098	199.543	
-7.06031	-0	0.0566768	-11.3938	-183.267	-9.78863	
-3.68222	-0	0.145135	31.8897	-212.486	-2.01774	
0.354397	0	0.250838	86.5214	74.3759	84.3215	
-0.107268	-0	0.238749	-18.9615	28.3957	53.1931	
-3.01169	-0	0.162694	-32.1199	-193.041	6.30372	
0.622374	0	0.257855	-30.334	39.0857	-19.8794	
20.2851	0	0.772742	-24.7556	211.316	-2.24353	
-0.191205	-0	0.236551	52.6874	-11.1934	0.988978	
-2.68156	-0	0.171339	31.5994	-185.992	-6.49829	
-6.57744	-0	0.0693213	-12.6765	-204.782	-6.15592	
-0.158629	-0	0.237404	47.5565	-12.4178	-119.997	
-0.126349	-0	0.238249	-77.46	-5.71827	188.245	
-0.135861	-0	0.238	34.2809	68.0912	-77.6406	
-2.95746	-0	0.164114	2.76011	-195.153	6.98874	
-0.10003	-0	0.238938	63.3	-44.314	-147.908	
-5.44257	-0	0.0990389	-13.9159	-190.874	-2.26867	
0.254165	0	0.248213	98.0981	88.7082	84.8291	
-4.71699	-0	0.118039	-19.7099	-189.75	8.153	
-5.53621	-0	0.0965867	10.0678	-153.612	3.19821	
-4.05192	-0	0.135454	-29.3307	-218.919	-8.45559	
-2.32133	-0	0.180771	28.2822	-251.185	11.9658	
-4.28589	-0	0.129328	44.2957	-180.306	8.78334	
-4.49786	-0	0.123777	49.989	-201.539	6.9088	
0.292063	0	0.249205	8.42881	75.2267	36.5426	
6.8962	0	0.422141	-58.9708	183.477	-6.21982	
-2.29288	-0	0.181516	14.6353	-181.815	-3.10241	
0.124255	0	0.244811	-23.2032	-63.0439	-33.0818	
-2.8005	-0	0.168224	-25.1769	-115.73	-6.32622	
-1.4664	-0	0.203158	-67.8334	-195.387	5.37631	
-3.42634	-0	0.151836	-19.5206	-179.598	-3.67569	
-0.379831	-0	0.231611	-21.2428	-76.2761	4.22669	
-3.02638	-0	0.162309	2.44017	-207.952	0.796162	
0.232762	0	0.247653	-133.94	-2.14991	-104.366	
0.283731	0	0.248987	-22.594	-81.1183	-31.8248	
-0.146501	-0	0.237721	-94.0573	83.2428	142.575	
6.8744	0	0.42157	20.9989	179.901	-4.99993	
-0.232491	-0	0.23547	-48.045	-80.681	55.2693	
-4.7458	-0	0.117284	27.857	-197.576	11.1922	
-0.312176	-0	0.233383	109.715	-87.2405	-92.1989	
-4.91207	-0	0.11293	-27.8723	-183.515	-0.400954	
0.362885	0	0.25106	-26.7355	9.92747	14.5181	
-3.6281	-0	0.146552	-2.61346	-185.569	13.1697	
-5.54899	-0	0.0962521	-20.5969	-194.97	-4.76374	
-1.59062	-0	0.199906	41.0232	-177.358	-8.63737	
-0.431754	-0	0.230252	-39.8996	-83.3518	4.53966	
-7.52821	-0	0.0444243	-2.2068	-172.568	2.89064	
-6.30821	-0	0.0763712	25.2077	-196.736	-10.1602	
-0.101224	-0	0.238907	8.92196	-5.48556	-8.9899	
-3.43411	-0	0.151632	-2.48195	-205.943	6.36265	
-0.356457	-0	0.232223	25.1362	-75.4112	15.9933	
0.188025	0	0.246481	-60.9944	-77.1941	-49.8674	
0.469172	0	0.253843	151.265	59.3119	96.807	
-2.61798	-0	0.173003	26.2284	-207.54	-3.92247	
0.235524	0	0.247725	61.1452	66.1349	78.3443	
0.397427	0	0.251965	-7.50442	97.9518	-10.2508	
-4.10781	-0	0.133991	-6.38529	-212.136	-11.6583	
0.0839202	0	0.243755	36.3648	30.7554	39.7744	
-4.39309	-0	0.12652	-21.5367	-188.784	-3.59746	
-3.47973	-0	0.150438	13.8948	-206.73	5.23019	
-3.48605	-0	0.150272	5.55611	-180.821	-15.2605	
0.373018	0	0.251325	44.1106	48.5993	53.3232	
-5.09977	-0	0.108015	11.3643	-183.086	-1.38732	
-0.37256	-0	0.231802	47.1221	-63.3803	-37.5964	
-0.114786	-0	0.238552	82.8434	-46.2104	-216.22	
-3.39539	-0	0.152646	17.8914	-182.744	-4.19474	
-0.463122	-0	0.22943	-86.0528	-89.5089	34.654	
0.259351	0	0.248349	27.7965	16.2503	39.9703	
0.40402	0	0.252137	52.6974	61.4487	32.7478	
-0.133067	-0	0.238073	59.5915	-43.8352	-95.2166	
-6.59544	-0	0.06885	-16.7282	-183.063	19.6527	
0.302081	0	0.249468	-3.68951	82.4422	10.32	
0.00661171	0	0.241731	8.21429	10.8377	-107.043	
-0.403786	-0	0.230984	-26.4089	-76.6088	11.5092	
0.316332	0	0.249841	-82.7671	43.4192	-72.196	
0.109131	0	0.244415	11.6217	-33.5797	32.8953	
0.316113	0	0.249835	-20.9437	62.193	26.3501	
-4.31477	-0	0.128571	-23.5023	-158.65	-2.67123	
-3.72911	-0	0.143907	-15.1139	-153.506	4.90162	
-5.05288	-0	0.109243	-37.673	-200.596	8.74701	
-4.20499	-0	0.131446	8.34403	-159.33	0.584984	
0.456271	0	0.253505	-91.6935	56.2238	-66.5388	
-1.61103	-0	0.199371	-25.0504	-180.748	4.48866	
-0.319965	-0	0.233179	25.4439	-27.9362	-60.9337	
0.306654	0	0.249588	-75.5911	69.1781	-79.6955	
-5.01897	-0	0.110131	34.7913	-173.339	-3.96712	
-2.55282	-0	0.17471	-17.4256	-248.813	9.07944	
-0.218478	-0	0.235837	-32.8642	-83.313	-1.83051	
-0.191488	-0	0.236543	-76.1645	-17.7779	53.8645	
-0.255277	-0	0.234873	-63.6692	25.7197	49.6006	
-0.231162	-0	0.235504	-23.6145	-75.6641	55.7885	
-4.05718	-0	0.135317	19.957	-168.457	-11.3346	
0.672161	0	0.259159	127.777	77.8469	54.1542	
-3.96315	-0	0.137779	-21.6223	-185.988	9.648	
-1.85176	-0	0.193067	52.297	-184.193	-12.8214	
-0.309043	-0	0.233465	33.2774	-49.8053	13.7239	
7.80189	0	0.445857	12.853	188.486	-2.32358	
0.232455	0	0.247645	30.5981	32.8972	28.4558	
0.178281	0	0.246226	91.6718	75.3922	160.815	
0.202991	0	0.246873	-153.244	-25.5826	-107.095	
-0.0840783	-0	0.239356	12.6514	-19.5933	-55.2941	
0.464936	0	0.253732	-62.67	40.3512	-7.22038	
-4.12435	-0	0.133558	-8.58274	-184.801	-11.0967	
-3.87251	-0	0.140152	-35.8122	-191.633	7.95442	
-0.224887	-0	0.235669	-84.214	-9.7521	64.4356	
-0.274695	-0	0.234364	12.8372	-19.1788	19.3624	
-0.429505	-0	0.230311	8.78136	-68.9244	0.563177	
-0.406586	-0	0.230911	-13.7924	-77.7728	16.2864	
0.547044	0	0.255882	76.7101	62.2865	50.9852	
-4.93607	-0	0.112302	-7.19017	-186.233	12.3636	
0.402446	0	0.252096	-16.3941	89.4687	-12.8441	
-0.208233	-0	0.236105	81.7308	-71.0049	-111.638	
-3.74976	-0	0.143367	20.5739	-192.012	-0.807778	
-0.0947025	-0	0.239078	19.9514	-50.2653	-118.904	
-2.34027	-0	0.180276	-26.9792	-218.96	-5.70333	
0.284243	0	0.249001	0.251231	36.9217	-29.1208	
-4.87726	-0	0.113842	31.8949	-188.566	-1.14992	
-5.76359	-0	0.0906327	-22.8841	-210.55	-7.37202	
-3.49394	-0	0.150065	-55.8234	-186.311	5.88295	
3.75166	0	0.339798	16.1512	168.266	-11.4457	
0.303505	0	0.249505	28.8707	77.5721	55.0316	
-5.93104	-0	0.0862478	12.1333	-187.219	0.849887	
0.175635	0	0.246157	-75.8704	25.4816	-70.8606	
-2.19999	-0	0.183949	-56.2404	-186.801	12.5578	
-0.0123593	-0	0.241234	-10.8831	3.8697	-95.7086	
12.2107	0	0.561305	-25.5294	272.933	-0.285845	
0.270777	0	0.248648	-60.597	35.9453	-27.1943	
0.670956	0	0.259127	60.7354	30.0106	43.6634	
14.8667	0	0.630857	53.2502	216.031	7.52652	
0.167467	0	0.245943	-54.3182	57.257	-35.2884	
8.21824	0	0.45676	-25.7725	190.786	3.26054	
0.1493	0	0.245467	-8.88076	61.7754	-62.8081	
-3.45337	-0	0.151128	-54.6939	-205.399	7.79874	
0.476506	0	0.254035	64.4911	44.559	10.4974	
0.384455	0	0.251625	35.1681	-8.66927	-11.6315	
-0.488013	-0	0.228778	-36.4054	-72.9252	21.2297	
0.382439	0	0.251572	41.0808	94.1863	27.454	
-0.0824828	-0	0.239398	-24.1353	33.1368	42.7175	
0.410159	0	0.252298	26.979	84.2562	24.2618	
-0.589671	-0	0.226116	-110.692	-39.9405	45.5352	
0.153939	0	0.245589	0.996118	41.2551	-15.3864	
-2.72816	-0	0.170118	12.9991	-198.283	-5.28836	
0.452932	0	0.253418	21.6769	92.5391	16.7553	
12.42	0	0.566787	71.2026	225.854	-5.85348	
7.23771	0	0.431084	-5.11461	179.628	-3.60149	
-4.82941	-0	0.115095	-6.87964	-141.845	-5.14291	
0.171117	0	0.246038	-37.4269	-57.6867	-41.3004	
-0.322021	-0	0.233125	-20.6731	-79.4354	5.80173	
0.231384	0	0.247617	60.8502	-48.2495	59.1077	
-1.98614	-0	0.189549	26.3008	-205.06	-12.7341	
-0.281055	-0	0.234198	-109.198	-44.7651	35.3767	
-0.180438	-0	0.236833	-44.8432	-5.79324	111.957	
0.393264	0	0.251856	-80.5213	4.30756	-82.5906	
-0.359638	-0	0.23214	-78.3238	-90.6578	53.5929	
-4.78437	-0	0.116275	39.3072	-188.905	-20.5063	
0.401344	0	0.252067	-59.5539	62.6982	-11.2142	
-0.119241	-0	0.238435	24.4149	-71.1668	-62.6437	
-0.246775	-0	0.235096	41.998	21.3049	5.13578	
0.118896	0	0.244671	-24.8655	27.6201	19.3239	
-2.70146	-0	0.170817	48.1252	-160.254	7.94671	
-5.09778	-0	0.108068	0.430053	-141.05	-9.232	
-0.302684	-0	0.233632	50.607	-30.815	-25.1045	
0.235427	0	0.247722	82.7917	41.0864	64.7681	
-0.159058	-0	0.237392	-28.229	-49.308	24.6143	
0.266197	0	0.248528	58.2563	81.8499	45.0993	
-4.50794	-0	0.123513	-19.3694	-209.5	0.952605	
-5.03774	-0	0.10964	4.49318	-189.755	6.60526	
0.139953	0	0.245222	56.8848	19.5355	115.779	
-0.324895	-0	0.23305	18.9974	-79.176	-22.3259	
-5.34453	-0	0.101606	6.06469	-163.3	-8.93724	
0.313536	0	0.249768	22.9981	82.4507	36.9759	
-0.477812	-0	0.229046	161.931	-67.0199	-77.2017	
0.190173	0	0.246537	73.1552	37.9442	87.7995	
-0.111078	-0	0.238649	-32.6238	33.2292	139.695	
-0.287568	-0	0.234027	22.9072	67.2559	1.06656	
-0.273003	-0	0.234409	-116.532	-87.1341	129.142	
26.1243	0	0.925646	-33.3669	232.467	-0.876626	
-0.319825	-0	0.233183	114.324	-72.9766	-84.2891	
8.01846	0	0.451528	11.0842	218.715	2.9891	
-0.00676913	-0	0.24138	-11.323	12.6143	35.7147	
0.312298	0	0.249735	72.9025	83.5981	74.8179	
-4.39297	-0	0.126524	-21.8429	-198.863	3.45786	
0.222711	0	0.247389	75.8198	42.1871	89.8596	
-0.443908	-0	0.229933	121.214	61.0848	-78.4239	
-0.330258	-0	0.232909	-37.6634	0.526399	24.0734	
-6.40029	-0	0.07396	55.4605	-163.127	2.18471	
0.436445	0	0.252986	-18.582	24.2286	10.8173	
-3.57133	-0	0.148039	18.6189	-224.605	-13.8385	
-0.174732	-0	0.236982	-14.1269	-49.5351	-14.819	
-8.09572	-0	0.0295636	-35.8693	-217.316	-2.03248	
0.269353	0	0.248611	-60.9885	64.5075	-32.9316	
0.3096	0	0.249665	133.271	68.3556	85.0953	
0.226403	0	0.247486	-92.816	77.0057	-105.767	
-3.43948	-0	0.151492	-69.1723	-199.939	3.63692	
-3.1404	-0	0.159323	-3.73783	-180.06	2.79557	
-5.07161	-0	0.108753	-29.9408	-185.84	5.58086	
0.251133	0	0.248134	-38.7773	89.1058	-56.5702	
-0.32782	-0	0.232973	-5.37975	-52.2387	3.72224	
-0.262871	-0	0.234674	-64.8614	-31.3963	27.3429	
-0.294195	-0	0.233854	90.3643	-51.059	-57.1891	
-7.14947	-0	0.0543421	3.35647	-216.704	-1.94565	
0.285046	0	0.249022	121.955	24.8402	89.8984	
-0.157001	-0	0.237446	4.83441	-34.4579	-19.8119	
0.33837	0	0.250418	-92.5639	63.886	-54.9821	
0.0218088	0	0.242129	-33.8573	12.1726	-112.465	
11.5235	0	0.543312	13.3426	213.948	-2.60914	
-0.294133	-0	0.233855	-2.01802	-82.3598	-34.2525	
0.166371	0	0.245914	57.5812	-6.11984	12.3596	
0.287131	0	0.249076	11.8134	71.2562	22.1304	
-0.335756	-0	0.232765	193.5	-33.8219	-91.3017	
-0.404641	-0	0.230962	-32.5595	-80.17	35.1505	
0.465799	0	0.253755	-50.8843	94.8719	-23.8312	
-0.253529	-0	0.234919	-25.2525	-84.941	18.0596	
-6.10769	-0	0.0816221	26.73	-178.715	-7.33332	
0.504979	0	0.254781	70.2657	78.7712	42.696	
0.390802	0	0.251791	3.89831	49.8258	-32.4376	
0.414481	0	0.252411	-67.077	-2.6093	-67.0856	
0.403137	0	0.252114	109.609	66.9121	81.6061	
-0.204725	-0	0.236197	-11.7216	-79.8868	17.8021	
0.406097	0	0.252192	46.3655	48.8238	34.6809	
0.137096	0	0.245148	17.9428	-73.2628	-26.0454	
-5.85749	-0	0.0881739	16.7737	-220.813	4.26236	
-3.99106	-0	0.137048	-7.31787	-215.104	-6.8955	
0.209768	0	0.247051	70.4349	63.5342	91.7254	
-5.27933	-0	0.103313	53.4799	-213.173	-12.8207	
0.208657	0	0.247021	-56.7293	76.7592	-40.2372	
0.692749	0	0.259698	104.653	54.9912	41.3162	
-2.65552	-0	0.17202	-27.9141	-172.398	-2.38878	
-0.0735959	-0	0.23963	-22.507	9.0359	-84.5655	
-1.94741	-0	0.190563	-72.9047	-223.18	12.5105	
0.00966673	0	0.241811	-29.4615	-40.4939	-85.371	
-3.30135	-0	0.155109	-50.995	-192.266	-7.37962	
-0.466153	-0	0.229351	75.8807	-49.673	-26.4781	
-6.87101	-0	0.061634	25.9777	-191.339	-5.7149	
0.208879	0	0.247027	22.2584	40.7624	-39.8345	
-1.03316	-0	0.214503	-82.1577	-75.6178	27.145	
-2.96877	-0	0.163817	22.7409	-183.975	-11.7697	
-4.82125	-0	0.115309	-6.88252	-202.082	-13.5746	
-3.81014	-0	0.141786	-17.187	-163.007	-16.3574	
-0.147089	-0	0.237706	7.02404	-52.2698	10.1406	
-0.366407	-0	0.231963	101.061	-96.6794	-71.5707	
-6.48609	-0	0.0717133	-21.4246	-213.377	-3.16755	
-5.31289	-0	0.102435	32.2836	-167.383	4.42733	
-4.76437	-0	0.116798	-10.1738	-196.583	11.3247	
0.234557	0	0.2477	-13.6923	70.7325	-57.475	
-1.57211	-0	0.20039	-26.4413	-165.117	6.22264	
-0.331902	-0	0.232866	161.095	-67.8019	-131.435	
0.47747	0	0.254061	-94.0355	37.5975	-21.4105	
-3.34727	-0	0.153906	-18.8168	-183.332	4.51359	
0.414248	0	0.252405	-182.253	41.7529	-106.402	
16.775	0	0.680826	-12.8142	244.153	-1.16257	
-0.28803	-0	0.234015	-11.5343	-69.3904	9.07484	
0.174377	0	0.246124	-20.8616	52.0595	14.9372	
-1.92787	-0	0.191075	-8.02757	-215.406	9.10202	
0.137857	0	0.245167	-123.761	-18.6674	-177.536	
0.168799	0	0.245978	-41.4879	50.5576	10.6175	
16.5622	0	0.675254	22.9747	255.236	2.4536	
-5.48012	-0	0.0980556	-26.8382	-192.799	-6.83571	
18.482	0	0.725525	35.8655	232.215	-1.28855	
12.4443	0	0.567423	12.465	209.401	3.92882	
-2.92124	-0	0.165062	3.44058	-175.678	1.69894	
0.0529696	0	0.242945	14.1442	-23.0532	119.681	
0.344761	0	0.250585	-49.1214	63.5138	-43.3982	
-0.225281	-0	0.235658	-89.1229	-40.8216	44.4968	
-6.48592	-0	0.0717178	24.6861	-168.045	-11.188	
-0.278772	-0	0.234258	44.8818	-34.0933	-40.9397	
-6.21505	-0	0.0788109	12.3409	-173.775	-4.17926	
-0.0390108	-0	0.240536	51.3018	30.5307	-62.2207	
-0.0708579	-0	0.239702	-37.4752	-27.2963	-17.7061	
-4.73734	-0	0.117506	-8.66927	-191.922	-12.3421	
-5.09436	-0	0.108157	-1.3181	-239.34	-7.898	
-7.26704	-0	0.0512635	31.9971	-234.049	-3.36273	
-5.24732	-0	0.104152	-29.0803	-169.414	10.7345	
-0.266795	-0	0.234571	80.6666	20.8576	-50.5057	
0.201585	0	0.246836	-80.2534	37.1602	-118.708	
-0.253613	-0	0.234916	19.7301	-57.5247	7.28774	
0.0612814	0	0.243162	-10.0804	-25.3842	54.9877	
-4.12197	-0	0.13362	-45.4118	-178.183	-6.06917	
-0.0611776	-0	0.239956	53.1202	31.5926	-81.1495	
-0.227626	-0	0.235597	-55.4207	-57.7098	64.1151	
-4.5865	-0	0.121456	54.2193	-170.521	9.97893	
17.1689	0	0.69114	10.5094	250.317	-10.3332	
0.0792594	0	0.243633	-67.6384	-11.5948	-178.161	
-4.46363	-0	0.124673	-46.513	-190.072	-15.3057	
0.336677	0	0.250374	182.265	75.1491	133.324	
-0.18264	-0	0.236775	66.2881	-71.8635	-59.5695	
-3.01856	-0	0.162514	-25.3124	-239.192	8.73223	
-2.31437	-0	0.180954	-42.7466	-160.53	5.11291	
-4.42359	-0	0.125722	-26.7254	-132.829	7.82592	
-0.0740558	-0	0.239618	33.9346	-13.903	-50.6222	
0.299357	0	0.249397	161.328	45.7209	113.712	
-0.33923	-0	0.232675	77.2573	-98.0108	-31.6084	
-0.0886146	-0	0.239237	-16.679	-40.5209	-19.0005	
-0.249708	-0	0.235019	90.2596	-49.3758	-74.1747	
-0.189094	-0	0.236606	52.9021	-67.1333	-29.1116	
-5.78174	-0	0.0901573	-1.98994	-212.274	7.2224	
-6.5446	-0	0.0701813	-17.8701	-158.788	2.38863	
-2.46319	-0	0.177057	37.9595	-217.944	-4.52102	
0.284979	0	0.24902	27.4695	26.0381	21.5321	
0.0958058	0	0.244066	-18.7407	24.3007	-109.988	
-4.91135	-0	0.112949	-4.87796	-198.456	10.0447	
0.114915	0	0.244567	51.6561	7.73954	115.707	
-0.126931	-0	0.238234	40.8336	-67.8211	-63.7526	
-2.83768	-0	0.16725	-7.42043	-218.923	13.3015	
0.166895	0	0.245928	15.5702	-52.6531	46.5068	
-5.09383	-0	0.108171	-7.20725	-160.003	3.66167	
-4.47472	-0	0.124383	-32.2636	-190.655	-1.39844	
0.298468	0	0.249373	86.354	57.6113	78.6031	
11.8398	0	0.551595	30.878	201.996	-5.62816	
0.141279	0	0.245257	86.0479	40.9159	135.306	
-3.7203	-0	0.144138	-11.3215	-243.386	2.5779	
-0.419865	-0	0.230563	158.998	-16.779	-102.57	
0.00975891	0	0.241813	13.1132	12.7101	-39.9432	
-6.65984	-0	0.0671634	-17.6453	-159.111	6.75207	
-0.243668	-0	0.235177	117.005	-88.3217	-94.5013	
-6.71554	-0	0.0657051	35.6904	-171.067	10.1678	
-0.437643	-0	0.230097	-26.8866	-80.3543	32.1412	
0.211033	0	0.247084	-26.5343	84.1924	-52.6107	
-3.28023	-0	0.155662	24.9361	-178.383	1.53066	
-0.376533	-0	0.231698	83.5518	-46.0938	-30.1213	
-0.265807	-0	0.234597	8.49907	-75.5602	-15.5626	
-0.255189	-0	0.234875	-156.828	47.8403	125.403	
-4.26591	-0	0.129851	46.4091	-212.357	-13.2189	
0.172437	0	0.246073	-36.6969	63.5177	-27.6498	
-0.331564	-0	0.232875	-39.8591	-77.3628	20.9257	
-3.5165	-0	0.149475	-8.00529	-153.409	8.25367	
-0.209125	-0	0.236081	-91.2498	-74.2443	66.6698	
-2.53631	-0	0.175142	-14.6888	-217.147	-6.90533	
-4.33757	-0	0.127974	-12.0845	-168.358	-5.90465	
0.252493	0	0.248169	-38.3709	66.8424	-20.1147	
-0.125606	-0	0.238268	52.0528	-10.3635	-160.72	
-5.59208	-0	0.0951239	-61.061	-203.71	13.3223	
-5.46698	-0	0.0983998	-8.608	-221.434	11.2395	
-3.55245	-0	0.148534	-22.3852	-213.179	-5.64699	
-0.178905	-0	0.236873	-15.7499	-29.6872	30.9415	
0.258419	0	0.248325	151.301	76.597	162.226	
-5.13585	-0	0.107071	68.28	-202.175	-2.67391	
0.391554	0	0.251811	42.8109	81.1115	10.2791	
-3.47735	-0	0.1505	19.5697	-164.555	-2.0044	
-2.55871	-0	0.174555	23.5382	-202.654	-10.9999	
-0.0343281	-0	0.240659	59.8896	-2.82668	-155.056	
0.26608	0	0.248525	19.9614	37.2782	30.0255	
0.0773424	0	0.243583	-53.6725	-27.9161	-126.826	
-2.07978	-0	0.187097	-14.9649	-218.923	1.18926	
-3.88966	-0	0.139703	16.9513	-185.911	1.90106	
0.110093	0	0.24444	32.3794	20.0122	-11.1678	
0.437665	0	0.253018	24.2711	78.96	7.85566	
-1.59892	-0	0.199689	-26.2828	-205.028	5.53419	
-6.81091	-0	0.0632076	-36.3049	-194.859	8.15394	
-3.64205	-0	0.146187	6.41923	-201.448	-12.8813	
-5.3806	-0	0.100662	-15.4672	-190.061	0.529345	
0.407646	0	0.252232	-74.1451	47.1401	-23.1605	
0.462887	0	0.253679	-7.43806	28.4631	-7.53293	
0.0157507	0	0.24197	-2.85452	9.756	-21.7571	
-5.71034	-0	0.092027	-53.217	-217.918	1.25228	
0.347195	0	0.250649	14.069	97.5571	24.2249	
0.0796201	0	0.243642	74.389	15.1537	139.23	
0.565793	0	0.256373	55.2957	39.0263	14.2758	
-5.63179	-0	0.094084	17.6632	-182.162	14.3505	
-4.57064	-0	0.121871	1.40266	-193.404	-5.04509	
-5.95696	-0	0.085569	2.97871	-183.967	-5.17297	
-2.02654	-0	0.188491	-8.47155	-193.006	0.199172	
2.44795	0	0.305659	-5.58389	208.768	1.184	
0.216862	0	0.247236	-40.0644	79.832	-37.7073	
-4.82403	-0	0.115236	-41.4967	-208.631	-5.70218	
-0.412833	-0	0.230747	-8.78697	-85.7891	4.3225	
-2.23734	-0	0.182971	50.0257	-214.558	3.19059	
-5.37839	-0	0.10072	-33.9896	-196.433	4.58801	
-0.49598	-0	0.22857	26.4809	-24.3049	6.93079	
-0.295182	-0	0.233828	0.942286	-101.276	7.50761	
-5.41394	-0	0.0997887	-12.7043	-204.827	-1.78368	
-4.07346	-0	0.13489	10.9109	-194.656	3.26954	
-0.107497	-0	0.238743	-70.9305	-24.2457	124.977	
-3.50842	-0	0.149686	-7.14865	-211.353	8.11328	
-0.204969	-0	0.23619	33.9286	33.8738	-64.3197	
-0.322405	-0	0.233115	81.0137	-69.5431	-51.9999	
0.045805	0	0.242757	31.4668	12.1489	-104.94	
-0.214486	-0	0.235941	127.787	-22.6407	-138.959	
-0.0641358	-0	0.239878	12.8394	-21.189	-71.0254	
-6.74474	-0	0.0649402	-5.64227	-169.859	-7.31483	
-6.01386	-0	0.0840791	8.62007	-221.781	24.3537	
-0.177429	-0	0.236911	-137.219	-50.2614	129.05	
-5.11782	-0	0.107543	-44.575	-184.461	-1.27715	
-6.75847	-0	0.0645808	-37.2416	-198.152	-4.68548	
-0.135989	-0	0.237997	-20.6302	-79.0968	88.171	
0.300642	0	0.24943	31.3551	78.7864	37.3977	
0.319965	0	0.249936	111.517	14.2024	59.6462	
0.44121	0	0.253111	-37.9975	62.3566	-14.8705	
0.120975	0	0.244725	23.94	-20.7425	60.2845	
-0.474751	-0	0.229126	-47.3066	-60.505	24.2956	
-0.154661	-0	0.237508	80.2085	9.10732	-119.238	
-0.295357	-0	0.233823	12.2399	-51.6089	-6.73563	
-2.85865	-0	0.166701	-20.6902	-230.989	-1.59972	
-0.385869	-0	0.231453	29.0215	-29.2595	-28.1642	
-5.54818	-0	0.0962733	-7.46371	-126.02	-0.232806	
-0.448715	-0	0.229808	-24.9863	-41.9956	-8.20605	
0.268892	0	0.248599	-4.10154	59.3712	-24.4053	
-0.102317	-0	0.238878	-32.692	-43.3001	104.019	
0.098393	0	0.244134	54.1068	26.6943	127.361	
-4.81356	-0	0.11551	1.82882	-166.255	-3.46039	
-0.214919	-0	0.23593	7.43315	-78.3467	-6.32881	
0.0785717	0	0.243615	-8.38344	30.6443	-154.968	
0.168004	0	0.245957	29.1369	46.5842	-11.9736	
0.241921	0	0.247892	-7.01267	86.826	-34.0452	
-5.10405	-0	0.107903	9.99378	-205.266	3.91737	
-0.292919	-0	0.233887	108.22	-80.3501	-94.4848	
-0.336944	-0	0.232734	-7.11864	-90.0592	14.5811	
-0.513072	-0	0.228122	-23.1569	-48.6615	7.33615	
-0.123323	-0	0.238328	13.3408	-33.2959	35.8251	
-0.458684	-0	0.229547	-3.99729	-80.8493	-17.2549	
-0.214509	-0	0.23594	19.6245	-90.1015	-6.96845	
0.293499	0	0.249243	8.29562	85.0899	-0.817696	
-3.88116	-0	0.139926	40.5261	-177.031	-4.25389	
