10 15
5.55792	1.20979	0.267289	-104.725	174.964	0.70092	
3.48903	1.02878	0.231039	-86.914	171.486	-18.2919	
13.1152	1.87096	0.399706	-67.2124	208.169	-1.34448	
-3.9393	0.378887	0.100881	8.84037	-173.826	2.66079	
8.89016	1.50132	0.325676	-72.2684	190.531	-0.686391	
11.6726	1.74475	0.374429	-45.9324	237.226	6.23794	
-2.81254	0.477466	0.120624	-44.1384	-177.936	-2.91474	
-5.86621	0.210304	0.0671186	-56.9995	-157.893	-6.41671	
-0.644427	0.667151	0.158613	-108.056	-171.345	4.64422	
7.78417	1.40456	0.306297	-14.2179	194.376	13.2505	
-4.02261	0.371598	0.0994216	3.95391	-190.77	-14.1362	
2.75581	0.964633	0.218191	-81.4448	160.424	-3.95121	
5.60147	1.2136	0.268052	-61.9228	146.405	2.32285	
-2.38166	0.515163	0.128174	-40.6904	-138.745	-8.90796	
33.6531	3.66779	0.759565	-40.8827	271.426	8.23868	
4.50063	1.11729	0.248764	-52.2835	166.222	3.19989	
-1.72056	0.573002	0.139758	-41.1957	-244.051	1.8586	
20.3113	2.50054	0.525794	-23.027	236.209	-3.37192	
-3.69519	0.400244	0.105159	-37.214	-209.832	1.43158	
-1.18395	0.619949	0.14916	-28.9691	-179.695	5.90182	
-3.98889	0.374548	0.100012	-38.1447	-188.377	16.4159	
-4.62172	0.319183	0.0889241	-46.8111	-210.58	1.57957	
-2.35762	0.517266	0.128595	-28.1828	-209.518	-5.81875	
4.21596	1.09238	0.243776	-55.4392	128.505	2.47958	
-5.30001	0.25984	0.0770393	-6.13257	-185.887	9.39121	
2.4567	0.938465	0.21295	-41.066	250.654	7.65617	
-1.94558	0.553315	0.135815	-94.5657	-112.724	-2.96486	
7.62613	1.39073	0.303528	-28.1945	176.603	-8.93509	
-5.1185	0.275721	0.0802198	-43.2114	-175.968	-8.93038	
7.34722	1.36633	0.298641	-68.4973	197.779	-3.6589	
-3.02586	0.458803	0.116886	44.5588	-201.042	-9.71669	
13.2569	1.88336	0.402189	-11.8185	207.644	-0.813156	
9.82871	1.58343	0.342121	-19.3776	261.64	-21.1394	
-2.20216	0.530867	0.131319	-37.0155	-186.523	-12.727	
-4.44342	0.334783	0.0920484	26.5076	-200.282	8.37217	
-2.1138	0.538598	0.132867	-14.7455	-209.417	-16.056	
6.65591	1.30585	0.286528	-20.4747	186.611	2.99762	
-2.15358	0.535117	0.13217	-60.951	-171.146	-8.45512	
-5.76048	0.219554	0.0689711	2.712	-181.283	2.97467	
-1.37007	0.603665	0.145899	9.50568	-225.702	4.74418	
3.55748	1.03477	0.232238	-82.4184	184.635	7.97115	
-2.13684	0.536582	0.132464	-96.4443	-166.538	1.64856	
-5.00942	0.285264	0.082131	14.529	-147.693	7.80485	
-3.75789	0.394759	0.10406	-43.0368	-221.431	1.70277	
-6.28324	0.173819	0.0598116	-35.8242	-168.303	3.67111	
-3.34946	0.430491	0.111216	-29.7361	-176.354	2.72483	
2.93556	0.980359	0.221341	-46.7437	176.576	-8.36263	
-1.78609	0.567269	0.138609	-51.9794	-220.58	11.2069	
-0.751616	0.657773	0.156735	-69.5243	-221.69	9.13835	
7.34063	1.36575	0.298525	-40.3041	208.251	-4.66806	
15.5898	2.08746	0.443065	-30.3755	199.766	3.52126	
2.10209	0.907441	0.206737	-118.778	191.511	-4.62937	
-5.07562	0.279472	0.080971	-34.4694	-214.29	-6.47702	
2.11621	0.908675	0.206984	-92.9643	135.338	-11.1892	
-5.60742	0.232945	0.071653	-39.0781	-206.586	0.576356	
-4.53843	0.32647	0.0903837	-0.7808	-236.834	1.14609	
14.0641	1.95398	0.416332	-58.7224	216.549	-8.37883	
2.03781	0.901817	0.205611	-97.4829	188.823	-4.24604	
-4.14618	0.360787	0.0972564	-47.4464	-216.167	-0.221198	
-4.72148	0.310455	0.0871763	39.1103	-175.06	13.0607	
9.93453	1.59269	0.343975	-86.5017	205.084	5.57757	
-4.40075	0.338515	0.0927959	-31.0177	-158.788	-14.9737	
-6.78065	0.130301	0.0510959	18.0986	-181.256	1.16892	
6.1906	1.26514	0.278375	-42.6551	193.592	4.44083	
7.68649	1.39601	0.304585	-64.1205	224.308	-3.4091	
13.5149	1.90593	0.406709	-57.0303	212.777	-3.81277	
-5.59501	0.234031	0.0718705	8.03983	-168.868	-9.12725	
5.8344	1.23398	0.272134	-69.1194	193.405	3.62443	
5.38295	1.19448	0.264223	16.3512	222.846	6.48999	
-3.07743	0.454291	0.115983	-62.9643	-172.342	-6.86106	
-2.12386	0.537717	0.132691	-50.9228	-173.942	-4.91315	
-3.94848	0.378084	0.100721	4.89238	-176.855	-3.67881	
16.777	2.19133	0.463867	-39.8719	242.982	7.39645	
-1.68447	0.576159	0.14039	-50.7562	-198.286	-7.93861	
5.64988	1.21783	0.2689	-24.9419	152.526	-11.8522	
5.10601	1.17025	0.259371	-64.7987	171.127	-3.13563	
9.1989	1.52833	0.331086	-39.6842	217.943	2.91814	
-2.08551	0.541072	0.133363	-17.5672	-145.987	-3.08577	
-3.51733	0.415804	0.108275	-12.0047	-206.237	5.43558	
17.0355	2.21395	0.468397	-34.1684	248.678	-1.24389	
-4.88096	0.296503	0.084382	-49.7565	-210.008	-0.144651	
-1.6181	0.581966	0.141553	-95.674	-209.947	-10.311	
16.6495	2.18017	0.461632	-47.0716	209.876	5.25216	
-3.50127	0.41721	0.108556	-5.95497	-198.072	0.103847	
-0.565909	0.674021	0.159989	-42.9827	-161.391	-30.7896	
-4.70411	0.311975	0.0874805	-44.3141	-155.144	-4.20516	
-1.39598	0.601399	0.145445	-79.4106	-130.577	2.33507	
14.2067	1.96646	0.418831	-79.0901	209.943	-2.28543	
-2.78918	0.47951	0.121034	-51.6668	-185.201	-5.71706	
-6.43937	0.160159	0.0570758	15.1296	-182.697	-9.45215	
10.9455	1.68114	0.36169	-91.5728	242.69	-4.69141	
13.1486	1.87388	0.40029	-58.5473	220.147	10.5171	
5.79392	1.23043	0.271424	-91.6975	163.5	-11.4298	
2.24103	0.919596	0.209172	-86.9911	229.604	10.9844	
-2.60037	0.496028	0.124342	-23.3821	-184.417	4.51586	
14.9379	2.03043	0.431643	-3.36465	205.912	1.59549	
-3.68461	0.401169	0.105344	-51.7651	-148.643	6.56655	
-2.15793	0.534737	0.132094	-120.012	-167.729	19.5182	
-4.10293	0.364572	0.0980144	-9.47564	-167.022	-8.96747	
2.09369	0.906705	0.20659	-37.6963	191.602	14.5026	
-3.49508	0.417752	0.108665	-43.6667	-235.872	5.99718	
2.55483	0.94705	0.21467	-68.7388	192.954	4.97791	
8.80895	1.49421	0.324253	-34.9735	199.586	2.86238	
-2.97746	0.463037	0.117734	-49.3873	-161.077	-4.5795	
-2.27561	0.524441	0.130032	-48.7093	-183.09	17.7751	
-2.69322	0.487905	0.122715	26.7924	-214.568	-7.86052	
-4.46277	0.333089	0.0917092	-49.5281	-232.326	-9.27285	
15.5568	2.08457	0.442487	-0.355946	233.597	0.725847	
4.89005	1.15136	0.255587	-58.5811	186.895	-2.88196	
5.51257	1.20582	0.266495	-3.42726	155.191	-11.0968	
-5.39299	0.251706	0.0754103	11.449	-167.744	1.30599	
2.13892	0.910663	0.207382	-105.324	241.619	2.13646	
15.1656	2.05035	0.435632	-39.189	200.092	2.33287	
11.7619	1.75257	0.375994	-59.0225	224.586	-4.77168	
-5.85684	0.211124	0.0672828	12.0759	-170.162	-16.1477	
6.51427	1.29346	0.284046	-43.3626	192.82	7.08874	
11.3232	1.71418	0.368307	-22.4293	192.485	-10.4098	
-2.19242	0.531719	0.13149	-35.1957	-204.509	-10.031	
14.803	2.01863	0.42928	-0.664511	193.974	-2.27366	
-6.96297	0.114351	0.0479015	8.94806	-181.238	7.94797	
11.96	1.76989	0.379464	-41.1328	199.585	4.79337	
-4.50983	0.328972	0.0908848	68.6018	-214.598	-2.18841	
3.59058	1.03767	0.232818	-120.728	156.611	3.08292	
-5.7818	0.21769	0.0685977	3.43678	-172.281	5.37073	
-3.02144	0.45919	0.116964	-29.8486	-217.212	19.9067	
17.1693	2.22565	0.470741	-53.1417	257.915	2.2714	
-2.89664	0.470108	0.119151	16.645	-180.164	6.52858	
9.19512	1.528	0.331019	-36.1745	239.857	7.99432	
-3.6261	0.406289	0.106369	-56.061	-159.601	11.1425	
-2.15183	0.535271	0.132201	-40.5804	-214.984	-4.16478	
-4.95258	0.290237	0.083127	-46.3391	-164.439	0.405839	
-3.68467	0.401165	0.105343	-33.1409	-227.764	0.989894	
9.43712	1.54917	0.33526	-9.38064	204.744	-11.3546	
7.93144	1.41744	0.308877	-55.79	178.821	3.1874	
3.57785	1.03655	0.232595	-53.45	154.411	6.07874	
-1.81736	0.564533	0.138061	-19.2231	-223.574	-0.425132	
-2.93941	0.466366	0.118401	40.7498	-198.268	5.85456	
-3.85025	0.386678	0.102442	-34.798	-166.22	1.36733	
10.8813	1.67552	0.360563	-20.7558	186.92	-2.42585	
12.4742	1.81488	0.388475	-14.2321	243.448	-4.52301	
6.84864	1.32271	0.289905	-18.6424	189.203	-16.4339	
-4.79361	0.304145	0.0859124	11.1195	-204.573	-4.9448	
-2.6317	0.493288	0.123793	-64.1131	-178.979	-7.65017	
17.8801	2.28783	0.483195	-16.8929	238.836	5.36383	
6.23147	1.26871	0.279091	-2.84372	193.043	12.7457	
2.3561	0.929663	0.211188	-75.9056	208.623	22.881	
-6.22318	0.179074	0.0608639	3.28596	-228.621	3.94396	
-5.02914	0.283538	0.0817855	20.2954	-187.463	-0.0086989	
3.60735	1.03913	0.233112	-88.4786	165.145	0.091808	
-6.24164	0.177458	0.0605404	34.6297	-185.717	-9.26542	
7.56096	1.38503	0.302386	-0.74584	220.213	-6.2658	
19.8212	2.45766	0.517207	-40.918	210.628	-3.76142	
-4.2003	0.356053	0.0963082	-49.388	-193.265	-3.27161	
8.16814	1.43815	0.313025	-77.4189	147.877	-4.85449	
6.95583	1.33209	0.291783	-20.2449	193.133	10.1218	
-2.59226	0.496738	0.124484	-3.23158	-214.154	-8.04159	
-3.35704	0.429829	0.111084	-27.0887	-161.055	0.808741	
15.0139	2.03707	0.432974	-52.4402	217.896	5.13791	
6.48449	1.29085	0.283524	-32.9387	184.129	-13.7486	
7.11422	1.34594	0.294558	-52.5343	200.127	2.19246	
-4.03406	0.370597	0.099221	-16.5971	-188.191	-11.2429	
14.7979	2.01818	0.42919	-89.2501	195.32	-14.4622	
13.3958	1.89551	0.404623	-25.297	243.26	4.17121	
-6.70984	0.136496	0.0523366	5.94352	-211.848	-0.580187	
-3.23665	0.440361	0.113193	-54.8664	-171.392	24.2522	
-3.83951	0.387617	0.10263	-19.6511	-150.315	5.36448	
6.15227	1.26179	0.277703	-37.5563	215.77	-3.46998	
-4.24095	0.352496	0.0955959	-30.511	-181.941	-3.80915	
-3.45152	0.421563	0.109428	-13.4495	-225.444	8.51966	
12.447	1.81251	0.387999	-64.5643	230.331	3.58501	
-4.6012	0.320978	0.0892837	-61.9935	-186.983	7.65033	
4.72179	1.13663	0.252639	-40.2401	206.315	2.49223	
14.4407	1.98693	0.422931	-11.8467	236.439	3.43533	
20.1579	2.48712	0.523107	-10.7058	238.019	-7.31122	
12.0847	1.78081	0.38165	7.45956	248.979	1.49948	
-2.85391	0.473847	0.119899	-11.8082	-173.436	-8.37756	
-3.6726	0.40222	0.105554	-19.5643	-180.043	-1.9461	
11.2086	1.70415	0.366298	-50.0782	223.635	-0.416509	
-2.72795	0.484867	0.122106	57.9202	-203.735	-13.0964	
8.43517	1.46151	0.317704	-7.12233	178.261	9.37711	
4.48377	1.11581	0.248468	-33.4722	186.297	1.42364	
-1.82284	0.564053	0.137965	-70.9374	-194.132	-12.9618	
-4.43185	0.335795	0.0922511	32.3875	-192.359	-3.92531	
10.6442	1.65477	0.356409	-33.4187	195.109	-5.34379	
3.72213	1.04918	0.235123	-49.1813	171.716	4.93031	
-4.20472	0.355666	0.0962307	-28.6975	-148.257	5.99845	
-2.9777	0.463016	0.11773	-89.5175	-170.01	-11.3283	
-2.23445	0.528042	0.130753	-71.6018	-165.557	11.4845	
-6.81828	0.127009	0.0504366	-3.53563	-186.395	2.39163	
-3.85397	0.386353	0.102377	-46.0365	-181.09	-1.85661	
16.3806	2.15665	0.456922	-66.4619	215.454	-0.322389	
-1.75803	0.569723	0.139101	-27.6028	-213.772	7.97581	
-3.42747	0.423666	0.10985	-48.9853	-206.576	6.28959	
-0.240184	0.702518	0.165696	-97.2872	-92.8545	-11.5262	
-0.987378	0.637147	0.152604	-27.7539	-231.93	-11.4856	
2.70129	0.959863	0.217236	-21.0139	185.573	6.58578	
-3.93107	0.379607	0.101026	-2.96371	-185.287	12.2776	
5.17922	1.17665	0.260654	-40.8394	222.34	1.43618	
-3.96441	0.376691	0.100441	-45.457	-167.269	7.42871	
-3.03296	0.458182	0.116762	-68.8164	-233.171	2.25833	
-3.53139	0.414575	0.108029	9.46738	-199.285	-3.41697	
-3.18498	0.444882	0.114098	6.66943	-148.288	11.3932	
-3.81888	0.389423	0.102991	-65.1911	-180.57	-4.86349	
12.046	1.77742	0.380971	-72.7373	185.349	3.42019	
-4.04144	0.369951	0.0990917	-22.6789	-214.101	-1.09234	
6.8475	1.32261	0.289885	-35.1213	164.596	-8.11311	
-2.36432	0.51668	0.128478	-81.6951	-208.351	6.20944	
-4.95687	0.289861	0.0830517	-26.6884	-187.381	2.87535	
15.4156	2.07222	0.440013	1.79905	239.748	-5.15119	
21.4851	2.60324	0.546362	-60.1538	262.471	5.3963	
5.70481	1.22264	0.269863	-22.3518	179.622	1.60874	
1.63492	0.866568	0.198551	-110.491	17.8119	-15.4366	
-1.88561	0.558562	0.136866	-96.0542	-217.001	7.16151	
-4.36655	0.341508	0.0933953	32.5547	-191.698	-3.48121	
7.98264	1.42192	0.309775	-21.0725	198.093	-7.56654	
-6.05656	0.19365	0.0637832	-28.5899	-217.609	6.30147	
3.09381	0.994204	0.224114	-91.6838	185.774	17.7304	
-4.05866	0.368445	0.0987901	-45.6947	-199.365	16.8564	
9.77952	1.57913	0.341259	-71.4121	208.635	-10.6175	
-1.09064	0.628113	0.150795	-138.543	-112.089	9.5923	
-2.55786	0.499747	0.125087	-30.0736	-175.921	-1.48214	
-4.90443	0.294449	0.0839706	-18.1574	-206.456	-1.65395	
20.6519	2.53034	0.531762	-37.2421	256.215	2.51845	
23.6904	2.79617	0.585002	-28.3742	228.667	4.4288	
-3.6027	0.408336	0.106779	-21.0261	-186.438	-0.0399928	
10.5875	1.64982	0.355417	-72.3517	239.118	4.19284	
-7.17222	0.0960434	0.044235	-21.8396	-174.902	0.822135	
2.13011	0.909892	0.207228	-50.7176	204.145	-0.305264	
-4.43822	0.335237	0.0921394	-51.2174	-195.08	7.92856	
11.011	1.68687	0.362836	-86.1475	201.24	-11.4472	
-1.68294	0.576293	0.140417	-100.447	-175.308	1.9419	
11.9004	1.76468	0.37842	-31.5604	241.29	-1.54098	
1.2538	0.833224	0.191873	-51.4983	140.889	17.5389	
4.41952	1.11019	0.247343	-22.1555	149.775	-7.38212	
-6.59536	0.146512	0.0543427	61.7408	-195.797	0.197989	
-3.1248	0.450147	0.115153	-88.4076	-172.792	-11.4733	
3.51621	1.03116	0.231515	-65.3506	174.448	-1.17059	
-3.32061	0.433016	0.111722	-39.63	-197.547	-5.57903	
-6.42348	0.16155	0.0573543	-35.7233	-217.048	-6.71992	
6.68912	1.30875	0.28711	-3.38051	230.309	-1.5714	
-3.23446	0.440553	0.113232	-92.1668	-190.727	-10.7317	
-3.40705	0.425453	0.110207	-49.8723	-186.254	-14.6657	
-3.52454	0.415174	0.108149	-42.859	-183.398	9.76559	
-5.25972	0.263365	0.0777453	-24.0822	-200.812	2.03523	
14.6167	2.00233	0.426015	-16.8032	231.89	6.02313	
5.58931	1.21253	0.267839	-45.8959	219.63	-12.9119	
-1.69913	0.574877	0.140133	-128.456	-172.137	9.33083	
8.30148	1.44982	0.315361	4.14794	223.51	-0.548034	
9.25528	1.53326	0.332073	-8.23324	169.285	-0.0161045	
8.6539	1.48065	0.321536	-44.0731	212.036	-1.63394	
10.193	1.61531	0.348505	-10.1291	229.175	-2.95433	
5.64231	1.21717	0.268768	-6.19607	175.832	9.07981	
-2.04992	0.544187	0.133987	-50.61	-132.27	2.51175	
-0.455687	0.683664	0.16192	-67.2571	-73.3158	-0.133737	
-5.00229	0.285888	0.082256	6.78422	-178.309	6.80575	
-4.06351	0.36802	0.0987051	-5.93011	-173.873	4.72967	
1.33613	0.840427	0.193316	-38.5061	171.112	-8.64764	
-5.17576	0.270711	0.0792165	-48.6545	-149.724	2.7888	
-3.26089	0.43824	0.112768	-4.52862	-188.618	-8.93431	
-2.87264	0.472207	0.119571	6.66368	-219.846	-16.2868	
4.98728	1.15986	0.257291	-19.108	171.931	-0.494142	
-5.77265	0.21849	0.0687579	14.9042	-211.263	7.37195	
6.84031	1.32198	0.289759	-65.7733	192.687	-3.32	
-6.0552	0.19377	0.0638072	61.2475	-194.049	-13.9853	
2.12055	0.909056	0.207061	-18.7694	165.775	10.5496	
16.2327	2.14371	0.454329	-15.9226	235.544	5.05122	
-2.19083	0.531858	0.131518	-30.2203	-234.688	16.0452	
7.49082	1.37889	0.301157	-68.5747	206.119	-0.705911	
7.70516	1.39765	0.304913	-36.1836	206.129	6.12222	
-6.28578	0.173597	0.059767	3.42967	-179.315	9.2406	
-1.01124	0.635059	0.152186	-89.6108	-229.242	-7.64427	
-3.14229	0.448617	0.114846	-57.2284	-195.221	-1.95852	
16.2019	2.14102	0.453791	-18.9259	236.664	8.66276	
11.4751	1.72747	0.370968	-10.6457	198.662	4.05076	
13.4609	1.90121	0.405763	0.690322	204.74	-0.185314	
-2.88316	0.471288	0.119387	-29.9429	-199.383	-1.07033	
2.27401	0.922481	0.209749	-58.5315	211.751	-7.61564	
4.62202	1.12791	0.250891	-43.2766	143.53	3.46744	
-7.71363	0.0486756	0.0347485	68.9176	-174.529	-2.80095	
5.38899	1.19501	0.264329	5.26206	194.638	-9.0162	
-3.56656	0.411497	0.107412	-42.4516	-185.631	10.21	
3.23754	1.00678	0.226632	-29.4975	148.035	-0.153674	
0.940498	0.805814	0.186384	-68.4957	134.472	-4.25336	
14.5688	1.99814	0.425175	-28.5174	219.488	-5.98789	
6.50328	1.29249	0.283854	-37.1744	194.27	-16.3524	
-4.17953	0.35787	0.0966722	-0.840479	-204.942	2.36326	
-2.85217	0.473998	0.11993	-58.8428	-183.143	6.2118	
-2.7008	0.487242	0.122582	-63.423	-198.603	23.1222	
-1.91719	0.555799	0.136312	-140.407	-208.385	-0.937365	
5.80579	1.23147	0.271632	-8.68881	168.167	9.87509	
-2.41936	0.511864	0.127513	-12.6561	-170.229	0.359384	
-3.69907	0.399904	0.105091	35.5307	-196.614	6.98679	
7.64242	1.39216	0.303813	-32.5084	193.099	7.46367	
24.5533	2.87167	0.600121	-31.0281	246.421	-5.54524	
16.7437	2.18841	0.463283	-23.1423	226.565	-1.46732	
-4.14868	0.360569	0.0972127	-36.2416	-157.289	2.12173	
-2.52679	0.502466	0.125631	17.5484	-196.851	-0.675676	
22.0793	2.65522	0.556773	-65.2743	255.916	-0.78789	
-3.00779	0.460384	0.117203	-18.4083	-158.247	-10.1422	
0.180922	0.73936	0.173075	-161.45	83.0329	-1.83441	
-2.83506	0.475496	0.12023	-43.3493	-185.318	5.42499	
-3.97133	0.376085	0.10032	-12.7207	-195.784	0.766065	
-1.73113	0.572077	0.139572	-60.8761	-219.149	-11.9525	
-1.71148	0.573796	0.139917	25.7613	-160.314	5.2239	
-4.68465	0.313678	0.0878216	75.892	-178.345	8.52241	
-2.95365	0.46512	0.118152	-108.68	-234.617	2.80869	
1.73488	0.875313	0.200303	-98.3248	142.76	-12.7285	
1.64121	0.867119	0.198662	-64.5209	218.622	9.47503	
-3.97345	0.3759	0.100283	-9.32834	-200.992	7.11424	
13.4548	1.90067	0.405656	-70.2376	206.479	-2.65476	
10.7591	1.66483	0.358423	-18.1709	231.745	-4.09023	
5.38712	1.19484	0.264297	-101.347	186.304	6.01924	
-2.83795	0.475243	0.120179	-32.4674	-203.501	-8.97489	
-2.67895	0.489154	0.122965	10.0489	-173.424	1.36486	
3.8915	1.06399	0.238091	-62.0418	167.153	10.9715	
-2.20595	0.530535	0.131253	42.5344	-186.289	-2.19893	
-3.7876	0.392159	0.103539	-16.7878	-185.516	0.0887379	
8.87832	1.50028	0.325468	-52.0061	169.505	-5.62759	
-5.08599	0.278565	0.0807894	-47.4773	-189.194	-1.12917	
-1.90455	0.556904	0.136534	-106.233	-167.931	2.28186	
-3.62031	0.406795	0.106471	12.963	-191.185	3.9829	
-2.44959	0.50922	0.126984	-34.5379	-165.917	11.2526	
8.87969	1.5004	0.325492	-67.8497	205.034	-4.85043	
0.189745	0.740132	0.173229	-216.904	12.243	-4.1788	
-4.37104	0.341115	0.0933165	-13.6698	-178.967	5.8726	
0.0765429	0.730228	0.171246	-196.115	78.2948	6.65243	
-2.66573	0.49031	0.123197	27.4448	-194.758	-19.9535	
-2.18807	0.5321	0.131566	-17.0431	-159.038	-6.25152	
-2.95431	0.465063	0.11814	-56.9377	-177.254	-9.97569	
10.7179	1.66122	0.3577	-41.0898	177.099	0.304815	
-4.5095	0.329001	0.0908906	-38.1394	-177.839	-11.3465	
6.92581	1.32946	0.291257	-51.0691	232.238	5.85927	
-2.26515	0.525357	0.130215	-65.7813	-186.111	-7.16892	
-3.55134	0.41283	0.107679	-10.8474	-203.345	-8.33472	
4.86265	1.14896	0.255107	-21.388	183.31	-4.99157	
0.0766505	0.730237	0.171248	-172.628	-20.4206	-15.3924	
8.52049	1.46898	0.319199	-21.0993	186.284	2.17516	
2.74927	0.964061	0.218077	-48.8242	189.598	-11.3468	
4.16365	1.0878	0.242859	-43.5805	180.827	4.62682	
-4.30379	0.346998	0.0944949	14.6822	-178.515	-3.28211	
15.6045	2.08875	0.443323	-15.8318	233.391	-2.05391	
12.5251	1.81933	0.389366	-46.6669	197.395	-3.27544	
5.58662	1.2123	0.267792	-111.2	157.427	5.7219	
15.8306	2.10853	0.447285	-48.5127	200.705	7.19471	
-2.6215	0.49418	0.123972	9.69666	-185.497	-11.0811	
-2.22147	0.529178	0.130981	-94.6713	-158.236	5.82752	
-2.1033	0.539516	0.133051	-102.655	-96.8912	6.37506	
-3.02954	0.458481	0.116822	-56.1468	-170.792	4.98282	
0.13887	0.735681	0.172338	-135.879	-48.1134	-14.4098	
-2.75833	0.482209	0.121574	74.2065	-202.278	0.197322	
16.1386	2.13547	0.452681	-34.6657	260.578	-1.24841	
-5.71593	0.223452	0.0697518	10.5554	-189.715	-1.13865	
-3.68221	0.401379	0.105386	-29.7623	-155.796	-4.93888	
-3.3423	0.431118	0.111342	-27.2452	-194.954	-3.95627	
-4.77502	0.305771	0.0862381	23.0294	-185.872	5.86323	
-6.51834	0.153251	0.0556922	-12.9585	-205.323	0.525231	
-4.24685	0.35198	0.0954925	-1.32643	-175.397	10.0866	
14.0968	1.95684	0.416905	38.777	228.237	-6.00953	
-2.65023	0.491666	0.123468	-38.1262	-201.318	8.09112	
-2.96774	0.463887	0.117905	-11.526	-193.598	-11.238	
4.79565	1.1431	0.253933	-24.1551	175.197	-15.9246	
2.84646	0.972564	0.21978	-100.819	205.392	-7.28123	
7.64858	1.39269	0.303921	-23.3234	207.585	0.946481	
-2.19938	0.531111	0.131368	-12.039	-215.061	13.3297	
2.94367	0.981069	0.221483	-61.2938	219.743	15.1613	
-3.5082	0.416604	0.108435	41.4945	-148.903	-11.2622	
-2.0104	0.547644	0.134679	16.7744	-171.619	-7.28925	
-3.12254	0.450344	0.115192	-28.5287	-185.657	5.21869	
10.1861	1.6147	0.348383	-49.5672	211.705	1.39975	
7.67199	1.39474	0.304331	-12.8107	188.25	-3.04117	
-5.97916	0.200423	0.0651395	-23.3702	-188.973	1.60157	
10.1659	1.61293	0.348029	-45.4779	238.383	-3.75027	
-3.12723	0.449934	0.11511	-17.7126	-188.146	-1.19411	
-4.89047	0.29567	0.0842152	7.48239	-194.168	4.10075	
-6.31338	0.171182	0.0592835	-9.15838	-199.067	-16.6297	
-3.72144	0.397947	0.104699	32.3461	-177.194	8.78842	
17.4726	2.25218	0.476055	-30.6007	213.25	-2.77409	
-3.46678	0.420227	0.109161	-70.8341	-175.171	1.43777	
13.7953	1.93046	0.411622	-50.1812	216.558	2.48133	
-6.03678	0.195381	0.0641299	-12.5632	-207.997	-10.5836	
-2.23158	0.528293	0.130804	-120.251	-229.675	-5.49284	
-4.34231	0.343629	0.09382	-14.9346	-200.353	-11.2427	
-3.04115	0.457465	0.116619	5.83906	-202.467	-0.127777	
-6.70342	0.137058	0.0524492	-12.6168	-202.613	9.49796	
-3.79425	0.391578	0.103423	-61.5252	-161.134	-12.5915	
-5.39466	0.25156	0.075381	-8.66083	-190.128	6.14163	
-2.34507	0.518364	0.128815	-14.4625	-161.632	-5.44487	
16.7965	2.19304	0.464209	-50.7298	178.613	4.78383	
6.75196	1.31425	0.288211	-41.4149	223.668	17.1238	
4.11259	1.08334	0.241965	-24.2708	166.539	1.81534	
1.86939	0.887081	0.20266	-34.364	181.954	1.44132	
4.60647	1.12655	0.250618	-75.4902	155.252	-7.71821	
11.4788	1.7278	0.371033	-33.5862	184.451	1.59673	
-4.13962	0.361362	0.0973715	-9.15164	-181.311	1.70446	
-2.11626	0.538382	0.132824	-46.8504	-201.577	-2.50847	
-4.74627	0.308287	0.0867419	1.62377	-180.662	-5.8319	
4.34804	1.10394	0.24609	-89.024	157.191	-18.658	
12.594	1.82537	0.390574	-78.279	263.975	-3.24051	
-4.23327	0.353168	0.0957305	-32.005	-209.852	-1.97398	
9.81934	1.58261	0.341957	-78.0096	183.563	6.00379	
10.2209	1.61775	0.348993	-45.5282	196.136	7.05135	
13.913	1.94076	0.413685	-2.95311	237.166	6.13397	
-7.71651	0.0484237	0.034698	9.59993	-205.495	-13.7594	
16.0129	2.12448	0.450478	-26.5435	250.289	-0.163215	
-2.08072	0.541492	0.133447	-15.5545	-238.206	0.704135	
8.96423	1.5078	0.326974	-25.4268	184.95	-9.26068	
-3.44273	0.422331	0.109582	-17.2604	-161.948	12.7936	
-3.10104	0.452225	0.115569	7.41598	-165.971	0.413538	
16.8292	2.1959	0.464782	-2.11457	241.885	4.97919	
-5.99935	0.198656	0.0647857	-3.13364	-181.124	-12.669	
-5.64195	0.229925	0.0710481	-16.9603	-145.411	-3.27519	
8.07224	1.42976	0.311344	-37.0382	179.943	-10.365	
-2.55846	0.499695	0.125076	4.0915	-227.247	4.37634	
-4.64364	0.317266	0.0885402	7.51186	-216.485	-7.63343	
-3.76947	0.393745	0.103857	-10.5459	-214.079	-8.36467	
19.0097	2.38666	0.502987	12.3917	254.398	4.5242	
17.9621	2.29501	0.484632	-22.5472	214.584	5.73038	
9.14998	1.52405	0.330228	-65.1669	210.373	2.17533	
-3.45423	0.421325	0.109381	-21.6323	-195.503	-5.56404	
18.6978	2.35937	0.497522	-46.9954	223.727	0.677743	
-2.92679	0.46747	0.118622	-29.6241	-230.167	7.58005	
25.3717	2.94327	0.614461	-27.2989	228.158	5.49287	
-0.926795	0.642447	0.153666	-127.594	-154.751	-17.5157	
-0.554557	0.675014	0.160188	-143.639	-90.2405	10.7727	
1.5966	0.863216	0.19788	-135.07	124.218	-28.1834	
-3.88148	0.383946	0.101895	20.2286	-158.248	17.2464	
-1.95944	0.552102	0.135572	-58.8519	-238.046	12.8148	
7.73944	1.40064	0.305513	-25.2122	229.245	9.4558	
-3.78969	0.391976	0.103503	4.61171	-230.328	0.693374	
2.71473	0.96104	0.217472	-67.3563	194.121	18.3012	
-3.83799	0.387751	0.102657	-26.5534	-165.909	4.91533	
-1.13888	0.623892	0.14995	-33.2633	-160.658	-4.69537	
-5.99661	0.198896	0.0648337	27.7781	-171.624	9.51016	
15.3127	2.06322	0.438211	-56.7866	221.914	1.20073	
-4.10398	0.36448	0.097996	-33.6402	-150.908	20.6026	
9.70239	1.57238	0.339908	-69.3227	168.611	3.77965	
3.12867	0.997254	0.224724	-16.8019	193.153	-0.967488	
-4.57567	0.323212	0.0897311	24.8486	-189.147	-13.6054	
7.80358	1.40626	0.306637	-46.1239	200.861	-3.80609	
4.87377	1.14993	0.255302	-95.619	149.012	-9.11762	
17.684	2.27068	0.479759	-16.3999	228.821	6.2923	
9.45202	1.55048	0.335521	-52.0234	153.848	3.06697	
3.40468	1.0214	0.229561	-47.0655	159.115	-4.5468	
13.42	1.89763	0.405046	-5.08584	199.097	-1.63436	
12.1532	1.7868	0.38285	-47.4208	230.402	1.56192	
-2.76325	0.481778	0.121488	-42.3675	-206.797	-5.25153	
-0.796117	0.65388	0.155955	-125.097	-104.879	-0.642738	
-5.35191	0.2553	0.07613	-31.1839	-180.533	-2.76633	
-2.9728	0.463445	0.117816	-31.8348	-148.993	0.463137	
18.4917	2.34135	0.493912	-42.5603	243.756	3.53376	
-1.5485	0.588055	0.142772	-73.495	-170.314	-0.489848	
-5.59331	0.23418	0.0719002	-20.9583	-185.851	-0.0104464	
4.66437	1.13161	0.251633	-31.3305	168.683	4.30031	
6.98125	1.33431	0.292228	-44.5234	178.222	-5.93103	
-5.13045	0.274675	0.0800104	45.9476	-212.074	-6.36362	
6.18935	1.26503	0.278353	-63.3232	180.687	2.40872	
10.4268	1.63576	0.3526	-7.27669	178.716	-7.03771	
1.82476	0.883177	0.201878	-161.548	108.806	-4.40022	
10.3023	1.62486	0.350419	-44.0176	209.264	4.87499	
-1.71399	0.573576	0.139873	-68.8419	-196.466	-18.9804	
15.73	2.09973	0.445522	-49.8056	195.031	5.98084	
-1.14315	0.623518	0.149875	-37.043	-194.169	3.71074	
22.95	2.7314	0.572029	-11.3731	240.93	1.52646	
10.4449	1.63734	0.352918	-81.2797	182.862	7.02907	
-3.73118	0.397096	0.104528	-66.332	-186.013	5.2306	
11.1632	1.70019	0.365504	-13.6797	250.56	-0.930881	
9.1551	1.5245	0.330318	19.6389	185.307	1.31186	
-1.6709	0.577346	0.140628	-18.5719	-180.835	-5.70277	
12.1065	1.78271	0.382032	-18.5663	206.913	11.4685	
2.71315	0.960901	0.217444	-73.5066	178.315	9.30743	
16.5771	2.17384	0.460364	-88.9645	215.891	2.52411	
-1.68917	0.575748	0.140308	20.4822	-172.751	6.72141	
1.07229	0.817345	0.188693	-122.356	189.197	1.21085	
13.9747	1.94616	0.414766	-42.1365	234.567	0.247557	
7.59373	1.3879	0.30296	-37.6965	177.48	-0.159327	
2.93316	0.98015	0.221299	-63.4874	204.882	-4.75365	
10.7977	1.66821	0.3591	-48.7545	193.043	-12.785	
-5.80399	0.215748	0.0682088	26.6998	-175.667	12.9356	
-3.51029	0.416421	0.108398	-15.6169	-175.579	-1.59358	
-4.16626	0.359031	0.0969047	-45.056	-149.422	-5.91241	
-3.11988	0.450577	0.115239	-5.88499	-199.212	15.8454	
3.56026	1.03501	0.232287	-25.7946	187.8	11.9075	
4.66073	1.13129	0.251569	-44.2628	159.564	-0.179658	
12.9657	1.85788	0.397086	-40.1399	199.156	2.57551	
2.13168	0.910029	0.207256	-36.1221	184.853	0.0926328	
17.2999	2.23708	0.47303	-0.346933	238.272	-8.68145	
6.80638	1.31901	0.289164	-20.4578	207.447	7.97005	
5.95312	1.24436	0.274214	4.81914	189.494	-3.9551	
2.97497	0.983808	0.222032	-66.9146	148.55	7.49741	
9.40898	1.54671	0.334766	-43.4504	193.846	2.22384	
-4.81637	0.302153	0.0855136	15.7716	-188.956	1.94593	
4.14708	1.08635	0.242569	-88.3729	167.937	-2.78977	
-0.701779	0.662134	0.157608	-87.9927	-151.452	-4.98792	
11.618	1.73998	0.373473	-59.0614	220.661	-4.07839	
4.71416	1.13597	0.252505	5.26702	167.766	6.23501	
-3.36303	0.429305	0.110979	-11.3688	-168.992	18.9242	
-4.94911	0.29054	0.0831877	21.5901	-183.593	-11.0682	
6.51863	1.29384	0.284123	17.1512	220.297	3.69259	
12.6711	1.83211	0.391925	-71.1649	221.05	0.236932	
10.1057	1.60766	0.346974	-20.394	194.686	6.49478	
2.46502	0.939192	0.213096	-38.6882	183.347	1.51812	
12.8145	1.84466	0.394437	-83.0406	256.328	-4.57042	
12.3047	1.80006	0.385505	-4.94926	185.406	3.06634	
16.678	2.18266	0.462132	-48.2144	238.6	3.22163	
-1.97316	0.550902	0.135332	-24.0138	-171.23	-5.90438	
16.4859	2.16586	0.458766	-30.8894	236.373	-1.98404	
-4.16544	0.359103	0.0969191	16.5421	-177.553	7.45464	
12.8307	1.84608	0.394722	-42.3314	202.776	-5.93142	
2.11464	0.908538	0.206957	-66.3737	180.224	-6.88087	
-2.04767	0.544383	0.134026	-37.1755	-222.328	2.23872	
-2.63474	0.493022	0.12374	-25.7224	-235.331	0.281085	
13.3098	1.88799	0.403115	1.73745	196.273	7.99389	
-2.17481	0.53326	0.131798	-43.3867	-168.058	9.86553	
-5.04206	0.282408	0.0815591	-40.7763	-181.908	1.83476	
-6.10322	0.189569	0.0629658	-17.605	-200.26	-13.2098	
16.536	2.17024	0.459644	-53.1435	261.113	-5.04804	
-5.54271	0.238607	0.0727868	-51.2414	-177.485	4.42869	
-5.90515	0.206898	0.0664363	-9.86128	-187.4	5.73674	
3.37945	1.01919	0.229119	-38.746	195.624	2.47112	
-2.80351	0.478256	0.120782	34.0237	-182.949	-1.86989	
12.6298	1.82849	0.391201	-11.5977	237.213	1.1336	
4.82366	1.14555	0.254424	-37.5432	164.921	3.35444	
-4.24146	0.352451	0.0955869	18.2736	-199.72	-6.64827	
12.0135	1.77457	0.380401	-51.9063	199.362	-0.291386	
6.09976	1.25719	0.276783	-16.1176	214.193	5.47573	
-1.27402	0.612069	0.147582	-99.3089	-196.871	4.66202	
10.7043	1.66004	0.357463	-68.566	214.824	10.9355	
7.86752	1.41185	0.307757	-61.7656	204.3	-14.6314	
10.5312	1.64489	0.35443	26.1422	191.681	-4.74438	
-4.95299	0.290201	0.0831198	-31.1097	-176.841	-10.6193	
-2.83769	0.475265	0.120183	-24.0921	-189.057	5.57577	
1.49934	0.854707	0.196176	-75.0758	120.12	-2.24644	
-3.42651	0.423751	0.109866	29.7208	-220.674	-2.44635	
-0.48555	0.681051	0.161397	-111.54	-20.7422	3.34402	
2.47318	0.939907	0.213239	-92.0781	135.9	12.2157	
7.97704	1.42143	0.309676	-52.3981	202.663	4.70648	
3.04751	0.990154	0.223302	-76.8037	192.105	-10.7818	
-2.67145	0.48981	0.123096	-46.1155	-211.861	7.35141	
3.25407	1.00823	0.226922	51.9394	192.101	13.3233	
15.3065	2.06267	0.438101	-14.104	200.406	4.52419	
5.17132	1.17596	0.260515	-21.9668	220.441	-7.72563	
6.4121	1.28452	0.282256	-31.16	202.265	-7.14021	
16.4934	2.16652	0.458898	-57.3944	226.647	-10.4706	
11.7337	1.7501	0.3755	-46.7854	196.704	-1.1794	
1.8183	0.882612	0.201765	-157.045	106.896	5.32849	
21.1779	2.57636	0.540979	6.74536	252.487	-3.74122	
14.2777	1.97267	0.420075	-11.1994	211.503	1.61399	
-3.11431	0.451065	0.115337	-40.1491	-209.64	-4.78194	
3.04728	0.990133	0.223298	-70.142	162.788	-0.0147055	
9.94657	1.59374	0.344186	-44.5692	210.311	5.41594	
-2.35717	0.517306	0.128603	-1.64176	-139.926	5.26163	
-4.77697	0.3056	0.0862039	-48.0944	-180.079	2.44811	
-2.5907	0.496875	0.124511	-111.018	-193.472	16.9466	
4.4087	1.10924	0.247153	-9.88493	161.754	1.66807	
6.47062	1.28964	0.283281	-42.303	216.511	10.1837	
-1.94333	0.553512	0.135854	-82.3254	-206.899	20.4321	
-2.41306	0.512416	0.127624	-39.812	-200.687	-4.49193	
9.42773	1.54835	0.335095	-53.5755	213.762	-5.6408	
18.2298	2.31843	0.489322	-37.3681	229.979	-3.66487	
1.50919	0.855568	0.196348	-109.941	207.452	6.17702	
-2.74782	0.483128	0.121758	-79.1566	-214.195	13.5699	
-3.56065	0.412015	0.107516	31.7407	-155.567	-11.9068	
-5.89145	0.208097	0.0666764	6.74026	-193.993	9.90687	
22.4181	2.68486	0.562708	-64.7767	220.859	0.219928	
-2.60686	0.495461	0.124228	-64.8162	-203.173	9.29027	
13.1117	1.87065	0.399644	-36.4931	243.123	2.81768	
-3.43103	0.423355	0.109787	-65.8177	-209.716	5.85143	
12.6309	1.82859	0.39122	-2.09488	246.011	-2.62171	
19.5252	2.43176	0.512019	-64.4049	238.084	0.718332	
-0.89968	0.644819	0.154141	-122.121	-144.668	13.4958	
11.3594	1.71735	0.368941	-67.2085	220.157	6.59985	
6.86566	1.3242	0.290203	-29.0332	224.109	-2.96992	
11.9773	1.77141	0.379769	-37.7629	247.49	-0.894902	
-2.25476	0.526265	0.130397	-53.9756	-216.889	-10.7813	
11.8965	1.76434	0.378353	-38.1512	227.434	-1.0228	
24.2484	2.84499	0.594779	14.4674	242.855	9.40642	
-1.66105	0.578208	0.1408	-41.5287	-202.764	-0.0438301	
-4.42077	0.336764	0.0924453	8.47817	-229.723	-0.619277	
-4.30389	0.34699	0.0944931	-15.7013	-234.852	-1.45155	
-4.74388	0.308495	0.0867837	-36.6614	-204.658	-11.7335	
-4.93517	0.29176	0.0834321	35.5743	-242.021	-8.65038	
-2.37229	0.515982	0.128338	-48.5299	-250.417	-12.3244	
-1.43766	0.597752	0.144715	-15.6094	-182.015	15.7773	
-4.11273	0.363714	0.0978427	-76.2632	-173.392	6.53291	
9.38261	1.5444	0.334304	-38.4194	232.287	8.27999	
-4.57956	0.322872	0.089663	16.2354	-200.229	-14.1184	
-5.40847	0.250351	0.0751389	4.68532	-205.61	3.84527	
-2.77571	0.480688	0.12127	-32.3472	-155.249	11.7581	
-3.47599	0.419422	0.108999	-59.3662	-196.356	-3.9332	
4.63959	1.12944	0.251198	-26.0293	169.452	-2.05718	
18.7727	2.36593	0.498835	-31.0108	219.744	5.01404	
5.40333	1.19626	0.264581	-22.5102	211.577	2.50743	
-5.10969	0.276491	0.0803741	-2.94161	-186.501	-1.88624	
-4.0897	0.365729	0.0982461	-19.0179	-206.447	7.47886	
-5.29977	0.259861	0.0770436	-35.0688	-164.438	-4.50821	
-3.40561	0.425579	0.110233	-70.8477	-176.31	-13.605	
24.2281	2.84322	0.594424	10.0099	248.276	2.21923	
-1.98632	0.549751	0.135101	-103.654	-167.17	10.9796	
14.9268	2.02946	0.431449	-10.4281	211.31	-2.92959	
5.37506	1.19379	0.264085	3.8099	197.759	-6.82075	
2.91425	0.978495	0.220967	33.937	209.572	12.5401	
-6.55998	0.149607	0.0549625	-17.0711	-186.417	-13.6516	
-4.19408	0.356597	0.0964172	-36.657	-194	6.07633	
9.13033	1.52233	0.329884	-61.3057	179.994	-8.75083	
5.31908	1.18889	0.263104	-34.8594	202.176	0.69186	
4.11793	1.0838	0.242058	-35.1099	160.782	3.43481	
-7.22347	0.0915597	0.0433371	-13.1291	-233.444	10.6657	
-3.82756	0.388663	0.102839	-30.6918	-189.215	-5.36186	
-6.66336	0.140563	0.0531511	-8.33314	-194.298	-4.97673	
15.9691	2.12064	0.44971	-62.0533	212.672	-12.5793	
-2.92628	0.467515	0.118631	-74.3685	-178.917	2.34014	
10.8108	1.66935	0.359329	-21.691	191.849	1.92523	
-1.96996	0.551182	0.135388	39.1433	-171.641	-12.7836	
13.2938	1.88658	0.402834	7.5637	221.104	1.82601	
12.818	1.84496	0.394498	-11.0621	229.131	-1.75225	
-1.65697	0.578565	0.140872	-45.0732	-164.927	3.73068	
16.3892	2.1574	0.457073	-59.058	237.987	7.41612	
-2.37768	0.515511	0.128244	-4.1914	-218.676	0.289798	
13.5539	1.90934	0.407392	-74.5702	231.099	-3.92392	
9.74558	1.57616	0.340664	-60.347	199.047	2.03978	
4.03445	1.0765	0.240595	32.8477	184.636	5.98814	
-2.51124	0.503826	0.125904	-39.9535	-205.59	27.6211	
-2.52566	0.502565	0.125651	-29.566	-229.496	-10.0276	
-2.70137	0.487192	0.122572	-40.9731	-164.981	5.19555	
1.51792	0.856332	0.196501	-111.748	146.945	-5.8343	
6.85243	1.32304	0.289971	-51.5155	199.12	8.60299	
-2.40961	0.512717	0.127684	-20.8686	-198.444	-7.66302	
5.79367	1.23041	0.27142	-115.442	179.299	14.479	
12.4091	1.80918	0.387333	-41.1718	218.159	-1.78338	
6.05796	1.25353	0.276051	-9.89151	189.984	0.312852	
16.4824	2.16556	0.458706	-41.3038	263.281	-1.32903	
-6.09147	0.190597	0.0631716	-24.9674	-180.334	-5.01978	
7.70865	1.39795	0.304974	-48.6241	189.669	-1.35799	
-2.9281	0.467355	0.118599	-11.1137	-186.556	-1.36334	
-2.0519	0.544014	0.133952	3.84347	-147.367	6.61173	
9.05082	1.51538	0.328491	-39.0531	202.719	-2.87065	
-2.94126	0.466204	0.118369	-62.0423	-177.541	3.08199	
7.85118	1.41042	0.307471	-29.6589	174.77	9.56621	
16.9693	2.20816	0.467237	-21.1958	249.22	3.63556	
7.0366	1.33915	0.293198	-77.5453	161.849	-0.750076	
-0.53343	0.676862	0.160558	-129.958	-71.7607	6.69459	
5.62402	1.21557	0.268447	-58.0959	205.343	6.19503	
14.1629	1.96262	0.418063	-45.438	251.823	-7.6919	
6.33219	1.27753	0.280856	-88.253	169.856	-10.8025	
-2.04298	0.544794	0.134108	-2.11706	-194.24	5.52657	
5.07183	1.16726	0.258772	-27.9695	175.556	3.31851	
1.58412	0.862124	0.197661	-141.441	180.9	4.71062	
12.64	1.82938	0.391379	-0.411225	239.303	-1.75502	
7.51074	1.38064	0.301506	-31.7366	190.491	-13.2443	
-1.85848	0.560935	0.137341	-42.4292	-231.771	-4.82513	
-3.59971	0.408598	0.106832	-64.8721	-161.687	5.11809	
-1.7855	0.567321	0.13862	-90.5096	-177.783	12.8119	
9.22958	1.53101	0.331623	-48.0199	231.597	-1.32782	
5.54765	1.20889	0.267109	-42.7323	219.301	2.75772	
-4.70094	0.312252	0.0875362	-23.0833	-218.516	-5.38339	
-3.23035	0.440913	0.113304	-66.9053	-146.95	4.2986	
11.5061	1.73019	0.371512	-9.17102	255.638	-9.32804	
-2.20376	0.530727	0.131291	-58.2272	-153.744	8.74466	
-2.46796	0.507613	0.126662	31.5769	-159.594	-8.90822	
-5.03968	0.282616	0.0816008	16.2722	-182.851	0.0914843	
-2.34494	0.518376	0.128817	-42.1383	-194.776	0.838447	
-0.781546	0.655155	0.156211	-107.707	-153.969	24.3512	
13.3603	1.89241	0.404001	-32.7092	202.603	4.86	
12.9254	1.85435	0.39638	-23.8811	220.577	-5.90347	
8.80304	1.4937	0.324149	-55.202	198.053	3.34203	
-3.07916	0.454139	0.115953	-24.9905	-211.131	1.21764	
-0.566024	0.674011	0.159987	-152.093	-160.271	-13.6007	
-5.66403	0.227993	0.0706612	-33.8343	-248.021	-0.181825	
-1.59161	0.584283	0.142017	-93.3417	-197.559	14.1714	
-3.1637	0.446743	0.114471	-105.852	-175.982	12.7898	
12.5654	1.82286	0.390072	-12.0082	193.538	-6.23534	
-2.17023	0.533661	0.131879	-70.0865	-125.731	12.2756	
-5.73265	0.221989	0.0694588	-43.4659	-182.513	9.81329	
-6.2148	0.179806	0.0610106	38.1734	-173.976	-2.28016	
11.6413	1.74201	0.37388	8.71872	232.782	7.83055	
-3.80618	0.390534	0.103214	-31.261	-170.888	5.75556	
5.73845	1.22558	0.270452	-63.6716	222.936	-12.3673	
10.5397	1.64563	0.354578	-25.4045	222.115	4.08173	
-3.50728	0.416684	0.108451	-5.03041	-208.673	-1.49223	
14.0021	1.94856	0.415247	-5.68036	193.65	-4.05515	
3.2838	1.01083	0.227443	-27.6182	202.013	2.86117	
-2.1236	0.53774	0.132696	-88.0877	-135.257	0.686983	
-6.94984	0.115499	0.0481314	-35.285	-186.698	-6.94066	
12.8457	1.84739	0.394984	-10.7008	197.509	4.37585	
45.8515	4.73502	0.973303	-27.1492	254.349	-0.922893	
-6.30155	0.172217	0.0594908	36.8801	-177.736	-6.29283	
0.907034	0.802886	0.185798	-164.199	167.657	3.73715	
-5.88732	0.208457	0.0667486	-34.496	-209.16	2.23033	
-4.78046	0.305295	0.0861429	-33.1902	-190.887	2.75107	
13.5742	1.91112	0.407749	-60.019	224.596	-7.75222	
-2.19725	0.531297	0.131405	-69.9604	-177.606	-7.57861	
20.5519	2.52159	0.530009	-35.1052	221.627	-0.769059	
2.84874	0.972764	0.21982	-75.3137	183.627	-4.29706	
-2.3415	0.518677	0.128878	-47.0165	-181.771	-10.123	
-1.89059	0.558126	0.136778	-73.0596	-172.103	2.08308	
6.13353	1.26015	0.277375	-27.6199	160.683	-7.50196	
16.6487	2.1801	0.461619	-61.5756	203.493	4.18219	
-1.96341	0.551755	0.135502	-88.1262	-215.423	18.0943	
6.33188	1.2775	0.28085	-47.9415	196.291	8.55652	
5.03975	1.16445	0.25821	-88.0613	128.946	1.17273	
-4.98208	0.287656	0.0826101	13.1434	-166.843	-7.27608	
7.77183	1.40348	0.306081	-63.6711	208.069	-5.31274	
-3.1002	0.452299	0.115584	-8.27848	-188.112	1.69231	
-5.76263	0.219366	0.0689334	-1.59003	-193.726	-6.04277	
-2.05956	0.543343	0.133818	-65.6469	-193.67	4.88731	
3.0625	0.991466	0.223565	-67.5128	186.204	-8.98303	
7.53072	1.38238	0.301856	-28.1921	213.05	16.5789	
3.75005	1.05162	0.235612	-24.6676	226.329	5.85808	
-3.28729	0.435931	0.112306	-18.0665	-203.746	-1.51249	
-6.38817	0.164639	0.057973	-0.0749531	-222.228	13.3543	
3.31239	1.01333	0.227944	-37.855	223.327	-1.83032	
13.5527	1.90924	0.407372	-28.3379	225.478	5.3496	
-4.43084	0.335883	0.0922687	-1.31131	-175.65	4.83412	
-3.28621	0.436026	0.112325	-23.6598	-197.129	-7.2623	
18.1914	2.31507	0.488649	-5.66208	238.818	-1.99187	
-4.16779	0.358897	0.0968779	-55.0298	-168.276	1.41079	
-3.70236	0.399617	0.105033	-47.7152	-206.992	-7.63214	
-2.89222	0.470495	0.119228	41.8726	-184.14	-8.75066	
6.39147	1.28271	0.281894	-41.409	174.246	9.36585	
-6.34821	0.168135	0.0586731	47.6081	-177.678	5.07218	
-3.92686	0.379976	0.101099	-11.4423	-193.495	-16.6396	
-1.98221	0.55011	0.135173	-83.9465	-171.762	5.68548	
-3.91687	0.38085	0.101274	65.3219	-212.364	-5.76331	
-4.59195	0.321787	0.0894458	-11.2373	-232.92	-7.03142	
-4.6083	0.320357	0.0891594	-1.08025	-186.648	-15.1119	
-2.26874	0.525042	0.130153	-112.918	-180.744	3.4259	
-3.99554	0.373967	0.099896	18.1059	-174.095	0.432941	
2.17676	0.913973	0.208045	-100.999	195.699	-0.956116	
-2.07221	0.542236	0.133596	-54.9521	-163.03	14.3622	
8.87377	1.49989	0.325389	-4.54438	185.105	-2.33737	
-3.13943	0.448866	0.114896	-43.0528	-194.931	17.9267	
-3.47459	0.419544	0.109024	-20.2684	-199.126	8.37755	
6.25651	1.27091	0.27953	-43.2854	183.426	13.2549	
-4.71297	0.311199	0.0873253	-57.4895	-193.554	-3.73856	
9.6163	1.56485	0.338399	-7.77873	222.5	10.3936	
13.8838	1.93821	0.413173	-64.9658	233.169	-7.10104	
4.72343	1.13678	0.252667	-41.9102	146.915	12.1674	
-3.34957	0.430481	0.111214	-73.5879	-159.849	-4.64248	
-2.86178	0.473158	0.119761	-6.04713	-216.969	-1.64184	
2.56765	0.948171	0.214894	-85.499	160.99	-0.917608	
-1.93101	0.55459	0.13607	-63.0412	-186.979	-2.29731	
7.08867	1.34371	0.294111	0.73918	192.875	14.3481	
-3.74759	0.39566	0.10424	-18.9383	-192.467	9.93231	
-4.71673	0.310871	0.0872594	-9.59938	-145.425	-9.36346	
-5.02933	0.283522	0.0817822	0.950621	-176.952	15.4499	
-2.49829	0.504959	0.12613	-49.6876	-224.773	11.3397	
20.3215	2.50143	0.525972	-47.8561	256.041	0.932896	
2.16615	0.913045	0.207859	-93.4325	193.921	1.44634	
10.5145	1.64343	0.354137	-20.6319	240.427	-4.6765	
-3.08844	0.453328	0.11579	-2.6964	-167.644	-0.0123426	
3.69478	1.04678	0.234644	-49.607	156.69	4.15632	
14.4284	1.98586	0.422716	-31.1519	226.374	0.433848	
-4.0308	0.370882	0.0992782	-23.0836	-183.445	2.57676	
-6.85577	0.123729	0.0497798	4.11602	-205.784	1.12196	
-2.31525	0.520973	0.129338	-48.0508	-176.207	-1.50166	
-3.38613	0.427284	0.110574	-39.1381	-195.364	6.2548	
13.6731	1.91978	0.409482	-0.578746	257.008	-0.38561	
19.7017	2.44721	0.515113	-36.7839	254.143	-6.08158	
-3.13389	0.449351	0.114994	-30.5237	-228.953	-4.2173	
3.26137	1.00886	0.22705	-11.6305	194.928	5.62222	
-3.48765	0.418401	0.108795	-26.977	-207.359	-5.08929	
2.76564	0.965493	0.218364	-77.906	183.748	1.33239	
13.37	1.89325	0.40417	-45.8799	206.921	4.0183	
-5.15558	0.272476	0.07957	-42.1766	-191.497	0.543337	
11.3134	1.71333	0.368136	-31.2456	206.677	3.27148	
12.7169	1.83612	0.392727	-13.5759	238.823	6.82756	
-1.31093	0.60884	0.146935	-133.292	-170.388	0.0977632	
7.56393	1.38529	0.302438	-15.8872	186.15	-3.67337	
5.3075	1.18788	0.262901	-15.3387	181.249	8.72455	
-1.96901	0.551265	0.135404	-93.2535	-198.712	-0.888644	
-3.25701	0.43858	0.112836	-41.7629	-181.175	6.79453	
-3.34597	0.430797	0.111278	-67.5003	-191.917	-2.73042	
-2.37562	0.515692	0.12828	1.03934	-199.971	5.60656	
2.44149	0.937134	0.212684	-57.3244	169.038	2.12798	
18.5763	2.34874	0.495393	-5.88584	245.404	-3.10914	
-1.3051	0.60935	0.147037	-82.5837	-209.564	-8.78398	
5.98001	1.24671	0.274685	-63.4151	216.003	0.532204	
7.06683	1.3418	0.293728	1.49892	223.522	-7.48627	
18.4224	2.33528	0.492698	-27.4509	209.851	2.00094	
-3.06592	0.455298	0.116184	-13.549	-187.841	-4.29121	
-0.795058	0.653973	0.155974	-194.993	-151.389	12.5923	
-1.35337	0.605127	0.146191	-120.929	-183.263	21.1299	
0.0545503	0.728304	0.170861	-182.289	131.206	42.2097	
-2.11745	0.538278	0.132803	-34.1435	-171.341	4.73888	
-4.54719	0.325704	0.0902301	-13.8521	-181.163	-5.88281	
-2.89001	0.470688	0.119267	-116.251	-195.089	2.83994	
1.93525	0.892844	0.203814	-63.8942	175.666	20.8226	
-4.32871	0.344818	0.0940583	-20.7143	-183.258	15.3065	
16.0555	2.12821	0.451226	-45.0549	220.142	-6.09774	
-4.74958	0.307996	0.0866838	25.3874	-140.658	6.25751	
7.96271	1.42018	0.309425	-20.499	226.52	-0.345821	
14.4803	1.99039	0.423625	-52.3989	235.577	1.95953	
-1.85121	0.561571	0.137468	-58.5087	-202.743	-3.22878	
-3.29297	0.435434	0.112206	-17.4855	-171.595	-3.7497	
-4.07725	0.366818	0.0984643	-42.9869	-141.738	4.57442	
23.3223	2.76397	0.578553	-1.18089	254.152	3.2983	
-4.63943	0.317634	0.0886139	-2.61023	-182.861	-0.663092	
-1.88262	0.558823	0.136918	-38.4036	-189.715	9.70012	
-4.36156	0.341944	0.0934827	-68.669	-183.986	-11.8016	
-7.64633	0.0545639	0.0359278	11.2846	-203.494	3.7085	
-4.71572	0.310959	0.0872771	-27.4725	-210.908	-2.885	
-3.01414	0.459828	0.117092	-68.0383	-158.686	-8.74855	
-4.56201	0.324407	0.0899704	-51.9959	-167.487	-10.6822	
-3.67694	0.401841	0.105478	-40.3002	-218.225	-9.04867	
4.73047	1.13739	0.252791	-54.4523	187.273	7.34445	
-3.94662	0.378247	0.100753	-25.3556	-150.457	13.9146	
-4.63403	0.318106	0.0887085	-51.9974	-193.132	-10.6887	
-1.93069	0.554618	0.136076	-48.0384	-164.971	11.5328	
19.2509	2.40777	0.507214	-11.1335	255.608	9.64935	
-5.20035	0.26856	0.0787857	14.4534	-164.554	-19.1645	
-3.88895	0.383293	0.101764	29.8573	-178.32	10.4933	
-4.08606	0.366047	0.0983098	-41.0327	-165.056	-7.51976	
5.64382	1.2173	0.268794	-62.4338	206.11	-0.96872	
0.0466681	0.727614	0.170723	-148.161	28.5624	30.8095	
1.0345	0.814039	0.188031	-108.175	66.048	-14.5264	
2.26438	0.921639	0.209581	-81.2416	148.198	4.18903	
-2.64287	0.49231	0.123597	-36.6413	-181.847	-9.4366	
-1.86071	0.560741	0.137302	-46.2617	-172.153	10.7577	
-4.09222	0.365509	0.0982021	47.6002	-186.302	-3.72134	
9.22244	1.53039	0.331498	-5.31167	225.02	6.97802	
14.1273	1.95951	0.41744	-7.11018	263.076	-0.429259	
-4.57355	0.323397	0.0897682	17.0045	-185.987	-9.38729	
5.93697	1.24295	0.273931	-10.8661	222.834	0.479915	
-5.31174	0.258815	0.0768339	27.7291	-189.067	-3.09566	
14.2085	1.96661	0.418862	-59.3461	251.111	4.51794	
10.2276	1.61833	0.34911	-55.0614	187.073	3.4717	
-2.53058	0.502134	0.125565	-72.1305	-196.726	-1.59093	
-7.74348	0.0460649	0.0342256	-33.4588	-187.134	2.29638	
16.0416	2.12699	0.450982	-62.5393	226.649	2.92263	
3.70761	1.0479	0.234868	2.24876	178.476	3.30308	
-0.151416	0.710284	0.167252	-174.292	-66.8769	-10.4055	
3.18175	1.0019	0.225655	-71.3181	224.598	0.984552	
2.06422	0.904127	0.206074	-62.2565	212.998	3.51996	
7.907	1.4153	0.308449	7.9982	190.605	11.7246	
-4.07255	0.36723	0.0985467	-26.5935	-195.517	3.0031	
13.0262	1.86318	0.398146	-17.3615	228.848	7.27942	
19.5297	2.43216	0.512099	-31.1702	194.784	-3.39606	
18.2309	2.31853	0.489341	-55.9472	232.654	3.41824	
-2.15273	0.535192	0.132185	-12.8818	-170.143	-5.55987	
-2.68958	0.488223	0.122779	-32.2307	-206.371	3.80941	
10.1367	1.61038	0.347518	-22.1647	202.415	-1.67964	
-4.60234	0.320879	0.0892639	-32.5208	-207.673	12.9871	
-2.09772	0.540004	0.133149	-67.8532	-182.581	-18.9727	
13.1084	1.87037	0.399587	-51.8311	231.767	5.73388	
-3.5644	0.411687	0.10745	-43.32	-174.897	7.16607	
-4.00482	0.373155	0.0997333	39.1245	-153.998	3.43057	
7.2806	1.3605	0.297473	-0.386065	218.497	7.72734	
-1.08449	0.628651	0.150903	-111.055	-93.9239	17.6841	
8.96897	1.50821	0.327057	-51.2345	192.851	2.04267	
-1.67578	0.576919	0.140542	-129.342	-165.237	-4.53001	
1.09332	0.819185	0.189062	-8.39855	170.266	15.5089	
-5.59001	0.234469	0.0719582	17.0946	-209.408	9.74923	
-5.43406	0.248112	0.0746905	-21.8953	-220.868	-1.67836	
-3.14609	0.448284	0.11478	-57.0997	-218.305	11.7968	
-2.62183	0.49415	0.123966	10.2931	-157.433	-7.76691	
7.4288	1.37347	0.30007	-20.3412	191.176	1.93412	
15.5733	2.08602	0.442777	-68.1795	229.082	-0.394262	
-2.9114	0.468817	0.118892	-42.1059	-220.752	-1.40644	
-6.19116	0.181875	0.0614248	-68.3712	-209.036	-7.25093	
-3.05184	0.45653	0.116431	-105.606	-192.35	5.97988	
10.0935	1.60659	0.34676	18.1573	203.394	1.95411	
-2.68222	0.488867	0.122908	-47.178	-209.104	-19.8274	
0.61985	0.777761	0.180766	-192.269	6.66698	-14.6699	
5.05275	1.16559	0.258438	-30.389	238.305	-2.1865	
-6.20501	0.180663	0.0611821	-15.5606	-182.097	2.71311	
14.5711	1.99834	0.425216	-40.9691	239.844	-0.865683	
-4.95317	0.290185	0.0831166	-35.4725	-207.941	3.39987	
2.88022	0.975518	0.220371	-82.7067	146.128	-0.55034	
-1.68748	0.575895	0.140337	-58.8777	-236.572	1.72884	
6.5113	1.2932	0.283994	-28.2759	181.259	-11.0944	
-4.08261	0.366349	0.0983704	9.75656	-158.256	13.2599	
-3.88018	0.384059	0.101917	20.3595	-218.729	-2.89037	
-5.17933	0.270398	0.0791539	-5.72137	-211.816	3.82999	
-3.70136	0.399704	0.105051	-17.8123	-151.292	-5.03437	
-2.77824	0.480466	0.121225	-65.9139	-211.475	-2.70301	
-5.49384	0.242883	0.0736432	14.6531	-210.461	-11.0275	
9.0588	1.51607	0.328631	-34.3054	186.183	17.8826	
-4.2787	0.349194	0.0949346	-30.7681	-159.33	-12.179	
-4.93474	0.291797	0.0834395	-92.7786	-181.453	21.0517	
-2.5975	0.496279	0.124392	-46.9473	-187.87	-10.0224	
-2.30617	0.521768	0.129497	-53.5569	-234.549	-17.9293	
4.93717	1.15548	0.256413	-56.9843	178.557	3.10876	
-2.42039	0.511774	0.127495	-68.1563	-170.883	4.12938	
2.32115	0.926606	0.210575	-71.648	130.071	1.94913	
-5.03509	0.283018	0.0816813	-30.875	-160.659	-0.958472	
-3.89771	0.382526	0.10161	-74.986	-186.667	3.50207	
5.81249	1.23206	0.27175	-22.0942	218.67	16.0053	
3.37306	1.01864	0.229007	-65.693	166.581	-6.62084	
-4.37547	0.340728	0.093239	-46.2105	-177.968	-18.7356	
15.8943	2.11411	0.448401	-43.3802	230.926	-0.247797	
9.35205	1.54173	0.333769	1.60564	200.822	5.51973	
20.506	2.51757	0.529205	19.259	253.806	4.57844	
14.7489	2.01389	0.428331	-70.0449	237.158	-1.97288	
-5.09247	0.277998	0.0806758	-8.82106	-189.229	1.81521	
13.1703	1.87579	0.400672	15.7379	230.1	4.78495	
-3.93834	0.378971	0.100898	37.1714	-198.048	7.82803	
3.62852	1.04099	0.233483	-41.8866	179.401	0.683566	
8.96328	1.50772	0.326957	-1.81784	239.674	-6.46617	
17.6078	2.26401	0.478424	-18.9797	227.407	-1.62267	
4.3562	1.10465	0.246233	-78.0835	146.237	-2.165	
-3.54438	0.413438	0.107801	-18.0299	-161.706	1.1378	
-3.37995	0.427824	0.110682	20.4689	-223.999	2.86165	
8.46067	1.46374	0.31815	-27.1517	225.247	-2.84253	
-2.26194	0.525637	0.130272	-54.2638	-153.811	12.6141	
4.28424	1.09835	0.244972	-42.4923	182.511	-5.09079	
-5.37906	0.252925	0.0756543	27.0179	-204.145	-10.7035	
-1.2317	0.615771	0.148323	-98.9949	-226.941	-2.20209	
-2.34465	0.518401	0.128822	-86.7049	-147.787	-1.39932	
5.62132	1.21533	0.2684	-28.5798	172.567	-1.66894	
13.6393	1.91682	0.40889	15.8915	237.404	5.78236	
-2.81042	0.477652	0.120661	-39.372	-196.371	-4.72718	
4.84457	1.14738	0.25479	-53.6236	171.575	8.48866	
18.8383	2.37167	0.499985	-27.0405	239.416	1.74517	
-5.49741	0.24257	0.0735806	21.7122	-187.839	5.09293	
6.15584	1.2621	0.277766	-12.1969	165.327	0.60146	
-4.42577	0.336327	0.0923577	53.6881	-205.409	-12.045	
-5.16016	0.272076	0.0794898	-34.8476	-196.479	-3.45533	
12.3214	1.80151	0.385797	-1.731	199.007	2.80983	
-2.17591	0.533164	0.131779	-68.575	-173.637	13.4912	
10.8863	1.67596	0.360651	22.5992	266.951	-4.82188	
-4.12289	0.362825	0.0976645	-27.5523	-222.067	-4.24221	
7.68646	1.39601	0.304585	-50.1462	186.417	-5.79753	
-4.02847	0.371086	0.099319	-28.3822	-220.922	10.7188	
9.14399	1.52353	0.330123	-50.7868	202.383	6.99546	
-5.25863	0.263461	0.0777645	-2.03944	-190.069	-17.5461	
-2.86586	0.472801	0.11969	-33.538	-195.569	1.74144	
4.0765	1.08018	0.241332	-110.083	163.75	-0.581941	
-1.54467	0.588391	0.14284	-33.6018	-193.43	13.664	
-3.64857	0.404323	0.105976	-60.2119	-187.02	-1.79645	
4.26159	1.09637	0.244575	-51.5545	188.6	19.7092	
6.74247	1.31342	0.288045	-4.15235	182.825	3.58173	
1.22476	0.830684	0.191365	-97.7232	186.628	4.98081	
4.28758	1.09865	0.245031	-57.2929	146.554	7.28538	
14.3328	1.97749	0.421041	-27.9632	179.082	-6.8049	
-1.68087	0.576474	0.140453	-86.0037	-201.943	-16.0133	
-3.60201	0.408396	0.106791	-10.9036	-184	-5.87891	
13.8321	1.93368	0.412267	-84.2808	221.077	-7.39179	
-2.09123	0.540572	0.133263	-20.6984	-182.576	2.34269	
-1.93596	0.554156	0.135983	-43.9737	-206.488	-0.10482	
20.2279	2.49324	0.524332	-4.22805	256.124	-0.484039	
13.332	1.88993	0.403505	-29.7227	230.908	-2.87661	
15.9266	2.11693	0.448967	11.9927	204.785	-0.0865959	
-2.82642	0.476252	0.120381	-65.8497	-144.863	5.91213	
-5.27305	0.262199	0.0775118	-1.38654	-215.399	2.55947	
4.13735	1.0855	0.242398	-52.9031	190.902	-7.40602	
-5.31795	0.258271	0.076725	-8.46715	-201.159	0.452723	
6.32393	1.2768	0.280711	-65.1689	209.155	-1.34488	
-1.39291	0.601668	0.145499	-31.3994	-232.303	-8.07045	
-2.43813	0.510223	0.127185	60.7792	-161.954	11.9633	
4.77177	1.14101	0.253514	-30.4164	154.513	-0.876968	
-3.91546	0.380972	0.101299	-52.2849	-189.048	-5.23983	
-1.69376	0.575347	0.140227	-54.206	-215.391	-17.0029	
-2.74097	0.483728	0.121878	-22.1725	-157.992	0.717672	
-2.21585	0.52967	0.131079	-16.3655	-177.376	-5.55089	
-1.81413	0.564816	0.138118	-3.8217	-212.697	-10.2063	
5.8376	1.23426	0.27219	-65.5649	178.43	-1.91402	
5.71421	1.22346	0.270028	-7.79168	219.254	9.85072	
-4.30471	0.346918	0.0944788	-9.81129	-178.365	5.18557	
3.25224	1.00807	0.22689	-116.887	178.156	-22.0682	
-4.99927	0.286152	0.0823089	-23.953	-213.611	-7.23358	
-1.67843	0.576687	0.140496	-84.1848	-162.548	-2.28455	
-5.38752	0.252184	0.075506	-19.4376	-196.686	10.3476	
-1.19151	0.619288	0.149027	-156.744	-112.982	27.4346	
16.267	2.1467	0.45493	2.62312	210.808	-8.07696	
-4.56224	0.324387	0.0899663	3.81007	-166.247	-12.2018	
-5.88219	0.208906	0.0668386	-28.6186	-193.732	-15.2892	
4.90803	1.15293	0.255902	-20.8876	174.929	-11.3375	
3.3707	1.01843	0.228965	-80.319	170.525	1.91532	
7.68357	1.39576	0.304534	11.301	196.534	-3.64704	
-1.98821	0.549585	0.135068	-81.2032	-128.021	12.1063	
15.8972	2.11436	0.448452	-23.2026	184.015	-0.961716	
6.20997	1.26683	0.278714	-28.0672	199.776	-0.302525	
-5.4165	0.249649	0.0749983	-35.1658	-184.631	-14.296	
-5.86489	0.21042	0.0671417	-11.9245	-180.036	-3.36322	
7.3048	1.36262	0.297898	-92.4653	194.216	-0.38098	
-0.90833	0.644063	0.153989	-156.229	-229.725	7.47678	
11.035	1.68897	0.363257	-44.6003	205.088	-4.22507	
10.2183	1.61752	0.348948	-43.8372	212.295	-6.00186	
8.59523	1.47552	0.320508	12.0419	204.842	-2.69864	
-3.05922	0.455885	0.116302	-63.0545	-158.467	15.663	
-0.715503	0.660933	0.157368	-158.204	-13.3041	17.4135	
3.03935	0.98944	0.223159	-82.2908	138.315	-2.60681	
12.3672	1.80552	0.386599	-27.9335	228.526	-1.34592	
-2.18223	0.532611	0.131668	-30.0153	-204.577	-3.69106	
-2.18415	0.532443	0.131635	-119.687	-149.25	-1.30809	
-3.58598	0.409798	0.107072	-62.5668	-200.711	-7.32257	
-2.50703	0.504194	0.125977	-90.2517	-227.519	-3.21482	
5.61157	1.21448	0.268229	-23.2047	190.992	1.42934	
8.72269	1.48667	0.322742	-71.395	221.434	9.08029	
4.85628	1.1484	0.254995	-28.8632	217.47	3.75583	
-3.15475	0.447527	0.114628	-25.5681	-189.173	3.07145	
-3.54096	0.413738	0.107861	-60.6107	-183.785	1.26452	
10.0423	1.60211	0.345863	-72.1724	205.781	2.28264	
-1.61798	0.581977	0.141555	-50.4331	-207.761	-5.65356	
-6.93479	0.116815	0.0483951	-30.8573	-195.912	-1.73416	
11.3963	1.72058	0.369588	-32.4936	223.511	4.21299	
-3.0325	0.458222	0.11677	-19.358	-129.839	5.67458	
16.1159	2.13349	0.452284	6.28906	241.661	3.74036	
-3.80644	0.390511	0.103209	25.1136	-188.462	4.83119	
14.3251	1.97682	0.420906	-67.0891	221.158	-3.47893	
-1.90595	0.556783	0.136509	-127.017	-197.775	7.48107	
10.7113	1.66065	0.357585	-26.6891	245.31	5.1399	
9.0951	1.51925	0.329267	-65.8666	170.285	15.2837	
20.5327	2.51991	0.529673	-17.6016	231.848	3.39474	
-4.64757	0.316921	0.0884713	1.24445	-181.166	0.770362	
14.706	2.01014	0.42758	-52.048	205.736	-2.90432	
10.9721	1.68347	0.362156	-33.5426	248.448	-16.3573	
15.4574	2.07588	0.440746	-56.3635	203.281	3.25409	
15.6375	2.09163	0.443901	-71.3463	197.829	-0.758204	
-3.48865	0.418314	0.108778	-36.8291	-207.414	3.92028	
-4.00932	0.372762	0.0996546	58.6782	-173.482	-3.56134	
-5.02529	0.283876	0.081853	-9.42186	-219.071	-4.69314	
10.5867	1.64975	0.355403	-64.6546	212.964	-1.23179	
-5.70937	0.224026	0.0698667	34.2606	-206.865	5.05202	
15.7144	2.09836	0.445248	-48.8231	252.88	-6.28352	
-2.49282	0.505438	0.126226	-54.7825	-220.438	-9.60519	
5.81531	1.23231	0.271799	-24.5609	189.616	1.61492	
-2.39099	0.514346	0.12801	-69.837	-188.905	9.47687	
4.42505	1.11067	0.247439	-67.4979	212.948	13.6204	
3.01834	0.987602	0.222791	-67.5326	152.509	-4.10684	
-2.33295	0.519424	0.129027	-76.045	-177.663	9.50277	
-5.37773	0.253041	0.0756776	-11.7003	-167.675	9.17199	
-5.82049	0.214304	0.0679196	-18.7549	-196.982	4.42619	
-1.20993	0.617676	0.148705	-107.604	-180.941	-22.6276	
19.5322	2.43238	0.512144	-61.3905	253.328	7.09058	
-2.47699	0.506823	0.126504	-55.0241	-116.605	-10.7295	
-1.68301	0.576287	0.140415	-108.019	-179.935	-11.4031	
-2.42036	0.511778	0.127496	-28.5449	-185.575	1.10066	
-3.15797	0.447245	0.114572	-51.7659	-182.282	-6.62342	
-5.74811	0.220637	0.0691879	10.1741	-196.193	0.328305	
-5.67561	0.22698	0.0704583	36.5166	-164.764	-2.10997	
-5.77669	0.218136	0.068687	8.80791	-180.8	1.78194	
-1.63063	0.58087	0.141333	-24.3443	-184.482	13.4403	
1.6912	0.871492	0.199538	-93.7858	168.373	-9.71493	
8.74922	1.48899	0.323206	15.1779	216.098	-1.98357	
7.99562	1.42306	0.310002	-11.7562	194.804	9.67489	
-6.07087	0.192399	0.0635326	45.0842	-203.301	2.73302	
8.44418	1.4623	0.317862	-13.6	196.26	4.05195	
17.2001	2.22835	0.471281	-49.5607	238.155	3.61714	
8.19503	1.4405	0.313496	39.4475	196.499	1.94542	
-1.48339	0.593751	0.143913	-88.2872	-179.826	2.22484	
-4.12132	0.362962	0.0976921	-29.2466	-234.832	0.100773	
-2.82046	0.476773	0.120485	-53.9707	-218.084	16.6345	
-5.25263	0.263986	0.0778696	21.4276	-123.354	-1.6186	
4.70237	1.13493	0.252298	-61.5512	195.235	-4.17359	
17.3274	2.23948	0.47351	-57.9104	222.008	-9.89101	
-1.79421	0.566558	0.138467	-9.45628	-157.01	-2.72588	
-4.54476	0.325916	0.0902726	5.57653	-173.381	0.690224	
9.52109	1.55652	0.336731	-25.9548	200.706	8.37296	
-3.16692	0.446462	0.114415	-54.67	-155.032	-3.17349	
-4.81361	0.302395	0.085562	-60.7263	-153.689	5.25153	
-1.36666	0.603964	0.145959	-78.8016	-205.214	3.60126	
-4.53893	0.326426	0.0903749	-54.8823	-191.614	9.7189	
6.7385	1.31307	0.287975	-57.4934	200.924	1.06938	
20.3417	2.5032	0.526327	-23.7742	201.953	3.15299	
-4.93092	0.292132	0.0835065	-12.4719	-197.516	-6.46102	
4.46795	1.11443	0.248191	-28.2387	203.558	4.8812	
6.09093	1.25642	0.276628	-31.8734	204.9	-2.3666	
-2.76422	0.481693	0.121471	37.7033	-219.245	-4.81727	
-4.78282	0.305089	0.0861015	-21.4327	-185.789	-4.45267	
5.91543	1.24106	0.273553	-51.0233	194.149	-4.16442	
-2.83321	0.475657	0.120262	-71.123	-169.412	4.53346	
-2.43155	0.510798	0.1273	-60.6872	-112.978	6.60188	
2.04423	0.902378	0.205723	-65.6895	151.03	-3.09305	
2.03617	0.901673	0.205582	-43.6822	197.38	-15.9628	
-3.12822	0.449848	0.115093	-56.4008	-185.275	9.13009	
-5.49851	0.242474	0.0735613	-4.43636	-206.507	-4.4133	
18.7574	2.36459	0.498568	-19.0748	228.906	4.89755	
3.32768	1.01467	0.228212	-85.5242	151.573	-11.0435	
10.5994	1.65086	0.355625	-103.768	226.125	1.35823	
-4.74101	0.308746	0.086834	-35.3061	-187.409	-0.27344	
-3.52908	0.414777	0.108069	-34.9345	-188.234	-2.27848	
-2.48053	0.506513	0.126442	-53.4422	-211.87	7.95957	
-2.34542	0.518333	0.128809	-0.530972	-189.967	-6.80027	
-1.89596	0.557656	0.136684	-39.9972	-183.571	-1.96903	
-3.25953	0.43836	0.112792	-20.1969	-225.329	-16.3815	
9.80993	1.58179	0.341792	-36.089	171.391	11.022	
2.52407	0.944359	0.214131	-76.5013	187.465	-14.9762	
8.45503	1.46325	0.318052	-77.9746	226.276	6.04009	
0.470946	0.764734	0.178157	-153.207	77.2614	-0.499984	
17.1208	2.22141	0.469891	-66.0967	229.451	-2.77021	
-3.10197	0.452144	0.115553	-62.8247	-143.305	-6.21872	
7.09947	1.34465	0.2943	-77.9541	217.025	-1.18022	
1.76079	0.87758	0.200757	-50.849	224.685	-14.8585	
-2.13551	0.536698	0.132487	-53.1572	-154.751	-8.65688	
-2.47536	0.506965	0.126532	-13.5451	-177.689	-8.23437	
11.8879	1.76359	0.378202	-24.0303	192.482	4.31209	
-5.56645	0.23653	0.0723709	-6.14388	-182.314	4.82768	
2.24292	0.919761	0.209205	-32.6808	192.253	3.77189	
-5.85559	0.211234	0.0673047	-79.8306	-200.594	4.37	
-3.76986	0.393712	0.10385	4.23784	-153.089	10.4724	
-1.02321	0.634012	0.151976	-105.537	-164.668	-4.23393	
17.8329	2.28371	0.482368	0.464276	216.465	5.61201	
4.90498	1.15266	0.255849	-89.251	175.048	-5.34199	
-3.02515	0.458865	0.116899	-93.0411	-150.125	15.3139	
5.072	1.16727	0.258775	-58.0166	192.329	8.5904	
-5.0856	0.278599	0.0807962	-20.3686	-176.203	-6.66115	
17.5775	2.26136	0.477893	-77.3187	235.303	2.03275	
15.0929	2.04399	0.434358	-19.5772	260.651	-0.486988	
-4.28415	0.348716	0.094839	-38.8781	-199.492	5.0564	
3.88461	1.06339	0.23797	-60.6363	202.937	-7.4418	
-1.41099	0.600085	0.145182	-137.486	-171.237	15.1484	
-0.315469	0.695931	0.164377	-207.514	-114.868	-22.7869	
-3.09303	0.452927	0.11571	-15.2891	-220.294	11.7694	
15.7479	2.10129	0.445835	-6.96369	226.695	-1.75025	
-3.86475	0.38541	0.102188	-18.7348	-199.532	0.323437	
-3.05359	0.456377	0.116401	-58.1768	-186.158	4.71121	
8.61656	1.47738	0.320882	-55.3225	214.358	4.43874	
14.7205	2.01141	0.427834	-3.17677	241.113	5.50176	
4.95367	1.15692	0.256702	-25.3528	164.874	-2.43591	
4.99957	1.16094	0.257506	-42.2253	183.528	-17.2639	
-3.7189	0.398169	0.104743	-22.9716	-182.919	19.9971	
-4.02563	0.371334	0.0993688	-90.1591	-168.983	1.33816	
-1.14814	0.623082	0.149787	-150.368	-167.35	-6.85013	
11.9744	1.77115	0.379717	-41.7106	235.588	-15.1071	
-3.02447	0.458925	0.116911	-51.8357	-174.524	11.5252	
-2.86245	0.473099	0.11975	-80.9535	-181.55	-5.66243	
2.36344	0.930306	0.211316	-40.132	180.898	3.55009	
15.5473	2.08375	0.442321	24.8653	239.445	-8.45809	
-4.84851	0.299342	0.0849505	-58.5485	-181.811	15.453	
3.7314	1.04999	0.235285	-84.8771	183.521	0.334356	
8.08225	1.43064	0.31152	40.6569	226.31	4.18475	
-3.90846	0.381586	0.101422	-32.7654	-180.865	-14.2247	
11.0558	1.69079	0.363622	-58.603	186.813	4.08155	
-3.58855	0.409574	0.107027	15.9271	-222.176	2.45739	
17.1315	2.22234	0.470078	-77.484	224.502	-6.11275	
-3.75114	0.395349	0.104178	-26.1916	-184.134	5.0216	
-5.55212	0.237784	0.072622	-7.71235	-192.715	-5.31418	
-3.54732	0.413181	0.10775	-0.747803	-203.612	-11.8454	
-2.66347	0.490508	0.123236	-30.8126	-192.467	3.18643	
-4.61086	0.320134	0.0891146	-10.3609	-193.967	0.711407	
-4.29503	0.347765	0.0946484	-95.5732	-176.67	-7.55641	
-2.25564	0.526188	0.130382	-47.0757	-137.416	-3.23775	
-2.69168	0.48804	0.122742	-104.178	-176.848	1.16283	
0.17976	0.739258	0.173055	-131.479	-61.5313	-20.9121	
-5.15673	0.272376	0.07955	-32.4432	-164.326	-6.00979	
-4.31246	0.34624	0.094343	-53.8272	-201.619	13.3909	
-3.14678	0.448223	0.114768	-36.9631	-171.11	1.98979	
5.64311	1.21724	0.268782	-77.9159	161.67	-1.90574	
13.8635	1.93643	0.412818	-27.8198	230.135	2.40368	
-6.22439	0.178968	0.0608427	35.6959	-218.819	-7.43293	
-3.36528	0.429107	0.110939	-57.231	-206.237	20.0151	
-0.447277	0.6844	0.162068	-144.527	-94.9112	-0.0843066	
-2.54764	0.500642	0.125266	-56.7876	-198.582	3.39475	
3.271	1.00971	0.227218	-60.9206	141.297	3.37474	
-1.23344	0.615619	0.148293	-142.151	-220.941	1.26141	
14.8073	2.019	0.429354	-98.3967	217.518	-9.22018	
-6.4739	0.157138	0.0564708	-27.3569	-201.69	0.232701	
-4.41292	0.337451	0.0925828	23.5181	-211.67	-7.95054	
-4.48205	0.331403	0.0913716	-22.6924	-186.298	-15.7332	
-2.82364	0.476494	0.12043	-43.3971	-199.457	3.37781	
3.99919	1.07342	0.239978	-27.8192	200.442	-1.0645	
6.1757	1.26383	0.278114	-30.1882	190.866	-0.270057	
10.3249	1.62684	0.350815	-54.0604	199.402	4.6557	
-1.89233	0.557974	0.136748	-64.41	-215.947	-0.441545	
20.212	2.49185	0.524054	-38.2043	236.136	-1.87327	
-0.870728	0.647352	0.154648	-89.2108	-189.346	-30.2	
-2.85031	0.474161	0.119962	-88.0975	-155.904	3.19694	
-2.58071	0.497748	0.124686	26.1593	-172.575	-6.53537	
2.06806	0.904463	0.206141	-86.0879	188.568	-2.96824	
-3.77101	0.393611	0.10383	-30.0074	-208.299	7.05946	
8.62598	1.47821	0.321047	-33.8613	192.854	-12.4966	
2.50983	0.943113	0.213881	-132.122	178.166	-15.8522	
-2.37914	0.515384	0.128218	-9.48703	-231.526	-1.2301	
-3.91598	0.380927	0.10129	-14.9579	-214.706	5.88669	
-3.92002	0.380574	0.101219	-95.802	-227.307	-0.148378	
-1.98696	0.549695	0.13509	-60.7893	-225.045	6.47797	
-3.02408	0.458959	0.116918	-63.0017	-198.177	-0.917225	
-4.66337	0.315539	0.0881944	25.2036	-183.995	3.58241	
-2.25326	0.526397	0.130424	-41.159	-195.356	-6.66781	
24.2587	2.84589	0.59496	28.7483	243.699	9.28916	
-3.04411	0.457206	0.116567	-31.7373	-207.453	8.74883	
-0.976644	0.638086	0.152792	-97.9406	-190.512	-24.5245	
-4.76963	0.306243	0.0863326	-17.2964	-175.873	0.604458	
6.52807	1.29466	0.284288	-36.3821	215.152	8.38921	
12.4857	1.81589	0.388676	-25.4406	182.131	-3.18734	
1.74936	0.87658	0.200557	-111.633	181.017	-9.90304	
13.3971	1.89562	0.404645	-28.6544	239.519	-0.699026	
-4.21642	0.354643	0.0960259	-43.8809	-167.63	3.29513	
-3.63988	0.405083	0.106128	-37.5219	-224.409	-1.53712	
5.45186	1.20051	0.265431	-37.1894	223.931	4.4773	
-2.1629	0.534302	0.132007	-73.7074	-223.713	4.45598	
-1.7512	0.570321	0.139221	-65.5453	-166.346	0.746005	
-2.45697	0.508575	0.126854	-22.0238	-210.173	16.5392	
-5.38902	0.252053	0.0754798	11.9527	-174.443	0.437473	
13.3955	1.89548	0.404617	-15.9662	202.627	5.46155	
-5.70839	0.224111	0.0698838	37.9166	-187.927	7.76095	
14.1383	1.96047	0.417632	8.41449	209.378	-5.14547	
15.2909	2.06131	0.437828	-50.9897	222.812	1.20624	
7.83462	1.40897	0.307181	-62.4767	240.484	-8.73857	
-4.10858	0.364077	0.0979153	15.8306	-231.354	-14.7635	
-4.0667	0.367741	0.0986492	-33.2669	-232.357	4.46251	
9.64197	1.56709	0.338849	-5.87168	210.725	-2.16349	
5.01721	1.16248	0.257815	-106.936	170.924	-3.61662	
8.14844	1.43643	0.31268	-27.6621	215.631	-0.506081	
3.87798	1.06281	0.237854	0.00372824	172.052	-7.31102	
-5.38286	0.252592	0.0755877	33.5964	-189.315	-1.80077	
-1.36148	0.604417	0.146049	-8.78419	-223.478	-14.4019	
9.78979	1.58003	0.341439	-50.649	219.725	1.88295	
4.58223	1.12442	0.250193	-35.1129	203.225	-4.20434	
-4.5298	0.327225	0.0905347	12.3665	-163.549	4.51223	
-3.79744	0.391298	0.103367	-77.8434	-156.538	0.4566	
1.36523	0.842973	0.193826	-30.6332	244.819	5.87014	
2.55134	0.946745	0.214609	-90.0222	189.535	-3.92276	
5.97554	1.24632	0.274607	-38.6139	168.7	-4.68913	
10.451	1.63787	0.353024	26.6722	235.625	8.13381	
-2.75204	0.482759	0.121684	-80.9151	-193.046	-11.5687	
-5.48167	0.243947	0.0738564	-2.07038	-201.847	5.59563	
6.90928	1.32801	0.290967	-73.9314	205.069	3.27571	
12.3785	1.80651	0.386798	-34.5475	249.511	0.630778	
-2.46878	0.507541	0.126648	-18.6918	-194.067	1.84008	
-5.87568	0.209476	0.0669526	-17.9567	-183.399	8.55537	
14.0663	1.95417	0.416371	-6.66321	259.663	3.0637	
-1.56118	0.586945	0.14255	-37.9722	-157.883	-7.1721	
-4.09384	0.365366	0.0981735	-29.6704	-198.653	-3.34442	
-7.49245	0.0680272	0.0386241	3.46254	-194.091	-2.06329	
16.3172	2.1511	0.455811	-39.95	214.584	-2.27362	
-3.48206	0.418891	0.108893	-74.0335	-193.46	-4.3523	
-3.84151	0.387443	0.102595	-26.6759	-207.266	-3.41459	
1.89999	0.889759	0.203196	-66.7155	179.837	-6.6285	
-5.89302	0.207959	0.0666488	15.6016	-185.837	-9.14064	
-4.09088	0.365626	0.0982255	-44.7527	-196.436	-4.71756	
-2.52068	0.503	0.125738	-10.6718	-210.759	3.86727	
-4.58094	0.322751	0.0896387	5.00511	-178.313	-8.90145	
-5.10142	0.277215	0.080519	-18.559	-177.817	-1.28828	
-6.28869	0.173342	0.0597159	-28.7945	-192.248	-12.079	
14.2526	1.97047	0.419634	-55.5079	198.908	-0.178047	
-4.36056	0.342032	0.0935003	-25.0804	-170.905	11.1224	
-2.19898	0.531145	0.131375	-42.6921	-168.563	-10.7725	
2.23073	0.918695	0.208991	-99.6692	95.9886	-2.69292	
-4.9932	0.286683	0.0824152	-62.8343	-205.11	-7.82933	
16.8838	2.20067	0.465738	-5.93965	238.292	6.84937	
8.3933	1.45785	0.31697	-19.0116	198.135	6.75632	
-1.31527	0.60846	0.146859	-88.719	-191.019	15.1848	
10.6288	1.65343	0.356139	-33.6889	210.277	-0.941361	
-2.60413	0.4957	0.124276	-54.5614	-169.567	0.611984	
-0.0540181	0.718805	0.168958	-117.944	45.8657	6.07321	
7.40084	1.37102	0.29958	-24.0604	244.177	-0.439105	
-2.78351	0.480006	0.121133	-97.7355	-181.171	7.01628	
11.9751	1.77122	0.37973	-11.8845	217.625	0.793286	
-4.6636	0.315519	0.0881904	-15.5655	-174.536	1.89662	
-1.67916	0.576624	0.140483	-135.175	-123.88	12.1822	
-3.9772	0.375571	0.100217	-36.7571	-173.981	7.40213	
-4.66521	0.315378	0.0881621	-26.9495	-196.466	0.183229	
1.57701	0.861502	0.197537	-91.2288	188.182	8.09139	
-0.817742	0.651988	0.155577	-148.695	-164.557	8.29146	
-3.94112	0.378728	0.10085	-16.6288	-196.304	-3.57497	
4.51701	1.11872	0.249051	-80.031	183.565	-6.31414	
4.22415	1.0931	0.243919	-52.026	163.369	-1.62919	
0.456446	0.763465	0.177903	-97.2333	78.7572	1.53217	
-2.4393	0.51012	0.127164	-70.9056	-187.08	1.65911	
13.9958	1.948	0.415135	-59.4609	243.275	-6.59136	
13.193	1.87777	0.401069	-18.2408	243.449	5.88424	
-1.68698	0.575939	0.140346	-103.313	-142.773	3.41727	
-6.70968	0.13651	0.0523396	-6.97193	-189.428	7.17642	
-1.13837	0.623937	0.149959	-58.171	-94.04	8.75838	
-3.42586	0.423807	0.109878	-66.7306	-151.054	3.58212	
15.6094	2.08918	0.443408	-35.1505	248.638	-4.56251	
-2.79711	0.478816	0.120895	10.4292	-191.369	1.14776	
-2.74094	0.48373	0.121879	-47.322	-178.307	3.34617	
1.49233	0.854093	0.196053	-52.5836	149.521	-12.2873	
0.718848	0.786422	0.1825	-104.267	101.385	-6.97028	
-3.75947	0.39462	0.104032	38.3954	-201.242	4.24594	
-2.93759	0.466526	0.118433	-5.57394	-203.052	16.0179	
-3.52075	0.415505	0.108215	19.5634	-187.421	-1.4477	
-3.87191	0.384783	0.102062	47.7423	-170.6	-2.53621	
-4.70932	0.311519	0.0873893	39.1412	-197.212	1.31895	
6.95468	1.33199	0.291763	-35.3296	182.987	3.57548	
-1.23353	0.615612	0.148291	-124.647	-197.793	14.9936	
12.8569	1.84836	0.39518	9.11125	223.689	-4.33659	
6.35096	1.27917	0.281185	-72.9496	194.167	3.19364	
-6.21889	0.179449	0.060939	-19.3469	-148.321	-13.8655	
-2.41317	0.512407	0.127622	-26.2228	-207.053	-4.14265	
17.3129	2.23821	0.473257	-16.9505	246.139	1.40472	
1.66287	0.869013	0.199041	-105.647	194.465	4.7777	
9.92624	1.59196	0.34383	-27.0554	216.9	-3.34913	
11.3981	1.72073	0.369619	-53.633	174.223	-7.82753	
10.2807	1.62297	0.35004	-77.6584	202.587	2.76192	
19.1224	2.39653	0.504963	-21.9344	233.092	-2.75882	
3.34423	1.01611	0.228501	-65.1039	188.058	1.09273	
1.78196	0.879432	0.201128	-83.5773	110.002	-2.50011	
-4.88408	0.29623	0.0843273	-2.47874	-175.941	3.81813	
-3.21408	0.442336	0.113589	9.32853	-150.742	1.23063	
3.67738	1.04526	0.234339	-6.09628	172.502	0.841757	
-2.35556	0.517447	0.128631	40.383	-191.024	-15.6812	
0.0601368	0.728793	0.170958	-104.251	80.9108	20.3864	
-4.78505	0.304893	0.0860623	-15.2446	-208.1	7.89144	
-2.56239	0.499351	0.125007	-63.3126	-149.419	-5.93509	
5.66313	1.21899	0.269133	-35.1331	186.115	0.530652	
10.1385	1.61054	0.347549	-6.63118	201.925	-5.19278	
-3.88668	0.383491	0.101803	-0.213305	-168.229	3.51698	
8.34263	1.45342	0.316082	-33.2855	189.656	6.80854	
13.1349	1.87268	0.40005	9.56952	219.834	7.26555	
3.89369	1.06418	0.238129	-16.8933	195.098	-4.67561	
13.3898	1.89499	0.404518	-13.3304	205.901	11.9286	
6.05816	1.25355	0.276054	-68.1914	219.335	5.68808	
-1.93991	0.553811	0.135914	-144.516	-181.788	5.75747	
5.95351	1.2444	0.274221	-25.9373	205.909	2.54633	
-1.07187	0.629755	0.151124	-139.804	-147.238	-16.2209	
-2.64068	0.492502	0.123636	-51.6491	-162.603	-9.51989	
-2.23943	0.527606	0.130666	-32.8776	-167.389	-2.55827	
-3.49216	0.418007	0.108716	-5.55177	-216.314	13.3447	
-6.74169	0.13371	0.0517787	-35.8394	-228.915	4.72177	
-2.69206	0.488006	0.122735	14.7697	-152.721	4.6127	
7.51402	1.38092	0.301564	-31.8625	214.879	-11.042	
-4.2443	0.352203	0.0955373	-29.5403	-194.789	-11.545	
-4.96605	0.289058	0.0828909	-15.6056	-183.719	-8.13866	
8.26876	1.44695	0.314788	-11.5148	200.295	-8.27115	
29.759	3.32711	0.691335	-69.3503	254.49	-1.94999	
-6.3395	0.168897	0.0588258	-23.1245	-223.157	8.02812	
13.4519	1.90042	0.405605	-15.6219	223.606	-0.219215	
17.1933	2.22775	0.471162	-34.7655	220.253	8.63062	
-3.54641	0.413261	0.107766	24.6354	-187.632	2.8082	
-6.01856	0.196976	0.0644492	-2.91313	-177.099	-6.14108	
-3.64208	0.40489	0.106089	-48.0439	-165.183	11.7179	
-1.46119	0.595693	0.144302	-46.6565	-186.022	-15.8399	
14.5394	1.99556	0.42466	-6.4269	225.637	-2.58588	
10.0775	1.6052	0.34648	-39.5846	203.36	-5.77271	
-1.76369	0.569229	0.139002	-4.23603	-189.235	-16.8163	
-3.82715	0.388699	0.102847	-18.307	-184.407	-8.64296	
2.88962	0.97634	0.220536	-88.8907	175.648	-6.43054	
14.8542	2.0231	0.430175	-54.6515	226.628	5.44623	
-2.96964	0.463721	0.117871	-55.3831	-197.572	0.992191	
-2.04209	0.544871	0.134124	-113.798	-221.132	1.57832	
-3.62226	0.406624	0.106436	-45.8658	-232.474	-12.2295	
16.1179	2.13367	0.452319	-16.5609	213.589	-1.99189	
-2.20964	0.530213	0.131188	-34.6819	-176.715	-2.57072	
-2.60136	0.495942	0.124324	-52.8396	-157.922	1.64352	
7.13065	1.34738	0.294846	5.39206	220.373	2.0815	
-5.91755	0.205813	0.066219	20.5646	-199.887	-1.69042	
-3.28809	0.435861	0.112292	-38.0676	-178.38	-5.41733	
-5.41772	0.249542	0.0749769	55.2131	-193.835	-10.4147	
-4.25728	0.351067	0.0953098	-23.8357	-159.607	-5.03862	
-6.41468	0.16232	0.0575085	-6.94684	-170.651	5.45321	
9.13173	1.52245	0.329909	-47.3163	187.593	-2.00647	
15.0708	2.04205	0.433971	-33.1515	245.784	-2.78354	
2.2032	0.916286	0.208509	-90.5831	230.071	6.90003	
-5.65037	0.229188	0.0709005	43.0482	-230.591	1.46942	
16.2035	2.14115	0.453818	-70.8747	245.599	1.61687	
-2.73769	0.484014	0.121936	1.84552	-210.693	4.93438	
4.43323	1.11139	0.247583	-55.3343	151.141	-2.38375	
5.48292	1.20322	0.265975	-23.5388	192.766	-10.7557	
12.5784	1.824	0.390301	-20.8996	217.46	-2.71318	
-3.49437	0.417814	0.108677	-53.0966	-181.162	7.28116	
-3.50225	0.417124	0.108539	-35.9905	-190.013	7.4704	
-1.94467	0.553395	0.135831	-34.2015	-183.226	-4.74082	
-3.13134	0.449574	0.115038	-83.4186	-175.275	15.2035	
-3.53675	0.414106	0.107935	-17.2354	-159.826	3.31836	
13.4235	1.89793	0.405108	-12.8709	242.359	-8.72597	
-3.22363	0.4415	0.113421	29.2083	-189.857	-3.45178	
0.30149	0.749908	0.175187	-137.38	106.374	5.72088	
-1.94636	0.553247	0.135801	-57.2981	-240.652	-9.40471	
-3.57647	0.41063	0.107239	-22.4897	-178.207	6.16092	
-2.11505	0.538489	0.132845	-50.1647	-174.921	-3.22798	
-1.44923	0.59674	0.144512	-96.5376	-202.95	0.440767	
12.0094	1.77422	0.38033	-49.371	229.411	6.09854	
15.4171	2.07236	0.44004	-10.2741	187.31	-3.88246	
-5.09159	0.278075	0.0806912	-12.0264	-150.159	-6.50954	
-5.22093	0.266759	0.078425	22.0076	-147.584	2.33803	
-4.4664	0.332772	0.0916458	43.7145	-170.459	-5.65707	
10.3095	1.6255	0.350545	-64.8713	233.123	6.48508	
-3.2523	0.438992	0.112919	-47.2789	-195.1	2.67528	
-2.41089	0.512605	0.127662	-23.9689	-189.258	11.0941	
2.53874	0.945642	0.214388	-86.4817	168.509	10.7631	
1.76698	0.878122	0.200865	-47.9566	202.694	-4.61116	
-5.9314	0.204601	0.0659764	-30.8414	-180.505	14.5273	
-1.01175	0.635015	0.152177	-102.948	-160.543	-9.37542	
7.25059	1.35788	0.296948	-18.6316	228.558	1.79783	
17.0107	2.21177	0.467961	-53.0555	209.25	-0.554261	
-3.71565	0.398454	0.1048	44.3725	-184.948	9.07922	
-1.40244	0.600833	0.145332	-42.8638	-125.138	15.287	
4.4522	1.11305	0.247915	-67.9654	158.531	-0.834112	
5.40977	1.19682	0.264693	-0.768496	153.84	12.7105	
9.14165	1.52332	0.330082	-46.1462	217.17	-11.9786	
-4.10451	0.364433	0.0979867	17.8366	-218.36	12.1223	
-3.62275	0.406582	0.106428	-55.9511	-161.914	-8.25478	
0.0229184	0.725536	0.170306	-101.867	-67.1465	-12.7871	
3.07197	0.992293	0.223731	-113.998	162.22	-6.62154	
1.31024	0.838163	0.192863	-62.2021	177.363	-5.23387	
-2.02808	0.546097	0.134369	-82.9335	-147.981	6.95503	
-1.99046	0.549389	0.135029	-68.2656	-154.092	4.95421	
15.0902	2.04375	0.434312	-48.0018	210.355	0.464225	
12.5124	1.81823	0.389144	-11.1827	218.014	2.2561	
-2.40367	0.513237	0.127788	8.37811	-197.845	-3.23967	
-1.48821	0.593329	0.143829	-113.19	-149.852	4.14035	
-3.58634	0.409767	0.107066	-12.1858	-182.159	0.460475	
-3.67934	0.40163	0.105436	-41.6642	-187.694	1.54428	
-3.48854	0.418323	0.108779	-18.5666	-178.059	-0.38268	
-2.87077	0.472371	0.119604	-43.3964	-175.061	13.446	
-5.51847	0.240728	0.0732116	-37.2188	-149.032	0.83139	
-3.76683	0.393976	0.103903	-31.5146	-171.875	4.09992	
-3.69673	0.400109	0.105132	-16.6282	-161.581	-12.4907	
9.93939	1.59311	0.34406	-28.1143	213.056	-9.26619	
-4.21079	0.355135	0.0961244	3.67681	-205.725	-4.29657	
15.6646	2.094	0.444376	13.9605	259.608	7.20438	
-2.65905	0.490895	0.123314	-90.605	-184.898	-1.77778	
-0.969911	0.638675	0.15291	-77.3466	-112.734	-3.0571	
-4.93246	0.291997	0.0834794	16.4186	-197.6	-2.84692	
-4.21466	0.354796	0.0960566	14.0626	-167.155	16.0323	
12.5379	1.82046	0.389591	-70.1247	184.443	-6.60238	
-2.73479	0.484268	0.121987	-93.6659	-200.282	7.20047	
10.3916	1.63268	0.351984	-25.8212	167.744	-0.815122	
11.1479	1.69884	0.365235	-36.3675	231.707	-1.52328	
-2.68199	0.488887	0.122912	-75.4008	-195.474	4.97793	
12.3939	1.80785	0.387067	-22.9791	190.754	7.70397	
3.41686	1.02247	0.229774	-43.1824	163.473	0.410457	
2.11151	0.908265	0.206902	-46.5658	174.501	1.52137	
-2.34641	0.518247	0.128792	-59.7775	-214.353	18.6395	
15.7461	2.10114	0.445804	-13.0827	220.836	1.76056	
25.4937	2.95394	0.616599	-45.4818	261.351	-3.70936	
14.056	1.95328	0.416191	-55.7513	234.957	0.371952	
0.463115	0.764049	0.178019	-194.152	31.3668	-11.9555	
7.87478	1.41248	0.307885	-125.321	209.543	-2.26337	
-3.54452	0.413426	0.107799	-49.2059	-159.237	4.78236	
-2.71637	0.48588	0.122309	-80.3311	-201.654	14.3095	
14.6125	2.00196	0.425941	-29.5518	245.739	4.30733	
13.1044	1.87002	0.399516	-25.9813	223.67	7.19469	
-4.71119	0.311355	0.0873565	7.72769	-231.894	-8.31683	
-3.14886	0.448042	0.114731	-46.0928	-171.341	-0.450022	
-4.23651	0.352884	0.0956737	17.8359	-166.667	-4.40317	
-5.10241	0.277128	0.0805017	5.25545	-181.848	-7.11203	
17.9905	2.29749	0.485129	-50.3599	204.041	1.76355	
12.1768	1.78886	0.383263	-20.0537	214.109	-2.14457	
5.97498	1.24627	0.274597	25.9076	192.425	-5.86006	
8.26331	1.44648	0.314692	-46.6056	159.155	-1.5734	
-2.58137	0.497691	0.124675	-3.3547	-141.975	-0.21903	
-2.12854	0.537308	0.132609	-115.952	-231.566	-7.46437	
-3.87874	0.384186	0.101943	-33.4808	-186.225	-3.09851	
-2.78811	0.479604	0.121052	-85.4311	-165.65	-3.75916	
12.4093	1.8092	0.387337	4.20446	233.372	-5.61745	
11.0058	1.68642	0.362746	33.4125	231.999	-7.16677	
-1.03882	0.632646	0.151703	-68.8893	-157.063	14.7519	
-7.01357	0.109923	0.0470148	30.6002	-190.295	-7.10765	
-5.04185	0.282427	0.0815629	-44.6309	-195.872	-7.291	
6.01248	1.24956	0.275254	-23.7505	198.413	-8.56656	
11.0132	1.68706	0.362875	-62.3282	221.404	-11.5054	
13.1712	1.87586	0.400686	-39.0941	211.921	9.47516	
6.98918	1.335	0.292367	-81.6179	185.348	13.5359	
12.3275	1.80205	0.385904	-37.0941	219.361	-2.33208	
-4.44412	0.334721	0.092036	16.7706	-154.263	7.44028	
3.81852	1.05761	0.236812	-83.2357	169.181	-5.39143	
20.0045	2.4737	0.520418	-22.9963	233.555	1.66557	
-3.17118	0.446089	0.11434	-31.8141	-210.031	5.46091	
-3.46837	0.420088	0.109133	-42.9893	-197.283	3.2998	
-2.09061	0.540627	0.133274	-80.4922	-212.381	4.56972	
-3.71519	0.398494	0.104808	-50.4811	-191.462	-3.05889	
14.3173	1.97613	0.420769	-42.2044	200.173	2.89727	
-7.0968	0.102642	0.0455566	-22.0858	-196.66	-5.75348	
-2.29031	0.523155	0.129775	-45.0864	-179.921	-0.641702	
-3.27206	0.437263	0.112573	23.2251	-173.921	-10.653	
5.52155	1.2066	0.266652	-35.8466	178.312	-2.31728	
-5.39183	0.251807	0.0754305	-0.468401	-153.818	5.01196	
16.8646	2.19899	0.465402	17.5509	227.144	11.8189	
8.14282	1.43594	0.312581	-65.2427	194.328	4.93693	
9.23764	1.53172	0.331764	-9.7147	217.205	3.00595	
16.4438	2.16218	0.458028	-38.0023	212.035	2.35067	
15.3652	2.06782	0.43913	-27.5004	214.819	0.112691	
12.392	1.80769	0.387034	-17.3121	233.044	3.47234	
-7.20855	0.0928647	0.0435984	16.4573	-188.611	4.98834	
-1.20818	0.617829	0.148735	-97.1338	-84.6734	0.256508	
15.5262	2.0819	0.44195	17.8451	230.249	3.22853	
2.58858	0.950002	0.215261	-78.1585	201.171	-9.11695	
6.20228	1.26616	0.27858	-59.9334	169.277	-9.45111	
2.82026	0.970272	0.219321	-109.125	196.409	2.72788	
-4.72923	0.309777	0.0870405	-12.8619	-203.604	-2.87148	
-2.5903	0.496909	0.124518	62.2912	-193.911	-8.09375	
11.0897	1.69376	0.364216	-23.1336	206.451	-7.65121	
-4.62745	0.318682	0.0888239	-5.91041	-183.771	1.76621	
-1.14511	0.623347	0.14984	-127.853	-191.017	2.68949	
13.6059	1.91389	0.408304	-1.32141	213.644	0.806344	
-2.11033	0.538901	0.132928	23.7644	-194.738	-20.0513	
-2.45119	0.509079	0.126956	7.05098	-226.233	-1.5597	
2.23111	0.918728	0.208998	-9.18602	201.146	-3.71508	
-2.89069	0.470629	0.119255	-4.37703	-211.497	2.08122	
-2.08863	0.5408	0.133308	-11.8828	-158.064	-6.15538	
14.8474	2.02251	0.430057	-17.3078	206.197	5.90406	
2.36417	0.930369	0.211329	-66.5064	197.426	-2.33967	
-3.18786	0.444629	0.114048	-18.9983	-182.957	10.1991	
-4.97867	0.287954	0.0826699	9.28442	-148.249	-10.8079	
-5.17397	0.270867	0.0792478	21.5972	-227.788	-9.13408	
7.37002	1.36832	0.29904	-31.8866	173.571	2.35231	
-3.62904	0.406031	0.106318	-9.67859	-184.585	-0.86196	
-5.07976	0.27911	0.0808986	27.9602	-166.187	0.637786	
7.86616	1.41173	0.307734	-11.8548	222.599	-7.15445	
-4.34734	0.343188	0.0937318	-83.3898	-169.94	10.6494	
8.51782	1.46874	0.319152	-83.5854	188.088	-6.62331	
-3.24048	0.440026	0.113126	3.77227	-205.389	-2.70462	
12.7734	1.84106	0.393717	-20.6978	197.322	7.47341	
7.21197	1.3545	0.296271	-42.7322	216.836	1.19341	
-3.6718	0.40229	0.105568	3.27182	-183.945	8.97303	
-3.91125	0.381342	0.101373	-92.1912	-172.585	8.81429	
-1.1096	0.626453	0.150463	-92.5208	-160.04	0.983414	
-2.3028	0.522062	0.129556	-81.2726	-183.261	5.49991	
-2.23958	0.527593	0.130663	-104.566	-200.328	-11.8046	
-3.1709	0.446113	0.114345	-26.965	-184.287	-0.713797	
8.10752	1.43285	0.311963	-34.0987	226.009	-3.1155	
-4.70099	0.312248	0.0875352	4.28254	-222.838	-21.3893	
11.4122	1.72197	0.369866	-33.9992	233.338	8.47643	
10.5173	1.64368	0.354186	-10.972	236.789	-3.42525	
15.4284	2.07334	0.440237	-6.90664	249.677	-4.05435	
-2.4989	0.504906	0.12612	-54.9867	-180.862	12.0097	
4.37564	1.10635	0.246574	-14.6139	189.197	0.0474282	
0.574713	0.773812	0.179975	-69.4111	31.7714	0.450754	
6.32787	1.27715	0.28078	-55.6975	171.329	2.78702	
2.32477	0.926922	0.210639	-99.9124	202.806	9.20924	
-1.50976	0.591444	0.143451	-60.117	-149.725	-2.35905	
-3.20373	0.443241	0.11377	-61.9279	-179.807	-5.02524	
14.3572	1.97963	0.421469	-42.7654	195.128	3.53158	
-2.79903	0.478648	0.120861	-47.0888	-180.341	3.27513	
18.6445	2.35471	0.496589	-6.45793	279.328	-0.496117	
-1.60228	0.58335	0.14183	-58.7656	-192.801	18.8328	
11.731	1.74986	0.375452	-21.2883	199.711	-8.4579	
10.1352	1.61024	0.347491	-15.9571	186.358	0.231441	
-5.42943	0.248518	0.0747718	-11.2641	-224.595	-10.5434	
-5.08732	0.278449	0.0807661	-4.77253	-166.977	-12.0345	
-1.77611	0.568142	0.138784	-151.754	-118.339	0.35787	
6.34738	1.27885	0.281122	-16.4622	188.917	-3.22834	
8.73128	1.48742	0.322892	-28.4034	202.655	9.87239	
8.65332	1.4806	0.321526	-74.001	240.334	-3.78617	
3.66874	1.0445	0.234188	-50.575	175.924	-11.5821	
-3.27444	0.437055	0.112531	-0.185896	-158.217	5.82381	
4.43625	1.11165	0.247636	-67.0166	191.222	-1.70542	
14.0129	1.9495	0.415435	-10.028	205.68	-4.61044	
-4.60171	0.320934	0.0892749	-15.6071	-225.943	-18.4407	
7.93317	1.41759	0.308908	-24.3295	170.248	1.10978	
-6.49237	0.155522	0.0561472	28.8144	-207.233	-15.3045	
24.6827	2.88299	0.602389	-0.948046	267.468	4.81973	
5.03196	1.16377	0.258073	-84.1647	192.769	-4.26004	
-3.72521	0.397618	0.104633	-41.8197	-198.943	3.31697	
-1.26428	0.612921	0.147752	-43.9352	-151.613	-10.3655	
-2.93644	0.466626	0.118453	-39.9802	-195.187	-12.1478	
5.85773	1.23602	0.272542	-17.2734	204.332	-2.00897	
7.36103	1.36754	0.298883	-19.2072	196.56	-14.4631	
-2.95815	0.464727	0.118073	-34.2287	-224.02	-17.569	
-3.19683	0.443845	0.113891	-22.3586	-174.094	10.4829	
9.82417	1.58304	0.342041	-27.3759	246.858	7.03219	
-4.885	0.296149	0.0843111	-6.43636	-177.1	8.24415	
-4.2272	0.353699	0.0958368	-3.90366	-196.5	18.5107	
-3.19796	0.443746	0.113871	-101.228	-216.293	7.33055	
-5.47813	0.244257	0.0739184	-13.6531	-172.193	-5.25265	
-4.23137	0.353334	0.0957638	-57.9917	-223.871	6.33523	
-5.5907	0.234409	0.0719461	4.36023	-159.456	2.54663	
7.73298	1.40008	0.3054	-62.9395	185.666	-1.45801	
-2.78751	0.479655	0.121063	-38.3057	-195.268	3.16764	
2.75713	0.964749	0.218214	-37.8801	214.437	3.81814	
5.86556	1.2367	0.27268	4.01368	223.623	2.48454	
-3.13654	0.449119	0.114947	-44.3046	-188.935	-15.9645	
-3.24626	0.43952	0.113025	-22.9746	-184.456	7.15936	
-3.87106	0.384857	0.102077	-63.6183	-177.31	8.83094	
13.7394	1.92558	0.410644	-61.6632	213.244	7.66503	
12.266	1.79667	0.384826	-46.8057	247.47	-0.605178	
1.11162	0.820786	0.189382	-157.175	138.522	-0.0127189	
-1.7937	0.566603	0.138476	-93.7192	-184.224	2.01765	
3.44657	1.02507	0.230295	-114.928	187.357	-4.76106	
-2.37514	0.515734	0.128288	-112.314	-181.503	-0.974973	
10.0177	1.59997	0.345432	-20.303	203.564	-1.82658	
2.97827	0.984096	0.222089	-26.8246	163.785	-7.34497	
13.5413	1.90825	0.407173	-35.6957	202.787	-1.16956	
13.4828	1.90313	0.406148	-15.3633	246.93	-1.22341	
11.9235	1.7667	0.378825	-42.0896	244.398	-6.15489	
-2.47455	0.507036	0.126546	-75.5359	-176.377	-3.79762	
-2.99522	0.461484	0.117423	-19.4486	-169.681	6.52708	
-4.59245	0.321744	0.0894371	-28.4789	-194.581	6.81202	
3.44226	1.02469	0.230219	-71.5629	181.088	-6.28523	
-4.95718	0.289834	0.0830464	-11.2523	-209.251	2.87082	
-5.11867	0.275705	0.0802167	-37.1197	-196.073	6.84219	
10.5152	1.6435	0.35415	-54.4426	219.575	3.49123	
-3.58655	0.409749	0.107062	-17.0938	-201.202	9.5842	
18.0103	2.29923	0.485477	-48.1031	249.316	6.24074	
-4.40445	0.338192	0.0927312	23.752	-186.97	-6.82094	
11.0488	1.69018	0.363499	-46.942	209.957	0.69992	
-6.10623	0.189305	0.062913	31.4196	-198.57	-0.845878	
-3.97289	0.375948	0.100293	35.9137	-177.401	-13.472	
-5.50607	0.241812	0.0734289	4.75718	-208.158	9.34505	
-4.1645	0.359185	0.0969356	2.01561	-216.363	3.38708	
9.67768	1.57022	0.339475	-18.8628	202.331	-1.53683	
1.60106	0.863605	0.197958	-80.4262	136.503	0.557632	
-2.27429	0.524556	0.130055	-73.3405	-174.038	-1.49589	
5.17629	1.1764	0.260602	-54.6374	176.32	-0.215949	
19.8275	2.45822	0.517318	-23.0079	248.41	10.3324	
17.2594	2.23354	0.47232	-10.2604	257.891	-0.758263	
-1.23607	0.615389	0.148247	-84.878	-152.841	9.50766	
5.76146	1.22759	0.270856	-46.7778	175.271	-3.89934	
-4.25618	0.351164	0.0953292	-8.07346	-172.882	-12.5538	
-1.01486	0.634742	0.152123	-66.3822	-172.167	-15.6524	
-5.8064	0.215537	0.0681665	-2.24372	-193.716	12.799	
-2.41505	0.512242	0.127589	37.797	-151.559	-3.85373	
-3.74066	0.396266	0.104362	-29.6798	-185.414	22.0308	
-2.56559	0.499072	0.124951	-26.1537	-191.514	-2.50537	
-5.6521	0.229037	0.0708702	4.33647	-214.416	8.53418	
12.3509	1.80409	0.386314	-20.8581	253.803	-1.05922	
9.10774	1.52036	0.329488	-22.2032	235.038	4.33646	
2.54391	0.946094	0.214478	-15.4615	215.756	-0.264826	
20.7878	2.54223	0.534143	-53.5004	258.786	-6.29057	
14.4038	1.9837	0.422285	-13.2862	233.838	2.98354	
-2.52236	0.502854	0.125709	-3.71161	-181.225	-1.32006	
3.35216	1.01681	0.22864	-38.3511	149.43	15.6274	
-1.3898	0.60194	0.145553	-33.9281	-120.448	-10.8945	
-2.07518	0.541976	0.133544	-24.9412	-179.168	-0.690061	
-4.24923	0.351772	0.0954509	-0.168898	-131.581	-8.943	
-3.70046	0.399783	0.105066	-47.5455	-163.035	4.42432	
12.2684	1.79687	0.384868	-48.7672	243.107	-3.96455	
-2.87592	0.471921	0.119514	-52.5532	-195.349	5.26799	
9.19197	1.52772	0.330964	-32.2042	219.294	-11.8454	
-0.692938	0.662907	0.157763	-193.864	-41.8038	33.045	
2.51082	0.9432	0.213899	-94.235	177.697	-17.3898	
-2.40823	0.512838	0.127708	-33.9957	-161.551	-6.61108	
-3.10937	0.451497	0.115423	-24.7534	-222.137	6.92008	
12.9592	1.85732	0.396973	-53.8884	204.94	-6.76108	
16.5583	2.1722	0.460035	-25.7635	266.563	-0.637245	
-5.84023	0.212577	0.0675737	-1.80755	-186.001	-8.05398	
-6.11157	0.188838	0.0628194	-15.2539	-221.395	6.9936	
-3.39491	0.426515	0.11042	11.1153	-199.095	1.13748	
-3.28342	0.436269	0.112374	-2.88202	-196.625	-9.17849	
-1.74492	0.570871	0.139331	-120.711	-163.575	-3.36304	
7.99105	1.42266	0.309922	-42.9627	189.02	0.546266	
-2.69174	0.488035	0.122741	-35.6632	-185.629	1.80938	
-5.13387	0.274376	0.0799504	-8.85271	-192.033	0.1993	
-2.32908	0.519763	0.129095	26.9101	-191.123	14.3168	
-3.44946	0.421742	0.109464	16.8101	-189.325	-6.93427	
-4.07325	0.367168	0.0985343	-39.6937	-238.273	10.6286	
-3.43939	0.422624	0.109641	2.10762	-187.891	-8.55806	
-6.01876	0.196958	0.0644456	-44.2755	-142.636	5.38927	
11.5721	1.73596	0.372668	-63.068	206.888	-0.338008	
-1.83765	0.562758	0.137706	-43.7243	-194.404	1.96976	
-4.7487	0.308074	0.0866994	-36.0401	-165.501	3.15023	
0.53437	0.770283	0.179268	-190.845	52.5134	-18.7551	
4.91863	1.15386	0.256088	-38.3593	169.736	-6.13266	
-2.15698	0.53482	0.132111	-15.1759	-232.499	-3.89879	
-2.50902	0.504021	0.125942	-71.2038	-180.948	2.82355	
5.71107	1.22319	0.269973	-20.0633	189.692	-14.8335	
8.54832	1.47141	0.319686	-37.3139	190.281	3.46102	
-5.36516	0.254141	0.0758979	-41.9019	-174.129	2.08754	
-5.41824	0.249496	0.0749677	-31.2044	-194.896	12.1254	
-2.5288	0.50229	0.125596	-66.9203	-132.103	-2.10426	
7.60568	1.38894	0.303169	-13.8225	175.832	2.41822	
-3.84726	0.38694	0.102494	-18.3683	-154.393	-8.21546	
4.89879	1.15212	0.25574	30.6464	187.766	-0.0300703	
16.3076	2.15026	0.455641	-53.8546	232.737	5.54884	
15.3018	2.06226	0.438018	-12.9337	244.057	4.11	
-4.15249	0.360235	0.0971459	-30.2444	-214.18	-14.2597	
2.69376	0.959205	0.217104	-100.225	145.4	-1.68046	
-4.06647	0.367761	0.0986531	25.9174	-196.981	-12.4258	
13.9053	1.94009	0.41355	-52.7139	228.184	2.82824	
-4.8648	0.297917	0.0846651	58.011	-195.734	-1.04351	
7.33075	1.36489	0.298352	-3.20861	211.562	-7.67158	
-1.75403	0.570073	0.139171	-93.8394	-180.79	-4.16998	
-3.59986	0.408584	0.106829	4.31847	-134.118	-10.0166	
-7.21514	0.0922879	0.0434829	30.075	-176.704	-15.0065	
5.79979	1.23095	0.271527	-35.8351	189.935	6.2517	
12.7604	1.83992	0.393489	-59.1004	230.3	-6.56511	
-2.67889	0.489159	0.122966	-61.6583	-182.613	-9.83952	
9.07628	1.5176	0.328937	-25.4221	196.152	12.8584	
2.83208	0.971306	0.219528	-126.962	199.827	8.05225	
-2.20979	0.5302	0.131185	-69.3198	-197.642	17.0148	
11.571	1.73586	0.372649	-7.51292	211.345	-3.06623	
-3.60084	0.408499	0.106812	-22.1024	-204.524	-10.7785	
-6.56525	0.149146	0.0548701	-11.1852	-183.162	12.8252	
20.5745	2.52357	0.530407	-23.6723	246.033	-0.741784	
14.7195	2.01132	0.427816	-31.6425	233.314	0.456232	
3.38945	1.02007	0.229294	-31.4008	188.697	-6.67705	
12.2087	1.79166	0.383823	-0.568692	232.031	3.23691	
-3.15521	0.447486	0.11462	-5.53714	-164.7	-12.9342	
-3.7989	0.391171	0.103342	-50.3775	-191.581	3.46444	
12.0488	1.77767	0.381021	-57.4285	250.816	0.588987	
-4.02527	0.371366	0.0993751	-15.4773	-202.531	7.17088	
11.5955	1.73801	0.373079	-28.929	188.985	-2.91168	
18.4986	2.34195	0.494033	-32.2227	247.762	2.42742	
-2.70844	0.486574	0.122448	-54.1138	-241.695	-5.99702	
-4.50629	0.329282	0.0909468	-4.28912	-186.459	-1.14092	
12.5081	1.81785	0.389069	2.80579	197.907	8.21761	
-3.43004	0.423442	0.109805	5.73079	-204.595	11.3651	
0.0386583	0.726913	0.170582	-108.058	6.21751	8.43137	
4.21701	1.09247	0.243794	11.027	187.874	-4.49986	
13.1646	1.87528	0.400571	-60.5073	223.036	-3.78253	
8.35638	1.45462	0.316323	10.9372	229.754	-1.069	
-3.88923	0.383268	0.101759	-69.7858	-151.319	5.42569	
20.0884	2.48104	0.521889	-25.8547	254.244	-7.81242	
-4.36228	0.341881	0.09347	-16.1836	-183.078	11.0301	
10.3329	1.62755	0.350956	-18.4172	220.026	8.60306	
-3.17418	0.445826	0.114288	-13.1039	-153.558	-11.4088	
4.85417	1.14822	0.254958	-53.7629	174.346	1.99805	
-2.64076	0.492494	0.123634	25.046	-244.802	9.69957	
-5.89387	0.207885	0.066634	23.2576	-188.123	4.55701	
-7.07483	0.104564	0.0459415	-9.50169	-215.659	3.03784	
-1.98434	0.549924	0.135136	-4.79912	-175.244	-21.7083	
-2.55404	0.500081	0.125154	-27.8176	-217.184	-8.71076	
7.16739	1.3506	0.29549	-29.3034	141.488	-11.273	
-0.972926	0.638411	0.152857	-38.9806	-183.179	10.5046	
-1.76633	0.568997	0.138956	-165.281	-176.792	-11.5597	
2.41429	0.934754	0.212207	-35.8388	161.864	-0.135204	
-3.49118	0.418093	0.108733	-0.946798	-202.781	-8.74232	
16.1408	2.13566	0.452719	-40.7657	230.077	4.38156	
23.477	2.7775	0.581263	-24.8292	253.032	5.44938	
5.3969	1.1957	0.264468	-55.8279	185.403	-7.2757	
15.216	2.05476	0.436516	-22.3595	243.342	-4.6293	
-2.60274	0.495821	0.1243	-40.7094	-148.534	2.40774	
-7.20129	0.0935003	0.0437257	-37.3126	-230.126	-14.2182	
16.5286	2.1696	0.459515	-69.9865	206.524	-5.42622	
2.16371	0.912831	0.207817	-77.4305	178.65	-2.65609	
17.6784	2.27019	0.479661	-37.2799	246.014	1.14026	
-1.99705	0.548812	0.134913	-47.0903	-215.031	-15.2384	
-2.20441	0.53067	0.13128	-60.1876	-195.661	16.5448	
-1.81646	0.564611	0.138077	-51.102	-201.705	-2.77218	
7.24513	1.3574	0.296852	-40.6522	196.111	4.77065	
-4.89376	0.295383	0.0841576	-20.8294	-190.846	-0.797973	
-4.58693	0.322227	0.0895338	11.3043	-199.715	1.01832	
13.778	1.92895	0.411318	-49.0448	263.972	2.74759	
-3.52832	0.414843	0.108082	-8.08837	-270.7	-7.22556	
-6.06528	0.192888	0.0636305	-18.0989	-226.381	-5.00705	
6.72366	1.31178	0.287715	-27.0296	201.958	2.51384	
6.93772	1.3305	0.291466	-34.3709	213.602	-0.994688	
-4.0893	0.365764	0.0982531	-46.4178	-169.671	0.647451	
14.5932	2.00027	0.425603	-51.008	227.453	-1.23775	
-0.717228	0.660782	0.157338	-148.189	-140.459	5.05764	
-1.48999	0.593174	0.143798	-83.5446	-193.136	-9.86067	
6.70211	1.30989	0.287337	-21.2822	188.194	7.25491	
13.7913	1.93012	0.411553	-92.0597	225.605	-5.84938	
-2.30369	0.521985	0.12954	-8.97506	-227.945	2.76739	
8.91531	1.50352	0.326116	-66.2029	187.627	-0.018038	
3.54646	1.03381	0.232045	-18.4876	225.898	-4.60954	
-1.41452	0.599777	0.14512	-25.4042	-226.474	9.71483	
-2.94072	0.466252	0.118378	-63.1219	-220.819	0.257004	
-3.68781	0.400889	0.105288	-34.4074	-179.039	3.03746	
7.40328	1.37123	0.299623	-1.80078	177.841	-10.2908	
-2.14783	0.53562	0.132271	-18.598	-171.084	11.4948	
-3.60597	0.40805	0.106722	-3.5151	-180.361	5.38272	
-2.31893	0.520651	0.129273	-55.3354	-174.447	-7.99684	
13.4262	1.89817	0.405155	-25.2766	239.259	-10.6486	
-3.84824	0.386854	0.102477	-32.8671	-190.002	0.659288	
10.6533	1.65558	0.35657	4.46065	228.29	6.10336	
1.13895	0.823177	0.189861	-76.1089	192.451	9.11912	
-2.85205	0.47401	0.119932	-19.1183	-147.053	-4.47042	
25.0177	2.9123	0.608259	-15.3954	225.702	-1.81903	
4.79803	1.1433	0.253975	-67.8211	183.236	11.6447	
-2.79233	0.479234	0.120978	-20.5399	-193.769	13.9726	
-6.52677	0.152513	0.0555445	10.4144	-194.765	-6.101	
-3.04328	0.457279	0.116581	-6.57582	-179.948	-2.99866	
-0.85285	0.648917	0.154961	-108.247	-146.594	-13.1683	
7.43272	1.37381	0.300139	-90.2096	263.626	-3.51752	
-3.32864	0.432313	0.111581	-19.3967	-224.867	-0.682461	
-1.25715	0.613545	0.147877	-72.0251	-193.765	-6.75756	
-3.4156	0.424705	0.110058	1.01431	-217.658	-0.583662	
-4.0866	0.366	0.0983004	1.88618	-200.054	-3.0294	
-1.71487	0.5735	0.139857	-19.4332	-190.67	5.10783	
-3.10605	0.451787	0.115481	-14.754	-195.035	-5.23557	
1.66559	0.869251	0.199089	-77.2516	139.473	-2.54229	
16.478	2.16517	0.458628	-19.428	210.261	-5.23766	
-4.40615	0.338043	0.0927014	28.908	-163.771	-9.04659	
9.27721	1.53518	0.332458	-16.2338	196.187	-2.12837	
14.246	1.9699	0.41952	-23.679	209.193	0.0623675	
-5.08513	0.27864	0.0808045	-3.638	-192.393	3.84685	
12.8671	1.84925	0.395358	-37.6878	191.478	5.81636	
-0.893559	0.645355	0.154248	-154.861	-158.167	-11.5392	
9.00092	1.51101	0.327617	-35.6133	198.302	14.5186	
-1.26862	0.612542	0.147676	-35.8141	-193.499	-1.13146	
-5.44735	0.24695	0.0744577	0.281425	-194.855	-4.60688	
12.8713	1.84963	0.395433	-29.3304	226.404	3.47409	
-6.59319	0.146702	0.0543806	-20.719	-213.181	3.13044	
15.9037	2.11493	0.448566	8.13877	208.305	-0.829704	
7.92432	1.41682	0.308753	-36.596	189.249	-8.4423	
-5.67891	0.226691	0.0704004	-18.4131	-221.875	-3.73108	
-3.46264	0.420589	0.109233	2.03301	-176.2	-4.48127	
13.7312	1.92486	0.4105	-3.27565	229.09	5.31342	
-5.2834	0.261294	0.0773304	29.1363	-175.688	-2.82821	
-3.73904	0.396408	0.10439	-26.3923	-200.254	-5.02314	
-2.70591	0.486795	0.122493	-52.892	-230.289	2.11882	
-5.05938	0.280892	0.0812556	-4.29373	-214.218	15.9385	
9.43567	1.54905	0.335234	-12.5022	185.936	6.74698	
-1.96284	0.551805	0.135513	-40.3937	-123.998	9.191	
1.99084	0.897707	0.204788	-100.083	140.273	17.9785	
-4.90299	0.294575	0.0839959	-14.6041	-174.166	3.44381	
26.5543	3.04673	0.635182	-54.384	244.564	-3.98534	
5.44351	1.19978	0.265285	-79.6511	175.323	-4.42453	
12.3397	1.80312	0.386119	-16.6938	204.839	-6.02492	
-4.87968	0.296615	0.0844043	46.0427	-203.628	-11.4078	
-3.775	0.393261	0.10376	-2.12121	-188.48	-1.92659	
-6.00131	0.198485	0.0647514	-21.0149	-204.95	1.23576	
-1.98859	0.549552	0.135061	-20.5818	-183.113	-10.9699	
12.9175	1.85367	0.396242	-1.37637	213.893	-1.85954	
-2.19953	0.531098	0.131365	-19.0064	-203.674	-9.57944	
13.3531	1.89177	0.403874	-46.9042	214.06	-3.61446	
-2.54045	0.501271	0.125392	-33.3059	-180.496	5.09938	
13.7151	1.92345	0.410217	-58.1964	238.263	-2.32625	
20.7463	2.5386	0.533416	-47.5026	205.213	-1.03557	
6.87396	1.32492	0.290349	-0.480496	191.5	-2.59502	
-4.17617	0.358164	0.0967311	10.8587	-205.654	7.02962	
-4.47951	0.331625	0.091416	38.7488	-201.541	-11.3643	
-6.73301	0.134469	0.0519307	-14.8447	-235.235	1.79499	
-3.76586	0.394061	0.10392	-29.4053	-193.328	-3.12892	
-2.29353	0.522874	0.129718	0.843857	-236.18	-0.902112	
-1.6321	0.580741	0.141307	-24.1797	-229.76	-15.8117	
-1.5304	0.589639	0.14309	-58.7361	-186.315	1.73907	
-3.22979	0.440962	0.113313	-47.1847	-198.308	-14.6978	
20.2994	2.4995	0.525585	-47.1034	242.57	6.60538	
3.9542	1.06948	0.239189	-55.2338	196.576	-4.62202	
13.3121	1.88819	0.403156	-66.5851	235.877	4.68286	
-0.937351	0.641524	0.153481	-169.414	-159.87	5.7218	
-2.3662	0.516516	0.128445	-60.962	-173.464	2.99905	
8.98186	1.50934	0.327283	-66.4032	171.059	-8.93679	
-4.62313	0.31906	0.0888996	42.5354	-186.359	8.02529	
-1.68882	0.575778	0.140314	-26.7228	-248.139	4.82314	
-5.69773	0.225044	0.0700706	4.90352	-211.914	23.1996	
13.3168	1.8886	0.403239	-29.5415	210.376	7.6984	
6.29757	1.2745	0.280249	-62.5778	220.978	2.93508	
-2.51019	0.503918	0.125922	-16.9954	-161.843	-6.16037	
7.85608	1.41085	0.307557	-66.499	175.988	5.26608	
16.3927	2.1577	0.457133	-39.1811	237.545	-1.48183	
5.19212	1.17778	0.26088	-5.15134	204.163	9.35297	
-5.37057	0.253668	0.0758031	-3.17841	-194.378	10.0962	
-3.2503	0.439167	0.112954	28.5139	-182.841	-11.3497	
-4.66415	0.315471	0.0881808	-12.5918	-180.723	-2.32006	
-3.7835	0.392518	0.103611	-4.70822	-221.232	0.748181	
4.74127	1.13834	0.25298	-61.3039	161.981	-1.33106	
-3.88757	0.383413	0.101788	-75.2727	-153.163	-6.55802	
-0.502931	0.679531	0.161093	-142.599	-197.661	-2.30441	
-3.22154	0.441683	0.113458	-61.9446	-168.581	-5.538	
4.98118	1.15933	0.257184	-32.417	188.062	4.06069	
-0.782315	0.655088	0.156197	-113.377	-108.416	-3.71687	
-4.40359	0.338267	0.0927462	-39.5455	-141.348	-0.340617	
-2.17285	0.533432	0.131833	-73.2857	-204.658	11.6733	
4.13914	1.08566	0.24243	-106.263	122.895	-5.20757	
8.34795	1.45388	0.316175	16.8572	211.347	14.5094	
10.5933	1.65033	0.355518	-13.1852	189.447	-0.604671	
7.1586	1.34983	0.295336	-52.9303	193.026	-7.15149	
-4.04694	0.36947	0.0989953	-43.4843	-172.008	-2.91994	
27.2787	3.11011	0.647875	-8.55597	246.595	-2.40567	
-4.20427	0.355705	0.0962387	-23.3144	-153.999	3.40221	
-2.00269	0.548319	0.134814	-8.84223	-197.864	14.6026	
15.9892	2.1224	0.450063	5.74079	241.461	-1.04304	
-0.613514	0.669856	0.159155	-66.8804	-38.213	-3.73836	
9.9475	1.59382	0.344202	-59.9088	209.983	4.06561	
12.4041	1.80875	0.387246	-72.111	215.078	-8.60318	
-1.6188	0.581905	0.141541	-110.017	-141.248	10.5038	
-4.09995	0.364832	0.0980665	23.8728	-170.597	1.02712	
14.4405	1.98691	0.422927	-41.2388	206.975	-4.94364	
13.6197	1.9151	0.408546	-40.7151	204.478	-1.51203	
5.10637	1.17028	0.259377	-36.4289	195.46	6.71349	
-6.1272	0.187471	0.0625456	-27.8697	-162.726	-4.49824	
-4.2964	0.347645	0.0946244	-31.8799	-199.015	12.5429	
-2.36163	0.516916	0.128525	18.2307	-172.511	4.73289	
-2.7748	0.480768	0.121286	-15.5342	-170.906	1.20268	
-1.17363	0.620852	0.149341	-168.338	-53.6769	18.9359	
-5.08974	0.278237	0.0807238	-62.431	-206.32	-3.1174	
-5.47771	0.244294	0.0739258	2.95401	-168.976	6.20631	
8.99794	1.51075	0.327564	-88.0284	175.517	-4.49747	
-4.61853	0.319462	0.08898	16.3353	-167.888	13.8043	
-3.46392	0.420478	0.109211	-12.2403	-189.823	2.64911	
12.5208	1.81896	0.389291	-26.1598	235.228	2.80193	
-2.42012	0.511798	0.1275	-22.4022	-107.864	0.121999	
10.1429	1.61092	0.347626	-11.2338	216.836	-0.0965164	
-5.50746	0.241691	0.0734045	-21.7067	-194.565	-13.5285	
-2.92476	0.467648	0.118658	-25.1865	-218.583	21.4912	
19.3128	2.41319	0.508299	-31.2031	248.084	-2.06649	
5.33963	1.19069	0.263464	-26.6312	174.474	-9.15227	
7.32743	1.3646	0.298294	-30.5903	155.669	0.802967	
-3.4249	0.423891	0.109895	-40.03	-191.116	-5.24368	
-5.75242	0.22026	0.0691124	-16.2215	-176.876	11.5778	
-3.99897	0.373667	0.0998359	2.90062	-141.654	-9.66183	
-7.229	0.0910754	0.0432401	10.8985	-190.5	2.78325	
-3.36985	0.428707	0.110859	11.043	-175.386	-0.321913	
-6.81335	0.12744	0.050523	-22.2001	-213.672	-4.57059	
3.10778	0.995426	0.224358	-23.9314	144.625	-8.3685	
12.8948	1.85168	0.395844	-21.5225	223.515	-7.63372	
11.3358	1.71529	0.368529	-1.54699	201.732	11.5137	
17.5506	2.25901	0.477422	-42.3111	204.347	1.92013	
-2.71213	0.48625	0.122384	-17.6731	-186.531	-2.01032	
-3.39451	0.42655	0.110427	-26.5261	-208.764	-12.2774	
-4.89077	0.295645	0.0842101	11.3178	-167.554	3.4423	
-6.09421	0.190357	0.0631236	7.68831	-206.341	8.64442	
-2.96847	0.463824	0.117892	-92.0805	-163.831	12.3769	
6.09297	1.2566	0.276664	-27.8304	167.057	1.5025	
-2.37319	0.515904	0.128322	-42.5072	-194.82	-17.1825	
17.4638	2.25141	0.4759	-19.4092	198.077	-5.12381	
-4.98783	0.287153	0.0825094	-13.2946	-198.859	-10.9431	
-1.95523	0.552471	0.135646	-103.14	-193.277	-16.3381	
6.61098	1.30192	0.285741	-44.6183	166.467	-0.549215	
17.2325	2.23118	0.471848	-79.0705	238.317	-1.45365	
-4.65087	0.316633	0.0884135	-33.9989	-192.493	-0.543605	
-2.03079	0.54586	0.134322	-83.3685	-213.049	4.78836	
5.41258	1.19707	0.264743	-1.15539	149.932	-3.88962	
-5.55185	0.237807	0.0726266	11.2981	-164.425	7.55438	
4.23179	1.09376	0.244053	-106.756	155.479	-11.7253	
15.1945	2.05288	0.436139	-33.9809	225.293	0.431177	
5.92086	1.24154	0.273649	-9.40072	197.311	-2.20395	
-5.46679	0.245249	0.0741172	-4.38287	-159.122	3.85984	
1.24634	0.832572	0.191743	-132.525	132.271	-4.97204	
-3.13502	0.449253	0.114974	-22.5705	-190.776	0.58965	
-4.63017	0.318444	0.0887761	-10.0324	-181.119	-11.3283	
-2.57952	0.497852	0.124707	-82.7819	-167.663	13.3163	
-5.14333	0.273548	0.0797847	-48.835	-206.817	8.28456	
6.72123	1.31156	0.287673	-39.1259	214.865	0.472961	
14.9286	2.02961	0.43148	-8.68781	207.334	-0.739082	
9.14611	1.52371	0.330161	-7.70271	190.236	-7.09065	
-1.57623	0.585629	0.142287	-15.4564	-172.394	-1.21367	
-5.13846	0.273974	0.0798699	-54.2714	-183.107	7.71487	
-1.46741	0.59515	0.144193	-104.635	-229.353	1.77288	
-3.42463	0.423915	0.109899	30.0387	-201.92	0.846084	
14.6534	2.00554	0.426659	-60.0029	217.603	0.914891	
-4.51025	0.328936	0.0908774	24.8734	-156.796	3.477	
-2.6741	0.489578	0.12305	-76.956	-205.406	22.5232	
-3.48997	0.418198	0.108754	-68.7061	-247.35	12.7819	
14.8688	2.02438	0.430432	-62.7917	246.827	-5.84321	
7.50621	1.38024	0.301427	-83.425	214.73	6.97788	
3.25846	1.00861	0.226999	-62.8373	255.415	-0.409933	
-3.02003	0.459313	0.116989	-35.0433	-178.459	3.48823	
-3.78872	0.392061	0.10352	47.9683	-216.095	-7.84965	
-2.84025	0.475042	0.120139	-44.2709	-202.562	8.53557	
-3.75595	0.394928	0.104094	19.5216	-193.785	11.754	
9.72291	1.57418	0.340267	-57.9981	186.822	-3.80226	
-2.10483	0.539383	0.133025	-45.79	-207.855	13.8543	
2.31284	0.925879	0.21043	-74.1213	173.377	2.84122	
-2.32842	0.519821	0.129107	-48.3486	-141.443	13.7138	
-1.82169	0.564154	0.137986	-120.039	-163.413	4.39077	
-3.50022	0.417302	0.108575	22.4323	-161.343	7.4396	
20.3953	2.50789	0.527267	-12.7527	249.096	-2.7284	
10.6409	1.65449	0.356352	-64.692	220.223	-5.22506	
6.54951	1.29654	0.284664	-32.0017	212.037	-9.11767	
-5.81869	0.214462	0.0679512	-34.7563	-203.207	-4.59132	
17.7196	2.2738	0.480384	-44.5538	229.003	7.74056	
-4.54782	0.325649	0.0902191	-43.1562	-178.106	-0.359846	
-3.22955	0.440982	0.113317	-21.5274	-187.418	-5.14973	
-1.04595	0.632022	0.151578	-50.8425	-113.09	-6.97425	
4.07457	1.08001	0.241298	-29.0811	180.241	3.36275	
-2.10239	0.539596	0.133067	-30.2229	-194.304	9.65227	
17.8244	2.28297	0.48222	-21.4314	231.861	0.0974421	
-3.52376	0.415242	0.108162	-32.2579	-177.233	12.0502	
7.95164	1.41921	0.309231	30.2269	186.8	-2.28462	
17.0665	2.21666	0.46894	-64.1302	224.027	4.5333	
16.7409	2.18817	0.463234	-14.7434	215.698	-5.71616	
-6.51981	0.153122	0.0556664	56.2536	-182.782	-11.9511	
-6.35998	0.167105	0.0584668	-39.1505	-199.568	-2.06841	
20.6632	2.53132	0.531959	30.7363	239.606	2.20946	
-1.00086	0.635967	0.152368	-140.639	-131.44	20.3132	
2.60169	0.95115	0.215491	-69.3797	138.045	-0.936345	
-2.20552	0.530573	0.13126	-99.4788	-192.656	-6.28037	
3.21326	1.00466	0.226207	-86.1699	165.977	3.9876	
-1.61926	0.581865	0.141533	-67.7579	-85.0459	5.94167	
-3.27178	0.437288	0.112578	19.6063	-156.809	-15.427	
-2.85515	0.473738	0.119878	-23.4584	-212.774	-3.10897	
13.7106	1.92305	0.410138	-39.7754	223.12	-7.1174	
-3.36071	0.429507	0.111019	-13.6791	-167.24	6.43078	
16.065	2.12903	0.451391	-40.948	223.786	-4.626	
-3.20353	0.443259	0.113773	-80.7814	-135.28	8.03376	
12.8425	1.84711	0.394928	-68.0194	232.01	10.1873	
-2.88196	0.471393	0.119408	-24.0262	-191.507	-4.74932	
-2.21004	0.530177	0.131181	-66.4966	-205.804	-0.357963	
2.6685	0.956994	0.216661	-41.6089	227.017	2.66503	
2.06472	0.904171	0.206082	-119.781	151.715	0.876868	
7.55176	1.38423	0.302225	-4.43072	226.652	2.77641	
-4.07308	0.367183	0.0985373	5.85879	-150.123	3.18783	
12.3847	1.80705	0.386906	-55.0631	232.585	-3.4102	
-5.53521	0.239263	0.0729182	10.6454	-183.227	-6.88617	
18.2243	2.31795	0.489227	-22.4524	228.305	3.28783	
-3.80528	0.390612	0.10323	-40.9241	-171.483	-11.5132	
15.1922	2.05268	0.436099	-33.1045	231.209	6.9527	
4.03249	1.07633	0.240561	-64.5862	172.152	1.75558	
-2.46224	0.508113	0.126762	-3.44177	-208.664	-3.70315	
5.79626	1.23064	0.271465	-53.2476	197.563	0.430394	
-0.988784	0.637024	0.15258	-46.4905	-222.098	-23.1975	
-4.80215	0.303398	0.0857628	-15.4687	-182.593	4.60708	
11.629	1.74093	0.373664	-9.1637	240.261	-4.3238	
4.02093	1.07532	0.240359	-52.3495	195.958	-15.5089	
6.84481	1.32237	0.289838	-89.2723	198.335	-17.2524	
13.7177	1.92368	0.410263	-61.2372	235.474	-9.06973	
-3.04683	0.456968	0.116519	-18.4657	-210.799	-6.76777	
-3.61787	0.407009	0.106513	-39.8701	-196.264	9.70582	
-5.47445	0.244579	0.0739829	43.2127	-167.576	-8.27983	
-2.92567	0.467568	0.118642	-46.9367	-172.509	11.2412	
-4.51469	0.328547	0.0907995	-8.87536	-174.663	6.99839	
-3.22869	0.441058	0.113333	-89.15	-161.618	4.16527	
16.5104	2.16801	0.459196	-45.7782	236.244	0.0223395	
-5.45064	0.246662	0.0744001	10.7859	-211.756	0.319341	
-2.21195	0.53001	0.131148	-132.509	-178.087	-5.40337	
7.07474	1.34249	0.293867	-42.7776	183.478	11.8924	
-5.84911	0.2118	0.0674182	9.49853	-195.054	1.72963	
-5.20714	0.267965	0.0786666	-9.72626	-196.289	-6.98049	
1.89923	0.889693	0.203183	-99.867	106.199	-8.12237	
-1.51809	0.590715	0.143305	-20.1419	-149.853	5.29366	
10.5893	1.64998	0.355448	-29.3477	211.672	-0.679394	
-5.02232	0.284135	0.081905	-42.7722	-175.506	-6.32209	
6.49658	1.29191	0.283736	-29.4288	173.133	-12.8358	
-3.56375	0.411744	0.107462	-67.5073	-163.357	-2.49332	
3.77928	1.05418	0.236124	-47.1942	181.228	-9.82371	
-2.47734	0.506792	0.126498	40.2892	-201.46	-8.23299	
3.31137	1.01324	0.227926	-56.6881	186.713	2.5407	
24.5576	2.87205	0.600197	-4.38303	224.721	2.76912	
-6.33579	0.169221	0.0588906	-46.1424	-187.216	5.13771	
14.7501	2.01399	0.428352	-12.5903	213.81	-2.74468	
-3.29794	0.434999	0.112119	-25.4482	-195.648	-5.70053	
11.0847	1.69332	0.364129	-4.4642	213.161	4.1805	
11.6474	1.74254	0.373987	-65.5879	196.863	-4.04653	
-4.45683	0.33361	0.0918135	29.9252	-159.687	-10.869	
4.27674	1.0977	0.244841	-27.0547	196.938	1.24785	
17.4089	2.24661	0.474938	-39.4235	223.01	0.0116785	
-3.03049	0.458398	0.116805	-58.7268	-151.467	9.8369	
4.32228	1.10168	0.245639	-49.5894	171.357	-0.83311	
-5.17701	0.270602	0.0791946	-25.5811	-193.477	2.92455	
-3.92351	0.380269	0.101158	-17.7461	-183.082	-9.93455	
-7.20823	0.0928928	0.043604	-50.6864	-210.08	0.720755	
3.21782	1.00505	0.226287	-101.385	148.719	-3.04574	
6.37189	1.281	0.281551	-41.2181	194.356	-5.48243	
7.91557	1.41605	0.308599	-53.5182	212.627	5.76339	
16.9275	2.2045	0.466505	-6.12255	225.632	1.30433	
14.4187	1.985	0.422545	-48.5735	209.452	5.77142	
-4.50277	0.32959	0.0910084	-21.9044	-185.303	-10.9824	
-3.25944	0.438367	0.112794	-48.9649	-205.359	1.64389	
-5.93996	0.203852	0.0658263	-23.9609	-204.712	2.11298	
-2.89081	0.470618	0.119253	-26.1653	-196.572	-20.5124	
-4.5862	0.32229	0.0895465	-15.1021	-226.224	0.793523	
-2.89425	0.470317	0.119192	-16.894	-241.479	-3.2167	
-1.09936	0.62735	0.150642	-50.9855	-211.922	-3.6031	
5.17315	1.17612	0.260547	-28.6537	146.605	0.0833296	
15.1177	2.04616	0.434793	-76.0913	235.638	-6.26459	
3.38831	1.01997	0.229274	-30.8815	153.396	5.48344	
-2.83562	0.475447	0.12022	-27.4254	-208.536	-6.03425	
-1.75048	0.570384	0.139233	-46.7969	-212.244	1.46074	
-3.75742	0.3948	0.104068	-8.16799	-181.129	5.38005	
19.2498	2.40767	0.507194	-16.8074	258.468	-3.13818	
-6.17588	0.183212	0.0616926	-3.52712	-193.436	-4.7516	
10.0335	1.60135	0.34571	-20.2924	231.143	-7.15489	
-2.64052	0.492516	0.123638	-30.7926	-143.946	8.36934	
-2.0351	0.545483	0.134246	-50.1379	-173.122	-2.32379	
-5.4558	0.246211	0.0743097	-24.4257	-178.638	3.82944	
-5.79458	0.216571	0.0683736	2.99494	-228.815	-2.71988	
-5.45485	0.246293	0.0743262	-7.68091	-193.385	3.6952	
9.5401	1.55818	0.337064	-21.449	218.313	1.38268	
-4.37066	0.341148	0.0933233	23.6598	-206.951	7.05802	
-6.37916	0.165427	0.0581309	-17.5814	-169.826	12.7371	
6.89486	1.32675	0.290715	-15.3911	194.348	7.22587	
-4.9417	0.291189	0.0833176	20.3567	-194.771	13.4148	
-3.95177	0.377796	0.100663	-26.6651	-195.23	19.606	
18.0969	2.3068	0.486993	-70.9803	225.091	2.38161	
5.01528	1.16231	0.257781	-48.2812	229.439	26.1693	
17.5398	2.25806	0.477232	-22.5011	244.454	-0.0568207	
-2.72405	0.485208	0.122175	29.6638	-200.848	3.51033	
-5.14729	0.273202	0.0797153	-7.98074	-175.87	-7.66268	
2.28947	0.923834	0.21002	-80.1404	206.706	-7.06702	
-2.24775	0.526879	0.13052	-16.5436	-194.105	-7.36187	
12.765	1.84033	0.39357	-13.4558	189.104	-1.21908	
3.30217	1.01243	0.227765	-51.9251	213.241	10.2447	
5.89316	1.23912	0.273163	-79.0598	183.555	-5.16342	
-3.20251	0.443348	0.113791	-54.6789	-185.812	-5.87966	
6.74955	1.31404	0.288169	-78.933	188.816	-17.7299	
-6.07555	0.19199	0.0634506	1.35188	-162.651	18.5073	
-5.08112	0.278991	0.0808748	-29.7408	-184.919	-10.9498	
7.21811	1.35503	0.296379	-49.8475	211.121	-6.09299	
6.83096	1.32116	0.289595	-20.5702	206.798	-7.76082	
10.1251	1.60936	0.347315	-19.3959	222.769	-4.99887	
10.085	1.60586	0.346612	-20.1105	201.97	-2.10784	
-3.04225	0.457369	0.116599	3.02662	-217.908	6.13766	
2.2844	0.92339	0.209931	-81.8811	205.019	-6.08447	
-2.42805	0.511105	0.127361	4.54089	-155.528	-15.9085	
2.55303	0.946892	0.214638	-93.4356	143.967	-3.19971	
3.257	1.00848	0.226973	-47.3809	180.859	-1.54209	
-4.61451	0.319814	0.0890506	-19.7109	-216.381	2.24625	
-3.1676	0.446402	0.114403	3.19937	-168.527	7.11365	
-1.3119	0.608755	0.146918	-46.9766	-187.504	3.7202	
21.451	2.60025	0.545764	-28.7903	247.548	-1.20556	
11.1879	1.70235	0.365936	-30.5121	201.68	0.515683	
4.97874	1.15911	0.257141	17.7638	162.157	-1.43762	
2.63415	0.953989	0.21606	-84.6108	153.186	-3.48384	
4.6142	1.12722	0.250754	-10.8672	180.366	11.7293	
12.1958	1.79053	0.383596	-25.858	238.469	-4.84664	
19.1318	2.39735	0.505127	-50.8042	248.11	0.766113	
-3.4754	0.419473	0.10901	15.6626	-202.299	-0.00853826	
-5.53632	0.239166	0.0728988	-4.53073	-158.949	-14.8065	
14.5135	1.9933	0.424207	-3.54993	207.449	-5.7707	
-1.60245	0.583335	0.141827	33.4304	-241.385	-6.70172	
-4.55292	0.325203	0.0901298	-56.8793	-198.38	-1.5103	
14.7572	2.01462	0.428477	-30.096	232.825	3.70941	
2.79473	0.968039	0.218873	-96.4466	159.384	-0.119442	
5.97311	1.24611	0.274564	-100.771	200.866	-12.4634	
4.5058	1.11774	0.248854	-12.2897	242.447	4.30866	
-3.38353	0.427511	0.11062	-37.2507	-202.301	-1.93781	
7.49062	1.37888	0.301154	-80.7984	171.079	6.65103	
18.4088	2.33409	0.492458	-10.6169	259.603	-6.16228	
-3.58352	0.410014	0.107115	-38.9046	-120.126	-9.49396	
-4.13549	0.361723	0.0974438	-52.3898	-194.318	12.0906	
7.03732	1.33922	0.293211	11.8634	226.604	-0.408524	
-2.77976	0.480334	0.121199	-35.9246	-177.274	-8.46615	
9.50242	1.55489	0.336404	-37.9979	242.07	0.920049	
-3.67756	0.401786	0.105468	38.8776	-168.606	-6.28579	
2.31682	0.926227	0.2105	17.7493	113.982	-2.30897	
6.41821	1.28505	0.282363	-107.407	227.387	-2.90861	
8.0947	1.43173	0.311738	-58.0599	245.007	-18.2225	
-3.70057	0.399774	0.105064	0.626782	-185.204	2.72978	
-1.97993	0.550309	0.135213	-111.157	-138.674	2.20314	
-4.05163	0.369059	0.0989131	-43.15	-177.22	-3.61336	
5.48481	1.20339	0.266008	-46.3742	180.88	5.68128	
-4.55966	0.324613	0.0900117	14.8582	-181.727	9.54311	
7.48291	1.3782	0.301018	38.984	186.065	0.973299	
-2.80621	0.47802	0.120735	-13.0639	-181.23	-18.4018	
-2.9786	0.462938	0.117715	-33.5807	-179.8	1.73519	
-3.87646	0.384385	0.101982	-6.11988	-166.304	-8.35623	
-6.27538	0.174506	0.0599491	26.304	-172.598	-5.60499	
3.07678	0.992715	0.223815	-48.0363	205.842	4.90044	
-2.07882	0.541658	0.13348	11.0357	-217.166	-4.43018	
13.0357	1.86401	0.398313	-33.9412	206.106	0.774381	
-1.9155	0.555947	0.136342	-65.2814	-220.229	6.7252	
-3.12071	0.450504	0.115224	-83.4335	-211.774	-2.53312	
-2.31237	0.521225	0.129388	-31.7598	-162.857	7.30235	
14.9607	2.03242	0.432042	-29.5547	189.243	-2.51555	
-4.32046	0.34554	0.0942028	17.5246	-203.766	20.4028	
-1.56867	0.58629	0.142419	-22.4136	-190.184	-6.28908	
-4.13433	0.361824	0.0974642	-48.3757	-171.583	-8.64471	
-3.40847	0.425329	0.110182	-71.306	-188.55	-8.7805	
21.5076	2.6052	0.546755	-24.8209	269.648	-0.618868	
-2.50662	0.504231	0.125985	-27.1578	-169.225	-8.84152	
10.1692	1.61322	0.348087	12.7431	197.537	7.20804	
15.7378	2.10041	0.445659	-21.2767	213.915	1.35901	
7.01036	1.33686	0.292739	-29.3914	195.41	-2.38347	
5.48007	1.20297	0.265925	12.1327	202.31	6.60376	
-4.19281	0.356708	0.0964395	0.838336	-218.405	-4.61011	
14.9475	2.03127	0.431811	-15.6946	238.957	-6.05491	
-2.39953	0.5136	0.127861	22.6037	-164.507	-3.61567	
-0.740111	0.65878	0.156937	-192.37	-52.5729	20.4175	
-1.32189	0.607881	0.146743	-100.961	-140.072	12.0258	
3.64537	1.04246	0.233778	-40.3729	220.06	1.19223	
17.1482	2.2238	0.470371	-17.7345	235.905	1.0693	
-2.55487	0.500009	0.125139	17.7256	-168.579	4.05507	
3.89136	1.06398	0.238088	-10.5787	199.908	3.3143	
-1.8766	0.55935	0.137023	-27.688	-223.122	-5.76498	
14.613	2.002	0.42595	-47.6264	213.101	-1.32897	
6.76929	1.31577	0.288515	-14.9668	226.299	7.4589	
8.28485	1.44836	0.31507	-38.2748	211.417	0.0396732	
9.90005	1.58967	0.343371	-25.5351	230.922	4.60246	
-5.79718	0.216343	0.068328	-2.33535	-182.466	-7.66282	
-5.5956	0.233979	0.0718601	13.5076	-197.3	16.0823	
3.09199	0.994046	0.224082	-86.3482	198.508	-8.42425	
4.15185	1.08677	0.242652	-21.0594	195.396	6.44373	
-5.32997	0.25722	0.0765145	-3.37663	-187.689	12.9393	
-4.07887	0.366676	0.0984358	-60.5983	-209.886	-12.6076	
-4.09785	0.365016	0.0981034	-33.2072	-164.446	6.0011	
8.14277	1.43593	0.31258	-44.4023	189.903	0.260039	
8.5735	1.47362	0.320127	-21.7612	233.424	-6.46113	
-4.17227	0.358505	0.0967994	88.3467	-157.341	-8.19916	
-3.7256	0.397584	0.104626	22.739	-189.906	9.1501	
8.94708	1.5063	0.326673	-41.1698	199.987	4.38323	
8.79032	1.49258	0.323926	-41.1629	220.113	0.987063	
3.85187	1.06053	0.237396	-51.5583	203.064	-0.615879	
-4.40484	0.338157	0.0927243	-63.1409	-213.47	3.41217	
-2.01633	0.547125	0.134575	-22.1654	-191.849	4.05573	
4.00575	1.07399	0.240093	-14.6523	158.837	-8.97537	
-4.33779	0.344024	0.0938991	54.2411	-191.656	-16.9874	
-2.74324	0.483529	0.121838	-59.7262	-181.084	-2.97023	
2.99822	0.985842	0.222439	-80.8529	226.367	-10.4927	
24.9781	2.90883	0.607564	-28.5377	238.81	0.19779	
-2.119	0.538143	0.132776	-53.5858	-197.062	13.3371	
-1.43822	0.597703	0.144705	-51.2277	-189.435	-3.46028	
2.17238	0.91359	0.207969	-128.312	142.442	-8.50585	
10.166	1.61294	0.34803	-0.436937	206.664	3.74293	
-3.42897	0.423536	0.109823	-14.3482	-132.993	-2.02053	
4.40418	1.10885	0.247074	-71.6289	194.423	-11.3512	
-6.10007	0.189845	0.063021	-13.8706	-176.455	-12.6775	
6.66102	1.30629	0.286617	0.131945	205.614	-5.08404	
15.9281	2.11706	0.448992	24.1744	218.226	-6.23382	
18.5677	2.34799	0.495243	-24.5276	288.54	-1.10306	
-2.65733	0.491045	0.123344	-8.59354	-197.754	-3.58295	
17.4894	2.25366	0.47635	-46.0609	260.973	4.34935	
-6.6819	0.138941	0.0528263	38.2342	-167.863	-8.06237	
-2.20725	0.530421	0.13123	46.7019	-228.692	-9.44493	
-2.15383	0.535096	0.132166	-8.58854	-153.723	-5.32611	
-4.51315	0.328682	0.0908266	-33.117	-216.274	1.95169	
-3.99458	0.374051	0.0999129	-23.3532	-135.818	-0.734624	
7.11352	1.34588	0.294546	-24.5572	194.436	11.4751	
-4.24342	0.35228	0.0955527	-43.7312	-162.066	15.0015	
-1.84424	0.562181	0.137591	-84.1375	-164.82	-6.41623	
20.0403	2.47683	0.521046	37.5092	235.976	1.9823	
-1.81415	0.564813	0.138118	-116.377	-213.632	1.68437	
16.7185	2.18621	0.462841	-21.6503	227.558	2.69422	
13.3424	1.89084	0.403687	-36.2604	250.487	0.888575	
-2.36317	0.516781	0.128498	-70.0228	-194.393	-8.48612	
18.0767	2.30504	0.486641	-62.7093	230.894	-2.00306	
-3.4501	0.421687	0.109453	33.3055	-192.468	-13.6036	
16.8646	2.19899	0.465401	-33.6168	236.573	3.6309	
8.72143	1.48656	0.322719	-48.2487	243.034	8.28568	
3.71623	1.04866	0.23502	-68.0041	155.163	-11.3828	
14.309	1.9754	0.420623	-72.7477	233.174	0.00877419	
-2.56525	0.499101	0.124957	-131.54	-144.646	14.0712	
-2.53701	0.501571	0.125452	-26.1681	-220.831	6.93164	
11.7096	1.74799	0.375077	-12.8577	242.293	1.044	
16.8166	2.19479	0.464561	-7.81653	254.741	7.91986	
-2.03127	0.545818	0.134313	9.12607	-171.239	-10.7585	
7.39901	1.37086	0.299548	-55.6947	204.567	-9.08096	
-5.73606	0.221691	0.069399	-54.7658	-191.765	-6.63812	
4.55124	1.12171	0.24965	-48.1305	178.784	-9.30484	
-1.86164	0.560659	0.137286	-70.983	-191.634	-2.19512	
-4.9826	0.28761	0.0826009	25.7792	-214.593	5.26424	
16.8393	2.19678	0.464958	-52.6381	200.58	3.41394	
-3.09425	0.452819	0.115688	-18.3842	-232.815	-9.49662	
15.5461	2.08364	0.4423	-17.2199	215.52	0.725712	
-5.21601	0.26719	0.0785112	-4.08559	-188.768	-5.25558	
-1.80228	0.565852	0.138326	-41.7471	-181.157	-4.7927	
2.93859	0.980625	0.221394	-46.6186	176.216	5.36264	
-4.68909	0.313289	0.0877437	-24.3869	-213.424	5.4797	
-1.12732	0.624903	0.150152	-116.957	-85.2047	-7.78302	
7.39784	1.37076	0.299528	-58.1436	162.715	-5.92796	
-3.15866	0.447185	0.11456	-42.5406	-199.639	-9.77915	
10.0205	1.60021	0.345481	-44.7197	229.578	-1.51788	
7.804	1.40629	0.306644	-88.9433	232.091	-0.899303	
-2.71893	0.485656	0.122264	-63.3366	-157.857	8.1877	
4.98715	1.15985	0.257288	-36.8973	171.529	2.0148	
16.1329	2.13498	0.452581	-49.7838	228.219	-5.18398	
21.5805	2.61158	0.548032	-32.6822	245.916	6.34612	
13.3337	1.89008	0.403534	-13.0743	213.429	-1.35674	
-2.5999	0.496069	0.12435	-80.0435	-211.473	12.2389	
8.95719	1.50718	0.32685	-82.8625	173.405	7.97097	
-5.18819	0.269624	0.0789987	-54.9314	-187.909	6.88506	
2.12899	0.909794	0.207208	-58.4008	228.218	11.4285	
6.14091	1.26079	0.277504	-37.9076	191.952	-1.67853	
-4.99381	0.28663	0.0824046	9.49052	-207.465	0.371226	
10.3807	1.63173	0.351793	-11.1197	199.919	-1.17837	
-2.44587	0.509546	0.127049	-75.5503	-150.063	-0.0514791	
7.05517	1.34078	0.293524	-20.5701	180.674	0.518692	
3.40792	1.02169	0.229618	-66.0072	146.807	16.2018	
-2.74171	0.483663	0.121865	-21.3464	-215.863	-6.54673	
12.9721	1.85845	0.397199	-1.62936	226.189	-1.61971	
2.36669	0.93059	0.211373	-90.7029	197.027	-3.84027	
9.15912	1.52485	0.330388	-22.9774	205.316	-8.84586	
18.3984	2.33318	0.492276	-33.3949	227.376	-3.93736	
-2.09953	0.539846	0.133117	23.7343	-165.174	-14.263	
9.52203	1.5566	0.336747	-49.0426	196.881	12.1757	
-2.09524	0.540222	0.133193	-82.0613	-168.156	6.03722	
16.7957	2.19297	0.464195	-67.1961	213.771	-15.7354	
-2.52092	0.502979	0.125734	-62.1528	-208.78	-5.53676	
17.7289	2.27461	0.480546	-40.752	252.97	2.24047	
-3.97529	0.375739	0.100251	-64.7485	-161.517	-1.5593	
2.10061	0.907311	0.206711	-69.2721	239.069	-9.48995	
6.10305	1.25748	0.276841	-59.9801	214.6	-6.5946	
-3.21377	0.442363	0.113594	-34.0307	-164.363	8.93586	
-4.62165	0.31919	0.0889255	-5.1197	-187.769	-4.36384	
4.59807	1.12581	0.250471	-50.158	202.097	8.55615	
-2.25133	0.526565	0.130458	-39.1004	-197.014	-1.75874	
-3.83727	0.387814	0.102669	-16.6874	-194.678	9.83675	
-5.89665	0.207641	0.0665852	-42.7734	-184.681	-12.2508	
-3.83907	0.387656	0.102638	-0.272912	-216.227	5.73027	
-2.4753	0.506971	0.126533	-76.4111	-193.833	-7.03009	
1.92755	0.89217	0.203679	-150.582	165.149	-0.393548	
11.944	1.7685	0.379185	-23.8963	236.864	-0.487283	
9.63544	1.56652	0.338735	3.21828	206.131	2.23804	
10.4617	1.63881	0.353212	-55.3432	220.247	-5.46471	
12.9012	1.85224	0.395957	-36.8602	206.246	1.42276	
-4.20237	0.355871	0.096272	-29.755	-213.239	6.022	
12.0341	1.77638	0.380764	-19.2255	190.575	4.63525	
8.83474	1.49647	0.324705	-58.8555	243.479	1.60804	
-2.20856	0.530308	0.131207	-11.1203	-128.02	-4.44627	
18.1387	2.31046	0.487727	-2.79918	252.007	-5.37025	
19.1119	2.3956	0.504778	-31.7539	230.669	-4.49423	
8.10529	1.43265	0.311924	-75.7247	202.587	0.899607	
-3.33237	0.431987	0.111516	-119.232	-153.821	-0.223312	
-1.46841	0.595062	0.144176	-16.6861	-200.691	-16.5227	
7.71601	1.39859	0.305103	-83.6645	174.439	1.22889	
-6.20701	0.180488	0.0611472	-19.5275	-193.156	1.40237	
-7.54582	0.0633579	0.037689	-19.2056	-203.625	10.8654	
-4.09498	0.365267	0.0981537	17.8659	-189.532	1.27118	
-2.43782	0.51025	0.12719	-49.7409	-182.221	-5.26527	
17.3649	2.24277	0.474169	18.6177	227.918	4.16383	
4.88264	1.15071	0.255457	-37.2089	202.414	-5.46753	
11.2384	1.70676	0.366821	-40.3058	180.658	-14.3459	
18.6651	2.35652	0.496951	-62.8481	232.975	-6.40275	
0.607357	0.776668	0.180547	-188.895	67.2344	3.74951	
-2.5484	0.500575	0.125252	19.4016	-222.508	1.10217	
12.8202	1.84515	0.394536	-5.47304	208.846	1.62703	
4.09517	1.08181	0.241659	8.78488	175.427	-4.44182	
3.5536	1.03443	0.23217	-104.655	156.368	-2.87215	
-2.42988	0.510945	0.127329	-41.9089	-141.647	1.52308	
13.6629	1.91888	0.409302	-46.2264	248.53	-4.09881	
-2.44504	0.509618	0.127063	-12.6393	-180.61	-6.36557	
-3.96045	0.377036	0.100511	-45.984	-182.854	7.33506	
22.0395	2.65174	0.556075	-57.9494	246.222	-2.27225	
-2.36403	0.516705	0.128483	-33.5759	-191.674	-3.77062	
-5.99628	0.198925	0.0648395	12.6516	-167.623	0.733724	
10.1972	1.61567	0.348578	-51.6687	199.076	-11.4505	
-3.7523	0.395247	0.104158	-7.77221	-216.72	8.41786	
-4.66663	0.315254	0.0881373	30.579	-212.589	10.7537	
-5.23106	0.265872	0.0782474	-7.80739	-228.541	-10.5275	
15.4199	2.07259	0.440088	-12.1512	221.941	5.79002	
2.4742	0.939996	0.213257	-0.983414	191.58	13.496	
-4.32073	0.345517	0.0941981	-9.31135	-162.759	-2.98337	
-7.31407	0.0836332	0.0417496	22.3835	-220.947	-9.07268	
15.5011	2.0797	0.44151	-33.5816	220.581	5.23672	
15.1625	2.05007	0.435577	12.7745	220.79	-10.0837	
-6.08366	0.19128	0.0633085	39.8916	-192.604	-3.02376	
-0.808371	0.652808	0.155741	-142.62	-75.6856	17.8349	
9.95303	1.59431	0.344299	-46.8649	180.913	7.22406	
-1.35545	0.604944	0.146155	-123.57	-191.042	-1.49962	
-5.86457	0.210448	0.0671473	33.8203	-191.307	0.621858	
1.52208	0.856696	0.196574	-70.8002	201.891	-5.90823	
-3.95851	0.377206	0.100545	-46.0273	-171.974	5.54221	
10.1411	1.61076	0.347594	-3.39019	262.005	0.317848	
-0.925407	0.642569	0.15369	-151.889	-140.009	4.57075	
-0.952578	0.640191	0.153214	-123.541	-135.349	-1.99597	
6.50117	1.29231	0.283817	-59.3257	221.955	-4.7338	
-2.92704	0.467448	0.118618	2.56307	-225.289	9.51567	
-3.98458	0.374925	0.100088	-18.7987	-197.062	-4.52745	
-6.55519	0.150026	0.0550465	-29.6372	-176.268	-3.32093	
7.99638	1.42312	0.310015	-52.3328	191.786	-2.73853	
-2.53282	0.501938	0.125525	11.3855	-192.032	12.2414	
-4.00455	0.373179	0.0997381	-59.071	-195.073	0.28762	
-0.398149	0.688698	0.162929	-137.926	-17.4937	24.1933	
1.10202	0.819945	0.189214	-107.078	178.75	22.4081	
-3.32336	0.432775	0.111674	-22.0132	-210.047	19.486	
-2.23053	0.528385	0.130822	-80.2191	-170.873	-12.2056	
5.06217	1.16641	0.258603	-38.2737	187.053	-11.5026	
-4.97134	0.288595	0.0827982	9.19939	-149.912	5.73413	
3.50791	1.03043	0.231369	-85.0275	206.134	1.16405	
14.5796	1.99908	0.425365	2.55976	208.242	4.58711	
12.0268	1.77574	0.380635	-29.9862	202.817	-6.48775	
-6.92965	0.117265	0.0484852	8.61694	-224.696	-10.142	
3.44245	1.02471	0.230223	-32.3145	194.701	-1.80248	
9.37655	1.54387	0.334198	-102.106	164.534	-5.61302	
-7.05099	0.106649	0.0463591	13.5515	-150.351	-1.11452	
-1.18067	0.620236	0.149217	-86.8368	-132.274	2.63089	
14.8613	2.02373	0.430301	10.9083	232.629	-1.00323	
4.74197	1.1384	0.252992	-47.5394	159.609	1.30209	
-6.02472	0.196436	0.0643411	9.96742	-261.591	10.8243	
3.34771	1.01642	0.228563	-70.3076	169.349	-19.0742	
8.19317	1.44034	0.313463	-61.7505	183.028	-7.79749	
11.3771	1.7189	0.369251	-28.2755	217.314	2.41899	
6.81371	1.31965	0.289293	-2.44922	184.106	2.25252	
-4.67849	0.314216	0.0879295	-35.1434	-160.958	-6.79272	
-1.58071	0.585237	0.142208	-102.785	-150.679	-0.266679	
-4.83783	0.300276	0.0851376	-67.5283	-191.6	-12.4754	
15.6125	2.08945	0.443462	-40.1065	245.388	-0.645955	
2.24647	0.920072	0.209267	-80.8371	207.674	9.37785	
8.36949	1.45577	0.316553	-31.4037	203.324	-9.03795	
0.8961	0.80193	0.185606	-121.232	237.541	-2.01804	
-5.21722	0.267083	0.0784899	45.001	-189.526	0.63293	
-2.67462	0.489533	0.123041	13.7608	-213.364	19.9014	
13.0728	1.86725	0.398962	-18.4058	198.572	1.556	
16.0347	2.12638	0.45086	-13.9313	229.317	-4.694	
5.39217	1.19529	0.264385	-107.379	187.226	-1.25757	
-5.30122	0.259734	0.0770181	0.317165	-190.2	-4.18815	
11.8266	1.75822	0.377127	20.0093	215.745	0.0782906	
-6.62953	0.143522	0.0537439	-10.3998	-212.179	4.10275	
-6.79293	0.129227	0.0508809	57.7516	-199.618	0.484653	
9.6285	1.56592	0.338613	6.96812	237.872	0.851173	
-4.03701	0.370339	0.0991694	-52.5402	-167.134	-0.00157246	
17.7658	2.27783	0.481192	-25.7159	229.44	3.69412	
5.17665	1.17643	0.260609	-13.419	190.854	9.16501	
-3.89272	0.382962	0.101698	0.65063	-158.135	18.0929	
-4.58367	0.322512	0.0895909	0.489986	-207.82	-7.49445	
-2.56891	0.498781	0.124893	-34.0405	-189.182	-0.381234	
9.03055	1.5136	0.328136	-62.0061	182.814	-6.71036	
7.42832	1.37342	0.300062	-3.74969	219.503	-0.544505	
3.3693	1.01831	0.228941	-48.2401	160.232	10.7686	
21.2858	2.5858	0.54287	-48.4121	278.056	7.34113	
-4.75263	0.30773	0.0866305	0.191576	-213.354	7.78737	
-4.70545	0.311858	0.0874572	-16.3342	-169.104	-1.11743	
-0.716041	0.660886	0.157359	-77.1372	-170.741	-21.7097	
-5.09537	0.277744	0.0806251	-2.02618	-200.049	8.8427	
-1.13942	0.623845	0.14994	-132.264	-145.663	18.1947	
15.799	2.10576	0.446731	-24.6906	217.143	-6.37004	
-2.23398	0.528083	0.130762	-85.7996	-188.907	-2.78275	
-5.50013	0.242332	0.073533	14.6844	-181.621	-6.72675	
24.4681	2.86421	0.598629	0.188567	256.887	5.76037	
-3.20796	0.442871	0.113696	-11.9888	-202.111	3.92565	
-3.35256	0.430221	0.111162	-2.78505	-155.851	3.30859	
8.95105	1.50665	0.326743	-61.7725	219.332	-7.41076	
-4.9574	0.289815	0.0830426	-23.5204	-146.575	-5.97334	
10.2906	1.62384	0.350214	-42.394	235.99	13.9027	
-4.44723	0.334449	0.0919816	-29.7276	-160.505	-4.49586	
-1.54976	0.587945	0.14275	14.184	-207.108	-24.1774	
18.3631	2.3301	0.491659	11.944	211.216	-3.1079	
-3.0575	0.456034	0.116332	-86.4038	-185.803	-2.50507	
8.09427	1.43169	0.31173	-52.2263	195.796	-9.05045	
-4.66693	0.315228	0.088132	14.7484	-205.346	3.25614	
-3.85633	0.386146	0.102335	1.4731	-177.144	5.01368	
-2.16325	0.534271	0.132001	-94.1912	-164.119	-8.57055	
4.08397	1.08083	0.241463	-90.8675	172.137	-1.88745	
11.3508	1.71659	0.36879	-47.7648	208.109	2.31524	
9.08484	1.51835	0.329087	-43.7395	199.65	-8.08747	
-4.43715	0.335331	0.0921581	10.8063	-186.374	-3.43877	
11.3891	1.71995	0.369461	-34.541	198.943	-6.38508	
-3.3406	0.431267	0.111372	-27.0541	-140.951	-15.9592	
-5.91614	0.205936	0.0662436	3.30319	-200.343	6.19479	
-0.723806	0.660206	0.157222	-121.134	-166.36	13.9219	
6.1145	1.25848	0.277041	-30.8579	180.529	8.73918	
7.5009	1.37978	0.301334	-14.1814	183.429	-11.5369	
11.5434	1.73345	0.372165	22.4809	207.422	4.03419	
-4.75195	0.307789	0.0866423	1.40631	-206.938	-8.98477	
-6.06435	0.19297	0.0636469	-65.0131	-184.092	0.617458	
2.57266	0.94861	0.214982	-53.0475	150.254	3.64378	
10.126	1.60944	0.347329	-39.0229	246.041	3.97386	
-3.40621	0.425527	0.110222	35.2812	-170.683	-0.861219	
2.41314	0.934653	0.212187	-7.42258	133.141	-3.88961	
3.41803	1.02257	0.229795	-84.1321	123.598	6.20303	
10.0525	1.60301	0.346042	-38.7607	179.935	9.53486	
2.94164	0.980892	0.221448	4.11601	151.795	8.56514	
12.9654	1.85786	0.397081	-46.7393	230.859	-12.0282	
17.615	2.26464	0.47855	-51.7761	198.906	-1.51582	
-4.15426	0.36008	0.0971149	8.99056	-162.932	6.03427	
-2.41978	0.511828	0.127506	-79.8882	-208.498	5.47275	
-3.58998	0.409448	0.107002	-67.8995	-181.997	-12.2892	
-3.85683	0.386103	0.102326	8.74917	-138.521	5.04111	
17.6193	2.26502	0.478626	-27.7838	206.345	-0.642235	
-1.9165	0.555859	0.136324	-78.6549	-243.816	14.1102	
13.93	1.94225	0.413982	-20.3744	248.076	-1.68937	
-3.33976	0.431341	0.111386	-49.844	-174.415	11.2647	
2.91901	0.978912	0.221051	-44.8655	189.064	8.63172	
18.9083	2.37779	0.50121	-31.3754	223.142	2.04036	
7.0398	1.33943	0.293254	-25.2664	193.679	1.30147	
9.21424	1.52967	0.331354	-33.0806	231.969	3.20253	
-1.8743	0.559551	0.137064	38.8241	-220.145	-7.83648	
-3.60337	0.408277	0.106768	-25.9573	-197.884	11.4265	
-2.21189	0.530016	0.131149	-15.7072	-196.154	0.406946	
14.0287	1.95088	0.415712	-39.6765	248.354	1.93488	
-1.80181	0.565894	0.138334	-63.7882	-107.404	-1.41816	
-2.23484	0.528008	0.130746	14.0889	-140.147	3.05782	
-4.00199	0.373403	0.099783	-14.2716	-167.429	4.43925	
-5.14026	0.273817	0.0798385	-68.3171	-145.102	-4.02606	
8.64122	1.47954	0.321314	-0.502251	174.164	4.23136	
6.13743	1.26049	0.277443	-50.2977	174.707	3.71007	
-6.51942	0.153156	0.0556733	-32.7541	-140.515	4.46852	
-5.90465	0.206941	0.0664451	-57.3716	-225.402	-4.38104	
-4.95978	0.289606	0.0830008	-23.9896	-225.96	3.50436	
-2.63192	0.493268	0.123789	-10.2558	-162.51	-3.1195	
7.3474	1.36635	0.298644	11.0182	184.834	4.76009	
-1.87989	0.559063	0.136966	-50.8737	-90.9974	9.63596	
-2.22985	0.528445	0.130834	-45.7477	-212.917	10.302	
-2.22233	0.529102	0.130966	8.10268	-215.891	-1.04333	
-0.796227	0.65387	0.155954	-175.722	-183.539	-15.4149	
-4.25983	0.350845	0.0952652	-24.6349	-199.432	6.35088	
6.15582	1.2621	0.277766	-63.0568	188.053	-0.0160689	
1.65559	0.868376	0.198914	-30.7578	196.243	3.87913	
13.2242	1.8805	0.401616	15.9056	248.027	-9.00442	
13.9729	1.946	0.414734	-91.4054	229.757	8.40374	
-3.83362	0.388133	0.102733	7.23185	-182.785	-2.12291	
-4.59414	0.321596	0.0894075	2.59593	-184.526	7.2755	
0.39449	0.758045	0.176817	-63.4263	82.0555	13.0015	
2.96608	0.98303	0.221876	-67.2955	183.33	6.4118	
-6.12985	0.187239	0.0624991	-40.9012	-169.648	2.40523	
9.3284	1.53966	0.333355	-42.0417	229.508	8.71236	
11.1729	1.70103	0.365673	-33.4455	204.539	3.12393	
-2.17069	0.53362	0.131871	-95.8745	-182.434	0.552498	
-1.07548	0.629439	0.151061	-57.5518	-234.68	-0.511524	
2.25141	0.920504	0.209353	46.8752	197.444	25.161	
12.3492	1.80395	0.386285	-31.8025	172.013	11.9655	
-3.40236	0.425863	0.11029	-32.8092	-186.714	1.6484	
-2.92266	0.467832	0.118695	-37.2324	-182.092	-23.1364	
6.62232	1.30291	0.285939	-2.91329	166.883	-7.15194	
-5.01799	0.284514	0.0819809	-45.8164	-220.585	1.05636	
-4.54315	0.326057	0.0903008	-38.4095	-203.958	2.23148	
-5.58149	0.235214	0.0721074	33.7505	-204.074	-2.13111	
-3.55113	0.412847	0.107683	-46.0268	-145.29	3.73003	
-2.20823	0.530336	0.131213	-39.2816	-187.572	-23.4549	
-2.94123	0.466207	0.118369	0.250337	-185.731	1.4631	
3.19991	1.00349	0.225973	-56.5862	209.042	-0.167697	
17.242	2.23201	0.472015	8.63731	245.945	2.70336	
12.6215	1.82777	0.391055	-24.7659	233.615	0.183802	
12.3233	1.80168	0.38583	-13.0158	237.408	14.5629	
-1.72373	0.572724	0.139702	-114.761	-190.132	1.07465	
-5.1264	0.275029	0.0800813	25.4635	-200.346	2.62003	
2.69271	0.959113	0.217086	-25.8981	217.282	15.4149	
4.58392	1.12457	0.250223	13.4587	172.348	0.391813	
-3.37933	0.427878	0.110693	-37.0751	-200.746	9.9264e-05	
-2.99082	0.461869	0.1175	2.61551	-220.505	-9.96065	
-4.98321	0.287557	0.0825902	-11.3878	-200.277	4.68925	
12.709	1.83542	0.392588	-22.7868	233.526	-2.84914	
-5.05386	0.281375	0.0813523	-11.692	-183.24	-5.274	
-3.98791	0.374635	0.10003	-13.872	-172.267	-7.64941	
9.65126	1.56791	0.339012	-37.5221	223.64	9.7507	
-5.57232	0.236017	0.0722681	9.46326	-169.344	-1.10378	
3.03589	0.989137	0.223099	-74.4221	181.823	-0.548872	
-2.12596	0.537534	0.132654	-41.783	-193.669	12.6465	
10.9022	1.67735	0.36093	-47.8969	206.376	-1.00402	
-5.33623	0.256671	0.0764047	-45.2102	-144.475	-5.54597	
-5.27275	0.262225	0.077517	10.5495	-187.815	3.06117	
23.2487	2.75752	0.577262	-23.3102	212.912	4.98735	
12.2937	1.79909	0.385312	-9.25866	228.621	-3.26553	
4.62086	1.1278	0.25087	-28.669	176.426	-0.102452	
15.5226	2.08158	0.441888	-32.0092	227.537	9.56864	
-3.5908	0.409377	0.106988	-43.7866	-156.33	-8.91522	
3.49038	1.0289	0.231062	-58.2089	151.766	-2.47466	
8.56477	1.47285	0.319974	-61.2884	199.648	-2.87553	
-2.94414	0.465952	0.118318	22.399	-153.178	6.37242	
16.8968	2.20181	0.465966	-21.7675	282.84	1.59483	
-2.34255	0.518585	0.128859	37.16	-213.567	-3.16074	
-4.40907	0.337788	0.0926502	1.14117	-170.572	-8.85507	
-1.05064	0.631612	0.151496	-132.146	-187.863	-0.414063	
-3.60827	0.407849	0.106682	-31.1172	-216.893	-17.0244	
9.03275	1.51379	0.328174	-36.2088	221.534	-4.62948	
-2.85035	0.474158	0.119962	-13.4273	-210.54	-3.40149	
-1.59893	0.583643	0.141889	-68.8239	-183.807	4.98606	
4.21096	1.09194	0.243688	-48.5417	160.145	-11.1278	
0.342832	0.753525	0.175912	-144.87	93.7939	-5.11748	
19.7098	2.44791	0.515255	-24.8317	248.522	-0.864936	
-4.18984	0.356968	0.0964915	-35.6149	-174.686	5.33748	
-5.51631	0.240917	0.0732494	-46.4996	-167.127	11.2202	
13.657	1.91836	0.409199	23.4652	197.272	-2.71855	
22.2076	2.66645	0.559021	-17.7602	231.119	-0.329043	
4.11039	1.08314	0.241926	-23.6048	196.637	-9.86705	
-1.36409	0.604189	0.146004	-40.4311	-195.448	-20.1636	
10.9105	1.67808	0.361076	-19.3748	188.905	4.99456	
-5.18289	0.270087	0.0790915	-21.0627	-167.934	2.70057	
20.8733	2.54971	0.535641	-7.04972	238.476	-0.612264	
-1.86488	0.560376	0.137229	-74.6191	-139.338	8.01993	
2.33665	0.927962	0.210847	-115.139	186.496	3.56253	
-2.66022	0.490792	0.123293	-11.5297	-191.346	-3.09889	
5.7931	1.23036	0.27141	-25.0412	169.816	0.531264	
14.2023	1.96607	0.418754	17.3764	206.385	1.37151	
-0.966153	0.639004	0.152976	-87.3572	-164.779	-6.59615	
-2.50254	0.504587	0.126056	-28.829	-227.97	-2.36748	
7.15024	1.3491	0.29519	-72.1476	223.539	-4.40441	
-1.29468	0.610262	0.14722	-52.2366	-140.889	14.112	
-0.941486	0.641162	0.153408	-133.09	-201.944	1.69701	
16.2915	2.14885	0.45536	-43.3464	231.931	4.6985	
6.32753	1.27712	0.280774	-83.3723	187.854	-1.2302	
6.61206	1.30201	0.28576	-74.3067	199.529	-1.75043	
-0.438208	0.685193	0.162227	-60.1493	-182.545	-35.0179	
8.77662	1.49139	0.323686	-12.3197	193.581	19.1975	
14.5722	1.99844	0.425236	-19.4353	217.932	-2.02149	
-4.36944	0.341255	0.0933446	29.822	-210.391	-7.2952	
17.8971	2.28932	0.483493	-47.9616	252.877	-13.1984	
7.73406	1.40017	0.305419	-85.2889	177.67	-8.86575	
-5.39164	0.251824	0.0754338	1.32569	-201.114	-4.46543	
-3.49657	0.417621	0.108639	-39.8492	-154.381	13.3042	
-5.18085	0.270266	0.0791273	0.589958	-193.279	3.15901	
11.1532	1.69931	0.365329	-26.267	195.426	-11.7124	
-2.82723	0.476181	0.120367	-1.519	-132.634	-9.20114	
-2.32944	0.519732	0.129089	-71.1017	-177.353	-0.30319	
11.1278	1.69709	0.364884	-52.5113	234.665	-2.00209	
-2.47819	0.506718	0.126483	-50.6204	-177.138	-0.416753	
3.04975	0.99035	0.223342	-6.66213	216.567	-6.37395	
15.8268	2.1082	0.447219	-26.8943	201.742	6.42994	
1.85578	0.885891	0.202421	-59.5845	181.315	-1.11111	
-4.15893	0.359672	0.0970331	-9.62416	-188.01	3.41209	
-5.89652	0.207653	0.0665876	-28.3229	-236.255	11.4025	
5.22423	1.18059	0.261442	-39.5309	152.648	12.2083	
-4.28828	0.348356	0.0947667	-7.49186	-200.371	-4.05618	
12.8669	1.84924	0.395356	-78.6737	222.657	0.584075	
-5.72337	0.222801	0.0696214	-22.638	-200.845	-1.31284	
3.12387	0.996835	0.22464	-50.3686	206.774	16.033	
9.37157	1.54344	0.334111	-64.2764	204.178	-16.2284	
-3.45662	0.421116	0.109339	-8.20261	-195.208	-12.9922	
-4.45433	0.333828	0.0918572	-21.0161	-204.864	-5.10791	
16.6312	2.17857	0.461312	-47.8879	228.57	-0.714165	
10.8877	1.67608	0.360676	-43.1384	231.492	-7.26718	
9.21578	1.52981	0.331381	-16.9742	231.331	15.7939	
-4.18085	0.357754	0.0966489	-8.87364	-168.415	7.66428	
-6.11077	0.188908	0.0628335	-13.9163	-188.312	-6.73098	
19.6507	2.44274	0.514218	-38.3166	197.388	-1.86838	
-5.43129	0.248355	0.0747391	-29.3734	-203.953	4.42544	
-6.57051	0.148686	0.0547779	-53.4947	-181.992	0.801608	
-1.32672	0.607458	0.146658	-155.118	-188.627	9.3755	
-6.30573	0.171851	0.0594174	-71.0492	-185.994	-0.131086	
17.7769	2.27881	0.481386	-34.4984	217.181	1.73961	
-3.91479	0.381032	0.101311	-38.9234	-151.819	2.90653	
-2.81746	0.477036	0.120538	-45.4879	-189.741	-8.43511	
14.0462	1.95241	0.416018	-46.9497	224.831	9.00916	
9.02204	1.51286	0.327987	-28.2555	189.583	1.45937	
6.41589	1.28485	0.282322	-5.28101	198.595	0.803221	
11.1511	1.69913	0.365292	-52.4337	181.714	-1.09002	
-6.29227	0.173029	0.0596533	7.69832	-194.877	-2.92186	
-2.51349	0.50363	0.125864	20.758	-205.656	-2.16042	
0.499084	0.767195	0.17865	-148.363	164.015	8.30714	
7.22441	1.35559	0.296489	-72.781	203.402	-3.38362	
-7.14961	0.0980216	0.0446312	-3.3455	-204.339	-0.305914	
20.9314	2.55479	0.53666	16.2927	240.143	1.19615	
11.9153	1.76598	0.378681	12.1017	223.825	6.73184	
-4.88798	0.295889	0.0842589	12.0051	-177.376	-7.33266	
-5.99488	0.199047	0.0648641	-27.4329	-172.751	17.5351	
-2.4434	0.509761	0.127092	-89.4018	-126.885	1.45719	
13.3518	1.89166	0.403851	-21.8831	213.419	8.02242	
-3.1494	0.447995	0.114722	-3.78035	-151.997	-7.53046	
7.66611	1.39423	0.304228	-17.378	185.285	5.89026	
11.7911	1.75512	0.376505	-70.3333	251.536	-2.76802	
10.4462	1.63745	0.35294	-35.6653	220.369	0.29074	
-3.51404	0.416093	0.108333	7.82867	-198.939	3.58091	
-4.44338	0.334786	0.0920491	-25.4906	-188.088	-9.71291	
1.91675	0.891225	0.20349	-73.5048	211.338	-5.85472	
-3.39909	0.426149	0.110347	-7.61565	-201.009	14.2172	
2.30403	0.925108	0.210275	-45.165	163.159	7.18217	
-3.66839	0.402589	0.105628	27.5433	-216.314	2.89773	
13.4223	1.89783	0.405087	-13.2212	227.779	2.19963	
-3.80828	0.39035	0.103177	-34.5641	-188.659	2.85268	
-2.44572	0.509558	0.127051	-29.3377	-136.833	1.95102	
-6.5495	0.150525	0.0551462	28.3633	-164.708	15.9305	
-4.80759	0.302922	0.0856675	-57.6707	-192.295	1.88379	
9.60319	1.5637	0.338169	18.7332	196.438	5.63725	
10.0091	1.59922	0.345282	9.39231	209.399	2.73872	
-5.3979	0.251276	0.0753241	46.0859	-191.436	1.20304	
-2.72735	0.484919	0.122117	-23.7759	-170.092	12.9809	
-4.20823	0.355359	0.0961693	-61.2848	-183.731	-6.3602	
-2.84323	0.474781	0.120086	-17.2469	-197.437	12.8738	
8.5984	1.47579	0.320564	-29.7023	196.618	9.29932	
14.1349	1.96018	0.417574	-23.0378	211.249	-14.5631	
17.2639	2.23393	0.472399	-54.892	227.129	-9.80481	
10.1959	1.61556	0.348555	20.8226	215.53	3.58973	
9.94945	1.59399	0.344236	5.35883	234.269	-4.73969	
-2.5976	0.49627	0.12439	-47.6958	-209.179	-10.8403	
-4.8112	0.302606	0.0856042	-35.3007	-216.49	5.96652	
-4.67733	0.314318	0.0879498	8.10289	-183.171	-17.4076	
1.63907	0.866931	0.198624	-186.743	145.855	-3.47888	
-2.03104	0.545838	0.134317	-134.473	-159.406	12.6797	
-3.37062	0.428641	0.110846	-32.3969	-218.453	1.32033	
-1.90402	0.556951	0.136543	-70.1642	-154.025	-7.52542	
-1.42739	0.598651	0.144894	-85.9967	-141.703	-13.0191	
10.233	1.6188	0.349204	26.725	210.078	10.5588	
7.19306	1.35284	0.29594	-50.9634	142.941	7.81856	
-0.462565	0.683062	0.1618	-119.223	-7.38862	10.2268	
-1.65167	0.579029	0.140965	-86.1382	-207.264	-4.94157	
-4.70622	0.31179	0.0874436	8.77809	-188.972	-18.0879	
-5.10756	0.276678	0.0804115	27.209	-210.445	-21.4045	
-1.09311	0.627896	0.150752	-62.7455	-170.692	-2.02157	
-1.41177	0.600018	0.145168	-84.1989	-129.641	-3.67791	
-2.90601	0.469288	0.118986	-37.4466	-180.677	3.14205	
2.96432	0.982876	0.221845	-76.7786	194.364	4.14574	
19.9505	2.46897	0.519472	-38.4602	247.871	0.869302	
9.78701	1.57978	0.34139	-43.9356	209.864	-3.89709	
-2.25471	0.52627	0.130398	-18.8735	-249.641	-0.273822	
-3.54267	0.413588	0.107831	52.4267	-165.483	-14.8348	
-3.00573	0.460564	0.117239	-47.6431	-130.916	19.7047	
10.1965	1.61561	0.348565	-19.109	247.363	6.16933	
7.43596	1.37409	0.300196	-52.2529	190.202	-5.38425	
-1.35697	0.604812	0.146128	-29.831	-184.425	-6.64311	
-3.61652	0.407127	0.106537	-20.8995	-176.439	-6.70812	
13.7051	1.92257	0.410041	-52.3977	195.602	-6.95562	
3.93375	1.06769	0.238831	-82.7982	203.057	6.83481	
-3.46617	0.42028	0.109171	-23.5913	-162.519	9.55846	
-2.16815	0.533843	0.131915	-66.8922	-177.381	24.0704	
-2.81192	0.47752	0.120635	-51.589	-231.365	18.6758	
-1.38941	0.601974	0.14556	-106.821	-170.825	2.45434	
10.7458	1.66367	0.35819	2.55879	193.687	1.68583	
-3.70295	0.399565	0.105023	20.1412	-157.329	6.6646	
-4.16652	0.359008	0.0969001	69.5671	-177.778	-8.76365	
-4.59398	0.32161	0.0894103	25.5072	-190.506	-11.0525	
17.4512	2.25031	0.47568	48.1778	228.592	-3.39439	
-5.99214	0.199287	0.0649121	-44.6853	-134.754	16.7169	
1.29906	0.837184	0.192667	-102.227	163.492	13.502	
-4.78144	0.305209	0.0861256	-10.9036	-186.077	0.420086	
-4.19047	0.356912	0.0964804	-30.8105	-176.072	12.7489	
-1.5861	0.584765	0.142114	-81.6832	-195.297	8.37436	
-5.1863	0.269789	0.0790318	-24.3198	-154.056	-1.09041	
0.233733	0.74398	0.174	-97.213	139.089	16.1124	
-3.88658	0.383499	0.101805	-41.3404	-149.858	10.7306	
3.89535	1.06433	0.238158	-19.1679	177.992	-5.44162	
-2.5464	0.50075	0.125287	-25.2777	-194.178	5.62674	
-1.82803	0.563599	0.137874	-57.6502	-202.832	6.7665	
3.43456	1.02402	0.230084	-60.8815	172.417	5.70457	
-2.31407	0.521077	0.129358	-49	-207.198	13.3115	
-4.48666	0.330999	0.0912906	21.188	-201.936	-2.15718	
3.30907	1.01304	0.227886	11.2166	193.172	-5.45487	
4.77244	1.14107	0.253526	-66.9796	242.444	6.93534	
-5.94805	0.203145	0.0656847	-17.8358	-192.484	3.09852	
8.63007	1.47856	0.321119	-80.4212	178.309	1.75233	
-6.08236	0.191394	0.0633313	-23.4955	-181.978	-3.88748	
12.0075	1.77405	0.380297	-35.0401	216.842	0.306096	
5.39132	1.19521	0.26437	11.3791	276.093	2.90502	
-3.40527	0.425609	0.110239	6.06608	-228.31	-17.9412	
-4.00882	0.372805	0.0996633	-36.2438	-227.285	-4.06945	
-3.91902	0.380661	0.101237	-6.0665	-131.461	-1.43366	
2.97209	0.983556	0.221981	-125.701	206.708	-4.33987	
-3.28912	0.43577	0.112274	-47.991	-176.855	16.5076	
-4.2939	0.347864	0.0946682	-51.2604	-194.288	18.1682	
11.6296	1.74099	0.373675	-3.95678	195.013	-4.22294	
15.0145	2.03713	0.432985	-42.8128	221.912	3.01811	
16.1293	2.13466	0.452518	-34.5646	259.35	-6.22002	
-2.54736	0.500666	0.125271	-39.911	-226.743	-0.0718601	
-3.71714	0.398324	0.104774	-78.2015	-181.667	26.0623	
6.72595	1.31198	0.287755	7.75623	196.69	3.70432	
3.66772	1.04442	0.23417	-103.733	141.032	-0.607439	
4.1419	1.0859	0.242478	-70.5611	166.823	5.73336	
4.97962	1.15919	0.257156	-87.2949	200.297	12.841	
-5.46419	0.245477	0.0741627	-63.9493	-174.674	2.54638	
-7.36794	0.07892	0.0408057	-89.4734	-207.889	3.73967	
8.29181	1.44897	0.315192	-45.1685	178.606	-5.58991	
-5.02983	0.283478	0.0817735	-18.3225	-179.257	-17.9953	
-3.98145	0.375199	0.100143	-61.0322	-183.027	-12.0171	
12.9195	1.85384	0.396277	-59.7579	238.781	-9.30104	
-4.19771	0.356279	0.0963536	3.97272	-182.013	-10.4424	
-2.9653	0.464101	0.117948	-75.3379	-220.026	-6.42946	
4.52159	1.11912	0.249131	-63.07	153.059	-3.30272	
-4.95033	0.290434	0.0831664	-24.6622	-160.059	11.3903	
-1.32854	0.607299	0.146626	-104.435	-146.27	-7.08764	
16.1594	2.13729	0.453045	-16.7976	228.708	8.05261	
4.88391	1.15082	0.255479	-94.1452	169.183	-1.92947	
0.492848	0.76665	0.17854	-164.305	92.7367	7.72782	
1.61534	0.864855	0.198208	-7.69615	175.408	15.3745	
-3.93117	0.379599	0.101024	-63.2595	-173.989	-5.52561	
-4.11421	0.363584	0.0978166	-2.58338	-161.245	0.929781	
-6.01253	0.197503	0.0645548	7.74238	-187.713	-3.78498	
-1.20794	0.61785	0.14874	-130.454	-56.0647	28.5505	
-5.18893	0.269559	0.0789857	-33.4616	-153.511	5.06005	
7.02675	1.33829	0.293026	-43.4006	200.999	5.70703	
-3.46737	0.420176	0.109151	-18.9314	-195.626	-4.75893	
16.6143	2.1771	0.461017	-25.9163	230.014	1.63476	
3.76017	1.0525	0.235789	-76.5767	147.741	1.35579	
8.21992	1.44268	0.313932	-86.6144	189.509	5.64099	
2.87411	0.974984	0.220264	-40.599	212.851	8.86315	
-2.60699	0.495449	0.124226	-13.3148	-198.437	5.94227	
15.2716	2.05963	0.43749	-36.8475	254.417	-3.55587	
14.9765	2.03381	0.432319	-25.7645	206.967	-9.20705	
-3.53564	0.414203	0.107954	7.97411	-128.07	4.84932	
-2.15266	0.535198	0.132186	-3.94422	-201.831	-2.45495	
4.43543	1.11158	0.247621	-73.6134	171.462	-2.91131	
14.6531	2.00551	0.426653	-34.7192	235.71	-7.78184	
-1.75456	0.570027	0.139162	-92.4454	-165.201	0.692982	
-2.73057	0.484637	0.12206	5.26764	-172.192	-6.64151	
-6.19286	0.181726	0.0613952	-51.2683	-202.59	-1.75069	
4.40403	1.10883	0.247071	-20.3377	172.643	4.8361	
-5.87868	0.209214	0.0669002	-4.43429	-199.032	-4.03013	
-2.26782	0.525123	0.130169	-77.4489	-225.06	-2.88518	
13.2239	1.88047	0.40161	-33.6009	225.569	-2.58808	
-4.34144	0.343705	0.0938352	-7.6364	-216.307	-2.3194	
-2.96234	0.46436	0.117999	31.0536	-168.583	-13.4591	
8.97795	1.509	0.327214	-66.7782	213.832	-2.2485	
12.3426	1.80337	0.386169	-49.6264	202.211	-5.00704	
2.93917	0.980676	0.221404	-80.8693	210.506	-15.3867	
4.17994	1.08923	0.243145	-33.111	163.407	-9.07641	
6.91419	1.32844	0.291053	-40.6926	218.743	-11.7989	
-3.91265	0.381218	0.101348	-3.35807	-184.888	-4.74136	
-4.65182	0.316549	0.0883967	27.5292	-226.306	1.35769	
3.46285	1.02649	0.23058	-91.6154	208.97	6.00882	
-2.86035	0.473283	0.119786	-51.5136	-172.274	-11.4045	
-3.73712	0.396576	0.104424	-1.18598	-187.062	9.12265	
9.02209	1.51286	0.327987	-11.4948	203.95	0.765541	
-5.1237	0.275266	0.0801287	28.4545	-185.536	1.80482	
-2.41829	0.511958	0.127532	4.90853	-205.669	5.20563	
9.85841	1.58603	0.342641	9.22622	211.474	-0.912831	
11.8945	1.76416	0.378317	-29.7979	262.545	9.28245	
-3.48237	0.418863	0.108888	32.7726	-182.068	-2.19283	
16.783	2.19185	0.463972	-31.4766	196.845	1.59619	
15.7658	2.10286	0.44615	-89.832	207.54	4.12525	
14.1076	1.95778	0.417094	-10.2357	211.118	-3.53537	
12.5898	1.82499	0.390499	-61.7671	228.454	-4.54356	
-5.4252	0.248888	0.0748458	21.1395	-206.637	-2.00277	
7.18968	1.35255	0.295881	-37.7584	173.446	5.53607	
15.8096	2.10669	0.446916	-12.7333	250.19	10.1534	
6.29147	1.27396	0.280142	-52.9401	225.479	-14.3361	
9.45293	1.55056	0.335537	-64.0684	225.854	-8.59996	
9.59442	1.56293	0.338016	-58.6652	220.873	1.94481	
-5.15337	0.27267	0.0796089	8.33331	-167.853	-5.47025	
9.16799	1.52563	0.330544	-50.8733	178.613	6.45161	
19.8216	2.4577	0.517214	-38.4563	248.321	-7.57616	
8.97874	1.50907	0.327228	-45.753	221.195	-1.93141	
-2.74536	0.483343	0.121801	-30.6939	-182.969	-0.201437	
-2.24345	0.527255	0.130596	-34.0555	-183.852	-7.38545	
5.20777	1.17915	0.261154	-50.0147	161.92	-15.4605	
-4.08343	0.366277	0.098356	-59.2326	-174.072	-12.5248	
7.47042	1.37711	0.3008	-42.4669	198.167	5.70577	
2.72762	0.962167	0.217697	-20.9994	181.046	11.5364	
5.78283	1.22946	0.27123	-80.06	180.489	7.23592	
-3.03191	0.458273	0.11678	-4.0613	-182.989	-21.693	
2.70641	0.960312	0.217326	-59.5601	181.259	5.41121	
6.47733	1.29022	0.283399	-83.9648	196.494	-2.32286	
-4.846	0.299561	0.0849945	15.8146	-185.548	-9.73961	
4.6315	1.12874	0.251057	-57.766	190.522	-6.24274	
-4.49556	0.330221	0.0911348	3.39524	-194.369	16.8878	
7.91481	1.41599	0.308586	-16.2553	207.886	12.6828	
2.26186	0.921419	0.209537	-65.7692	171.29	-1.94684	
5.65555	1.21833	0.269	13.4533	184.076	1.77194	
-3.96212	0.376891	0.100482	-19.3941	-180.247	-11.9568	
-4.82107	0.301742	0.0854312	14.3021	-193.911	-1.48518	
-4.41501	0.337268	0.0925462	10.5051	-191.049	1.83462	
-0.703322	0.661999	0.157581	-146.978	-129.679	-0.722739	
-6.07737	0.19183	0.0634186	14.5703	-199.422	-12.033	
-1.38825	0.602076	0.14558	-46.4636	-228.193	6.42327	
-1.65743	0.578525	0.140864	-65.5149	-207.982	15.6775	
5.38328	1.19451	0.264229	-44.6029	203.479	-4.6163	
-4.974	0.288363	0.0827517	-66.6113	-186.427	5.28386	
-2.30825	0.521586	0.12946	-60.9589	-224.607	17.3223	
-5.28449	0.261199	0.0773114	-25.7463	-161.326	0.450666	
-2.43728	0.510297	0.127199	-21.936	-220.809	-2.46702	
-3.07496	0.454507	0.116026	-42.8143	-135.914	-6.09376	
-3.84108	0.387481	0.102602	-43.1323	-182.549	19.163	
-4.50231	0.32963	0.0910164	6.18743	-189.299	-5.34083	
-3.37246	0.428479	0.110813	-47.0111	-158.728	-2.8265	
6.30354	1.27502	0.280354	-65.9023	177.682	-0.352967	
2.41364	0.934698	0.212196	-53.982	146.169	-9.90221	
10.5032	1.64244	0.353939	-37.8459	215.714	-2.50584	
-3.55393	0.412603	0.107634	-29.7964	-214.335	-0.795245	
13.94	1.94313	0.414158	-17.5973	232.005	-1.02505	
-4.96524	0.289129	0.0829052	13.421	-207.831	-20.913	
-1.34148	0.606167	0.1464	-89.1022	-182.83	-3.00559	
7.2623	1.3589	0.297153	-59.538	211.686	4.46668	
10.7245	1.66181	0.357817	-15.28	212.811	6.29352	
-2.39452	0.514037	0.127949	-35.5714	-204.279	1.44521	
-1.8757	0.559429	0.137039	-55.4713	-176.508	7.39282	
-1.72501	0.572612	0.13968	-112.128	-156.339	-3.2747	
-1.7102	0.573908	0.139939	-20.4143	-193.05	-15.6849	
-1.97041	0.551142	0.13538	-117.296	-185.292	2.35396	
-2.08638	0.540997	0.133348	-69.6525	-151.657	-11.3331	
-2.37591	0.515666	0.128275	-58.101	-232.394	13.8222	
-3.6433	0.404784	0.106068	-24.3341	-212.582	-8.40352	
-1.82024	0.564281	0.138011	-90.7376	-208.984	-9.6879	
7.58622	1.38724	0.302829	-13.5399	203.333	11.795	
16.2908	2.14879	0.455348	-69.9618	222.41	-5.25114	
-0.84669	0.649455	0.155069	-82.4197	-178.099	-4.47611	
19.4206	2.42262	0.510188	-23.7938	263.981	5.23694	
3.84492	1.05992	0.237275	-14.545	172.306	-12.4524	
-5.13725	0.27408	0.0798912	-14.9314	-207.783	12.2473	
13.685	1.92082	0.409691	8.08116	186.73	5.18131	
-3.42718	0.423692	0.109855	-42.8167	-166.672	-5.30729	
-3.35992	0.429576	0.111033	-48.8125	-183.229	7.92333	
-0.355837	0.6924	0.16367	-189.174	-98.8153	5.36683	
-3.1023	0.452115	0.115547	-35.677	-183.173	8.18921	
-2.89974	0.469837	0.119096	-11.5155	-209.929	-2.77714	
-2.6275	0.493655	0.123866	-120.622	-113.791	13.4143	
-1.92254	0.555331	0.136219	23.9019	-187.423	-0.0458684	
16.8197	2.19506	0.464614	-14.1608	194.605	-4.66163	
-2.27436	0.52455	0.130054	6.02148	-198.434	-4.87902	
2.41465	0.934786	0.212214	-36.9911	233.473	-2.39039	
-4.06297	0.368067	0.0987145	-62.7078	-172.569	-9.13245	
-1.50337	0.592004	0.143563	-106.543	-146.309	11.2443	
-3.03159	0.458301	0.116786	-21.1269	-170.153	8.03564	
4.89384	1.15169	0.255653	-61.9808	179.748	-11.6364	
-5.93305	0.204456	0.0659474	-41.1249	-182.352	-1.65791	
-2.34441	0.518422	0.128827	-45.6313	-163.727	-13.0121	
8.70262	1.48491	0.32239	-29.5902	203.676	0.340198	
13.0565	1.86582	0.398677	-11.5049	220.21	14.0239	
12.5625	1.8226	0.390021	-15.9409	191.764	-1.19604	
-5.39133	0.251851	0.0754393	-50.6307	-244.183	-6.67554	
12.8597	1.84861	0.39523	-40.5054	213.499	-12.617	
-1.37311	0.6034	0.145845	-18.9026	-204.33	-1.76446	
14.6088	2.00163	0.425876	-56.6872	230.324	1.29914	
-2.14977	0.535451	0.132237	-49.3596	-171.318	3.50593	
4.41533	1.10982	0.247269	-57.9331	206.064	-4.69626	
-4.39148	0.339327	0.0929585	-65.2567	-145.586	-9.21474	
-3.95154	0.377817	0.100667	-70.3478	-188.673	17.7741	
-6.15101	0.185387	0.0621284	-31.4134	-172.751	-2.83249	
14.5467	1.9962	0.424788	25.693	251.237	0.888743	
8.32106	1.45153	0.315704	-15.5287	177.849	-10.473	
-4.7432	0.308555	0.0867956	-31.0154	-197.285	3.89134	
-2.47574	0.506932	0.126525	-66.2615	-169.572	2.16085	
17.5741	2.26107	0.477834	-28.1808	222.448	0.840654	
10.132	1.60997	0.347436	-96.2041	181.339	-6.89057	
-3.35372	0.430119	0.111142	-16.4678	-162.751	6.14377	
7.18761	1.35237	0.295844	-25.3039	223.848	1.09601	
-6.56333	0.149314	0.0549038	32.8157	-161.612	2.57701	
11.6065	1.73897	0.373271	-8.13766	212.457	-0.493567	
-2.54844	0.500572	0.125252	-35.4412	-182.954	12.6392	
-2.21981	0.529323	0.13101	-3.44596	-210.144	0.138893	
-5.41406	0.249862	0.075041	8.59236	-193.734	-4.44552	
-2.12934	0.537238	0.132595	-13.8859	-204.878	-11.0216	
-2.86629	0.472764	0.119682	14.748	-188.828	-3.456	
-1.38523	0.602339	0.145633	-118.858	-203.197	-2.88654	
11.9746	1.77117	0.379721	-63.731	199.211	2.04692	
-4.01444	0.372313	0.0995648	3.58741	-181.183	-4.6341	
-7.20875	0.0928472	0.0435949	0.161714	-200.336	4.32622	
-2.42531	0.511345	0.127409	7.69108	-181.058	-2.18718	
11.0621	1.69134	0.363732	-45.8062	233.025	-0.866444	
12.9915	1.86014	0.397539	-48.1358	223.056	3.95011	
-3.21781	0.442009	0.113523	-86.5494	-172.045	-8.03331	
-4.55712	0.324835	0.0900561	-18.5449	-164.709	-7.71469	
-3.60798	0.407874	0.106687	-18.6439	-175.441	-11.9788	
2.2257	0.918254	0.208903	-92.7059	174.934	4.63701	
-1.00329	0.635754	0.152325	-143.529	-125.589	-5.40052	
-4.53636	0.326651	0.0904199	2.04135	-175.278	-1.2504	
-3.08973	0.453215	0.115767	33.5542	-257.693	-15.6455	
-3.22357	0.441505	0.113422	-45.351	-176.025	-0.352924	
-3.23629	0.440392	0.113199	-26.3732	-178.717	-3.52071	
-4.77786	0.305523	0.0861884	-21.4379	-161.388	-3.05067	
-3.07863	0.454186	0.115962	-51.4977	-175.755	8.14754	
14.1602	1.96239	0.418017	-60.0284	211.076	-7.19636	
-4.78887	0.30456	0.0859955	3.62748	-161.921	5.06996	
-6.12732	0.18746	0.0625435	2.06116	-179.252	-2.23632	
-3.59976	0.408593	0.106831	-16.4113	-219.472	-0.639748	
-1.19251	0.619201	0.14901	-63.5926	-196.712	6.61765	
5.01991	1.16272	0.257862	-23.8335	191.698	-13.7483	
10.9342	1.68015	0.361491	-80.0007	232.859	-10.14	
-1.11738	0.625773	0.150326	-122.413	-202.535	-0.411955	
-3.18624	0.444771	0.114076	-17.3032	-208.33	-5.69789	
-2.26404	0.525454	0.130235	7.43532	-179.086	-3.031	
7.28032	1.36048	0.297469	-40.476	189.583	-3.91148	
-2.18681	0.53221	0.131588	-58.6003	-197.432	9.65883	
3.74011	1.05075	0.235438	-84.1471	219.441	4.42352	
-2.40879	0.51279	0.127699	-63.7926	-157.667	-2.39653	
2.07181	0.904791	0.206206	-43.2913	206.623	14.5548	
-3.57612	0.410662	0.107245	-38.2567	-187.918	-6.37026	
10.6538	1.65562	0.356579	-83.9389	196.932	-2.16644	
2.0505	0.902927	0.205833	-83.5935	90.088	-6.7607	
-2.07875	0.541664	0.133481	-64.9441	-163.053	-1.46132	
22.64	2.70428	0.566597	10.2172	248.395	-6.19757	
22.5574	2.69705	0.56515	-41.4446	235.627	-5.60482	
-5.52068	0.240534	0.0731729	56.7069	-194.848	-4.82715	
-3.64028	0.405048	0.106121	-61.5445	-207.424	24.3042	
-1.741	0.571214	0.1394	-52.1678	-185.221	1.67212	
9.37341	1.5436	0.334143	-36.6539	228.981	-2.76181	
4.6182	1.12757	0.250824	-30.5127	159.189	-10.9346	
-2.34105	0.518716	0.128885	-43.3583	-210.692	-5.00944	
0.0821517	0.730719	0.171344	-126.095	115.622	20.6891	
7.28692	1.36105	0.297584	-45.8263	181.123	-2.04529	
-3.39662	0.426366	0.11039	-16.7504	-196.117	4.42963	
9.2408	1.532	0.33182	-4.68236	202.401	5.08497	
-3.36149	0.429439	0.111006	-33.2236	-183.286	-0.12152	
4.13464	1.08527	0.242351	-50.1684	172.381	7.17392	
17.059	2.216	0.468809	-52.6828	216.134	-0.939298	
-0.831303	0.650802	0.155339	-190.602	-156.235	3.78282	
7.29305	1.36159	0.297692	-53.0677	194.598	2.04138	
5.12494	1.17191	0.259703	-47.5774	200.143	-2.29996	
-0.869684	0.647444	0.154666	-121.117	-163.978	-16.8981	
-3.3216	0.432929	0.111705	-74.4561	-156.131	2.05858	
13.1223	1.87159	0.399831	-24.4219	204.69	-9.40812	
-5.75738	0.219826	0.0690255	25.83	-215.747	2.12212	
14.0063	1.94893	0.41532	-73.5936	245.102	-0.735424	
5.88547	1.23844	0.273028	-27.595	186.931	-0.70087	
-1.52053	0.590502	0.143262	-2.73265	-197.22	-21.445	
-3.84425	0.387203	0.102547	24.3935	-155.262	0.645107	
8.16985	1.4383	0.313055	-66.8905	226.473	1.73324	
-5.89736	0.207579	0.0665728	-13.1399	-223.061	7.88749	
7.33809	1.36553	0.298481	-34.7206	169.931	11.2964	
12.324	1.80174	0.385843	-0.0856885	233.018	8.23911	
-2.41833	0.511955	0.127531	-3.47387	-158.324	3.21001	
-2.14787	0.535617	0.13227	-52.0004	-170.44	9.17707	
20.2213	2.49267	0.524218	-46.7147	213.004	4.92337	
-0.27564	0.699416	0.165075	-123.288	-51.2731	3.57614	
14.9406	2.03066	0.431689	-48.3012	242.144	-2.25844	
-2.44669	0.509474	0.127035	-23.2043	-164.094	1.93212	
4.0561	1.07839	0.240975	-109.086	185.242	1.15222	
-7.09542	0.102763	0.0455807	-6.9192	-218.466	11.841	
4.00133	1.0736	0.240015	-82.447	141.309	3.25822	
8.45822	1.46353	0.318108	-26.2847	223.964	0.517085	
-2.15303	0.535165	0.13218	-45.1585	-229.578	2.44099	
-7.02062	0.109307	0.0468913	17.5189	-219.657	0.0323459	
-4.44629	0.334532	0.0919981	-29.3058	-181.533	5.8677	
-4.4699	0.332466	0.0915844	-16.8562	-188.332	-8.29504	
-5.01412	0.284853	0.0820487	53.1174	-187.83	0.623015	
3.65593	1.04338	0.233963	5.8099	196.408	7.94354	
-2.0898	0.540697	0.133288	-35.243	-246.412	26.1392	
-1.42178	0.599142	0.144993	-115.66	-180.989	-6.95824	
-2.42915	0.511008	0.127342	-53.5787	-131.669	0.468137	
-6.59603	0.146453	0.0543308	-65.4377	-209.928	11.1831	
-2.64772	0.491886	0.123512	0.604848	-206.191	1.98043	
-3.67994	0.401578	0.105426	-3.68773	-188.695	0.288941	
-5.02793	0.283644	0.0818067	-32.9547	-162.564	6.24024	
-3.83188	0.388285	0.102764	-26.3358	-162.954	2.42537	
-2.34962	0.517966	0.128735	-29.4756	-194.181	-0.284867	
6.52856	1.29471	0.284297	-35.7265	161.312	11.8458	
9.4098	1.54678	0.334781	-63.1139	197.04	1.56781	
1.38328	0.844553	0.194142	-115.96	168.605	-8.43596	
2.83831	0.971851	0.219637	-51.5414	90.6229	-3.67194	
-0.0701334	0.717395	0.168676	-134.267	35.1823	10.7886	
19.3245	2.4142	0.508503	-54.2605	252.749	-1.10765	
3.59698	1.03823	0.23293	-45.2282	170.062	15.8561	
-3.03675	0.45785	0.116696	-32.9383	-187.73	-7.00967	
-5.14771	0.273165	0.079708	-39.3796	-229.736	-22.1462	
5.19539	1.17807	0.260937	-51.9071	186.406	-15.5109	
-1.93454	0.554281	0.136008	-66.4174	-195.107	-5.64164	
-3.53378	0.414365	0.107987	-31.9642	-185.517	3.22406	
-2.60492	0.49563	0.124262	-16.5598	-207.61	-9.4349	
19.1187	2.3962	0.504897	-11.3189	200.408	0.207787	
-1.43817	0.597708	0.144706	-119.355	-119.674	2.61405	
-2.65007	0.49168	0.123471	-11.2506	-174.216	-2.24349	
-3.16499	0.44663	0.114449	-22.4591	-200.44	-5.35787	
6.36831	1.28069	0.281489	-39.4242	176.378	-13.8966	
-2.72833	0.484833	0.1221	-4.23809	-161.107	-13.6791	
13.52	1.90638	0.406799	-68.8445	228.139	-6.60929	
-1.70487	0.574374	0.140032	-44.6368	-165.38	3.16279	
7.212	1.3545	0.296272	-59.5363	233.247	1.57731	
7.29745	1.36198	0.297769	-31.6484	187.627	9.36701	
9.40044	1.54596	0.334617	-29.9087	209.379	-4.51994	
-7.09781	0.102553	0.0455387	-36.4984	-193.84	0.812235	
13.8816	1.93802	0.413135	-16.2467	208.688	-3.79712	
11.9856	1.77213	0.379913	-41.0811	237.213	0.418029	
-6.75227	0.132784	0.0515932	-33.2246	-188.699	-9.80513	
13.9931	1.94777	0.415088	-56.2734	248.013	-3.56193	
11.7749	1.7537	0.376222	-10.6572	181.301	9.61271	
-4.9182	0.293244	0.0837293	-22.8893	-163.566	-4.32667	
9.50282	1.55492	0.336411	-62.138	177.059	14.2185	
-2.89496	0.470255	0.11918	-32.9992	-191.545	-6.38992	
9.54005	1.55818	0.337063	-3.06045	209.465	9.67514	
-3.52564	0.415078	0.10813	-18.9484	-170.391	8.70135	
-6.14392	0.186008	0.0622527	-11.4659	-186.651	5.26077	
5.44236	1.19968	0.265264	-37.7138	199.927	4.5011	
-3.37998	0.427821	0.110682	7.35117	-186.066	4.90057	
-3.56285	0.411823	0.107478	9.87838	-180.649	7.38083	
-4.03619	0.37041	0.0991837	65.8974	-218.881	12.4929	
-2.05324	0.543896	0.133928	22.8381	-212.002	-5.58265	
-2.98395	0.46247	0.117621	-3.37042	-195.993	17.5974	
8.65295	1.48057	0.32152	-36.3566	236.643	4.39183	
12.8878	1.85106	0.395721	-41.9051	175.953	-7.06393	
11.5369	1.73288	0.372051	-60.1918	236.401	8.47443	
-7.60685	0.0580185	0.0366196	6.01468	-232.035	14.1684	
-4.82406	0.30148	0.0853788	-23.7778	-182.092	-10.1102	
-5.78157	0.21771	0.0686017	-11.3405	-178.813	-4.59837	
-3.25669	0.438608	0.112842	44.8702	-153.753	5.14782	
19.3998	2.4208	0.509824	-45.7048	240.972	-1.35584	
-1.53467	0.589265	0.143015	-66.2833	-130.725	5.15595	
17.0454	2.21481	0.468569	-36.2389	251.148	-4.31013	
-4.91045	0.293922	0.0838651	-45.4829	-201.392	1.37936	
5.26699	1.18433	0.262192	-76.2943	190.505	18.9354	
5.95789	1.24478	0.274297	-63.7244	178.366	11.7816	
-1.17932	0.620354	0.149241	-115.189	-148.832	2.52533	
-5.20489	0.268162	0.078706	-4.13505	-234.772	11.042	
-2.19859	0.53118	0.131382	-14.7725	-250.991	-2.03017	
-3.3774	0.428047	0.110727	-10.7991	-182.069	-18.537	
-3.48309	0.418801	0.108875	-74.2109	-212.781	-6.71003	
11.9237	1.76672	0.378828	23.3886	219.328	-3.84614	
14.2263	1.96818	0.419175	-23.6194	205.8	3.37185	
13.8814	1.938	0.413131	4.7981	199.997	3.5291	
-2.45228	0.508984	0.126937	7.61949	-189.67	-8.96578	
11.8565	1.76084	0.377651	-38.3155	204.818	0.63609	
23.9709	2.82071	0.589916	2.91568	248.841	0.57884	
-5.89177	0.208068	0.0666707	-34.8719	-190.033	-1.17132	
-4.25525	0.351246	0.0953455	-0.77356	-171.716	-8.23245	
-4.37313	0.340932	0.0932799	38.4334	-157.031	-8.52464	
-4.03266	0.370719	0.0992456	-42.5212	-198.236	1.34595	
17.2235	2.23039	0.471691	-29.5928	240.558	-4.45522	
2.92064	0.979054	0.22108	-95.5495	184.156	1.51635	
9.10384	1.52001	0.32942	10.9548	229.351	-2.82112	
-4.85717	0.298584	0.0847987	20.5724	-183.185	9.49127	
-4.04789	0.369387	0.0989787	-5.31264	-184.299	-10.5078	
-3.53795	0.414001	0.107914	18.4136	-192.152	-1.38373	
-3.06368	0.455494	0.116224	-75.432	-165.765	-9.19127	
-4.23891	0.352675	0.0956318	-2.35086	-164.002	-8.13209	
-3.22921	0.441012	0.113323	-64.1933	-187.184	26.0598	
-4.76309	0.306815	0.0864471	5.05962	-208.663	-9.27375	
-2.88663	0.470984	0.119326	13.4934	-202.239	-8.59515	
1.28338	0.835812	0.192392	-187.747	144.106	-5.61332	
3.99501	1.07305	0.239904	-86.7582	164.912	4.33575	
1.18547	0.827246	0.190676	-22.5644	176.031	-7.70836	
-5.28593	0.261072	0.0772861	30.8863	-183.159	4.63528	
5.1425	1.17344	0.26001	-48.3285	185.452	7.65191	
10.484	1.64077	0.353604	-4.10894	222.874	-6.32813	
12.8273	1.84577	0.394661	-24.1274	251.88	4.24913	
13.8699	1.93699	0.412929	-19.9945	248.553	0.765136	
-5.21776	0.267037	0.0784806	-69.9098	-218.383	11.9939	
16.8351	2.19641	0.464885	-92.0323	255.432	-1.40131	
-7.79406	0.0416393	0.0333393	-50.2305	-200.587	11.304	
-2.5348	0.501765	0.125491	-15.7927	-208.376	2.92918	
17.458	2.25091	0.475799	-37.8618	254.316	10.9899	
5.43623	1.19914	0.265157	-28.0247	183.073	-4.53222	
-3.54857	0.413072	0.107728	-20.9249	-169.468	-9.42997	
-2.78199	0.480138	0.121159	-88.3632	-206.346	-4.05229	
6.19356	1.2654	0.278427	3.57025	211.987	7.63901	
-4.56084	0.32451	0.089991	-28.4244	-217.331	3.93325	
12.4016	1.80853	0.387203	-86.1696	198.656	-7.05107	
-5.79077	0.216905	0.0684405	-4.93885	-233.196	-4.36195	
20.5893	2.52486	0.530665	15.5927	233.683	3.71168	
10.8668	1.67425	0.360309	-49.309	232.985	4.90499	
8.7295	1.48726	0.322861	-39.1405	170.486	-2.66782	
8.03887	1.42684	0.31076	-89.0374	201.732	-3.59908	
-3.65465	0.403791	0.105869	-38.7732	-176.624	0.88628	
-3.97886	0.375426	0.100188	-45.5793	-163.948	-4.3645	
-3.88713	0.383451	0.101796	-23.3269	-194.078	3.98841	
-2.8486	0.474311	0.119992	-24.5434	-171.754	0.475777	
-2.79999	0.478563	0.120844	-37.0315	-151.805	-3.35917	
9.86969	1.58702	0.342839	-38.4332	192.907	2.03769	
20.9816	2.55918	0.537539	-26.3779	241.892	4.38232	
14.5317	1.99489	0.424526	-34.6197	184.791	-4.65946	
10.0628	1.60391	0.346222	-35.5538	219.652	-0.54437	
9.2495	1.53276	0.331972	-41.7489	194.226	-0.981984	
-2.46762	0.507643	0.126668	19.9432	-182.792	-7.34279	
-1.02464	0.633887	0.151951	-70.3061	-208.439	-18.8857	
-6.33694	0.169121	0.0588706	7.60523	-205.54	-5.07126	
-2.51181	0.503777	0.125894	-6.24673	-179.313	1.37732	
-2.00684	0.547955	0.134741	-119.145	-193.396	-10.1714	
7.60955	1.38928	0.303237	-51.8519	192.28	7.8408	
8.18636	1.43974	0.313344	-31.8462	229.2	8.01489	
-5.66568	0.227849	0.0706323	-30.8316	-239.322	4.83813	
6.49411	1.29169	0.283693	-58.7004	166.359	-2.44595	
-2.13721	0.53655	0.132457	-27.1263	-192.47	-6.63435	
7.85817	1.41103	0.307594	-19.0625	164.624	9.75076	
-2.84622	0.47452	0.120034	-90.4484	-164.383	-4.06651	
2.11974	0.908984	0.207046	-75.8039	146.01	-3.15704	
-6.28335	0.17381	0.0598096	0.700688	-124.283	-11.4873	
-4.48898	0.330797	0.0912501	-5.37145	-191.247	-9.44714	
-5.67244	0.227257	0.0705138	-31.3757	-187.698	-6.53028	
2.52625	0.94455	0.214169	23.3063	196.66	15.7192	
-3.61237	0.40749	0.10661	5.19608	-171.966	-10.1723	
-3.42903	0.42353	0.109822	-45.3584	-196.951	-6.0386	
5.52076	1.20654	0.266638	-40.9226	232.256	-1.59311	
13.3597	1.89236	0.403991	-41.1632	198.043	3.45133	
14.5765	1.99881	0.425311	14.0111	243.7	-3.72271	
-2.76859	0.481311	0.121394	-36.9914	-143.842	-8.86311	
-2.54807	0.500604	0.125258	39.8754	-150.721	-14.8467	
-3.52235	0.415366	0.108187	-52.335	-213.776	9.21788	
8.15127	1.43668	0.312729	-28.4414	244.562	6.61822	
2.46742	0.939402	0.213138	-82.9708	132.097	-22.2587	
-3.31756	0.433282	0.111775	-9.68835	-198.277	-2.29818	
6.69526	1.30929	0.287217	-64.9316	191.428	-10.2742	
-4.76657	0.30651	0.0863861	-1.15714	-222.93	4.97678	
-6.33482	0.169306	0.0589077	24.8586	-207.92	1.12162	
3.01945	0.987698	0.222811	-116.087	179.663	-3.02621	
13.6605	1.91867	0.409261	-8.78009	227.41	4.05236	
-2.36455	0.51666	0.128474	-117.302	-178.915	6.69199	
-4.11485	0.363528	0.0978055	11.4325	-169.054	0.286995	
-0.388284	0.689561	0.163101	-145.204	-57.2333	-13.642	
8.77629	1.49136	0.323681	-25.9481	222.839	-1.74783	
-3.19036	0.444411	0.114004	38.8043	-150.662	-4.30451	
-2.1526	0.535204	0.132188	-55.648	-219.797	-7.27549	
5.83759	1.23425	0.27219	-32.8667	213.552	-9.98361	
-0.964511	0.639147	0.153005	-157.193	-161.247	1.34601	
-2.4787	0.506673	0.126474	-6.56182	-218.067	3.60422	
-3.51123	0.416338	0.108382	-115.587	-147.157	-3.86634	
6.12835	1.25969	0.277284	-82.1375	194.984	-9.483	
15.3106	2.06304	0.438173	-52.1515	216.702	-2.79746	
-1.92374	0.555226	0.136198	-68.122	-196.011	-6.56753	
-3.74923	0.395516	0.104212	28.9154	-213.561	-1.35012	
19.9565	2.4695	0.519578	17.5452	234.899	6.33652	
12.8897	1.85123	0.395754	-6.16552	179.527	-4.55457	
-2.08589	0.54104	0.133356	-8.23481	-180.061	-12.7689	
12.064	1.779	0.381287	-37.8317	209.703	-0.341481	
-4.3785	0.340462	0.0931859	-63.598	-174.851	1.9699	
15.653	2.09299	0.444173	-31.5551	232.608	3.85332	
-4.78602	0.304808	0.0860453	-8.48385	-208.994	8.97945	
10.0784	1.60528	0.346496	3.25497	235.229	6.65247	
-5.2748	0.262046	0.0774811	9.8096	-161.455	-0.571119	
11.1658	1.70041	0.365549	-23.6374	215.052	-3.26069	
-3.50793	0.416627	0.10844	36.436	-183.833	9.559	
2.42037	0.935286	0.212314	-105.78	134.188	4.20774	
3.67842	1.04535	0.234357	-97.7051	137.561	7.00721	
-1.87917	0.559125	0.136978	-29.4323	-199.329	-12.389	
18.6393	2.35426	0.496497	-49.149	226.359	0.585072	
4.17808	1.08907	0.243112	-106.682	151.672	8.59662	
2.59664	0.950708	0.215403	-54.3515	160.912	7.97781	
13.6298	1.91598	0.408722	-36.8711	222.249	5.21183	
4.10381	1.08257	0.241811	-44.5692	166.571	-0.630959	
-4.167	0.358966	0.0968916	-48.6797	-201.595	-12.906	
21.2493	2.58261	0.54223	-55.6333	236.863	-2.79017	
8.87386	1.49989	0.32539	-67.9128	201.319	2.14456	
-4.41438	0.337323	0.0925572	4.01812	-181.734	-4.21484	
-3.20319	0.443288	0.113779	34.5564	-187.595	8.0125	
-2.91573	0.468438	0.118816	-6.63149	-173.8	-16.4609	
-2.2583	0.525956	0.130336	-52.9354	-223.259	13.1606	
9.103	1.51994	0.329405	-50.3966	206.954	-3.99396	
-3.70464	0.399417	0.104993	-2.17952	-142.895	-2.55771	
-2.07324	0.542146	0.133578	9.94166	-191.368	-14.6349	
3.14352	0.998554	0.224985	-111.902	184.017	-9.57305	
2.05179	0.903039	0.205856	-96.2246	104.277	1.4301	
13.1351	1.8727	0.400054	-23.3983	225.145	-1.35112	
4.52227	1.11918	0.249143	-32.3775	185.63	0.45321	
2.48235	0.940709	0.2134	-42.1959	168.523	-8.64225	
-3.06416	0.455452	0.116215	-111.449	-168.719	13.9295	
-4.46285	0.333083	0.0917079	-90.6917	-177.712	14.5175	
-3.86925	0.385015	0.102109	-35.7942	-179.576	-4.5869	
14.9709	2.03331	0.432221	-15.2779	247.565	-2.97277	
6.58634	1.29976	0.285309	-8.53684	201.704	-5.13887	
-4.28617	0.34854	0.0948036	14.4518	-193.971	-8.08848	
-5.47155	0.244833	0.0740338	-60.512	-193.4	-4.3371	
-3.00428	0.460691	0.117265	-8.58978	-214.675	8.70481	
-5.34447	0.255951	0.0762603	29.1282	-173.072	-0.921626	
-4.6309	0.31838	0.0887634	16.6756	-212.393	-3.0419	
-5.99277	0.199231	0.064901	2.06525	-220.176	0.82636	
-0.601488	0.670908	0.159366	-124.35	-103.516	-13.6708	
11.4637	1.72648	0.370769	-60.659	219.161	8.41221	
-4.6826	0.313857	0.0878574	18.3318	-181.722	-16.8938	
-0.850214	0.649147	0.155008	-137.203	-141.986	-7.29243	
11.0325	1.68875	0.363214	2.09854	243.427	0.185228	
-2.56645	0.498996	0.124936	-92.842	-212.867	10.6735	
-5.55957	0.237132	0.0724914	-0.189223	-201.656	7.62107	
-5.86363	0.21053	0.0671638	1.30746	-201.205	-6.92267	
7.66131	1.39381	0.304144	-13.7328	174.766	1.33479	
-5.9497	0.203	0.0656557	8.16757	-166.695	-4.63134	
-2.6697	0.489963	0.123127	-47.4748	-212.532	-0.561781	
9.80925	1.58173	0.34178	-26.4279	206.492	1.59927	
-2.17656	0.533107	0.131768	-54.3362	-207.465	-5.70942	
-3.78435	0.392444	0.103596	13.8664	-169.36	-8.9094	
14.9443	2.03099	0.431756	-2.57265	240.366	-2.27394	
-1.96607	0.551523	0.135456	-31.1379	-109.537	5.06251	
-2.87449	0.472046	0.119539	-68.8483	-168.858	-3.31314	
-2.15611	0.534896	0.132126	-69.4716	-204.199	-4.16053	
1.67776	0.870316	0.199302	-139.049	168.511	2.86533	
8.7201	1.48644	0.322696	-27.5442	207.543	12.5535	
1.2618	0.833924	0.192014	-146.962	175.909	-20.1354	
-5.3524	0.255257	0.0761214	-19.7952	-206.934	-0.844982	
5.8891	1.23876	0.273092	-33.9747	206.174	15.4135	
-0.117001	0.713295	0.167855	-90.4451	55.6803	10.1541	
-3.15905	0.44715	0.114553	-18.8665	-166.939	4.09156	
12.6567	1.83085	0.391672	-21.5262	236.182	-1.51498	
-3.00231	0.460864	0.117299	-4.95598	-198.97	5.76341	
16.2921	2.1489	0.45537	-42.7163	205.174	7.49505	
1.97425	0.896256	0.204497	-77.2161	240.74	2.97929	
-3.41395	0.424849	0.110086	-34.9626	-183.298	-1.72866	
-4.65614	0.316172	0.0883211	-37.0705	-197.554	-6.14875	
-3.37572	0.428194	0.110756	-51.3983	-197.288	3.08567	
-3.01771	0.459516	0.117029	20.3306	-208.817	0.00700342	
9.18572	1.52718	0.330855	-13.685	198.036	4.92702	
6.47367	1.2899	0.283335	-63.1282	195.371	-0.711485	
-4.83003	0.300958	0.0852742	3.07992	-157.807	10.7082	
1.94571	0.893759	0.203997	-89.2614	213.717	-6.81797	
-3.65583	0.403688	0.105848	37.7915	-200.099	-5.31212	
-2.74664	0.483231	0.121779	-3.07526	-210.559	9.97853	
16.6909	2.1838	0.462358	-64.1446	227.367	4.01534	
16.1656	2.13784	0.453155	-61.4899	239.096	1.35247	
-4.5136	0.328643	0.0908187	37.7269	-198.304	0.151559	
-5.5468	0.238249	0.0727151	-0.0927622	-206.866	-0.0346166	
-4.62718	0.318705	0.0888285	-31.7856	-207.503	-3.87007	
-2.22586	0.528794	0.130904	-36.2945	-169.424	-9.39055	
14.3206	1.97642	0.420827	-3.2913	258.833	2.57926	
-3.55168	0.4128	0.107673	-32.5308	-152.774	2.4333	
-2.1569	0.534827	0.132112	6.03637	-206.751	-5.53829	
-2.2362	0.527889	0.130723	41.966	-185.855	5.65211	
-5.54866	0.238086	0.0726825	-12.5278	-246.092	6.25896	
-0.855449	0.648689	0.154916	-41.9278	-168.647	-23.3753	
-3.09124	0.453083	0.115741	-53.0037	-182.879	-2.57996	
-4.36376	0.341752	0.0934441	-33.2624	-183.306	-4.44686	
18.8545	2.37309	0.500269	11.9829	257.454	-0.851353	
-3.80731	0.390435	0.103194	36.109	-226.522	-7.24992	
16.9269	2.20444	0.466493	-96.6285	225.565	-5.4996	
8.47127	1.46467	0.318336	-17.7746	198.396	-1.55853	
-2.89658	0.470113	0.119152	-53.9042	-191.565	-12.4323	
27.0573	3.09073	0.643995	-35.398	243.466	3.35947	
-3.06983	0.454956	0.116116	-51.7053	-162.148	3.79806	
-3.14145	0.44869	0.114861	-89.5087	-179.121	1.57532	
15.0021	2.03605	0.432768	-33.3895	250.019	5.16338	
-4.91161	0.293821	0.0838449	-70.6711	-198.469	-5.91107	
-1.77146	0.568549	0.138866	-60.0676	-195.603	9.35978	
-3.83017	0.388435	0.102794	19.2081	-178.962	-7.77515	
-1.42842	0.598561	0.144876	-64.898	-197.923	-14.3991	
-2.22812	0.528596	0.130864	-45.2424	-222.924	-1.78504	
-7.36598	0.0790912	0.0408399	-17.8185	-203.131	-6.18998	
-6.60747	0.145453	0.0541304	-26.0536	-167.214	6.80375	
1.96539	0.895481	0.204342	-76.7837	150.778	12.5514	
1.03519	0.814099	0.188043	-124.303	104.706	-5.18297	
-0.832318	0.650713	0.155321	-214.842	-155.513	13.7882	
-3.06022	0.455797	0.116284	-34.8078	-229.384	9.58625	
-6.81745	0.127081	0.0504511	-54.2405	-214.117	-1.44787	
-1.40907	0.600253	0.145215	-115.185	-219.31	6.14707	
-4.06005	0.368323	0.0987657	-3.3592	-178.266	-14.5306	
3.09535	0.99434	0.224141	-89.6651	198.726	2.97823	
5.51562	1.20609	0.266548	-9.51358	193.735	6.09619	
-4.87195	0.297291	0.0845398	2.86836	-185.5	-1.8246	
-2.82816	0.476099	0.12035	0.704424	-182.781	-13.5744	
5.42112	1.19782	0.264892	-50.7638	217.113	-2.59557	
14.8061	2.0189	0.429334	-8.98947	219.448	12.9253	
-2.6065	0.495492	0.124234	-61.6164	-158.892	-2.20706	
10.4626	1.63889	0.353228	-79.9687	202.479	5.10156	
-0.531278	0.67705	0.160596	-52.4201	-114.553	-13.4903	
-4.39197	0.339284	0.0929499	3.46962	-161.343	8.98397	
-3.75031	0.395421	0.104193	-21.2243	-211.196	-0.293433	
-4.69388	0.31287	0.0876598	21.3654	-206.316	-0.209726	
11.6546	1.74318	0.374114	-20.5975	216.71	3.09747	
-6.02362	0.196533	0.0643605	-56.6777	-201.001	2.89826	
12.0273	1.77578	0.380643	-49.3387	236.515	-14.1379	
2.60497	0.951437	0.215548	-102.065	160.858	10.3157	
5.57559	1.21133	0.267599	-55.2495	195.797	2.55414	
-4.35954	0.342121	0.093518	7.02305	-164.976	-5.8149	
4.24534	1.09495	0.24429	-13.0889	192.762	5.89459	
4.91051	1.15314	0.255945	-14.1269	210.652	9.52275	
9.21574	1.5298	0.331381	-40.3669	192.28	-11.8907	
-1.73248	0.571959	0.139549	-105.308	-185.039	-3.10097	
-5.73985	0.221359	0.0693326	-16.5265	-151.948	-5.70854	
-2.28776	0.523378	0.129819	-57.441	-135.168	8.35754	
12.5769	1.82387	0.390275	-1.54797	246.392	2.46467	
6.82271	1.32044	0.289451	2.80637	164.667	-9.31238	
-3.18444	0.444929	0.114108	-42.9859	-212.338	-1.59977	
-2.82404	0.47646	0.120423	-43.2076	-170.295	-16.1527	
29.5526	3.30905	0.687718	-36.1996	244.277	2.27833	
10.9688	1.68318	0.362097	-16.7071	242.422	3.98838	
-5.6495	0.229264	0.0709158	7.09077	-186.603	-3.5289	
7.41403	1.37217	0.299811	-27.389	185.872	7.20943	
0.305804	0.750286	0.175263	-93.4062	76.5589	-0.892758	
-3.98906	0.374534	0.10001	-20.6732	-222.729	-18.3111	
-3.18695	0.44471	0.114064	-19.6476	-183.681	-0.610945	
14.1105	1.95804	0.417146	-9.47206	233.564	4.70577	
13.6086	1.91413	0.408351	-37.0988	231.129	-1.80832	
14.2057	1.96637	0.418814	-48.783	242.971	12.2526	
8.02075	1.42526	0.310442	-73.0625	193.865	-1.588	
-2.67516	0.489485	0.123031	-36.0814	-219.242	-4.12932	
6.48801	1.29116	0.283586	-64.3326	210.211	0.129551	
-3.30671	0.434232	0.111966	-0.934386	-177.296	-5.17751	
4.44145	1.11211	0.247727	-3.88926	182.751	4.19058	
-4.29048	0.348163	0.0947281	-24.0295	-179.865	3.56359	
-4.28064	0.349024	0.0949005	-33.2617	-182.768	12.7077	
-2.41154	0.512549	0.12765	-38.6839	-170.137	7.10365	
-5.52085	0.24052	0.07317	14.4396	-183.712	-9.08498	
-4.28974	0.348227	0.094741	45.0287	-189.179	-2.90934	
-4.45075	0.334141	0.09192	9.54623	-155.891	-1.77254	
8.80883	1.4942	0.324251	-51.1354	187.892	-1.05489	
15.8712	2.11208	0.447996	-14.5413	218.214	-13.5522	
-4.01238	0.372494	0.099601	6.59103	-168.634	6.84386	
-3.6461	0.404539	0.106019	-20.3355	-198.277	0.152332	
-6.4219	0.161688	0.057382	-31.3938	-175.943	12.2591	
-3.1279	0.449875	0.115098	-38.4208	-183.178	-5.25469	
3.44393	1.02484	0.230248	-23.1781	178.592	2.55469	
0.875181	0.8001	0.185239	-108.025	124.648	-5.25833	
-1.32194	0.607876	0.146742	-57.4572	-208.221	-3.12673	
4.34077	1.1033	0.245963	-17.7808	147.234	0.543119	
10.8692	1.67446	0.360351	-65.4199	168.423	-11.9818	
7.27061	1.35963	0.297298	-45.022	195.413	-12.8446	
-4.97884	0.28794	0.0826669	25.6767	-179.729	-6.68806	
11.8623	1.76135	0.377754	-69.9683	217.149	-3.23819	
4.52409	1.11934	0.249175	-45.611	197.357	-3.20392	
12.1634	1.78769	0.383028	-45.8823	219.815	6.87295	
-2.06673	0.542716	0.133692	-41.2663	-217.413	-12.0439	
-2.91241	0.468729	0.118874	-72.7654	-203.587	-12.7827	
-4.44587	0.334568	0.0920055	-21.6016	-213.355	-8.6426	
11.8271	1.75827	0.377137	-55.7227	222.053	-7.10639	
11.2054	1.70388	0.366243	-33.9544	231.509	6.92343	
4.26036	1.09626	0.244554	-45.4767	172.866	-2.04953	
13.6266	1.9157	0.408666	-33.7667	221.909	2.94153	
-1.94283	0.553556	0.135863	-93.7007	-135.288	1.61933	
-5.82178	0.214191	0.067897	-0.371822	-196.621	6.6357	
6.27578	1.27259	0.279867	-19.9178	160.094	6.21371	
17.4046	2.24624	0.474864	-32.8753	226.053	4.88431	
9.00768	1.5116	0.327735	-35.4091	188.893	-8.44947	
-3.70104	0.399732	0.105056	-27.3207	-209.002	1.99782	
-4.51666	0.328375	0.0907651	21.5273	-152.447	1.90342	
-3.53236	0.41449	0.108012	13.1511	-192.134	6.4838	
-1.50286	0.592048	0.143572	7.9618	-143.421	1.24011	
-5.86863	0.210092	0.0670761	22.3777	-186.82	-4.08108	
8.74149	1.48831	0.323071	-9.70846	212.729	0.657407	
-3.52346	0.415268	0.108168	-94.5764	-162.62	-9.62467	
16.0006	2.1234	0.450263	-45.5625	254.226	-0.0823463	
15.9846	2.122	0.449983	-39.4351	229.653	5.52204	
-5.71589	0.223455	0.0697524	15.5047	-206.105	-4.64664	
-2.95235	0.465234	0.118175	-26.602	-207.371	8.85894	
-4.52371	0.327758	0.0906416	-4.35104	-201.884	-2.85275	
-3.66784	0.402636	0.105638	-14.1371	-195.906	14.2765	
-3.42758	0.423657	0.109848	-10.6214	-201.094	9.1097	
-4.14129	0.361215	0.0973422	-47.616	-184.134	-11.5951	
-4.53828	0.326483	0.0903862	-36.8398	-256.742	-2.0456	
-2.53236	0.501979	0.125534	-90.9109	-195.614	-3.51575	
7.05538	1.3408	0.293527	-59.0369	219.591	5.21221	
9.20401	1.52878	0.331175	-33.1288	206.295	2.37199	
-5.14249	0.273622	0.0797995	-40.3004	-178.444	-14.9383	
-4.91844	0.293223	0.0837251	-81.1862	-204.445	1.76101	
-3.38764	0.427151	0.110547	7.68444	-180.383	-5.76814	
-6.88678	0.121016	0.0492364	37.2822	-223.39	5.29522	
-6.37484	0.165805	0.0582066	-19.6844	-220.215	15.2388	
-3.73857	0.396449	0.104399	7.35351	-176.384	7.41849	
18.3273	2.32697	0.491032	-30.5589	233.582	0.484501	
-5.12738	0.274943	0.0800641	6.42889	-163.517	15.9237	
-5.43442	0.248081	0.0746843	25.0883	-171.748	-2.26326	
-5.90346	0.207045	0.0664659	26.2897	-228.741	13.1704	
2.63519	0.954081	0.216078	-111.462	174.796	9.654	
-2.39878	0.513665	0.127874	-49.203	-227.857	-0.431875	
2.9736	0.983688	0.222007	-60.3623	144.657	2.60482	
10.8401	1.67192	0.359842	-51.068	203.082	-2.59811	
21.6538	2.61799	0.549317	-47.3733	273.107	-0.338568	
-2.72601	0.485037	0.12214	-9.07661	-188.753	6.66941	
14.2514	1.97037	0.419615	-38.9202	247.258	1.41655	
-3.30226	0.434621	0.112043	-9.18965	-214.395	-0.718011	
16.5886	2.17485	0.460566	-47.3343	222.996	-6.36244	
-3.97485	0.375777	0.100258	9.64119	-164.637	10.5297	
11.3907	1.72009	0.369489	-18.2342	194.711	-4.55249	
-3.74496	0.39589	0.104287	-21.5343	-168.203	-8.0945	
-1.86237	0.560595	0.137273	-87.3567	-153.701	17.22	
-7.29644	0.0851758	0.0420585	8.64286	-209.608	8.76466	
14.1667	1.96296	0.418131	-17.1965	201.737	-9.42103	
-5.91982	0.205614	0.0661792	-23.9949	-189.493	6.85598	
-3.48378	0.41874	0.108863	-32.7487	-188.61	11.0036	
-1.69274	0.575436	0.140245	-124.554	-151.171	11.2246	
-3.21136	0.442574	0.113636	-12.2508	-180.396	9.04887	
-3.6038	0.40824	0.10676	-5.5882	-160.501	4.08398	
12.9838	1.85947	0.397404	-4.73319	204.056	0.90711	
-4.80394	0.303241	0.0857314	-24.4955	-200.988	-10.0935	
17.3502	2.24148	0.473911	-59.0872	216.702	0.483255	
7.79742	1.40572	0.306529	-81.3459	203.431	1.48041	
-2.7577	0.482264	0.121585	-84.9382	-190.854	-7.732	
-4.78426	0.304963	0.0860763	-9.59174	-148.699	3.37919	
11.0906	1.69383	0.364231	-89.9026	220.527	6.08627	
1.60407	0.863869	0.198011	-84.0765	207.295	13.3293	
2.24312	0.919779	0.209208	-45.9733	165.567	7.22898	
9.99542	1.59802	0.345042	-56.8678	188.097	-10.1627	
-6.0071	0.197978	0.06465	30.2891	-212.204	-0.388217	
16.205	2.14129	0.453845	-41.2211	244.939	4.5936	
-2.60449	0.495668	0.12427	10.7209	-169.207	6.22681	
-4.2153	0.35474	0.0960453	-41.2877	-167.001	6.20894	
-5.12022	0.27557	0.0801896	2.23429	-213.205	-5.85678	
8.01816	1.42503	0.310397	-28.5443	237.647	-3.92547	
-6.57258	0.148505	0.0547418	1.94429	-212.554	4.13445	
-4.89536	0.295243	0.0841297	10.5502	-202.751	5.49657	
-4.22836	0.353598	0.0958166	-18.1275	-197.179	-4.40478	
7.07871	1.34284	0.293936	-47.7907	213.709	-2.00063	
-5.88652	0.208527	0.0667627	-3.21801	-160.775	3.24849	
9.64922	1.56773	0.338976	-48.9852	206	1.97526	
15.8862	2.11339	0.448259	-1.59154	260.343	6.20481	
7.94705	1.41881	0.309151	-25.4109	200.655	9.26324	
-1.88922	0.558246	0.136802	-108.611	-176.541	-4.57649	
11.1558	1.69954	0.365374	-10.404	200.461	-3.9333	
3.12233	0.996699	0.224613	-133.218	200.199	-10.7537	
2.90511	0.977695	0.220807	-76.4229	164.397	12.6557	
-1.06298	0.630533	0.15128	-77.3674	-206.15	5.0705	
-3.78629	0.392274	0.103562	-14.3623	-171.315	-7.50409	
-4.11355	0.363642	0.0978283	4.24547	-180.596	2.8543	
-2.75032	0.482909	0.121714	-9.54964	-166.372	5.62941	
3.12401	0.996846	0.224643	-64.048	174.146	0.520329	
2.90073	0.977313	0.220731	-57.0707	170.316	-11.885	
10.7708	1.66585	0.358627	-25.4415	204.253	-9.24035	
-4.88366	0.296267	0.0843346	-59.0626	-171.191	-6.37997	
-3.8399	0.387583	0.102623	-5.93487	-178.525	-0.695911	
14.3003	1.97464	0.42047	-61.2386	270.681	-3.82592	
-3.86137	0.385705	0.102247	-77.8469	-202.538	7.80404	
-1.96311	0.551782	0.135508	-98.394	-238.048	-11.1387	
12.6853	1.83335	0.392172	-55.3367	224.248	0.975368	
2.984	0.984597	0.22219	-57.1883	181.178	9.95294	
-1.01259	0.634941	0.152162	-137.496	-181.203	-15.7827	
13.3131	1.88828	0.403174	-10.6834	219.223	-6.4637	
4.62703	1.12834	0.250978	-9.1974	180.737	17.1308	
-4.38561	0.33984	0.0930613	-53.0562	-195.703	-3.409	
3.48123	1.0281	0.230902	-35.3258	207.972	2.98955	
-4.72666	0.310002	0.0870855	-3.19489	-165.451	-10.6242	
-5.37475	0.253302	0.0757298	-2.78244	-242.767	4.58513	
17.1526	2.22419	0.470449	-29.1488	204.911	-8.16234	
11.477	1.72764	0.371003	-28.2583	240.714	-2.87788	
-5.65721	0.22859	0.0707807	24.8283	-205.772	0.848605	
-1.90893	0.556521	0.136457	-55.7587	-201.865	-13.9344	
4.05957	1.0787	0.241036	-37.3229	191.05	8.74674	
15.4474	2.075	0.44057	-35.714	191.685	1.14683	
-3.13226	0.449494	0.115022	12.2612	-216.613	-5.80446	
-2.46959	0.50747	0.126633	-74.082	-154.891	13.5664	
6.89533	1.32679	0.290723	-63.3553	168.522	2.99812	
8.8561	1.49834	0.325079	-42.3966	195.959	6.93205	
3.53199	1.03254	0.231791	-65.9372	162.142	1.11598	
-3.16405	0.446713	0.114465	-41.1827	-169.963	-8.8444	
-5.87715	0.209347	0.0669268	5.30989	-155.015	-0.130452	
-4.26292	0.350574	0.0952111	32.751	-162.107	-5.77559	
-2.2589	0.525903	0.130325	-27.0451	-183.473	3.10926	
6.43923	1.28689	0.282731	-46.6477	160.14	-4.13306	
14.944	2.03097	0.43175	10.5276	224.015	0.774777	
-1.87656	0.559353	0.137024	-92.88	-166.324	2.06831	
13.3065	1.8877	0.403057	-34.4964	228.151	0.811118	
-5.67057	0.22742	0.0705465	-12.8372	-203.115	-10.6484	
5.60944	1.21429	0.268192	-37.5798	206.146	2.61257	
-5.06718	0.28021	0.0811189	42.9707	-172.881	8.66726	
-4.94826	0.290614	0.0832026	16.2799	-212.973	2.61225	
11.8592	1.76107	0.377698	-41.8982	257.694	6.33396	
7.25433	1.3582	0.297013	-27.3009	201.478	-5.63695	
-2.005	0.548116	0.134774	-65.4905	-176.998	6.59537	
2.1681	0.913216	0.207894	-120.848	139.511	-8.06204	
7.24221	1.35714	0.296801	-98.7228	193.902	-14.5793	
11.5923	1.73773	0.373023	-32.9224	204.877	-6.01416	
-0.00971908	0.722681	0.169734	-240.397	64.5063	22.8012	
12.7434	1.83843	0.393191	-33.6325	218.141	-2.0618	
4.26152	1.09637	0.244574	-61.0161	196.003	-6.58389	
19.3324	2.41489	0.508642	-12.7196	249.716	-4.44039	
14.503	1.99238	0.424022	-34.3132	229.697	0.622223	
11.3216	1.71404	0.368279	-35.2293	197.879	8.40822	
18.6673	2.35671	0.496989	-35.1352	222.213	-0.0508948	
-3.8772	0.38432	0.101969	-3.7909	-213.258	14.9684	
11.3499	1.71652	0.368775	-67.3667	222.031	-0.200339	
-4.07937	0.366633	0.0984272	37.518	-192.013	2.40905	
-2.63558	0.492948	0.123725	-88.3029	-180.048	13.3715	
-2.65873	0.490922	0.123319	-91.6792	-245.257	4.08665	
-4.35265	0.342724	0.0936388	-39.8677	-185.362	12.7853	
-3.29245	0.435479	0.112215	-41.0471	-189.984	-0.997504	
-5.10308	0.27707	0.08049	-32.1092	-184.382	2.49301	
-1.25172	0.61402	0.147972	-37.0916	-142.284	11.5528	
-1.72863	0.572296	0.139616	-188.78	-141.137	19.3519	
-3.08761	0.4534	0.115804	86.9794	-184.733	5.57843	
11.4263	1.7232	0.370113	-28.1401	246.446	7.35157	
-2.91494	0.468507	0.11883	-93.2395	-146.976	12.4618	
-1.50185	0.592137	0.14359	-87.2508	-191.628	-10.0802	
-4.23266	0.353222	0.0957413	-31.2703	-126.974	2.71076	
11.1448	1.69857	0.36518	-44.8278	226.688	-1.16378	
9.57034	1.56083	0.337594	-39.8982	204.525	-13.386	
-4.59224	0.321762	0.0894407	-31.656	-187.224	-2.85502	
-5.44681	0.246997	0.0744673	-40.1253	-220.445	4.31315	
2.02124	0.900367	0.205321	-67.9341	132.729	-2.95	
-4.15697	0.359844	0.0970675	33.423	-179.183	1.672	
2.10885	0.908031	0.206855	-58.1188	198.136	1.10812	
0.182776	0.739522	0.173107	-82.7358	22.3539	-1.44988	
-2.78269	0.480077	0.121147	-63.5317	-222.941	1.19911	
-2.16935	0.533738	0.131894	-73.0586	-212.943	-1.96894	
-3.56808	0.411365	0.107386	14.549	-151.677	-2.53371	
-1.27658	0.611845	0.147537	-1.62175	-135.974	-1.38751	
2.6575	0.956033	0.216469	-85.8028	172.409	0.72782	
-5.61226	0.232522	0.0715682	-0.458343	-198.514	2.65199	
1.62864	0.866019	0.198441	-112.346	187.583	-0.189643	
-4.22727	0.353693	0.0958357	1.79561	-221.015	-5.71574	
8.66806	1.48189	0.321784	-101.445	214.574	0.93498	
-1.53133	0.589558	0.143073	-92.9738	-226.566	10.9216	
-5.99773	0.198798	0.0648141	-2.13183	-210.565	-8.70368	
-4.11302	0.363689	0.0978376	-45.0119	-197.333	0.313123	
-2.38915	0.514508	0.128043	-98.6065	-205.321	15.6564	
8.03984	1.42693	0.310777	-34.9505	194.406	0.0752891	
-0.576494	0.673095	0.159804	-146.128	-100.668	-12.8587	
-4.74213	0.308649	0.0868144	-1.07388	-221.466	-2.03188	
10.5989	1.65081	0.355615	-42.6469	200.978	0.305796	
1.13963	0.823236	0.189873	-141.504	189.471	-5.03914	
-0.303483	0.69698	0.164587	-111.673	-95.6004	-19.8731	
-1.48258	0.593822	0.143927	-42.1217	-159.834	6.94464	
-3.7427	0.396088	0.104326	-52.8648	-190.618	4.43937	
-2.28073	0.523993	0.129942	-130.454	-127.959	10.9458	
-3.53639	0.414137	0.107941	-35.0562	-198.737	-4.01399	
8.61107	1.4769	0.320786	-32.4512	235.512	-3.89572	
-4.17562	0.358212	0.0967407	-103.765	-188.307	4.61845	
15.5702	2.08575	0.442721	-45.3201	221.73	5.6386	
-4.5029	0.329578	0.0910061	-7.89868	-145.224	-0.701191	
-1.78887	0.567025	0.138561	-133.788	-201.663	-0.358743	
-3.96158	0.376938	0.100491	19.7036	-172.069	2.18199	
11.5637	1.73522	0.372521	-30.7836	224.588	1.77775	
4.50874	1.11799	0.248906	-27.2066	177.486	-10.6353	
1.1231	0.82179	0.189583	-149.131	167.136	-6.18451	
15.2392	2.05679	0.436923	-23.7476	224.58	1.21841	
-4.70334	0.312042	0.0874941	-61.4774	-192.97	-8.60972	
3.73049	1.04991	0.235269	-61.0643	185.653	10.4693	
4.96815	1.15819	0.256955	-56.448	182.349	-13.0314	
8.32086	1.45151	0.315701	-28.2285	182.597	1.71337	
-3.29488	0.435266	0.112173	-17.1649	-192.799	13.1113	
7.04325	1.33974	0.293315	-2.63714	192.549	0.0751827	
-7.10346	0.102059	0.0454398	0.0305985	-216.6	-3.39464	
11.0543	1.69066	0.363595	-59.5641	191.076	-2.04472	
-1.44978	0.596692	0.144502	-76.2204	-172.022	6.541	
-3.03657	0.457866	0.116699	-17.1834	-200.293	-12.7633	
12.5967	1.8256	0.39062	-58.6461	211.139	2.38816	
15.7214	2.09898	0.445371	-10.7466	246.884	2.17445	
-3.32622	0.432525	0.111624	-66.2033	-186.782	8.5487	
6.73033	1.31236	0.287832	-40.7538	200.953	-0.0116142	
-2.09016	0.540666	0.133282	-29.8203	-173.812	6.20421	
-2.28521	0.523602	0.129864	-19.0209	-189.57	7.79846	
1.97663	0.896464	0.204539	-108.027	164.697	-9.08074	
-4.6995	0.312379	0.0875615	-3.74627	-229.357	7.60628	
6.90222	1.3274	0.290844	-22.2159	242.888	12.4371	
-3.74555	0.395838	0.104276	-71.7028	-183.161	-7.69771	
14.3216	1.97651	0.420844	-72.4361	204.076	-3.63609	
9.92778	1.5921	0.343857	-52.4391	190.214	-8.09625	
-1.74784	0.570615	0.13928	-34.4407	-199.173	2.46876	
5.88553	1.23845	0.27303	-67.9845	211.294	2.5933	
7.61389	1.38966	0.303313	-22.9093	204.865	5.50936	
9.15992	1.52492	0.330403	-64.0067	183.23	-10.1428	
7.58508	1.38714	0.302809	-46.0569	228.103	-5.87093	
14.4949	1.99167	0.423881	-28.5413	264.646	4.43453	
3.79556	1.0556	0.23641	-3.13539	165.87	4.98991	
3.05114	0.990471	0.223366	-60.3749	150.314	-6.19078	
4.20184	1.09114	0.243528	-32.7557	199.863	9.90461	
-4.18525	0.357369	0.0965719	25.2551	-181.8	-4.65029	
4.56144	1.12261	0.249829	21.0537	183.148	8.93115	
-6.16959	0.183762	0.0618029	-8.0407	-195.987	-1.47816	
-2.78603	0.479786	0.121089	-47.911	-128.919	6.05382	
-2.85053	0.474142	0.119958	-45.1812	-160.428	-9.47324	
-2.26368	0.525485	0.130241	-24.3089	-148.946	-0.642041	
-4.91199	0.293788	0.0838382	-23.3685	-193.333	-2.33146	
3.57087	1.03594	0.232473	34.6492	198.203	-0.711857	
-3.97483	0.375779	0.100259	21.6201	-190.609	5.0215	
-3.99856	0.373703	0.0998431	27.0034	-232.281	-9.25988	
2.98765	0.984917	0.222254	-36.0174	170.681	-0.808979	
-6.32373	0.170277	0.0591021	-6.94701	-216.361	9.78133	
-2.8247	0.476402	0.120411	-22.4695	-140.616	-5.43385	
-4.84017	0.300072	0.0850967	6.4783	-153.687	-11.5178	
0.736342	0.787953	0.182807	-146.23	100.007	-10.02	
8.18103	1.43928	0.313251	7.08468	224.717	9.71399	
3.31584	1.01363	0.228004	-74.3256	208.578	-19.8731	
5.44027	1.19949	0.265228	-67.4485	204.655	-12.682	
-2.40644	0.512995	0.12774	-50.4227	-219.47	1.85005	
11.3533	1.71682	0.368835	-66.456	239.416	-3.38921	
-4.73159	0.30957	0.086999	-42.511	-205.178	5.44458	
-3.87423	0.38458	0.102021	50.9619	-208.722	6.39668	
-2.5472	0.50068	0.125273	-68.5336	-162.812	5.48637	
6.28478	1.27338	0.280025	-34.6521	180.504	8.66267	
-0.667242	0.665155	0.158214	-87.8662	-137.439	-13.3203	
6.14922	1.26152	0.27765	-48.4434	178.623	-2.10401	
-2.38382	0.514974	0.128136	-29.6313	-193.334	12.2763	
17.526	2.25686	0.476991	-56.1211	234.769	-0.650888	
23.2115	2.75427	0.57661	-62.115	260.342	8.51208	
4.38998	1.1076	0.246825	-32.7039	170.993	-14.4112	
20.4318	2.51108	0.527906	-41.6967	218.179	-1.54372	
5.39785	1.19578	0.264485	-33.5144	227.47	-8.43502	
1.51867	0.856398	0.196515	15.5044	211.469	5.19431	
12.8052	1.84384	0.394274	-39.2791	213.24	-1.97395	
-4.82207	0.301655	0.0854138	-11.0407	-176.661	3.32989	
-5.72341	0.222798	0.0696208	-28.1232	-178.767	-13.9765	
-3.68746	0.40092	0.105294	58.9324	-217.111	5.27926	
0.279252	0.747963	0.174798	-114.348	111.954	16.2883	
7.84322	1.40972	0.307332	-74.586	168.885	-7.07278	
12.7549	1.83944	0.393392	-34.9306	200.14	-9.03512	
11.34	1.71565	0.368602	-25.5231	190.629	4.53823	
-3.82206	0.389145	0.102936	-78.7058	-163.762	-3.95317	
-3.25138	0.439073	0.112935	-47.7442	-214.253	-0.921101	
-2.30647	0.521741	0.129491	23.6974	-166.663	-6.16473	
4.4073	1.10912	0.247128	-23.5153	183.364	4.14636	
-4.08209	0.366395	0.0983795	51.9902	-203.28	-11.3601	
8.21953	1.44265	0.313925	-64.6657	193.534	0.939174	
-6.79847	0.128742	0.0507837	13.2113	-205.262	-11.5276	
4.39516	1.10806	0.246916	-67.3111	189.126	-7.27929	
-3.00466	0.460658	0.117258	-17.731	-128.733	-6.95893	
18.7827	2.3668	0.49901	-25.4602	225.572	-6.19615	
16.0138	2.12456	0.450495	-22.4916	240.632	5.98694	
8.92938	1.50475	0.326363	-28.1279	178.727	-5.0763	
-5.71749	0.223315	0.0697244	-6.71516	-181.939	2.80725	
-6.02332	0.196559	0.0643658	-21.1196	-184.307	5.55164	
-2.58928	0.496998	0.124536	-46.0405	-201.322	-4.50222	
-3.68761	0.400907	0.105291	16.7175	-196.035	-18.5649	
7.54738	1.38384	0.302148	-10.9409	179.836	-10.1089	
17.0093	2.21165	0.467937	-13.9428	246.144	-8.05465	
-2.93102	0.4671	0.118548	-46.2878	-171.5	-0.779756	
-3.49055	0.418148	0.108744	-56.5499	-178.172	-2.51144	
-5.61123	0.232612	0.0715863	-7.33917	-205.077	-2.409	
2.5133	0.943416	0.213942	-45.3992	201.129	2.02707	
-2.66142	0.490687	0.123272	-13.7202	-196.85	0.966203	
-2.0495	0.544223	0.133994	-37.8106	-184.395	-23.158	
2.88293	0.975755	0.220419	-45.8213	165.421	-1.78583	
7.23936	1.35689	0.296751	-44.7344	220.95	-2.19081	
-1.82662	0.563723	0.137899	-90.2381	-212.624	6.17123	
-1.74636	0.570745	0.139306	-31.2308	-190.754	-6.00942	
7.95588	1.41958	0.309306	0.543267	227.758	-14.3709	
-1.14479	0.623375	0.149846	-102.218	-90.3358	-17.3223	
-3.46476	0.420404	0.109196	-41.8998	-176.897	-4.62659	
-5.2618	0.263183	0.0777088	-3.13529	-187.853	3.44101	
-0.416115	0.687126	0.162614	-110.165	-5.51792	-3.67066	
3.28267	1.01073	0.227423	6.03684	144.863	5.15658	
-6.47416	0.157116	0.0564663	1.50163	-204.747	4.63009	
-2.57594	0.498166	0.12477	-12.1984	-181.094	4.88683	
5.71479	1.22351	0.270038	-55.5476	172.737	-14.4068	
-2.90467	0.469406	0.11901	3.38833	-173.239	-8.14341	
4.02432	1.07561	0.240418	-96.4973	148.567	-7.04403	
6.26465	1.27162	0.279672	-43.4177	175.418	-14.6962	
1.47859	0.852891	0.195812	-95.9818	141.547	3.49804	
23.0722	2.74209	0.57417	-38.8576	233.229	-0.164032	
7.14813	1.34891	0.295152	-26.9776	194.046	-13.1694	
14.0499	1.95274	0.416084	12.6017	218.628	-2.95618	
9.37945	1.54413	0.334249	-55.6966	210.443	-0.959063	
12.2025	1.79111	0.383714	-40.4343	227.561	1.51252	
-1.85813	0.560966	0.137347	-64.0998	-183.984	6.83499	
15.3403	2.06564	0.438694	-31.3603	252.062	-0.756877	
6.76196	1.31513	0.288386	-70.8532	143.268	-3.73845	
12.5217	1.81904	0.389308	-21.1305	213.268	3.77938	
-3.42252	0.4241	0.109936	-28.0236	-205.246	11.2694	
-3.21988	0.441828	0.113487	11.0457	-204.541	9.31199	
13.3124	1.88822	0.403162	-32.2971	235.824	-4.06706	
-6.98918	0.112057	0.0474422	-7.84919	-200.671	-0.969992	
3.25529	1.00833	0.226943	-6.77211	189.211	5.62596	
-3.55574	0.412444	0.107602	-44.5647	-249.089	-0.992342	
13.0795	1.86784	0.39908	-9.28747	204.764	0.957685	
-2.99078	0.461872	0.117501	-63.1084	-164.038	4.01162	
10.6188	1.65256	0.355965	-31.7422	208.45	12.1057	
-4.09137	0.365583	0.0982168	-18.5779	-223.034	1.80777	
5.05782	1.16603	0.258527	-71.3681	192.815	4.71197	
-6.06489	0.192922	0.0636373	17.7111	-175.697	6.60988	
6.44752	1.28762	0.282877	-44.0667	183.858	1.80959	
10.9229	1.67916	0.361293	-53.2356	255.556	4.2448	
10.9751	1.68373	0.362207	-60.2161	192.687	3.78985	
-4.43181	0.335798	0.0922518	-42.7981	-178.95	-1.49157	
-3.4403	0.422544	0.109625	5.85657	-191.888	1.78024	
-0.48299	0.681275	0.161442	-89.1088	-152.464	-17.3762	
12.5623	1.82259	0.390018	-0.627539	224.39	6.48266	
-5.12604	0.27506	0.0800876	-52.7007	-201.272	1.65809	
-4.05559	0.368713	0.0988437	-18.3517	-151.625	-2.1169	
12.882	1.85056	0.395619	-34.3972	215.389	-1.71191	
15.1838	2.05194	0.435952	-12.8178	216.457	6.55725	
-4.29854	0.347458	0.0945869	-31.641	-172.479	15.7443	
5.42158	1.19786	0.2649	-52.3606	243.514	-0.602404	
-5.79219	0.21678	0.0684155	-1.06205	-178.337	-13.0687	
-5.62847	0.231104	0.0712843	-70.5715	-221.186	-2.67537	
-5.38937	0.252022	0.0754736	-28.1801	-196.305	-10.5584	
18.0609	2.30365	0.486363	-40.1967	215.512	-6.08751	
20.6119	2.52683	0.53106	21.5294	239.71	4.72879	
-1.57047	0.586133	0.142387	-73.4428	-214.505	-12.3117	
17.0372	2.21409	0.468426	-28.2105	216.535	-6.67983	
-1.86913	0.560004	0.137154	-36.824	-215.094	8.8516	
5.54135	1.20834	0.266999	-94.7337	192.282	-8.10543	
-4.22249	0.354111	0.0959194	17.9086	-185.626	-1.31821	
11.1971	1.70315	0.366097	-52.1544	236.136	-0.130798	
8.13476	1.43523	0.31244	-65.5055	249.104	2.12643	
11.5294	1.73222	0.371919	-40.6431	226.787	11.326	
18.7957	2.36794	0.499238	21.1022	243.339	3.0661	
-5.66043	0.228308	0.0707242	15.2058	-161.645	-4.69179	
7.65852	1.39357	0.304095	-41.9752	204.251	-2.14861	
-6.91891	0.118205	0.0486734	-1.78279	-193.769	11.6751	
-4.60712	0.32046	0.08918	-40.4125	-196.174	3.70863	
2.44062	0.937058	0.212669	-82.8082	161.545	0.220915	
4.61602	1.12738	0.250785	-48.2895	186.076	-5.77055	
-6.54412	0.150995	0.0552405	-38.5278	-187.581	5.22601	
9.66683	1.56927	0.339284	-27.2446	203.555	-4.29271	
1.30797	0.837964	0.192823	-93.8569	208.653	24.3642	
-3.54903	0.413031	0.10772	-12.1965	-217.137	-21.4898	
-2.25254	0.52646	0.130436	-132.235	-191.435	7.48015	
14.2308	1.96856	0.419252	-29.0294	229.736	4.61098	
-2.27479	0.524513	0.130047	-130.158	-187.297	21.0171	
21.7171	2.62353	0.550426	-11.5534	236.023	-1.21193	
-5.04097	0.282503	0.0815782	-16.2384	-205.672	8.04373	
4.33765	1.10303	0.245908	-22.5322	184.784	-1.54136	
-4.37156	0.341069	0.0933074	-10.402	-131.922	0.685118	
-4.74793	0.308141	0.0867128	-22.9389	-141.661	5.59457	
-3.72115	0.397973	0.104704	24.822	-196.614	-4.68634	
-3.74125	0.396214	0.104352	10.0241	-218.607	-6.20154	
2.26065	0.921313	0.209515	-105.143	190.32	-10.8501	
-2.3016	0.522168	0.129577	-5.30156	-229.741	-11.697	
-0.938966	0.641382	0.153452	-72.3993	-171.213	-3.57163	
-0.722565	0.660315	0.157244	-191.741	-91.8162	23.1474	
-1.92859	0.554802	0.136113	-23.1574	-205.345	12.9714	
-5.32767	0.25742	0.0765547	29.7312	-223.811	3.22495	
13.9934	1.94779	0.415093	-26.6322	228.954	2.91134	
-6.26732	0.175212	0.0600905	17.7789	-205.981	7.1872	
-3.63525	0.405488	0.106209	4.97039	-145.03	2.4943	
-3.81049	0.390156	0.103138	12.0572	-202.568	6.47744	
13.9198	1.94135	0.413804	-9.0459	224.517	1.23935	
7.05465	1.34073	0.293515	-41.4624	218.562	6.66182	
12.1168	1.78362	0.382213	-71.8323	203.377	2.62931	
-4.01463	0.372297	0.0995615	-16.483	-232.384	-1.48586	
-5.05968	0.280867	0.0812504	-41.625	-174.836	10.1851	
2.30246	0.92497	0.210248	-51.0402	172.236	-2.51997	
15.5542	2.08435	0.442442	-65.324	249.273	-2.42197	
10.3637	1.63024	0.351495	-30.4488	211	1.08929	
16.5959	2.17548	0.460693	-22.5843	231.851	-4.70243	
-2.43484	0.51051	0.127242	-82.1266	-139.915	-16.2679	
11.2668	1.70925	0.367319	-16.4988	215.71	-8.51927	
-2.54654	0.500738	0.125285	-54.9389	-204.925	-2.30814	
20.0967	2.48177	0.522034	-16.565	247.525	-8.85613	
-1.47851	0.594178	0.143999	-93.2577	-122.14	16.739	
-4.3453	0.343367	0.0937676	-9.84818	-178.04	-4.51818	
-4.85439	0.298827	0.0848473	10.2975	-197.24	-6.37016	
14.1082	1.95784	0.417105	-49.6011	215.942	2.35809	
15.3887	2.06987	0.439542	-8.16933	220.618	-5.08445	
-2.60077	0.495994	0.124335	-55.57	-195.646	3.49465	
-5.91908	0.205678	0.0661921	-25.1415	-181.125	-17.3674	
-2.10893	0.539024	0.132953	-55.5557	-215.136	-6.76817	
-3.63553	0.405464	0.106204	30.0823	-177.869	10.85	
-5.13584	0.274204	0.0799159	-67.804	-213.254	8.66623	
-3.61599	0.407173	0.106546	12.4103	-190.801	4.85476	
-4.18593	0.35731	0.0965601	-34.75	-198.668	-1.43954	
-5.28686	0.260991	0.0772698	-35.1642	-174.061	-4.48931	
-4.65028	0.316684	0.0884238	32.2452	-173.736	-5.99737	
3.39423	1.02049	0.229378	-53.3453	178.6	-2.17355	
12.4444	1.81227	0.387952	-61.7284	200.465	2.42583	
5.29555	1.18683	0.262692	-65.3616	154.819	9.55361	
11.4409	1.72448	0.37037	-110.964	184.982	0.225879	
-2.48045	0.50652	0.126443	42.3514	-170.115	-8.96412	
-5.10356	0.277027	0.0804815	-22.4855	-155.729	2.07569	
7.53917	1.38312	0.302004	-47.6183	170.714	1.55752	
-3.31543	0.433469	0.111813	2.60967	-217.541	-0.453991	
-4.44005	0.335078	0.0921075	5.34831	-187.51	-7.26304	
-3.58845	0.409583	0.107029	-32.7289	-202.871	3.93395	
15.0059	2.03638	0.432835	-19.2887	235.555	-7.15835	
18.7285	2.36207	0.498061	-5.16331	246.856	1.29345	
-3.03321	0.458159	0.116758	-25.6343	-145.023	2.86452	
11.1281	1.69712	0.364889	-79.9443	211.926	1.85525	
17.6502	2.26772	0.479167	-3.11604	244.421	-6.45718	
6.44176	1.28711	0.282776	-64.0423	203.612	6.34395	
8.93531	1.50527	0.326467	-34.0266	243.869	18.2338	
13.5617	1.91003	0.407529	-20.5634	206.688	2.6711	
-1.32696	0.607437	0.146654	-70.6897	-174.777	-2.8655	
6.97898	1.33411	0.292189	13.9993	199.32	-5.09092	
-4.20058	0.356028	0.0963033	-40.6797	-166.101	6.98273	
-4.13417	0.361838	0.0974669	-89.0553	-167.159	8.0527	
-3.17241	0.445981	0.114319	-42.9564	-209.206	2.08269	
5.31904	1.18889	0.263104	-7.58539	194.877	8.79049	
0.755561	0.789634	0.183144	-124.924	148.467	-10.1259	
5.01397	1.1622	0.257758	-51.1788	154.019	1.34918	
-3.64645	0.404508	0.106013	30.2374	-181.582	-10.5511	
-4.73534	0.309242	0.0869333	-47.4691	-171.369	-5.51374	
-4.12051	0.363033	0.0977063	-34.6764	-184.351	7.63445	
7.22623	1.35574	0.296521	-33.0465	202.857	-0.180023	
-3.29977	0.434839	0.112087	-33.418	-171.162	14.4639	
-1.83066	0.563369	0.137828	-59.3805	-180.636	3.58321	
-3.86781	0.385142	0.102134	-9.58652	-177.931	13.547	
-1.48774	0.593371	0.143837	-80.0235	-119.736	-2.82279	
-5.32128	0.25798	0.0766667	-2.72099	-211.937	-0.274386	
-2.93467	0.466781	0.118484	-49.3903	-205.433	3.02954	
-4.19231	0.356752	0.0964483	-12.4789	-165.414	5.33703	
-1.97153	0.551045	0.13536	-93.0562	-210.136	-5.60758	
-2.29425	0.522811	0.129706	-57.9963	-197.369	8.98626	
14.2216	1.96776	0.419092	-23.1547	223.9	1.86588	
-5.17393	0.270871	0.0792486	-7.44765	-216.005	-8.6346	
0.375993	0.756426	0.176493	-77.0299	22.0566	-4.44566	
20.8263	2.5456	0.534819	-32.7103	236.427	-3.0404	
-6.60871	0.145344	0.0541087	-28.4535	-160.091	-14.3999	
-3.85198	0.386526	0.102411	31.6343	-164.854	9.50878	
-3.05987	0.455828	0.116291	-22.6777	-223.406	-2.95318	
-2.96265	0.464333	0.117994	12.8633	-208.386	7.88243	
9.86365	1.58649	0.342733	0.711803	183.674	-7.85926	
-2.24059	0.527505	0.130646	-50.4091	-172.022	4.53626	
5.06727	1.16686	0.258692	-44.9067	184.538	-9.41525	
3.11075	0.995686	0.22441	-123.37	169.207	-20.0477	
-2.25894	0.5259	0.130324	-71.7101	-167.823	8.81134	
-3.65041	0.404161	0.105943	-3.41264	-203.371	1.34993	
4.8309	1.14618	0.25455	-61.411	176.628	-6.81847	
9.44235	1.54963	0.335351	-25.2897	197.54	10.0059	
14.5178	1.99367	0.424282	-58.4339	246.722	-1.67603	
15.3286	2.06461	0.438489	-54.2886	243.059	0.395954	
20.3123	2.50062	0.525811	-12.1883	251.771	2.05701	
-3.77325	0.393415	0.103791	8.6511	-209.229	1.49911	
5.50643	1.20528	0.266387	-50.6367	196.145	-6.38091	
-1.05775	0.63099	0.151371	-64.2418	-110.697	2.29108	
3.19949	1.00345	0.225966	-105.533	178.718	-2.49127	
-5.6386	0.230218	0.0711068	-0.981127	-191.038	-12.5333	
31.0173	3.43719	0.713382	-21.7043	217.934	-0.488079	
-1.32129	0.607934	0.146754	-99.0393	-200.749	-6.62992	
2.27017	0.922145	0.209682	-68.2632	220.2	6.00739	
-3.09322	0.452909	0.115706	17.1827	-226.16	-3.31064	
-2.51275	0.503694	0.125877	-18.5376	-237.515	4.84204	
4.17335	1.08865	0.243029	-48.5694	181.631	1.11229	
-2.43519	0.51048	0.127236	-73.3276	-175.277	-6.14115	
-5.98138	0.200228	0.0651006	7.77041	-219.461	-1.56571	
-6.10435	0.18947	0.0629459	19.7536	-185.154	4.90573	
-0.800296	0.653514	0.155882	-136.202	-55.9363	25.5953	
2.21319	0.917161	0.208684	11.5244	181.201	6.86924	
-2.1929	0.531677	0.131481	-46.8425	-144.084	3.04654	
10.1862	1.6147	0.348384	-65.5066	197.947	6.57051	
20.3926	2.50766	0.52722	-49.9213	231.966	-1.6155	
3.55259	1.03434	0.232152	-99.3701	159.937	-12.2783	
-4.60554	0.320599	0.0892077	-18.0357	-162.151	15.0401	
11.4737	1.72735	0.370943	-20.912	208.589	-3.98187	
-3.67814	0.401735	0.105457	-43.6364	-176.122	-7.61771	
4.67505	1.13255	0.25182	-31.8493	206.269	0.642457	
3.86152	1.06137	0.237565	-124.598	150.559	-1.11245	
-5.60017	0.23358	0.0717801	5.75161	-172.446	-2.06851	
-4.51289	0.328704	0.0908311	-38.9387	-123.306	5.02927	
-6.03368	0.195652	0.0641841	14.5463	-210.462	-5.00657	
11.7484	1.75139	0.375758	-6.50306	207.533	7.3633	
-4.63988	0.317594	0.0886059	-63.3432	-148.3	-8.07375	
3.19175	1.00277	0.22583	-114.162	183.562	4.41549	
19.746	2.45108	0.515888	-4.31376	227.736	1.97003	
13.2768	1.8851	0.402537	-62.4439	186.57	-0.606642	
-4.3639	0.341739	0.0934417	9.28915	-148.697	-3.3688	
-2.74639	0.483253	0.121783	-13.6399	-185.522	6.59852	
-3.77664	0.393118	0.103732	-21.9556	-190.053	-6.46555	
-2.30238	0.522099	0.129563	-13.8195	-210.462	-7.35268	
17.544	2.25843	0.477306	7.32148	225.296	-8.02055	
-6.73614	0.134196	0.0518759	-38.2132	-194.711	-0.677425	
-2.64113	0.492462	0.123628	3.95997	-202.963	3.71164	
10.2501	1.6203	0.349505	31.5012	209.247	1.11838	
-2.49284	0.505436	0.126226	20.344	-231.297	3.4259	
-0.189264	0.706973	0.166589	-114.114	-42.6166	6.97703	
13.8213	1.93274	0.412078	-39.5972	230.115	-3.88908	
-2.68087	0.488986	0.122931	-106.631	-139.554	3.90485	
-4.36004	0.342077	0.0935093	-58.7183	-177.44	-1.84364	
-1.97784	0.550493	0.13525	-89.223	-151.845	-0.383997	
-3.94211	0.378641	0.100832	20.3936	-199.386	-1.28997	
-4.82797	0.301138	0.0853103	-31.5476	-205.035	-3.18377	
-2.43214	0.510747	0.127289	-39.0623	-235.164	-17.8895	
14.5242	1.99423	0.424394	10.4728	244.105	8.14614	
-2.22104	0.529216	0.130988	-6.42894	-155.172	6.4268	
-3.90056	0.382276	0.10156	-50.6068	-212.068	-2.15893	
-6.15743	0.184826	0.0620159	-12.0215	-252.45	6.34717	
0.680916	0.783104	0.181836	-79.8905	141.126	18.8388	
-4.54616	0.325793	0.0902481	-37.5443	-200.647	-4.6815	
16.9092	2.2029	0.466184	-39.0582	209.57	8.72023	
14.1953	1.96546	0.418631	-11.6063	223.169	-1.94071	
6.20893	1.26674	0.278696	-52.9519	208.945	-1.49991	
6.12366	1.25928	0.277202	-94.4531	160.472	6.28673	
-0.500244	0.679766	0.16114	-171.335	-148.869	-2.08803	
1.81354	0.882196	0.201681	-99.2951	232.21	-4.82913	
8.51805	1.46876	0.319156	-53.3498	180.281	-7.00994	
-3.84908	0.386781	0.102462	10.2658	-161.132	-10.1079	
-2.02136	0.546685	0.134487	-71.998	-238.073	9.13865	
7.40925	1.37176	0.299728	-64.4771	214.013	1.00749	
-1.22281	0.616549	0.148479	-111.348	-186.512	-2.35825	
-4.98775	0.28716	0.0825108	-59.8356	-142.474	10.7548	
-2.93871	0.466427	0.118413	-62.6633	-210.115	1.85902	
7.81003	1.40682	0.30675	-91.9392	196.988	-11.8127	
-5.29743	0.260067	0.0770847	20.7723	-183.184	8.4919	
-2.43296	0.510675	0.127275	-35.4034	-213.143	11.4384	
9.29766	1.53697	0.332816	18.3074	251.439	12.0405	
-6.33853	0.168982	0.0588428	-14.8959	-200.046	-0.247589	
-2.2969	0.522579	0.129659	-74.2531	-197.151	7.09786	
7.05737	1.34097	0.293562	-4.231	155.75	1.01068	
4.6721	1.13229	0.251768	-53.7119	216.97	-1.80587	
-0.894472	0.645275	0.154232	-150.332	-97.7901	-13.7616	
-3.9668	0.376481	0.100399	-66.0112	-154.498	-9.94765	
-3.92279	0.380332	0.101171	-46.0258	-183.272	9.70315	
-3.8894	0.383253	0.101756	-37.1515	-182.047	-5.08076	
16.4907	2.16628	0.458851	-67.9248	211.216	1.35453	
-3.39542	0.42647	0.110411	-19.0771	-186.377	4.47976	
-0.916858	0.643317	0.15384	-139.679	-136.451	13.1982	
-3.61603	0.407169	0.106546	15.0998	-160.522	2.27033	
4.53326	1.12014	0.249335	-58.2946	196.314	4.87149	
-1.46575	0.595295	0.144222	-82.3705	-256.829	4.85256	
13.6229	1.91538	0.408602	-43.1279	200.065	-8.30496	
12.8497	1.84773	0.395053	-33.8933	231.717	1.24166	
-5.04065	0.282531	0.0815838	23.5121	-171.001	1.72461	
11.2071	1.70402	0.366272	-18.1766	198.648	1.99543	
-3.6928	0.400453	0.105201	-53.0319	-188.526	-16.7421	
0.393454	0.757954	0.176799	-197.454	93.7677	6.63441	
-1.41357	0.59986	0.145137	-136.123	-185.711	-6.2657	
6.93607	1.33036	0.291437	-26.4382	191.175	5.36368	
-3.38583	0.427309	0.110579	-44.0588	-175.536	-3.57397	
1.52415	0.856877	0.196611	-91.7337	206.348	10.8038	
11.6962	1.74681	0.374842	-1.59181	205.192	-3.72316	
12.795	1.84295	0.394096	29.8756	233.492	6.28656	
-1.73342	0.571877	0.139532	-44.8445	-154.405	10.5889	
-2.36978	0.516203	0.128382	-19.8708	-189.419	-10.9109	
-4.24968	0.351733	0.095443	-3.42301	-189.008	-2.37543	
-3.28445	0.436179	0.112355	-1.68418	-207.581	16.2857	
11.9246	1.7668	0.378844	-29.5265	246.921	8.16135	
-2.55324	0.500151	0.125168	-50.7797	-182.233	4.41103	
10.556	1.64706	0.354864	-20.2277	211.273	1.94383	
-4.40603	0.338054	0.0927035	-73.5687	-191.372	12.2953	
15.3442	2.06598	0.438763	-24.9765	246.587	2.43754	
7.35577	1.36708	0.298791	-63.9553	222.284	-1.81435	
10.9756	1.68377	0.362216	-14.6644	204.568	-4.77153	
6.52186	1.29412	0.284179	-19.8312	222.851	-3.57407	
-2.54123	0.501203	0.125378	-16.1651	-226.448	-7.13666	
-5.70311	0.224574	0.0699764	-11.6259	-204.02	4.26927	
-2.03577	0.545424	0.134234	-99.1475	-194.373	-0.503383	
12.2904	1.7988	0.385254	-69.4949	251.71	11.4497	
-5.19812	0.268754	0.0788246	-7.63111	-197.412	0.0554156	
10.5658	1.64792	0.355036	-48.2497	214.137	-5.32966	
14.1991	1.96579	0.418697	-36.5553	207.882	0.050152	
-2.76002	0.482061	0.121545	-17.2729	-219.186	5.98806	
9.45385	1.55064	0.335553	-58.1797	228.025	1.70607	
-3.48499	0.418635	0.108842	-76.8097	-162.648	6.61077	
-3.29511	0.435246	0.112169	-50.1357	-218.419	11.8846	
-6.45164	0.159086	0.0568608	3.28371	-182.311	-1.70779	
8.45633	1.46336	0.318074	-24.632	188.57	-2.50966	
-3.25193	0.439024	0.112925	-74.6717	-172.649	8.5081	
3.80492	1.05642	0.236574	-53.0114	191.3	-3.00063	
11.2417	1.70705	0.366879	-7.34385	221.873	3.26008	
-5.65693	0.228614	0.0707856	-15.9088	-189.549	-1.47996	
-6.11725	0.188342	0.06272	45.3293	-243.976	4.6104	
-2.17848	0.532939	0.131734	-70.6861	-197.221	-11.137	
-5.22926	0.26603	0.078279	77.9502	-184.8	-7.47811	
5.42813	1.19843	0.265015	-52.9271	184.215	10.8144	
4.354	1.10446	0.246195	-15.1448	187.971	-0.817444	
-3.81686	0.389599	0.103027	40.5142	-183.739	-8.8682	
-1.5397	0.588825	0.142927	-114.824	-190.882	-10.5037	
-2.41503	0.512244	0.127589	-115.825	-114.736	7.6702	
9.69328	1.57158	0.339748	-108.16	248.819	12.7924	
15.3752	2.06869	0.439305	-30.5888	194.362	-9.25957	
16.3471	2.15372	0.456335	1.56626	249.698	14.76	
-4.1272	0.362448	0.0975892	20.2306	-212.376	-2.15988	
-4.27809	0.349247	0.0949453	17.4635	-205.374	8.74518	
-2.79497	0.479003	0.120932	-6.62698	-168.058	11.5314	
-4.07342	0.367153	0.0985314	-18.3391	-237.035	-11.843	
20.6406	2.52935	0.531564	-12.7019	248.027	-1.30687	
11.1312	1.69738	0.364942	3.49975	211.312	-3.9194	
3.2249	1.00567	0.226411	-16.2756	208.037	9.09681	
13.8362	1.93404	0.412339	-18.2393	225.291	3.71667	
16.2114	2.14184	0.453957	-40.9419	250.86	-2.57105	
-6.441	0.160017	0.0570473	15.4235	-206.626	-2.73749	
4.48359	1.11579	0.248465	-101.92	178.552	4.84019	
-3.47091	0.419866	0.109088	1.00598	-192.026	-8.08347	
-4.04665	0.369495	0.0990004	-23.5047	-197.854	26.4275	
-3.39929	0.426132	0.110343	-27.1332	-197.797	-12.4216	
-6.89183	0.120574	0.0491479	27.3762	-179.694	1.79042	
-3.90312	0.382052	0.101515	-2.26444	-173.797	-3.99733	
-2.05758	0.543517	0.133852	-114.219	-193.155	19.8309	
-7.42507	0.0739217	0.0398046	-34.7403	-203.809	-4.93499	
0.189042	0.74007	0.173217	-222.749	70.9046	6.01924	
-3.52047	0.41553	0.10822	-64.3743	-145.685	8.60655	
7.81643	1.40738	0.306862	-47.4003	218.378	-9.75513	
-1.71194	0.573756	0.139909	-40.6626	-224.697	-15.6645	
-3.85282	0.386453	0.102397	-4.37359	-212.466	-7.10069	
10.0851	1.60586	0.346613	-39.5831	162.253	-5.23187	
-5.55019	0.237952	0.0726557	14.9987	-209.065	0.196694	
5.76647	1.22803	0.270943	-67.3492	166.179	6.97873	
10.8238	1.67049	0.359557	-40.1752	235.186	-6.50595	
-4.19451	0.356559	0.0964097	-55.6155	-166.449	-3.31026	
4.13977	1.08571	0.242441	-49.2099	198	12.9289	
-3.34797	0.430622	0.111243	-37.4998	-198.758	9.17718	
16.0499	2.12771	0.451127	-15.2577	250.321	2.41166	
-5.36144	0.254466	0.0759631	-40.144	-142.93	15.1108	
-4.36275	0.34184	0.0934618	-57.6673	-169.1	3.37777	
11.292	1.71146	0.367761	-14.3522	245.706	9.48695	
-4.37195	0.341035	0.0933007	-16.2446	-198.075	7.93497	
-4.46329	0.333044	0.0917002	-88.1684	-200.479	2.85753	
-0.585156	0.672337	0.159652	-49.4994	-95.6646	-1.64827	
-1.50095	0.592215	0.143606	-41.2104	-256.164	-6.58982	
-0.26902	0.699995	0.165191	-127.746	-112.934	-9.86282	
-5.35055	0.255419	0.0761539	-28.6277	-192.9	0.100782	
17.3199	2.23883	0.47338	-36.6229	227.892	-7.79423	
-4.98969	0.28699	0.0824768	-1.84437	-197.105	0.658106	
3.15449	0.999513	0.225177	21.1511	159.984	3.6731	
-7.70675	0.0492777	0.0348691	4.68022	-218.227	2.50449	
-3.5208	0.415501	0.108214	-93.941	-174.913	14.5745	
-2.48106	0.506466	0.126432	8.49427	-222.832	10.8117	
-0.676183	0.664373	0.158057	-139.228	-162.752	-3.83758	
-3.59091	0.409368	0.106986	-1.46322	-197.199	4.79588	
11.2223	1.70535	0.366538	-63.2371	187.382	-5.21786	
12.312	1.80069	0.385633	-65.0587	220.565	0.322556	
6.17654	1.26391	0.278129	-61.1265	172.493	13.5702	
-5.36845	0.253853	0.0758402	38.904	-172.765	-6.23671	
-2.73325	0.484402	0.122013	-109.77	-169.641	-0.355152	
14.4527	1.98798	0.423141	-27.4101	212.459	-3.23954	
-2.56479	0.499141	0.124965	-52.4584	-168.9	-4.02778	
3.27623	1.01016	0.22731	-39.3004	219.805	5.51656	
-4.67093	0.314877	0.0880619	-19.4105	-193.17	-6.51147	
-6.048	0.1944	0.0639333	-41.7957	-206.46	-9.29284	
-4.06943	0.367502	0.0986013	10.3663	-211.794	-0.171833	
5.27095	1.18468	0.262261	-10.1083	200.753	-11.8272	
-7.42205	0.0741856	0.0398575	45.7241	-236.976	5.23255	
-0.560064	0.674532	0.160091	-145.681	-155.126	-0.49902	
-1.3471	0.605676	0.146301	-100.546	-183.225	3.94059	
-4.60452	0.320688	0.0892255	-19.3104	-146.182	-0.968117	
-6.3368	0.169133	0.0588731	-13.459	-206.709	-10.1877	
-1.51483	0.591001	0.143362	-87.3318	-257.254	-0.312693	
-4.72034	0.310555	0.0871962	-28.0343	-199.466	-9.84622	
-4.17044	0.358665	0.0968314	-6.30483	-138.642	-8.6556	
8.85799	1.49851	0.325112	-42.8658	215.296	2.60003	
10.1257	1.60941	0.347324	1.58903	220.393	7.14208	
-5.79152	0.216839	0.0684274	22.0353	-179.792	5.92556	
-4.67075	0.314894	0.0880652	-53.8769	-185.178	8.9384	
5.11841	1.17133	0.259588	-18.701	155.482	18.8643	
8.63388	1.4789	0.321185	-63.5106	215.179	-3.40127	
-4.15023	0.360433	0.0971855	-36.3782	-190.567	-4.19103	
-4.706	0.31181	0.0874475	45.888	-199.813	-13.5094	
3.96618	1.07053	0.239399	-25.2341	179.414	-9.32626	
-2.0135	0.547373	0.134625	-41.9893	-223.497	5.73101	
-5.36336	0.254298	0.0759293	7.07545	-192.373	0.429384	
3.45079	1.02544	0.230369	-57.6966	198.915	3.33978	
-2.23757	0.527769	0.130699	-89.0388	-203.264	0.903896	
-0.218781	0.70439	0.166071	-76.1845	-37.3656	-10.7863	
4.91673	1.15369	0.256054	-18.1925	199.084	-1.00305	
3.73097	1.04995	0.235278	-63.0831	180.791	2.03545	
-1.57536	0.585705	0.142302	-84.1983	-187.89	2.07471	
-6.0282	0.196132	0.0642802	43.4603	-208.27	-3.78209	
2.14248	0.910974	0.207445	-49.3831	152.608	3.27386	
8.02528	1.42565	0.310522	-50.1882	194.837	5.95006	
10.1251	1.60937	0.347315	-51.5029	169.094	-4.54246	
-1.42327	0.599011	0.144967	-12.4031	-161.81	-3.32744	
5.72601	1.22449	0.270234	-28.4404	180.266	-3.84687	
-1.3104	0.608886	0.146944	-35.1507	-187.049	-5.4603	
-1.14043	0.623757	0.149923	-78.896	-188.612	11.7717	
3.95864	1.06987	0.239267	-64.071	176.844	1.69659	
14.1241	1.95923	0.417383	-48.0251	199.71	-3.80839	
-2.36037	0.517026	0.128547	-68.8355	-177.424	-3.85676	
-2.78175	0.48016	0.121164	-74.5566	-229.092	9.26079	
13.7603	1.92741	0.41101	-0.749153	235.063	4.89274	
-2.1448	0.535886	0.132324	-69.9351	-186.484	10.7767	
10.4726	1.63976	0.353403	-0.0620296	241.621	-9.19846	
15.5647	2.08527	0.442626	-14.6346	255.584	4.612	
-2.46565	0.507815	0.126702	-48.2748	-218.205	9.30503	
-2.05818	0.543464	0.133842	-34.7313	-191.563	4.64761	
-1.66154	0.578165	0.140792	-152.467	-171.404	8.37314	
14.8839	2.0257	0.430696	-16.9001	245.334	12.0645	
-4.52754	0.327423	0.0905744	-21.1394	-193.822	-18.9764	
10.8133	1.66957	0.359373	-10.9298	193.769	11.9427	
-2.89772	0.470014	0.119132	-2.38978	-192.995	-0.336364	
-3.60674	0.407983	0.106708	-35.3143	-180.248	-8.0483	
16.3327	2.15246	0.456083	-82.5469	245.462	-2.17431	
-5.8269	0.213743	0.0678074	-6.9663	-140.908	1.66889	
14.8401	2.02188	0.42993	-13.2614	232.454	6.26739	
-7.88648	0.0335534	0.0317199	19.8833	-269.203	-5.12077	
-2.96542	0.464091	0.117946	-32.6427	-174.494	-2.27429	
1.54469	0.858674	0.19697	-154.778	109.286	-15.5572	
-2.28563	0.523564	0.129857	-79.4049	-179.169	0.00363759	
-1.91703	0.555812	0.136315	-71.4879	-170.381	3.09316	
14.8099	2.01923	0.4294	-18.337	226.305	-0.232845	
3.93355	1.06767	0.238827	-85.1037	160.237	3.0816	
5.85036	1.23537	0.272413	-3.68264	167.566	-10.5837	
3.99329	1.0729	0.239874	-20.8274	169.153	0.89077	
-2.45154	0.509049	0.12695	-36.4353	-236.4	-3.40278	
-3.48647	0.418505	0.108816	7.8227	-173.671	2.5822	
-6.01491	0.197294	0.064513	34.3619	-207.115	13.1684	
-3.44427	0.422197	0.109555	-12.7401	-162.477	7.43339	
17.0046	2.21124	0.467855	-61.3468	256.858	0.25988	
11.1232	1.69669	0.364803	-41.7918	188.124	-6.13419	
-5.04672	0.282	0.0814774	-3.28728	-204.473	12.1131	
4.19653	1.09068	0.243435	-10.4118	208.05	6.82901	
-1.93822	0.553959	0.135944	-67.0575	-180.486	0.99859	
-5.26798	0.262643	0.0776006	24.3756	-198.233	-10.7165	
-5.99145	0.199347	0.0649241	38.4114	-190.11	-3.98765	
13.1972	1.87813	0.401142	-39.0367	177.632	-2.69758	
-1.67278	0.577182	0.140595	-91.4845	-118.497	-6.33624	
2.72241	0.961711	0.217606	-71.5622	164.886	1.0654	
-3.23947	0.440115	0.113144	-91.7031	-190.215	-7.19825	
-3.55527	0.412486	0.10761	-16.2713	-168.84	-10.7189	
-1.51957	0.590586	0.143279	-50.5205	-214.161	-1.89782	
-5.94735	0.203205	0.0656968	-0.431391	-207.208	10.5266	
-2.11785	0.538243	0.132796	-12.8543	-187.612	-5.38608	
-4.27522	0.349498	0.0949955	-10.2858	-172.611	1.7088	
19.014	2.38704	0.503064	-13.3534	209.657	-2.27339	
-4.45459	0.333805	0.0918527	-36.0608	-165.402	-0.770332	
-3.25568	0.438696	0.11286	-64.5702	-135.332	-10.7736	
-3.1817	0.445168	0.114156	2.76933	-228.561	10.2011	
-0.857434	0.648516	0.154881	-123.411	-139.189	8.22089	
-5.00669	0.285502	0.0821788	24.6945	-210.404	-2.73584	
-2.52054	0.503012	0.12574	-29.2762	-175.759	-6.50325	
15.6204	2.09014	0.443602	-40.4086	235.13	4.48914	
6.16994	1.26333	0.278013	-46.2121	164.95	-3.62826	
7.42595	1.37322	0.30002	13.9038	207.135	-0.858532	
19.6164	2.43974	0.513618	-29.7894	249.604	-2.08191	
12.8916	1.8514	0.395788	-13.8227	216.513	14.8519	
18.1285	2.30957	0.487548	-31.8581	210.539	-5.83403	
9.7743	1.57867	0.341168	-60.0756	216.613	-6.22396	
-2.07109	0.542334	0.133616	-31.9641	-212.116	11.7009	
-2.67079	0.489867	0.123108	-122.616	-204.597	4.65115	
2.93808	0.98058	0.221385	-46.7405	213.652	3.84188	
13.33	1.88975	0.403469	-48.722	204.192	-6.27441	
3.26594	1.00926	0.22713	-22.2883	219.265	-7.35382	
-1.86422	0.560433	0.13724	-95.4346	-196.761	-8.55144	
-1.94724	0.55317	0.135786	-60.8679	-188.307	1.02814	
2.28205	0.923185	0.20989	-102.302	128.222	1.6085	
-5.63216	0.230781	0.0712195	-66.9517	-172.123	-9.72332	
11.5035	1.72996	0.371467	-46.5751	211.913	-9.12223	
-2.15047	0.53539	0.132225	-61.9049	-193.772	-3.94486	
19.0198	2.38755	0.503165	-37.2148	237.226	-6.47213	
14.5173	1.99363	0.424274	-63.1439	232.865	-7.00008	
-1.73008	0.572169	0.139591	-105.779	-164.804	14.7276	
14.8836	2.02568	0.430691	-56.7545	203.912	-2.92725	
5.3093	1.18803	0.262933	-22.8191	154.591	7.56393	
13.3658	1.89289	0.404097	44.2884	216.598	-2.23082	
-5.00508	0.285643	0.082207	7.7918	-197.736	2.0836	
-3.55662	0.412368	0.107587	-83.9527	-174.396	11.2172	
-2.13225	0.536984	0.132544	-16.8342	-232.956	-11.5877	
-4.64275	0.317343	0.0885558	-13.9412	-185.336	3.09578	
4.3568	1.1047	0.246243	-45.7236	186.159	-11.9675	
-4.34696	0.343222	0.0937386	-41.5756	-194.481	-8.13119	
-2.87924	0.47163	0.119455	-77.7591	-195.427	10.8041	
-4.59006	0.321953	0.089479	-41.2142	-160.712	2.82151	
5.67814	1.2203	0.269396	-26.736	191.902	-4.41024	
-4.65426	0.316336	0.088354	-43.7444	-183.634	1.0308	
-2.038	0.545229	0.134196	-15.0396	-195.065	-2.32775	
-2.94472	0.465902	0.118308	-52.5761	-165.691	-4.89407	
0.279565	0.74799	0.174803	-155.116	-5.76457	-32.6582	
-2.0339	0.545588	0.134267	-29.7554	-158.663	10.7149	
-2.68122	0.488955	0.122925	8.0834	-139.775	-8.07323	
-5.11501	0.276026	0.0802809	4.78113	-185.537	3.84557	
-3.32325	0.432784	0.111676	-43.9845	-190.703	3.66516	
19.3687	2.41807	0.509277	-32.3622	230.389	1.11838	
-4.87666	0.296879	0.0844573	0.606171	-235.155	-8.91334	
-5.68744	0.225945	0.0702509	-8.38561	-173.695	1.95757	
14.9725	2.03346	0.432249	-54.4104	273.465	2.04258	
-2.18197	0.532633	0.131673	-77.0671	-189.854	3.10488	
-3.82331	0.389035	0.102914	-18.9901	-236.201	12.353	
15.907	2.11522	0.448624	-79.1255	220.375	3.62152	
9.21977	1.53016	0.331451	-41.9174	208.649	9.94958	
-1.42268	0.599063	0.144977	-86.0747	-206.539	4.14052	
-5.47489	0.24454	0.0739751	-35.2762	-191.771	-2.90674	
10.9344	1.68017	0.361495	-5.25161	192.454	3.4568	
6.74778	1.31389	0.288138	-37.1988	185.028	5.80381	
-3.36368	0.429247	0.110967	-55.0816	-189.109	-4.87035	
-3.84181	0.387416	0.10259	-35.1268	-146.338	-4.44305	
-4.02086	0.371752	0.0994524	2.89404	-163.488	-22.2493	
14.123	1.95913	0.417364	-1.23406	237.917	-1.82059	
-2.72699	0.484951	0.122123	-39.7378	-180.251	-4.67903	
-1.48009	0.59404	0.143971	-48.9417	-169.737	11.1017	
12.1057	1.78265	0.382018	-34.9583	228.877	7.99982	
-2.463	0.508047	0.126749	-35.3461	-195.204	-9.04889	
2.29608	0.924412	0.210136	-89.718	162.259	6.65765	
-2.69825	0.487465	0.122627	-95.6745	-150.112	18.0759	
7.12044	1.34649	0.294667	-63.4326	195.68	-4.94335	
-4.13681	0.361607	0.0974207	-56.3845	-199.542	-11.8507	
-4.67793	0.314265	0.0879393	11.4371	-190.464	2.0817	
11.8772	1.76265	0.378015	-63.6734	219.952	16.7868	
-2.57116	0.498583	0.124854	0.63083	-183.083	-9.76066	
9.16117	1.52503	0.330424	-77.895	177.906	1.16715	
4.16947	1.08831	0.242961	-16.1408	145.335	-3.71975	
4.03223	1.07631	0.240557	-5.80266	210.852	1.57009	
5.98872	1.24748	0.274838	-52.0592	193.326	8.32925	
14.027	1.95073	0.415682	-20.5273	217.276	3.95903	
1.66049	0.868805	0.199	-148.669	201.319	-7.4703	
18.2821	2.32301	0.490239	-65.7605	214.231	6.29205	
15.4619	2.07627	0.440824	-37.8423	232.522	3.15011	
-1.03738	0.632772	0.151728	-68.2915	-196.162	5.12082	
4.14825	1.08646	0.242589	8.15037	153.14	12.7471	
15.5172	2.08111	0.441793	-66.0799	248.892	8.49333	
-4.84312	0.299813	0.0850449	4.91094	-158.214	7.35461	
-2.29244	0.522969	0.129737	-18.3419	-209.18	-24.1949	
11.509	1.73044	0.371562	-55.796	227.848	-2.62315	
-1.18189	0.62013	0.149196	-133.816	-190.82	-13.776	
9.45805	1.551	0.335626	-82.3418	194.03	8.6122	
10.3864	1.63223	0.351893	-33.2015	191.07	2.35898	
-1.96241	0.551843	0.13552	-43.6796	-176.758	-6.03763	
-1.14062	0.62374	0.149919	-122.082	-189.184	-9.08452	
-6.07849	0.191732	0.0633991	7.25649	-193.05	-14.6078	
-4.09773	0.365026	0.0981054	-3.64059	-163.278	1.28787	
-1.56576	0.586545	0.14247	-118.848	-188.683	8.58748	
-2.37986	0.51532	0.128205	-43.4207	-210.539	8.34513	
10.886	1.67593	0.360646	-36.6227	215.521	2.47391	
13.4873	1.90351	0.406225	-53.9622	220.005	-0.405378	
-5.76884	0.218823	0.0688246	-11.6821	-199.753	-13.7912	
-0.578418	0.672926	0.15977	-126.948	-117.92	0.123687	
-1.54233	0.588595	0.14288	-41.7693	-225.256	-13.9657	
-5.44039	0.247559	0.0745797	39.0599	-175.876	1.09987	
2.214	0.917232	0.208698	-88.6875	196.188	5.64049	
-1.92053	0.555506	0.136254	-22.061	-233.627	-19.8661	
3.0913	0.993985	0.22407	-56.7856	181.459	0.123796	
2.05131	0.902998	0.205847	-65.1661	137.529	-9.51201	
6.22227	1.26791	0.27893	-27.872	173.254	5.13832	
-5.35767	0.254795	0.076029	12.9166	-204.777	-8.009	
-2.20766	0.530386	0.131223	-69.7677	-188.502	-1.45766	
-0.632547	0.668191	0.158821	-208.209	-122.868	-18.0816	
3.93806	1.06807	0.238906	-25.0181	208.805	-4.95219	
2.88058	0.975549	0.220378	-69.9726	232.601	11.5179	
-2.55281	0.50019	0.125175	-56.066	-195.792	-1.44744	
3.229	1.00603	0.226482	-64.7197	180.047	3.65078	
12.3574	1.80466	0.386427	26.3577	216.827	1.495	
-7.58362	0.0600502	0.0370265	-35.981	-201.076	-0.416648	
-5.1573	0.272326	0.0795399	-69.7369	-186.251	7.44626	
-2.02605	0.546275	0.134405	-32.6767	-225.017	-16.7533	
4.9852	1.15968	0.257254	16.471	158.394	8.0179	
-0.609105	0.670242	0.159232	-84.1775	-174.605	7.60213	
-1.08016	0.62903	0.150979	-58.8108	-224.935	-10.6971	
2.92665	0.97958	0.221185	-0.43689	207.143	-0.868148	
15.7697	2.1032	0.446217	-46.2785	238.599	2.67942	
9.0458	1.51494	0.328403	19.7255	195.198	1.53608	
-1.82119	0.564198	0.137994	-96.8794	-120.888	6.8358	
11.0341	1.68889	0.363242	-22.0907	232.579	-8.65839	
11.857	1.76088	0.377659	-50.9258	178.754	5.96338	
-1.82854	0.563555	0.137866	-68.1838	-135.442	-6.27159	
-5.98924	0.19954	0.0649628	64.967	-190.98	-6.68526	
-1.41297	0.599912	0.145147	-111.828	-141.736	1.01566	
9.84897	1.5852	0.342476	-50.6764	183.898	4.68395	
3.37215	1.01856	0.228991	-77.4193	161.47	7.62562	
-3.95571	0.377452	0.100594	7.61266	-194.719	9.29758	
-4.28788	0.34839	0.0947736	-8.73103	-156.29	1.93279	
11.1884	1.70239	0.365945	-28.4804	238.915	1.45689	
19.4583	2.42591	0.510848	-48.2502	238.657	2.58103	
4.10015	1.08225	0.241747	-64.1726	164.463	-14.0468	
-2.09606	0.54015	0.133178	-57.2262	-199.983	-1.50087	
1.48803	0.853717	0.195978	-56.179	160.562	-7.18238	
14.4703	1.98952	0.423449	-9.14113	200.073	-3.66313	
-4.65186	0.316546	0.0883961	-55.5043	-190.572	-2.67353	
-0.925318	0.642576	0.153692	-62.8055	-171.856	-18.0951	
-1.36044	0.604508	0.146068	-33.1145	-148.862	-3.30244	
11.889	1.76368	0.37822	-24.7261	259.987	-6.85184	
-2.52616	0.502521	0.125642	-36.5558	-176.868	23.6053	
6.46398	1.28906	0.283165	-12.1112	201.23	-4.93872	
-6.62227	0.144157	0.053871	-19.4113	-184.395	4.43124	
6.59177	1.30024	0.285404	-51.934	206.676	-1.97904	
6.92439	1.32934	0.291232	-54.3335	221.487	-1.85069	
-6.20635	0.180546	0.0611587	-11.67	-177.411	-1.93805	
8.9421	1.50586	0.326586	-2.96708	193.873	-0.913517	
-1.40428	0.600672	0.145299	-81.3907	-170.028	3.48016	
10.0268	1.60076	0.345591	-67.4217	213.818	2.10363	
4.57242	1.12357	0.250022	17.0878	169.881	10.0991	
-1.0912	0.628063	0.150785	-99.4528	-225.413	-8.28988	
-3.23941	0.440119	0.113145	-11.6061	-197.788	-1.46492	
10.485	1.64085	0.35362	-36.1107	224.799	-11.1439	
3.62726	1.04088	0.233461	-26.5996	175.025	4.5374	
-6.56798	0.148907	0.0548223	17.0619	-219.087	-6.65611	
-3.21006	0.442687	0.113659	-16.1016	-246.475	2.21945	
-4.73047	0.309668	0.0870187	20.5575	-169.918	-11.4507	
-0.953233	0.640134	0.153202	-71.2326	-215.327	7.47594	
-1.35707	0.604803	0.146127	-59.738	-253.773	-20.2373	
-5.69832	0.224993	0.0700603	-29.9099	-214.544	9.35984	
11.0297	1.68851	0.363164	-8.43424	195.471	-4.74342	
2.21502	0.91732	0.208716	-10.5523	176.729	-3.72627	
-7.27431	0.0871116	0.0424462	10.6176	-216.691	16.2669	
3.98066	1.07179	0.239653	-43.0822	189.382	0.279627	
-5.75	0.220472	0.0691549	-47.4959	-215.57	0.0471808	
-3.09979	0.452335	0.115591	-31.1851	-172.039	2.75764	
-2.81821	0.47697	0.120525	-73.4772	-174.848	0.92525	
-3.2005	0.443524	0.113827	-52.8014	-153.435	3.16431	
-3.35755	0.429784	0.111075	-63.4114	-190.674	-5.1805	
10.8098	1.66927	0.359311	-31.1981	204.615	0.884187	
11.444	1.72476	0.370424	-19.2618	223.723	-2.92928	
-4.60691	0.320479	0.0891837	-39.0689	-161.137	-14.7578	
-1.2361	0.615386	0.148246	-76.7406	-162.706	1.88153	
-4.10319	0.364548	0.0980097	-110.858	-165.647	0.973779	
8.48384	1.46577	0.318556	-8.50114	149.229	7.37227	
-4.76373	0.306759	0.086436	24.9974	-153.282	-0.254627	
-3.14381	0.448483	0.11482	11.2637	-201.057	10.5417	
-6.25123	0.17662	0.0603724	1.14097	-168.266	-11.0001	
1.32971	0.839866	0.193204	-84.962	175.594	-14.0698	
4.84854	1.14772	0.25486	-48.2477	165.012	-7.98512	
21.874	2.63726	0.553175	-13.6208	218.41	-0.221581	
-4.48637	0.331025	0.0912958	-27.62	-211.423	-2.29233	
-3.14557	0.448329	0.114789	-53.352	-174.471	1.37184	
-5.73738	0.221576	0.069376	-48.0945	-155.701	2.04313	
-2.12276	0.537814	0.13271	-48.828	-170.254	11.4926	
12.13	1.78477	0.382444	-4.17492	227.923	7.15822	
-0.664545	0.665391	0.158261	-110.462	-100.581	-0.400003	
3.75464	1.05202	0.235693	-36.4881	172.033	9.44133	
-3.68981	0.400715	0.105253	-8.46013	-184.845	-10.9913	
-3.40842	0.425333	0.110183	-33.2666	-224.1	13.0074	
2.68101	0.958089	0.216881	-102.964	183.951	6.21564	
13.4303	1.89853	0.405226	-56.1112	201.809	-4.65507	
-3.55568	0.412449	0.107603	-46.0148	-158.157	-4.01334	
-4.16886	0.358803	0.0968591	-29.4127	-182.205	-9.69165	
9.96633	1.59547	0.344532	-24.7314	228.264	6.07671	
-2.11704	0.538314	0.132811	36.2045	-169.703	-19.3481	
-2.80427	0.47819	0.120769	-48.7656	-197.116	7.67433	
15.5475	2.08376	0.442325	-34.4331	215.315	8.61134	
6.25374	1.27066	0.279481	-40.7158	188.061	3.41153	
10.8562	1.67333	0.360125	-10.5047	210.786	6.0994	
-3.49484	0.417772	0.108669	-17.726	-209.295	-0.161214	
-3.53899	0.41391	0.107896	-15.159	-211.938	6.30981	
7.44547	1.37493	0.300362	-47.4461	205.303	12.8396	
20.7106	2.53547	0.53279	-13.6376	198.376	-2.24075	
14.3969	1.98309	0.422163	6.06287	216.127	-2.949	
15.9646	2.12026	0.449633	-34.4459	244.364	5.99383	
10.1488	1.61143	0.347729	-49.1573	232.487	-3.03278	
-2.37121	0.516077	0.128357	-42.9352	-177.074	-5.21639	
-0.21305	0.704892	0.166172	-169.362	-42.1128	-4.69006	
10.3938	1.63287	0.352022	-35.8382	162.707	10.3068	
7.07693	1.34268	0.293905	-105.981	161.078	-2.88962	
1.73852	0.875632	0.200367	-78.1803	189.438	0.907809	
-4.24564	0.352086	0.0955138	-17.73	-193.276	-18.5272	
1.73204	0.875065	0.200253	-103.664	162.941	-13.6827	
-2.27647	0.524366	0.130017	-23.3928	-219.181	-3.10634	
-4.22433	0.35395	0.0958872	-62.9447	-166.735	-10.4607	
13.2259	1.88065	0.401646	-17.2462	240.295	-0.321562	
10.9997	1.68588	0.362639	-30.4319	206.88	-4.91321	
-4.68528	0.313622	0.0878105	33.3071	-181.223	0.573972	
-3.099	0.452404	0.115605	-10.4389	-188.169	-2.57122	
11.0769	1.69263	0.363991	12.2082	189.108	11.4046	
-2.80677	0.47797	0.120725	7.20317	-224.461	13.604	
-1.68598	0.576027	0.140363	-56.2731	-212.156	8.13772	
-2.30002	0.522306	0.129604	-103.236	-229.163	13.9104	
-3.05025	0.456669	0.116459	-23.0044	-158.269	-3.29827	
-5.31431	0.25859	0.0767889	-44.966	-250.467	9.18451	
25.7961	2.98039	0.621897	-55.3734	248.514	4.35003	
-5.15932	0.272149	0.0795045	-9.38005	-194.073	4.63673	
5.54383	1.20855	0.267042	24.4379	198.222	2.39204	
-1.86675	0.560212	0.137196	-64.302	-176.792	-5.47378	
-4.50346	0.32953	0.0909964	-85.6149	-167.303	23.7079	
0.477413	0.765299	0.17827	-118.322	101.925	-0.735062	
-1.36218	0.604356	0.146037	-62.9353	-185.801	-1.6187	
-2.70861	0.486559	0.122445	-21.1696	-220.382	-5.51702	
-5.19055	0.269417	0.0789574	38.4833	-157.443	3.00114	
2.12391	0.909349	0.207119	-80.3347	227.763	-0.851902	
-3.33663	0.431614	0.111441	-39.2462	-188.639	-4.85435	
14.6819	2.00803	0.427158	-18.5892	235.692	-1.28048	
11.8829	1.76315	0.378115	-7.52783	195.223	1.28225	
-4.3288	0.344811	0.0940568	19.3617	-187.388	0.0604018	
-2.30602	0.521781	0.129499	-17.7694	-206.555	1.7926	
-2.38971	0.514459	0.128033	-16.9514	-193.147	7.66444	
2.19479	0.91555	0.208361	-62.444	166.092	9.4936	
1.84882	0.885282	0.202299	-101.788	173.974	3.81576	
4.87892	1.15038	0.255392	-30.2186	192.294	3.64357	
12.8982	1.85198	0.395904	-31.3565	210.343	3.87791	
-2.19377	0.531601	0.131466	-35.6653	-206.969	6.77499	
5.91552	1.24107	0.273555	-20.8836	202.214	8.90976	
6.37849	1.28158	0.281667	-38.4703	173.056	-0.49133	
6.14363	1.26103	0.277552	-58.9606	213.067	-2.31455	
-2.68509	0.488616	0.122857	-20.4076	-200.617	-4.52608	
11.7827	1.75438	0.376358	17.8568	212.207	7.08242	
-4.53147	0.327079	0.0905056	-21.1942	-171.443	6.58058	
19.2522	2.40788	0.507237	-41.994	276.84	1.4524	
-3.64172	0.404922	0.106095	-21.7383	-204.614	1.97652	
-2.26703	0.525192	0.130182	-90.5622	-184.371	-6.33365	
10.2617	1.62132	0.349708	-18.2531	234.402	-6.05008	
-3.57586	0.410684	0.10725	-62.1927	-183.573	11.5298	
-6.19263	0.181746	0.0613991	-22.7298	-190.308	-2.40548	
1.85175	0.885539	0.202351	-41.691	214.917	0.91214	
11.6657	1.74415	0.374308	-40.9215	231.441	-4.92446	
12.073	1.77978	0.381445	-0.893164	218.389	10.1538	
-4.2881	0.348371	0.0947698	-9.63488	-168.82	8.62467	
-2.03239	0.54572	0.134294	-68.0057	-139.036	-12.937	
-7.13	0.0997368	0.0449747	-21.2701	-183.511	-9.13478	
-1.61197	0.582502	0.14166	-30.2226	-249.677	11.352	
1.96017	0.895024	0.20425	-16.8296	189.899	5.45829	
1.43063	0.848695	0.194972	-91.8427	211.859	34.6386	
-3.15969	0.447094	0.114542	-70.9601	-161.12	15.4398	
-4.23241	0.353243	0.0957455	-24.4101	-148.77	-14.3195	
10.4565	1.63836	0.353121	-0.198143	220.162	1.78487	
-4.50808	0.329125	0.0909154	4.94836	-154.691	4.54409	
6.46663	1.28929	0.283211	-77.9113	165.047	1.56178	
-3.09933	0.452375	0.115599	-0.815169	-177.726	3.64118	
-2.38455	0.51491	0.128123	-43.116	-174.174	-0.239541	
3.962	1.07016	0.239326	-23.2057	156.517	6.87468	
1.41782	0.847574	0.194747	-114.813	182.74	2.05886	
-5.54307	0.238575	0.0727805	20.1476	-155.383	-4.33436	
7.08422	1.34332	0.294033	-20.6094	252.639	-6.96335	
14.6386	2.00425	0.426399	-5.26161	219.213	7.43239	
-3.2797	0.436595	0.112439	-30.8217	-194.947	-8.13611	
-3.61805	0.406993	0.10651	-16.1243	-197.074	-9.06026	
-2.73211	0.484503	0.122034	-60.9323	-125.6	14.4382	
16.3133	2.15076	0.455742	-29.9813	219.05	-1.83664	
5.29087	1.18642	0.26261	-1.74318	151.747	0.314216	
-2.33618	0.519142	0.128971	-21.4014	-200.052	3.66954	
-1.69137	0.575555	0.140269	-87.8636	-235.045	-10.5811	
-2.58591	0.497293	0.124595	-11.2842	-195.055	6.94285	
-4.11673	0.363364	0.0977725	-11.1429	-185.396	15.1416	
-2.99761	0.461274	0.117381	-18.2302	-182.283	-5.47329	
-2.74244	0.483599	0.121853	17.2077	-192.548	-3.79943	
12.66	1.83114	0.39173	-37.739	184.262	1.46275	
14.7168	2.01108	0.427768	3.40645	222.502	-1.70998	
-2.52196	0.502889	0.125716	-124.547	-150.78	-9.83734	
-4.90597	0.294315	0.0839437	-67.3603	-158.955	2.41324	
-3.88925	0.383266	0.101758	-0.278035	-195.059	-4.85833	
7.7931	1.40534	0.306454	-10.496	233.36	-4.27971	
-2.59816	0.496222	0.124381	-65.1506	-132.118	3.08835	
-4.21837	0.354472	0.0959916	23.7589	-153.865	-3.79705	
-1.64321	0.579769	0.141113	-79.8701	-198.098	2.8123	
-5.49327	0.242932	0.0736531	-7.81214	-178.123	-6.65448	
8.22064	1.44274	0.313945	-26.9621	178.468	5.26966	
2.14386	0.911095	0.207469	-27.2359	171.547	8.32609	
-2.39228	0.514234	0.127988	10.9412	-248.434	12.014	
-6.16355	0.18429	0.0619086	14.4696	-210.08	-0.513581	
10.6113	1.6519	0.355833	-52.4882	233.05	8.46777	
14.6541	2.0056	0.42667	-13.0772	227.073	2.85147	
-2.64224	0.492365	0.123608	5.18301	-181.706	1.40935	
-3.24306	0.4398	0.113081	-43.9521	-150.132	3.8031	
-4.23455	0.353056	0.095708	30.0294	-212.609	-3.64357	
1.28081	0.835588	0.192347	-87.1696	185.758	7.96185	
-6.26579	0.175346	0.0601173	-55.9459	-172.05	-1.21004	
-4.2699	0.349964	0.0950888	-49.2069	-172.427	-2.35022	
0.84666	0.797604	0.18474	-161.325	149.839	-2.82199	
1.6998	0.872244	0.199688	-50.0507	182.086	11.8612	
-5.76964	0.218754	0.0688107	-17.5311	-199.988	16.4441	
3.98887	1.07251	0.239797	-29.7502	179.095	3.15568	
15.527	2.08197	0.441965	-39.0064	221.305	11.5312	
-2.72505	0.485121	0.122157	-42.0613	-173.915	0.52925	
17.8595	2.28604	0.482835	-46.9786	239.323	-4.05634	
-2.24134	0.527439	0.130633	-46.2703	-131.775	0.536241	
2.40191	0.933671	0.21199	-101.313	169.882	-3.06536	
-2.74053	0.483766	0.121886	-53.3171	-195.971	-2.5623	
7.77853	1.40406	0.306198	0.0632008	190.854	5.83912	
-4.32439	0.345196	0.0941339	-8.42661	-202.571	17.2381	
5.68287	1.22072	0.269479	-47.0318	189.234	1.53026	
17.396	2.24549	0.474713	-50.1631	269.786	-2.90394	
10.7568	1.66463	0.358382	-96.2524	205.659	-5.26353	
15.7139	2.09832	0.445239	-54.1296	236.901	-0.0698339	
-2.62131	0.494197	0.123975	-73.2881	-138.493	0.13839	
-2.86146	0.473186	0.119767	-96.0998	-193.036	0.954801	
-4.23911	0.352657	0.0956283	9.76466	-203.432	9.08033	
-5.33282	0.25697	0.0764644	53.0023	-197.254	-11.9176	
-4.34472	0.343417	0.0937776	-43.3271	-157.333	4.99522	
-1.68041	0.576514	0.140461	-9.58366	-174.04	-22.3077	
14.6245	2.00301	0.426152	-36.4701	203.561	-7.84486	
4.82807	1.14593	0.254501	-48.4963	185.939	1.96177	
9.58939	1.56249	0.337928	-66.2839	216.954	-8.76161	
-4.39162	0.339314	0.0929559	-27.2636	-205.467	12.6208	
7.9708	1.42089	0.309567	-43.6066	205.067	-2.08259	
22.019	2.64995	0.555716	-22.4498	199.489	-5.62797	
15.451	2.07532	0.440633	-36.8357	266.15	5.60341	
-6.39007	0.164473	0.0579397	-30.8162	-195.046	1.68677	
-4.31409	0.346097	0.0943145	-44.7773	-201.179	12.8702	
4.83088	1.14618	0.25455	-50.5388	216.024	-0.0811619	
-5.57735	0.235576	0.0721799	-33.3298	-141.288	9.36233	
-4.4277	0.336158	0.0923238	-57.9594	-187.882	-5.97893	
-3.41771	0.42452	0.110021	-28.0945	-179.9	-7.19427	
23.6701	2.79439	0.584646	-6.12136	227.468	-1.44143	
-3.36539	0.429097	0.110937	-8.00122	-206.544	-19.1149	
24.9037	2.90233	0.606261	-39.0453	253.027	-4.46669	
-6.91184	0.118823	0.0487972	1.41464	-226.15	-11.0801	
-5.00431	0.285711	0.0822205	-36.6881	-137.154	-1.05664	
4.12067	1.08404	0.242106	-76.2097	166.089	-10.3321	
-2.42613	0.511272	0.127395	-69.2663	-188.53	16.313	
9.46389	1.55151	0.335729	-39.8788	185.631	-2.09713	
-4.19201	0.356778	0.0964535	-32.1526	-201.45	-4.33775	
7.35984	1.36743	0.298862	-67.8357	205.691	-7.50461	
-6.76742	0.131459	0.0513279	31.4272	-238.909	-8.52688	
-1.304	0.609446	0.147057	-128.853	-144.186	3.595	
-3.68502	0.401134	0.105337	35.1437	-152.698	-0.856418	
-2.63662	0.492856	0.123707	83.5495	-192.127	-2.8841	
14.038	1.9517	0.415876	-27.6377	252.242	2.18018	
-2.17702	0.533066	0.13176	-44.6981	-147.696	-4.13855	
5.65005	1.21785	0.268903	-59.9147	192.198	13.524	
14.4664	1.98918	0.423381	-13.0504	249.497	-8.40902	
-3.38093	0.427739	0.110665	-65.5458	-164.939	-16.3719	
-4.87257	0.297237	0.084529	12.145	-191.605	-7.49471	
16.019	2.12501	0.450585	-33.4027	217.271	-4.43405	
-5.37335	0.253424	0.0757543	-19.9075	-191.12	17.344	
16.6877	2.18352	0.462303	-36.5341	227.926	-1.5465	
-5.65858	0.22847	0.0707566	-65.8903	-188.505	2.84519	
8.75679	1.48965	0.323339	-40.1246	203.507	10.5539	
22.4514	2.68778	0.563293	-29.7729	242.83	-0.534507	
3.60089	1.03857	0.232999	-75.8867	192.481	-3.44328	
17.6918	2.27136	0.479896	-24.8012	241.811	0.365739	
-4.26114	0.35073	0.0952423	-7.76284	-187.213	-14.4573	
26.1975	3.01551	0.62893	-28.1986	236.735	0.727842	
-5.7696	0.218757	0.0688114	-27.6016	-188.625	6.33188	
-2.35842	0.517196	0.128581	12.1872	-207.348	-3.13688	
-2.44357	0.509747	0.127089	-66.1825	-188.085	-5.20802	
-6.43456	0.16058	0.0571601	-6.2146	-204.571	6.75682	
-5.36277	0.25435	0.0759397	25.7359	-153.739	7.34699	
11.0628	1.6914	0.363745	-15.195	222.133	16.7891	
-1.80154	0.565917	0.138339	-52.7112	-159.251	-5.17237	
-3.39391	0.426602	0.110438	12.8276	-192.317	-5.89695	
7.78154	1.40433	0.306251	-95.1608	179.728	-3.10401	
-4.44815	0.334369	0.0919655	-17.3322	-192.162	-13.5431	
-2.81643	0.477126	0.120556	-26.2485	-219.871	0.034958	
-2.45911	0.508387	0.126817	-38.746	-218.5	-3.96298	
10.5257	1.64441	0.354333	-5.07688	214.839	-0.178448	
-5.84588	0.212083	0.0674747	-69.1195	-185.753	-2.83663	
-3.83116	0.388348	0.102776	-48.4324	-175.348	1.75729	
-3.82801	0.388624	0.102831	22.9227	-174.835	1.82619	
18.4007	2.33339	0.492318	-65.5848	243.729	3.05117	
17.0754	2.21743	0.469095	-12.3953	255.15	1.97267	
-5.24642	0.264529	0.0779783	-43.6893	-196.353	-8.00458	
2.80327	0.968786	0.219023	-2.25644	178.44	2.496	
-4.67052	0.314914	0.0880691	23.47	-212.073	-9.74865	
-0.836938	0.650309	0.15524	-23.9569	-147.567	-26.7696	
-2.30708	0.521688	0.129481	-60.6829	-208.643	-10.7379	
3.52851	1.03224	0.23173	-28.6629	190.827	2.14933	
-5.54148	0.238714	0.0728084	-11.6066	-208.606	2.09619	
13.0534	1.86555	0.398622	-55.301	244.431	-8.67086	
8.85169	1.49795	0.325002	-19.9521	175.74	5.15786	
5.64852	1.21771	0.268877	-24.0501	210.001	-11.0392	
11.0358	1.68904	0.363272	15.3344	181.027	-17.0909	
-1.36114	0.604447	0.146055	-95.6497	-150.802	-9.32941	
8.52182	1.46909	0.319222	-14.6039	203.598	-11.72	
-3.32971	0.432219	0.111562	-23.7221	-193.477	2.16746	
0.439639	0.761995	0.177608	-108.051	62.8502	-1.19281	
-2.62934	0.493494	0.123834	-15.699	-184.499	3.42499	
-3.35951	0.429612	0.11104	-46.4022	-230.963	-14.3031	
10.3915	1.63267	0.351983	-22.7648	260.154	3.45192	
-1.87158	0.559789	0.137111	-68.8177	-204.888	1.24529	
5.53996	1.20821	0.266974	-51.3663	204.077	-13.7154	
-6.72923	0.1348	0.0519969	28.9237	-218.94	2.40429	
-3.57645	0.410632	0.107239	-24.1636	-173.053	14.8994	
-4.16909	0.358783	0.096855	-26.609	-190.082	1.89861	
17.4962	2.25425	0.476468	-33.4208	262.166	-0.629111	
-5.01632	0.28466	0.0820101	-43.4711	-205.334	-2.13472	
-2.83584	0.475427	0.120216	-108.912	-215.73	5.48125	
-2.58349	0.497505	0.124638	-94.5945	-175.068	-8.5414	
-3.23359	0.440629	0.113247	-23.391	-190.347	-1.83753	
3.79003	1.05512	0.236313	-50.0029	155.512	-1.11801	
-1.16933	0.621228	0.149416	-108.829	-132.353	17.6382	
4.30397	1.10008	0.245318	-75.8275	198.664	-4.72927	
-5.20146	0.268462	0.0787661	1.89081	-183.109	9.58757	
3.47623	1.02766	0.230814	-70.0348	177.723	-11.6547	
-2.56901	0.498772	0.124891	-3.31249	-217.213	-0.552798	
16.9079	2.20278	0.46616	-40.298	228.353	-9.74122	
-5.27667	0.261883	0.0774484	-12.0178	-119.22	5.18907	
6.42274	1.28545	0.282442	-13.0631	155.261	-8.07638	
-2.25144	0.526556	0.130456	-24.0252	-216.871	-1.09155	
-4.34826	0.343108	0.0937158	10.9764	-193.626	-6.2183	
7.9372	1.41795	0.308978	7.05046	198.288	5.94324	
-0.54663	0.675707	0.160327	-72.8705	-161.792	-13.7868	
-4.91202	0.293785	0.0838376	28.7659	-188.342	8.88199	
-2.16084	0.534482	0.132043	-14.3379	-135.459	2.98956	
8.12039	1.43397	0.312188	-31.2618	231.147	11.3456	
-3.43576	0.422941	0.109704	-19.7197	-190.632	-13.4681	
-5.13661	0.274136	0.0799025	30.2128	-191.081	-10.6185	
-3.58994	0.409453	0.107003	-34.6601	-220.163	11.3022	
-3.09232	0.452988	0.115722	-12.3004	-154.381	4.92174	
-2.19964	0.531088	0.131363	-66.3566	-197.611	-9.00503	
-3.40117	0.425968	0.11031	13.7838	-202.383	8.70427	
-4.33153	0.344571	0.0940088	75.3076	-205.888	-5.73566	
-3.37311	0.428422	0.110802	-45.9609	-203.865	-7.23852	
-5.25959	0.263376	0.0777476	27.2144	-220.5	-4.82612	
-4.83794	0.300267	0.0851357	-59.7818	-200.721	6.81634	
-6.80929	0.127795	0.0505941	-27.33	-204.533	-10.6662	
-2.54443	0.500922	0.125322	-53.9071	-209.093	-5.04753	
5.25609	1.18338	0.262001	-73.0881	206.998	6.58547	
9.53319	1.55758	0.336943	-24.9916	210.576	0.0640397	
-3.38515	0.427369	0.110591	15.3398	-199.121	-2.47408	
-4.16273	0.35934	0.0969665	-28.1108	-151.117	-9.17471	
-3.02978	0.45846	0.116818	-14.477	-215.243	3.25441	
9.0732	1.51733	0.328883	-90.6543	222.812	5.99717	
16.0423	2.12705	0.450994	-26.3652	231.259	7.05059	
7.70322	1.39748	0.304879	-21.6997	153.072	1.85331	
-5.20775	0.267912	0.0786559	-8.31527	-200.757	-7.94004	
-3.95033	0.377922	0.100688	-8.69656	-188.548	-12.4441	
21.3094	2.58786	0.543283	-40.7874	249.488	-6.18382	
4.98537	1.15969	0.257257	-29.8791	202.775	-2.47667	
-1.90545	0.556826	0.136518	-58.0246	-160.701	9.21822	
7.66815	1.39441	0.304264	-58.214	194.778	-2.37878	
13.5685	1.91062	0.407648	-68.3428	217.773	-14.184	
-1.66358	0.577987	0.140756	-100.13	-160.742	17.4868	
-0.791898	0.654249	0.156029	-142.864	-182.788	-2.32531	
13.1366	1.87283	0.400081	1.67575	213.661	-3.46597	
8.12635	1.43449	0.312293	-14.1415	221.743	3.68743	
2.19199	0.915306	0.208312	-100.864	195.298	-3.93676	
9.88191	1.58809	0.343053	-25.6162	188.782	-0.785546	
-3.01146	0.460063	0.117139	-32.7963	-186.152	-0.494582	
-2.1104	0.538895	0.132927	-8.53058	-182.819	8.44385	
-4.16088	0.359501	0.0969989	-16.0964	-192.594	-10.9083	
-1.17448	0.620778	0.149326	-151.158	-135.849	5.32088	
3.40282	1.02124	0.229528	-62.6704	195.354	-4.65437	
-2.80201	0.478387	0.120809	35.8755	-142.514	4.90726	
0.221306	0.742893	0.173782	-173.573	-72.9021	-33.1778	
17.218	2.22991	0.471595	-17.1685	269.549	2.06011	
9.81357	1.58211	0.341856	-34.4101	226.791	1.76725	
-2.09619	0.540138	0.133176	-23.7615	-159.238	-6.5932	
15.0722	2.04217	0.433995	-16.3558	296.681	1.84743	
-2.46088	0.508233	0.126786	-34.8187	-186.043	-4.33806	
-2.5548	0.500015	0.12514	12.0011	-201.793	-8.03627	
-5.14429	0.273464	0.0797679	-50.3418	-202.197	-14.1973	
5.95311	1.24436	0.274214	-6.85027	215.709	-3.91943	
15.5617	2.085	0.442572	-6.28411	250.635	4.03785	
-3.08276	0.453824	0.115889	-65.1608	-229.302	-2.7765	
3.56865	1.03575	0.232434	-29.3068	189.915	7.97859	
-1.44739	0.596901	0.144544	-23.306	-202.371	4.18077	
-2.75926	0.482128	0.121558	-40.7345	-150.632	7.64756	
18.6313	2.35355	0.496357	-7.35179	240.626	9.22806	
-6.30305	0.172085	0.0594643	5.03362	-198.344	4.88898	
9.99284	1.59779	0.344997	-50.9161	175.221	6.06514	
-2.42411	0.511449	0.12743	-75.8713	-210.239	-10.6086	
-7.21246	0.0925228	0.0435299	20.6447	-162.897	12.4017	
3.39982	1.02098	0.229476	-125.481	148.285	-13.7315	
-4.1318	0.362046	0.0975085	9.21038	-190.554	5.0736	
-1.81552	0.564694	0.138094	-53.6053	-169.256	10.5691	
20.0443	2.47718	0.521116	-35.7128	260.971	6.99332	
3.60944	1.03932	0.233149	-44.5407	124.513	1.38325	
-1.36028	0.604522	0.14607	-125.214	-200.733	0.792796	
-4.29502	0.347766	0.0946486	-46.6996	-219.802	12.6721	
1.93	0.892384	0.203722	-147.591	118.082	-7.76659	
12.9292	1.85469	0.396447	-45.3894	239.666	-9.90663	
8.48951	1.46627	0.318656	-94.3534	187.568	0.37757	
22.1554	2.66188	0.558107	-1.41682	223.523	4.20855	
16.5019	2.16726	0.459047	-47.4802	244.304	3.26739	
-2.97542	0.463216	0.11777	-36.6711	-217.709	-1.52453	
-3.26201	0.438142	0.112749	-14.192	-208.09	3.09402	
-5.01514	0.284764	0.0820309	-39.892	-182.621	3.73766	
10.4513	1.6379	0.35303	3.06084	192.177	-1.63061	
-1.47732	0.594282	0.14402	-60.4706	-161.035	-15.5639	
-3.11709	0.450821	0.115288	-44.2726	-203.141	0.110332	
-5.22149	0.26671	0.0784151	44.629	-207.846	-8.89402	
-4.54911	0.325535	0.0901964	6.05081	-183.864	-2.31198	
3.63636	1.04167	0.23362	13.7156	151.99	-2.26189	
6.00005	1.24847	0.275036	-20.9609	230.151	-6.26878	
-2.52908	0.502266	0.125591	-38.6907	-214.766	1.91642	
-5.95056	0.202925	0.0656407	-57.8729	-195.687	-8.01546	
-4.50892	0.329052	0.0909006	-11.4192	-173.689	4.2247	
-2.90614	0.469277	0.118984	-12.9348	-188.29	3.05758	
-1.82402	0.56395	0.137945	-95.0062	-199.83	6.63381	
-3.7826	0.392597	0.103627	-2.686	-205.105	-2.49576	
-5.18844	0.269601	0.0789943	47.6901	-221.247	1.66138	
4.66453	1.13162	0.251635	-69.2514	178.092	16.7174	
-6.20791	0.180409	0.0611313	-42.0092	-167.824	-12.8015	
4.45935	1.11367	0.24804	-47.7827	187.469	-8.75752	
5.96641	1.24552	0.274447	-35.8803	218.617	0.419098	
-3.3522	0.430252	0.111168	-5.4469	-203.109	-11.8648	
-1.3627	0.60431	0.146028	-144.328	-158.65	5.21053	
-0.691262	0.663054	0.157793	-180.1	-148.556	10.0244	
6.77639	1.31639	0.288639	-45.3422	210.783	1.72378	
-3.47123	0.419838	0.109083	-102.003	-182.739	15.5585	
18.7879	2.36726	0.499102	-50.8045	225.739	-7.44966	
10.0656	1.60416	0.346271	-7.59035	260.353	-3.19489	
1.9653	0.895473	0.20434	-116.217	123.709	-0.381089	
9.31572	1.53855	0.333132	-55.6573	210.97	-0.763594	
-4.14304	0.361062	0.0973115	-13.535	-165.214	6.92197	
-3.58413	0.40996	0.107105	11.3215	-181.746	0.713933	
6.5866	1.29978	0.285313	-38.4667	209.069	2.6494	
9.05765	1.51597	0.328611	-30.4783	198.088	-0.651508	
-2.7854	0.47984	0.1211	-2.42205	-180.556	-5.25321	
8.62141	1.47781	0.320967	-37.6703	186.096	6.19404	
8.83546	1.49653	0.324717	-25.4702	192.045	1.26659	
-6.33291	0.169473	0.0589412	17.418	-214.03	-1.75683	
-4.17275	0.358463	0.0967909	-3.94042	-184.345	-4.58648	
12.3125	1.80074	0.385642	-51.2901	218.277	-4.70927	
-1.57171	0.586024	0.142366	-94.7809	-176.353	-3.17235	
6.88967	1.3263	0.290624	-75.5402	165.758	5.72387	
20.1942	2.4903	0.523743	-11.1179	227.026	-7.70985	
-4.8884	0.295852	0.0842516	26.1778	-206.189	16.7437	
-4.70454	0.311937	0.087473	-27.8886	-197.183	8.94774	
13.3695	1.89321	0.404162	22.8992	242.369	1.79659	
-4.86111	0.298239	0.0847297	-3.92452	-168.775	-3.46978	
16.4382	2.16169	0.457931	-18.4816	220.829	2.66506	
-1.95661	0.55235	0.135622	-37.7565	-196.909	-7.29537	
-2.66645	0.490247	0.123184	-15.0487	-203.635	-15.3282	
-4.919	0.293175	0.0837154	-15.5376	-195.884	-4.91919	
16.368	2.15555	0.456701	5.75724	235.419	1.04656	
-1.79088	0.56685	0.138525	-7.11818	-180.674	-4.227	
12.3253	1.80186	0.385866	-55.4348	219.459	-1.43905	
-3.29694	0.435086	0.112137	-35.1578	-197.434	11.5343	
-2.67718	0.489308	0.122996	-42.0666	-194.215	-0.610556	
-3.03126	0.458331	0.116792	8.47725	-180.613	-0.456427	
-5.56876	0.236328	0.0723304	18.5446	-149.337	-6.37115	
-5.29524	0.260258	0.0771229	8.3482	-190.149	9.60986	
-3.86051	0.38578	0.102262	-38.6387	-173.832	-4.84661	
13.1268	1.87197	0.399908	-40.3461	205.869	3.85371	
-5.65206	0.22904	0.0708709	-24.5426	-157.313	0.514097	
-1.6097	0.582701	0.1417	-83.4734	-139.252	5.549	
7.70786	1.39788	0.30496	-28.8175	189.901	5.79568	
-2.9789	0.462911	0.117709	10.1415	-144.838	10.0617	
-2.3993	0.51362	0.127865	-42.392	-184.611	-10.8293	
-2.91918	0.468136	0.118756	-31.3979	-158.172	9.29581	
-2.46265	0.508077	0.126755	-83.8819	-183.651	3.57459	
-2.71919	0.485633	0.12226	-37.7928	-195.78	-8.09736	
5.25366	1.18317	0.261958	9.42077	198.879	4.41439	
3.1047	0.995157	0.224305	-60.3842	214.609	-15.4388	
-3.0012	0.460961	0.117319	-2.08981	-191.374	-2.07762	
-6.05896	0.193441	0.0637412	7.96053	-183.664	-3.52067	
-1.82193	0.564133	0.137981	-108.654	-184.894	2.82065	
3.43769	1.02429	0.230139	-41.6686	138.045	10.169	
10.226	1.61819	0.349082	-26.8291	211.574	-1.66755	
-5.07017	0.279949	0.0810666	-10.379	-159.9	16.0356	
-4.71681	0.310864	0.0872581	1.31625	-193.672	2.12606	
-4.38091	0.340251	0.0931436	-29.4736	-224.429	-17.7127	
-3.00621	0.460522	0.117231	31.7476	-176.083	-7.6553	
-1.06412	0.630433	0.15126	-147.1	-95.7137	3.00316	
-5.43044	0.24843	0.0747541	-67.1023	-199.031	4.96008	
-7.43849	0.0727474	0.0395694	-4.0406	-219.325	-1.04563	
-3.02859	0.458564	0.116839	8.15569	-173.892	15.7095	
1.97747	0.896538	0.204554	-128.083	181.514	2.35522	
-3.82806	0.388619	0.10283	-29.0515	-216.417	-3.69555	
-3.16938	0.446247	0.114372	40.1882	-198.265	8.50142	
5.72399	1.22432	0.270199	-41.6988	192.617	1.77303	
12.7295	1.83722	0.392948	-61.7685	206.603	-10.2779	
-3.30195	0.434648	0.112049	-6.27043	-183.655	-8.95583	
12.2178	1.79245	0.383982	-6.60904	222.591	-1.67069	
-3.50379	0.416989	0.108512	-76.6668	-167.691	-9.17276	
2.21404	0.917234	0.208699	-81.5199	124.956	-4.50863	
10.8211	1.67026	0.35951	-30.1061	243.368	-9.3495	
-3.48346	0.418768	0.108868	-29.4718	-185.934	8.93517	
-2.45615	0.508646	0.126869	-14.96	-149.131	12.3325	
-3.91577	0.380946	0.101294	-46.7289	-174.192	5.36574	
6.54844	1.29645	0.284645	-22.0739	171.477	6.6434	
-3.31866	0.433186	0.111756	-38.0553	-171.511	9.7733	
-2.12853	0.537309	0.132609	-5.83134	-201.408	0.205792	
-3.45973	0.420844	0.109284	4.27605	-206.958	6.46049	
-2.6766	0.489359	0.123006	-50.4032	-156.285	15.4284	
-3.24003	0.440066	0.113134	14.2414	-213.033	-7.05206	
-2.35633	0.517379	0.128618	-58.0465	-197.997	-4.44882	
3.70588	1.04775	0.234838	-16.9328	166.581	6.51007	
11.0514	1.6904	0.363544	-14.0597	217.36	8.8952	
-5.70835	0.224115	0.0698845	-22.9964	-224.677	8.85031	
-3.04399	0.457216	0.116569	-48.7284	-124.722	-3.30339	
18.2481	2.32003	0.489643	-17.9241	207.875	1.80628	
-1.74684	0.570703	0.139297	-142.212	-156.41	11.4865	
12.6972	1.83439	0.392382	55.8357	209.87	1.78807	
-2.79403	0.479085	0.120949	-57.7202	-187.325	-1.5609	
17.8138	2.28204	0.482034	-17.2028	234.328	-4.23625	
-3.94167	0.37868	0.10084	-19.4569	-179.829	11.0288	
5.34699	1.19133	0.263593	-42.4179	160.944	-9.69855	
2.88945	0.976325	0.220533	-89.5318	142.792	3.9943	
-3.23074	0.440878	0.113297	-113.509	-163.212	-2.8206	
8.42426	1.46056	0.317512	28.192	198.58	1.71735	
-2.8301	0.475929	0.120316	-43.5442	-188.16	12.5818	
15.0288	2.03838	0.433235	-75.079	221.669	0.691318	
17.1733	2.226	0.470811	-18.018	235.258	4.18151	
5.2616	1.18386	0.262097	-62.0286	164.21	3.74336	
-6.34386	0.168516	0.0587494	-9.61906	-145.292	10.4042	
-2.36936	0.516239	0.128389	0.219838	-206.589	-5.42142	
5.48842	1.20371	0.266071	-38.3692	223.032	4.25702	
-5.18307	0.270071	0.0790884	4.74305	-226.39	6.86185	
-2.47082	0.507363	0.126612	18.3381	-224.196	15.2725	
-3.61362	0.407381	0.106588	-39.7044	-178.423	2.33275	
-1.66257	0.578076	0.140774	-39.0053	-208.886	5.57242	
-1.94795	0.553107	0.135773	-136.754	-129.66	-5.87222	
-4.69122	0.313102	0.0877064	-30.4551	-185.96	-10.928	
-5.28541	0.261118	0.0772952	28.9642	-192.383	12.3445	
-7.10727	0.101726	0.045373	9.10175	-167.375	4.92548	
-3.06945	0.454989	0.116123	-61.2509	-189.044	-5.802	
22.8361	2.72143	0.570033	-35.2967	222.314	-0.98013	
7.24686	1.35755	0.296882	25.2847	170.082	-4.71953	
3.80752	1.05665	0.236619	-52.9271	202.03	7.95503	
8.81268	1.49454	0.324318	-45.7184	171.545	-7.94599	
-3.87052	0.384905	0.102087	-25.3922	-160.809	2.83449	
-0.598396	0.671178	0.15942	-72.2333	-134.861	1.81058	
7.5673	1.38558	0.302497	-19.5226	206.331	6.55869	
-3.48473	0.418657	0.108846	-61.0471	-198.89	6.46009	
-3.02752	0.458658	0.116857	-32.4481	-183.452	-4.95167	
-2.99725	0.461306	0.117388	28.6692	-212.189	0.523562	
15.2101	2.05425	0.436413	-19.8435	241.811	-4.80462	
-2.5722	0.498493	0.124835	-43.5012	-197.377	-14.1423	
14.5752	1.99869	0.425287	-34.5073	239.086	9.77038	
15.2443	2.05724	0.437012	-1.75225	230.095	2.43356	
-2.77902	0.480398	0.121211	-18.0131	-173.185	-3.31253	
5.16089	1.17505	0.260333	-83.2315	184.566	-5.9254	
-4.86943	0.297512	0.084584	28.3441	-174.59	-2.14754	
-4.80116	0.303484	0.08578	-27.2459	-195.99	3.42019	
-1.52909	0.589753	0.143112	-36.6372	-180.11	-9.72386	
-1.85253	0.561456	0.137445	-53.065	-175.708	-5.6795	
-3.52751	0.414914	0.108097	-26.6642	-171.731	-10.2256	
-7.34426	0.0809917	0.0412206	8.08808	-169.654	-7.3757	
12.4355	1.81149	0.387796	-38.1064	204.143	0.966895	
-7.11807	0.100781	0.0451839	-6.16769	-191.402	17.3794	
-2.64264	0.492331	0.123601	-80.3212	-145.89	12.0182	
5.92105	1.24156	0.273652	-73.26	171.423	-4.78236	
21.8854	2.63826	0.553376	-10.5977	216.311	6.55604	
-7.68588	0.0511038	0.0352348	0.748603	-185.271	-7.91719	
-0.66595	0.665268	0.158236	-156.171	-104.299	0.280271	
-4.75028	0.307936	0.0866716	16.7682	-207.612	1.52995	
-5.94221	0.203655	0.0657869	-26.4651	-163.63	8.17486	
4.2666	1.09681	0.244663	-24.8126	183.624	6.36849	
-6.28974	0.17325	0.0596975	25.9013	-186.014	-6.1106	
-5.43958	0.247629	0.0745938	-39.2182	-155.244	0.312436	
-4.68564	0.313591	0.0878043	-18.1128	-186.985	-14.1154	
18.0927	2.30644	0.48692	-17.1354	268.855	-5.24243	
-3.06684	0.455218	0.116168	-8.77993	-204.296	3.6438	
-3.18099	0.445231	0.114168	-100.435	-172.161	2.87244	
13.9898	1.94748	0.415031	-48.028	214.302	2.21217	
-1.40464	0.600641	0.145293	-87.814	-185.054	-7.53934	
11.2167	1.70487	0.366441	-39.4401	211.187	5.82819	
-4.24099	0.352492	0.0955952	22.8283	-201.728	-11.1747	
-3.82684	0.388726	0.102852	0.13181	-221.969	-11.1426	
-5.01432	0.284835	0.0820452	2.64292	-179.784	-7.46665	
10.6962	1.65933	0.357321	-51.2075	212.691	5.40799	
1.01199	0.812069	0.187637	-90.5995	38.0266	-6.76033	
-7.12475	0.100196	0.0450668	5.60151	-179.861	-7.84556	
7.78817	1.40491	0.306367	-36.5298	170.433	-16.2472	
2.29569	0.924378	0.210129	-85.3154	209.88	-1.76265	
-2.61599	0.494662	0.124068	-88.8848	-203.245	2.68068	
-2.95906	0.464647	0.118057	-55.5704	-191.747	-20.3155	
-2.52719	0.502431	0.125624	-9.67279	-185.057	-7.11316	
-3.00012	0.461055	0.117337	-89.4414	-184.841	-3.5925	
5.1772	1.17648	0.260618	-67.6938	188.721	-0.844056	
15.1813	2.05172	0.435907	-11.6885	233.855	4.90287	
8.56773	1.47311	0.320026	-15.3127	201.404	4.33771	
-2.07436	0.542048	0.133558	47.5926	-178.746	-11.8071	
13.5946	1.91291	0.408106	-19.0205	244.159	0.0314556	
-2.64342	0.492262	0.123587	13.1161	-227.894	-10.7495	
-3.23258	0.440718	0.113264	-46.611	-191.753	1.28881	
-5.28264	0.26136	0.0773437	5.83002	-213.69	9.00961	
5.56252	1.21019	0.26737	-49.7181	184.284	2.62747	
-3.34025	0.431297	0.111378	-25.6744	-211.301	-6.82752	
4.0758	1.08012	0.24132	-59.0907	193.056	-6.77285	
13.6261	1.91566	0.408657	-14.9493	258.55	-5.6838	
-1.63997	0.580052	0.14117	16.3207	-192.118	10.3867	
13.9204	1.94141	0.413814	-24.8749	226.373	8.03587	
-3.77797	0.393002	0.103708	32.0352	-182.164	6.24591	
-1.1199	0.625553	0.150282	14.7518	-254.846	0.596469	
11.9052	1.7651	0.378505	-26.6745	211.066	-6.82831	
2.72649	0.962068	0.217678	-121.508	162.935	0.0773179	
-3.81329	0.389912	0.103089	-34.2471	-180.22	9.26904	
10.7391	1.66308	0.358073	-39.8113	220.785	2.53128	
-2.08047	0.541514	0.133451	-71.4748	-198.654	4.47451	
17.2733	2.23475	0.472563	6.44682	229.723	-7.17291	
4.07323	1.07989	0.241275	-37.7166	171.022	6.20337	
-3.50883	0.416549	0.108424	-42.1549	-186.311	0.51354	
-2.42943	0.510984	0.127337	-25.2316	-190.786	-9.37327	
-0.989065	0.636999	0.152575	-142.339	-146.046	-18.4715	
8.16982	1.4383	0.313054	-15.8526	198.569	-11.1132	
-6.15652	0.184905	0.0620318	31.3379	-188.075	-3.94324	
-1.7899	0.566935	0.138543	-87.1819	-196.781	-13.538	
11.9392	1.76808	0.379101	-13.6285	223.537	-6.98695	
-3.66402	0.402971	0.105705	15.271	-170.955	13.9399	
14.1816	1.96426	0.418392	-29.4114	210.899	-2.38903	
-3.65925	0.403388	0.105788	16.0103	-206.233	-3.39848	
8.24223	1.44463	0.314323	-10.3142	191.339	1.72775	
-5.60631	0.233042	0.0716724	47.8973	-225.755	-8.02426	
-5.50788	0.241654	0.0733971	-46.2888	-207.987	5.39171	
-4.18061	0.357775	0.0966532	-5.79145	-166.791	-0.0797978	
-1.15141	0.622796	0.14973	-120.994	-132.144	-1.75434	
-7.57843	0.0605042	0.0371174	-25.4167	-236.593	-2.09361	
-1.21082	0.617598	0.148689	-120.246	-124.09	1.78139	
10.9047	1.67757	0.360974	-63.0071	202.658	-16.2902	
7.98448	1.42208	0.309807	-93.1239	209.902	-5.42753	
-4.05747	0.368549	0.0988109	-15.6407	-168.271	-12.3221	
-1.06912	0.629995	0.151172	-121.614	-228.149	-2.67891	
-2.32631	0.520005	0.129144	-39.4304	-190.83	19.3823	
14.3812	1.98173	0.421889	7.90523	257.028	7.02989	
0.147582	0.736443	0.172491	-129.791	-41.5515	-14.0155	
7.61394	1.38966	0.303314	-3.20007	203.003	0.680652	
8.71222	1.48575	0.322558	-10.3255	226.368	-3.44028	
-5.2554	0.263743	0.0778211	-58.1313	-225.791	-4.17976	
14.0957	1.95674	0.416886	-53.7176	208.518	-2.4125	
-4.11856	0.363204	0.0977404	-37.9645	-190.383	11.4639	
0.880255	0.800544	0.185328	-67.2908	191.564	12.7515	
20.1464	2.48611	0.522905	-75.6207	209.644	-7.43082	
-3.54522	0.413365	0.107786	-40.4562	-232.282	-0.636393	
-3.52612	0.415035	0.108121	32.5258	-206.707	-0.16893	
-3.2994	0.434871	0.112094	-42.482	-186.496	-10.4447	
14.6091	2.00166	0.425881	-42.4382	226.268	4.06633	
-3.91633	0.380896	0.101284	11.0227	-204.896	-11.6699	
-3.73507	0.396755	0.10446	-90.1299	-189.339	10.7449	
15.8537	2.11055	0.447689	-23.9252	250.99	3.48336	
-3.23136	0.440824	0.113286	53.5971	-213.791	6.35406	
-5.73083	0.222149	0.0694907	-21.2894	-205.359	-15.4019	
11.1669	1.7005	0.365567	-55.7804	213.506	-2.14778	
-5.44236	0.247386	0.0745451	-33.9728	-213.206	0.389035	
5.31477	1.18851	0.263029	-74.6034	172.085	-8.1307	
15.9081	2.11531	0.448642	-51.7702	222.075	1.55966	
-2.57123	0.498578	0.124852	-106.756	-174.131	20.6078	
25.0421	2.91443	0.608686	-25.8206	246.522	-1.19831	
19.3994	2.42076	0.509816	-1.73159	226.779	4.47769	
-3.77607	0.393168	0.103741	-16.5382	-164.061	4.01777	
-5.14095	0.273756	0.0798264	-17.8026	-192.592	-1.01171	
14.5247	1.99428	0.424403	-37.8926	210.011	-5.42404	
-4.75001	0.307959	0.0866764	-22.3802	-175.373	-2.17063	
11.4461	1.72494	0.370461	-37.5311	231.583	-3.47628	
-3.20535	0.443099	0.113741	0.419503	-192.529	1.88586	
-5.55303	0.237704	0.072606	-18.2126	-177.057	13.9798	
21.2355	2.5814	0.541987	-26.2248	215.006	1.01752	
-6.53085	0.152156	0.0554729	-51.8483	-206.914	11.1076	
3.85824	1.06108	0.237508	-50.152	192.271	9.73791	
9.59405	1.5629	0.338009	-23.8096	181.525	-3.42685	
-3.62462	0.406418	0.106395	-65.1965	-195.901	-5.42279	
-0.658248	0.665942	0.158371	-121.503	-80.942	20.0903	
8.17343	1.43861	0.313118	-37.0339	211.755	-8.39209	
-5.81723	0.21459	0.0679768	-49.4681	-197.896	20.7878	
-2.847	0.474451	0.12002	-49.6808	-163.96	15.2398	
-1.15195	0.622748	0.149721	-55.5041	-137.374	-5.47956	
-3.66217	0.403133	0.105737	-10.2967	-157.303	5.25138	
-3.52769	0.414898	0.108094	-60.9545	-175.562	-0.275886	
9.81996	1.58267	0.341968	-6.29579	227.018	-1.20767	
-0.201712	0.705884	0.16637	-144.897	-103.839	-35.1964	
-1.75507	0.569983	0.139153	-145.348	-190.779	11.1568	
9.46437	1.55156	0.335737	-75.0428	230.227	-0.765623	
11.0889	1.69368	0.364202	-50.2989	244.613	2.92199	
-1.96787	0.551365	0.135424	-49.0459	-190.458	-14.2859	
-3.69372	0.400372	0.105184	13.3168	-207.275	-1.39749	
7.76736	1.40309	0.306002	-45.6324	185.245	-3.29116	
-5.35141	0.255344	0.0761388	8.24216	-210.503	-18.4352	
10.2469	1.62002	0.349449	-16.6872	210.443	8.58967	
7.54234	1.3834	0.30206	-54.3027	234.772	-5.20813	
-4.49091	0.330627	0.0912162	42.5433	-189.07	6.38021	
-4.00875	0.372811	0.0996645	-5.89491	-216.727	-10.7212	
2.06169	0.903906	0.206029	-196.047	156.548	-1.09084	
9.77042	1.57833	0.341099	-10.4109	215.181	5.47395	
17.2816	2.23548	0.472709	-70.6964	220.878	-3.51254	
10.1807	1.61423	0.348288	-21.4139	237.008	1.69993	
-2.59901	0.496147	0.124366	17.5351	-175.552	-3.40756	
10.2599	1.62115	0.349676	-27.8109	232.938	5.22745	
-1.72414	0.572689	0.139695	-59.095	-211.156	-1.75194	
-2.29821	0.522464	0.129636	-11.8335	-241.464	1.19378	
15.6776	2.09514	0.444604	-2.70769	220.616	-0.011997	
6.71712	1.3112	0.287601	-52.8417	176.896	-2.41734	
10.4935	1.64159	0.353768	2.60414	213.2	13.9042	
-5.77387	0.218383	0.0687365	21.0758	-191.807	-12.4198	
6.90162	1.32734	0.290833	-67.5961	187.78	-12.7882	
-5.57228	0.23602	0.0722687	25.4711	-210.745	-1.66147	
9.61296	1.56456	0.338341	-34.869	205.211	5.3149	
8.99752	1.51071	0.327557	-30.8021	196.66	-7.9669	
0.799976	0.79352	0.183922	-141.905	2.77025	-17.7665	
-5.90341	0.20705	0.0664668	-52.7398	-167.397	-4.9145	
-1.24211	0.61486	0.148141	-144.312	-243.062	-10.2456	
-0.404413	0.68815	0.162819	-171.455	-88.4567	12.4532	
-2.01493	0.547248	0.1346	-26.5256	-196.2	-0.920243	
1.43292	0.848896	0.195012	-65.0243	188.359	-12.4715	
-4.4573	0.333568	0.0918051	-48.6672	-188.684	5.42966	
-5.38037	0.25281	0.0756314	13.0564	-195.486	11.1789	
0.536366	0.770457	0.179303	-66.7776	125.545	18.8386	
7.79705	1.40568	0.306523	-40.2072	220.653	5.64616	
4.73847	1.13809	0.252931	-86.5283	195.628	8.12896	
-5.20052	0.268545	0.0787826	8.53187	-165.804	6.61766	
7.9494	1.41901	0.309192	-76.7016	226.047	-7.59443	
11.1061	1.69519	0.364503	14.8124	219.654	-3.94545	
6.04874	1.25273	0.275889	-36.9508	178.578	-5.38157	
20.0851	2.48075	0.521831	-46.272	216.804	-1.81118	
9.74225	1.57587	0.340606	4.66748	214.111	-7.33704	
-6.09121	0.19062	0.0631763	-72.1342	-164.681	-17.9209	
-3.46506	0.420378	0.109191	3.15347	-175.482	15.3917	
-2.77388	0.480848	0.121302	-1.57664	-163.081	12.5396	
-4.47141	0.332334	0.0915579	-78.3384	-166.386	6.23244	
4.49996	1.11723	0.248752	19.1409	168.809	-1.30392	
5.74332	1.22601	0.270538	0.269954	165.98	0.551666	
-5.00088	0.286011	0.0822807	-29.1853	-201.556	0.443338	
8.16835	1.43817	0.313028	-18.2403	205.235	-13.382	
-1.83247	0.563211	0.137797	11.2825	-213.626	-11.5225	
-4.08276	0.366336	0.0983677	-90.7609	-213.2	-1.59267	
-6.55119	0.150376	0.0551165	-30.8184	-209.223	12.3964	
-3.00842	0.460329	0.117192	-15.8162	-159.702	-2.61683	
-1.94926	0.552993	0.13575	-75.751	-176.006	-8.39278	
13.4361	1.89904	0.405329	-80.5538	202.405	-2.8996	
10.5562	1.64708	0.354868	-62.8871	243.288	-2.0786	
11.4467	1.72499	0.370471	-14.6903	224.639	-8.55425	
17.3183	2.23869	0.473352	-14.0381	193.694	1.77699	
8.9874	1.50983	0.32738	-63.5578	236.864	-1.27936	
-2.67077	0.489869	0.123108	-47.4785	-200.1	-3.2176	
-1.23396	0.615574	0.148284	-149.142	-112.012	-2.14339	
-2.28374	0.52373	0.12989	27.1991	-185.989	-5.56752	
15.8225	2.10782	0.447143	-65.8691	198.23	-6.10906	
-5.10283	0.277091	0.0804943	-23.4184	-233.493	-5.3135	
13.9688	1.94564	0.414662	-18.3077	217.175	-2.99168	
-6.32051	0.170559	0.0591585	2.71785	-151.275	2.23513	
7.64467	1.39235	0.303853	-29.5551	198.667	-0.234662	
6.21867	1.26759	0.278867	-31.8065	205.306	-18.0956	
-7.0118	0.110078	0.0470459	17.5032	-208.631	3.31931	
7.09211	1.34401	0.294171	-6.5771	197.629	-8.60933	
-6.31925	0.170668	0.0591805	49.0978	-189.515	2.50432	
-4.89184	0.295551	0.0841912	-81.9921	-178.144	4.98867	
13.7688	1.92815	0.411159	-30.4084	232.541	-3.5527	
15.0236	2.03793	0.433144	-76.8285	223.596	-4.47694	
13.5335	1.90756	0.407036	-51.5664	229.722	5.80604	
-2.00995	0.547684	0.134687	-11.452	-216.337	-11.1097	
3.38556	1.01973	0.229226	-19.7963	186.591	-7.79452	
-4.1521	0.36027	0.0971528	-49.0683	-173.81	-2.08796	
12.9848	1.85955	0.397421	-27.7892	232.791	-10.659	
-3.46233	0.420617	0.109239	14.9075	-204.318	7.09855	
-4.02057	0.371777	0.0994574	-10.6213	-194.289	-1.94856	
6.03138	1.25121	0.275585	-47.299	196.723	2.05419	
2.30007	0.924761	0.210206	-100.527	151.228	-14.2161	
-1.79698	0.566316	0.138419	-20.9412	-174.593	2.36898	
11.2474	1.70755	0.366979	-38.7855	255.561	8.89213	
15.9065	2.11517	0.448615	-0.837879	230.314	6.37569	
-3.35732	0.429803	0.111079	-21.6039	-170.205	-0.3875	
3.71114	1.04821	0.23493	-72.6956	237.163	-17.4464	
-4.48312	0.331309	0.0913528	36.3573	-177.57	-5.74685	
4.5623	1.12268	0.249844	-64.8795	196.088	5.65008	
18.3208	2.32639	0.490916	-16.6793	203.07	-3.54335	
-2.79054	0.479391	0.12101	-49.4116	-182.096	-5.54541	
11.2724	1.70974	0.367416	-50.8993	196.23	1.12476	
-3.25465	0.438786	0.112878	-47.2007	-168.698	3.35592	
-1.86027	0.560779	0.13731	-44.5409	-184.66	-0.735862	
3.10318	0.995025	0.224278	-21.1666	211.717	-12.3003	
-3.02705	0.458699	0.116866	-62.7172	-209.279	7.83605	
2.08139	0.905629	0.206374	-103.366	162.67	-11.4212	
-2.40547	0.51308	0.127757	-8.22992	-189.189	-0.59346	
-1.48672	0.59346	0.143855	-13.625	-234.171	-2.40796	
18.0283	2.30081	0.485793	-16.9923	223.235	0.85501	
11.518	1.73122	0.371719	-30.3706	212.883	3.48599	
6.67109	1.30718	0.286794	-71.0805	162.648	3.26959	
-3.91579	0.380944	0.101293	-8.93967	-176.114	2.12726	
-5.55975	0.237116	0.0724883	15.7854	-150.676	-6.74138	
-3.41986	0.424332	0.109983	-29.7183	-188.358	-11.6516	
6.80844	1.31919	0.2892	-63.1186	177.929	-5.51917	
-3.25415	0.43883	0.112886	-47.8898	-210.675	6.41179	
3.10596	0.995268	0.224327	-31.8841	190.912	6.728	
3.05764	0.99104	0.22348	-51.615	159.15	-1.15945	
10.9214	1.67903	0.361266	-63.9528	209.006	2.2603	
14.1777	1.96392	0.418322	-31.1614	217.346	-3.96173	
13.8186	1.9325	0.412031	-17.847	242.137	-6.94129	
-6.42023	0.161834	0.0574112	-13.6813	-209.284	7.72071	
-3.01438	0.459807	0.117088	-26.3911	-200.164	-2.61023	
0.177656	0.739074	0.173018	-124.481	46.6578	-11.9279	
-2.05183	0.54402	0.133953	-47.4165	-191.541	2.70208	
-6.23436	0.178095	0.0606679	-43.4256	-186.566	-2.03246	
12.5083	1.81787	0.389073	-16.2598	236.667	-0.0156609	
5.42492	1.19815	0.264959	-30.4478	188.119	-5.23077	
-4.32321	0.345299	0.0941546	-20.4765	-183.134	-4.38139	
-2.51342	0.503635	0.125865	-53.2069	-179.522	-8.88125	
-2.50338	0.504514	0.126041	23.0948	-151.329	2.34751	
-4.06728	0.367691	0.098639	-28.34	-196.757	9.46906	
11.1514	1.69915	0.365297	-26.5313	181.388	-6.25258	
-3.14352	0.448509	0.114825	33.1371	-137.482	-5.96088	
-2.46741	0.507661	0.126671	41.1217	-140.032	8.46475	
13.7657	1.92787	0.411103	-28.2705	203.785	-1.6424	
9.3709	1.54338	0.334099	-59.7619	249.656	-8.08146	
-4.03282	0.370705	0.0992428	-7.9779	-202.347	-0.979559	
4.37851	1.1066	0.246624	-50.9386	212.021	-1.81106	
19.5756	2.43618	0.512904	-37.2842	205.603	1.47596	
4.88742	1.15113	0.255541	-14.3145	204.127	-5.58882	
6.92418	1.32932	0.291228	-2.60738	181.323	7.29674	
-5.90366	0.207028	0.0664624	-30.1167	-193.612	-0.0482013	
4.50551	1.11771	0.248849	-36.5149	179.36	1.51383	
-5.47206	0.244788	0.0740248	13.899	-196.859	-0.652257	
-3.42554	0.423835	0.109883	18.5217	-174.229	7.56009	
-2.07101	0.542342	0.133617	-42.9575	-174.341	-1.78902	
9.77133	1.57841	0.341115	-44.9763	216.834	-8.68674	
17.3372	2.24034	0.473683	-41.778	215.56	6.44678	
11.189	1.70244	0.365955	-34.2474	191.118	-1.36241	
15.0937	2.04406	0.434373	-15.3449	256.065	11.9148	
-2.52837	0.502327	0.125603	-68.5558	-179.729	-2.41768	
-2.16494	0.534124	0.131971	-92.7868	-189.519	4.32731	
14.3353	1.97771	0.421085	-15.4296	224.51	1.96293	
-3.48744	0.41842	0.108799	-65.9408	-155.594	-3.40009	
-6.18154	0.182716	0.0615934	-46.6285	-175.523	10.5791	
4.95008	1.15661	0.256639	-82.4327	194.685	-0.353595	
-2.48906	0.505766	0.126292	-43.8829	-210.607	-1.71072	
-5.21815	0.267002	0.0784738	-2.10782	-212.364	7.58557	
13.1904	1.87754	0.401024	-11.2426	245.688	9.30501	
11.0981	1.69449	0.364364	-56.0473	209.36	-8.99223	
12.1302	1.78479	0.382447	-28.9904	197.365	-10.3322	
-1.96226	0.551856	0.135523	-106.385	-215.558	4.30281	
-4.29415	0.347842	0.0946638	-16.3616	-189.547	-4.57392	
19.1636	2.40013	0.505685	-20.7375	232.875	5.20035	
-2.93489	0.466762	0.11848	0.429955	-218.161	-12.4361	
10.8158	1.66979	0.359416	-15.9249	268.402	0.733504	
4.66603	1.13176	0.251662	-18.4502	128.429	13.448	
5.4909	1.20392	0.266115	-7.03038	196.749	-2.9536	
-5.28622	0.261047	0.077281	-18.3569	-187.242	-0.614058	
-4.65276	0.316467	0.0883803	-79.1574	-203.432	4.34665	
-5.50061	0.24229	0.0735246	-29.9356	-191.464	18.8256	
-2.76211	0.481878	0.121508	-21.5214	-229.024	9.05257	
2.2682	0.921973	0.209648	-130.175	181.205	1.02632	
-2.70057	0.487262	0.122586	-77.3064	-172.931	-9.32441	
-0.790912	0.654335	0.156047	-119.645	-31.8671	4.33963	
