10 15
14.2802	0.025	0	12.3781	7.22981	224.65	
2.11808	0.025	3.14159	25.1428	-2.57651	175.459	
8.97575	0.025	0	19.1201	-1.27227	228.687	
14.6332	0.025	0	11.5664	-2.1314	254.451	
5.22012	0.025	0	-21.7368	2.44279	191.139	
2.67347	0.025	0	-19.0069	11.4814	170.525	
5.52818	0.025	0	-6.628	15.0827	218.983	
0.577087	0.025	3.14159	166.518	-8.87355	148.738	
12.3295	0.025	0	11.4202	10.1864	238.428	
9.58876	0.025	0	24.2697	3.46429	217.094	
8.21683	0.025	0	-61.4765	-1.31334	169.81	
4.76452	0.025	0	23.5647	-8.8936	177.527	
0.0846071	0.025	0	-115.665	-24.3557	88.9459	
2.85706	0.025	3.14159	11.3691	16.5767	211.619	
6.1222	0.025	0	-2.29034	-13.5626	168.816	
0.289257	0.025	0	174.649	16.4277	127.41	
0.79224	0.025	3.14159	-65.6422	-0.285842	90.8282	
11.0749	0.025	0	51.5006	-10.8713	209.177	
1.84967	0.025	0	-49.1152	-15.9428	235.125	
1.91756	0.025	0	-16.8678	-15.961	112.577	
0.571562	0.025	0	99.8937	-16.8556	183.747	
11.0102	0.025	0	1.97383	11.6762	220.037	
4.16217	0.025	0	-59.8506	-10.6161	179.267	
2.03039	0.025	0	-2.78394	2.5012	216.261	
10.3735	0.025	0	9.43301	-9.54321	256.128	
0.328604	0.025	3.14159	14.5937	-9.1519	208.091	
0.516168	0.025	0	-40.6638	2.99985	229.201	
2.83117	0.025	0	9.36817	-18.852	223.533	
10.4056	0.025	0	-0.751954	-15.9389	199.264	
6.68675	0.025	0	-24.956	6.24201	201.096	
12.1841	0.025	0	19.6056	7.55226	210.891	
1.64219	0.025	0	-48.1614	2.83529	224.835	
6.58835	0.025	0	20.6766	10.3349	145.821	
2.77809	0.025	3.14159	-8.80453	0.775138	201.337	
12.6764	0.025	0	9.8474	5.25524	195.211	
5.50906	0.025	0	-37.0931	-13.3849	186.144	
7.28901	0.025	0	-11.8274	-3.02208	189.212	
4.44501	0.025	0	-1.81712	-11.6225	193.331	
2.44888	0.025	3.14159	16.1358	-4.76136	229.079	
1.08513	0.025	0	57.37	7.22863	242.665	
8.99778	0.025	0	13.2351	5.56827	205.003	
5.52435	0.025	0	44.2373	11.465	196.417	
14.2079	0.025	0	-51.2028	12.2562	168.242	
0.900791	0.025	0	7.55918	22.0628	161.675	
1.41896	0.025	3.14159	-37.2441	5.26102	251.358	
0.879066	0.025	3.14159	44.8457	6.31327	167.582	
10.0629	0.025	0	10.9846	-12.1772	218.555	
5.07898	0.025	0	-47.8369	10.2851	150.936	
0.530843	0.025	0	-29.789	15.0341	277.206	
3.44525	0.025	0	37.6562	-8.15878	202.567	
9.40707	0.025	0	10.2338	-6.38047	199.251	
3.09467	0.025	0	-10.4447	-0.476462	211.069	
2.43263	0.025	0	21.7335	5.90756	213.001	
6.73284	0.025	0	6.00721	-1.7152	204.994	
0.167657	0.025	3.14159	-23.8564	-37.8445	277.731	
1.72965	0.025	3.14159	0.612973	4.55969	160.839	
10.6992	0.025	0	32.5446	-3.03776	223.689	
1.47387	0.025	0	-23.1067	-1.4978	226.486	
0.620715	0.025	0	28.4266	12.5552	195.589	
8.28172	0.025	0	-5.70749	-3.14158	154.745	
17.3693	0.025	0	16.6351	5.8151	234.793	
8.59258	0.025	0	11.3633	14.0289	195.964	
1.18908	0.025	3.14159	14.0677	-0.0468493	225.72	
0.586772	0.025	0	-31.4798	-8.45036	196.045	
0.643143	0.025	3.14159	88.7571	-11.2458	171.8	
5.81515	0.025	0	37.7101	-1.04436	190.719	
0.298009	0.025	3.14159	9.44396	19.1321	247.917	
8.44041	0.025	0	-13.6328	9.36798	190.347	
2.49668	0.025	0	-59.429	-6.32669	208.39	
0.368173	0.025	0	-108.284	2.79951	183.494	
8.686	0.025	0	-36.5868	-2.82924	235.288	
1.20889	0.025	0	34.5637	-14.6995	181.845	
7.40484	0.025	0	10.7549	0.190663	182.587	
1.53108	0.025	0	-61.578	0.0951359	153.893	
0.440162	0.025	3.14159	-0.169498	19.7693	232.899	
8.24818	0.025	0	32.2361	-8.18606	186.833	
4.79086	0.025	0	11.7456	6.84847	209.014	
5.05691	0.025	0	6.92616	-8.45615	233.907	
0.373096	0.025	0	84.0196	0.406733	114.313	
2.08621	0.025	0	-28.4646	10.2623	171.605	
4.56493	0.025	0	53.4836	-10.6637	170.597	
1.31333	0.025	0	34.7219	1.90369	194.356	
5.94217	0.025	0	9.55505	-6.91699	193.126	
2.33054	0.025	0	70.0725	1.02186	161.408	
1.23148	0.025	0	-14.3544	-7.0489	237.524	
0.607869	0.025	0	82.2076	8.21369	217.057	
3.53364	0.025	0	-7.28139	-7.83543	186.443	
5.28899	0.025	0	55.2081	-12.2075	199.583	
9.24072	0.025	0	36.312	-11.5682	183.321	
9.33262	0.025	0	-1.00134	-2.0615	213.032	
7.32416	0.025	0	9.28966	11.1227	142.291	
9.11997	0.025	0	31.5179	-8.0353	213.985	
6.79185	0.025	0	-1.93484	4.2533	204.734	
0.374331	0.025	3.14159	70.289	-24.8873	190.098	
13.2526	0.025	0	-16.8441	-5.08877	248.661	
9.35042	0.025	0	-17.7718	-6.87814	197.81	
3.40798	0.025	0	28.8691	-0.421847	171.78	
8.31464	0.025	0	55.256	8.349	203.575	
1.02605	0.025	3.14159	84.043	2.95805	184.213	
0.900035	0.025	0	-49.2978	-2.16264	222.964	
18.4375	0.025	0	27.8665	-4.89802	239.456	
2.83224	0.025	0	31.3547	1.40342	203.328	
2.41123	0.025	0	-19.1457	2.47022	199.009	
1.37441	0.025	0	4.6773	11.8386	218.804	
10.6772	0.025	0	-36.3214	6.34512	243.781	
12.0761	0.025	0	28.3582	3.77004	196.973	
1.29175	0.025	3.14159	26.6953	-1.15604	180.781	
3.48988	0.025	0	52.1702	-0.303128	223.397	
5.70618	0.025	0	-34.2757	3.21735	219.675	
6.98726	0.025	0	17.4431	-4.34112	184.071	
12.6856	0.025	0	-2.58787	-0.286362	245.905	
0.449678	0.025	3.14159	44.1962	-12.9648	200.427	
5.92108	0.025	0	22.0326	-4.05657	201.179	
13.6592	0.025	0	20.4976	-7.34558	214.854	
8.01469	0.025	0	2.30469	-0.445946	224.292	
0.882965	0.025	0	-29.5392	-2.88595	199.158	
6.87542	0.025	0	-47.4061	14.1287	202.978	
4.98827	0.025	0	-35.1333	-5.78233	163.854	
0.448221	0.025	0	-92.7529	4.02195	211.243	
3.42551	0.025	3.14159	36.401	-2.37505	227.923	
10.5703	0.025	0	29.2206	-7.30726	227.07	
12.3945	0.025	0	-11.0637	3.78978	238.102	
13.3757	0.025	0	30.282	8.72995	231.827	
1.75236	0.025	3.14159	-92.5347	5.36348	240.417	
1.10048	0.025	3.14159	117.381	6.07864	226.584	
4.79716	0.025	0	9.53183	6.51174	174.272	
2.66907	0.025	0	14.1475	-4.28365	146.559	
4.91795	0.025	0	-0.941043	0.187493	156.181	
3.41089	0.025	0	12.0654	-5.6114	190.181	
8.33443	0.025	0	8.36992	-9.54076	167.953	
1.20142	0.025	0	9.63635	-3.50576	186.496	
2.76956	0.025	3.14159	-40.4723	-8.48582	192.332	
9.03859	0.025	0	-24.6158	-1.01015	213.376	
15.2306	0.025	0	19.9604	-0.291955	251.865	
0.0573808	0.025	0	-188.738	4.48978	138.254	
10.9619	0.025	0	-25.7847	1.99775	200.088	
0.824358	0.025	0	-117.19	-32.6239	189.17	
1.21716	0.025	0	-45.0072	-5.5211	259.643	
3.08911	0.025	0	-39.3358	22.2237	236.346	
4.96281	0.025	0	-29.0624	3.95701	186.373	
1.00407	0.025	0	12.3856	-15.4285	203.402	
1.70745	0.025	0	-59.204	9.82422	155.836	
6.95233	0.025	0	-2.38102	-14.7078	198.261	
4.97389	0.025	0	37.4115	-2.43246	188.445	
0.808969	0.025	0	-66.2728	-10.4533	210.754	
0.675661	0.025	0	-9.00789	6.72058	208.679	
3.99561	0.025	3.14159	-23.4319	4.33111	174.919	
4.21611	0.025	0	8.39789	4.49278	225.257	
6.73458	0.025	0	0.989026	-1.97436	160.973	
12.5116	0.025	0	53.6493	-13.2048	235.907	
6.82748	0.025	0	-13.9292	-2.21635	214.749	
5.18848	0.025	0	61.514	17.151	212.335	
3.59178	0.025	0	41.0048	-12.0801	151.544	
6.8155	0.025	0	-5.83817	3.43008	209.191	
8.3141	0.025	0	33.9695	3.17982	197.981	
1.63946	0.025	0	-40.9096	-4.7935	176.064	
3.6587	0.025	3.14159	-13.7975	1.91921	170.33	
5.16243	0.025	0	8.01526	-7.96573	212.942	
6.42492	0.025	0	10.3968	-15.0119	190.518	
9.81949	0.025	0	15.2489	10.0216	212.324	
2.12095	0.025	3.14159	61.0414	10.7632	190.527	
5.17087	0.025	0	47.6202	-12.3754	204.669	
6.65894	0.025	0	17.0807	0.154315	180.721	
5.40519	0.025	3.14159	-13.9675	-8.51252	186.663	
0.428439	0.025	3.14159	-56.2751	9.99667	140.531	
2.33373	0.025	3.14159	24.4837	0.373436	182.297	
6.43393	0.025	0	-10.6656	2.20243	205.348	
8.99357	0.025	0	6.31477	7.9351	195.54	
7.78861	0.025	0	-47.61	7.75193	165.601	
11.1942	0.025	0	27.3126	-3.48871	233.447	
8.62923	0.025	0	-58.4491	3.67532	233.275	
9.53344	0.025	0	27.4396	0.425314	218.455	
0.573285	0.025	0	48.9862	-4.73797	188.612	
2.47498	0.025	0	15.7492	3.58874	160.385	
5.81977	0.025	0	18.9978	5.03338	182.884	
5.46182	0.025	0	-7.24241	1.35662	207.177	
0.333385	0.025	3.14159	98.4691	6.7644	195.376	
5.47285	0.025	0	33.298	-3.49306	202.916	
0.321411	0.025	0	40.2112	14.8153	303.7	
1.00851	0.025	0	-8.82559	-7.52496	172.507	
2.39261	0.025	0	-10.7479	-7.50947	179.894	
0.606353	0.025	3.14159	-188.021	-12.3906	188.568	
14.4689	0.025	0	-10.8945	1.38279	202.062	
2.8017	0.025	0	21.5475	-13.0071	206.251	
1.60731	0.025	3.14159	51.4949	7.47032	173.852	
6.52916	0.025	0	-0.55273	-8.69481	182.129	
12.7527	0.025	0	-18.1874	-3.95166	217.336	
0.789483	0.025	0	46.345	-17.3633	242.479	
0.885229	0.025	3.14159	8.22771	-17.5789	171.968	
7.05111	0.025	0	-1.0249	-13.3135	208.07	
6.09806	0.025	0	27.3176	-0.603495	193.436	
1.16728	0.025	0	76.957	7.13382	111.863	
13.7813	0.025	0	-6.71345	15.4371	208.594	
10.1755	0.025	0	7.2181	-5.2778	212.507	
0.437791	0.025	0	-53.1482	20.8297	248.882	
3.69084	0.025	0	4.92966	5.52108	175.976	
14.2986	0.025	0	-30.8968	-7.81015	241.279	
8.67279	0.025	0	25.8381	1.70453	204.466	
0.664206	0.025	0	150.786	-10.6067	230.282	
1.96041	0.025	3.14159	64.9378	0.811697	227.318	
0.913537	0.025	0	-86.1133	7.6737	142.639	
1.0149	0.025	3.14159	-33.1127	15.6463	181.941	
11.5792	0.025	0	-35.4172	-8.11566	219.181	
13.4557	0.025	0	13.8959	0.321054	204.891	
1.09802	0.025	3.14159	-15.1179	-3.7181	190.996	
2.3245	0.025	3.14159	-9.98757	3.71432	230.086	
2.12611	0.025	0	-10.988	12.5437	183.28	
1.52798	0.025	0	-13.7484	1.71474	287.448	
2.886	0.025	0	29.4384	19.7281	186.709	
0.31539	0.025	0	-15.6683	9.9872	174.135	
1.32954	0.025	0	-19.8455	-4.25947	170.547	
6.44035	0.025	3.14159	-22.2712	10.7514	250.154	
0.063623	0.025	0	16.4907	-53.0891	-114.933	
14.5923	0.025	0	-18.0744	12.2936	197.702	
10.3431	0.025	0	-11.4835	-3.34857	196.017	
0.431528	0.025	3.14159	-10.4149	-14.9614	243.916	
1.14599	0.025	0	-29.4359	14.8539	200.687	
1.63141	0.025	0	-62.8046	-2.45655	230.451	
4.58226	0.025	0	-30.991	3.27154	212.865	
2.63304	0.025	0	34.6505	-8.94928	185.613	
1.7685	0.025	3.14159	16.7233	6.4263	191.284	
2.72323	0.025	3.14159	-72.982	13.4329	184.873	
2.49128	0.025	0	-18.7323	14.2377	171.732	
1.39222	0.025	0	25.7281	6.488	241.922	
2.65002	0.025	3.14159	30.2726	7.72932	226.638	
1.8462	0.025	0	-4.90794	6.28091	150.771	
1.5361	0.025	3.14159	25.7205	-14.8218	238.404	
0.718171	0.025	0	-18.4655	-9.34279	215.125	
13.0948	0.025	0	-2.91446	-5.45098	207.789	
2.5729	0.025	0	58.9567	-16.4073	200.557	
12.2709	0.025	0	8.44501	-9.80232	220.585	
0.961601	0.025	0	-12.0732	-10.2838	187.696	
0.857183	0.025	3.14159	-27.879	15.814	158.832	
0.36482	0.025	0	8.31065	-10.5441	98.9776	
0.0433406	0.025	3.14159	73.9466	54.3108	-96.3068	
13.5841	0.025	0	-14.247	-0.681153	195.275	
9.65922	0.025	0	30.9144	-1.01976	184.216	
0.662509	0.025	0	68.9314	-8.18564	150.557	
0.0691683	0.025	3.14159	262.501	52.959	131.874	
9.65113	0.025	0	-39.3966	-2.15921	212.591	
15.6676	0.025	0	-11.4623	-0.435233	227.751	
2.01274	0.025	0	45.7005	-14.3865	163.038	
0.574956	0.025	0	-109.418	-16.9308	231.216	
9.00647	0.025	0	8.05059	9.00137	181.111	
2.5048	0.025	0	61.3446	-6.06	189.393	
3.34716	0.025	0	24.8826	-2.54109	209.846	
1.34446	0.025	0	141.013	5.81263	180.577	
5.95969	0.025	0	-13.6819	-0.734153	194.852	
0.885771	0.025	0	11.6606	-12.5242	226.631	
4.8711	0.025	0	-32.8288	1.40354	205.144	
7.32283	0.025	0	-25.1543	-9.93932	227.481	
2.55846	0.025	0	-28.5202	-6.80795	185.511	
5.76143	0.025	0	-7.84461	-10.8841	171.669	
3.46614	0.025	3.14159	-20.1866	0.129296	98.5635	
12.0072	0.025	0	-8.13971	5.57316	245.099	
13.9098	0.025	0	28.4125	0.619306	265.147	
8.76873	0.025	0	30.1845	0.882772	213.576	
7.88942	0.025	0	16.6167	-4.87408	174.172	
4.653	0.025	0	6.75342	-4.09419	210.416	
11.9093	0.025	0	-35.8052	5.18869	212.625	
10.4602	0.025	0	26.2265	7.4298	234.716	
1.7135	0.025	3.14159	40.5343	-8.7989	244.958	
7.02999	0.025	0	-14.2392	5.27858	205.466	
0.00390481	0.025	3.14159	37.4638	186.137	32.4677	
2.2985	0.025	0	-5.36244	7.44209	187.853	
3.58463	0.025	0	50.4749	-6.62995	207.966	
21.0457	0.025	0	-14.5356	4.36069	233.62	
5.97017	0.025	0	-29.359	1.12052	211.428	
1.27523	0.025	0	-30.3361	0.399676	192.625	
4.66618	0.025	0	-1.93087	-0.867148	213.191	
1.07856	0.025	3.14159	-18.7084	-4.44496	235.666	
2.67583	0.025	0	49.4642	-0.635598	140.982	
1.42394	0.025	0	72.0631	-8.54386	190.666	
8.41229	0.025	0	-19.5987	-4.29641	220.401	
8.87909	0.025	0	-75.5232	7.68523	192.234	
0.849147	0.025	3.14159	-73.7425	0.903324	186.548	
2.56619	0.025	0	-32.9833	-4.88926	225.677	
2.55829	0.025	0	-5.0259	3.88655	199.295	
6.48719	0.025	3.14159	17.2296	1.90523	160.43	
1.40128	0.025	0	67.4675	-6.7653	194.754	
1.37476	0.025	0	56.1418	-1.86403	239.826	
1.73725	0.025	3.14159	-14.1164	19.6801	189.827	
10.0075	0.025	0	35.888	5.86692	205.265	
5.945	0.025	0	-55.4228	15.102	205.745	
2.35103	0.025	0	21.0051	-7.21237	194.316	
1.13574	0.025	0	70.8793	6.49326	166.622	
11.1578	0.025	0	-1.48552	9.03733	198.25	
10.8655	0.025	0	-2.58999	-11.0481	217.194	
0.616567	0.025	3.14159	19.4209	-2.40274	222.077	
8.13666	0.025	0	-12.1984	-5.78017	189.617	
17.0988	0.025	0	-18.4665	3.6177	244.585	
12.6349	0.025	0	3.21357	1.69126	215.155	
1.89703	0.025	0	-25.347	7.25543	222.423	
7.95768	0.025	0	-21.1798	1.50065	158.328	
2.04293	0.025	0	-80.082	6.01073	189.115	
0.267105	0.025	0	-120.931	23.4631	216.489	
15.9142	0.025	0	-10.6109	0.748825	204.95	
3.94326	0.025	0	-19.2002	10.1228	184.642	
1.67985	0.025	3.14159	-20.687	15.6876	218.165	
9.46746	0.025	0	23.9112	0.480161	223.405	
0.568955	0.025	0	-44.2515	-13.6917	276.56	
1.17646	0.025	3.14159	-41.8894	-5.52949	200.859	
0.184181	0.025	3.14159	129.626	29.1035	257.339	
3.18881	0.025	0	0.263806	-9.98896	209.263	
1.07205	0.025	0	85.8594	7.63602	286.756	
0.355326	0.025	3.14159	91.6577	9.37362	214.166	
6.37493	0.025	0	23.6391	-9.07721	186.397	
4.52599	0.025	0	-51.3837	-1.30252	208.827	
6.72453	0.025	0	49.9802	3.72905	168.757	
9.88531	0.025	0	30.3006	-6.41995	208.226	
12.0199	0.025	0	-50.4235	-0.28353	219.97	
12.3228	0.025	0	22.1627	3.73243	205.924	
1.31702	0.025	3.14159	-79.8925	-8.06481	170.47	
2.67745	0.025	0	4.14797	-12.3417	138.915	
0.0298239	0.025	3.14159	-154.581	-116.351	-46.9751	
0.763407	0.025	0	35.5982	9.01373	250.867	
0.133082	0.025	3.14159	41.9	32.7752	169.894	
5.46278	0.025	0	25.1655	-4.63866	170.428	
5.47248	0.025	0	43.1195	-14.7224	180.391	
2.98509	0.025	0	60.6546	18.7589	183.126	
8.18892	0.025	0	44.1107	12.0569	183.061	
9.63168	0.025	0	-11.7032	8.32837	247.663	
5.21735	0.025	0	-25.1461	1.76828	197.848	
0.474702	0.025	3.14159	-38.8415	-5.72028	313.803	
0.50063	0.025	3.14159	-50.5317	3.22044	125.744	
8.1946	0.025	0	-84.9173	-5.70228	205.248	
10.9135	0.025	0	-14.3341	4.91044	227.595	
14.7093	0.025	0	11.0383	-3.05067	176.753	
8.71385	0.025	0	10.2709	11.4045	230.729	
3.31904	0.025	0	-3.23539	-1.86578	210.052	
8.15534	0.025	0	-5.43717	9.97721	197.301	
1.42501	0.025	3.14159	42.8119	-13.878	153.906	
1.2896	0.025	0	57.0432	-4.13622	180.872	
2.93812	0.025	0	-46.8169	11.5707	175.119	
1.30909	0.025	0	13.581	-26.8031	207.794	
8.29626	0.025	0	-3.62115	-5.12915	227.383	
1.66282	0.025	0	-16.1621	-3.70188	169.496	
2.9829	0.025	0	-29.5694	-5.41686	214.257	
0.251671	0.025	3.14159	101.762	16.2252	147.203	
11.5124	0.025	0	15.1615	2.38894	166.559	
11.9761	0.025	0	-67.751	-0.0961441	206.97	
3.65439	0.025	0	11.8567	-2.41201	201.561	
15.903	0.025	0	33.4288	5.24779	226.469	
10.3657	0.025	0	17.4668	-7.98123	213.953	
9.48244	0.025	0	-10.2431	-0.947317	220.931	
2.27851	0.025	0	25.9358	-3.36824	179.04	
6.30113	0.025	0	-1.34555	0.253473	170.072	
1.14681	0.025	0	2.20514	-0.517512	247.299	
2.15465	0.025	0	34.2567	-0.0957887	231.426	
0.499644	0.025	0	99.6197	5.87796	248.138	
5.10898	0.025	0	-24.9941	7.16297	184.686	
2.17516	0.025	0	1.64674	-7.40299	238.895	
1.80817	0.025	0	-7.14725	9.05046	228.865	
0.896246	0.025	3.14159	-40.3883	-15.9156	174.835	
11.6042	0.025	0	0.81709	1.63908	251.731	
4.03292	0.025	3.14159	35.9958	-8.1493	176.873	
15.5643	0.025	0	-36.9835	-2.03773	245.046	
6.22936	0.025	0	45.693	-4.7971	199.584	
1.80746	0.025	3.14159	-43.9516	-2.09423	183.737	
3.2044	0.025	0	-34.7006	-12.8449	182.779	
7.54058	0.025	0	7.58113	-11.8514	220.537	
0.520964	0.025	0	43.7262	-4.13557	227.092	
6.59211	0.025	0	34.3632	10.8793	210.63	
2.00989	0.025	0	45.6784	13.3325	170.735	
0.651275	0.025	0	-22.1743	2.85555	202.98	
9.51306	0.025	0	2.66077	4.28083	226.817	
8.82668	0.025	0	-0.121897	8.48321	221.878	
2.89649	0.025	3.14159	-24.5871	0.0373765	188.259	
10.4262	0.025	0	-25.4183	13.0421	221.545	
10.3786	0.025	0	22.709	7.38983	232.95	
5.16659	0.025	0	-0.536761	0.568541	205.194	
1.36216	0.025	0	21.4101	16.004	137.907	
3.74247	0.025	0	-5.46835	4.96645	224.702	
5.80532	0.025	0	48.0279	2.77282	170.372	
8.23827	0.025	0	87.69	6.22334	228	
0.481355	0.025	0	12.5614	-6.93871	131.98	
9.60433	0.025	0	26.8966	-7.81185	198.322	
6.19655	0.025	0	-26.0706	-8.74449	180.815	
4.7499	0.025	0	13.0165	-5.03154	217.886	
5.0226	0.025	0	-71.9747	8.53217	230.525	
2.78036	0.025	3.14159	8.03838	-4.21137	199.985	
0.650633	0.025	3.14159	103.016	8.41512	261.268	
1.36927	0.025	0	-84.6092	9.88933	132.811	
0.302698	0.025	3.14159	43.5439	-21.8539	247.29	
8.80871	0.025	0	34.0631	6.86187	232.049	
1.47759	0.025	3.14159	42.5855	21.0998	126.041	
4.50069	0.025	0	8.78015	-3.69614	200.683	
1.29616	0.025	0	-8.39276	0.256176	199.061	
0.61684	0.025	0	-31.7998	18.5214	221.039	
3.52481	0.025	0	-31.9987	-2.66228	171.09	
2.18039	0.025	0	-7.67369	3.20705	176.075	
7.18108	0.025	0	-10.0052	-0.792896	210.061	
0.94744	0.025	3.14159	23.5464	19.4103	178.347	
0.74891	0.025	3.14159	113.012	2.34978	124.009	
0.703243	0.025	3.14159	-45.9968	-24.0013	158.011	
5.77444	0.025	0	7.04378	-1.29673	185.12	
7.04863	0.025	0	6.568	4.32983	211.143	
2.61116	0.025	0	-5.93154	-7.09623	171.736	
7.2523	0.025	0	40.917	-3.06856	179.541	
11.381	0.025	0	21.9374	1.09199	192.3	
8.32247	0.025	0	-16.8668	12.8871	222.834	
1.34104	0.025	0	88.5575	-0.882887	210.747	
6.6367	0.025	3.14159	-30.3799	-1.10319	202.765	
5.00973	0.025	0	-20.3352	7.30048	177.523	
0.964812	0.025	3.14159	1.56022	6.67867	173.999	
1.44256	0.025	0	12.6321	-14.7416	224.55	
10.5127	0.025	0	11.0578	-1.46531	248.565	
11.8188	0.025	0	-29.0228	2.54489	247.42	
1.51717	0.025	0	26.8266	5.91276	182.455	
7.79411	0.025	0	1.51235	-1.14156	204.629	
3.78787	0.025	3.14159	-22.5412	-3.80307	160.506	
1.96647	0.025	3.14159	-31.88	2.88025	229.184	
13.8643	0.025	0	14.3268	5.27567	210.984	
4.56765	0.025	0	-63.8908	-5.91673	148.28	
3.62896	0.025	0	-34.159	-8.20903	159.043	
0.707027	0.025	0	8.02974	1.21291	157.276	
1.4287	0.025	0	21.6666	-14.2767	215.004	
10.0264	0.025	0	8.00676	7.85285	214.898	
0.564451	0.025	3.14159	-65.1076	-4.40324	142.647	
1.82893	0.025	0	33.2041	-10.7253	222.9	
0.171342	0.025	3.14159	-14.4653	1.9196	98.4179	
0.158914	0.025	0	100.582	40.9576	261.988	
0.533237	0.025	3.14159	-66.0134	-14.6852	270.842	
0.751748	0.025	0	-40.2819	-0.663006	256.628	
0.350326	0.025	3.14159	69.822	0.512404	184.359	
0.767708	0.025	3.14159	-77.2353	8.66258	172.949	
0.447652	0.025	3.14159	-41.9876	27.0928	231.412	
5.97663	0.025	0	20.5064	2.5614	204.045	
1.59135	0.025	0	-52.3175	7.5883	171.462	
2.2261	0.025	0	-16.9755	3.0217	198.993	
0.498903	0.025	0	104.405	-6.14384	223.579	
10.2639	0.025	0	-2.36404	8.51458	196.19	
1.28105	0.025	3.14159	0.0608111	-11.9185	230.95	
9.76655	0.025	0	18.4304	-3.37152	218.83	
5.9403	0.025	0	-4.85469	-9.05124	143.024	
8.13479	0.025	0	5.50156	-4.66595	189.74	
1.37377	0.025	0	69.1491	-4.38329	209.911	
11.6308	0.025	0	-22.7182	2.38965	210.543	
7.18831	0.025	0	-37.5871	2.68639	227.373	
8.91908	0.025	0	-5.46925	-8.42489	206.851	
4.3705	0.025	0	-13.5715	-0.314737	215.091	
0.166868	0.025	0	-192.76	-79.4772	126.319	
9.85265	0.025	0	-4.11695	-14.0462	221.23	
9.92402	0.025	0	-67.3443	5.48133	205.858	
11.4741	0.025	0	1.46409	-0.120871	193.615	
2.61868	0.025	3.14159	-60.2021	6.44015	210.731	
8.8553	0.025	0	6.50186	9.78738	226.686	
0.86608	0.025	0	-11.0618	12.3872	210.744	
7.36662	0.025	0	-5.69054	-6.9469	163.12	
7.91513	0.025	0	18.1326	6.77549	175.593	
6.74583	0.025	0	12.801	-8.7739	237.539	
1.11515	0.025	0	1.55677	-1.47668	221.591	
7.57469	0.025	0	-15.4728	-8.08992	182.159	
4.66486	0.025	0	23.99	-15.7417	170.993	
15.4746	0.025	0	-32.654	1.55408	222.947	
3.77973	0.025	0	-13.0571	6.03342	222.824	
9.45593	0.025	0	10.2083	-12.53	217.316	
0.468838	0.025	0	217.009	9.05843	225.002	
10.2976	0.025	0	-17.1131	10.2104	218.603	
1.08646	0.025	3.14159	-20.027	-2.94383	251.52	
6.63711	0.025	0	26.7397	-5.08165	213.024	
1.05287	0.025	0	-100.535	-9.43247	205.107	
8.98582	0.025	0	16.8868	10.234	189.914	
13.1242	0.025	0	18.3166	4.23143	236.732	
9.26792	0.025	0	51.0234	0.933503	184.877	
7.21688	0.025	0	-26.1344	5.72094	173.465	
3.85751	0.025	0	-2.70015	3.28157	164.679	
9.89764	0.025	0	3.67099	-0.514982	195.434	
7.60302	0.025	0	-33.4488	-13.829	224.218	
0.389598	0.025	0	-31.9985	5.16816	209.839	
0.868169	0.025	0	-49.0889	22.6719	242.547	
1.99824	0.025	0	-4.38722	-5.97872	213.044	
1.01614	0.025	3.14159	-72.3455	-24.8907	257.783	
10.9815	0.025	0	8.05786	-3.85735	219.508	
1.46896	0.025	3.14159	19.3894	0.771367	223.559	
2.94487	0.025	0	-36.4898	-9.97721	192.195	
6.82897	0.025	0	37.5508	-8.88501	213.809	
17.9824	0.025	0	-58.8086	-0.159057	261.566	
3.49375	0.025	3.14159	9.15866	8.1045	219.142	
8.13232	0.025	0	61.147	0.770583	227.975	
4.84767	0.025	0	29.5077	2.26954	145.964	
8.85234	0.025	0	-29.2241	-10.5464	180.07	
0.899675	0.025	3.14159	12.6676	0.180488	229.769	
7.25275	0.025	0	14.5884	-10.4087	194.196	
8.11019	0.025	0	3.93842	1.21501	181.458	
11.4405	0.025	0	41.3781	-0.322289	198.675	
4.71955	0.025	0	14.3962	3.48628	203.532	
4.8824	0.025	0	26.8011	2.72606	208.071	
0.103663	0.025	3.14159	-65.0076	-7.61097	-46.165	
6.93164	0.025	0	9.8553	8.15547	219.034	
10.4317	0.025	0	45.1664	-5.32573	250.757	
10.1025	0.025	0	8.95926	0.0928968	200.193	
9.30752	0.025	0	7.96923	5.58976	211.141	
8.36917	0.025	0	27.6624	-3.27375	206.637	
1.14699	0.025	0	-0.105074	5.03251	175.363	
6.55356	0.025	0	-34.0671	-3.00822	242.739	
3.61653	0.025	0	-1.68494	-4.80378	198.508	
4.06455	0.025	0	-49.403	-2.83887	189.465	
14.2347	0.025	0	8.52441	-7.3576	236.185	
4.83729	0.025	0	35.2835	0.991468	194.173	
5.50237	0.025	0	-17.3222	-5.85069	186.849	
7.00836	0.025	0	-17.7987	4.10066	178.81	
3.17078	0.025	0	3.49759	3.62272	203.049	
5.54734	0.025	0	13.408	2.03374	157.977	
5.73176	0.025	0	4.94332	-2.37322	207.444	
18.6738	0.025	0	44.3501	2.05877	216.54	
12.844	0.025	0	27.0311	6.92443	249.315	
5.61843	0.025	0	33.045	-4.22354	188.632	
2.06561	0.025	0	-19.6135	-2.67175	226.315	
0.268639	0.025	0	-33.7964	0.0368561	131.922	
1.81703	0.025	3.14159	9.32019	15.6429	184.582	
5.75691	0.025	0	-39.0329	-8.87808	207.739	
7.72554	0.025	0	-20.2833	8.76346	241.901	
2.40452	0.025	0	9.95131	-2.89286	243.505	
0.0134371	0.025	0	32.6429	29.7739	4.61729	
1.43346	0.025	0	-28.701	4.58055	178.768	
7.38777	0.025	0	-16.2596	-6.72769	187.948	
1.27311	0.025	3.14159	3.59955	-17.7918	233.521	
0.354288	0.025	0	34.8527	0.441695	206.343	
8.59363	0.025	0	-4.30941	-7.6984	227.414	
3.17675	0.025	0	58.0324	-2.46478	192.478	
2.60431	0.025	3.14159	-16.5374	6.72454	186.011	
7.47633	0.025	0	-38.2867	7.39397	180.882	
7.87068	0.025	0	20.3952	-1.24595	211.362	
8.98946	0.025	0	20.9941	3.09415	193.915	
0.738305	0.025	3.14159	-68.516	-8.85003	207.385	
5.73692	0.025	0	32.6388	-4.78076	227.424	
6.03806	0.025	0	-24.3893	3.65918	204.948	
4.12585	0.025	0	47.0588	-6.76962	202.757	
5.42319	0.025	0	-5.40113	-16.8152	212.975	
0.268943	0.025	3.14159	84.706	3.47358	101.409	
2.59114	0.025	3.14159	18.9808	7.06855	220.964	
11.654	0.025	0	7.81956	7.31944	202.218	
4.09198	0.025	3.14159	44.6269	12.2856	187.781	
1.51889	0.025	0	1.77712	-14.2442	128.546	
4.6734	0.025	0	-12.4255	8.561	207.749	
3.05388	0.025	0	29.3111	-9.99105	207.021	
1.00008	0.025	3.14159	-56.939	-3.55872	202.524	
0.147765	0.025	0	166.54	43.5654	192.791	
10.6781	0.025	0	-22.148	-5.22675	211.964	
9.40541	0.025	0	-24.3399	-4.61949	197.533	
10.4281	0.025	0	-16.4257	5.69655	214.335	
17.7276	0.025	0	38.3574	-4.61368	231.756	
7.3038	0.025	0	29.8036	-1.60154	212.972	
1.3643	0.025	0	-8.58819	-6.96319	226.363	
4.35661	0.025	0	-16.014	7.18191	174.355	
6.20899	0.025	0	-32.5356	-4.65986	229.376	
1.87985	0.025	0	5.50241	-19.5383	166.831	
6.46758	0.025	0	28.6448	-0.230132	178.035	
9.90806	0.025	0	16.332	10.1457	208.542	
2.66509	0.025	0	37.183	18.5004	173.041	
4.09674	0.025	0	-32.1178	-6.5754	183.949	
6.22561	0.025	0	43.5905	4.25466	188.564	
0.657177	0.025	0	-17.5615	-14.3495	165.922	
1.4926	0.025	0	-11.6674	4.28623	218.173	
5.98445	0.025	0	-5.50414	5.61987	158.627	
0.570547	0.025	3.14159	-131.854	-8.25818	151.574	
4.22117	0.025	0	-33.1653	8.18429	191.431	
13.9072	0.025	0	11.2924	-1.25346	221.578	
3.54073	0.025	3.14159	-1.7118	11.477	178.473	
1.41051	0.025	0	-9.14242	16.3935	173.172	
9.58884	0.025	0	3.27795	-7.63372	210.338	
2.12317	0.025	3.14159	4.59634	-3.42534	249.594	
0.277894	0.025	0	82.5651	13.785	199.077	
15.6139	0.025	0	1.58226	10.3905	236.564	
6.27585	0.025	0	27.5385	2.0814	177.924	
7.53769	0.025	0	-1.48895	10.7383	178.523	
2.07499	0.025	0	-19.3299	-8.63762	182.654	
7.77683	0.025	0	12.1615	7.74848	190.444	
0.962064	0.025	0	19.254	-11.4992	240.362	
10.4355	0.025	0	22.202	-3.85167	195.492	
5.14908	0.025	0	-29.0202	-1.95736	200.227	
8.06304	0.025	0	-34.318	7.57625	187.593	
1.05111	0.025	3.14159	-32.029	-13.6325	275.339	
6.41861	0.025	0	27.3205	-9.81667	190.949	
2.45846	0.025	0	21.3958	10.636	171.118	
0.455166	0.025	0	-65.5683	1.42487	97.6472	
0.0825239	0.025	0	-71.3386	-28.8432	136.627	
1.10889	0.025	3.14159	24.546	1.50033	95.1341	
2.04789	0.025	0	19.968	8.72573	190.12	
4.40951	0.025	3.14159	14.1862	-6.05068	152.644	
0.884656	0.025	3.14159	-85.0395	-12.9309	220.73	
6.49027	0.025	0	3.63422	3.666	161.967	
4.03139	0.025	0	31.2156	-3.561	168.769	
0.516274	0.025	3.14159	56.002	-11.2525	156.873	
2.4793	0.025	0	-5.44404	-5.03866	173.08	
6.55706	0.025	0	44.1997	8.24328	172.485	
7.56813	0.025	0	36.3955	0.824566	251.771	
0.927468	0.025	0	50.2024	-4.63311	173.01	
2.16197	0.025	0	11.3251	-14.1643	196.572	
1.29726	0.025	0	51.4572	0.264903	222.878	
7.77805	0.025	0	29.0933	10.9926	197.368	
2.0474	0.025	3.14159	7.08204	3.43972	224.551	
1.70411	0.025	3.14159	-12.9585	-6.60778	184.313	
3.24801	0.025	0	7.72643	7.90251	206.08	
5.92423	0.025	0	-49.0585	-8.38595	233.427	
10.5299	0.025	0	15.97	5.8816	171.191	
10.6617	0.025	0	42.1035	1.90519	210.245	
5.25004	0.025	0	-61.1154	-6.47084	182.969	
2.40745	0.025	0	51.08	-8.15579	188.786	
1.16419	0.025	0	20.9472	11.7177	243.425	
0.285204	0.025	3.14159	-79.7747	3.70805	305.147	
14.2567	0.025	0	-0.911883	5.051	224.596	
9.29973	0.025	0	33.6965	-2.36534	180.293	
6.23246	0.025	0	13.2248	2.02229	200.456	
0.216533	0.025	3.14159	-46.849	14.5837	143.849	
6.24662	0.025	3.14159	-6.16127	-0.431642	202.92	
1.0633	0.025	0	82.5652	-13.0474	125.976	
4.91487	0.025	3.14159	9.79041	4.46963	160.475	
7.63971	0.025	0	17.4648	-5.97763	195.461	
2.7698	0.025	0	48.7395	17.5887	200.763	
5.05728	0.025	0	-16.023	-10.3384	209.443	
10.2132	0.025	0	16.9585	-2.84741	234.997	
8.04802	0.025	0	-23.7167	-1.04394	200.452	
3.78984	0.025	0	-58.68	8.51978	220.252	
16.4822	0.025	0	-38.4398	-10.4696	255.131	
7.22433	0.025	0	13.0473	7.61002	185.396	
2.12659	0.025	0	-27.7449	7.78641	144.433	
1.64129	0.025	0	-28.4784	8.53147	175.83	
5.55386	0.025	0	-15.1375	12.6454	208.897	
4.10882	0.025	0	0.809672	3.51464	170.408	
0.857566	0.025	3.14159	152.527	40.2197	198.543	
3.1708	0.025	3.14159	29.9356	-0.678756	173.975	
0.208659	0.025	0	-163.999	-37.0543	192.744	
5.15274	0.025	0	33.2039	-3.01949	184.417	
7.65165	0.025	0	22.6274	12.3308	211.896	
3.87708	0.025	0	-36.3919	8.15856	135.818	
11.6195	0.025	0	34.9229	3.25424	217.128	
8.15439	0.025	0	13.0804	-3.25926	223.914	
3.73593	0.025	0	-14.5161	-11.4814	186.574	
6.2558	0.025	0	-18.2074	1.24815	172.833	
9.73628	0.025	0	2.12851	-0.207871	198.126	
8.30652	0.025	0	-30.5219	10.2241	210.36	
12.4343	0.025	0	0.257916	-4.69063	181.693	
2.41849	0.025	0	-30.5861	14.7616	167.01	
7.44909	0.025	0	-21.91	10.0483	210.489	
1.26928	0.025	0	-5.87488	-0.424552	259.335	
5.66716	0.025	0	-13.1036	-0.826636	172.131	
2.45318	0.025	0	10.7877	9.13018	172.519	
8.19867	0.025	0	-2.04836	-8.15572	197.177	
7.79603	0.025	0	-6.44027	-13.4729	179.897	
10.0111	0.025	0	13.7035	6.772	196.427	
6.20255	0.025	0	-24.3449	5.31609	162.922	
7.53585	0.025	0	52.9961	-12.9008	186.306	
12.354	0.025	0	13.8546	9.11297	231.613	
7.59405	0.025	0	-11.7341	-0.248614	179.897	
3.00676	0.025	0	-21.4583	5.3702	214.954	
14.9094	0.025	0	41.3923	-1.23509	206.156	
1.26472	0.025	0	15.0837	-5.72592	220.944	
2.49873	0.025	3.14159	11.2186	-1.86387	115.272	
1.06941	0.025	0	11.4735	-3.05153	179.411	
15.1379	0.025	0	0.907735	-3.40199	210.372	
0.277412	0.025	3.14159	91.9966	-9.09606	188.087	
7.37568	0.025	0	37.2218	3.91521	206.241	
1.43321	0.025	3.14159	-54.0321	-0.734494	187.137	
3.63681	0.025	0	15.8995	-1.77164	160.107	
3.24067	0.025	0	-10.1489	-1.41535	178.064	
1.59482	0.025	0	-53.3197	11.2459	238.75	
7.08389	0.025	0	-4.20486	7.53561	210.511	
14.8351	0.025	0	-42.3936	-2.34831	249.711	
20.1064	0.025	0	20.323	2.08812	229.327	
8.89728	0.025	0	28.32	-0.573085	253.537	
8.22873	0.025	0	-24.6299	-11.8064	223.123	
2.76741	0.025	0	-40.1767	2.73814	195.44	
8.04192	0.025	0	-22.779	16.1181	203.825	
0.973476	0.025	3.14159	-39.148	-7.39087	184.692	
1.66776	0.025	0	-60.4795	-0.668691	176.526	
6.75928	0.025	3.14159	-24.0136	-3.18705	169.304	
6.14153	0.025	0	-5.85046	10.5751	178.672	
0.85928	0.025	0	119.615	18.073	186.204	
6.72937	0.025	0	-43.5715	0.246206	205.767	
5.31984	0.025	0	-18.6126	-0.218217	189.017	
1.5049	0.025	3.14159	3.4619	-7.09319	204.668	
0.143578	0.025	3.14159	-261.372	-57.0757	69.4276	
2.9115	0.025	0	57.014	-3.99318	183.225	
2.30856	0.025	0	20.1981	-8.69606	243.972	
0.744936	0.025	3.14159	81.3735	-9.48553	204.189	
4.17457	0.025	0	27.5409	1.34232	190.246	
7.85424	0.025	0	-42.1749	-1.32024	182.997	
6.05149	0.025	0	-69.2807	6.68479	181.599	
3.4608	0.025	0	-29.8163	14.9463	195.588	
2.73887	0.025	0	32.9203	-10.2184	178.064	
0.201777	0.025	3.14159	29.5789	-14.366	213.097	
9.74815	0.025	0	-24.4347	-11.5013	206.112	
1.96598	0.025	3.14159	-10.5324	-11.1939	193.682	
0.474755	0.025	3.14159	-195.52	2.57335	150.799	
0.74593	0.025	3.14159	-11.1158	21.8358	158.19	
0.394165	0.025	3.14159	-7.53437	-11.0344	312.269	
11.6492	0.025	0	-57.8188	8.48914	215.81	
13.3495	0.025	0	31.342	-4.08226	223.854	
5.28378	0.025	0	39.2227	-7.6413	162.515	
1.60291	0.025	0	42.9783	1.30418	196.367	
0.695749	0.025	0	-18.4811	-17.0271	214.556	
6.70468	0.025	0	-8.58862	-4.90296	215.297	
0.462441	0.025	0	30.5405	-15.9819	247.309	
3.91854	0.025	0	0.249922	-10.3651	201.515	
6.87184	0.025	0	21.3536	-10.3719	218.499	
1.8455	0.025	3.14159	2.97208	3.61979	137.827	
3.03619	0.025	0	-21.5523	-6.42521	203.885	
3.09286	0.025	0	3.25441	-5.39636	185.88	
11.5342	0.025	0	-18.2789	0.538395	187.619	
5.46885	0.025	0	-11.0167	0.168016	196.148	
18.5992	0.025	0	-19.4174	-0.450475	258.672	
5.51228	0.025	3.14159	-19.1735	-2.07303	176.741	
4.01758	0.025	0	4.74128	13.5184	190.374	
2.91312	0.025	0	-22.9306	-2.05988	192.518	
1.01727	0.025	0	-22.1624	8.87401	211.483	
10.5768	0.025	0	34.4245	1.48035	208.647	
0.730928	0.025	3.14159	-126.15	0.302213	177.504	
0.82919	0.025	3.14159	64.0972	-22.7821	247.788	
2.05796	0.025	0	-19.1495	-12.9876	190.624	
9.37074	0.025	0	-19.5416	-16.4219	220.094	
17.2128	0.025	0	-3.12455	7.15543	250.668	
0.686217	0.025	3.14159	-45.2358	-0.343556	199.37	
12.4216	0.025	0	-47.4069	-6.36974	232.464	
6.73863	0.025	0	-29.3538	-9.61129	170.357	
2.56929	0.025	0	9.43384	-14.2147	180.669	
8.74047	0.025	0	5.09163	7.39532	207.443	
0.2884	0.025	0	199.944	12.0788	151.759	
13.7914	0.025	0	50.4619	-12.5948	251.203	
0.280057	0.025	3.14159	133.379	27.3824	207.324	
11.9741	0.025	0	-2.43491	11.9234	237.949	
11.6713	0.025	0	-6.70148	1.18029	220.639	
2.85558	0.025	3.14159	-0.293777	-3.13375	171.886	
0.132431	0.025	3.14159	105.92	60.7324	185.987	
9.47295	0.025	0	54.8175	2.38517	202.461	
0.822008	0.025	0	26.9854	-4.26145	146.224	
2.61297	0.025	0	-15.4243	-1.84201	198.877	
10.4454	0.025	0	0.664452	6.0075	270.827	
6.6231	0.025	0	10.9941	2.68067	235.501	
9.31409	0.025	0	-36.2161	-10.4619	237.344	
0.697896	0.025	3.14159	-26.3756	-16.9888	183.898	
0.156755	0.025	3.14159	51.333	2.19647	24.0515	
12.6507	0.025	0	-34.2755	-2.31375	232.474	
6.64147	0.025	0	32.1524	3.23317	200.655	
4.04914	0.025	0	-28.1689	4.41466	183.022	
1.89691	0.025	0	-8.03832	-5.11226	202.524	
10.3779	0.025	0	-20.0552	1.631	236.643	
2.5941	0.025	0	-45.7642	-2.39438	168.724	
5.05872	0.025	0	21.5996	-6.49193	183.42	
0.628705	0.025	3.14159	-21.9271	-2.58846	194.467	
1.36006	0.025	0	-51.4474	-0.921088	192.747	
0.684118	0.025	3.14159	54.9786	4.34625	308.004	
0.157411	0.025	0	4.47743	-5.27147	70.2379	
9.58063	0.025	0	-36.2538	-7.35055	241.083	
0.264872	0.025	0	44.7459	35.1121	196.883	
5.31349	0.025	0	18.8202	4.94309	164.237	
1.97984	0.025	0	-27.0938	8.51149	212.032	
3.35966	0.025	0	6.24599	5.07796	134.891	
3.81342	0.025	0	5.72261	-1.83491	180.433	
0.150922	0.025	3.14159	91.4039	17.1672	114.589	
10.1235	0.025	0	-10.6716	-10.5845	209.727	
0.595995	0.025	3.14159	2.61193	0.743291	181.274	
4.32129	0.025	3.14159	0.0266989	-21.3706	183.366	
9.47471	0.025	0	22.4576	-4.95657	232.598	
11.3915	0.025	0	-3.84823	5.59417	215.624	
5.37721	0.025	0	-10.5088	6.61177	189.525	
4.39719	0.025	0	-11.1819	0.612328	179.075	
0.887091	0.025	3.14159	-92.48	-5.95858	168.637	
2.97003	0.025	0	-49.489	-5.0394	219.806	
2.78796	0.025	3.14159	-59.8913	-6.6774	160.581	
3.06417	0.025	0	-27.2261	11.2479	196.811	
5.06185	0.025	0	30.6243	-1.79138	203.701	
11.7515	0.025	0	2.40675	3.08791	204.697	
7.47967	0.025	0	-10.5368	-7.98509	197.92	
9.36552	0.025	0	47.8868	-7.36089	224.63	
0.340583	0.025	0	130.526	9.57869	159.645	
1.58292	0.025	0	8.54932	-11.5981	195.868	
10.3751	0.025	0	-7.06837	-6.94807	177.62	
1.78592	0.025	0	30.0498	14.078	207.112	
0.363209	0.025	0	142.249	-8.65863	246.682	
11.4996	0.025	0	-4.2298	-0.260514	211.46	
16.9522	0.025	0	21.4303	3.31823	212.702	
0.515956	0.025	3.14159	106.318	3.38476	156.801	
0.496144	0.025	0	-10.7653	-2.16093	157.449	
5.29338	0.025	0	7.788	-15.2252	164.937	
7.96902	0.025	0	15.193	14.2333	203.213	
1.9483	0.025	0	68.8915	-6.35086	212.44	
5.16501	0.025	0	55.3842	1.87105	192.704	
12.848	0.025	0	-12.0824	-7.02464	189.429	
0.903245	0.025	3.14159	-13.0787	13.546	157.658	
0.162998	0.025	0	-12.1895	12.5621	171.945	
0.328871	0.025	0	68.7923	2.16479	270.386	
12.8248	0.025	0	3.9612	-0.271354	251.732	
9.62626	0.025	0	-34.6957	-7.51327	234.434	
6.961	0.025	0	-76.6401	8.81244	218.609	
8.03862	0.025	0	-20.3801	-12.563	183.517	
8.89355	0.025	0	5.72048	0.497593	260.25	
6.69507	0.025	0	35.714	-1.85363	228.399	
3.88758	0.025	0	-17.0062	-0.342598	143.833	
8.70296	0.025	0	-36.3509	-9.6453	203.675	
2.77453	0.025	0	-13.1479	7.24024	157.426	
0.200879	0.025	3.14159	-91.2422	-21.5941	122.544	
0.751263	0.025	3.14159	14.1394	2.69395	207.679	
4.10888	0.025	0	-9.41315	-6.23568	179.856	
1.55378	0.025	0	16.1525	0.710538	188.41	
7.48845	0.025	0	3.17486	-2.23334	187.786	
1.68442	0.025	0	42.8674	8.34253	142.271	
11.3942	0.025	0	-28.1365	-3.92785	211.496	
6.08476	0.025	3.14159	4.02973	4.77442	208.507	
2.42838	0.025	0	53.5196	-1.89381	174.548	
7.25945	0.025	0	-65.1443	-5.1302	227.451	
0.577566	0.025	0	-114.151	-18.1479	211.249	
0.566314	0.025	0	33.6165	4.64058	227.465	
6.71791	0.025	0	10.7694	8.22173	216.438	
7.42329	0.025	0	-0.909859	-4.26071	189.389	
13.3957	0.025	0	-16.0834	-0.473882	233.888	
10.3223	0.025	0	-20.5623	13.5263	268.188	
7.96574	0.025	0	17.516	4.5909	186.347	
4.39215	0.025	0	-3.96405	-4.62473	226.462	
2.1612	0.025	0	-18.7436	-11.136	131.412	
8.17139	0.025	0	0.373302	13.3816	212.829	
10.6291	0.025	0	-17.0823	3.98792	223.649	
1.86946	0.025	3.14159	6.91777	6.92513	200.147	
9.78037	0.025	0	-5.82402	-6.05208	215.647	
0.296257	0.025	0	155.075	18.37	38.3391	
9.98797	0.025	0	-0.715228	-3.04963	201.869	
10.4764	0.025	0	19.5047	-8.8237	262.053	
12.9435	0.025	0	-14.7027	1.34258	213.411	
9.41798	0.025	0	31.5439	9.87794	228.605	
2.95605	0.025	0	-9.56543	-2.80692	178.743	
8.5506	0.025	0	5.27238	-3.66385	163.579	
9.2252	0.025	0	18.4421	1.64116	216.398	
8.84104	0.025	0	-7.52719	-1.78187	167.307	
3.73908	0.025	0	10.4437	2.879	172.866	
9.2804	0.025	0	26.1876	11.158	220.249	
4.48987	0.025	0	51.8702	-4.94015	183.674	
6.00356	0.025	3.14159	-13.9057	-3.78626	187.421	
11.4676	0.025	0	7.37213	-2.60671	235.008	
7.97903	0.025	0	-1.3103	7.5648	189.583	
5.67059	0.025	0	-7.55739	0.0921721	220.896	
3.33083	0.025	3.14159	2.0984	8.25871	182.947	
0.950821	0.025	0	-13.4608	9.66411	198.387	
9.31391	0.025	0	-40.3742	-5.98609	199.053	
0.964389	0.025	3.14159	-23.4599	-4.05753	185.576	
9.65205	0.025	0	-14.7879	-10.6268	229.251	
5.54888	0.025	0	63.4549	10.3705	200.149	
11.4853	0.025	0	34.3131	-0.902437	200.147	
5.841	0.025	0	-5.51932	-4.26126	221.45	
1.41267	0.025	3.14159	-20.8588	-6.12812	156.621	
7.63192	0.025	0	-36.1049	-1.23325	209.234	
2.75727	0.025	0	7.28663	9.20062	180.146	
3.53112	0.025	0	41.9238	-2.55778	160.134	
13.5399	0.025	0	34.2512	-11.8516	229.439	
0.916992	0.025	0	-51.5466	8.43492	248.108	
3.05194	0.025	0	-5.34301	1.92607	168.036	
3.7623	0.025	0	22.4113	0.603725	219.328	
6.34192	0.025	0	-13.3944	-2.63393	183.909	
4.74655	0.025	0	29.8048	19.7828	192.041	
11.9981	0.025	0	-11.3213	-5.61771	222.848	
4.9746	0.025	0	5.26947	0.327615	182.024	
0.601742	0.025	3.14159	127.908	-6.78427	216.937	
2.42291	0.025	0	23.48	7.1121	200.581	
7.07191	0.025	0	10.7114	17.2961	181.403	
7.59671	0.025	0	3.2656	7.16034	201.042	
7.80974	0.025	0	16.9075	1.15427	226.31	
11.6674	0.025	0	21.042	-5.48828	207.844	
2.21937	0.025	3.14159	-25.3828	-19.7953	228.995	
4.77686	0.025	3.14159	25.6506	8.52972	203.592	
0.243444	0.025	0	116.459	12.8496	196.12	
2.28939	0.025	0	-60.2944	-1.95373	206.328	
0.707203	0.025	3.14159	-69.3663	-5.14968	252.219	
0.667773	0.025	0	17.6917	10.1209	265.867	
0.868801	0.025	3.14159	49.6983	-1.48442	211.776	
10.6154	0.025	0	5.844	5.76465	238.324	
2.65621	0.025	0	-30.4578	1.29291	175.245	
11.4576	0.025	0	-3.54396	8.6395	200.606	
8.43273	0.025	0	26.9831	-4.40081	176.705	
0.525192	0.025	3.14159	-43.4506	12.394	232.903	
2.49643	0.025	0	14.1003	-16.1532	190.499	
11.2106	0.025	0	40.3766	-7.82347	261.458	
0.375995	0.025	0	-72.2106	-11.9849	140.882	
1.81508	0.025	3.14159	-50.309	-3.17103	178.424	
1.57894	0.025	3.14159	14.7183	23.6848	210.354	
2.33606	0.025	0	26.2253	9.4834	193.236	
5.08993	0.025	0	-5.88552	-2.82625	179.192	
0.172086	0.025	3.14159	225.845	40.4121	183.078	
2.36335	0.025	0	-18.7511	22.5936	203.211	
0.215189	0.025	0	105.125	7.57636	187.737	
2.26884	0.025	0	70.6739	-13.9635	158.52	
1.47607	0.025	3.14159	11.5542	-0.417074	193.968	
0.0644909	0.025	0	-132.838	-55.1145	31.7464	
0.282332	0.025	0	-61.6203	-19.686	288.365	
3.09878	0.025	0	7.80445	3.93647	215.913	
8.33767	0.025	0	-5.91332	11.2116	206.17	
1.01252	0.025	0	72.8876	0.916351	201.7	
10.3859	0.025	0	23.8014	4.2783	207.534	
3.69574	0.025	0	34.3488	-7.02598	186.328	
0.765436	0.025	3.14159	-61.2173	11.1458	203.755	
12.1058	0.025	0	17.9235	-1.17652	208.692	
7.52068	0.025	0	27.4886	2.38322	191.458	
0.847387	0.025	0	-40.2863	19.7241	279.663	
3.40449	0.025	0	-25.9679	10.1767	175.946	
1.62554	0.025	3.14159	45.1064	2.17707	178.896	
6.13371	0.025	0	-48.8986	-7.05452	194.879	
13.645	0.025	0	32.3923	3.13145	238.802	
9.63799	0.025	0	-30.7838	-6.024	178.043	
0.487029	0.025	3.14159	125.533	-6.62897	199.647	
5.61941	0.025	0	-44.2195	4.0582	211.726	
8.95247	0.025	0	-2.98674	-1.49499	206.558	
4.18542	0.025	3.14159	-20.8518	-4.92346	226.9	
15.5132	0.025	0	6.36783	1.4054	240.863	
6.03743	0.025	0	-19.9058	-0.520256	198.746	
0.336903	0.025	0	94.7931	-2.10564	228.726	
6.71565	0.025	0	-5.06209	-8.73077	200.889	
5.96111	0.025	0	-34.3841	-1.51564	168.868	
1.34607	0.025	3.14159	-58.0287	-9.43655	232.813	
0.67315	0.025	0	-106.069	15.1598	184.709	
2.12237	0.025	0	2.91574	-13.7148	195.366	
0.775483	0.025	0	32.1353	8.34994	254.432	
1.6692	0.025	3.14159	-53.9985	-17.698	182.842	
0.0073773	0.025	0	-50.7061	0.203562	-4.66577	
5.26448	0.025	0	70.7006	-9.65659	177.456	
13.8419	0.025	0	0.789988	-0.912562	242.664	
2.20531	0.025	0	-19.3508	-7.95485	173.622	
15.1938	0.025	0	-6.21868	3.15155	225.341	
3.66855	0.025	0	74.1193	-11.8297	169.124	
4.29304	0.025	0	-9.40981	-5.31545	198.08	
0.262402	0.025	0	-160.132	-23.7065	218.344	
2.14145	0.025	0	-19.2686	2.92928	140.124	
0.690907	0.025	3.14159	-121.422	-13.3815	167.422	
5.88326	0.025	0	-38.6684	1.50927	197.707	
0.482244	0.025	0	-46.7724	-27.0309	203.782	
6.32556	0.025	0	-16.4059	6.81455	217.377	
2.66356	0.025	3.14159	-31.8232	3.06133	217.617	
19.4424	0.025	0	-2.35661	-6.25802	237.917	
2.03364	0.025	0	-66.1913	-17.7453	188.705	
0.320447	0.025	0	-122.321	-17.2393	186.746	
14.9282	0.025	0	-4.56608	-1.89579	234.787	
2.0355	0.025	0	-32.5982	-17.4392	228.002	
7.71893	0.025	0	-16.577	-9.80419	160.112	
0.683899	0.025	3.14159	-81.0466	-45.3311	265.882	
18.9317	0.025	0	22.3729	-5.89734	247.534	
0.88752	0.025	3.14159	52.6978	12.9786	205.897	
1.28697	0.025	3.14159	-40.7587	-0.290914	262.84	
5.82526	0.025	0	-8.22262	-4.54317	203.332	
0.842972	0.025	0	-84.779	15.0956	244.628	
20.9891	0.025	0	-23.9029	0.667726	259.091	
5.48846	0.025	0	-42.7536	-2.97384	180.3	
7.89619	0.025	0	-25.3655	9.0794	188.277	
11.9617	0.025	0	-47.2329	-0.618415	194.596	
9.57224	0.025	0	-64.8645	2.85062	194.309	
7.82241	0.025	0	-27.7093	-10.2934	171.36	
3.44257	0.025	3.14159	-17.2005	-0.428292	166.617	
2.04563	0.025	0	12.8526	-2.45774	228.243	
3.00352	0.025	0	41.0671	3.936	92.5586	
8.54345	0.025	0	-15.0317	1.73411	197.312	
0.879468	0.025	0	-169.412	13.5765	199.943	
2.75144	0.025	0	-4.91031	-4.47326	207.857	
8.51423	0.025	0	-18.7684	-21.102	208.11	
1.32273	0.025	0	40.136	-2.5944	170.397	
10.0257	0.025	0	5.46	-10.3055	179.407	
0.373066	0.025	3.14159	79.2041	0.195713	166.191	
4.06613	0.025	0	-7.10776	-2.86119	211.042	
11.1806	0.025	0	-10.3623	3.16032	195.734	
6.0155	0.025	0	19.9656	-0.530699	167.078	
5.31766	0.025	0	14.8366	1.83571	210.95	
1.09466	0.025	3.14159	-21.223	5.66522	185.199	
10.1379	0.025	0	-67.1267	-1.98201	198.841	
0.113762	0.025	3.14159	63.5731	-5.02486	126.575	
8.76673	0.025	0	-8.63672	10.8639	190.574	
2.97436	0.025	0	49.8245	24.6396	189.187	
0.917296	0.025	0	74.6813	13.9661	300.248	
10.0425	0.025	0	-40.797	6.73651	206.983	
6.26477	0.025	0	7.25397	-2.72375	193.131	
8.66908	0.025	0	56.3774	-0.972188	238.593	
1.41487	0.025	0	8.08903	-14.4082	192.429	
0.425126	0.025	0	-168.054	-10.6489	80.7721	
10.396	0.025	0	57.2408	-4.05633	196.458	
6.58006	0.025	0	-23.5964	-5.66341	179.305	
9.14857	0.025	0	-34.7153	6.38603	235.979	
6.94224	0.025	0	-9.6301	-2.73649	192.861	
8.23756	0.025	0	2.50499	14.2146	192.852	
0.115162	0.025	3.14159	-15.0618	-38.18	227.579	
2.32163	0.025	0	-61.2623	-15.2267	220.7	
3.83466	0.025	3.14159	0.347574	-10.8905	173.162	
6.72826	0.025	0	34.9818	-9.34619	199.8	
8.10796	0.025	0	-25.1667	5.45142	212.665	
1.41508	0.025	0	42.5122	-6.06946	213.489	
8.61089	0.025	0	-7.7029	-3.24638	169.662	
4.44361	0.025	0	4.05021	4.44165	183.577	
6.85194	0.025	0	-7.08922	-2.12853	204.485	
2.0582	0.025	0	-53.5544	6.25262	210.8	
6.35718	0.025	0	-36.6387	-12.4138	175.791	
15.5142	0.025	0	-4.73088	-0.304027	202.367	
6.48392	0.025	0	8.19378	-10.8806	164.596	
3.56805	0.025	3.14159	33.8005	-6.64352	188.823	
7.03947	0.025	0	31.9971	2.93212	189.337	
0.757216	0.025	3.14159	63.7242	-8.96517	194.48	
9.65621	0.025	0	13.5829	1.08345	191.76	
2.92232	0.025	3.14159	-6.15126	4.99313	176.622	
0.468136	0.025	0	151.028	10.609	161.307	
5.0993	0.025	0	-11.7597	5.13347	205.777	
0.526951	0.025	0	-63.2523	-3.58676	138.466	
5.30373	0.025	0	52.6697	-9.69899	241.824	
9.82748	0.025	0	-13.646	-9.66877	219.145	
0.00855452	0.025	0	-19.0479	-22.5658	3.18549	
3.44647	0.025	0	21.1153	4.79901	178.806	
6.04261	0.025	0	-5.09576	-3.5006	151.001	
3.57355	0.025	0	26.996	-3.7382	198.276	
0.579925	0.025	0	42.7608	29.6858	276.832	
2.97578	0.025	0	24.5688	9.08892	184.542	
4.7105	0.025	0	10.2943	-1.74845	152.362	
6.16594	0.025	0	46.1978	-2.46522	196.807	
13.7165	0.025	0	31.6848	4.49296	253.635	
9.14886	0.025	0	37.8249	-3.67769	222.294	
7.14545	0.025	0	-28.7256	2.2296	161.32	
6.58149	0.025	0	27.2363	-1.12428	197.155	
3.12289	0.025	0	42.2749	-8.89184	189.601	
10.795	0.025	0	7.86689	8.38295	236.196	
6.5484	0.025	0	-4.51697	1.18145	201.856	
1.85991	0.025	3.14159	-35.7918	-0.759015	191.025	
5.40038	0.025	0	-28.2849	2.1497	192.635	
0.11492	0.025	0	241.344	21.4176	129.318	
4.14623	0.025	0	-15.667	13.5802	174.908	
3.31149	0.025	0	17.8612	1.50358	201.634	
7.49692	0.025	0	18.9973	0.430923	195.839	
14.2221	0.025	0	-44.4177	1.91876	213.083	
8.09901	0.025	0	18.1506	9.82962	229.243	
3.85231	0.025	0	19.4034	-10.471	168.826	
13.9024	0.025	0	0.0265384	-7.37339	219.891	
9.08013	0.025	0	0.935835	11.3967	256.214	
1.03839	0.025	3.14159	-89.15	5.70791	250.669	
0.777726	0.025	3.14159	-71.6299	-8.19343	255.494	
8.56786	0.025	0	11.6636	6.1442	189.063	
1.37223	0.025	0	-126.309	7.52809	173.919	
10.8168	0.025	0	-11.0763	-5.66202	202.126	
12.1506	0.025	0	-4.28358	0.557117	246.008	
3.37606	0.025	0	9.39237	10.3267	222.559	
0.245956	0.025	3.14159	66.349	-10.3144	261.082	
13.4121	0.025	0	61.6172	13.0817	241.571	
0.0438961	0.025	3.14159	-26.8405	-73.945	189.161	
0.490559	0.025	0	36.6	16.9604	130.341	
1.85481	0.025	0	-12.1405	-1.42779	199.86	
8.38654	0.025	0	51.7927	-2.75184	196.847	
7.6424	0.025	0	21.7825	7.93325	212.927	
0.0553814	0.025	0	155.974	78.1904	-86.6893	
7.48783	0.025	0	26.2003	6.97819	221.295	
7.83996	0.025	0	22.4567	6.73925	171.474	
2.13291	0.025	0	-75.8058	-5.24109	181.444	
11.7833	0.025	0	-0.838681	-3.52547	234.306	
0.239038	0.025	3.14159	18.9303	19.1723	96.5054	
3.88711	0.025	0	-5.61593	15.9258	164.83	
10.0754	0.025	0	4.57433	5.40157	207.84	
6.6316	0.025	0	-16.9436	4.76617	202.827	
9.72793	0.025	0	29.7865	-10.1188	226.294	
6.65959	0.025	0	-2.16174	7.26684	215.517	
12.8889	0.025	0	25.8973	1.62467	265.366	
1.27111	0.025	0	-24.0685	2.40831	192.978	
1.15216	0.025	0	-5.00439	7.59035	237.676	
3.09834	0.025	0	17.8357	-1.57153	187.182	
9.70359	0.025	0	-32.6703	9.24265	162.65	
2.4542	0.025	0	64.8617	3.45609	214.477	
6.26519	0.025	0	11.9714	10.9175	208.096	
7.62197	0.025	0	55.3135	0.221425	201.902	
2.92451	0.025	3.14159	-32.3719	-11.992	184.992	
8.06711	0.025	0	31.0194	0.125623	205.749	
8.11103	0.025	0	-16.0962	-1.88499	210.244	
15.1871	0.025	0	-24.0686	10.9948	202.312	
1.77494	0.025	0	5.30101	20.4702	214.444	
9.76292	0.025	0	-31.9768	3.54064	212.602	
2.5998	0.025	0	13.3645	-7.833	168.098	
6.20104	0.025	0	-12.3774	-0.594405	163.858	
6.20236	0.025	0	3.33102	-11.0002	220.729	
4.78982	0.025	0	67.5213	-2.27084	202.217	
10.8201	0.025	0	7.46645	16.8672	238.088	
0.261813	0.025	3.14159	-56.943	34.2999	197.443	
2.44761	0.025	0	27.525	-15.873	195.743	
7.32699	0.025	0	0.432077	10.1308	212.085	
3.49541	0.025	3.14159	28.5463	-1.15621	194.354	
0.842401	0.025	0	8.20941	13.1869	218.206	
7.98459	0.025	0	35.3437	-6.59897	163.841	
1.59975	0.025	0	13.3188	21.2879	177.431	
8.72145	0.025	0	3.79312	3.23325	212.994	
5.59041	0.025	0	6.00744	-3.92743	199.546	
0.25942	0.025	3.14159	128.355	31.291	243.073	
15.9344	0.025	0	44.909	-1.29996	241.957	
1.34719	0.025	0	-35.5062	-6.23439	204.771	
0.39512	0.025	3.14159	76.5314	-0.0630605	128.754	
9.99565	0.025	0	9.72754	-2.26071	190.529	
12.6798	0.025	0	11.1334	-3.75248	238.6	
1.43234	0.025	0	-101.01	5.39146	197.686	
8.68147	0.025	0	-13.6233	3.37841	227.381	
10.6452	0.025	0	48.4512	-0.765161	190.518	
8.37128	0.025	0	7.65375	10.1908	209.699	
4.0326	0.025	0	-4.47527	-4.05469	214.668	
6.27566	0.025	0	-9.06694	-8.08877	203.901	
0.887681	0.025	3.14159	-3.02443	-13.762	209.932	
6.63822	0.025	0	-68.7322	-2.76638	189.496	
4.0411	0.025	3.14159	-8.81288	-0.75378	199.655	
1.39349	0.025	0	-5.92294	-7.5777	141.141	
0.574125	0.025	3.14159	-52.2524	0.298199	219.792	
9.25967	0.025	0	-19.4795	-2.93047	210.088	
0.156664	0.025	0	-77.3404	-16.7958	180.149	
2.58603	0.025	0	22.4359	-10.3767	167.315	
7.04776	0.025	0	20.9599	9.73574	198.102	
4.51682	0.025	0	3.66573	9.81647	211.284	
0.19055	0.025	0	-29.213	12.8952	178.485	
4.51918	0.025	0	-21.8021	8.44069	180.254	
11.9624	0.025	0	1.0514	3.04639	219.109	
2.37938	0.025	0	36.5411	-12.7233	205.907	
1.70503	0.025	0	-61.466	4.50683	227.791	
3.68965	0.025	3.14159	30.3919	-8.92617	169.466	
1.98717	0.025	0	-33.9692	3.97753	170.622	
2.88741	0.025	0	-44.5289	3.85536	206.097	
18.1151	0.025	0	26.1827	4.64717	239.288	
12.0884	0.025	0	6.41242	-12.1741	212.988	
8.38126	0.025	0	21.9785	11.2596	219.533	
1.36884	0.025	0	85.6514	-16.5865	211.308	
9.52844	0.025	0	4.08847	-11.7348	213.228	
9.29589	0.025	0	9.76067	-11.6516	225.388	
9.40333	0.025	0	22.195	6.14144	247.655	
0.582261	0.025	0	-89.8856	-5.07775	181.193	
11.4317	0.025	0	-36.5226	-9.47586	193.059	
15.1679	0.025	0	39.7001	-3.81424	230.472	
0.810105	0.025	0	101.677	-10.0728	231	
16.1436	0.025	0	-17.1404	-0.0539273	239.271	
2.65808	0.025	0	-26.1648	-16.552	187.589	
0.967068	0.025	3.14159	-7.0691	-9.07713	199.59	
2.15053	0.025	0	50.7195	4.25696	216.347	
9.11176	0.025	0	-9.25959	7.42032	212.523	
1.43238	0.025	0	-78.8049	-10.442	177.691	
1.37699	0.025	0	-0.0335717	-20.0582	213.982	
6.81324	0.025	0	30.567	-4.65618	202.364	
8.96207	0.025	0	-74.0176	17.3234	162.959	
1.28956	0.025	0	-40.5603	6.06099	259.749	
1.2526	0.025	3.14159	-101.907	17.1798	142.696	
2.19687	0.025	3.14159	-31.7907	-1.75736	179.424	
2.67766	0.025	0	-55.3159	-4.84064	179.82	
1.07159	0.025	3.14159	-67.9971	-1.45083	186.417	
0.175999	0.025	3.14159	-56.9542	-8.31568	191.444	
13.5568	0.025	0	-22.7959	-2.32423	193.143	
0.408398	0.025	0	-19.2058	8.10992	108.734	
9.53837	0.025	0	43.331	4.13692	198.709	
0.18319	0.025	0	22.4811	-13.294	236.571	
6.57003	0.025	0	-4.86275	15.745	224.837	
12.3057	0.025	0	-1.53495	-3.98511	220.558	
0.934521	0.025	0	-46.538	-17.0426	291.844	
6.95956	0.025	0	-6.80311	6.75116	214.07	
1.43043	0.025	0	45.1632	-3.76821	190.513	
0.545519	0.025	0	-3.28213	-13.9694	277.585	
14.6935	0.025	0	3.08011	5.9041	235.392	
0.216452	0.025	3.14159	27.6046	0.212692	205.814	
8.54471	0.025	0	6.07274	6.59217	171.541	
2.85837	0.025	0	5.17504	5.89561	205.081	
0.779422	0.025	3.14159	76.2417	19.8745	220.068	
0.934571	0.025	0	-127.087	11.9019	251.781	
0.975754	0.025	3.14159	-38.8362	5.36248	238.542	
2.60654	0.025	0	-67.2574	18.5974	172.206	
9.43019	0.025	0	-1.23467	-4.25037	210.129	
11.3999	0.025	0	-6.96212	-7.51161	236.813	
9.44283	0.025	0	-10.6858	-3.70926	227.737	
5.62792	0.025	0	-29.3996	3.51259	214.182	
4.3078	0.025	0	-21.4762	10.8162	198.289	
18.6575	0.025	0	10.666	0.310617	221.82	
11.4195	0.025	0	29.4938	-7.22264	239.168	
1.57832	0.025	3.14159	15.9583	-2.97901	188.427	
7.26164	0.025	0	-14.3137	-6.5012	179.1	
8.55925	0.025	0	-8.88575	0.998464	214.728	
2.15853	0.025	0	-28.567	-5.73554	208.554	
12.8799	0.025	0	0.048525	-1.34735	228.88	
1.31992	0.025	0	39.9885	-10.4313	213.469	
10.7356	0.025	0	-49.1379	-10.6122	222.436	
2.28269	0.025	3.14159	28.2132	-0.56075	170.486	
0.836435	0.025	3.14159	-44.7112	-10.4138	147.076	
4.38218	0.025	3.14159	27.6245	-3.05276	180.318	
0.434655	0.025	3.14159	-6.60133	2.28177	87.8018	
4.84743	0.025	0	2.41812	-9.90609	180.816	
5.86251	0.025	0	17.7031	-6.16733	150.402	
0.900532	0.025	3.14159	-62.0755	-31.1756	155.165	
1.31154	0.025	0	-26.9043	5.60458	241.804	
0.228244	0.025	3.14159	-78.5085	-8.53948	195.342	
0.780729	0.025	3.14159	90.7456	3.23711	240.665	
2.83371	0.025	3.14159	36.7169	10.7219	186.352	
2.78544	0.025	0	-17.7689	0.515367	229.455	
0.769939	0.025	0	30.9915	3.09064	238.755	
3.15145	0.025	0	-22.6323	-2.93229	200.696	
5.7903	0.025	0	-21.6493	3.4043	167.497	
0.655066	0.025	0	12.5467	-11.2212	265.386	
3.12493	0.025	0	29.1819	4.69535	201.802	
7.13653	0.025	0	33.546	0.596797	199.588	
11.5328	0.025	0	0.0451499	-3.06959	274.207	
1.15761	0.025	0	-68.5822	-0.85555	241.331	
2.70529	0.025	0	-40.6827	1.94887	171.361	
15.0831	0.025	0	1.78652	-9.84253	255.289	
8.42825	0.025	0	-18.5542	-13.4071	211.885	
0.0514038	0.025	3.14159	54.389	73.2047	58.979	
3.24209	0.025	0	-63.0837	1.69301	187.428	
9.23209	0.025	0	22.9881	-11.0383	211.253	
6.26012	0.025	0	3.65369	7.01636	153.879	
1.18287	0.025	3.14159	20.1962	-7.90332	177.135	
0.0118361	0.025	3.14159	47.6147	-43.0854	45.6529	
4.31721	0.025	0	-10.0767	-1.44994	201.741	
5.51747	0.025	0	-44.7495	-9.53104	189.078	
3.56468	0.025	0	-28.6943	4.90457	206.556	
4.40301	0.025	0	29.3629	-5.75499	155.448	
13.9277	0.025	0	-21.9309	0.4158	232.426	
12.9975	0.025	0	-11.8934	0.229556	220.79	
6.19572	0.025	0	-10.7262	9.00655	192.514	
6.5331	0.025	0	-30.5825	-3.15617	216.949	
16.8707	0.025	0	-19.5221	0.464418	241.463	
2.59389	0.025	0	17.5823	-0.574741	185.837	
0.620943	0.025	3.14159	9.12113	-6.6358	231.445	
2.31562	0.025	0	34.4331	-6.99007	226.349	
2.22336	0.025	3.14159	57.1738	2.81153	183.278	
1.58949	0.025	0	80.3826	6.07329	234.165	
10.8992	0.025	0	-12.4769	-4.67532	191.857	
0.836508	0.025	3.14159	-42.418	-15.977	226.943	
7.35174	0.025	0	10.8718	5.22436	210.585	
1.95084	0.025	0	29.0429	7.18001	169.898	
0.626806	0.025	0	64.6185	11.5038	170.617	
1.42475	0.025	3.14159	19.612	-1.05429	211.211	
3.46521	0.025	0	19.5026	12.6149	181.467	
6.97449	0.025	0	0.0867321	-3.60964	173.662	
6.97367	0.025	0	37.7654	-5.65806	186.077	
5.79185	0.025	3.14159	-16.5319	0.104499	198.344	
9.31245	0.025	0	41.179	-3.49877	209.68	
12.8857	0.025	0	-29.2755	-0.56142	218.598	
1.61989	0.025	3.14159	-14.0649	-0.390338	155.95	
0.895276	0.025	0	-30.2232	-3.69484	221.249	
0.509296	0.025	3.14159	10.2988	34.056	247.206	
4.25551	0.025	0	67.8408	-4.61929	172.82	
7.74492	0.025	0	44.344	10.3241	177.286	
8.01697	0.025	0	4.62595	-4.18617	184.437	
4.54893	0.025	0	-10.7804	-17.775	193.612	
0.128778	0.025	0	78.8137	9.91519	30.7304	
6.12905	0.025	0	34.0348	-8.55257	213.186	
0.149854	0.025	0	-53.6433	-5.19814	237.278	
8.81287	0.025	0	-4.83452	-2.99984	198.619	
9.02644	0.025	0	3.44308	2.45531	193.142	
14.3528	0.025	0	-20.1915	-8.51193	220.218	
5.43303	0.025	0	38.5158	-4.1645	189.684	
8.94559	0.025	0	15.5833	3.81182	224.636	
8.17799	0.025	0	-14.3681	-4.60339	239.885	
8.96345	0.025	0	-19.8507	6.29745	203.696	
8.20954	0.025	0	5.00633	18.3848	243.084	
4.88358	0.025	0	-5.28453	0.790942	169.78	
2.79143	0.025	0	22.1735	3.79943	149.919	
7.63744	0.025	0	39.9755	12.5641	199.605	
9.1316	0.025	0	-29.982	-2.91683	198.579	
0.759456	0.025	3.14159	16.2969	7.42315	185.643	
6.26054	0.025	0	-6.81242	0.513913	161.309	
1.51879	0.025	0	-69.3252	-2.58977	242.528	
11.3926	0.025	0	1.14884	-3.13425	208.991	
0.811637	0.025	0	-26.7437	11.9924	221.87	
6.91222	0.025	0	-8.24737	16.3368	176.814	
2.99237	0.025	3.14159	-11.2706	-4.12184	154.194	
4.09753	0.025	0	-20.1801	2.96262	206.361	
8.05082	0.025	0	19.1132	-7.16358	181.499	
0.427872	0.025	0	-7.7521	6.63729	218.545	
10.8522	0.025	0	0.455893	3.4742	196.234	
5.20262	0.025	0	-26.6407	1.09201	168.054	
6.60317	0.025	0	11.382	4.97458	169.945	
1.12187	0.025	0	19.0632	-18.591	182.104	
1.70052	0.025	3.14159	-13.2679	-14.5924	186.912	
4.38949	0.025	3.14159	46.637	3.41372	217.775	
7.56576	0.025	0	-29.211	-2.29158	182.378	
6.07086	0.025	0	-34.201	1.6261	185.552	
7.59422	0.025	0	67.0903	-8.33855	226.149	
0.29138	0.025	0	48.4153	-8.9934	261.474	
2.88568	0.025	3.14159	-76.6853	2.7496	205.661	
1.37586	0.025	3.14159	-2.23847	12.4882	223.26	
0.300706	0.025	0	-148.832	-17.8309	160.781	
6.14194	0.025	0	54.2892	6.30722	164.996	
10.7329	0.025	0	-1.46864	-5.66033	210.171	
8.40603	0.025	0	6.63165	1.80858	215.709	
13.3489	0.025	0	11.256	8.81262	235.783	
0.470173	0.025	3.14159	58.102	16.9033	140.834	
19.48	0.025	0	-2.27922	-0.802047	233.495	
6.61723	0.025	0	-48.5383	9.02534	205.423	
3.6115	0.025	0	18.1509	14.5893	211.136	
4.05682	0.025	3.14159	-12.9689	6.95611	173.314	
6.11735	0.025	0	-41.3106	-8.75823	165.767	
8.11206	0.025	0	21.2619	14.1151	184.453	
0.886563	0.025	0	23.951	8.29071	195.079	
10.096	0.025	0	-18.3632	1.76253	194.921	
4.79576	0.025	0	20.1733	-12.0643	157.395	
10.8805	0.025	0	35.921	3.0394	203.179	
11.5079	0.025	0	43.5085	-2.53062	194.95	
2.48113	0.025	0	21.373	10.821	205.941	
1.93793	0.025	0	-9.02485	2.15726	193.067	
12.9143	0.025	0	-23.742	2.52085	245.813	
7.47577	0.025	0	3.83811	3.34244	170.35	
4.95175	0.025	0	1.15599	2.74077	174.427	
11.0904	0.025	0	-27.1364	0.249174	218.149	
4.5948	0.025	0	2.42868	1.25073	169.258	
3.12945	0.025	3.14159	-72.67	-2.29986	178.937	
8.90627	0.025	0	14.6371	9.20193	235.026	
0.582793	0.025	3.14159	97.9097	23.6095	161.103	
9.51809	0.025	0	-34.1839	-3.13276	203.77	
12.2714	0.025	0	15.2643	1.59672	264.308	
1.79624	0.025	0	-17.4413	-16.1732	217.509	
6.64605	0.025	0	-24.9975	-3.17716	197.649	
10.1007	0.025	0	-34.2937	-0.30716	195.201	
10.6341	0.025	0	-34.8834	-1.28868	218.727	
6.60354	0.025	0	28.7207	17.3811	189.64	
3.21837	0.025	0	6.23679	3.02398	243.188	
6.67644	0.025	0	14.4394	5.08112	215.485	
11.1749	0.025	0	-12.8996	-5.72351	214.304	
7.18624	0.025	0	9.16592	12.9293	220.862	
1.81408	0.025	3.14159	39.6343	5.23626	202.293	
0.863221	0.025	0	-57.446	9.06432	176.421	
3.11793	0.025	3.14159	9.95631	5.86304	243.332	
3.52787	0.025	0	-2.05376	8.91327	188.279	
1.51235	0.025	0	17.8508	-4.35246	219.28	
0.515425	0.025	0	111.899	-7.81399	152.382	
8.72523	0.025	0	-5.29793	-6.01202	217.468	
6.51932	0.025	0	-20.1864	-5.1412	201.04	
6.01874	0.025	0	-10.1597	1.83149	180.118	
1.8396	0.025	3.14159	-33.6889	6.07566	243.366	
0.689813	0.025	0	-58.7102	11.1853	194.133	
10.3665	0.025	0	-23.3745	-14.1956	218.885	
1.53273	0.025	0	0.799817	-2.22789	155.611	
3.40402	0.025	3.14159	2.78982	-7.67952	215.064	
0.398035	0.025	0	-88.1187	-17.016	243.291	
6.78373	0.025	0	-2.79111	-0.214611	173.463	
6.28947	0.025	0	-47.452	-5.87344	185.016	
9.97691	0.025	0	-30.3405	13.1767	204.176	
8.8908	0.025	0	8.04877	3.52499	205.256	
2.28391	0.025	3.14159	58.2439	1.9142	191.885	
2.77564	0.025	0	-12.2069	-4.40127	214.617	
11.409	0.025	0	11.4363	-1.7048	204.401	
13.5777	0.025	0	4.47748	-7.02825	218.395	
0.835278	0.025	3.14159	117.724	2.29365	204.712	
0.326052	0.025	3.14159	13.1933	-9.06458	155.109	
9.3923	0.025	0	-40.9171	6.03924	203.541	
1.44729	0.025	3.14159	29.6989	5.69997	227.547	
1.90999	0.025	0	-22.8045	4.8674	247.281	
4.25225	0.025	0	-71.5777	-7.50868	200.9	
0.399536	0.025	0	36.7059	42.0615	276.397	
8.30513	0.025	0	9.90594	11.4182	218.161	
14.3889	0.025	0	-23.6747	2.71756	223.017	
9.09866	0.025	0	-8.34616	-3.61573	216.993	
2.41033	0.025	3.14159	-4.04458	-24.9814	208.843	
7.9456	0.025	0	-30.1067	3.68295	194.179	
7.94728	0.025	0	-26.6113	7.09756	185.879	
0.189026	0.025	3.14159	80.9723	-0.85565	194.286	
5.1392	0.025	3.14159	10.3338	3.27771	232.415	
7.13539	0.025	0	24.4479	1.78003	188.095	
4.60578	0.025	0	56.7841	4.5101	160.402	
8.03635	0.025	0	31.7244	-2.62947	166.366	
6.03438	0.025	0	-18.0884	1.82577	201.814	
1.47213	0.025	0	-61.2726	4.20513	187.972	
1.4143	0.025	0	-12.5138	5.43139	248.225	
11.5912	0.025	0	-45.3355	9.87754	226.844	
8.87272	0.025	0	6.48366	-0.978865	172.696	
2.39759	0.025	0	44.2662	2.68836	187.005	
2.17054	0.025	3.14159	35.4157	0.884017	176.956	
7.33673	0.025	0	-34.4711	0.48276	186.044	
11.6023	0.025	0	-24.2535	1.18268	202.167	
9.09126	0.025	0	-6.31804	0.294059	176.85	
2.45317	0.025	3.14159	36.6524	-5.89251	233.249	
0.311194	0.025	3.14159	110.357	15.8623	126.155	
9.48177	0.025	0	-7.12754	-9.88298	232.437	
5.40953	0.025	0	5.2729	8.6912	170.337	
12.617	0.025	0	1.77004	-0.319428	215.487	
1.18119	0.025	0	8.61962	18.0475	238.471	
0.497484	0.025	3.14159	9.89585	14.0751	235.209	
10.5471	0.025	0	-5.59967	2.93929	158.394	
9.90498	0.025	0	-6.31823	4.70923	202.393	
0.173565	0.025	0	2.40647	14.9565	137.54	
14.4412	0.025	0	-79.0207	13.8297	222.144	
0.637098	0.025	0	94.9752	7.67139	135.35	
12.7942	0.025	0	7.48159	-3.33777	271.786	
3.08471	0.025	0	53.7937	-1.37326	208.16	
9.87523	0.025	0	11.0786	-2.26421	238.525	
9.58107	0.025	0	-1.22822	8.25074	197.631	
8.51699	0.025	0	36.3256	8.00818	195.195	
4.85787	0.025	0	25.0718	-1.24372	200.023	
1.89144	0.025	0	-38.5683	-31.3096	181.038	
0.673914	0.025	0	-8.53644	-10.9047	154.91	
3.94875	0.025	0	22.7085	-7.04536	185.894	
6.10168	0.025	0	3.8988	4.60355	167.798	
2.7134	0.025	0	31.238	-12.6545	201.791	
1.80822	0.025	0	-41.8786	13.3643	175.193	
8.1538	0.025	0	-12.9881	3.43439	233.396	
9.58638	0.025	0	5.03805	-12.6644	232.642	
8.52715	0.025	0	-52.1251	-2.97411	202.23	
5.54215	0.025	0	33.8581	3.75748	195.316	
2.1819	0.025	0	26.7874	-5.62428	173.73	
0.8082	0.025	0	-36.8673	-2.13877	244.151	
5.526	0.025	0	27.8632	-13.0704	206.084	
5.84618	0.025	0	-24.0495	-1.17684	194.692	
11.6994	0.025	0	-37.4633	9.71863	209.359	
0.225415	0.025	0	22.4135	-8.45434	184.036	
1.60842	0.025	3.14159	49.5042	9.29436	183.365	
0.23545	0.025	0	19.2904	29.5572	186.274	
0.543289	0.025	3.14159	36.2828	5.08508	214.078	
0.433075	0.025	0	-46.5719	-22.4869	284.13	
5.32618	0.025	0	-14.5246	-6.98049	159.247	
1.66094	0.025	0	-108.666	11.2534	238.651	
3.20731	0.025	3.14159	-18.4814	3.0387	193.235	
1.88822	0.025	0	21.202	-3.5497	198.03	
0.397421	0.025	0	-67.2488	-20.9967	161.768	
10.5507	0.025	0	35.4709	6.73492	186.997	
12.5576	0.025	0	-35.6884	-4.53765	220.929	
1.55503	0.025	3.14159	-9.06373	9.46869	192.201	
8.73583	0.025	0	-70.5353	-3.56529	159.489	
12.6178	0.025	0	-28.4351	1.8147	248.209	
0.501699	0.025	0	60.226	-13.1002	199.224	
9.50384	0.025	0	42.7195	4.45369	212.934	
8.27801	0.025	0	-12.8848	-17.4749	203.353	
12.1871	0.025	0	11.6523	-2.49089	227.204	
11.3829	0.025	0	-2.6152	-9.84189	238.433	
6.82948	0.025	0	-18.4527	-9.90865	220.284	
2.217	0.025	3.14159	57.2021	2.50059	179.079	
5.82612	0.025	0	-29.192	-13.2638	169.134	
9.76827	0.025	0	18.3464	-14.3028	238.527	
8.03651	0.025	0	-17.2401	-12.4705	211.58	
2.7306	0.025	0	-32.7177	9.4758	179.233	
4.25681	0.025	0	8.46139	1.04652	162.681	
9.91973	0.025	0	-44.6204	-0.49975	202.446	
2.43415	0.025	0	0.321463	9.79806	139.08	
0.461291	0.025	0	-17.1566	-4.87373	289.727	
0.504293	0.025	0	49.8062	8.28554	216.554	
5.1148	0.025	0	17.4238	0.836299	169.649	
6.43904	0.025	0	-31.2836	-15.3498	199.684	
3.61451	0.025	3.14159	6.62713	-3.92827	171.486	
6.96643	0.025	0	-9.04792	13.4363	211.998	
6.1453	0.025	0	0.158845	-8.68216	207.518	
4.64729	0.025	0	8.64003	6.06774	228.175	
0.577414	0.025	0	11.5447	-7.16015	219.323	
9.69098	0.025	0	-61.2185	1.60789	212.99	
5.46602	0.025	0	42.2344	-2.84716	190.876	
4.98039	0.025	0	14.7783	-6.30515	165.882	
2.61713	0.025	0	9.32685	-3.41603	216.37	
2.2796	0.025	3.14159	26.9173	-11.1681	191.481	
8.74877	0.025	0	-7.32203	12.5389	200.215	
0.827492	0.025	0	67.4682	12.8196	225.395	
11.4755	0.025	0	47.3525	3.60087	209.001	
0.425269	0.025	3.14159	-4.97325	-18.6675	183.413	
11.7426	0.025	0	-42.4551	11.9643	240.836	
0.680466	0.025	0	-9.74202	19.4182	292.757	
4.95753	0.025	0	2.169	-9.93353	189.817	
5.73065	0.025	0	-14.1716	-3.14632	193.756	
9.7183	0.025	0	34.6933	-3.1078	191.81	
10.1317	0.025	0	17.2206	-12.0973	200.341	
14.6374	0.025	0	16.2313	6.81388	230.441	
4.83535	0.025	0	38.1013	-9.03173	206.65	
7.73336	0.025	0	-1.37755	-10.1241	163.687	
3.87103	0.025	0	19.6246	-7.61261	163.23	
3.83626	0.025	0	54.7486	-3.2449	197.473	
0.472074	0.025	3.14159	-38.8092	-0.603745	121.661	
1.08699	0.025	0	104.291	-9.52658	183.505	
6.99897	0.025	0	2.4971	10.9603	172.924	
1.72564	0.025	0	105.724	-8.93021	141.059	
8.52181	0.025	0	15.2029	-9.47732	201.217	
5.98195	0.025	0	15.6202	-6.69486	252.737	
9.13691	0.025	0	35.3555	6.33955	237.43	
10.5856	0.025	0	-8.93339	-6.17923	225.795	
3.32464	0.025	0	-19.2124	-19.8869	212.388	
1.37309	0.025	0	-6.2315	-11.4253	163.793	
0.84987	0.025	0	-70.3174	-6.3597	195.95	
7.28456	0.025	0	23.7613	15.6148	207.359	
6.10626	0.025	0	28.765	2.75909	217.027	
9.92523	0.025	0	13.3128	-6.28564	199.439	
6.68805	0.025	0	-13.4203	-8.52757	191.21	
5.37864	0.025	0	46.2084	-8.1623	198.956	
3.25546	0.025	3.14159	30.0676	-3.90859	220.078	
5.32551	0.025	0	-13.2513	-0.592502	189.188	
7.47538	0.025	0	-51.9896	-7.05351	188.455	
2.12789	0.025	0	-16.7451	-11.7444	199.139	
6.05454	0.025	0	23.7743	-11.9635	155.831	
2.08644	0.025	0	-16.7271	5.60039	192.23	
0.46221	0.025	3.14159	-125.078	-19.4338	189.564	
0.405363	0.025	0	126.641	2.01083	278.046	
0.628889	0.025	0	-57.5343	8.79109	206.778	
1.57806	0.025	3.14159	67.0127	6.29413	164.518	
8.10968	0.025	0	10.5839	11.6457	177.55	
10.4468	0.025	0	-12.479	-4.79221	208.249	
12.0521	0.025	0	-12.6612	3.49955	206.282	
11.7463	0.025	0	-19.3233	3.16545	233.824	
8.79974	0.025	0	58.0066	-6.52183	193.256	
4.76923	0.025	0	37.6548	3.06969	173.638	
5.96388	0.025	0	-5.26801	-3.68438	197.477	
4.31772	0.025	0	-28.6879	-9.38859	202.849	
2.02789	0.025	0	11.5913	-1.85172	200.004	
10.1705	0.025	0	-18.1948	-5.60311	263.648	
2.53784	0.025	0	3.7543	-12.3027	233.745	
5.39151	0.025	0	-61.5359	-3.14891	155.884	
0.631189	0.025	3.14159	43.6704	5.33108	121.837	
6.37189	0.025	0	9.01805	-3.71048	220.013	
5.53737	0.025	0	13.7677	-11.758	128.017	
5.07922	0.025	0	-31.3448	-11.1627	192.374	
1.53035	0.025	0	23.551	-11.2342	186.721	
2.04079	0.025	0	-47.6532	-14.1606	199.957	
7.77189	0.025	0	-2.78375	-2.25685	172.689	
10.3166	0.025	0	-42.8041	-2.34566	221.801	
4.75286	0.025	0	24.1866	0.0501002	200.946	
10.6083	0.025	0	1.35879	-4.7067	242.055	
6.20933	0.025	0	52.4103	2.83122	189.599	
3.7709	0.025	3.14159	10.4815	-7.77543	203.689	
1.80599	0.025	0	39.4362	3.3932	187.988	
13.7339	0.025	0	-21.6528	-10.9437	222.641	
0.634917	0.025	0	-31.2543	-6.21346	229.598	
10.3793	0.025	0	-12.7479	5.26096	229.87	
0.290346	0.025	3.14159	22.087	6.31236	259.371	
11.8309	0.025	0	-15.0843	-5.59147	232.326	
1.50697	0.025	3.14159	55.3704	-14.0431	211.065	
4.48456	0.025	0	-23.3805	2.15371	172.521	
0.625505	0.025	0	-87.8889	-16.4648	228.047	
6.76445	0.025	0	-27.5942	-2.35946	189	
4.99587	0.025	3.14159	-36.2528	-1.87321	226.37	
0.228733	0.025	0	-183.665	-23.5766	125.453	
3.50312	0.025	0	-22.478	0.159321	190.279	
1.16542	0.025	0	-18.908	-9.81655	230.94	
10.1017	0.025	0	-10.1152	15.8584	206.496	
4.06884	0.025	0	16.0567	-3.39843	196.934	
0.539042	0.025	0	-5.93869	-1.60164	246.935	
3.92244	0.025	0	-3.8956	-4.22955	188.724	
0.303414	0.025	3.14159	92.5333	18.372	226.716	
6.4012	0.025	0	-47.8065	18.8698	211.941	
1.1342	0.025	0	-10.9359	-5.47327	184.441	
0.555829	0.025	3.14159	-31.4297	-2.30248	223.559	
2.58602	0.025	3.14159	-19.8297	2.34895	212.805	
0.136639	0.025	0	84.7973	12.6914	290.048	
7.3339	0.025	0	2.01065	-11.0779	223.116	
1.19222	0.025	0	-21.4213	17.0631	199.1	
6.34065	0.025	0	-12.7798	11.4824	144.47	
0.348658	0.025	3.14159	-34.5522	2.60654	209.463	
12.5231	0.025	0	35.4794	-11.7425	255.891	
6.72562	0.025	0	-18.0084	2.45452	193.525	
5.5611	0.025	0	-42.5385	2.0957	191.628	
0.366846	0.025	3.14159	60.0767	0.791048	238.083	
1.57496	0.025	3.14159	19.3403	3.66432	184.405	
0.542825	0.025	0	-7.7998	-24.9769	328.694	
6.81413	0.025	0	11.6813	0.752885	170.771	
4.73932	0.025	0	-16.766	3.9496	203.259	
12.0634	0.025	0	-4.48492	-7.45353	236.84	
11.1597	0.025	0	-23.3591	-3.46913	180.749	
1.04446	0.025	3.14159	-78.8008	-24.9151	247.857	
7.66311	0.025	0	-22.2394	-2.81112	200.009	
7.82065	0.025	0	-21.6503	-6.25945	208.149	
0.747871	0.025	3.14159	81.972	7.06972	261.163	
8.38491	0.025	0	43.5047	-4.95588	242.043	
3.58546	0.025	0	1.25715	2.80709	137.999	
9.3771	0.025	0	15.2394	-4.65755	254.524	
0.0903436	0.025	3.14159	-124.917	-81.6605	150.744	
2.87514	0.025	0	18.2001	10.6627	241.645	
0.631032	0.025	0	-28.6822	11.4988	237.319	
7.24941	0.025	0	1.92471	16.6852	185.919	
10.2515	0.025	0	1.43306	-0.875717	200.565	
10.2627	0.025	0	-13.0251	0.927238	217.859	
1.37443	0.025	3.14159	-59.2974	18.3924	183.599	
1.83423	0.025	0	-32.4863	14.657	217.317	
0.279196	0.025	0	-75.825	-13.3878	215.06	
3.14752	0.025	0	40.3061	-5.06738	147.134	
3.17422	0.025	3.14159	40.3412	7.29024	161.792	
4.18281	0.025	0	-30.1478	-5.11047	163.792	
3.82485	0.025	0	9.8054	-4.60219	219.259	
3.74567	0.025	0	-11.6775	6.43272	163.364	
4.63792	0.025	0	-57.8657	-0.250571	192.619	
3.59755	0.025	0	0.512606	9.86405	160.257	
5.80453	0.025	0	-53.112	-2.42074	199.415	
13.2495	0.025	0	-13.7703	-4.54517	226.441	
9.36812	0.025	0	-17.3017	-4.61806	215.404	
8.68011	0.025	0	27.223	14.1543	232.589	
8.12001	0.025	0	30.5457	-7.96856	191.364	
8.54524	0.025	0	-28.543	12.9356	181.657	
10.6449	0.025	0	-28.8167	5.59483	181.359	
11.9248	0.025	0	-24.9731	-2.46842	193.247	
13.3852	0.025	0	-20.8747	-0.00621123	240.653	
11.0237	0.025	0	0.602817	6.18538	219.622	
1.59357	0.025	0	-27.2363	-0.19497	201.812	
0.412139	0.025	3.14159	-16.1823	-6.84634	117.323	
6.73326	0.025	0	-55.3542	-8.96806	227.893	
4.95573	0.025	0	35.9486	17.6074	202.454	
1.74274	0.025	3.14159	7.66247	1.05493	243.639	
6.11481	0.025	0	8.54013	4.81411	185.198	
6.4608	0.025	0	3.54701	-3.36843	200.126	
7.22082	0.025	0	23.3414	-3.58679	212.523	
0.126959	0.025	0	-14.4901	-46.0544	261.907	
6.58473	0.025	0	-3.50245	5.57038	198.905	
3.4342	0.025	0	39.9634	3.40443	146.584	
5.55349	0.025	0	-35.3369	7.67516	159.072	
7.60084	0.025	0	-33.6699	-3.63071	220.012	
1.22479	0.025	3.14159	-13.5744	0.770989	178.748	
1.7492	0.025	0	-8.70212	18.3033	229.051	
4.88806	0.025	0	19.3981	-5.44953	166.063	
4.57461	0.025	0	12.4347	1.80475	176.055	
3.04342	0.025	0	-8.05625	-5.68891	188.86	
7.04853	0.025	0	-35.4644	3.85274	246.755	
6.88916	0.025	0	16.1519	-10.7579	171.098	
1.52961	0.025	3.14159	-22.1829	7.39301	225.449	
0.853833	0.025	3.14159	50.6968	17.2466	223.031	
1.23818	0.025	3.14159	38.0404	-4.52403	255.881	
1.10539	0.025	0	11.3773	-9.92262	234.396	
7.95297	0.025	0	4.49201	0.123855	252.339	
10.7158	0.025	0	-38.8132	12.6224	185.63	
0.364352	0.025	3.14159	103.207	-14.0627	235.563	
5.111	0.025	0	-31.3942	4.34899	187.783	
2.90814	0.025	3.14159	39.2932	-6.50772	178.284	
7.86172	0.025	0	57.1267	-3.95435	223.813	
9.34141	0.025	0	-22.5735	0.873524	186.279	
10.2589	0.025	0	54.2764	-2.243	212.209	
6.08083	0.025	0	-9.03005	-1.55634	199.154	
1.63666	0.025	0	7.83391	-0.493442	196.551	
8.07009	0.025	0	-4.12858	-0.730167	233.314	
11.8469	0.025	0	-14.6849	-11.8352	190.085	
1.09616	0.025	0	2.88276	-1.24834	202.666	
0.627735	0.025	0	48.9998	-8.92341	276.935	
0.23598	0.025	0	-22.0761	15.439	183.602	
1.75011	0.025	0	107.973	-15.1253	160.048	
1.79215	0.025	0	15.9607	-0.308683	215.196	
0.464195	0.025	0	15.922	13.9196	273	
3.37027	0.025	0	-32.6886	-8.50209	188.048	
0.688228	0.025	3.14159	51.014	18.2388	200.435	
1.1312	0.025	3.14159	-46.2972	-0.622548	219.961	
6.83529	0.025	0	24.4391	-7.83231	204.542	
2.10302	0.025	0	-18.7682	-1.74611	181.143	
4.27978	0.025	0	0.978548	1.00805	205.789	
0.489534	0.025	3.14159	-22.131	0.0126636	267.457	
0.170834	0.025	0	76.5544	3.31023	98.8621	
8.98332	0.025	0	-5.62723	-4.82427	178.705	
14.5271	0.025	0	-31.533	-5.19987	206.883	
6.31086	0.025	0	13.916	11.336	200.466	
0.248263	0.025	3.14159	48.9223	9.28354	145.875	
0.16279	0.025	0	-33.7036	-12.2031	98.5031	
11.0358	0.025	0	11.3791	1.46727	233.988	
7.4486	0.025	0	-2.97076	-8.83067	215.785	
4.32286	0.025	3.14159	-13.6655	-5.67631	176.8	
4.3566	0.025	0	-4.86428	1.19102	207.705	
0.583097	0.025	3.14159	19.491	-20.5758	122.385	
9.02059	0.025	0	27.6111	-5.97145	204.791	
4.69426	0.025	0	46.0023	1.52909	164.034	
0.696779	0.025	0	101.837	-2.92732	224.346	
0.848063	0.025	0	-37.6069	-8.47982	188.198	
5.20244	0.025	0	5.98869	-10.1703	200.858	
2.22099	0.025	3.14159	11.6149	-7.43532	181.097	
16.0949	0.025	0	-56.2226	4.08652	206.247	
7.3861	0.025	0	-27.9973	-8.37306	195.571	
3.96034	0.025	0	27.6037	1.24993	194.271	
0.649784	0.025	0	-29.2216	-25.0443	258.526	
11.1233	0.025	0	5.34259	12.0683	211.389	
0.529708	0.025	0	-121.65	-1.35233	202.227	
9.50983	0.025	0	-13.532	-1.34457	182.165	
0.151492	0.025	0	38.659	-6.34887	87.6874	
9.20403	0.025	0	32.2641	-10.2651	170.242	
12.6294	0.025	0	14.0567	-1.73012	221.657	
10.4884	0.025	0	14.3306	7.81812	180.166	
1.14973	0.025	3.14159	-137.816	-6.24309	204.075	
9.94387	0.025	0	-10.5253	-0.979572	223.996	
11.2913	0.025	0	-28.5669	3.34541	212.213	
14.3097	0.025	0	23.3092	-0.407064	212.92	
12.3028	0.025	0	-16.7136	6.23767	202.403	
5.123	0.025	0	-38.966	7.95343	208.202	
4.92548	0.025	0	37.1518	-2.30999	184.357	
8.58353	0.025	0	-3.48159	-9.32688	237.262	
0.729119	0.025	3.14159	-202.191	-19.9509	133.123	
2.17869	0.025	0	-20.8504	1.15138	206.476	
11.5082	0.025	0	15.285	-6.68154	221.328	
4.42765	0.025	0	6.08377	-15.2388	187.892	
2.45978	0.025	0	-10.3207	5.08823	194.796	
0.593751	0.025	0	-38.8495	5.38203	269.51	
1.24323	0.025	0	-48.3443	-0.672347	230.161	
9.27293	0.025	0	-63.296	10.4088	202.637	
0.643171	0.025	3.14159	31.2086	11.7903	262.732	
0.804071	0.025	3.14159	-110.346	5.92514	255.221	
7.58123	0.025	0	-12.1291	4.84971	176.145	
12.4957	0.025	0	-31.4723	-3.54806	198.633	
2.18141	0.025	0	-16.1229	-5.6943	222.973	
7.70781	0.025	0	47.1986	-0.146471	196.502	
5.56552	0.025	0	2.56356	-0.22031	167.564	
0.323644	0.025	0	114.246	-15.4903	210.809	
2.45872	0.025	0	-20.8823	7.78435	184.929	
0.36555	0.025	3.14159	-73.6186	-6.33541	116.646	
6.56266	0.025	0	23.7339	-2.98539	198.985	
6.10359	0.025	0	19.8519	7.66631	167.444	
1.78279	0.025	3.14159	39.0308	-3.56308	208.385	
13.3163	0.025	0	14.8006	-4.6898	180.842	
4.28622	0.025	0	-20.6732	-12.2828	194.962	
0.412723	0.025	0	50.0782	2.18281	178.32	
4.71379	0.025	3.14159	-36.5348	-18.1459	228.062	
8.53489	0.025	0	38.0463	7.47903	211.489	
5.20354	0.025	0	18.3998	-4.00709	194.343	
9.75841	0.025	0	59.4377	-8.06473	222.417	
2.16877	0.025	0	19.0721	-0.267064	170.499	
3.95684	0.025	0	-15.7356	1.36645	175.67	
9.40025	0.025	0	-24.8455	2.55978	267.371	
7.42051	0.025	0	26.5957	1.9989	208.86	
1.33144	0.025	3.14159	-5.54222	4.19677	209.818	
0.119272	0.025	3.14159	162.847	34.4226	101.455	
2.43986	0.025	3.14159	-12.1357	2.30243	238.133	
0.287977	0.025	3.14159	-1.61707	14.1619	296.123	
5.01906	0.025	3.14159	-1.66887	-2.00678	190.717	
1.54171	0.025	3.14159	69.1597	21.0797	187.977	
6.57774	0.025	0	0.897598	-13.6022	188.109	
1.93618	0.025	3.14159	-27.0044	4.28773	213.154	
10.7361	0.025	0	1.79372	2.2588	166.273	
1.03384	0.025	3.14159	40.4108	-1.64406	222.454	
3.44004	0.025	0	6.33472	-10.268	193.234	
1.59268	0.025	0	-76.7958	2.78213	163.403	
11.3726	0.025	0	4.40835	-0.984671	209.969	
6.87124	0.025	0	16.2724	2.85863	184.964	
6.24468	0.025	0	-17.0725	3.32812	211.557	
3.81101	0.025	0	-17.3531	1.91965	179.869	
0.0895936	0.025	3.14159	-17.6729	-22.6116	121.846	
6.14767	0.025	3.14159	-12.1236	-5.34695	196.448	
7.94637	0.025	0	54.3227	-14.7832	190.497	
2.50902	0.025	0	-22.6688	-2.16959	197.498	
9.88787	0.025	0	16.8156	3.58533	182.62	
0.900952	0.025	3.14159	31.9717	29.6331	259.693	
0.376867	0.025	0	-40.9559	20.5722	215.275	
0.35299	0.025	0	-56.3456	-15.9009	126.226	
1.62207	0.025	0	-42.1824	1.92092	224.168	
1.82263	0.025	3.14159	-96.6986	-11.1907	184.734	
9.45662	0.025	0	46.5048	2.82789	176.859	
4.95538	0.025	0	15.028	9.28707	187.116	
0.183459	0.025	3.14159	-42.4694	-8.48481	84.4178	
8.2445	0.025	0	53.2498	-2.98879	236.964	
5.46006	0.025	0	10.3409	3.06064	215.503	
9.03437	0.025	0	-19.84	5.93453	208.991	
1.04354	0.025	0	-48.0181	-4.41534	242.752	
10.8891	0.025	0	29.392	-6.53056	195.554	
2.4339	0.025	0	85.5879	-7.04269	180.551	
0.384075	0.025	3.14159	-40.5891	-32.7295	273.976	
5.9283	0.025	0	-12.114	-0.729058	168.223	
2.4997	0.025	0	33.6254	36.6235	143.053	
3.4887	0.025	0	-69.4581	6.52478	150.47	
5.88025	0.025	0	-20.2911	0.0306621	191.972	
10.1523	0.025	0	42.0955	-6.32997	193.768	
2.39746	0.025	0	-99.2353	-9.1883	202.908	
6.43599	0.025	0	7.46923	7.6368	184.318	
0.850048	0.025	0	114.802	-11.2525	262.885	
1.19201	0.025	0	42.117	14.5356	234.016	
12.2169	0.025	0	-2.63493	0.476901	260.893	
14.0812	0.025	0	-14.0627	-9.1283	242.466	
2.88714	0.025	0	-0.763256	-14.6509	205.868	
10.9567	0.025	0	47.1282	2.99956	204.588	
0.275456	0.025	0	19.0513	22.3845	160.291	
7.8539	0.025	0	18.8515	4.41769	201.278	
0.51784	0.025	0	-78.8644	-4.12429	190.21	
1.09987	0.025	3.14159	22.9488	1.30517	214.641	
0.778889	0.025	0	112.708	3.28844	214.015	
5.42583	0.025	0	17.8471	8.33962	218.262	
2.88101	0.025	0	38.6385	-20.3147	186.556	
1.53346	0.025	0	16.7339	18.8618	242.634	
5.62133	0.025	0	-1.89973	-10.4049	222.45	
2.42064	0.025	3.14159	-10.8959	5.5033	195.237	
0.698602	0.025	3.14159	-9.39134	-12.9693	109.728	
0.254097	0.025	3.14159	-153.775	-37.3041	159.099	
1.59401	0.025	0	-37.5144	-4.63955	182.782	
0.422582	0.025	0	-76.4889	-27.7176	162.729	
6.47121	0.025	0	-0.598066	-0.364424	189.908	
11.258	0.025	0	8.49293	8.38043	207.928	
4.10057	0.025	0	-62.557	-2.38852	157.945	
2.17011	0.025	3.14159	32.0121	3.93128	222.6	
2.13509	0.025	0	-46.4435	-0.535185	190.469	
9.38179	0.025	0	0.0167962	-6.47975	201.735	
5.75579	0.025	0	-34.8565	-11.1679	219.207	
9.67297	0.025	0	-27.0305	-2.80832	224.758	
2.98249	0.025	3.14159	-19.0121	-11.7523	150.361	
5.54446	0.025	0	20.0311	-0.620186	205.556	
0.257236	0.025	0	27.4738	14.167	222.99	
0.782212	0.025	0	-33.6513	3.24918	224.245	
15.9053	0.025	0	-4.3547	-1.484	225.945	
5.66747	0.025	0	-39.3672	3.26037	165.488	
8.86257	0.025	0	-22.698	-19.795	189.977	
0.185619	0.025	3.14159	-33.5928	21.7488	271.6	
1.24138	0.025	0	-47.8127	3.97427	203.424	
2.13214	0.025	0	27.3988	-3.49688	192.992	
4.97043	0.025	3.14159	68.9787	5.44554	188.802	
7.93144	0.025	0	0.170164	-9.22386	190	
9.22291	0.025	0	-12.4385	-3.79141	224.499	
8.22968	0.025	0	-7.50922	4.19451	202.859	
0.843084	0.025	3.14159	-94.839	4.53843	177.43	
1.58887	0.025	3.14159	-9.20361	-25.5558	199.814	
0.262241	0.025	3.14159	106.489	28.3409	239.807	
2.9977	0.025	0	-25.8297	-7.10249	178.19	
5.36812	0.025	0	-0.0314929	-12.9703	180.123	
1.47988	0.025	3.14159	31.9328	16.1009	200.423	
3.14537	0.025	3.14159	-39.2127	1.43169	177.62	
4.29686	0.025	0	-10.6353	3.85567	189.419	
5.96998	0.025	0	-43.1978	-10.449	197.701	
5.68782	0.025	0	-39.4878	-1.45351	190.847	
11.3227	0.025	0	-4.27771	1.33378	205.607	
2.39055	0.025	0	3.07569	-5.68773	186.804	
0.783251	0.025	3.14159	-1.2777	-10.2141	244.48	
4.52226	0.025	0	-5.76585	3.00822	218.696	
1.00609	0.025	0	-68.0457	7.61647	205.519	
6.27649	0.025	0	-52.3604	-5.201	179.87	
7.67168	0.025	0	17.9929	-6.13207	215.563	
0.506097	0.025	3.14159	28.8333	9.14	148.93	
5.3212	0.025	0	-24.872	2.85381	188.51	
0.929063	0.025	0	41.7437	5.21212	206.794	
6.85335	0.025	0	-31.1694	-10.0597	188.376	
6.11242	0.025	0	-64.9372	6.86169	176.851	
17.5249	0.025	0	21.5591	0.967136	202.612	
5.69677	0.025	3.14159	-18.3948	-2.6526	208.615	
5.01224	0.025	0	61.5354	-4.40207	177.298	
0.248691	0.025	0	-4.83329	0.586994	279.499	
12.0998	0.025	0	-36.5544	4.52344	228.651	
5.59306	0.025	0	50.9968	10.372	174.396	
2.13775	0.025	0	44.9554	-7.20965	164.196	
3.91714	0.025	0	14.564	7.97038	168.096	
3.31172	0.025	0	32.8115	-0.608005	211.188	
6.59169	0.025	0	15.6727	0.56516	174.606	
0.254591	0.025	0	-16.8524	8.3124	330.41	
1.48906	0.025	0	-39.3739	-9.31993	252.213	
9.96823	0.025	0	7.45511	-3.70577	227.617	
14.9053	0.025	0	13.671	0.0340679	213.6	
1.33562	0.025	3.14159	-35.3952	6.79929	234.26	
0.801305	0.025	3.14159	141.451	-4.20498	196.601	
8.09697	0.025	0	-9.83068	-8.33839	206.391	
7.50893	0.025	0	-28.6317	15.0237	216.478	
0.684421	0.025	0	44.4968	-22.814	173.482	
0.2819	0.025	0	-115.428	-17.792	103.041	
11.8075	0.025	0	31.7471	-7.39712	235.72	
7.89368	0.025	0	-67.3991	-5.50137	193.462	
0.966984	0.025	3.14159	34.1563	16.5062	242.426	
8.96875	0.025	0	-3.6059	6.19282	226.68	
1.27248	0.025	0	16.2385	-2.81136	236.8	
2.3785	0.025	0	-63.6277	1.0912	178.261	
7.4823	0.025	0	9.21622	-6.76736	183.335	
0.728023	0.025	0	102.276	33.4396	211.788	
2.19166	0.025	3.14159	-18.3549	-15.4282	237.835	
3.94368	0.025	0	-37.5974	7.19801	233.801	
6.7928	0.025	0	-15.1584	-4.17044	171.859	
0.574089	0.025	0	-41.6607	1.38299	66.739	
0.0774167	0.025	3.14159	50.7484	11.0351	73.5604	
2.50762	0.025	0	-5.41246	8.73905	182.177	
0.79814	0.025	0	-26.4156	-32.3237	229.959	
4.81781	0.025	0	-53.6847	-2.55663	197.343	
5.66436	0.025	0	8.85644	-11.3216	207.096	
8.04268	0.025	0	-20.1178	0.237707	197.316	
3.81588	0.025	0	-5.52728	8.92098	201.203	
5.93326	0.025	0	-18.5396	0.735485	184.486	
3.56166	0.025	0	-1.53349	-14.9174	170.382	
13.0703	0.025	0	10.4698	2.06433	228.852	
1.91733	0.025	0	-14.6394	-4.20373	178.155	
5.51312	0.025	3.14159	-42.4554	-2.54396	205.947	
4.88753	0.025	0	19.1155	15.309	191.398	
9.96181	0.025	0	12.7756	-3.46259	221.989	
3.64642	0.025	0	33.1525	-9.47757	176.509	
0.0852766	0.025	0	-54.8859	27.1078	168.806	
7.97357	0.025	0	22.4612	-3.28623	190.056	
8.83606	0.025	0	21.2786	-4.17671	202.335	
7.89742	0.025	0	33.4092	11.5848	197.546	
1.47416	0.025	3.14159	-41.3551	12.3181	242.736	
12.3593	0.025	0	-0.0799654	-8.6744	209.636	
8.38512	0.025	0	-33.4786	-15.6527	178.299	
14.3361	0.025	0	9.78354	6.04208	252.867	
6.98445	0.025	0	-4.97122	3.44884	185.216	
12.5079	0.025	0	-12.9675	-1.16803	201.046	
12.0846	0.025	0	23.7924	-9.3536	246.819	
0.644025	0.025	0	50.7943	-19.0903	215.068	
17.186	0.025	0	10.3246	8.06165	252.852	
13.4065	0.025	0	19.1446	10.7917	246.207	
2.70581	0.025	0	94.2273	-7.52058	201.265	
4.73731	0.025	3.14159	-55.7111	-3.88503	187.032	
4.83939	0.025	0	-19.4486	-5.74373	197.025	
0.393963	0.025	3.14159	-85.3252	-21.8735	239.272	
0.736301	0.025	3.14159	49.6028	18.4603	265.464	
10.152	0.025	0	-15.2923	1.01314	190.159	
5.66481	0.025	0	44.6491	9.05624	233.908	
3.79886	0.025	3.14159	-15.3103	-14.1146	201.36	
1.74511	0.025	0	50.6049	-20.6484	179.873	
0.700561	0.025	3.14159	-113.911	0.372403	276.585	
1.60175	0.025	0	-8.20577	-3.20624	212.515	
3.0861	0.025	3.14159	15.7266	-13.7509	211.78	
10.8076	0.025	0	-23.2177	10.3892	180.627	
0.0995352	0.025	3.14159	54.2927	55.7172	-145.361	
0.182571	0.025	0	38.112	0.580429	66.4475	
1.70134	0.025	0	-64.2779	1.28928	211.734	
4.2096	0.025	0	-18.1541	-8.53396	224.247	
8.41898	0.025	0	24.6211	-3.23285	190.501	
10.8973	0.025	0	13.898	2.45451	167.713	
0.513566	0.025	3.14159	-33.12	-11.9818	240.639	
9.67638	0.025	0	-8.83078	-8.27218	244.818	
1.30377	0.025	3.14159	85.5876	-1.61307	226.724	
1.90076	0.025	0	14.8356	-9.34592	162.542	
0.990337	0.025	3.14159	-63.7048	8.18344	178.621	
0.269018	0.025	3.14159	-39.9569	-5.4068	283.467	
8.91081	0.025	0	-56.5123	4.04164	193.392	
0.368701	0.025	3.14159	-118.3	-19.3312	246.032	
12.9244	0.025	0	-9.786	-4.62641	224.403	
6.56657	0.025	0	20.4456	-5.56788	166.869	
4.27068	0.025	0	-23.9919	3.98551	169.483	
7.26903	0.025	0	49.2469	-4.5928	163.548	
7.88309	0.025	0	-6.94232	7.85235	167.15	
9.7726	0.025	0	21.7248	2.33545	195.457	
13.8281	0.025	0	-7.5697	1.42469	251.757	
8.46688	0.025	0	6.16697	-3.65138	212.977	
10.201	0.025	0	39.3295	-2.84971	227.589	
3.85803	0.025	0	-18.9049	-1.40562	202.704	
3.43913	0.025	3.14159	8.10027	4.22392	188.204	
9.54636	0.025	0	-5.31265	7.03589	198.621	
2.77813	0.025	3.14159	-36.9247	-15.7915	160.272	
0.340073	0.025	3.14159	102.015	12.0541	168.741	
2.29434	0.025	0	22.8314	-21.1308	163.949	
15.6917	0.025	0	-6.90954	7.76493	204.006	
7.77015	0.025	0	35.5601	7.75467	218.05	
5.69133	0.025	0	-49.7865	8.77379	196.393	
9.0585	0.025	0	5.50562	-9.62993	197.606	
9.47538	0.025	0	-4.9445	-5.76183	212.2	
1.39898	0.025	0	102.705	7.86209	177.716	
1.89648	0.025	3.14159	27.171	17.2038	236.042	
11.3474	0.025	0	6.99502	2.05133	207.268	
4.52666	0.025	0	24.4352	-17.1823	199.798	
1.77334	0.025	0	-12.4578	-3.5673	127.481	
0.871459	0.025	3.14159	-33.9327	-16.5364	188.867	
1.41164	0.025	3.14159	68.7109	5.25965	226.19	
2.53071	0.025	0	-17.4355	3.02883	188.753	
7.01859	0.025	0	14.7149	7.50206	217.101	
4.1541	0.025	0	5.21372	10.6245	146.333	
2.09266	0.025	3.14159	-53.735	5.30026	179.379	
12.4646	0.025	0	-14.6054	14.1296	225.669	
12.5117	0.025	0	-6.93706	11.8673	201.112	
0.401425	0.025	0	-130.991	-21.9708	148.001	
6.62753	0.025	0	-32.709	6.92849	222.098	
0.764542	0.025	3.14159	143.27	2.82022	217.937	
1.33326	0.025	3.14159	61.8633	8.12938	176.886	
2.46011	0.025	0	-1.97211	-3.87768	208.358	
7.35953	0.025	0	-61.0522	4.93228	228.871	
4.88129	0.025	0	-42.9878	-22.9648	178.408	
1.51498	0.025	0	-13.5509	-4.65525	179.415	
3.85617	0.025	0	-31.4112	2.86041	196.491	
9.98154	0.025	0	-20.3011	-0.739978	193.469	
0.675405	0.025	0	22.6411	-32.8561	254.205	
13.5536	0.025	0	10.4495	-1.17326	219.123	
3.38881	0.025	0	-1.03063	-14.6223	214.762	
2.63335	0.025	3.14159	54.1857	3.25526	216.123	
2.04384	0.025	0	-5.51476	7.65386	218.33	
5.05101	0.025	0	-7.99352	-7.40277	166.528	
0.0938113	0.025	3.14159	60.5981	12.1063	118.208	
8.9275	0.025	0	62.8932	-10.2943	186.617	
6.68583	0.025	0	-16.2932	19.1484	252.332	
9.68586	0.025	0	31.3913	8.75391	200.186	
11.1503	0.025	0	6.83465	-6.1494	222.146	
1.12348	0.025	0	-54.16	5.654	220.112	
0.0658641	0.025	3.14159	281.22	41.0229	167.183	
5.16851	0.025	0	32.7023	-6.72364	245.843	
1.29495	0.025	0	-10.2155	5.60394	275.967	
0.816002	0.025	3.14159	-16.3142	-13.0123	219.289	
8.16177	0.025	0	-11.1213	-2.10438	237.518	
11.2304	0.025	0	-12.4652	-1.8068	203.291	
0.31966	0.025	0	102.571	13.518	102.275	
5.11951	0.025	3.14159	-44.2871	-3.90472	209.643	
7.62778	0.025	0	-3.43943	4.82925	217.224	
2.92094	0.025	0	-46.4932	1.9266	183.04	
7.8627	0.025	0	28.0994	-10.3881	224.376	
10.7723	0.025	0	18.6809	4.90633	270.116	
3.98888	0.025	0	24.2965	-3.08644	211.415	
9.55802	0.025	0	-8.46134	-0.608115	163.691	
8.8935	0.025	0	11.4514	0.353386	188.125	
3.418	0.025	3.14159	-50.8285	-3.00823	184.324	
1.97202	0.025	0	29.961	8.1448	209.927	
2.902	0.025	0	-18.921	5.29165	219.241	
11.5992	0.025	0	12.1977	4.63619	222.375	
6.4463	0.025	0	11.7789	1.31445	223.73	
1.69419	0.025	0	-7.96087	1.16523	213.423	
14.4651	0.025	0	17.3957	-11.9274	222.326	
0.973034	0.025	0	35.8497	-17.631	179.217	
6.13379	0.025	0	55.643	3.41228	200.586	
4.42842	0.025	0	4.46892	12.5358	200.564	
16.6319	0.025	0	-31.4303	-10.9062	237.802	
0.107863	0.025	0	-135.254	-29.2131	135.964	
2.68409	0.025	0	-32.8515	5.78338	147.039	
6.39313	0.025	0	-21.2509	12.7452	198.416	
13.741	0.025	0	-35.9812	4.91419	227.096	
0.781762	0.025	3.14159	94.5054	4.52961	149.098	
13.6486	0.025	0	59.8092	-2.74467	229.186	
2.38307	0.025	0	14.9198	-0.562088	224.083	
0.977089	0.025	0	-48.4844	-13.5951	206.709	
6.17605	0.025	0	-11.7682	5.16914	174.449	
3.94744	0.025	0	-2.22635	-1.14631	168.53	
6.02904	0.025	0	-69.6196	-4.8818	229.212	
6.54322	0.025	0	7.57359	2.96839	197.055	
0.79056	0.025	0	26.113	-13.9803	251.448	
1.1768	0.025	3.14159	-23.653	6.33156	179.07	
0.568785	0.025	0	29.4498	-1.45262	165.317	
13.7139	0.025	0	8.26533	-0.422001	235.688	
0.11509	0.025	3.14159	96.2213	10.1981	108.697	
15.6248	0.025	0	-14.7719	-5.48902	193.388	
0.0379072	0.025	3.14159	-141.644	-48.7044	80.2565	
2.03065	0.025	3.14159	44.6509	-7.21659	254.014	
0.667118	0.025	3.14159	-35.1107	-3.49396	226.687	
7.78094	0.025	0	0.0723506	5.68924	201.354	
5.61129	0.025	0	15.384	-2.9376	141.267	
9.28963	0.025	0	-12.4229	4.2175	206.509	
8.39913	0.025	0	-1.23512	-9.01518	194.853	
8.525	0.025	0	36.994	1.4743	229.889	
9.97558	0.025	0	-6.65104	1.54112	236.537	
2.05183	0.025	0	16.1223	17.5567	232.049	
14.0187	0.025	0	15.6827	1.10501	220.084	
3.04121	0.025	0	22.1489	10.1422	199.233	
0.698605	0.025	0	174.217	21.1413	203.338	
4.50999	0.025	3.14159	-1.15636	5.52397	218.269	
8.76847	0.025	0	-43.2702	1.92591	191.554	
0.612943	0.025	3.14159	-47.9664	25.0929	206.952	
8.14617	0.025	0	-28.8625	-11.3183	197.711	
7.50044	0.025	0	10.2466	-3.49494	193.952	
6.63166	0.025	0	0.0379669	9.61144	198.188	
6.55619	0.025	0	35.1136	4.66456	198.658	
10.0338	0.025	0	15.5391	-8.78175	209.839	
7.16608	0.025	0	12.4091	-0.0172071	182.397	
1.87672	0.025	3.14159	21.2022	18.9746	207.487	
11.8752	0.025	0	-5.86024	-14.051	206.908	
7.92168	0.025	0	0.283179	-6.01732	220.334	
5.0633	0.025	3.14159	-8.72138	2.00609	220.959	
7.6506	0.025	0	-0.993871	5.39709	205.71	
1.9192	0.025	0	34.8805	-12.6635	205.759	
4.87376	0.025	0	-26.5193	15.6668	193.701	
9.35214	0.025	0	-12.9173	-2.92375	195.036	
9.38937	0.025	0	31.7112	-13.2329	221.88	
9.77284	0.025	0	9.36192	2.4215	208.44	
10.9624	0.025	0	1.639	-7.6888	207.84	
0.621499	0.025	3.14159	-45.2162	17.3398	267.169	
0.288012	0.025	3.14159	55.7278	25.6604	248.668	
18.4615	0.025	0	-10.5223	-6.46846	239.102	
1.85078	0.025	3.14159	28.0995	-6.53263	207.571	
12.142	0.025	0	-3.49766	1.53049	225.152	
3.13643	0.025	3.14159	54.7342	6.20972	172.445	
3.66809	0.025	0	-29.0839	4.01371	175.349	
3.21495	0.025	0	6.26206	-0.0661724	224.024	
0.812152	0.025	3.14159	-54.8505	1.84095	215.795	
2.63825	0.025	0	-29.0208	6.82721	147.761	
21.6799	0.025	0	19.1845	9.67769	264.854	
5.28966	0.025	0	-19.6601	1.34493	179.842	
4.48634	0.025	3.14159	-49.4484	9.61598	164.639	
0.399645	0.025	3.14159	53.8342	-8.32953	208.321	
11.3984	0.025	0	40.4388	1.40251	171.123	
9.27714	0.025	0	18.1602	-7.46521	234.355	
0.569418	0.025	0	79.8983	-12.2705	234.353	
0.272842	0.025	0	6.96195	52.7085	246.453	
3.25227	0.025	3.14159	-27.6885	-6.51589	188.519	
8.62949	0.025	0	16.9775	3.66161	228.351	
4.71603	0.025	0	78.7277	2.8184	156.368	
2.06138	0.025	0	1.97001	-1.46712	211.31	
6.89634	0.025	0	37.8046	4.85401	192.492	
1.1408	0.025	0	66.3089	7.54981	149.949	
0.94639	0.025	0	-31.3906	-5.77146	237.055	
11.3276	0.025	0	13.4845	-3.25639	223.349	
0.941848	0.025	3.14159	62.7806	-18.483	220.684	
7.02762	0.025	0	-19.7845	0.140381	175.742	
0.688091	0.025	0	-101.5	-7.11765	173.897	
0.397521	0.025	3.14159	89.0611	19.7219	195.447	
1.82555	0.025	0	-20.6689	-14.3946	209.5	
5.81535	0.025	0	-2.71699	-1.86101	179.996	
8.47163	0.025	0	-31.614	-6.452	238.514	
3.23924	0.025	0	-15.64	5.47649	194.057	
5.56732	0.025	0	-43.9724	-1.60074	210.708	
3.61892	0.025	0	7.13482	-14.5748	178.279	
2.13945	0.025	3.14159	-20.9824	-15.2226	189.319	
10.2736	0.025	0	-9.80127	2.86125	239.752	
5.61902	0.025	0	-1.29747	-17.826	195.659	
8.92776	0.025	0	-34.3409	0.48441	212.492	
4.38872	0.025	0	-17.4772	0.878443	210.958	
5.05607	0.025	0	-16.7446	-4.28503	219.137	
9.29396	0.025	0	-29.3876	-2.28655	195.076	
6.7562	0.025	0	-68.2497	0.835518	170.261	
2.72012	0.025	0	-9.47621	-7.50203	198.226	
1.05279	0.025	3.14159	94.2972	0.0750912	200.162	
9.35557	0.025	0	-5.88544	-0.684118	196.814	
9.07628	0.025	0	-10.205	-11.0588	191.68	
1.2833	0.025	3.14159	-30.8596	-4.26201	190.528	
14.0217	0.025	0	8.99306	2.92926	245.299	
4.68053	0.025	0	44.0033	0.355054	152.644	
3.51699	0.025	0	-27.7603	10.6598	174.948	
3.99932	0.025	0	-17.5822	-15.6915	228.903	
5.02273	0.025	0	10.9725	-8.85454	174.98	
4.17248	0.025	0	29.4161	-8.53893	177.494	
7.75042	0.025	0	-7.07525	-6.17151	186.876	
11.0109	0.025	0	47.8465	-7.80277	225.265	
4.55476	0.025	0	8.66413	5.03071	182.014	
10.8705	0.025	0	-15.1561	5.82065	197.782	
0.465863	0.025	3.14159	-19.648	1.14175	215.736	
3.88857	0.025	0	-63.0476	7.97763	201.665	
0.351199	0.025	3.14159	-152.555	-16.5736	182.622	
12.4708	0.025	0	-24.2212	-4.50868	194.795	
12.7967	0.025	0	-18.7741	-10.182	217.917	
10.0638	0.025	0	9.93947	4.43035	223.313	
3.06057	0.025	0	-55.0428	-11.8215	202.509	
7.93069	0.025	0	17.9735	0.837293	149.431	
1.51629	0.025	0	38.0049	-2.89393	140.454	
0.0770227	0.025	0	15.7032	-2.16356	148.235	
5.01842	0.025	0	-11.741	3.42961	178.678	
7.39526	0.025	0	-38.7343	1.49934	228.486	
10.0381	0.025	0	96.356	-7.6908	195.846	
9.83602	0.025	0	51.1185	-4.36272	206.573	
7.87363	0.025	0	2.85419	8.37376	213.268	
4.27406	0.025	0	15.5547	5.17758	147.249	
8.11282	0.025	0	4.49911	8.63721	212.293	
10.6668	0.025	0	11.2113	-4.42218	238.085	
7.27886	0.025	0	24.4104	6.66049	151.028	
3.3718	0.025	0	24.758	4.31309	149.851	
25.2571	0.025	0	14.5948	0.384998	242.477	
5.10372	0.025	0	-22.3845	-1.91822	166.896	
5.9562	0.025	0	12.4279	12.5952	224.034	
1.05057	0.025	3.14159	-38.5427	2.20329	186.837	
13.8543	0.025	0	-23.7213	11.0377	241.982	
4.68253	0.025	0	-2.11022	5.43688	172.652	
0.520274	0.025	3.14159	110.252	8.65718	162.23	
3.57238	0.025	3.14159	40.7319	18.4877	143.779	
12.7602	0.025	0	-1.70552	-0.619906	190.767	
0.181748	0.025	3.14159	-5.01801	11.1763	305.891	
2.30498	0.025	0	-16.0876	7.79713	214.56	
12.2328	0.025	0	-6.50437	-6.22555	209.585	
10.2718	0.025	0	29.2022	-2.88576	216.405	
1.43164	0.025	3.14159	-33.649	-9.17827	215.559	
13.3748	0.025	0	-13.8231	-7.35044	219.642	
8.85093	0.025	0	-39.2438	-6.75694	239.355	
10.2323	0.025	0	33.9363	-0.889578	207.268	
2.0267	0.025	0	34.8867	12.0845	163.575	
15.9549	0.025	0	-26.7784	6.9415	225.131	
1.93418	0.025	0	-9.00891	16.8979	228.551	
14.0536	0.025	0	-30.2026	-10.2877	217.926	
7.39725	0.025	0	-17.1069	11.7083	169.704	
2.98177	0.025	3.14159	59.8115	14.282	192.12	
1.15945	0.025	0	-53.8162	-8.84559	203.202	
6.98635	0.025	0	-11.6332	-3.63099	200.979	
6.62687	0.025	0	-43.3222	5.67981	224.592	
2.26001	0.025	0	-47.9524	-8.09461	217.306	
1.47002	0.025	0	-85.8288	-8.47796	144.163	
11.9406	0.025	0	51.0479	-3.17112	205.069	
8.17858	0.025	0	1.78486	-3.41599	207.989	
1.02488	0.025	0	147.408	21.7172	249.921	
0.934608	0.025	0	18.5243	-0.0639877	182.697	
6.01489	0.025	0	29.9605	5.10897	191.508	
6.60036	0.025	0	50.4826	-9.3569	192.504	
6.15513	0.025	0	-15.778	-4.59076	146.172	
10.5719	0.025	0	-74.9675	-13.5837	208.791	
2.46126	0.025	0	4.51921	-10.5671	159.437	
8.29529	0.025	0	16.0321	-5.2679	197.043	
5.12883	0.025	0	31.5328	8.09638	193.97	
4.12264	0.025	0	34.0578	10.599	216.332	
0.356674	0.025	3.14159	61.0101	-6.623	159.784	
1.83197	0.025	3.14159	-1.89651	-10.2242	236.283	
0.303379	0.025	3.14159	139.623	-19.4176	274.352	
2.40363	0.025	0	36.7627	-11.0455	193.93	
10.1542	0.025	0	25.402	1.2619	199.317	
8.89062	0.025	0	-43.5288	-1.91131	246.061	
11.787	0.025	0	-14.877	-5.44515	205.02	
0.328152	0.025	0	-132.004	-24.1566	210.503	
7.60158	0.025	0	-28.5612	25.1005	214.262	
2.64329	0.025	3.14159	58.789	-6.27712	216.975	
8.45464	0.025	0	21.0613	-0.637798	231.216	
15.9386	0.025	0	19.4922	1.38992	220.245	
7.58945	0.025	0	24.7347	9.53995	191.846	
10.6177	0.025	0	9.81713	3.458	207.626	
9.82019	0.025	0	-26.4381	1.14683	209.756	
6.49593	0.025	0	45.2623	3.06121	217.345	
4.66951	0.025	0	-52.6456	7.76782	177.691	
1.4049	0.025	0	28.0724	8.40898	236.525	
16.6147	0.025	0	-16.3877	2.61619	229.858	
7.86362	0.025	0	-5.78995	-14.4829	195.184	
2.02942	0.025	3.14159	-4.28632	9.54404	179.895	
11.2746	0.025	0	27.1998	-7.17432	219.739	
0.136535	0.025	0	84.5306	36.3515	194.187	
2.96916	0.025	0	-48.9389	-7.88869	165.836	
9.97878	0.025	0	-52.9729	-9.42422	185.15	
7.61345	0.025	0	16.1028	0.507847	198.279	
1.33693	0.025	3.14159	30.2994	9.24729	188.841	
8.61222	0.025	0	-14.8403	1.43711	216.076	
3.97865	0.025	0	-1.72857	-1.50274	199.064	
9.86373	0.025	0	-16.6938	-2.46063	200.983	
3.20129	0.025	0	62.4534	-2.16687	192.929	
4.20734	0.025	0	-3.45564	-3.89261	150.607	
1.76699	0.025	0	-63.6679	-4.3421	161.622	
4.87263	0.025	0	20.4465	8.4245	157.647	
14.8705	0.025	0	-69.695	4.92647	247.88	
0.495201	0.025	0	-76.3015	6.32488	280.419	
3.33471	0.025	0	-6.09063	-2.75525	199.566	
3.45563	0.025	0	-3.77228	10.0146	165.008	
1.62641	0.025	3.14159	2.24847	4.34523	193.849	
8.19846	0.025	0	21.7546	7.09983	228.505	
0.832963	0.025	3.14159	-34.2907	1.31803	158.629	
8.54106	0.025	0	-7.81606	8.41777	207.729	
2.57797	0.025	0	38.5485	7.38354	246.792	
0.454624	0.025	3.14159	101.917	3.5561	218.639	
5.08085	0.025	0	-12.7098	-2.60267	202.497	
4.97627	0.025	0	7.49074	6.17578	175.586	
8.06891	0.025	0	38.2532	-6.81057	175.392	
10.9538	0.025	0	17.9944	-6.13431	202.737	
11.6591	0.025	0	-24.0135	3.0315	239.406	
11.5908	0.025	0	-21.9772	-11.0124	239.743	
2.07203	0.025	0	12.8081	9.21319	144.117	
6.81481	0.025	0	14.1937	-9.49012	184.845	
7.23495	0.025	0	11.2859	4.41004	173.395	
1.42154	0.025	0	64.2414	19.8274	250.549	
8.1395	0.025	0	-39.2619	7.49751	178.591	
1.57866	0.025	0	13.5475	10.4374	182.15	
6.58929	0.025	0	22.2731	14.5061	161.892	
6.5083	0.025	0	7.61419	2.4254	205.088	
7.30778	0.025	0	-17.9454	4.66897	217.207	
5.3551	0.025	3.14159	-2.69117	-14.9467	223.425	
2.21527	0.025	3.14159	-25.9604	15.293	202.995	
0.758309	0.025	0	130.115	-0.354149	137.723	
0.596593	0.025	0	-53.3035	2.43115	138.849	
8.39601	0.025	0	21.1085	-9.26596	192.24	
1.4146	0.025	3.14159	27.1443	-9.8324	168.94	
7.18661	0.025	0	-28.1617	-11.3945	227.15	
3.04655	0.025	3.14159	14.3875	2.9325	212.242	
5.31728	0.025	0	5.34575	6.51729	191.347	
7.95365	0.025	0	-12.4392	-1.21134	187.367	
11.2307	0.025	0	-72.1603	6.24264	198.887	
1.69569	0.025	0	-32.9365	6.58358	229.384	
10.1269	0.025	0	13.5523	-7.41353	160.42	
2.51738	0.025	0	61.2117	-8.91924	157.015	
1.48425	0.025	3.14159	54.527	-0.504481	191.263	
6.02294	0.025	0	13.5049	2.89846	151.526	
1.92229	0.025	0	11.2632	-1.93709	190.164	
1.20126	0.025	3.14159	-37.2897	26.7542	177.918	
13.1224	0.025	0	24.6164	-5.67681	209.627	
8.51103	0.025	0	20.2999	9.76702	171.754	
9.00703	0.025	0	-43.2711	7.87649	201.879	
1.21997	0.025	0	-7.4053	8.71999	175.011	
10.7842	0.025	0	17.424	3.19155	198.077	
6.64825	0.025	0	54.2143	1.67538	222.264	
0.157676	0.025	3.14159	-8.42393	23.3286	176.993	
2.51278	0.025	0	29.9059	-11.8252	213.15	
2.10158	0.025	0	42.8219	0.394552	183.507	
9.55148	0.025	0	-39.006	0.261887	224.304	
6.63429	0.025	0	-27.8979	0.329607	233.095	
5.01355	0.025	0	-28.1359	-4.11314	186.586	
0.205639	0.025	0	-181.322	1.50032	156.359	
2.93208	0.025	0	4.24274	-11.0207	178.659	
0.978496	0.025	0	-76.4729	10.9691	215.905	
2.15033	0.025	0	-24.7327	-4.29707	195.059	
8.87364	0.025	0	-17.4857	2.21108	208.429	
4.38442	0.025	0	66.1798	2.53923	202.841	
8.66275	0.025	0	6.87372	-1.2225	209.001	
9.5508	0.025	0	11.0115	6.13266	192.153	
3.01254	0.025	0	22.4347	-5.90508	174.495	
6.99361	0.025	0	35.2933	-9.901	210.022	
1.8229	0.025	0	24.5784	2.02613	204.629	
6.02749	0.025	0	10.6051	8.60698	175.801	
0.391387	0.025	0	-159.445	27.7631	174.375	
6.57319	0.025	0	7.11862	1.01932	145.582	
3.98479	0.025	0	-24.0199	1.79984	190.903	
1.8524	0.025	0	90.3192	-7.92232	258.949	
2.5852	0.025	3.14159	25.313	12.7107	224.762	
2.87898	0.025	0	-10.512	-4.43996	201.463	
0.619057	0.025	3.14159	-91.8974	-2.38187	201.758	
0.669794	0.025	3.14159	12.9663	4.55697	292.354	
0.136115	0.025	3.14159	-236.006	-36.3963	-60.7355	
0.867991	0.025	0	-69.1108	11.9014	172.548	
1.29768	0.025	0	11.5393	-19.2449	174.937	
1.98346	0.025	0	-51.798	-15.3653	207.745	
11.0004	0.025	0	49.6774	8.28495	204.913	
5.52377	0.025	0	20.796	7.13118	190.489	
4.81915	0.025	0	-19.3815	2.89087	220.742	
8.04743	0.025	0	15.807	-8.40684	226.654	
14.3954	0.025	0	4.53064	7.13282	220.493	
9.80624	0.025	0	-37.3776	-8.36263	197.639	
0.575408	0.025	0	-2.20449	2.39056	148.156	
0.689873	0.025	0	3.32955	-5.55911	237.835	
4.76342	0.025	0	-9.02525	3.57418	172.987	
10.7824	0.025	0	15.5851	-13.5142	204.828	
6.93886	0.025	0	-18.7653	15.7492	201.78	
0.230248	0.025	0	68.893	20.4753	263.308	
15.0951	0.025	0	-18.4115	3.59785	218.629	
11.4261	0.025	0	11.0403	2.19528	224.556	
0.494056	0.025	3.14159	52.9294	-13.7475	285.032	
6.83165	0.025	3.14159	-19.7445	9.74055	200.795	
25.5877	0.025	0	-1.2023	-3.50307	242.024	
0.657142	0.025	0	-2.6588	20.5298	192.643	
9.07215	0.025	0	-66.4873	-2.57282	186.852	
10.0608	0.025	0	-20.1291	-2.21721	211.079	
3.25345	0.025	3.14159	-13.9924	7.71434	191.741	
8.52206	0.025	0	-12.0617	1.58022	171.796	
12.3761	0.025	0	8.97102	5.95727	206.178	
0.205477	0.025	0	-132.829	-3.91089	151.08	
3.59596	0.025	0	-19.1049	-12.821	196.036	
9.92861	0.025	0	19.4039	7.38235	222.094	
7.88584	0.025	0	1.20522	-5.73066	208.6	
3.30666	0.025	0	-11.3729	-13.8644	179.69	
2.26124	0.025	0	-12.3864	0.00733569	176.589	
5.21052	0.025	0	5.48801	-1.39714	202.327	
2.86532	0.025	0	59.4752	-5.34239	252.109	
1.14579	0.025	0	-10.0086	0.852658	178.679	
2.92631	0.025	3.14159	-51.4784	-0.977677	165.365	
1.0386	0.025	3.14159	1.24269	6.203	287.161	
4.72561	0.025	0	-22.8506	6.76259	224.073	
8.43989	0.025	0	-36.8887	2.11198	174.749	
11.0597	0.025	0	9.77735	6.88999	191.704	
2.0757	0.025	3.14159	-11.6111	-1.1184	200.723	
8.27775	0.025	0	-39.1205	-0.764026	216.219	
2.6138	0.025	0	-53.2532	-7.38087	194.616	
0.738748	0.025	3.14159	24.8673	16.633	222.154	
0.690231	0.025	0	31.8544	-35.6577	273.071	
8.51485	0.025	0	-27.8136	-12.5576	207.276	
6.95061	0.025	0	53.8121	-1.71286	218.082	
0.0287016	0.025	0	78.4615	54.0028	57.5205	
2.65255	0.025	0	20.9424	-2.95357	184.747	
0.0352739	0.025	0	-120.09	-8.20148	106.673	
1.58398	0.025	0	13.7232	1.13091	226.187	
0.0362452	0.025	0	244.425	171.284	51.8527	
1.82524	0.025	0	-39.7984	-10.7414	213.064	
0.438484	0.025	0	-81.5898	-5.05903	293.952	
2.50008	0.025	0	-0.22236	0.91213	156.473	
1.86407	0.025	0	-53.7673	2.27859	228.026	
9.81838	0.025	0	0.0344266	11.366	226.961	
10.2985	0.025	0	-12.8548	4.80301	216.811	
4.34604	0.025	0	-55.8564	2.4835	169.188	
1.27066	0.025	3.14159	-32.4538	-12.5646	217.164	
6.45754	0.025	0	-1.10365	-0.779086	196.104	
9.16204	0.025	0	-27.3886	7.59657	228.098	
10.9295	0.025	0	38.0973	2.45366	205.783	
3.95126	0.025	0	51.1577	3.37245	206.148	
2.07659	0.025	3.14159	-51.1772	18.0289	155.758	
0.993764	0.025	3.14159	-36.1439	-10.3553	245.715	
5.5025	0.025	0	34.0831	-18.7864	194.881	
5.09204	0.025	0	36.5345	1.43157	233.219	
2.54684	0.025	0	26.2748	-2.41887	221.385	
0.387935	0.025	0	-11.7851	-23.0955	153.399	
5.14592	0.025	0	-15.1256	7.2875	226.127	
8.72212	0.025	0	-42.2452	-1.73967	224.287	
5.04614	0.025	0	20.3334	-5.61398	206.179	
0.359989	0.025	0	3.70599	29.5118	310.047	
1.6507	0.025	0	-26.9748	-4.17912	219.065	
8.64761	0.025	0	-40.2371	-3.77853	190.453	
4.70645	0.025	3.14159	-11.0511	-1.94107	184.541	
1.02407	0.025	0	-23.129	-7.44748	257.562	
12.7382	0.025	0	39.0075	4.83504	196.173	
12.4688	0.025	0	18.7654	-8.32678	246.387	
5.73175	0.025	3.14159	-8.06509	2.64906	184.994	
0.718214	0.025	3.14159	-32.0712	20.6	219.066	
3.88592	0.025	0	-20.5327	5.36722	191.071	
6.26352	0.025	0	-12.8156	-2.29399	230.868	
5.97986	0.025	0	-11.2324	-2.35488	177.389	
6.85135	0.025	0	-3.45439	16.1613	195.59	
6.47913	0.025	0	61.0735	6.39584	228.309	
12.1592	0.025	0	-27.2498	-8.32145	203.352	
1.49964	0.025	0	-30.1155	6.66472	156.99	
0.65071	0.025	0	34.551	14.2353	222.791	
1.74101	0.025	0	22.7056	-2.10883	225.458	
5.19539	0.025	0	8.72884	2.7681	148.057	
10.8222	0.025	0	16.6161	2.30074	240.649	
2.42535	0.025	0	61.3919	-3.76965	230.523	
8.54845	0.025	0	-12.117	-3.19325	228.68	
3.63457	0.025	0	-75.1471	6.02982	182.265	
3.88639	0.025	0	-39.7718	-12.5903	198.49	
4.35126	0.025	0	3.55631	-4.79963	158.956	
10.5674	0.025	0	-51.7218	-7.25856	209.632	
4.53093	0.025	3.14159	13.787	1.61853	184.048	
0.0433209	0.025	3.14159	87.2094	69.2074	103.303	
0.125646	0.025	3.14159	111.686	-5.05983	128.884	
9.16737	0.025	0	35.9582	9.87986	229.398	
3.7221	0.025	0	-22.1779	-20.5351	211.208	
9.34605	0.025	0	18.5433	1.73609	201.114	
9.18797	0.025	0	-29.243	-1.77421	242.876	
0.38579	0.025	0	-48.8105	-0.0824862	149.664	
0.269678	0.025	3.14159	-134.323	-4.71292	137.041	
8.48013	0.025	0	-20.3514	2.23424	205.023	
5.9831	0.025	0	-39.4844	-8.33348	222.294	
3.71028	0.025	0	-10.418	-3.13133	190.159	
8.50356	0.025	0	-6.4166	-8.64311	176.449	
0.157329	0.025	0	102.6	8.83434	119.741	
2.80156	0.025	0	-28.19	-11.5386	234.632	
10.2563	0.025	0	-4.18251	1.87127	208.169	
3.78315	0.025	0	35.3126	2.82571	171.096	
0.363684	0.025	0	97.2114	21.718	206.883	
0.973838	0.025	0	-60.9084	12.1514	208.682	
9.54499	0.025	0	8.24045	-11.3702	189.815	
4.46843	0.025	0	-6.53004	-4.85332	197.507	
5.32718	0.025	0	16.6175	3.28006	173.912	
1.46109	0.025	0	43.8203	6.4575	183.641	
5.68677	0.025	0	-1.33636	-6.61915	190.279	
5.00781	0.025	0	-36.7027	5.64611	197.733	
2.96256	0.025	3.14159	14.505	17.9491	196.672	
2.49878	0.025	3.14159	44.7825	-10.3876	228.61	
3.81901	0.025	0	-12.8942	17.116	209.699	
0.484564	0.025	0	28.2872	10.338	242.215	
2.01464	0.025	0	42.5922	12.9866	216.767	
11.8416	0.025	0	-20.687	-0.595818	220.582	
10.5455	0.025	0	-31.4521	0.875971	217.503	
7.84826	0.025	0	56.2226	8.89473	168.144	
11.0743	0.025	0	-25.3455	-8.0057	241.832	
0.665331	0.025	0	90.7478	6.36242	217.368	
7.24856	0.025	0	-37.6163	-8.3044	192.416	
3.53975	0.025	0	26.7853	-24.9652	200.29	
5.68189	0.025	0	-26.1756	8.14549	200.463	
5.69506	0.025	0	9.89003	-1.39342	221.634	
3.66885	0.025	0	26.0161	-8.35093	205.047	
2.89996	0.025	3.14159	-4.44762	15.5531	210.178	
1.01185	0.025	3.14159	52.9098	-0.526811	260.218	
7.91221	0.025	0	-33.3881	5.11625	164.978	
4.84572	0.025	0	-14.8752	-4.72246	165.486	
2.93534	0.025	0	39.1094	3.1504	232.09	
10.6512	0.025	0	-59.3144	-3.92965	189.849	
8.83735	0.025	0	-3.27251	-1.78695	166.943	
5.43422	0.025	3.14159	5.92051	-3.03267	199.08	
0.315182	0.025	3.14159	24.5053	2.35827	114.548	
4.08806	0.025	0	8.80162	0.896499	156.423	
10.6906	0.025	0	-7.42168	-1.08041	196.853	
8.5606	0.025	0	17.1343	6.42922	217.547	
6.80605	0.025	0	6.49539	-2.71667	181.6	
0.0663454	0.025	3.14159	-75.9627	-34.6279	-66.0761	
6.69895	0.025	0	4.6965	3.424	174.073	
10.9108	0.025	0	29.4913	-4.90474	200.345	
7.27519	0.025	0	27.5173	-8.21133	197.565	
11.4228	0.025	0	-7.81588	-9.80679	251.394	
5.60503	0.025	0	0.768883	11.1174	166.743	
13.4582	0.025	0	-9.90957	-1.94343	215.234	
1.05521	0.025	0	-3.54746	-13.535	173.014	
8.19329	0.025	0	14.3432	-5.35379	202.756	
0.412512	0.025	3.14159	92.8148	34.4801	212.733	
2.99057	0.025	0	-23.9668	-4.24251	182.077	
0.535028	0.025	0	-60.5854	-15.1935	252.571	
1.5838	0.025	0	26.7253	5.94133	214.987	
8.81349	0.025	0	51.6634	12.5095	211.833	
3.56433	0.025	0	35.0549	2.72819	222.835	
3.26836	0.025	3.14159	36.0728	-6.84535	181.408	
0.487566	0.025	0	192.979	10.1434	197.084	
0.860659	0.025	0	-46.6909	19.8162	223.713	
0.634005	0.025	0	48.1448	1.77725	161.73	
7.68243	0.025	0	27.8355	3.57224	179.312	
0.648774	0.025	0	-102.396	7.04459	206.171	
5.45759	0.025	0	2.00878	5.99962	190.856	
2.37039	0.025	3.14159	-12.9517	1.14111	171.23	
9.23142	0.025	0	-3.69822	3.97253	235.268	
1.84047	0.025	0	-11.2902	-11.0514	170.734	
0.0681137	0.025	0	-165.462	-13.5863	-113.034	
0.893816	0.025	3.14159	7.75074	-14.8378	207.408	
1.01089	0.025	0	128.166	22.1415	64.1794	
3.93649	0.025	0	-6.89112	8.7681	183.753	
3.99018	0.025	0	9.7333	-1.18407	209.961	
9.00058	0.025	0	8.53018	0.801242	187.052	
4.59489	0.025	3.14159	-46.2034	-6.83912	222.64	
1.54677	0.025	3.14159	96.9585	5.46117	231.337	
12.1238	0.025	0	-40.2383	1.37446	214.402	
2.32028	0.025	3.14159	20.6193	-9.10583	193.471	
0.221148	0.025	0	-69.433	-20.9665	228.594	
6.1915	0.025	0	-20.0487	7.89079	229.024	
5.44174	0.025	0	-86.2653	-1.19869	208.791	
5.93266	0.025	0	21.4118	1.87335	155.128	
0.698312	0.025	0	-13.851	2.52787	269.091	
5.77249	0.025	0	5.10229	-4.97451	190.909	
12.5356	0.025	0	-17.2277	-5.90146	243.795	
5.07062	0.025	3.14159	-12.6795	-2.11487	193.368	
2.0551	0.025	0	15.6214	3.77438	197.42	
0.857759	0.025	3.14159	5.12668	-17.2311	190.266	
2.03988	0.025	3.14159	58.9039	-8.26777	160.486	
6.15726	0.025	0	-17.7749	-8.2291	205.531	
3.47518	0.025	0	85.2325	7.51767	171.787	
1.37754	0.025	3.14159	28.0335	-23.3994	210.798	
0.17568	0.025	0	150.901	25.4191	232.47	
2.22949	0.025	0	1.37429	5.2739	210.185	
0.605057	0.025	0	-80.4262	-5.19819	264.86	
6.90371	0.025	0	-2.15024	-1.68704	206.681	
7.12747	0.025	0	7.2609	-8.29894	205.846	
6.3812	0.025	0	-4.4746	12.797	189.171	
5.37432	0.025	0	3.11756	8.3782	180.627	
0.0452698	0.025	0	76.7279	66.1696	82.489	
4.15534	0.025	0	-3.21376	-20.2497	187.162	
0.368508	0.025	3.14159	95.9874	21.3934	223.847	
18.797	0.025	0	-18.8871	0.874076	254.768	
2.75396	0.025	0	-15.8425	-6.26439	224.624	
4.94201	0.025	0	23.0774	9.15565	171.054	
3.38446	0.025	0	58.413	-4.4804	211.372	
5.65393	0.025	0	57.2416	-4.15027	189.392	
2.57608	0.025	0	53.4498	1.14648	195.764	
7.757	0.025	0	46.2552	6.8828	161.999	
2.69556	0.025	0	-76.5972	-10.2897	195.504	
3.03481	0.025	0	0.52094	7.25236	170.067	
10.3006	0.025	0	10.3308	14.8223	177.389	
1.38661	0.025	0	-113.007	-7.28643	125.186	
0.613018	0.025	3.14159	-70.9531	0.430907	219.968	
17.7364	0.025	0	-52.6927	-2.81755	217.324	
8.67487	0.025	0	-36.1437	-9.60941	233.133	
0.76074	0.025	3.14159	54.4821	7.06881	196.822	
1.72285	0.025	0	-17.9058	17.0287	201.576	
8.86269	0.025	0	-0.450338	-2.34433	207.622	
2.40317	0.025	0	-28.5626	-6.87293	219.391	
2.21419	0.025	0	33.7705	-22.7199	192.241	
10.5212	0.025	0	24.0447	-0.47611	214.896	
6.97992	0.025	0	-23.1944	1.75044	235.875	
8.98145	0.025	0	-7.1444	-13.4488	246.096	
1.99947	0.025	0	82.1602	4.75524	182.129	
1.18788	0.025	0	-37.0444	6.53154	187.986	
0.677637	0.025	0	39.72	18.5503	232.588	
8.05465	0.025	0	35.4836	-16.6344	215.437	
1.88039	0.025	0	-1.8623	16.0504	208.705	
6.15953	0.025	0	16.2971	-1.28872	183.788	
10.4007	0.025	0	-15.0801	0.696623	200.55	
7.1155	0.025	0	-5.09651	6.24572	173.681	
3.08383	0.025	0	-2.39884	-9.15661	159.723	
15.1331	0.025	0	-26.4893	3.7099	213.288	
5.82149	0.025	0	1.03816	-5.85231	210.731	
2.91904	0.025	0	35.2678	12.9454	216.326	
0.81058	0.025	3.14159	-32.0293	-6.26529	246.566	
1.3189	0.025	0	14.2201	-4.80997	229.075	
7.51508	0.025	0	-56.3799	-14.1132	174.617	
1.228	0.025	3.14159	-44.3758	-15.5042	164.64	
3.49632	0.025	3.14159	-45.8406	0.173428	197.93	
9.66519	0.025	0	0.319104	6.75845	234.364	
4.74696	0.025	0	-26.4671	8.52708	170.726	
1.01921	0.025	0	52.9102	-15.5283	245.502	
1.78894	0.025	0	35.5899	-3.5587	187.45	
4.24997	0.025	0	55.8809	-8.59927	188.753	
2.64811	0.025	0	10.2212	7.99324	161.91	
8.34316	0.025	0	-18.5728	-3.14865	194.552	
0.264436	0.025	3.14159	-23.4651	-13.2224	212.938	
2.96056	0.025	0	0.82428	3.21667	223.11	
0.95481	0.025	0	118.318	-18.204	242.582	
0.460681	0.025	0	20.1869	6.38807	165.016	
7.65238	0.025	0	14.0305	-6.78074	177.305	
3.44121	0.025	0	25.4413	0.672094	215.15	
0.870358	0.025	0	-55.4774	-4.9339	166.247	
3.14304	0.025	0	-18.0743	-6.10847	165.075	
3.68062	0.025	0	-82.8822	-11.8251	180.3	
14.6909	0.025	0	15.0758	3.81534	188.596	
0.612813	0.025	0	-57.6379	-2.88329	110.012	
0.180837	0.025	3.14159	60.0281	-23.8964	230.408	
9.91164	0.025	0	-0.188421	-10.4414	186.142	
0.936959	0.025	3.14159	-53.8593	-5.35261	99.61	
12.8985	0.025	0	37.5449	-11.2017	222.947	
8.39023	0.025	0	-42.6684	-13.7424	213.772	
7.72286	0.025	0	-19.4384	0.407767	208.968	
0.631281	0.025	0	47.9133	3.84083	279.433	
6.80279	0.025	0	39.9705	4.11119	214.422	
5.2797	0.025	0	-60.1323	0.821748	219.545	
11.6482	0.025	0	-24.1349	8.58679	228.13	
0.831179	0.025	0	-32.6562	4.75136	171.617	
0.64539	0.025	0	53.8986	-17.8658	219.515	
4.38286	0.025	0	-60.1136	8.88758	141.9	
0.548507	0.025	0	104.361	-15.4552	227.992	
3.50932	0.025	0	44.4194	7.2455	164.96	
10.3607	0.025	0	-63.454	14.6635	217.389	
0.475508	0.025	0	9.59207	-3.97724	236.365	
4.73266	0.025	0	10.3497	-10.3586	186.141	
12.0662	0.025	0	11.5439	-3.14035	226.226	
1.29514	0.025	0	-7.09254	-9.11728	219.778	
7.99024	0.025	0	45.3822	-1.47425	188.409	
6.87819	0.025	0	11.8966	-5.31341	192.882	
0.391569	0.025	0	14.3923	11.4139	233.484	
1.24454	0.025	3.14159	20.1344	5.47242	181.662	
6.32926	0.025	3.14159	-13.0911	-5.07321	205.343	
0.253531	0.025	0	108.606	3.85463	104.186	
0.511732	0.025	3.14159	-90.3983	-15.7465	186.274	
0.792896	0.025	0	-73.0373	17.8987	237.801	
6.15735	0.025	0	37.4341	7.68459	241.084	
2.16294	0.025	0	33.5174	8.84487	216.52	
8.85676	0.025	0	-26.735	1.60336	192.365	
2.36352	0.025	0	-49.8851	-7.96738	164.936	
0.680256	0.025	3.14159	-26.2626	-23.3607	158.013	
12.8827	0.025	0	16.219	-1.11489	209.135	
13.5669	0.025	0	16.0981	-0.644794	214.392	
1.02243	0.025	3.14159	40.0572	-4.66179	178.15	
6.46762	0.025	0	11.3914	-9.76694	252.418	
8.54819	0.025	0	2.11211	1.02029	196.008	
4.55611	0.025	0	45.4519	13.8017	193.302	
12.6393	0.025	0	2.51966	-5.92047	214.499	
2.92781	0.025	3.14159	3.49801	-7.08104	198.683	
1.05272	0.025	3.14159	64.6419	27.6481	223.277	
4.64956	0.025	3.14159	-14.7221	9.38263	204.158	
8.28695	0.025	0	21.3144	-14.9149	218.203	
12.3587	0.025	0	-40.311	8.87167	184.469	
5.09573	0.025	0	53.3522	-3.42885	172.817	
4.13162	0.025	0	28.0895	-18.62	193.723	
7.19573	0.025	0	33.0402	3.01704	212.091	
9.73306	0.025	0	13.0766	2.79322	210.006	
7.90219	0.025	0	35.688	-3.39174	183.176	
0.369044	0.025	0	-1.58731	-10.3443	280.15	
10.9732	0.025	0	-8.11054	-4.80147	235.241	
9.08911	0.025	0	-43.8119	-2.87792	199.012	
5.98688	0.025	0	-11.0796	0.909098	191.122	
4.725	0.025	3.14159	-86.5028	-2.40125	151.615	
7.31593	0.025	0	53.6849	-4.60321	208.803	
2.45014	0.025	0	-86.1401	-6.40065	193.243	
4.53269	0.025	0	-5.594	-7.3376	206.776	
1.84031	0.025	0	1.91964	-0.713801	227.609	
3.85912	0.025	0	-17.8029	-5.432	185.579	
6.60426	0.025	0	-10.5752	-2.54685	193.468	
7.88559	0.025	0	-2.18014	-7.4521	237.851	
5.09736	0.025	0	-29.1883	-0.417852	178.096	
2.49796	0.025	0	-13.0356	3.26298	167.355	
4.37713	0.025	0	14.6538	9.71517	205.051	
7.02816	0.025	0	41.3035	5.2884	179.216	
9.56917	0.025	0	6.44595	18.0114	214.877	
1.33593	0.025	0	-24.5715	-0.738749	220.851	
1.10625	0.025	0	58.6923	0.675186	150.41	
7.08137	0.025	0	-15.7342	-4.64052	163.508	
15.1485	0.025	0	17.7674	4.70652	232.001	
4.15122	0.025	0	-14.3143	-9.23038	209.1	
17.6722	0.025	0	0.695886	-5.23436	230.958	
0.0718569	0.025	0	-42.4177	-65.0116	67.2218	
4.43731	0.025	0	38.6446	10.0019	101.001	
4.20847	0.025	0	45.092	2.89872	206.93	
0.810471	0.025	0	-73.0729	-0.304191	189.923	
7.15514	0.025	0	-40.602	-1.47465	196.425	
11.247	0.025	0	4.51954	3.87836	213.285	
8.62095	0.025	0	17.7152	17.5329	246.835	
11.3243	0.025	0	-25.4439	-3.36572	211.407	
9.51309	0.025	0	36.6404	9.476	172.305	
3.17844	0.025	0	-23.5259	13.2522	204.854	
2.83385	0.025	0	-49.0782	10.9278	189.411	
13.0373	0.025	0	35.2747	-1.45252	195.046	
0.0830722	0.025	0	-66.3688	-10.5458	206.912	
0.89839	0.025	3.14159	56.9907	-7.84909	225.941	
0.948245	0.025	3.14159	-60.268	-18.8468	248.45	
4.22193	0.025	0	-3.54674	14.6884	175.928	
5.10516	0.025	0	-8.23244	-1.33075	201.382	
0.633039	0.025	0	-20.9326	4.72509	294.22	
1.02002	0.025	0	41.2366	28.3094	271.366	
2.724	0.025	3.14159	-42.479	-1.84305	205.017	
9.9833	0.025	0	7.37206	9.09499	207.578	
0.268283	0.025	0	9.76319	37.5183	213.339	
0.423496	0.025	0	-66.9069	-7.82079	199.535	
1.24817	0.025	0	8.90719	-4.47879	222.016	
0.077174	0.025	3.14159	-164.955	-97.7017	153.942	
1.67717	0.025	0	25.3681	5.90756	228.796	
6.21268	0.025	0	-2.27092	8.01783	220.007	
2.12866	0.025	3.14159	7.45458	-5.68665	159.765	
4.2777	0.025	0	-3.98887	3.2241	199.389	
0.14851	0.025	0	-36.93	-9.47923	102.602	
1.535	0.025	3.14159	-28.9981	0.679108	165.243	
0.62699	0.025	0	-34.5809	9.07624	225.604	
6.6569	0.025	0	19.726	1.25939	170.365	
9.55683	0.025	0	-27.2472	4.98571	208.083	
0.78965	0.025	3.14159	-133.226	-33.3948	193.99	
8.84591	0.025	0	-0.590102	-5.77523	201.545	
2.71248	0.025	3.14159	-36.2077	8.24481	163.467	
4.06306	0.025	0	-2.99742	2.91352	141.165	
6.25761	0.025	0	-23.9667	4.21859	224.675	
8.14564	0.025	0	-3.92751	-4.75009	227.772	
3.35215	0.025	0	15.3565	10.9656	240.369	
6.74943	0.025	0	10.649	-4.14245	193.203	
8.16846	0.025	0	-16.7898	14.2638	191.734	
10.6693	0.025	0	11.9054	6.113	243.541	
0.819819	0.025	0	-27.1579	-26.2297	235.48	
17.6224	0.025	0	-49.4299	7.44007	280.159	
12.6788	0.025	0	6.55487	-12.2498	206.697	
8.96867	0.025	0	-20.1987	-11.2691	226.442	
0.146183	0.025	0	55.3593	23.0596	99.9879	
0.917042	0.025	0	89.3919	24.0843	285.254	
14.4715	0.025	0	-12.3168	4.22858	226.207	
0.288107	0.025	3.14159	-5.60993	-22.0156	214.244	
0.230072	0.025	3.14159	2.74024	-34.2848	159.087	
0.63118	0.025	3.14159	-99.5201	-1.79087	232.188	
4.83235	0.025	3.14159	14.4118	-1.01601	212.168	
0.861607	0.025	0	-43.5617	-12.227	243.507	
0.856954	0.025	0	102.005	-18.7069	192.397	
1.25825	0.025	3.14159	-1.17279	3.19909	191.658	
4.92345	0.025	0	5.08093	4.15181	163.273	
3.80328	0.025	0	-4.59795	-5.58664	153.704	
8.73237	0.025	0	2.58589	12.0116	233.183	
2.61328	0.025	0	40.686	6.96304	152.424	
3.59292	0.025	3.14159	-14.9398	-2.8695	184.596	
16.0255	0.025	0	10.5892	-1.15045	243.6	
0.0996642	0.025	0	-119.574	-55.0153	139.374	
0.710675	0.025	0	-42.4789	-1.14772	150.496	
4.20837	0.025	0	55.0972	-6.64227	202.833	
0.745377	0.025	3.14159	84.8145	-2.45056	211.962	
0.669089	0.025	3.14159	-3.4086	-13.2911	247.894	
14.7751	0.025	0	18.5743	0.213427	206.499	
0.688628	0.025	3.14159	-24.2349	34.0605	308.935	
9.61294	0.025	0	36.743	-1.93831	221.536	
5.29434	0.025	3.14159	3.84607	-6.38432	175.505	
2.79836	0.025	0	-63.5307	-8.23204	132.554	
3.30283	0.025	0	27.9665	3.86139	198.252	
1.05694	0.025	0	-3.36769	4.33025	206.975	
6.53605	0.025	0	-19.2408	17.0505	140.542	
2.1169	0.025	0	50.4097	-3.75773	246.336	
2.31184	0.025	3.14159	-19.1886	-10.2882	225.259	
6.86745	0.025	0	-53.5792	1.6476	207.29	
8.69342	0.025	0	40.6636	-0.0947013	216.452	
3.73938	0.025	0	-31.6389	15.4001	182.263	
0.523925	0.025	3.14159	-47.3912	-6.32034	204.596	
0.709919	0.025	3.14159	-12.1778	-8.08408	214.594	
6.07393	0.025	0	-45.4032	-4.13313	213.286	
9.28348	0.025	0	-7.428	0.246981	208.035	
13.0186	0.025	0	7.63413	-2.75521	248.058	
3.67488	0.025	0	23.4038	15.216	212.155	
5.74714	0.025	0	22.4267	-4.71308	167.492	
0.709739	0.025	0	17.8816	-1.88913	351.745	
4.33103	0.025	0	25.3648	-3.12915	159.905	
8.06732	0.025	0	2.2776	-1.71172	218.138	
10.8384	0.025	0	-4.46387	-2.60725	192.919	
7.92549	0.025	0	-25.6832	4.13708	176.2	
11.4943	0.025	0	-2.77323	-0.44084	180.799	
0.614226	0.025	3.14159	26.6969	-16.965	139.807	
4.50153	0.025	0	11.1923	-2.86948	175.629	
0.368552	0.025	0	-93.6977	-12.1219	278.537	
8.04813	0.025	0	-15.1419	16.1365	217.777	
7.16354	0.025	0	-9.77366	-3.96613	201.862	
8.85651	0.025	0	44.3366	-11.8744	217.857	
0.187929	0.025	0	-221.256	-32.5714	97.7775	
10.3013	0.025	0	5.49523	3.99798	181.908	
3.4307	0.025	0	-14.9676	5.24903	235.438	
16.5262	0.025	0	-8.75703	11.613	245.885	
1.45172	0.025	3.14159	8.44879	15.4747	254.056	
3.11711	0.025	0	1.8377	0.607007	182.649	
1.85177	0.025	0	-15.0998	-8.97429	243.393	
1.39801	0.025	0	-15.9188	-3.34807	191.584	
0.904315	0.025	3.14159	-57.4242	-2.30106	155.232	
10.6774	0.025	0	-17.083	-5.1781	210.748	
9.39511	0.025	0	0.35968	-8.34512	178.276	
12.2808	0.025	0	25.7624	9.75558	220.649	
3.17139	0.025	0	-12.3478	3.57557	193.084	
4.73793	0.025	0	43.9091	8.40675	175.762	
8.45392	0.025	0	-19.5507	10.9959	167.245	
3.3316	0.025	0	-50.1575	14.597	208.734	
5.69907	0.025	0	-15.9166	-17.6152	189.331	
12.8349	0.025	0	-6.42145	1.78069	205.964	
5.4143	0.025	0	24.0224	-8.19679	157.1	
11.339	0.025	0	27.6237	-0.432055	202.909	
0.826978	0.025	0	18.7819	-1.57558	242.426	
7.69612	0.025	0	-1.06299	-5.9095	202.246	
3.92583	0.025	3.14159	-35.1785	0.62824	195.656	
8.57348	0.025	0	-25.5083	-5.16516	174.308	
4.41295	0.025	3.14159	-36.27	5.94957	147.9	
2.12006	0.025	3.14159	6.41971	-1.26398	186.25	
5.09167	0.025	0	-40.5332	15.3702	197.888	
0.310394	0.025	3.14159	-64.7429	-8.40838	195.111	
9.73176	0.025	0	-5.65919	5.05663	208.019	
5.18204	0.025	0	-32.9224	8.84793	203.877	
5.27339	0.025	0	33.1773	-13.2066	192.995	
2.57982	0.025	0	-11.6378	-9.90321	217.219	
8.50791	0.025	0	11.1486	8.06078	237.023	
2.67012	0.025	0	30.5262	-2.5534	197.122	
8.76207	0.025	0	1.54229	-1.00795	180.05	
0.681589	0.025	0	-74.3628	5.10003	162.748	
5.73942	0.025	0	22.7511	11.7309	199.949	
4.75802	0.025	0	2.70656	12.646	200.486	
13.051	0.025	0	-3.76482	-5.29744	246.827	
6.2306	0.025	0	26.8675	6.24098	203.674	
5.02087	0.025	0	26.2057	24.4229	171.769	
16.8726	0.025	0	4.49902	1.21138	210.048	
4.90241	0.025	0	62.4035	-2.48709	198.4	
7.22175	0.025	0	32.6758	2.09375	185.864	
9.55088	0.025	0	-1.31516	2.46184	205.829	
6.58842	0.025	0	22.4239	-6.43338	229.201	
11.7115	0.025	0	14.913	1.09772	226.572	
7.48295	0.025	0	-53.3502	7.18922	215.655	
12.1201	0.025	0	16.8875	-3.30602	196.15	
2.70687	0.025	0	-32.5491	10.9574	167.027	
0.608701	0.025	3.14159	96.5477	26.7166	122.152	
5.42337	0.025	0	10.9148	9.33981	168.375	
3.35964	0.025	3.14159	63.7988	-8.30622	183.862	
1.6653	0.025	3.14159	60.4271	-3.32972	232.796	
9.51976	0.025	0	-29.4501	15.8366	191.264	
3.6073	0.025	0	-7.62956	5.11716	217.648	
0.267244	0.025	3.14159	57.1491	4.47191	34.1257	
3.98342	0.025	0	-18.9158	0.168549	166.44	
8.73373	0.025	0	-34.7583	0.808767	221.445	
1.1493	0.025	3.14159	38.7788	0.654026	209.813	
8.06983	0.025	0	4.46537	-0.529119	173.01	
2.84619	0.025	3.14159	-21.2904	7.17982	204.408	
0.457371	0.025	0	-93.7264	14.7124	200.051	
6.15109	0.025	0	18.9192	9.46228	190.145	
5.46158	0.025	0	0.107906	7.05964	187.078	
13.0858	0.025	0	17.934	0.743224	237.867	
9.2613	0.025	0	2.04314	-4.22339	187.04	
0.817299	0.025	3.14159	63.9657	4.68048	174.554	
0.251948	0.025	0	-62.2095	-23.9631	219.282	
5.93694	0.025	0	-4.10741	6.06448	209.875	
8.50925	0.025	0	-26.0169	6.96015	209.265	
1.82451	0.025	0	36.8723	0.137423	151.783	
7.96171	0.025	0	22.5051	1.74364	217.462	
6.09684	0.025	0	13.6539	-16.3083	197.734	
8.39224	0.025	0	0.543995	6.1852	187.415	
7.30046	0.025	0	3.84907	1.14754	203.4	
3.45291	0.025	0	-49.9837	3.87789	170.075	
3.23159	0.025	0	41.5846	1.68494	184.175	
1.70967	0.025	0	43.1903	-12.3478	183.796	
1.15191	0.025	0	2.17238	-6.47126	243.354	
0.880808	0.025	0	-15.5181	4.56534	277.108	
0.115603	0.025	3.14159	167.676	47.9308	176.282	
0.797786	0.025	0	34.0126	-6.82184	217.602	
0.130026	0.025	0	94.9064	5.78098	188.53	
19.6569	0.025	0	15.649	3.95228	275.331	
0.242542	0.025	0	-121.667	-29.2522	219.862	
1.33167	0.025	0	-89.3147	-0.373933	154.79	
0.710171	0.025	0	47.205	15.4011	74.525	
1.07015	0.025	0	-34.2301	-7.41955	276.635	
5.44361	0.025	0	1.9814	-1.63174	192.794	
7.84727	0.025	0	7.02733	8.20423	202.634	
7.29723	0.025	0	14.7987	-0.356683	188.41	
1.2642	0.025	3.14159	-11.1532	15.4377	222.89	
4.80362	0.025	0	-21.6975	8.6493	194.911	
0.666744	0.025	3.14159	-11.1152	-10.3415	209.802	
11.1944	0.025	0	49.791	-3.88735	196.896	
5.36369	0.025	0	-42.045	-10.1285	175.951	
2.86573	0.025	3.14159	-48.3507	-4.08577	215.185	
8.97884	0.025	0	22.9759	13.2559	221.922	
7.71085	0.025	0	-28.6021	-17.9965	193.081	
1.97383	0.025	3.14159	-50.0388	3.74823	224.175	
1.14548	0.025	3.14159	74.1238	4.74166	138.708	
12.257	0.025	0	-21.7069	-11.0374	236.03	
11.2138	0.025	0	23.6402	9.86055	199.15	
1.42736	0.025	0	-100.035	4.12496	213.182	
7.61711	0.025	0	-9.10167	-11.6449	202.507	
2.41053	0.025	3.14159	10.0453	18.5588	178.171	
1.50247	0.025	3.14159	-25.4717	-16.6329	130.052	
2.1011	0.025	0	21.0874	16.4002	203.175	
9.15208	0.025	0	16.431	6.59803	201.407	
14.1952	0.025	0	10.3063	-6.0438	223.73	
13.0428	0.025	0	-9.53407	0.885118	237.324	
1.79486	0.025	0	17.7203	6.51407	179.287	
5.842	0.025	0	31.3664	0.45026	200.167	
10.5094	0.025	0	-33.6448	-3.04429	237.759	
3.13752	0.025	0	3.00126	2.70624	193.033	
7.16216	0.025	0	-9.89627	-11.3203	193.576	
2.64596	0.025	0	-58.9764	-9.02291	234.377	
0.77635	0.025	3.14159	-78.7104	0.818535	178.915	
0.607032	0.025	0	-110.09	-2.85094	264.136	
10.4687	0.025	0	-45.0529	-2.91715	185.344	
5.97253	0.025	0	-0.298806	0.369457	174.252	
7.69024	0.025	0	5.69831	-6.74738	191.248	
5.16171	0.025	0	-43.3424	1.3867	186.99	
10.9351	0.025	0	-31.4364	0.668031	189.694	
2.12745	0.025	3.14159	-9.77299	-16.3773	189.717	
10.2677	0.025	0	-17.3092	7.81253	232.317	
10.1029	0.025	0	-26.7723	-0.940356	186.357	
7.44272	0.025	0	25.6047	-11.5339	240.918	
4.47912	0.025	0	13.3336	-3.74263	157.762	
0.878053	0.025	3.14159	-30.3524	9.72608	250.664	
8.58659	0.025	0	9.26186	-2.28114	224.436	
8.0916	0.025	0	15.5228	6.35777	194.586	
3.71149	0.025	0	-25.5779	-9.49737	193.642	
6.04864	0.025	0	-57.4924	1.6039	218.251	
5.53688	0.025	3.14159	3.08872	-0.170385	184.597	
6.21618	0.025	0	-48.3934	11.978	204.335	
12.5638	0.025	0	-31.9519	8.36072	214.987	
12.8315	0.025	0	13.3899	-12.3567	230.331	
1.29383	0.025	3.14159	-18.5572	5.66244	163.058	
9.40103	0.025	0	-13.9661	8.50715	199.604	
1.46446	0.025	0	-25.133	5.10036	234.219	
8.19925	0.025	0	43.685	12.504	205.89	
7.34313	0.025	0	-1.48464	-0.0505776	207.578	
1.01971	0.025	0	-63.3382	6.23254	266.844	
6.27098	0.025	0	42.3111	4.72429	232.07	
10.9154	0.025	0	-5.92235	15.5722	237.541	
2.00595	0.025	0	25.1569	-12.5112	251.037	
6.46636	0.025	0	-13.7565	-6.13527	223.033	
8.94132	0.025	0	-43.537	-11.8284	220.958	
1.39314	0.025	3.14159	-73.9091	16.3249	135.508	
7.89519	0.025	0	19.2126	3.94912	204.188	
10.3666	0.025	0	-14.2475	-10.8596	275.774	
8.4627	0.025	0	-54.2767	1.17685	184.615	
8.0705	0.025	0	8.49156	-2.33316	243.427	
11.4148	0.025	0	2.77338	1.53344	222.145	
4.48657	0.025	0	-51.6798	0.510571	160.968	
7.91522	0.025	0	-35.2711	1.56092	158.574	
7.02541	0.025	0	2.01779	-6.56241	226.568	
2.59319	0.025	3.14159	70.5689	-1.329	173.675	
7.00949	0.025	0	15.3396	-6.76956	204.045	
6.30497	0.025	0	-2.40875	1.68033	191.992	
4.8309	0.025	3.14159	16.285	2.56317	177.696	
9.11287	0.025	0	-4.92065	-7.80239	202.758	
11.6224	0.025	0	20.3488	-10.7332	232.609	
8.45367	0.025	0	10.6424	-4.6368	214.051	
13.5163	0.025	0	-18.9046	-6.29473	207.228	
7.13671	0.025	0	4.41583	-1.99678	214.098	
0.566052	0.025	3.14159	-24.6584	2.52368	224.184	
3.09445	0.025	0	27.4516	5.39039	189.506	
6.57868	0.025	0	-20.8171	4.11152	235.492	
7.35929	0.025	0	34.9802	-18.1079	185.983	
0.308154	0.025	3.14159	35.07	-23.0295	233.952	
10.6262	0.025	0	5.78474	10.7157	214.986	
7.94979	0.025	0	-16.4969	-15.7678	235.056	
1.45994	0.025	0	-6.44183	-10.8082	218.593	
0.210985	0.025	0	-88.5178	-15.7866	240.367	
5.54075	0.025	0	32.2501	-3.2671	216.87	
10.6188	0.025	0	-22.0531	-8.9719	256.092	
2.52766	0.025	3.14159	-2.20866	-7.96745	185.35	
0.461821	0.025	3.14159	-72.4519	-6.53081	187.011	
1.1856	0.025	0	47.7852	5.83043	144.308	
9.07044	0.025	0	-22.0485	4.86973	198.015	
4.2082	0.025	0	-27.685	11.7095	177.619	
0.631491	0.025	3.14159	-2.313	-11.7385	147.808	
3.62527	0.025	0	-36.1509	-3.37606	181.667	
7.14274	0.025	0	-6.05845	-6.80367	207.435	
8.37363	0.025	0	-21.5457	1.68873	224.849	
11.1737	0.025	0	-48.2382	7.05533	206.775	
2.7743	0.025	3.14159	33.9192	-11.8477	154.454	
2.26469	0.025	0	-13.1234	14.3864	193.224	
2.24033	0.025	0	-55.1577	-3.45476	198.26	
7.13354	0.025	0	36.517	-5.4491	151.977	
8.509	0.025	0	45.5341	-10.0483	198.729	
7.28706	0.025	0	7.08897	5.85479	199.697	
1.28621	0.025	0	5.87184	16.4086	210.394	
5.25189	0.025	0	-18.6076	4.70301	182.353	
15.7166	0.025	0	23.5279	-0.996354	237.096	
11.2247	0.025	0	-19.5775	9.74867	218.31	
1.03162	0.025	3.14159	-33.7402	-21.9734	220.203	
3.16809	0.025	3.14159	-44.8865	-1.90162	166.123	
0.812951	0.025	3.14159	98.0893	-5.72364	207.748	
0.914692	0.025	0	8.02572	-12.2793	216.93	
3.06444	0.025	3.14159	-42.4394	15.3596	198.521	
1.24029	0.025	0	-0.794532	7.56694	188.986	
4.03276	0.025	0	27.1903	-12.296	181.776	
1.40449	0.025	3.14159	-66.8554	-15.9562	194.403	
5.99456	0.025	0	21.5146	5.39695	217.458	
5.33515	0.025	0	-7.4872	10.7376	219.833	
1.68957	0.025	3.14159	15.7169	3.78011	177.867	
10.7386	0.025	0	12.3588	-0.538508	215.42	
2.74065	0.025	3.14159	68.0873	4.96829	221.822	
10.2158	0.025	0	22.7794	17.4864	226.419	
1.63082	0.025	0	27.9675	-2.34129	199.622	
0.354404	0.025	3.14159	101.564	22.6074	260.598	
3.74127	0.025	0	-27.0121	-11.6138	181.046	
7.96248	0.025	0	-52.0435	11.2758	222.942	
1.69417	0.025	3.14159	54.3054	-1.01256	250.236	
2.46537	0.025	0	-19.788	11.8176	174.418	
10.1748	0.025	0	16.1138	1.07652	233.311	
11.4656	0.025	0	-6.71513	4.57707	218.972	
1.9343	0.025	0	-22.6435	-1.67647	154.74	
1.09363	0.025	3.14159	91.278	-12.4546	165.463	
4.49531	0.025	3.14159	-36.2228	3.47798	154.615	
0.45352	0.025	3.14159	144.714	11.3507	119.044	
4.6051	0.025	0	51.0185	-0.588514	189.643	
20.3258	0.025	0	4.39908	-2.31901	242.106	
1.51566	0.025	0	-90.5311	16.584	224.531	
3.06501	0.025	0	84.7354	11.5668	205.955	
0.00448306	0.025	0	-3.33877	-80.2097	-71.4619	
5.9928	0.025	0	-17.5407	6.63318	184.019	
12.6667	0.025	0	17.6861	12.55	244.297	
12.0164	0.025	0	13.8355	10.3301	220.729	
1.38948	0.025	3.14159	4.72957	-7.78966	241.841	
5.42804	0.025	0	4.62179	-2.59165	175.632	
5.23999	0.025	0	18.5493	6.06087	203.621	
14.3307	0.025	0	-32.5864	5.05799	280.397	
1.17392	0.025	3.14159	36.6781	-0.137539	252.533	
1.01218	0.025	0	-14.6192	-10.0107	249.071	
1.93711	0.025	0	-23.233	-3.95681	234.09	
0.346676	0.025	0	-94.2302	-29.3989	206.523	
7.70349	0.025	0	-40.3564	-4.41311	195.696	
0.399252	0.025	3.14159	-80.1193	1.65983	218.255	
1.79715	0.025	0	113.687	-6.67483	129.048	
4.93501	0.025	0	-4.88429	-9.8671	182.835	
5.1848	0.025	3.14159	14.8684	3.43155	202.886	
4.12746	0.025	0	37.922	6.26677	183.538	
14.4575	0.025	0	1.57497	-5.28814	255.813	
0.55748	0.025	0	-137.55	-18.8587	212.728	
1.19046	0.025	0	-96.8685	-8.29519	221.842	
3.37837	0.025	0	-67.9569	10.3194	142.724	
18.1083	0.025	0	31.1552	-5.6529	255.085	
8.11182	0.025	0	-11.0617	5.54318	224.293	
0.429837	0.025	3.14159	-26.5898	-11.5321	317.429	
3.78408	0.025	3.14159	-30.9175	10.5666	195.898	
2.0417	0.025	0	1.31327	6.2598	173.911	
5.63781	0.025	0	-22.3872	8.00038	175.546	
4.97467	0.025	0	-13.8595	-5.44605	187.407	
9.94356	0.025	0	-20.6234	-0.0804825	233.326	
2.82698	0.025	3.14159	13.8524	-5.75274	183.96	
1.74791	0.025	0	39.8829	-8.10457	216.451	
0.860893	0.025	0	39.7723	-1.78792	175.016	
0.799913	0.025	0	88.3793	-14.4276	225.624	
1.38844	0.025	0	-72.1171	-0.705947	176.546	
8.95537	0.025	0	61.8986	5.64932	220.476	
9.17888	0.025	0	-12.8469	-9.8745	188.571	
12.1785	0.025	0	-16.1811	-4.16366	181.137	
0.404442	0.025	3.14159	-32.2972	-7.98905	165.736	
1.82858	0.025	3.14159	-8.87034	4.94912	209.501	
6.27937	0.025	0	0.142432	8.33433	204.852	
13.486	0.025	0	8.91446	-5.96333	200.221	
9.87972	0.025	0	-16.9524	-5.4885	244.23	
0.335934	0.025	3.14159	57.5862	-1.92552	179.788	
3.82162	0.025	0	-20.9418	-13.185	178.497	
0.182872	0.025	0	15.7666	-9.3832	196.098	
0.579563	0.025	3.14159	-26.4229	5.70597	285.668	
7.86621	0.025	0	-67.1562	3.25953	213.559	
11.1419	0.025	0	20.6872	-0.787942	197.967	
0.0215963	0.025	0	118.742	128.753	-35.2409	
4.99346	0.025	0	-29.0751	6.54859	167.131	
2.19818	0.025	0	-4.21325	3.22518	223.923	
10.0146	0.025	0	-7.12344	12.7287	209.913	
0.0194159	0.025	0	-44.9265	24.547	29.2417	
0.475875	0.025	3.14159	-146.43	6.25777	161.085	
9.49353	0.025	0	32.0981	3.79063	223.355	
7.0912	0.025	0	17.4023	-0.22061	261.374	
2.09561	0.025	3.14159	17.1949	-17.339	205.69	
10.3597	0.025	0	32.0114	8.61163	209.604	
13.8835	0.025	0	-0.431909	-7.72646	247.282	
13.6358	0.025	0	-34.7963	-5.52247	252.822	
2.63044	0.025	0	-92.9978	-5.02502	188.146	
14.36	0.025	0	-21.8191	2.0428	237.114	
5.3712	0.025	0	45.5174	6.03035	157.663	
0.271693	0.025	3.14159	33.0245	-23.1128	198.546	
5.84579	0.025	0	20.3425	-8.20225	184.589	
6.13214	0.025	0	12.8805	0.760086	184.448	
2.70596	0.025	3.14159	-43.0947	12.0775	251.82	
2.03538	0.025	0	2.93694	15.5601	194.222	
1.45609	0.025	3.14159	3.30561	-8.96206	189.124	
4.26981	0.025	0	-34.7557	-18.9436	159.736	
9.04872	0.025	0	-13.0217	3.95877	177.68	
4.32226	0.025	0	-0.456999	-9.54336	187.607	
4.28485	0.025	0	-23.9454	8.55338	184.223	
11.6516	0.025	0	-1.93818	-9.83421	209.409	
8.60163	0.025	0	-15.7867	10.9404	221.638	
0.0825176	0.025	3.14159	-131.412	-53.7391	28.1867	
1.99211	0.025	0	-18.212	-2.01769	250.697	
18.3664	0.025	0	4.15902	-1.6848	240.42	
0.998537	0.025	3.14159	-41.4755	-6.70888	234.041	
2.16902	0.025	3.14159	-25.3927	6.58938	198.647	
13.7538	0.025	0	-23.679	-0.294758	225.49	
4.49363	0.025	0	45.4682	-0.457725	206.327	
5.69367	0.025	0	-30.9589	-13.0423	202.343	
6.06413	0.025	0	-25.2312	-8.51393	207.33	
7.53487	0.025	0	7.68212	-0.0856334	220.889	
7.36551	0.025	0	9.08364	-4.75605	206.891	
1.70247	0.025	0	18.5671	0.626962	159.93	
7.41129	0.025	0	48.1545	1.70358	241.29	
0.421451	0.025	0	7.19369	-3.91172	190.465	
8.78489	0.025	0	-4.57401	5.1507	191.086	
11.1123	0.025	0	-13.6768	14.7163	217.095	
4.39033	0.025	0	-16.5503	7.94891	175.048	
1.1985	0.025	0	16.897	11.7599	204.296	
7.06697	0.025	0	45.7395	-1.03665	196.918	
9.96809	0.025	0	33.7027	-6.50424	241.995	
5.94935	0.025	0	-5.66092	-4.76428	191.955	
10.8329	0.025	0	-15.2101	2.8816	206.649	
0.986703	0.025	0	133.418	13.9513	191.481	
11.0013	0.025	0	13.5081	1.12387	182.958	
0.516582	0.025	3.14159	-4.05093	-1.9046	206.142	
0.126558	0.025	0	-50.9801	-1.8826	134.41	
11.9808	0.025	0	-22.0123	3.54682	195.179	
0.453897	0.025	0	-159.524	10.2254	246.063	
6.59464	0.025	0	4.34519	-6.79297	179.377	
1.86635	0.025	0	-26.0199	-0.233661	238.773	
1.03601	0.025	0	30.6468	16.5613	170.766	
1.62248	0.025	0	-10.8309	-6.31509	208.693	
5.00996	0.025	0	-22.7932	-4.08308	202.685	
5.41128	0.025	0	10.012	2.55074	182.424	
1.82647	0.025	0	33.7304	7.1582	176.846	
0.587936	0.025	0	64.46	8.82495	190.672	
0.140445	0.025	0	-35.471	42.465	129.023	
6.67714	0.025	3.14159	0.219792	-5.05025	196.647	
3.17562	0.025	0	-44.672	3.3722	169.316	
6.12987	0.025	0	11.5179	8.64162	188.466	
0.82628	0.025	0	33.7623	18.6919	229.896	
7.6682	0.025	0	3.0826	-1.67581	207.98	
11.6596	0.025	0	-19.0812	-5.11471	222.54	
8.06331	0.025	0	-50.6535	-10.0192	191.243	
4.96317	0.025	0	-10.89	13.0216	160.421	
6.81117	0.025	0	41.0162	-15.822	200.654	
3.20051	0.025	3.14159	-50.841	-8.83203	244.529	
10.0581	0.025	0	45.5441	-3.55686	220.087	
11.0543	0.025	0	27.5283	-7.80298	230.867	
7.04549	0.025	0	9.72581	-0.74485	180.122	
1.36841	0.025	0	58.9904	-18.9556	198.833	
0.557433	0.025	0	107.181	-24.6055	239.794	
4.34538	0.025	0	-4.51086	9.10836	201.678	
0.573478	0.025	3.14159	-4.76229	-3.62762	169.631	
1.45546	0.025	3.14159	-10.701	7.40563	122.807	
1.84653	0.025	3.14159	1.19121	2.77345	211.642	
8.2308	0.025	0	32.8106	3.76571	214.991	
9.65233	0.025	0	16.9645	6.24067	188.605	
4.93116	0.025	0	21.29	-6.02935	158.646	
0.641177	0.025	0	9.24683	-3.97188	202.243	
7.80181	0.025	0	-20.9817	1.98335	196.01	
9.43784	0.025	0	-8.73577	2.80584	193.855	
11.9063	0.025	0	-7.16138	-2.29739	200.318	
1.12262	0.025	0	-6.55765	-19.0507	252.314	
11.5876	0.025	0	22.1451	2.72742	242.897	
15.9825	0.025	0	-14.6483	-2.14749	212.226	
8.61141	0.025	0	-12.7797	10.2362	221.349	
3.64082	0.025	0	20.2198	7.86027	197.97	
7.40375	0.025	3.14159	-3.94279	-2.38277	153.847	
6.15686	0.025	0	10.3646	-5.57075	187.542	
2.29979	0.025	0	-52.5668	-4.48446	134.985	
10.3342	0.025	0	-34.1598	-1.50681	186.246	
7.61799	0.025	0	6.4895	11.3289	237.966	
7.40295	0.025	0	23.3979	-5.36996	175.486	
4.50484	0.025	3.14159	14.7412	-3.4003	180.273	
0.163136	0.025	3.14159	54.7197	8.03232	305.054	
0.565738	0.025	3.14159	-70.5416	17.368	247.534	
1.28983	0.025	0	169.431	13.952	176.855	
11.0221	0.025	0	0.436093	-11.9059	176.891	
1.42985	0.025	0	46.565	-2.50161	172.484	
1.58658	0.025	3.14159	45.7687	-4.20806	214.977	
7.61855	0.025	0	8.4148	-7.11875	191.873	
10.0854	0.025	0	-15.2752	1.1957	177.62	
2.50388	0.025	3.14159	-12.4234	12.7261	220.155	
2.217	0.025	0	-24.873	-3.63357	234.716	
5.21895	0.025	0	-6.42355	9.83458	159.392	
0.893959	0.025	3.14159	69.3296	-14.2639	198.051	
1.28647	0.025	3.14159	19.0779	14.666	197.579	
0.491333	0.025	0	-55.8893	-9.84746	144.094	
8.54748	0.025	0	-34.438	5.65162	195.303	
3.491	0.025	0	-31.1208	10.9288	121.597	
1.37724	0.025	3.14159	112.938	-18.087	215.289	
1.15986	0.025	0	-57.6403	-13.3493	192.896	
8.01494	0.025	0	-10.6766	-1.38983	208.983	
2.57652	0.025	0	48.8341	5.27497	198.419	
8.01841	0.025	0	-20.4691	-4.60991	249.624	
0.174172	0.025	0	-11.6724	-6.62698	65.549	
6.27502	0.025	0	-18.6047	-4.67036	202.263	
8.44623	0.025	0	7.17265	-3.4486	224.11	
2.19193	0.025	3.14159	-41.0822	-3.04559	208.984	
6.4235	0.025	0	-16.4885	-3.87923	222.02	
4.60571	0.025	0	-10.1149	15.8413	185.699	
3.45115	0.025	0	-49.0322	8.79094	175.705	
5.38165	0.025	0	-18.2021	-9.38611	239.202	
0.292161	0.025	0	-68.1134	-24.9586	192.136	
6.81524	0.025	0	38.0706	-0.579435	193.143	
3.72296	0.025	0	37.2413	-5.0283	176.758	
12.0047	0.025	0	-15.1587	3.28788	200.767	
1.27767	0.025	0	8.65653	0.718475	275.322	
10.3038	0.025	0	-32.4142	17.5379	235.697	
7.01085	0.025	0	-8.57642	3.13099	199.686	
4.97555	0.025	0	25.1172	-5.70363	194.557	
3.89882	0.025	0	-23.7931	-3.58622	171.932	
11.9813	0.025	0	4.66093	-0.977461	206.357	
1.99295	0.025	3.14159	-55.7178	-7.2662	179.871	
3.17632	0.025	3.14159	40.218	-0.20478	164.676	
4.93257	0.025	0	-8.85542	-4.54614	204.659	
4.23206	0.025	0	-65.6831	0.929589	221.11	
2.41874	0.025	0	-19.9502	-3.16232	140.53	
1.60376	0.025	0	20.9994	-8.36258	138.97	
4.25903	0.025	0	2.62222	-3.04034	157.806	
0.362599	0.025	0	-45.7377	-3.43508	176.11	
11.0617	0.025	0	6.74663	-3.88138	204.056	
1.81381	0.025	0	17.8622	-7.66378	149.204	
5.4459	0.025	0	-8.68405	-1.02911	172.79	
4.50507	0.025	0	19.5752	-9.85278	213.247	
2.01379	0.025	3.14159	55.3971	1.67553	204.341	
5.20318	0.025	0	52.8833	-0.377706	176.233	
7.89342	0.025	0	-10.6401	4.97151	185.157	
6.85268	0.025	0	-9.2598	8.95896	199.42	
11.1214	0.025	0	25.5053	5.95992	175.062	
1.14421	0.025	0	-19.2354	-0.837328	155.12	
3.8316	0.025	0	0.603807	4.72887	201.481	
0.956093	0.025	0	-38.3775	-26.0353	191.779	
8.37759	0.025	0	-27.1418	0.437384	213.916	
1.71668	0.025	0	0.768552	7.06434	198.074	
11.992	0.025	0	-28.7422	8.5914	227.915	
4.77062	0.025	0	-50.5884	-5.80449	201.36	
7.56132	0.025	0	1.15514	-5.47489	185.1	
5.99666	0.025	0	-64.3889	7.73014	180.691	
3.79458	0.025	0	-14.8053	-0.144137	187.909	
7.06871	0.025	0	4.71917	-12.7728	215.521	
0.903606	0.025	0	49.6624	4.36061	224.127	
9.00798	0.025	0	53.1889	1.88755	188.546	
4.6915	0.025	0	-9.81982	18.8312	204.269	
5.2994	0.025	0	-23.8431	9.91556	169.297	
8.68473	0.025	0	-23.1123	-7.3177	228.857	
3.07466	0.025	0	-52.7429	0.252005	133.987	
12.705	0.025	0	-6.28183	-4.71129	236.684	
7.94737	0.025	0	41.7506	4.18344	167.932	
9.18571	0.025	0	9.23681	-2.14666	229.32	
0.270773	0.025	0	-50.7502	-13.4	112.494	
4.1677	0.025	3.14159	-42.7481	-2.75631	161.321	
8.50093	0.025	0	7.87563	1.43177	202.019	
5.7571	0.025	0	18.9468	-11.6924	190.578	
10.7853	0.025	0	-8.03735	2.46598	183.533	
4.06042	0.025	0	37.4528	-0.166983	165.926	
7.4938	0.025	0	21.5736	9.20398	186.425	
1.08154	0.025	0	4.06076	2.52595	247.401	
0.580101	0.025	0	59.4193	22.5534	158.245	
0.299521	0.025	0	-21.9101	-25.2137	285.17	
5.68449	0.025	0	-23.4574	-1.9053	167.801	
10.0229	0.025	0	-0.0242863	-1.93823	213.819	
0.850301	0.025	3.14159	-39.5462	-8.46571	206.482	
5.04235	0.025	0	24.7492	6.26451	191.025	
1.05383	0.025	3.14159	-17.1838	-12.1003	144.613	
13.7424	0.025	0	23.2295	-9.06389	189.042	
12.9641	0.025	0	-54.426	-7.09599	229.542	
3.59906	0.025	3.14159	4.95787	3.33076	190.121	
0.994657	0.025	0	-120.959	11.5789	176.576	
2.99066	0.025	0	62.3687	-1.99207	144.454	
16.3803	0.025	0	26.2156	5.5789	218.982	
0.920698	0.025	0	-29.271	15.2599	212.575	
1.06389	0.025	0	12.8696	3.58792	269.042	
3.50807	0.025	3.14159	-43.0142	-11.1868	180.473	
3.28742	0.025	0	-33.9513	6.29279	200.411	
4.12098	0.025	3.14159	-9.14797	-10.9668	205.931	
1.76369	0.025	3.14159	49.1758	19.2127	154.488	
10.9468	0.025	0	52.0037	-3.50382	222.002	
1.07509	0.025	0	81.8009	3.2817	160.487	
9.56807	0.025	0	28.5614	-12.2268	217.848	
0.582641	0.025	3.14159	115.603	-22.3687	177.964	
3.20214	0.025	0	3.06981	11.4578	198.017	
6.39781	0.025	0	61.9986	-12.5345	179.224	
11.6964	0.025	0	-5.1091	8.1075	215.649	
12.3784	0.025	0	33.8591	3.58656	212.129	
8.69886	0.025	0	13.0673	3.0698	196.227	
5.91867	0.025	0	-35.1104	3.9283	190.422	
13.9866	0.025	0	-21.8279	7.59285	249.234	
0.155268	0.025	3.14159	-3.0119	20.9637	167.944	
11.5621	0.025	0	-12.4086	5.52392	199.562	
5.04146	0.025	0	40.8528	4.26626	164.726	
11.283	0.025	0	13.7778	-5.55902	200.823	
4.91724	0.025	0	17.2719	0.216453	159.779	
1.58787	0.025	0	-87.93	-6.03712	170.003	
3.73822	0.025	3.14159	-11.1261	-8.26865	167.673	
2.79748	0.025	0	35.963	-4.85635	167.2	
1.99811	0.025	3.14159	-5.91024	5.48936	218.254	
7.7741	0.025	0	30.9939	17.4656	182.434	
9.41875	0.025	0	-6.60219	-10.5757	180.133	
11.5586	0.025	0	-29.69	3.85769	204.92	
1.64461	0.025	0	5.95665	0.733814	219.692	
4.55398	0.025	3.14159	18.5531	4.50066	173.021	
6.93067	0.025	0	0.783554	-6.60971	195.283	
5.50372	0.025	0	1.06494	13.5791	197.079	
1.24117	0.025	0	-10.7471	-12.8173	204.225	
1.99457	0.025	0	-13.864	-5.32946	183.569	
15.53	0.025	0	-7.25777	1.5568	231.247	
3.66172	0.025	0	12.7598	5.65232	143.379	
8.34001	0.025	0	-18.5266	-4.06554	198.618	
6.53893	0.025	0	8.53641	-21.1408	180.703	
4.43259	0.025	0	32.0053	6.34512	186.328	
0.493761	0.025	0	25.972	-2.09334	319.718	
0.381401	0.025	0	-59.6857	15.5677	227.469	
8.09569	0.025	0	14.9825	1.65149	177.104	
10.8812	0.025	0	-35.4786	-0.557652	230.824	
1.03426	0.025	3.14159	-73.3971	-2.33219	164.292	
8.23857	0.025	0	6.88733	5.0216	225.771	
2.91204	0.025	0	-66.8179	3.34037	175.515	
0.92983	0.025	3.14159	-97.8792	-10.9901	174.602	
5.9867	0.025	0	-53.9628	15.3536	258.028	
1.55245	0.025	0	-8.14675	-4.14603	239.888	
0.0656234	0.025	3.14159	-83.826	-25.6656	-29.3331	
7.03058	0.025	0	3.20383	-8.67347	198.517	
1.19258	0.025	3.14159	45.3555	6.74858	235.111	
1.54502	0.025	3.14159	-2.81604	-3.38621	222.441	
4.12818	0.025	3.14159	-30.1517	7.30443	202.403	
0.611432	0.025	3.14159	124.691	10.8638	204.794	
2.52535	0.025	3.14159	48.397	4.70961	186.114	
1.1858	0.025	0	-7.76327	6.60689	201.429	
5.2345	0.025	0	10.121	1.84878	195.803	
4.32064	0.025	0	6.86199	-1.55733	203.942	
5.15182	0.025	0	4.37422	1.70124	231.213	
9.66669	0.025	0	-23.5595	0.872165	226.121	
4.81354	0.025	0	-27.0156	-2.01799	206.604	
8.29374	0.025	0	-12.7031	-20.5568	190.738	
12.7144	0.025	0	32.0183	0.566121	229.076	
1.2651	0.025	0	25.6559	-7.31003	231.544	
14.986	0.025	0	-4.25277	6.29078	269.617	
0.885203	0.025	0	-32.4733	6.65577	73.6517	
5.70696	0.025	0	-34.327	-2.77579	152.631	
6.65952	0.025	0	-22.7196	-11.2331	210.712	
4.43311	0.025	3.14159	-19.2804	1.05169	215.179	
0.401061	0.025	0	-10.1485	4.13889	175.5	
3.52624	0.025	0	18.9858	-9.65401	147.146	
7.39669	0.025	0	-17.3592	12.7152	192.748	
13.5574	0.025	0	36.0978	-3.1498	187.184	
8.13256	0.025	0	29.7852	7.35805	219.51	
9.60671	0.025	0	14.4419	1.24904	219.157	
0.671528	0.025	0	25.1023	-0.659544	227.858	
11.904	0.025	0	-41.9688	-4.08496	221.553	
4.17605	0.025	3.14159	4.84623	7.67108	178.828	
0.149054	0.025	0	-17.4267	-34.7507	136.229	
2.74059	0.025	0	23.5061	12.2748	175.074	
5.9999	0.025	0	29.0475	-1.09958	182.908	
0.942294	0.025	0	33.6446	14.846	193.317	
6.99038	0.025	0	5.80908	-5.07202	192.559	
3.43415	0.025	0	-21.7651	7.98394	177.389	
3.18915	0.025	0	29.6691	4.01489	178.332	
0.194414	0.025	3.14159	-46.4726	13.5945	236.68	
4.52971	0.025	0	-22.8872	-3.78169	158.812	
3.81177	0.025	0	17.9196	3.11938	192.329	
0.392156	0.025	3.14159	16.1586	15.1943	293.753	
2.44373	0.025	3.14159	17.3441	12.922	200.016	
7.53682	0.025	0	92.0598	-11.0216	204.573	
10.9586	0.025	0	10.6612	-4.67359	208.331	
8.67145	0.025	0	15.6549	4.24887	184.444	
8.80385	0.025	0	-17.0558	4.89931	202.883	
0.885336	0.025	3.14159	-70.5113	-7.17603	203.3	
6.30247	0.025	0	-10.8442	8.44816	210.59	
12.6707	0.025	0	13.3531	-11.4741	174.884	
4.57302	0.025	0	-4.30492	6.57666	182.809	
0.656059	0.025	0	120.735	-17.5172	253.971	
0.720882	0.025	0	-63.921	-13.9817	236.64	
1.72053	0.025	3.14159	-15.9043	2.34461	152.823	
5.11786	0.025	0	1.59486	6.60554	194.714	
15.0234	0.025	0	-26.9848	0.98887	238.893	
1.41936	0.025	0	2.03813	-7.01222	205.855	
6.95398	0.025	0	-29.0887	5.88379	207.507	
7.6176	0.025	0	-47.1753	2.21257	214.702	
14.5012	0.025	0	-8.48529	-5.51788	247.957	
18.3065	0.025	0	13.5188	-8.0807	220.744	
9.16708	0.025	0	6.08146	3.25847	238.654	
3.68872	0.025	0	-16.1336	-16.8056	206.019	
4.36536	0.025	0	-22.7004	-1.26187	176.023	
0.635107	0.025	0	-14.7718	-27.7309	214.852	
1.65698	0.025	0	-96.3613	-6.37016	155.909	
1.19461	0.025	0	-4.17423	8.95312	208.641	
9.20796	0.025	0	3.52645	-0.335815	215.832	
1.65111	0.025	0	25.8583	-12.7066	200.005	
6.68234	0.025	0	3.03719	1.26437	225.145	
6.07067	0.025	0	22.0965	-5.65645	230.147	
2.31914	0.025	0	16.1697	-3.01266	208.434	
9.26628	0.025	0	19.4341	-7.71393	206.726	
0.661521	0.025	0	-77.7431	-4.98353	164.707	
1.2926	0.025	0	30.4811	22.1754	209.591	
1.37968	0.025	3.14159	-97.5568	-12.1965	172.881	
7.45458	0.025	0	30.6568	-8.64361	205.719	
10.7744	0.025	0	-29.8902	-6.02483	219.809	
3.1729	0.025	3.14159	42.3923	4.69832	191.144	
8.6422	0.025	0	12.571	-6.6113	222.269	
6.35991	0.025	0	13.5365	-3.93694	187.379	
4.92479	0.025	3.14159	-52.2863	3.95419	158.607	
8.23573	0.025	0	-7.75545	-6.04799	181.673	
6.3361	0.025	0	9.65492	-9.24143	201.142	
1.88492	0.025	0	34.3531	-5.67248	208.679	
0.515427	0.025	3.14159	-41.5398	7.9569	194.985	
1.63924	0.025	0	-4.15221	-2.3651	149.757	
2.10928	0.025	0	-45.883	14.1804	157.491	
1.29626	0.025	0	-33.8889	14.8259	181.646	
4.43476	0.025	0	1.08944	-1.15351	221.804	
7.84078	0.025	0	10.6222	2.5981	208.759	
0.623837	0.025	0	-104.566	15.24	172.258	
1.55592	0.025	0	-16.5696	11.8492	174.189	
11.8776	0.025	0	29.6476	-1.32352	233.698	
0.151982	0.025	0	2.62253	10.6236	282.079	
1.14419	0.025	3.14159	58.2723	1.94823	265.571	
0.713749	0.025	0	-93.1691	4.34373	155.804	
0.543964	0.025	3.14159	42.3828	12.7477	254.116	
5.43378	0.025	0	36.3732	1.38441	172.104	
7.08299	0.025	0	-10.116	11.453	222.301	
4.7696	0.025	3.14159	21.6578	-7.41548	187.536	
12.8689	0.025	0	-3.86688	-3.55362	213.095	
6.42712	0.025	0	26.8622	16.1801	218.38	
1.89307	0.025	0	-32.5523	7.01247	193.549	
3.5105	0.025	0	-6.96324	16.9795	202.043	
6.55101	0.025	0	68.6458	3.38089	193.59	
4.5656	0.025	0	3.00878	2.09869	195.512	
0.441831	0.025	3.14159	76.6422	-9.05376	239.393	
0.184145	0.025	3.14159	-113.717	0.239459	252.617	
17.731	0.025	0	18.034	0.0626724	256.497	
11.7289	0.025	0	29.8531	-5.85832	228.375	
8.62378	0.025	0	23.6313	-4.46395	250.118	
5.28154	0.025	0	-2.79843	-5.99006	194.584	
0.319048	0.025	3.14159	25.3124	-0.193123	264.665	
11.5964	0.025	0	27.6567	1.0193	217.234	
1.8097	0.025	3.14159	-12.2552	-15.2981	182.911	
1.93969	0.025	0	7.35873	4.26696	213.386	
10.191	0.025	0	12.5548	-2.89633	199.933	
5.51358	0.025	0	-4.64376	-5.96015	188.697	
10.5145	0.025	0	-2.17526	-0.203519	244.073	
8.73556	0.025	0	20.0596	13.5764	163.23	
4.78458	0.025	0	-36.3738	-3.73323	142.687	
8.90441	0.025	0	26.1648	-3.67962	219.843	
12.673	0.025	0	9.545	-5.71428	250.515	
5.45399	0.025	0	-47.3451	6.32108	214.628	
10.6609	0.025	0	-4.62401	6.94483	206.131	
0.720582	0.025	3.14159	-52.2052	0.571181	145.214	
0.599281	0.025	3.14159	32.8712	-31.1629	258.298	
8.80854	0.025	0	-50.742	6.24356	211.881	
1.7077	0.025	3.14159	7.70605	-11.5674	242.247	
0.625824	0.025	0	-50.8964	-31.3104	190.305	
5.45121	0.025	0	72.2757	6.42957	183.108	
17.5745	0.025	0	-5.24381	2.3818	262.536	
13.6633	0.025	0	29.2932	13.9101	245.96	
10.1216	0.025	0	-22.7731	-20.5043	226.61	
2.10447	0.025	0	44.2292	-8.73885	176.13	
4.4445	0.025	0	17.407	-6.70251	193.975	
13.0786	0.025	0	25.1923	8.67715	210.021	
11.1529	0.025	0	-25.891	-3.65406	230.848	
2.46165	0.025	3.14159	65.5002	3.26845	178.029	
1.25271	0.025	0	-43.7847	5.14859	259.888	
3.07748	0.025	0	-16.3817	8.98518	206.521	
5.56366	0.025	0	-25.1434	-4.55402	178.051	
4.45616	0.025	0	-22.0405	3.16716	222.566	
1.28501	0.025	0	3.08878	-6.01852	250.243	
7.49645	0.025	0	17.5625	6.36023	184.727	
0.591851	0.025	0	-38.0438	21.4686	130.457	
0.233074	0.025	0	-130.531	-47.1247	205.767	
3.88701	0.025	0	-6.85675	-3.85161	186.995	
1.3921	0.025	3.14159	54.3851	-12.6807	183.148	
4.06593	0.025	3.14159	49.3871	6.38155	134.964	
0.117063	0.025	0	50.5021	7.33904	111.317	
2.15267	0.025	3.14159	-47.5361	-7.85186	155.182	
4.4532	0.025	0	-36.4066	0.138379	208.013	
1.75643	0.025	3.14159	7.93858	-9.80739	226.335	
10.1035	0.025	0	-12.792	6.66571	205.623	
7.40222	0.025	0	10.647	7.94397	183.674	
6.78925	0.025	0	25.6872	5.47855	195.371	
12.7609	0.025	0	-27.2122	-7.64248	220.843	
4.70641	0.025	0	-57.739	6.5013	203.807	
1.01167	0.025	0	-162.798	1.14302	215.69	
0.299809	0.025	0	-159.421	-6.85089	154.424	
4.40162	0.025	0	-63.2694	14.0369	159.227	
2.15171	0.025	3.14159	55.1921	7.01758	194.885	
15.1859	0.025	0	-2.09108	-4.62116	259.354	
11.3554	0.025	0	-32.2372	-0.600193	254.063	
0.21188	0.025	3.14159	68.8159	6.64845	155.86	
4.66257	0.025	0	1.5918	-9.73017	192.578	
8.42878	0.025	0	-60.9182	8.3526	218.764	
9.77715	0.025	0	-37.9637	3.58858	230.74	
7.81239	0.025	0	3.69707	-8.12496	187.836	
10.4763	0.025	0	-5.08438	-14.1082	189.698	
6.91852	0.025	0	61.2083	10.3262	206.828	
2.53739	0.025	3.14159	30.4034	-3.83219	213.009	
7.52357	0.025	0	16.1571	-0.889443	201.562	
7.9958	0.025	0	-10.1923	-8.90124	186.923	
1.91196	0.025	0	31.2666	7.10886	191.239	
7.99833	0.025	0	-72.7383	5.41766	198.851	
0.640815	0.025	3.14159	-52.3578	12.5401	177.075	
1.13729	0.025	0	4.87309	-7.45604	172.947	
9.09843	0.025	0	18.9445	5.00348	200.15	
1.9076	0.025	3.14159	-13.7847	3.32441	210.931	
5.04828	0.025	3.14159	13.9748	-2.32725	182.512	
4.88224	0.025	0	-46.2159	13.5355	203.367	
8.90859	0.025	0	-13.4305	4.39499	180.963	
1.65522	0.025	3.14159	36.9223	-8.24767	272.276	
1.63147	0.025	3.14159	-17.4708	-8.82658	250.68	
10.0345	0.025	0	10.8243	1.9166	195.263	
6.44665	0.025	0	19.5848	-8.56747	201.725	
11.2241	0.025	0	-18.9948	6.05895	221.025	
3.18802	0.025	0	18.5694	-2.32431	178.736	
0.224826	0.025	3.14159	155.056	17.3806	149.609	
7.84875	0.025	0	-20.0613	8.38684	191.17	
0.295005	0.025	0	-135.12	-25.5564	116.183	
1.42552	0.025	0	-0.327695	18.6543	197.482	
4.811	0.025	3.14159	0.270652	3.92504	173.176	
7.32164	0.025	0	-5.45105	0.196362	195.624	
12.031	0.025	0	5.66615	2.71641	249.773	
5.30387	0.025	0	28.4031	-0.554444	175.478	
7.38823	0.025	0	-38.7428	-3.84591	201.459	
3.10113	0.025	0	16.0793	-6.08996	160.492	
7.99123	0.025	0	9.86827	-8.94165	211.284	
5.19275	0.025	0	-17.311	19.854	240.906	
6.37344	0.025	0	21.3284	2.07077	200.609	
3.89223	0.025	0	14.0613	-4.49732	154.605	
4.37779	0.025	0	64.946	1.71412	178.725	
6.76947	0.025	0	13.9164	4.62662	182.536	
7.83655	0.025	0	-32.8035	-4.45206	224.897	
0.521168	0.025	0	-21.1187	-0.921528	244.061	
10.6399	0.025	0	-1.77095	-8.33204	222.853	
4.66773	0.025	0	50.1045	-10.2353	197.365	
1.78665	0.025	0	-66.6686	18.4528	214.95	
2.81922	0.025	3.14159	40.4099	-0.604826	211.236	
8.70394	0.025	0	12.6732	-3.1743	221.953	
5.76602	0.025	0	-23.084	3.87646	197.773	
8.68383	0.025	0	-18.2144	4.4796	178.368	
11.6826	0.025	0	38.0408	-8.92356	209.766	
9.07722	0.025	0	-11.946	-7.36239	193.736	
3.48517	0.025	0	57.4254	13.2798	203.522	
4.32693	0.025	0	48.0198	13.4404	134.673	
12.5146	0.025	0	17.6149	-8.99956	240.264	
1.17936	0.025	0	67.8695	-4.41258	221.641	
0.689777	0.025	0	41.7666	10.8063	191.473	
0.640364	0.025	3.14159	-2.05104	4.53142	174.217	
0.56296	0.025	0	-158.674	-1.1062	273.562	
6.68886	0.025	0	78.2593	-14.6658	166.431	
2.41398	0.025	0	-10.5151	-1.36385	248.977	
3.53823	0.025	0	-18.2468	-6.98452	149.818	
0.13386	0.025	0	-129.648	4.14433	253.151	
0.666493	0.025	0	42.1159	14.1852	273.408	
8.36101	0.025	0	10.8945	3.01597	187.638	
7.71501	0.025	0	29.6851	-5.82391	178.688	
10.2741	0.025	0	39.2501	-7.84182	161.81	
0.898014	0.025	0	-0.577872	-5.01919	156.771	
6.61621	0.025	0	11.9168	-1.59249	210.111	
0.296951	0.025	0	11.1104	-8.61692	194.606	
1.36327	0.025	0	-5.72095	-11.0441	195.85	
0.983685	0.025	0	-5.58834	10.6243	169.76	
1.46098	0.025	0	-4.36548	-8.25369	202.052	
3.92213	0.025	0	-29.7028	-14.0635	156.397	
3.13016	0.025	0	18.9797	7.51647	224.213	
3.79813	0.025	3.14159	-27.3666	4.54015	206.885	
0.70276	0.025	3.14159	7.0739	10.478	188.092	
2.88389	0.025	0	12.0174	4.50637	196.754	
8.82007	0.025	0	-5.12305	-1.04986	211.545	
8.02516	0.025	0	1.74885	8.28351	194.745	
1.01518	0.025	0	-41.9031	4.24536	214.427	
5.15968	0.025	3.14159	39.1012	-2.59711	184.656	
1.70112	0.025	0	-28.4221	-9.45624	195.324	
4.65507	0.025	0	-34.2254	-9.67612	167.396	
1.19244	0.025	0	-49.6541	19.9646	255.77	
0.875335	0.025	3.14159	66.9614	8.93844	223.177	
4.88846	0.025	3.14159	-49.0695	-0.111751	174.678	
4.12932	0.025	0	4.33441	21.6852	185.106	
5.60974	0.025	0	82.8109	13.3727	187.964	
9.38065	0.025	0	17.046	8.67934	212.626	
6.93752	0.025	0	6.24954	7.90403	203.784	
0.564663	0.025	0	-89.5145	-21.6919	146.609	
8.65086	0.025	0	-10.5825	4.4795	196.256	
0.14713	0.025	3.14159	13.2067	16.3332	118.695	
0.460966	0.025	3.14159	51.6679	5.12826	213.649	
12.6919	0.025	0	-41.0344	0.0453169	251.812	
11.9565	0.025	0	-6.80394	9.51287	222.746	
9.59173	0.025	0	-0.870997	0.0381148	167.488	
2.20922	0.025	0	47.4852	-4.42934	167.875	
0.700496	0.025	3.14159	59.6066	-0.492978	198.775	
1.7013	0.025	0	48.9455	6.83212	226.318	
9.57489	0.025	0	14.3633	-1.97205	195.026	
2.45642	0.025	3.14159	24.4742	14.6251	207.021	
2.44007	0.025	3.14159	26.3179	-1.8566	201.322	
7.27629	0.025	0	-23.969	-2.77154	146.025	
9.9049	0.025	0	-17.934	-13.9382	207.252	
5.48999	0.025	0	4.4872	-13.8954	190.903	
0.333853	0.025	3.14159	-167.949	-35.8561	189.803	
10.1425	0.025	0	-8.58325	-6.92658	221.246	
11.3416	0.025	0	-35.8669	-3.1597	214.435	
1.73779	0.025	0	-36.8159	-0.550716	197.524	
10.2174	0.025	0	-23.1876	3.64861	189.918	
1.08593	0.025	3.14159	-53.529	11.0544	155.233	
1.61433	0.025	3.14159	36.9111	11.4562	256.734	
9.8494	0.025	0	30.7087	3.09766	212.505	
4.43757	0.025	3.14159	46.2597	14.9043	169.866	
8.35392	0.025	0	15.4899	-1.87639	222.904	
0.48819	0.025	3.14159	-10.2497	1.24474	168.79	
0.0908436	0.025	3.14159	-58.8459	-7.5595	127.71	
8.59301	0.025	0	24.0807	-11.5585	207.813	
4.95341	0.025	0	34.3887	2.29551	181.207	
3.24204	0.025	0	52.4766	5.99932	192.447	
6.03499	0.025	0	-11.0608	1.54629	194.601	
14.8262	0.025	0	-20.2787	-13.2086	242.447	
14.9253	0.025	0	-2.15003	8.66932	249.444	
1.04295	0.025	0	-21.5476	-9.55435	206.758	
1.13919	0.025	0	-41.7685	11.1479	180.234	
0.128985	0.025	0	19.4292	7.88312	111.856	
10.93	0.025	0	-22.7484	-5.60131	213.543	
8.0678	0.025	0	63.993	-18.2545	185.004	
3.76764	0.025	0	-27.7458	0.0146989	195.861	
0.326911	0.025	0	106.503	41.4566	141.387	
4.26235	0.025	0	-23.0861	19.8303	217.613	
4.97738	0.025	0	21.8602	6.81697	195.422	
9.9976	0.025	0	-14.2052	0.786653	210.263	
2.3587	0.025	3.14159	59.6721	-5.2679	200.781	
9.53817	0.025	0	21.6015	2.48945	183.82	
4.61664	0.025	0	-4.67329	1.23558	173.82	
3.53191	0.025	0	22.373	-1.31326	169.422	
7.23169	0.025	0	34.7956	0.471706	201.711	
9.81957	0.025	0	-4.74126	9.34055	216.342	
8.82385	0.025	0	7.73046	3.35208	190.482	
4.12932	0.025	3.14159	2.80012	-7.83444	153.058	
6.76284	0.025	0	-3.40419	-11.7921	190.351	
0.880234	0.025	0	-19.4671	24.6626	209.653	
2.50174	0.025	0	7.59947	4.04314	206.206	
0.851443	0.025	0	62.1784	-12.7297	158.262	
1.06847	0.025	0	53.3496	14.3851	261.126	
0.274688	0.025	0	-127.968	-8.5531	166.678	
0.506437	0.025	0	-86.5311	9.08797	258.149	
1.0919	0.025	0	17.7936	-24.8465	201.507	
5.44687	0.025	3.14159	45.3713	7.87311	180.471	
0.490742	0.025	3.14159	72.8025	33.2708	197.179	
1.58753	0.025	0	7.62977	-2.34969	203.788	
4.83073	0.025	0	16.8913	-2.47382	177	
5.99302	0.025	0	-58.2614	-3.74961	196.873	
1.8845	0.025	0	-29.9209	-13.0103	223.843	
8.87447	0.025	0	-12.3005	2.5761	220.413	
1.35441	0.025	3.14159	-17.0968	-8.68463	229.665	
7.74254	0.025	0	-23.2264	2.93479	166.615	
13.5966	0.025	0	-48.2194	9.62309	185.032	
11.1254	0.025	0	38.3309	4.59358	216.806	
6.93232	0.025	0	27.4923	-7.2501	174.026	
0.945733	0.025	3.14159	85.5418	7.8369	120.79	
10.3045	0.025	0	-6.70547	0.860284	209.642	
9.11656	0.025	0	18.832	-2.01736	178.165	
2.22845	0.025	3.14159	12.2299	1.90982	241.275	
2.98435	0.025	0	-17.0234	3.18097	178.256	
3.34134	0.025	0	-30.2417	7.6224	186.019	
8.40603	0.025	0	21.818	4.11415	237.288	
1.31083	0.025	0	57.6846	17.7328	189.14	
5.93393	0.025	0	-25.1095	-7.54076	220.047	
0.110301	0.025	0	119.637	24.3641	215.744	
5.04452	0.025	0	13.9139	-3.97463	199.314	
1.89463	0.025	3.14159	-1.97068	0.530193	177.981	
3.03081	0.025	0	-0.93681	0.7111	200.351	
14.7259	0.025	0	36.9124	3.14233	192.769	
4.28452	0.025	0	6.92907	4.26365	171.87	
7.74468	0.025	0	-4.07505	-8.49544	197.001	
10.0041	0.025	0	39.7436	-2.97652	215.722	
7.58751	0.025	0	-18.9011	-12.2547	218.317	
7.15029	0.025	0	-2.29178	7.37442	233.849	
0.647159	0.025	0	14.3154	3.9533	196.602	
7.61223	0.025	0	6.16582	7.01613	222.365	
4.22637	0.025	0	-12.5257	-9.05644	190.324	
11.1689	0.025	0	-21.3367	10.4473	232.329	
9.19649	0.025	0	-22.9913	11.376	202.81	
1.53676	0.025	0	-4.15389	30.9288	251.339	
6.74304	0.025	0	-36.5909	15.111	220.029	
0.50549	0.025	3.14159	-24.8199	5.14999	196.32	
9.1356	0.025	0	65.1788	1.15651	211.423	
5.4476	0.025	0	19.0203	11.9579	184.121	
0.920959	0.025	0	-9.49382	-17.0878	212.402	
0.544055	0.025	3.14159	0.259604	-10.1402	216.979	
0.409735	0.025	3.14159	-5.8663	36.4174	300.095	
2.46787	0.025	3.14159	-31.3498	-4.46565	165.194	
1.71933	0.025	3.14159	28.273	-7.3763	185.509	
8.16743	0.025	0	2.81129	1.69969	235.628	
6.61949	0.025	0	-22.6237	6.33631	189.212	
5.0062	0.025	0	-10.2335	12.363	204.726	
2.33626	0.025	0	7.35848	12.3873	211.567	
5.31992	0.025	3.14159	2.38588	7.71615	182.04	
0.937439	0.025	0	16.4077	10.9787	214.82	
0.658319	0.025	0	55.9277	20.3081	124.15	
1.81785	0.025	3.14159	-29.6248	9.78715	216.645	
2.31549	0.025	0	0.670699	-10.5712	195.812	
10.6712	0.025	0	-35.7928	4.96202	211.5	
2.15707	0.025	0	5.18023	22.1906	168.672	
7.77304	0.025	0	-46.865	5.34266	177.285	
5.16976	0.025	0	-31.9582	1.75305	222.804	
1.49658	0.025	0	-28.2853	15.1009	232.798	
5.98202	0.025	0	-3.85684	22.4671	202.727	
0.444376	0.025	3.14159	-18.9599	15.0052	153.063	
3.80581	0.025	3.14159	-70.6376	18.7992	177.764	
7.40001	0.025	0	-6.35757	3.75284	177.361	
4.25796	0.025	3.14159	5.53159	-4.05923	180.221	
10.9374	0.025	0	-33.4348	1.7008	242.057	
9.43201	0.025	0	17.5914	-3.09738	180.25	
6.41302	0.025	0	2.7048	-1.8276	184.973	
9.61672	0.025	0	0.610582	-2.83402	191.916	
0.299182	0.025	3.14159	85.3187	23.0772	197.46	
0.0864893	0.025	0	-114.552	-41.5116	-140.995	
12.6043	0.025	0	23.1467	-10.2136	228.589	
1.2311	0.025	0	31.1336	-5.65324	192.848	
8.56142	0.025	0	-76.2729	2.6523	216.587	
7.13922	0.025	0	-19.8526	5.37898	198.637	
6.2903	0.025	0	26.2717	-11.893	210.562	
11.8517	0.025	0	-1.40116	-13.6835	233.344	
3.70022	0.025	0	-18.6144	9.33994	189.004	
10.248	0.025	0	-1.75776	-3.19834	215.154	
10.636	0.025	0	-19.1906	-7.62711	222.31	
7.34961	0.025	0	-48.3444	24.6556	229.275	
0.497867	0.025	0	94.0015	19.1789	145.744	
11.6252	0.025	0	67.5967	5.63623	190.276	
3.79543	0.025	3.14159	3.83169	7.67099	134.088	
4.12211	0.025	0	8.36017	3.01861	183.926	
1.17423	0.025	3.14159	5.08583	-4.1279	201.667	
4.69564	0.025	0	-15.8579	-7.55847	202.411	
6.52084	0.025	0	-36.527	-4.31335	186.16	
1.27484	0.025	0	-20.6162	8.90333	212.556	
0.50821	0.025	0	-18.889	-2.4228	84.1899	
9.78067	0.025	0	-18.7325	8.79773	196.43	
1.32554	0.025	3.14159	-125.622	3.82256	216.149	
0.49622	0.025	3.14159	51.0471	8.26035	105.71	
6.31843	0.025	0	15.3554	1.71584	167.998	
8.64021	0.025	0	16.0093	-6.98442	205.677	
8.37223	0.025	0	7.1175	13.6151	203.287	
8.75304	0.025	0	-6.2976	7.88003	183.021	
9.21545	0.025	0	-2.96774	-2.46996	206.745	
3.65013	0.025	0	-26.0445	-0.0334819	215.376	
1.77567	0.025	0	-60.2917	9.7369	224.431	
0.464581	0.025	3.14159	9.51817	25.0178	226.462	
5.32643	0.025	0	9.94721	-0.856636	194.146	
7.63411	0.025	0	-13.2497	-3.31962	213.799	
1.04191	0.025	0	36.0686	-13.5245	265.908	
3.21325	0.025	0	-1.83085	13.2171	147.01	
4.34978	0.025	0	0.89481	-1.78918	205.109	
3.91596	0.025	3.14159	-18.722	-12.9025	238.173	
3.25205	0.025	0	36.109	-8.36762	172.134	
9.54381	0.025	0	66.2718	1.78321	179.309	
1.64294	0.025	0	53.2156	5.62865	268.065	
0.175328	0.025	3.14159	-63.1446	-45.952	254.108	
1.54577	0.025	0	-40.9073	9.38579	209.599	
0.572535	0.025	0	-41.1041	5.34537	182.623	
6.45561	0.025	0	-39.2051	-8.15581	193.72	
9.33523	0.025	0	2.42971	-5.6101	175.283	
4.61277	0.025	0	-15.0507	0.547903	159.713	
1.80197	0.025	0	16.2409	6.9386	153.253	
6.21564	0.025	0	20.9891	-9.7225	206.306	
0.250064	0.025	0	-42.5424	23.5551	240.119	
5.57783	0.025	0	1.80352	0.452627	208.202	
7.66019	0.025	0	-25.9424	5.37116	201.787	
0.640805	0.025	3.14159	118.135	-8.43834	242.862	
12.5988	0.025	0	-1.73944	1.77971	208.192	
0.493665	0.025	3.14159	140.414	10.8487	126.694	
0.94649	0.025	0	27.7881	-25.2747	196.57	
0.607227	0.025	3.14159	-37.1621	6.56374	287.756	
7.08435	0.025	0	-22.5489	0.0481272	212.812	
0.295904	0.025	3.14159	-14.0197	-13.2272	291.873	
1.38181	0.025	3.14159	-58.0343	-5.56029	240.674	
2.79625	0.025	0	43.2823	11.4733	246.342	
12.3236	0.025	0	-21.3011	-1.21405	229.264	
4.49061	0.025	0	42.9802	10.4845	211.791	
12.1304	0.025	0	66.4261	7.35659	201.854	
0.371801	0.025	3.14159	-11.2386	-6.60129	149.581	
10.164	0.025	0	9.67794	-10.2713	200.692	
4.09486	0.025	3.14159	-10.0349	5.49331	210.34	
1.15889	0.025	0	21.4135	-24.8568	133.35	
16.9697	0.025	0	-30.6989	5.30777	224.997	
0.170976	0.025	0	-102.562	-25.8506	114.978	
0.813402	0.025	0	-23.2589	-6.3919	199.214	
14.0882	0.025	0	-4.83418	-3.95456	232.288	
6.83794	0.025	0	-1.0519	-2.61769	202.457	
0.728408	0.025	0	78.3144	3.99309	185.56	
0.983924	0.025	0	90.6526	5.01059	145.008	
0.178321	0.025	0	-41.816	5.38231	146.62	
8.36232	0.025	0	-38.7451	-8.02657	216.807	
0.414326	0.025	3.14159	64.9713	-12.4955	302.898	
2.4166	0.025	0	-1.80812	-6.54427	171.247	
0.297164	0.025	0	38.5396	3.0974	143.021	
4.76157	0.025	0	-24.9861	-3.34535	211.236	
2.46506	0.025	0	-27.8343	9.28858	200.413	
6.70011	0.025	0	16.5727	-5.95232	208.708	
3.03849	0.025	3.14159	-5.20075	-8.07178	217.22	
1.36447	0.025	0	-85.5295	-2.58976	243.106	
3.197	0.025	0	5.24713	-9.39048	204.294	
6.18267	0.025	0	-10.7324	1.13194	157.014	
6.15293	0.025	0	23.6164	4.95216	194.044	
12.0295	0.025	0	45.385	2.91886	194.66	
0.214892	0.025	0	126.021	22.3912	199.04	
1.47409	0.025	0	-50.6334	2.87358	187.023	
1.54665	0.025	0	35.4393	-1.41656	162.64	
8.7525	0.025	0	-16.3333	2.96897	179.898	
3.74715	0.025	0	-12.2672	-4.14405	189.534	
0.185179	0.025	3.14159	84.2413	22.7527	200.001	
8.54856	0.025	0	-44.1516	-1.9896	175.041	
7.70225	0.025	0	37.4529	-5.52973	212.085	
1.30743	0.025	0	-94.7719	1.01571	202.371	
11.3619	0.025	0	-5.20633	-9.3379	192.226	
1.70654	0.025	3.14159	5.77977	15.7799	252.594	
0.633447	0.025	3.14159	-76.7254	-26.2447	175.551	
3.16404	0.025	0	-10.2366	-5.70723	142.599	
1.49697	0.025	0	56.4044	17.0911	208.32	
5.62987	0.025	0	37.2353	5.89873	157.374	
8.51637	0.025	0	40.4749	-0.427397	173.337	
3.53993	0.025	0	-6.69274	-8.39303	216.815	
8.3723	0.025	0	8.87128	-0.261468	199.037	
9.33291	0.025	0	-3.32468	-9.73288	193.557	
7.8286	0.025	0	36.1258	-0.994311	189.17	
15.5112	0.025	0	6.94918	-7.21721	263.735	
12.8468	0.025	0	20.7494	5.89375	219.896	
10.562	0.025	0	21.7873	-9.12534	236.302	
0.906168	0.025	0	-85.5717	-11.4408	225.673	
0.091492	0.025	3.14159	-78.0947	-38.6351	75.6012	
0.469886	0.025	0	-78.4491	-30.0582	152.842	
4.25775	0.025	0	-4.80557	-1.3849	205.637	
11.8389	0.025	0	5.09089	5.22949	203.503	
12.5302	0.025	0	51.8806	-5.65331	225.15	
2.61744	0.025	0	28.2298	8.71302	183.692	
2.59166	0.025	3.14159	53.6958	0.656119	159.286	
15.0568	0.025	0	22.4007	0.876958	224.891	
6.38565	0.025	0	-30.3119	16.0506	181.27	
9.85915	0.025	0	-7.87631	5.73715	197.374	
5.71667	0.025	0	-27.1336	8.16613	152.135	
8.63516	0.025	0	-11.4651	-4.19577	226.552	
3.17834	0.025	3.14159	2.22153	1.85955	211.611	
5.21459	0.025	0	50.3904	-6.19193	197.846	
0.392216	0.025	0	74.5653	-7.28805	247.375	
7.20758	0.025	0	-22.0721	-0.168465	181.292	
11.4084	0.025	0	14.065	16.1332	191.103	
7.58066	0.025	0	17.0172	6.67893	201.084	
1.12655	0.025	3.14159	-46.9583	-30.8517	245.062	
0.126044	0.025	3.14159	130.722	20.1142	86.2893	
10.4197	0.025	0	0.342213	-5.68113	215.406	
0.916283	0.025	0	-114.848	4.58529	167.192	
1.06797	0.025	0	14.7644	-10.4338	255.359	
7.94484	0.025	0	-32.0827	2.12855	196.339	
10.2682	0.025	0	7.85084	1.24606	246.111	
0.698193	0.025	3.14159	28.9225	0.48589	172.884	
10.0076	0.025	0	29.7365	6.98383	252.444	
1.56195	0.025	0	-106.127	15.6559	179.596	
2.12188	0.025	3.14159	-56.0606	-5.08316	168.844	
0.706487	0.025	0	104.75	-0.907247	188.862	
3.35895	0.025	3.14159	31.0344	7.38902	145.802	
2.53887	0.025	0	21.4263	2.16208	210.383	
11.8768	0.025	0	1.75177	-6.10661	211.867	
7.10454	0.025	0	-17.6614	-4.59728	223.871	
1.99652	0.025	3.14159	-40.8178	-3.94703	223.904	
3.94153	0.025	3.14159	-12.1553	-5.98067	193.98	
12.2692	0.025	0	39.0176	-7.0694	213.625	
0.650375	0.025	3.14159	-1.92914	18.2168	285.124	
4.72129	0.025	0	19.8715	-17.4255	151.233	
1.23628	0.025	3.14159	-109.916	-0.820481	187.489	
0.935307	0.025	0	80.7336	-4.3286	218.863	
6.35689	0.025	0	4.21812	-16.9482	194.78	
0.332467	0.025	0	34.8707	-3.01528	251.028	
3.10609	0.025	3.14159	-34.9162	0.988443	211.287	
1.23641	0.025	0	52.2925	-12.6167	195.863	
0.864225	0.025	0	-131.195	-7.83332	260.227	
0.812779	0.025	0	64.2743	0.828295	107.724	
10.5977	0.025	0	25.311	-8.31421	188.138	
1.09333	0.025	0	-14.0837	4.67954	216.299	
9.1211	0.025	0	-12.8723	1.92687	188.856	
6.50881	0.025	0	22.3268	8.55136	177.747	
10.3853	0.025	0	9.64329	4.5882	167.418	
8.59365	0.025	0	59.5478	6.91991	158.625	
6.08721	0.025	0	-40.5132	2.66251	209.081	
3.49068	0.025	3.14159	24.4609	3.09983	159.551	
0.67624	0.025	0	-69.6682	-24.3457	209.162	
0.111916	0.025	3.14159	6.37538	-103.465	302.671	
0.125534	0.025	0	156.531	0.315879	212.336	
1.29426	0.025	3.14159	-77.1108	-13.9271	197.695	
1.65944	0.025	0	-28.047	1.09846	214.594	
13.4954	0.025	0	-22.5046	1.38533	217.761	
23.612	0.025	0	16.189	-3.42232	235.628	
4.21392	0.025	3.14159	-17.4653	16.7494	212.891	
9.72212	0.025	0	2.41952	12.1142	227.803	
0.526416	0.025	0	-12.6097	31.4972	242.629	
8.89711	0.025	0	1.03143	-0.144084	214.444	
0.15297	0.025	0	-233.129	-16.9818	136.043	
6.23385	0.025	0	4.08159	3.15955	187.195	
3.01277	0.025	0	-1.11715	-3.27081	179.133	
5.79701	0.025	0	32.0103	16.6775	207.628	
10.8028	0.025	0	29.1611	-2.40906	195.102	
8.4981	0.025	0	4.23874	4.00962	202.618	
9.50904	0.025	0	27.7544	1.20159	255.463	
2.56413	0.025	0	-67.6924	1.84889	191.34	
8.80799	0.025	0	-3.18109	-15.9961	191.89	
5.13358	0.025	0	32.5425	3.26552	207.651	
0.630558	0.025	0	-62.8187	-16.7921	216.541	
9.64327	0.025	0	-0.610067	5.30992	238.826	
9.16509	0.025	0	-21.0119	-1.48418	185.784	
0.918633	0.025	0	19.8453	-24.4469	240.851	
9.14811	0.025	0	-17.0934	-8.43163	226.017	
10.2028	0.025	0	-31.1913	10.5413	233.604	
14.2017	0.025	0	16.1996	0.776782	202.654	
2.98728	0.025	0	22.5109	-9.38146	222.717	
5.01733	0.025	0	13.229	-1.1432	230.466	
3.3902	0.025	0	-0.855485	7.64394	192.183	
12.1446	0.025	0	-30.5127	-6.24241	262.036	
0.949703	0.025	3.14159	-44.65	8.11253	216.297	
3.01695	0.025	0	-87.0525	1.95666	149.285	
0.567286	0.025	0	-89.2625	11.235	191.163	
5.47994	0.025	0	41.8291	-1.61338	240.54	
13.047	0.025	0	2.32703	0.276886	219.727	
4.08487	0.025	0	-58.6124	-8.35748	220.115	
1.01516	0.025	0	-26.0406	8.32411	258.112	
5.71158	0.025	0	-3.9204	-8.6912	158.101	
11.5284	0.025	0	25.3201	-1.65844	219.731	
6.78364	0.025	0	-0.721767	2.21294	177.132	
0.198305	0.025	0	100.476	0.000766575	215.805	
0.722211	0.025	0	86.1018	4.24263	219.633	
11.4372	0.025	0	-12.973	9.4487	223.443	
2.52609	0.025	0	39.7578	-12.7419	179.884	
2.81985	0.025	3.14159	6.9184	-5.88172	153.448	
5.45974	0.025	0	27.6483	11.5597	161.864	
5.53194	0.025	0	34.5349	18.882	180.401	
3.35316	0.025	0	38.559	4.19592	217.745	
7.29923	0.025	3.14159	1.06252	-5.23798	181.45	
5.49449	0.025	0	-1.77894	4.25016	162.62	
2.34204	0.025	0	2.64076	-15.8982	163.001	
8.16203	0.025	0	9.95434	-6.71517	216.495	
0.876479	0.025	0	-48.2359	3.78711	193.136	
6.51674	0.025	0	-16.8412	0.430453	203.652	
5.85049	0.025	0	24.6673	-9.58103	147.556	
2.38608	0.025	0	-72.1053	-19.0545	160.457	
0.0774115	0.025	3.14159	10.5792	12.6853	147.102	
10.621	0.025	0	18.9472	-5.53455	188.76	
11.0875	0.025	0	-18.6331	2.83805	175.174	
1.27245	0.025	3.14159	42.7683	13.8541	229.238	
4.12777	0.025	0	-16.4645	7.83308	202.977	
1.53471	0.025	0	24.9143	16.8684	212.907	
3.73026	0.025	0	-28.7067	-8.14913	185.088	
1.8689	0.025	0	-4.89416	18.5452	170.884	
1.00286	0.025	0	-70.3216	-26.8692	184.701	
25.4974	0.025	0	-48.344	-3.63082	244.653	
0.257072	0.025	3.14159	76.3958	27.8074	235.19	
2.26222	0.025	3.14159	3.85283	-1.40466	210.506	
4.45515	0.025	3.14159	-14.2298	-1.05038	161.271	
1.19326	0.025	0	0.594813	20.7304	182.264	
1.70435	0.025	0	-8.5623	-4.10264	215.347	
3.33385	0.025	0	10.2551	-7.84476	198.465	
8.41556	0.025	0	-21.8463	17.0291	235.306	
8.84767	0.025	0	70.8519	1.86669	223.233	
0.194602	0.025	0	-95.1118	-23.5929	274.028	
2.01986	0.025	0	-6.14046	22.7851	228.358	
4.25436	0.025	0	36.2577	-1.37194	195.169	
3.60316	0.025	3.14159	-32.7309	6.99409	161.459	
5.21128	0.025	0	70.7769	1.05215	181.521	
5.29598	0.025	0	-1.55762	-0.719399	156.861	
6.81702	0.025	0	10.4387	5.08323	224.43	
1.10834	0.025	3.14159	-110.1	3.82566	205.996	
6.89903	0.025	0	21.2776	-7.61076	196.547	
11.1699	0.025	0	5.72434	-4.88597	224.41	
11.623	0.025	0	15.6339	4.08109	246.52	
6.74435	0.025	0	-34.5238	-5.67979	215.187	
1.65833	0.025	0	45.1086	-5.10245	183.796	
0.383838	0.025	3.14159	-184.103	-27.3058	189.063	
12.3234	0.025	0	-11.7463	-3.55584	217.734	
7.88009	0.025	0	19.2682	2.39112	199.817	
7.74231	0.025	0	-6.93556	-12.2014	214.289	
1.90476	0.025	0	-31.1099	6.73397	201.223	
6.75055	0.025	0	-69.4874	-5.3516	202.36	
0.460969	0.025	0	93.4939	8.80781	307.334	
8.74544	0.025	0	11.0637	-3.82977	244.242	
5.84853	0.025	0	-3.83751	8.53469	195.535	
4.21479	0.025	0	6.87798	-4.59746	201.316	
3.71816	0.025	0	-38.076	7.72389	150.541	
5.39922	0.025	0	20.4593	12.3351	172.334	
0.337274	0.025	0	27.0115	-13.9512	244.044	
7.51854	0.025	0	35.397	3.29484	191.37	
0.814966	0.025	0	58.0353	20.7548	221.332	
2.50204	0.025	0	30.9708	12.1067	175.916	
7.20665	0.025	0	-10.7282	1.45916	191.602	
1.905	0.025	0	-70.4042	10.7093	209.701	
5.26688	0.025	0	-14.6965	-5.08261	209.733	
6.62289	0.025	0	7.71785	-9.47629	176.018	
4.72625	0.025	3.14159	28.8148	-0.888	186.448	
10.817	0.025	0	-24.2479	-5.81929	233.912	
3.32321	0.025	0	-18.7367	13.2825	188.17	
1.47817	0.025	3.14159	-29.5615	-2.05543	205.126	
9.50738	0.025	0	-28.5455	10.3316	213.134	
9.88327	0.025	0	25.7266	-0.211398	217.287	
4.5385	0.025	0	-65.5819	17.7452	170.37	
2.31353	0.025	3.14159	47.7632	-6.9113	147.039	
3.00979	0.025	0	18.8027	-0.668653	156.702	
9.29242	0.025	0	-3.14903	11.5576	186.348	
1.04676	0.025	3.14159	9.16121	-12.2564	213.987	
8.48768	0.025	0	8.34708	-11.0564	228.995	
7.85746	0.025	0	16.6941	-2.3317	186.013	
2.13098	0.025	0	33.1263	-10.0339	214.773	
6.11775	0.025	0	-32.2073	-0.310543	197.739	
0.641115	0.025	3.14159	4.12562	-9.02907	133.092	
5.78736	0.025	3.14159	-4.47238	-7.66532	182.485	
9.20975	0.025	0	8.14436	-8.42518	190.407	
1.04116	0.025	0	124.656	20.098	254.29	
5.17562	0.025	0	29.8722	12.5551	207.479	
2.84104	0.025	0	12.5026	0.589073	234.374	
7.44288	0.025	0	2.32618	-3.7539	213.184	
0.886724	0.025	0	10.4811	6.28528	209.102	
7.99571	0.025	0	1.10082	5.49724	190.895	
1.12205	0.025	3.14159	34.1003	-13.139	210.079	
0.954228	0.025	0	-57.8625	14.256	220.899	
9.13018	0.025	0	30.2584	4.89967	171.021	
0.720707	0.025	0	-79.7504	-12.1761	172.056	
6.07312	0.025	0	49.179	6.05765	174.034	
19.5318	0.025	0	-28.8767	-2.77258	249.48	
2.70556	0.025	3.14159	18.7923	-1.89545	160.794	
1.29429	0.025	0	-21.496	-1.30666	167.632	
4.33681	0.025	0	-53.0371	1.72272	214.91	
1.61159	0.025	0	-55.1108	-2.6923	190.018	
5.07978	0.025	0	-14.9495	-5.35147	193.002	
0.354649	0.025	0	-10.4294	6.16393	162.936	
1.19749	0.025	0	-5.0515	-7.13244	252.791	
11.2558	0.025	0	21.7935	4.45202	197.629	
0.454833	0.025	0	-57.7449	12.4604	142.156	
0.678759	0.025	0	-39.5241	31.8875	204.949	
1.01122	0.025	3.14159	-30.9334	-5.88299	260.418	
1.85497	0.025	3.14159	26.0705	-3.34363	214.144	
5.47509	0.025	0	-0.816235	3.97087	206.858	
7.18499	0.025	0	91.6899	3.36824	173.398	
6.99131	0.025	3.14159	16.5683	18.9159	221.601	
1.52068	0.025	3.14159	-5.52453	12.6885	151.08	
3.03729	0.025	0	22.3328	-14.4805	170.929	
1.75964	0.025	0	25.4963	-1.2376	194.511	
5.93937	0.025	0	-37.6616	-5.76436	172.634	
6.39527	0.025	0	-45.5429	-1.91248	178.446	
5.73457	0.025	0	14.3592	-11.3229	181.857	
9.99607	0.025	0	30.322	9.03899	157.589	
0.0548872	0.025	3.14159	-150.252	-118.606	126.706	
17.312	0.025	0	24.1671	-0.939715	228.668	
1.06448	0.025	0	52.7549	4.53989	230.231	
0.48908	0.025	0	-28.8684	8.57374	210.668	
2.26637	0.025	0	15.2434	15.4171	174.882	
2.10543	0.025	0	15.5398	14.4238	159.185	
0.56285	0.025	3.14159	-81.9438	9.87533	137.104	
4.91553	0.025	0	-30.35	-0.847389	176.382	
7.99806	0.025	0	8.26499	4.85904	178.216	
1.72348	0.025	3.14159	-19.5573	-6.01547	227.701	
4.85465	0.025	0	50.3873	11.9874	201.422	
4.44774	0.025	3.14159	38.31	5.9711	188.583	
0.88222	0.025	3.14159	-18.612	-17.6373	232.872	
6.7029	0.025	0	7.90715	7.03477	218.434	
13.0332	0.025	0	-2.98338	7.6109	224.563	
5.92288	0.025	0	29.4366	-5.56828	202.644	
1.15907	0.025	3.14159	-9.27326	-0.740365	156.366	
9.12754	0.025	0	-1.09495	2.48709	181.284	
6.47257	0.025	3.14159	58.8706	5.93122	185.317	
0.423461	0.025	0	-61.5949	6.12542	228.14	
11.1694	0.025	0	29.6831	8.08155	232.032	
7.03628	0.025	0	-51.9774	-4.28712	181.981	
1.02794	0.025	0	36.1038	8.84651	150.192	
6.92781	0.025	0	29.2128	-0.708418	222.926	
8.86978	0.025	0	12.2319	-8.9318	212.421	
14.4714	0.025	0	19.7801	-0.179438	242.605	
9.68435	0.025	0	-2.60846	7.78871	223.653	
11.3304	0.025	0	-27.6278	-11.5723	235.495	
2.14888	0.025	0	-40.6524	12.033	202.693	
8.22139	0.025	0	1.81918	20.804	223.736	
2.35203	0.025	0	40.5093	1.54769	214.218	
0.331155	0.025	3.14159	-96.2965	-1.75013	153.502	
9.93653	0.025	0	51.1599	8.38443	246.924	
9.64966	0.025	0	-40.1903	4.55766	162.734	
9.55592	0.025	0	-15.3912	-0.278853	225.528	
6.37845	0.025	3.14159	18.8146	-5.3613	182.691	
3.50263	0.025	0	-35.9909	-4.63618	181.613	
4.0575	0.025	0	3.96449	13.9984	187.159	
0.53375	0.025	3.14159	1.03768	14.7045	211.809	
4.17671	0.025	0	24.3039	-11.2349	244.093	
0.984513	0.025	3.14159	17.1102	-15.0994	98.7152	
1.51351	0.025	0	5.32443	-10.305	185.182	
0.588715	0.025	3.14159	79.3049	2.06423	217.001	
4.41965	0.025	0	19.4469	11.8912	225.698	
7.24576	0.025	0	23.1445	0.512937	205.436	
0.652812	0.025	3.14159	-72.4056	31.1494	235.488	
5.20017	0.025	0	43.4752	5.80704	213.009	
4.02744	0.025	0	-12.5088	-7.64232	167.14	
9.74361	0.025	0	-18.4604	6.70541	206.237	
6.16099	0.025	0	4.49338	-10.6826	160.838	
12.6884	0.025	0	-10.3893	6.9971	229.92	
5.2278	0.025	0	0.04586	-10.4948	199.573	
4.87023	0.025	0	-45.4433	3.90173	177.776	
2.68007	0.025	0	46.633	1.48924	175.108	
1.40193	0.025	0	19.1215	5.13973	207.556	
0.806138	0.025	0	-11.6046	15.8901	184.005	
4.98911	0.025	3.14159	-53.0692	7.87195	204.499	
10.2212	0.025	0	-15.9186	-2.7952	204.393	
7.70536	0.025	0	10.5053	5.17543	213.342	
13.378	0.025	0	10.9941	-14.048	195.563	
0.159408	0.025	0	184.64	39.9058	184.469	
0.418563	0.025	0	-23.4951	-3.04759	176.346	
6.08612	0.025	0	-17.6227	13.9059	217.843	
3.94076	0.025	0	25.9045	-12.3005	173.092	
9.78802	0.025	0	-2.25773	-4.64123	204.152	
3.53414	0.025	0	6.15177	-19.6642	225.98	
10.1029	0.025	0	6.84993	5.41851	222.717	
6.30155	0.025	0	39.3754	14.4258	178.395	
11.4521	0.025	0	46.5033	-7.65624	237.056	
8.29295	0.025	0	10.2715	-2.59362	196.653	
10.6695	0.025	0	-11.2345	18.5089	212.947	
18.2991	0.025	0	34.4629	4.11297	237.346	
4.03694	0.025	0	72.0039	-2.81046	187.153	
3.50897	0.025	0	9.96286	20.6244	171.892	
1.32152	0.025	0	14.8521	8.50842	146.717	
1.68802	0.025	0	11.5765	3.92452	182.011	
2.69322	0.025	3.14159	-30.8479	-0.501522	201.463	
2.19457	0.025	0	58.8322	20.7412	161.911	
3.32694	0.025	0	54.6762	1.31506	186.874	
2.04909	0.025	0	17.3278	2.10929	187.482	
0.237969	0.025	3.14159	-132.782	-33.1151	242.971	
8.9158	0.025	0	-24.5668	-8.48348	206.343	
1.18144	0.025	0	-50.0656	-11.5162	180.896	
0.331371	0.025	0	-14.4225	24.3747	193.876	
2.89438	0.025	0	-19.9361	3.81281	160.825	
4.97737	0.025	3.14159	15.6944	8.6972	183.366	
4.40445	0.025	0	56.6516	-0.860617	212.944	
6.33773	0.025	3.14159	14.778	6.35659	179.202	
1.5302	0.025	0	-37.7244	-12.3024	230.16	
5.08623	0.025	0	-12.4204	-11.5304	232.826	
11.8039	0.025	0	-0.342829	-10.0786	208.261	
0.448072	0.025	0	-67.2604	-6.45914	255.233	
2.56645	0.025	0	-55.6321	2.00829	188.511	
3.73512	0.025	0	10.1587	-7.00048	125.592	
3.98894	0.025	0	26.7203	-5.74722	178.394	
1.7233	0.025	0	-30.8775	-8.27358	181.799	
0.526421	0.025	3.14159	13.1851	-0.934483	189.404	
12.2292	0.025	0	-27.1039	-3.96021	243.209	
0.0915427	0.025	3.14159	124.671	31.674	-11.2448	
9.10151	0.025	0	-12.39	-5.63685	250.406	
3.96687	0.025	0	8.08899	5.15643	158.882	
8.79113	0.025	0	26.1065	-7.06821	218.671	
0.313658	0.025	3.14159	201.573	9.9758	225.19	
1.64017	0.025	0	-96.8166	-9.1872	206.67	
12.5445	0.025	0	5.52939	9.5535	212.858	
10.2708	0.025	0	-3.98425	-3.98346	182.904	
0.000160438	0.025	0	-16.2745	32.7247	-26.3875	
4.57513	0.025	0	22.8879	-8.09857	180.981	
7.81347	0.025	0	-12.6877	0.382427	236.196	
10.9384	0.025	0	12.7648	-8.7857	244.177	
11.8923	0.025	0	-24.5621	-7.06853	202.573	
2.41126	0.025	3.14159	-34.0641	10.4803	212.15	
2.86426	0.025	0	-74.691	-13.436	140.259	
1.56634	0.025	3.14159	21.5112	-1.05255	254.69	
2.08209	0.025	0	34.6949	-16.6009	174.371	
2.98033	0.025	3.14159	-12.019	8.37483	159.669	
9.09929	0.025	0	42.0944	6.97852	192.128	
9.2521	0.025	0	-0.373292	11.7075	215.101	
3.59835	0.025	0	61.6367	7.44431	232.801	
2.48979	0.025	0	-42.8998	15.2216	156.968	
0.347319	0.025	0	-170.423	-20.1143	249.691	
8.29166	0.025	0	-7.49808	-1.27422	188.592	
1.17538	0.025	3.14159	124.984	6.64723	193.528	
13.4759	0.025	0	30.6219	-4.13559	217.147	
7.32911	0.025	0	28.5428	-10.0249	172.698	
10.1323	0.025	0	58.5737	-1.99869	212.367	
4.09859	0.025	0	-12.6784	3.01097	183.097	
4.16194	0.025	0	-25.0463	-7.0934	196.571	
2.37354	0.025	0	64.6201	0.184697	194.483	
7.98165	0.025	0	-24.4135	1.50419	218.338	
7.08666	0.025	0	44.6564	9.93618	162.942	
2.38642	0.025	0	35.3072	2.84904	241.664	
1.14538	0.025	0	28.1861	14.0165	224.035	
7.6419	0.025	0	18.4691	-7.21508	197.766	
7.27427	0.025	0	56.621	-0.542215	208.752	
0.730684	0.025	0	13.4984	9.32064	202.016	
0.550939	0.025	3.14159	-16.3955	-6.58513	162.747	
3.7045	0.025	0	0.531565	-8.44249	176.664	
0.399296	0.025	3.14159	-264.027	-11.3873	103.849	
8.25209	0.025	0	30.0729	-6.6791	209.995	
8.62599	0.025	0	41.423	-8.67123	175.259	
11.8307	0.025	0	37.1914	-7.19735	211.864	
4.81763	0.025	0	-31.6549	2.3157	183.011	
0.624156	0.025	0	118.103	4.71347	166.263	
9.02312	0.025	0	33.371	-4.66417	188.725	
1.92517	0.025	0	-6.0664	-5.57167	221.277	
1.85874	0.025	0	79.3049	-15.0955	211.659	
9.01583	0.025	0	40.6767	7.0094	181.013	
4.89922	0.025	0	73.0908	13.2799	176.694	
2.17262	0.025	3.14159	6.12557	-0.00137867	135.061	
0.441021	0.025	3.14159	-57.3529	5.92244	100.802	
3.49635	0.025	0	36.4493	-13.6459	203.047	
1.11077	0.025	0	45.5576	-11.5513	184.973	
6.78993	0.025	0	63.9275	0.841478	187.092	
0.278495	0.025	0	-50.95	-0.385813	313.122	
9.14724	0.025	0	-36.7074	-7.66589	214.927	
0.0957997	0.025	0	53.7951	-11.4606	249.522	
0.834905	0.025	0	-75.7097	-4.82534	171.535	
3.63091	0.025	0	-1.89194	16.4832	192.761	
0.890597	0.025	3.14159	80.7264	14.8034	205.895	
16.8185	0.025	0	36.865	1.48754	241.24	
6.31963	0.025	0	2.41845	-0.836709	202.795	
11.8667	0.025	0	-19.922	-3.69861	240.592	
2.18295	0.025	0	146.514	-0.883646	175.894	
13.2861	0.025	0	7.87813	-1.92823	223.121	
1.48191	0.025	3.14159	28.7197	-12.2908	167.592	
0.199327	0.025	3.14159	-0.533468	-6.43925	58.5028	
6.49842	0.025	0	-2.4977	-3.42687	156.477	
11.4536	0.025	0	5.63778	7.51328	226.661	
22.0572	0.025	0	-7.80605	1.54571	227.954	
0.554727	0.025	0	-67.4077	4.34612	232.118	
1.23446	0.025	0	-41.018	3.945	215.125	
1.67876	0.025	3.14159	-91.2897	-4.58205	197.896	
4.42432	0.025	0	31.6925	-8.13189	154.882	
10.283	0.025	0	-25.1067	-2.77799	202.309	
0.36048	0.025	3.14159	-40.5857	15.2467	174.164	
6.29408	0.025	0	32.6394	-10.8326	170.879	
1.22155	0.025	3.14159	-1.1053	2.12777	196.508	
1.34953	0.025	3.14159	-42.5581	5.94881	204.516	
11.373	0.025	0	-57.8424	-1.38508	199.404	
4.61929	0.025	0	21.9459	-7.73479	236.495	
15.2613	0.025	0	-26.5687	-7.80197	243.272	
11.2918	0.025	0	8.58347	-1.31275	194.068	
0.128574	0.025	3.14159	105.092	50.4509	257.986	
0.337611	0.025	3.14159	115.967	5.04169	52.3057	
4.89939	0.025	0	28.9859	-14.2549	173.866	
4.88111	0.025	0	-15.0683	3.80759	197.466	
12.7331	0.025	0	-12.1759	-1.58051	202.978	
16.0979	0.025	0	12.8594	-11.9822	242.843	
7.33318	0.025	0	18.117	-1.66474	211.87	
7.92825	0.025	0	4.83808	2.54	198.494	
12.3045	0.025	0	13.8476	13.7796	218.6	
3.7111	0.025	3.14159	-0.20828	17.3846	201.499	
3.36593	0.025	0	-43.9031	-0.0319675	197.411	
10.4616	0.025	0	-8.09672	6.60788	196.329	
6.77264	0.025	0	-20.0635	-7.2384	204.888	
0.787427	0.025	0	-24.3351	9.5725	144.322	
5.35469	0.025	0	45.5938	13.617	223.242	
12.2597	0.025	0	1.77055	-1.30864	233.836	
1.09391	0.025	0	92.6524	-5.27886	215.168	
1.37663	0.025	0	-5.10673	5.66393	164.425	
4.816	0.025	0	8.74603	0.800165	176.653	
14.8651	0.025	0	-3.99995	3.66341	262.218	
1.79628	0.025	0	-55.2304	-9.34064	147.796	
10.8571	0.025	0	25.818	-0.471395	223.037	
1.40037	0.025	3.14159	48.2338	-7.25769	175.026	
11.2518	0.025	0	20.7436	0.991796	221.71	
10.0661	0.025	0	25.9695	4.98118	202.972	
0.948536	0.025	3.14159	38.4931	29.7331	224.294	
1.70865	0.025	0	12.8807	7.47624	225.406	
0.492004	0.025	0	-16.6952	20.6214	289.85	
12.4366	0.025	0	-42.8283	-1.58255	255.601	
0.480617	0.025	0	77.7039	1.42208	178.068	
1.86768	0.025	3.14159	-61.7496	-2.87473	203.34	
6.39631	0.025	0	32.9782	-3.29703	197.366	
8.16031	0.025	0	33.7423	-1.90179	213.226	
7.1396	0.025	0	54.9854	-2.65924	235.273	
0.512117	0.025	3.14159	69.6165	4.84512	170.148	
0.0694702	0.025	3.14159	-106.255	-9.70953	146.202	
5.92081	0.025	0	-5.37763	-4.59499	152.234	
2.30425	0.025	0	18.355	9.87371	211.572	
2.8434	0.025	3.14159	57.656	-3.38554	182.257	
4.54746	0.025	3.14159	-17.3091	4.31674	198.02	
0.400825	0.025	3.14159	62.0916	21.785	195.845	
0.982717	0.025	0	-18.8565	-11.2657	188.936	
3.95878	0.025	0	-47.318	-0.567559	141.06	
1.56295	0.025	0	18.9328	17.3468	202.867	
1.93989	0.025	3.14159	18.1422	-0.156102	220.477	
5.21956	0.025	0	-20.5457	-5.45876	195.914	
2.73472	0.025	3.14159	37.2761	-15.2521	194.498	
7.80653	0.025	0	39.8305	-2.20199	181.206	
2.9012	0.025	0	24.2545	4.69673	219.704	
3.02957	0.025	0	-40.2132	-2.86606	200.818	
5.74039	0.025	3.14159	62.4962	-4.03369	207.223	
9.41097	0.025	0	52.1791	4.18115	218.589	
3.32757	0.025	0	-43.856	-3.50494	173.77	
3.25883	0.025	0	0.648057	6.01353	190.272	
11.9337	0.025	0	3.27396	0.808409	217.405	
0.774227	0.025	0	-44.9628	0.115177	247.283	
6.43139	0.025	0	71.5823	-3.592	192.577	
9.09703	0.025	0	33.5648	5.24851	187.118	
9.34171	0.025	0	-63.6221	-2.12307	197.331	
4.77132	0.025	0	-15.8538	-2.02619	189.471	
13.1316	0.025	0	-47.901	-0.694328	213.018	
2.07669	0.025	0	-10.491	-1.65783	228.376	
1.49875	0.025	3.14159	29.661	32.88	223.312	
0.141583	0.025	0	200.577	78.682	138.656	
5.69698	0.025	0	32.5397	-7.55295	182.512	
0.141917	0.025	3.14159	134.299	37.2309	118.039	
0.0602527	0.025	3.14159	-81.4088	-32.0579	35.092	
1.8599	0.025	0	55.2439	4.05818	159.549	
3.46026	0.025	3.14159	8.37331	5.31629	151.789	
5.35994	0.025	0	67.6262	-4.23018	215.952	
0.781397	0.025	0	-25.43	1.85669	175.689	
6.0415	0.025	0	23.5479	-4.11785	184.341	
0.560409	0.025	3.14159	-48.1428	-7.92594	148.34	
1.9824	0.025	0	27.3925	2.56771	231.4	
8.9097	0.025	0	-47.925	9.26794	219.683	
16.5122	0.025	0	-24.756	-5.545	209.886	
10.5101	0.025	0	1.47704	-7.0434	206.523	
7.88616	0.025	0	-8.09826	1.19013	204.67	
3.18633	0.025	0	-28.6153	-7.26019	174.038	
6.68451	0.025	0	15.5248	1.20726	254.764	
8.9133	0.025	0	-17.2276	-0.391051	199.314	
0.127338	0.025	0	33.8007	54.0649	227.711	
7.88518	0.025	0	-13.3381	5.22437	215.826	
4.77009	0.025	0	-10.3812	1.67005	205.235	
3.63414	0.025	3.14159	-8.96138	-15.7345	194.45	
5.57905	0.025	0	-29.0133	-1.38555	191.163	
0.386323	0.025	3.14159	105.834	0.499716	110.871	
6.21805	0.025	0	8.783	6.61525	203.153	
2.47523	0.025	0	-3.4982	5.25014	175.253	
0.219667	0.025	3.14159	-131.957	-42.371	195.129	
4.08015	0.025	0	-38.1816	-4.67769	155.565	
2.97805	0.025	0	15.1289	-1.98094	193.104	
7.90944	0.025	0	-14.4723	-0.571988	156.841	
1.83392	0.025	0	-6.96947	-10.8973	247.126	
0.750528	0.025	3.14159	-77.247	4.6497	225.811	
8.20543	0.025	0	-7.95542	2.39536	213.772	
14.7677	0.025	0	6.95754	4.52863	214.819	
1.19631	0.025	3.14159	-35.1538	-0.989802	233.867	
0.20654	0.025	3.14159	7.78453	-38.5237	245.582	
0.627563	0.025	0	-80.7853	10.5441	188.229	
4.33631	0.025	0	12.0681	4.544	222.834	
0.459284	0.025	3.14159	97.8037	-6.64756	241.613	
9.84056	0.025	0	31.1755	4.51188	224.509	
1.31521	0.025	3.14159	-20.896	0.974312	247.787	
0.300946	0.025	3.14159	-14.8372	9.96195	176.577	
3.07272	0.025	0	20.841	-8.74515	163.751	
0.253882	0.025	0	-112.806	-45.3831	258.921	
0.582672	0.025	0	54.9529	-12.6127	174.939	
6.66003	0.025	0	-7.90927	-6.83418	210.379	
10.4062	0.025	0	-49.3534	-4.33735	212.979	
6.02505	0.025	0	-13.1943	-19.8961	218.117	
3.28239	0.025	3.14159	16.8438	2.7263	182.522	
1.12947	0.025	0	48.9918	13.7967	248.324	
0.959297	0.025	0	0.0250044	7.41899	220.296	
8.41236	0.025	0	-0.510215	-10.2479	209.877	
0.436486	0.025	0	-93.1479	-10.4034	184.831	
0.24389	0.025	3.14159	-33.6607	21.1965	256.164	
0.523399	0.025	0	106.12	32.4869	226.424	
4.97682	0.025	0	15.5649	-1.69534	182.105	
1.51805	0.025	0	82.5792	11.6579	190.116	
4.02011	0.025	0	46.5135	-5.66221	151.623	
0.663199	0.025	0	-130.827	-2.24853	235.445	
3.40886	0.025	3.14159	10.7822	-18.7186	177.916	
7.65247	0.025	0	43.1034	9.29349	237.397	
9.65382	0.025	0	-10.7766	-3.17724	221.86	
0.250225	0.025	0	9.9997	2.56133	48.5021	
1.89987	0.025	0	-21.3878	-2.07973	184.369	
11.0766	0.025	0	-3.73184	-6.09261	184.126	
0.160729	0.025	0	66.6234	42.9316	217.956	
0.724172	0.025	0	25.1209	17.5812	228.642	
9.53019	0.025	0	21.5896	-5.69563	229.907	
1.44632	0.025	0	13.3544	14.2832	193.257	
2.99167	0.025	0	-5.21478	-8.56994	199.431	
8.28982	0.025	0	22.0739	6.31936	202.777	
0.452961	0.025	0	41.3968	-9.71317	229.502	
0.465869	0.025	0	130.582	-14.9501	195.23	
10.2241	0.025	0	-17.524	-12.9051	195.805	
1.24789	0.025	0	-20.0047	5.34569	226.784	
7.41806	0.025	0	-14.0827	-3.98852	205.612	
0.154959	0.025	3.14159	-110.079	-17.6651	129.195	
2.39412	0.025	0	32.5916	0.0831447	159.66	
2.22092	0.025	0	-21.6477	-6.02413	224.484	
5.00261	0.025	0	52.1803	0.806355	218.884	
1.05759	0.025	0	-58.715	7.22856	207.085	
4.21187	0.025	0	22.2654	0.399967	158.867	
3.06932	0.025	3.14159	92.8785	-10.5973	171.116	
10.5806	0.025	0	-19.087	6.70601	239.954	
5.02921	0.025	0	4.6003	12.3846	213.661	
0.233878	0.025	0	-120.782	-10.7135	-28.4638	
3.41025	0.025	0	-64.5228	-15.5176	201.374	
1.59868	0.025	0	-19.9881	1.87891	201.327	
0.673677	0.025	3.14159	-47.077	-2.11375	249.253	
2.25189	0.025	0	-40.8925	-1.04203	226.185	
2.20775	0.025	0	-92.1943	-13.7871	159.276	
1.2563	0.025	0	71.1745	11.5075	221.603	
11.1201	0.025	0	-40.2616	-9.0276	194.185	
0.472132	0.025	0	-65.6144	26.3338	214.739	
4.6382	0.025	0	-6.13076	2.09292	175.715	
5.8231	0.025	0	-7.57479	-0.182801	209.093	
5.31312	0.025	0	-2.11488	3.402	182.829	
17.4881	0.025	0	22.5407	2.23118	210.686	
4.51688	0.025	0	-39.4436	4.66432	159.476	
0.279906	0.025	3.14159	-135.465	0.41858	195.744	
0.273546	0.025	3.14159	61.4153	20.4456	196.38	
5.45561	0.025	3.14159	3.03867	16.8175	189.881	
6.68447	0.025	0	29.7774	1.69971	167.402	
2.39533	0.025	3.14159	-20.0473	-0.654821	183.747	
7.80603	0.025	0	-59.6262	-2.36081	204.064	
7.97651	0.025	0	6.17245	9.67132	193.804	
4.96769	0.025	0	26.8169	-6.48401	175.79	
0.422999	0.025	0	-7.04477	-3.03223	54.8147	
3.34312	0.025	0	-36.8027	-13.7103	179.312	
3.36448	0.025	0	-36.2843	-4.24217	158.96	
6.33441	0.025	0	27.3434	-3.16971	142.239	
7.55432	0.025	0	-15.3954	4.09646	153.452	
6.75099	0.025	0	34.3818	-12.8426	173.181	
12.4066	0.025	0	-54.2532	-9.85264	233.27	
5.93574	0.025	0	-32.8972	-3.34171	208.961	
15.9276	0.025	0	29.2101	0.546287	244.06	
1.10796	0.025	0	42.5498	10.9943	172.919	
1.02145	0.025	0	54.8552	4.66161	180.042	
10.362	0.025	0	-22.0468	-4.79433	176.328	
3.38619	0.025	0	-21.0618	4.44989	220.843	
7.37497	0.025	0	13.7762	5.64742	215.24	
6.95015	0.025	0	20.8072	-14.334	218.745	
0.585679	0.025	0	57.9485	16.6392	122.188	
4.24111	0.025	0	22.3876	0.919151	194.252	
3.72832	0.025	3.14159	32.7468	11.5736	208.513	
8.20673	0.025	0	-38.8298	1.88285	215.99	
5.99747	0.025	0	-39.1565	6.72812	164.729	
7.77872	0.025	0	-59.0233	-0.753279	199.331	
7.26393	0.025	0	-10.9287	2.70879	241.422	
3.52403	0.025	0	-5.2572	-8.36422	152.997	
0.0989515	0.025	3.14159	42.4149	18.5106	70.7905	
13.0403	0.025	0	-40.2973	-2.51594	208.632	
1.34222	0.025	3.14159	46.7941	-5.6026	204.469	
2.00657	0.025	0	76.7598	11.5083	191.716	
6.15939	0.025	0	22.505	13.4574	245.217	
10.4945	0.025	0	-52.3543	-2.82873	210.542	
11.3381	0.025	0	36.4795	-8.10024	225.641	
9.82678	0.025	0	-35.7287	-2.66644	211.338	
7.6863	0.025	0	-23.5452	-4.27638	252.359	
0.858443	0.025	3.14159	-68.5041	7.34583	190.009	
2.10226	0.025	3.14159	15.6884	-6.67886	199.084	
2.65285	0.025	3.14159	-24.1237	2.34667	240.049	
3.15294	0.025	0	-6.9527	2.39138	156.932	
3.153	0.025	3.14159	5.58431	9.16688	171.835	
8.33872	0.025	0	-14.094	-12.4126	189.81	
0.490008	0.025	3.14159	20.1247	23.8203	227.201	
10.3895	0.025	0	15.0113	0.92103	220.993	
3.14285	0.025	0	-4.37811	4.55135	211.324	
7.49972	0.025	0	14.5136	-6.31331	138.984	
14.8113	0.025	0	44.8828	-1.83757	253.107	
1.63778	0.025	0	44.3839	4.23954	234.594	
9.6619	0.025	0	-20.7518	-11.3918	177.902	
1.47125	0.025	0	19.4037	9.98395	229.808	
6.35162	0.025	0	-1.12994	-5.47601	236.629	
4.64935	0.025	0	0.436941	7.98035	155.766	
7.83732	0.025	0	-32.9227	-9.61777	210.313	
0.482075	0.025	3.14159	-40.5375	-1.25263	124.971	
1.72507	0.025	3.14159	-112.625	-7.84271	225.112	
6.81294	0.025	0	-31.2019	-5.90277	161.269	
1.11982	0.025	0	-56.5428	12.7592	222.509	
5.89437	0.025	0	0.836185	7.14435	173.171	
4.94106	0.025	0	38.7935	0.933866	157.272	
1.01601	0.025	3.14159	11.6171	-8.41426	203.51	
0.246985	0.025	0	77.3388	27.7968	137.604	
9.09544	0.025	0	5.62189	-6.49558	265.566	
11.3598	0.025	0	16.219	9.40691	182.919	
10.8063	0.025	0	-10.016	1.32125	212.177	
2.56989	0.025	0	-3.02352	5.7811	204.204	
8.09238	0.025	0	-69.5134	2.09857	186.351	
0.408233	0.025	0	62.1527	9.32259	316.905	
2.50358	0.025	0	22.0515	-3.98689	176.823	
6.66477	0.025	0	-31.9851	-12.6045	163.999	
0.51912	0.025	3.14159	64.2771	-19.2438	184.349	
5.94653	0.025	0	-22.6581	-13.5696	187.289	
8.61086	0.025	0	2.97728	-2.72542	218.388	
1.41859	0.025	3.14159	-51.2581	5.06878	184.105	
3.18022	0.025	3.14159	59.9408	11.3619	187.7	
2.32618	0.025	3.14159	-22.7726	14.4491	150.143	
4.46587	0.025	0	5.53169	2.71087	163.575	
1.25679	0.025	3.14159	-50.6153	10.9869	234.639	
1.89512	0.025	0	-1.82518	9.7357	243.929	
0.959946	0.025	3.14159	99.2139	-8.01947	142.514	
7.71231	0.025	0	-33.2388	-10.9694	196.449	
0.759544	0.025	0	-27.6293	14.436	152.52	
8.45198	0.025	0	-8.38568	-10.823	158.597	
14.5054	0.025	0	15.26	0.794637	233.375	
0.534124	0.025	3.14159	-72.5394	-7.94653	251.647	
0.590503	0.025	3.14159	184.205	-8.36002	177.343	
0.482336	0.025	0	74.6547	7.19998	229.327	
0.511509	0.025	0	37.015	7.71481	294.299	
4.49761	0.025	0	4.56321	5.37724	175.644	
0.573012	0.025	3.14159	-91.3805	16.9126	313.421	
4.28114	0.025	0	-32.612	-10.518	183.819	
6.31715	0.025	0	-26.3187	-16.4709	199.09	
1.98513	0.025	0	-7.69442	-4.06603	263.079	
4.06438	0.025	0	-31.0965	12.2504	181.139	
4.02532	0.025	0	-10.3982	-13.4303	167.509	
0.180071	0.025	0	-27.2379	-1.06869	223.281	
5.95225	0.025	0	12.5801	-15.2035	170.858	
4.66761	0.025	0	-22.9917	-0.855978	183.968	
2.00108	0.025	0	50.5047	-22.4957	225.78	
8.5582	0.025	0	13.0988	5.74596	226.152	
4.08391	0.025	0	-2.66518	-11.311	158.009	
2.45826	0.025	0	46.4268	-11.1053	187.865	
4.67862	0.025	0	-30.208	4.45116	160.003	
10.1497	0.025	0	-34.8298	-11.8412	186.834	
1.82018	0.025	0	45.2316	14.2455	201.033	
6.65698	0.025	0	36.2535	12.0541	156.616	
15.0339	0.025	0	-19.4043	1.99615	234.669	
0.635782	0.025	0	-101.977	-7.79246	292.149	
3.16736	0.025	3.14159	32.7778	4.16687	192.84	
5.94814	0.025	0	10.4946	-4.00411	196.543	
7.99176	0.025	0	24.2656	13.7891	194.498	
4.28376	0.025	0	-29.9585	3.97854	199.341	
0.0876763	0.025	3.14159	87.2833	51.9784	209.376	
4.60457	0.025	0	-12.4762	0.619288	199.496	
6.45569	0.025	0	48.5494	6.00543	200.879	
8.25823	0.025	0	33.2232	5.82851	170.488	
1.48833	0.025	3.14159	-48.7974	22.1276	241.334	
10.8387	0.025	0	-52.1647	10.3684	210.578	
7.47393	0.025	0	-16.7331	0.188984	207.342	
1.60817	0.025	3.14159	2.90573	-12.1858	214.997	
11.6136	0.025	0	-13.8299	-10.8423	192.759	
7.52857	0.025	0	-9.06558	-0.0526701	204.068	
0.654894	0.025	0	37.6125	12.7036	190.17	
0.861925	0.025	3.14159	61.4534	7.03105	260.304	
3.25717	0.025	0	-16.0042	0.114184	180.674	
0.929785	0.025	0	10.4357	11.864	268.205	
0.803308	0.025	0	-114.01	-9.05874	205.802	
8.55202	0.025	0	35.8068	-4.5006	185.047	
0.420024	0.025	0	91.1781	-2.75901	176.684	
4.52311	0.025	0	10.9968	-4.61725	162.725	
5.28408	0.025	0	6.11354	-8.56164	186.081	
8.34552	0.025	0	-26.1134	7.73661	196.633	
2.57117	0.025	3.14159	17.0697	-1.48132	243.129	
0.59863	0.025	0	62.3059	7.24696	203.085	
7.82238	0.025	0	6.06983	-2.26102	209.461	
0.473077	0.025	0	22.3823	16.4113	240.866	
1.80454	0.025	0	13.2875	11.8876	178.323	
0.410216	0.025	3.14159	7.48601	39.2236	217.575	
9.94306	0.025	0	-14.1716	9.36565	227.439	
3.97007	0.025	0	-14.4585	3.55387	175.143	
9.52427	0.025	0	-20.5163	1.70702	234.567	
2.20755	0.025	0	-39.9153	-1.25524	172.2	
4.12099	0.025	0	23.5896	-9.64279	193.04	
8.07187	0.025	0	-28.4149	-2.60474	238.013	
8.42135	0.025	0	33.6523	-2.83049	197.208	
4.40987	0.025	3.14159	13.8433	-1.64966	211.396	
1.04982	0.025	0	-18.6566	-10.2017	219.312	
9.46276	0.025	0	-23.4677	4.39719	173.237	
6.06106	0.025	0	-21.2075	4.5684	230.459	
0.881581	0.025	0	26.8652	0.0905958	185.608	
3.05802	0.025	3.14159	-36.2817	2.7274	203.134	
16.1602	0.025	0	20.0244	-6.32563	204.871	
2.1606	0.025	3.14159	-72.213	7.37169	250.407	
11.3579	0.025	0	-2.21745	1.29506	201.933	
4.22827	0.025	0	39.6855	-1.90989	155.409	
3.91307	0.025	3.14159	-56.978	-7.89364	169.949	
1.27755	0.025	0	-38.3257	-18.452	170.454	
8.75696	0.025	0	-14.8399	-6.05596	207.873	
0.653242	0.025	0	-0.936889	24.3227	239.605	
10.2399	0.025	0	-4.22584	-2.5553	171.699	
1.96543	0.025	0	75.0742	-24.5177	192.629	
0.279328	0.025	3.14159	-89.5272	-8.7894	236.603	
3.45636	0.025	3.14159	-28.9166	-3.80243	221.535	
0.723836	0.025	3.14159	-26.328	-14.8597	189.169	
6.85603	0.025	0	-27.2861	-1.55815	205.226	
3.81666	0.025	3.14159	27.3417	-2.24626	189.398	
0.413618	0.025	0	153.842	-7.63976	212.532	
0.26123	0.025	0	-60.7295	-35.5332	161.271	
4.77481	0.025	0	25.2906	0.332502	164.601	
3.09946	0.025	0	24.271	7.00689	161.707	
4.82167	0.025	0	44.0901	-3.8407	182.171	
0.448921	0.025	0	-1.50283	5.27923	183.463	
3.46296	0.025	0	-117.521	10.1358	142.911	
7.67256	0.025	0	-22.6117	-8.60342	231.436	
1.58726	0.025	0	13.227	7.93631	221.736	
9.42059	0.025	0	12.904	2.17025	213.934	
0.455909	0.025	3.14159	-82.011	18.8158	208.562	
5.61302	0.025	0	-22.4382	7.10313	188.208	
7.65628	0.025	0	-29.9484	-5.0709	185.649	
7.58533	0.025	0	-15.3773	-3.10128	216.642	
7.27777	0.025	0	30.5612	1.66494	220.678	
10.3979	0.025	0	5.50344	12.801	204.925	
8.20983	0.025	0	-12.5585	-2.89398	217.402	
1.0749	0.025	3.14159	-43.7288	23.4093	190.484	
0.355789	0.025	0	39.7762	11.4155	104.451	
13.3453	0.025	0	13.9949	-0.885126	245.183	
2.27795	0.025	3.14159	56.7849	-3.8055	172.925	
2.14181	0.025	0	-3.57249	2.39461	130.964	
0.41716	0.025	3.14159	-76.4997	-7.01514	203.28	
1.33631	0.025	0	18.9797	-17.1721	197.379	
0.484156	0.025	3.14159	30.2342	-4.9692	240.504	
7.18098	0.025	0	-1.82558	12.6197	249.937	
17.8326	0.025	0	3.5648	6.02632	225.98	
5.45797	0.025	0	-22.7735	4.96958	162.513	
5.76978	0.025	0	36.139	-4.97043	173.791	
0.377334	0.025	3.14159	24.0988	14.8711	239.325	
16.1767	0.025	0	-19.8979	-4.0756	227.171	
2.7498	0.025	3.14159	-44.6735	3.07837	223.874	
1.23268	0.025	3.14159	26.8319	3.55073	194.817	
0.249406	0.025	3.14159	-30.4857	11.5096	146.413	
8.57777	0.025	0	-26.0159	4.95292	223.297	
14.7605	0.025	0	39.3624	5.09049	240.142	
7.20246	0.025	0	-17.5355	4.63838	205.73	
4.96895	0.025	0	-40.5633	-11.2676	157.26	
10.8677	0.025	0	25.2445	-1.82303	225.756	
7.71763	0.025	0	-6.66552	-10.7224	169.879	
0.158266	0.025	0	-50.8663	-3.96508	57.0492	
3.74431	0.025	0	-33.2981	-5.25268	133.54	
5.15037	0.025	0	-47.6136	-6.43489	182.066	
6.83886	0.025	0	-59.7752	-3.65167	216.165	
9.45417	0.025	0	29.5627	-9.90736	234.129	
3.05927	0.025	0	3.30349	-4.37266	155.453	
6.94917	0.025	0	-3.05613	-7.80123	170.915	
1.38382	0.025	3.14159	38.5493	-2.93832	161.293	
0.548598	0.025	3.14159	111.822	3.52186	239	
12.196	0.025	0	-14.6107	7.78353	201.641	
7.34295	0.025	0	34.3316	21.8048	200.338	
0.886823	0.025	0	-2.19743	-4.03632	134.395	
1.83308	0.025	0	58.4155	-3.37321	169.108	
15.303	0.025	0	6.37853	3.93853	199.34	
13.8227	0.025	0	-4.33015	1.25125	197.514	
6.91913	0.025	0	4.13197	-9.17077	188.904	
0.637039	0.025	0	-36.6221	-5.21966	179.209	
1.29006	0.025	0	67.0579	16.6021	204.627	
6.32994	0.025	0	-77.1347	-1.32719	238.671	
1.54507	0.025	0	16.1983	4.86157	207.534	
8.2391	0.025	0	-10.3374	5.72662	202.824	
10.6082	0.025	0	10.7253	3.52749	221.072	
11.0053	0.025	0	-20.2006	17.0198	221.726	
0.0132176	0.025	3.14159	-0.771335	27.9345	79.8707	
7.06925	0.025	0	35.1448	0.686028	176.226	
1.09987	0.025	0	-64.8573	9.4148	245.372	
13.9801	0.025	0	-22.2285	-9.47847	234.627	
2.57491	0.025	3.14159	49.2209	15.8533	175.691	
0.28244	0.025	3.14159	-13.1787	-10.7037	177.305	
1.39927	0.025	3.14159	-38.0374	2.48514	199.119	
4.59094	0.025	0	-6.88577	6.87784	169.781	
8.33923	0.025	0	-20.5216	3.9863	206.264	
0.366149	0.025	0	37.3278	-33.9774	299.276	
6.6321	0.025	0	-27.7542	7.26369	228.692	
9.34953	0.025	0	35.8945	-1.4464	200.276	
1.11741	0.025	3.14159	-61.6731	18.0553	142.417	
0.626182	0.025	3.14159	-43.3236	4.91551	94.9571	
3.29939	0.025	0	-48.8384	2.28598	209.213	
7.93755	0.025	0	17.2515	3.26834	211.834	
1.48085	0.025	0	-13.9264	-5.45809	209.448	
3.70234	0.025	0	-8.21919	-22.0605	206.683	
8.48253	0.025	0	38.2824	-9.14543	230.33	
5.184	0.025	0	-6.03733	-0.621461	154.013	
1.68288	0.025	3.14159	-78.1382	-1.02261	229.755	
0.352449	0.025	0	89.3433	12.2462	169.359	
2.38214	0.025	0	-18.6661	-2.77013	206.745	
0.928128	0.025	0	31.8381	21.9817	155.652	
0.219264	0.025	0	64.2844	26.1761	268.247	
3.31665	0.025	0	15.5607	2.6894	165.332	
7.09972	0.025	0	24.1422	4.00352	225.626	
6.02747	0.025	0	-2.52212	6.02515	203.837	
7.67061	0.025	0	-0.347745	-3.51541	190.293	
1.40623	0.025	3.14159	80.0932	3.45199	195.101	
11.4711	0.025	0	-32.3341	1.6979	229.817	
12.3356	0.025	0	-23.4261	-0.0200623	232.786	
8.54666	0.025	0	-31.8145	-1.59756	201.71	
3.91828	0.025	0	32.2623	9.33026	177.169	
1.67499	0.025	3.14159	36.3447	-0.0749379	183.132	
5.74655	0.025	0	33.8407	3.33534	190.26	
0.0952987	0.025	0	-83.5453	-10.995	176.111	
3.60008	0.025	0	-1.85093	-3.07077	181.621	
0.846589	0.025	0	50.2118	-8.01253	198.547	
0.188689	0.025	3.14159	29.5419	-25.9749	264.373	
0.025293	0.025	3.14159	-152.181	-145.871	-1.95198	
1.82117	0.025	0	26.1109	14.7405	194.189	
3.59622	0.025	3.14159	20.0927	-7.94539	202.825	
7.07108	0.025	0	-56.3898	-6.078	196.894	
12.8951	0.025	0	-5.39656	5.18327	244.135	
8.21146	0.025	0	25.483	0.0274134	242.412	
4.28638	0.025	0	20.6487	19.1837	171.971	
2.08125	0.025	0	1.66547	-8.70816	204.221	
21.4923	0.025	0	-3.18058	5.21921	230.871	
0.201961	0.025	0	-15.4099	26.1326	167.209	
7.28191	0.025	0	-25.4188	-5.36323	235.228	
8.69451	0.025	0	-14.6406	8.64266	182.407	
12.905	0.025	0	16.1983	0.819969	192.349	
0.482094	0.025	0	30.1762	-5.76539	222.202	
5.04723	0.025	0	28.4898	1.15801	159.767	
2.60418	0.025	3.14159	-31.7901	-14.2384	199.935	
0.620751	0.025	0	50.3279	1.04005	108.839	
2.16133	0.025	0	-26.991	7.33184	239.93	
8.09467	0.025	0	-32.2072	-8.6756	195.916	
2.73042	0.025	3.14159	-11.453	1.86621	201.785	
14.4172	0.025	0	-2.94569	3.13871	205.638	
11.0927	0.025	0	-8.58331	5.07719	233.085	
5.99502	0.025	0	-6.49229	0.0129033	219.676	
4.31524	0.025	0	19.0214	5.23404	192.189	
3.82839	0.025	0	-26.1899	-6.38358	192.051	
2.69611	0.025	3.14159	-62.6995	-7.83036	206.218	
4.97804	0.025	3.14159	26.616	-6.70654	197.263	
0.4615	0.025	3.14159	95.8804	20.9388	106.528	
15.622	0.025	0	20.93	2.67492	248.095	
1.55014	0.025	0	-10.5848	16.224	182.666	
7.01442	0.025	0	-3.37906	-0.768432	175.962	
0.521801	0.025	0	81.4602	-1.9839	223.332	
9.37306	0.025	0	24.4155	13.0782	189.264	
4.87569	0.025	3.14159	7.17942	-4.48416	198.201	
2.77613	0.025	0	14.293	-1.03166	193.483	
3.59371	0.025	0	36.1167	4.25949	198.021	
0.0562369	0.025	3.14159	-68.2879	14.9438	115.174	
8.86535	0.025	0	44.8502	8.25497	225.5	
18.6401	0.025	0	-36.0539	-2.73103	232.965	
8.9431	0.025	0	11.665	9.64278	214.342	
1.09217	0.025	0	72.2804	8.30988	198.005	
3.19028	0.025	0	42.0216	6.52231	197.927	
0.564722	0.025	0	-15.7663	11.8118	153.034	
8.2051	0.025	0	5.50028	-7.6076	224.577	
4.73671	0.025	0	-28.9789	3.04088	202.881	
3.32218	0.025	3.14159	-21.1513	4.30946	186.626	
11.1621	0.025	0	22.3989	5.0915	250.315	
9.80167	0.025	0	11.4688	0.598475	199.043	
7.81693	0.025	0	-38.5932	12.7932	216.092	
5.2459	0.025	0	5.349	-5.5616	178.262	
0.860675	0.025	3.14159	46.5047	4.81742	138.557	
5.00206	0.025	0	22.2582	4.77387	214.993	
0.147542	0.025	0	-34.0224	35.3029	273.399	
12.3606	0.025	0	-10.7307	6.91556	184.451	
6.64555	0.025	0	28.3077	-5.45792	224.554	
1.6087	0.025	0	45.3176	-3.47754	175.738	
9.1372	0.025	0	2.26129	-4.79279	162.136	
7.52912	0.025	0	49.5275	5.66636	209.724	
2.821	0.025	3.14159	-17.9644	-14.1211	198.225	
15.7133	0.025	0	-3.21184	-7.80133	234.892	
0.961714	0.025	0	-103.183	13.0245	273.327	
0.990267	0.025	3.14159	32.5073	5.97341	211.737	
3.88478	0.025	0	-35.2681	-19.8529	205.962	
1.20211	0.025	0	-80.6511	9.66805	129.352	
7.19078	0.025	0	-5.86554	-5.54657	185.783	
2.74542	0.025	3.14159	-36.1684	-11.8062	174.324	
10.6241	0.025	0	51.5068	-7.84413	222.676	
9.98369	0.025	0	5.34266	2.57703	226.472	
7.79059	0.025	0	24.055	-4.76868	197.292	
2.43162	0.025	0	-36.575	-19.1723	190.304	
0.127219	0.025	3.14159	-44.598	24.4027	222.92	
10.6163	0.025	0	7.84412	-0.476002	221.951	
5.12338	0.025	3.14159	-24.7845	2.50936	187.529	
12.8452	0.025	0	-4.0319	-1.89825	248.576	
2.97961	0.025	0	5.02777	13.7416	208.881	
8.56382	0.025	0	34.6129	-5.84159	209.853	
0.787743	0.025	3.14159	-58.6621	6.24055	239.176	
1.52704	0.025	0	-73.8755	-13.3693	233.566	
3.25091	0.025	0	-33.4589	1.22922	218.005	
6.18033	0.025	0	0.18824	4.64984	189.927	
9.69571	0.025	0	2.60235	-0.441929	195.971	
6.97091	0.025	0	-27.6186	4.73213	257.365	
3.09111	0.025	0	52.0504	1.31031	195.942	
2.30174	0.025	3.14159	-18.7985	-3.07529	202.227	
3.82424	0.025	0	-43.5944	-4.91878	192.711	
1.20768	0.025	0	-21.6547	-12.0087	230.299	
4.68288	0.025	0	-55.4519	1.53507	182.219	
8.67596	0.025	0	1.24022	-1.88217	191.385	
1.9316	0.025	0	97.8627	4.59492	197.749	
3.06814	0.025	0	-4.66484	0.435082	200.12	
10.136	0.025	0	-39.5047	6.84547	219.387	
10.715	0.025	0	-20.3427	11.341	257.654	
0.907539	0.025	0	65.9685	4.89832	140.127	
0.333132	0.025	3.14159	-35.7664	-26.3878	244.847	
9.66518	0.025	0	-5.3962	0.40689	203.036	
0.192661	0.025	0	-209.488	-33.8155	191.064	
1.10995	0.025	0	-49.5879	5.57862	229.942	
4.54416	0.025	3.14159	-1.78891	11.5883	241.356	
2.13747	0.025	3.14159	7.54625	1.81007	195.846	
1.75649	0.025	0	16.0619	1.75517	219.902	
0.310794	0.025	3.14159	-116.381	-21.3724	198.443	
11.5281	0.025	0	8.72627	3.17913	228.211	
0.845115	0.025	0	-8.70117	-8.21802	207.567	
9.50955	0.025	0	19.5585	-1.95213	225.052	
6.07964	0.025	0	3.27762	-0.707679	224.315	
6.81125	0.025	0	-49.0845	0.132663	189.01	
2.03931	0.025	0	-14.1074	10.9683	234.223	
7.08336	0.025	0	6.92404	-4.21622	233.435	
10.5894	0.025	0	-30.6481	3.91907	186.863	
9.12873	0.025	0	-33.73	0.471738	245.995	
5.01817	0.025	0	-4.6524	-6.24199	176.209	
0.778112	0.025	0	84.1197	-7.46795	286.641	
1.38171	0.025	0	-25.9136	-21.9778	185.813	
1.32292	0.025	0	-26.5723	-1.29016	252.948	
10.929	0.025	0	18.6854	3.63566	198.529	
0.682736	0.025	0	47.57	5.26216	180.053	
0.219931	0.025	0	-47.017	-24.398	258.104	
12.8131	0.025	0	-40.4751	6.63714	217.847	
6.78639	0.025	0	67.4082	-13.8808	148.723	
6.59623	0.025	0	-11.836	-10.9111	182.809	
8.98556	0.025	0	-29.0276	-0.0843506	227.281	
0.88905	0.025	3.14159	9.44456	-11.8071	266.677	
10.6038	0.025	0	-3.36846	8.48144	234.439	
0.582297	0.025	0	75.5314	2.81145	192.934	
7.06285	0.025	0	42.393	11.6884	203.904	
2.48266	0.025	0	-39.8894	-0.0357213	187.084	
0.366092	0.025	0	65.4694	-14.5396	158.34	
2.67321	0.025	0	24.4648	11.6332	166.255	
10.2411	0.025	0	31.8702	0.179813	245.591	
0.318868	0.025	3.14159	-39.5952	9.82835	221.132	
2.79596	0.025	0	8.71223	-5.92436	150.667	
0.472754	0.025	0	124.186	20.9599	262.044	
6.36648	0.025	0	-51.8994	-7.06351	201.519	
0.050197	0.025	0	68.7245	55.8527	173.496	
12.857	0.025	0	23.385	-0.293619	204.207	
1.14001	0.025	0	49.9944	-8.73456	184.601	
0.226813	0.025	0	-199.505	-25.0903	85.4191	
5.49112	0.025	3.14159	26.8363	-9.74135	152.603	
13.3888	0.025	0	-18.5926	12.0884	226.454	
3.70785	0.025	0	19.4084	2.0759	200.415	
5.43151	0.025	0	-71.5479	10.1268	173.159	
13.3948	0.025	0	7.39314	0.830686	217.098	
3.32797	0.025	0	-19.424	12.0095	256.277	
0.123958	0.025	0	90.3408	28.5121	138.414	
10.4996	0.025	0	18.1573	-8.98349	240.114	
2.48975	0.025	0	-4.45078	13.4132	209.016	
13.9347	0.025	0	7.49864	2.23903	197.546	
2.02525	0.025	3.14159	35.8658	-0.940909	197.786	
6.13461	0.025	0	20.786	-21.6723	184.678	
2.63513	0.025	0	69.5042	6.26323	204.491	
5.6198	0.025	0	21.3047	-14.6721	179.87	
1.40922	0.025	0	-39.8301	6.41635	205.183	
4.36388	0.025	0	33.8444	-10.9038	181.558	
0.593463	0.025	0	73.716	-0.430461	266.371	
1.17392	0.025	0	-30.2607	23.0566	175.363	
10.2348	0.025	0	16.603	3.93689	225.633	
13.0752	0.025	0	-3.55184	-5.52759	224.236	
9.11534	0.025	0	-21.3652	-5.89585	230.962	
0.355337	0.025	0	86.849	-13.4001	219.826	
4.65851	0.025	0	-9.63627	3.4991	158.25	
0.742492	0.025	3.14159	-28.4663	-6.68532	262.052	
9.98278	0.025	0	26.4078	11.9764	172.264	
7.03134	0.025	0	-12.2983	-2.2554	207.205	
6.10584	0.025	0	-2.74435	0.834156	201.104	
1.48652	0.025	0	-43.8238	-10.4672	199.675	
9.24233	0.025	0	0.117935	7.02963	224.889	
1.67852	0.025	0	4.32123	8.18422	183.225	
3.73311	0.025	0	52.2614	-22.9166	181.17	
0.206102	0.025	3.14159	98.4328	18.9838	202.7	
8.60381	0.025	0	-3.17463	1.06587	208.628	
0.147584	0.025	3.14159	22.506	-12.6552	200.381	
4.77218	0.025	0	27.9203	-6.54217	190.846	
0.551484	0.025	3.14159	-41.6321	9.18605	241.399	
8.27186	0.025	0	-26.8899	-16.6557	163.084	
7.75872	0.025	0	2.55419	5.13814	191.22	
1.21102	0.025	0	15.7462	-1.0995	207.324	
6.42848	0.025	3.14159	-14.8095	-8.82085	235.417	
6.99019	0.025	0	16.1614	-15.695	187.599	
1.45211	0.025	0	63.5826	0.536595	153.103	
0.75728	0.025	3.14159	-89.3751	12.8338	291.039	
8.50498	0.025	0	-25.9768	-1.38435	161.881	
9.58311	0.025	0	3.37859	-10.8808	241.036	
0.54671	0.025	0	32.8361	-0.760656	180.884	
9.2815	0.025	0	8.80465	2.98025	228.038	
2.68164	0.025	0	-27.2411	-0.281574	185.802	
3.74943	0.025	0	45.5764	6.68759	183.47	
8.83101	0.025	0	45.0059	6.53802	193.536	
7.21547	0.025	0	38.2409	-17.8417	218.645	
1.63745	0.025	0	37.4383	-4.38356	184.498	
7.98973	0.025	0	15.6451	-11.2059	226.865	
11.049	0.025	0	-18.0413	11.5842	208.357	
7.82737	0.025	0	-50.2698	-6.63708	181.924	
12.8523	0.025	0	13.1758	4.62348	181.187	
4.04544	0.025	0	12.9813	-8.45379	202.962	
4.8826	0.025	3.14159	-24.5614	6.79442	198.09	
3.43064	0.025	3.14159	6.21643	-3.73841	201.599	
3.68307	0.025	3.14159	-33.459	6.22631	188.947	
1.85511	0.025	0	-23.857	-11.2562	191.174	
2.16003	0.025	0	56.7857	3.25315	202.073	
1.22189	0.025	0	46.0269	-4.70061	162.166	
5.44924	0.025	0	-5.58442	-3.44736	221.319	
14.6006	0.025	0	-8.31145	-0.914584	218.489	
9.55237	0.025	0	-27.7032	4.09949	221.49	
8.44201	0.025	0	49.3839	-1.19988	202.406	
6.83127	0.025	0	22.5043	6.60979	191.288	
0.644215	0.025	0	-44.1449	-3.98843	231.325	
1.34207	0.025	0	6.80386	6.31356	161.883	
13.0988	0.025	0	-20.4189	5.94689	198.597	
11.192	0.025	0	-6.5864	-10.5055	205.503	
3.67942	0.025	0	56.963	6.22327	162.67	
12.1037	0.025	0	27.2807	-6.57343	257.343	
0.314633	0.025	3.14159	-73.0025	12.6019	215.349	
5.73125	0.025	0	-12.7822	3.38436	193.83	
3.06163	0.025	0	-23.0054	-15.7206	182.56	
0.209874	0.025	0	-141.068	-7.78397	176.936	
7.04593	0.025	0	-15.1713	-11.3418	210.772	
4.20675	0.025	0	10.9969	-6.00892	150.387	
0.539154	0.025	3.14159	-9.71873	-4.84234	109.989	
1.45863	0.025	0	-62.3514	15.3897	205.39	
13.4532	0.025	0	10.2407	9.91712	193.794	
0.824927	0.025	0	20.5864	-11.2653	298.632	
8.59821	0.025	0	21.3753	-0.441403	198.323	
12.0669	0.025	0	2.05347	-2.79626	209.545	
3.02714	0.025	0	-48.3326	2.62746	202.131	
6.09376	0.025	0	-14.1581	-3.00694	157.846	
11.5729	0.025	0	-6.94264	7.74557	231.23	
2.46689	0.025	0	-47.2763	11.2258	157.677	
3.42037	0.025	3.14159	26.7243	-12.0943	182.224	
4.67243	0.025	0	-10.5031	-0.635971	193.543	
0.152755	0.025	0	1.25218	-61.6285	225.031	
0.61769	0.025	0	124.662	-2.17289	128.94	
3.48047	0.025	0	-64.8225	5.30784	181.929	
9.2475	0.025	0	4.5608	-5.06359	155.305	
8.5234	0.025	0	9.9451	-3.28945	192.489	
0.214133	0.025	0	-42.9814	-16.5103	136.701	
4.06693	0.025	0	27.3753	8.76113	193.88	
0.0811639	0.025	3.14159	62.1497	79.0542	-99.6597	
5.07862	0.025	0	6.85214	7.49943	156.978	
5.87402	0.025	0	-2.04291	-5.20073	224.612	
1.32598	0.025	0	-48.4759	-5.83561	228.584	
6.78141	0.025	3.14159	-39.4748	13.7885	188.648	
6.77507	0.025	0	18.1342	-1.02279	184.351	
5.30909	0.025	0	17.1971	-0.845145	201.986	
0.651471	0.025	0	-41.7247	-9.63866	203.565	
10.6189	0.025	0	3.03154	2.51607	217.794	
1.64752	0.025	3.14159	-11.2398	-11.1834	232.822	
0.504627	0.025	3.14159	193.835	32.0649	208.723	
2.58427	0.025	0	22.464	10.7385	166.612	
3.80481	0.025	0	17.0059	-9.84719	231.78	
4.05168	0.025	0	24.2111	0.846814	197.217	
6.79902	0.025	0	-25.304	-0.284588	223.868	
0.293246	0.025	3.14159	-18.2621	-23.1358	221.643	
5.41715	0.025	0	30.1948	-4.8423	195.707	
0.703261	0.025	0	108.038	-1.10703	196.932	
10.4371	0.025	0	-56.3366	-1.62171	209.956	
1.86824	0.025	0	54.737	-11.2515	213.534	
0.149686	0.025	3.14159	38.5491	-19.8003	139.491	
11.6078	0.025	0	-35.443	10.4989	219.838	
7.45626	0.025	0	44.6921	-7.44818	177.793	
7.495	0.025	0	13.4207	-8.33226	219.72	
3.51457	0.025	0	-41.7779	-2.37467	174.155	
1.56697	0.025	0	96.3531	11.7492	168.843	
2.71793	0.025	0	18.2116	3.49226	187.157	
2.6055	0.025	0	56.3668	-0.949232	227.862	
10.5435	0.025	0	-54.8795	6.70039	244.12	
9.97262	0.025	0	22.9699	-7.99635	223.567	
3.49041	0.025	0	-7.84669	11.69	174.275	
6.34824	0.025	0	17.7379	-3.25204	172.52	
8.32639	0.025	0	29.1599	-4.57858	221.996	
5.91207	0.025	0	97.5417	4.13259	173.487	
6.80947	0.025	0	-10.7783	1.94872	188.563	
6.37409	0.025	0	45.1066	7.79663	189.679	
1.65058	0.025	3.14159	-6.78767	5.85331	144.522	
2.47906	0.025	3.14159	-22.1503	-8.79792	179.052	
8.12153	0.025	0	37.1327	-8.4309	198.614	
7.52431	0.025	0	-4.88609	-10.2824	204.387	
14.2633	0.025	0	26.3156	-2.35465	216.193	
3.89696	0.025	0	28.932	9.21155	141.743	
9.50522	0.025	0	-0.663372	0.0843878	246.632	
5.37871	0.025	0	49.9147	7.22152	187.851	
5.29752	0.025	3.14159	-34.0872	-7.63264	213.928	
3.35807	0.025	0	-23.692	3.5943	193.988	
1.19471	0.025	0	-14.8151	-17.4456	194.685	
10.7815	0.025	0	-25.7343	-1.68621	226.033	
0.205327	0.025	3.14159	-32.5692	4.8348	138.713	
0.476189	0.025	0	33.0702	-17.2956	204.811	
3.85342	0.025	3.14159	-8.5602	14.7071	216.585	
0.493437	0.025	0	-92.9228	1.02899	232.064	
10.5849	0.025	0	9.07398	-2.71273	235.472	
13.0498	0.025	0	14.0834	12.5288	244.943	
0.873282	0.025	0	-78.8946	-5.94648	226.294	
7.29558	0.025	0	-30.9667	-6.9868	198.838	
0.530183	0.025	3.14159	129.383	8.07018	163.097	
0.496398	0.025	0	51.5778	16.7353	322.028	
0.298024	0.025	0	17.5612	12.1503	119.65	
9.19163	0.025	0	30.9433	14.1406	172.348	
0.47222	0.025	3.14159	14.038	9.20987	276.728	
5.01547	0.025	0	-65.5324	-9.18228	167.602	
4.75461	0.025	0	13.2297	-1.21864	182.443	
0.372365	0.025	3.14159	51.1333	28.361	271.006	
7.99402	0.025	0	10.9482	2.49275	191.195	
1.29182	0.025	3.14159	65.7429	-14.8535	191.097	
10.1367	0.025	0	50.2016	-4.94197	234.593	
0.238809	0.025	0	-58.083	-4.23639	116.613	
9.72573	0.025	0	-23.1306	2.9646	155.226	
4.0061	0.025	0	34.8202	7.05213	201.583	
12.8817	0.025	0	22.1934	-1.19157	222.14	
3.44233	0.025	3.14159	44.8589	-2.13377	161.618	
7.13484	0.025	0	-4.6544	-6.89462	219.769	
0.738379	0.025	3.14159	73.0082	-12.0134	153.488	
0.349452	0.025	3.14159	-95.9948	-21.8806	165.04	
0.845683	0.025	3.14159	-58.2407	8.08035	225.844	
0.653182	0.025	0	-86.33	9.17047	188.415	
6.65406	0.025	0	10.654	-10.0121	186.25	
9.01471	0.025	0	32.0306	6.97795	204.388	
0.274265	0.025	0	7.36112	-22.2548	268.078	
7.32158	0.025	0	-29.9471	1.63044	197.92	
0.199293	0.025	0	67.3469	75.1649	301.081	
2.26765	0.025	0	-30.6777	8.34846	205.494	
2.7799	0.025	0	37.9932	-4.58461	219.646	
6.43173	0.025	0	7.22703	-13.9478	236.556	
5.37705	0.025	3.14159	-8.53512	1.41645	205.965	
3.78374	0.025	3.14159	24.0115	1.3172	150.425	
4.88632	0.025	0	37.7877	-4.51942	237.939	
4.94255	0.025	0	-51.4792	-0.853272	170.206	
9.51014	0.025	0	38.1386	-3.7582	188.36	
6.46907	0.025	0	84.6051	-4.92484	172.131	
1.83032	0.025	0	57.6584	8.51386	177.079	
4.8418	0.025	0	-6.35327	2.78938	164.1	
1.28875	0.025	0	-26.6713	-23.4026	214.946	
3.60282	0.025	0	-13.5237	8.71208	212.436	
11.8013	0.025	0	4.80587	-3.24847	254.004	
0.35358	0.025	3.14159	65.9671	-24.393	216.061	
1.56188	0.025	0	86.8808	-12.4474	193.975	
0.933811	0.025	0	-11.7015	-13.634	220.139	
7.28598	0.025	0	50.3996	2.51192	225.802	
10.5863	0.025	0	-23.2055	8.59613	201.327	
4.71315	0.025	3.14159	0.965882	-2.26005	203.139	
11.2504	0.025	0	-3.87885	2.32514	241.896	
20.0412	0.025	0	-31.2532	8.19261	271.635	
5.24449	0.025	0	-9.32587	-8.6003	160.648	
8.77395	0.025	0	19.8342	-8.80849	178.896	
7.52229	0.025	0	-6.7833	2.76223	188.873	
12.1724	0.025	0	3.30247	-9.38811	228.521	
10.6752	0.025	0	-15.5871	-0.425241	218.803	
11.8864	0.025	0	-10.9519	8.72436	230.145	
1.62453	0.025	3.14159	-2.16717	-10.4017	200.034	
0.381155	0.025	3.14159	-26.4124	17.2124	295.96	
4.99073	0.025	0	3.0001	-6.51215	211.839	
1.16152	0.025	0	61.6238	-0.591328	179.53	
7.14461	0.025	0	78.8277	-17.6196	202.941	
0.456544	0.025	0	4.65212	16.1236	138.974	
8.56517	0.025	0	-44.8294	4.68419	203.628	
3.74156	0.025	0	-25.7989	-1.31321	201.402	
2.58137	0.025	0	-6.26543	17.9941	141.648	
1.16359	0.025	0	69.4657	-3.9057	113.069	
10.376	0.025	0	-15.6834	-0.695354	239.035	
10.6583	0.025	0	-9.96705	2.74401	223.34	
6.14881	0.025	0	20.92	-1.70511	219.688	
2.57416	0.025	3.14159	39.9617	-14.522	174.724	
7.40247	0.025	0	-38.6026	0.929048	192.028	
4.52034	0.025	3.14159	-9.89626	13.1383	175.171	
7.95088	0.025	0	-9.46119	2.94505	196.913	
3.27371	0.025	0	24.4854	-3.41076	191.175	
1.00231	0.025	3.14159	101.511	-4.88002	272.941	
10.7124	0.025	0	-15.1055	2.05084	203.936	
0.0924751	0.025	0	127.218	49.1267	113.524	
8.1817	0.025	0	60.8517	4.67582	183.213	
17.7549	0.025	0	50.0217	10.5477	211.563	
0.328641	0.025	0	-75.2531	12.3549	232.448	
11.26	0.025	0	6.465	-2.47079	217.776	
11.6943	0.025	0	-9.46836	2.98274	238.528	
2.51401	0.025	0	11.7525	-14.6984	191.2	
9.12992	0.025	0	-13.6679	-18.5136	195.58	
13.3557	0.025	0	62.1932	2.04144	226.86	
2.28147	0.025	0	69.0638	-8.47968	229.914	
3.6879	0.025	3.14159	-46.2946	7.88237	188.536	
8.82944	0.025	0	17.1439	5.8128	192.346	
10.5389	0.025	0	6.9102	-1.80452	214.928	
11.7955	0.025	0	11.5444	7.2729	247.667	
5.16152	0.025	0	16.777	2.99336	181.567	
9.90379	0.025	0	-15.0585	-12.5908	211.467	
0.646747	0.025	3.14159	65.5069	11.3934	186.86	
3.7131	0.025	0	11.5186	8.56884	146.933	
10.205	0.025	0	-3.3827	-0.511426	198.097	
4.19994	0.025	0	-21.0817	11.241	207.311	
9.31912	0.025	0	50.6377	2.75632	197.359	
7.02452	0.025	0	-11.9836	19.2849	193.939	
8.17825	0.025	0	13.3409	-9.32101	212.023	
0.659634	0.025	0	-21.8439	-4.36035	259.69	
4.95835	0.025	0	2.81526	1.80009	198.343	
0.731492	0.025	0	70.4414	-17.0203	200.536	
5.43333	0.025	0	-7.21314	16.6121	171.683	
0.997618	0.025	0	-11.5638	-8.51239	218.146	
6.85931	0.025	0	5.90254	-0.480979	164.744	
0.620922	0.025	0	-63.1479	15.5002	258.186	
1.9782	0.025	0	37.3867	-8.39335	203.965	
7.91872	0.025	0	-12.0489	-5.24192	220.295	
3.97221	0.025	0	5.72179	-0.0941923	180.365	
0.426551	0.025	3.14159	39.7342	15.4612	184.955	
3.11697	0.025	0	-0.787298	-2.88179	196.064	
0.498763	0.025	3.14159	-116.111	-14.8615	228.934	
8.14899	0.025	0	26.9022	-0.776724	179.58	
4.37971	0.025	0	6.35542	10.9217	187.007	
0.638556	0.025	0	25.5603	21.5121	210.954	
1.98721	0.025	3.14159	43.111	7.1679	193.541	
6.45269	0.025	0	11.5665	-8.57664	217.961	
5.99294	0.025	0	-38.8055	12.3232	200.71	
2.58215	0.025	0	-27.6087	-1.88662	157.122	
0.767058	0.025	3.14159	-54.9535	0.717195	245.286	
1.39107	0.025	3.14159	-66.2199	-0.529294	157.485	
2.68507	0.025	3.14159	-4.26867	9.59363	202.758	
1.3296	0.025	3.14159	-34.4536	-6.86853	170.494	
4.35698	0.025	3.14159	-32.6347	-13.2299	209.883	
12.8221	0.025	0	-51.9436	-13.9178	192.928	
10.5192	0.025	0	8.19873	-9.70195	225.327	
7.44806	0.025	0	14.3696	-4.87599	234.174	
3.75706	0.025	0	12.4466	13.0852	205.115	
7.07283	0.025	0	-23.779	-9.80474	153.927	
10.8323	0.025	0	-2.22972	7.96878	211.298	
5.75671	0.025	0	32.0294	4.46956	237.858	
9.94426	0.025	0	5.4173	-6.18129	217.311	
0.839419	0.025	0	7.7012	-4.77695	211.904	
0.448588	0.025	0	-48.4832	15.4445	200.322	
4.28796	0.025	0	2.79982	10.0484	148.159	
7.00178	0.025	0	-40.8586	-1.33255	144.975	
9.25276	0.025	0	-34.107	6.23245	215.56	
0.439784	0.025	0	60.7391	9.00066	183.318	
4.91854	0.025	0	-27.6226	-8.71094	215.36	
3.83394	0.025	0	-16.066	-3.44513	162.673	
3.66362	0.025	0	-25.2007	-16.3352	242.135	
3.50556	0.025	3.14159	-12.9757	2.47704	157.279	
5.07833	0.025	0	-45.5535	11.7578	181.586	
3.45256	0.025	0	-0.458801	8.74118	179.598	
0.278619	0.025	3.14159	1.55698	0.777318	201.642	
7.11442	0.025	0	-27.94	1.48309	189.795	
10.6541	0.025	0	18.6398	-1.15459	198.301	
7.67875	0.025	0	33.2811	-1.22116	219.588	
5.55751	0.025	0	14.0866	0.417683	190.295	
0.563165	0.025	0	50.7225	-2.60939	106.844	
5.93849	0.025	0	73.6334	7.10364	206.306	
9.22225	0.025	0	-21.706	-7.45787	198.957	
2.84668	0.025	0	-87.6938	1.00367	171.968	
2.14461	0.025	3.14159	0.348313	-5.02419	206.447	
3.81623	0.025	0	-39.4641	4.42725	220.216	
0.0741561	0.025	0	1.54886	11.5358	50.1986	
0.0627424	0.025	3.14159	-54.3322	7.57228	127.73	
6.20919	0.025	0	20.6612	4.66332	187.158	
9.83722	0.025	0	29.9542	-0.0443356	203.76	
8.83994	0.025	0	-46.0848	10.206	211.476	
19.241	0.025	0	1.86589	-6.0467	239.517	
8.20484	0.025	0	-8.49708	-15.0176	233.841	
0.822987	0.025	0	88.8972	-6.51156	192.692	
0.352844	0.025	0	-57.422	-10.6147	167.742	
6.47898	0.025	0	21.1118	4.10879	178.086	
2.87319	0.025	0	5.20958	8.84235	224.393	
8.14385	0.025	0	-22.3939	-2.20749	190.844	
1.60098	0.025	0	-24.7598	2.571	238.573	
1.24995	0.025	0	49.9972	11.8327	212.74	
14.2302	0.025	0	-1.00547	1.56694	240.68	
0.536635	0.025	0	-48.87	18.227	167.781	
15.4278	0.025	0	32.9608	6.2296	236.48	
2.41572	0.025	0	-8.65713	9.38507	234.139	
2.12587	0.025	0	-2.00756	0.180214	179.979	
