10 15
6.75798	0.132738	3.10199	48.7204	1.98189	175.702	
6.47767	0.152818	3.09257	6.11755	-3.0585	158.209	
6.08275	0.181186	3.07779	-48.5506	-10.2705	186.964	
4.60192	0.288781	2.99877	-5.62503	-6.05535	220.372	
6.4071	0.15788	3.09007	25.24	-15.7002	207.366	
6.21647	0.171569	3.08301	35.91	4.3882	209.273	
5.74266	0.205702	3.06337	-31.5874	-5.53037	213.024	
6.03554	0.184584	3.07589	-15.799	-7.77348	252.129	
5.78586	0.202583	3.0653	45.1911	1.09643	160.449	
6.24315	0.169652	3.08402	-23.2782	-2.22815	200.033	
6.42979	0.156252	3.09088	27.614	16.7204	167.379	
6.68898	0.137677	3.09975	-10.5454	1.33476	213.272	
6.91538	0.12148	3.10694	3.75243	10.9145	178.708	
4.56849	0.291243	2.99636	103.372	-7.17657	217.059	
7.42434	0.0851534	3.12147	19.1292	5.16376	194.594	
5.91165	0.193509	3.07075	9.64865	14.222	170.773	
7.79305	0.0588983	3.13079	-4.53535	-3.1435	216.847	
5.12447	0.25053	3.03208	7.63772	-9.36538	185.576	
4.77022	0.276417	3.01033	-13.7343	10.3694	219.508	
5.51815	0.221939	3.05285	-15.8834	8.00131	184.636	
5.47481	0.225078	3.05072	-14.6096	3.9538	195.534	
4.35968	0.306664	2.98046	-23.4871	5.12858	192.49	
6.24159	0.169764	3.08396	14.7347	11.6068	180.638	
7.66636	0.0679147	3.12769	-22.5385	5.085	220.684	
6.52943	0.149107	3.09437	0.855612	-12.9204	220.219	
6.66399	0.139466	3.09892	-5.5045	6.02209	236.293	
7.78873	0.0592054	3.13069	-56.5318	-3.66097	204.297	
6.85315	0.12593	3.10501	30.3032	-0.072596	223.364	
6.78087	0.1311	3.10273	-8.42292	-7.84863	217.012	
5.89232	0.194902	3.06993	19.8789	-13.2675	191.34	
5.69533	0.209121	3.06123	-55.988	14.2587	176.771	
7.36651	0.0892753	3.11992	48.082	-17.3026	211.082	
6.94039	0.119693	3.1077	33.5233	15.9723	184.305	
5.94748	0.190927	3.07226	6.38481	-5.10075	144.631	
6.8141	0.128723	3.10378	38.7651	13.9857	175.491	
6.27701	0.167219	3.0853	31.7234	9.48803	183.685	
5.86087	0.19717	3.06858	12.3581	8.22359	199.261	
6.25554	0.168762	3.08449	-29.2531	-0.490718	222.969	
6.59311	0.144543	3.09655	17.3668	-10.4527	232.663	
7.11603	0.107146	3.11292	-6.43809	2.26653	192.725	
5.72598	0.206907	3.06262	-14.5402	-1.30311	210.099	
7.26791	0.0963069	3.11723	8.91446	-2.09872	185.649	
7.44785	0.0834779	3.12209	-16.7553	7.64098	190.988	
5.52861	0.221181	3.05336	-11.6642	-0.324414	203.557	
6.89196	0.123155	3.10622	28.3097	-7.08831	232.299	
5.27351	0.239686	3.04032	-4.98848	6.70508	189.45	
5.76541	0.204059	3.06439	18.5914	-7.72367	219.646	
6.5727	0.146006	3.09586	19.6956	0.77729	183.873	
7.37532	0.0886475	3.12016	-9.01063	-1.80589	204.716	
7.12399	0.106578	3.11315	-22.4344	-10.5614	186.855	
7.14564	0.105032	3.11378	57.661	15.331	185.007	
6.67541	0.138649	3.0993	-17.4808	-1.97875	183.753	
6.75654	0.132841	3.10195	-20.7943	3.0167	178.99	
5.80428	0.201253	3.06611	-10.3016	9.8989	194.42	
5.51156	0.222416	3.05253	-68.3428	12.6059	222.128	
7.68933	0.0662794	3.12826	-6.41168	-3.42153	206.933	
6.24127	0.169787	3.08395	-65.8543	-3.40692	211.217	
5.67511	0.210582	3.0603	-24.6105	-0.125404	162.847	
6.0441	0.183968	3.07623	-22.127	8.48097	186.207	
7.8273	0.0564618	3.13161	-41.138	-4.84889	178.402	
6.00877	0.186511	3.07479	39.3503	2.91165	163.505	
6.82293	0.128091	3.10406	-13.0197	6.43793	207.66	
5.70229	0.208618	3.06154	9.63086	1.37647	235.124	
6.3838	0.159552	3.08923	-25.1862	-0.50323	183.9	
6.23271	0.170402	3.08363	-4.59943	-1.31004	169.837	
6.45272	0.154608	3.09169	-42.5013	-0.96957	213.071	
6.44106	0.155444	3.09128	18.3075	-2.25904	230.32	
5.98079	0.188527	3.07364	-18.5215	-1.98179	196.513	
4.0952	0.326329	2.95784	11.3692	8.94916	213.425	
4.85441	0.27025	3.0158	-7.86079	8.41587	193.176	
7.87073	0.0533727	3.13264	18.6558	-5.09064	212.851	
5.5828	0.217258	3.05597	-16.1646	-7.19004	169.634	
5.03725	0.256888	3.02703	-36.6142	-7.22049	177.227	
5.97423	0.188999	3.07337	9.6829	3.4687	170.79	
8.05998	0.039919	3.137	18.3692	0.478008	179.759	
7.35055	0.0904138	3.11949	-36.9827	2.5913	198.738	
7.20006	0.101148	3.11533	-29.288	-3.61225	200.095	
7.39403	0.0873137	3.12066	-14.8996	-5.86064	211.552	
4.72311	0.279874	3.00718	53.1485	-1.61517	199.845	
7.33976	0.0911829	3.1192	16.9079	2.12511	212.424	
5.74121	0.205806	3.06331	-32.1515	1.49789	167.422	
7.32532	0.0922125	3.11881	-13.4046	0.36371	164.455	
6.93049	0.120401	3.1074	-54.43	8.16648	219.459	
5.56417	0.218607	3.05508	-56.9272	-9.51278	182.149	
7.42265	0.0852739	3.12143	13.9027	-0.71001	196.713	
4.81047	0.273467	3.01297	5.48191	12.1955	209.911	
7.41929	0.0855135	3.12134	12.7684	0.910572	207.557	
4.64475	0.28563	3.00179	25.6628	-3.58576	193.146	
6.37196	0.160402	3.0888	-13.6767	4.3723	161.476	
6.89982	0.122593	3.10646	0.724989	11.8816	233.551	
7.55877	0.0755751	3.12498	40.1459	4.35071	226.613	
6.44171	0.155397	3.0913	-53.6047	0.99561	201.698	
6.29504	0.165924	3.08597	18.22	7.12293	218.507	
5.77407	0.203434	3.06478	5.0975	5.80664	181.192	
5.12392	0.25057	3.03205	4.37837	6.93132	195.176	
6.36947	0.160581	3.08871	26.887	-1.73624	193.819	
5.90886	0.19371	3.07063	-23.458	1.9827	203.935	
7.06299	0.110933	3.11137	28.2421	-4.63628	162.149	
6.06659	0.182349	3.07714	10.0824	5.99324	150.825	
3.92905	0.338773	2.94195	26.3971	3.00557	192.205	
7.99033	0.0448691	3.13542	-35.4455	4.17882	203.792	
6.88405	0.12372	3.10597	-21.5214	-3.92945	172.794	
6.42195	0.156814	3.0906	-9.2044	-2.83127	166.766	
6.27083	0.167663	3.08507	-8.46994	7.92202	192.244	
6.75532	0.132929	3.10191	-9.92607	-22.2873	202.543	
6.25439	0.168844	3.08445	-51.8497	3.55618	163.652	
6.11615	0.178783	3.07911	4.82027	5.51694	175.587	
4.65871	0.284604	3.00277	56.8187	0.892696	184.881	
6.13003	0.177784	3.07966	19.9207	-9.26736	189.495	
5.74144	0.20579	3.06332	-15.2083	6.24748	208.568	
4.2756	0.312899	2.97359	-5.84716	5.50761	192.181	
6.46773	0.153531	3.09222	-0.818693	-5.01737	168.195	
6.44797	0.154948	3.09153	-41.5832	1.33595	197.185	
5.26379	0.240392	3.0398	13.132	1.7978	186.2	
6.99273	0.115952	3.10929	23.9545	12.5939	234.316	
6.01747	0.185885	3.07515	-16.4425	-1.23439	189.609	
6.51302	0.150283	3.09381	-58.9843	-0.307984	185.615	
5.71741	0.207526	3.06223	22.0124	4.9669	181.061	
6.27677	0.167237	3.08529	52.4563	-10.1631	192.244	
5.81623	0.200391	3.06664	-33.6266	1.80903	229.138	
5.82858	0.1995	3.06718	-40.3205	12.0738	186.243	
5.83824	0.198803	3.0676	-43.3303	0.88378	168.776	
6.46025	0.154067	3.09196	-40.2607	6.6895	166.196	
6.24199	0.169735	3.08398	17.2687	-9.06675	230.701	
6.32823	0.163541	3.0872	2.07939	-1.8657	203.322	
5.03152	0.257306	3.02669	-56.0335	-9.09679	180.588	
5.0171	0.258358	3.02583	-0.651247	17.2379	172.197	
6.34231	0.16253	3.08772	-6.63881	3.52168	171.213	
6.08756	0.18084	3.07798	-34.1637	4.94882	188.573	
7.01793	0.114152	3.11004	-24.8822	11.9719	179.322	
6.75847	0.132703	3.10201	-29.0461	9.19531	204.776	
5.88752	0.195248	3.06972	-2.79294	0.260644	190.433	
6.1679	0.175061	3.08114	28.2019	-2.73711	193.546	
5.16129	0.247848	3.03417	-7.71238	2.03976	225.329	
6.83111	0.127506	3.10432	9.52511	12.7252	182.095	
5.65727	0.211872	3.05947	-38.6116	3.96349	175.546	
5.93744	0.19165	3.07184	17.4937	-4.57163	187.04	
6.23466	0.170262	3.0837	0.913309	13.4745	206.726	
5.8648	0.196887	3.06875	1.21715	5.35328	202.106	
6.83753	0.127047	3.10452	21.2251	2.15377	204.162	
6.03851	0.18437	3.07601	36.5074	-2.5208	217.779	
5.92743	0.192372	3.07141	18.3803	3.78961	182.162	
6.42791	0.156387	3.09081	9.42745	-6.39847	227.589	
5.37725	0.232152	3.04578	50.7582	0.146093	189.764	
4.91371	0.265911	3.01954	25.6372	2.47985	200.084	
6.49732	0.151409	3.09326	-29.2941	-11.7327	186.114	
5.62126	0.214476	3.05779	23.525	1.00841	237.041	
5.19172	0.245634	3.03586	-13.7703	-5.28316	177.951	
4.40118	0.303592	2.98375	-9.70945	0.971008	176.219	
7.19989	0.10116	3.11532	-13.8693	-1.379	240.642	
7.13801	0.105577	3.11356	29.9853	-2.83596	189.303	
6.75813	0.132727	3.102	16.9766	-10.7091	188.199	
5.82998	0.199399	3.06724	-26.9665	5.38841	182.786	
7.29267	0.0945411	3.11791	28.3055	7.93102	218.223	
6.47547	0.152976	3.0925	-32.6764	-4.5366	193.803	
6.48774	0.152096	3.09293	13.553	8.92505	165.658	
6.21347	0.171785	3.08289	-8.23594	-1.95487	218.846	
7.03316	0.113064	3.11049	-45.1522	10.6368	222.7	
5.62353	0.214312	3.0579	21.1203	-1.35395	218.364	
6.20503	0.172392	3.08257	-32.3586	-2.59717	211.759	
6.16173	0.175504	3.0809	-24.0209	0.942564	147.115	
5.30798	0.237181	3.04216	12.1289	-11.2004	212.677	
4.84482	0.270952	3.01519	9.83085	-1.49019	176.925	
5.88101	0.195718	3.06944	-5.22558	2.91159	239.634	
5.64164	0.213002	3.05874	6.76438	-7.25323	219.336	
5.60953	0.215325	3.05724	5.45961	1.10437	161.201	
6.24115	0.169796	3.08395	30.0818	-8.53094	189.238	
7.23916	0.0983582	3.11643	-19.687	8.74453	207.432	
5.89074	0.195017	3.06986	31.5253	0.635167	177.182	
5.61769	0.214734	3.05762	10.9221	2.27324	186.957	
7.05931	0.111196	3.11127	20.1475	-1.13756	186.256	
7.17751	0.102757	3.11469	-27.0377	3.46876	226.534	
4.44168	0.300598	2.98689	44.1343	5.46019	185.834	
5.25711	0.240878	3.03944	12.392	-4.312	183.007	
4.64698	0.285466	3.00195	36.5093	6.11298	173.351	
4.84113	0.271222	3.01495	-21.5074	-15.5467	157.015	
5.20545	0.244634	3.03662	-1.40493	0.198823	191.772	
6.92027	0.121131	3.10709	-39.6467	-10.9906	196.315	
7.03796	0.112721	3.11064	2.18228	6.69365	213.332	
7.24263	0.0981108	3.11652	16.1432	2.07993	210.868	
5.97381	0.189029	3.07335	17.6692	3.73428	204.134	
6.21578	0.171619	3.08298	-1.33154	-9.99667	207.265	
5.72011	0.207331	3.06235	-48.9572	-9.96992	151.227	
5.96419	0.189723	3.07295	-24.29	-13.733	182.217	
5.01333	0.258634	3.02561	-3.32412	-2.03809	175.624	
7.39539	0.0872167	3.1207	25.4405	7.61988	195.663	
5.99952	0.187177	3.07441	31.7852	-0.419495	154.809	
6.30814	0.164984	3.08646	-11.1894	-19.9464	207.056	
6.55874	0.147006	3.09538	-31.7101	13.5982	268.933	
6.08599	0.180953	3.07792	32.1888	-2.98721	215.026	
6.72046	0.135423	3.10078	-55.0542	-6.97972	186.568	
5.33133	0.235486	3.04339	47.6578	-1.39434	200.901	
5.04279	0.256484	3.02735	-30.7163	0.835484	194.838	
7.18395	0.102298	3.11487	22.3192	4.41386	222.242	
6.21752	0.171494	3.08305	5.5577	-2.60418	213.116	
5.85725	0.197432	3.06842	-6.64362	-7.32482	165.766	
5.08352	0.253514	3.02973	3.24016	-4.87806	192.023	
6.51729	0.149977	3.09395	-35.3142	6.02471	215.397	
6.74036	0.133999	3.10142	-8.14029	9.15922	211.74	
7.6262	0.0707732	3.12669	0.143427	-9.27934	194.099	
7.06586	0.110729	3.11146	16.5053	0.743845	186.562	
6.24569	0.16947	3.08412	3.1978	-3.69118	225.993	
7.07161	0.110317	3.11163	-50.1918	-2.97996	180.867	
6.89325	0.123063	3.10626	46.3865	3.638	151.928	
6.19215	0.173317	3.08208	-4.49043	0.904633	188.841	
6.4554	0.154415	3.09179	-12.0241	-3.90233	152.996	
5.02159	0.258031	3.0261	-24.5867	-11.7105	188.806	
5.69693	0.209006	3.0613	-7.91686	-0.811935	205.014	
4.7714	0.276331	3.01041	11.576	-3.12757	164.525	
5.75471	0.204832	3.06391	27.2911	8.10693	201.394	
6.2034	0.172508	3.08251	34.2354	4.66331	197.503	
5.98631	0.188129	3.07387	-34.1567	-3.34273	275.526	
7.81096	0.0576241	3.13122	6.28595	-8.41941	221.227	
5.8965	0.194601	3.07011	-39.4364	-6.48379	179.184	
5.84185	0.198543	3.06776	31.5774	-8.58719	201.154	
7.02529	0.113626	3.11026	60.9161	-8.65011	223.36	
5.79426	0.201976	3.06567	-13.7297	-3.39747	185.547	
4.98796	0.260485	3.02408	-27.1967	7.49408	207.059	
7.13273	0.105954	3.1134	35.6604	-6.03222	211.648	
6.31415	0.164552	3.08668	-30.3874	4.04717	197.737	
6.24506	0.169515	3.0841	-0.16972	-5.43422	223.562	
7.66545	0.0679791	3.12767	21.9272	4.36478	178.749	
5.39701	0.230719	3.04679	-48.8788	-8.45659	183.688	
5.75387	0.204892	3.06388	3.57867	7.02234	196.711	
6.86749	0.124904	3.10546	6.21715	-0.0471023	217.365	
6.49634	0.151479	3.09323	6.20948	-4.4811	165.151	
6.35541	0.16159	3.0882	-7.32765	0.930222	235.744	
6.51056	0.150459	3.09372	-9.37637	-1.80561	181.619	
5.31638	0.236571	3.04261	-8.48002	-7.10993	195.233	
4.80577	0.273812	3.01267	21.4734	-0.030923	190.07	
5.53066	0.221033	3.05346	-26.8884	-7.89454	194.445	
5.69953	0.208818	3.06142	22.1338	4.47509	206.966	
6.43022	0.156221	3.09089	-6.61125	-0.573297	222.908	
3.59381	0.364141	2.90505	-6.58985	1.41497	152.227	
5.1299	0.250134	3.03239	4.02101	3.59009	153.574	
6.13723	0.177266	3.07994	52.5815	-4.07326	160.494	
7.10924	0.107631	3.11273	-22.3885	0.0151489	209.602	
6.51874	0.149873	3.094	-14.8835	5.28962	186.45	
4.90201	0.266766	3.01881	-25.0814	8.31997	150.218	
5.74312	0.205668	3.06339	32.4991	-2.70404	189.573	
6.13801	0.17721	3.07997	72.4101	-1.61909	161.925	
6.07766	0.181552	3.07758	-25.1776	8.1126	172.672	
5.99735	0.187334	3.07433	7.92806	-4.07545	193.247	
5.5466	0.219878	3.05423	-28.8295	-5.79867	202.77	
5.43531	0.227941	3.04874	38.8352	11.0686	187.823	
5.85915	0.197295	3.0685	-26.418	-12.0015	173.439	
7.18147	0.102474	3.1148	18.3677	-0.979845	173.866	
6.85369	0.125891	3.10503	9.61891	-1.98218	191.034	
6.19298	0.173258	3.08211	29.0755	-4.06572	216.695	
6.70698	0.136388	3.10034	-16.0267	-7.95913	204.837	
6.75435	0.132998	3.10188	26.1545	-1.26592	200.791	
6.42916	0.156298	3.09086	34.7942	1.6712	187.838	
7.49827	0.0798852	3.12341	-17.71	4.07872	224.465	
5.57576	0.217768	3.05563	4.12262	2.60542	231.924	
5.44731	0.227071	3.04934	-7.83111	-5.67998	203.227	
7.22174	0.0996009	3.11594	5.31776	-10.8143	198.458	
5.76238	0.204278	3.06426	-19.5205	5.86905	225.787	
6.04447	0.183941	3.07625	-12.8523	1.16254	203.942	
5.23891	0.242201	3.03846	-8.06356	-12.4472	180.418	
5.93765	0.191635	3.07184	-40.228	-1.58196	177.157	
7.71002	0.0648067	3.12877	46.9372	6.38225	216.634	
7.40291	0.0866807	3.1209	7.45783	4.31751	181.4	
6.04026	0.184244	3.07608	10.9488	-7.49528	191.262	
5.07835	0.253891	3.02943	-0.912543	4.40733	180.445	
6.50554	0.150819	3.09355	-5.39214	-9.69233	180.624	
4.94757	0.263436	3.02163	52.1164	8.184	194.035	
7.90895	0.050655	3.13354	32.509	4.34901	208.194	
6.92801	0.120577	3.10733	-34.6814	-15.4184	208.082	
6.02347	0.185453	3.07539	-22.201	-0.607161	162.999	
6.17888	0.174271	3.08156	-31.446	4.01586	234.722	
6.74132	0.13393	3.10146	0.102791	-1.12216	227.355	
5.80622	0.201113	3.0662	-23.7573	3.65703	175.81	
4.9867	0.260577	3.02401	42.5852	14.247	216.321	
6.17164	0.174792	3.08128	30.5814	-8.39621	209.107	
6.63704	0.141397	3.09803	39.6843	-0.886809	194.995	
7.61831	0.0713354	3.12649	17.9152	10.7506	184.132	
7.31332	0.0930686	3.11848	-10.338	-4.05443	181.399	
7.68562	0.0665435	3.12817	-36.9092	2.78647	199.88	
5.8209	0.200054	3.06684	2.81143	-9.58486	243.959	
4.98353	0.260809	3.02382	34.6396	-2.03208	201.938	
6.90881	0.12195	3.10674	-6.58272	15.5372	219.875	
8.16536	0.0324316	3.13933	-30.5002	4.5009	159.75	
6.79499	0.13009	3.10318	-39.3171	9.59648	211.91	
5.92044	0.192875	3.07112	-81.8344	-3.67018	199.251	
5.75418	0.20487	3.06389	-14.9392	-10.8448	183.797	
4.5646	0.29153	2.99608	-38.8694	-13.0351	187.845	
5.46497	0.225791	3.05023	-13.7076	2.80672	227.935	
5.02911	0.257482	3.02654	-14.1755	-1.9175	196.083	
7.28917	0.0947909	3.11781	0.588772	-0.205534	234.74	
7.18278	0.102381	3.11484	11.5326	10.1021	192.026	
5.21395	0.244016	3.03709	-4.37727	6.27076	198.194	
6.88629	0.12356	3.10604	48.3345	5.28043	172.825	
6.7922	0.130289	3.10309	-24.3119	-0.716627	170.758	
6.74571	0.133616	3.1016	16.3777	4.52012	208.627	
6.72602	0.135025	3.10096	44.7902	-6.44218	205.287	
6.58203	0.145337	3.09618	0.251044	-7.48956	210.092	
6.54577	0.147935	3.09494	-34.1738	-11.3314	143.652	
5.81248	0.200662	3.06647	35.2065	5.65324	202.707	
6.80305	0.129513	3.10343	-22.51	4.99074	151.741	
7.15009	0.104715	3.1139	-35.3805	7.67116	212.821	
7.08623	0.109274	3.11206	2.28791	12.4699	219.263	
5.98743	0.188048	3.07392	2.29997	-0.619016	185.89	
6.38168	0.159704	3.08915	-1.45104	4.41647	211.026	
7.69541	0.0658463	3.12841	-34.0361	-6.76744	224.468	
6.2639	0.168161	3.08481	8.02232	1.48944	201.139	
7.84894	0.0549228	3.13213	5.2145	-3.29185	197.371	
6.51017	0.150487	3.09371	-20.2368	1.72908	189.732	
5.43395	0.22804	3.04867	13.5323	3.03094	213.207	
4.89943	0.266955	3.01865	-6.74073	-8.8667	224.781	
5.68255	0.210045	3.06064	-43.8533	-3.72032	211.117	
4.1249	0.324113	2.96053	0.128644	-9.37866	184.248	
7.03447	0.112971	3.11053	37.7458	1.01628	185.62	
7.83121	0.0561839	3.1317	-9.53823	-1.56162	171.505	
5.5208	0.221746	3.05298	-34.0451	3.42552	173.337	
6.24559	0.169477	3.08412	5.49552	8.59974	173.696	
6.00108	0.187065	3.07448	8.6093	2.1812	195.876	
5.28268	0.239019	3.04082	-4.29459	-4.37727	158.074	
7.05624	0.111415	3.11118	-29.186	2.4952	188.384	
6.77017	0.131866	3.10238	-20.7969	1.87186	181.452	
6.23255	0.170413	3.08362	15.756	-5.62362	181.773	
5.57578	0.217767	3.05563	5.92536	-16.0223	191.749	
6.1181	0.178642	3.07919	-3.47138	-13.1445	209.867	
6.45389	0.154523	3.09174	8.54026	-7.64121	203.246	
6.74196	0.133885	3.10148	-1.05648	-9.21896	209.667	
7.06318	0.110919	3.11138	9.80726	1.30507	215.548	
4.92345	0.265198	3.02014	11.8731	0.963736	214.179	
7.37703	0.0885253	3.12021	-56.9453	-9.96611	177.598	
5.02852	0.257525	3.02651	-7.64768	-5.50546	168.194	
5.66927	0.211005	3.06003	-27.088	11.6401	210.246	
7.61165	0.0718096	3.12632	-8.99193	-5.3231	197.966	
5.7255	0.206942	3.0626	-26.5014	-3.22206	228.326	
5.94126	0.191375	3.072	2.88291	-7.01039	188.156	
7.08612	0.109281	3.11205	-13.1302	0.00607946	188.025	
6.14343	0.17682	3.08019	25.5426	6.65949	186.634	
7.14741	0.104906	3.11383	17.481	-10.2154	224.593	
6.96631	0.11784	3.10849	17.7656	0.926455	227.554	
6.60614	0.14361	3.09699	21.8796	7.10487	206.341	
7.02232	0.113838	3.11017	-14.1498	-11.932	186.348	
5.50794	0.222678	3.05235	6.29304	-0.688296	176.274	
4.00357	0.333182	2.94925	-28.1986	-8.68574	175.171	
5.45772	0.226316	3.04986	6.3941	8.40096	180.334	
6.80614	0.129292	3.10353	-39.9306	-1.74503	192.362	
6.46873	0.153459	3.09226	-46.9876	0.487742	143.66	
6.84379	0.126599	3.10472	-48.3864	7.09795	212.922	
7.00913	0.114781	3.10978	18.6075	9.28452	215.468	
6.4732	0.153138	3.09242	-23.2979	7.99668	203.469	
5.63771	0.213286	3.05856	-0.868208	8.59722	167.417	
6.00826	0.186548	3.07477	-4.15702	9.955	214.108	
7.43603	0.0843203	3.12178	15.2631	-8.15419	194.629	
6.52633	0.149329	3.09427	8.51822	0.94338	197.798	
6.60347	0.143801	3.0969	12.4078	0.201849	197.228	
6.79565	0.130043	3.1032	-13.5892	-7.67494	233.611	
6.93269	0.120243	3.10747	-13.5569	-8.95935	216.007	
7.42173	0.0853391	3.1214	31.0818	-0.981125	179.027	
5.05372	0.255687	3.02799	4.97797	-1.54085	207.826	
6.33835	0.162814	3.08757	-2.62888	2.01436	239.381	
5.34215	0.2347	3.04396	4.58621	5.41434	190.941	
4.66577	0.284085	3.00326	35.4305	-6.57553	217.036	
7.41994	0.0854669	3.12135	7.32554	-7.49391	189.746	
6.9298	0.12045	3.10738	11.4858	10.1429	182.557	
5.80391	0.20128	3.0661	14.981	-10.9662	223.095	
6.04878	0.183631	3.07642	-8.51723	-5.4162	187.405	
5.69378	0.209233	3.06115	-26.1427	-7.32114	203.096	
4.33112	0.308781	2.97816	8.42033	-8.75828	224.527	
5.87916	0.195851	3.06936	-30.1009	-5.71497	186.572	
5.42598	0.228617	3.04827	36.9717	-7.11592	181.452	
5.28494	0.238855	3.04094	46.5799	-5.16027	136.064	
4.90396	0.266624	3.01893	4.72276	4.68709	186.799	
6.53235	0.148897	3.09448	-19.8856	-7.0963	211.794	
7.80048	0.05837	3.13097	78.4805	14.8729	190.64	
6.66678	0.139266	3.09902	27.7117	1.30355	234.716	
5.78093	0.202939	3.06508	-3.05575	5.17347	171.559	
4.23715	0.315755	2.97035	-25.9479	-5.6488	167.227	
4.03122	0.331112	2.95189	-75.1616	-10.7849	196.775	
5.36521	0.233026	3.04516	23.305	6.52167	147.773	
5.35122	0.234042	3.04443	-16.9209	8.80344	163.492	
5.63461	0.213511	3.05842	-57.1975	-3.28345	193.132	
6.4935	0.151682	3.09313	-11.7474	2.73297	203.518	
5.84736	0.198145	3.06799	-59.155	4.68817	190.317	
5.28557	0.23881	3.04097	12.5055	3.21883	153.758	
6.89061	0.123251	3.10618	6.59338	-7.48698	231.521	
6.44128	0.155428	3.09129	1.98864	1.72967	206.538	
6.33888	0.162776	3.08759	9.57576	2.10097	178.101	
7.33648	0.0914171	3.11911	5.91659	-2.89824	154.752	
7.83783	0.0557132	3.13186	-55.0917	3.54507	199.728	
5.52505	0.221439	3.05319	-5.11864	-3.33971	185.846	
5.27871	0.239308	3.0406	-11.8708	-16.4073	178.376	
7.39192	0.0874638	3.12061	-31.5763	-3.88257	195.224	
5.69658	0.209031	3.06128	-26.1015	-1.03865	176.246	
5.63336	0.213601	3.05836	19.5259	8.85252	197.076	
6.46042	0.154055	3.09197	-2.87242	-8.51763	173.075	
6.05869	0.182917	3.07682	-19.001	10.0402	208.525	
5.41203	0.229629	3.04756	0.30383	3.2543	176.098	
4.34814	0.307519	2.97953	-3.22953	4.71667	180.239	
7.39261	0.0874146	3.12063	-18.2898	-2.70129	179.953	
5.48462	0.224368	3.0512	-24.9685	12.3485	170.869	
6.4192	0.157012	3.0905	-8.97525	7.75831	217.827	
7.60811	0.0720618	3.12623	19.5799	10.5101	225.258	
6.11595	0.178797	3.07911	-30.1017	1.11234	167.454	
5.62217	0.21441	3.05783	-33.6877	2.23303	155.222	
7.31485	0.0929591	3.11852	-22.6703	-1.01562	190.156	
4.96065	0.26248	3.02243	47.7598	0.68431	205.476	
6.19618	0.173028	3.08223	-5.62072	-7.72437	248.537	
5.68731	0.209701	3.06086	34.5962	4.23248	192.057	
7.65719	0.0685671	3.12746	-3.22509	4.55147	196.074	
5.91391	0.193346	3.07084	16.7252	-4.25001	220.173	
6.64312	0.140961	3.09823	1.39205	-11.4407	210.562	
5.51993	0.221809	3.05294	9.38262	0.301903	207.615	
5.16841	0.24733	3.03456	28.3192	-1.70366	180.217	
6.82724	0.127783	3.1042	25.1595	-3.98574	230.151	
6.77617	0.131436	3.10258	-23.0044	-4.80892	238.741	
7.21284	0.100236	3.11569	8.38962	-10.2468	154.476	
6.36721	0.160742	3.08863	57.214	5.91927	179.161	
5.80838	0.200957	3.06629	9.49677	5.34207	186.579	
6.09146	0.180559	3.07813	10.0539	6.52801	159.911	
5.55288	0.219424	3.05454	29.1025	-6.79977	164.5	
6.95275	0.11881	3.10808	12.9119	-10.8741	155.883	
7.25396	0.0973023	3.11684	-39.6925	-4.81267	202.932	
7.504	0.0794769	3.12356	9.28561	-13.1701	172	
6.96972	0.117596	3.1086	9.79644	-6.63036	174.156	
5.49525	0.223597	3.05173	-1.17611	-3.33996	236.675	
7.14773	0.104883	3.11384	1.34011	-8.13378	191.723	
6.88147	0.123905	3.10589	8.14789	3.65536	208.053	
6.49757	0.151391	3.09327	-8.4371	4.07912	212.181	
5.81772	0.200284	3.0667	-0.75167	10.7934	220.327	
6.06291	0.182614	3.07699	2.63162	9.00082	220.438	
7.84638	0.0551043	3.13206	-5.02671	-7.05188	212.024	
6.72086	0.135394	3.10079	-34.2752	3.09238	212.548	
6.90601	0.12215	3.10665	25.9528	7.68497	156.649	
6.7157	0.135764	3.10062	-29.5004	-8.37974	173.149	
6.8203	0.128279	3.10398	-0.693207	12.2168	191.851	
6.38365	0.159563	3.08922	11.5955	0.348544	218.285	
6.29361	0.166027	3.08592	-11.3877	9.86019	247.475	
5.76459	0.204119	3.06435	-55.3432	16.2652	195.212	
7.86227	0.0539748	3.13244	30.2814	0.2144	227.98	
5.36696	0.232899	3.04525	-0.30294	12.634	168.217	
4.70165	0.28145	3.00573	21.8426	-3.6267	226.791	
6.25433	0.168848	3.08445	-52.8123	-5.36822	138.008	
6.22336	0.171074	3.08327	16.1763	-7.16615	213.656	
7.00208	0.115284	3.10957	-9.78835	6.01977	220.967	
5.69879	0.208871	3.06138	36.6517	-0.226505	209.603	
5.89902	0.194419	3.07021	-12.0477	15.8415	165.263	
7.05976	0.111164	3.11128	42.2155	-7.09305	219.248	
7.06487	0.110799	3.11143	50.443	-13.7174	207.632	
6.06004	0.18282	3.07688	67.5676	-6.53404	171.864	
7.41541	0.0857894	3.12123	15.3233	0.985142	160.721	
6.33314	0.163188	3.08738	-15.2684	-7.95197	226.82	
6.34267	0.162505	3.08773	-29.5879	-2.51382	218.949	
7.77967	0.0598501	3.13047	21.2923	13.2494	224.388	
4.58149	0.290286	2.9973	37.7579	7.42208	174.252	
7.59098	0.0732812	3.1258	18.4789	-1.55987	202.852	
6.03485	0.184634	3.07586	-1.52148	-17.6887	233.212	
6.23651	0.170129	3.08377	16.5513	11.2728	212.866	
6.66276	0.139554	3.09888	-18.3144	6.15304	190.668	
6.96233	0.118124	3.10837	-38.5161	7.06009	179.625	
7.23154	0.0989019	3.11621	-23.859	-8.4527	198.67	
5.66412	0.211377	3.05979	13.8324	-6.66609	222.276	
6.2974	0.165755	3.08606	5.05247	-1.92117	195.664	
7.06269	0.110955	3.11137	-13.2524	-10.1573	207.454	
6.69003	0.137601	3.09978	7.83228	4.22792	191.931	
6.82933	0.127633	3.10426	-44.4677	2.95699	197.294	
6.50163	0.1511	3.09341	24.9547	-6.22575	157.621	
4.07176	0.32808	2.95568	42.7184	8.06089	170.903	
5.81649	0.200372	3.06665	35.5361	7.40196	158.932	
6.58006	0.145479	3.09611	11.6315	-2.16801	173.88	
7.25098	0.097515	3.11676	18.0329	4.64786	201.556	
7.0638	0.110875	3.1114	-0.177019	-9.60739	185.592	
6.16648	0.175163	3.08108	25.9093	6.05524	221.208	
5.73087	0.206553	3.06284	47.0752	2.13772	204.886	
6.96764	0.117745	3.10853	-21.1092	-0.332056	175.127	
6.6581	0.139888	3.09873	5.78948	4.09176	211.786	
7.56242	0.0753154	3.12507	-22.9214	-3.46005	204.473	
6.18315	0.173964	3.08173	-6.20478	-2.44893	196.606	
6.5918	0.144637	3.09651	64.8318	-2.24275	177.476	
6.03695	0.184482	3.07594	-9.3533	0.824018	219.362	
6.34988	0.161987	3.08799	-29.3937	-9.4781	187.92	
5.92372	0.192639	3.07126	-55.7908	-2.16785	185.097	
7.34061	0.091122	3.11922	21.4694	11.3474	245.629	
6.16791	0.17506	3.08114	-9.51083	-2.82022	225.869	
7.88225	0.0525538	3.13291	40.3173	-12.0428	193.213	
5.13539	0.249734	3.0327	-55.7181	4.53764	182.77	
6.52101	0.14971	3.09408	10.4502	4.89074	195.31	
6.77148	0.131772	3.10243	-8.30102	-0.769431	215.754	
6.52118	0.149698	3.09409	-37.8676	1.91881	186.833	
6.42366	0.156692	3.09066	-8.53467	-10.7163	189.112	
5.42126	0.22896	3.04803	31.2252	-10.7053	167.404	
5.80592	0.201135	3.06619	-32.5944	-11.0442	211.741	
6.62585	0.142198	3.09765	-25.4482	3.61054	220.739	
6.62736	0.14209	3.0977	-0.405919	10.8546	185.897	
6.46423	0.153781	3.0921	-13.1634	-3.85938	192.085	
6.04288	0.184056	3.07618	11.9594	-12.037	220.986	
6.69823	0.137015	3.10005	24.4348	5.70462	220.182	
5.52312	0.221578	3.05309	48.7663	-5.27312	179.757	
7.157	0.104221	3.1141	-47.817	-5.21711	212.363	
7.04455	0.11225	3.11083	-1.47683	-10.6734	161.73	
5.97262	0.189115	3.0733	2.1992	-12.0435	202.237	
5.56543	0.218515	3.05514	-25.3291	-9.18921	187.688	
5.0758	0.254076	3.02928	14.5325	7.30315	209.649	
6.02525	0.185325	3.07547	31.8596	-7.27955	153.954	
6.69265	0.137414	3.09987	-15.2347	-5.29859	196.491	
5.90958	0.193658	3.07066	14.6758	13.1528	197.348	
7.24021	0.0982831	3.11646	27.7965	8.56971	197.719	
7.47379	0.0816294	3.12278	-41.6387	-3.02925	224.423	
4.91139	0.26608	3.01939	-46.0858	-15.5699	165.379	
5.3412	0.234769	3.04391	-12.8715	-6.34408	180.753	
5.20819	0.244435	3.03677	19.0704	6.03643	159.575	
8.0287	0.0421419	3.13629	-42.7236	-18.5951	194.829	
6.52476	0.149442	3.09421	-64.3592	1.54506	188.831	
6.90105	0.122505	3.1065	-11.1659	-0.513824	185.783	
6.30808	0.164988	3.08646	16.1195	6.49287	185.636	
7.47782	0.0813424	3.12288	1.31044	2.48515	227.399	
5.72057	0.207298	3.06237	29.912	-6.18301	194.125	
5.97943	0.188625	3.07359	-18.6037	-22.4007	199.031	
7.20674	0.100671	3.11552	-11.7858	-14.6227	191.226	
5.12701	0.250344	3.03223	17.4421	7.4419	147.369	
7.16384	0.103733	3.1143	15.2591	6.01697	202.424	
6.37693	0.160045	3.08898	-34.6428	7.94007	194.547	
5.93362	0.191926	3.07168	-12.3662	2.79034	255.857	
5.72626	0.206886	3.06263	-19.2225	-4.94398	178.748	
5.17621	0.246763	3.035	-71.7237	0.218065	175.234	
5.2864	0.238749	3.04101	55.909	6.90012	185.557	
5.31948	0.236346	3.04277	3.95296	0.632997	170.44	
5.99281	0.187661	3.07414	30.8804	8.224	169.6	
7.23029	0.098991	3.11618	-56.9441	-3.68672	182.209	
7.15244	0.104547	3.11397	-30.5791	-9.9781	212.519	
5.77369	0.203461	3.06476	2.21843	-4.37369	178.275	
6.51769	0.149949	3.09397	-45.5729	9.64289	188.096	
6.35424	0.161674	3.08815	13.6258	-6.87844	205.332	
5.30795	0.237184	3.04216	27.0347	-5.34961	194.42	
6.92566	0.120746	3.10725	-11.5644	-3.35534	219.793	
5.53035	0.221055	3.05344	0.839097	-4.6196	168.04	
6.5679	0.14635	3.09569	-3.0637	-10.3829	223.911	
6.28015	0.166994	3.08542	-40.4478	9.16715	177.506	
3.70039	0.356033	2.91757	14.3081	6.8581	204.303	
5.09808	0.252453	3.03057	-11.0047	1.82558	183.359	
6.91626	0.121417	3.10697	-33.1826	-1.03002	195.071	
5.98298	0.188369	3.07373	-21.4857	-9.29559	155.197	
5.62245	0.21439	3.05785	0.936375	-3.80564	174.802	
7.23228	0.0988488	3.11623	0.450437	-6.50987	190.672	
6.14259	0.176881	3.08015	34.8903	-11.7765	193.794	
6.52738	0.149254	3.0943	20.4	-0.125273	208.241	
7.17452	0.10297	3.1146	23.6951	-2.46021	204.551	
4.04026	0.330435	2.95274	10.3528	9.34244	189.929	
5.90542	0.193958	3.07048	-55.0268	-6.19506	205.617	
7.83167	0.0561509	3.13172	-16.6118	-9.32707	214.91	
6.70477	0.136547	3.10027	18.6128	2.92894	190.28	
6.68741	0.137789	3.0997	27.4155	-1.63533	189.785	
6.33645	0.162951	3.0875	-12.0496	6.49544	170.127	
5.62648	0.214098	3.05804	-29.6849	7.11921	190.659	
6.74253	0.133843	3.10149	-12.8083	-4.61444	208.275	
5.90592	0.193922	3.07051	4.89674	-11.7623	164.373	
6.21242	0.17186	3.08285	-12.4789	0.411504	191.855	
5.87822	0.195919	3.06932	15.1911	-1.17524	157.588	
6.91165	0.121747	3.10683	32.1936	3.71123	200.6	
6.08194	0.181244	3.07775	-15.4445	-2.69218	164.293	
5.46226	0.225988	3.05009	-13.2506	-12.2641	200.356	
5.7156	0.207657	3.06215	-1.63969	-4.13644	167.803	
6.51818	0.149913	3.09399	-15.7975	-8.41231	196.953	
5.1744	0.246894	3.0349	9.27461	5.78671	159.174	
7.38466	0.087982	3.12041	-9.61661	0.546199	212.241	
4.22038	0.317002	2.96892	-4.92629	-11.7781	195.137	
5.75364	0.204909	3.06387	16.1946	9.93256	215.751	
7.60982	0.07194	3.12627	3.09264	-1.87265	171.228	
6.7066	0.136415	3.10033	23.5524	-10.8566	163.299	
5.20912	0.244368	3.03682	-23.9387	8.77387	211.075	
5.48274	0.224503	3.05111	39.2806	11	178.172	
5.42954	0.228359	3.04845	-23.9517	-9.07216	202.053	
6.06947	0.182141	3.07725	22.0894	5.96167	191.025	
4.1555	0.321831	2.96327	-61.2915	-4.15106	163.722	
6.26461	0.16811	3.08483	-9.58929	9.67684	195.265	
5.85805	0.197374	3.06846	-57.0606	0.587731	209.531	
7.02496	0.11365	3.11025	38.0565	-13.1235	203.974	
5.62249	0.214387	3.05785	28.3473	4.2859	209.171	
6.70965	0.136197	3.10043	-5.28095	6.49392	195.674	
6.27263	0.167534	3.08513	-51.0815	-2.41875	220.02	
4.80198	0.27409	3.01242	17.3438	-9.11102	162.581	
6.38159	0.159711	3.08915	10.89	1.28721	182.328	
6.83772	0.127033	3.10453	18.9431	17.678	179.419	
4.78985	0.274978	3.01163	8.39042	9.11444	231.507	
6.79604	0.130015	3.10321	-19.6201	2.34026	184.008	
7.84211	0.0554081	3.13196	18.9307	8.6779	232.433	
6.68938	0.137648	3.09976	1.73888	1.46591	199.755	
6.10027	0.179925	3.07848	6.90344	-11.9815	169.604	
5.75775	0.204612	3.06405	-9.86813	0.199429	193.807	
5.96829	0.189427	3.07312	-8.96161	-0.689419	186.618	
6.46926	0.153421	3.09228	17.6227	3.4111	167.525	
5.49485	0.223626	3.05171	-55.7032	5.90021	190.781	
6.454	0.154515	3.09174	-9.43731	-10.949	212.63	
5.97255	0.18912	3.0733	-33.0364	1.87063	174.888	
7.01319	0.11449	3.1099	11.3307	-10.2277	221.499	
6.38407	0.159533	3.08924	7.20191	-5.98395	184.91	
7.12322	0.106633	3.11313	-39.8484	9.26079	211.805	
6.51366	0.150237	3.09383	-4.55533	-7.68909	219.362	
7.77736	0.0600145	3.13041	-19.2934	4.59654	180.417	
6.77915	0.131223	3.10267	-18.48	-12.4366	217.395	
5.49899	0.223326	3.05191	-8.04413	5.43306	191.254	
5.58014	0.217451	3.05584	18.6711	-9.98058	188.075	
6.75907	0.13266	3.10203	16.2689	-3.87272	175.662	
5.70759	0.208235	3.06179	63.2336	-5.04709	195.519	
5.26079	0.24061	3.03964	43.0036	-3.31414	220.552	
7.20579	0.100739	3.11549	-4.42157	-5.08229	194.592	
7.44017	0.0840247	3.12189	-89.13	12.7999	221.867	
5.47913	0.224765	3.05093	-26.3398	11.1588	210.709	
7.28355	0.0951913	3.11766	-29.1743	2.58198	209.462	
6.021	0.18563	3.07529	-28.1017	-7.73111	188.689	
5.62636	0.214107	3.05803	-6.29026	2.06015	217.834	
5.8477	0.198121	3.06801	18.4195	-2.46886	134.866	
6.6567	0.139988	3.09868	-25.2382	4.08184	174.865	
6.95726	0.118487	3.10822	27.4004	1.38132	238.004	
7.30416	0.0937218	3.11823	-59.2546	7.6436	182.582	
6.07551	0.181706	3.0775	8.54817	-1.9832	163.061	
6.36378	0.160989	3.0885	41.6546	0.771929	196.363	
7.48243	0.0810137	3.123	9.21613	-15.0438	192.848	
7.17194	0.103155	3.11453	61.5386	8.84138	215.88	
5.7198	0.207353	3.06234	55.2063	-8.91052	201.289	
4.90605	0.266471	3.01906	-2.92348	-6.76923	199.66	
4.98649	0.260592	3.024	-39.4545	-3.71265	182.122	
6.00091	0.187078	3.07447	27.8804	4.82237	169.326	
6.78691	0.130668	3.10292	20.4869	2.33702	205.477	
6.79342	0.130202	3.10313	-13.4929	-9.30194	198.597	
5.99541	0.187474	3.07425	-14.1211	-14.7644	173.123	
6.28142	0.166903	3.08546	-2.90076	-2.21319	202.48	
6.35883	0.161344	3.08832	-5.28662	6.83448	183.837	
6.92134	0.121054	3.10712	1.5655	-7.78794	214.173	
6.83655	0.127117	3.10449	-30.8091	0.49278	208.434	
6.2883	0.166408	3.08572	-33.9487	-4.14154	188.303	
6.95286	0.118801	3.10808	26.4432	5.76383	180.982	
7.34197	0.091025	3.11926	-50.9949	16.9842	182.301	
7.12985	0.106159	3.11332	-41.5967	-3.84319	198.333	
6.3761	0.160105	3.08895	13.363	12.7719	207.943	
7.30758	0.093478	3.11832	31.5159	2.46093	211.678	
6.75203	0.133164	3.1018	-32.3755	3.01961	230.258	
7.17988	0.102588	3.11475	11.77	-8.08894	197.538	
5.36142	0.233302	3.04496	-1.43384	-12.5938	185.227	
7.98729	0.0450849	3.13535	56.1866	4.99373	175.342	
6.55412	0.147337	3.09522	-19.6739	-17.0087	190.553	
6.17225	0.174748	3.08131	2.03805	12.2211	190.438	
6.01812	0.185838	3.07518	15.9132	8.35406	195.572	
4.63187	0.286578	3.00089	16.173	-8.30788	177.655	
6.6651	0.139387	3.09896	-19.2943	15.0495	194.477	
7.3988	0.0869739	3.12079	-17.8983	11.4514	189.839	
6.88416	0.123712	3.10598	-29.1211	-3.98039	197.619	
7.37022	0.089011	3.12002	30.2107	8.66854	204.302	
4.74267	0.278439	3.0085	14.6084	-6.57215	214.504	
6.17036	0.174884	3.08123	62.0083	7.94336	162.655	
7.27116	0.0960756	3.11732	14.6871	7.95253	203.367	
6.06692	0.182325	3.07715	-28.3635	-2.04083	184.86	
5.45312	0.22665	3.04963	0.865718	-13.8084	175.029	
5.62497	0.214208	3.05796	8.20459	-8.00853	177.826	
6.31264	0.164661	3.08662	4.21224	-6.23334	180.749	
6.50917	0.150559	3.09367	-28.7906	7.25633	190.114	
5.54672	0.219869	3.05424	-22.8478	-8.09582	193.731	
5.66322	0.211442	3.05975	5.22354	5.57429	166.902	
7.21833	0.0998441	3.11584	-16.0127	4.18821	218.188	
5.76401	0.20416	3.06433	2.22204	1.1918	158.472	
6.42048	0.15692	3.09055	-26.1773	0.349153	196.621	
6.68062	0.138275	3.09947	14.3642	2.32646	193.445	
7.07274	0.110237	3.11166	-6.62051	7.26872	203.275	
5.52101	0.221731	3.05299	40.3065	-6.47579	164.525	
5.61675	0.214802	3.05758	8.40504	-3.15705	199.877	
7.93422	0.0488577	3.13413	1.81645	8.39467	215.446	
7.18374	0.102312	3.11486	7.23892	-22.5107	205.57	
5.99911	0.187207	3.0744	49.6234	4.21317	195	
6.6869	0.137826	3.09968	56.8013	-5.00548	212.009	
6.77457	0.131551	3.10253	-24.1679	-18.6998	200.36	
7.45416	0.083028	3.12226	32.6802	-2.87922	177.436	
6.31616	0.164408	3.08676	12.4014	10.3111	168.535	
6.82715	0.127789	3.1042	-1.73794	4.35893	252.065	
5.30982	0.237048	3.04226	-37.5795	-0.0352655	199.345	
6.27655	0.167253	3.08528	22.6301	-1.33202	186.342	
5.62951	0.213879	3.05818	45.0365	-4.39222	213.746	
6.99218	0.115992	3.10927	11.7626	9.56342	195.394	
7.26009	0.0968652	3.11701	25.4232	4.18674	242.116	
6.42561	0.156552	3.09073	19.6225	-1.4729	243.582	
4.14943	0.322284	2.96273	74.2062	6.19039	194.998	
6.42077	0.1569	3.09056	-14.2876	-22.479	207.62	
6.563	0.146701	3.09553	-4.42474	4.21216	189.321	
6.76572	0.132184	3.10224	-19.6437	1.56518	229.158	
5.71169	0.207939	3.06197	20.6921	9.36844	175.028	
5.95094	0.190677	3.0724	56.297	-5.7508	182.998	
5.80144	0.201458	3.06599	-32.1485	-2.7576	180.612	
5.9014	0.194248	3.07031	-15.0427	4.89515	191.846	
6.0285	0.185091	3.0756	4.58311	0.901872	233.154	
6.99882	0.115517	3.10947	45.7155	1.39457	190.663	
5.49554	0.223576	3.05174	5.64434	-4.62211	234.618	
6.79321	0.130217	3.10312	-14.0526	-13.3179	241.109	
7.47015	0.0818889	3.12268	1.71724	8.82617	192.442	
5.08689	0.253268	3.02993	47.1153	1.52826	235.697	
5.16409	0.247645	3.03432	-14.1314	-5.37453	209.448	
5.13672	0.249637	3.03278	8.63829	6.31291	182.471	
5.99835	0.187262	3.07437	-9.13477	3.41716	183.867	
7.09746	0.108472	3.11238	13.249	-10.6541	162.958	
5.93105	0.19211	3.07157	-9.44856	-4.99226	190.036	
6.80498	0.129375	3.10349	-13.1021	5.70569	192.949	
6.13703	0.17728	3.07993	-3.32673	-11.6714	210.081	
6.75594	0.132884	3.10193	34.74	-13.0525	214.409	
6.17009	0.174903	3.08122	88.0015	13.1934	203.641	
7.76562	0.06085	3.13013	-6.60761	2.00693	191.376	
6.75695	0.132812	3.10196	-16.8114	-0.465775	162.652	
5.16844	0.247328	3.03457	-13.0162	11.0591	178.833	
5.34451	0.234529	3.04408	-17.5076	-10.6559	188.09	
5.70423	0.208478	3.06163	9.74642	-6.8878	202.199	
4.40821	0.303073	2.9843	5.18509	8.55968	205.031	
7.08585	0.109301	3.11204	40.5746	-1.67351	234.696	
5.26179	0.240538	3.03969	-20.0177	-11.1944	210.85	
6.43256	0.156053	3.09098	-19.6677	-5.55538	174.751	
6.41141	0.157571	3.09022	-16.4962	-1.24663	166.367	
7.09675	0.108523	3.11236	-19.5229	-7.1428	214.254	
7.1875	0.102045	3.11497	-14.6712	-0.561787	143.282	
6.60265	0.14386	3.09687	3.50032	0.176272	147.472	
5.70256	0.208599	3.06156	-14.965	-1.41193	188.136	
6.44545	0.155129	3.09144	53.41	6.3818	214.622	
5.49057	0.223936	3.0515	-9.12735	-1.05058	199.447	
7.46664	0.0821385	3.12259	-10.9069	-3.78449	161.996	
5.25217	0.241237	3.03917	7.03063	7.88979	165.87	
6.25264	0.16897	3.08438	-25.8794	5.89586	210.474	
5.76147	0.204344	3.06422	-9.26413	4.72345	180.604	
7.10361	0.108033	3.11256	16.4709	4.60163	226.018	
5.76071	0.204398	3.06418	3.16242	8.95004	156.918	
5.7516	0.205056	3.06377	31.4552	0.971531	243.4	
6.57535	0.145816	3.09595	5.0998	5.72432	203.794	
5.1917	0.245635	3.03586	-19.6834	1.61973	199.999	
6.7535	0.133059	3.10185	-48.3768	3.26234	179.41	
5.47942	0.224744	3.05094	-5.04209	9.0328	233.666	
6.32509	0.163766	3.08708	21.5859	12.0148	154.33	
6.08836	0.180782	3.07801	20.2088	-1.45913	165.26	
5.1408	0.249341	3.03301	-20.5248	2.52743	166.592	
6.35752	0.161438	3.08827	-12.0865	-0.227667	165.153	
5.77473	0.203386	3.06481	-6.95988	-7.18311	199.734	
7.64791	0.0692276	3.12723	41.7074	9.42111	189.518	
7.24296	0.0980872	3.11653	-3.3872	0.0592241	208.721	
7.51867	0.078432	3.12394	15.5385	6.53475	166.358	
7.07317	0.110207	3.11167	0.319704	9.62566	157.729	
6.61286	0.143129	3.09722	61.5792	-6.04914	160.6	
6.11569	0.178816	3.07909	-12.4912	-0.0356605	209.548	
6.0314	0.184882	3.07572	19.1113	4.98972	203.664	
7.59558	0.0729537	3.12591	-24.8739	12.3157	192.407	
7.55958	0.0755178	3.125	-41.4444	-6.32736	187.499	
6.99107	0.116071	3.10924	13.0075	5.68406	172.497	
6.13631	0.177332	3.07991	-38.4675	3.55309	201.679	
6.46238	0.153914	3.09203	3.35009	0.409982	177.189	
4.90714	0.266391	3.01913	13.9916	12.2596	204.848	
7.00625	0.114986	3.10969	-4.50094	2.93968	206.452	
3.79643	0.348763	2.9282	0.284229	5.54407	181.416	
6.54887	0.147714	3.09504	4.3075	-8.67248	196.99	
6.62477	0.142275	3.09762	-2.12532	3.42716	191.587	
4.02957	0.331235	2.95173	59.1616	1.32316	158.324	
6.31245	0.164674	3.08662	-32.4088	-8.25639	185.284	
6.39489	0.158756	3.08963	-35.3319	-16.0746	185.244	
5.18725	0.245959	3.03562	-9.70207	4.70386	176.904	
5.48556	0.224299	3.05125	5.92805	3.27103	176.549	
7.14466	0.105102	3.11375	53.447	0.671941	195.984	
5.08824	0.25317	3.03	3.15941	-5.5443	173.878	
6.3372	0.162897	3.08753	-41.411	-1.70753	235.402	
7.52077	0.0782822	3.124	23.3407	-0.387531	193.841	
4.94742	0.263447	3.02162	-24.465	8.13552	194.344	
6.61459	0.143004	3.09728	10.1602	3.90966	205.335	
7.08967	0.109028	3.11216	15.152	3.84766	213.795	
5.89409	0.194775	3.07	-2.927	0.466337	179.754	
5.03529	0.257031	3.02691	38.4715	3.02141	194.345	
7.4932	0.0802465	3.12328	-32.1481	-4.30934	182.783	
5.85117	0.19787	3.06816	-10.2542	-3.86371	187.213	
6.63624	0.141454	3.098	-55.7354	1.97874	195.074	
5.51487	0.222176	3.05269	-16.0001	7.97272	205.705	
7.06902	0.110503	3.11155	57.324	3.25788	193.27	
5.30352	0.237506	3.04193	47.3135	5.44335	186.247	
5.92814	0.192321	3.07144	19.1004	-5.17886	173.115	
6.27331	0.167485	3.08516	14.6137	-1.00405	222.771	
7.11374	0.107309	3.11286	20.3909	13.8197	203.546	
6.18956	0.173504	3.08198	-28.4824	8.16452	186.229	
7.0775	0.109897	3.1118	-8.37854	10.7705	194.012	
6.9663	0.117841	3.10849	-37.0529	-5.4505	179.905	
5.83352	0.199143	3.06739	48.8425	3.36296	181.943	
4.47987	0.297778	2.9898	-6.17321	0.281206	157.202	
5.66042	0.211644	3.05962	31.2934	1.65846	199.328	
6.69032	0.137581	3.09979	-15.5077	13.2326	180.267	
6.06409	0.182529	3.07704	-24.921	-4.12834	208.628	
4.99721	0.25981	3.02464	34.982	-2.2686	207.791	
6.19569	0.173063	3.08221	17.6334	-7.55477	185.928	
4.99691	0.259832	3.02462	-11.2645	-2.59216	175.536	
7.81364	0.0574335	3.13128	4.20222	0.328584	211.142	
5.19311	0.245532	3.03594	-17.8634	-5.94968	207.944	
6.62331	0.14238	3.09757	10.2966	1.35908	214.139	
4.97191	0.261657	3.02311	-7.97907	2.5638	200.428	
7.39213	0.0874491	3.12061	4.70413	-15.2879	223.662	
6.36133	0.161165	3.08841	20.4974	-8.16939	187.413	
7.02594	0.11358	3.11028	27.3802	17.6555	195.97	
7.30451	0.0936966	3.11824	-6.8667	-10.6194	211.153	
5.7506	0.205129	3.06373	-50.0733	-6.4065	207.583	
7.48223	0.0810278	3.123	40.0283	-6.85067	175.057	
6.66627	0.139303	3.099	20.4348	-0.580987	191.598	
6.87298	0.124512	3.10563	12.4321	1.98168	195.072	
7.65634	0.0686278	3.12744	18.7943	-8.30968	158.41	
7.33052	0.0918414	3.11895	9.92852	-0.811941	220.512	
6.66073	0.1397	3.09882	28.5536	15.494	194.375	
4.46378	0.298966	2.98858	21.6664	-8.72798	181.329	
5.3982	0.230633	3.04686	-11.4063	0.831985	160.539	
3.99278	0.333991	2.94821	-48.9417	-7.01427	202.135	
5.96387	0.189745	3.07294	54.0086	-10.7447	176.945	
7.6646	0.06804	3.12765	-6.31138	-0.744515	251.341	
6.88867	0.12339	3.10612	-22.3662	3.2141	177.287	
5.15835	0.248062	3.034	-13.7037	0.0447091	207.023	
5.56245	0.218731	3.055	-13.8045	2.93285	196.547	
6.04617	0.183819	3.07632	-18.4568	5.65853	165.762	
6.15498	0.17599	3.08064	-11.4048	-3.99956	197.318	
7.60151	0.0725315	3.12606	-14.2083	1.19255	213.888	
5.73884	0.205978	3.0632	41.9684	-4.21975	175.643	
6.52774	0.149228	3.09432	-7.4558	-16.7727	194.556	
5.32689	0.235808	3.04316	32.2752	10.0596	159.582	
4.1063	0.3255	2.95885	-23.9821	-6.52359	178.584	
7.58583	0.0736485	3.12567	-33.9719	1.22858	170.621	
6.49667	0.151455	3.09324	-25.6454	13.4742	200.53	
6.41455	0.157345	3.09034	8.60187	-7.60468	192.564	
4.70943	0.280878	3.00626	20.1861	4.20795	243.326	
6.24196	0.169737	3.08398	16.7735	0.736524	230.152	
6.78384	0.130887	3.10282	6.47333	13.1575	188.258	
6.79406	0.130157	3.10315	-10.6523	4.97436	228.911	
6.49019	0.15192	3.09301	2.34014	-16.6785	199.019	
6.39517	0.158736	3.08964	-41.6379	1.35858	172.109	
5.74801	0.205316	3.06361	-27.1981	-2.16406	210.689	
6.81429	0.128709	3.10379	22.5932	2.39504	193.278	
5.19321	0.245525	3.03595	-33.3759	12.857	185.239	
5.63334	0.213603	3.05836	-32.8137	-5.40124	198.845	
7.00387	0.115156	3.10962	32.2916	11.7288	175.984	
5.35799	0.23355	3.04478	-38.8935	-10.2022	173.849	
6.81351	0.128765	3.10377	-16.9573	-5.52485	199.552	
6.27522	0.167348	3.08523	-19.3517	5.22316	176.035	
5.7508	0.205114	3.06374	-2.49397	-1.78701	247.168	
6.78877	0.130535	3.10298	50.2451	-3.29535	172.063	
6.88346	0.123762	3.10596	6.05242	-12.7646	166.645	
5.0887	0.253136	3.03003	-9.47907	-2.8604	185.624	
7.48327	0.0809536	3.12302	3.02462	1.64983	200.742	
5.71641	0.207598	3.06219	-25.7864	-4.65153	164.222	
5.17327	0.246976	3.03484	11.6281	1.69926	199.107	
7.41189	0.0860407	3.12114	-10.9188	5.57417	173.872	
6.82154	0.128191	3.10402	44.0365	8.08712	195.418	
6.54171	0.148227	3.0948	23.0627	-6.53339	166.056	
5.50124	0.223163	3.05202	19.5918	8.43852	158.221	
5.35016	0.234119	3.04438	-27.2702	-5.86338	165.305	
7.39019	0.0875872	3.12056	-27.9752	5.05971	180.017	
5.77471	0.203388	3.06481	31.9787	-0.311451	199.622	
4.61244	0.288007	2.99951	-25.7022	-8.38486	208.802	
6.4648	0.153741	3.09212	-18.2106	1.07298	189.52	
4.86393	0.269553	3.01641	24.0599	0.584972	176.771	
6.29712	0.165775	3.08605	-4.99875	-1.87388	191.727	
6.40707	0.157882	3.09007	15.671	-15.8642	169.082	
6.88685	0.12352	3.10606	-30.1478	-1.11713	200.064	
7.15072	0.104669	3.11392	15.7225	10.2405	209.568	
5.82235	0.199949	3.06691	-33.9254	-12.3609	192.581	
6.46571	0.153675	3.09215	49.6411	-0.768845	165.362	
6.20627	0.172303	3.08262	-10.6419	-14.4157	168.346	
7.54589	0.0764931	3.12465	-2.20029	5.53056	181.786	
6.58421	0.145181	3.09625	-24.9204	8.2689	184.959	
5.44852	0.226983	3.0494	-32.5417	-13.0649	210.345	
5.44706	0.22709	3.04933	-35.5693	0.96589	161.717	
6.27756	0.16718	3.08532	-28.2659	11.6872	221.398	
5.29946	0.2378	3.04171	12.8977	6.26017	185.103	
5.83256	0.199213	3.06735	3.25067	6.28455	162.833	
7.07711	0.109925	3.11179	-12.9264	-8.64719	251.142	
6.07004	0.1821	3.07728	17.0051	-2.50394	184.564	
4.6867	0.282547	3.0047	22.2476	3.57131	207.629	
6.50677	0.150731	3.09359	5.65524	1.61261	202.201	
6.88447	0.12369	3.10599	-2.23457	6.82569	204.724	
6.55516	0.147263	3.09526	-4.61582	6.709	186.484	
6.50161	0.151101	3.09341	14.7217	1.80642	234.226	
7.12711	0.106355	3.11324	26.4929	7.24658	193.922	
4.97212	0.261642	3.02313	-34.2656	2.72023	204.172	
6.06614	0.182381	3.07712	-18.7932	4.06294	190.575	
7.51998	0.0783383	3.12398	3.17687	3.70455	201.252	
6.73682	0.134252	3.10131	22.0962	-7.59999	214.057	
5.34118	0.234771	3.04391	-2.0225	-3.0178	218.185	
5.76938	0.203772	3.06457	-20.8924	8.77613	173.884	
7.50508	0.0794003	3.12359	30.4233	-6.92969	159.949	
7.56914	0.0748365	3.12524	-8.89431	-18.1358	146.181	
6.16072	0.175577	3.08086	-29.2524	6.68237	156.099	
7.15639	0.104265	3.11408	9.62766	3.44127	174.559	
5.99187	0.187728	3.0741	4.06863	10.6276	176.643	
7.22017	0.0997133	3.11589	-31.0399	-12.1562	213.3	
7.21229	0.100275	3.11567	21.5698	-3.17243	176.291	
5.81575	0.200426	3.06662	-9.94581	2.47955	184.9	
7.23066	0.0989648	3.11619	0.890353	2.31788	215.171	
6.48053	0.152613	3.09267	-4.69226	9.07898	187.934	
5.91848	0.193016	3.07104	5.06018	8.83069	199.461	
7.61451	0.0716057	3.12639	-14.4538	12.3566	203.005	
7.30765	0.0934727	3.11832	-12.0372	-9.90495	219.335	
7.19268	0.101675	3.11512	27.8689	-5.89656	186.207	
6.01221	0.186263	3.07494	-35.8644	-7.09092	211.037	
6.68165	0.138202	3.09951	-10.1069	2.13034	209.437	
6.82585	0.127882	3.10415	1.51954	-8.87711	155.638	
4.40139	0.303577	2.98376	17.5218	3.7726	187.137	
6.12412	0.17821	3.07943	-37.5931	-2.86744	190.062	
5.83267	0.199205	3.06736	-7.71075	-1.95859	199.16	
6.2725	0.167543	3.08513	17.7092	2.49409	190.471	
5.40698	0.229996	3.0473	-2.61016	5.26005	175.794	
5.48283	0.224497	3.05111	21.8958	11.4302	203.935	
6.55661	0.147159	3.09531	44.2691	5.60714	169.243	
7.2134	0.100196	3.1157	26.6904	18.0164	198.158	
6.2864	0.166545	3.08565	8.05045	-1.85335	172.381	
5.94642	0.191003	3.07221	41.1748	-10.7858	211.039	
6.57466	0.145865	3.09593	28.6641	4.89675	217.427	
5.99297	0.187649	3.07415	48.6063	-2.3013	239.94	
6.38613	0.159385	3.08931	38.2069	4.3575	155.656	
6.82002	0.1283	3.10397	25.6849	-3.93635	195.782	
7.37951	0.0883488	3.12027	-11.6948	15.4463	218.181	
6.0358	0.184565	3.0759	10.9302	-1.888	219.607	
7.17521	0.102921	3.11462	12.0109	3.32424	181.642	
6.23241	0.170424	3.08362	2.12599	-0.392552	191.05	
5.39644	0.23076	3.04677	-6.1275	9.31409	200.003	
6.49199	0.151791	3.09307	25.4296	-4.82913	219.333	
7.19246	0.10169	3.11511	0.796243	-8.18237	196.132	
7.87043	0.0533938	3.13263	-16.1403	-7.316	184.282	
6.59743	0.144234	3.0967	6.26709	10.9735	189.781	
5.04625	0.256232	3.02756	68.6738	2.87256	202.908	
4.17134	0.320651	2.96466	1.26346	9.30835	218.164	
7.3159	0.0928844	3.11855	14.9622	4.2225	214.4	
6.00257	0.186958	3.07454	-38.9824	1.33108	173.788	
6.01249	0.186244	3.07495	-25.1568	5.87116	178.282	
7.18459	0.102252	3.11489	48.8212	2.5839	191.577	
7.19662	0.101394	3.11523	5.15242	12.1434	212.771	
5.80422	0.201258	3.06611	33.3347	-14.1569	177.586	
6.2383	0.170001	3.08384	-2.1352	-4.45989	183.655	
6.83356	0.127331	3.1044	9.25378	-4.64486	207.813	
6.61118	0.143249	3.09716	3.21201	-4.50211	200.323	
7.275	0.0958011	3.11742	-24.023	-14.2333	202.81	
5.89294	0.194858	3.06995	-17.9455	9.64021	154.789	
8.08002	0.0384948	3.13745	38.8703	-5.65232	212.839	
5.60773	0.215454	3.05715	12.9325	-5.01746	200.627	
7.28675	0.0949633	3.11775	26.9527	-8.31145	170.947	
6.81628	0.128567	3.10385	-72.5464	-5.03131	166.668	
6.47329	0.153132	3.09242	-11.1262	-4.33706	170.704	
6.40223	0.15823	3.08989	21.1482	10.1102	193.702	
6.15839	0.175745	3.08077	-1.36084	7.14712	191.643	
5.26186	0.240533	3.0397	-10.1326	1.13974	217.419	
5.54049	0.220321	3.05394	0.808355	1.65867	198.479	
6.90828	0.121988	3.10672	1.04852	-9.88093	213.563	
5.15576	0.248251	3.03386	-1.10591	-10.4583	174.957	
7.30801	0.0934472	3.11833	-6.03858	-2.45588	211.625	
4.97154	0.261685	3.02309	1.96397	-3.29218	195.849	
6.89808	0.122717	3.10641	25.4266	15.2486	159.777	
6.52243	0.149609	3.09413	12.0877	4.22201	192.523	
5.50216	0.223096	3.05207	0.25846	9.56801	189.233	
6.85227	0.125993	3.10498	46.8786	-11.8187	200.307	
6.22859	0.170698	3.08347	-15.4612	1.64877	214.336	
7.54725	0.0763956	3.12468	-13.6272	2.98394	165.338	
5.80241	0.201388	3.06603	-11.3415	-6.74191	168.52	
8.0455	0.0409475	3.13667	21.3675	7.80438	190.269	
6.6989	0.136967	3.10007	-18.0181	-15.1656	201.507	
6.60435	0.143738	3.09693	-4.00566	-6.49428	193.067	
7.7221	0.0639473	3.12907	-15.1312	-1.03117	214.888	
6.96892	0.117654	3.10857	31.4319	-3.22837	218.634	
5.89996	0.194352	3.07025	-35.8633	0.879034	183.392	
6.83933	0.126918	3.10458	-27.243	11.8994	157.445	
5.25608	0.240952	3.03939	1.74441	-4.47879	180.487	
4.94565	0.263576	3.02151	-19.3506	-4.34637	184.399	
6.08301	0.181167	3.0778	-44.5922	-5.45549	183.712	
5.6757	0.21054	3.06032	-16.1146	0.774908	197.325	
6.14506	0.176703	3.08025	-32.0011	-1.51613	204.387	
6.0801	0.181376	3.07768	6.81532	4.21249	227.178	
5.23229	0.242682	3.03809	33.3276	1.796	227.574	
7.06695	0.110651	3.11149	-19.9921	2.577	175.586	
6.74261	0.133838	3.1015	-19.8396	-0.174339	224.561	
5.99257	0.187678	3.07413	1.85238	2.67944	202.206	
7.21971	0.0997456	3.11588	-0.0290019	-6.92087	211.039	
7.37689	0.0885356	3.1202	53.9826	-7.20639	197.587	
5.47963	0.224729	3.05095	-12.6581	-3.70865	177.412	
5.45358	0.226616	3.04966	-12.4469	-10.9534	149.814	
5.94338	0.191222	3.07209	15.1753	-5.19172	224.81	
5.70674	0.208296	3.06175	1.48556	9.107	180.581	
5.07562	0.25409	3.02927	29.2442	-18.202	190.457	
6.80867	0.129111	3.10361	16.2431	7.18856	213.381	
5.77761	0.203178	3.06493	-0.560711	2.55446	190.549	
5.97004	0.189301	3.0732	18.9706	-7.7655	204.545	
6.48253	0.152469	3.09274	-11.7747	7.41924	217.896	
6.44419	0.155219	3.09139	-14.2541	7.39156	240.956	
5.38701	0.231444	3.04628	16.8167	-14.9681	199.699	
7.53396	0.0773428	3.12434	-26.17	-2.8705	234.487	
6.86657	0.12497	3.10543	-47.5613	-3.11289	203.724	
6.39203	0.158961	3.08953	13.2266	-7.0824	204.334	
5.59352	0.216482	3.05648	15.15	-4.77401	193.876	
5.91058	0.193586	3.0707	-10.3963	2.55886	202.007	
6.18585	0.173771	3.08183	-6.63866	7.32106	160.024	
6.60117	0.143965	3.09682	21.8078	12.3021	216.484	
6.88807	0.123433	3.1061	41.1075	-6.90636	207.073	
5.76025	0.204431	3.06416	25.0893	3.75728	159.22	
6.66461	0.139422	3.09895	-43.6922	-0.315185	159.152	
6.83159	0.127472	3.10434	-12.5948	9.35124	174.639	
6.67636	0.13858	3.09933	-2.25462	0.543519	203.657	
5.87655	0.196039	3.06925	-38.4278	-1.69465	208.698	
6.20642	0.172291	3.08263	-3.32883	4.15114	160.646	
5.78676	0.202518	3.06534	-27.0272	-9.47436	189.573	
7.29734	0.0942078	3.11804	9.71006	0.573769	228.258	
6.62667	0.142139	3.09768	25.8668	-5.98345	156.382	
7.1704	0.103265	3.11448	-22.9996	-6.07033	200.991	
5.89283	0.194866	3.06995	29.5023	4.97228	182.436	
5.46575	0.225735	3.05026	-3.28302	-5.53277	136.786	
5.7134	0.207815	3.06205	39.0574	2.59506	192.847	
4.55415	0.292299	2.99532	8.69816	1.29345	183.995	
5.61512	0.21492	3.0575	14.2441	-1.71208	162.975	
7.57763	0.0742324	3.12546	-43.8348	-3.38904	175.726	
7.3792	0.0883707	3.12027	-53.2712	-1.6425	215.386	
6.64656	0.140715	3.09835	-0.630273	-7.52522	194.663	
5.04899	0.256032	3.02772	25.3223	-16.6686	182.057	
5.30575	0.237343	3.04204	-22.7594	4.29778	168.91	
5.18374	0.246214	3.03542	50.1649	5.56581	205.57	
6.86114	0.125358	3.10526	-44.8438	19.5891	213.716	
5.98455	0.188256	3.0738	-41.48	-10.3674	189.502	
6.23394	0.170314	3.08367	17.6744	2.08017	207.441	
7.08976	0.109022	3.11216	-39.4688	5.0739	194.871	
5.45208	0.226726	3.04958	20.6672	-9.9123	196.668	
4.95264	0.263066	3.02194	-13.9894	6.03581	204.459	
7.1371	0.105642	3.11353	21.1237	5.3982	224.87	
7.27479	0.0958161	3.11742	1.83259	-4.26155	171.155	
6.19627	0.173021	3.08224	12.6418	-8.3183	209.001	
5.26045	0.240635	3.03962	-16.4686	13.7489	154.507	
6.20022	0.172737	3.08239	19.8837	7.81423	191.15	
6.55295	0.147421	3.09518	-27.5291	10.8469	183.965	
5.92258	0.192721	3.07121	-35.5036	-2.87165	204.187	
5.60887	0.215372	3.05721	-16.3924	-0.177099	190.156	
5.82924	0.199452	3.06721	-31.1048	-0.263156	195.974	
6.55256	0.147449	3.09517	-15.1365	5.69759	200.055	
4.69736	0.281764	3.00543	-16.7428	-9.31445	219.564	
6.86697	0.124942	3.10544	-7.2357	-7.78685	205.871	
7.36859	0.0891272	3.11998	-60.1255	-9.69027	231.037	
5.68481	0.209881	3.06074	-3.31248	-8.08433	210.518	
4.4571	0.299459	2.98807	-58.9766	-4.84777	168.862	
5.37136	0.23258	3.04548	-8.96759	21.3316	199.547	
5.73195	0.206476	3.06289	-34.5434	-0.540037	168.677	
5.16995	0.247218	3.03465	-0.47256	5.29065	213.754	
5.96243	0.189849	3.07288	-10.2451	6.17935	199.608	
7.54737	0.0763874	3.12468	-4.25447	-3.55582	189.386	
7.59256	0.0731686	3.12584	46.763	-7.85941	246.031	
7.02902	0.11336	3.11037	32.8264	5.25476	231.486	
6.4876	0.152106	3.09292	4.88408	-8.55421	178.795	
6.90846	0.121975	3.10673	-24.1966	-8.10927	176.978	
4.56187	0.291731	2.99588	25.2901	-4.52264	192.226	
5.77229	0.203562	3.0647	-23.1363	-3.37426	195.873	
4.23596	0.315843	2.97025	-19.4742	11.4304	150.171	
6.48631	0.152199	3.09288	-27.0057	-7.06027	195.504	
5.14808	0.24881	3.03342	-40.7885	-14.6966	179.068	
5.50663	0.222773	3.05229	28.7037	4.47293	201.863	
4.93448	0.264393	3.02082	-23.8616	1.52516	207.412	
4.01597	0.332253	2.95044	23.5091	5.60063	229.85	
5.15341	0.248422	3.03372	-32.6854	-5.60155	197.113	
6.24778	0.169319	3.0842	11.3857	5.81662	229.134	
6.44814	0.154936	3.09153	27.2883	-5.13647	190.103	
6.1424	0.176895	3.08015	-62.2343	1.41519	187.674	
6.50482	0.150871	3.09352	16.9061	15.9478	214.846	
5.12156	0.250741	3.03192	-6.66619	3.0973	197.101	
5.84177	0.198548	3.06775	-23.7709	-1.41362	168.142	
7.49596	0.0800496	3.12335	-49.2833	7.60484	184.121	
6.18796	0.173619	3.08192	-18.746	1.52269	197.536	
7.18724	0.102063	3.11496	19.5859	4.34304	161.123	
6.85844	0.125552	3.10518	25.4456	-7.8102	184.044	
6.37515	0.160173	3.08892	-12.0943	-2.48647	190.748	
5.89167	0.194949	3.0699	19.1165	-8.33862	159.965	
7.42207	0.0853148	3.12141	-28.0131	0.907472	172.413	
5.79156	0.202171	3.06555	-19.6575	-1.953	207.863	
6.72844	0.134852	3.10104	12.5556	-4.19281	203.289	
6.14637	0.176609	3.0803	-47.4482	-11.1921	179.295	
6.0076	0.186596	3.07475	-15.6213	12.3148	198.979	
6.24278	0.169679	3.08401	-13.1819	-7.17521	199.389	
6.96997	0.117579	3.1086	-20.1697	2.56889	192.405	
5.83603	0.198962	3.0675	11.3196	8.7391	199.849	
6.75731	0.132786	3.10197	37.3837	-4.33468	222.03	
5.45832	0.226273	3.04989	25.6584	-7.81638	204.291	
4.14488	0.322623	2.96232	-21.5682	7.6261	200.741	
7.4524	0.0831533	3.12221	2.65381	13.974	166.865	
6.74834	0.133428	3.10168	14.3887	-6.10625	183.72	
6.71778	0.135615	3.10069	32.8929	0.313641	226.951	
6.76327	0.132359	3.10216	-5.78838	-4.63147	236.234	
6.24697	0.169378	3.08417	-15.8305	6.81566	195.531	
5.87219	0.196354	3.06907	-23.6205	7.28808	186.565	
5.29261	0.238298	3.04135	-27.5981	-14.0877	194.344	
5.59949	0.21605	3.05676	40.2238	-4.21254	175.316	
5.03537	0.257025	3.02691	-16.3844	-2.16384	167.641	
7.01348	0.11447	3.10991	8.5141	1.28288	195.207	
5.33649	0.235111	3.04366	0.860983	7.35112	221.403	
7.27944	0.0954849	3.11755	-14.1215	-5.8389	174.582	
6.69792	0.137037	3.10004	-4.33819	-6.92286	185.012	
6.03699	0.184479	3.07594	-20.3054	3.58048	205.893	
4.22112	0.316946	2.96898	26.1014	3.46344	178.525	
5.37556	0.232275	3.04569	2.66926	9.94769	195.927	
6.14884	0.176431	3.0804	-9.80174	-6.49894	191.184	
4.83156	0.271922	3.01434	18.1507	-5.83587	199.852	
6.82969	0.127608	3.10428	-16.0461	13.1766	223.461	
5.60175	0.215887	3.05687	-8.36101	-0.45975	161.929	
6.53797	0.148495	3.09467	46.2585	2.26745	216.757	
6.21262	0.171846	3.08286	13.0921	5.56932	244.814	
4.25778	0.314222	2.9721	11.3501	6.09528	200.865	
7.04973	0.11188	3.11098	-11.3931	-6.46757	240.89	
7.46169	0.0824912	3.12246	-10.7958	8.39189	208.554	
7.60415	0.0723433	3.12613	-19.953	5.23042	173.42	
6.99289	0.115941	3.10929	28.5357	-3.5478	206.458	
4.96226	0.262363	3.02253	27.5042	-1.23704	207.35	
6.82616	0.12786	3.10416	-28.5988	2.45019	188.941	
5.82202	0.199973	3.06689	-15.7196	-1.48069	205.209	
6.394	0.15882	3.0896	-13.8318	-4.79361	224.14	
5.54294	0.220143	3.05406	-37.4862	-3.3407	183.5	
7.05515	0.111493	3.11114	26.8452	6.5272	192.064	
5.45035	0.226851	3.0495	-30.058	0.680641	196.439	
6.26415	0.168144	3.08482	-13.4699	-7.59526	157.492	
7.12405	0.106574	3.11315	30.0913	-2.11408	184.14	
6.6179	0.142767	3.09739	0.00807374	7.51852	186.432	
6.11331	0.178987	3.079	17.0609	5.93598	180.123	
6.97534	0.117195	3.10876	47.4942	-0.104109	195.845	
7.94491	0.0480977	3.13437	6.00896	-2.16559	228.969	
5.17609	0.246771	3.03499	-20.1334	-6.82416	190.156	
6.59158	0.144653	3.0965	-31.3088	-0.326337	190.963	
4.51497	0.295188	2.99243	40.6642	6.99037	186.654	
6.56991	0.146205	3.09576	26.5781	-1.43624	224.42	
6.2173	0.17151	3.08304	27.3077	-2.88438	216.12	
6.80162	0.129616	3.10339	-4.00418	-12.6114	195.868	
6.42887	0.156318	3.09085	29.2349	-0.989422	185.872	
6.85711	0.125647	3.10514	42.8654	-11.2683	153.485	
5.28996	0.238491	3.0412	9.59074	2.00217	186.561	
6.09824	0.180071	3.0784	-2.92908	16.0715	191.693	
6.24365	0.169616	3.08404	75.0012	-9.10579	169.493	
6.21229	0.171869	3.08285	10.9699	0.531007	207.968	
5.28715	0.238695	3.04105	5.74569	1.32802	232.358	
6.10961	0.179253	3.07885	27.5763	-2.75967	174.961	
5.70821	0.20819	3.06181	-36.9046	-7.86445	198.312	
5.32794	0.235731	3.04321	17.4294	8.60243	199.588	
5.75509	0.204804	3.06393	-31.0157	-1.17897	227.64	
7.19484	0.10152	3.11518	-55.5993	3.03764	201.115	
6.45157	0.15469	3.09165	24.5398	4.65081	163.643	
6.25766	0.16861	3.08457	-9.56251	2.21409	203.923	
6.62138	0.142518	3.0975	4.04342	-7.50669	223.983	
7.42399	0.0851783	3.12146	1.4737	10.9097	173.377	
5.85212	0.197801	3.0682	25.9072	12.8377	171.363	
5.9061	0.193909	3.07051	3.29277	-0.141977	182.274	
6.10043	0.179913	3.07849	2.97747	2.02849	159.972	
5.61961	0.214595	3.05771	60.16	-2.72435	178.416	
3.65006	0.359856	2.91176	-45.3293	-7.92943	159.877	
5.89304	0.19485	3.06996	21.6574	-3.47483	186.469	
7.57786	0.0742156	3.12546	34.8821	-12.8627	201.129	
6.94407	0.11943	3.10782	-37.1027	-5.46244	219.125	
5.41731	0.229247	3.04783	-18.7373	-3.85964	192.755	
6.10249	0.179765	3.07857	8.93751	9.16316	226.32	
6.74932	0.133358	3.10171	24.2818	2.78617	218.744	
4.5052	0.295909	2.99171	62.344	8.87533	204.113	
7.33298	0.0916666	3.11901	-89.0233	-4.6067	166.119	
5.34787	0.234285	3.04426	-17.9593	4.68421	214.871	
7.33296	0.0916676	3.11901	7.24187	-2.00769	227.159	
5.31665	0.236552	3.04262	-21.6348	-0.828602	206.73	
7.72463	0.0637672	3.12913	-14.3083	2.13803	221.305	
7.65008	0.0690734	3.12729	4.31421	1.4847	201.356	
6.96064	0.118245	3.10832	0.340401	10.1277	212.935	
6.73243	0.134567	3.10117	-55.2995	-5.6488	227.047	
5.93822	0.191594	3.07187	19.3868	4.24901	166.432	
6.34371	0.162429	3.08777	-10.8739	6.10096	203.392	
5.30495	0.237402	3.042	-37.935	-2.84732	205.381	
6.23343	0.17035	3.08366	36.0141	-5.14393	203.372	
5.9678	0.189463	3.0731	18.1268	-3.28323	195.65	
5.88539	0.195402	3.06963	-10.0218	-1.19186	196.388	
8.06829	0.0393281	3.13718	-9.67622	-13.4042	202.515	
5.14822	0.2488	3.03343	30.9474	11.5032	178.022	
6.39476	0.158765	3.08962	7.27816	-1.81036	164.928	
5.65869	0.21177	3.05954	-35.0777	5.24534	209.095	
4.4847	0.297421	2.99017	43.988	-4.46569	177.264	
7.18936	0.101912	3.11502	-12.8729	-1.15934	171.575	
5.48289	0.224492	3.05112	-31.4148	-2.06877	199.784	
6.34797	0.162124	3.08792	-21.8421	-15.6171	173.133	
5.42444	0.228729	3.04819	14.8262	4.71365	225.692	
6.76716	0.132081	3.10229	-5.83586	1.99137	156.504	
7.43108	0.084673	3.12165	22.6308	-5.6112	185.902	
7.82922	0.0563252	3.13166	-15.977	17.2837	235.617	
5.39296	0.231013	3.04659	-11.8657	1.03131	236.315	
5.72726	0.206814	3.06268	-11.5651	7.00783	163.916	
4.6206	0.287406	3.00009	-33.6399	1.37142	187.077	
7.54023	0.0768962	3.1245	16.2822	-12.526	157.416	
6.07367	0.181839	3.07742	0.104179	8.47687	210.725	
5.81259	0.200654	3.06648	-1.15557	-1.99989	175.832	
6.60971	0.143354	3.09711	-5.56377	-7.39013	193.211	
4.68295	0.282823	3.00444	-6.66704	-3.19496	189.89	
6.18174	0.174066	3.08168	-15.7569	-1.8834	173.239	
7.37278	0.0888287	3.12009	3.32805	-4.76252	211.611	
7.22868	0.099106	3.11613	-11.7224	-4.07422	189.429	
5.9478	0.190904	3.07227	20.9085	8.34448	211.308	
5.93034	0.192162	3.07154	-14.4716	17.7842	204.22	
5.74686	0.205398	3.06356	-28.2877	0.901783	188.39	
6.43031	0.156215	3.0909	-31.4929	8.5516	218.894	
7.93252	0.0489785	3.13409	19.4805	-0.606587	207.175	
5.69817	0.208916	3.06136	7.23585	9.62365	200.709	
5.35979	0.233419	3.04488	66.8654	-5.25066	189.267	
4.2847	0.312223	2.97435	4.55499	-2.10002	224.254	
6.53092	0.149	3.09443	42.5307	3.98675	209.126	
5.51098	0.222458	3.0525	-21.6632	-9.65251	152.56	
6.6504	0.140439	3.09847	39.8764	-6.02198	199.499	
6.66541	0.139365	3.09897	-60.4827	14.9917	196.759	
5.69522	0.209129	3.06122	5.86484	1.18406	184.567	
5.89557	0.194668	3.07007	-5.95614	-3.98531	161.607	
7.66797	0.0677995	3.12773	-8.40461	4.98818	209.862	
6.273	0.167508	3.08515	14.1585	-2.11245	206.84	
5.32798	0.235729	3.04322	25.7614	5.88685	227.463	
5.83204	0.19925	3.06733	12.983	-4.30014	200.86	
6.04264	0.184073	3.07617	-13.9365	4.32975	217.334	
6.66395	0.139469	3.09892	-37.8687	-5.25027	168.756	
6.31925	0.164186	3.08687	-50.3656	-2.09613	170.734	
5.89924	0.194404	3.07022	-30.4681	-10.7157	194.884	
6.59705	0.144261	3.09669	22.9495	-2.88862	198.193	
5.29908	0.237828	3.04169	6.57679	-4.58662	192.714	
6.45865	0.154182	3.0919	-17.19	4.52443	210.316	
7.13708	0.105643	3.11353	6.3389	-4.58325	236.399	
6.76639	0.132136	3.10226	-11.6479	-8.33952	186.838	
6.91255	0.121683	3.10685	15.3873	1.51625	142.87	
6.15537	0.175962	3.08065	2.15035	-5.51493	192.281	
6.5577	0.147081	3.09535	38.4657	-6.28786	177.733	
7.4378	0.0841938	3.12183	-15.7575	-4.20381	188.63	
6.64958	0.140498	3.09845	-27.5222	-7.07542	203.407	
4.75085	0.277838	3.00905	19.7907	-6.5328	155.494	
5.08504	0.253403	3.02982	9.75132	-10.0375	196.305	
7.00915	0.114779	3.10978	-39.9508	5.84758	231.354	
5.10714	0.251792	3.03109	10.718	-8.15331	179.846	
5.52995	0.221084	3.05342	-17.6029	5.69199	180.316	
6.00167	0.187023	3.0745	-17.8942	2.48786	181.149	
6.52697	0.149283	3.09429	8.86914	-1.99699	249.355	
6.27114	0.167641	3.08508	-66.1608	3.86722	197.631	
6.35132	0.161883	3.08805	40.6725	-3.30318	143.409	
7.63393	0.0702233	3.12688	17.5643	8.76878	176.879	
6.4181	0.157091	3.09046	-20.8033	-10.2708	184.174	
6.1025	0.179765	3.07857	9.37589	-10.0105	236.027	
6.55048	0.147598	3.0951	-28.6353	0.111612	182.18	
4.92245	0.265272	3.02008	-63.6744	-3.25564	203.984	
5.59362	0.216475	3.05648	-18.5937	5.17992	187.169	
7.14708	0.104929	3.11382	-25.6435	-1.26892	217.288	
4.39205	0.304268	2.98303	-4.00896	-7.68158	154.752	
6.94797	0.119151	3.10794	-57.2157	-7.70517	214.527	
6.4242	0.156653	3.09068	13.0317	14.2109	211.287	
6.56208	0.146767	3.0955	-9.07166	7.06551	220.076	
6.78779	0.130605	3.10295	-16.6694	8.15943	217.514	
6.60439	0.143735	3.09693	-50.8453	-12.7883	180.951	
5.55042	0.219602	3.05442	42.7817	8.53773	193.78	
7.03386	0.113014	3.11051	-16.8139	-0.028751	206.878	
6.60904	0.143402	3.09709	-1.63311	-3.46997	202.073	
6.09409	0.18037	3.07824	-29.8113	-17.3836	201	
6.5645	0.146593	3.09558	-5.58309	-7.65257	191.198	
6.93081	0.120378	3.10741	-6.08317	-8.6342	177.565	
7.12559	0.106464	3.1132	-43.4485	-19.74	176.552	
7.22314	0.0995012	3.11598	21.5875	-2.13538	179.205	
5.9203	0.192885	3.07111	47.9917	7.9641	201.422	
5.1901	0.245751	3.03577	3.86448	2.54458	170.689	
7.07132	0.110339	3.11162	-2.86343	8.14321	160.251	
6.39324	0.158875	3.08957	-8.46855	11.5496	223.724	
4.92651	0.264975	3.02033	-23.6049	-3.63445	223.086	
6.34336	0.162455	3.08776	-25.8302	-3.38702	161.513	
4.18141	0.319901	2.96555	-6.78079	-8.29369	199.394	
7.57718	0.074264	3.12545	-26.1756	6.09455	173.625	
6.35996	0.161263	3.08836	-24.7938	-12.26	203.348	
6.30619	0.165124	3.08639	-23.215	1.78696	191.812	
7.40908	0.0862406	3.12107	-16.1321	3.48466	206.781	
4.74278	0.27843	3.00851	-15.6851	6.79033	197.394	
6.6906	0.137561	3.0998	37.4965	9.61318	201.776	
4.56582	0.29144	2.99617	12.4993	-7.80596	178.202	
5.83617	0.198952	3.06751	-19.2137	2.18251	212.835	
7.54495	0.0765595	3.12462	17.0144	12.9211	241.086	
3.80732	0.34794	2.92937	-6.40315	-12.849	200.943	
6.75091	0.133244	3.10177	-21.3813	7.38968	198.053	
5.85029	0.197933	3.06812	21.2432	6.28014	206.971	
5.69284	0.209301	3.06111	41.9246	12.505	164.487	
6.12224	0.178344	3.07935	-15.3565	17.721	201.982	
6.82816	0.127717	3.10423	23.8309	-9.9738	151.796	
7.94699	0.0479501	3.13442	-26.5756	-0.120135	168.159	
6.88765	0.123463	3.10609	11.2978	-3.88464	187.959	
5.21992	0.243582	3.03742	-40.2341	-9.99222	207.51	
5.48898	0.224051	3.05142	78.6695	-2.65144	167.198	
5.3655	0.233006	3.04517	53.3602	-6.22436	182.027	
5.74053	0.205855	3.06328	34.728	5.42228	175.896	
5.40818	0.229909	3.04736	0.253306	3.48367	166.626	
7.89662	0.0515312	3.13325	4.95769	4.16091	213.497	
7.20976	0.100456	3.1156	48.8221	-4.00638	202.55	
6.29642	0.165825	3.08602	-39.0034	-7.09585	206.539	
6.84749	0.126335	3.10483	-26.6825	-1.59025	235.85	
6.38971	0.159128	3.08944	18.03	4.32947	180.196	
5.23209	0.242697	3.03808	15.9242	-0.566519	188.836	
6.02436	0.185389	3.07543	-19.1171	4.35954	188.025	
5.96107	0.189948	3.07282	21.0561	-6.26262	190.621	
6.53588	0.148645	3.0946	-19.4598	0.23279	210.158	
6.4064	0.15793	3.09004	49.0642	1.87531	182.356	
4.94888	0.26334	3.02171	5.72612	-9.21687	176.318	
6.77964	0.131188	3.10269	-17.4022	-1.79424	180.403	
7.68867	0.066326	3.12824	-38.3583	-3.11877	199.052	
5.35593	0.2337	3.04468	-7.82534	-2.53676	201.626	
6.69055	0.137565	3.0998	2.54696	-8.85742	184.166	
6.85934	0.125487	3.10521	-23.4925	-23.8125	174.52	
7.28929	0.0947818	3.11782	-41.7903	-9.30359	159.061	
5.83032	0.199374	3.06725	-0.578518	-12.6074	158.636	
6.81194	0.128877	3.10372	4.6174	1.73754	190.173	
7.54988	0.0762089	3.12475	-37.6546	4.14667	188.844	
5.34405	0.234562	3.04406	-7.32363	2.73102	190.294	
6.78755	0.130622	3.10294	18.2285	-0.206967	190.268	
6.96317	0.118065	3.1084	4.56266	-16.8347	193.999	
6.72584	0.135038	3.10095	-27.3436	-8.81208	158.468	
6.82741	0.127771	3.1042	24.5851	-7.54364	203.315	
6.08382	0.181109	3.07783	31.3118	-9.26836	207.115	
6.49496	0.151578	3.09318	15.2517	-3.9629	214.219	
6.75442	0.132993	3.10188	-19.9675	-0.517924	204.632	
5.95646	0.190279	3.07263	7.16962	-3.60845	213.47	
5.83912	0.198739	3.06764	-24.8065	-7.68788	203.789	
7.28115	0.0953625	3.11759	42.2898	-0.348771	142.506	
6.09854	0.180049	3.07842	-34.3063	14.2148	194.114	
6.79926	0.129784	3.10331	6.13528	-2.88121	215.617	
6.62749	0.142081	3.09771	15.1964	4.63265	177.912	
6.09453	0.180338	3.07826	3.97921	0.688965	130.947	
5.72526	0.206958	3.06259	2.26824	-10.5743	188.236	
6.9939	0.115868	3.10932	-12.8224	-10.521	165.51	
6.62058	0.142575	3.09748	-25.0022	1.70156	177.147	
5.81013	0.200831	3.06637	-12.3765	6.64804	213.854	
6.32802	0.163556	3.08719	17.0047	-0.543683	197.543	
6.88498	0.123654	3.106	15.601	5.48327	209.285	
6.8125	0.128837	3.10373	53.8213	-13.7199	233.232	
7.26715	0.0963617	3.1172	45.5307	-4.32768	208.467	
5.92728	0.192382	3.07141	52.671	6.1778	201.631	
4.9046	0.266577	3.01897	-21.5264	8.24782	157.515	
5.95154	0.190634	3.07243	21.2058	13.4794	246.824	
6.92208	0.121002	3.10715	0.0992304	12.1864	218.734	
5.6575	0.211855	3.05948	33.8678	11.67	185.119	
6.26916	0.167783	3.085	74.6581	-2.79726	176.776	
5.97064	0.189258	3.07322	-22.6495	-13.0599	203.147	
6.5297	0.149087	3.09438	8.45445	7.64719	228.366	
6.8666	0.124968	3.10543	-108.896	-0.663415	188.135	
6.17351	0.174658	3.08136	-28.5023	-13.7485	164.825	
4.6726	0.283583	3.00373	28.6253	1.22094	157.219	
5.38406	0.231658	3.04613	-31.1294	-10.0766	203.162	
7.4963	0.0800254	3.12336	-1.58778	-6.05935	207.93	
5.87706	0.196003	3.06927	5.7089	4.1876	178.896	
6.22413	0.171019	3.0833	57.2201	-0.230286	219.623	
6.83094	0.127518	3.10432	-3.05358	-9.18523	215.956	
6.83732	0.127062	3.10452	-7.69226	-4.44034	195.442	
5.06391	0.254943	3.02859	36.6138	7.49175	199.148	
6.68893	0.137681	3.09975	-1.40233	0.369925	181.219	
5.90614	0.193906	3.07051	-29.5301	-9.86758	216.381	
6.70946	0.136211	3.10042	-39.593	3.24158	184.214	
6.72322	0.135226	3.10087	-16.9912	10.7843	211.181	
6.53065	0.14902	3.09442	27.4406	6.86636	239.281	
6.48271	0.152456	3.09275	12.7422	-10.5544	199.73	
6.60459	0.14372	3.09694	16.332	0.867076	200.273	
6.26455	0.168115	3.08483	5.0968	1.18005	178.881	
7.77497	0.0601845	3.13035	12.9739	2.76529	231.258	
5.58008	0.217455	3.05584	-33.4117	-8.78502	171.755	
4.27273	0.313112	2.97335	-51.0374	-4.99825	200.309	
7.24341	0.0980552	3.11654	-10.818	1.85833	200.193	
6.68443	0.138003	3.0996	34.9661	-3.87341	202.301	
6.91198	0.121724	3.10684	43.6056	-14.2099	196.386	
6.78615	0.130722	3.1029	-3.67563	7.07206	198.467	
5.27064	0.239895	3.04017	-31.7357	-9.63431	212.007	
5.06969	0.254522	3.02893	-27.5454	9.41248	176.562	
6.39646	0.158643	3.08969	15.7291	-3.91589	178.846	
4.03581	0.330768	2.95232	-2.97204	0.993107	181.664	
6.59836	0.144167	3.09673	28.7734	4.9722	208.399	
6.11278	0.179025	3.07898	-34.7811	-5.55493	176.061	
6.41452	0.157347	3.09033	-6.25765	-7.64097	188.446	
6.79374	0.130179	3.10314	0.782334	-1.25249	209.166	
5.4629	0.225941	3.05012	7.56146	-2.46643	185.212	
7.42012	0.0854543	3.12136	41.2559	-6.51991	210.687	
5.37165	0.232559	3.04549	-13.5971	-8.94212	207.842	
6.39048	0.159073	3.08947	34.9786	-0.408626	164.854	
6.72554	0.13506	3.10094	-1.24299	3.25053	204.505	
5.35566	0.23372	3.04466	-23.6478	-10.1023	240.307	
7.33025	0.0918613	3.11894	0.621324	-16.3714	177.092	
5.08074	0.253716	3.02957	60.6864	-9.83737	162.87	
6.46199	0.153943	3.09202	6.82728	-0.26589	185.81	
5.28221	0.239054	3.04079	-32.4562	-4.84523	195.205	
5.0562	0.255505	3.02814	43.5609	-15.3934	205.267	
6.89964	0.122606	3.10646	8.70015	13.7868	177.116	
4.80287	0.274024	3.01248	11.1069	-0.907154	219.957	
6.35368	0.161714	3.08813	18.0253	2.59588	232.086	
5.86097	0.197163	3.06858	-35.0873	16.3361	196.504	
6.91654	0.121398	3.10698	-9.59611	-2.33348	199.531	
6.70171	0.136765	3.10017	-39.8046	-8.71187	187.141	
4.81158	0.273386	3.01305	-14.8664	4.25692	174.292	
7.40129	0.0867963	3.12086	22.1113	0.626201	192.67	
7.08773	0.109167	3.1121	-17.6906	2.29312	200.554	
7.15556	0.104324	3.11406	-4.84764	-8.1954	187.26	
7.26964	0.0961836	3.11727	-9.12327	-5.45162	186.236	
5.67096	0.210883	3.06011	32.4164	6.02284	182.739	
7.66222	0.0682089	3.12759	40.2225	-2.89306	195.833	
7.44496	0.0836836	3.12202	22.7318	-4.55054	217.118	
4.51404	0.295256	2.99237	9.2704	5.60561	218.774	
6.27874	0.167095	3.08536	-22.6778	3.42965	216.508	
5.87365	0.196249	3.06913	-20.2877	0.968137	198.704	
7.26624	0.0964261	3.11718	12.9049	26.2483	224.434	
5.68895	0.209582	3.06093	68.676	1.09933	183.886	
5.98301	0.188366	3.07373	25.8397	-0.770563	198.797	
7.1792	0.102637	3.11473	-72.6288	-3.60597	171.487	
6.60689	0.143556	3.09702	-12.7929	0.832983	208.455	
4.84567	0.270889	3.01524	-5.10712	6.31118	175.525	
5.27037	0.239914	3.04016	-33.7772	-6.79657	208.625	
6.20095	0.172684	3.08242	0.97457	2.82015	223.37	
6.0161	0.185984	3.07509	12.4308	12.8788	218.492	
7.35388	0.0901759	3.11958	-10.5188	0.586488	214.22	
6.04993	0.183548	3.07647	1.24436	-5.65244	195.216	
6.77563	0.131475	3.10256	-28.0756	2.01469	145.918	
7.08422	0.109417	3.112	7.80104	-6.75655	187.893	
5.64105	0.213045	3.05872	15.523	0.601686	167.712	
5.54886	0.219715	3.05434	11.5814	-2.34431	180.845	
6.61488	0.142984	3.09729	-40.5856	-13.0461	180.672	
7.89486	0.0516571	3.13321	4.81322	2.79576	183.615	
5.78815	0.202418	3.0654	18.7141	11.2367	178.647	
4.80295	0.274018	3.01248	9.72031	2.54793	212.654	
5.5806	0.217417	3.05586	39.1835	-5.93309	200.822	
6.81555	0.128619	3.10383	25.2421	-4.07962	173.102	
6.85068	0.126107	3.10493	20.4691	-4.02036	229.824	
5.30289	0.237551	3.04189	23.8171	9.78278	183.181	
5.10781	0.251743	3.03113	-35.9329	9.7932	202.017	
7.35308	0.0902333	3.11956	37.6615	2.02768	189.11	
5.52294	0.221592	3.05308	-2.47139	-5.87877	187.391	
6.05302	0.183326	3.07659	36.9228	2.97593	203.17	
7.34384	0.0908923	3.11931	-3.62307	1.78208	208.034	
6.85341	0.125911	3.10502	36.5691	11.872	190.202	
6.2804	0.166976	3.08543	30.3905	1.46972	203.358	
4.92224	0.265287	3.02007	-63.1515	-3.62376	171.942	
4.78895	0.275044	3.01157	26.0023	3.0765	189.585	
7.13218	0.105993	3.11339	-6.87896	2.5853	186.169	
6.53227	0.148903	3.09447	9.09512	14.6029	228.971	
6.53819	0.148479	3.09468	31.4981	-1.47802	167.943	
5.24617	0.241673	3.03885	45.2321	4.88162	174.941	
6.44642	0.155059	3.09147	42.9313	10.2136	194.454	
7.21569	0.100033	3.11577	-7.87288	-1.94035	182.695	
6.9943	0.11584	3.10933	-17.8477	-9.98151	216.639	
5.202	0.244886	3.03643	-16.1716	-12.6738	159.914	
4.91098	0.26611	3.01937	-17.5534	-0.642984	173.831	
6.48701	0.152148	3.0929	8.99885	-8.2206	169.038	
5.68084	0.210168	3.06056	57.9636	-0.0351574	201.98	
5.00579	0.259184	3.02516	30.0958	-3.99189	225.98	
6.20636	0.172296	3.08262	-30.4244	1.74247	212.555	
7.76975	0.0605558	3.13023	-21.7586	-10.7476	194.95	
6.01466	0.186088	3.07503	1.45651	0.805816	218.834	
6.12583	0.178087	3.07949	-38.8249	-6.53604	221.784	
4.83439	0.271715	3.01452	2.04224	15.8715	206.576	
5.57456	0.217855	3.05558	12.7428	19.7161	159.611	
5.53278	0.220879	3.05356	23.9443	-6.56111	235.96	
5.56209	0.218757	3.05498	3.03182	5.38467	196.917	
6.96029	0.11827	3.10831	-1.63816	-0.663285	187.712	
7.00803	0.114859	3.10975	-14.6254	9.86131	171.038	
6.64957	0.140499	3.09845	13.8018	-1.37143	204.366	
5.73455	0.206287	3.06301	-58.2597	-18.3065	208.18	
6.96611	0.117854	3.10849	52.2196	6.79399	223.281	
6.8833	0.123774	3.10595	-51.1559	5.57491	174.827	
7.22766	0.0991784	3.1161	-53.2527	-3.49758	223.12	
7.65375	0.0688123	3.12738	35.682	6.88311	223.821	
6.40328	0.158154	3.08993	-21.5684	5.28712	192.623	
4.90551	0.266511	3.01903	66.5396	3.39405	192.548	
7.83836	0.0556749	3.13187	25.1914	-4.90373	187.433	
5.40099	0.23043	3.047	-15.5632	9.89998	205.481	
5.3819	0.231815	3.04602	-14.1595	-3.57971	198.243	
6.91022	0.121849	3.10678	-24.886	7.40659	184.216	
7.27378	0.0958881	3.11739	67.9724	2.33153	203.424	
5.60181	0.215883	3.05687	-4.97876	-4.19972	136.25	
7.76484	0.0609052	3.13011	23.6695	-5.99513	192.069	
5.33808	0.234995	3.04375	-34.9061	3.47315	168.138	
6.40561	0.157987	3.09001	36.7786	-5.80903	226.08	
7.57091	0.0747107	3.12529	7.8565	17.236	190.642	
5.4545	0.22655	3.0497	14.9658	1.45869	206.772	
7.03082	0.113231	3.11042	-24.1236	-3.87471	210.817	
5.76745	0.203912	3.06448	-36.5782	-0.22408	201.186	
7.12015	0.106852	3.11304	-42.9119	4.7394	199.159	
7.00575	0.115022	3.10968	59.5534	0.405579	210.161	
5.56106	0.218832	3.05493	85.7755	2.99781	193.625	
7.19817	0.101283	3.11527	-7.68896	6.89174	234.577	
5.64017	0.213108	3.05868	16.9114	7.53825	211.31	
5.47885	0.224785	3.05092	19.0857	14.4103	198.806	
6.83005	0.127582	3.10429	-20.4915	-6.65942	162.724	
6.50104	0.151142	3.09339	-28.9373	4.89935	196.228	
5.74343	0.205646	3.06341	-25.8047	-7.36189	186.605	
5.87608	0.196074	3.06923	3.76206	2.98862	175.041	
5.70473	0.208442	3.06165	7.89806	3.22524	202.731	
6.67701	0.138534	3.09935	46.506	-11.6231	209.485	
5.12929	0.250178	3.03236	0.66515	2.24337	163.791	
4.80464	0.273894	3.01259	-9.03093	-8.91355	224.709	
5.70077	0.208728	3.06147	21.8217	-1.25153	202.232	
7.3249	0.0922427	3.11879	-48.6551	0.956921	162.255	
7.11207	0.107428	3.11281	-34.5041	11.6471	175.236	
5.28207	0.239063	3.04078	7.61088	-5.60765	191.478	
4.21959	0.317061	2.96885	-42.7468	3.76998	212.615	
4.43733	0.30092	2.98656	-43.8906	0.619409	174.202	
6.43677	0.155752	3.09113	14.9572	-2.87808	196.598	
6.76684	0.132104	3.10228	-22.2021	-13.0464	176.506	
7.31047	0.0932718	3.1184	1.94088	-16.2618	203.887	
7.53391	0.0773459	3.12434	-2.78152	-14.5783	207.322	
6.33933	0.162744	3.08761	19.5668	8.71094	172.554	
5.43855	0.227706	3.0489	4.41596	1.33399	166.736	
5.20212	0.244877	3.03644	-20.9775	-1.53936	187.043	
5.13473	0.249782	3.03267	-22.6059	9.97657	183.752	
6.25915	0.168503	3.08463	12.8375	-1.54814	209.901	
5.67064	0.210905	3.06009	-11.6677	1.43371	196.747	
4.73589	0.278936	3.00804	16.1955	7.82564	224.829	
6.56871	0.146291	3.09572	26.0491	5.08256	187.565	
5.68083	0.210169	3.06056	20.7988	-7.60119	209.974	
5.91552	0.19323	3.07091	-38.016	-2.14303	208.669	
6.81846	0.128411	3.10392	8.64156	-10.2916	198.735	
5.64636	0.212661	3.05896	24.0357	-0.305985	183.503	
4.67268	0.283577	3.00374	-4.82542	11.6306	244.623	
6.58696	0.144984	3.09634	20.2609	-6.7559	182.022	
6.85588	0.125735	3.1051	-42.0399	-0.224	175.745	
7.6285	0.0706096	3.12674	23.1581	-14.5106	204.595	
6.7541	0.133016	3.10187	28.6164	-4.00677	211.56	
6.67023	0.139019	3.09913	4.59837	2.8189	191.784	
6.72875	0.13483	3.10105	44.5723	-7.74589	169.668	
6.19388	0.173193	3.08214	-3.44598	-6.82524	160.7	
6.35224	0.161817	3.08808	11.7393	0.503775	192.501	
6.14457	0.176738	3.08023	9.83763	12.7337	208.705	
5.88629	0.195337	3.06967	9.21899	8.71595	209.999	
6.69391	0.137324	3.09991	-48.9669	-16.3312	257.42	
6.79012	0.130438	3.10302	-7.22316	8.31649	157.04	
5.81337	0.200597	3.06651	-20.0046	-3.41969	173.69	
7.41442	0.0858603	3.12121	30.9962	-4.54451	203.823	
6.77442	0.131562	3.10252	-16.2505	-3.42414	216.011	
6.3171	0.16434	3.08679	-47.4036	4.62581	205.894	
6.5402	0.148335	3.09475	-0.586741	5.99131	214.376	
7.88073	0.0526614	3.13288	20.8454	6.5597	204.862	
6.6898	0.137618	3.09978	-2.10448	-3.02627	197.709	
7.11691	0.107083	3.11295	-69.4573	-3.51359	185.184	
6.36092	0.161194	3.0884	32.4455	8.28019	196.151	
6.17322	0.174678	3.08135	2.60436	-2.35435	164.39	
6.42227	0.156791	3.09061	-6.8196	-7.02964	150.05	
5.7245	0.207014	3.06255	6.77572	-6.80153	195.731	
6.34351	0.162444	3.08776	39.3116	-10.7597	220.815	
6.03876	0.184352	3.07602	-29.5985	-1.58535	171.775	
6.86064	0.125394	3.10525	-1.5509	-5.36023	188.474	
6.45925	0.154139	3.09192	2.58287	7.0541	150.283	
5.61117	0.215205	3.05732	-7.99056	-5.48545	218.059	
6.52766	0.149234	3.09431	19.7771	-15.4745	205.852	
6.1274	0.177973	3.07956	42.6863	-5.24118	209.337	
5.72415	0.207039	3.06254	-3.96306	0.765845	193.254	
5.00575	0.259187	3.02515	2.58274	7.56395	171.711	
7.13642	0.10569	3.11351	0.487167	0.861234	174.687	
5.53305	0.220859	3.05358	22.8179	-2.05485	185.314	
6.57952	0.145517	3.09609	8.12829	-7.55419	212.451	
5.56768	0.218353	3.05525	-10.5366	-8.99987	215.25	
5.22443	0.243254	3.03767	-2.07675	-24.1207	188.819	
6.94493	0.119368	3.10784	-7.62193	-0.652795	192.459	
6.22506	0.170952	3.08334	24.4512	-2.28431	201.855	
6.17615	0.174468	3.08146	25.5757	-3.63649	199.803	
6.03065	0.184936	3.07569	6.99321	3.29251	199.223	
6.54703	0.147845	3.09498	10.7838	-11.2956	226.802	
5.63226	0.21368	3.05831	-1.42848	6.40322	177.497	
6.56102	0.146843	3.09546	9.47762	-13.3978	214.433	
6.35892	0.161338	3.08832	-3.23131	-1.78717	213.862	
6.33148	0.163307	3.08732	-8.40127	0.609637	209.516	
7.46151	0.0825041	3.12245	14.5965	-0.278666	209.477	
5.27247	0.239761	3.04027	-14.617	-1.48252	208.066	
6.46517	0.153714	3.09213	38.689	-8.96781	229.554	
5.70574	0.208369	3.0617	12.7656	-7.27296	192.581	
7.65797	0.0685114	3.12748	17.8156	4.10375	175.315	
7.11166	0.107458	3.1128	-11.3688	-0.115604	161.833	
5.2497	0.241416	3.03904	21.0413	13.0692	210.027	
5.73363	0.206354	3.06297	-21.9079	1.71565	170.454	
5.24089	0.242057	3.03856	-7.17645	3.12838	186.706	
6.88797	0.12344	3.1061	-14.6474	2.00204	205.848	
6.02429	0.185394	3.07543	-44.2274	11.2856	194.947	
6.38824	0.159233	3.08939	10.6211	1.88057	190.363	
5.13677	0.249634	3.03278	15.1524	4.85865	220.889	
5.48007	0.224697	3.05098	-12.4648	-7.89936	212.636	
5.38572	0.231538	3.04622	17.683	7.08529	208.227	
6.55278	0.147433	3.09518	-35.8013	-14.5324	169.911	
6.62289	0.14241	3.09755	25.7465	-5.88402	212.981	
7.50753	0.079225	3.12366	59.366	0.0353285	194.367	
6.1895	0.173508	3.08197	-47.6441	-5.14305	193.807	
7.25593	0.0971616	3.11689	30.4321	2.10527	206.531	
6.67577	0.138623	3.09931	21.3071	2.00784	202.164	
5.70031	0.208761	3.06145	42.2883	-5.03593	167.027	
5.15475	0.248324	3.0338	-0.0277848	2.56408	191.366	
4.66955	0.283808	3.00352	-11.0748	1.78757	202.053	
6.12353	0.178252	3.0794	-9.23535	-7.86049	161.379	
7.64417	0.069494	3.12714	-15.6378	2.2403	168.523	
5.507	0.222746	3.0523	-28.2561	4.39742	205.855	
6.57779	0.145641	3.09603	-29.8704	-4.72764	198.377	
5.83975	0.198694	3.06766	3.36565	4.20708	195.987	
5.08306	0.253547	3.0297	50.3007	2.68224	179.087	
6.55781	0.147073	3.09535	30.8875	10.6592	213.247	
7.29831	0.094139	3.11807	-60.8621	14.1846	220.143	
7.01683	0.11423	3.11001	-1.25331	-0.484772	160.265	
4.49147	0.296921	2.99068	-35.6706	0.233301	151.899	
4.85027	0.270552	3.01554	-60.3616	-13.5786	181.656	
6.30027	0.165549	3.08617	34.0672	2.79874	175.321	
5.81344	0.200592	3.06652	26.2529	-1.2006	193.348	
7.24086	0.0982372	3.11647	-3.44225	2.41722	224.44	
6.52705	0.149278	3.09429	-17.8112	-6.0425	226.25	
5.79901	0.201633	3.06588	-26.2548	5.24839	204.014	
5.59259	0.21655	3.05644	52.6768	4.58914	170.045	
7.13496	0.105795	3.11347	13.7827	2.68821	213.487	
6.43668	0.155758	3.09112	-0.554907	-10.6667	190.445	
6.04699	0.18376	3.07635	-29.4383	0.239315	189.851	
6.21287	0.171828	3.08287	20.6598	-7.83899	149.62	
6.47357	0.153112	3.09243	-3.16294	-3.82699	221.954	
7.75921	0.0613061	3.12997	-1.95478	5.0956	170.351	
7.49773	0.0799237	3.1234	32.0568	-4.60311	211.327	
6.79633	0.129994	3.10322	-9.34348	-12.7189	221.286	
6.06907	0.18217	3.07724	13.6305	0.587061	167.647	
5.64767	0.212566	3.05903	-0.142375	-5.0998	150.615	
6.68641	0.137861	3.09966	17.1101	1.52232	197	
6.03897	0.184337	3.07602	2.83557	6.63125	177.263	
5.21978	0.243592	3.03741	24.2478	-3.66935	218.226	
6.56728	0.146394	3.09567	35.0656	4.72809	189.777	
5.01693	0.258371	3.02582	43.6584	1.66459	198.173	
5.43831	0.227723	3.04889	-34.4295	10.6198	177.175	
7.8741	0.053133	3.13272	-40.7452	3.03324	219.577	
7.58397	0.0737809	3.12562	-18.6972	-5.44057	191.453	
4.73869	0.27873	3.00823	-34.4542	-1.77599	175.637	
7.72132	0.0640025	3.12905	-33.9959	-15.9157	207.726	
6.1615	0.175521	3.08089	-7.08539	8.04089	201.392	
7.3374	0.0913515	3.11913	25.9573	0.868333	196.686	
4.6872	0.282511	3.00474	-21.7664	3.33642	211.289	
5.74488	0.205542	3.06347	17.1509	-10.5978	174.848	
6.73554	0.134344	3.10127	-3.64145	-8.44299	200.918	
6.72314	0.135231	3.10087	-9.3075	-7.02235	176.95	
5.29843	0.237875	3.04166	-1.82007	1.33285	210.556	
6.13373	0.177518	3.07981	-3.47709	2.01104	183.073	
5.95994	0.190029	3.07278	-49.0916	-10.3754	212.993	
6.75141	0.133209	3.10178	20.4442	4.86978	212.856	
6.83281	0.127384	3.10437	-32.6369	12.4772	232.899	
7.30122	0.0939314	3.11815	70.1749	-0.0315884	225.247	
5.2841	0.238916	3.04089	50.7123	-6.69747	184.432	
7.08403	0.109431	3.11199	20.9135	0.00733971	182.59	
7.02193	0.113866	3.11016	-43.6723	-5.31588	180.606	
6.7793	0.131213	3.10268	-34.7097	-9.74992	191.325	
5.2584	0.240784	3.03951	-1.21403	-5.3455	188.117	
8.07852	0.038601	3.13741	21.879	3.33594	224.09	
6.67887	0.138401	3.09942	57.779	1.86527	165.939	
7.2521	0.0974348	3.11679	24.1723	13.1269	224.484	
7.47376	0.0816314	3.12277	33.9151	11.3746	230.285	
4.80018	0.274221	3.0123	-19.9681	-2.61073	175.176	
6.46961	0.153396	3.09229	-37.2756	0.402858	243.937	
7.03533	0.112909	3.11056	-37.2086	10.7129	188.533	
5.04997	0.25596	3.02777	-44.7923	-8.11906	194.488	
5.91291	0.193418	3.0708	-1.70143	13.5056	198.3	
5.51632	0.222071	3.05276	30.5747	19.746	216.199	
6.9532	0.118777	3.10809	41.9524	-2.51655	222.813	
5.91394	0.193344	3.07085	-5.07847	-2.28138	183.678	
5.47211	0.225274	3.05058	-22.7912	-4.91272	213.089	
6.36654	0.160791	3.0886	11.7967	-2.39786	196.807	
6.97306	0.117358	3.1087	-17.8089	-5.53469	195.729	
6.40515	0.15802	3.09	6.19164	9.54687	209.882	
5.49631	0.22352	3.05178	-26.5634	0.208318	217.219	
5.5546	0.219299	3.05462	-27.2843	9.01912	197.585	
7.22715	0.0992152	3.11609	12.4124	3.13743	208.276	
3.88202	0.342309	2.93719	28.7123	3.66486	175.285	
6.93606	0.120002	3.10757	-35.2355	3.62109	191.57	
6.84446	0.126551	3.10474	36.8021	-4.45425	181.808	
4.92946	0.26476	3.02051	15.8116	-5.86914	170.2	
6.90235	0.122412	3.10654	7.72284	0.023215	201.404	
6.65192	0.140331	3.09852	33.3994	3.00323	218.338	
7.01352	0.114467	3.10991	-38.9368	10.5134	178.183	
5.26147	0.240561	3.03968	31.6317	4.34501	186.138	
6.05721	0.183024	3.07676	-34.9759	-11.3613	181.438	
6.31998	0.164134	3.0869	38.8754	-1.48568	197.025	
6.73187	0.134607	3.10115	-26.5779	5.59616	185.766	
7.54228	0.0767502	3.12455	-32.0677	-5.3012	194.475	
6.88501	0.123651	3.106	-19.8555	-9.45779	243.57	
7.07744	0.109901	3.1118	-29.0826	-2.53387	165.823	
4.87037	0.269081	3.01682	30.4865	2.27083	167.815	
6.95381	0.118734	3.10811	-14.9029	6.47165	184.731	
7.06654	0.11068	3.11148	-21.336	-8.52188	175.563	
5.81333	0.2006	3.06651	-5.76643	-6.02821	193.18	
5.60654	0.215541	3.0571	-33.2679	2.09188	206.676	
7.09077	0.10895	3.11219	45.1853	-3.4058	192.957	
6.96784	0.117731	3.10854	-4.75167	1.37915	200.445	
7.31917	0.0926511	3.11864	-23.3633	-1.76095	230.802	
6.56034	0.146891	3.09544	35.8071	7.54789	195.814	
6.71581	0.135756	3.10063	37.9019	-5.16458	154.442	
7.00548	0.115041	3.10967	-8.45819	-4.4115	180.845	
4.85603	0.27013	3.01591	59.1457	6.49369	198.272	
5.30233	0.237592	3.04186	-10.7922	2.40609	169.356	
5.40929	0.229828	3.04742	-26.2533	12.8975	196.629	
5.31255	0.23685	3.0424	-48.481	-0.312741	173.444	
7.70099	0.0654495	3.12855	12.6544	-11.0956	180.057	
6.00574	0.18673	3.07467	-47.3712	-0.60457	193.639	
5.45352	0.226621	3.04965	53.0845	1.70201	169.515	
6.65142	0.140366	3.09851	-0.803988	1.98803	200.098	
4.90009	0.266907	3.01869	-11.8112	-1.75697	169.847	
5.90197	0.194207	3.07034	43.9801	8.12883	213.717	
4.5784	0.290513	2.99708	7.5892	-14.0679	210.527	
6.87707	0.124219	3.10576	-64.6538	3.65856	236.256	
6.09917	0.180004	3.07844	-26.6878	2.03559	214.922	
6.74582	0.133608	3.1016	-43.7756	-10.8638	186.515	
5.39241	0.231053	3.04656	21.8338	-8.67351	202.27	
6.90583	0.122163	3.10665	-11.0814	0.200377	199.756	
6.04012	0.184254	3.07607	22.4011	4.79568	208.529	
6.65503	0.140108	3.09863	-1.27755	-17.1705	197.61	
6.98889	0.116227	3.10917	-20.5795	-2.68921	210.988	
6.0558	0.183126	3.0767	-9.69581	1.31618	149.207	
6.77317	0.131651	3.10248	7.96634	9.39566	161.09	
7.43025	0.0847318	3.12163	-0.685358	-1.34884	209.094	
5.84329	0.198439	3.06782	-11.9532	3.61172	233.443	
7.11168	0.107456	3.1128	10.538	-13.6422	238.662	
6.30823	0.164977	3.08646	-4.3096	-1.65768	216.569	
6.12953	0.17782	3.07964	-18.3527	8.62414	164.603	
6.92987	0.120445	3.10738	8.75676	0.576594	152.908	
5.95594	0.190317	3.07261	1.42419	-8.73718	176.335	
6.63126	0.14181	3.09784	-0.767667	-0.643558	207.448	
6.44851	0.154909	3.09154	21.0536	-9.24348	217.768	
6.73307	0.13452	3.10119	28.8781	7.5534	178.951	
6.13658	0.177313	3.07992	60.3458	-7.5142	173.038	
5.48382	0.224425	3.05116	61.4266	10.5021	160.469	
6.77471	0.131541	3.10253	24.1275	-1.59083	191.662	
6.22749	0.170777	3.08343	31.9592	7.35254	196.57	
7.80183	0.0582734	3.131	-11.0521	6.79909	204.102	
5.75354	0.204916	3.06386	-6.41792	-2.36142	134.914	
5.40821	0.229906	3.04737	25.2897	-1.71614	208.628	
5.94197	0.191324	3.07203	-16.7397	-1.1604	174.862	
4.20627	0.318051	2.96771	-36.5314	-4.32323	166.25	
6.46167	0.153965	3.09201	3.34319	5.08927	196.098	
5.75558	0.204769	3.06395	3.5802	4.25839	203.799	
5.72111	0.207259	3.0624	8.04569	6.26449	187.617	
6.55327	0.147398	3.09519	-15.9185	-3.55493	182.334	
6.02981	0.184997	3.07565	-0.820689	3.44919	176.917	
5.00277	0.259405	3.02497	-44.0446	0.899379	200.693	
4.75058	0.277858	3.00903	-40.8702	-11.6516	183.205	
7.47899	0.0812585	3.12291	-1.97554	0.976299	223.73	
5.2798	0.239229	3.04066	25.3151	-4.3298	144.142	
6.9974	0.115619	3.10943	-16.2033	-4.09768	214.12	
6.63782	0.141341	3.09805	34.9436	-2.459	190.967	
6.41911	0.157018	3.0905	-6.42673	5.06206	199.801	
5.0847	0.253428	3.0298	22.7205	15.36	176.783	
4.82441	0.272446	3.01388	-12.1598	0.290318	192.267	
6.9666	0.117819	3.1085	-6.94576	5.48282	192.721	
5.91666	0.193148	3.07096	10.6	7.50886	201.788	
7.64021	0.069776	3.12704	35.7882	8.61319	199.626	
6.37716	0.160028	3.08899	26.831	1.95703	182.961	
6.41269	0.157479	3.09027	-12.7396	-6.89134	214.072	
4.63743	0.286168	3.00128	16.592	-9.55272	194.224	
6.53009	0.14906	3.0944	11.9489	-1.17409	176.817	
4.59167	0.289535	2.99803	-10.7236	-9.52971	199.385	
5.77278	0.203527	3.06472	-11.8093	13.3214	213.865	
7.23947	0.0983359	3.11643	17.4838	-3.70186	229.827	
4.51035	0.295528	2.99209	8.90235	-1.54605	210.593	
5.29079	0.23843	3.04125	-8.66843	-3.3051	194.612	
5.68606	0.209791	3.0608	-27.6966	-13.0728	217.774	
4.68084	0.282978	3.0043	21.2229	4.95689	164.711	
5.49083	0.223918	3.05151	-14.1033	-6.26955	200.162	
6.37172	0.160419	3.08879	-22.4531	-2.5948	203.45	
5.50424	0.222946	3.05217	31.4374	0.30438	196.74	
6.13065	0.17774	3.07968	5.76028	6.16552	215.517	
7.33225	0.0917185	3.11899	-3.78782	8.34068	205.247	
5.87833	0.195911	3.06933	-26.1741	-8.49226	198.987	
6.57684	0.145709	3.096	0.968992	2.72181	212.837	
7.54211	0.0767619	3.12455	-6.52906	-2.78426	178.349	
5.40601	0.230066	3.04725	-22.4946	-3.98071	174.643	
5.98361	0.188324	3.07376	23.1113	1.94754	135.749	
5.46592	0.225722	3.05027	-20.2702	7.3965	237.366	
5.75429	0.204862	3.06389	2.32501	-2.43399	189.629	
6.95886	0.118372	3.10827	25.3817	9.46754	177.991	
6.70377	0.136618	3.10023	-23.1094	10.2093	155.952	
6.2682	0.167852	3.08497	11.3263	3.53598	187.251	
6.19384	0.173196	3.08214	35.8666	6.30732	173.731	
6.7719	0.131742	3.10244	10.244	8.14565	165.528	
7.35653	0.0899873	3.11965	-4.63207	8.35688	216.083	
7.24807	0.0977225	3.11667	70.4828	-0.460821	190.62	
6.16234	0.175461	3.08092	41.4423	2.57716	226.947	
6.96768	0.117742	3.10853	24.8334	-9.59088	190.24	
5.81783	0.200276	3.06671	61.8397	0.621593	210.114	
7.41075	0.0861216	3.12111	20.5931	6.93476	181.997	
6.0591	0.182888	3.07684	-61.7026	4.11899	209.048	
6.74056	0.133985	3.10143	-14.1827	2.59115	165.514	
5.94013	0.191456	3.07195	-16.3388	-2.56304	164.636	
6.39552	0.158711	3.08965	-39.6445	-10.2182	181.842	
6.76503	0.132234	3.10222	14.2572	0.925102	176	
6.23526	0.170219	3.08372	46.9355	0.643823	204.292	
6.55405	0.147343	3.09522	-46.1834	-2.41879	229.632	
6.39213	0.158954	3.08953	53.5419	-0.698057	198.709	
6.82852	0.127692	3.10424	-18.7767	-13.4904	186.192	
3.68853	0.356933	2.91622	31.713	15.9829	198.861	
5.18563	0.246077	3.03553	-33.4922	1.57764	173.538	
7.14392	0.105155	3.11373	48.1255	11.5527	199.894	
6.21853	0.171421	3.08309	35.2789	0.220511	215.44	
7.44685	0.0835491	3.12207	31.8885	6.82176	181.122	
5.14557	0.248993	3.03328	3.80853	-7.57467	233.817	
6.09079	0.180607	3.07811	3.05308	1.24121	205.008	
7.27229	0.0959949	3.11735	34.9088	0.00985441	210.734	
7.78618	0.0593868	3.13063	14.4197	1.43179	206.452	
6.64834	0.140587	3.09841	2.34528	4.64423	229.549	
6.99353	0.115895	3.10931	-4.58084	-5.90268	226.061	
6.75529	0.13293	3.10191	12.4153	4.94727	211.808	
4.59528	0.28927	2.99829	15.1515	2.8121	229.783	
6.53808	0.148487	3.09467	73.3835	-5.78475	182.241	
5.72257	0.207153	3.06247	-34.4285	9.44283	167.075	
5.54407	0.220061	3.05411	-7.10603	6.38844	164.119	
7.14165	0.105317	3.11366	65.5242	-1.82316	223.692	
4.31386	0.31006	2.97675	-12.1954	-5.01852	165.124	
7.26107	0.0967954	3.11704	39.4676	-9.08958	189.385	
6.89166	0.123176	3.10621	17.6036	9.77567	160.559	
6.40838	0.157788	3.09011	-48.5034	-1.77347	206.978	
5.00274	0.259406	3.02497	6.99618	0.258355	171.886	
6.49126	0.151844	3.09305	32.4241	2.6119	209.512	
6.57903	0.145552	3.09607	12.9908	-6.46374	186.658	
6.56771	0.146363	3.09569	30.5818	-4.74705	204.093	
6.5518	0.147504	3.09514	13.4955	2.30245	179.712	
6.30174	0.165443	3.08622	-37.9837	4.71245	170.854	
6.02461	0.185371	3.07544	9.18335	4.26322	133.859	
6.40208	0.15824	3.08989	-18.0394	3.30485	171.741	
6.63827	0.141309	3.09807	6.54323	2.38474	214.122	
6.30559	0.165167	3.08636	-40.457	12.6049	184.197	
5.37791	0.232104	3.04581	-42.4414	-7.08514	187.589	
5.62856	0.213948	3.05813	-9.53165	0.221149	179.356	
4.98896	0.260412	3.02414	92.2834	6.19341	145.09	
6.24822	0.169288	3.08422	-12.1458	-9.42594	171.896	
5.55353	0.219376	3.05457	-40.3984	-12.397	174.471	
6.63615	0.14146	3.098	5.30964	-5.90349	209.843	
6.31688	0.164356	3.08678	-4.54872	21.1994	213.59	
6.8251	0.127936	3.10413	-9.29259	9.28389	211.229	
6.48563	0.152247	3.09285	41.624	14.1407	157.374	
7.7416	0.0625595	3.12954	1.52567	-8.83348	204.826	
5.87492	0.196157	3.06918	1.70654	-1.3552	153.399	
6.36704	0.160755	3.08862	40.5364	14.2819	206.482	
6.75698	0.132809	3.10196	-16.0972	-5.95299	203.524	
5.55366	0.219368	3.05457	-9.56949	0.891793	187.728	
7.31236	0.0931367	3.11845	-14.7583	15.4245	183.368	
4.8237	0.272498	3.01383	19.7941	11.729	158.974	
5.45033	0.226852	3.04949	16.9339	1.40799	209.283	
6.30299	0.165354	3.08627	2.29475	-3.77308	196.688	
5.76336	0.204207	3.0643	9.91877	6.59523	222.753	
7.44368	0.0837748	3.12198	7.2529	-12.2442	218.173	
5.90168	0.194227	3.07033	11.9942	0.555899	188.304	
6.35251	0.161798	3.08809	-28.5202	10.4624	198.085	
5.31659	0.236556	3.04262	10.8328	11.3986	195.419	
6.14015	0.177057	3.08006	0.935154	1.61058	194.711	
8.10708	0.0365717	3.13805	48.4616	-7.12138	207.32	
6.22932	0.170646	3.0835	12.5177	10.7475	208.331	
8.06149	0.0398113	3.13703	-8.02941	-1.91446	177.637	
7.93834	0.0485648	3.13422	11.6854	0.917482	175.796	
4.68495	0.282676	3.00458	-35.1454	-8.54192	188.988	
7.44933	0.0833721	3.12213	-14.4381	-0.121118	192.371	
4.87426	0.268796	3.01706	13.1585	4.41003	208.106	
6.47031	0.153346	3.09231	28.0494	-12.1074	213.768	
5.98611	0.188143	3.07386	12.7627	-7.06038	195.937	
6.82195	0.128161	3.10403	-15.5603	-0.728204	220.456	
5.84243	0.1985	3.06778	16.5885	1.72167	209.415	
7.70929	0.064859	3.12875	-33.327	2.20523	209.82	
6.10219	0.179787	3.07856	37.6622	1.03705	184.441	
6.93514	0.120068	3.10754	13.072	5.08862	209.754	
3.53345	0.368753	2.89759	69.8988	0.80317	186.363	
5.93343	0.191939	3.07167	-23.342	-5.40087	205.21	
5.93971	0.191486	3.07193	-59.8913	0.968794	187.177	
7.04874	0.111951	3.11095	-14.5929	2.01405	211.362	
7.9072	0.0507789	3.1335	-62.9904	12.3686	153.561	
6.91432	0.121556	3.10691	-45.3442	-1.51051	196.924	
5.77003	0.203726	3.0646	-60.5667	-6.62392	192.504	
5.82805	0.199538	3.06715	-18.2849	0.452083	218.505	
5.75147	0.205065	3.06377	-2.33325	14.2548	233.181	
5.23963	0.242149	3.03849	-29.426	9.19016	213.403	
4.98537	0.260674	3.02393	-8.88273	9.15151	189.452	
5.33332	0.235341	3.0435	3.87156	1.63018	199.18	
6.42736	0.156426	3.09079	-2.31073	11.318	173.861	
6.39177	0.15898	3.08952	41.3107	-12.5458	152.98	
4.75586	0.27747	3.00938	4.44944	-3.15349	219.571	
5.00692	0.259102	3.02522	30.5035	-16.7793	191.859	
6.81153	0.128906	3.1037	-37.283	-16.6311	202.515	
5.07237	0.254326	3.02908	-3.69008	-6.95258	203.51	
4.25182	0.314665	2.9716	74.0411	8.39882	204.064	
3.53166	0.36889	2.89737	-30.0241	1.58145	191.274	
5.86994	0.196516	3.06897	15.7841	-2.47619	199.811	
6.34964	0.162004	3.08799	0.0768468	-5.43902	190.986	
6.15187	0.176214	3.08052	2.33196	3.41979	192.468	
7.17936	0.102625	3.11474	20.858	5.50045	201.103	
7.43857	0.0841392	3.12185	55.5354	2.29928	212.62	
5.4973	0.223449	3.05183	-0.541453	-0.484755	243.176	
6.02566	0.185295	3.07548	-16.3097	0.0262245	175.039	
5.89373	0.194801	3.06999	-7.0218	10.2224	230.759	
7.52134	0.0782414	3.12401	-12.2982	-3.6326	200.006	
6.98237	0.116692	3.10898	-6.29972	3.23435	233.056	
4.3605	0.306604	2.98052	-24.8307	-4.27693	155.015	
5.21537	0.243913	3.03717	-21.3191	3.80063	151.224	
3.58087	0.365129	2.90347	-50.5858	-14.692	182.235	
6.24415	0.16958	3.08406	42.5208	-1.11578	186.602	
6.88957	0.123326	3.10614	46.9156	5.7318	193.76	
7.04503	0.112216	3.11085	-50.0784	13.0094	206.538	
5.3838	0.231677	3.04612	-5.31986	-7.95155	156.353	
5.93715	0.191671	3.07182	2.29718	8.94098	193.756	
6.01905	0.185771	3.07521	10.5971	-13.9421	197.445	
7.66777	0.0678137	3.12773	-3.28822	2.74756	167.076	
6.13671	0.177304	3.07992	-12.5521	3.25547	198.591	
6.04125	0.184173	3.07612	3.88921	0.950056	228.163	
6.37249	0.160364	3.08882	8.39081	2.87518	194.622	
7.15611	0.104285	3.11408	76.4827	-1.17231	207.277	
6.4762	0.152923	3.09252	5.19433	4.344	209.546	
5.69426	0.209199	3.06118	-54.509	-7.63613	163.394	
6.52519	0.14941	3.09423	-33.7643	7.62394	206.904	
6.96134	0.118195	3.10834	23.6373	1.93132	190.753	
6.09901	0.180016	3.07843	-18.8147	4.57314	185.357	
5.07267	0.254305	3.0291	-8.08602	-9.0143	210.297	
6.78244	0.130987	3.10278	-31.7215	6.5215	225.481	
5.61645	0.214824	3.05756	3.15831	0.570515	191.432	
6.25775	0.168603	3.08458	-8.68272	6.33561	212.604	
6.01401	0.186134	3.07501	-42.9589	1.65696	200.623	
7.28513	0.0950786	3.1177	24.315	-2.27119	205.601	
5.42798	0.228473	3.04837	-4.71405	-0.293589	184.358	
5.78533	0.202621	3.06528	17.4616	13.3563	219.512	
7.66486	0.0680214	3.12765	-9.6424	1.927	169.315	
7.19801	0.101294	3.11527	-11.4457	2.58772	150.765	
6.48044	0.152619	3.09267	-20.3204	8.00156	208.953	
5.27747	0.239398	3.04054	-15.5269	3.46455	204.671	
5.73777	0.206055	3.06315	-21.6801	1.3034	218.856	
6.42708	0.156447	3.09078	37.1996	-2.41868	187.394	
6.43371	0.155971	3.09102	27.5405	-0.375768	223.938	
6.39869	0.158484	3.08977	12.4288	5.51093	226.967	
6.50496	0.150861	3.09353	11.583	-1.79857	181.276	
7.50278	0.0795639	3.12353	-7.1017	4.54846	198.866	
6.71813	0.13559	3.1007	51.1626	7.73415	169.082	
6.37077	0.160487	3.08876	-50.4212	5.97815	219.199	
5.37088	0.232615	3.04545	-16.0659	11.7511	180.782	
6.18482	0.173844	3.08179	-5.41937	4.17097	171.69	
7.66776	0.0678146	3.12773	-5.69258	-2.90204	196.5	
5.99177	0.187736	3.0741	22.4517	8.38544	200.444	
5.90143	0.194245	3.07031	-30.5259	-4.1707	209.589	
6.64503	0.140824	3.0983	28.4237	20.3883	168.94	
7.1278	0.106306	3.11326	2.20478	4.76196	219.473	
6.84217	0.126715	3.10467	-53.2516	2.65361	173.642	
4.75012	0.277892	3.009	-24.7788	6.24712	206.437	
6.44923	0.154857	3.09157	31.9498	11.8354	149.576	
5.87005	0.196509	3.06897	10.1333	-4.22931	203.357	
6.39485	0.158759	3.08963	0.79077	2.87127	192.725	
5.4877	0.224144	3.05135	4.31023	4.33934	174.86	
7.84441	0.0552448	3.13202	-11.2886	15.3338	190.314	
6.71311	0.135949	3.10054	18.659	-5.47435	177.929	
5.48609	0.224261	3.05127	-27.6358	6.96324	181.212	
6.63392	0.14162	3.09792	16.8436	2.2158	208.699	
6.37391	0.160262	3.08887	23.1234	-17.0897	199.664	
5.94981	0.190759	3.07235	36.1842	-1.84537	203.421	
5.52074	0.221751	3.05298	16.9174	0.898141	143.045	
5.84368	0.19841	3.06783	36.8017	-7.17602	171.12	
5.99212	0.187711	3.07411	-23.8602	-4.22807	224.185	
6.83377	0.127316	3.1044	4.11848	1.9876	224.737	
7.77874	0.0599166	3.13045	-1.567	-10.8624	198.598	
5.86119	0.197147	3.06859	14.7323	6.16819	192.681	
5.57992	0.217467	3.05583	41.9529	-2.64277	193.136	
5.08353	0.253513	3.02973	53.9247	1.51384	211.99	
6.18828	0.173596	3.08193	-12.3559	-14.1645	208.601	
6.37003	0.16054	3.08873	-12.2257	2.9134	220.558	
6.44252	0.155339	3.09133	52.4323	-2.53541	161.771	
6.78819	0.130577	3.10296	59.2923	-12.6581	213.21	
5.30461	0.237426	3.04198	-8.27828	-0.540426	176.432	
5.18583	0.246062	3.03554	-20.1931	-3.07613	137.182	
7.09576	0.108593	3.11233	-3.27338	6.85202	195.268	
6.59571	0.144357	3.09664	7.44958	3.12638	174.741	
7.59208	0.0732033	3.12583	-23.4183	-5.44371	216.265	
6.00382	0.186868	3.07459	37.1801	-4.6333	176.55	
7.34031	0.0911434	3.11921	11.1431	23.0555	186.37	
3.7327	0.353584	2.92121	-14.1451	-1.85733	208.195	
6.4099	0.157679	3.09017	16.4049	15.1935	227.993	
7.19236	0.101697	3.11511	31.7907	2.53321	169.408	
6.17577	0.174495	3.08144	-54.8998	-0.334853	215.771	
4.95226	0.263093	3.02192	1.95537	2.24333	197.067	
6.33507	0.16305	3.08745	-49.2613	-5.57727	196.002	
7.02655	0.113536	3.1103	-18.4379	6.27805	201.665	
4.54979	0.292621	2.995	-37.7241	-10.312	165.185	
6.06621	0.182376	3.07712	-3.98216	2.95523	183.796	
6.51243	0.150326	3.09379	-8.02967	3.24757	159.216	
6.23337	0.170355	3.08365	-26.4805	-3.22587	170.262	
7.07842	0.109832	3.11183	38.5048	13.2517	163.497	
7.16026	0.103988	3.11419	-15.0886	-2.41018	211.633	
7.75252	0.0617819	3.12981	-10.2757	3.22612	202.912	
4.88047	0.268342	3.01746	17.4398	4.89981	182.753	
5.29428	0.238177	3.04143	-21.7771	-3.03585	182.291	
6.09562	0.18026	3.0783	9.11971	-5.15746	188.608	
6.85962	0.125467	3.10521	-26.7197	17.0936	214.272	
6.37971	0.159846	3.08908	44.1184	-4.87037	175.205	
5.84299	0.19846	3.0678	-13.3413	13.788	173.907	
6.05342	0.183297	3.07661	21.977	6.34771	171.291	
7.10602	0.107861	3.11263	-12.0201	-5.04649	200.144	
6.52672	0.149301	3.09428	-39.2933	-0.734731	184.746	
4.64839	0.285362	3.00205	-2.52397	-3.86479	187.733	
4.95533	0.262869	3.0221	4.85737	-11.1954	183.694	
5.96001	0.190023	3.07278	-13.0991	-10.856	161.991	
5.47472	0.225085	3.05071	18.2337	-5.21366	210.702	
6.25663	0.168684	3.08453	16.7959	6.67063	199.855	
6.83966	0.126894	3.10459	29.062	6.93665	179.233	
5.61424	0.214984	3.05746	-17.4868	9.6085	212.049	
5.50983	0.222541	3.05244	36.939	-1.27262	164.047	
7.3762	0.0885846	3.12018	-10.3731	10.7452	214.223	
6.53139	0.148967	3.09444	-8.82858	4.01072	216.612	
7.26745	0.0963397	3.11721	-24.8077	7.75543	211.981	
6.12819	0.177917	3.07959	40.7261	-1.31549	159.652	
5.25679	0.240901	3.03942	48.5029	-14.181	195.648	
6.42314	0.156729	3.09064	-37.849	-6.86844	186	
7.10825	0.107701	3.1127	-8.95816	12.3445	185.201	
6.67254	0.138854	3.09921	-0.906932	-4.15005	154.161	
6.02056	0.185663	3.07528	-1.39728	-2.88761	189.196	
6.94202	0.119576	3.10775	27.2072	3.01279	215.704	
5.41257	0.22959	3.04759	-17.8364	4.04992	186.775	
6.9617	0.118169	3.10835	19.1226	-4.00586	204.539	
7.12183	0.106732	3.11309	-11.0005	6.03002	203.757	
5.87923	0.195846	3.06937	14.6274	-0.132583	216.417	
7.50234	0.0795952	3.12352	-41.3583	-7.14746	194.934	
7.15786	0.10416	3.11413	16.8996	-13.0469	215.804	
6.1836	0.173932	3.08175	-60.6765	13.3143	175.47	
5.83942	0.198718	3.06765	-16.5643	-4.56204	165.939	
6.86038	0.125413	3.10524	9.40935	-0.687009	199.476	
7.23362	0.0987535	3.11627	4.88335	-13.9063	255.212	
6.83969	0.126892	3.10459	44.9365	-2.13085	201.761	
7.40618	0.0864473	3.12099	28.5131	5.01368	178.319	
7.20591	0.100731	3.11549	43.8774	1.89903	194.382	
5.7419	0.205757	3.06334	-57.6413	-1.71119	210.452	
5.11517	0.251207	3.03155	-43.2674	12.9493	180.07	
6.29072	0.166234	3.08581	-36.8491	-5.58363	202.9	
6.23413	0.1703	3.08368	-46.0374	7.23871	205.464	
6.23664	0.17012	3.08378	-16.235	2.46571	198.555	
6.97358	0.117321	3.10871	-2.31745	-9.4182	229.97	
4.7531	0.277673	3.0092	-21.3248	-17.6314	202.222	
7.25582	0.0971698	3.11689	-13.9091	9.50462	212.731	
6.79743	0.129915	3.10325	31.4383	-0.263369	248.096	
6.33774	0.162858	3.08755	12.7117	3.92383	226.718	
6.88914	0.123356	3.10613	-18.8767	-8.25721	159.36	
6.18193	0.174052	3.08168	-26.2097	-4.83666	203.01	
6.97606	0.117144	3.10879	57.8907	13.6767	220.271	
6.27399	0.167437	3.08519	-50.257	3.23936	200.956	
7.21075	0.100385	3.11563	-34.4587	15.4236	210.264	
5.43951	0.227637	3.04895	-26.816	-3.50237	207.62	
5.96143	0.189922	3.07284	74.9059	-3.26185	227.407	
5.77535	0.203341	3.06483	1.90524	4.78878	197.491	
8.04215	0.0411858	3.13659	6.00866	7.90205	230.617	
6.74629	0.133575	3.10162	1.02965	-0.664085	214.848	
6.24354	0.169624	3.08404	-39.4287	7.05151	176.666	
5.05467	0.255617	3.02805	6.51356	4.48097	171.494	
5.80294	0.20135	3.06605	21.0728	5.22293	189.347	
7.65564	0.0686777	3.12742	-12.7041	3.69908	202.891	
6.94518	0.11935	3.10785	-14.0122	-6.61855	154.669	
6.69409	0.137311	3.09992	13.8806	4.45836	187.006	
5.43912	0.227665	3.04893	1.65683	5.10337	200.305	
5.94395	0.191181	3.07211	25.0734	0.985946	192.645	
6.15447	0.176026	3.08062	-27.449	-4.20998	236.818	
6.07266	0.181912	3.07738	6.14072	-5.19909	188.067	
7.47434	0.0815904	3.12279	-20.0186	0.864841	193.649	
7.65849	0.0684747	3.1275	20.1771	-0.38278	209.085	
6.40888	0.157752	3.09013	-4.66846	9.63678	202.421	
5.68314	0.210002	3.06067	1.01433	0.632049	179.222	
7.7553	0.0615846	3.12988	-12.998	1.61973	186.274	
5.81069	0.200791	3.0664	-20.9453	-0.539517	201.358	
5.42088	0.228988	3.04801	61.831	-2.75901	202.073	
5.75855	0.204555	3.06408	26.6247	-3.1526	231.64	
6.6459	0.140762	3.09832	-31.0566	2.36723	220.297	
4.88644	0.267905	3.01783	-57.8352	-8.15377	195.311	
7.08326	0.109486	3.11197	-1.78732	2.86058	205.95	
5.50658	0.222776	3.05228	17.7896	10.9866	167.981	
6.81724	0.128498	3.10388	-4.15209	-3.47591	187.131	
5.66727	0.211149	3.05993	25.7741	7.08553	206.863	
7.21735	0.0999144	3.11581	15.2114	-0.231009	188.408	
6.51014	0.150489	3.09371	-7.41348	6.46215	155.826	
6.42331	0.156717	3.09065	-31.5444	-3.414	177.469	
6.82421	0.128	3.1041	25.4407	2.53433	157.295	
6.64781	0.140625	3.09839	4.70215	1.7594	197.362	
5.96135	0.189927	3.07284	-17.6266	-0.159053	188.192	
4.89579	0.267221	3.01842	20.4182	0.76863	214.147	
6.06348	0.182572	3.07701	-20.9092	9.94677	183.092	
6.92127	0.121059	3.10712	-6.532	-2.39587	184.55	
6.45458	0.154474	3.09176	19.4808	-6.00961	230.752	
6.61397	0.143049	3.09726	-17.2493	-11.6025	215.083	
6.82486	0.127953	3.10412	7.86545	-6.24185	199.982	
5.75532	0.204788	3.06394	21.2239	-8.57463	207.288	
6.84334	0.126631	3.1047	29.5042	-7.78566	202.789	
6.36796	0.160689	3.08865	17.1875	-1.4364	198.294	
6.97015	0.117566	3.10861	15.8499	2.8725	188.86	
6.80376	0.129462	3.10346	-12.5984	-4.8366	171.054	
6.16367	0.175365	3.08097	-9.26283	3.93995	217.339	
6.89776	0.12274	3.1064	-11.8192	9.73021	208.883	
6.38309	0.159603	3.0892	20.9569	-8.28482	220.768	
6.08291	0.181174	3.07779	3.35262	3.88381	188.117	
7.18295	0.102369	3.11484	47.057	20.3092	202.681	
4.19025	0.319243	2.96632	4.3516	-15.6915	197.038	
6.32919	0.163472	3.08724	22.419	4.17693	195.82	
6.96247	0.118114	3.10838	45.4849	0.499259	212.332	
6.00319	0.186913	3.07457	-29.4451	6.18414	218.957	
6.79718	0.129933	3.10325	-25.9363	7.52331	209.423	
7.23604	0.098581	3.11634	9.35774	4.77784	203.793	
5.57501	0.217822	3.0556	1.93247	-9.59715	173.691	
5.59518	0.216363	3.05656	-36.2947	-6.21225	164.217	
5.63493	0.213487	3.05843	-62.75	-1.6046	169.17	
6.73965	0.13405	3.1014	15.4517	-5.70154	140.044	
7.14786	0.104874	3.11384	42.3839	-1.54935	192.71	
7.08364	0.109458	3.11198	-0.275237	-1.18837	203.042	
5.83272	0.199201	3.06736	-58.0516	-3.14141	162.379	
6.27022	0.167707	3.08504	56.1799	-5.51837	175.945	
7.07429	0.110126	3.11171	31.133	9.56402	222.172	
5.59097	0.216667	3.05636	11.0069	-3.36656	194.881	
6.14001	0.177067	3.08005	-6.49019	-2.40534	190.342	
5.78706	0.202496	3.06535	-23.5724	2.06339	187.364	
4.55925	0.291923	2.99569	-17.6876	2.02549	174.627	
5.90796	0.193775	3.07059	25.0671	4.58322	205.759	
7.81238	0.057523	3.13125	49.5985	-7.5757	216.466	
5.36475	0.23306	3.04513	-34.3659	11.0119	209.88	
5.34195	0.234714	3.04395	20.2572	-6.78457	195.591	
6.03263	0.184793	3.07577	-12.7761	12.1646	214.537	
6.64886	0.14055	3.09842	-6.11279	-4.28487	172.167	
6.69316	0.137377	3.09989	15.0048	14.9447	229.877	
7.13003	0.106147	3.11333	-2.66666	1.56386	201.526	
6.23227	0.170434	3.08361	-5.18512	3.81457	187.331	
5.97803	0.188725	3.07353	-4.43108	-4.51301	181.963	
6.12835	0.177905	3.07959	6.87915	-7.45082	190.991	
6.01661	0.185947	3.07511	-26.285	1.13371	201.549	
6.73619	0.134297	3.10129	-15.776	-14.4489	220.441	
6.51009	0.150493	3.0937	4.1878	-0.213295	219.07	
4.48065	0.29772	2.98986	-4.6778	-6.1176	206.879	
6.85327	0.125922	3.10502	-6.67754	-13.8889	156.571	
5.78987	0.202293	3.06548	12.0073	4.19831	151.585	
5.3959	0.230799	3.04674	8.2521	-3.90061	186.228	
5.28744	0.238674	3.04107	-16.2584	-0.550339	169.197	
7.03632	0.112839	3.11059	17.8285	8.52091	233.508	
6.32022	0.164116	3.08691	-19.3162	-6.45963	158.621	
6.62971	0.141921	3.09778	-70.0748	-4.94777	170.403	
6.73635	0.134286	3.10129	-47.1997	0.417466	199.175	
6.05711	0.183031	3.07676	-3.79711	0.322468	184.111	
5.87248	0.196333	3.06908	40.8679	-3.73133	168.02	
6.99762	0.115603	3.10943	9.69939	-11.2947	200.157	
6.24815	0.169293	3.08421	-44.5885	-5.75348	221.677	
5.56939	0.218229	3.05533	-47.5635	-15.3472	205.254	
6.17499	0.174551	3.08141	-40.8321	14.7348	161.689	
7.00702	0.114931	3.10972	-30.7293	-1.67897	217.585	
5.65688	0.2119	3.05945	-40.233	-6.65683	183.814	
6.4562	0.154358	3.09182	31.0903	3.37074	189.362	
5.63848	0.213231	3.0586	5.01572	6.37508	150.167	
5.45819	0.226283	3.04989	11.6016	4.55876	198.477	
5.74511	0.205525	3.06348	38.8122	-5.92537	199.864	
7.00164	0.115316	3.10955	13.0705	-2.86326	210.624	
5.25892	0.240746	3.03954	10.9377	5.58658	203.303	
5.96605	0.189589	3.07303	-11.4845	8.74981	174.981	
5.42667	0.228568	3.0483	9.46378	-9.72465	169.821	
7.28405	0.095156	3.11767	21.5095	0.456446	219.873	
7.28903	0.0948008	3.11781	-9.60712	-1.69281	201.947	
6.87486	0.124378	3.10569	-20.5466	4.45876	208.008	
5.98566	0.188176	3.07384	-21.2231	-2.99604	207.823	
5.24182	0.241989	3.03861	53.5167	13.9483	205.684	
7.56838	0.0748907	3.12522	32.7438	-0.62915	161.9	
5.27055	0.239901	3.04017	10.6482	6.26408	198.707	
6.04777	0.183703	3.07638	-17.4579	13.9239	164.935	
6.93839	0.119836	3.10764	-41.2679	-2.56765	187.93	
6.76997	0.13188	3.10238	-26.0305	-10.6898	193.749	
5.88792	0.19522	3.06974	-29.9166	-8.47751	211.238	
5.85139	0.197854	3.06817	5.77953	5.95503	180.98	
6.11325	0.178991	3.079	17.726	1.28696	242.078	
7.51407	0.0787597	3.12382	1.36853	-0.697223	183.786	
7.23226	0.0988502	3.11623	-17.0169	-9.01323	183.633	
5.68879	0.209593	3.06093	-11.0194	-1.48947	207.743	
6.84944	0.126195	3.1049	7.72813	-11.7941	216.176	
6.39857	0.158492	3.08976	49.4593	-2.8075	168.919	
6.97214	0.117423	3.10867	5.09829	3.96424	202.929	
6.8985	0.122687	3.10642	-26.1165	-6.6923	188.872	
5.83917	0.198736	3.06764	1.30009	6.22015	177.446	
7.59632	0.0729009	3.12593	22.1635	-10.546	193.49	
7.36346	0.089493	3.11984	40.3124	0.428469	168.564	
6.06645	0.182359	3.07713	-12.2382	-4.08181	196.417	
6.65776	0.139912	3.09872	-36.1632	-0.214692	194.849	
6.92095	0.121082	3.10711	31.4624	-6.9354	191.891	
6.90293	0.12237	3.10656	9.26703	-1.05867	186.554	
6.50805	0.150639	3.09363	9.20219	0.0378817	182.112	
5.74595	0.205464	3.06352	13.3443	-3.36761	227.873	
6.10855	0.179329	3.07881	-59.7227	-0.706378	174.145	
5.96983	0.189316	3.07319	-33.6915	-0.971748	214.204	
7.77479	0.0601973	3.13035	-2.76756	-9.82414	222.076	
4.558	0.292016	2.9956	10.5848	4.02284	184.884	
6.99052	0.11611	3.10922	0.426642	5.0566	196.321	
5.64553	0.212721	3.05893	27.1684	11.4599	184.063	
5.06816	0.254634	3.02884	30.041	9.70256	211.423	
6.60785	0.143487	3.09705	-38.8173	11.8333	221.348	
6.04492	0.183909	3.07627	-1.38182	9.61059	224.193	
6.89007	0.12329	3.10616	20.5452	-19.2792	207.688	
5.90043	0.194318	3.07027	22.8139	11.0206	230.399	
6.88984	0.123306	3.10615	27.6962	-2.9764	196.221	
5.4556	0.22647	3.04976	9.9694	-5.17606	215.84	
7.72351	0.0638464	3.1291	17.3686	11.9308	207.41	
6.24522	0.169503	3.0841	27.3759	0.935574	175.074	
5.0089	0.258957	3.02534	-42.1984	-16.2965	170.918	
6.2461	0.16944	3.08414	17.2263	10.4149	255.146	
5.93194	0.192046	3.0716	6.72606	1.44939	197.795	
7.87789	0.0528634	3.13281	-34.671	-21.1507	205.271	
4.32722	0.309069	2.97784	-34.0854	-7.29873	191.607	
5.18634	0.246025	3.03556	41.0472	-0.0216086	249.568	
6.2868	0.166516	3.08566	-9.77713	-3.91271	208.092	
6.26163	0.168324	3.08472	2.24883	-5.02484	219.541	
6.71681	0.135684	3.10066	-8.93713	-6.53826	216.697	
6.58666	0.145005	3.09633	-6.80202	0.998205	200.796	
7.39016	0.0875896	3.12056	-10.9065	2.7336	229.168	
6.45911	0.154149	3.09192	39.4677	9.65889	192.61	
5.42894	0.228403	3.04842	41.7486	6.35786	171.421	
6.11173	0.179101	3.07894	-15.6924	1.90296	186.7	
4.80367	0.273966	3.01253	10.073	1.36016	175.923	
6.1877	0.173637	3.08191	-63.006	-6.53933	159.697	
6.03908	0.184329	3.07603	41.4349	-0.192206	167.585	
5.66266	0.211482	3.05972	7.47409	-1.68791	176.357	
6.0107	0.186372	3.07487	-15.3769	0.873983	193.409	
5.13814	0.249534	3.03286	53.4512	11.8483	181.94	
5.74412	0.205597	3.06344	-6.66441	-2.08085	214.782	
5.73057	0.206575	3.06283	15.4967	3.77025	182.948	
5.47034	0.225402	3.05049	13.0957	-8.24466	170.502	
5.14867	0.248767	3.03346	9.01926	-1.66088	168.149	
6.82556	0.127903	3.10415	33.468	5.48771	219.204	
7.13116	0.106065	3.11336	-20.7186	-9.32482	201.949	
7.0662	0.110704	3.11147	35.0642	-7.37336	243.83	
5.62561	0.214162	3.05799	17.4094	-2.3643	151.04	
5.9015	0.19424	3.07032	-27.0723	6.94543	166.18	
6.80274	0.129536	3.10342	24.0012	4.91987	178.155	
6.83768	0.127036	3.10453	-51.9079	11.5492	200.961	
6.0149	0.18607	3.07504	6.5949	4.32579	184.641	
6.69398	0.137319	3.09991	12.1661	-2.81092	206.406	
6.2172	0.171517	3.08304	-2.98862	-7.93504	221.315	
5.48501	0.224339	3.05122	-10.6632	-5.18371	189.866	
6.06493	0.182468	3.07707	17.6795	9.67903	191.735	
4.87407	0.268811	3.01705	-25.1243	-2.1753	193.221	
7.48925	0.0805274	3.12318	-37.8844	-5.97866	190.662	
6.53957	0.14838	3.09472	-37.0217	1.82833	191.832	
6.2474	0.169346	3.08418	-34.0031	8.51265	179.121	
5.8784	0.195906	3.06933	-2.09845	-8.92788	190.137	
6.09997	0.179947	3.07847	6.35894	-3.00866	179.819	
7.00411	0.115139	3.10963	-16.598	0.148078	194.005	
5.74622	0.205445	3.06353	-8.1507	-6.70499	215.763	
5.42483	0.228701	3.04821	19.2968	17.6395	184.634	
4.76103	0.277091	3.00972	43.8859	3.09675	178.393	
5.97794	0.188732	3.07352	46.5494	-0.613729	213.135	
4.25637	0.314327	2.97198	-33.119	-9.86337	197.972	
6.22747	0.170779	3.08343	-35.9206	9.18138	148.355	
6.05741	0.183009	3.07677	35.6097	-7.42028	184.501	
7.39843	0.087	3.12078	1.03821	-3.95621	214.466	
6.41066	0.157625	3.0902	7.52287	-4.36754	176.618	
5.41242	0.229601	3.04758	-47.159	2.09161	204.986	
6.06665	0.182345	3.07714	36.1196	-8.615	194.791	
7.88966	0.0520266	3.13309	-46.4235	-9.71466	206.937	
6.07119	0.182018	3.07732	25.6565	10.8674	199.738	
6.66826	0.13916	3.09907	18.2598	20.0491	181.159	
5.88253	0.195608	3.06951	-17.1347	14.3082	188.848	
6.39529	0.158727	3.08964	46.4715	-5.06991	200.577	
5.74442	0.205575	3.06345	-10.0459	-0.419481	178.841	
6.53445	0.148747	3.09455	35.9303	-5.24072	190.096	
6.22935	0.170644	3.0835	30.246	-1.00871	182.321	
5.93694	0.191686	3.07182	20.8455	10.5293	218.735	
7.19917	0.101212	3.1153	-11.5213	-0.933965	190.779	
7.27726	0.0956402	3.11749	-25.4817	10.0677	206.182	
6.17306	0.17469	3.08134	-50.0654	-6.33417	210.34	
6.3036	0.16531	3.08629	-18.1522	2.36159	188.529	
4.50567	0.295874	2.99174	-64.0424	-8.33675	159.469	
5.45579	0.226456	3.04977	-5.06472	12.8373	209.579	
5.87024	0.196495	3.06898	-32.9343	-16.197	161.357	
6.50213	0.151064	3.09343	26.1181	-15.3593	194.694	
6.29887	0.16565	3.08611	-8.28446	-13.5772	193.603	
6.44834	0.154922	3.09154	-8.92377	0.970483	215.156	
6.2063	0.1723	3.08262	-28.7088	-0.483998	179.868	
6.93238	0.120265	3.10746	3.91122	-1.12989	171.724	
7.18517	0.102211	3.1149	4.752	-3.27238	209.437	
7.22269	0.0995331	3.11596	31.0517	-13.299	240.899	
6.54479	0.148006	3.0949	19.6965	3.14859	170.796	
6.70823	0.136299	3.10038	-13.1885	6.76244	176.923	
5.40238	0.23033	3.04707	35.9497	1.84819	218.435	
4.34038	0.308094	2.97891	8.84167	13.7341	171.095	
5.88423	0.195486	3.06958	-28.3548	10.4935	214.665	
6.98151	0.116754	3.10895	11.9232	-8.81459	198.949	
6.80147	0.129626	3.10338	68.9664	0.393255	189.747	
5.05409	0.25566	3.02802	-28.7022	14.9645	215.449	
6.05329	0.183306	3.0766	20.4994	-6.03406	193.976	
6.61001	0.143333	3.09712	-3.46922	3.98186	181.734	
7.74066	0.062626	3.12952	-26.9041	-11.4374	214.614	
7.12002	0.106861	3.11304	10.4983	3.65098	207.714	
5.60702	0.215506	3.05712	10.3606	2.77288	174.88	
6.73458	0.134413	3.10124	-19.3189	-5.57501	208.723	
6.26101	0.168369	3.0847	-2.35776	-7.01329	208.048	
7.03195	0.113151	3.11046	-38.3571	-6.08103	156.215	
6.23839	0.169994	3.08384	-42.4645	2.13184	175.45	
7.18479	0.102237	3.11489	-1.44609	-4.2325	150.723	
6.3234	0.163888	3.08702	-7.29768	-3.33656	242.628	
4.38277	0.304955	2.9823	-2.75359	-0.203553	202.762	
6.98714	0.116352	3.10912	-27.5319	-1.09128	219.564	
4.72725	0.27957	3.00746	25.1476	7.30306	198.736	
5.98788	0.188016	3.07394	27.5392	-0.610625	196.968	
5.69148	0.209399	3.06105	-5.38885	7.26508	151.346	
5.76927	0.20378	3.06456	11.67	0.80571	205.222	
5.87989	0.195799	3.0694	-58.4655	8.72187	135.058	
6.45094	0.154735	3.09163	22.8709	-6.99542	188.663	
6.72683	0.134968	3.10099	47.2856	6.96737	193.912	
6.91934	0.121197	3.10706	-43.6066	0.454352	220.885	
6.85886	0.125521	3.10519	17.4325	0.851183	226.53	
7.3908	0.0875437	3.12058	17.1731	20.6557	214.315	
6.1591	0.175693	3.0808	24.312	8.32658	204.607	
5.24681	0.241627	3.03888	-18.6981	-0.363605	158.3	
5.62033	0.214543	3.05775	-3.17683	-14.649	228.724	
6.90286	0.122375	3.10655	20.5594	4.77206	212.234	
7.64527	0.0694157	3.12717	27.1353	-0.743414	182.971	
6.48386	0.152374	3.09279	-32.6852	8.14027	233.353	
5.81501	0.200479	3.06658	-9.17798	-7.47701	199.241	
7.12992	0.106154	3.11332	11.3477	3.84653	175.34	
5.73241	0.206442	3.06291	54.0704	1.80752	181.505	
7.17398	0.103009	3.11459	-2.58436	-2.03207	173.477	
6.10471	0.179606	3.07866	33.4933	-0.384982	191.318	
4.98113	0.260984	3.02367	16.6765	4.44654	197.677	
5.68657	0.209754	3.06082	-6.5728	0.333889	225.337	
5.38543	0.231559	3.0462	19.4125	0.00533185	132.197	
7.34131	0.0910723	3.11924	54.3315	4.42646	220.876	
5.41468	0.229437	3.0477	22.5399	-6.20485	217.75	
4.90887	0.266265	3.01924	10.2458	13.1044	153.171	
6.95846	0.118401	3.10825	-26.8767	1.96645	203.277	
6.89464	0.122963	3.1063	4.50561	8.07214	186.144	
6.16486	0.175279	3.08102	-17.515	1.04066	179.516	
5.47883	0.224787	3.05091	-6.43954	3.19137	144.983	
6.99983	0.115445	3.1095	-12.9805	-5.60286	172.115	
6.73521	0.134368	3.10126	9.12878	11.6277	191.036	
6.57392	0.145918	3.0959	0.273647	7.39994	183.054	
6.07853	0.181489	3.07762	27.3582	-11.0493	154.729	
7.19478	0.101525	3.11518	-17.7102	8.88044	227.888	
6.84937	0.1262	3.10489	16.562	-7.28429	207.549	
6.38471	0.159486	3.08926	9.46431	3.71179	164.021	
6.67088	0.138973	3.09915	3.41756	-1.63444	176.45	
6.59933	0.144098	3.09676	-28.168	-3.6665	232.5	
6.29036	0.166261	3.0858	-21.4801	-15.4678	204.042	
6.06921	0.18216	3.07724	43.749	8.06782	184.324	
6.29293	0.166076	3.08589	24.9835	-4.07198	176.699	
5.65178	0.212269	3.05922	-3.12951	-3.60487	224.137	
6.35728	0.161455	3.08827	-7.28056	-0.873884	206.08	
6.40981	0.157685	3.09017	3.89414	0.507833	213.399	
7.76516	0.0608828	3.13012	-54.1966	12.6222	186.029	
6.01338	0.186179	3.07498	-7.84323	-5.16247	165.029	
7.62449	0.0708949	3.12664	18.1022	16.5574	216.321	
6.52173	0.149659	3.09411	-12.8277	-0.368785	209.821	
6.92948	0.120473	3.10737	31.4147	-0.515262	194.327	
7.00737	0.114906	3.10973	-63.7141	-8.37427	203.316	
7.76279	0.0610516	3.13006	4.53201	-1.41267	184.359	
6.87265	0.124536	3.10562	-27.0302	-6.6418	172.743	
5.41343	0.229528	3.04763	32.6593	11.7169	204.655	
7.91912	0.0499319	3.13377	1.26162	5.22153	240.23	
6.49027	0.151914	3.09301	4.08973	11.016	202.626	
5.48999	0.223978	3.05147	0.797978	13.0942	181.374	
5.22676	0.243085	3.03779	1.03299	3.34203	216.355	
7.07053	0.110395	3.1116	-8.09398	9.13916	248.599	
7.03243	0.113116	3.11047	13.7147	-4.4971	142.916	
6.41891	0.157033	3.09049	10.3553	-6.01956	190.523	
6.60732	0.143526	3.09703	54.2962	2.59023	183.396	
6.02409	0.185408	3.07542	10.7368	9.02075	197.4	
6.7538	0.133037	3.10186	-26.9159	-1.6473	229.189	
5.43256	0.22814	3.0486	12.2117	12.3838	189.883	
6.20404	0.172463	3.08253	37.7964	-6.00086	161.802	
6.82115	0.128219	3.10401	23.7729	1.83284	210.168	
6.16816	0.175042	3.08115	-21.3529	-5.77581	181.611	
6.26055	0.168402	3.08468	10.8523	-5.20887	171.943	
6.96785	0.11773	3.10854	49.9234	-24.7332	160.361	
5.98031	0.188561	3.07362	68.1518	6.09183	167.019	
7.14409	0.105143	3.11373	46.4808	9.55273	180.238	
6.94697	0.119222	3.10791	10.0522	-2.58733	195.673	
6.79591	0.130024	3.10321	50.1085	-12.0369	199.604	
4.70106	0.281492	3.00569	25.664	-8.30164	209.191	
5.34403	0.234564	3.04406	-4.92665	7.82407	178.352	
5.19576	0.245339	3.03609	34.79	8.14471	205.639	
6.5358	0.14865	3.09459	11.8725	10.0468	238.649	
4.35395	0.307089	2.98	-16.9274	-0.58391	150.035	
7.32251	0.092413	3.11873	7.37585	1.58406	185.781	
7.40563	0.0864866	3.12097	-41.7425	6.16761	200.454	
6.07639	0.181643	3.07753	48.9292	1.78626	213.982	
5.99454	0.187536	3.07421	-30.7322	-1.49632	190.676	
5.68419	0.209926	3.06071	3.01821	-15.7128	208.416	
7.14396	0.105152	3.11373	28.7042	3.02929	180.824	
7.13246	0.105973	3.1134	-3.12515	-1.92575	178.678	
6.93268	0.120244	3.10747	36.9889	-0.862522	205.527	
6.67652	0.138569	3.09934	9.91414	-0.378722	192.615	
6.99837	0.115549	3.10946	15.7917	14.3389	202.902	
7.58362	0.0738055	3.12561	19.3259	6.5715	224.952	
5.05153	0.255847	3.02787	63.038	-4.09719	211.637	
7.7049	0.0651709	3.12865	14.5666	-1.88779	218.386	
5.04406	0.256391	3.02743	-74.5706	-2.24498	148.494	
5.20514	0.244657	3.0366	-48.389	-10.9474	186.973	
6.69329	0.137368	3.09989	32.5698	-3.53953	165.835	
6.56549	0.146522	3.09561	-70.6764	-0.103935	184.348	
6.39722	0.158589	3.08971	-7.7712	7.25215	163.244	
5.50383	0.222975	3.05215	-19.4652	-2.35094	178.382	
4.83718	0.271511	3.0147	9.36289	-2.57529	185.251	
4.33519	0.308479	2.97849	-59.9364	-20.8444	200.54	
7.67008	0.0676496	3.12778	10.7734	6.98089	216.122	
6.98578	0.116449	3.10908	-24.1106	-10.6435	193.383	
5.47437	0.22511	3.05069	67.8293	-12.603	232.539	
6.69629	0.137154	3.09999	5.86586	2.96496	169.229	
6.67091	0.138971	3.09915	-31.9113	-9.44685	226.953	
7.04902	0.111931	3.11096	8.83531	0.737403	200.931	
5.6916	0.209391	3.06105	34.1541	-4.20978	177.608	
5.79785	0.201717	3.06583	37.9984	-4.87843	185.371	
6.14467	0.176731	3.08023	-20.2195	-8.60365	204.375	
5.55652	0.21916	3.05471	-48.4681	1.83311	207.987	
5.26477	0.240321	3.03985	3.69691	-4.74441	192.408	
5.28453	0.238885	3.04091	2.91192	11.616	214.281	
5.15524	0.248289	3.03383	18.2593	-5.86028	189.792	
6.60475	0.143709	3.09695	-42.5267	8.09125	193.851	
7.28489	0.0950962	3.1177	31.8487	-6.4871	211.9	
5.27249	0.23976	3.04027	-29.4854	-0.539508	183.789	
6.05815	0.182956	3.0768	-42.4905	-5.23869	203.091	
7.91369	0.0503179	3.13365	-26.3538	-1.38147	175.664	
7.4397	0.0840586	3.12188	-4.23469	6.49849	165.826	
6.0273	0.185177	3.07555	19.4798	0.277744	177.826	
6.08742	0.18085	3.07797	27.5059	19.2923	206.106	
6.48298	0.152437	3.09276	37.4488	-13.7933	221.57	
5.60525	0.215634	3.05704	31.1188	8.34581	202.675	
5.94921	0.190802	3.07233	22.9307	4.43099	188.528	
6.60129	0.143957	3.09683	-23.0598	-11.9957	248.038	
5.50477	0.222907	3.05219	4.29575	-6.06419	178.47	
5.9056	0.193945	3.07049	3.47954	-4.91586	159.626	
5.23876	0.242212	3.03845	45.8237	-5.59284	183.087	
6.60886	0.143415	3.09708	-32.9667	2.23406	217.053	
5.35533	0.233743	3.04465	-14.7857	11.2407	163.359	
5.93754	0.191643	3.07184	-9.15374	9.53232	180.024	
6.7649	0.132243	3.10222	-5.16394	-8.99126	185.546	
5.60599	0.21558	3.05707	16.0733	5.85128	171.87	
7.27764	0.0956129	3.1175	-44.8989	-0.0662842	194.748	
5.42665	0.228569	3.0483	4.24607	2.85802	193.675	
5.19667	0.245273	3.03614	-26.7255	-4.79874	208.757	
5.93667	0.191706	3.0718	-35.4856	-0.0637415	172.119	
7.48256	0.0810046	3.123	33.7694	14.3143	187.42	
6.89738	0.122767	3.10639	-88.0592	7.76831	188.141	
7.72348	0.0638489	3.1291	7.51424	0.564551	217.806	
5.89117	0.194985	3.06988	12.7286	4.3275	200.48	
7.05839	0.111262	3.11124	11.5488	11.7324	211.892	
6.3491	0.162042	3.08797	-16.5165	-6.18017	159.501	
6.02655	0.185231	3.07552	15.4398	-11.5657	157.595	
6.84456	0.126544	3.10474	-20.4562	-2.93216	190.487	
6.24759	0.169333	3.08419	-7.55094	2.73202	184.359	
6.06752	0.182282	3.07718	7.26587	0.154963	210.937	
6.67801	0.138462	3.09939	4.96069	2.30324	212.02	
5.33013	0.235573	3.04333	-49.2361	-8.61323	196.981	
4.62194	0.287308	3.00019	-34.724	-8.75114	178.92	
4.6907	0.282254	3.00498	-8.55589	7.78543	198.707	
7.06244	0.110973	3.11136	2.40086	-19.2168	173.4	
4.88425	0.268065	3.01769	-2.43494	1.25473	188.224	
7.66855	0.0677583	3.12775	-58.3816	8.05919	188.961	
6.49474	0.151594	3.09317	24.5496	0.0631438	192.783	
6.85153	0.126046	3.10496	-1.77599	13.2585	186.607	
6.36155	0.161149	3.08842	-13.5585	0.75556	244.2	
7.59221	0.0731939	3.12583	-41.3967	-10.8263	227.909	
5.46565	0.225742	3.05026	-26.9801	-3.50445	216.375	
5.59568	0.216326	3.05658	-12.2501	-1.70711	185.197	
6.04023	0.184246	3.07608	3.21328	-10.2786	187.6	
3.20378	0.394246	2.85133	54.3006	19.0283	190.092	
6.56817	0.14633	3.0957	4.42513	-1.69052	194.093	
5.95079	0.190688	3.0724	-62.341	1.60548	176.33	
7.02984	0.113301	3.1104	0.473285	-0.258283	228.51	
5.59364	0.216474	3.05649	-25.2861	2.52261	191.714	
6.35842	0.161374	3.08831	15.3446	-3.77148	193.354	
5.5832	0.217229	3.05599	28.5772	5.03934	189.743	
6.65172	0.140345	3.09852	33.3941	-16.7837	156.632	
6.72887	0.134821	3.10105	-8.98699	-0.75562	190.751	
5.09178	0.252912	3.03021	25.9853	16.5778	146.077	
4.43087	0.301397	2.98606	7.49552	4.90338	200.365	
6.62731	0.142093	3.0977	-64.4365	10.0264	232.579	
5.83802	0.198819	3.06759	-23.3625	8.3505	169.155	
6.1425	0.176888	3.08015	-24.9481	5.85795	239.547	
5.82072	0.200067	3.06683	4.63538	-2.53381	172.315	
5.77908	0.203072	3.065	45.4948	1.97953	195.164	
6.56499	0.146558	3.0956	30.0175	-1.21256	163.721	
6.38546	0.159433	3.08929	0.314252	1.75044	227.818	
6.80512	0.129365	3.1035	-7.51797	-3.45581	197.478	
7.44172	0.0839145	3.12193	-32.6008	-2.80099	206.678	
6.44668	0.155041	3.09148	3.49885	13.9602	196.403	
6.99501	0.115789	3.10936	-22.1663	16.336	223.801	
6.34342	0.162451	3.08776	16.0364	-1.9915	230.17	
4.5535	0.292347	2.99527	-8.25511	-7.43262	201.083	
4.86429	0.269526	3.01643	-15.8309	-0.968484	195.039	
4.17548	0.320343	2.96503	27.3152	2.70192	153.717	
7.85009	0.0548409	3.13215	-0.211997	12.4592	212.448	
6.00398	0.186856	3.0746	3.90049	2.29943	198.831	
4.50295	0.296074	2.99154	1.57663	5.59507	207.457	
6.00457	0.186814	3.07462	-26.0026	-2.76261	188.067	
4.66191	0.284369	3.00299	18.3065	-7.27631	186.812	
5.58045	0.217429	3.05586	21.446	-8.74768	221.547	
5.26225	0.240504	3.03972	40.7511	19.0926	197.943	
6.79689	0.129954	3.10324	22.019	-0.911053	178.357	
5.14222	0.249237	3.03309	-54.352	-2.28008	184.984	
5.28788	0.238642	3.04109	20.194	1.86544	190.395	
6.56722	0.146398	3.09567	-0.384742	-12.2433	178.406	
5.59701	0.21623	3.05665	-12.2883	-0.189443	225.293	
6.19403	0.173182	3.08215	-23.1731	14.9368	167.136	
6.22299	0.171101	3.08326	1.25152	-9.87117	155.16	
5.46856	0.225531	3.0504	10.7469	12.1585	171.612	
7.78981	0.0591287	3.13071	16.7373	-5.59028	226.409	
7.30571	0.0936108	3.11827	-0.758453	8.61153	224.867	
5.6831	0.210005	3.06066	-22.8682	-7.5901	165.502	
6.47244	0.153193	3.09239	35.149	6.8894	232.202	
6.057	0.183039	3.07675	-18.6588	-6.3009	181.064	
6.82965	0.127611	3.10427	-2.5458	3.50006	201.734	
6.43723	0.155718	3.09114	-44.124	-0.72193	208.673	
7.76165	0.0611327	3.13003	59.7132	-7.22381	212.618	
6.60067	0.144002	3.09681	10.4287	-10.9761	201.244	
6.52301	0.149567	3.09415	19.9199	-13.3353	154.794	
7.22989	0.0990193	3.11617	42.5301	-8.48076	213.451	
6.8781	0.124146	3.10579	22.4996	-16.2337	221.477	
6.12845	0.177898	3.0796	48.138	8.12117	198.104	
5.76931	0.203778	3.06457	-25.4082	-2.52752	228.17	
6.23092	0.170531	3.08356	-35.956	1.44571	212.103	
7.16002	0.104006	3.11419	-10.0994	-7.52128	211.319	
6.31943	0.164173	3.08688	3.50748	-12.4115	170.736	
7.45118	0.0832404	3.12218	29.8559	15.6755	205.152	
6.15222	0.176188	3.08053	-50.7712	0.310761	175.765	
4.55179	0.292473	2.99515	-3.37044	-7.08115	159.02	
6.42702	0.156451	3.09078	-22.4562	9.08659	177.367	
6.41752	0.157133	3.09044	2.30396	6.09514	193.167	
6.58626	0.145034	3.09632	8.48564	-5.50788	163.246	
5.65119	0.212312	3.05919	20.31	15.1416	171.169	
7.54369	0.0766496	3.12459	-6.69578	-6.78253	174.424	
6.64168	0.141064	3.09818	1.89693	-9.19008	142.169	
6.56798	0.146344	3.0957	31.7303	-3.05793	219.684	
6.20685	0.17226	3.08264	34.3512	3.30529	198.286	
6.26687	0.167948	3.08492	-12.599	16.5387	216.302	
6.05315	0.183316	3.0766	-35.1237	0.594893	209.749	
5.26746	0.240125	3.04	13.5037	-1.71406	225.114	
5.07388	0.254217	3.02917	18.1361	-6.12512	155.942	
5.64402	0.21283	3.05886	21.3299	-3.78383	190.618	
6.03243	0.184808	3.07576	5.97118	-5.23785	176.133	
7.80228	0.0582414	3.13101	-17.9421	-7.62176	207.775	
7.37156	0.0889153	3.12006	-8.87839	12.4038	196.971	
5.48651	0.224231	3.05129	20.1431	-0.564752	178.929	
6.42771	0.156401	3.09081	-35.5597	7.3955	205.296	
5.70403	0.208492	3.06162	-12.245	-1.16341	175.551	
6.53538	0.14868	3.09458	17.0043	2.94603	175.443	
6.26842	0.167836	3.08498	21.9581	1.87104	195.985	
5.11741	0.251044	3.03168	29.2069	4.06757	205.08	
5.2056	0.244624	3.03663	-25.5807	-9.46567	184.975	
6.69874	0.136978	3.10007	-9.16397	4.06494	174.593	
6.43858	0.155621	3.09119	3.60137	4.80668	165.482	
7.85661	0.0543768	3.13231	-25.6472	5.2914	207.46	
7.49422	0.0801736	3.12331	3.17841	-9.10401	199.434	
4.64432	0.285662	3.00176	17.9795	9.20338	182.057	
5.43091	0.22826	3.04852	19.5329	1.23214	216.773	
5.84339	0.198431	3.06782	-13.4184	-6.71176	194.248	
5.88908	0.195136	3.06979	8.17919	4.839	197.533	
7.32225	0.0924316	3.11872	-9.85202	-0.174778	195.322	
6.09129	0.180571	3.07813	47.027	-7.87473	206.165	
5.62473	0.214225	3.05795	-46.1355	-5.42999	169.867	
6.89692	0.1228	3.10637	21.656	7.35764	199.899	
5.2922	0.238328	3.04132	17.4881	-0.866818	196.403	
5.83647	0.19893	3.06752	11.6267	2.17593	177.415	
6.88949	0.123331	3.10614	-9.5308	15.6399	190.425	
5.59554	0.216336	3.05658	-40.3197	-7.43464	204.687	
5.74572	0.205481	3.06351	-83.5549	-2.9808	207.515	
7.41219	0.0860192	3.12115	-11.5041	-0.862767	223.962	
5.86148	0.197126	3.0686	-18.9514	11.0141	184.781	
4.65426	0.284931	3.00246	14.832	0.275803	164.042	
6.67106	0.13896	3.09916	-9.44885	-8.60463	224.662	
4.5131	0.295326	2.99229	13.0574	-1.775	210.685	
5.83455	0.199069	3.06744	48.6186	16.0178	183.693	
6.92118	0.121066	3.10712	34.3724	-7.75906	216.992	
4.90125	0.266822	3.01876	-4.97781	1.76534	178.276	
7.284	0.0951597	3.11767	-7.8758	14.6057	117.902	
6.08	0.181383	3.07768	4.89311	19.3195	189.398	
7.18051	0.102543	3.11477	-2.53656	0.0824419	179.856	
6.47023	0.153352	3.09231	6.02586	8.06771	213.769	
4.96289	0.262316	3.02257	-14.334	7.98559	139.707	
6.34144	0.162593	3.08769	-28.2205	-8.26117	184.962	
5.94487	0.191115	3.07215	-23.0852	-12.9007	207.984	
5.72157	0.207225	3.06242	19.264	10.4844	183.331	
7.63423	0.0702018	3.12689	12.8676	9.87477	179.67	
5.27842	0.239329	3.04059	27.78	7.96053	162.857	
4.85064	0.270526	3.01556	23.3237	4.0242	188.231	
6.9778	0.117019	3.10884	-9.02169	-0.338702	189.929	
6.77338	0.131636	3.10249	6.29427	-14.5893	194.86	
6.06089	0.182759	3.07691	-22.6479	6.35502	231.545	
6.47281	0.153167	3.0924	12.7334	-8.91587	186.016	
4.99085	0.260274	3.02426	-11.0201	-7.12731	191.844	
6.99902	0.115503	3.10948	-25.2685	3.75782	242.301	
7.64039	0.0697633	3.12704	1.10342	-0.91317	228.072	
7.60347	0.072392	3.12611	22.9331	-3.15242	242.34	
6.9653	0.117912	3.10846	-51.4588	2.00872	224.91	
7.76177	0.0611239	3.13003	-15.8257	3.0283	223.483	
5.65798	0.211821	3.0595	-14.6599	2.86657	185.056	
6.22607	0.170879	3.08338	-56.2816	0.529732	188.943	
5.83149	0.19929	3.0673	-26.1666	8.22368	214.632	
6.02539	0.185315	3.07547	-24.0212	-0.917647	210.009	
5.84692	0.198177	3.06797	-24.1625	2.37536	202.185	
6.45051	0.154766	3.09162	-75.4925	0.537674	141.73	
7.18379	0.102309	3.11487	-32.2676	-1.90733	160.39	
4.73713	0.278845	3.00813	17.0101	14.738	190.46	
6.87335	0.124485	3.10564	35.8685	-4.68764	197.941	
6.85752	0.125617	3.10515	12.2209	-3.01212	237.285	
4.81252	0.273317	3.01311	50.4051	0.895383	204.404	
5.38014	0.231943	3.04593	14.9877	7.32079	196.91	
5.57976	0.217478	3.05582	-13.0042	-2.65611	175.971	
6.33028	0.163394	3.08728	-17.1146	-3.14574	232.162	
6.57248	0.146021	3.09585	-24.5834	8.187	197.394	
6.50694	0.150719	3.0936	43.2478	8.56543	203.734	
7.4878	0.0806313	3.12314	-26.6036	-1.19864	217.735	
7.09595	0.10858	3.11234	13.6205	10.6676	204.141	
6.5056	0.150815	3.09355	34.7728	0.520171	199.772	
6.61737	0.142805	3.09737	-18.2802	-2.12722	191.817	
5.33587	0.235156	3.04363	-69.3695	-12.3943	205.742	
5.92237	0.192736	3.0712	-10.036	6.91731	215.56	
7.08261	0.109532	3.11195	-19.1843	-5.31733	177.968	
5.49271	0.223781	3.0516	-38.4179	6.38424	195.37	
6.09595	0.180236	3.07831	12.4764	5.97176	191.258	
6.07659	0.181629	3.07754	55.0306	10.2724	172.957	
6.29758	0.165742	3.08607	41.3575	6.82148	196.801	
5.40073	0.230449	3.04699	-10.3397	-0.966831	197.078	
5.18881	0.245845	3.0357	2.68427	5.48256	190.057	
7.39643	0.0871429	3.12073	-7.58373	14.1019	241.031	
6.50269	0.151024	3.09345	27.3436	-2.04236	184.309	
5.0164	0.258409	3.02579	10.2973	4.45233	196.932	
5.17078	0.247158	3.0347	12.7546	1.92103	208.591	
6.66562	0.13935	3.09898	60.5572	3.75179	174.391	
6.4293	0.156287	3.09086	-6.67225	-18.5624	228.546	
7.22754	0.0991872	3.1161	37.7233	-2.01136	165.977	
5.13554	0.249724	3.03271	-39.6913	0.916884	197.801	
5.92422	0.192603	3.07128	-21.2686	-2.16392	180.494	
7.32828	0.0920017	3.11889	-84.9786	-7.81955	181.355	
5.42633	0.228592	3.04829	16.1712	5.95979	162.075	
4.8007	0.274183	3.01234	25.8274	0.782547	194.986	
7.34126	0.091076	3.11924	-1.8809	-7.2315	177.068	
6.74996	0.133312	3.10173	5.06471	3.95079	204.346	
5.48184	0.224569	3.05106	-12.5728	-8.6054	210.826	
5.55105	0.219556	3.05445	-21.5392	-0.203203	166.592	
6.12678	0.178018	3.07953	8.56867	0.799548	194.191	
5.78292	0.202795	3.06517	1.07217	6.76066	194.933	
6.40853	0.157777	3.09012	-1.77118	-2.62791	159.812	
6.49693	0.151437	3.09325	-11.1819	9.58798	206.682	
6.94835	0.119123	3.10795	-20.7363	11.6151	218.049	
5.4828	0.224499	3.05111	18.3809	13.4725	212.092	
7.48817	0.0806047	3.12315	-35.8848	4.69184	204.099	
6.85022	0.126139	3.10492	-8.62887	12.512	177.531	
5.97123	0.189216	3.07325	-9.64407	3.3478	181.144	
5.57326	0.217949	3.05551	33.6667	14.903	166.912	
6.14135	0.17697	3.0801	-2.84733	-5.63057	172.847	
5.18727	0.245957	3.03562	-9.0464	-6.62718	187.673	
3.74089	0.352963	2.92213	-13.2872	2.26054	185.798	
5.81846	0.20023	3.06674	-5.49039	5.1782	217.595	
7.10095	0.108223	3.11248	-10.5962	-2.77525	174.109	
5.59187	0.216602	3.0564	42.6424	2.56774	184.635	
6.85189	0.12602	3.10497	15.5045	-13.0784	212.902	
6.4484	0.154917	3.09154	-0.684852	0.537889	193.007	
5.65809	0.211812	3.05951	24.9231	10.9267	228.838	
5.95266	0.190553	3.07247	4.5622	-8.16028	225.945	
7.3735	0.088777	3.12011	-7.76842	3.78813	187.947	
6.28446	0.166684	3.08558	17.2611	-7.87945	201.483	
4.6804	0.28301	3.00427	39.7641	-5.68714	164.394	
7.43819	0.0841664	3.12184	16.5912	-6.03406	216.795	
7.20916	0.100499	3.11558	-57.0272	2.87495	219.334	
6.33699	0.162912	3.08752	-10.3101	-0.0400088	207.063	
6.65476	0.140127	3.09862	-5.45774	-12.4704	225.266	
5.88815	0.195203	3.06975	2.42434	2.84635	194.593	
8.03749	0.0415167	3.13649	29.2283	-15.4577	209.549	
5.35069	0.23408	3.0444	-15.674	-4.13777	193.644	
6.68248	0.138142	3.09954	46.8631	4.794	186.31	
7.45145	0.0832214	3.12219	41.1208	4.95044	165.031	
5.77569	0.203317	3.06485	-5.35176	-2.71934	192.162	
6.78043	0.131132	3.10271	-50.7903	-2.63831	167.297	
5.05638	0.255493	3.02815	15.1534	9.88064	237.769	
6.47419	0.153068	3.09245	34.202	14.2571	255.845	
6.4397	0.155541	3.09123	5.68117	-4.56966	197.405	
5.17447	0.246889	3.0349	24.9707	-4.99655	243.716	
6.24169	0.169757	3.08397	7.89111	15.5068	210.951	
5.58069	0.217411	3.05587	-40.0407	5.48223	227.016	
7.95145	0.0476327	3.13452	4.7022	-8.70854	187.457	
6.64016	0.141173	3.09813	8.99866	-9.5193	189.63	
7.62524	0.070842	3.12666	-27.9984	6.71879	204.202	
7.45989	0.0826198	3.12241	49.1734	10.5119	196.377	
5.13402	0.249834	3.03263	2.49303	-13.3402	222.31	
7.5764	0.0743195	3.12543	-21.397	1.47917	186.545	
5.51759	0.221979	3.05282	-9.67087	-2.89635	227.784	
7.10093	0.108224	3.11248	1.28592	-2.34963	194.503	
5.98729	0.188058	3.07391	9.54396	7.27732	176.832	
5.01937	0.258193	3.02597	26.9454	-0.193684	193.527	
6.56725	0.146396	3.09567	-0.0988575	-6.50338	189.615	
5.44102	0.227527	3.04903	-50.6826	15.022	225.61	
6.51424	0.150196	3.09385	-44.2237	12.8947	135.763	
6.98002	0.116861	3.10891	24.2518	-6.67461	235.537	
6.32331	0.163894	3.08702	-51.5062	4.00962	197.043	
7.72585	0.0636803	3.12916	-5.71625	3.47739	235.527	
7.15989	0.104015	3.11418	-19.8041	12.6373	185.365	
6.9276	0.120607	3.10731	-12.9406	2.48692	188.97	
7.79598	0.05869	3.13086	-18.4431	-0.0724666	229.517	
7.24498	0.0979428	3.11659	-2.70203	-4.52715	161.044	
6.30033	0.165544	3.08617	-4.13732	-12.1563	201.502	
6.70935	0.136219	3.10042	-6.81993	-4.18545	165.631	
6.53765	0.148518	3.09466	44.3546	-0.984657	209.964	
6.99669	0.115669	3.10941	-41.5753	1.67739	202.353	
7.18964	0.101892	3.11503	21.3068	0.419824	191.906	
5.84989	0.197963	3.0681	2.85112	-0.215847	168.166	
5.65419	0.212095	3.05933	1.5933	7.65565	180.451	
5.27313	0.239714	3.0403	23.4643	1.60346	192.939	
6.55622	0.147186	3.0953	26.5611	1.8986	226.4	
5.39816	0.230636	3.04685	4.47	3.93215	220.301	
7.18073	0.102528	3.11478	-24.2188	-3.0974	190.103	
7.30547	0.0936282	3.11826	-33.2667	3.38802	201.01	
7.04047	0.112541	3.11071	5.27868	5.68768	246.015	
6.43565	0.155832	3.09109	-32.8637	1.90192	189.161	
7.08367	0.109456	3.11198	-19.4044	9.58485	204.045	
6.5471	0.147841	3.09498	-43.8171	-5.52565	174.629	
6.02703	0.185197	3.07554	28.1695	2.85451	211.48	
5.477	0.224919	3.05082	-33.6329	-5.49895	177.278	
6.5189	0.149861	3.09401	1.72123	5.28044	188.965	
6.12362	0.178245	3.07941	-20.9057	6.27091	205.097	
7.09702	0.108503	3.11237	6.13068	18.0157	203.24	
7.33505	0.091519	3.11907	-15.3192	-12.6414	221.967	
6.8741	0.124431	3.10567	40.2105	11.7231	189.775	
4.79223	0.274804	3.01178	9.92506	-5.60853	204.209	
6.56374	0.146648	3.09555	-4.89785	19.0925	184.863	
6.63342	0.141655	3.09791	7.84907	-11.2125	178.288	
8.02086	0.0426989	3.13611	-75.9947	-2.98823	207.217	
4.79356	0.274706	3.01187	-6.32187	-2.71074	191.772	
6.64478	0.140842	3.09829	-13.855	7.91877	235.686	
7.14618	0.104994	3.11379	-5.58341	14.1943	182.585	
6.22185	0.171183	3.08321	-1.11489	10.9515	218.268	
6.66024	0.139735	3.0988	-35.1881	-4.59638	178.512	
7.5574	0.0756727	3.12494	-24.432	-9.22202	185.066	
5.99191	0.187726	3.0741	10.4011	-3.29972	212.868	
5.00636	0.259142	3.02519	-17.5711	3.0222	176.733	
5.69487	0.209155	3.0612	56.6262	14.0558	173.032	
6.19077	0.173416	3.08202	-18.0229	-5.5911	174.41	
5.38197	0.23181	3.04602	49.892	-5.5953	194.073	
7.19476	0.101526	3.11518	33.4055	10.8037	204.88	
7.36065	0.0896932	3.11977	-64.1226	-5.01694	197.68	
7.58329	0.0738289	3.1256	10.5608	1.46911	202.039	
7.17404	0.103005	3.11459	-40.8032	1.29303	169.737	
7.31389	0.0930278	3.11849	-29.6605	5.5627	207.125	
4.14975	0.32226	2.96276	20.8723	6.30967	182.356	
6.21274	0.171837	3.08287	-7.66541	-10.7114	216.332	
5.11066	0.251536	3.03129	-47.0726	8.6439	180.712	
7.09873	0.108381	3.11242	-16.406	-7.36788	243.762	
6.19821	0.172881	3.08231	26.439	11.1812	200.986	
6.49444	0.151616	3.09316	-13.7832	-10.8103	238.512	
6.81104	0.128941	3.10369	-5.60061	-2.39364	179.316	
5.93355	0.191931	3.07167	-72.4372	-1.20017	189.64	
6.58973	0.144786	3.09644	3.56085	-1.56302	158.113	
5.86203	0.197087	3.06863	12.7305	3.54885	225.509	
6.11529	0.178844	3.07908	-35.2033	-16.5275	205.767	
6.01331	0.186184	3.07498	-60.3929	-8.77905	199.536	
6.60993	0.143338	3.09712	-27.3292	-3.28383	186.965	
7.7268	0.0636121	3.12918	50.3173	10.4939	224.986	
6.94102	0.119648	3.10772	20.0521	-13.9489	183.288	
4.60055	0.288882	2.99867	-14.3427	13.249	187.622	
5.79845	0.201674	3.06586	16.2226	0.0296352	163.232	
6.14131	0.176973	3.0801	-29.0419	-6.44176	192.369	
6.56216	0.146761	3.0955	-14.709	-6.49895	223.27	
5.57022	0.218168	3.05537	-6.59517	-0.959318	200.92	
5.94529	0.191084	3.07217	-38.7001	-3.61491	206.652	
6.12983	0.177799	3.07965	5.99565	-7.57932	158.654	
5.76655	0.203977	3.06444	53.2178	4.15428	164.03	
5.4907	0.223927	3.0515	20.4821	-1.55721	191.034	
4.58521	0.290011	2.99757	41.3544	0.0426927	179.628	
7.00067	0.115385	3.10953	40.0764	0.299728	215	
6.2652	0.168068	3.08486	-49.9584	5.68667	210.933	
7.19161	0.101751	3.11509	43.6365	1.53178	160.506	
6.47829	0.152773	3.09259	47.1104	-2.84648	210.835	
5.04679	0.256192	3.02759	17.922	9.00898	183.034	
6.52362	0.149524	3.09417	24.7866	1.01069	175.243	
5.15169	0.248547	3.03363	-6.2907	5.37616	181.897	
5.18172	0.246361	3.03531	32.1771	-10.9731	173.044	
5.80066	0.201515	3.06595	-1.83129	6.54306	180.418	
6.95997	0.118293	3.1083	4.67606	-5.51368	181.855	
6.9192	0.121207	3.10706	-22.2787	-7.09775	212.341	
4.15981	0.32151	2.96365	-9.19208	-14.8638	171.425	
6.70204	0.136742	3.10018	9.86832	10.8343	176.311	
6.6575	0.139931	3.09871	38.0292	13.2613	210.289	
7.01587	0.114299	3.10998	-18.3121	-9.18188	212.737	
5.76538	0.204061	3.06439	0.548899	-9.82131	215.641	
5.1209	0.25079	3.03188	-0.956359	9.16267	183.383	
6.20496	0.172396	3.08257	16.0225	1.94346	155.766	
5.34222	0.234695	3.04396	-36.8407	2.6555	200.498	
7.28964	0.0947574	3.11783	-30.5713	-9.96361	195.326	
6.43599	0.155807	3.0911	7.27061	-19.6559	165.616	
5.92323	0.192674	3.07124	46.2779	3.96476	173.229	
4.63649	0.286238	3.00121	-15.8924	5.62566	179.605	
5.49269	0.223783	3.0516	0.305898	-6.03427	185.401	
5.54095	0.220288	3.05396	20.2434	7.42815	219.609	
5.26131	0.240572	3.03967	-25.8446	-4.5722	171.761	
6.88058	0.123968	3.10587	-8.82018	-5.58994	193.969	
4.82661	0.272285	3.01402	-48.4244	-11.9087	200.839	
7.23842	0.0984111	3.1164	-30.2162	2.61659	223.413	
6.18049	0.174156	3.08163	23.9081	-4.55196	216.873	
5.84475	0.198333	3.06788	-6.50375	-8.49831	178.222	
6.27361	0.167463	3.08517	-9.91538	5.21032	195.992	
6.60769	0.143499	3.09704	19.9698	2.83879	179.599	
5.33571	0.235167	3.04362	-39.2907	-11.0996	194.895	
6.44286	0.155314	3.09134	-23.5848	5.02639	179.86	
6.56179	0.146788	3.09549	63.6052	-6.07972	132.359	
6.30884	0.164933	3.08648	0.0852665	8.39795	190.806	
6.16017	0.175617	3.08084	-1.53649	2.3767	202.284	
5.88304	0.195572	3.06953	15.4894	-7.70886	171.106	
5.63942	0.213163	3.05864	13.7581	-3.44916	171.289	
7.9156	0.0501822	3.13369	-2.19527	-10.9445	206.241	
7.27911	0.0955081	3.11754	-8.11968	2.68286	209.217	
5.8898	0.195084	3.06982	-15.708	14.4194	187.447	
3.85095	0.344649	2.93398	-6.22477	1.53511	160.351	
7.12295	0.106652	3.11312	1.76339	13.9221	206.271	
4.85045	0.270539	3.01555	-12.9592	-4.35594	174.199	
6.54361	0.148091	3.09486	-15.2808	10.6201	205.882	
7.02175	0.113879	3.11015	-23.2176	4.15275	190.451	
7.50984	0.0790607	3.12372	-2.53754	14.8123	153.42	
6.04016	0.184251	3.07607	-31.7643	-16.4804	195.023	
6.71643	0.135712	3.10065	-0.177108	2.33935	168.028	
5.13352	0.24987	3.0326	3.55334	-16.1696	185.124	
6.09282	0.180461	3.07819	10.8393	5.57245	186.101	
7.50042	0.0797319	3.12347	36.6768	-0.851939	184.911	
6.35824	0.161387	3.0883	-19.283	-6.13839	194.431	
6.05369	0.183277	3.07662	51.4428	4.94101	194.026	
6.59816	0.144182	3.09672	27.5642	-1.65494	141.345	
4.37383	0.305617	2.98159	-5.85618	-2.18746	171.057	
6.00836	0.186541	3.07478	56.7051	-9.59345	160.082	
5.64255	0.212936	3.05879	-52.0885	7.31186	182.51	
7.10271	0.108097	3.11254	23.4671	-7.94893	175.407	
7.20261	0.100966	3.1154	-18.82	-8.31007	225.628	
7.77753	0.0600023	3.13042	2.80477	-5.19845	227.452	
7.41565	0.0857724	3.12124	-17.9911	-7.3892	166.42	
7.3548	0.0901106	3.11961	-16.4151	3.54618	171.43	
6.27892	0.167082	3.08537	-16.2019	-5.14346	201.521	
5.56988	0.218194	3.05535	26.5574	4.51954	171.751	
6.56706	0.14641	3.09567	-47.2951	3.89729	169.112	
5.30334	0.237519	3.04192	14.8418	-8.01482	170.944	
5.95861	0.190125	3.07272	-22.2063	6.01654	222.034	
6.41482	0.157326	3.09034	-0.799197	-4.44827	192.791	
7.44952	0.0833591	3.12214	-23.2908	-4.74191	192.084	
7.36575	0.0893298	3.1199	-19.7046	-3.72485	215.425	
6.17286	0.174704	3.08133	-11.6188	11.8713	215.045	
7.44796	0.0834698	3.1221	-10.3538	6.8741	179.047	
7.37835	0.0884313	3.12024	3.51749	11.1666	196.87	
7.20595	0.100728	3.11549	21.0788	8.41719	187.8	
6.76953	0.131912	3.10236	-3.96953	9.68007	162.362	
4.99445	0.260011	3.02448	31.2625	-8.40794	152.608	
6.12096	0.178437	3.0793	38.6117	-5.01954	186.897	
7.00957	0.114749	3.10979	-39.9367	-1.15851	181.674	
5.55384	0.219354	3.05458	-11.3777	-12.7812	239.522	
7.80587	0.0579865	3.1311	-49.3459	-7.64193	195.361	
7.12347	0.106615	3.11314	-12.6621	0.0674005	204.597	
6.2274	0.170784	3.08343	7.56175	-7.77677	195.788	
5.64176	0.212993	3.05875	-12.6342	0.992126	199.108	
5.62676	0.214078	3.05805	-0.661858	-13.6589	235.593	
5.66451	0.211348	3.05981	-9.18056	7.35111	195.201	
6.86546	0.12505	3.1054	-40.6257	5.35828	218.901	
6.54116	0.148266	3.09478	30.6552	-1.69779	203.195	
6.06561	0.182419	3.0771	88.5372	-4.44576	193.489	
7.43848	0.0841454	3.12185	-11.9931	-3.06885	234.335	
6.50214	0.151063	3.09343	-64.7168	-16.5336	189.026	
5.77577	0.203311	3.06485	-52.4898	2.48656	167.371	
4.73707	0.278849	3.00812	13.1738	1.04639	175.351	
5.47479	0.22508	3.05071	0.10506	5.30018	189.072	
6.40969	0.157694	3.09016	-15.1476	-8.86885	207.777	
7.38419	0.0880155	3.1204	-42.497	-1.04483	210.557	
6.0798	0.181398	3.07767	24.0392	-3.29891	182.612	
6.16237	0.175458	3.08092	15.5591	-5.46325	230.683	
7.3743	0.0887202	3.12013	1.43777	-8.98094	207.68	
7.58339	0.0738222	3.1256	52.2339	15.8967	214.344	
5.6126	0.215102	3.05738	-32.9768	0.619437	200.704	
7.35407	0.0901628	3.11959	-7.92878	-10.4102	196.928	
6.91465	0.121532	3.10692	50.6624	0.00821368	206.255	
4.43048	0.301426	2.98603	36.3668	2.62198	213.175	
6.68157	0.138207	3.09951	-4.57931	-9.72321	224.377	
6.77314	0.131653	3.10248	-18.93	-1.68393	210.07	
7.31205	0.0931591	3.11844	-44.3688	6.39503	236.258	
7.21731	0.0999172	3.11581	41.4144	-8.45566	195.731	
5.75581	0.204752	3.06396	1.11059	-14.5257	192.555	
5.77984	0.203017	3.06503	38.9578	7.035	176.164	
6.04549	0.183867	3.07629	19.9105	0.805962	173.695	
6.86411	0.125146	3.10535	24.0135	0.0163744	188.995	
5.24082	0.242062	3.03856	-76.6973	2.43427	173.405	
5.85842	0.197347	3.06847	-0.675046	6.1779	187.231	
6.14819	0.176478	3.08037	-42.6497	6.74893	213.258	
4.77981	0.275714	3.01097	-13.5291	-9.27667	176.667	
6.45257	0.154618	3.09169	-13.4404	2.42643	239.233	
4.93093	0.264652	3.02061	45.9621	-0.917157	169.632	
5.23326	0.242612	3.03815	32.4566	6.49123	179.636	
5.62266	0.214375	3.05786	81.466	0.390292	188.89	
5.9213	0.192813	3.07116	-35.4167	-4.79974	163.69	
5.82094	0.200051	3.06684	-15.5174	14.1488	209.317	
6.50261	0.15103	3.09344	-24.5252	4.03914	151.047	
7.26053	0.0968339	3.11702	-31.4693	-3.6509	178.251	
7.40264	0.0866999	3.12089	-47.4502	-3.18611	202.522	
5.17693	0.24671	3.03504	-29.4995	-7.196	163.902	
7.21555	0.100043	3.11576	-2.27227	-0.381747	216.476	
6.40485	0.158041	3.08999	-14.5935	11.155	189.794	
7.61047	0.0718934	3.12629	12.4605	-2.31836	219.091	
6.36451	0.160936	3.08853	-36.0413	-3.2542	213.863	
6.84014	0.12686	3.1046	11.7747	14.0798	219.911	
6.32675	0.163647	3.08715	-40.327	-15.8941	200.434	
6.50071	0.151166	3.09338	8.5745	-13.886	202.63	
5.67089	0.210888	3.0601	-0.505669	12.5039	240.146	
7.01232	0.114553	3.10987	-0.404848	2.69996	172.07	
4.96914	0.26186	3.02295	87.5494	11.9712	173.993	
5.7062	0.208336	3.06172	23.5325	-0.845371	189.63	
7.11116	0.107494	3.11278	21.2663	8.4179	195.729	
5.573	0.217968	3.0555	14.6361	7.95413	233.966	
5.94352	0.191212	3.07209	21.9949	17.0016	162.437	
5.19953	0.245066	3.0363	-42.9154	2.26216	152.51	
7.00695	0.114936	3.10971	-19.1673	-8.96243	189.486	
4.75278	0.277697	3.00917	-9.38672	-2.40914	192.757	
6.06712	0.182311	3.07716	-5.14829	5.32746	188.674	
7.15741	0.104192	3.11411	-17.8769	-6.14969	215.007	
5.39535	0.230839	3.04671	26.1758	4.86348	201.304	
7.29354	0.0944789	3.11793	-23.5214	6.49329	187.393	
4.05761	0.329138	2.95437	28.9405	-0.704491	211.605	
5.63692	0.213344	3.05852	20.0136	10.6262	214.467	
6.87307	0.124505	3.10563	-33.6106	-2.67578	219.46	
5.66283	0.21147	3.05973	30.3893	0.574834	207.481	
5.55419	0.219329	3.0546	16.6424	6.80953	177.358	
5.70443	0.208464	3.06164	-29.1803	-7.54258	148.559	
6.32814	0.163548	3.0872	-4.56097	-6.99045	171.909	
7.72381	0.0638254	3.12911	17.9573	-7.38411	181.384	
6.31807	0.16427	3.08683	-2.31656	7.31063	185.301	
6.85393	0.125874	3.10504	14.4499	-2.5786	215.386	
7.02142	0.113902	3.11015	13.2741	-2.81574	140.462	
6.85186	0.126022	3.10497	-5.28264	-13.429	177.921	
5.91187	0.193493	3.07076	-34.8998	3.06243	208.414	
6.54679	0.147862	3.09497	3.46163	-3.17259	175.234	
6.96314	0.118066	3.1084	-36.1697	-6.03267	210.571	
7.25018	0.0975717	3.11673	-21.5326	-7.09545	218.665	
5.57287	0.217977	3.0555	-0.695437	5.45826	172.117	
6.70165	0.13677	3.10016	-59.8866	-6.118	208.267	
7.4012	0.0868029	3.12085	7.96002	-1.02152	192.455	
5.92405	0.192615	3.07127	-31.0532	-3.15793	189.463	
6.36514	0.160891	3.08855	-11.0072	-9.55578	172.722	
7.13195	0.106009	3.11338	-0.810296	-5.33478	193.707	
5.85322	0.197722	3.06825	-37.2522	1.09426	196.816	
6.77871	0.131254	3.10266	-68.7554	-7.28478	190.088	
5.7414	0.205793	3.06332	-3.56572	-2.26214	136.43	
5.86899	0.196585	3.06893	21.9279	2.12063	198.81	
7.48174	0.081063	3.12298	44.5901	4.61306	211.624	
5.7617	0.204327	3.06423	-67.6343	5.72926	170.949	
7.89362	0.0517446	3.13318	-44.916	-6.13503	167.813	
6.79235	0.130279	3.10309	-1.42121	6.47303	174.383	
6.17773	0.174354	3.08152	53.0493	3.38779	230.815	
5.8969	0.194572	3.07012	1.90453	12.9695	173.12	
4.48659	0.297282	2.99031	41.4639	5.31024	208.949	
4.92237	0.265278	3.02008	-0.710359	-6.17205	216.334	
5.80178	0.201434	3.066	-6.69283	-7.39104	214.734	
6.6165	0.142868	3.09734	13.3458	-10.5074	160.204	
4.18633	0.319536	2.96598	-4.33887	0.447025	187.277	
6.63066	0.141854	3.09782	15.7958	2.29843	204.6	
7.1446	0.105106	3.11375	4.61219	-11.5977	192.009	
5.76851	0.203835	3.06453	59.5437	1.86634	171.131	
4.90483	0.26656	3.01899	-64.3058	-4.47724	222.984	
5.44712	0.227085	3.04933	-19.2454	7.56327	173.179	
6.38306	0.159605	3.0892	-13.3481	-4.76269	202.142	
7.96005	0.0470214	3.13472	21.6008	7.58893	193.556	
7.5877	0.0735149	3.12571	3.80962	3.4737	186.217	
6.94254	0.119539	3.10777	6.46314	18.708	194.863	
7.53399	0.0773406	3.12434	33.5218	-1.99479	189.287	
6.66047	0.139718	3.09881	22.9756	-8.43325	184.035	
5.27054	0.239902	3.04016	16.0877	7.48715	193.56	
7.57047	0.0747418	3.12528	-6.99674	2.96989	192.741	
5.86192	0.197095	3.06862	-29.4076	3.38477	180.741	
7.76546	0.0608617	3.13012	-22.7233	5.343	209.003	
7.65744	0.0685497	3.12747	-33.2434	-4.93344	240.771	
5.15732	0.248137	3.03394	-68.613	-6.48695	196.954	
5.58493	0.217104	3.05607	1.40835	8.70566	217.413	
6.90636	0.122125	3.10666	3.93891	11.4955	198.215	
5.83385	0.199119	3.06741	11.6674	15.6878	227.188	
6.13088	0.177723	3.07969	15.296	0.0584378	181.754	
4.58027	0.290375	2.99721	9.49615	4.54854	219.093	
5.63795	0.213269	3.05857	-19.9741	-3.82125	197.677	
5.95973	0.190044	3.07277	-6.63117	5.04012	204.243	
6.80133	0.129636	3.10338	57.6536	13.3416	234.869	
5.7684	0.203843	3.06452	-12.4247	-13.982	186.941	
5.9962	0.187416	3.07428	16.5329	2.11369	196.242	
5.82657	0.199644	3.06709	18.4016	10.7534	191.996	
7.55286	0.0759966	3.12482	19.7482	-9.30697	203.538	
6.34162	0.16258	3.08769	6.51746	-2.84256	181.275	
6.03747	0.184445	3.07596	-9.05838	-8.97918	186.814	
7.32478	0.092251	3.11879	-26.3551	6.7953	174.746	
6.85051	0.126119	3.10493	-0.139174	11.4524	212.724	
6.49454	0.151608	3.09316	13.3589	5.84618	183.849	
5.85447	0.197632	3.0683	8.14156	-8.01694	187.62	
7.04322	0.112346	3.11079	-15.3563	3.27987	202.824	
4.59052	0.289621	2.99795	-13.5694	-13.0507	176.973	
7.44708	0.0835324	3.12207	-29.7453	-0.694451	186.442	
5.74087	0.205831	3.06329	-11.7866	4.25459	147.792	
4.39172	0.304292	2.983	-62.0556	3.86467	163.289	
4.85729	0.270039	3.01599	22.4836	21.2433	162.982	
6.27103	0.167649	3.08507	6.02104	-15.704	224.733	
7.37425	0.088724	3.12013	-6.90447	-2.09036	175.176	
7.03707	0.112785	3.11061	11.3058	6.71715	210.3	
5.71046	0.208028	3.06192	13.5909	-12.1979	182.12	
7.36021	0.0897244	3.11975	-57.771	-1.54926	225.296	
6.51418	0.1502	3.09385	49.259	-1.55523	187.533	
5.33044	0.23555	3.04335	13.6943	1.68974	183.561	
4.95063	0.263212	3.02182	24.0764	2.1623	150.307	
6.87899	0.124082	3.10582	34.678	3.47393	201.253	
7.5362	0.0771829	3.1244	-38.0091	-11.8243	210.404	
5.87844	0.195903	3.06933	-36.2687	-3.7368	212.663	
6.86765	0.124893	3.10546	2.52249	12.2602	183.398	
5.92048	0.192872	3.07112	12.6059	-1.48719	153.899	
6.87185	0.124593	3.10559	-27.3245	-0.672534	197.034	
5.90003	0.194347	3.07026	3.24941	-13.0115	209.264	
6.37711	0.160032	3.08899	-32.4287	3.30444	238.502	
6.39024	0.15909	3.08946	-15.4396	5.89255	228.963	
4.63768	0.28615	3.0013	-1.04345	-6.36909	191.204	
4.7633	0.276925	3.00987	-0.965511	7.90438	201.835	
6.40658	0.157918	3.09005	32.7767	-9.04836	184.051	
7.08384	0.109444	3.11199	-47.2694	7.28099	176.858	
4.54179	0.29321	2.99441	-54.4749	8.22138	206.945	
6.22349	0.171065	3.08328	5.39628	6.94537	182.793	
6.57346	0.145951	3.09588	-22.7176	3.84511	204.36	
5.4247	0.228711	3.0482	-68.8628	-0.635866	154.837	
6.17825	0.174317	3.08154	-3.96624	-8.4766	126.258	
5.8316	0.199282	3.06731	-32.5717	-16.5058	219.082	
7.19233	0.1017	3.11511	-14.9054	1.79527	247.987	
5.06097	0.255158	3.02842	-19.4767	11.9166	182.447	
7.07884	0.109801	3.11184	35.2092	1.9395	192.039	
7.57453	0.0744528	3.12538	12.9421	8.05874	214.324	
5.9605	0.189988	3.0728	28.1955	11.38	207.066	
5.38811	0.231365	3.04634	-26.9111	1.98795	191.86	
6.48597	0.152223	3.09286	-24.6396	-1.22501	197.989	
5.69561	0.209101	3.06124	-8.49218	17.4944	159.573	
6.75691	0.132815	3.10196	6.39985	10.8198	217.689	
8.0617	0.0397966	3.13703	11.8209	3.82737	230.526	
6.46823	0.153495	3.09224	-1.23477	1.20741	218.137	
5.92618	0.192462	3.07136	-15.4068	3.12095	136.146	
6.14559	0.176665	3.08027	35.6171	-6.0737	179.664	
4.16657	0.321007	2.96424	13.2348	-0.888286	217.299	
6.65458	0.14014	3.09861	57.2577	13.458	200.679	
6.66759	0.139209	3.09904	36.2474	-1.34208	188.985	
6.11635	0.178768	3.07912	15.1533	1.82223	223.858	
6.62516	0.142247	3.09763	-39.9885	14.7276	195.19	
5.1352	0.249748	3.03269	20.7052	-2.00895	170.861	
4.87822	0.268507	3.01731	-29.5853	1.41261	152.246	
4.57543	0.290732	2.99686	-30.5874	1.44257	177.174	
6.34563	0.162292	3.08784	32.6126	13.6508	222.436	
4.22652	0.316546	2.96945	-20.1556	0.864211	194.872	
6.72965	0.134766	3.10108	24.0686	4.77918	198.985	
6.27127	0.167632	3.08508	-25.7185	-9.89285	181.129	
5.11254	0.251398	3.0314	27.3793	-14.0563	197.456	
5.99901	0.187215	3.07439	7.26782	-9.23	205.744	
5.29701	0.237978	3.04158	-21.5116	-6.92372	171.453	
6.49385	0.151658	3.09314	-41.6659	3.95081	170.302	
5.59069	0.216687	3.05635	1.64388	12.2011	220.325	
5.59929	0.216065	3.05675	-32.0912	-0.330054	169.192	
5.90477	0.194005	3.07046	-3.93809	3.66991	170.573	
6.2691	0.167787	3.085	18.5745	9.52422	176.703	
6.68639	0.137862	3.09966	-30.9979	7.24605	153.708	
6.33564	0.163009	3.08747	-0.340311	-7.36473	210.339	
5.55142	0.219529	3.05446	-22.491	3.50577	168.906	
6.55193	0.147494	3.09515	4.74331	1.01842	208.881	
6.90578	0.122167	3.10664	9.96248	-10.8411	188.886	
6.92006	0.121146	3.10708	-13.5302	-5.07531	161.837	
6.62262	0.142429	3.09755	18.6415	-4.31113	189.724	
5.24836	0.241514	3.03897	39.1905	8.65755	185.286	
5.30047	0.237727	3.04176	24.5837	-0.463963	182.66	
6.00146	0.187038	3.07449	23.7313	-1.4951	187.734	
7.39823	0.0870146	3.12078	17.9375	1.44662	226.331	
6.56905	0.146267	3.09573	-6.90343	-2.00221	247.245	
6.99864	0.11553	3.10946	12.0528	3.44924	169.338	
5.27104	0.239865	3.04019	53.1188	9.08793	149.668	
6.71737	0.135644	3.10068	17.1025	-4.35774	214.723	
6.61126	0.143243	3.09716	-26.2003	15.4993	216.636	
5.87524	0.196134	3.0692	-42.0742	-3.80601	177.411	
4.96547	0.262128	3.02272	24.616	7.07516	205.671	
5.12544	0.250459	3.03214	-0.443011	-10.8287	213.711	
5.544	0.220066	3.05411	20.3974	-3.85757	192.252	
7.93726	0.0486416	3.1342	22.0046	17.3602	234.355	
5.27471	0.239599	3.04039	58.9475	2.43424	212.673	
5.47978	0.224718	3.05096	20.3014	3.07338	179.243	
6.2933	0.166049	3.08591	-38.0232	0.67879	206.025	
5.33787	0.23501	3.04374	10.5262	-3.32525	213.491	
6.92962	0.120463	3.10738	-7.54879	-15.8359	197.028	
6.22267	0.171124	3.08325	-9.98775	-4.97131	216.28	
7.61012	0.0719182	3.12628	-11.2605	3.34605	189.213	
5.40097	0.230432	3.047	1.18215	-1.82208	186.654	
4.26627	0.313592	2.97281	-6.13101	-11.2808	250.918	
6.65625	0.14002	3.09867	-23.4907	-4.81237	206.846	
4.87551	0.268705	3.01714	41.0613	0.465508	172.718	
6.45603	0.15437	3.09181	-23.0451	4.36741	195.811	
5.83094	0.19933	3.06728	-7.6728	-7.23655	174.792	
6.66593	0.139327	3.09899	-32.6667	-14.3312	211.461	
6.63666	0.141423	3.09802	32.3548	9.94765	220.079	
5.83957	0.198707	3.06766	-53.9846	-13.2821	176.089	
6.22309	0.171094	3.08326	83.561	4.98209	149.447	
5.74805	0.205313	3.06361	1.66042	-11.6961	202.529	
6.26755	0.167899	3.08494	49.801	-14.6274	173.847	
7.02398	0.11372	3.11022	-15.5998	-11.3991	191.964	
5.64857	0.212501	3.05907	-20.7339	-8.54242	204.476	
5.02235	0.257975	3.02614	-26.1451	4.29875	273.363	
6.60101	0.143977	3.09682	-10.9307	4.1308	209.921	
5.91122	0.19354	3.07073	11.5219	0.235345	176.004	
6.12707	0.177997	3.07954	18.6068	8.39841	202.009	
7.41017	0.0861636	3.12109	-46.8459	10.296	188.811	
6.96862	0.117675	3.10856	-12.3203	2.65585	203.133	
7.14185	0.105303	3.11367	8.54272	-11.2305	237.179	
7.12647	0.106401	3.11322	-1.1803	-3.22167	210.473	
5.72207	0.207189	3.06244	25.5063	-3.95276	230.678	
6.39511	0.15874	3.08964	-6.62005	-4.33756	196.485	
5.21743	0.243763	3.03728	-28.374	-2.63832	171.901	
6.38707	0.159317	3.08935	-16.5479	6.66122	182.689	
6.42381	0.156681	3.09067	-2.7951	4.77752	178.043	
5.62696	0.214064	3.05806	-38.7695	10.7895	202.027	
5.72784	0.206772	3.0627	31.5005	7.54962	194.313	
7.96607	0.0465937	3.13486	-15.7551	-5.00051	185.986	
7.54032	0.0768892	3.1245	19.7115	-16.0382	205.264	
5.41649	0.229306	3.04779	-29.2216	-6.39733	211.385	
6.41068	0.157623	3.0902	-7.92868	-2.72362	188.725	
5.62557	0.214165	3.05799	-3.61555	6.47636	220.852	
5.99793	0.187292	3.07435	25.881	3.6338	186.234	
7.34691	0.0906731	3.11939	13.802	-10.7588	193.399	
5.63047	0.21381	3.05822	16.4564	0.913828	172.022	
7.6581	0.0685025	3.12749	-2.47968	-3.92717	174.162	
5.59743	0.2162	3.05667	29.7005	-0.110779	208.484	
7.23029	0.0989913	3.11618	11.4361	-3.25678	190.994	
5.7154	0.207671	3.06214	16.5047	-1.88717	176.325	
6.92355	0.120897	3.10719	10.7669	-13.8033	223.486	
3.89624	0.341239	2.93865	28.5348	-4.23657	182.35	
7.22946	0.0990501	3.11615	13.4727	-1.08076	193.034	
6.93752	0.119898	3.10762	19.7775	11.8206	222.079	
7.06456	0.110821	3.11142	1.19039	-4.4224	170.088	
5.74095	0.205826	3.0633	19.5013	-5.21735	198.072	
5.16723	0.247416	3.0345	-6.67378	-10.9346	191.77	
6.20455	0.172426	3.08255	21.3096	0.575807	169.479	
6.88229	0.123846	3.10592	4.07966	-0.790977	214.77	
5.46931	0.225476	3.05044	16.0206	-3.33488	205.639	
6.13023	0.17777	3.07967	-51.9119	-4.56197	194.09	
7.12893	0.106225	3.1133	-27.501	3.55881	166.837	
6.12963	0.177813	3.07964	-42.8642	-3.65659	161.931	
5.93386	0.191908	3.07169	-0.552677	-8.13208	201.736	
7.1615	0.1039	3.11423	3.60131	-2.43487	206.393	
5.35067	0.234082	3.0444	-49.7209	14.1799	176.397	
6.55387	0.147355	3.09522	-61.0873	10.6669	183.935	
6.42187	0.156821	3.0906	-19.8773	5.8908	189.86	
6.44499	0.155162	3.09142	45.9683	-7.89129	179.774	
7.69907	0.0655859	3.1285	-33.7411	-0.478587	173.266	
6.96058	0.11825	3.10832	8.03934	-0.213806	187.018	
5.4362	0.227877	3.04878	-10.1963	-10.4549	186.549	
5.81798	0.200265	3.06671	67.2123	-4.21555	215.117	
7.4429	0.0838308	3.12196	49.8002	-10.9615	174.089	
4.96618	0.262076	3.02277	-34.2565	1.05995	183.751	
5.36977	0.232696	3.04539	-31.0429	2.53114	186.185	
6.87415	0.124428	3.10567	21.5337	4.39461	184.118	
6.18629	0.173738	3.08185	44.9764	-8.13028	181.82	
5.04538	0.256295	3.0275	-18.1817	7.74143	175.665	
6.60678	0.143564	3.09701	10.487	9.84085	204.224	
5.71733	0.207531	3.06223	-44.9609	4.45273	197.656	
7.18637	0.102125	3.11494	3.327	-0.0276937	225.064	
6.25936	0.168487	3.08464	-19.4793	0.34358	186.602	
7.1324	0.105977	3.1134	11.6358	1.40837	200.221	
5.99655	0.187391	3.07429	-14.3496	-7.26161	210.787	
4.95332	0.263016	3.02198	-21.905	-1.63272	164.638	
7.68456	0.0666189	3.12814	-43.3865	-9.96643	163.822	
5.47295	0.225213	3.05062	-79.6284	7.43566	161.757	
7.01025	0.1147	3.10981	4.61968	-0.96757	200.269	
6.76493	0.132241	3.10222	9.42464	-8.25004	197.791	
7.60576	0.0722292	3.12617	-28.4799	-3.62051	221.953	
6.30369	0.165303	3.08629	-51.0632	-3.063	183.339	
4.92844	0.264834	3.02045	22.7162	5.09911	191.16	
4.91636	0.265717	3.0197	-16.0182	5.25283	183.216	
6.59373	0.144499	3.09657	56.5579	-0.823101	223.719	
6.0522	0.183384	3.07656	14.5262	6.3162	201.575	
6.0497	0.183565	3.07646	28.242	-6.3073	221.458	
6.60753	0.14351	3.09704	26.183	-1.46906	186.165	
6.07464	0.181769	3.07746	20.7268	-8.48646	171.76	
6.57251	0.146019	3.09585	-12.9193	-1.40478	218.4	
6.2738	0.16745	3.08518	22.6946	7.02867	203.693	
7.16826	0.103418	3.11442	32.0688	-4.66762	187.885	
6.50225	0.151056	3.09343	31.7024	6.87219	176.744	
6.36835	0.160661	3.08867	-54.6387	-9.56661	175.992	
4.46158	0.299128	2.98842	-52.567	-9.88985	215.808	
5.06588	0.2548	3.02871	-35.3759	4.14998	133.893	
6.16422	0.175326	3.081	13.7898	7.8358	156.191	
6.59966	0.144074	3.09677	31.8199	9.48078	237.292	
5.80189	0.201426	3.06601	-12.4061	8.69063	224.61	
5.82509	0.199751	3.06703	93.2821	1.4957	204.225	
5.59316	0.216509	3.05646	-23.2492	-3.67639	155.506	
5.71394	0.207777	3.06207	-21.2748	0.103801	179.062	
5.22186	0.243441	3.03752	24.0061	-5.4178	170.983	
7.13531	0.10577	3.11348	-9.94919	2.40631	213.547	
5.61079	0.215233	3.0573	-43.9553	-2.44928	197.018	
5.81972	0.200139	3.06679	0.869429	-0.303822	177.31	
5.98958	0.187893	3.07401	30.0087	19.8017	208.202	
5.88195	0.19565	3.06948	-12.2554	-2.99063	234.776	
6.63543	0.141512	3.09797	4.01943	2.34935	185.201	
5.63274	0.213646	3.05833	-23.6458	3.89348	215.621	
7.52187	0.078204	3.12403	-28.9492	3.0701	156.854	
4.71228	0.280668	3.00645	-0.520252	-9.65545	165.068	
5.01868	0.258243	3.02592	0.863762	11.7227	184.181	
5.57755	0.217639	3.05572	-4.20656	-2.72671	162.445	
5.57584	0.217762	3.05564	-3.46947	12.0799	200.973	
6.95177	0.118879	3.10805	-18.5546	4.55815	189.232	
5.67989	0.210237	3.06052	36.5009	3.15745	170.799	
5.81953	0.200152	3.06678	-32.7116	-10.8843	185.701	
6.72425	0.135152	3.1009	0.317394	-5.94012	199.321	
7.6524	0.0689083	3.12734	-21.1067	-5.64832	168.769	
5.83846	0.198787	3.06761	-10.0628	-0.644992	177.183	
7.93854	0.0485509	3.13423	-63.185	-0.562105	242.766	
5.29306	0.238265	3.04137	1.51614	1.78121	173.929	
4.80356	0.273973	3.01252	5.2515	-9.69619	166.441	
4.96929	0.261849	3.02295	42.5083	-5.06313	197.999	
6.54939	0.147676	3.09506	-57.2439	14.7467	208.633	
6.46045	0.154053	3.09197	-3.33502	-6.81956	185.597	
6.94275	0.119524	3.10778	-10.0068	7.34592	200.516	
6.89896	0.122654	3.10643	-25.4209	1.93639	186.834	
4.22341	0.316776	2.96918	-15.2293	5.29778	203.372	
5.97445	0.188983	3.07338	36.5142	2.60687	182.129	
5.96626	0.189574	3.07304	-31.9694	3.24846	213.147	
6.71087	0.136109	3.10047	22.5814	-9.44199	196.98	
5.53317	0.22085	3.05358	2.45396	6.39777	213.538	
7.403	0.0866743	3.1209	2.04776	3.43491	198.126	
6.6964	0.137146	3.09999	-45.1504	5.3676	158.764	
4.86149	0.269731	3.01625	-46.4619	5.07447	189.335	
5.46898	0.2255	3.05043	8.91009	5.06158	167.796	
4.99939	0.259651	3.02477	-48.7485	-12.43	167.183	
6.33837	0.162813	3.08757	17.1474	-2.75743	180.156	
7.71425	0.0645053	3.12888	-24.3151	4.91874	183.949	
6.6296	0.141929	3.09778	-21.8379	0.456644	166.085	
7.01287	0.114513	3.10989	6.21199	6.30425	149.541	
5.39987	0.230512	3.04694	40.0948	7.4233	169.952	
7.54025	0.0768945	3.1245	33.7454	4.27968	198.506	
6.59984	0.144061	3.09678	-69.7729	-3.22398	172.992	
7.56969	0.0747977	3.12526	-19.1814	-0.866543	226.808	
7.46194	0.0824735	3.12246	-1.75849	8.15888	236.241	
6.76327	0.13236	3.10216	20.8371	10.0775	225.844	
6.23554	0.170199	3.08374	-13.309	8.5442	211.357	
7.35172	0.0903301	3.11952	-10.3948	-4.47655	217.337	
6.12135	0.178408	3.07932	24.3091	5.14709	197.504	
6.44745	0.154985	3.09151	-43.6626	5.01138	161.172	
7.72917	0.0634439	3.12924	33.6916	4.43385	216.293	
6.47003	0.153366	3.0923	26.6209	-8.74964	189.263	
6.40097	0.15832	3.08985	-24.8186	12.2275	183.753	
5.34107	0.234779	3.0439	-53.3439	-1.95919	175.921	
5.74255	0.20571	3.06337	-13.8076	18.4114	200.127	
5.99128	0.187771	3.07408	14.1237	-0.283813	182.282	
4.59964	0.288949	2.9986	36.2125	7.43621	156.681	
6.36151	0.161152	3.08842	37.3513	-1.43443	179.123	
7.40747	0.0863559	3.12102	16.3217	-12.4133	168.175	
6.4615	0.153977	3.092	26.0354	15.48	218.909	
6.22954	0.17063	3.08351	23.4795	4.66581	188.2	
6.30164	0.16545	3.08622	-2.50774	3.34413	173.973	
5.02018	0.258133	3.02601	-0.723621	-0.761096	139.737	
5.69957	0.208815	3.06142	43.3573	0.449564	228.504	
6.02261	0.185514	3.07536	-4.68949	18.1359	185.735	
6.11865	0.178603	3.07921	30.4901	8.68313	225.076	
7.48218	0.0810313	3.123	4.25303	-8.24045	209.328	
5.25235	0.241224	3.03918	7.5246	-5.96695	235.615	
6.58756	0.144941	3.09636	-34.5106	-11.1382	238.612	
7.64477	0.0694511	3.12715	-7.10242	2.64594	222.903	
6.21145	0.17193	3.08282	14.5804	10.3118	152.6	
6.5904	0.144738	3.09646	-14.1088	-4.06011	176.746	
6.66956	0.139068	3.09911	-26.2115	-3.39466	200.079	
5.61312	0.215065	3.05741	-41.689	2.74007	170.326	
4.63346	0.286461	3.001	-27.3337	-6.40158	171.139	
6.71844	0.135568	3.10071	-25.1031	-13.0635	199.771	
6.58642	0.145023	3.09632	23.5383	-3.48332	192.843	
6.89715	0.122784	3.10638	-24.7416	-2.4779	226.187	
7.28443	0.0951288	3.11768	-44.6392	5.79782	181.609	
7.43613	0.0843128	3.12178	29.1636	-8.09782	204.998	
5.37835	0.232073	3.04584	1.43865	9.75395	210.949	
3.0331	0.407693	2.8229	67.9724	14.2755	135.102	
6.36228	0.161096	3.08845	25.0662	5.05578	170.847	
6.0206	0.185659	3.07528	53.8065	1.73685	186.914	
6.68191	0.138183	3.09952	-27.6737	-10.7261	245.973	
6.51273	0.150304	3.0938	23.6089	7.30826	211.052	
5.33425	0.235273	3.04355	-15.616	0.135676	165.461	
6.86855	0.124829	3.10549	-34.8891	-7.25617	202.204	
5.35579	0.23371	3.04467	-26.3135	-7.71092	174.603	
7.23177	0.0988851	3.11622	-37.188	-0.319056	197.392	
6.18232	0.174024	3.0817	-35.1993	-11.4411	199.456	
5.81909	0.200184	3.06676	-17.0815	-8.86579	181.638	
5.73808	0.206033	3.06317	34.9832	-5.17201	136.578	
7.73829	0.0627945	3.12946	-32.9226	-1.10926	236.19	
7.54358	0.0766571	3.12459	-11.8773	5.47286	207.451	
4.96347	0.262274	3.0226	22.155	-12.8979	182.198	
7.0668	0.110662	3.11149	-26.6477	0.155608	214.636	
7.36648	0.0892779	3.11992	-23.1774	4.12486	181.068	
7.11724	0.10706	3.11296	-11.233	7.90454	217.144	
4.68566	0.282624	3.00463	-37.4228	-4.11393	177.469	
5.57118	0.218099	3.05541	30.6458	-4.82801	186.705	
5.7709	0.203663	3.06464	17.7177	11.1246	235.745	
6.96988	0.117585	3.1086	19.6662	14.8267	207.779	
6.8961	0.122858	3.10635	-36.6568	0.440364	219.349	
6.20156	0.172641	3.08244	7.96347	-2.0627	198.913	
7.05474	0.111523	3.11113	-2.26192	-2.75563	227.618	
5.17908	0.246553	3.03516	44.0933	4.85169	217.453	
5.25214	0.241239	3.03917	7.91992	6.97779	165.465	
5.09923	0.252369	3.03064	-48.7631	-14.8155	180.771	
6.59561	0.144364	3.09664	14.4692	-7.55371	207.249	
7.26478	0.0965303	3.11714	4.16726	0.296309	179.506	
6.79484	0.130101	3.10317	-22.7075	-2.16705	205.376	
5.33992	0.234862	3.04384	-5.21607	-12.1184	173.403	
6.56078	0.14686	3.09545	-9.47679	-16.9059	181.8	
7.04462	0.112245	3.11083	-3.61961	14.2368	205.533	
7.11718	0.107064	3.11296	-5.38239	-7.16501	200.52	
6.54196	0.148209	3.09481	-0.927692	-8.17177	217.309	
5.44036	0.227575	3.04899	-89.7868	7.14144	147.419	
5.68036	0.210203	3.06054	-44.1547	-3.21439	177.813	
7.64368	0.0695287	3.12713	-24.4547	-6.98046	215.067	
6.28249	0.166826	3.0855	-31.7212	-16.4154	196.15	
6.57898	0.145556	3.09607	41.2416	-1.97386	193.485	
5.40274	0.230303	3.04709	-4.05824	2.1414	199.31	
7.89884	0.0513734	3.1333	-20.972	-1.44674	217.775	
5.85912	0.197297	3.0685	8.58309	-12.2255	230.645	
7.12349	0.106613	3.11314	26.1045	-10.6172	223.657	
5.63783	0.213278	3.05857	13.5291	6.61978	193.365	
6.88687	0.123518	3.10606	11.543	-0.69898	221.194	
6.13926	0.177121	3.08002	-27.2588	11.3518	158.84	
7.5774	0.0742482	3.12545	-15.0506	10.5628	198.847	
6.20137	0.172655	3.08243	-14.6722	10.7872	189.999	
5.84978	0.197971	3.0681	-12.0425	-8.4096	160.375	
5.54952	0.219667	3.05437	34.9884	-7.06712	152.663	
7.12148	0.106757	3.11308	-45.6691	-6.25671	207.355	
6.56167	0.146796	3.09548	-15.2959	-9.96774	177.739	
5.8767	0.196029	3.06926	-56.6856	4.74845	190.759	
5.87125	0.196422	3.06902	-10.247	4.94426	156.229	
7.23119	0.098927	3.1162	-29.7161	4.72871	171.893	
7.5525	0.0760222	3.12482	-20.1428	-1.56474	178.729	
6.01455	0.186095	3.07503	-77.2159	6.72266	197.324	
6.46856	0.153471	3.09225	32.4596	-7.89072	154.924	
6.26746	0.167905	3.08494	5.28681	8.97454	225.94	
5.66892	0.21103	3.06001	58.4564	4.69516	201.116	
5.78653	0.202534	3.06533	-36.578	3.32165	204.056	
6.45092	0.154736	3.09163	65.2488	5.36127	229.91	
6.22039	0.171287	3.08316	33.6484	6.64289	192.688	
7.13645	0.105688	3.11351	80.8774	6.40634	191.959	
6.77059	0.131835	3.1024	-12.0491	-5.03052	176.839	
6.51899	0.149855	3.09401	23.3564	-1.82343	150.972	
7.39037	0.0875746	3.12057	-43.3433	7.59806	175.086	
6.45523	0.154427	3.09178	19.3289	6.87428	181.71	
7.39123	0.0875132	3.12059	56.5466	13.062	176.066	
6.95207	0.118858	3.10806	-14.6831	-0.0177558	232.405	
6.56075	0.146862	3.09545	-15.9111	-3.10801	190.317	
4.92943	0.264761	3.02051	-7.14152	9.0087	193.867	
7.10044	0.108259	3.11247	22.6841	4.2042	204.223	
5.60098	0.215943	3.05683	17.1086	1.00466	178.525	
7.57755	0.074238	3.12546	4.20076	0.738883	167.12	
7.35683	0.0899658	3.11966	4.03476	-3.23832	206.783	
6.98494	0.116509	3.10905	30.4707	7.7955	172.97	
6.76247	0.132417	3.10214	0.35985	3.4516	198.303	
5.5798	0.217476	3.05583	60.2249	-5.44051	184.565	
7.02943	0.113331	3.11038	-34.6226	-11.1303	221.728	
7.58696	0.073568	3.1257	-15.6408	-1.99259	232.631	
6.08209	0.181234	3.07776	-41.5785	-6.9944	182.546	
7.281	0.0953734	3.11759	-31.9675	-2.01945	205.897	
6.95408	0.118714	3.10812	-22.9557	-3.49339	181.015	
5.94034	0.191441	3.07196	-35.9236	-7.31208	218.397	
6.74246	0.133849	3.10149	29.466	-1.33139	175.599	
5.38709	0.231439	3.04629	-5.58402	-8.21763	174.738	
7.68333	0.0667061	3.12811	1.37989	7.94209	184.59	
6.85137	0.126057	3.10496	-56.5582	2.09852	232.736	
6.13992	0.177073	3.08005	-43.2451	-21.3281	204.906	
4.9506	0.263215	3.02181	10.1252	7.54276	157.166	
6.35681	0.161489	3.08825	0.57669	-10.1124	196.829	
4.29818	0.311223	2.97546	-10.7335	-5.36697	177.778	
7.4308	0.0846925	3.12164	-3.11412	-1.16303	164.09	
6.58895	0.144841	3.09641	42.9044	2.49068	181.607	
5.58254	0.217277	3.05596	-2.67758	13.5505	231.024	
7.64668	0.0693155	3.1272	-23.2498	8.24966	209.365	
6.81197	0.128875	3.10372	-66.6237	2.1115	178.579	
7.57331	0.0745397	3.12535	12.2019	2.63427	195.353	
6.15192	0.17621	3.08052	10.2906	-14.9666	198.443	
5.45942	0.226193	3.04995	38.6978	7.01033	150.731	
5.75052	0.205134	3.06373	30.8343	0.0648994	180.19	
7.33596	0.091454	3.1191	-76.4473	3.66139	188.919	
5.40875	0.229867	3.04739	7.56212	-6.47569	230.151	
7.15643	0.104262	3.11409	59.2245	-6.10438	198.495	
7.02455	0.113679	3.11024	-18.4147	8.29303	225.543	
6.97644	0.117116	3.1088	5.42761	-2.77215	222.176	
7.74797	0.0621057	3.1297	4.19627	6.51288	164.159	
6.09555	0.180265	3.0783	58.1859	-1.12694	191.973	
5.96774	0.189467	3.0731	-5.12055	4.50113	153.725	
6.26529	0.168061	3.08486	5.4365	-0.946879	211.115	
6.45934	0.154133	3.09193	30.8794	-5.76165	179.145	
5.24109	0.242042	3.03857	-3.26869	-2.19271	211.682	
7.03156	0.113178	3.11045	32.013	-23.7862	199.435	
6.94724	0.119203	3.10791	44.9331	4.73892	191.824	
5.90456	0.19402	3.07045	-16.8137	5.67375	177.648	
6.12314	0.17828	3.07939	-41.7405	6.05376	195.558	
7.21723	0.0999229	3.11581	57.7039	9.62549	166.069	
7.34618	0.0907253	3.11937	49.8987	-10.3293	141.225	
4.84837	0.270691	3.01542	-5.03905	5.99764	184.892	
5.95718	0.190228	3.07266	5.46754	0.119781	195.594	
6.04963	0.18357	3.07646	-18.3278	-2.53144	165.2	
5.8045	0.201237	3.06612	24.8731	13.7963	203.495	
7.37978	0.0883295	3.12028	27.9195	-2.29082	201.162	
5.15569	0.248256	3.03385	-4.55493	-1.97845	129.686	
5.10139	0.252211	3.03076	-43.5371	-5.84538	165.513	
7.52185	0.0782054	3.12403	36.706	0.889324	176.454	
5.77173	0.203603	3.06467	0.16848	10.1195	194.919	
6.92621	0.120707	3.10727	13.0819	1.69139	171.034	
6.88356	0.123756	3.10596	-2.31877	-4.57623	175.449	
6.79301	0.130231	3.10311	-35.9413	-8.49853	237.461	
5.04357	0.256427	3.0274	1.63468	-13.5561	221.669	
7.67006	0.0676512	3.12778	27.2496	-5.72107	168.615	
6.05068	0.183494	3.0765	-12.618	-9.19303	209.025	
7.07626	0.109986	3.11176	1.36775	13.8725	259.367	
6.05846	0.182934	3.07681	-16.336	-7.6527	205.275	
5.10101	0.252239	3.03074	14.1919	-5.29705	172.366	
6.31804	0.164273	3.08682	-29.9223	-3.736	197.393	
6.28335	0.166764	3.08554	48.9681	-6.85751	163.055	
5.86375	0.196963	3.0687	47.1674	-11.2733	204.733	
6.81886	0.128383	3.10393	-5.38382	2.00045	197.363	
6.45509	0.154437	3.09178	-8.44715	8.70944	156.165	
6.03604	0.184548	3.07591	21.3022	7.88363	184.297	
5.61073	0.215237	3.05729	-0.342834	-1.50433	199.646	
5.55454	0.219304	3.05462	1.80134	-5.22139	202.636	
4.43411	0.301157	2.98631	5.06874	-3.74588	210.065	
4.03739	0.33065	2.95247	4.56824	3.26757	185.735	
7.01734	0.114194	3.11002	35.0293	-3.95673	223.461	
7.31088	0.0932424	3.11841	41.1561	-4.72856	207.937	
7.57204	0.0746302	3.12532	-48.195	8.68999	196.226	
5.40277	0.230301	3.04709	-19.9436	7.26595	175.742	
7.62624	0.0707706	3.12669	21.1066	9.27737	221.438	
5.68161	0.210113	3.0606	17.3143	-0.693296	175.373	
5.78462	0.202672	3.06525	0.758213	0.239914	199.676	
6.72117	0.135373	3.1008	-46.4687	3.30823	206.639	
5.95587	0.190322	3.07261	32.0617	16.0745	210.834	
7.1558	0.104307	3.11407	-24.44	7.12273	183.049	
5.66499	0.211314	3.05983	39.4215	-0.221816	190.328	
7.00484	0.115087	3.10965	-9.8666	2.6411	220.329	
6.2898	0.1663	3.08578	-20.8178	20.1533	169.919	
6.37929	0.159876	3.08907	-14.7797	-2.81681	210.056	
6.03624	0.184533	3.07591	-13.4501	-5.94007	154.05	
7.61793	0.0713624	3.12648	11.336	15.0343	232.378	
6.59716	0.144253	3.09669	-41.7532	-6.21898	211.593	
6.44301	0.155304	3.09135	31.9091	4.91572	208.014	
6.06022	0.182807	3.07688	-2.0982	-2.3411	145.014	
7.00645	0.114972	3.1097	1.57575	-6.11332	202.293	
6.02976	0.185	3.07565	-13.6265	-1.66968	205.64	
6.79314	0.130223	3.10312	67.8185	2.49676	188.959	
6.43642	0.155776	3.09112	-31.8978	-6.98635	160.582	
5.72042	0.207309	3.06237	-12.1046	4.67063	210.242	
5.86444	0.196913	3.06873	10.4847	11.669	180.1	
6.32155	0.164021	3.08695	-18.5466	-4.16849	207.218	
6.95243	0.118832	3.10807	-11.7702	12.4838	176.305	
6.01829	0.185825	3.07518	-27.913	-18.8411	220.7	
7.45628	0.0828771	3.12232	12.9455	-7.87185	237.459	
6.54731	0.147825	3.09499	10.2864	7.76036	217.629	
7.15232	0.104555	3.11397	43.9371	19.567	202.46	
7.32143	0.0924901	3.1187	-25.108	5.99116	212.75	
7.06282	0.110945	3.11137	42.1994	13.831	210.677	
6.60005	0.144046	3.09679	-18.5766	2.58554	201.629	
6.12727	0.177983	3.07955	-50.936	0.129506	198.778	
5.20664	0.244548	3.03669	-12.5929	3.45173	150.983	
6.97651	0.117112	3.1088	-31.3188	3.50875	217.445	
5.57338	0.21794	3.05552	-26.9536	3.71362	182.453	
5.2345	0.242522	3.03821	-4.7649	-17.5349	221.159	
4.38397	0.304866	2.98239	38.5098	1.47233	161.489	
6.48047	0.152617	3.09267	34.3535	-3.68751	194.193	
7.11584	0.107159	3.11292	6.52148	1.72024	198.292	
5.63668	0.213361	3.05851	-11.0293	10.7942	219.125	
5.20902	0.244375	3.03682	19.8562	-7.59924	197.001	
5.80787	0.200994	3.06627	-67.3952	-6.69396	184.003	
5.86991	0.196518	3.06897	-7.58359	5.10522	233.959	
5.82688	0.199622	3.0671	-58.9596	-6.94891	200.014	
6.16916	0.17497	3.08119	13.8737	-9.63161	204.268	
5.84714	0.198161	3.06798	32.7067	9.6391	195.833	
5.32475	0.235963	3.04305	19.0787	1.64738	174.478	
6.63287	0.141695	3.09789	49.2073	5.42914	203.94	
6.1545	0.176025	3.08062	16.63	-8.95053	163.811	
5.26281	0.240463	3.03975	-56.4573	-2.94137	209.416	
4.22053	0.316991	2.96893	15.9863	8.97531	175.93	
5.65774	0.211838	3.05949	52.9795	17.3244	175.041	
6.96476	0.117951	3.10845	23.6655	-3.49643	185.932	
7.59711	0.0728447	3.12595	-6.30608	2.18912	196.716	
6.46095	0.154017	3.09198	3.76978	9.55541	206.704	
7.10587	0.107871	3.11263	-26.8499	4.32045	184.034	
6.37533	0.16016	3.08892	-12.7381	16.1008	205.926	
7.41093	0.0861092	3.12111	51.6988	-4.10977	174.797	
7.20909	0.100503	3.11558	8.71095	-1.74013	195.572	
6.16874	0.175001	3.08117	-6.38502	0.27338	208.747	
4.80639	0.273766	3.01271	22.4076	-11.552	171.032	
7.24271	0.0981052	3.11652	-16.6447	6.77846	195.486	
5.79666	0.201803	3.06578	-31.121	5.37585	165.805	
7.82593	0.0565596	3.13158	10.979	3.17276	203.834	
6.03863	0.184362	3.07601	-71.4525	3.02831	188.526	
6.09987	0.179954	3.07847	-27.8137	-17.5856	170.28	
6.52065	0.149736	3.09407	-19.8371	-12.6123	227.495	
4.85318	0.270339	3.01573	-13.6921	-9.57013	218.814	
7.57486	0.0744293	3.12539	-1.1589	-11.3162	193.371	
5.42358	0.228792	3.04815	-24.6583	6.69567	177.929	
6.19282	0.173269	3.0821	-27.0093	-3.98295	185.592	
7.02658	0.113534	3.1103	51.6617	4.81502	245.697	
7.65325	0.0688474	3.12736	-5.56974	-2.34569	209.073	
6.85905	0.125508	3.1052	-18.6749	1.6686	169.789	
6.77363	0.131618	3.1025	15.365	4.60875	225.947	
6.91405	0.121576	3.1069	17.9803	5.2142	217.282	
6.25738	0.16863	3.08456	-32.3547	-0.366046	174.44	
6.39148	0.159001	3.08951	66.7708	10.4506	226.897	
6.15505	0.175985	3.08064	-11.9073	-7.38048	186.943	
6.68777	0.137763	3.09971	9.65295	8.06333	186.347	
5.75445	0.20485	3.0639	5.84389	4.04193	193.767	
7.54737	0.0763876	3.12468	0.118423	-7.14322	196.707	
5.93741	0.191652	3.07183	26.1114	1.82439	238.949	
5.43391	0.228043	3.04867	-23.7512	-2.10935	193.984	
7.28707	0.0949403	3.11776	21.9831	-3.33105	158.686	
7.12202	0.106719	3.1131	-29.4089	-1.99583	191.143	
6.43141	0.156136	3.09094	-17.9556	14.5595	200.206	
6.91181	0.121735	3.10683	-19.6716	10.4743	188.981	
6.11107	0.179148	3.07891	-17.0768	-2.50842	192.664	
7.75639	0.0615064	3.1299	5.83772	4.2348	208.498	
5.78424	0.2027	3.06523	1.4315	2.51967	229.658	
5.56731	0.218379	3.05523	8.7979	-3.82479	203.913	
5.33474	0.235238	3.04357	-11.879	11.5148	219.068	
7.29547	0.0943412	3.11799	-3.88245	11.7231	186.384	
6.49013	0.151924	3.09301	-12.1787	1.03795	177.298	
5.73528	0.206235	3.06304	-6.37746	-0.134093	185.289	
5.80861	0.200941	3.0663	27.525	-10.6739	187.739	
7.37058	0.0889851	3.12003	-41.0989	5.62729	192.502	
7.12229	0.106699	3.1131	4.57429	1.07375	221.287	
6.58348	0.145233	3.09623	0.91134	0.906487	227.531	
7.4245	0.0851416	3.12148	-46.2834	-2.15128	179.19	
6.03809	0.1844	3.07599	45.1929	4.78752	207.511	
6.30287	0.165362	3.08626	16.2119	-0.768057	226.221	
7.35113	0.0903719	3.11951	-4.03703	-5.16264	212.125	
6.43862	0.155619	3.09119	51.7118	3.26304	220.968	
6.12043	0.178475	3.07928	44.4709	-0.17957	176.708	
6.30713	0.165056	3.08642	-30.673	-2.86861	175.223	
5.767	0.203944	3.06446	-27.8677	-13.3067	200.34	
7.21322	0.100209	3.1157	-3.37952	3.55786	217.013	
6.23968	0.169901	3.08389	4.93054	1.39766	200.761	
5.6838	0.209954	3.0607	-15.0113	-5.72998	197.203	
7.34671	0.0906872	3.11939	-22.4631	-0.277909	236.524	
6.19678	0.172985	3.08225	-37.7392	-7.85087	190.083	
6.65503	0.140108	3.09863	7.03743	-3.75846	220.348	
6.99255	0.115965	3.10928	22.9566	12.391	185.426	
5.68763	0.209677	3.06087	66.3791	7.13967	199.807	
5.11465	0.251245	3.03152	49.4943	3.05827	157.303	
7.33547	0.0914886	3.11908	19.1408	-2.15566	176.413	
6.05112	0.183462	3.07652	-9.73899	-6.94551	213.604	
5.09637	0.252577	3.03047	-5.35358	2.11118	197.073	
5.46632	0.225693	3.05029	2.25441	-7.22741	192.26	
6.95986	0.118301	3.1083	-17.3949	-8.2768	162.979	
5.76957	0.203759	3.06458	27.6989	1.02962	164.705	
6.41784	0.15711	3.09045	5.95903	-5.00279	182.169	
6.21951	0.171351	3.08313	69.6698	-0.759937	176.281	
5.22231	0.243408	3.03755	36.6313	-1.31148	190.101	
7.0311	0.113211	3.11043	11.6254	-6.91744	204.668	
5.01165	0.258756	3.02551	44.7766	-8.07749	219.071	
6.45346	0.154554	3.09172	-20.3013	-14.2023	199.151	
6.38683	0.159334	3.08934	-30.6299	-2.9723	192.787	
7.16651	0.103542	3.11437	8.88268	-8.76226	202.717	
7.13144	0.106046	3.11337	0.351751	-5.89795	172.672	
4.26908	0.313383	2.97305	19.6108	-5.9782	179.401	
6.74886	0.133391	3.1017	-8.41083	-11.5033	186.22	
5.66852	0.211058	3.05999	-11.3549	4.34334	191.418	
6.32578	0.163717	3.08711	-13.2979	-0.433961	202.632	
5.61719	0.214771	3.0576	-38.2911	4.46869	143.42	
6.89538	0.12291	3.10632	-7.29238	-17.5433	175.024	
6.67936	0.138366	3.09943	7.14955	-17.2051	238.498	
7.45007	0.0833195	3.12215	-12.2773	1.66466	209.383	
6.63076	0.141846	3.09782	-40.6805	-2.12926	224.021	
7.42204	0.0853171	3.12141	-37.3589	-1.77635	198.761	
6.5009	0.151152	3.09339	-21.5004	5.30791	171.862	
5.72092	0.207273	3.06239	-7.92254	-3.3855	200.301	
5.73403	0.206325	3.06298	38.3282	15.2447	150.325	
5.8137	0.200573	3.06653	4.15391	-4.64538	201.789	
6.6828	0.13812	3.09955	10.6136	-7.26379	222.004	
7.98964	0.0449178	3.1354	49.8766	1.18596	232.305	
7.02683	0.113516	3.11031	-2.71736	-4.68259	230.412	
7.40108	0.086811	3.12085	-11.547	-8.51243	211.681	
6.753	0.133094	3.10183	-10.7036	0.0667652	191.713	
4.58385	0.290112	2.99747	33.2562	10.1383	208.033	
5.86848	0.196621	3.06891	-13.4076	-1.79822	180.042	
5.71316	0.207833	3.06204	-22.6258	-9.38375	194.203	
6.70993	0.136177	3.10044	3.54397	1.81803	185.513	
6.19614	0.17303	3.08223	29.9505	6.69933	202.847	
4.86745	0.269295	3.01663	-16.9906	-4.69406	223.019	
6.50711	0.150707	3.0936	51.6728	6.0539	180.338	
6.26854	0.167828	3.08498	-20.3103	0.456985	203.269	
5.32851	0.235691	3.04324	-1.60934	4.95445	183.314	
5.81144	0.200737	3.06643	24.6949	4.12408	217.034	
6.46076	0.15403	3.09198	-36.8629	13.141	208.03	
6.90955	0.121897	3.10676	4.79855	-0.972974	191.381	
6.20633	0.172298	3.08262	15.2667	0.578211	193.843	
5.03716	0.256895	3.02702	-31.7221	-17.5623	158.259	
7.69095	0.0661637	3.1283	54.4627	15.3499	208.444	
6.87866	0.124106	3.10581	23.4471	-17.6479	183.449	
6.14298	0.176853	3.08017	11.2715	-3.79065	197.647	
6.07826	0.181509	3.07761	6.55908	1.98221	205.104	
6.72763	0.13491	3.10101	-64.4056	-11.3928	213.998	
6.85561	0.125753	3.10509	-1.16258	3.33145	215.251	
6.13739	0.177255	3.07995	-20.487	13.6459	229.76	
6.61955	0.142649	3.09744	50.1514	4.33335	166.435	
7.03389	0.113012	3.11052	7.79765	-18.1891	177.757	
7.31532	0.0929257	3.11853	19.6864	8.32675	217.984	
6.8644	0.125126	3.10536	-55.7718	-4.0483	218.239	
6.02081	0.185645	3.07529	51.5702	6.28632	190.827	
7.4697	0.0819208	3.12267	-38.1219	1.56407	191.472	
6.09349	0.180413	3.07821	-11.3094	1.08885	179.459	
6.82047	0.128267	3.10399	16.742	2.39773	223.647	
7.06338	0.110906	3.11139	18.8338	8.97253	197.017	
5.97367	0.189039	3.07335	-54.5286	-12.3362	156.269	
7.34809	0.0905892	3.11942	-33.3746	-2.19604	200.033	
6.64331	0.140947	3.09824	-0.277387	1.14301	158.717	
6.22469	0.170979	3.08332	13.041	-9.55548	204.464	
5.72095	0.20727	3.06239	-21.7264	-3.4933	146.24	
6.07424	0.181798	3.07745	12.6574	-9.84853	176.772	
4.6371	0.286193	3.00126	18.962	-9.63006	159.969	
5.92718	0.19239	3.0714	9.35623	-9.17373	216.41	
6.98725	0.116344	3.10912	-8.33372	12.2385	241.771	
5.81883	0.200203	3.06675	-9.19213	-17.3144	235.089	
7.47323	0.081669	3.12276	7.34892	8.16145	164.462	
6.40225	0.158228	3.08989	-4.42399	-3.56777	174.814	
7.41957	0.0854935	3.12134	48.3792	6.41722	187.126	
5.92661	0.192431	3.07138	15.9156	6.29318	206.846	
6.34084	0.162636	3.08766	-26.0783	-7.98057	215.701	
5.6534	0.212152	3.05929	-13.967	9.25399	204.552	
5.96314	0.189798	3.07291	18.3366	-6.74817	239.017	
5.88843	0.195183	3.06976	-12.1847	-1.2704	167.558	
4.74359	0.278371	3.00856	40.5271	-3.46269	197.718	
6.9472	0.119206	3.10791	10.2804	-1.00071	147.776	
6.96193	0.118153	3.10836	18.9585	-3.5553	223.422	
6.54459	0.14802	3.0949	-11.1635	-7.3874	200.86	
5.57708	0.217672	3.0557	-34.063	-1.7271	206.362	
6.66769	0.139201	3.09905	11.8478	0.250338	169.242	
7.2255	0.0993329	3.11604	23.4074	-5.78162	211.984	
7.47268	0.0817083	3.12275	-45.1545	-3.22096	193.851	
6.31223	0.16469	3.08661	-39.8732	-7.18808	220.324	
4.7702	0.276419	3.01033	-0.31914	-4.85683	166.468	
3.81122	0.347645	2.92979	18.1834	4.58514	206.041	
7.1625	0.103829	3.11426	-2.71346	-13.2763	177.996	
7.23168	0.0988921	3.11622	14.6293	-6.31647	239.135	
5.51462	0.222194	3.05268	-0.410656	7.82278	190.658	
6.37799	0.159969	3.08902	-31.4929	2.25548	205.585	
5.09024	0.253024	3.03012	-22.7093	10.7181	165.091	
6.48667	0.152172	3.09289	22.0084	0.945674	214.255	
6.37796	0.159971	3.08902	-13.0304	7.06995	153.182	
7.34663	0.0906928	3.11939	-3.21331	14.0557	157.387	
5.44181	0.22747	3.04907	13.3525	5.03975	171.562	
6.51624	0.150053	3.09392	14.8234	-8.86736	184.541	
6.08282	0.181181	3.07779	70.8983	-8.77148	195.896	
6.33507	0.16305	3.08745	17.6048	-12.4104	198.079	
6.65542	0.14008	3.09864	-43.925	3.78496	187.435	
4.47336	0.298258	2.98931	-32.3621	-11.2175	196.37	
6.44154	0.155409	3.0913	27.9222	11.5406	210.441	
6.07377	0.181832	3.07743	-9.17303	8.75693	223.229	
5.87423	0.196207	3.06915	47.5826	3.09753	211.209	
6.98478	0.11652	3.10905	-0.322779	2.93514	206.857	
4.47056	0.298465	2.9891	50.2303	-5.10973	186.171	
5.26102	0.240594	3.03965	10.9096	0.948633	162.316	
6.04267	0.18407	3.07617	-7.98916	-1.2166	239.897	
7.00691	0.114939	3.10971	2.9864	-17.3351	178.406	
5.92055	0.192867	3.07112	-1.24091	1.23618	209.351	
5.80071	0.201511	3.06596	47.0716	8.06348	197.561	
6.11305	0.179006	3.07899	-30.2684	0.790023	194.304	
6.71504	0.135811	3.1006	-20.8195	-2.00623	184.575	
8.09463	0.0374565	3.13777	-8.90311	6.00804	217.516	
7.26384	0.0965975	3.11711	-11.5801	-0.975292	197.312	
6.106	0.179513	3.07871	24.1301	17.7396	230.66	
5.27003	0.239939	3.04014	-2.4507	-6.26524	179.842	
5.55339	0.219387	3.05456	-33.1552	-7.16709	140.344	
7.28131	0.0953516	3.1176	60.6499	8.31322	180.852	
7.02385	0.113729	3.11022	-14.1088	-2.34196	218.371	
3.94097	0.337877	2.94314	-9.90633	-14.3698	211.903	
5.42186	0.228916	3.04806	-63.2421	1.54441	157.468	
5.86448	0.19691	3.06873	12.9924	-4.78682	193.268	
6.06994	0.182107	3.07727	22.3344	-4.54273	181.984	
5.40578	0.230083	3.04724	-33.2512	-3.49453	243.222	
7.19827	0.101276	3.11528	-38.1488	-14.5833	192.029	
6.8643	0.125132	3.10536	59.7516	12.1085	210.212	
7.17349	0.103044	3.11457	-5.14751	9.93584	208.027	
6.49042	0.151904	3.09302	-28.9821	13.4436	160.595	
7.07555	0.110036	3.11174	-16.4744	4.29881	235.036	
7.67207	0.0675079	3.12783	-4.09306	6.76199	236.836	
6.19895	0.172829	3.08234	-29.4777	5.47017	178.708	
6.34719	0.16218	3.0879	33.8129	-12.1347	185.042	
5.91575	0.193213	3.07092	3.6444	-8.08056	207.415	
6.48343	0.152405	3.09277	6.56393	-0.117699	192.38	
6.96467	0.117957	3.10844	-62.7908	-13.5882	210.069	
6.84589	0.126449	3.10478	18.692	2.22434	181.499	
3.96424	0.336131	2.94544	19.8854	4.51153	215.198	
5.44126	0.22751	3.04904	-29.755	6.11944	179.824	
6.04882	0.183628	3.07642	31.9846	2.06112	188.685	
5.99582	0.187444	3.07426	-7.57343	3.00575	169.743	
5.69393	0.209222	3.06116	58.6616	9.07116	215.464	
6.63153	0.141791	3.09784	8.95127	-0.644021	205.966	
6.72574	0.135045	3.10095	35.5912	-0.376099	233.748	
5.7934	0.202039	3.06563	-9.78733	-5.78142	192.157	
6.3089	0.164929	3.08649	3.41316	1.63307	152.558	
4.96921	0.261855	3.02295	-12.6072	11.5477	199.384	
7.02631	0.113553	3.11029	7.15053	9.68027	185.184	
7.03876	0.112664	3.11066	-13.4951	-8.09999	189.749	
5.70445	0.208462	3.06164	-52.1827	1.46449	227.89	
6.21698	0.171533	3.08303	26.5687	-4.463	194.887	
6.05673	0.183058	3.07674	1.02051	-8.18515	195.337	
7.07837	0.109835	3.11183	-9.32312	-2.35762	211.89	
7.05185	0.111729	3.11105	6.04884	4.58017	212.441	
7.12161	0.106748	3.11308	77.1517	-3.46801	173.874	
6.00939	0.186467	3.07482	27.4651	-2.48671	176.109	
5.03426	0.257106	3.02685	6.21761	10.889	167.11	
7.63024	0.0704861	3.12679	-25.9316	12.0623	165.642	
5.82295	0.199906	3.06693	32.511	-3.88631	216.524	
7.12873	0.106239	3.11329	60.0158	-14.0043	236.081	
7.60557	0.0722422	3.12617	-14.8012	5.85744	201.625	
6.43423	0.155933	3.09104	-46.1241	6.9888	168.533	
5.73754	0.206072	3.06314	-11.1838	5.91075	178.948	
6.20016	0.172742	3.08238	-18.6403	-17.1071	175.105	
5.88264	0.1956	3.06951	-46.7285	-2.48096	181.373	
6.03045	0.184951	3.07568	10.9162	4.0817	215.293	
5.91144	0.193524	3.07074	22.4118	-3.81106	178.044	
5.04552	0.256284	3.02751	52.3607	-2.90728	208.391	
6.65437	0.140155	3.09861	30.5581	2.89328	179.208	
6.57259	0.146013	3.09585	16.5386	-0.00615131	202.943	
7.25827	0.0969949	3.11696	2.08384	-2.88903	156.016	
7.84988	0.054856	3.13215	10.2741	1.62946	195.771	
4.94287	0.263779	3.02134	3.31057	-14.7087	192.552	
7.02105	0.113929	3.11013	19.6956	-2.86858	206.988	
6.08962	0.180691	3.07806	-24.3831	-4.74596	185.736	
6.65761	0.139923	3.09871	-54.0453	0.916814	192.46	
5.27655	0.239465	3.04049	30.1083	-5.96772	233.026	
6.57663	0.145724	3.09599	11.3232	18.9107	190.476	
5.96815	0.189437	3.07312	19.1435	-2.47371	216.686	
5.88756	0.195246	3.06972	30.3139	0.939624	190.412	
5.89348	0.194819	3.06998	-34.6671	0.494102	221.642	
4.92418	0.265146	3.02019	10.4944	6.36851	165.244	
5.5497	0.219654	3.05438	3.23347	10.2171	211.289	
5.91001	0.193627	3.07068	56.5344	-1.87221	197.895	
6.71245	0.135997	3.10052	-35.2493	1.22752	186.73	
6.07612	0.181663	3.07752	30.4755	6.31002	198.944	
6.00049	0.187108	3.07445	9.92225	7.23408	202.657	
6.65733	0.139943	3.0987	99.6916	9.21636	205.323	
7.23807	0.0984361	3.1164	33.0221	0.750157	186.095	
7.11658	0.107107	3.11294	-44.6957	9.96879	205.123	
6.94733	0.119196	3.10792	90.7476	-2.0482	192.431	
5.30911	0.237099	3.04222	-22.9777	2.54648	217.256	
5.89804	0.19449	3.07017	16.9291	-17.465	229.705	
5.91477	0.193284	3.07088	3.48804	-2.71687	169.301	
7.57535	0.0743943	3.1254	-36.3238	7.24622	164.972	
7.02149	0.113898	3.11015	14.2829	-4.74442	165.667	
5.38079	0.231895	3.04596	-52.9347	-0.440423	194.478	
5.7726	0.20354	3.06471	-15.9203	5.53523	185.095	
6.59322	0.144536	3.09656	15.6487	-5.95081	216.479	
5.18552	0.246084	3.03552	60.9951	-0.703946	167.747	
5.96335	0.189783	3.07292	24.1993	-2.37357	222.977	
7.13677	0.105665	3.11352	-39.8894	0.182507	196.128	
6.39544	0.158717	3.08965	7.62161	10.9343	184.458	
5.93722	0.191666	3.07183	44.596	9.13698	173.558	
7.46269	0.08242	3.12248	17.5712	-5.93623	191.716	
5.94137	0.191367	3.072	8.18088	3.2974	210.224	
6.27738	0.167193	3.08531	0.748445	13.4198	183.203	
7.21798	0.0998694	3.11583	17.4269	8.48691	171.517	
5.33815	0.234991	3.04375	-52.1079	5.58892	179.492	
4.89022	0.267629	3.01807	-34.8117	0.738861	201.63	
5.28031	0.239191	3.04069	28.43	-2.62708	165.865	
5.09548	0.252642	3.03042	17.4566	-2.99648	183.655	
5.16486	0.247588	3.03437	-7.17695	0.872559	174.352	
6.82352	0.128049	3.10408	48.6978	13.167	180.196	
6.26191	0.168304	3.08473	12.4907	2.40776	194.319	
6.21679	0.171546	3.08302	-28.4383	-14.5551	190.982	
5.72492	0.206983	3.06257	-4.81384	-3.1178	185.594	
6.18847	0.173582	3.08193	45.9735	1.45512	209.556	
6.96747	0.117757	3.10853	7.23616	-5.77356	218.102	
4.991	0.260264	3.02427	36.2745	-9.27443	197.657	
6.63429	0.141593	3.09794	-9.96453	-16.6722	212.513	
6.52207	0.149635	3.09412	-15.195	2.379	208.029	
5.59875	0.216104	3.05673	-22.97	2.20992	207.256	
6.19461	0.173141	3.08217	-19.9828	-3.1685	199.72	
6.95507	0.118643	3.10815	-8.08348	3.18315	199.654	
6.86366	0.125178	3.10534	8.4325	17.3225	173.303	
5.57566	0.217775	3.05563	30.2086	-0.0126473	134.748	
5.28613	0.238769	3.041	-23.7811	26.6974	195.924	
7.08081	0.109661	3.1119	-5.36646	8.72791	195.228	
6.792	0.130303	3.10308	33.2529	-11.444	206.23	
7.31839	0.0927071	3.11862	-16.355	-16.6586	196.23	
5.22285	0.243369	3.03758	3.8801	-3.62032	170.801	
6.2634	0.168197	3.08479	7.74261	-12.5844	203.399	
5.1376	0.249573	3.03283	-1.90934	11.1382	197.164	
7.69523	0.0658592	3.12841	-21.1699	-14.4946	182.871	
5.21799	0.243723	3.03731	-38.4884	0.830743	212.565	
4.68427	0.282726	3.00453	2.87414	-3.90372	181.889	
6.97396	0.117294	3.10872	-23.2255	1.43333	175.46	
5.08518	0.253393	3.02983	-22.5799	-17.971	193.559	
5.66121	0.211587	3.05965	50.8683	3.7796	200.123	
7.06635	0.110694	3.11147	1.41364	-2.35796	173.861	
5.99181	0.187733	3.0741	-54.5824	-3.41399	244.648	
4.47687	0.297999	2.98958	19.254	12.1977	166.112	
6.68842	0.137717	3.09973	18.2073	4.63463	230.98	
5.28564	0.238805	3.04097	-31.0655	2.55188	178.113	
6.74248	0.133847	3.10149	-0.916997	-4.62415	189.951	
5.9553	0.190363	3.07258	48.8454	6.32698	145.293	
6.44842	0.154915	3.09154	28.2481	-4.56417	214.691	
6.44246	0.155343	3.09133	-5.48106	8.75386	194.801	
6.61426	0.143028	3.09727	-4.86733	12.1249	140.423	
4.63052	0.286677	3.00079	25.0861	-2.57253	203.642	
6.30677	0.165082	3.08641	4.59006	13.9048	208.507	
4.75036	0.277874	3.00901	46.6271	-1.0117	186.643	
6.81676	0.128533	3.10387	-30.5494	8.65362	199.233	
5.97925	0.188637	3.07358	-22.2987	-6.06298	175.014	
5.94246	0.191288	3.07205	20.6826	0.194362	194.952	
5.12989	0.250135	3.03239	-51.5837	-6.53483	164.436	
5.43626	0.227872	3.04879	14.1282	-11.7635	179.764	
5.18268	0.246292	3.03536	-52.8555	7.61748	189.685	
7.07342	0.110188	3.11168	-29.8989	-12.9917	202.613	
5.46173	0.226026	3.05006	0.0669032	0.0241288	183.904	
4.09105	0.32664	2.95746	12.1038	-7.2102	193.673	
6.2476	0.169332	3.08419	70.9652	-13.1498	129.244	
6.68016	0.138309	3.09946	-4.98996	-5.92084	196.904	
6.33269	0.163221	3.08736	3.65987	1.16882	188.394	
7.12231	0.106698	3.1131	-13.0485	-5.27819	180.437	
6.64055	0.141145	3.09815	-35.9783	-3.6509	176.688	
7.90585	0.050875	3.13347	5.05885	1.25756	192.663	
7.84358	0.0553037	3.132	47.0598	-7.55982	235.833	
6.72183	0.135326	3.10082	-21.9195	10.3434	191.3	
6.24769	0.169326	3.0842	-0.77671	0.0107176	162.831	
7.27674	0.095677	3.11747	-27.286	0.967077	233.429	
6.92788	0.120587	3.10732	-10.8321	16.155	185.581	
5.78131	0.202911	3.0651	-11.0632	-11.0815	183.813	
7.41417	0.0858784	3.1212	-4.40326	28.4137	192.652	
6.47385	0.153092	3.09244	-20.4973	-2.7304	205.646	
5.16735	0.247407	3.03451	19.7457	4.9948	182.563	
5.81404	0.200549	3.06654	11.8038	3.9541	217.024	
6.38073	0.159772	3.08912	-5.62668	-11.3507	196.536	
7.34927	0.0905051	3.11946	49.1623	-1.71909	206.156	
6.7619	0.132457	3.10212	-17.6635	-14.7323	218.562	
6.61243	0.143159	3.0972	-17.7445	-2.10949	197.991	
5.47346	0.225176	3.05065	11.3075	0.685216	225.465	
6.74214	0.133872	3.10148	-19.835	-1.88235	232.156	
7.08697	0.109221	3.11208	-19.484	5.82628	192.951	
4.85612	0.270124	3.01591	17.4012	9.54246	125.352	
6.32385	0.163856	3.08704	46.7206	2.87264	192.931	
7.66437	0.0680564	3.12764	45.0917	-5.26448	210.826	
6.51929	0.149834	3.09402	45.7542	4.97025	158.698	
6.12566	0.178098	3.07949	26.7564	-14.7075	187.171	
6.30796	0.164996	3.08645	-65.2262	-13.5163	218.271	
7.42341	0.0852193	3.12145	-11.1785	-1.00665	201.307	
5.45261	0.226687	3.04961	2.733	-7.49348	212.399	
7.66594	0.0679441	3.12768	28.47	1.30722	185.777	
7.32558	0.0921939	3.11881	17.1988	2.15047	189.257	
5.8522	0.197796	3.0682	49.8053	-2.20879	200.14	
4.90779	0.266344	3.01917	0.236542	0.9859	154.456	
6.60497	0.143694	3.09695	37.7882	4.43501	177.496	
5.54531	0.219972	3.05417	36.3566	4.86176	204.45	
5.98813	0.187998	3.07395	7.18488	-5.21424	208.417	
7.61215	0.0717736	3.12633	27.8996	12.4379	211.408	
5.31277	0.236833	3.04242	8.8347	2.04668	166.513	
6.25059	0.169118	3.08431	-6.62645	15	188.68	
7.73177	0.0632585	3.1293	60.9505	-20.5774	182.482	
5.44186	0.227467	3.04907	0.860995	20.326	205.34	
5.76307	0.204228	3.06429	-40.3671	-4.5816	143.85	
6.37574	0.16013	3.08894	-11.2863	1.76379	188.589	
5.79209	0.202133	3.06558	0.494309	8.41906	173.864	
4.53881	0.29343	2.9942	37.7722	3.15999	170.9	
7.40421	0.0865881	3.12094	34.4569	12.1744	175.31	
6.28587	0.166583	3.08563	-11.0916	3.345	184.443	
7.60669	0.0721628	3.1262	0.401466	-9.90661	247.133	
6.84515	0.126502	3.10476	-0.693896	-9.0894	173.758	
6.08067	0.181335	3.0777	-15.4672	9.17968	168.271	
7.12885	0.106231	3.11329	65.7095	11.1648	181.947	
7.2968	0.0942465	3.11802	37.4258	-10.4826	191.82	
5.8245	0.199794	3.067	-11.7863	-7.97118	204.66	
4.61702	0.28767	2.99984	-11.2646	8.16034	164.565	
6.17209	0.174759	3.0813	7.67077	4.06729	169.953	
7.05636	0.111407	3.11118	32.3464	17.7637	148.142	
7.33095	0.091811	3.11896	-31.4265	1.02907	190.747	
5.39493	0.23087	3.04669	-20.3468	-5.16122	182.985	
7.55247	0.0760244	3.12481	-0.810122	-0.221883	196.15	
5.84596	0.198246	3.06793	-24.1932	-13.0899	206.874	
6.24221	0.169719	3.08399	-18.3433	2.02076	173.105	
6.49407	0.151642	3.09315	12.2828	5.81572	197.198	
5.1451	0.249027	3.03325	-30.741	-2.00261	221.922	
4.92996	0.264723	3.02055	26.4153	-3.13743	190.342	
4.30912	0.310411	2.97636	-2.63143	8.36632	212.317	
7.158	0.10415	3.11413	1.33557	4.524	212.6	
6.87451	0.124402	3.10568	8.53098	2.63236	236.78	
7.15475	0.104382	3.11404	-14.8125	-4.71963	238.227	
5.35619	0.233681	3.04469	-18.8275	-0.288171	218.786	
7.78695	0.0593323	3.13064	-4.57815	9.44612	190.927	
7.12682	0.106375	3.11323	-15.6302	-8.02835	174.552	
7.78718	0.0593163	3.13065	-50.8886	-13.936	194.951	
7.53226	0.0774639	3.1243	52.9005	-5.86153	217.392	
7.33327	0.0916458	3.11902	-6.62872	-0.802775	214.046	
6.53412	0.148771	3.09454	-29.0837	-0.988496	214.277	
6.94221	0.119563	3.10776	-38.67	6.53056	192.728	
6.88874	0.123385	3.10612	5.38424	7.94049	221.31	
6.8211	0.128222	3.104	22.812	-5.30126	161.414	
7.82959	0.0562987	3.13167	-44.0554	11.7456	156.982	
6.19209	0.173322	3.08207	-24.1615	-3.62377	199.102	
7.38359	0.0880577	3.12038	7.86653	0.932864	200.941	
6.50515	0.150847	3.09353	-44.4697	-12.7521	186.26	
5.84685	0.198182	3.06797	57.2116	-5.02336	177.683	
5.42268	0.228857	3.0481	4.9092	-4.62429	206.555	
6.64538	0.140799	3.09831	48.2498	12.8168	186.616	
6.18135	0.174093	3.08166	-27.1732	12.3214	174.602	
5.76359	0.20419	3.06431	-5.15614	6.10837	206.774	
6.33013	0.163405	3.08727	45.4386	-1.32835	170.611	
5.71363	0.207799	3.06206	-28.05	-0.979676	194.349	
6.77504	0.131518	3.10254	-15.9653	-11.2089	219.452	
6.40395	0.158106	3.08995	-26.4533	-0.0569775	181.874	
6.17216	0.174755	3.0813	63.1976	-1.93323	190.271	
6.52376	0.149514	3.09418	-2.58305	-6.15081	204.133	
6.91677	0.121381	3.10698	8.93564	-10.7994	209.78	
4.56636	0.2914	2.99621	-13.4402	-8.06318	189.573	
5.4207	0.229	3.048	-21.2248	-5.15168	179.646	
7.02114	0.113923	3.11014	20.7988	7.63937	187.752	
5.51591	0.222101	3.05274	46.5681	5.34967	172.545	
7.33368	0.0916167	3.11903	-8.24976	13.9688	203.715	
6.82308	0.128081	3.10407	-39.1674	-6.03324	200.105	
7.06791	0.110582	3.11152	30.1519	-8.47908	180.407	
4.6954	0.281908	3.0053	33.563	-2.09626	174.836	
7.25272	0.0973906	3.1168	14.8612	-8.06587	197.98	
6.01738	0.185892	3.07515	52.1077	-0.639298	206.895	
7.12612	0.106426	3.11321	14.9639	-3.84182	196.918	
6.48222	0.152492	3.09273	-10.5476	7.89587	180.081	
6.71861	0.135556	3.10072	8.12532	6.98153	240.112	
6.20723	0.172234	3.08266	49.0848	-4.07168	176.899	
6.71671	0.135692	3.10066	24.7101	1.22337	207.346	
6.19873	0.172844	3.08233	2.05597	-1.24073	187.401	
7.10078	0.108235	3.11248	16.8992	-1.77696	210.545	
5.75547	0.204777	3.06395	-45.746	2.92928	189.409	
6.49508	0.15157	3.09318	18.2742	5.59704	158.29	
6.72879	0.134827	3.10105	4.25092	5.6831	166.289	
6.64622	0.140739	3.09833	-32.2985	7.82656	206.694	
5.21092	0.244237	3.03692	-10.0136	-10.1579	214.04	
6.84585	0.126452	3.10478	16.5627	12.073	243.377	
5.6577	0.211841	3.05949	38.7245	-3.64827	216.179	
7.13405	0.105859	3.11344	-22.6336	4.31785	189.473	
5.93804	0.191607	3.07186	11.2917	-9.16134	175.306	
6.56336	0.146675	3.09554	55.9369	3.77003	192.359	
6.65433	0.140158	3.0986	-14.6524	3.87532	243.269	
7.7009	0.0654555	3.12855	-10.9953	4.22779	249.386	
7.30249	0.0938404	3.11818	-6.32169	6.26168	180.816	
6.26588	0.168019	3.08488	-7.33329	-6.51766	212.44	
7.1099	0.107583	3.11274	-36.0035	-2.03802	189.208	
6.20105	0.172678	3.08242	15.7582	-6.37803	223.736	
4.21252	0.317586	2.96825	33.2499	-4.18939	159.552	
5.87546	0.196118	3.06921	-31.1784	6.2142	187.36	
7.19088	0.101803	3.11507	-9.7005	9.74707	188.332	
5.76871	0.203821	3.06454	0.436843	7.7222	237.113	
5.82272	0.199922	3.06692	-51.7348	-5.17898	206.254	
5.34169	0.234734	3.04393	23.3383	-1.67139	159.516	
6.85222	0.125996	3.10498	22.3148	1.2234	172.578	
5.51408	0.222233	3.05265	-70.162	2.55822	196.81	
5.19072	0.245706	3.03581	-0.422894	-7.92993	196.783	
6.72395	0.135174	3.10089	5.45392	0.269105	159.045	
7.17153	0.103184	3.11452	32.9217	6.40837	195.436	
6.25278	0.16896	3.08439	61.94	-14.1769	192.903	
3.9941	0.333892	2.94834	38.4239	6.68504	208.197	
6.62738	0.142088	3.09771	13.5827	-3.56721	199.187	
6.23262	0.170409	3.08362	13.4612	1.50212	203.561	
6.77439	0.131563	3.10252	0.621414	-1.18332	187.283	
6.86194	0.125301	3.10529	-40.9721	3.87424	125	
6.25289	0.168952	3.08439	12.5253	1.72582	174.879	
6.02782	0.18514	3.07557	-5.0263	0.62662	210.04	
5.6748	0.210605	3.06028	-9.70245	-0.0926444	204.317	
6.27778	0.167164	3.08533	-7.92008	-0.160604	231.565	
5.41636	0.229315	3.04778	-60.5304	5.93203	136.979	
6.38821	0.159235	3.08939	18.3682	-0.868672	187.354	
7.21006	0.100435	3.11561	-0.839708	-2.72109	250.248	
7.86974	0.0534435	3.13262	-9.11638	-3.64423	204.044	
6.67411	0.138741	3.09926	-34.4189	9.81568	190.611	
6.15034	0.176324	3.08046	-19.9771	-9.74616	178.639	
6.03311	0.184759	3.07579	25.0024	10.4517	166.433	
6.11364	0.178963	3.07901	21.3122	10.3187	166.165	
6.31631	0.164397	3.08676	-15.6584	1.37191	190.674	
5.53654	0.220607	3.05374	-56.5599	4.58912	196.959	
6.22421	0.171013	3.0833	-5.82338	13.1959	169.615	
5.00603	0.259166	3.02517	26.5649	0.844529	164.758	
5.2557	0.240981	3.03937	11.9399	11.9679	199.359	
5.8582	0.197363	3.06846	-20.814	-0.637371	184.35	
4.58363	0.290127	2.99746	-21.8763	-1.28976	199.857	
5.01379	0.258599	3.02563	33.8429	-3.42207	181.193	
7.1826	0.102394	3.11483	-8.21287	-0.560828	221.129	
6.94579	0.119307	3.10787	-28.8992	3.41203	208.159	
4.64421	0.28567	3.00176	19.5743	-8.19854	172.997	
7.81793	0.0571284	3.13139	14.8979	-4.57583	187.001	
5.66656	0.211201	3.0599	10.3324	-2.05056	171.795	
3.73198	0.353638	2.92113	23.1928	10.203	203.753	
6.58721	0.144966	3.09635	0.318824	2.01794	220.322	
6.50026	0.151198	3.09336	23.9184	3.23604	227.805	
5.53977	0.220373	3.0539	-18.2	3.03669	210.318	
6.11371	0.178958	3.07902	-43.726	-16.0431	223.802	
7.46554	0.082217	3.12256	17.8136	4.57799	178.296	
6.24393	0.169596	3.08405	-4.3584	-8.98312	183.985	
7.34686	0.0906767	3.11939	-10.151	-6.06745	243.906	
5.67009	0.210945	3.06007	32.4891	-10.7567	173.61	
6.99307	0.115928	3.1093	42.4552	4.55151	169.135	
7.25881	0.0969563	3.11697	14.1191	6.45858	158.913	
5.06165	0.255108	3.02846	-48.5089	5.97107	189.601	
7.0395	0.112611	3.11068	-75.8922	12.4477	184.31	
6.62231	0.142451	3.09754	72.2631	15.4682	177.945	
4.31695	0.309831	2.977	-8.15092	0.765931	222.346	
6.21559	0.171633	3.08298	24.3184	5.3322	220.441	
6.45626	0.154354	3.09182	-46.4935	-5.54356	166.28	
5.97465	0.188969	3.07339	-75.976	-2.3621	205.838	
6.59861	0.14415	3.09674	-14.3876	6.03881	214.344	
6.82481	0.127957	3.10412	-28.2693	-8.8763	174.446	
7.80294	0.0581951	3.13103	13.4978	-3.64442	176.628	
5.59407	0.216443	3.05651	-4.40133	10.7886	141.512	
6.75867	0.132688	3.10202	20.4848	1.11401	166.795	
6.33112	0.163333	3.08731	24.4096	-4.91053	212.368	
6.61888	0.142697	3.09742	-10.9223	4.11155	256.624	
7.27215	0.0960045	3.11734	16.3127	6.96147	170.335	
5.56743	0.21837	3.05523	-21.8153	-5.97325	217.892	
4.97637	0.261332	3.02338	-14.6456	-5.8418	248.426	
5.07332	0.254257	3.02914	-3.72695	-5.53416	149.097	
5.62637	0.214106	3.05803	1.95014	-0.871705	203.181	
6.21806	0.171455	3.08307	-12.2773	9.16632	179.433	
7.13576	0.105737	3.11349	15.1811	13.343	151.833	
6.84899	0.126228	3.10488	-22.2119	-3.67421	196.224	
5.91344	0.19338	3.07082	-21.5108	-3.74341	192.375	
6.85889	0.12552	3.10519	20.167	-6.6521	232.341	
6.17641	0.174449	3.08147	16.6228	-2.90504	158.718	
6.56543	0.146527	3.09561	15.4783	9.14827	200.337	
5.63628	0.21339	3.05849	8.23537	-6.26323	192.995	
6.17724	0.174389	3.0815	-11.9368	8.32326	185.488	
6.28409	0.166711	3.08556	-39.7946	-3.53901	173.108	
6.09269	0.180471	3.07818	21.7685	-7.00467	217.585	
6.29244	0.166111	3.08587	27.834	3.53868	158.208	
4.94984	0.26327	3.02177	12.2379	-14.1969	196.065	
5.94105	0.19139	3.07199	-28.5392	-6.88409	182.67	
5.36295	0.23319	3.04504	-13.7886	-1.97478	190.72	
3.64832	0.359989	2.91155	-46.8421	2.66302	197.802	
6.0232	0.185473	3.07538	30.8734	-10.6986	201.324	
5.67605	0.210514	3.06034	-37.1889	-11.2781	199.127	
5.53619	0.220632	3.05373	-15.1928	-8.04676	207.404	
5.60523	0.215635	3.05703	12.3115	-7.11839	149.822	
7.05965	0.111172	3.11128	19.7499	2.36844	195.197	
6.31379	0.164578	3.08667	-21.2499	-1.58684	200.813	
5.85122	0.197867	3.06816	-16.485	0.104203	197.781	
5.19892	0.245109	3.03626	-71.6212	11.1862	167.357	
5.92625	0.192456	3.07137	29.3191	-7.18981	224.993	
7.2044	0.100838	3.11545	32.5625	11.5841	225.124	
5.46035	0.226126	3.05	-51.4281	-12.3801	184.49	
6.7582	0.132722	3.102	6.95719	11.9754	181.434	
6.2884	0.166401	3.08572	-60.5655	6.52039	189.793	
7.02657	0.113534	3.1103	-37.9382	-4.3011	218.726	
7.98496	0.0452505	3.13529	10.7363	4.62285	199.975	
4.67353	0.283515	3.0038	48.687	11.6236	212.837	
5.51499	0.222167	3.0527	-13.9855	-12.3959	204.664	
6.1835	0.173939	3.08174	-1.38318	8.1976	184.988	
5.26815	0.240076	3.04004	9.40282	-4.31806	180.408	
6.00246	0.186966	3.07454	-2.77935	-1.52366	176.678	
5.41317	0.229547	3.04762	-54.7408	1.81665	194.789	
5.78465	0.20267	3.06525	29.7824	-0.106341	176.274	
5.20421	0.244725	3.03655	9.44735	-7.40189	180.989	
6.78008	0.131156	3.1027	5.65143	3.20524	209.026	
6.90026	0.122561	3.10647	50.5408	9.11081	205.26	
6.52423	0.14948	3.09419	12.4537	10.2943	189.19	
5.98747	0.188046	3.07392	-25.5146	-7.75334	218.793	
6.05748	0.183005	3.07677	31.1441	4.31348	198.839	
7.58205	0.0739172	3.12557	-45.3217	-6.10373	233.031	
4.79901	0.274307	3.01223	50.4849	4.60864	218.416	
5.98264	0.188393	3.07372	2.93486	-3.02292	257.425	
7.48896	0.0805484	3.12317	32.8584	-3.49545	200.516	
7.51493	0.0786979	3.12385	16.5024	-12.6898	203.79	
4.92001	0.26545	3.01993	-11.8392	-5.65869	214.52	
7.29553	0.0943372	3.11799	10.169	12.6587	228.401	
7.10547	0.1079	3.11262	59.3005	-5.98901	208.844	
5.21559	0.243897	3.03718	-21.617	1.17894	184.478	
6.06429	0.182514	3.07705	-38.9229	6.06891	226.563	
6.57237	0.146029	3.09585	29.7373	7.29961	212.176	
6.12458	0.178176	3.07945	2.73573	6.04451	183.662	
4.30128	0.310993	2.97572	-2.52482	-4.70952	199.888	
4.83819	0.271436	3.01477	23.1732	14.117	146.338	
6.33765	0.162864	3.08755	11.9871	-14.8298	223.139	
5.49715	0.22346	3.05182	71.0813	14.2262	172.965	
7.30366	0.0937571	3.11821	-43.4097	-4.13362	205.684	
6.08224	0.181222	3.07777	2.5145	-2.44268	195.575	
4.62338	0.287202	3.00029	22.03	2.1441	198.549	
5.4175	0.229233	3.04784	-30.347	11.1591	189.607	
5.71011	0.208053	3.0619	33.1228	0.921994	186.264	
4.91433	0.265866	3.01958	-4.63553	3.40758	165.739	
6.63498	0.141544	3.09796	-10.9549	2.47991	192.394	
7.39568	0.0871964	3.12071	-66.567	-7.76826	193.142	
6.15459	0.176018	3.08062	2.77971	14.658	166.367	
6.88302	0.123794	3.10594	-33.2647	-10.783	173.251	
6.44441	0.155203	3.0914	20.9326	-11.9759	154.526	
5.78006	0.203001	3.06504	-28.5998	16.4828	183.725	
7.51344	0.0788045	3.12381	1.72136	2.78232	177.828	
5.60304	0.215794	3.05693	-23.8259	5.81721	171.885	
6.75293	0.1331	3.10183	7.79555	3.88197	218.71	
5.93425	0.19188	3.0717	24.9333	-5.54446	181.743	
6.10534	0.17956	3.07869	-16.6882	-5.44915	218.345	
7.82661	0.056511	3.13159	49.5408	-10.9219	205.965	
7.22691	0.099232	3.11608	30.0877	1.05436	186.396	
6.67497	0.13868	3.09929	2.75236	20.0577	204.796	
6.42895	0.156312	3.09085	22.4733	1.86468	179.362	
5.68118	0.210144	3.06058	0.65355	8.46895	227.571	
4.33203	0.308713	2.97823	9.34338	7.12813	188.614	
6.55955	0.146948	3.09541	-27.8311	1.64579	209.853	
5.43378	0.228052	3.04866	31.5741	-1.03293	204.926	
7.20496	0.100799	3.11546	13.4159	3.38811	197.467	
6.98436	0.116551	3.10904	13.54	-4.6047	208.966	
6.13068	0.177737	3.07969	20.6282	-0.546124	187.447	
5.94713	0.190952	3.07224	11.004	-4.60293	196.602	
4.40098	0.303608	2.98373	-44.4956	-6.84217	188.961	
7.2529	0.0973782	3.11681	6.27405	1.22731	203.938	
7.23443	0.0986953	3.11629	-12.827	-0.878664	181.057	
6.98963	0.116174	3.10919	-49.3412	-14.6552	213.716	
4.53712	0.293554	2.99407	21.1094	-1.93188	194.271	
5.78563	0.202599	3.06529	-21.6246	5.98493	161.124	
7.59181	0.073222	3.12582	30.7091	6.70333	184.619	
5.30909	0.237101	3.04222	-23.5537	1.05655	181.289	
5.82766	0.199566	3.06714	11.7505	-5.94231	260.229	
5.81902	0.20019	3.06676	-47.0422	-4.42518	199.96	
6.99191	0.116011	3.10926	-8.03809	1.13389	158.139	
4.22936	0.316334	2.96969	13.0084	4.60594	174.843	
6.41071	0.157621	3.0902	37.3997	0.0945366	188.909	
6.76426	0.132289	3.10219	17.5053	-4.55939	167.286	
7.16911	0.103357	3.11445	-40.0369	-15.7483	187.977	
7.81037	0.0576659	3.13121	-11.4832	10.765	213.579	
5.06942	0.254542	3.02891	25.2291	-6.81003	220.326	
4.71044	0.280804	3.00632	-59.6833	6.50562	206.269	
5.93878	0.191553	3.07189	14.8837	-1.07744	173.923	
5.73632	0.20616	3.06309	-7.7915	1.12217	190.119	
6.69144	0.1375	3.09983	-1.12233	5.86063	223.23	
6.83648	0.127122	3.10449	16.4282	-11.1118	178.039	
6.21844	0.171428	3.08308	-25.1382	10.0466	173.258	
6.62791	0.14205	3.09772	11.3248	-4.4814	184.584	
6.29026	0.166267	3.08579	0.541669	20.9849	207.131	
6.05836	0.182941	3.07681	22.8557	-1.67552	199.992	
5.98434	0.188271	3.07379	-2.29614	17.0959	190.707	
7.15609	0.104286	3.11408	23.804	12.72	177.271	
5.79351	0.20203	3.06564	-17.3434	-3.74339	218.81	
7.37741	0.0884983	3.12022	-9.59116	1.5875	230.332	
5.10934	0.251632	3.03122	-3.89281	-3.53612	206.402	
5.57891	0.21754	3.05578	-32.2083	0.934151	156.406	
4.41332	0.302694	2.9847	8.29207	-0.0933816	209.437	
5.03539	0.257023	3.02692	-33.6524	1.65226	217.758	
6.35257	0.161794	3.08809	40.7535	-4.54743	178.592	
6.11826	0.178631	3.0792	-7.7062	-4.37571	187.623	
5.69091	0.209441	3.06102	27.336	14.9923	253.06	
7.6717	0.0675341	3.12782	21.9051	1.66566	210.529	
5.22183	0.243443	3.03752	-13.6888	3.36498	194.62	
7.912	0.0504376	3.13361	21.7688	-3.99425	200.824	
6.90917	0.121924	3.10675	-8.59215	4.2868	203.197	
7.26751	0.0963356	3.11722	-12.5827	-0.75936	186.668	
7.10021	0.108275	3.11246	-2.02715	-1.16009	181.137	
6.18257	0.174006	3.08171	-24.8028	4.1342	161.076	
6.30405	0.165277	3.08631	23.9977	-9.47102	207.388	
6.09718	0.180147	3.07836	7.89944	-7.31473	221.513	
6.56635	0.146461	3.09564	-24.1829	8.29647	187.163	
7.59175	0.0732267	3.12582	16.7665	9.55526	147.972	
5.63071	0.213793	3.05823	-8.11549	-5.54093	146.442	
5.19023	0.245742	3.03578	0.274979	-8.94665	161.387	
7.38983	0.0876128	3.12055	16.2739	-10.214	215.222	
5.04784	0.256115	3.02765	6.01768	-2.36879	192.708	
6.4994	0.15126	3.09333	40.1628	-4.00354	179.894	
6.05643	0.18308	3.07673	-1.85019	1.58001	191.865	
7.25146	0.0974808	3.11677	3.66781	11.5852	173.721	
6.35412	0.161682	3.08815	-27.985	3.24378	191.138	
6.72975	0.134758	3.10108	9.27655	-6.76458	213.786	
6.44527	0.155141	3.09143	-61.7918	-1.39065	171.764	
5.06343	0.254979	3.02856	5.9286	-6.55569	208.476	
6.08181	0.181253	3.07775	-43.3702	11.2137	222.054	
4.29213	0.311672	2.97496	-50.9757	4.1975	178.162	
6.58922	0.144822	3.09642	40.2277	3.99748	176.456	
7.47316	0.0816741	3.12276	16.3351	8.86162	152.018	
5.56236	0.218737	3.05499	16.489	13.5387	209.378	
5.93375	0.191916	3.07168	-9.33139	-5.6157	190.321	
6.2291	0.170662	3.08349	40.749	0.262961	202.771	
6.27018	0.16771	3.08504	3.33528	-3.75808	158.099	
6.9232	0.120921	3.10718	23.6591	-11.1697	180.346	
6.9515	0.118898	3.10804	48.2187	-4.20959	180.171	
6.71296	0.13596	3.10053	57.6374	1.74053	138.522	
5.93712	0.191673	3.07182	2.89305	-10.7585	187.71	
4.812	0.273355	3.01307	44.2144	1.90104	167.155	
4.84736	0.270766	3.01535	0.488746	6.43706	210.322	
6.31324	0.164617	3.08665	23.7808	6.17321	171.755	
4.93554	0.264315	3.02089	7.80997	3.62714	171.327	
6.67158	0.138923	3.09918	5.4442	-3.80634	177.011	
6.21989	0.171324	3.08314	38.09	6.75784	178.637	
6.56233	0.146749	3.0955	-29.8242	-2.91796	205.892	
5.463	0.225934	3.05013	-0.153536	-1.97651	226.37	
5.73218	0.206459	3.0629	-31.2285	8.03013	182.231	
6.1901	0.173464	3.082	1.78676	-0.208859	173.418	
5.10138	0.252212	3.03076	4.06609	-4.08644	211.771	
6.94974	0.119025	3.10799	20.3354	-2.79822	187.796	
6.45732	0.154277	3.09186	2.7008	0.265988	167.256	
7.19516	0.101498	3.11519	-51.9386	4.94164	192.627	
7.16351	0.103756	3.11429	-53.9984	-10.961	184.581	
5.29995	0.237764	3.04174	12.6816	-8.45623	140.129	
4.48527	0.297379	2.99021	1.22832	0.0885913	175.363	
6.70528	0.13651	3.10028	-10.1254	6.85971	181.563	
7.94365	0.0481877	3.13434	44.4776	-6.94479	180.397	
6.93724	0.119918	3.10761	-12.8068	-1.61756	177.021	
6.68235	0.138152	3.09953	-7.10294	4.36473	172.253	
5.5173	0.222	3.05281	-9.26558	0.217451	243.931	
6.08017	0.181371	3.07768	-18.7467	4.6009	147.91	
7.07059	0.11039	3.1116	29.3481	2.43307	207.59	
5.94762	0.190916	3.07226	19.7215	7.40774	182.115	
6.22825	0.170723	3.08346	-29.3108	1.60208	161.093	
6.24019	0.169865	3.08391	7.15119	-3.41722	235.513	
7.0685	0.11054	3.11154	19.1825	-4.23794	202.231	
6.08325	0.18115	3.07781	-6.11461	3.02505	164.47	
6.63871	0.141277	3.09808	-19.2133	9.25704	176.1	
5.96808	0.189442	3.07312	-9.40644	-1.19902	180.604	
5.2355	0.242449	3.03827	39.9557	2.8119	204.525	
7.00977	0.114735	3.1098	8.54713	-8.30478	252.256	
6.26929	0.167774	3.08501	8.50376	-3.49907	172.346	
6.01558	0.186021	3.07507	22.7693	13.7259	175.659	
6.57949	0.145519	3.09609	-7.90516	-8.32613	175.256	
5.8617	0.19711	3.06861	37.2966	10.7536	186.369	
6.87953	0.124044	3.10583	-7.80851	1.11908	205.147	
5.60629	0.215558	3.05709	24.56	-7.97623	213.252	
5.32111	0.236228	3.04286	-63.1644	-7.3832	164.624	
4.35578	0.306954	2.98015	33.5285	13.6074	194.47	
7.17622	0.10285	3.11465	10.247	7.79928	200.196	
5.54327	0.220119	3.05407	10.1331	12.3475	162.814	
7.63675	0.0700222	3.12695	-15.8371	11.6459	226.448	
7.53141	0.077524	3.12427	11.9986	-1.72253	148.406	
5.22091	0.24351	3.03747	18.1946	-6.03171	151.79	
5.74007	0.205889	3.06326	-23.8997	4.02271	199.703	
6.34836	0.162096	3.08794	6.28623	8.98379	182.86	
5.89178	0.194941	3.0699	-9.00722	13.6894	168	
4.84984	0.270584	3.01551	-43.9663	3.12668	210.7	
4.65476	0.284895	3.00249	1.39597	1.67962	169.211	
5.28067	0.239166	3.04071	44.8785	2.18614	214.392	
5.06898	0.254574	3.02889	-37.0436	-15.5076	168.418	
6.39418	0.158807	3.0896	-21.0915	2.34746	211.327	
7.82266	0.0567921	3.1315	35.6936	-0.194304	186.351	
7.07395	0.11015	3.1117	19.3446	-1.3736	219.273	
5.9741	0.189009	3.07337	40.7887	-8.74785	188.859	
6.69501	0.137245	3.09995	-42.2762	-3.71974	184.048	
4.52952	0.294114	2.99351	37.9783	-6.5011	172.892	
5.76821	0.203857	3.06452	42.5655	5.40137	215.72	
5.85395	0.197669	3.06828	31.3211	2.23591	194.022	
7.25779	0.0970293	3.11695	-16.437	-16.6442	215.948	
6.4685	0.153476	3.09225	19.9385	-1.92905	191.443	
6.38404	0.159535	3.08924	35.9957	-5.53895	233.596	
6.20849	0.172143	3.0827	12.4432	-6.5702	210.729	
5.70659	0.208308	3.06174	20.8735	-14.7001	213.651	
7.27248	0.0959809	3.11735	36.1817	0.634005	238.939	
6.39623	0.15866	3.08968	23.2451	-5.00853	212.57	
4.59984	0.288935	2.99862	-1.74689	0.339708	171.734	
7.12494	0.10651	3.11318	-36.6414	-6.9475	189.343	
7.108	0.107719	3.11269	1.53894	-12.2169	182.678	
5.94305	0.191246	3.07207	1.08615	0.621694	200.267	
6.80298	0.129518	3.10343	32.1176	10.3316	180.593	
6.97825	0.116987	3.10885	-16.2266	-11.0572	173.304	
6.10173	0.17982	3.07854	11.8709	8.90887	196.146	
6.02587	0.18528	3.07549	-82.7358	-0.700524	156.593	
7.58491	0.0737135	3.12564	7.10589	2.96609	210.073	
5.05747	0.255413	3.02821	57.4372	-2.24222	176.711	
6.72137	0.135358	3.10081	33.0525	7.87069	154.302	
6.79983	0.129744	3.10333	0.698287	1.51967	207.917	
5.54437	0.22004	3.05412	-47.3035	-2.83446	229.465	
6.99533	0.115767	3.10937	81.1691	-1.44198	206.798	
5.89485	0.19472	3.07003	-25.5405	7.17162	217.643	
7.88764	0.0521701	3.13304	0.546038	1.67061	188.19	
5.77063	0.203682	3.06462	-37.5702	6.1443	217.14	
6.58807	0.144905	3.09638	-49.2298	2.59571	233.744	
6.79398	0.130162	3.10315	8.19222	7.3933	227.416	
6.8138	0.128744	3.10377	-20.9446	0.255376	199.968	
5.71675	0.207573	3.0622	4.81559	-4.01224	196.563	
6.31051	0.164813	3.08655	-22.2167	8.70753	174.449	
6.61594	0.142908	3.09732	58.0965	8.03258	198.332	
6.86817	0.124856	3.10548	58.8778	-4.84482	185.894	
6.41101	0.1576	3.09021	-38.2875	-9.16351	213.56	
4.49666	0.296538	2.99107	-6.97533	2.61855	164.322	
6.65693	0.139972	3.09869	-1.41516	9.26846	202.348	
7.62148	0.0711094	3.12657	-11.4552	2.35233	213.449	
4.64864	0.285344	3.00207	39.2164	-0.183186	182.755	
5.7794	0.203049	3.06501	31.0398	9.65044	152.487	
5.83776	0.198837	3.06758	-40.5707	3.64631	229.762	
7.05102	0.111788	3.11102	-8.51665	1.98145	194.281	
6.61466	0.142999	3.09728	-16.3614	0.817228	190.967	
6.85146	0.126051	3.10496	15.573	-8.9894	179.755	
5.69409	0.209211	3.06117	-17.1174	3.58372	160.241	
6.65894	0.139828	3.09876	10.0974	14.1263	195.212	
7.10945	0.107616	3.11273	-8.28715	19.5018	249.237	
6.7329	0.134533	3.10118	-12.5961	-18.5328	213.273	
6.26073	0.168389	3.08469	19.832	-1.64594	199.982	
3.67328	0.358091	2.91446	41.7078	3.79518	184.32	
6.52328	0.149547	3.09416	35.4177	9.38505	198.92	
4.89353	0.267387	3.01828	-22.6518	-11.8688	159.906	
6.05803	0.182965	3.0768	-3.23335	2.07282	208.334	
7.02428	0.113698	3.11023	-10.5911	-2.97105	179.911	
5.9055	0.193952	3.07049	-46.9733	-6.19243	196.501	
6.5883	0.144888	3.09639	-20.3463	14.44	207.24	
6.15943	0.17567	3.08081	-25.68	-0.270067	223.359	
7.01405	0.114429	3.10993	-34.0899	5.0896	224.017	
7.41576	0.0857648	3.12124	15.1488	-6.70418	197.499	
5.27353	0.239684	3.04033	-21.8367	4.01573	189.242	
6.34515	0.162326	3.08782	53.4634	1.22322	190.268	
5.67308	0.210729	3.0602	-34.8726	-0.954792	180.499	
7.36797	0.0891716	3.11996	21.5696	-0.0574126	192.05	
7.62455	0.070891	3.12665	-10.6388	-4.59902	183.655	
5.48062	0.224657	3.051	59.0534	-0.916005	192.456	
7.02792	0.113438	3.11034	-20.3118	-2.21147	168.348	
7.10631	0.10784	3.11264	28.3434	-6.81558	182.372	
6.77758	0.131336	3.10262	49.1561	-4.13986	210.553	
4.80517	0.273855	3.01263	31.6919	6.6557	154.721	
5.62893	0.213922	3.05815	-3.07946	-5.55177	184.742	
7.66519	0.0679974	3.12766	10.2998	-1.43213	195.488	
5.77207	0.203578	3.06469	-25.8394	13.2966	200.419	
5.82309	0.199896	3.06694	8.64876	10.0368	183.476	
5.57939	0.217505	3.05581	28.2411	5.39482	213.524	
6.90934	0.121912	3.10675	-16.2834	-3.46014	164.047	
5.92579	0.19249	3.07135	-7.18108	-2.40827	200.238	
6.41031	0.15765	3.09018	-24.0229	-1.33394	169.746	
6.34449	0.162373	3.0878	-9.43018	6.97244	184.579	
4.1201	0.324471	2.9601	10.6603	18.9399	197.313	
5.27263	0.23975	3.04028	14.2036	16.675	189.02	
6.3509	0.161914	3.08803	-63.9462	-7.4384	189.128	
7.12972	0.106169	3.11332	11.6979	-14.4931	161.186	
4.51324	0.295316	2.9923	-10.5829	-13.5221	161.182	
6.17985	0.174202	3.0816	6.61217	-7.20333	183.142	
7.36659	0.0892701	3.11993	49.4315	3.91566	178.788	
6.64643	0.140724	3.09834	23.0499	1.57516	170.974	
7.45032	0.0833017	3.12216	-4.25063	8.50425	210.55	
6.68858	0.137706	3.09974	-94.7479	7.49662	165.451	
7.55091	0.0761354	3.12477	37.4954	-9.3457	228.187	
4.84313	0.271075	3.01508	-48.35	-11.0976	183.397	
7.41268	0.0859843	3.12116	-26.1345	2.99199	160.245	
4.73577	0.278945	3.00804	15.1184	9.18245	199	
6.81661	0.128543	3.10386	-17.9712	-0.769765	220.174	
5.93793	0.191614	3.07186	-29.171	4.26457	203.831	
7.90169	0.0511709	3.13337	-8.35177	-7.7334	186.818	
6.70742	0.136357	3.10035	35.4616	5.2276	184.316	
7.04706	0.112071	3.11091	14.2069	11.2193	181.955	
5.32004	0.236306	3.0428	-18.3592	5.71503	186.012	
7.03528	0.112913	3.11056	-28.551	12.5935	134.333	
6.52229	0.149619	3.09413	-9.60373	1.81793	171.109	
5.3142	0.23673	3.04249	6.61817	-12.139	169.32	
5.80831	0.200963	3.06629	57.1201	6.2794	186.748	
4.16883	0.320838	2.96444	-4.24443	1.61846	196.249	
4.9094	0.266226	3.01927	-53.5773	-10.7286	219.736	
4.62869	0.286811	3.00067	-74.8683	3.44594	200.939	
6.54446	0.14803	3.09489	27.4339	14.8732	200.685	
7.36484	0.0893946	3.11988	-27.2944	-5.69734	178.287	
6.7155	0.135779	3.10062	-11.6748	-3.72099	211.055	
5.74267	0.205701	3.06337	68.7393	7.91922	179.79	
5.53291	0.22087	3.05357	42.8054	-9.43912	216.625	
6.60219	0.143893	3.09686	-24.6473	-8.45044	191.14	
7.03284	0.113087	3.11048	5.57092	-0.0966618	217.323	
6.54879	0.147719	3.09504	12.916	-6.14582	193.211	
5.73141	0.206514	3.06287	28.8804	3.83595	159.949	
5.15383	0.248391	3.03375	15.769	0.449023	194.723	
6.36965	0.160568	3.08872	-4.90145	-12.1655	192.566	
7.46995	0.081903	3.12267	15.9142	14.0034	210.066	
8.1037	0.0368121	3.13797	6.56628	-4.63536	199.578	
5.69698	0.209002	3.0613	-43.8339	-0.763871	155.656	
6.01397	0.186137	3.07501	5.28369	4.86921	182.685	
5.86892	0.19659	3.06892	25.0782	-9.73568	187.608	
5.02333	0.257903	3.0262	18.8667	-2.11861	151.337	
5.36749	0.232861	3.04528	17.0739	2.60464	202.252	
4.96121	0.262439	3.02246	7.8774	6.44352	181.3	
6.87006	0.124721	3.10554	33.0549	-8.2778	209.248	
6.45757	0.154259	3.09186	4.76986	-12.7023	205.892	
6.44267	0.155328	3.09134	14.587	-13.942	154.892	
5.68235	0.210059	3.06063	-5.17711	-7.0323	236.747	
7.46363	0.0823531	3.12251	-8.10516	-0.0128314	221.046	
6.41749	0.157135	3.09044	11.3364	-14.9937	185.34	
7.78755	0.05929	3.13066	-3.3428	-1.71697	200.949	
6.48766	0.152102	3.09292	-30.8944	2.29597	188.297	
5.19081	0.2457	3.03581	-4.02263	1.5883	250.075	
5.95432	0.190434	3.07254	-25.5552	-4.29238	192.338	
7.70421	0.0652203	3.12863	-11.4051	2.56958	218.14	
5.11646	0.251113	3.03163	-11.8584	8.74523	186.839	
4.6329	0.286502	3.00096	7.75832	2.65422	226.191	
5.9744	0.188987	3.07338	-2.34139	0.611895	194.23	
6.19911	0.172817	3.08234	35.9602	16.389	204.351	
7.10497	0.107936	3.1126	-19.3809	-6.232	170.989	
7.42472	0.0851264	3.12148	-30.4008	-4.74821	213.149	
6.67665	0.13856	3.09934	-28.3074	-17.0245	155.138	
6.87908	0.124075	3.10582	23.7545	-1.26105	207.344	
7.85775	0.0542958	3.13233	16.5612	-4.43935	179.225	
6.45437	0.154489	3.09175	-9.26411	-0.622744	211.399	
7.10848	0.107685	3.1127	-30.64	6.76463	199.525	
6.94116	0.119637	3.10773	-63.8671	-11.5653	201.677	
7.34562	0.0907649	3.11936	-17.0038	-17.5804	188.392	
5.58239	0.217288	3.05595	-45.1931	-5.8596	222.959	
6.14321	0.176837	3.08018	-0.167092	1.29983	211.552	
5.40164	0.230383	3.04703	39.0188	-9.68222	201.233	
5.79205	0.202136	3.06557	3.56825	-11.6954	193.342	
4.99055	0.260296	3.02424	-11.7348	-2.18765	162.721	
5.91258	0.193442	3.07079	-36.9775	5.53648	164.326	
7.67805	0.0670823	3.12798	-10.1703	7.9183	227.489	
6.36234	0.161092	3.08845	41.2193	-7.28102	192.954	
6.13713	0.177273	3.07994	5.56279	-7.09588	212.814	
6.14663	0.176591	3.08031	-34.1243	9.90691	197.861	
6.6815	0.138213	3.0995	22.2455	11.9753	168.46	
6.49673	0.151451	3.09324	5.84488	2.57426	189.847	
6.93524	0.120061	3.10755	-10.5408	2.85005	190.315	
4.77454	0.276101	3.01062	44.9576	-13.1832	158.301	
5.78454	0.202678	3.06524	-5.58677	-8.19623	148.212	
6.25184	0.169027	3.08435	86.0017	-12.1631	178.395	
7.3094	0.0933481	3.11837	-5.10424	2.56502	220.346	
5.65967	0.211698	3.05958	13.3891	-14.6938	157.474	
7.77028	0.0605181	3.13024	-5.27854	3.79921	226.488	
5.72546	0.206944	3.0626	-0.415085	-1.94823	176.937	
6.4921	0.151783	3.09308	-4.99418	1.29093	185.501	
6.11358	0.178968	3.07901	53.8718	4.67677	205.398	
7.62238	0.0710458	3.12659	37.1836	9.67262	177.119	
7.60709	0.0721339	3.12621	-25.2295	3.99417	189.792	
6.77412	0.131583	3.10251	-33.3557	1.63627	165.035	
6.00429	0.186834	3.07461	-8.57491	1.64323	190.624	
7.40536	0.0865063	3.12097	-38.7183	-0.0426853	244.54	
5.47038	0.225399	3.0505	11.8084	18.4906	204.38	
7.03997	0.112577	3.1107	-5.0988	-7.03719	203.855	
7.1429	0.105228	3.1137	-7.50525	-20.7275	176.781	
6.14787	0.176501	3.08036	-54.2831	-0.26247	227.891	
6.77592	0.131454	3.10257	28.8689	12.4993	210.896	
5.69891	0.208862	3.06139	44.9965	14.3689	215.42	
5.96647	0.189559	3.07305	-3.20869	11.1561	209.784	
6.17563	0.174505	3.08144	30.963	4.57781	192.298	
7.41794	0.0856092	3.1213	13.2857	6.2151	217.436	
6.13991	0.177074	3.08005	-32.6733	-9.62262	181.032	
5.70752	0.208241	3.06178	-8.45661	3.55782	172.999	
7.23263	0.0988237	3.11624	13.3812	3.51301	199.125	
6.59064	0.14472	3.09647	4.52315	0.255397	203.701	
5.6458	0.212701	3.05894	-13.5903	-1.01613	200.745	
7.50366	0.0795009	3.12355	16.9351	1.67852	192.068	
5.16019	0.247928	3.0341	28.2567	-3.22244	192.753	
5.77411	0.203431	3.06478	36.3457	10.3839	192.829	
6.64674	0.140702	3.09835	32.1808	14.5216	199.725	
6.55922	0.146971	3.0954	16.9889	-3.49307	176.016	
3.97599	0.33525	2.94659	-58.4674	-10.6426	195.551	
6.08229	0.181219	3.07777	-50.7794	5.6665	173.399	
7.16516	0.103639	3.11433	8.50828	13.9232	204.747	
7.05899	0.111219	3.11126	-4.92999	4.26825	227.077	
6.97105	0.117502	3.10863	-56.4701	-0.835506	198.172	
7.03234	0.113123	3.11047	-35.2967	-6.83988	196.297	
7.36331	0.0895037	3.11984	11.1768	-7.72131	208.576	
6.13099	0.177716	3.0797	-3.68931	-3.92337	212.31	
5.97632	0.188848	3.07346	-18.4112	-9.05902	201.246	
7.20213	0.101	3.11538	9.0401	-7.00077	180.497	
5.57121	0.218097	3.05542	59.0264	1.1386	179.423	
7.56221	0.07533	3.12506	-44.7822	-13.5271	226.121	
4.26586	0.313622	2.97278	-35.2396	-10.61	192.438	
6.7041	0.136594	3.10024	10.9412	-2.44938	200.622	
6.53735	0.148539	3.09465	39.5993	0.334456	238.244	
6.90091	0.122515	3.10649	-47.6202	-9.82965	167.619	
6.59587	0.144345	3.09665	-15.3427	12.6942	212.639	
6.58593	0.145057	3.09631	15.9179	-14.5078	165.586	
6.52785	0.14922	3.09432	0.846621	4.27585	207.673	
5.79336	0.202041	3.06563	27.337	4.68365	212.135	
7.46015	0.0826012	3.12242	-7.00739	3.94568	183.342	
5.5309	0.221015	3.05347	-30.3018	11.8999	196.142	
6.91093	0.121798	3.1068	-10.2892	3.24047	201.776	
4.74623	0.278177	3.00874	-40.7545	4.72663	224.151	
7.09393	0.108724	3.11228	-28.5007	11.1268	189.908	
6.22614	0.170875	3.08338	-8.42461	4.74256	188.058	
7.18868	0.10196	3.115	10.8905	-0.642951	193.575	
7.39476	0.0872615	3.12068	-14.726	14.8702	123.164	
6.04529	0.183882	3.07628	25.8744	-0.447914	170.736	
5.30826	0.237161	3.04218	34.1667	-0.863892	171.269	
6.39239	0.158936	3.08954	3.64707	5.90478	199.936	
4.51952	0.294852	2.99277	27.0043	-4.44463	186.463	
5.42124	0.228961	3.04803	42.0528	0.874094	238.361	
6.70869	0.136266	3.10039	-11.7032	-0.286653	204.719	
6.83195	0.127446	3.10435	35.845	1.70272	211.117	
7.7705	0.0605029	3.13025	69.8797	-10.7659	180.613	
6.16289	0.175421	3.08094	20.0106	15.2327	174.372	
6.63529	0.141521	3.09797	-49.4909	-9.86922	199.583	
7.14485	0.105089	3.11375	2.6218	-4.40728	207.925	
7.16745	0.103475	3.1144	-45.8562	-13.1654	212.347	
6.98814	0.11628	3.10915	9.3004	-15.636	260.042	
5.85414	0.197656	3.06829	-19.2187	-4.85923	185.823	
6.39576	0.158694	3.08966	28.5234	2.16626	200.047	
6.80257	0.129548	3.10342	11.1448	-11.0279	190.34	
4.22335	0.316781	2.96918	9.86464	-4.89726	168.967	
5.63099	0.213772	3.05825	10.6594	5.15481	154.395	
4.07385	0.327924	2.95587	28.1492	9.67767	161.677	
6.47079	0.153311	3.09233	6.71989	-14.7356	230.427	
5.92401	0.192618	3.07127	-67.5411	0.140162	176.478	
6.3833	0.159588	3.08921	-29.5894	2.42436	154.312	
7.09206	0.108857	3.11223	-33.6575	3.52218	236.362	
4.17424	0.320436	2.96492	-21.8952	0.290515	180.419	
5.86491	0.196879	3.06875	50.3243	2.74735	194.264	
7.39059	0.0875591	3.12057	31.0256	-2.05669	205.9	
5.96563	0.189619	3.07301	34.2678	3.53712	176.85	
4.50889	0.295636	2.99198	13.9365	-2.73498	192.18	
5.94169	0.191344	3.07201	-7.83071	2.91909	212.326	
7.13745	0.105617	3.11354	-3.13278	-3.30986	165.315	
6.46744	0.153551	3.09221	-3.14145	1.38203	182.128	
7.30788	0.0934566	3.11833	22.8078	-4.8636	196.589	
7.48136	0.0810897	3.12297	-23.1118	-9.44847	266.291	
5.853	0.197738	3.06824	-9.8224	10.6035	219.572	
4.95975	0.262546	3.02237	-8.88788	2.67766	173.938	
5.49514	0.223605	3.05172	-38.777	-5.6164	164.332	
4.7156	0.280425	3.00667	16.8869	-1.23997	187.665	
6.68561	0.137918	3.09964	-35.0536	5.50636	182.679	
6.06964	0.182129	3.07726	-6.58444	-10.649	181.837	
5.76556	0.204048	3.0644	28.7113	9.19696	182.506	
7.51797	0.0784819	3.12393	-25.4574	-3.02571	193.388	
6.73413	0.134445	3.10122	-17.811	6.04607	186.008	
6.08595	0.180955	3.07791	-16.3405	-0.474399	194.755	
7.79562	0.0587155	3.13085	1.03076	10.6947	184.363	
6.43297	0.156024	3.09099	24.7923	2.79939	194.681	
6.10365	0.179682	3.07862	21.2507	0.541371	203.555	
6.00595	0.186715	3.07468	26.713	-8.0588	191.563	
6.10673	0.17946	3.07874	-20.2108	0.601084	219.738	
6.85841	0.125553	3.10518	-11.9111	6.64245	210.209	
7.06145	0.111043	3.11133	30.0988	-9.51774	188.421	
6.84009	0.126864	3.1046	-8.15818	-6.34594	151.835	
3.6327	0.361178	2.90971	-10.9131	-0.0738119	183.318	
5.47065	0.225379	3.05051	8.12316	0.913621	216.07	
7.30453	0.0936953	3.11824	7.80976	-4.08502	185.237	
5.83105	0.199322	3.06729	6.94634	2.50228	177.1	
5.68524	0.20985	3.06076	-2.91996	1.98753	179.386	
6.40631	0.157936	3.09004	-9.5777	-4.7407	183.257	
5.70873	0.208153	3.06184	0.278138	3.45044	137.64	
6.97858	0.116963	3.10886	-6.91362	-9.67399	216.534	
5.39822	0.230631	3.04686	-30.495	2.76042	212.137	
6.74251	0.133845	3.10149	25.4523	3.13985	191.926	
6.54347	0.148101	3.09486	-12.7984	3.91686	179.378	
7.54617	0.0764726	3.12465	7.62869	-2.88918	200.676	
6.84064	0.126824	3.10462	-65.5798	-2.23807	145.005	
7.58578	0.0736518	3.12567	-28.1283	1.02852	168.337	
5.82283	0.199914	3.06693	-7.41646	-0.712615	217.483	
6.9125	0.121686	3.10685	-4.16036	-3.98823	229.32	
6.9469	0.119227	3.1079	35.8296	-14.9565	202.188	
5.14586	0.248972	3.0333	0.403701	-8.78818	204.691	
7.00728	0.114913	3.10972	31.1079	-4.45941	195.383	
6.87641	0.124267	3.10574	9.47669	3.93604	180.459	
5.56466	0.218571	3.0551	27.3398	0.602081	162.256	
7.53567	0.0772205	3.12438	17.9618	10.8245	192.775	
3.71576	0.354867	2.91931	13.2668	-1.14488	163.602	
6.90624	0.122134	3.10666	10.5446	5.31569	173.054	
6.94175	0.119596	3.10775	25.9401	15.8609	174.275	
5.05216	0.2558	3.0279	36.7164	1.49712	203.446	
7.75197	0.0618211	3.1298	20.5256	-5.3803	221.879	
5.49949	0.22329	3.05194	-8.09861	9.49143	162.307	
7.52932	0.0776732	3.12422	28.4397	2.03161	205.032	
6.3029	0.16536	3.08626	-4.55375	0.827127	158.915	
6.05859	0.182924	3.07682	3.92163	-0.720644	204.728	
6.09489	0.180312	3.07827	-42.2301	9.36311	168.027	
6.67063	0.138991	3.09914	0.314646	-4.53381	205.1	
7.69159	0.0661186	3.12832	25.78	5.4566	202.359	
7.32954	0.0919116	3.11892	-24.1132	7.16881	182.217	
6.02457	0.185374	3.07544	41.9992	4.63698	177.888	
6.65563	0.140065	3.09865	-43.3364	5.17512	182.071	
6.26216	0.168286	3.08474	-12.6096	11.3425	186.06	
6.43717	0.155723	3.09114	22.2806	14.1368	181.682	
6.24459	0.169548	3.08408	30.135	-4.69045	178.077	
5.43449	0.228001	3.0487	-22.8961	-8.49533	140.92	
6.5773	0.145676	3.09602	-31.8915	11.248	171.887	
6.1176	0.178678	3.07917	-19.723	-10.4389	200.814	
6.18389	0.173911	3.08176	-28.7859	5.12756	219.866	
6.195	0.173112	3.08219	-39.7777	4.32393	178.468	
3.71712	0.354765	2.91947	-18.5133	-4.99624	185.045	
5.14146	0.249292	3.03305	-52.1539	0.826047	204.751	
6.37382	0.160268	3.08887	9.53553	-0.246972	199.872	
5.66421	0.21137	3.05979	43.8665	-14.358	180.889	
5.36135	0.233306	3.04496	8.28345	1.05191	187.267	
7.82919	0.0563275	3.13166	-9.48595	5.39346	188.76	
6.1637	0.175363	3.08098	-19.2331	-3.81988	149.14	
6.22456	0.170988	3.08332	29.4212	5.80701	194.576	
5.72596	0.206908	3.06262	28.3685	-3.10968	212.156	
7.26486	0.0965245	3.11714	-10.3202	17.3579	216.712	
5.74557	0.205492	3.0635	12.6784	-3.06784	204.755	
7.03872	0.112667	3.11066	-42.7029	-2.98334	196.537	
7.2508	0.0975274	3.11675	6.21224	-3.63804	216.629	
5.56928	0.218237	3.05532	5.28483	1.43154	235.292	
7.29528	0.0943547	3.11798	41.3081	-1.78457	206.23	
6.56999	0.1462	3.09577	-36.239	9.30773	213.855	
6.49659	0.151461	3.09323	-14.796	-8.33092	158.143	
6.79007	0.130442	3.10302	34.4973	-1.63626	213.876	
7.50116	0.0796791	3.12349	8.29752	-15.2831	204.445	
7.52947	0.0776621	3.12422	-36.9929	-6.87823	174.782	
6.55448	0.147312	3.09524	-6.73125	0.677837	201.332	
6.42009	0.156948	3.09053	18.7651	-5.34722	182.211	
6.74856	0.133412	3.10169	-34.5452	-0.0969248	186.418	
6.6	0.14405	3.09678	5.90235	-21.9809	186.974	
7.03692	0.112796	3.11061	7.37369	-6.96298	211.168	
5.22724	0.24305	3.03782	28.9461	-4.00271	167.84	
6.45237	0.154632	3.09168	-32.466	11.5463	216.307	
5.15289	0.24846	3.03369	-21.7566	-18.911	178.953	
7.77188	0.0604045	3.13028	7.71902	8.93617	192.85	
4.65304	0.285021	3.00237	-0.314138	-1.04728	225.258	
5.99365	0.1876	3.07417	-55.4286	3.03685	165.361	
5.82066	0.200071	3.06683	31.7708	-0.155982	140.566	
6.72845	0.134851	3.10104	25.2945	-8.02111	201.409	
5.36422	0.233098	3.04511	20.5193	-12.5176	176.933	
6.40412	0.158093	3.08996	1.55578	6.92819	189.907	
6.09874	0.180035	3.07842	-24.8679	-4.6805	196.974	
6.39142	0.159005	3.0895	11.7401	-2.78253	156.808	
7.55522	0.075828	3.12489	20.806	9.80103	197.748	
5.01798	0.258294	3.02588	62.6682	9.58131	199.66	
6.64839	0.140583	3.09841	-2.45088	-6.08959	146.853	
5.90431	0.194038	3.07044	-3.25274	8.1405	159.155	
7.02206	0.113857	3.11016	-11.7201	0.29305	181.973	
5.7612	0.204363	3.0642	-1.9002	3.88072	236.038	
5.25715	0.240875	3.03944	25.8243	4.40583	219.398	
5.53582	0.220659	3.05371	-5.35986	-3.16426	204.853	
6.44925	0.154856	3.09157	-6.86597	-13.6897	199.81	
5.34544	0.234461	3.04413	47.0899	4.5428	178.876	
7.45697	0.0828278	3.12233	-31.254	7.25235	217.637	
8.04131	0.0412453	3.13658	13.1572	-0.469485	191.415	
4.92555	0.265045	3.02027	-30.4874	-3.5146	203.385	
7.56544	0.0751002	3.12515	19.013	-2.55262	201.06	
6.58286	0.145278	3.0962	15.2583	4.57059	196.078	
5.81173	0.200715	3.06644	48.3684	2.46701	169.376	
5.69383	0.20923	3.06116	8.11474	-3.39673	171.122	
5.60034	0.215989	3.0568	-41.411	-5.53541	178.913	
5.80167	0.201442	3.066	-7.05321	3.4688	185.152	
4.70374	0.281296	3.00587	-53.9701	0.928102	202.366	
6.18492	0.173837	3.0818	-6.33433	-6.04052	202.946	
6.02542	0.185312	3.07547	40.2816	-2.25413	202.921	
6.95315	0.11878	3.10809	-17.9012	2.61237	136.434	
4.96994	0.261802	3.02299	-32.7793	5.77834	221.904	
5.90341	0.194103	3.0704	-43.8852	9.90094	179.402	
4.71508	0.280463	3.00664	-15.3226	-7.96454	175.97	
5.94078	0.191409	3.07198	-36.2933	5.53614	227.405	
7.32839	0.0919937	3.11889	16.0458	-2.17947	192.2	
6.95555	0.118609	3.10817	-3.44087	1.18316	177.064	
6.17171	0.174787	3.08129	50.8652	9.40233	255.107	
4.90002	0.266912	3.01868	4.60033	5.78137	173.785	
5.04122	0.256598	3.02726	4.58294	0.557911	213.655	
4.09174	0.326588	2.95752	-3.81984	-9.32096	201.777	
6.04458	0.183933	3.07625	22.1866	7.49777	167.468	
6.2424	0.169706	3.084	41.3487	6.9789	173.877	
6.92941	0.120477	3.10737	-24.678	-1.88542	190.974	
6.89974	0.122599	3.10646	22.3052	-8.81185	254.389	
5.83533	0.199013	3.06747	-10.8185	-10.512	165.36	
6.6035	0.143799	3.0969	-25.9958	2.92809	217.623	
5.68185	0.210096	3.06061	13.1091	2.73007	177.812	
6.10537	0.179558	3.07869	29.0842	-7.5896	180.701	
7.9952	0.0445229	3.13553	37.4071	11.4048	225.294	
6.24096	0.169809	3.08394	-10.4686	-2.70918	207.01	
7.302	0.0938753	3.11817	11.5573	-3.06067	164.822	
6.06974	0.182122	3.07727	14.3004	-9.47874	187.679	
6.65892	0.13983	3.09876	29.745	17.0162	162.248	
7.34761	0.0906233	3.11941	33.2778	13.3101	218.973	
6.43123	0.156148	3.09093	-10.284	-4.43168	198.77	
6.07582	0.181685	3.07751	1.9422	-2.52156	216.965	
5.33899	0.23493	3.04379	3.33333	-6.08359	202.788	
6.24578	0.169463	3.08412	-25.217	1.83918	214.98	
5.94303	0.191247	3.07207	15.4737	-4.42651	201.944	
5.1452	0.24902	3.03326	-8.76546	10.6165	157.868	
5.12197	0.250712	3.03194	-7.30616	-3.96933	181.067	
6.57424	0.145895	3.09591	-35.1901	0.263519	226.083	
6.32582	0.163714	3.08711	0.818925	-1.44732	169.611	
5.59832	0.216135	3.05671	-2.74858	-11.1547	177.403	
6.93779	0.119879	3.10763	-49.2877	-8.03132	203.944	
6.4522	0.154644	3.09168	-15.8431	1.17505	178.959	
5.22031	0.243553	3.03744	-11.8965	1.41025	157.003	
6.42627	0.156505	3.09075	31.1236	-1.89513	180.071	
6.77506	0.131516	3.10254	1.61421	-4.87927	183.062	
4.93979	0.264004	3.02115	-15.1809	-1.77098	218.629	
5.74377	0.205622	3.06342	8.02132	0.158585	212.763	
6.46631	0.153633	3.09217	7.10118	-7.25354	217.019	
6.45329	0.154566	3.09171	54.6202	8.58591	190.29	
5.91623	0.193179	3.07094	15.3406	0.822149	164.282	
6.94291	0.119512	3.10778	27.8534	0.256078	182.005	
7.64387	0.0695154	3.12713	12.1594	-4.81419	184.527	
5.41885	0.229135	3.04791	49.1251	8.31856	199.912	
6.83279	0.127386	3.10437	15.7148	9.19807	217.636	
5.75	0.205172	3.0637	-50.8529	-2.24123	192.218	
6.80621	0.129287	3.10353	-2.79416	2.8874	202.817	
6.13058	0.177744	3.07968	-19.5581	-13.5575	152.685	
7.13901	0.105505	3.11359	38.0633	11.5563	213.217	
7.84745	0.0550287	3.13209	-36.6226	-2.22194	236.891	
5.47475	0.225083	3.05071	-0.299003	-2.77246	199.289	
6.26349	0.16819	3.08479	-7.4882	6.53156	191.11	
6.55519	0.14726	3.09526	-43.6628	8.38264	196.072	
6.11024	0.179208	3.07888	-27.0115	4.43974	235.678	
7.20642	0.100694	3.11551	-17.3228	21.999	219.758	
6.44579	0.155104	3.09145	-30.628	-8.63072	184.246	
6.81182	0.128886	3.10371	6.55232	-13.12	157.484	
6.23977	0.169895	3.0839	-27.452	11.6939	217.33	
6.15372	0.176081	3.08059	-8.5792	-9.13657	193.386	
5.70651	0.208313	3.06174	13.3983	-0.908247	187.605	
7.51225	0.0788892	3.12378	2.04744	-24.8804	159.237	
5.0974	0.252502	3.03053	9.38071	6.94193	207.318	
6.96705	0.117787	3.10851	-9.19212	-8.99557	184.801	
5.75014	0.205162	3.06371	27.5927	3.05946	177.267	
6.71278	0.135973	3.10053	23.3423	6.84236	231.577	
5.83629	0.198944	3.06751	32.7081	-5.57088	184.001	
7.83271	0.0560769	3.13174	-22.8991	6.04846	228.418	
6.26508	0.168077	3.08485	21.2082	-1.03292	196.491	
6.31999	0.164133	3.0869	-6.53632	-18.1495	196.256	
4.85667	0.270084	3.01595	-63.9308	-1.36306	189.914	
5.99766	0.187312	3.07434	-3.50881	6.38969	196.284	
5.23869	0.242217	3.03844	38.477	-5.20666	171.854	
6.66577	0.139339	3.09898	-9.84427	16.0764	188.505	
5.87314	0.196286	3.06911	16.5412	-0.744073	179.432	
6.52409	0.149489	3.09419	-5.76095	2.97993	245.695	
5.86086	0.197171	3.06858	6.13341	5.74258	219.598	
7.1526	0.104535	3.11398	-21.3562	-4.97067	175.304	
6.70617	0.136446	3.10031	1.14162	3.30698	182.231	
5.64762	0.212569	3.05902	39.218	0.90017	170.288	
5.78082	0.202947	3.06508	-31.3261	-7.08077	176.584	
6.23814	0.170012	3.08383	-51.5	-2.35553	195.082	
5.42759	0.228501	3.04835	-27.0013	-2.2383	173.858	
6.16079	0.175572	3.08086	60.1206	-2.94219	216.248	
7.7851	0.0594637	3.1306	70.9108	-17.6881	213.752	
7.86642	0.0536791	3.13254	-16.0178	-1.45877	203.053	
7.01256	0.114536	3.10988	20.0965	0.139547	198.471	
6.16832	0.175031	3.08116	-16.4677	-17.1078	210.733	
7.74278	0.0624755	3.12957	21.0464	2.08345	193.355	
6.75411	0.133015	3.10187	-3.84427	12.3397	209.037	
6.23576	0.170183	3.08374	22.6562	8.99923	209.571	
6.19258	0.173286	3.08209	0.434318	17.2953	224.116	
6.53655	0.148597	3.09462	36.7772	1.14916	173.716	
4.81679	0.273004	3.01338	-51.7307	-1.97123	208.31	
5.67429	0.210642	3.06026	11.5827	12.6809	198.399	
5.67033	0.210928	3.06008	-51.1348	-0.370606	163.415	
6.16195	0.175489	3.08091	-26.0207	1.7126	183.51	
7.03025	0.113272	3.11041	21.2899	10.5039	199.746	
5.96962	0.189332	3.07318	16.5656	-5.93153	206.521	
5.52178	0.221676	3.05303	47.8288	-0.326598	228.529	
7.40709	0.0863826	3.12101	-46.3771	10.9587	224.163	
7.10265	0.108102	3.11253	15.0676	-11.4532	168.075	
6.47025	0.15335	3.09231	21.5422	-7.84714	185.932	
4.13873	0.323082	2.96177	24.2652	12.0596	203.221	
6.06045	0.182791	3.07689	-31.6966	8.36631	185.485	
4.475	0.298137	2.98944	12.8341	-0.683642	186.025	
7.31616	0.0928657	3.11856	-6.6485	-15.9718	211.11	
6.2771	0.167213	3.0853	-19.9129	8.02392	153.837	
5.15591	0.24824	3.03386	-28.2091	0.503507	176.163	
7.28726	0.0949267	3.11776	8.05581	4.25836	210.042	
5.24725	0.241594	3.03891	27.4133	1.90048	211.941	
6.30248	0.16539	3.08625	2.757	4.06826	192.23	
5.47439	0.225109	3.05069	10.6054	5.03616	175.687	
5.3938	0.230952	3.04663	77.6762	7.49767	197.25	
6.62469	0.142281	3.09762	0.0816437	13.6231	165.932	
7.63471	0.0701676	3.1269	0.802478	-5.16449	236.414	
6.15638	0.175889	3.08069	-38.7979	-9.92737	145.095	
6.46458	0.153757	3.09211	-21.1413	-8.09367	192.03	
6.07927	0.181436	3.07765	30.1811	4.6122	175.166	
5.99814	0.187277	3.07436	41.9262	11.8215	176.855	
5.72661	0.206861	3.06265	4.91742	3.40735	203.459	
5.59663	0.216258	3.05663	56.1046	-0.943694	204.651	
7.34	0.0911658	3.11921	0.823315	-2.51109	206.159	
6.42253	0.156773	3.09062	-26.051	-1.54285	220.131	
6.20506	0.172389	3.08257	50.2823	6.60287	180.518	
6.82666	0.127824	3.10418	7.20768	-12.1783	231.792	
6.84689	0.126377	3.10482	-8.74821	4.69	183.64	
6.32409	0.163838	3.08705	13.1099	-4.98058	181.161	
6.38554	0.159427	3.08929	-13.8091	2.94607	213.332	
7.17468	0.102959	3.11461	-15.2869	-4.0252	166.817	
5.88759	0.195243	3.06973	-11.9231	1.01215	209.066	
6.18007	0.174186	3.08161	-1.82195	-19.2251	195.287	
7.42911	0.0848133	3.1216	-45.3841	2.65643	160.725	
6.41676	0.157187	3.09041	-34.3118	-5.89019	197.499	
5.51063	0.222483	3.05248	-24.5906	3.1822	198.484	
7.85503	0.0544893	3.13227	27.3752	-2.81672	221.972	
6.05247	0.183365	3.07657	24.5563	2.91977	111.702	
6.7216	0.135342	3.10082	13.119	1.10596	203.218	
6.21172	0.17191	3.08283	-7.37964	0.199951	210.63	
5.51437	0.222212	3.05266	28.0592	11.2107	124.138	
6.48089	0.152587	3.09269	42.9459	5.2765	190.173	
5.55929	0.21896	3.05484	-13.1693	-8.99102	169.298	
5.56498	0.218548	3.05512	9.69327	-6.48901	203.55	
6.99897	0.115506	3.10947	21.4308	4.67682	215.706	
3.96404	0.336146	2.94542	-29.1959	-1.24983	206.553	
5.21397	0.244015	3.03709	-27.3843	2.04679	177.887	
5.92931	0.192236	3.07149	-2.12314	2.37727	218.787	
5.77547	0.203333	3.06484	-19.6453	17.5858	197.371	
6.33624	0.162966	3.08749	-2.64472	9.47668	233.204	
6.40091	0.158324	3.08985	-46.0517	2.06173	187.275	
5.98601	0.18815	3.07386	-75.0339	-10.1731	221.93	
6.89989	0.122588	3.10646	-25.0234	8.26541	194.458	
6.70803	0.136313	3.10037	11.2132	5.18981	223.97	
6.44335	0.155279	3.09136	16.7711	-12.2363	178.146	
6.12232	0.178339	3.07936	9.83615	0.983565	271.369	
5.94055	0.191426	3.07197	-18.8128	2.23102	200.218	
5.17258	0.247027	3.0348	-101.471	-2.23868	175.586	
6.719	0.135528	3.10073	-51.2465	0.989799	230.637	
7.31958	0.0926218	3.11865	10.8172	5.35435	212.771	
6.96389	0.118013	3.10842	1.95033	-14.2699	235.357	
5.66058	0.211633	3.05963	-30.2306	1.16521	212.702	
5.74633	0.205437	3.06354	-8.98437	5.79838	204.978	
6.05967	0.182847	3.07686	29.77	2.09822	199.697	
5.08426	0.253459	3.02977	-43.5588	-2.02018	214.993	
6.80313	0.129508	3.10344	19.7506	-1.72188	185.575	
5.86141	0.197131	3.0686	-42.7051	0.695354	191.08	
7.09153	0.108895	3.11221	-19.5981	2.90205	167.178	
7.03874	0.112665	3.11066	75.3124	4.40553	215.495	
6.06153	0.182713	3.07694	-58.753	-1.23319	167.753	
6.06779	0.182262	3.07719	15.5161	14.8158	170.745	
5.31612	0.23659	3.04259	-12.3522	-5.68902	161.605	
5.95327	0.190509	3.0725	66.0918	1.02817	187.592	
7.04214	0.112423	3.11076	-65.7449	-6.02113	238.66	
6.21967	0.171339	3.08313	-31.6668	-11.5326	233.694	
5.71108	0.207983	3.06194	22.7778	-1.16814	140.868	
5.84037	0.198649	3.06769	-35.1972	-0.824252	183.399	
6.3957	0.158698	3.08966	32.3734	-7.67967	186.335	
6.59142	0.144664	3.09649	-19.7049	0.737224	156.281	
5.59659	0.21626	3.05663	-8.13435	-8.17131	184.254	
6.12327	0.17827	3.07939	-51.9418	-8.6711	178.88	
5.80596	0.201132	3.06619	12.3424	-9.58699	193.458	
5.47051	0.22539	3.0505	44.3494	1.42465	189.924	
6.62939	0.141944	3.09777	-39.4251	-0.744568	202.089	
7.73331	0.0631492	3.12934	19.2707	-9.06151	214.662	
4.66026	0.28449	3.00288	30.8856	-4.21552	182.302	
6.00436	0.186829	3.07461	-40.4147	3.26867	167.206	
5.07252	0.254316	3.02909	-18.4052	-1.12741	219.184	
4.7106	0.280792	3.00633	-44.2529	4.48253	213.831	
5.79774	0.201725	3.06583	6.8815	14.4717	187.521	
6.77467	0.131544	3.10253	21.4938	-8.1219	153.932	
5.84574	0.198262	3.06792	13.6477	-12.8681	201.991	
6.7386	0.134125	3.10137	15.8769	6.34857	190.072	
6.95236	0.118837	3.10807	22.1479	-5.47167	173.665	
6.06696	0.182322	3.07715	49.9619	2.89067	202.212	
5.44275	0.227402	3.04911	-20.1738	2.40385	156.313	
7.67488	0.0673082	3.1279	7.54146	4.73119	217.89	
5.69144	0.209402	3.06105	-69.0459	-12.7217	199.278	
5.99593	0.187436	3.07427	-59.6671	5.32968	160.612	
7.02537	0.11362	3.11026	-6.23021	11.9885	210.465	
7.08798	0.109148	3.11211	-51.3599	8.54972	183.478	
4.90071	0.266862	3.01873	-30.9178	-0.192426	208.935	
6.4214	0.156854	3.09058	46.6526	-3.73462	222.853	
7.21087	0.100377	3.11563	13.6986	6.22082	208.981	
4.63193	0.286574	3.00089	-29.702	11.2563	198.572	
6.50939	0.150543	3.09368	19.0238	1.12507	187.476	
5.77524	0.20335	3.06483	4.91304	-1.81404	164.114	
7.28994	0.0947358	3.11784	26.0989	-7.03324	206.448	
6.76783	0.132033	3.10231	31.193	4.70666	228.845	
6.83188	0.127451	3.10434	-20.8175	7.34034	170.706	
6.68758	0.137778	3.0997	81.7224	-3.29088	182.473	
4.10857	0.325331	2.95906	-2.28754	15.4473	159.828	
5.88365	0.195527	3.06956	-49.2676	-12.3872	190.022	
6.54506	0.147987	3.09491	23.1361	5.2682	183.601	
6.13252	0.177605	3.07976	-17.9145	-6.93232	200.264	
5.53353	0.220825	3.0536	-14.4205	-0.00665627	141.242	
4.84099	0.271231	3.01495	-22.4909	-4.73848	209.935	
5.3256	0.235902	3.04309	-13.9555	-2.32151	157.17	
4.99433	0.26002	3.02447	-27.6483	3.39923	221.377	
6.86697	0.124941	3.10544	7.70979	-5.5563	242.308	
7.27236	0.0959895	3.11735	-36.4868	0.0748655	194.71	
7.22487	0.0993777	3.11603	-43.9568	-11.4689	198.095	
5.53223	0.220919	3.05354	24.2122	6.02037	214.443	
5.9685	0.189412	3.07313	-15.5275	8.78559	225.859	
6.00341	0.186897	3.07457	-1.80302	-0.25725	197.343	
6.46142	0.153983	3.092	0.152023	-4.98021	193.466	
4.48357	0.297505	2.99008	33.0845	-6.13002	184.222	
7.75753	0.0614257	3.12993	0.358384	-11.4073	227.88	
7.13669	0.105671	3.11352	-25.226	-1.7209	211.381	
6.66458	0.139424	3.09894	22.0831	-7.48297	206.665	
5.60579	0.215595	3.05706	32.9792	-8.29867	233.252	
6.89655	0.122827	3.10636	-42.2354	-6.47755	199.948	
5.23857	0.242225	3.03844	-19.8542	1.15717	195.562	
5.5361	0.220638	3.05372	18.4208	16.2903	193.506	
5.24475	0.241776	3.03877	32.6244	-8.49962	193.748	
6.45403	0.154513	3.09174	-0.551643	-8.45035	189.364	
5.89377	0.194798	3.06999	-39.6325	-11.9009	137.747	
6.93432	0.120126	3.10752	-14.4926	1.90918	181.889	
7.28062	0.0954006	3.11758	-51.7366	1.73148	187.161	
6.02368	0.185438	3.0754	16.0816	7.53611	165.838	
6.56863	0.146297	3.09572	33.1475	-0.210603	181.636	
5.46763	0.225598	3.05036	22.7107	-4.86942	185.395	
6.97051	0.11754	3.10862	34.2135	9.94353	164.9	
5.5021	0.223101	3.05206	25.4053	12.9608	149.558	
5.79276	0.202085	3.06561	-46.3041	-2.23282	210.011	
5.55816	0.219042	3.05479	-0.66188	-12.0946	195.52	
6.53147	0.148961	3.09444	-12.5643	3.10468	206.821	
6.65802	0.139894	3.09873	-53.5783	4.29408	206.165	
6.01778	0.185863	3.07516	8.54599	-3.27074	180.021	
7.04412	0.112281	3.11082	19.2502	7.45225	210.37	
5.9645	0.1897	3.07297	25.8289	-13.2972	184.192	
6.31661	0.164375	3.08677	-1.62689	-9.74758	222.246	
7.6675	0.0678336	3.12772	11.4698	6.57647	186.794	
6.0721	0.181952	3.07736	-57.4737	-11.754	197.401	
6.72344	0.13521	3.10088	-35.9268	-1.28327	213.019	
5.02656	0.257668	3.02639	25.4801	7.57541	177.326	
5.34124	0.234766	3.04391	71.669	-0.220735	207.361	
7.06524	0.110773	3.11144	-9.33256	-15.8252	195.86	
6.68036	0.138294	3.09947	7.48276	-6.15549	181.918	
6.94212	0.119569	3.10776	-41.5092	-2.31599	249.82	
6.92554	0.120754	3.10725	-12.0907	-2.43721	188.49	
6.4205	0.156918	3.09055	13.3019	-5.91382	220.854	
6.18693	0.173692	3.08188	39.5235	-5.25832	171.174	
5.67194	0.210812	3.06015	3.84165	6.96133	217.161	
6.94366	0.119459	3.1078	-10.0148	-4.63287	175.18	
5.86601	0.196799	3.0688	17.9542	-1.75342	240.708	
7.35214	0.0903	3.11953	3.8899	-5.66911	197.55	
7.46922	0.0819549	3.12266	-11.1781	-3.93044	198.9	
6.56644	0.146454	3.09565	46.2341	20.0512	207.282	
5.27932	0.239264	3.04064	-35.9667	13.7457	214.801	
6.51318	0.150272	3.09381	16.2238	-6.33945	195.212	
6.37731	0.160018	3.08899	0.841294	-7.26261	215.186	
7.08183	0.109588	3.11193	7.79308	-1.21666	197.935	
6.88472	0.123672	3.10599	7.61256	0.82245	167.281	
5.44113	0.227519	3.04903	-38.6634	-11.2858	182.386	
6.23193	0.170458	3.0836	-2.39456	-5.28367	198.633	
6.99853	0.115538	3.10946	11.1583	5.44689	186.931	
7.27305	0.0959403	3.11737	-25.915	5.93337	202.101	
5.62381	0.214292	3.05791	4.61991	-0.503051	214.014	
7.04399	0.11229	3.11081	-13.7456	0.670797	216.826	
7.00136	0.115336	3.10955	-6.64418	1.46566	176.129	
6.71164	0.136055	3.10049	60.8364	4.67894	156.236	
6.61843	0.142729	3.09741	17.8098	13.9985	178.116	
5.71506	0.207696	3.06212	-5.58518	-1.616	173.833	
7.26322	0.0966415	3.1171	-33.0342	1.38471	215.682	
5.28538	0.238823	3.04096	13.2414	0.711494	167.711	
6.27145	0.167619	3.08509	7.06434	0.218946	184.929	
6.91914	0.121212	3.10706	13.9459	12.3615	221.374	
5.90707	0.193839	3.07055	6.62728	-1.39285	186.208	
5.86859	0.196613	3.06891	-1.72133	1.58497	186.677	
7.57871	0.0741555	3.12549	-7.97338	-0.687553	216.983	
5.76867	0.203824	3.06454	50.948	-3.0903	191.296	
7.21328	0.100205	3.1157	-22.794	7.58524	206.41	
5.9901	0.187856	3.07403	-14.1466	-4.29309	207.5	
4.99907	0.259674	3.02475	-9.79203	2.02225	134.718	
6.76205	0.132447	3.10212	16.4974	-0.914414	199.683	
5.86896	0.196587	3.06893	-0.433543	-0.809928	159.097	
6.97136	0.117479	3.10864	-17.7095	-0.092486	188.411	
5.91966	0.192932	3.07109	22.7618	-12.9375	165.979	
7.88529	0.0523375	3.13298	-36.9944	-17.7209	217.802	
7.18694	0.102084	3.11495	-3.66247	-18.2895	240.469	
7.43487	0.0844025	3.12175	34.9289	3.50778	231.109	
7.31142	0.0932036	3.11843	-4.48821	-0.582503	197.151	
7.1616	0.103893	3.11423	18.6122	3.30619	182.482	
5.15807	0.248083	3.03398	31.6601	-4.1029	196.097	
4.21393	0.317481	2.96837	-15.653	3.51334	207.786	
4.34326	0.307881	2.97914	-52.8855	3.57894	193.06	
5.92803	0.192328	3.07144	10.4527	-11.7153	176.76	
6.36944	0.160583	3.08871	-27.5772	-0.146755	179.468	
7.24539	0.0979137	3.1166	-9.44359	-7.10171	201.072	
5.38887	0.231309	3.04638	0.909169	10.4105	221.873	
5.88645	0.195326	3.06968	6.0541	1.67641	162.305	
4.1404	0.322957	2.96192	22.2105	-0.10879	214.824	
6.99282	0.115946	3.10929	23.3857	-3.27141	226.741	
6.78122	0.131075	3.10274	22.1641	-1.32411	165.856	
6.22305	0.171097	3.08326	15.9923	-5.36083	192.326	
6.20408	0.17246	3.08254	11.5482	-13.2126	262.461	
4.15566	0.321819	2.96328	-0.366277	-3.80992	212.035	
4.91985	0.265462	3.01992	6.12162	0.875634	201.064	
6.33109	0.163335	3.08731	-11.0794	3.95749	196.221	
6.71534	0.13579	3.10061	-16.7031	2.48696	221.908	
5.73513	0.206246	3.06303	-17.1807	-23.1709	174.32	
5.14023	0.249382	3.03298	-15.2626	-9.28663	198.459	
6.69757	0.137062	3.10003	12.9749	-1.57496	194.599	
6.2557	0.16875	3.0845	-47.4929	1.36334	181.849	
5.55908	0.218975	3.05483	-27.3263	-7.18864	234.262	
7.46898	0.0819722	3.12265	-52.0065	-18.9645	225.663	
5.1023	0.252145	3.03082	-37.6826	3.43176	149.721	
7.3008	0.0939614	3.11813	-15.0276	0.626702	184.359	
5.31411	0.236736	3.04249	26.1471	-1.63689	198.892	
6.03757	0.184438	3.07597	7.80067	3.47452	181.171	
6.12937	0.177832	3.07963	50.5273	-14.3011	211.868	
7.30908	0.0933708	3.11836	57.9475	1.63491	200.73	
7.29893	0.0940946	3.11808	5.69702	2.17094	180.519	
7.26866	0.0962535	3.11725	-18.3772	7.08196	187.594	
6.67776	0.138481	3.09938	2.03714	4.97811	207.278	
7.28094	0.0953774	3.11759	25.6346	11.5398	226.397	
6.67132	0.138941	3.09917	-61.7835	9.047	191.278	
6.43198	0.156095	3.09096	7.6044	5.16052	187.34	
7.07034	0.110409	3.11159	48.3283	-9.80143	221.269	
7.8139	0.0574148	3.13129	12.3493	-8.6429	234.047	
6.95014	0.118996	3.108	12.5742	-1.68516	213.946	
6.46918	0.153427	3.09227	-15.7516	-14.993	159.467	
6.94767	0.119172	3.10793	3.69479	-0.110902	147.706	
6.30247	0.165391	3.08625	21.1946	-4.19082	204.896	
5.27785	0.23937	3.04056	-17.9531	-1.32617	146.075	
6.70364	0.136627	3.10023	17.2092	-4.66977	170.435	
5.57598	0.217752	3.05564	16.8112	8.78046	170.779	
6.55423	0.147329	3.09523	6.33089	4.7097	205.482	
7.13397	0.105865	3.11344	41.4351	-2.43181	185.096	
5.70915	0.208122	3.06186	-43.4756	6.28661	176.828	
7.12765	0.106316	3.11326	19.8527	-13.115	223.916	
6.27281	0.167521	3.08514	-16.8625	-9.42532	215.002	
5.01394	0.258589	3.02564	16.0407	10.5571	186.266	
6.64559	0.140784	3.09831	54.4212	9.44182	180.737	
6.79682	0.129959	3.10324	-6.46607	-19.2848	147.507	
5.84383	0.198399	3.06784	-24.4254	-1.71847	195.27	
6.87095	0.124657	3.10557	19.4976	16.0042	214.015	
7.19126	0.101776	3.11508	0.257944	-14.8465	190.922	
5.08007	0.253766	3.02953	37.8208	6.55536	139.275	
6.34695	0.162197	3.08789	41.0442	3.33331	189.692	
6.45172	0.154679	3.09166	6.60827	3.64959	226.001	
6.67052	0.138999	3.09914	1.46673	-6.78319	180.622	
7.12846	0.106259	3.11328	24.8264	16.5457	223.551	
6.59053	0.144728	3.09646	-13.5527	-7.28203	203.48	
6.09688	0.180169	3.07835	31.7126	-6.74775	173.032	
6.87758	0.124183	3.10577	-17.5447	-4.88939	225.175	
6.74461	0.133695	3.10156	67.1791	5.93618	191.474	
6.10342	0.179699	3.07861	6.84943	15.7404	192.654	
5.05148	0.25585	3.02786	-15.3896	-6.56077	181.516	
4.61495	0.287822	2.99969	35.7001	-4.9017	205.726	
5.52457	0.221473	3.05316	-11.3087	-0.989725	196.482	
6.32524	0.163756	3.08709	-17.4853	-10.2714	171.928	
5.5007	0.223202	3.05199	-13.6545	0.26834	170.298	
6.36463	0.160928	3.08853	6.47429	-7.7972	207.855	
5.8385	0.198784	3.06761	7.78207	-5.2876	188.266	
6.67422	0.138734	3.09926	59.6915	3.0767	204.116	
4.90984	0.266194	3.0193	-16.4273	8.64346	174.445	
5.44439	0.227283	3.0492	1.99675	7.23956	182.887	
7.65061	0.0690356	3.1273	-16.1593	-6.70278	196.875	
6.87396	0.124441	3.10566	-5.39679	3.48987	191.076	
6.6925	0.137425	3.09986	-20.299	4.56226	201.234	
5.08708	0.253254	3.02994	-34.0122	-1.12051	197.148	
6.36436	0.160947	3.08852	-33.895	-5.98837	183.074	
5.48506	0.224336	3.05122	1.99089	1.56346	214.375	
5.8285	0.199506	3.06717	-58.371	0.339352	209.392	
5.89694	0.194569	3.07012	-84.163	-5.9191	193.688	
7.34441	0.0908516	3.11933	39.6708	6.61174	205.901	
6.50309	0.150995	3.09346	-100.376	0.968785	218.254	
7.82443	0.0566659	3.13154	-22.3326	-3.20209	156.56	
7.44666	0.0835629	3.12206	-20.3728	0.136395	151.353	
7.59794	0.0727858	3.12597	-17.9548	-12.0332	183.309	
7.354	0.0901677	3.11959	56.4914	4.64463	247.18	
5.26712	0.24015	3.03998	6.71466	9.83907	181.344	
5.78244	0.20283	3.06515	32.4899	-3.33522	219.186	
7.39861	0.0869872	3.12079	21.7737	-6.15625	192.834	
5.96064	0.189978	3.07281	-13.8486	-7.83443	215.167	
7.43462	0.0844209	3.12174	40.2078	-0.980171	174.939	
5.43502	0.227962	3.04873	-10.6192	0.00492189	215.685	
6.39989	0.158398	3.08981	2.58745	-1.68117	212.555	
7.11857	0.106965	3.113	27.7936	8.6748	228.158	
7.52666	0.0778623	3.12415	-16.6121	-1.88831	213.935	
5.9522	0.190586	3.07245	-65.2151	-4.42291	184.558	
6.68374	0.138052	3.09958	-5.63935	-3.50752	172.532	
6.30058	0.165527	3.08618	10.8036	0.766159	182.227	
5.86024	0.197216	3.06855	35.6491	-3.57764	198.683	
6.84537	0.126486	3.10477	18.1649	-8.43092	172.318	
6.85675	0.125672	3.10512	13.8674	-5.40888	206.94	
5.7958	0.201866	3.06574	29.2774	13.0188	206.605	
5.23905	0.24219	3.03846	-4.14935	3.6992	142.741	
5.0385	0.256797	3.0271	6.60887	-3.96091	181.971	
5.6466	0.212644	3.05898	18.0845	1.63526	187.118	
6.72973	0.13476	3.10108	0.777315	-11.9684	178.583	
6.10011	0.179937	3.07848	6.15369	3.03776	218.473	
7.32554	0.0921966	3.11881	9.17108	-6.11119	201.917	
6.54588	0.147928	3.09494	-68.6	1.49861	218.565	
6.23275	0.170399	3.08363	-73.6909	5.98771	200.658	
4.31154	0.310232	2.97656	52.152	16.7146	172.542	
7.23277	0.0988139	3.11625	-22.5419	5.34505	170.555	
6.39271	0.158913	3.08955	22.645	-0.335909	180.991	
6.7038	0.136616	3.10023	35.8792	-0.259817	196.979	
5.25132	0.241298	3.03913	-7.00229	11.8058	194.651	
6.41578	0.157257	3.09038	41.7531	16.4982	239.009	
6.42603	0.156521	3.09075	10.7431	-0.312053	195.237	
8.12441	0.0353406	3.13843	-5.72242	-0.930611	223.825	
6.36199	0.161118	3.08844	17.6148	2.5917	167.551	
4.53595	0.293641	2.99399	14.9275	-8.28243	169.263	
5.65126	0.212306	3.05919	-44.51	-2.40489	199.748	
6.09675	0.180179	3.07834	-72.474	-10.9644	182.851	
7.93587	0.0487404	3.13416	-8.81783	-5.53881	200.184	
7.43809	0.0841734	3.12184	32.6251	-4.92224	203.617	
4.62317	0.287217	3.00028	14.9751	-2.35563	215.107	
7.07106	0.110357	3.11161	21.4852	10.9546	162.645	
5.30181	0.237629	3.04184	14.3699	-2.09495	189.297	
7.7815	0.0597205	3.13051	-33.0272	8.08991	197.394	
6.58184	0.145351	3.09617	39.9113	-4.60076	208.475	
7.67398	0.0673721	3.12788	6.57823	-10.6489	201.222	
6.38518	0.159453	3.08928	28.7829	-8.8706	169.173	
5.5503	0.219611	3.05441	-18.7858	4.56937	189.927	
5.72072	0.207286	3.06238	29.5743	11.7216	171.576	
6.08087	0.181321	3.07771	-39.6035	2.44305	169.097	
7.60483	0.0722948	3.12615	-65.6749	6.92922	199.464	
6.9043	0.122273	3.1066	-1.19421	15.3291	176.483	
