10 15
0.885329	0.159807	0.025	-89.0122	204.771	-6.95967	
-1.19319	0.123526	0.025	82.7338	-199.543	-11.5073	
9.95752	0.318162	0.025	12.1645	196.872	-12.8346	
12.0392	0.354499	0.025	12.8793	248.561	-8.57423	
6.91762	0.265101	0.025	-20.7941	197.775	12.8049	
9.60099	0.311939	0.025	19.5716	174.326	3.34714	
5.12892	0.233879	0.025	-19.424	204.847	-18.5222	
-4.52185	0.0654243	0.025	36.7637	-209.745	-16.5495	
1.18083	0.164965	0.025	-100.514	174.753	-1.34613	
8.87102	0.299198	0.025	9.63972	208.87	5.70799	
0.452769	0.152256	0.025	-67.1307	104.677	-1.22851	
4.85201	0.229046	0.025	-41.3163	172.536	-6.44041	
0.324906	0.150025	0.025	-145.043	-3.25978	-13.2694	
-1.55605	0.117192	0.025	-23.4725	-190.976	-9.46862	
6.62976	0.260076	0.025	-33.7131	144.1	-4.198	
0.241953	0.148577	0.025	-246.892	-57.9351	-21.7978	
-1.69251	0.11481	0.025	-31.9116	-228.448	-6.87771	
12.7471	0.366855	0.025	-34.5011	215.957	-2.71583	
1.61116	0.172476	0.025	26.0075	238.09	-10.9075	
6.42311	0.256469	0.025	-0.445139	179.234	2.84442	
11.2927	0.341468	0.025	0.76698	225.523	9.05895	
15.4378	0.413822	0.025	-11.8524	225.407	10.6572	
3.85418	0.211628	0.025	-61.3454	153.388	-6.59426	
2.97388	0.196263	0.025	-20.6678	195.988	-3.5147	
0.970322	0.16129	0.025	36.2651	246.942	-7.64606	
-1.0213	0.126527	0.025	-64.9563	-204.911	-1.17347	
9.75801	0.31468	0.025	-6.41165	233.655	-7.58176	
8.04291	0.284743	0.025	1.28433	217.573	-9.93417	
2.55527	0.188956	0.025	-7.98581	226.079	-10.3139	
9.03389	0.302041	0.025	-15.195	194.552	5.97804	
0.913728	0.160303	0.025	-92.6191	179.566	-7.70892	
9.16651	0.304355	0.025	8.68721	205.463	-0.135945	
2.79401	0.193123	0.025	-8.87917	141.922	5.51764	
-3.61331	0.0812829	0.025	-33.9696	-183.034	-6.13298	
2.75003	0.192355	0.025	-110.757	199.508	-10.045	
5.5444	0.241131	0.025	-36.7912	141.728	9.20511	
6.97098	0.266032	0.025	-27.6201	163.712	19.2455	
9.86056	0.31647	0.025	-14.6206	211.378	-9.86895	
0.16695	0.147268	0.025	-15.7521	104.027	6.23856	
0.414576	0.15159	0.025	-98.1521	220.814	-13.2	
6.85574	0.264021	0.025	26.7036	192.431	6.93142	
4.73942	0.22708	0.025	-48.9674	195.404	10.5455	
5.00393	0.231697	0.025	17.102	143.86	5.14442	
6.45038	0.256945	0.025	-12.699	180.365	9.2996	
0.376196	0.15092	0.025	-51.7727	229.536	-19.0733	
-0.887714	0.128858	0.025	-95.6422	-149.544	12.9655	
10.0864	0.320411	0.025	-40.94	237.228	-6.07916	
0.241406	0.148567	0.025	6.14872	163.364	15.2895	
6.92772	0.265277	0.025	5.15538	244.886	1.7764	
2.13999	0.181707	0.025	-42.3684	199.326	-1.2915	
8.22725	0.287961	0.025	-26.4191	195.748	-0.948706	
1.50318	0.170591	0.025	-38.4433	194.421	-14.105	
1.6552	0.173245	0.025	7.81949	213.8	10.9094	
8.65444	0.295417	0.025	-13.3663	224.611	4.86358	
2.96704	0.196143	0.025	-57.9708	233.583	10.3837	
-2.75093	0.0963358	0.025	-9.10802	-159.63	-4.35177	
9.97167	0.31841	0.025	20.8068	214.766	-2.7794	
0.569495	0.154294	0.025	-77.8659	182.237	-21.6098	
1.18901	0.165108	0.025	57.8756	180.519	-18.7151	
6.49145	0.257662	0.025	-5.75986	186.491	-2.9767	
1.54357	0.171297	0.025	-93.3386	200.884	-5.15632	
6.58501	0.259295	0.025	-15.2227	192.714	9.62076	
0.0750589	0.145664	0.025	-101.784	32.9131	8.95534	
2.57172	0.189243	0.025	-45.7261	198.253	4.43223	
-1.67502	0.115116	0.025	12.3578	-217.044	-5.49854	
6.25547	0.253543	0.025	7.96972	216.861	-9.47294	
7.23655	0.270668	0.025	-7.51003	226.279	0.137628	
7.11415	0.268531	0.025	27.0715	196.034	8.82907	
8.35508	0.290192	0.025	49.2186	220.457	5.50441	
1.07438	0.163107	0.025	-96.3217	214.878	-3.91768	
0.0852085	0.145841	0.025	-203.605	70.665	23.7748	
6.04887	0.249937	0.025	-15.9874	209.772	-0.248032	
-0.0457372	0.143555	0.025	-176.175	-28.2563	4.64363	
0.549814	0.15395	0.025	50.3021	176.836	35.0755	
1.65717	0.173279	0.025	-29.1684	256.159	-12.0488	
4.60239	0.224688	0.025	-20.443	172.925	-5.65992	
7.25973	0.271072	0.025	27.5288	209.328	0.245378	
2.91055	0.195157	0.025	-12.3856	190.625	-6.0452	
7.98868	0.283796	0.025	34.5004	181.345	13.9195	
5.97063	0.248571	0.025	21.8977	181.667	10.034	
9.08409	0.302917	0.025	39.1314	185.518	-12.541	
1.76953	0.175241	0.025	80.0122	160.736	-1.85115	
5.72747	0.244327	0.025	-22.2839	222.352	-6.59983	
1.11423	0.163802	0.025	-16.88	188.163	-19.6771	
3.93778	0.213088	0.025	-32.3701	229.437	6.73777	
9.47363	0.309716	0.025	-73.9282	226.558	-5.75819	
1.632	0.17284	0.025	-28.034	146.437	-11.4472	
4.59631	0.224582	0.025	45.1836	204.362	-11.3389	
4.55891	0.223929	0.025	55.4433	178.313	-3.71641	
4.83137	0.228685	0.025	-9.58208	132.617	-1.03709	
-0.115201	0.142343	0.025	-101.977	-114.594	-10.1501	
6.79554	0.26297	0.025	-26.2278	201.839	-13.6096	
9.00724	0.301575	0.025	-14.6761	217.55	6.27032	
-2.12503	0.107261	0.025	-106.564	-184.042	-5.9455	
12.7819	0.367463	0.025	-49.8102	242.426	-2.41667	
9.5618	0.311255	0.025	-44.778	205.418	4.40253	
3.86871	0.211882	0.025	-32.2552	162.674	-15.2425	
6.94324	0.265548	0.025	-70.1101	179.962	5.26454	
-1.3207	0.1213	0.025	64.4787	-126.755	-7.02256	
6.78853	0.262848	0.025	42.8339	218.962	7.38493	
-0.614562	0.133626	0.025	-31.4211	-163.679	-19.7546	
3.49833	0.205417	0.025	20.5693	217.67	1.81822	
1.1588	0.16458	0.025	-59.1804	222.666	22.8063	
3.61203	0.207402	0.025	-20.7767	191.457	13.8715	
0.0941647	0.145997	0.025	-259.745	-40.6233	-33.4734	
6.15549	0.251798	0.025	-50.3567	203.56	-8.64813	
-0.72831	0.131641	0.025	0.718123	-206.651	-9.02443	
8.80869	0.29811	0.025	34.3276	203.066	-7.78733	
4.02081	0.214537	0.025	-23.7095	195.602	9.57773	
3.09828	0.198434	0.025	3.88802	182.905	-9.98334	
23.5212	0.554918	0.025	-13.4816	265.311	-5.51603	
-1.18888	0.123601	0.025	-66.5959	-196.141	-12.2419	
7.43256	0.274089	0.025	-29.5434	206.589	-13.1311	
11.7884	0.350121	0.025	-25.7296	229.959	-1.47579	
5.39632	0.238547	0.025	-8.09178	198.071	-0.679635	
3.37654	0.203291	0.025	-51.4534	205.654	1.25765	
4.99233	0.231495	0.025	19.8343	193.366	-4.12895	
5.41934	0.238948	0.025	-61.3665	157.582	5.93843	
6.89964	0.264787	0.025	19.6163	221.027	-0.374854	
-0.0858581	0.142855	0.025	-104.643	18.3124	10.1563	
5.48097	0.240024	0.025	-24.6317	204.288	-12.3063	
0.863407	0.159424	0.025	-168.343	156.21	-19.0514	
6.20845	0.252722	0.025	-55.326	190.712	-12.0124	
0.923354	0.160471	0.025	-59.6864	224.699	-2.91073	
-1.05658	0.125911	0.025	45.4574	-259.115	-4.68882	
2.12167	0.181387	0.025	-5.32314	188.682	1.98726	
0.1097	0.146268	0.025	-132.645	63.8646	14.1796	
-3.00236	0.091947	0.025	-66.1379	-190.459	-1.40717	
6.98719	0.266315	0.025	-28.5842	178.971	-6.82248	
8.21837	0.287805	0.025	-45.9376	153.219	-15.9261	
8.70417	0.296285	0.025	-18.7065	188.858	-3.45631	
-1.63197	0.115867	0.025	0.580304	-224.134	3.36403	
7.98067	0.283657	0.025	-36.44	221.097	0.123918	
19.8092	0.490125	0.025	27.9244	262.473	-5.39439	
0.281742	0.149271	0.025	-107.67	28.5189	-6.54428	
13.024	0.371689	0.025	4.07525	205.164	1.01132	
9.98341	0.318614	0.025	-54.4664	199.661	-9.05342	
0.643711	0.155589	0.025	26.8065	273.423	23.4749	
12.224	0.357724	0.025	-61.6874	197.638	15.3643	
2.29256	0.18437	0.025	-40.358	169.553	8.25213	
9.58019	0.311576	0.025	13.4736	234.089	0.266112	
1.23804	0.165964	0.025	-58.1773	133.022	2.28471	
9.70446	0.313745	0.025	1.85031	213.015	-13.4675	
6.09703	0.250778	0.025	33.3856	204.797	-4.43215	
1.3562	0.168026	0.025	57.6666	216.662	0.709475	
0.632424	0.155392	0.025	-71.6279	194.911	15.2725	
-3.85086	0.0771363	0.025	-16.1408	-189.872	-1.05584	
8.06841	0.285188	0.025	-11.4722	201.193	6.63028	
12.1618	0.356638	0.025	-9.75506	185.694	2.16619	
-5.52584	0.0478994	0.025	50.4236	-192.95	15.8304	
4.46309	0.222257	0.025	-44.9823	199.817	4.1109	
1.06224	0.162895	0.025	108.266	190.942	7.20522	
5.28841	0.236663	0.025	37.7229	161.283	-5.65398	
10.555	0.328591	0.025	-1.96273	204.952	7.62081	
7.3047	0.271857	0.025	16.9995	217.835	5.789	
5.21512	0.235384	0.025	-44.6987	156.161	-4.46882	
-0.352881	0.138194	0.025	-114.048	-151.843	15.0679	
8.75546	0.297181	0.025	-25.338	217.946	-0.0832242	
4.85059	0.229021	0.025	-38.3226	232.36	-1.60694	
7.2001	0.270032	0.025	9.79035	206.24	4.72268	
-2.24407	0.105183	0.025	52.3548	-171.713	-8.51152	
3.27823	0.201575	0.025	32.6252	217.301	-10.934	
12.7246	0.366462	0.025	14.861	206.704	-2.13537	
-5.28458	0.0521107	0.025	-1.41145	-169.081	-3.93504	
-1.65892	0.115397	0.025	15.3874	-151.238	1.29111	
5.5957	0.242027	0.025	-43.8221	240.535	-5.6348	
5.83131	0.246139	0.025	-28.9539	224.369	4.22752	
8.22251	0.287878	0.025	-18.15	192.654	27.2907	
0.338518	0.150262	0.025	58.3809	174.928	16.2645	
10.7645	0.332249	0.025	-19.6367	210.865	10.1883	
0.478881	0.152712	0.025	-147.057	179.443	22.8223	
4.16703	0.217089	0.025	0.134076	179.984	-0.306652	
9.38844	0.308229	0.025	51.245	208.785	-3.4117	
12.7372	0.366682	0.025	1.4717	228.771	-4.33104	
12.6738	0.365576	0.025	3.91974	215.08	-6.85544	
5.15176	0.234278	0.025	-11.0778	227.586	-2.91969	
-1.13467	0.124548	0.025	45.5133	-151.633	-3.23974	
5.90148	0.247364	0.025	11.2339	199.81	-3.08704	
0.585893	0.15458	0.025	-42.6322	273.642	-21.4748	
4.64314	0.2254	0.025	-17.1877	157.995	9.17464	
4.82072	0.228499	0.025	-24.1943	178.311	8.81997	
0.203939	0.147913	0.025	-123.384	210.331	0.649701	
11.416	0.343621	0.025	18.0832	201.421	9.12644	
2.99758	0.196676	0.025	-22.9731	216.413	-7.91776	
-0.129121	0.1421	0.025	-151.043	-8.5209	21.4221	
4.65356	0.225582	0.025	10.4539	155.065	-4.61572	
13.3641	0.377624	0.025	-25.6456	208.582	0.857371	
0.424525	0.151763	0.025	-147.575	207.284	-9.2203	
-3.76207	0.0786863	0.025	19.6834	-209.777	6.71407	
1.95685	0.17851	0.025	-1.14484	199.991	-24.8663	
8.26776	0.288668	0.025	15.195	199.353	-0.038115	
10.742	0.331855	0.025	35.8223	153.448	0.378296	
11.5462	0.345893	0.025	-2.06506	220.639	-9.48102	
9.95802	0.318171	0.025	0.181876	215.78	7.87838	
10.4279	0.326373	0.025	7.77156	252.475	4.5052	
9.54575	0.310975	0.025	-11.0057	179.6	-2.46734	
12.8839	0.369242	0.025	-15.5932	249.57	-8.50007	
8.69546	0.296133	0.025	6.31193	161.198	-0.407855	
0.583919	0.154546	0.025	-162.194	234.643	16.4885	
-0.849267	0.129529	0.025	-1.90731	-231.927	2.3776	
4.79027	0.227968	0.025	-53.0552	168.165	4.38545	
-1.34275	0.120916	0.025	17.2646	-157.291	22.4006	
11.7126	0.348798	0.025	8.50304	201.797	5.02131	
1.78828	0.175568	0.025	-79.8165	204.431	-12.6101	
-3.29454	0.0868469	0.025	28.1433	-217.158	6.23006	
-1.94131	0.110468	0.025	-42.6094	-171.787	-6.03521	
9.66356	0.313031	0.025	-9.9588	187.523	11.6341	
10.0711	0.320144	0.025	0.0970259	262.02	-6.72487	
11.0358	0.336984	0.025	1.84898	210.241	-0.563958	
5.17651	0.23471	0.025	6.37911	181.176	3.41965	
9.18592	0.304694	0.025	-30.2526	178.471	5.44762	
-6.44063	0.0319317	0.025	21.0305	-250.259	10.7513	
-3.51803	0.0829459	0.025	-9.98934	-166.93	-10.5755	
14.8176	0.402996	0.025	12.9982	229.023	5.55546	
6.39338	0.25595	0.025	-32.5581	201.272	0.458214	
1.72412	0.174448	0.025	14.2572	238.045	-3.22227	
1.40882	0.168944	0.025	-46.2328	188.838	6.9079	
14.2399	0.392912	0.025	-3.70265	227.133	10.0148	
7.90022	0.282252	0.025	-34.24	191.021	2.85362	
5.64442	0.242877	0.025	-24.2911	172.566	-6.24065	
-1.5076	0.118038	0.025	14.1458	-181.724	-3.94259	
-0.549821	0.134756	0.025	-68.768	-214.434	3.57052	
8.62178	0.294847	0.025	17.3582	175.255	9.72806	
0.621128	0.155195	0.025	-53.6382	257.518	12.0879	
-3.11211	0.0900314	0.025	34.8846	-156.894	3.60325	
-0.53466	0.135021	0.025	-132.229	-179.58	-15.814	
-0.0553128	0.143388	0.025	-101.926	36.568	17.8855	
1.98347	0.178975	0.025	-45.6922	184.802	-18.7987	
13.8765	0.386569	0.025	8.26743	208.56	-15.3154	
8.95051	0.300585	0.025	33.148	217.021	-16.5373	
15.1875	0.409452	0.025	-50.779	206.079	-2.94878	
8.96893	0.300907	0.025	-19.9329	186.201	4.68932	
-1.23388	0.122816	0.025	10.5942	-181.827	4.73671	
0.562779	0.154177	0.025	-89.6075	295.327	-9.81268	
-0.17595	0.141282	0.025	-301.245	-144.828	-15.6164	
15.8277	0.420628	0.025	-19.8127	216.55	3.89055	
8.91598	0.299982	0.025	-33.3489	179.611	-7.08851	
0.70512	0.156661	0.025	2.94024	136.519	-0.281309	
-0.484916	0.135889	0.025	-78.6471	-265.329	-2.76404	
10.3024	0.324182	0.025	-17.8968	215.162	3.83126	
12.1494	0.356422	0.025	-26.1463	201.288	2.8423	
6.62505	0.259994	0.025	28.3345	176.62	-2.28528	
9.22265	0.305335	0.025	24.8745	243.44	-16.7628	
5.04009	0.232328	0.025	3.60704	177.378	17.0717	
0.764975	0.157706	0.025	26.9095	210.184	-0.697827	
1.62931	0.172793	0.025	6.75916	201.456	-2.34127	
7.07699	0.267883	0.025	-73.5719	200.124	16.1604	
4.97515	0.231195	0.025	-42.9677	194.163	2.70952	
10.3899	0.325709	0.025	-6.3146	239.75	0.452863	
5.77151	0.245095	0.025	23.4688	201.185	19.4668	
6.54349	0.258571	0.025	-46.4884	201.359	9.4467	
7.32727	0.272251	0.025	-21.0006	176.839	4.00237	
3.89986	0.212426	0.025	12.7124	141.997	0.296761	
-4.02155	0.0741569	0.025	-41.1331	-173.227	7.9792	
11.2126	0.340071	0.025	-9.80816	242.088	10.6022	
12.1941	0.357203	0.025	20.6652	254.961	2.99482	
5.66308	0.243203	0.025	5.35912	171.068	-7.93295	
6.6735	0.26084	0.025	-25.7621	178.046	-3.74421	
3.95985	0.213473	0.025	-18.7862	206.051	1.33594	
10.8124	0.333085	0.025	-3.2586	200.282	1.84401	
9.67802	0.313284	0.025	1.54201	239.373	-0.818608	
-0.53327	0.135045	0.025	-62.1417	-300.825	12.1984	
8.21482	0.287744	0.025	-36.1776	192.655	14.8571	
1.98899	0.179071	0.025	-34.0032	242.68	18.1731	
5.52527	0.240797	0.025	-3.9288	175.83	-6.1426	
3.88827	0.212223	0.025	51.6004	190.797	-12.152	
-1.67417	0.115131	0.025	-8.14074	-182.201	15.239	
6.43425	0.256664	0.025	1.58846	203.084	8.93863	
2.57236	0.189254	0.025	-30.0067	215.323	3.99247	
4.54986	0.223771	0.025	3.84446	133.453	6.93519	
-3.45391	0.0840651	0.025	-23.8801	-205.67	-8.59323	
0.511859	0.153288	0.025	-3.08631	190.4	-5.36786	
1.87691	0.177115	0.025	51.6843	196.631	-7.09024	
8.76312	0.297314	0.025	-39.7621	224.346	-9.15173	
3.90287	0.212478	0.025	10.7251	217.726	-7.19031	
-2.28402	0.104486	0.025	-20.5407	-198.873	4.5224	
3.26196	0.201291	0.025	-40.6932	214.028	-10.9507	
0.53477	0.153688	0.025	-62.7158	148.482	-27.6951	
-5.88078	0.041704	0.025	-4.54073	-188.696	2.0053	
10.1351	0.321262	0.025	59.7184	200.832	-12.1279	
1.06612	0.162963	0.025	-111.452	241.344	0.265068	
1.24735	0.166126	0.025	-37.7679	296.812	-14.4279	
6.07787	0.250443	0.025	19.558	183.78	-0.254212	
8.6759	0.295792	0.025	6.80529	207.685	-0.691791	
2.25947	0.183793	0.025	-2.6953	231.598	-4.54423	
1.40476	0.168874	0.025	16.213	186.295	5.4791	
14.9328	0.405007	0.025	0.534905	215.089	-7.77246	
10.7668	0.332289	0.025	-1.26467	237.91	-10.6418	
-1.10096	0.125136	0.025	-41.2801	-211.329	-15.3042	
6.19641	0.252512	0.025	-19.9513	183.315	9.54209	
11.6232	0.347238	0.025	-15.3489	243.558	-6.27386	
5.99935	0.249072	0.025	-45.9825	188.413	-6.3703	
1.43	0.169314	0.025	-44.833	221.547	9.32561	
6.7337	0.261891	0.025	3.64123	173.523	5.62056	
8.16132	0.28681	0.025	27.6963	192.541	-4.54896	
9.02973	0.301968	0.025	14.4302	242.424	-3.23366	
11.4722	0.344601	0.025	-3.9932	208.49	0.515203	
7.86266	0.281597	0.025	11.0441	168.453	4.57461	
-0.306004	0.139012	0.025	-107.296	-156.208	-2.94652	
5.97386	0.248627	0.025	14.5908	160.208	-5.36733	
0.00153017	0.14438	0.025	-234.92	60.7351	37.8308	
-3.115	0.0899809	0.025	14.2245	-195.897	7.53883	
-0.908205	0.128501	0.025	95.7492	-241.461	-0.295645	
0.75437	0.157521	0.025	-42.4014	197.373	-4.72302	
0.628747	0.155328	0.025	-103.157	235.81	-6.90278	
-0.751784	0.131231	0.025	-34.5007	-235.336	2.72583	
5.41204	0.238821	0.025	-28.3469	167.198	-1.39231	
3.84491	0.211467	0.025	47.5003	203.673	6.55793	
7.37464	0.273078	0.025	-8.54655	181.018	-19.4688	
6.51213	0.258023	0.025	10.3199	219.667	-4.1901	
10.7964	0.332806	0.025	-15.9586	191.946	-1.10344	
0.0522647	0.145266	0.025	-192.597	1.07479	-16.493	
-1.10998	0.124979	0.025	-81.1995	-212.731	3.47713	
4.84455	0.228915	0.025	24.7795	162.849	16.9559	
0.0911167	0.145944	0.025	-153.009	-94.8546	-22.518	
1.19011	0.165127	0.025	-15.0025	242.266	-8.42895	
13.9283	0.387472	0.025	-78.8319	245.639	-9.90801	
5.02287	0.232028	0.025	-27.4364	178.241	-5.64464	
1.77917	0.175409	0.025	28.4953	182.611	-7.72192	
10.5838	0.329094	0.025	-59.5941	194.236	3.22388	
6.79377	0.262939	0.025	-16.8096	185.094	-12.8327	
0.81687	0.158612	0.025	-134.43	253.763	-3.00942	
4.814	0.228382	0.025	-18.3016	217.076	7.29622	
0.374157	0.150884	0.025	-138.664	217.761	7.73306	
-3.42639	0.0845456	0.025	2.33031	-139.142	0.956214	
6.92349	0.265203	0.025	42.2125	207.52	4.73816	
14.3082	0.394105	0.025	23.1666	198.008	4.68485	
5.29987	0.236863	0.025	-14.8058	226.496	7.61861	
8.83833	0.298627	0.025	-16.6175	195.346	10.6857	
1.44571	0.169588	0.025	-31.6947	212.975	2.65183	
1.49603	0.170467	0.025	-40.4571	225.737	-23.0884	
-1.39825	0.119947	0.025	14.2707	-210.013	-1.11115	
0.166197	0.147254	0.025	-67.6703	163.08	-3.92729	
5.71344	0.244082	0.025	-49.4119	177.136	2.67001	
9.03905	0.302131	0.025	-11.6364	236.17	-2.13656	
8.11515	0.286004	0.025	-3.23615	198.559	-6.22221	
4.47757	0.22251	0.025	-36.1071	182.773	7.02759	
1.32718	0.167519	0.025	-37.5924	197.309	-5.39177	
-1.59992	0.116427	0.025	-35.9614	-164.812	7.69812	
5.66033	0.243155	0.025	-10.1513	194.099	3.11664	
13.9431	0.387731	0.025	-42.698	197.31	-2.80066	
8.40191	0.291009	0.025	28.5093	227.674	-4.49957	
10.5294	0.328144	0.025	-64.9581	211.18	-3.43706	
9.20307	0.304994	0.025	-40.0863	224.964	-6.81983	
9.57119	0.311419	0.025	-8.684	196.775	-3.00498	
4.62944	0.225161	0.025	-26.4401	174.076	-9.66917	
3.49068	0.205283	0.025	-14.8774	182.092	7.66634	
1.09894	0.163535	0.025	-117.417	262.057	23.0694	
9.20301	0.304993	0.025	-14.4286	239.786	12.0204	
0.649999	0.155699	0.025	-15.7479	276.685	-9.96897	
4.95694	0.230877	0.025	4.4659	160.812	2.06292	
10.2373	0.323045	0.025	-6.69998	206.661	0.263506	
10.5046	0.327711	0.025	-9.80148	228.559	-16.7627	
-0.139455	0.141919	0.025	-207.097	-63.7306	28.7465	
13.3732	0.377783	0.025	25.4141	245.614	2.67823	
-3.79059	0.0781884	0.025	7.68698	-166.622	-2.4286	
14.3288	0.394464	0.025	-36.4721	241.532	-2.23336	
7.80012	0.280505	0.025	39.3455	193.455	-3.42905	
-0.132513	0.14204	0.025	-189.906	-60.0977	42.5314	
0.892296	0.159928	0.025	-49.3101	108.872	-8.24765	
10.6601	0.330426	0.025	-25.963	234.994	-3.04725	
1.31315	0.167274	0.025	-44.4211	199.674	-8.81005	
5.68022	0.243502	0.025	22.2166	223.337	7.56417	
7.7832	0.28021	0.025	-17.8224	180.16	-12.0608	
1.21403	0.165544	0.025	-70.0074	218.716	13.2404	
9.0593	0.302484	0.025	-2.2503	195.444	2.57821	
9.96485	0.31829	0.025	0.133722	207.033	-2.4975	
-1.85697	0.11194	0.025	-47.7808	-171.64	0.906498	
3.80574	0.210783	0.025	12.11	197.729	2.87057	
6.78537	0.262792	0.025	-14.5746	238.315	-13.01	
6.27023	0.253801	0.025	-0.502685	135.714	0.107645	
-0.233285	0.140281	0.025	-156.68	-132.823	-1.58177	
6.02749	0.249564	0.025	-9.03685	209.246	8.7219	
5.39394	0.238505	0.025	27.2995	154.209	10.2076	
-1.9561	0.11021	0.025	-44.584	-255.901	-13.9143	
8.22225	0.287873	0.025	19.969	143.398	17.4622	
10.4425	0.326628	0.025	5.40247	227.152	-5.42113	
2.18956	0.182572	0.025	-36.8858	159.867	-10.1341	
9.93772	0.317817	0.025	-33.0656	206.491	-13.2805	
-0.995433	0.126978	0.025	-173.165	-227.248	-22.4501	
-1.87769	0.111578	0.025	-40.6667	-205.434	-1.57513	
-0.839289	0.129704	0.025	24.8416	-268.438	-10.4403	
2.48051	0.187651	0.025	-69.0297	151.239	4.1298	
1.76697	0.175196	0.025	-34.4922	229.333	-8.9438	
8.32464	0.289661	0.025	6.59885	237.415	-3.41417	
-0.420825	0.137008	0.025	-66.396	-138.7	10.196	
5.7085	0.243996	0.025	-3.64141	200.625	0.00744637	
0.965106	0.161199	0.025	-34.3057	210.047	-5.48928	
1.10622	0.163663	0.025	-67.2059	214.352	0.978942	
5.12145	0.233749	0.025	-36.5182	185.28	5.97529	
4.20675	0.217783	0.025	-10.6286	171.698	-5.61974	
6.67543	0.260873	0.025	-10.6566	214.179	-5.31401	
-0.457799	0.136362	0.025	-102.313	-152.891	5.07192	
-0.347084	0.138295	0.025	-118.927	-118.033	7.46237	
-0.410981	0.13718	0.025	-112.463	-177.267	5.87475	
11.1428	0.338853	0.025	-49.4556	176.859	-7.91835	
8.63963	0.295159	0.025	-0.981563	222.362	12.5709	
5.19554	0.235042	0.025	-16.196	154.578	0.995289	
10.0143	0.319154	0.025	40.0063	167.015	-4.81945	
6.05053	0.249966	0.025	-73.0086	182.93	-8.53775	
4.036	0.214802	0.025	8.42987	199.388	5.57615	
2.15379	0.181948	0.025	51.4852	198.714	-9.7011	
-6.27949	0.0347444	0.025	21.2215	-203.182	8.71686	
0.319105	0.149923	0.025	-89.7888	165.858	0.828426	
-1.78375	0.113218	0.025	-11.6628	-152.844	-7.31603	
7.12105	0.268652	0.025	24.5769	232.266	5.50481	
0.4216	0.151712	0.025	-13.3926	260.202	-13.4764	
12.0442	0.354587	0.025	-29.3107	241.853	5.67451	
11.5485	0.345934	0.025	27.033	230.056	-6.49641	
0.955063	0.161024	0.025	-20.6516	128.809	0.948189	
-4.49261	0.0659346	0.025	-8.99973	-189.398	-15.0006	
-0.898012	0.128679	0.025	-65.9232	-176.248	-4.43866	
3.37023	0.203181	0.025	-82.225	189.325	-2.72028	
3.04944	0.197582	0.025	-32.5293	122.079	-8.20197	
0.267694	0.149026	0.025	-119.193	136.616	-11.5365	
11.9428	0.352815	0.025	3.58863	203.873	-0.0448132	
1.33361	0.167632	0.025	-7.3876	203.796	-0.896491	
9.79185	0.315271	0.025	20.0799	221.467	1.73524	
-1.39367	0.120027	0.025	-70.4207	-218.117	7.85672	
0.842584	0.159061	0.025	-6.5105	191.869	-3.06139	
-4.05504	0.0735724	0.025	-47.6713	-174.323	23.0544	
1.12974	0.164073	0.025	-18.5945	252.453	6.17219	
0.882677	0.159761	0.025	1.19078	267.848	9.58673	
8.99142	0.301299	0.025	-4.31206	247.018	-3.96048	
-3.60719	0.0813896	0.025	2.52782	-159.786	-0.752698	
-2.82748	0.0949995	0.025	26.9902	-153.676	9.88005	
-1.23118	0.122863	0.025	104.067	-214.39	-18.203	
6.34355	0.25508	0.025	9.6688	178.127	-4.57914	
3.08821	0.198258	0.025	26.1372	178.467	3.08306	
0.877222	0.159665	0.025	-6.91294	225.106	9.83143	
0.348159	0.150431	0.025	-203.254	129.252	16.7934	
6.75347	0.262236	0.025	-12.4078	209.084	4.10316	
-5.03607	0.0564484	0.025	22.5709	-206.246	6.28564	
4.16375	0.217032	0.025	-21.6801	213.495	-8.34356	
4.75691	0.227386	0.025	-23.052	148.382	14.0641	
10.996	0.33629	0.025	-18.7615	179.678	11.2018	
9.01545	0.301719	0.025	42.6089	186.701	-3.28146	
14.2183	0.392535	0.025	-0.953006	204.114	2.74539	
10.3803	0.325542	0.025	2.96855	229.356	6.33575	
0.363816	0.150704	0.025	-63.1677	200.679	23.5135	
6.3326	0.254889	0.025	-35.484	196.544	5.24357	
2.94984	0.195843	0.025	-13.7119	185.651	2.87121	
10.5143	0.327881	0.025	4.69742	223.923	-16.3759	
8.90931	0.299866	0.025	28.2533	226.972	-8.93679	
13.9995	0.388715	0.025	-21.9802	200.915	1.66047	
-0.569816	0.134407	0.025	-104.182	-150.276	-7.61732	
1.15269	0.164474	0.025	-37.8336	206.164	14.3527	
10.2991	0.324125	0.025	-11.621	203.367	-16.6044	
1.10632	0.163664	0.025	-36.9936	135.504	15.3005	
2.3354	0.185118	0.025	0.667527	179.864	6.91839	
10.3748	0.325445	0.025	-37.6143	233.852	1.55206	
7.20038	0.270036	0.025	-8.28618	216.499	-1.80233	
7.20801	0.27017	0.025	-27.973	184.672	11.169	
3.59022	0.207021	0.025	-34.1863	184.539	-2.60756	
0.20756	0.147976	0.025	-29.5907	213.234	-18.7767	
8.64548	0.295261	0.025	15.5037	211.659	4.44887	
9.24429	0.305713	0.025	7.21943	238.278	13.9337	
0.686613	0.156338	0.025	-80.0101	246.377	-7.30401	
7.04086	0.267252	0.025	18.2891	217.259	1.3808	
0.973553	0.161347	0.025	-13.6544	264.251	15.3408	
7.20661	0.270145	0.025	-27.4078	214.232	-15.5895	
5.50849	0.240504	0.025	-64.9876	187.207	-7.88718	
11.2081	0.339991	0.025	27.6475	220.899	-3.118	
6.6936	0.261191	0.025	-78.8926	200.591	-9.48291	
1.6362	0.172913	0.025	-61.3447	186.531	10.5809	
3.16848	0.199659	0.025	-29.8801	167.262	2.47755	
4.15508	0.216881	0.025	-9.46625	180.652	-5.4495	
8.0829	0.285441	0.025	-10.9565	220.495	-3.81223	
9.68943	0.313483	0.025	-30.5454	193.932	-5.60564	
0.581289	0.1545	0.025	-21.7844	220.75	13.7384	
6.53297	0.258387	0.025	1.55186	248.241	12.1228	
1.91487	0.177778	0.025	-18.6181	211.256	-3.85942	
0.920156	0.160415	0.025	-85.4608	246.381	1.9412	
12.3617	0.360127	0.025	-18.3422	234.929	6.82693	
-0.7306	0.131601	0.025	51.0837	-151.693	9.19561	
0.593542	0.154714	0.025	-74.8908	201.455	-18.3387	
9.7968	0.315357	0.025	5.34199	226.706	-8.05255	
-3.82613	0.077568	0.025	0.505984	-209.314	-17.765	
-1.06834	0.125705	0.025	3.73926	-128.444	-0.363561	
1.45237	0.169705	0.025	-111.733	177.01	10.2833	
3.06129	0.197788	0.025	1.79593	177.701	-20.9532	
8.64385	0.295232	0.025	-12.7532	176.354	6.15408	
-2.63759	0.0983141	0.025	-0.0848201	-181.654	-6.50648	
9.96304	0.318259	0.025	-25.7215	206.931	-2.78239	
9.37672	0.308025	0.025	-12.1323	170.317	4.99264	
13.9152	0.387244	0.025	-28.0926	221.309	-4.94202	
10.1734	0.32193	0.025	18.8552	216.872	0.355177	
8.94213	0.300439	0.025	13.6006	184.618	-0.321592	
0.487261	0.152859	0.025	-52.5793	180.368	-6.03134	
7.49684	0.275211	0.025	31.3687	222.04	1.77694	
11.2673	0.341024	0.025	8.17524	244.297	10.2487	
7.92047	0.282606	0.025	-9.56582	208.379	-4.09674	
8.75707	0.297209	0.025	-10.0501	222.924	6.94479	
9.23057	0.305474	0.025	8.96435	222.168	-14.3194	
7.2873	0.271554	0.025	-14.5469	181.766	-1.49533	
0.466437	0.152495	0.025	97.9932	249.993	-9.27764	
9.80829	0.315558	0.025	-12.6496	228.687	-4.78362	
6.98131	0.266213	0.025	50.9875	184.55	3.34412	
11.5071	0.34521	0.025	-22.6204	217.825	1.14947	
7.38624	0.273281	0.025	12.3964	174.605	-3.80676	
7.19687	0.269975	0.025	-22.1603	182.115	0.501831	
6.81287	0.263272	0.025	15.0368	168.032	1.16349	
0.264372	0.148968	0.025	-100.21	174.28	-4.45437	
2.95931	0.196008	0.025	4.43802	188.825	4.58706	
7.64968	0.277879	0.025	-0.904643	200.187	0.30754	
13.2671	0.375931	0.025	-17.5476	205.617	-2.51231	
15.0113	0.406377	0.025	1.48992	254.879	0.0426154	
9.35062	0.307569	0.025	-15.7246	208.12	-5.98608	
1.3783	0.168412	0.025	-35.2852	195.565	-9.31729	
2.65049	0.190618	0.025	39.3273	176.858	9.39605	
-0.28434	0.13939	0.025	-169.819	-164.849	30.6165	
4.42071	0.221517	0.025	-37.1037	217.388	3.20958	
0.207483	0.147975	0.025	-179.671	165.412	-15.1618	
0.360539	0.150647	0.025	-244.317	125.481	-20.3025	
-1.71033	0.114499	0.025	-33.6178	-239.624	-12.1955	
5.86154	0.246667	0.025	14.6497	168.845	6.16072	
3.34308	0.202707	0.025	-27.222	185.831	-1.97858	
-4.10176	0.0727569	0.025	-0.928039	-192.405	-15.6354	
1.11917	0.163889	0.025	6.05744	224.73	8.40877	
8.68727	0.29599	0.025	-13.0076	196.452	-6.82035	
0.738607	0.157246	0.025	1.04241	193.728	-5.63424	
-0.397696	0.137412	0.025	-144.287	-120.644	3.68628	
2.49683	0.187936	0.025	-50.8559	174.651	8.03418	
9.15626	0.304176	0.025	13.3605	196.049	-0.443592	
5.72557	0.244294	0.025	3.61986	195.518	1.80697	
-0.689829	0.132312	0.025	62.2748	-183.062	18.4748	
6.009	0.249241	0.025	-20.1907	201.159	-6.84686	
10.2681	0.323583	0.025	-19.2615	213.626	6.83839	
4.04521	0.214963	0.025	57.4904	223.602	-9.38464	
1.34082	0.167758	0.025	-31.449	219.185	-15.9791	
11.0806	0.337766	0.025	60.9265	237.297	-5.98188	
-1.14726	0.124328	0.025	63.94	-114.902	15.479	
9.53755	0.310832	0.025	-48.742	201.045	-11.2328	
-4.54749	0.0649766	0.025	42.6019	-179.319	-7.23767	
1.2724	0.166563	0.025	20.0941	148.77	-18.1192	
7.72264	0.279153	0.025	15.5991	214.015	7.59943	
2.68832	0.191278	0.025	-25.3075	209.722	-6.64518	
-1.1699	0.123933	0.025	7.1476	-213.863	1.77225	
1.28171	0.166726	0.025	-58.3268	235.499	-5.91077	
5.71147	0.244047	0.025	-34.9789	195.878	-0.441269	
6.05011	0.249959	0.025	-45.8349	206.024	1.77943	
7.35557	0.272745	0.025	-38.4012	218.269	10.2021	
12.0831	0.355264	0.025	-7.58543	203.018	-1.32403	
9.23975	0.305634	0.025	11.2268	219.387	-8.06821	
0.566748	0.154246	0.025	-66.5505	209.533	-0.499445	
0.360256	0.150642	0.025	-81.0637	134.285	9.49478	
6.35959	0.25536	0.025	-49.3133	216.788	14.1081	
0.191893	0.147703	0.025	-177.905	26.53	-1.85488	
2.62353	0.190147	0.025	10.291	186.921	-0.0573677	
6.90271	0.264841	0.025	18.3589	194.143	0.687301	
4.50054	0.222911	0.025	-15.5646	190.131	-3.65218	
1.63907	0.172963	0.025	-48.4169	169.878	-6.25332	
1.38009	0.168443	0.025	-79.4499	195.056	0.651828	
8.84891	0.298812	0.025	-18.1314	186.772	1.78255	
0.609867	0.154999	0.025	-67.3326	204.732	9.18847	
4.41899	0.221487	0.025	-13.7434	163.708	7.76245	
-1.12765	0.12467	0.025	-5.64033	-209.318	7.01167	
9.64751	0.312751	0.025	7.51557	210.537	6.93167	
14.5147	0.397708	0.025	-22.6919	216.226	-1.23768	
-0.604887	0.133795	0.025	-85.2502	-222.366	2.33265	
9.56526	0.311316	0.025	-15.7997	182.879	-10.6523	
9.40822	0.308575	0.025	-17.0474	223.132	-3.12866	
-0.323941	0.138699	0.025	-87.1883	-227.59	15.9949	
3.19361	0.200098	0.025	14.6251	193.797	-3.17305	
11.6608	0.347893	0.025	-7.6794	226.004	4.25628	
15.347	0.412237	0.025	44.1945	227.013	8.18418	
8.87149	0.299206	0.025	-12.1721	162.099	11.2642	
5.8488	0.246445	0.025	-19.6742	163.6	4.31719	
2.9768	0.196314	0.025	13.6853	168.125	2.02505	
0.590701	0.154664	0.025	-167.084	208.544	-18.5805	
5.45935	0.239647	0.025	-28.3924	198.227	-17.1415	
8.7499	0.297084	0.025	-27.8292	220.422	1.83304	
4.3406	0.220119	0.025	4.93787	185.566	13.9284	
0.362262	0.150677	0.025	-104.351	219.405	26.5526	
9.73755	0.314323	0.025	9.18324	218.191	-2.53638	
12.3759	0.360375	0.025	-1.40487	206.337	-1.52825	
0.988149	0.161602	0.025	-53.5795	128.369	12.7569	
10.4303	0.326414	0.025	-34.5081	146.816	-0.37592	
19.3491	0.482094	0.025	-23.4565	216.956	-3.92743	
0.0697417	0.145571	0.025	-53.9687	115.654	-7.31982	
-0.851395	0.129492	0.025	-64.7149	-60.0434	12.6793	
-1.0093	0.126736	0.025	-59.2442	-230.728	-0.0535088	
4.85318	0.229066	0.025	-5.49564	166.195	-6.27064	
8.91541	0.299972	0.025	-36.0213	187.36	-0.459889	
-1.17095	0.123914	0.025	2.13246	-192.662	-6.7157	
4.40667	0.221272	0.025	-49.5602	179.225	3.03444	
7.36045	0.272831	0.025	3.954	182.306	-11.049	
0.0136524	0.144592	0.025	-229.565	-91.4849	-9.38708	
0.71046	0.156755	0.025	-113.366	119.681	-18.9632	
6.64771	0.26039	0.025	20.1343	232.956	9.96914	
3.22076	0.200572	0.025	3.62405	197.371	-3.68793	
7.09669	0.268227	0.025	20.4571	188.956	-7.84947	
-0.842771	0.129643	0.025	39.3782	-163.874	9.39239	
-2.59915	0.0989851	0.025	-9.97523	-204.958	1.92979	
1.89734	0.177472	0.025	-22.9553	218.061	14.348	
1.98072	0.178927	0.025	30.0522	229.927	-5.85532	
12.7982	0.367748	0.025	4.79501	198.163	-4.83403	
2.36291	0.185598	0.025	-94.4549	183.989	4.62057	
8.1555	0.286708	0.025	52.7812	222.135	2.10281	
0.77345	0.157854	0.025	3.36482	198.168	-5.34018	
0.822857	0.158716	0.025	-24.9953	248.008	-0.380767	
1.69697	0.173974	0.025	-9.56768	232.222	-1.23235	
12.0117	0.354019	0.025	-10.5639	224.918	-7.10258	
4.53294	0.223476	0.025	-34.6358	181.517	-11.1812	
6.35973	0.255363	0.025	21.1717	167.049	-5.0237	
-2.77776	0.0958673	0.025	1.62103	-169.515	2.87111	
-6.88625	0.0241535	0.025	7.52652	-207.079	-0.70854	
0.649316	0.155687	0.025	0.508793	187.216	-4.81731	
-4.66305	0.0629595	0.025	-26.8819	-165.811	-9.60702	
10.53	0.328155	0.025	-20.4022	209.776	-11.1123	
0.882399	0.159756	0.025	-92.8966	192.877	15.5581	
5.61187	0.242309	0.025	-24.8907	219.666	-3.2425	
9.35274	0.307606	0.025	-34.219	234.472	13.891	
8.19311	0.287365	0.025	-27.2695	194.021	-2.55022	
9.05258	0.302367	0.025	23.2384	203.112	-6.8115	
11.441	0.344057	0.025	-25.0904	257.267	-3.23899	
2.23064	0.183289	0.025	6.61091	162.696	4.43455	
0.819022	0.158649	0.025	72.8341	114.748	20.5847	
6.36043	0.255375	0.025	2.37337	165.085	6.6959	
6.11309	0.251058	0.025	2.98813	207.489	3.54466	
6.10854	0.250978	0.025	-8.74836	189.071	-8.35582	
-0.94246	0.127903	0.025	-102.311	-225.042	23.0197	
-0.436591	0.136733	0.025	-16.5943	-197.517	-9.15758	
8.06803	0.285181	0.025	-23.8853	245.74	-3.04102	
7.06051	0.267595	0.025	-14.1134	168.645	-4.60504	
4.14798	0.216757	0.025	21.393	199.748	4.3044	
4.99414	0.231526	0.025	-48.9856	178.461	1.47699	
4.74984	0.227262	0.025	-49.0876	188.049	-3.55745	
8.0374	0.284647	0.025	14.988	214.88	-4.65381	
5.58292	0.241804	0.025	-20.8093	179.928	2.26038	
5.39387	0.238504	0.025	6.95417	171.498	9.08335	
0.660256	0.155878	0.025	-46.3094	120.552	7.87688	
3.91533	0.212696	0.025	18.3414	194.819	12.047	
6.26671	0.253739	0.025	-9.50293	213.952	5.19536	
7.59543	0.276932	0.025	-4.56642	159.938	1.92543	
10.2175	0.3227	0.025	22.888	196.308	1.30423	
0.476862	0.152677	0.025	-18.9683	247.154	30.829	
5.77316	0.245124	0.025	-25.6761	170.773	6.07278	
11.5009	0.345102	0.025	22.9218	217.151	-2.96166	
8.43172	0.29153	0.025	-16.4818	218.155	2.41586	
2.75997	0.192529	0.025	-3.99709	146.61	5.15365	
5.02825	0.232122	0.025	16.4503	225.93	2.43737	
4.95223	0.230795	0.025	4.52161	186.464	0.00750127	
7.49309	0.275146	0.025	36.7924	194.026	-12.7858	
2.60747	0.189867	0.025	-78.484	189.717	-4.25949	
4.59523	0.224563	0.025	-23.8652	175.473	5.06096	
0.345724	0.150388	0.025	-48.8939	191.831	2.37214	
11.1209	0.338469	0.025	-16.6728	218.39	-8.68364	
2.37643	0.185834	0.025	-6.54147	202.248	-4.1342	
-2.32166	0.103829	0.025	5.13016	-198.071	-5.00373	
4.7955	0.228059	0.025	-22.5778	172.232	-2.15161	
11.5286	0.345585	0.025	-66.0705	195.048	-0.191515	
-1.70608	0.114574	0.025	62.2529	-190.903	-3.96212	
9.68223	0.313357	0.025	4.21486	165.536	-0.766897	
-0.579632	0.134236	0.025	25.1938	-224.779	17.1178	
6.47952	0.257454	0.025	-23.22	188.868	-9.91241	
8.03537	0.284611	0.025	-38.633	185.914	1.71634	
8.50399	0.292791	0.025	24.4731	245.458	-1.07561	
8.0034	0.284053	0.025	-6.05263	220.399	-4.54859	
11.3174	0.3419	0.025	5.14156	245.171	-5.18162	
-1.29637	0.121725	0.025	-14.6377	-174.498	2.80189	
1.47779	0.170148	0.025	51.508	238.024	-13.2802	
5.19297	0.234997	0.025	-33.3078	206.396	-6.35068	
9.49506	0.31009	0.025	10.9828	206.297	-6.91798	
10.157	0.321645	0.025	5.1574	203.869	4.35399	
-0.625651	0.133433	0.025	-131.77	-176.102	30.6359	
10.1339	0.321241	0.025	-43.534	182.131	-11.4508	
-5.90491	0.0412827	0.025	7.84941	-183.518	6.67785	
3.80482	0.210767	0.025	-15.007	164.863	6.5673	
6.07992	0.250479	0.025	-85.6079	197.447	9.98583	
10.462	0.326968	0.025	25.0384	226.54	-6.14746	
1.49155	0.170388	0.025	-36.9824	155.742	-3.65266	
-4.17802	0.0714257	0.025	0.732226	-195.844	9.82429	
-3.97611	0.0749501	0.025	-67.4788	-193.37	3.52848	
5.32717	0.237339	0.025	54.3173	200.025	-2.69614	
0.200857	0.147859	0.025	-202.246	143.338	-13.8269	
-0.689383	0.13232	0.025	-85.8724	-187.61	-23.1754	
7.39532	0.273439	0.025	12.9535	178.926	-1.30479	
1.29449	0.166949	0.025	-109.725	140.371	0.857398	
9.28986	0.306508	0.025	23.6094	228.537	-0.757858	
1.74923	0.174886	0.025	-36.7041	199.582	3.8664	
8.39558	0.290899	0.025	-33.0484	179.264	-4.45632	
1.09583	0.163481	0.025	38.3264	87.5017	0.963972	
10.1508	0.321536	0.025	-18.8614	217.966	-4.06481	
-5.13872	0.0546567	0.025	-5.20306	-206.118	1.56967	
-4.73649	0.0616776	0.025	-57.9812	-190.018	8.77522	
-2.34516	0.103419	0.025	-38.6742	-232.018	3.05493	
0.64719	0.15565	0.025	-38.4324	233.458	8.1539	
5.50479	0.24044	0.025	-1.51404	165.902	7.78116	
14.2259	0.392667	0.025	-18.6049	230.919	-0.677921	
2.11488	0.181269	0.025	37.6702	162.601	-2.8934	
1.96815	0.178708	0.025	101.049	167.176	12.0767	
2.40905	0.186404	0.025	-42.8876	216.872	-5.25636	
6.60765	0.25969	0.025	0.625559	210.524	10.2803	
0.849243	0.159177	0.025	-115.078	263.548	-15.6487	
6.87448	0.264348	0.025	-2.82674	232.174	9.24103	
9.29503	0.306599	0.025	-42.3212	212.241	-2.10633	
-0.598528	0.133906	0.025	-50.7026	-172.225	-13.0329	
1.37462	0.168347	0.025	-55.2519	196.994	18.9307	
10.8344	0.333469	0.025	-21.0747	184.633	4.12245	
5.0142	0.231877	0.025	-12.9367	191.582	0.224531	
6.61279	0.25978	0.025	-25.9158	215.199	10.3102	
14.926	0.404887	0.025	-8.50835	254.75	-12.5943	
-4.76144	0.0612422	0.025	10.12	-139.91	20.3219	
7.83079	0.28104	0.025	-0.500487	182.232	11.8385	
0.246009	0.148647	0.025	-122.296	146.543	-21.8705	
2.68019	0.191136	0.025	-29.7024	193.791	6.25274	
6.85612	0.264027	0.025	12.3288	168.798	-6.01137	
-2.33245	0.10364	0.025	-57.8881	-143.888	-5.05752	
0.0913751	0.145948	0.025	-180.487	150.892	-15.7305	
2.58441	0.189465	0.025	-28.6512	210.796	-3.00508	
8.856	0.298936	0.025	-41.0411	227.018	-0.770513	
10.9502	0.335489	0.025	-42.7411	251.31	12.2909	
-0.164669	0.141479	0.025	-161.22	-104.688	24.0249	
10.9643	0.335737	0.025	-38.5543	194.756	-4.31274	
2.05324	0.180193	0.025	-40.7485	178.597	-3.26832	
0.376094	0.150918	0.025	-79.2397	99.1826	-2.85127	
9.54191	0.310908	0.025	-6.15319	201.613	4.85169	
0.796235	0.158252	0.025	139.772	201.679	11.8781	
-4.4101	0.0673749	0.025	-23.0434	-212.64	-8.44186	
-1.08064	0.125491	0.025	26.7984	-245.365	-2.68917	
12.3945	0.360701	0.025	-10.2614	204.575	-7.84701	
0.18523	0.147587	0.025	-200.609	67.0319	-43.5183	
18.0438	0.459308	0.025	3.57414	211.383	0.525139	
-0.408939	0.137215	0.025	10.4071	-162.284	-24.2977	
5.80714	0.245717	0.025	-47.872	193.586	16.3898	
-0.0805799	0.142947	0.025	-119.338	-9.3511	29.0596	
2.46957	0.18746	0.025	-55.6334	219.535	-6.63542	
-0.036655	0.143714	0.025	-205.781	-181.283	-9.90044	
9.54462	0.310955	0.025	34.3223	231.18	-0.613137	
-0.963514	0.127535	0.025	-100.642	-240.712	17.8532	
-3.65331	0.0805845	0.025	-24.1107	-201.332	8.32474	
0.342294	0.150328	0.025	49.5415	119.022	21.9279	
15.5086	0.415057	0.025	-22.6664	230.463	2.27842	
7.4471	0.274343	0.025	18.7989	160.908	-6.90807	
8.63907	0.295149	0.025	28.3816	186.487	2.99927	
2.97908	0.196353	0.025	-10.3878	157.262	0.0968634	
8.68614	0.29597	0.025	41.3088	230.921	2.32263	
1.54666	0.17135	0.025	-51.8602	161.766	-5.65114	
3.14181	0.199194	0.025	11.4432	181.503	-7.90029	
-2.9733	0.0924542	0.025	-1.14692	-222.386	4.17013	
5.25131	0.236015	0.025	56.7109	192.673	9.893	
-0.354613	0.138164	0.025	43.9479	-252.024	-7.88833	
0.72841	0.157068	0.025	-58.2192	251.976	11.2773	
0.371202	0.150833	0.025	-40.7342	252.019	-9.79381	
-0.127367	0.14213	0.025	-261.244	-20.9195	10.9164	
1.11835	0.163874	0.025	0.400004	170.568	1.96521	
2.42443	0.186672	0.025	-31.0048	229.416	1.82503	
1.49395	0.17043	0.025	-10.7495	156	-5.50779	
13.761	0.384552	0.025	-2.34299	189.577	1.30918	
-1.61085	0.116236	0.025	-60.0753	-130.738	18.142	
10.4206	0.326246	0.025	-24.1107	216.5	-6.43082	
-0.672459	0.132616	0.025	-104.84	-109.934	23.1197	
-3.74929	0.0789092	0.025	20.9195	-167.861	4.89786	
0.0156913	0.144627	0.025	-187.089	62.4662	32.9629	
12.4995	0.362532	0.025	-6.67015	210.872	-2.65669	
0.80733	0.158445	0.025	-51.0763	150.46	3.32701	
6.51085	0.258001	0.025	18.9969	189.566	2.47555	
-0.185755	0.141111	0.025	6.25105	-223.116	23.8343	
1.00468	0.16189	0.025	34.2364	213.684	9.59625	
-1.25314	0.12248	0.025	-60.3955	-197.935	8.36361	
2.48556	0.187739	0.025	18.1784	203.432	8.65976	
6.54745	0.258639	0.025	-22.3101	191.985	-9.77258	
12.9645	0.37065	0.025	-6.88143	232.013	5.4371	
4.96115	0.230951	0.025	-28.6474	195.286	-7.09211	
2.95658	0.195961	0.025	43.3345	214.404	-3.96763	
7.2546	0.270983	0.025	-55.464	194.661	5.87662	
9.77705	0.315012	0.025	33.5747	230.448	9.71137	
5.05748	0.232632	0.025	-28.6507	169.695	8.16289	
2.77258	0.192749	0.025	9.4385	226.086	2.91201	
0.824123	0.158739	0.025	-134.116	212.439	-18.6637	
11.8644	0.351447	0.025	10.1399	202.546	1.39368	
4.93058	0.230417	0.025	-58.7578	209.682	-2.27482	
-3.3245	0.086324	0.025	-26.6493	-145.98	1.92121	
4.55584	0.223876	0.025	-34.2066	169.8	10.4842	
7.43185	0.274077	0.025	-42.0877	163.166	-10.0618	
6.34559	0.255116	0.025	29.9565	216.025	6.20924	
8.10625	0.285849	0.025	36.2313	219.277	-8.58838	
1.22547	0.165744	0.025	3.79344	208.123	-15.3893	
3.51812	0.205762	0.025	-2.71461	221.74	-3.22261	
-0.835398	0.129771	0.025	-130.194	-195.398	6.90703	
3.45927	0.204735	0.025	-16.0162	166.458	11.3869	
0.749648	0.157439	0.025	-24.6228	284.253	10.4578	
15.3864	0.412925	0.025	21.6146	249.147	-4.49468	
2.98456	0.196449	0.025	27.8232	207.436	19.0444	
8.60293	0.294518	0.025	-51.8552	206.863	6.49469	
8.82741	0.298436	0.025	-37.1341	169.312	0.0833476	
1.07265	0.163077	0.025	-129.946	207.253	-5.28985	
8.50376	0.292787	0.025	22.4065	223.636	-0.3963	
5.26643	0.236279	0.025	-12.1046	185.286	7.68278	
4.08176	0.215601	0.025	-31.6556	201.15	1.93556	
7.60642	0.277124	0.025	21.2823	187.703	0.490313	
-1.03335	0.126316	0.025	-85.8354	-210.833	7.55411	
-1.2837	0.121946	0.025	11.312	-182.409	-10.9869	
7.07882	0.267915	0.025	-31.5255	177.165	10.9223	
11.709	0.348735	0.025	1.1333	235.8	-2.01932	
12.6606	0.365346	0.025	-7.39162	189.134	10.519	
4.82382	0.228554	0.025	-7.88643	181.017	-15.8812	
14.2759	0.393541	0.025	-21.8534	220.201	14.7258	
-6.00109	0.039604	0.025	53.7034	-200.79	-9.87747	
6.94956	0.265658	0.025	30.3705	176.019	-1.35604	
0.952386	0.160977	0.025	31.4914	236.285	-9.51795	
0.52095	0.153447	0.025	29.3598	229.576	-15.4976	
1.26776	0.166482	0.025	5.57169	195.109	15.9367	
9.43574	0.309055	0.025	20.0343	222.161	2.7616	
3.81327	0.210914	0.025	-1.03844	151.178	6.49561	
10.8502	0.333744	0.025	-24.343	223.378	14.1212	
0.77895	0.15795	0.025	-109.797	219.527	-2.881	
11.8254	0.350767	0.025	26.3917	216.8	-0.816546	
9.04126	0.302169	0.025	-2.0937	221.439	-7.04122	
6.66228	0.260644	0.025	-13.26	188.277	5.34691	
6.82355	0.263459	0.025	-6.7628	195.768	10.332	
8.26065	0.288544	0.025	-19.5959	199.794	9.24122	
-0.74932	0.131274	0.025	-29.6288	-215.265	-20.92	
7.77705	0.280102	0.025	-13.8765	197.267	-5.16384	
-0.0299441	0.143831	0.025	-183.026	129.749	51.096	
2.73579	0.192107	0.025	0.718518	216.955	18.6548	
0.888397	0.15986	0.025	8.36945	247.84	-5.6227	
0.750585	0.157455	0.025	121.297	187.792	-2.63059	
8.3513	0.290126	0.025	4.41575	172.24	-5.47524	
4.03157	0.214725	0.025	-35.9049	183.788	2.65943	
11.1964	0.339788	0.025	21.6214	174.871	-3.08198	
10.7095	0.331289	0.025	8.13246	204.283	4.87083	
7.46954	0.274735	0.025	-40.7493	173.086	8.89699	
2.41838	0.186566	0.025	10.2529	184.063	9.58532	
10.4929	0.327508	0.025	15.0155	230.581	5.36975	
4.30463	0.219491	0.025	42.6484	185.513	-12.2182	
-6.38322	0.0329338	0.025	-19.4993	-127.317	2.48382	
13.8462	0.386039	0.025	-33.5777	223.034	1.13287	
8.72755	0.296693	0.025	-6.20392	177.35	-6.97089	
7.19311	0.26991	0.025	-17.3121	206.517	1.20786	
-0.977331	0.127294	0.025	-64.0411	-230.063	9.84169	
2.65062	0.19062	0.025	24.0194	212.912	6.50646	
7.83188	0.281059	0.025	46.449	216.067	4.37044	
-1.48167	0.118491	0.025	-41.1923	-197.29	6.93122	
9.04749	0.302278	0.025	-18.5345	204.285	-2.53545	
3.36098	0.203019	0.025	-73.1175	207.621	3.22519	
11.3654	0.342737	0.025	-10.995	206.882	-0.35167	
5.24625	0.235927	0.025	-12.3944	216.046	0.300273	
-3.36851	0.0855559	0.025	-41.5374	-213.835	6.31402	
9.90284	0.317208	0.025	-23.248	230.408	0.177755	
6.6754	0.260873	0.025	-6.90756	187.759	14.2072	
8.89265	0.299575	0.025	67.4856	173.491	-6.34426	
13.1459	0.373816	0.025	-45.9326	232.174	2.99269	
9.81527	0.31568	0.025	-33.9593	239.504	-11.5974	
6.96314	0.265896	0.025	-0.721478	171.216	-5.41733	
7.28969	0.271595	0.025	5.18404	192.377	4.83449	
1.64735	0.173108	0.025	-37.638	179.397	-6.52143	
9.81743	0.315717	0.025	17.9074	210.438	9.59459	
12.7159	0.366311	0.025	-25.2705	232.833	0.302364	
7.92373	0.282663	0.025	-2.66888	169.889	-3.68012	
-0.359416	0.13808	0.025	-84.6172	-246.149	32.1521	
1.20516	0.165389	0.025	3.98813	192.098	14.0126	
6.25665	0.253564	0.025	2.5533	180.914	24.093	
9.53986	0.310872	0.025	-11.2102	211.25	-5.24953	
4.70097	0.226409	0.025	0.362202	162.625	-5.17172	
11.1763	0.339436	0.025	-23.622	234.083	-0.574321	
-0.229875	0.140341	0.025	-46.1349	-191.775	15.7051	
-1.10559	0.125055	0.025	-22.2802	-213.087	17.6462	
4.77491	0.2277	0.025	-73.9991	208.715	10.9492	
6.48168	0.257491	0.025	57.2963	194.44	10.5757	
0.164697	0.147228	0.025	-145.329	236.195	8.62786	
0.741967	0.157304	0.025	-77.9738	262.33	-10.8526	
-0.611691	0.133676	0.025	-3.69117	-224.023	-18.0308	
3.8062	0.210791	0.025	-11.3649	217.4	-2.21112	
7.84231	0.281241	0.025	18.9766	180.665	4.68993	
11.4123	0.343556	0.025	-13.9612	218.114	-10.6853	
6.00016	0.249087	0.025	-38.1969	185.738	-4.85182	
-0.616525	0.133592	0.025	57.1557	-228.744	-9.83983	
8.86494	0.299091	0.025	34.5102	229.888	1.69496	
11.8289	0.350827	0.025	38.2315	246.941	-0.918592	
1.03408	0.162403	0.025	-78.1771	126.452	-15.2565	
-1.19103	0.123564	0.025	-97.8065	-205.149	4.21935	
-2.94162	0.0930072	0.025	-7.8511	-205.131	-8.0046	
0.989118	0.161618	0.025	-14.4918	222.987	7.14943	
4.89308	0.229762	0.025	-55.6942	168.459	7.39049	
0.165613	0.147244	0.025	68.9726	239.179	14.3128	
3.15808	0.199478	0.025	-12.9634	201.562	-14.4804	
7.44719	0.274344	0.025	-67.7128	189.177	13.118	
4.04039	0.214879	0.025	36.5207	168.837	-2.32901	
-2.20126	0.10593	0.025	-15.2741	-202.454	-0.00239225	
1.61885	0.172611	0.025	-16.5759	181.262	0.665946	
0.336909	0.150234	0.025	-17.6615	254.801	19.4921	
1.14752	0.164383	0.025	-25.9279	200.059	-9.21197	
9.47554	0.309749	0.025	-14.2216	207.23	12.7523	
5.43548	0.23923	0.025	-50.7616	184.876	1.14815	
9.73093	0.314207	0.025	11.0847	164.924	-3.98109	
5.60763	0.242235	0.025	-23.7884	165.439	-5.51358	
-2.66038	0.0979163	0.025	-47.4348	-150.709	-7.46988	
14.0861	0.390228	0.025	-13.0803	224.834	-5.15968	
3.66246	0.208282	0.025	3.35827	166.63	-3.2055	
9.86886	0.316615	0.025	12.4597	254.897	-9.79979	
6.44192	0.256797	0.025	18.8676	168.109	5.37001	
-1.66246	0.115335	0.025	-39.118	-183.934	15.6013	
1.60759	0.172414	0.025	45.3883	223.065	5.39574	
0.863444	0.159425	0.025	-80.8616	194.511	-2.81736	
6.72304	0.261705	0.025	-30.7321	176.599	11.9978	
-0.146883	0.14179	0.025	-86.8487	-185.907	-36.1153	
6.66206	0.26064	0.025	9.61553	197.458	-0.616042	
9.28027	0.306341	0.025	-0.171578	214.841	-2.35533	
-0.888805	0.128839	0.025	-27.1231	-208.192	-13.7619	
4.84005	0.228837	0.025	-53.6029	191.447	-16.6435	
5.62729	0.242578	0.025	-31.8223	201.076	2.42152	
1.01414	0.162055	0.025	-109.325	216.843	11.1553	
6.86774	0.26423	0.025	4.17883	207.381	-13.2968	
1.8025	0.175816	0.025	-82.9904	168.82	0.169886	
-1.17639	0.123819	0.025	-52.2867	-226.505	-13.2771	
0.763327	0.157677	0.025	-106.548	212.707	-16.7207	
9.32244	0.307077	0.025	-1.97848	236.741	9.09992	
1.25972	0.166342	0.025	-71.1504	240.406	-6.8686	
-1.85597	0.111957	0.025	-127.948	-158.88	8.84412	
0.191207	0.147691	0.025	-235.654	8.82325	-47.4332	
7.07332	0.267819	0.025	69.1576	203.089	-10.4797	
12.5505	0.363422	0.025	39.4967	240.268	-8.53545	
4.01892	0.214504	0.025	-35.109	155.477	11.6495	
3.04391	0.197485	0.025	-63.4318	206.12	-6.57995	
5.57676	0.241696	0.025	22.9301	143.421	-0.447491	
7.86822	0.281694	0.025	-26.6573	210.541	-7.23991	
0.638504	0.155499	0.025	14.9942	245.903	13.061	
1.43823	0.169458	0.025	-9.98946	148.586	-10.6558	
-2.69262	0.0973536	0.025	39.5774	-193.319	7.34139	
5.68412	0.24357	0.025	-22.2166	215.653	11.8428	
-0.299865	0.139119	0.025	-221.1	-180.037	6.87542	
3.82609	0.211138	0.025	-0.600732	204.726	1.89225	
-0.286912	0.139345	0.025	31.0819	-150.523	-14.7874	
-0.781002	0.130721	0.025	-19.906	-124.772	22.591	
2.76918	0.19269	0.025	40.3532	214.415	11.7453	
9.00422	0.301523	0.025	-62.5102	202.238	-3.74293	
15.3041	0.411487	0.025	9.0294	208.083	2.7068	
3.26619	0.201365	0.025	-27.1216	220.138	3.74292	
3.61666	0.207482	0.025	-25.1008	181.305	2.5524	
1.27057	0.166531	0.025	-37.6676	249.475	14.5373	
13.0315	0.37182	0.025	-4.88191	262.132	-4.10923	
-3.41906	0.0846735	0.025	47.7749	-178.805	-2.85625	
0.871612	0.159567	0.025	-34.5531	295.4	8.18947	
9.50207	0.310213	0.025	-14.4519	190.652	2.45927	
7.04709	0.267361	0.025	-3.61402	244.153	3.14276	
13.2476	0.375592	0.025	-7.23547	242.663	2.11777	
4.28169	0.219091	0.025	-41.3351	162.542	-1.37633	
2.39551	0.186167	0.025	-44.736	169.931	5.98458	
13.667	0.382912	0.025	-40.5517	221.709	-3.61476	
6.02489	0.249518	0.025	16.7151	196.857	-8.55584	
2.93968	0.195666	0.025	-43.6894	176.296	-0.436864	
-0.289483	0.1393	0.025	-92.0384	-176.652	2.01798	
3.34015	0.202656	0.025	18.3173	221.091	-5.1935	
-0.219143	0.140528	0.025	-66.9898	-89.1828	24.0825	
5.54178	0.241085	0.025	23.7065	197.557	14.4375	
9.78843	0.315211	0.025	-32.1303	239.746	7.46691	
2.79908	0.193211	0.025	-9.56585	214.095	1.20834	
7.75721	0.279756	0.025	-1.26486	212.311	-11.6628	
4.42972	0.221674	0.025	30.3183	180.814	-0.115452	
2.78349	0.192939	0.025	-42.8164	146.156	-4.27643	
-0.275408	0.139546	0.025	-116.849	-139.318	6.14798	
6.31234	0.254536	0.025	-1.23857	192.795	1.4357	
13.0001	0.37127	0.025	11.8302	192.023	7.37326	
6.60418	0.25963	0.025	-39.8966	184.275	-9.43879	
8.17042	0.286969	0.025	17.1032	230.07	8.93859	
-0.167299	0.141433	0.025	-162.102	-58.5034	18.2302	
4.95622	0.230865	0.025	57.8599	202.776	7.91166	
2.03822	0.179931	0.025	35.6675	181.236	-2.41381	
0.31005	0.149765	0.025	-98.0992	193.204	-20.5192	
-0.564619	0.134498	0.025	-85.9991	-234.562	11.5511	
0.159069	0.14713	0.025	-184.268	213.271	26.899	
7.05503	0.267499	0.025	8.98813	193.458	-1.14587	
4.4898	0.222723	0.025	-17.3051	203.72	-3.80711	
-0.715154	0.13187	0.025	-170.441	-176.585	-4.07718	
5.12001	0.233724	0.025	8.15436	239.726	18.6136	
0.763539	0.157681	0.025	-107.425	56.0763	-16.2668	
2.67107	0.190977	0.025	59.7715	204.025	-3.66363	
1.03337	0.162391	0.025	-57.6823	179.502	-9.27381	
0.204889	0.14793	0.025	-67.8688	220.251	-31.5122	
8.78944	0.297774	0.025	-46.1257	225.713	4.1454	
1.13235	0.164119	0.025	-36.5353	200.754	11.6028	
-4.46406	0.0664329	0.025	-11.2088	-222.507	-4.83825	
1.05739	0.16281	0.025	39.0449	187.628	13.5006	
-0.388125	0.137579	0.025	-20.4814	-101.923	7.99575	
4.06011	0.215223	0.025	22.9543	196.013	-18.3218	
7.94267	0.282993	0.025	-18.2427	197.008	7.57513	
4.90359	0.229946	0.025	59.7068	185.022	-12.9469	
2.50909	0.18815	0.025	-31.3095	179.896	-12.6379	
2.02656	0.179727	0.025	-20.218	168.876	-3.66282	
10.146	0.321453	0.025	-4.46749	219.792	-8.45187	
10.6088	0.329531	0.025	32.5856	206.014	-4.54338	
3.16876	0.199664	0.025	-62.417	171.672	10.9035	
11.2494	0.340712	0.025	26.5911	224.695	1.6435	
0.0976995	0.146059	0.025	-184.272	14.4342	-15.5145	
-0.642089	0.133146	0.025	-69.6578	-210.444	-18.6814	
7.2229	0.27043	0.025	3.36532	176.79	-4.8047	
-0.880191	0.12899	0.025	25.93	-222.596	-8.15552	
6.59678	0.259501	0.025	10.3385	197.764	3.31255	
-1.67063	0.115192	0.025	-80.9285	-132.93	6.58541	
6.74252	0.262045	0.025	-66.1116	208.902	1.18737	
9.80165	0.315442	0.025	6.17533	202.73	4.2008	
0.864886	0.15945	0.025	-97.3276	133.112	6.30842	
-0.591459	0.134029	0.025	-122.11	-214.679	-18.832	
4.63903	0.225328	0.025	-34.4839	201.446	-4.90289	
1.99995	0.179263	0.025	-32.7266	240.427	6.51612	
11.638	0.347495	0.025	25.0312	204.106	-10.8598	
6.20796	0.252714	0.025	-11.0844	183.403	3.71287	
7.74231	0.279496	0.025	13.672	205.147	-13.5626	
0.263278	0.148949	0.025	-136.77	311.258	-8.87887	
11.8234	0.350732	0.025	8.5117	228.302	-1.21527	
1.88117	0.177189	0.025	-49.8457	169.627	-17.9292	
4.92418	0.230305	0.025	39.3538	207.167	-0.25047	
13.9603	0.388031	0.025	3.23619	256.012	3.42886	
9.08475	0.302928	0.025	19.1995	194.898	-12.8569	
4.09294	0.215796	0.025	1.65181	188.246	4.64039	
4.5602	0.223952	0.025	-25.9971	201.774	-7.38254	
0.544247	0.153853	0.025	-15.5873	222.228	-10.2791	
13.384	0.377973	0.025	-11.9065	197.986	7.69952	
8.42402	0.291395	0.025	-15.3231	211.169	0.83776	
-1.73308	0.114102	0.025	25.5467	-220.078	0.739592	
8.7336	0.296799	0.025	-31.3579	222.095	16.2998	
-0.645534	0.133086	0.025	-122.494	-215.033	-6.87335	
4.44034	0.22186	0.025	8.91743	169.52	0.571807	
2.51441	0.188243	0.025	7.42679	226.525	10.8866	
7.75118	0.279651	0.025	3.42322	204.048	2.43492	
5.16033	0.234427	0.025	-2.59918	190.296	8.47461	
9.31749	0.306991	0.025	17.8482	223.365	10.2522	
7.11923	0.26862	0.025	-18.0182	189.743	-7.6057	
10.9298	0.335134	0.025	43.7293	231.057	-2.2796	
0.382804	0.151035	0.025	-153.558	219.643	-0.529391	
1.21257	0.165519	0.025	-59.5661	229.785	-13.9314	
-1.02673	0.126432	0.025	2.10881	-253.623	-13.6618	
0.266272	0.149001	0.025	-62.8473	147.678	3.10553	
7.46333	0.274626	0.025	-69.536	222.565	-1.09023	
11.2146	0.340105	0.025	24.5635	221.753	0.396344	
10.89	0.33444	0.025	-29.039	240.388	13.2353	
7.91216	0.282461	0.025	7.58464	191.864	19.9358	
-0.668939	0.132677	0.025	50.8969	-267.245	41.0296	
-4.81741	0.0602651	0.025	70.5863	-184.815	1.47534	
5.55726	0.241356	0.025	-8.73826	191.045	-0.963321	
8.63709	0.295114	0.025	-5.84807	190.047	6.03489	
0.357484	0.150593	0.025	-98.0458	163.908	-4.62646	
6.72401	0.261721	0.025	65.9433	188.433	-8.47173	
8.22882	0.287988	0.025	17.8938	160.495	-7.80093	
3.24492	0.200994	0.025	19.5341	250.442	-1.61308	
7.16351	0.269393	0.025	22.1901	183.859	-9.06801	
3.39031	0.203532	0.025	12.8918	188.23	6.85513	
1.20207	0.165336	0.025	40.4489	190.966	7.74913	
11.3715	0.342844	0.025	-5.43295	193.886	-3.52709	
-3.85972	0.0769818	0.025	-38.263	-160.623	-5.77003	
5.56437	0.24148	0.025	-13.6004	189.56	7.8346	
8.85739	0.29896	0.025	-4.73181	204.116	-9.47663	
9.3309	0.307225	0.025	-46.4317	221.008	5.30965	
7.46293	0.274619	0.025	-29.6288	202.343	-13.8603	
8.70326	0.296269	0.025	0.919969	219.945	4.69794	
15.3938	0.413052	0.025	10.7231	250.766	11.3235	
3.42332	0.204108	0.025	-47.1782	202.523	5.51485	
8.63118	0.295011	0.025	35.1358	232.128	-9.80456	
4.06966	0.21539	0.025	-34.6393	185.87	-11.9107	
4.11974	0.216264	0.025	38.2513	172.664	1.44028	
0.373591	0.150874	0.025	-145.305	157.042	0.395034	
7.55843	0.276286	0.025	15.835	213.106	7.88552	
3.12171	0.198843	0.025	28.0122	229.261	-11.531	
-0.632804	0.133308	0.025	-65.3534	-194.528	9.06538	
5.33832	0.237534	0.025	2.52912	165.832	-9.03294	
5.93357	0.247924	0.025	-39.8464	207.476	11.092	
12.3954	0.360716	0.025	19.7234	202.318	0.462216	
8.12357	0.286151	0.025	-14.9263	201.747	9.09846	
5.74048	0.244554	0.025	25.6308	211.169	18.2223	
9.52039	0.310532	0.025	-21.8779	179.758	-2.4661	
3.17439	0.199763	0.025	-28.0287	178.141	-5.51598	
9.64801	0.31276	0.025	-4.413	198.073	-14.6871	
1.50603	0.170641	0.025	34.9874	190.027	-10.7442	
11.7882	0.350118	0.025	-7.25472	208.271	1.91188	
-0.175181	0.141296	0.025	-148.545	-108.453	-2.78011	
3.00643	0.196831	0.025	20.154	206.242	-11.8061	
9.35434	0.307634	0.025	-8.75308	230.767	4.03223	
0.148811	0.146951	0.025	-31.3447	51.3947	-5.26454	
8.98058	0.30111	0.025	-13.7128	211.438	18.1444	
0.535667	0.153703	0.025	-3.428	144.408	-0.149106	
6.30159	0.254348	0.025	-14.9284	181.661	14.1641	
7.41857	0.273845	0.025	-6.78805	202.328	-3.91644	
4.4042	0.221229	0.025	-18.9377	211.308	4.97036	
-1.04081	0.126186	0.025	-3.98108	-243.643	-15.0598	
16.7408	0.436566	0.025	6.06365	242.566	-6.38623	
2.5514	0.188888	0.025	-27.7824	192.606	-2.8149	
-1.43464	0.119312	0.025	4.02216	-204.325	-7.03114	
0.806513	0.158431	0.025	-8.18904	180.504	-2.27574	
16.2127	0.427347	0.025	-50.9397	228.296	-4.35183	
1.02456	0.162237	0.025	-81.9011	224.841	-14.6266	
7.74248	0.279499	0.025	4.63947	228.354	6.3384	
2.91847	0.195296	0.025	40.2862	223.231	-8.33366	
10.6278	0.329862	0.025	-1.3188	230.883	9.86648	
7.02033	0.266894	0.025	-18.6416	226.932	-1.47588	
7.13164	0.268837	0.025	-43.6961	209.739	-9.74501	
-3.89053	0.0764439	0.025	-4.7528	-225.832	4.8104	
3.11222	0.198677	0.025	56.6241	203.08	5.72325	
-0.703913	0.132067	0.025	-53.1763	-234.436	13.3819	
4.47903	0.222535	0.025	0.260676	147.056	9.01077	
-2.33476	0.1036	0.025	-21.7912	-208.392	6.7727	
9.53694	0.310821	0.025	-27.6482	213.708	-0.529169	
7.28548	0.271522	0.025	35.5129	190.849	10.563	
7.85426	0.28145	0.025	-29.9296	185.677	-1.3203	
9.84959	0.316279	0.025	10.4361	210.612	1.56446	
8.323	0.289632	0.025	-16.1218	213.271	11.3318	
4.06203	0.215256	0.025	-2.2348	184.476	5.03731	
1.07244	0.163073	0.025	-46.5807	178.58	7.74167	
11.5122	0.3453	0.025	-11.7213	230.562	9.74986	
3.05105	0.19761	0.025	9.15614	194.291	-10.6304	
4.38315	0.220862	0.025	-51.1528	194.82	9.42559	
-0.451571	0.136471	0.025	24.5824	-202.104	-1.35858	
-0.101912	0.142575	0.025	-164.368	17.5936	25.6673	
6.67876	0.260932	0.025	22.9046	216.169	-5.11992	
-0.809872	0.130217	0.025	-22.2437	-120.708	5.18711	
0.990326	0.16164	0.025	-29.4313	183.621	12.6149	
5.04189	0.23236	0.025	5.93631	204.494	4.16778	
7.16259	0.269377	0.025	33.9586	204.602	-2.63687	
3.71871	0.209264	0.025	-6.1404	194.489	-18.8131	
9.70925	0.313829	0.025	-13.5154	234.925	-1.30336	
1.2463	0.166108	0.025	-95.1376	231.544	-2.68048	
2.41321	0.186476	0.025	-93.4	213	5.80789	
11.8644	0.351448	0.025	-41.9566	216.263	1.05422	
12.5842	0.364011	0.025	-31.7842	228.107	-0.529868	
1.80114	0.175792	0.025	-103.791	226.28	-19.5154	
12.1671	0.35673	0.025	-14.8687	224.408	0.516333	
8.23244	0.288051	0.025	-17.9258	185.779	9.87416	
20.3812	0.500108	0.025	-42.7723	228.779	4.61901	
6.03832	0.249753	0.025	-59.0102	189.826	11.3926	
6.1649	0.251962	0.025	28.6678	198.044	5.46045	
7.51901	0.275598	0.025	51.7116	193.792	5.82757	
5.09951	0.233366	0.025	-1.77627	201.804	-12.0887	
8.11096	0.285931	0.025	-29.9931	226.565	-11.4718	
2.57378	0.189279	0.025	37.8916	186.64	8.54144	
10.0485	0.319751	0.025	11.9452	248.486	14.3296	
-2.53295	0.100141	0.025	8.82033	-188.409	1.77018	
-3.50611	0.083154	0.025	-7.35029	-206.696	2.00444	
8.78342	0.297669	0.025	-58.675	176.045	-2.49227	
-1.43233	0.119352	0.025	20.0346	-206.13	6.03656	
-2.37681	0.102866	0.025	6.87997	-199.564	6.64399	
10.9197	0.334957	0.025	-13.4684	235.042	1.89291	
0.467692	0.152517	0.025	-91.2395	272.235	5.81961	
0.81945	0.158657	0.025	-88.6963	208.726	9.26253	
5.41086	0.2388	0.025	-33.1841	237.462	2.20942	
10.5859	0.329131	0.025	-13.6704	215.899	12.985	
15.3543	0.412364	0.025	-58.7017	215.27	-4.76963	
0.461743	0.152413	0.025	-17.3314	258.22	9.73339	
8.18093	0.287152	0.025	-3.89843	215.115	-4.39516	
0.53194	0.153638	0.025	12.4738	223.644	-14.6493	
-0.297941	0.139153	0.025	-105.728	-236.19	-15.6365	
12.0343	0.354413	0.025	-6.98456	235.819	7.07003	
-0.33762	0.13846	0.025	-60.0741	-168.921	-0.00933685	
4.50475	0.222984	0.025	-6.59985	176.203	9.52475	
1.49054	0.170371	0.025	-19.6041	174.516	-0.949708	
-1.29927	0.121674	0.025	-8.90503	-231.921	12.3824	
9.54414	0.310947	0.025	-8.46999	242.291	7.13957	
0.320271	0.149944	0.025	-122.08	203.558	1.73257	
1.79979	0.175769	0.025	-82.8315	163.31	2.64649	
10.558	0.328644	0.025	0.204385	203.084	15.7528	
13.6019	0.381775	0.025	-4.25442	230.726	-15.4029	
3.91497	0.212689	0.025	-41.8993	218.026	10.4945	
6.94195	0.265526	0.025	-23.3306	199.634	0.427259	
6.48895	0.257618	0.025	26.8428	218.865	0.453505	
-2.35657	0.103219	0.025	-17.1711	-189.593	14.3055	
15.1126	0.408145	0.025	-25.0985	232.346	-2.60992	
-0.709365	0.131971	0.025	65.8466	-215.151	-23.065	
0.507928	0.153219	0.025	-82.0947	171.949	-0.811791	
9.13631	0.303828	0.025	0.0535194	210.999	0.582981	
0.789581	0.158136	0.025	-65.8175	186.515	-10.1882	
11.5115	0.345287	0.025	41.2487	193.632	-2.83866	
0.548693	0.153931	0.025	-53.1824	220.936	-8.31761	
7.69558	0.27868	0.025	46.9058	218.693	11.0122	
-1.74611	0.113875	0.025	1.17555	-225.916	-2.40509	
-1.07538	0.125583	0.025	-81.9535	-173.461	10.5752	
-0.605606	0.133783	0.025	-55.2891	-53.4354	1.18436	
-4.70104	0.0622963	0.025	40.7235	-167.185	1.78121	
1.38664	0.168557	0.025	-87.4493	161.706	-3.0765	
0.599634	0.15482	0.025	-83.019	156.389	22.0699	
-0.85208	0.12948	0.025	-70.9688	-203.333	22.3334	
10.2721	0.323654	0.025	-8.00604	247.788	-10.4885	
-0.690276	0.132305	0.025	-82.0519	-180.743	6.72352	
-0.168069	0.14142	0.025	-29.8831	-295.92	-29.7152	
5.12812	0.233865	0.025	11.4895	242.235	-7.82808	
1.627	0.172753	0.025	-44.1986	210.974	13.5626	
12.1877	0.357091	0.025	-65.4532	203.968	4.52583	
3.22557	0.200656	0.025	-48.528	193.839	-8.6474	
2.93097	0.195514	0.025	-26.6054	159.523	0.955277	
0.754805	0.157529	0.025	-109.063	226.862	4.31528	
0.0889959	0.145907	0.025	-173.831	135.454	0.371085	
4.90252	0.229927	0.025	10.2781	165.707	-2.32186	
-0.95209	0.127735	0.025	-7.5686	-145.471	-14.7241	
0.429542	0.151851	0.025	9.41253	289.926	1.87255	
0.649126	0.155684	0.025	9.0703	159.859	9.44015	
12.3641	0.36017	0.025	4.1371	245.577	-6.54155	
8.65855	0.295489	0.025	-45.8149	219.22	-6.48018	
-0.53139	0.135078	0.025	-150.705	-233.226	-14.0793	
8.99963	0.301443	0.025	17.8819	228.289	-7.00235	
9.33206	0.307245	0.025	-43.961	201.925	-4.98444	
-2.50688	0.100596	0.025	-74.0301	-200.849	-2.94407	
-0.411531	0.13717	0.025	63.2431	-202.07	-8.71344	
-0.710329	0.131955	0.025	-25.852	-113.623	-6.93402	
9.97712	0.318505	0.025	-41.2708	222.448	1.6368	
3.31661	0.202245	0.025	31.007	205.114	10.9626	
10.3432	0.324894	0.025	-22.8453	197.395	6.07467	
1.2414	0.166022	0.025	5.70519	180.544	-8.56016	
11.2149	0.340111	0.025	8.67961	208.674	3.85617	
11.6668	0.347998	0.025	9.40038	227.132	7.3298	
8.99795	0.301413	0.025	35.5107	225.824	2.01746	
6.10243	0.250872	0.025	-31.9772	223.593	5.60338	
11.3654	0.342736	0.025	-34.8467	265.6	4.49889	
7.06004	0.267587	0.025	-36.3413	168.595	-4.75178	
-2.03161	0.108892	0.025	-33.3245	-209.566	-8.94235	
1.16543	0.164696	0.025	-43.7612	216.775	-1.68279	
-0.547374	0.134799	0.025	83.681	-152.128	-13.1117	
0.16186	0.147179	0.025	-165.228	265.341	-21.4176	
11.771	0.349817	0.025	-46.9926	221.61	11.0822	
-0.53558	0.135005	0.025	-116.229	-176.078	29.4431	
8.34299	0.289981	0.025	19.5511	197.43	6.70333	
11.1892	0.339661	0.025	3.55367	236.189	-2.26292	
5.16802	0.234562	0.025	-14.6209	186.059	-9.80238	
1.24062	0.166009	0.025	12.8918	75.1527	6.01666	
11.1014	0.338128	0.025	6.72357	207.393	-1.88329	
12.6122	0.3645	0.025	4.46266	184.342	1.02346	
8.47413	0.29227	0.025	28.3637	164.398	-10.8577	
-6.89866	0.0239369	0.025	14.663	-221.58	2.0772	
5.20481	0.235204	0.025	8.70819	202.64	-9.03342	
13.225	0.375197	0.025	-10.8418	211.195	2.30859	
-2.87129	0.0942348	0.025	-45.9057	-215.954	18.9183	
1.38514	0.168531	0.025	-66.5724	211.466	-10.6795	
2.78202	0.192914	0.025	-25.6102	235.167	-1.73814	
2.721	0.191849	0.025	24.2666	177.86	-8.44935	
0.105067	0.146187	0.025	-94.7588	125.646	12.7773	
11.2113	0.340047	0.025	-2.42605	187.112	11.2937	
4.84778	0.228972	0.025	-6.00814	212.728	-10.9357	
-0.808663	0.130238	0.025	-61.6319	-247.484	-13.3776	
4.94439	0.230658	0.025	-0.723908	211.101	-6.281	
1.87433	0.17707	0.025	63.4348	262.616	7.37492	
5.37487	0.238172	0.025	-8.01107	202.087	18.5279	
7.34661	0.272589	0.025	4.16678	207.812	19.4343	
14.9905	0.406014	0.025	6.29179	225.42	3.4059	
4.90785	0.23002	0.025	32.697	194.35	-4.08928	
8.43169	0.291529	0.025	2.5478	185.838	-4.0316	
-0.505733	0.135526	0.025	-140.748	-214.328	8.13161	
9.45792	0.309442	0.025	8.77115	191.469	6.89347	
1.29323	0.166927	0.025	-126.3	219.925	-28.3041	
8.53736	0.293374	0.025	-10.2341	190.449	0.233717	
5.93351	0.247923	0.025	-15.1524	154.316	6.93406	
5.10314	0.233429	0.025	-54.2647	201.691	7.88548	
5.76802	0.245035	0.025	-24.6833	190.793	-4.12828	
-1.01991	0.126551	0.025	-35.3629	-153.153	12.4709	
1.28074	0.166709	0.025	-22.0951	167.683	-6.17726	
1.21957	0.165641	0.025	-86.3786	228.604	2.40452	
14.8013	0.402711	0.025	34.2188	196.297	-1.32144	
3.17101	0.199704	0.025	27.9195	211.752	0.62572	
1.10745	0.163684	0.025	-31.9789	182.734	-14.1818	
-1.4608	0.118855	0.025	-45.0971	-201.683	8.81934	
10.7332	0.331703	0.025	16.6476	203.578	11.0707	
4.95973	0.230926	0.025	-21.484	180.95	-8.34991	
2.599	0.189719	0.025	-17.3269	225.665	-7.21095	
11.5427	0.345832	0.025	-7.93242	191.358	6.38423	
4.93377	0.230473	0.025	23.2738	186.043	3.86581	
13.1594	0.374052	0.025	20.7195	232.918	-3.63889	
9.84664	0.316227	0.025	-30.4228	171.447	-2.51212	
-4.81457	0.0603148	0.025	-2.75557	-201.94	-5.18668	
-3.95901	0.0752486	0.025	28.4051	-146.292	0.663447	
0.242147	0.14858	0.025	-117.837	145.188	-5.47422	
8.26621	0.288641	0.025	0.839646	160.469	5.8128	
0.025163	0.144793	0.025	-192.645	-17.2225	-5.72094	
0.723728	0.156986	0.025	-138.813	228.472	16.2479	
-0.125148	0.142169	0.025	-155.788	-54.4173	-3.98033	
0.664423	0.155951	0.025	-63.8943	234.35	4.58741	
1.34915	0.167903	0.025	-115.78	206.263	2.69655	
1.38063	0.168452	0.025	-15.3873	176.02	-8.06234	
9.24144	0.305663	0.025	-1.29501	225.493	5.07811	
8.61797	0.294781	0.025	-2.63393	215.872	4.35015	
1.48067	0.170199	0.025	-74.0793	207.318	-4.90796	
-3.3672	0.0855786	0.025	-26.8423	-170.238	5.9135	
-2.97186	0.0924794	0.025	4.37472	-186.233	19.2482	
10.3547	0.325095	0.025	20.9174	199.585	-3.99964	
8.81803	0.298273	0.025	19.8482	213.407	2.98736	
-4.37689	0.0679544	0.025	10.9598	-179.287	-10.3366	
3.84531	0.211474	0.025	-40.3934	160.408	8.84906	
11.7768	0.349918	0.025	9.55728	195.294	-3.27602	
0.80827	0.158462	0.025	-31.4599	220.642	9.66614	
7.17599	0.269611	0.025	-32.3678	206.484	7.17012	
0.473381	0.152616	0.025	-31.2442	173.56	-6.57295	
3.45268	0.20462	0.025	-67.6883	198.275	-14.8368	
11.187	0.339623	0.025	-34.1159	196.856	-7.442	
2.35261	0.185418	0.025	-1.63556	211.527	10.3453	
3.4518	0.204605	0.025	-10.9743	193.088	-7.97726	
12.4319	0.361353	0.025	-32.6686	247.403	3.12838	
7.42019	0.273873	0.025	-1.93022	184.669	-2.77414	
6.37519	0.255633	0.025	-7.91225	178.378	8.05125	
14.4346	0.39631	0.025	38.4261	235.211	8.19356	
4.63317	0.225226	0.025	-14.8866	184.525	4.34649	
-0.481286	0.135953	0.025	-21.4803	-217.149	4.04312	
9.16365	0.304306	0.025	9.0767	236.565	-14.4529	
-1.95782	0.110179	0.025	-33.0326	-187.78	4.43224	
4.37779	0.220768	0.025	-26.3677	227.21	4.01718	
14.7686	0.40214	0.025	5.42586	248.744	3.75133	
1.02122	0.162179	0.025	-75.2693	214.375	6.01703	
9.8442	0.316185	0.025	-30.7768	220.729	-3.6707	
7.20568	0.270129	0.025	-28.2206	195.364	5.26664	
3.60759	0.207324	0.025	-35.1509	191.397	9.26003	
9.18363	0.304654	0.025	13.3441	192.522	0.0273353	
1.08048	0.163213	0.025	-18.0759	248.524	-4.61846	
10.2623	0.323482	0.025	16.2303	185.956	-15.7857	
11.2808	0.34126	0.025	-8.83034	203.963	1.74108	
8.49142	0.292572	0.025	-8.85933	224.3	19.9015	
-1.59199	0.116565	0.025	49.2513	-165.556	0.812734	
0.208847	0.147999	0.025	-14.0202	151.244	23.3564	
-5.7813	0.0434405	0.025	1.71177	-195.63	-3.65861	
5.80924	0.245754	0.025	-12.723	171.788	-0.129171	
1.96081	0.178579	0.025	22.2407	221.539	-8.2441	
5.96613	0.248492	0.025	37.8337	176.299	-4.45531	
4.0488	0.215025	0.025	-2.64431	200.3	9.2808	
5.27571	0.236441	0.025	-18.6877	198.005	1.98113	
3.8245	0.21111	0.025	4.2628	169.996	5.66552	
2.79194	0.193087	0.025	-36.0687	234.608	-7.47774	
4.19006	0.217491	0.025	27.6129	202.309	-5.2881	
5.09944	0.233364	0.025	-33.7967	192.718	-2.82454	
8.51221	0.292935	0.025	-6.1289	189.402	4.23863	
-4.34818	0.0684556	0.025	14.4898	-197.407	-20.5903	
0.544772	0.153862	0.025	23.0325	300.761	21.2977	
4.62066	0.225007	0.025	-56.7549	170.518	12.4323	
3.5353	0.206062	0.025	39.1648	195.479	2.38949	
10.0863	0.32041	0.025	19.2411	214.746	11.161	
9.29523	0.306602	0.025	-5.58986	212.287	-7.19138	
-0.177888	0.141248	0.025	-44.2162	-170.302	-8.34113	
1.42989	0.169312	0.025	-38.3714	215.088	-8.81652	
11.7648	0.349709	0.025	-23.6096	208.213	0.765226	
11.551	0.345977	0.025	32.3826	188.452	-8.45498	
-1.00188	0.126865	0.025	52.7647	-229.361	10.2429	
-0.747186	0.131311	0.025	83.194	-199.676	-16.9875	
6.97903	0.266173	0.025	22.6492	227.768	-6.23457	
-0.160804	0.141547	0.025	-69.0347	-147.098	11.595	
9.2063	0.30505	0.025	18.0532	245.873	-4.48879	
9.2213	0.305312	0.025	44.8108	208.476	2.1965	
-0.626508	0.133418	0.025	27.9307	-265.266	31.3848	
1.09484	0.163464	0.025	-40.3449	227.302	16.3169	
0.701894	0.156605	0.025	62.5598	215.73	-1.10702	
7.18704	0.269804	0.025	6.11318	223.991	14.7235	
-4.12206	0.0724025	0.025	-0.51334	-201.583	-8.71009	
9.16129	0.304264	0.025	-21.9863	204.637	10.3376	
6.81874	0.263375	0.025	14.7324	169.917	3.57534	
-0.243098	0.14011	0.025	-196.738	-130.393	-12.5276	
-3.69481	0.0798602	0.025	-26.3009	-240.324	-9.57464	
2.30958	0.184667	0.025	5.08494	185.576	5.97835	
3.00533	0.196812	0.025	26.4701	171.932	5.87243	
6.94422	0.265565	0.025	-22.2577	184.311	-6.27416	
8.82464	0.298388	0.025	-22.4334	218.005	1.90219	
8.65964	0.295508	0.025	29.4462	199.396	-2.88364	
7.95266	0.283168	0.025	3.65801	252.466	-1.69653	
1.29428	0.166945	0.025	-6.77373	168.281	28.4268	
11.2438	0.340615	0.025	-19.8753	182.136	-0.571025	
1.14106	0.164271	0.025	-74.9449	182.154	7.14883	
-3.02347	0.0915785	0.025	-15.8534	-174.492	0.869491	
6.26632	0.253732	0.025	-39.6764	177.352	6.50719	
16.027	0.424106	0.025	30.1295	226.988	4.73197	
3.63782	0.207852	0.025	-4.30676	174.442	-5.49655	
-3.33964	0.0860598	0.025	-23.4081	-190.537	-8.71076	
-1.6862	0.114921	0.025	-46.0119	-177.757	3.82626	
0.269973	0.149066	0.025	-41.8469	205.765	39.1855	
8.25935	0.288521	0.025	-12.9099	185.307	7.9073	
11.3529	0.342518	0.025	-39.2338	233.868	5.6205	
13.5274	0.380476	0.025	-48.2161	187.928	1.07092	
-0.756194	0.131154	0.025	-50.1072	-228.683	-11.7739	
3.56892	0.206649	0.025	-14.3864	175.248	0.840831	
7.68485	0.278493	0.025	-10.4853	193.231	-2.13117	
-0.127797	0.142123	0.025	-183.132	-60.7937	-5.71712	
4.29227	0.219275	0.025	0.211425	177.683	13.0602	
1.48809	0.170328	0.025	26.3195	180.472	4.39488	
0.35612	0.150569	0.025	109.376	67.4084	10.6001	
1.73449	0.174629	0.025	60.9515	212.302	-10.2859	
8.86126	0.299027	0.025	-8.46919	216.449	-1.42393	
6.17895	0.252207	0.025	-1.94027	208.33	12.0161	
8.54009	0.293421	0.025	13.6177	204.715	7.92085	
6.17488	0.252136	0.025	2.92564	202.402	-2.72093	
10.2211	0.322764	0.025	-4.36943	168.316	-6.83092	
0.585611	0.154575	0.025	-21.7162	143.914	-1.5159	
1.61049	0.172465	0.025	-6.50144	180.829	-7.50533	
7.74867	0.279607	0.025	-0.310985	188.899	6.30627	
0.712381	0.156788	0.025	-18.7442	227.075	-2.8504	
0.159707	0.147141	0.025	-40.6882	146.541	8.33206	
1.0103	0.161988	0.025	23.0476	236.439	22.9552	
5.98594	0.248838	0.025	-37.1174	230.905	2.17063	
6.37355	0.255604	0.025	33.2562	210.336	1.44632	
5.2977	0.236825	0.025	0.0681476	178.874	-6.48824	
6.06479	0.250215	0.025	-24.7977	170.209	-5.79595	
0.154738	0.147054	0.025	-94.1613	245.765	38.5268	
8.70308	0.296266	0.025	-48.8002	215.389	-8.77977	
7.80456	0.280583	0.025	-22.9582	204.915	-5.10119	
12.0655	0.354958	0.025	3.87975	239.871	4.71649	
6.27636	0.253908	0.025	-29.0793	185.634	-10.7314	
-0.984077	0.127176	0.025	-36.4569	-179.155	10.5816	
0.637923	0.155488	0.025	-35.9998	184.721	11.5311	
-1.74323	0.113925	0.025	24.7896	-183.199	3.30708	
0.629013	0.155333	0.025	54.514	247.87	5.22262	
0.267749	0.149027	0.025	-101.763	126.979	-12.4949	
8.5983	0.294437	0.025	-52.3779	265.638	-14.5525	
-2.29252	0.104337	0.025	-23.0332	-164.46	-0.552246	
1.62342	0.17269	0.025	8.97755	200.519	-10.5859	
7.64769	0.277844	0.025	-64.8439	175.421	9.25757	
12.967	0.370692	0.025	27.3022	234.75	-9.53985	
11.0389	0.337038	0.025	4.59139	196.695	1.50237	
0.355717	0.150562	0.025	-109.553	286.942	-1.19854	
4.93698	0.230529	0.025	-57.6485	132.282	-3.25917	
11.7502	0.349454	0.025	-21.793	248.743	-3.87573	
5.25575	0.236093	0.025	36.7885	199.351	-9.62175	
0.443591	0.152096	0.025	-122.725	184.51	3.38778	
1.4234	0.169199	0.025	-13.3409	192.153	-13.5432	
15.1893	0.409484	0.025	-21.7662	221.024	-5.25424	
13.8445	0.386011	0.025	-3.8786	231.483	-2.99014	
8.68071	0.295876	0.025	-25.2672	191.339	-3.20899	
-2.44552	0.101667	0.025	-40.167	-167.832	9.97376	
4.62123	0.225017	0.025	-32.4695	176.435	3.98948	
-1.81942	0.112595	0.025	-24.0347	-262.248	2.78042	
4.14514	0.216707	0.025	-27.8839	197.23	-7.18324	
5.4026	0.238656	0.025	5.06628	167.745	1.27789	
3.39167	0.203555	0.025	22.743	181.307	5.24494	
2.61786	0.190048	0.025	30.5005	218.415	2.0824	
0.925134	0.160502	0.025	-31.5035	153.076	-5.80332	
0.267927	0.14903	0.025	9.02525	293.744	13.7523	
0.408449	0.151483	0.025	-152.39	172.469	3.38212	
11.8839	0.351787	0.025	7.77792	222.332	-2.99617	
9.03446	0.30205	0.025	-43.5856	209.289	-7.65195	
-0.143665	0.141846	0.025	-68.1884	-187.695	-33.4478	
2.69739	0.191436	0.025	-17.3455	211.931	-10.614	
5.64613	0.242907	0.025	-4.68434	211.031	-3.79603	
7.62242	0.277403	0.025	0.00876369	214.708	3.94154	
2.47339	0.187527	0.025	-1.38194	198.02	-2.37768	
7.2929	0.271651	0.025	27.2879	210.58	-2.33292	
1.07943	0.163195	0.025	22.6367	202.185	-1.45242	
4.0395	0.214863	0.025	-25.146	187.596	-9.71083	
0.944187	0.160834	0.025	-35.8244	202.283	5.52434	
-3.2409	0.0877832	0.025	-18.3655	-193.469	-8.40285	
5.05272	0.232549	0.025	-17.0462	197.084	15.4044	
0.977853	0.161422	0.025	-124.108	145.692	1.16778	
12.2059	0.357407	0.025	-23.1599	192.839	-0.812154	
27.3177	0.621186	0.025	5.8879	235.475	6.79534	
11.1452	0.338894	0.025	-19.3685	251.223	4.74394	
-0.44513	0.136584	0.025	19.9253	-256.279	15.0949	
0.708731	0.156724	0.025	-111.663	98.7474	-15.1069	
5.05566	0.2326	0.025	-32.5777	206.765	1.23543	
3.64086	0.207905	0.025	13.8214	195.825	-15.339	
10.2429	0.323145	0.025	-29.9699	199.585	-0.639125	
1.58585	0.172035	0.025	-103.677	204.066	-2.0786	
9.75686	0.31466	0.025	27.24	225.761	-8.6899	
4.87275	0.229408	0.025	-23.1913	137.806	-3.12682	
6.3305	0.254853	0.025	-37.6266	168.756	-7.25347	
7.67903	0.278391	0.025	51.6092	188.531	-0.508781	
-0.746671	0.13132	0.025	-81.1066	-204.084	12.8317	
11.9835	0.353527	0.025	-4.96951	201.995	1.82888	
4.18457	0.217395	0.025	-17.2791	178.064	10.536	
0.387706	0.151121	0.025	7.20273	166.08	-5.76449	
9.97836	0.318526	0.025	-28.0221	215.777	-0.436443	
-1.09313	0.125273	0.025	-104.14	-227.352	-8.56086	
0.555983	0.154058	0.025	-118.427	204.799	-31.6763	
8.51493	0.292982	0.025	-10.7439	214.12	8.84978	
0.875938	0.159643	0.025	-22.0957	189.949	-18.0295	
5.53175	0.24091	0.025	-29.7855	146.075	-8.61493	
1.98372	0.178979	0.025	40.7299	201.732	0.760226	
5.7656	0.244992	0.025	30.3573	198.951	1.76161	
9.03848	0.302121	0.025	26.0047	219.204	4.34222	
9.51921	0.310512	0.025	-21.6325	210.436	-1.2885	
9.38668	0.308198	0.025	-40.9726	220.652	-6.65928	
5.18489	0.234856	0.025	33.4185	192.013	-5.63665	
0.108139	0.146241	0.025	-94.7041	3.11281	-22.9479	
5.18863	0.234921	0.025	-19.1263	178.202	9.3676	
1.5456	0.171332	0.025	40.9053	187.133	5.86238	
1.60206	0.172318	0.025	-56.6773	223.295	-0.00201295	
7.21304	0.270257	0.025	-25.0588	170.142	-11.9263	
2.78961	0.193046	0.025	-38.453	191.646	14.864	
-0.994881	0.126988	0.025	-13.2739	-219.93	4.99847	
1.37368	0.168331	0.025	2.86571	243.453	-2.3386	
9.28465	0.306417	0.025	31.6978	215.442	-0.155582	
-2.75797	0.0962129	0.025	-32.5534	-185.972	7.64271	
5.54402	0.241125	0.025	-13.4082	166.674	14.2878	
7.73838	0.279427	0.025	-43.2388	226.538	0.343296	
3.43996	0.204398	0.025	92.452	177.955	-18.4843	
13.498	0.379961	0.025	-1.54764	225.188	1.1816	
9.23346	0.305524	0.025	38.2693	197.006	-0.367997	
5.37393	0.238156	0.025	-0.983959	186.922	-10.0448	
7.98317	0.2837	0.025	1.72509	194.445	2.37082	
10.0273	0.319381	0.025	-31.6578	214.446	5.68051	
1.49242	0.170404	0.025	-53.8983	204.555	-4.84079	
0.879792	0.15971	0.025	45.5666	244.412	-12.677	
1.0931	0.163433	0.025	-38.0748	218.374	3.66073	
3.4126	0.203921	0.025	-79.8972	161.181	-13.7796	
-3.20742	0.0883676	0.025	-35.0236	-186.775	6.60551	
9.11359	0.303432	0.025	-9.62966	197.651	2.64335	
0.272464	0.149109	0.025	-59.386	179.042	25.7807	
8.89255	0.299573	0.025	-37.1284	219.691	0.494198	
9.98401	0.318625	0.025	-38.1948	183.385	-1.38959	
5.92435	0.247763	0.025	42.7067	195.636	16.813	
8.85103	0.298849	0.025	-64.2223	178.272	0.353273	
7.55126	0.276161	0.025	-28.8692	222.216	2.4933	
10.5417	0.328359	0.025	31.8029	206.808	2.63302	
6.07647	0.250419	0.025	35.9298	239.546	-12.4478	
0.720108	0.156923	0.025	-87.1499	177.873	3.065	
-1.05534	0.125932	0.025	-27.4619	-231.118	-7.43414	
0.146326	0.146908	0.025	-196.991	104.004	0.938325	
12.7408	0.366745	0.025	2.81042	235.526	8.03576	
4.60563	0.224745	0.025	-47.6094	191.162	20.7189	
9.20192	0.304974	0.025	-36.9062	213.387	4.60337	
-0.599124	0.133896	0.025	126.969	-269.718	-27.3997	
15.2587	0.410696	0.025	-41.0387	207.743	0.320706	
-0.167956	0.141422	0.025	-119.907	-182.847	-18.8051	
0.903399	0.160122	0.025	-66.0575	178.53	10.5794	
-0.0454851	0.143559	0.025	-262.278	-24.6839	32.9052	
5.21505	0.235382	0.025	-25.6961	172.481	2.96115	
-1.84047	0.112228	0.025	-9.95975	-222.13	-4.82339	
3.36016	0.203005	0.025	-13.5492	188.789	1.53891	
2.65533	0.190702	0.025	-35.8468	206.299	5.15628	
4.76126	0.227461	0.025	47.4489	209.903	25.1864	
0.684586	0.156303	0.025	-61.3489	211.439	-16.6352	
8.50954	0.292888	0.025	-25.6376	191.801	-10.3177	
9.46869	0.30963	0.025	-39.4754	251.24	-10.5558	
5.10198	0.233409	0.025	2.47057	148.865	-0.235597	
-0.194822	0.140953	0.025	-119.844	-267.017	-45.6272	
8.85112	0.29885	0.025	22.5825	210.964	-7.62213	
5.88389	0.247057	0.025	-17.7297	180.609	2.78866	
-1.28238	0.121969	0.025	32.2539	-201.659	1.93249	
-2.76708	0.0960538	0.025	-18.661	-176.795	-3.61514	
0.917588	0.16037	0.025	-69.77	236.535	-21.0168	
6.94602	0.265597	0.025	1.43403	234.798	0.560738	
3.20288	0.20026	0.025	-28.659	192.894	11.2302	
4.39421	0.221055	0.025	-5.41278	145.653	-4.06322	
-0.388795	0.137567	0.025	25.0037	-132.086	-15.8187	
10.9816	0.336038	0.025	-6.14998	247.883	-3.52969	
5.25241	0.236035	0.025	5.87416	196.232	8.61159	
9.42521	0.308871	0.025	33.0136	221.934	-1.82955	
-0.655616	0.13291	0.025	62.2037	-247.879	-44.6146	
-2.07625	0.108112	0.025	-60.3014	-178.448	9.75038	
-1.04726	0.126073	0.025	-9.24843	-243.058	3.29058	
11.7906	0.350159	0.025	11.1135	227.176	-1.45305	
3.89473	0.212336	0.025	-44.9042	193.607	14.9264	
11.6226	0.347226	0.025	-57.9315	221.994	-3.55967	
4.2477	0.218497	0.025	-1.93129	212.388	-0.909074	
0.610593	0.155011	0.025	-72.0724	237.471	26.4548	
8.41036	0.291157	0.025	-33.3628	212.655	1.84134	
7.11691	0.26858	0.025	-31.592	192.857	9.06126	
-0.456973	0.136377	0.025	45.365	-264.132	-4.76698	
0.519161	0.153415	0.025	25.9354	259.691	-11.1749	
-1.53822	0.117504	0.025	-69.2015	-209.052	-2.51689	
1.38537	0.168535	0.025	42.294	252.906	-5.82089	
-0.602494	0.133837	0.025	-107.265	-237.138	23.6808	
0.947854	0.160898	0.025	-30.1199	271.315	-0.8228	
1.72604	0.174482	0.025	-61.5405	206.429	-22.7703	
4.25386	0.218605	0.025	-10.1687	160.622	8.3545	
0.571622	0.154331	0.025	-31.2304	117.595	10.0631	
8.20543	0.28758	0.025	-22.3126	193.924	7.26143	
-0.355421	0.138149	0.025	-108.913	-198.656	1.25394	
2.95816	0.195988	0.025	12.1789	214.535	6.30562	
9.39737	0.308385	0.025	55.125	208.108	8.97275	
2.46318	0.187348	0.025	-91.784	157.045	-11.9279	
3.78115	0.210354	0.025	-28.7388	244.07	2.45234	
2.34741	0.185328	0.025	-25.2396	177.181	-10.9615	
5.35073	0.237751	0.025	-32.199	199.336	-9.08034	
4.86611	0.229292	0.025	11.7588	187.441	0.503928	
2.32499	0.184936	0.025	69.8495	201.592	2.67806	
1.45667	0.16978	0.025	-11.7852	189.162	16.8474	
5.52378	0.240771	0.025	40.9336	209.918	3.11538	
12.8807	0.369187	0.025	25.6649	219.873	4.08535	
4.72479	0.226825	0.025	-26.0907	198.065	0.116733	
6.18384	0.252293	0.025	8.26618	233.2	-9.04988	
5.83846	0.246264	0.025	15.1416	226.064	-18.4735	
6.45601	0.257044	0.025	1.6253	165.379	5.25187	
8.0359	0.28462	0.025	6.42656	183.693	0.494402	
13.579	0.381377	0.025	-38.739	227.412	5.60538	
16.9702	0.440569	0.025	-27.3491	241.84	-6.20309	
12.2572	0.358304	0.025	-16.2153	200.686	10.9815	
0.780408	0.157975	0.025	-65.4725	185.434	-7.38284	
-1.59001	0.1166	0.025	-43.7235	-190.056	6.39705	
11.154	0.339048	0.025	-3.9902	233.705	8.99738	
3.89007	0.212255	0.025	21.4266	190.58	3.03889	
-1.23828	0.122739	0.025	-61.8981	-251.946	1.74396	
15.1533	0.408855	0.025	39.3294	199.368	0.626973	
10.1169	0.320944	0.025	-15.6458	226.723	-6.14191	
5.84482	0.246375	0.025	-26.6996	207.377	-10.8862	
-0.642531	0.133138	0.025	-32.0194	-272.905	9.96032	
8.26617	0.28864	0.025	2.62687	208.134	-1.73963	
1.22463	0.165729	0.025	12.5832	137.202	3.01894	
5.45892	0.239639	0.025	35.2121	176.478	7.88066	
3.57383	0.206735	0.025	-23.4461	209.775	0.286503	
-2.95478	0.0927776	0.025	-47.1785	-181.375	9.7697	
9.78277	0.315112	0.025	-20.3085	229.472	20.3664	
7.91878	0.282576	0.025	-35.4953	171.715	-16.7942	
12.8767	0.369117	0.025	12.468	232.868	-6.7468	
6.74383	0.262067	0.025	-15.5634	167.745	0.543657	
0.398262	0.151305	0.025	-38.1725	254.968	-16.1444	
6.98916	0.26635	0.025	-34.3435	176.092	-0.220682	
-0.732962	0.131559	0.025	-33.6165	-127.139	-0.817046	
-1.55617	0.11719	0.025	1.31063	-179.864	-2.26789	
-0.54549	0.134832	0.025	-56.9751	-234.879	9.06914	
10.6054	0.329471	0.025	-41.9228	229.648	8.58896	
0.506074	0.153187	0.025	-151.284	212.151	-29.3125	
5.34587	0.237666	0.025	-41.2629	167.958	4.70146	
0.757673	0.157579	0.025	-85.275	219.93	2.38719	
0.683666	0.156287	0.025	-72.3906	172.657	2.66333	
-0.458811	0.136345	0.025	-46.5759	-203.199	-1.01609	
4.66892	0.22585	0.025	62.3607	180.91	-2.08313	
3.55689	0.206439	0.025	-0.477681	177.527	0.350438	
6.02531	0.249526	0.025	44.9413	212.625	-2.78507	
10.2496	0.323262	0.025	-2.63652	203.428	5.86023	
0.0337345	0.144942	0.025	-158.101	15.1472	33.8287	
2.05563	0.180235	0.025	-23.289	194.445	2.21509	
5.8174	0.245897	0.025	-16.7576	211.818	-6.47957	
1.69888	0.174007	0.025	-13.6716	202.373	4.81377	
0.657685	0.155833	0.025	-127.65	236.382	11.4573	
5.7099	0.24402	0.025	2.40532	177.47	4.05717	
12.0081	0.353956	0.025	2.03419	231.418	10.633	
3.07715	0.198065	0.025	7.4622	211.948	-1.72203	
0.74815	0.157412	0.025	-72.4949	235.624	-8.87674	
1.27979	0.166692	0.025	-50.68	199.869	-10.934	
-2.78313	0.0957737	0.025	41.5986	-176.557	-20.0404	
-3.64254	0.0807726	0.025	49.8271	-199.894	14.4664	
8.35708	0.290227	0.025	22.0555	198.727	-13.8299	
4.87422	0.229433	0.025	-28.711	183.687	9.94987	
3.51706	0.205744	0.025	-10.3903	130.708	15.8125	
0.585682	0.154576	0.025	-102.805	214.969	4.00583	
3.46401	0.204818	0.025	34.0646	146.017	11.0734	
3.15499	0.199424	0.025	-45.1666	150.712	10.349	
16.4046	0.430696	0.025	28.513	196.022	3.13203	
10.2617	0.323472	0.025	13.6022	225.188	7.64683	
13.1424	0.373754	0.025	-61.9149	244.703	-9.25312	
-0.198269	0.140893	0.025	-101.074	-133.928	25.9282	
0.478915	0.152713	0.025	-125.939	166.515	-7.30477	
7.78641	0.280266	0.025	-10.8885	211.092	3.18868	
-0.119783	0.142263	0.025	-303.099	-165.343	-46.4063	
4.28327	0.219118	0.025	-13.8046	193.812	5.39584	
-4.87333	0.059289	0.025	26.7313	-204.046	8.72947	
9.94334	0.317915	0.025	-19.822	223.598	-6.17247	
5.98551	0.248831	0.025	0.0555018	181.143	-16.6113	
0.320193	0.149942	0.025	-175.995	182.521	-6.36896	
9.90397	0.317228	0.025	40.8671	210.534	10.0102	
9.57179	0.31143	0.025	-1.37096	214.878	-12.2842	
-3.59866	0.0815385	0.025	58.0621	-194.914	-19.9738	
0.207351	0.147973	0.025	-76.3627	141.009	21.7739	
3.77631	0.210269	0.025	-25.0572	192.188	2.76641	
8.78285	0.297659	0.025	2.9403	224.588	3.82711	
0.110824	0.146288	0.025	-123.674	207.873	4.95441	
11.7058	0.348679	0.025	-7.15849	201.054	7.6253	
2.22238	0.183145	0.025	42.5374	232.103	-15.58	
4.05186	0.215079	0.025	-22.437	176.917	8.49623	
9.61657	0.312211	0.025	-0.622787	278.548	5.31945	
2.3076	0.184633	0.025	0.236663	163.928	-3.91702	
12.2276	0.357787	0.025	-30.8871	225.459	4.92718	
14.1405	0.391177	0.025	14.5307	223.973	-3.77996	
0.202532	0.147889	0.025	-166.118	209.734	33.982	
9.44769	0.309263	0.025	-7.11942	219.819	6.22811	
1.18391	0.165019	0.025	59.3417	190.439	-7.03242	
13.0677	0.372451	0.025	-27.8959	223.857	15.0259	
11.4839	0.344805	0.025	6.56377	203.992	2.1664	
5.21916	0.235454	0.025	-38.5584	193.886	1.32344	
-0.0267147	0.143887	0.025	-87.195	-91.6615	-29.6375	
0.792666	0.158189	0.025	-36.4222	191.632	2.3987	
-3.75752	0.0787656	0.025	40.8382	-193.719	0.398828	
2.07069	0.180497	0.025	-36.9399	204.921	2.89775	
11.8118	0.350529	0.025	-42.9474	211.25	-9.18364	
3.88759	0.212211	0.025	-57.0307	141.893	-11.218	
0.365953	0.150741	0.025	-115.714	183.952	14.5671	
8.84252	0.2987	0.025	15.5379	246.335	7.74534	
10.8286	0.333367	0.025	-6.3464	234.477	7.66796	
7.25132	0.270926	0.025	7.57942	212.73	-1.92232	
-0.48007	0.135974	0.025	-61.8291	-280.046	-10.953	
1.27769	0.166656	0.025	-1.1829	231.786	13.0766	
3.50399	0.205516	0.025	-25.1997	183.677	4.71447	
12.2157	0.357579	0.025	-34.6362	232.317	5.61421	
3.37712	0.203301	0.025	-36.291	188.169	-0.400695	
10.4374	0.326538	0.025	45.0419	192.877	-10.0834	
12.7362	0.366665	0.025	20.1865	183.38	-3.43819	
13.579	0.381376	0.025	-6.52512	236.261	11.0421	
5.63511	0.242715	0.025	16.8589	170.588	17.3245	
-1.69791	0.114716	0.025	-53.6284	-200.16	20.7635	
5.64908	0.242958	0.025	22.191	208.73	-0.873813	
14.1858	0.391967	0.025	65.9988	216.448	1.72631	
-1.44833	0.119073	0.025	-43.5907	-224.728	-16.9696	
5.89385	0.247231	0.025	-9.30417	221.98	-3.95103	
5.54408	0.241126	0.025	-34.5769	188.311	-1.73352	
1.24472	0.16608	0.025	-30.144	166.364	-8.46285	
-2.46906	0.101256	0.025	0.213801	-227.103	14.5386	
6.92212	0.265179	0.025	7.82929	183.905	-6.06104	
7.68635	0.278519	0.025	8.8702	194.258	-4.04302	
9.97601	0.318485	0.025	47.5538	186.761	-5.81654	
10.2238	0.32281	0.025	-28.9709	180.6	-10.5999	
5.54908	0.241213	0.025	5.16034	172.837	9.57181	
0.601802	0.154858	0.025	-193.818	164.832	-12.0179	
10.1332	0.321229	0.025	31.2491	220.486	12.1126	
-1.15636	0.124169	0.025	25.1277	-173.099	-2.42542	
0.277504	0.149197	0.025	126.91	241.496	24.6208	
-2.50527	0.100624	0.025	-48.1032	-229.808	-7.72867	
2.92976	0.195493	0.025	-17.1787	235.219	-7.96198	
-4.11523	0.0725219	0.025	15.606	-164.301	4.54838	
-0.852008	0.129482	0.025	-6.78657	-121.899	-0.434539	
9.38717	0.308207	0.025	-45.8083	172.567	-12.5986	
-3.58734	0.0817362	0.025	-28.0164	-169.036	-2.41551	
5.55957	0.241396	0.025	-2.37406	162.32	2.8525	
-2.522	0.100332	0.025	-28.5013	-205.258	-1.5873	
5.40147	0.238636	0.025	9.94205	234.263	10.0219	
0.723572	0.156983	0.025	-67.9647	97.7942	2.55026	
11.4893	0.3449	0.025	-20.0672	223.211	0.472506	
13.2931	0.376386	0.025	21.2296	200.251	-0.494895	
6.87005	0.264271	0.025	-22.7703	216.328	5.08535	
3.27732	0.201559	0.025	-20.3968	175.46	6.10897	
6.305	0.254407	0.025	-16.229	151.644	6.36853	
-6.17238	0.036614	0.025	-32.978	-197.238	12.3743	
2.03208	0.179823	0.025	51.4816	193.997	-4.47743	
2.63424	0.190334	0.025	-50.698	207.32	-17.7494	
1.82002	0.176122	0.025	10.8781	165.304	4.43141	
-0.398621	0.137395	0.025	90.3728	-238.386	-13.5134	
-0.72083	0.131771	0.025	-109.159	-246.397	15.1325	
3.24688	0.201028	0.025	-47.4247	164.803	-3.13078	
0.50663	0.153197	0.025	-85.2176	202.786	12.0728	
-0.552573	0.134708	0.025	-47.4902	-218.665	3.16276	
6.18144	0.252251	0.025	7.22393	173.399	-16.9206	
2.50296	0.188043	0.025	22.4713	188.879	3.67023	
-2.16405	0.10658	0.025	-45.7261	-189.615	-2.80463	
-1.83794	0.112272	0.025	-64.1001	-234.119	-2.51321	
8.39613	0.290908	0.025	18.7139	187.326	-8.61991	
9.51803	0.310491	0.025	-18.484	190.473	2.64874	
9.55836	0.311195	0.025	5.23776	245.731	-4.99712	
11.4552	0.344304	0.025	-15.6083	209.131	-1.39643	
12.2945	0.358955	0.025	-3.00621	201.788	7.70779	
1.07073	0.163043	0.025	-65.3591	258.906	11.2084	
4.20868	0.217816	0.025	-31.5314	188.045	3.19429	
1.56432	0.171659	0.025	7.52599	148.14	-4.93924	
2.88188	0.194657	0.025	67.1826	172.799	13.4981	
6.76769	0.262484	0.025	14.1729	191.355	15.9188	
7.47298	0.274795	0.025	45.0698	190.238	-6.74541	
0.322728	0.149987	0.025	-148.93	180.244	5.21575	
6.31486	0.25458	0.025	-8.69668	161.125	11.6337	
0.222589	0.148239	0.025	-244.955	150.512	19.4518	
7.23425	0.270628	0.025	-41.8131	230.226	-11.5406	
12.5617	0.363619	0.025	-50.6934	255.639	20.3862	
12.0856	0.355309	0.025	-23.2237	242.075	-11.7925	
4.96122	0.230952	0.025	-3.34888	194.336	-16.4797	
11.2315	0.340401	0.025	-26.0314	199.917	-6.03689	
0.68669	0.15634	0.025	-31.7729	157.044	10.4082	
8.77464	0.297515	0.025	15.8276	171.059	-2.7878	
6.66783	0.260741	0.025	40.6937	208.64	0.576774	
-0.566235	0.13447	0.025	11.9837	-133.031	0.5111	
1.19939	0.165289	0.025	-61.6562	251.167	4.63697	
8.81189	0.298165	0.025	16.709	200.56	2.57155	
-0.560076	0.134577	0.025	-147.127	-191.765	11.9069	
-0.271612	0.139612	0.025	33.2392	-241.193	8.70236	
5.44412	0.239381	0.025	-0.197354	222.945	3.64453	
-1.75177	0.113776	0.025	-26.394	-178.937	-3.40028	
-4.04423	0.0737611	0.025	-8.01729	-200.669	2.49366	
-2.83836	0.0948096	0.025	51.9958	-195.872	4.33932	
3.04386	0.197484	0.025	-66.3687	154.609	6.61102	
7.30674	0.271893	0.025	-62.1094	178.979	-5.70045	
3.61891	0.207522	0.025	-75.5431	168.726	8.57864	
0.920492	0.160421	0.025	-99.827	187.722	-0.575179	
0.531906	0.153638	0.025	-128.557	130.635	9.24933	
-1.74377	0.113916	0.025	10.7099	-186.062	-5.78693	
8.28809	0.289023	0.025	34.3536	200.298	2.9527	
8.45766	0.291982	0.025	-4.15044	215.543	-0.531271	
5.50556	0.240453	0.025	-29.5892	189.004	6.44764	
3.84274	0.211429	0.025	-33.4071	188.974	-7.60935	
-1.26158	0.122332	0.025	-57.1421	-207.824	3.60533	
8.40658	0.291091	0.025	-19.8379	216.038	-7.33599	
3.33928	0.202641	0.025	0.889654	215.745	5.44489	
2.35236	0.185414	0.025	-46.4718	192.698	1.29169	
11.0093	0.336521	0.025	5.21665	210.216	5.36763	
7.61081	0.2772	0.025	-48.7116	158.05	2.05135	
6.90991	0.264966	0.025	-30.262	216.821	-5.22208	
1.71506	0.17429	0.025	-43.165	234.013	-16.578	
7.89763	0.282207	0.025	13.4722	220.497	-4.49591	
1.53498	0.171147	0.025	-10.4904	207.387	-0.892058	
-4.30947	0.0691313	0.025	36.009	-161.259	-8.88164	
12.7542	0.366979	0.025	0.877169	184.715	5.79204	
7.07285	0.26781	0.025	-44.0325	193.713	-1.02275	
8.63713	0.295115	0.025	-10.934	215.914	-2.51182	
-2.21922	0.105617	0.025	-45.4416	-169.651	-9.01643	
18.4273	0.466003	0.025	-18.3426	237.572	-1.75058	
-0.825392	0.129946	0.025	-16.5914	-260.135	-14.5126	
7.90623	0.282357	0.025	-20.1226	162.074	7.03585	
3.24995	0.201082	0.025	8.67043	144.418	2.51353	
-2.67903	0.0975908	0.025	47.0502	-154.762	2.68663	
-1.84554	0.112139	0.025	16.2266	-186.667	0.500363	
6.09785	0.250792	0.025	14.367	186.102	1.82236	
0.569313	0.154291	0.025	-15.0511	210.857	13.1773	
5.63938	0.242789	0.025	39.5563	211.25	5.77659	
0.449429	0.152198	0.025	-147.434	137.24	-4.87947	
11.6063	0.346942	0.025	13.9271	186.42	-2.62624	
0.412552	0.151555	0.025	-72.0629	220.831	-18.8398	
4.03596	0.214801	0.025	-2.12593	199.803	-0.0512081	
6.30905	0.254478	0.025	29.1161	228.057	-5.72524	
1.34712	0.167867	0.025	-115.904	133.915	7.57059	
5.75339	0.244779	0.025	7.21783	229.212	-13.7108	
-3.38394	0.0852865	0.025	-15.1866	-180.108	0.284942	
7.86815	0.281692	0.025	25.5479	188.49	4.13105	
0.474119	0.152629	0.025	60.2154	218.165	7.10776	
6.38243	0.255759	0.025	-46.7542	219.168	7.15437	
4.66455	0.225773	0.025	30.7889	161.063	6.55821	
2.04208	0.179998	0.025	-93.4861	185.006	-14.0965	
-6.10265	0.0378312	0.025	-11.5534	-198.941	-15.0092	
0.29386	0.149483	0.025	-39.5352	176.918	-3.23587	
8.98693	0.301221	0.025	-24.7213	246.83	1.8792	
1.24056	0.166007	0.025	-135.465	160.017	-25.3108	
8.22053	0.287843	0.025	28.9095	168.063	11.3755	
7.68358	0.278471	0.025	34.8815	182.922	-3.60127	
2.49678	0.187935	0.025	8.75243	183.478	2.80094	
3.36786	0.20314	0.025	16.6974	213.92	-21.7049	
2.04494	0.180048	0.025	15.2133	159.388	9.94782	
10.6966	0.331064	0.025	-51.1458	239.75	5.92447	
9.27879	0.306315	0.025	59.3984	258.169	6.12325	
6.87588	0.264372	0.025	-2.10117	192.942	11.8965	
9.22198	0.305324	0.025	-56.3153	209.62	-8.82695	
-0.904367	0.128568	0.025	-7.18972	-232.387	-10.3376	
-0.798764	0.130411	0.025	-46.7156	-260.06	5.63772	
6.57115	0.259053	0.025	-19.7423	207.839	-1.43648	
10.2972	0.324091	0.025	23.9914	201.472	0.308977	
5.20625	0.235229	0.025	-12.1998	198.835	-7.57436	
0.432837	0.151909	0.025	-63.2865	168.975	1.41882	
13.7634	0.384594	0.025	-30.1341	229.699	-6.92073	
0.518174	0.153398	0.025	-14.0206	192.141	4.0035	
-1.51012	0.117994	0.025	63.8087	-246.13	-2.2749	
7.21769	0.270339	0.025	-10.6405	230.055	-6.96032	
1.27367	0.166585	0.025	-74.1067	214.258	19.8369	
3.40949	0.203866	0.025	93.3824	155.613	0.512247	
7.02393	0.266956	0.025	-14.0218	179.388	-5.28728	
0.42168	0.151714	0.025	-159.004	108.605	6.46735	
-0.827145	0.129916	0.025	-58.2096	-225.824	-5.93385	
5.93472	0.247944	0.025	54.2823	232.555	0.614125	
5.83542	0.246211	0.025	-35.063	176.145	7.3692	
1.60833	0.172427	0.025	-20.1672	249.93	1.93967	
0.586798	0.154596	0.025	-61.7107	248.204	-7.09607	
5.6634	0.243208	0.025	-17.4453	160.112	10.59	
1.42307	0.169193	0.025	-29.4535	201.061	-6.4876	
9.46566	0.309577	0.025	44.8871	216.233	1.68436	
8.99014	0.301277	0.025	10.4893	234.739	3.54263	
10.4619	0.326966	0.025	-18.8748	223.655	9.79237	
4.58263	0.224343	0.025	-10.6161	191.755	-10.8971	
2.98771	0.196504	0.025	-29.0756	170.595	11.2307	
4.30113	0.21943	0.025	-21.7256	152.001	-10.8785	
2.40305	0.186299	0.025	-76.471	201.246	-1.7791	
3.85139	0.21158	0.025	-25.7873	187.15	3.32484	
-4.26917	0.0698348	0.025	34.6716	-174.995	9.58544	
3.77172	0.210189	0.025	5.44519	204.938	3.50571	
7.78527	0.280246	0.025	3.19443	204.186	-5.15306	
6.10407	0.2509	0.025	-30.564	175.055	-2.23958	
5.31795	0.237179	0.025	-15.4292	172.993	-1.39261	
8.06284	0.285091	0.025	15.7897	228.939	-18.6655	
4.86716	0.22931	0.025	16.9999	218.153	-4.93518	
6.97994	0.266189	0.025	21.546	166.09	-0.580306	
2.02313	0.179667	0.025	-51.1274	232.866	-10.8547	
12.0379	0.354477	0.025	-5.76235	227.967	-10.2803	
5.59326	0.241984	0.025	-16.6557	190.097	-0.680225	
11.6862	0.348337	0.025	-5.73939	248.098	4.50002	
1.97353	0.178801	0.025	-20.9763	182.498	-7.37532	
11.6148	0.347091	0.025	-10.1805	196.546	1.07501	
13.0707	0.372503	0.025	-3.41949	252.227	-2.99592	
-0.060254	0.143302	0.025	-218.075	-1.70072	-20.875	
12.7291	0.366542	0.025	26.4605	249.649	1.26547	
11.2395	0.340539	0.025	-44.439	251.398	1.32083	
8.08683	0.285509	0.025	31.0649	189.031	-6.91862	
-4.01673	0.0742411	0.025	-55.2487	-181.767	-4.91006	
10.2978	0.324102	0.025	-28.0912	217.697	6.66818	
0.903281	0.16012	0.025	-54.3767	236.56	5.09086	
-0.285777	0.139365	0.025	-163.594	-212.228	9.33191	
3.87151	0.211931	0.025	4.74238	157.993	5.94454	
5.31313	0.237094	0.025	29.1055	234.219	-12.5015	
-0.654281	0.132933	0.025	-39.8487	-227.748	-10.4632	
4.47254	0.222422	0.025	47.2619	156.646	-17.2426	
0.946548	0.160875	0.025	-47.7926	229.766	-3.42256	
1.70645	0.17414	0.025	-26.085	221.217	-7.1554	
-0.0900947	0.142781	0.025	-42.0044	-82.7078	-9.84607	
5.08351	0.233086	0.025	-8.12603	205.89	5.3001	
-1.00044	0.126891	0.025	-124.095	-220.664	-0.678329	
0.393032	0.151214	0.025	-97.2158	251.288	7.30366	
5.5995	0.242093	0.025	22.8365	195.833	-3.1798	
8.02116	0.284363	0.025	-20.2203	190.2	-4.82326	
9.44394	0.309198	0.025	-21.2729	194.555	-7.42809	
5.56749	0.241534	0.025	-9.75334	204.84	-9.91331	
0.752791	0.157493	0.025	-28.7987	255.045	29.0391	
12.6056	0.364385	0.025	0.638622	268.699	0.121872	
-0.388943	0.137564	0.025	89.5738	-249.878	13.5305	
7.10404	0.268355	0.025	-26.11	172.838	-0.930923	
-2.14752	0.106868	0.025	15.3594	-149.298	17.2978	
0.18008	0.147497	0.025	-232.309	196.176	13.9109	
10.1621	0.321733	0.025	28.1392	211.933	-7.76819	
0.691206	0.156418	0.025	-39.7482	272.37	22.2489	
11.5513	0.345982	0.025	18.225	216.657	0.450121	
6.54875	0.258662	0.025	-20.7044	165.639	-1.39729	
3.89137	0.212278	0.025	7.74193	175.451	0.26514	
5.98316	0.24879	0.025	33.3171	178.413	-5.50483	
5.88862	0.24714	0.025	-19.5355	172.989	-17.2641	
5.94161	0.248065	0.025	7.70424	182.218	-0.985556	
11.8234	0.350731	0.025	-50.8019	253.136	4.03141	
6.7035	0.261363	0.025	-15.697	201.581	0.059901	
8.89144	0.299554	0.025	-39.2189	193.268	-17.171	
8.19432	0.287386	0.025	-21.979	216.389	5.0768	
0.0131428	0.144583	0.025	-251.9	-12.7657	-41.7909	
8.84692	0.298777	0.025	-9.35876	208.78	5.06388	
-3.5888	0.0817107	0.025	-30.2182	-212.622	11.3442	
-0.520185	0.135274	0.025	48.4705	-131.767	-8.86954	
5.89668	0.24728	0.025	-20.9687	166.085	-3.18544	
12.1605	0.356616	0.025	-8.74728	232.424	-4.05502	
8.45482	0.291933	0.025	18.8841	176.665	-0.396372	
6.50611	0.257918	0.025	24.996	191.235	-3.42858	
3.77177	0.21019	0.025	-35.7704	229.192	-0.402632	
9.00384	0.301516	0.025	-8.04555	227.66	3.76862	
10.4259	0.326338	0.025	-50.4539	209.197	2.71125	
-1.22707	0.122935	0.025	-67.4145	-228.802	2.2854	
1.82509	0.17621	0.025	-94.3959	188.446	-3.26704	
5.36273	0.23796	0.025	-47.0205	203.612	-7.84486	
4.36951	0.220623	0.025	-8.52759	177.513	7.91939	
-1.10892	0.124997	0.025	20.1483	-221.422	5.99691	
-0.798045	0.130423	0.025	-7.19802	-234.196	6.95132	
7.24105	0.270746	0.025	22.5059	188.944	6.29181	
7.0769	0.267881	0.025	2.23965	199.587	3.46965	
0.351406	0.150487	0.025	-59.3375	127.638	-0.985027	
-0.814922	0.130129	0.025	-14.5222	-173.19	6.95607	
12.5025	0.362585	0.025	3.87374	237.516	3.03143	
12.4548	0.361752	0.025	-8.71293	215.968	-2.82382	
7.23687	0.270673	0.025	-50.2683	203.354	-1.10328	
8.50848	0.292869	0.025	-30.7899	210.856	14.7833	
-1.60229	0.116385	0.025	-0.230954	-260.939	-6.08088	
13.3333	0.377086	0.025	-93.8338	231.665	3.86695	
7.60562	0.27711	0.025	-7.22803	179.336	-0.20596	
6.08974	0.25065	0.025	-47.7685	192.338	14.8554	
6.54651	0.258623	0.025	-9.96812	175.014	-3.86378	
6.14352	0.251589	0.025	-21.8822	171.817	3.78973	
7.42804	0.27401	0.025	-20.168	224.159	7.32347	
3.72027	0.209291	0.025	-42.0344	209.175	0.580942	
-1.01334	0.126665	0.025	-47.2685	-246.527	-9.39258	
14.5876	0.398982	0.025	-29.1059	231.741	6.60981	
7.32202	0.27216	0.025	-3.13172	205.058	-14.9644	
-3.06347	0.0908804	0.025	66.4144	-178.664	-0.964932	
0.542532	0.153823	0.025	-68.3829	215.934	0.592743	
6.8468	0.263865	0.025	-23.1793	184.576	3.36523	
2.03798	0.179926	0.025	36.8008	152.82	16.9149	
7.25087	0.270918	0.025	37.0956	217.229	-0.807466	
0.41894	0.151666	0.025	-193.893	163.999	-45.9173	
4.72311	0.226796	0.025	15.4018	184.324	-10.1927	
17.1659	0.443985	0.025	-27.1287	231.526	2.924	
5.52033	0.240711	0.025	12.593	224.944	-0.247533	
1.68935	0.173841	0.025	-45.8316	240.281	-2.74192	
-0.563252	0.134522	0.025	-147.799	-206.389	-6.59192	
8.53818	0.293388	0.025	-34.8186	255.475	-4.68151	
-0.484422	0.135898	0.025	87.9232	-178.445	1.85097	
2.93663	0.195612	0.025	-14.407	206.409	5.04455	
12.2218	0.357685	0.025	-20.8026	210.307	11.3032	
0.0759393	0.145679	0.025	-140.986	-112.725	-7.51796	
-4.92092	0.0584583	0.025	-56.8159	-142.207	-6.23761	
7.04079	0.267251	0.025	-18.3641	226.069	4.9724	
1.3738	0.168333	0.025	-67.6229	176.191	7.21056	
9.30312	0.30674	0.025	11.1702	222.659	-2.8068	
13.5684	0.381191	0.025	-52.3101	238.307	3.91235	
7.54644	0.276077	0.025	10.4276	200.131	-6.65466	
2.89625	0.194908	0.025	-40.1862	167.287	-1.3784	
2.34026	0.185203	0.025	4.47681	169.716	6.45345	
-2.93842	0.0930631	0.025	14.9301	-200.262	0.259967	
-0.0308446	0.143815	0.025	-140.613	33.1933	-2.97285	
0.829793	0.158837	0.025	-79.641	200.199	2.93684	
3.07937	0.198104	0.025	-52.9044	198.874	-7.09595	
6.31704	0.254618	0.025	1.90565	184.63	-0.900862	
7.21048	0.270213	0.025	-5.01172	164.494	1.57387	
14.2774	0.393567	0.025	-10.9443	222.252	-4.52668	
6.1472	0.251653	0.025	-3.6604	213.248	2.21385	
1.55085	0.171424	0.025	70.2477	186.466	0.438987	
1.14556	0.164349	0.025	-40.0146	211.32	22.8362	
11.7246	0.349006	0.025	-18.8324	215.936	9.11968	
0.623428	0.155235	0.025	-46.9841	179.071	-3.8806	
0.744363	0.157346	0.025	54.5194	132.179	4.21725	
9.14373	0.303958	0.025	12.8805	213.973	2.18561	
14.7766	0.40228	0.025	10.0617	240.128	4.96125	
-0.171324	0.141363	0.025	-107.838	-75.4509	2.62875	
10.8411	0.333586	0.025	-18.5883	235.629	-9.16388	
2.60674	0.189854	0.025	17.6721	220.691	-7.03791	
5.04809	0.232468	0.025	37.5362	222.271	14.7787	
5.56097	0.241421	0.025	22.0728	169.548	11.0222	
0.505923	0.153184	0.025	-73.9522	89.4485	5.61194	
0.470029	0.152558	0.025	-14.8261	232.58	-23.462	
10.6785	0.330747	0.025	-4.14367	215.514	-4.26266	
1.035	0.162419	0.025	-163.354	226.033	3.22363	
-0.290608	0.139281	0.025	-141.177	-104.221	3.1344	
6.58984	0.25938	0.025	-34.5633	169.582	-8.82257	
12.0238	0.35423	0.025	-16.6892	193.023	8.1329	
0.137426	0.146752	0.025	-78.2822	171.35	3.31322	
13.4572	0.379251	0.025	13.7909	236.699	5.94503	
0.1204	0.146455	0.025	-291.054	-74.6188	-53.1423	
-0.196165	0.140929	0.025	-162.23	-218.303	6.824	
-2.5672	0.0995428	0.025	13.508	-222.447	15.3866	
10.126	0.321103	0.025	-1.27963	194.61	0.821025	
-0.0160805	0.144073	0.025	-123.795	14.1285	25.48	
6.69981	0.261299	0.025	-32.6374	213.244	6.57084	
9.06997	0.30267	0.025	-6.44342	215.939	13.0132	
9.73131	0.314214	0.025	-17.283	231.887	-25.3604	
0.806903	0.158438	0.025	74.7484	221.135	5.08061	
9.59231	0.311788	0.025	-37.5469	237.62	-0.695905	
7.64778	0.277846	0.025	-52.2697	219.66	-6.5015	
2.88863	0.194775	0.025	7.36005	190.916	2.91537	
0.768241	0.157763	0.025	-103.694	263.259	4.01601	
-1.89123	0.111342	0.025	-14.8137	-229.335	6.72849	
5.88948	0.247155	0.025	5.39138	193.122	-3.82888	
-1.19271	0.123534	0.025	-31.5202	-216.46	1.81728	
8.83346	0.298542	0.025	-27.5652	201.517	-6.32088	
9.92369	0.317572	0.025	6.10762	217.569	-11.3202	
8.60503	0.294555	0.025	-13.9494	219.269	-5.18286	
7.61858	0.277336	0.025	29.2901	186.602	-4.9849	
10.0621	0.319988	0.025	-31.4395	225.045	-0.334972	
7.34235	0.272515	0.025	-27.7355	181.834	-4.72424	
-0.701055	0.132116	0.025	15.7544	-158.435	19.7516	
12.3697	0.360268	0.025	-79.452	219.137	-2.05246	
0.294787	0.149499	0.025	-87.8208	197.347	22.9179	
-0.283014	0.139413	0.025	-139.237	-186.625	44.9765	
9.09743	0.30315	0.025	-10.4179	198.799	5.86373	
0.223382	0.148253	0.025	-110.988	189.432	-11.1987	
8.29399	0.289126	0.025	19.4653	211.139	4.44736	
8.25944	0.288522	0.025	-18.018	215.717	-3.3239	
5.83211	0.246153	0.025	-27.6525	203.295	-1.61946	
6.23206	0.253134	0.025	-5.75106	197.363	10.8067	
10.7719	0.332378	0.025	48.6283	213.316	-14.7041	
0.806464	0.15843	0.025	-73.9172	220.495	-21.3289	
-0.420222	0.137018	0.025	-31.0923	-275.313	-29.1004	
-0.38055	0.137711	0.025	-60.0795	-169.16	15.4215	
-1.0086	0.126748	0.025	-35.6102	-221.599	-5.59184	
0.21883	0.148173	0.025	-219.144	52.4076	-9.13285	
6.37149	0.255568	0.025	-37.1965	242.254	-14.3373	
4.02424	0.214597	0.025	3.93195	190.113	0.389024	
6.8309	0.263587	0.025	-6.99066	163.132	0.203783	
-1.46751	0.118738	0.025	-58.1655	-162.986	-3.08021	
1.73672	0.174668	0.025	40.271	178.958	7.17966	
12.1073	0.355688	0.025	-0.15374	251.426	3.14958	
7.87473	0.281807	0.025	21.2592	160.333	5.04284	
-4.90137	0.0587996	0.025	11.2704	-176.765	0.289919	
-0.782903	0.130688	0.025	87.7408	-207.797	-5.78783	
3.70339	0.208996	0.025	-33.7647	149.842	-2.4579	
4.1972	0.217616	0.025	-15.4948	239.769	3.73639	
0.712393	0.156788	0.025	-123.534	217.269	-2.68678	
-0.442477	0.13663	0.025	-15.6226	-279.888	2.26772	
-3.45104	0.0841152	0.025	-34.7719	-202.627	3.26568	
3.95388	0.213369	0.025	0.430947	189.773	-7.60062	
2.7846	0.192959	0.025	30.2122	186.458	3.11646	
0.101663	0.146128	0.025	-102.947	-12.3543	-9.47125	
5.13846	0.234046	0.025	2.82762	173.411	-0.788883	
7.32014	0.272127	0.025	-4.37405	186.953	-10.7172	
-0.221894	0.14048	0.025	-226.885	-162.555	37.4563	
15.4061	0.413267	0.025	-28.5482	205.844	5.32714	
-1.97656	0.109852	0.025	39.8321	-202.767	-1.29467	
2.78029	0.192884	0.025	-45.0382	170.949	0.426352	
4.66204	0.22573	0.025	-79.2845	195.918	-10.0133	
-0.312646	0.138896	0.025	18.6158	-160.39	-25.3774	
2.18298	0.182457	0.025	-36.1558	222.898	-2.73596	
2.35141	0.185397	0.025	-52.4377	172.881	11.4198	
16.0874	0.42516	0.025	-62.5813	221.76	3.62164	
1.95657	0.178505	0.025	-43.9614	224.104	11.0974	
3.28052	0.201615	0.025	38.2988	192.549	2.71313	
1.77318	0.175304	0.025	-51.2797	129.977	-11.441	
-0.384378	0.137644	0.025	-30.9865	-208.989	15.6329	
3.29634	0.201891	0.025	-13.0149	206.858	-1.27499	
1.43671	0.169431	0.025	-17.7647	206.36	-11.0937	
3.52637	0.205906	0.025	-32.8995	194.668	15.0738	
9.34946	0.307549	0.025	-19.1283	194.51	3.6779	
7.69876	0.278736	0.025	-39.8454	196.292	0.0600324	
8.80372	0.298023	0.025	-25.2199	204.827	4.36012	
0.061596	0.145429	0.025	-92.0888	143.177	14.6527	
3.07076	0.197954	0.025	-39.9264	200.342	-1.36072	
-1.73837	0.11401	0.025	20.711	-180.106	-2.64294	
5.08354	0.233087	0.025	-8.44285	218.739	12.8863	
8.41556	0.291248	0.025	-0.767672	193.452	-9.7478	
-0.789403	0.130574	0.025	80.3693	-198.05	18.2585	
24.1055	0.565117	0.025	36.912	255.99	1.94001	
4.09543	0.215839	0.025	-13.9705	168.872	-7.72694	
2.46018	0.187296	0.025	-39.0893	180.234	1.0524	
8.27236	0.288748	0.025	-22.7942	197.521	-2.27431	
1.36352	0.168154	0.025	3.95139	186.514	-1.65552	
2.83023	0.193755	0.025	-2.72044	184.565	-8.38887	
7.84671	0.281318	0.025	-28.7664	169.212	8.44436	
15.1427	0.408671	0.025	-21.2429	228.915	-2.71733	
2.48663	0.187758	0.025	3.85676	172.829	4.90697	
11.8205	0.350681	0.025	10.6291	209.935	9.18127	
-1.98521	0.109701	0.025	-18.3413	-180.436	-4.86895	
3.75711	0.209934	0.025	12.5132	198.148	-8.09668	
-2.36899	0.103002	0.025	-30.9943	-201.789	-6.95744	
12.3615	0.360124	0.025	11.837	210.329	2.84246	
11.2482	0.340692	0.025	-37.5126	215.726	6.98932	
7.17988	0.269679	0.025	-8.77148	192.908	6.11832	
0.941228	0.160783	0.025	21.2796	191.191	12.2196	
-0.777491	0.130782	0.025	-107.297	-163.378	-0.818528	
8.88932	0.299517	0.025	40.3024	175.399	-1.4505	
0.659779	0.15587	0.025	-56.6168	128.842	-16.4587	
2.32548	0.184945	0.025	-35.8264	153.795	0.393328	
0.7444	0.157347	0.025	-152.433	144.424	12.0231	
13.518	0.38031	0.025	-6.03263	212.015	4.51543	
7.2462	0.270836	0.025	31.1602	193.714	-3.37438	
1.03753	0.162464	0.025	-28.0366	218.964	12.3276	
-1.34921	0.120803	0.025	-125.155	-189.439	-6.68226	
6.82444	0.263474	0.025	1.06996	229.858	0.330284	
14.8877	0.404218	0.025	-50.831	216.022	0.236286	
-1.51454	0.117917	0.025	-94.9546	-214.708	-10.8741	
4.36603	0.220563	0.025	-6.83164	155.727	6.53133	
14.8883	0.40423	0.025	13.9349	263.766	11.0224	
1.1547	0.164509	0.025	-37.4582	159.118	-0.133544	
7.75308	0.279684	0.025	-17.0534	211.261	15.4906	
-1.03328	0.126317	0.025	-9.1503	-151.07	2.57665	
15.0698	0.407398	0.025	-49.1952	236.719	1.594	
8.31728	0.289532	0.025	-6.51923	176.627	-2.72789	
-2.40647	0.102348	0.025	109.547	-143.17	-8.07612	
6.25115	0.253468	0.025	21.0443	245.419	-3.57154	
4.07251	0.215439	0.025	-17.1597	198.719	0.000784983	
3.32327	0.202361	0.025	-11.979	232.758	0.776672	
3.48833	0.205242	0.025	-29.1262	194.538	7.31305	
11.0501	0.337233	0.025	23.0813	192.368	7.42131	
6.50626	0.257921	0.025	-45.4851	220.469	-15.2374	
-0.857196	0.129391	0.025	-6.65145	-205.659	9.38644	
13.1002	0.373019	0.025	-8.16575	240.013	0.0314671	
0.248855	0.148697	0.025	-43.8321	269.236	-2.98614	
7.80555	0.2806	0.025	8.3224	220.949	-9.64269	
1.69779	0.173988	0.025	41.0337	163.198	0.733484	
13.4442	0.379023	0.025	1.67532	192.933	1.21058	
6.95746	0.265796	0.025	-7.43927	193.296	-10.8317	
11.2203	0.340204	0.025	8.14113	224.946	5.60329	
2.16495	0.182143	0.025	-37.629	175.619	9.24443	
-2.5113	0.100519	0.025	42.0437	-176.5	-0.11175	
4.70824	0.226536	0.025	42.8025	197.987	0.176086	
6.95369	0.265731	0.025	-38.2765	207.077	5.64104	
5.88229	0.247029	0.025	-39.8958	186.931	0.982307	
4.31383	0.219652	0.025	35.7936	196.977	2.79716	
3.0017	0.196748	0.025	-50.1266	155.187	-6.30443	
12.0138	0.354055	0.025	-27.0914	209.408	-4.92228	
7.29243	0.271643	0.025	-9.03508	208.263	2.26018	
0.592495	0.154695	0.025	-56.9835	242.813	-18.8923	
6.31661	0.25461	0.025	-41.6475	182.337	-7.89664	
5.07447	0.232929	0.025	6.28333	205.004	2.59106	
6.9001	0.264795	0.025	46.215	194.603	-9.38371	
5.17205	0.234632	0.025	-3.66797	174.939	-7.10511	
7.31365	0.272014	0.025	46.7324	195.636	6.10111	
4.98386	0.231347	0.025	-64.1992	164.137	-10.5739	
5.82496	0.246028	0.025	20.3556	191.618	-7.75005	
5.78064	0.245255	0.025	11.5511	217.196	3.35941	
7.11139	0.268483	0.025	31.4555	198.09	3.84625	
-0.485816	0.135873	0.025	87.9716	-202.116	-6.27138	
-4.70953	0.0621482	0.025	18.7085	-214.145	-1.24294	
-0.545873	0.134825	0.025	-44.8799	-268.643	23.221	
2.29664	0.184441	0.025	-31.3281	210.75	-13.7192	
4.33951	0.2201	0.025	10.8381	166.33	-7.28456	
0.583731	0.154542	0.025	39.9876	245.946	-6.0891	
11.3315	0.342145	0.025	-11.7571	224.242	0.646359	
10.3714	0.325387	0.025	-43.7207	241.532	-1.75084	
7.17221	0.269545	0.025	12.5317	208.131	3.59733	
-1.93258	0.11062	0.025	-7.29862	-194.378	-3.12073	
7.78966	0.280322	0.025	-38.3994	233.06	4.57605	
4.40241	0.221198	0.025	-60.9743	205.536	-4.44743	
8.85333	0.298889	0.025	29.0359	199.891	1.31364	
6.45899	0.257095	0.025	20.8506	228.707	1.58008	
10.7175	0.331427	0.025	-18.368	199.711	1.59663	
3.27789	0.201569	0.025	-58.6831	209.853	1.16848	
2.27278	0.184025	0.025	28.433	186.394	5.41186	
10.603	0.329429	0.025	-42.5665	231.298	-1.31285	
11.7594	0.349614	0.025	25.039	219.662	1.87249	
10.5034	0.327691	0.025	-1.19461	198.835	-10.9532	
-1.9229	0.110789	0.025	-45.4003	-232.664	5.44775	
10.8843	0.33434	0.025	-13.65	231.832	-5.45929	
-1.22719	0.122933	0.025	-56.1893	-261.924	18.0511	
1.02044	0.162165	0.025	-67.9494	152.565	-2.28976	
0.827282	0.158794	0.025	37.5696	203.106	8.75994	
6.12377	0.251244	0.025	12.7826	174.281	-1.27556	
-0.730563	0.131601	0.025	-18.5099	-162.541	-7.35726	
7.55071	0.276151	0.025	-36.926	194.564	12.7877	
4.57192	0.224156	0.025	-8.67456	200.683	1.37741	
8.58085	0.294133	0.025	-30.984	221.622	3.82801	
1.67659	0.173618	0.025	59.2178	196.649	-12.9009	
0.303873	0.149658	0.025	-41.0834	144.513	0.868554	
9.12943	0.303708	0.025	-37.8497	159.45	1.68631	
2.76329	0.192587	0.025	7.45262	158.867	13.6665	
-4.44765	0.0667193	0.025	68.6578	-192.497	7.37063	
8.36381	0.290344	0.025	-49.3288	237.407	4.35475	
2.11705	0.181307	0.025	-22.1796	207.555	-4.79893	
6.33716	0.254969	0.025	-10.1947	185.676	9.79509	
-1.73825	0.114012	0.025	-26.51	-188.495	-19.6799	
4.47651	0.222491	0.025	15.4195	175.864	-13.2323	
-0.193529	0.140975	0.025	-70.0692	-135.313	9.55997	
0.192243	0.147709	0.025	-140.687	163.18	-20.0748	
1.07394	0.163099	0.025	-65.1391	252.078	-21.7784	
-0.416003	0.137092	0.025	39.2036	-232.849	21.5688	
7.43144	0.27407	0.025	-32.8165	200.065	-9.89933	
12.7116	0.366235	0.025	13.7785	211.973	-1.27041	
3.0642	0.197839	0.025	31.7666	161.488	-8.78374	
14.2544	0.393165	0.025	-10.0693	194.69	-4.59641	
11.8762	0.351652	0.025	31.4314	221.07	5.77063	
11.3598	0.342639	0.025	-18.7413	226.343	2.2331	
-0.179446	0.141221	0.025	-170.106	-108.812	-10.1384	
0.764393	0.157696	0.025	-23.1654	163.813	-1.94118	
0.589561	0.154644	0.025	-25.3282	176.71	6.77125	
1.05279	0.16273	0.025	-55.9314	250.599	-16.2028	
6.06351	0.250192	0.025	54.6933	180.287	2.7464	
11.5254	0.34553	0.025	-2.83414	193.217	-1.61267	
10.7562	0.332104	0.025	15.9437	228.695	-6.40637	
7.26927	0.271239	0.025	-12.1241	202.62	-2.959	
6.44789	0.256902	0.025	9.6523	211.741	8.43652	
-0.945124	0.127856	0.025	-23.0452	-201.071	12.3406	
-0.918475	0.128321	0.025	-34.1236	-153.392	-8.92006	
3.6866	0.208703	0.025	52.7608	182.743	-10.626	
0.157091	0.147095	0.025	-57.2182	154.254	12.5214	
6.98628	0.266299	0.025	-29.831	209.789	-2.46695	
-3.27084	0.0872607	0.025	32.8311	-208.722	-5.77049	
7.60545	0.277107	0.025	-35.5609	218.609	1.71577	
-1.39263	0.120045	0.025	33.8234	-145.588	3.3132	
6.20899	0.252732	0.025	-4.11626	196.811	-3.15254	
9.96695	0.318327	0.025	-19.1395	187.883	4.91863	
2.76621	0.192638	0.025	-4.86524	182.257	8.27202	
5.55707	0.241352	0.025	36.559	229.737	6.17776	
4.03437	0.214774	0.025	-33.7025	176.725	-8.34337	
0.14389	0.146865	0.025	-52.9536	111.179	-7.16791	
-0.169229	0.141399	0.025	-109.635	-190.361	-16.09	
-2.60901	0.0988129	0.025	-66.1706	-230.146	-17.8285	
4.19286	0.21754	0.025	-19.1426	180.751	-1.27786	
-0.552267	0.134714	0.025	-6.63751	-129.148	0.00737217	
10.9903	0.33619	0.025	-24.561	238.876	-6.22092	
11.9578	0.353077	0.025	52.5077	231.432	1.10615	
6.75001	0.262175	0.025	11.2867	213.359	-1.33805	
3.33482	0.202563	0.025	-22.6726	181.534	16.7061	
2.08799	0.180799	0.025	-64.3884	191.215	-0.785234	
1.98155	0.178941	0.025	-87.6667	189.577	7.61784	
-0.7606	0.131077	0.025	-61.3316	-232.215	9.56699	
2.76037	0.192536	0.025	22.4639	216.755	-11.6449	
4.86445	0.229263	0.025	0.0212749	184.294	-10.8655	
9.12895	0.3037	0.025	-34.9433	197.525	10.1652	
2.22005	0.183105	0.025	43.6996	233.561	0.79728	
6.69974	0.261298	0.025	-39.8751	181.873	5.17318	
0.213704	0.148084	0.025	-86.3702	-30.6455	-5.76807	
3.11049	0.198647	0.025	-65.2704	136.578	-5.82914	
7.41291	0.273746	0.025	25.9853	193.64	-7.92812	
2.6572	0.190735	0.025	-32.9696	199.004	-4.61574	
9.67024	0.313148	0.025	-32.8724	223.808	9.08675	
3.5034	0.205505	0.025	-70.604	192.403	4.24753	
9.64831	0.312765	0.025	-9.49506	222.949	-4.06175	
7.84629	0.281311	0.025	14.4696	191.81	4.20701	
4.32862	0.21991	0.025	-35.8631	163.231	-2.00609	
9.34133	0.307407	0.025	8.0857	226.674	-8.18851	
2.95161	0.195874	0.025	64.5644	149.999	-1.78251	
3.17219	0.199724	0.025	9.35391	184.647	0.945017	
-0.0987504	0.14263	0.025	-150.919	-183.069	-26.547	
6.79865	0.263024	0.025	5.58222	149.606	-5.92579	
10.2276	0.322876	0.025	-17.2729	222.137	6.84834	
0.518894	0.153411	0.025	-152.759	221.184	-34.3355	
-3.34107	0.0860347	0.025	50.0712	-165.399	9.07002	
1.26576	0.166447	0.025	-48.7683	205.898	3.98845	
-1.62521	0.115985	0.025	-3.85218	-196.809	8.08288	
-0.467818	0.136188	0.025	-107.173	-250.399	16.8565	
-3.83912	0.0773413	0.025	53.535	-204.288	-5.16569	
0.713534	0.156808	0.025	29.7264	184.864	9.9508	
6.09622	0.250763	0.025	-42.7666	144.725	-8.61278	
1.33549	0.167664	0.025	49.2769	200.536	22.4215	
12.8962	0.369457	0.025	-50.4373	227.199	-1.89282	
4.72866	0.226892	0.025	9.70347	172.301	-1.56979	
5.86074	0.246653	0.025	-26.1537	192.232	11.6383	
7.83733	0.281155	0.025	-37.402	190.758	-5.37081	
11.4668	0.344508	0.025	-16.23	202.547	22.9586	
7.06279	0.267635	0.025	-24.4728	208.728	1.48722	
-1.65703	0.11543	0.025	-67.7681	-197.996	-3.61359	
0.995564	0.161731	0.025	-39.4763	218.545	0.629365	
1.15797	0.164566	0.025	-42.1365	172.501	3.63144	
15.0515	0.407079	0.025	-30.8357	205.058	-2.56682	
7.4591	0.274553	0.025	27.0748	227.499	8.14697	
0.346682	0.150405	0.025	-175.757	292.897	-27.3389	
13.4845	0.379727	0.025	10.4356	204.566	6.37762	
1.0684	0.163002	0.025	-68.9901	183.951	-13.394	
1.81096	0.175964	0.025	-5.95495	233.528	4.74116	
-3.84974	0.0771558	0.025	43.4023	-237.755	5.23988	
15.551	0.415797	0.025	-13.166	244.057	-6.79459	
1.40947	0.168956	0.025	-35.6083	201.384	-19.0797	
7.81003	0.280678	0.025	72.9586	215.577	1.98162	
8.01305	0.284222	0.025	-44.4961	205.096	2.8928	
-3.45335	0.0840749	0.025	-18.8707	-153.764	-14.1983	
4.42266	0.221551	0.025	5.25699	186.079	14.1169	
3.49103	0.20529	0.025	-87.7526	181.733	-18.0465	
1.14064	0.164263	0.025	-121.86	199.575	25.1752	
7.63948	0.277701	0.025	-26.5783	196.929	-4.06522	
7.25225	0.270942	0.025	15.0029	181.451	-1.25216	
8.67178	0.29572	0.025	1.77377	204.269	-1.60452	
4.1522	0.21683	0.025	-2.42454	146.405	10.6244	
8.5187	0.293048	0.025	12.4789	173.313	0.913085	
5.11144	0.233574	0.025	-13.6421	197.721	-7.69123	
0.483323	0.15279	0.025	-135.912	238.209	-3.42607	
5.6849	0.243584	0.025	11.5688	185.943	4.33636	
-0.816846	0.130095	0.025	-93.3316	-174.896	10.3602	
3.1512	0.199358	0.025	-11.6482	215.69	-1.55515	
9.72429	0.314092	0.025	5.40981	225.515	8.62398	
7.85269	0.281423	0.025	42.9832	152.36	8.31777	
0.713954	0.156816	0.025	-107.696	191.811	-7.63153	
-1.30395	0.121593	0.025	53.6484	-193.152	2.42144	
7.63656	0.27765	0.025	-34.8085	203.797	5.35056	
8.31045	0.289413	0.025	60.662	214.949	2.44811	
-1.80785	0.112797	0.025	28.1381	-156.523	4.47038	
-1.11496	0.124892	0.025	-33.9044	-240.425	-27.8059	
10.1871	0.32217	0.025	-40.6767	200.155	-4.7848	
7.4883	0.275062	0.025	40.7259	222.253	-2.72179	
1.80997	0.175947	0.025	12.1436	252.638	-6.19578	
4.7065	0.226506	0.025	-35.8684	186.897	-15.1908	
-0.00723463	0.144227	0.025	-109.357	-120.67	-9.63843	
0.775647	0.157892	0.025	-16.2764	219.407	9.50464	
2.2841	0.184222	0.025	-52.1725	243.645	-0.0755557	
3.01986	0.197065	0.025	-46.8652	207.065	-14.9596	
0.268205	0.149035	0.025	44.7299	240.128	17.0327	
-0.923098	0.128241	0.025	-71.4287	-180.856	-13.5769	
1.90667	0.177634	0.025	-74.0095	226.45	2.99568	
7.30651	0.271889	0.025	-1.76362	201.748	10.8904	
4.25196	0.218572	0.025	3.51765	192.5	5.77345	
1.4002	0.168794	0.025	82.8954	160.943	7.50303	
-2.99632	0.0920525	0.025	4.45397	-191.803	2.5187	
0.269878	0.149064	0.025	-53.1828	74.3024	-8.70297	
5.76895	0.245051	0.025	17.3654	215.413	14.2709	
9.14887	0.304048	0.025	-54.1364	218.669	-6.61858	
6.52031	0.258166	0.025	-55.9987	194.085	7.66572	
-0.888788	0.12884	0.025	-1.95201	-186.335	0.377978	
0.570556	0.154312	0.025	-115.165	251.519	19.3124	
-0.328886	0.138613	0.025	-242.893	-125.333	5.36222	
9.45976	0.309474	0.025	-1.92235	232.542	-2.7474	
0.726135	0.157028	0.025	-5.69935	204.436	-3.47517	
3.65087	0.20808	0.025	-7.01392	148.345	-11.3761	
4.68096	0.22606	0.025	21.9656	211.332	9.19563	
6.1724	0.252093	0.025	-24.7915	203.303	5.05981	
10.1307	0.321186	0.025	18.8176	190.005	-9.51046	
-0.688033	0.132344	0.025	72.3408	-238.053	10.4259	
2.50218	0.188029	0.025	-40.5684	200.883	-8.29606	
5.72206	0.244232	0.025	31.9574	193.349	7.3623	
-5.29042	0.0520088	0.025	-23.4214	-180.275	-0.513259	
0.554125	0.154026	0.025	-11.2418	277.715	12.9158	
13.5858	0.381494	0.025	-46.2067	216.248	-4.07859	
13.0835	0.372726	0.025	32.2298	250.939	-11.0883	
-6.58622	0.0293905	0.025	8.39009	-179.185	-4.64158	
-2.61492	0.0987098	0.025	-20.1122	-184.57	-5.68971	
6.32586	0.254772	0.025	4.61535	216.032	8.25763	
6.14846	0.251675	0.025	-29.5531	206.793	-0.322165	
4.25028	0.218542	0.025	-30.2259	175.433	9.93843	
5.11198	0.233583	0.025	-11.5405	207.013	-19.5436	
0.844512	0.159094	0.025	-131.79	180.472	2.5985	
11.5578	0.346096	0.025	-25.3867	237.216	4.30138	
6.87542	0.264364	0.025	19.9986	178.393	14.7623	
3.24341	0.200967	0.025	22.1622	223.763	19.2476	
0.471169	0.152578	0.025	-27.7296	217.34	-4.52353	
2.45886	0.187273	0.025	-34.2577	135.108	2.14512	
1.50161	0.170564	0.025	-95.0953	210.181	-20.5219	
3.51992	0.205794	0.025	-84.6255	212.648	-9.67838	
4.61166	0.22485	0.025	-22.9031	230.302	-3.45138	
8.30584	0.289332	0.025	7.31769	217.337	-4.738	
4.0923	0.215785	0.025	39.7367	186.698	14.0995	
13.7061	0.383594	0.025	-21.577	174.386	-9.11029	
2.50245	0.188034	0.025	30.7995	194.489	3.70562	
-3.98554	0.0747856	0.025	-8.97369	-152.245	3.20328	
2.92475	0.195405	0.025	-21.9629	247.95	14.13	
-0.596406	0.133943	0.025	-8.21286	-230.385	-7.78481	
9.77438	0.314966	0.025	5.26854	234.616	-3.06281	
5.75261	0.244766	0.025	-29.3042	193.988	-6.3514	
4.82803	0.228627	0.025	13.627	185.847	-8.77579	
0.793153	0.158198	0.025	110.842	267.506	-9.35812	
0.86597	0.159469	0.025	-136.158	118.455	1.4555	
-3.67364	0.0802297	0.025	28.7757	-199.565	9.52968	
7.07011	0.267763	0.025	-16.8622	205.253	5.57072	
5.74376	0.244611	0.025	-26.9437	191.186	5.86689	
5.43624	0.239243	0.025	-42.7687	183.401	4.07935	
4.51925	0.223237	0.025	-11.6976	151.514	17.3274	
0.637958	0.155489	0.025	31.6823	170.533	3.6818	
10.1813	0.322068	0.025	-31.8999	238.598	8.97449	
7.77929	0.280141	0.025	-8.42757	205.486	-7.18021	
5.66971	0.243318	0.025	42.8639	156.124	16.757	
0.561819	0.15416	0.025	-106.848	164.865	3.0565	
9.2478	0.305774	0.025	19.5632	225.682	-10.4881	
0.0119539	0.144562	0.025	-156.976	-100.044	-18.0589	
5.39576	0.238537	0.025	-7.15994	194.515	-4.06392	
12.5926	0.364159	0.025	21.4218	226.928	-0.588471	
0.711264	0.156769	0.025	29.1248	179.583	10.9382	
2.84888	0.194081	0.025	-35.4626	151.799	-2.55013	
9.42053	0.308789	0.025	4.88192	215.116	7.03429	
-0.32774	0.138633	0.025	-94.0876	-215.159	-5.44726	
-0.338734	0.138441	0.025	-32.7896	-212.592	-3.80025	
1.4127	0.169012	0.025	-33.5827	192.545	-15.9667	
-0.0107028	0.144167	0.025	-283.147	-64.1061	-11.3425	
2.41111	0.18644	0.025	-64.5964	179.536	10.7239	
11.4499	0.344212	0.025	-27.0448	218.672	12.594	
4.53891	0.22358	0.025	1.33307	191.252	5.55908	
5.2431	0.235872	0.025	3.31789	186.022	-19.5659	
25.6984	0.592921	0.025	-29.0327	248.015	-3.69155	
1.44582	0.16959	0.025	-117.037	169.988	11.7178	
0.703201	0.156628	0.025	45.9587	216.915	19.3808	
5.53258	0.240925	0.025	-30.7745	205.243	-3.68242	
4.70512	0.226481	0.025	-36.8999	204.339	0.85593	
8.81414	0.298205	0.025	-7.69597	212.806	9.85946	
5.30813	0.237007	0.025	3.55015	191.862	-0.0624134	
0.682961	0.156275	0.025	-66.6179	249.466	2.01817	
-1.15428	0.124205	0.025	-20.1014	-245.663	12.3215	
2.66775	0.190919	0.025	23.0457	184.598	10.6983	
10.0889	0.320455	0.025	-22.3653	189.61	5.97556	
5.25534	0.236086	0.025	-49.2644	232.649	-1.94416	
9.85092	0.316302	0.025	34.1533	202.299	3.74629	
3.44843	0.204546	0.025	-58.9953	159.259	1.32001	
-0.833481	0.129805	0.025	-36.7823	-209.032	7.42335	
13.2817	0.376186	0.025	48.3307	247.627	7.50621	
-2.94605	0.0929299	0.025	-53.2035	-202.074	-5.36741	
8.29952	0.289222	0.025	-9.99097	212.33	5.57475	
8.90651	0.299817	0.025	20.1389	161.507	-8.16937	
11.7481	0.349417	0.025	-22.9866	178.684	-3.84759	
-0.112904	0.142383	0.025	193.793	6.23019	-9.6047	
5.59908	0.242086	0.025	0.250322	173.523	2.79121	
11.535	0.345698	0.025	-23.6669	205.525	-6.4942	
7.9726	0.283516	0.025	21.0504	196.879	-7.95505	
12.9297	0.370043	0.025	-31.8245	242.238	-4.9494	
8.12716	0.286213	0.025	-15.1366	173.324	12.9665	
14.3334	0.394543	0.025	6.78283	232.431	8.73345	
5.35948	0.237903	0.025	14.8982	152.009	-1.54189	
4.71377	0.226633	0.025	0.506224	211.551	-6.82554	
-1.56179	0.117092	0.025	8.52058	-238.619	11.6927	
4.65138	0.225544	0.025	-35.3414	157.741	3.00359	
0.141249	0.146819	0.025	-102.09	223.929	15.3774	
2.0135	0.179499	0.025	-0.491665	197.594	3.63808	
2.5306	0.188525	0.025	23.6377	222.107	-8.53339	
6.3503	0.255198	0.025	26.2966	203.986	10.1894	
-1.29809	0.121695	0.025	25.557	-207.395	-7.97351	
1.07236	0.163072	0.025	-78.9531	230.718	-11.4959	
-0.87013	0.129165	0.025	-100.465	-221.317	1.81323	
6.31032	0.2545	0.025	40.4788	148.961	2.03004	
5.79803	0.245558	0.025	12.8404	182.222	9.23989	
6.07045	0.250313	0.025	68.0977	221.786	-6.20255	
5.79918	0.245578	0.025	-9.88581	183.083	1.96162	
-0.710551	0.131951	0.025	-40.0218	-111.745	15.2943	
7.77059	0.27999	0.025	6.55357	239.741	-3.50712	
5.4997	0.240351	0.025	-31.2181	180.631	6.70627	
-0.0568433	0.143361	0.025	-51.5997	-126.898	-13.7319	
-4.00749	0.0744024	0.025	-19.3757	-195.95	-5.87866	
-5.4392	0.0494118	0.025	9.20999	-236.407	12.3044	
3.60126	0.207214	0.025	-12.5127	163.157	11.8234	
5.82195	0.245976	0.025	-13.0432	193.926	2.66126	
3.52343	0.205855	0.025	-7.61891	180.188	5.92657	
-4.03356	0.0739473	0.025	-39.2315	-176.183	-8.14924	
-0.53695	0.134981	0.025	-154.99	-272.408	15.2876	
0.901018	0.160081	0.025	68.5733	215.885	-8.39071	
-0.237667	0.140205	0.025	-123.764	-172.946	-17.6619	
8.90587	0.299806	0.025	45.525	234.344	-4.06155	
9.01712	0.301748	0.025	-16.6737	198.819	8.94068	
1.61209	0.172493	0.025	37.3582	201.978	5.50876	
5.63039	0.242632	0.025	-9.49485	151.467	-7.88364	
7.30303	0.271828	0.025	11.1519	244.415	-4.63178	
10.5788	0.329007	0.025	-9.28429	226.877	4.57251	
12.9157	0.369798	0.025	-19.562	254.797	-3.41402	
-0.893223	0.128762	0.025	-33.0243	-230.947	1.66656	
0.554487	0.154032	0.025	-28.636	194.375	7.36334	
-3.8022	0.0779857	0.025	-8.67654	-201.216	11.0192	
-1.6241	0.116005	0.025	31.682	-205.125	-12.9233	
6.37939	0.255706	0.025	-19.2598	198.933	-2.09144	
5.63085	0.24264	0.025	-78.7492	189.833	1.9292	
-1.45369	0.118979	0.025	-35.2455	-224.319	-10.2432	
0.435051	0.151947	0.025	-121.172	247.982	-1.83883	
1.96069	0.178577	0.025	-17.7238	208.889	-2.61177	
0.359996	0.150637	0.025	-52.0758	274.8	15.1584	
8.31629	0.289515	0.025	4.77246	200.604	14.0962	
9.12631	0.303654	0.025	-0.525071	234.398	3.19539	
3.15289	0.199387	0.025	-14.1129	177.589	8.83284	
7.36542	0.272917	0.025	-5.91323	187.618	16.3879	
1.70032	0.174033	0.025	-63.4399	237.257	-19.6928	
0.692911	0.156448	0.025	-11.6299	156.5	3.4903	
-0.544146	0.134855	0.025	-36.7486	-301.068	-36.2482	
21.9635	0.527728	0.025	-32.8113	245.235	0.349162	
1.78076	0.175437	0.025	-35.1197	226.819	-3.58458	
14.8729	0.40396	0.025	9.72095	213.428	-3.52065	
2.09327	0.180892	0.025	52.8324	210.882	-2.03563	
3.04446	0.197495	0.025	46.2492	202.619	-8.48909	
2.395	0.186158	0.025	-67.2643	217.793	0.376019	
5.68055	0.243508	0.025	-6.03557	184.724	-8.90288	
1.04031	0.162512	0.025	51.7242	192.151	7.30779	
4.3745	0.22071	0.025	-2.48596	188.109	-5.87198	
8.48929	0.292534	0.025	-5.23614	168.979	11.6781	
3.97978	0.213821	0.025	-65.0378	165.592	-5.08312	
-0.493782	0.135734	0.025	-77.0497	-149.123	-11.5545	
11.4801	0.344739	0.025	-31.555	189.136	-5.1418	
6.83494	0.263658	0.025	-26.0343	234.67	4.57255	
-0.3024	0.139075	0.025	-36.1936	-175.872	-0.267612	
0.200495	0.147853	0.025	-142.276	143.981	24.7234	
0.34994	0.150462	0.025	-58.9319	103.632	-7.1541	
1.36458	0.168172	0.025	-53.5303	202.794	-16.3696	
-0.379672	0.137726	0.025	-118.559	-211.471	13.1985	
7.1834	0.26974	0.025	24.5324	190.533	-8.51705	
2.82674	0.193694	0.025	45.0049	228.823	3.42701	
11.284	0.341316	0.025	36.0151	239.421	6.21359	
0.231857	0.1484	0.025	-31.5064	225.924	38.8503	
7.15095	0.269174	0.025	28.6897	229.472	-6.86801	
7.21574	0.270305	0.025	-25.3397	233.345	-9.65638	
5.48668	0.240124	0.025	-30.6234	194.496	-4.32726	
7.86939	0.281714	0.025	-12.7657	206.857	-11.2419	
10.6258	0.329828	0.025	-30.7048	178.264	-2.58189	
5.95605	0.248317	0.025	1.42154	209.784	7.89238	
4.3639	0.220526	0.025	-9.41753	169.1	4.2128	
3.17749	0.199817	0.025	-21.6421	136.014	-2.98305	
14.8848	0.404169	0.025	1.04792	208.733	4.83436	
6.49364	0.2577	0.025	-17.1221	212.305	0.456261	
0.668927	0.15603	0.025	-29.3408	200.041	5.70543	
0.439448	0.152024	0.025	-60.9925	278.39	20.8655	
1.61967	0.172625	0.025	10.5321	214.291	-7.38455	
7.0532	0.267467	0.025	-45.4348	180.083	-8.54697	
-0.931516	0.128094	0.025	-91.5288	-189.899	4.64248	
-1.31867	0.121336	0.025	-63.7466	-162.355	-19.6715	
6.71273	0.261525	0.025	-11.602	231.293	-18.7873	
2.55836	0.18901	0.025	-42.1962	178.297	7.7434	
0.349331	0.150451	0.025	-202.947	247.385	4.28944	
5.42374	0.239025	0.025	-22.2746	176.371	-6.76991	
0.160961	0.147163	0.025	-86.8078	209.297	-0.943543	
11.4689	0.344545	0.025	-1.30998	218.663	-0.818599	
9.25231	0.305853	0.025	-40.5858	198.169	4.50866	
-1.34589	0.120861	0.025	2.4038	-212.899	-5.91929	
3.37003	0.203177	0.025	-4.50345	213.187	2.99475	
0.0998559	0.146096	0.025	-258.854	92.3239	2.74278	
16.6342	0.434704	0.025	-0.272518	224.984	-4.00348	
3.8938	0.21232	0.025	-26.8353	163.84	-4.1206	
1.54511	0.171323	0.025	5.36673	217.622	2.40725	
5.47887	0.239987	0.025	-41.6115	167.835	11.9391	
8.1334	0.286322	0.025	-25.5665	180.597	3.16596	
0.323087	0.149993	0.025	-19.4728	202.8	3.2061	
4.70299	0.226444	0.025	-15.2639	203.696	-5.74492	
4.51672	0.223193	0.025	-56.9764	174.975	-4.77452	
-0.726463	0.131673	0.025	-20.8914	-224.729	-14.0833	
0.515445	0.153351	0.025	-64.9366	141.597	-1.26318	
-0.759462	0.131097	0.025	-69.7828	-196.876	-15.1141	
12.2638	0.358419	0.025	-41.0759	211.321	10.3818	
0.641753	0.155555	0.025	41.6397	213.004	20.0288	
3.95466	0.213382	0.025	7.19251	191.52	10.3074	
0.29611	0.149522	0.025	-96.7065	262.338	-31.4032	
8.88875	0.299507	0.025	18.8044	226.395	3.19765	
6.42021	0.256419	0.025	24.8961	197.499	-5.96243	
13.968	0.388166	0.025	8.51234	221.136	4.33919	
6.97631	0.266125	0.025	2.69279	189.611	6.15265	
9.16596	0.304346	0.025	37.0144	226.316	-13.5679	
0.42561	0.151782	0.025	56.9985	166.531	26.8257	
0.447042	0.152157	0.025	-200.891	239.605	19.9751	
6.09793	0.250793	0.025	30.7132	188.027	6.66937	
7.42383	0.273937	0.025	29.9829	216.332	-6.73724	
1.78622	0.175532	0.025	-25.134	202.939	5.13073	
2.86489	0.19436	0.025	-59.7698	178.663	-4.47085	
14.7654	0.402085	0.025	-49.8055	232.883	-1.61145	
8.37295	0.290504	0.025	4.49998	201.779	-17.6249	
6.23089	0.253114	0.025	46.2698	191.162	-1.74254	
4.26757	0.218844	0.025	-25.5979	201.431	-1.27668	
8.94989	0.300574	0.025	-33.9193	232.389	-16.6407	
11.0291	0.336867	0.025	-83.9615	231.591	-12.9958	
-5.70344	0.0447994	0.025	-2.24977	-216.315	-9.85251	
0.175793	0.147422	0.025	-55.0133	-27.6863	-14.5318	
-3.65852	0.0804937	0.025	23.1991	-200.626	5.97491	
9.00277	0.301497	0.025	20.888	243.094	13.0948	
-0.26387	0.139748	0.025	-149.049	-199.997	-12.4611	
0.953586	0.160998	0.025	3.6877	229.629	2.08951	
7.48972	0.275087	0.025	10.9105	209.359	10.6213	
1.52926	0.171047	0.025	-107.082	115.299	1.95509	
-3.10969	0.0900736	0.025	-16.5913	-211.739	6.52292	
12.6217	0.364666	0.025	-23.3934	221.211	-7.30043	
12.2518	0.35821	0.025	-11.4085	209.009	-3.12994	
-2.06791	0.108258	0.025	-3.86986	-200.991	-2.4049	
0.132911	0.146673	0.025	-34.9976	251.028	-16.1604	
1.18568	0.165049	0.025	-25.2864	126.792	-12.2819	
0.739765	0.157266	0.025	97.7457	165.696	4.46049	
16.6935	0.435739	0.025	41.1044	203.519	-3.25766	
-4.39578	0.0676248	0.025	-13.9894	-191.621	16.2911	
-0.665958	0.132729	0.025	-121.954	-199.821	27.8491	
-2.06626	0.108287	0.025	-10.8241	-199.24	12.7197	
4.39144	0.221006	0.025	-36.3163	226.958	-2.91829	
4.56546	0.224044	0.025	-3.16823	154.362	7.50479	
3.6288	0.207694	0.025	33.3243	171.147	-2.07651	
7.69516	0.278673	0.025	-33.553	192.078	-6.19658	
5.46619	0.239766	0.025	3.87842	162.163	-7.88367	
10.5834	0.329087	0.025	17.9061	201.979	5.28725	
2.24438	0.183529	0.025	6.49449	187.98	-16.6562	
-0.588026	0.134089	0.025	-25.3179	-247.316	-30.7159	
17.6193	0.4519	0.025	16.1522	240.127	0.594314	
1.99838	0.179235	0.025	68.9209	213.173	16.6549	
6.91312	0.265022	0.025	-35.097	209.156	3.23057	
-3.75787	0.0787595	0.025	31.5502	-184.46	8.87476	
2.19683	0.182699	0.025	31.3191	213.836	-2.65397	
3.39109	0.203545	0.025	31.8989	195.432	7.2106	
9.09546	0.303115	0.025	-7.66027	208.797	4.82212	
1.4301	0.169316	0.025	-15.1357	130.318	6.03353	
1.28973	0.166866	0.025	-51.537	174.634	-9.10005	
8.87767	0.299314	0.025	-41.9246	211.935	-7.19805	
2.46546	0.187388	0.025	-13.0444	231.016	6.53235	
7.97504	0.283558	0.025	-24.0937	181.953	1.67223	
7.98674	0.283762	0.025	13.6172	185.188	8.58443	
8.03944	0.284682	0.025	20.5738	204.68	2.36346	
5.99368	0.248973	0.025	36.9092	160.053	6.73719	
7.48917	0.275077	0.025	-10.8137	211.103	15.3408	
2.1364	0.181644	0.025	-62.7928	222.702	-8.51342	
4.91417	0.23013	0.025	-13.1403	163.614	-6.38822	
6.40152	0.256092	0.025	-16.2287	173.755	4.23532	
4.28627	0.219171	0.025	-64.1729	193.875	-6.77242	
10.3534	0.325072	0.025	-35.9226	219.465	-2.07505	
12.9701	0.370747	0.025	49.8825	209.114	-0.00553809	
2.27854	0.184125	0.025	10.6547	243.362	13.2721	
-4.32346	0.068887	0.025	13.8182	-225.476	-7.23111	
1.43372	0.169379	0.025	-67.5814	204.054	8.02631	
1.84447	0.176549	0.025	57.6376	206.23	12.2557	
1.70792	0.174165	0.025	44.5191	224.642	2.08168	
7.47872	0.274895	0.025	-53.1289	199.292	-6.68123	
0.973245	0.161341	0.025	8.62208	274.876	-12.8446	
11.0283	0.336854	0.025	-32.6949	228.802	2.90195	
5.81003	0.245768	0.025	-2.22242	160.99	-8.13491	
3.15752	0.199468	0.025	-38.4958	210.68	4.05884	
7.228	0.270519	0.025	2.9135	205.752	-4.14651	
11.0012	0.336379	0.025	-34.0073	216.928	-4.50016	
1.57344	0.171818	0.025	32.8245	193.975	0.734108	
-1.56067	0.117112	0.025	9.58166	-223.07	-15.3345	
1.09035	0.163386	0.025	-20.6901	270.748	11.5532	
7.46596	0.274672	0.025	-13.1781	188.02	10.1373	
4.76354	0.227501	0.025	-7.49103	219.183	10.0745	
10.344	0.324909	0.025	-34.745	253.67	18.2509	
0.604554	0.154906	0.025	-53.1459	264.979	-11.2569	
-0.881983	0.128958	0.025	16.625	-192.519	26.8113	
8.18993	0.287309	0.025	-8.16857	201.747	15.9417	
6.43333	0.256648	0.025	-5.08199	210.976	14.6678	
8.83733	0.29861	0.025	39.8525	212.941	4.11908	
5.03558	0.23225	0.025	-9.13775	181.941	1.16653	
1.48227	0.170226	0.025	-15.0944	175.959	-2.81167	
3.42274	0.204098	0.025	9.39335	217.757	4.14716	
10.2649	0.323527	0.025	-2.45753	192.799	0.432324	
-2.79671	0.0955366	0.025	60.7345	-219.25	-0.114771	
6.2782	0.25394	0.025	-1.48371	226.943	1.14686	
-1.73152	0.11413	0.025	-13.3384	-187.896	1.39544	
-2.35351	0.103273	0.025	-76.5216	-132.464	4.69687	
2.22961	0.183271	0.025	18.2884	230.584	7.10832	
12.4066	0.360911	0.025	53.3176	219.81	2.61565	
4.60961	0.224814	0.025	-24.4457	221.978	11.2244	
-0.34128	0.138396	0.025	-95.9809	-178.714	-17.1813	
8.36102	0.290296	0.025	-3.50764	195.37	6.36891	
-1.18995	0.123583	0.025	54.8824	-156.773	11.9873	
-2.7176	0.0969174	0.025	-53.1346	-212.397	-12.6324	
5.22285	0.235519	0.025	-26.8867	225.606	9.71469	
8.39608	0.290907	0.025	-10.5093	229.462	3.31297	
-0.0265461	0.14389	0.025	-207.341	-86.1328	-19.7992	
9.67144	0.313169	0.025	-24.3257	203.712	-9.45344	
9.49563	0.3101	0.025	36.4758	223.763	2.76703	
0.619929	0.155174	0.025	-100.81	217.471	-34.8289	
-0.370775	0.137881	0.025	-167.999	-189.791	10.4959	
-3.31178	0.086546	0.025	6.68506	-185.303	-17.0536	
12.5026	0.362586	0.025	-54.9379	221.589	-12.1365	
9.2662	0.306096	0.025	-32.4855	191.883	-4.17439	
5.56457	0.241483	0.025	-12.0014	160.176	-1.99293	
-0.0851543	0.142867	0.025	-245.325	-113.246	-3.57603	
14.0346	0.389328	0.025	5.80064	233.131	2.47241	
29.5935	0.66091	0.025	-38.5868	228.411	0.0363966	
-5.1632	0.0542294	0.025	8.04765	-214.819	7.19093	
0.381682	0.151016	0.025	-135.433	284.377	13.0037	
-2.28594	0.104452	0.025	-8.62658	-197.369	-2.26242	
0.699533	0.156564	0.025	33.3304	259.516	9.34329	
11.1749	0.339413	0.025	2.37016	232.043	12.2843	
1.05527	0.162773	0.025	-47.0263	263.864	0.4587	
6.62239	0.259948	0.025	-12.1655	177.585	4.2504	
4.69694	0.226339	0.025	1.87113	151.297	-10.3424	
5.64982	0.242971	0.025	3.78979	238.921	-8.59733	
5.54728	0.241181	0.025	-11.5389	178.657	-10.2016	
-1.0886	0.125352	0.025	-39.1596	-204.316	10.8665	
0.0811846	0.14577	0.025	82.3721	191.811	29.8242	
-0.279303	0.139478	0.025	-264.032	-144.869	41.6439	
6.87947	0.264435	0.025	-70.9246	163.44	-0.391397	
6.55653	0.258798	0.025	51.4067	201.609	-3.34353	
-0.794072	0.130493	0.025	-101.852	-217.921	-9.2674	
3.0099	0.196891	0.025	-51.1625	234.547	-1.07245	
9.42464	0.308861	0.025	-61.9925	181.011	-3.81578	
0.421315	0.151707	0.025	-80.9361	221.019	-2.59737	
10.1777	0.322005	0.025	-35.0328	193.152	-21.4441	
43.4148	0.902161	0.025	-11.8128	269.342	2.47795	
0.83293	0.158892	0.025	-75.622	166.477	-9.05788	
1.30466	0.167126	0.025	56.533	162.554	-5.55265	
1.64131	0.173003	0.025	-33.5303	223.246	1.9718	
7.33733	0.272427	0.025	-11.8923	154.188	-3.71525	
1.49988	0.170534	0.025	-109.932	216.687	-15.4721	
-1.31493	0.121401	0.025	117.198	-197.145	3.11376	
7.07377	0.267826	0.025	32.5672	212.958	-9.64232	
7.44328	0.274276	0.025	-26.9761	211.345	-8.076	
5.64793	0.242938	0.025	7.93594	186.407	14.5221	
-2.51495	0.100455	0.025	-2.71849	-216.681	5.12238	
-0.272106	0.139604	0.025	-46.9056	-188.935	3.07109	
7.46629	0.274678	0.025	36.6023	209.047	7.14567	
6.49513	0.257726	0.025	-0.823583	201.264	-4.01647	
0.206403	0.147956	0.025	72.8587	194.947	17.5873	
7.3145	0.272028	0.025	16.0284	229.821	2.07314	
5.87783	0.246951	0.025	-18.2786	177.127	-4.01118	
-6.33122	0.0338416	0.025	-2.85593	-236.436	2.53691	
6.80576	0.263148	0.025	-16.6174	186.576	-7.17543	
10.3107	0.324327	0.025	-3.96779	196.279	12.6375	
12.9324	0.370089	0.025	16.3867	219.75	0.0848225	
8.5873	0.294245	0.025	10.4071	185.308	3.32594	
5.71654	0.244136	0.025	-7.46725	192.288	-4.97775	
-2.21236	0.105737	0.025	23.1534	-207.242	-10.6007	
9.82779	0.315898	0.025	-21.2278	175.405	-2.55513	
1.82253	0.176166	0.025	33.5317	245.051	2.6852	
0.82558	0.158764	0.025	-58.9899	221.205	-25.0426	
6.09587	0.250757	0.025	-33.2869	192.229	-10.177	
1.7842	0.175497	0.025	45.1044	190.817	-19.7778	
2.40062	0.186256	0.025	-8.52694	189.458	-0.325632	
5.27202	0.236377	0.025	-15.4953	178.945	2.96159	
0.511778	0.153287	0.025	-3.91178	235.216	1.42027	
12.9027	0.36957	0.025	-41.6165	239.741	4.52458	
7.40213	0.273558	0.025	-6.89887	206.561	0.881553	
1.82435	0.176198	0.025	-23.8795	177.511	-2.05756	
0.299222	0.149576	0.025	-76.1952	280.615	41.4494	
1.6521	0.173191	0.025	-54.5072	187.27	-1.89721	
-3.56788	0.0820758	0.025	-61.4105	-205.654	3.79234	
3.66703	0.208362	0.025	-38.1461	203.209	-6.42574	
6.35868	0.255344	0.025	30.9898	172.416	-24.4579	
8.85904	0.298989	0.025	-44.8042	190.409	-11.9036	
2.23329	0.183336	0.025	-58.1002	214.695	9.13575	
3.11166	0.198668	0.025	37.6335	187.119	2.21927	
7.4072	0.273647	0.025	2.96616	164.56	5.10991	
9.89304	0.317037	0.025	5.28834	196.718	-2.69349	
1.35556	0.168015	0.025	-29.4375	143.953	9.52458	
0.156656	0.147088	0.025	-204.195	77.6851	-14.8258	
3.67337	0.208472	0.025	-27.608	162.209	-12.7525	
13.3043	0.376581	0.025	-39.6745	200.67	-2.27466	
0.240355	0.148549	0.025	-236.843	151.808	-0.518401	
10.5527	0.328552	0.025	-11.4247	218.981	-9.08297	
-0.905794	0.128543	0.025	-38.0184	-215.125	10.6766	
8.21225	0.287699	0.025	-19.4345	173.121	5.02718	
-4.12344	0.0723785	0.025	-1.57074	-161.267	-9.55482	
-2.93885	0.0930556	0.025	24.9128	-223.042	-6.2799	
7.50027	0.275271	0.025	20.9949	205.469	-5.60459	
-0.939493	0.127954	0.025	3.62728	-195.171	20.083	
8.09877	0.285718	0.025	-3.32462	228.647	2.13239	
3.64115	0.20791	0.025	-0.523005	224.781	5.3935	
6.69366	0.261192	0.025	15.1983	193.059	-10.5459	
1.49443	0.170439	0.025	-53.9416	213.253	-12.549	
10.6134	0.329611	0.025	-19.58	239.91	-14.6356	
1.66984	0.173501	0.025	17.0955	196.39	-1.33542	
10.9419	0.335345	0.025	-4.44711	177.696	-0.711284	
9.003	0.301501	0.025	32.8132	170.902	3.56494	
3.67789	0.208551	0.025	0.993512	198.575	4.64695	
7.01164	0.266742	0.025	-17.7535	219.52	20.237	
14.3653	0.395101	0.025	1.47005	242.706	-7.56982	
8.2954	0.28915	0.025	7.12245	186.813	-0.374291	
9.52296	0.310577	0.025	-7.24323	178.885	8.42385	
6.60331	0.259615	0.025	-48.3311	185.999	-7.13779	
1.02085	0.162172	0.025	33.8207	190.818	-8.76532	
16.1987	0.427102	0.025	31.9947	222.785	-3.74264	
10.0936	0.320538	0.025	-10.425	207.774	5.23098	
7.98168	0.283674	0.025	-31.9664	198.807	-10.3429	
1.13441	0.164155	0.025	-94.4072	209.298	-7.04217	
9.19392	0.304834	0.025	29.9727	192.876	-4.33412	
12.9388	0.370202	0.025	-25.6992	235.782	-0.0516378	
4.90288	0.229934	0.025	-47.9771	161.337	4.44095	
13.6563	0.382725	0.025	46.2218	236.963	1.04754	
13.0033	0.371327	0.025	10.2067	236.708	-3.00818	
-0.399506	0.13738	0.025	-46.8498	-215.094	-7.80748	
-0.445568	0.136576	0.025	-35.7709	-227.173	-15.6655	
10.0372	0.319554	0.025	9.94888	193.07	1.35589	
4.98961	0.231447	0.025	-13.5667	194.817	-3.07495	
0.385703	0.151086	0.025	106.015	163.165	4.25899	
8.31576	0.289505	0.025	10.3385	174.332	13.6783	
7.62043	0.277368	0.025	11.9134	203.284	8.41881	
-0.439013	0.13669	0.025	34.3119	-142.884	21.918	
5.50006	0.240357	0.025	-15.0018	214.618	-7.0423	
-1.91886	0.11086	0.025	-42.1037	-186.045	-2.81987	
10.1519	0.321556	0.025	49.0189	227.671	-2.1918	
3.62015	0.207543	0.025	21.1413	198.385	6.51757	
8.18429	0.287211	0.025	-5.22798	189.155	6.37891	
5.54517	0.241145	0.025	-60.3615	197.673	-8.21118	
12.7327	0.366603	0.025	-36.3941	185.52	-4.16197	
-0.928569	0.128145	0.025	-39.308	-179.276	9.61276	
6.31873	0.254647	0.025	35.825	203.317	9.34937	
5.02408	0.232049	0.025	-12.0186	200.328	0.80178	
9.08927	0.303007	0.025	20.4412	217.873	12.464	
6.07829	0.25045	0.025	57.4594	173.977	0.961647	
5.22654	0.235583	0.025	5.98903	174.079	-1.78515	
1.59158	0.172135	0.025	-10.1988	210.523	-24.3581	
2.77471	0.192786	0.025	-16.747	178.776	-6.1277	
9.01703	0.301746	0.025	-3.18995	199.511	13.0235	
0.307666	0.149724	0.025	-114.193	121.616	4.87748	
8.60077	0.29448	0.025	29.3406	169.543	0.0060129	
1.98608	0.179021	0.025	42.9901	143.764	-11.4867	
-0.3518	0.138213	0.025	-108.674	-266.06	-17.3894	
6.79359	0.262936	0.025	-32.0827	243.528	1.18525	
-0.534339	0.135026	0.025	-35.4023	-243.51	-1.15995	
1.97192	0.178773	0.025	17.7392	216.982	-20.0525	
3.66252	0.208283	0.025	-51.6699	197.053	8.44014	
-0.996283	0.126963	0.025	-37.3471	-184.116	-15.9398	
10.4951	0.327545	0.025	14.2267	243.012	-0.341991	
3.99536	0.214093	0.025	-69.8953	154.52	-4.07933	
12.1349	0.356169	0.025	4.42362	276.775	12.244	
1.13216	0.164115	0.025	28.395	251.506	9.71023	
4.20268	0.217711	0.025	-9.37499	192.576	4.10861	
5.94356	0.248099	0.025	-22.0933	205.87	17.4994	
1.58082	0.171947	0.025	-6.07833	185.564	-1.22069	
-0.441355	0.13665	0.025	-69.0436	-222.426	-19.769	
6.07985	0.250477	0.025	6.09637	199.65	11.3919	
-0.907042	0.128521	0.025	21.1269	-225.824	1.67018	
11.099	0.338087	0.025	-50.9869	224.814	-0.905578	
0.787799	0.158104	0.025	-121.319	128.522	8.62842	
-1.46134	0.118846	0.025	-158.965	-137.006	12.3869	
8.6434	0.295224	0.025	23.6778	202.986	4.51813	
9.16537	0.304336	0.025	-28.5717	224.727	-2.97494	
-2.10558	0.1076	0.025	-42.6774	-173.069	-20.0579	
-3.28814	0.0869587	0.025	-38.592	-175.655	1.79341	
12.4906	0.362377	0.025	-16.0484	236.72	3.10118	
2.3066	0.184615	0.025	-71.4153	212.746	-12.0083	
7.19501	0.269943	0.025	-58.6272	216.617	5.67981	
0.730506	0.157104	0.025	-29.3052	194.846	-23.8451	
-0.216539	0.140574	0.025	-92.3647	-139.029	-15.151	
-0.368653	0.137919	0.025	-131.8	-151.975	8.42762	
2.65369	0.190674	0.025	1.06042	204.452	4.49603	
6.40447	0.256144	0.025	18.3587	220.236	9.99713	
11.0334	0.336943	0.025	-14.8322	223.309	-4.12754	
2.24385	0.18352	0.025	-121.814	164.496	-19.8202	
14.1427	0.391216	0.025	0.00207702	238.517	-0.682781	
7.73542	0.279376	0.025	28.0434	181.137	-1.65788	
-0.537712	0.134968	0.025	-209.593	-237.308	3.61178	
2.25159	0.183655	0.025	-16.0152	192.275	-7.46324	
5.00705	0.231752	0.025	-3.4505	224.031	-16.0856	
0.71142	0.156771	0.025	-97.0038	231.343	33.7963	
-2.17027	0.106471	0.025	-30.9594	-208.445	3.6104	
0.163546	0.147208	0.025	-123.157	285.294	24.4556	
8.12767	0.286222	0.025	-41.9827	185.276	11.8215	
2.1883	0.18255	0.025	-6.60216	172.28	2.93115	
8.91593	0.299981	0.025	-7.80426	222.133	-4.9821	
3.87579	0.212006	0.025	6.11624	222.249	-1.38043	
10.8877	0.334399	0.025	27.1992	210.105	2.9252	
21.2913	0.515994	0.025	-2.57333	223.178	5.64832	
9.97284	0.31843	0.025	-0.616235	240.669	-7.84349	
1.48111	0.170206	0.025	-50.9518	161.292	-0.736315	
0.452918	0.152259	0.025	60.2541	266.58	-1.06854	
2.16701	0.182179	0.025	4.90931	189.853	-11.6626	
1.40398	0.16886	0.025	-6.25614	239.859	3.00195	
2.64337	0.190494	0.025	-7.54688	196.222	7.16074	
6.52762	0.258293	0.025	5.50595	177.668	-1.88106	
9.00813	0.301591	0.025	-22.9895	219.957	4.29208	
6.07705	0.250429	0.025	17.2658	215.74	-4.89299	
-0.32786	0.138631	0.025	-51.5139	-90.7489	-11.3973	
6.93474	0.2654	0.025	11.3162	214.417	-4.86578	
0.603911	0.154895	0.025	65.8844	217.338	-4.51625	
12.2036	0.357368	0.025	-13.9495	211.261	-1.88826	
-0.66835	0.132687	0.025	-93.4133	-80.5252	2.41219	
7.83278	0.281075	0.025	12.375	196.987	13.7391	
0.968315	0.161255	0.025	70.7905	228.897	9.5103	
7.94993	0.28312	0.025	-44.3049	191.334	13.6688	
-0.106317	0.142498	0.025	-115.099	-70.2739	2.5628	
9.68009	0.31332	0.025	-21.1224	254.861	-4.59262	
7.73197	0.279315	0.025	27.6059	233.705	-2.0149	
11.9645	0.353195	0.025	-12.3143	232.695	-13.6451	
1.09332	0.163437	0.025	-97.2474	238.493	-0.538574	
7.00717	0.266664	0.025	-24.2286	203.269	-3.0825	
0.175285	0.147413	0.025	-77.1039	184.155	19.9087	
-0.636979	0.133235	0.025	-8.03867	-121.876	16.5314	
7.99939	0.283983	0.025	14.8047	182.145	-5.36645	
-4.25494	0.0700831	0.025	23.0592	-214.227	-5.68033	
5.67398	0.243393	0.025	9.34345	201.57	-5.97914	
9.34958	0.307551	0.025	65.6353	237.889	-0.148443	
0.813191	0.158548	0.025	-85.1113	171.988	-2.29675	
0.20545	0.14794	0.025	-114.158	104.052	2.5096	
5.61381	0.242343	0.025	-45.0868	149.352	5.01558	
8.67424	0.295763	0.025	-1.32674	198.762	-3.40624	
-1.39573	0.119991	0.025	33.7907	-216.426	-8.39872	
3.70147	0.208963	0.025	-22.9525	191.907	-2.21365	
5.36286	0.237962	0.025	-2.09357	217.583	1.37527	
-4.00361	0.0744701	0.025	9.23156	-182.293	4.52502	
10.4284	0.326382	0.025	1.69094	212.806	-1.31131	
12.9904	0.371101	0.025	-19.9491	208.351	-2.10417	
9.03558	0.30207	0.025	-31.152	197.388	-2.18233	
15.5713	0.416152	0.025	20.2205	203.682	0.216021	
6.06126	0.250153	0.025	3.547	215.251	17.1039	
-2.39765	0.102502	0.025	-29.1643	-188.662	-4.52324	
1.40559	0.168888	0.025	5.04334	203.207	1.38315	
0.472794	0.152606	0.025	94.8763	207.863	39.1743	
3.82699	0.211154	0.025	-19.3463	222.619	-1.96735	
-0.567225	0.134452	0.025	-75.6995	-212.45	-2.52365	
0.867548	0.159496	0.025	-23.3788	209.775	16.6345	
-0.0244377	0.143927	0.025	-177.972	-101.79	-44.4309	
5.52984	0.240877	0.025	-16.5915	228.331	-10.3556	
0.453297	0.152266	0.025	51.0573	336.209	19.8902	
8.52191	0.293104	0.025	2.95437	211.008	-6.86798	
14.65	0.400069	0.025	21.4235	242.144	0.149783	
-4.83882	0.0598914	0.025	5.21522	-192.716	-3.32135	
-0.514069	0.13538	0.025	-34.5384	-200.388	8.59544	
4.38707	0.22093	0.025	-15.5578	161.281	-11.4632	
7.72559	0.279204	0.025	-23.8692	211.382	6.47558	
6.05351	0.250018	0.025	13.2799	158.9	2.16445	
21.4248	0.518326	0.025	-22.5786	229.079	4.56683	
2.68203	0.191168	0.025	-98.7399	132.075	3.08613	
8.46381	0.29209	0.025	-2.4809	215.401	-5.4229	
8.60283	0.294516	0.025	15.1988	190.024	16.2492	
6.78445	0.262776	0.025	-1.45135	188.476	13.2228	
-2.25918	0.104919	0.025	27.5726	-220.939	-10.1957	
3.73725	0.209587	0.025	-13.7239	212.727	13.2379	
4.97194	0.231139	0.025	39.6506	200.485	6.04098	
0.0603109	0.145406	0.025	-178.665	-29.8508	-24.6996	
5.78737	0.245372	0.025	58.846	207.892	-13.5241	
9.8884	0.316956	0.025	-11.7805	192.29	5.52079	
2.9265	0.195436	0.025	-34.7581	224.036	20.7995	
0.857533	0.159322	0.025	-52.2782	164.017	0.204196	
11.3203	0.341949	0.025	-9.95037	220.322	-1.33188	
12.6652	0.365425	0.025	-0.312149	223.656	0.915782	
-0.930415	0.128113	0.025	56.953	-206.999	9.75141	
-0.409018	0.137214	0.025	-147.137	-169.115	7.1177	
-1.75228	0.113767	0.025	17.5184	-201.121	-16.3723	
8.01356	0.284231	0.025	-15.8839	231.552	-0.0817485	
-0.844468	0.129613	0.025	-82.8898	-170.352	-1.51859	
5.00342	0.231688	0.025	-17.3315	187.825	-1.85164	
0.490334	0.152912	0.025	-20.4276	157.873	-1.83215	
-1.11767	0.124844	0.025	-14.2428	-219.906	6.92088	
8.09705	0.285688	0.025	23.2133	181.567	-10.4353	
8.6471	0.295289	0.025	-11.3003	214.34	-11.2069	
-0.691541	0.132283	0.025	-109.181	-130.303	17.0217	
5.50467	0.240438	0.025	13.9547	228.034	-9.96889	
-0.81554	0.130118	0.025	4.77059	-232.824	-2.10808	
5.19119	0.234966	0.025	9.39019	215.338	1.23201	
0.453837	0.152275	0.025	-33.8609	190.397	-1.23767	
-0.454715	0.136416	0.025	-27.467	-246.784	-3.74772	
8.11289	0.285964	0.025	-29.0146	165.782	-7.49838	
5.40411	0.238682	0.025	32.058	221.172	-5.60686	
0.309333	0.149753	0.025	-63.3016	189.434	-32.1488	
6.38751	0.255848	0.025	21.345	184.782	1.09356	
10.2649	0.323528	0.025	10.9416	235.227	-1.27918	
1.09457	0.163459	0.025	-141.912	173.216	-2.15412	
9.67015	0.313146	0.025	-12.8868	179.74	5.21957	
-1.048	0.126061	0.025	32.7676	-191.672	-0.102912	
-5.32757	0.0513603	0.025	-0.421204	-153.858	-11.5315	
0.567187	0.154254	0.025	132.866	232.407	15.2936	
2.56609	0.189145	0.025	51.8663	217.735	-1.57125	
17.4044	0.448148	0.025	4.52788	253.659	-2.3855	
9.87375	0.3167	0.025	-10.2738	244.258	-8.62762	
2.84127	0.193948	0.025	7.91705	219.086	-3.13516	
2.18436	0.182481	0.025	-4.16371	248.297	-11.151	
4.12331	0.216326	0.025	11.7843	187.893	2.91845	
12.3399	0.359746	0.025	12.0791	256.118	14.3077	
7.90164	0.282277	0.025	-50.7043	205.78	-9.65581	
1.02381	0.162224	0.025	-62.6632	224.026	7.7566	
11.5867	0.3466	0.025	-29.7024	154.439	-9.46598	
6.56905	0.259017	0.025	3.5021	215.326	3.11402	
-0.468449	0.136177	0.025	-40.3457	-159.566	-7.56916	
-1.0423	0.12616	0.025	8.95827	-264.865	4.97993	
0.742335	0.157311	0.025	29.1743	244.135	17.6374	
9.01787	0.301761	0.025	-48.8218	231.068	3.69089	
10.5762	0.328962	0.025	-70.6338	220.989	13.4669	
4.83583	0.228763	0.025	67.5085	185.645	3.08322	
-1.31283	0.121438	0.025	-36.7297	-210.793	-11.373	
9.75737	0.314669	0.025	33.6427	168.55	-7.41806	
7.03281	0.267112	0.025	-17.2415	142.174	-18.9619	
-1.06751	0.12572	0.025	-33.9555	-202.448	12.2803	
5.73061	0.244382	0.025	4.67737	178.698	-18.9758	
11.2728	0.341121	0.025	0.0299724	250.803	-4.87856	
1.17852	0.164924	0.025	15.3952	270.257	4.05974	
0.738281	0.15724	0.025	52.3135	239.238	2.09938	
4.4404	0.221861	0.025	-42.4281	148.757	6.0148	
11.7093	0.34874	0.025	8.24974	265.138	-0.292536	
8.78496	0.297695	0.025	8.56035	222.35	4.39389	
1.1604	0.164608	0.025	0.85468	256.273	0.435107	
-1.84648	0.112123	0.025	-10.0111	-216.895	6.66957	
4.34276	0.220157	0.025	-10.6185	182.402	3.71297	
9.46437	0.309555	0.025	2.53441	180.86	7.32712	
7.14873	0.269135	0.025	-24.5774	164.179	6.53482	
7.01528	0.266806	0.025	-42.0748	206.596	25.2958	
-1.38332	0.120207	0.025	66.3806	-207.566	-3.51363	
1.27968	0.16669	0.025	10.9989	220.156	-2.22687	
0.603876	0.154894	0.025	-154.613	108.36	-7.30814	
0.189963	0.147669	0.025	-245.046	50.0536	0.425197	
6.21675	0.252867	0.025	-44.3707	170.834	-2.02652	
2.59659	0.189677	0.025	12.0027	202.311	-2.11358	
0.27054	0.149076	0.025	-83.9129	138.017	-5.75308	
4.31577	0.219685	0.025	-20.3764	229	4.72724	
-2.45288	0.101538	0.025	-66.7935	-214.535	0.421938	
-3.30771	0.0866171	0.025	-19.9316	-149.169	-2.50805	
9.73088	0.314206	0.025	-8.66985	201.877	5.07265	
13.8003	0.385238	0.025	-11.3339	212.331	-2.34539	
5.16839	0.234568	0.025	45.765	238.752	-2.88775	
-3.248	0.0876593	0.025	3.85702	-195.171	-0.467875	
6.25006	0.253449	0.025	-25.2116	177.195	1.78581	
2.44091	0.18696	0.025	19.6103	214.463	-0.957005	
1.51533	0.170803	0.025	-1.20079	235.343	-10.6644	
10.74	0.33182	0.025	14.6151	229.119	-4.00838	
13.5448	0.380779	0.025	-47.8766	226.288	4.80312	
-1.90495	0.111102	0.025	-25.4465	-244.307	-3.07157	
6.69031	0.261133	0.025	15.5595	166.248	1.3172	
0.563376	0.154187	0.025	-66.3903	220.257	4.41474	
8.11588	0.286017	0.025	-12.0511	191.41	-11.1719	
-0.0665198	0.143192	0.025	-23.0047	-161.065	-14.5575	
-0.237342	0.140211	0.025	-138.934	-109.441	-18.5418	
6.81518	0.263313	0.025	9.67758	189.547	-7.42704	
0.617861	0.155138	0.025	66.4705	262.464	-9.12156	
-5.30994	0.051668	0.025	27.5596	-212.76	-3.35077	
8.76531	0.297352	0.025	21.8195	178.075	-16.9751	
17.9669	0.457967	0.025	-20.3631	249.229	-13.6047	
10.7937	0.332758	0.025	34.9127	238.977	-7.33912	
1.39744	0.168746	0.025	-105.564	182.473	-12.2016	
12.3678	0.360234	0.025	-2.32448	205.273	0.416957	
8.13794	0.286402	0.025	-8.0859	169.26	-12.5509	
-0.861803	0.129311	0.025	36.5411	-206.809	-6.92229	
2.97461	0.196275	0.025	6.37569	175.81	-9.72638	
3.46249	0.204791	0.025	10.9301	188.573	12.6994	
-6.45171	0.0317385	0.025	-25.8317	-221.876	-0.892053	
8.73351	0.296797	0.025	-12.6451	208.714	16.4819	
-3.89105	0.0764349	0.025	26.7784	-199.361	3.87251	
6.53272	0.258382	0.025	-7.54632	190.297	7.20986	
7.51371	0.275506	0.025	5.55228	187.149	1.78699	
3.54739	0.206273	0.025	12.1439	154.169	-8.70584	
4.91139	0.230082	0.025	2.15937	170.449	3.33095	
12.3762	0.360381	0.025	-5.33229	238.987	-9.98036	
9.40184	0.308463	0.025	26.3483	189.255	2.35699	
2.66722	0.19091	0.025	-11.4235	158.364	-2.07876	
0.322156	0.149977	0.025	38.9726	274.27	6.03301	
-2.38596	0.102706	0.025	-4.56781	-189.15	-5.46432	
-0.695631	0.132211	0.025	-48.9437	-186.524	-3.85628	
-0.560057	0.134578	0.025	23.9558	-113.934	-2.45776	
13.7974	0.385188	0.025	-14.6848	197.709	1.40213	
1.62637	0.172742	0.025	49.8207	203.01	-12.9076	
5.41619	0.238893	0.025	-26.392	194.482	-2.01544	
10.3905	0.325721	0.025	-30.8969	217.157	4.52546	
9.49554	0.310099	0.025	-13.259	220.539	3.66003	
7.66386	0.278127	0.025	-41.4175	215.3	-5.27372	
12.5492	0.3634	0.025	14.3064	225.647	-0.22262	
-0.396506	0.137432	0.025	-170.934	-235.441	-19.264	
11.0919	0.337964	0.025	10.4254	183.921	-2.17526	
6.42056	0.256425	0.025	-11.1197	214.926	-3.90272	
10.9673	0.335789	0.025	-9.00147	219.459	-17.2095	
5.50009	0.240358	0.025	17.7408	189.05	9.60716	
1.00504	0.161897	0.025	-4.74322	196.138	5.27495	
9.91696	0.317454	0.025	37.3139	203.743	-8.46027	
18.4752	0.466839	0.025	23.1148	250.483	4.3677	
9.6732	0.3132	0.025	-10.3369	204.081	-2.48849	
1.68606	0.173784	0.025	-113.167	155.16	-4.25145	
0.238752	0.148521	0.025	-178.105	149.142	-0.967968	
6.18023	0.25223	0.025	-3.31556	193.338	-5.62698	
-2.57259	0.0994486	0.025	49.9921	-204.957	9.50375	
0.441024	0.152051	0.025	-120.949	137.123	-9.25902	
0.997013	0.161756	0.025	-130.964	181.757	-10.9665	
7.69793	0.278721	0.025	15.11	248.28	3.43424	
11.7713	0.349823	0.025	-11.3048	187.785	-3.18214	
11.6137	0.34707	0.025	-58.7363	227.217	13.0523	
6.42673	0.256532	0.025	-3.94933	189.664	3.76201	
2.25713	0.183752	0.025	-50.7011	189.529	9.39781	
8.09447	0.285643	0.025	-20.1505	205.807	0.528045	
12.462	0.361878	0.025	10.4852	233.83	-5.37878	
14.3429	0.394709	0.025	0.955142	233.133	-0.626367	
3.76011	0.209986	0.025	-85.1491	213.813	10.3288	
0.246895	0.148663	0.025	-73.4269	135.755	18.5727	
-7.75795	0.0089379	0.025	40.223	-224.864	3.97642	
1.00494	0.161895	0.025	14.1251	143.661	0.859443	
12.0257	0.354263	0.025	35.5527	232.051	-4.07505	
8.06279	0.28509	0.025	-15.1376	238.333	-4.36267	
1.69922	0.174013	0.025	-9.82557	205.352	14.2997	
12.5776	0.363896	0.025	10.1158	210.36	9.09821	
6.15136	0.251726	0.025	32.218	196.722	1.07446	
8.555	0.293681	0.025	-18.8038	174.761	-14.1441	
3.48221	0.205136	0.025	26.392	193.586	-7.53918	
-2.39916	0.102476	0.025	-2.37213	-243.893	2.65063	
7.01582	0.266815	0.025	38.525	213.444	-7.27594	
14.9449	0.405218	0.025	-28.1717	218.87	4.23303	
2.76758	0.192662	0.025	16.5752	173.454	-9.85369	
4.14547	0.216713	0.025	32.5106	211.71	-10.5885	
0.13379	0.146689	0.025	-250.84	15.0394	-7.91176	
4.39404	0.221052	0.025	-16.5592	203.842	-9.04776	
-2.64942	0.0981077	0.025	-19.2075	-213.378	2.46011	
-0.26509	0.139726	0.025	-80.7258	-83.7782	23.2988	
-0.385601	0.137623	0.025	-77.8071	-199.357	-9.38237	
4.7342	0.226989	0.025	26.7666	195.099	1.69765	
14.3717	0.395213	0.025	14.0695	209.609	-2.41966	
2.68312	0.191187	0.025	10.6031	186.974	-4.4775	
3.28446	0.201684	0.025	-33.7206	221.096	-4.54483	
7.67551	0.27833	0.025	3.6184	226.363	8.31814	
8.49195	0.292581	0.025	-8.9662	190.993	7.86754	
13.8254	0.385677	0.025	30.9713	228.574	0.823725	
-0.638548	0.133207	0.025	-41.4188	-253.8	-13.4632	
15.2775	0.411024	0.025	-5.38719	265.144	8.19376	
14.1618	0.391548	0.025	-21.1856	226.919	6.03288	
8.85664	0.298947	0.025	25.8696	198.578	4.16539	
3.92875	0.21293	0.025	6.00192	169.951	-10.3904	
-0.250526	0.13998	0.025	65.5668	86.9585	9.43314	
0.99137	0.161658	0.025	3.80183	178.631	-1.41439	
0.358539	0.150612	0.025	-158.152	101.085	4.31357	
5.18825	0.234915	0.025	-26.8886	165.248	1.83608	
9.47175	0.309683	0.025	32.4636	236.412	-3.53925	
2.08387	0.180727	0.025	16.5263	170.295	-0.553473	
-5.09124	0.0554854	0.025	26.2421	-181.991	8.40146	
-0.374378	0.137819	0.025	-34.1704	-262.385	-26.9976	
1.60015	0.172284	0.025	-22.7185	234.756	-15.2588	
1.29525	0.166962	0.025	-48.1778	262.998	-14.5263	
4.52908	0.223409	0.025	-12.902	192.739	3.96787	
5.87791	0.246953	0.025	41.9187	141.708	-6.97968	
-0.731191	0.13159	0.025	-9.07801	-195.541	-8.34263	
7.50891	0.275422	0.025	-23.7014	196.692	-1.97212	
3.06494	0.197852	0.025	-37.5064	179.902	5.41154	
1.52648	0.170998	0.025	-45.6631	284.131	1.71474	
10.7452	0.331912	0.025	-25.6741	233.024	7.10544	
2.48047	0.18765	0.025	-17.2183	173.503	8.2615	
-1.89333	0.111305	0.025	-60.2823	-229.488	-2.42942	
-1.24122	0.122688	0.025	-7.74087	-154.013	-1.1899	
1.41767	0.169099	0.025	-95.7944	158.58	22.2997	
6.39344	0.255951	0.025	-23.859	193.306	8.84355	
0.653784	0.155765	0.025	39.3967	135.486	11.9616	
-0.22499	0.140426	0.025	-105.336	-216.69	22.3268	
6.96139	0.265865	0.025	34.1088	216.006	8.86435	
5.56636	0.241514	0.025	-35.8689	223.868	4.79644	
5.42293	0.239011	0.025	-63.9042	189.942	2.56358	
15.7828	0.419844	0.025	4.37083	245.133	1.87132	
0.432436	0.151902	0.025	-77.3124	257.119	2.41936	
7.27743	0.271381	0.025	-23.4558	209.162	3.07457	
8.56036	0.293775	0.025	-10.7433	225.055	-5.49074	
-2.00201	0.109408	0.025	15.8051	-212.091	14.4375	
3.50806	0.205587	0.025	-29.3274	216.278	5.82829	
6.52583	0.258262	0.025	-12.2891	180.09	-8.17757	
1.07489	0.163116	0.025	11.3685	187.704	6.81608	
10.9921	0.336222	0.025	-58.3876	226.352	2.62842	
1.20248	0.165343	0.025	45.321	217.563	17.8503	
8.95775	0.300712	0.025	16.477	219.63	-1.40718	
2.2326	0.183324	0.025	27.4962	183.592	-3.19089	
14.7171	0.401241	0.025	19.4959	235.124	4.17103	
0.887376	0.159843	0.025	-58.0318	238.069	-10.1554	
11.7499	0.349448	0.025	-75.3528	227.373	2.69877	
9.4316	0.308983	0.025	-4.50615	195.998	3.83711	
6.54358	0.258572	0.025	12.2076	191.056	-11.0369	
1.02368	0.162222	0.025	-43.0368	180.809	-2.99851	
14.758	0.401955	0.025	-27.2354	206.458	0.401527	
-2.16891	0.106495	0.025	-74.8819	-212.776	1.92244	
-0.679847	0.132487	0.025	-31.459	-220.601	-0.747755	
5.93695	0.247983	0.025	-3.98057	196.948	6.97453	
10.4781	0.32725	0.025	8.69942	203.874	-4.19651	
4.23302	0.218241	0.025	-3.25606	185.184	6.52328	
0.456226	0.152317	0.025	-12.6596	155.859	-22.8015	
5.51033	0.240537	0.025	29.3549	174.645	-21.0706	
3.90749	0.212559	0.025	-71.7037	170.108	5.96093	
12.4231	0.361199	0.025	-27.2134	203.852	8.73247	
0.220472	0.148202	0.025	-129.946	61.8216	-36.615	
4.73179	0.226947	0.025	-31.098	187.707	2.86112	
10.6345	0.329979	0.025	-20.7457	199.249	-1.53981	
-1.10398	0.125083	0.025	-13.4762	-176.634	-1.83656	
7.50268	0.275313	0.025	29.1996	172.683	-5.26526	
8.73679	0.296855	0.025	27.5487	171.322	0.629957	
7.75414	0.279702	0.025	18.7572	202.278	4.4286	
4.11849	0.216242	0.025	-13.1674	202.147	2.39378	
8.71933	0.29655	0.025	-1.55995	185.052	-2.04207	
10.0242	0.319326	0.025	-6.64879	193.57	5.53618	
-0.286576	0.139351	0.025	-187.683	-159.982	7.44484	
4.14321	0.216673	0.025	-27.9324	204.386	11.7375	
3.18481	0.199944	0.025	-13.5013	225.488	3.95732	
11.9705	0.353299	0.025	8.30491	215.601	11.468	
3.35404	0.202898	0.025	29.8506	207.556	2.73979	
11.0232	0.336764	0.025	-34.5038	175.083	3.37384	
6.12295	0.25123	0.025	10.1764	201.948	-2.36505	
6.41171	0.25627	0.025	-19.7603	170.701	7.48303	
10.6187	0.329703	0.025	-2.55649	232.165	3.01623	
0.23189	0.148401	0.025	-172.069	125.381	6.79573	
2.65624	0.190718	0.025	-62.0271	195.15	12.6941	
5.8039	0.245661	0.025	-17.8651	210.449	-15.1535	
2.67613	0.191065	0.025	-42.361	171.427	2.89293	
9.21615	0.305222	0.025	-28.5488	197.279	1.06279	
1.1979	0.165263	0.025	-80.2404	142.199	0.12723	
12.8732	0.369056	0.025	30.3289	218.804	2.72324	
0.28479	0.149324	0.025	-16.7909	177.711	13.9125	
10.7049	0.331208	0.025	-15.0325	224.616	1.96215	
0.440141	0.152036	0.025	-102.153	99.6512	4.21609	
-4.19879	0.0710632	0.025	3.99664	-159.881	-10.4386	
9.48612	0.309934	0.025	-6.21874	207.014	13.0797	
10.2225	0.322788	0.025	-30.2201	207.791	-6.08695	
4.35268	0.22033	0.025	-5.73772	204.46	8.0893	
1.32665	0.16751	0.025	22.5066	169.395	-6.11704	
10.8395	0.333557	0.025	22.9131	208.947	-12.489	
1.14295	0.164304	0.025	-83.3326	246.62	-5.79641	
2.20909	0.182913	0.025	36.9029	180.089	0.186199	
-0.284451	0.139388	0.025	-88.8445	-262.021	0.29917	
5.5195	0.240697	0.025	-43.5491	183.076	2.26093	
1.54192	0.171268	0.025	0.509702	124.744	-8.70293	
-0.808054	0.130249	0.025	53.7622	-220.517	2.76125	
5.58869	0.241904	0.025	26.4506	175.334	-3.44548	
-2.1285	0.1072	0.025	-32.3251	-189.561	0.449611	
4.14416	0.21669	0.025	-20.8563	223.848	1.69425	
11.41	0.343516	0.025	-32.1704	235.075	-0.0553031	
4.77197	0.227648	0.025	-6.37205	242.18	-6.86813	
0.253099	0.148771	0.025	-219.526	80.8927	-2.12728	
0.870705	0.159552	0.025	38.0164	185.678	-19.1669	
6.04435	0.249858	0.025	-50.1146	187.141	-9.86628	
2.40855	0.186395	0.025	-49.2785	223.951	1.61161	
1.04136	0.16253	0.025	-13.9916	240.91	22.7094	
-1.47565	0.118596	0.025	-135.032	-165.611	14.0041	
1.83012	0.176298	0.025	-57.8244	218.549	0.844781	
-2.11037	0.107517	0.025	-6.62132	-205.768	-6.08344	
-2.92569	0.0932853	0.025	-19.4208	-166.006	4.19801	
10.9683	0.335806	0.025	-23.6323	234.426	-4.30578	
0.185789	0.147596	0.025	-52.2708	129.414	12.7381	
9.0757	0.30277	0.025	-23.1461	210.992	-2.75521	
-1.3584	0.120642	0.025	-123.382	-186.96	-3.09225	
7.76936	0.279968	0.025	-12.9611	216.759	11.1557	
1.95732	0.178519	0.025	19.7226	177.026	-13.351	
11.7535	0.349512	0.025	-9.98138	224.714	-6.76505	
0.775744	0.157894	0.025	-101.53	188.449	-3.52442	
4.63492	0.225256	0.025	18.8416	164.017	-3.82354	
9.66596	0.313073	0.025	-19.7736	189.889	8.55184	
18.0525	0.45946	0.025	-29.6361	257.383	1.44876	
-3.13747	0.0895887	0.025	-28.72	-238.608	8.21682	
0.227441	0.148323	0.025	34.4227	215.555	-18.8514	
5.30527	0.236957	0.025	-5.27925	160.842	-8.03979	
10.8928	0.334487	0.025	-43.1414	194.418	0.0274605	
2.58602	0.189493	0.025	16.5829	172.443	6.55199	
1.22045	0.165656	0.025	-85.4623	220.929	5.61401	
-2.57336	0.0994351	0.025	-37.1478	-187.656	11.9883	
4.56094	0.223965	0.025	25.1704	174.056	-9.88703	
-1.04439	0.126123	0.025	16.6736	-178.363	-8.50783	
14.6303	0.399726	0.025	6.21274	238.806	-0.921548	
4.37829	0.220777	0.025	-25.1947	150.501	9.64257	
11.4527	0.344261	0.025	4.59025	236.26	2.10659	
2.4334	0.186829	0.025	-20.578	197.383	-1.7367	
-0.463691	0.13626	0.025	-16.3582	-57.5045	0.68846	
8.9859	0.301203	0.025	-6.7852	191.575	-3.64987	
6.05983	0.250128	0.025	-7.05183	222.959	11.9763	
7.08432	0.268011	0.025	-1.94271	221.733	-13.7578	
8.81362	0.298196	0.025	-32.0368	163.275	0.0837962	
0.915779	0.160338	0.025	-127.43	142.974	-5.44897	
2.49142	0.187841	0.025	-2.31351	153.921	-14.817	
7.67502	0.278321	0.025	-34.8104	219.164	1.05031	
0.661493	0.1559	0.025	-60.7142	116.523	-1.18264	
3.13257	0.199033	0.025	2.88436	182.13	1.20023	
0.377	0.150934	0.025	-255.649	166.892	8.66578	
1.40563	0.168889	0.025	-63.3569	181.367	0.0499638	
12.1333	0.35614	0.025	7.12805	226.996	-9.99789	
11.1984	0.339821	0.025	-15.5439	199.403	7.38905	
-2.91226	0.0935198	0.025	-93.7496	-205.571	4.29665	
8.99991	0.301447	0.025	-15.2889	218.282	4.89072	
3.76566	0.210083	0.025	-44.935	158.456	5.47591	
-3.05248	0.0910722	0.025	27.6634	-228.41	3.41095	
-0.603969	0.133811	0.025	-99.871	-254.327	-3.70674	
7.79167	0.280357	0.025	-5.84673	204.55	-1.14155	
0.617376	0.15513	0.025	-40.0956	155.741	7.04751	
9.50412	0.310248	0.025	3.38092	209.781	-1.11258	
-1.53603	0.117542	0.025	23.0106	-235.552	0.479044	
26.5003	0.606917	0.025	-8.75288	225.244	-0.851284	
-0.515262	0.135359	0.025	-58.2729	-231.477	8.35876	
-0.778223	0.130769	0.025	-13.838	-237.425	-5.14045	
-2.4659	0.101311	0.025	46.9208	-171.567	-6.36912	
0.851984	0.159225	0.025	-17.0544	197.138	8.96646	
5.77591	0.245172	0.025	24.4584	207.492	7.54859	
10.1238	0.321065	0.025	0.954825	213.747	2.27664	
5.35313	0.237793	0.025	-1.1533	213.282	0.622821	
10.5465	0.328443	0.025	5.09594	225.383	9.91847	
8.48352	0.292434	0.025	-34.0386	209.573	8.50963	
7.26208	0.271113	0.025	8.0089	209.002	-16.3731	
4.0281	0.214664	0.025	-78.1882	209.306	-6.56518	
4.49838	0.222873	0.025	-53.3488	226.566	6.84206	
16.0341	0.42423	0.025	-8.87757	245.737	2.67078	
-0.412551	0.137152	0.025	-69.0222	-163.559	18.1535	
5.92106	0.247706	0.025	-37.722	154.961	8.4619	
10.7386	0.331797	0.025	-26.6013	220.148	-2.14615	
-3.31988	0.0864047	0.025	-13.7228	-206.936	13.1225	
5.36648	0.238026	0.025	13.3334	163.628	4.4292	
0.611236	0.155023	0.025	-94.9504	151.4	-32.6307	
9.23516	0.305554	0.025	17.5841	195.296	4.03918	
5.29507	0.236779	0.025	-8.757	199.913	7.92069	
4.75239	0.227307	0.025	2.80899	157.334	-8.3294	
6.13077	0.251366	0.025	25.965	173.572	-0.75649	
0.970021	0.161285	0.025	-13.7093	192.41	-8.23065	
13.4643	0.379374	0.025	-10.144	214.096	0.473373	
1.4597	0.169833	0.025	131.999	152.022	-13.5111	
1.33006	0.16757	0.025	-7.0956	140.355	7.7353	
15.9846	0.423365	0.025	-4.6623	219.794	-0.981303	
3.26054	0.201266	0.025	12.8939	182.135	-5.90597	
2.91869	0.195299	0.025	15.3449	206.896	6.51871	
8.51925	0.293057	0.025	2.55404	201.422	15.2028	
9.20879	0.305093	0.025	11.7341	178.881	3.84281	
12.0596	0.354854	0.025	13.5644	209.375	-10.3904	
2.74541	0.192275	0.025	16.0894	240.275	-1.64784	
10.1841	0.322117	0.025	-26.0438	172.794	5.85727	
8.02319	0.284399	0.025	10.9074	180.779	-5.44333	
-0.885234	0.128902	0.025	56.3905	-267.297	-23.4968	
-0.317203	0.138817	0.025	-29.3622	-157.947	2.65753	
1.14767	0.164386	0.025	51.6138	224.292	-5.91869	
10.8181	0.333184	0.025	-21.3333	223.174	-2.92445	
6.42828	0.256559	0.025	5.44661	189.254	5.10785	
6.35283	0.255242	0.025	12.3273	196.837	8.7617	
-0.866407	0.12923	0.025	-5.71478	-222.709	2.12738	
10.2161	0.322676	0.025	14.4889	214.49	6.65089	
4.99697	0.231576	0.025	-3.6385	197.57	0.0498313	
7.65454	0.277964	0.025	-11.8634	180.349	2.69298	
0.604819	0.154911	0.025	-155.189	238.19	7.86843	
8.01517	0.284259	0.025	-13.4312	257.889	-2.28796	
-1.52812	0.11768	0.025	-81.5409	-146.686	9.22628	
7.47963	0.274911	0.025	-11.7387	226.202	1.09218	
13.0876	0.372798	0.025	8.82262	218.918	9.0254	
0.638871	0.155505	0.025	-48.5403	213.863	1.226	
7.5348	0.275874	0.025	3.8276	201.2	9.90303	
8.06997	0.285215	0.025	5.35057	204.933	-0.714071	
12.4689	0.361999	0.025	-10.5075	255.936	-7.84976	
-0.446153	0.136566	0.025	-36.1452	-139.194	22.3698	
9.20326	0.304997	0.025	-4.43617	200.82	0.488335	
3.52642	0.205907	0.025	-2.67333	205.948	-11.6866	
5.09036	0.233206	0.025	-27.7011	178.506	10.7352	
3.9556	0.213399	0.025	-10.488	200.302	-10.6454	
2.01646	0.179551	0.025	-81.282	159.628	-3.28012	
9.81035	0.315594	0.025	-7.35551	177.618	1.25113	
0.334951	0.1502	0.025	-74.9774	182.701	16.2548	
1.58448	0.172011	0.025	13.3255	225.755	-6.67382	
8.34558	0.290026	0.025	1.12273	226.35	-3.92886	
4.50919	0.223062	0.025	3.24091	208.796	-8.42233	
2.45138	0.187142	0.025	9.14317	228.635	-1.47148	
9.55706	0.311172	0.025	-17.4622	190.085	-9.6824	
6.63085	0.260095	0.025	-42.1409	169.348	-4.80105	
2.14834	0.181853	0.025	-0.550573	197.263	10.8826	
-0.608668	0.133729	0.025	-132.896	-171.404	16.9311	
9.19794	0.304904	0.025	7.42059	208.927	-10.0326	
13.4443	0.379024	0.025	-33.7689	213.172	2.23599	
-0.135737	0.141984	0.025	-52.7353	-113.121	-12.2056	
3.58828	0.206987	0.025	-25.2648	204.59	-1.45831	
9.43623	0.309063	0.025	-28.6022	183.623	-10.4083	
-3.84141	0.0773013	0.025	-2.68506	-172.245	1.63348	
7.95042	0.283129	0.025	-17.9472	182.483	6.38304	
6.89979	0.26479	0.025	-30.1977	217.971	-2.19509	
1.21873	0.165626	0.025	-72.7387	217.11	-12.1009	
-0.317762	0.138807	0.025	-159.855	-75.0841	-3.18897	
7.03372	0.267127	0.025	-0.0695031	159.655	-0.411003	
4.13658	0.216558	0.025	32.4943	184.086	11.298	
3.91512	0.212692	0.025	-5.00437	162.371	1.08293	
0.0949404	0.146011	0.025	-108.801	72.9189	-16.8875	
7.82044	0.28086	0.025	24.8076	214.617	1.31064	
0.402619	0.151381	0.025	-163.11	175.242	-18.2129	
7.12243	0.268676	0.025	11.8599	163.398	9.06398	
12.0057	0.353913	0.025	-23.6378	222.039	9.02911	
-0.348425	0.138272	0.025	-21.6731	-244.293	16.1625	
-0.774111	0.130841	0.025	-22.2223	-296.25	-3.85953	
7.54887	0.276119	0.025	-55.0393	171.681	4.12175	
-0.254823	0.139905	0.025	-255.053	-99.5543	20.4899	
6.41851	0.256389	0.025	33.545	184.898	9.73707	
7.03349	0.267123	0.025	-9.47918	212.727	-18.1921	
-1.78232	0.113243	0.025	44.3691	-102.755	0.814876	
15.5401	0.415608	0.025	7.05068	217.847	3.11325	
10.4103	0.326066	0.025	16.4153	206.456	3.41751	
1.61963	0.172624	0.025	-31.3413	209.591	8.12669	
8.83006	0.298483	0.025	-12.0879	206.112	-14.7862	
4.4365	0.221793	0.025	-58.0971	188.791	16.7311	
10.7472	0.331947	0.025	-9.28469	198.087	-4.2804	
-0.726011	0.131681	0.025	-28.0829	-280.588	12.0469	
1.34905	0.167901	0.025	-69.2137	223.223	-1.97473	
13.0755	0.372587	0.025	14.0921	264.034	9.11269	
12.8615	0.368852	0.025	-23.1067	204.945	13.755	
0.85405	0.159261	0.025	94.4204	239.209	-2.61287	
6.35055	0.255203	0.025	1.38164	214.625	2.4413	
-0.508667	0.135475	0.025	-36.6159	-276.829	27.6899	
9.13057	0.303728	0.025	-51.3481	186.912	-0.595531	
23.0687	0.54702	0.025	-13.0847	227.539	-5.28066	
1.90656	0.177632	0.025	-20.6878	200.445	-1.51451	
5.10277	0.233423	0.025	-17.9136	203.947	-8.3438	
0.856511	0.159304	0.025	-52.0433	146.993	-4.09252	
8.57539	0.294037	0.025	43.7803	247.447	-12.21	
2.69568	0.191407	0.025	20.715	189.244	12.1915	
4.40169	0.221185	0.025	-51.4398	170.27	12.6711	
7.14733	0.26911	0.025	-41.2588	190.377	-15.2698	
12.409	0.360953	0.025	16.4491	257.26	-5.67842	
7.03721	0.267188	0.025	12.7957	204.112	-1.02711	
8.72652	0.296675	0.025	8.44665	194.1	15.2836	
-0.906008	0.128539	0.025	19.3507	-142.104	1.5473	
-0.235385	0.140245	0.025	56.2528	-275.59	25.8065	
5.70906	0.244005	0.025	18.4675	195.446	-2.43153	
1.00602	0.161913	0.025	-57.8157	231.032	1.31748	
-0.780079	0.130737	0.025	-159.717	-265.011	17.8605	
9.51982	0.310522	0.025	-45.5788	187.777	3.51008	
14.8508	0.403575	0.025	-45.7079	238.493	5.39086	
16.1017	0.425409	0.025	3.90074	259.354	6.87873	
6.66475	0.260687	0.025	-28.4599	192.09	-1.15989	
6.29689	0.254266	0.025	70.2557	176.277	-1.28928	
5.90869	0.24749	0.025	-26.6087	196.089	-13.523	
10.6371	0.330024	0.025	-75.2522	192.378	-7.53595	
12.6844	0.36576	0.025	-10.3216	209.713	3.7412	
5.84411	0.246363	0.025	-16.636	244.443	15.3789	
9.70891	0.313823	0.025	-43.2279	252.47	3.44936	
1.95304	0.178444	0.025	1.25219	224.697	1.72399	
4.46175	0.222234	0.025	-30.5195	182.628	14.1818	
9.9976	0.318862	0.025	-15.1942	212.559	6.59081	
-0.310757	0.138929	0.025	-114.602	-231.357	-10.5834	
0.463066	0.152436	0.025	-27.2879	182.074	0.972993	
6.61127	0.259753	0.025	-13.5001	188.587	3.64593	
0.345184	0.150379	0.025	26.8893	255.51	14.4019	
6.79155	0.2629	0.025	-34.6343	134.838	8.68768	
-0.564481	0.1345	0.025	-14.5342	-225.906	-16.6767	
-4.27267	0.0697736	0.025	1.39929	-156.571	1.93332	
1.76313	0.175129	0.025	-20.4999	171.632	-16.1838	
-2.02693	0.108973	0.025	-100.02	-193.113	2.90822	
5.32934	0.237377	0.025	26.8372	200.203	15.0005	
-4.65957	0.0630203	0.025	-15.8936	-196.55	11.3282	
3.78676	0.210452	0.025	23.8748	221.004	2.46068	
11.0993	0.338093	0.025	9.73084	218.372	-9.55437	
7.71397	0.279001	0.025	15.0945	173.968	-1.20074	
11.1158	0.33838	0.025	-23.0521	192.056	16.1376	
9.64693	0.312741	0.025	5.96638	221.305	-3.01764	
7.96763	0.283429	0.025	16.2179	244.899	13.808	
3.23418	0.200806	0.025	-13.7691	172.876	6.42802	
3.68177	0.208619	0.025	54.4564	133.907	7.59898	
-0.464021	0.136254	0.025	45.1426	-151.476	-11.664	
20.9581	0.510179	0.025	-12.6904	256.481	-2.07595	
14.2934	0.393845	0.025	-30.0003	259.693	-2.76486	
-0.892937	0.128767	0.025	-35.6736	-131.238	12.2459	
5.52301	0.240758	0.025	-37.3677	234.417	-10.5251	
4.75505	0.227353	0.025	16.6488	195.341	-5.38029	
9.68097	0.313335	0.025	15.6494	239.493	-4.2109	
14.0572	0.389723	0.025	-5.22462	183.619	7.93659	
4.05816	0.215189	0.025	-18.6327	144.374	-9.19861	
9.46801	0.309618	0.025	-52.6834	225.289	3.61383	
-1.47301	0.118642	0.025	-29.8472	-195.122	-3.85855	
10.0962	0.320584	0.025	-24.7802	222.111	-12.434	
6.3036	0.254383	0.025	-29.7389	163.728	3.15023	
-0.0497688	0.143485	0.025	-146.688	41.153	-35.0558	
10.6557	0.33035	0.025	6.03493	220.57	-2.39001	
-2.40678	0.102343	0.025	21.8365	-185.278	14.2683	
3.96752	0.213607	0.025	-44.8548	175.846	-8.44506	
8.1441	0.286509	0.025	3.61588	177.219	-4.38623	
-3.41773	0.0846967	0.025	-18.4795	-173.472	-1.71286	
-0.188027	0.141071	0.025	-39.8554	-74.9311	-10.7884	
7.8443	0.281276	0.025	9.98799	221.88	-1.67821	
3.42892	0.204205	0.025	-30.4482	171.247	7.08889	
0.121207	0.146469	0.025	-110.794	169.117	67.1695	
-0.350966	0.138227	0.025	53.0374	-279.183	-21.3207	
3.6927	0.20881	0.025	17.8788	175.643	-14.8103	
5.33607	0.237495	0.025	-39.1982	194.819	-6.01343	
12.1044	0.355636	0.025	20.9893	221.192	3.15218	
9.22254	0.305333	0.025	-20.7623	174.966	-1.33142	
0.123172	0.146503	0.025	65.1461	-33.3686	0.362178	
5.50504	0.240444	0.025	14.8229	194.082	2.49212	
0.164915	0.147232	0.025	-118.331	-108.403	-24.5214	
6.9108	0.264982	0.025	-18.121	195.563	-17.3963	
-4.87763	0.059214	0.025	2.36156	-175.773	2.5093	
10.3856	0.325635	0.025	-16.5918	226.278	1.3423	
15.2543	0.410619	0.025	28.4509	260.943	1.48961	
3.48377	0.205163	0.025	23.0789	179.052	-0.039181	
9.22942	0.305454	0.025	-32.1119	210.304	-4.28582	
8.03131	0.28454	0.025	-22.8754	176.838	-0.0723956	
9.72911	0.314176	0.025	-42.589	191.478	-1.26444	
-1.43284	0.119343	0.025	-76.0315	-250.801	-27.5568	
6.30989	0.254493	0.025	2.23084	159.699	-0.71779	
0.393339	0.151219	0.025	-95.6373	146.693	19.8087	
1.97105	0.178758	0.025	-22.171	189.327	-8.76205	
11.1508	0.338991	0.025	47.4433	213.511	12.6709	
8.59483	0.294377	0.025	-40.0667	189.716	12.0229	
9.31593	0.306964	0.025	8.74752	253.902	-1.32799	
9.15456	0.304147	0.025	-6.48448	198.052	12.0987	
5.66224	0.243188	0.025	49.6685	214.528	-13.5722	
4.28004	0.219062	0.025	20.9264	212.612	-10.6485	
0.316649	0.149881	0.025	-43.0235	30.9161	2.18059	
8.30112	0.28925	0.025	27.4337	221.153	-2.63864	
8.32248	0.289623	0.025	-24.7752	206.72	9.95283	
2.21687	0.183049	0.025	-25.7297	170.496	3.83603	
12.9384	0.370195	0.025	-36.8219	198.894	4.3881	
8.75975	0.297255	0.025	-34.341	212.1	-1.7716	
0.727423	0.157051	0.025	61.8309	216.43	13.4277	
2.32349	0.18491	0.025	40.152	164.135	5.48579	
12.7729	0.367305	0.025	-30.7511	233.464	-4.51912	
9.96368	0.31827	0.025	-67.5633	200.111	-2.42312	
9.04019	0.30215	0.025	-69.2019	216.658	11.8795	
-1.69942	0.11469	0.025	-21.7356	-235.377	4.17975	
0.918278	0.160382	0.025	78.2415	233.171	1.49615	
10.4774	0.327237	0.025	52.2384	162.56	-1.30773	
9.84776	0.316247	0.025	55.3461	265.247	8.29394	
7.17592	0.26961	0.025	-10.4728	189.121	-8.53803	
10.7522	0.332034	0.025	-8.48484	242.595	8.43717	
1.34628	0.167853	0.025	-43.303	265.832	-16.3407	
11.3675	0.342774	0.025	23.5973	214.781	-7.7847	
4.94231	0.230622	0.025	-35.6314	177.945	-2.87097	
3.14018	0.199165	0.025	36.332	177.5	-15.5535	
3.43441	0.204301	0.025	-18.6645	151.559	-0.549863	
6.06032	0.250137	0.025	8.28352	193.595	-11.941	
0.792861	0.158193	0.025	-4.25655	213.454	-13.9295	
0.0346724	0.144959	0.025	-223.795	28.6442	-30.7833	
6.00677	0.249202	0.025	-8.12821	185.09	10.719	
2.05599	0.180241	0.025	-23.5046	199.599	-6.73761	
5.021	0.231995	0.025	-4.27448	186.739	-5.08064	
3.22071	0.200571	0.025	-2.53362	203.667	1.87143	
-2.08766	0.107913	0.025	2.14382	-193.963	21.2181	
-2.7631	0.0961234	0.025	-12.3992	-174.612	-10.7147	
2.72547	0.191927	0.025	-3.25335	202.794	2.12071	
9.29033	0.306517	0.025	-7.10559	195.618	-3.0629	
9.12546	0.303639	0.025	-0.104549	195.154	-0.138769	
2.01777	0.179574	0.025	-34.3583	198.966	11.0829	
-4.20706	0.0709189	0.025	13.8769	-174.963	-7.38989	
1.42286	0.169189	0.025	-62.7866	214.785	-2.6371	
0.943225	0.160817	0.025	-80.8755	130.774	-1.02057	
10.1611	0.321716	0.025	-0.841008	259.217	3.48676	
-0.962117	0.12756	0.025	-12.1025	-238.292	-12.2162	
-5.05297	0.0561535	0.025	13.1998	-181.403	-3.86901	
5.58902	0.24191	0.025	2.10077	167.635	15.7509	
1.09474	0.163462	0.025	-82.0222	196.24	2.66586	
4.93661	0.230522	0.025	16.6608	201.766	5.7921	
2.21002	0.182929	0.025	-23.9103	199.49	9.70243	
0.892952	0.15994	0.025	-82.55	164.846	-13.5297	
9.80246	0.315456	0.025	24.3411	205.62	3.10741	
-0.623163	0.133476	0.025	-78.6183	-223.956	1.63299	
-0.702169	0.132097	0.025	-12.4774	-166.312	-3.96821	
19.3687	0.482435	0.025	-27.6535	247.392	4.87311	
10.8822	0.334302	0.025	-6.45841	217.014	-1.77013	
2.80882	0.193382	0.025	-11.0418	157.339	-7.62801	
0.759839	0.157616	0.025	-118.612	146.857	-20.9413	
-0.739895	0.131438	0.025	-14.3721	-223.077	-16.6328	
3.85851	0.211704	0.025	-83.8429	177.55	5.05188	
8.42833	0.29147	0.025	-26.2364	190.798	-17.2719	
-2.70034	0.0972188	0.025	27.433	-165.351	3.8217	
-1.71839	0.114359	0.025	-46.3094	-213.233	-4.95908	
9.59376	0.311813	0.025	-12.3725	187.694	2.24126	
7.99685	0.283939	0.025	-41.4183	203.579	-6.18262	
10.7023	0.331162	0.025	30.0983	237.306	1.1584	
0.486879	0.152852	0.025	-71.6591	309.885	17.2119	
4.0633	0.215279	0.025	-42.7576	204.827	-3.78777	
14.3389	0.394639	0.025	-15.5367	220.063	1.47765	
3.30279	0.202004	0.025	-26.5631	203.331	6.23867	
5.60336	0.24216	0.025	3.68819	223.339	7.93726	
-1.19487	0.123497	0.025	6.44031	-186.513	1.39588	
-0.240575	0.140154	0.025	-201.103	-147.198	19.1055	
5.90308	0.247392	0.025	19.1433	227.126	3.79461	
-4.25858	0.0700197	0.025	-8.49358	-180.104	-4.0592	
6.33512	0.254933	0.025	12.0055	191.162	-3.65806	
-2.93653	0.0930961	0.025	-98.5667	-144.292	6.16787	
5.45443	0.239561	0.025	-43.6462	172.529	-2.66312	
4.32561	0.219857	0.025	-31.5474	202.318	-2.98683	
11.7301	0.349104	0.025	10.557	231.98	-1.71868	
6.19601	0.252505	0.025	-55.5318	198.171	5.20759	
4.17375	0.217206	0.025	19.0651	229.741	19.1343	
15.3552	0.41238	0.025	-18.1172	244.715	-6.18678	
11.0307	0.336894	0.025	-46.4169	255.604	-0.256755	
2.20269	0.182802	0.025	-24.7607	203.898	-7.45351	
2.4025	0.186289	0.025	48.9042	172.863	3.38993	
-0.495521	0.135704	0.025	-164.242	-167.604	-20.2728	
11.2868	0.341365	0.025	-12.293	202.223	1.74542	
1.16091	0.164617	0.025	54.6216	189.7	-22.58	
10.1363	0.321282	0.025	-32.4547	201.497	12.0424	
4.29047	0.219244	0.025	31.6224	145.729	1.18013	
5.85437	0.246542	0.025	1.93803	210.589	0.657891	
9.24149	0.305664	0.025	7.9335	180.945	-6.5425	
7.38198	0.273206	0.025	-19.2358	212.949	7.00523	
-1.85457	0.111982	0.025	13.9322	-195.738	-17.3173	
13.8106	0.385419	0.025	15.2964	219.145	-4.7845	
6.73453	0.261905	0.025	-2.52198	160.484	1.58803	
3.53154	0.205997	0.025	-27.9083	167.741	-7.6199	
10.0733	0.320183	0.025	7.42258	226.044	1.68005	
10.413	0.326112	0.025	-17.2807	216.234	0.965984	
6.08232	0.250521	0.025	-12.9284	166.764	-5.35747	
-5.02811	0.0565875	0.025	-28.3325	-157.853	-5.57351	
6.63347	0.260141	0.025	-20.8268	153.248	5.02124	
2.4614	0.187317	0.025	-22.9392	219.441	-14.0391	
0.693773	0.156463	0.025	-52.2921	207.984	-4.61002	
8.0756	0.285313	0.025	36.2227	183.729	-1.92796	
0.519881	0.153428	0.025	-41.6052	243.01	-17.7694	
9.20366	0.305004	0.025	-62.8112	220.953	-1.68937	
7.60263	0.277058	0.025	-12.5205	242.726	0.0816474	
8.91032	0.299884	0.025	-5.65776	209.601	-14.0285	
-3.94985	0.0754086	0.025	-16.2598	-180.348	-4.10048	
-3.5306	0.0827265	0.025	30.0546	-144.543	-15.3409	
1.64847	0.173128	0.025	-15.4159	218.865	-0.856796	
1.72219	0.174414	0.025	-8.44455	171.311	-2.17328	
0.711648	0.156775	0.025	0.959818	218.696	5.45251	
1.54537	0.171328	0.025	-54.2988	197.183	-8.45658	
8.59367	0.294357	0.025	7.4794	213.253	11.572	
-0.247512	0.140033	0.025	56.5026	-208.726	6.03645	
7.74775	0.279591	0.025	21.3772	179.506	14.417	
7.63672	0.277653	0.025	-2.47792	186.619	8.16268	
6.31612	0.254602	0.025	-61.6278	190.421	-4.05216	
4.61849	0.224969	0.025	-16.2222	165.76	-7.91421	
13.2474	0.375588	0.025	80.0753	246.928	-3.81358	
10.2835	0.323853	0.025	-4.94492	221.119	-2.74715	
5.43825	0.239278	0.025	-15.2305	165.207	-7.63534	
-0.265161	0.139725	0.025	-228.885	-223.924	26.3776	
4.12844	0.216416	0.025	3.28485	175.765	7.70283	
6.74736	0.262129	0.025	16.0153	179.15	14.8301	
4.16635	0.217077	0.025	5.4673	232.227	-2.09039	
0.997176	0.161759	0.025	119.002	173.93	2.8924	
7.7571	0.279754	0.025	-30.9888	192.228	0.324507	
0.568452	0.154276	0.025	-123.526	255.83	-14.7929	
3.55036	0.206325	0.025	14.1941	196.413	-19.0361	
-2.86688	0.0943119	0.025	-36.1521	-165.152	12.846	
3.42201	0.204085	0.025	-11.6263	130.501	-8.07449	
2.73315	0.192061	0.025	-71.5727	186.172	-10.3675	
6.70636	0.261413	0.025	-2.63342	180.401	-7.5974	
10.3281	0.324631	0.025	-1.51058	219.381	-3.28542	
8.3682	0.290421	0.025	7.0537	206.59	-3.92838	
8.59806	0.294433	0.025	-36.434	204.213	-2.23956	
8.14233	0.286478	0.025	4.40398	237.853	-0.889316	
0.969419	0.161275	0.025	2.95162	205.518	3.91171	
9.27187	0.306195	0.025	-9.84583	214.298	4.15685	
7.47193	0.274776	0.025	-18.4082	172.569	8.38123	
11.9938	0.353706	0.025	0.0803073	217.029	4.50841	
8.49204	0.292582	0.025	12.6046	203.314	0.0323526	
-0.157954	0.141596	0.025	-6.82081	-338.064	2.7138	
8.6207	0.294828	0.025	-27.7614	195.716	10.2756	
-2.97646	0.0923992	0.025	-27.204	-176.043	-8.7109	
6.05379	0.250023	0.025	88.3104	206.98	2.54259	
11.0861	0.337863	0.025	13.7415	196.072	-2.74661	
4.33055	0.219943	0.025	5.62582	192.633	-17.8709	
-4.93977	0.0581293	0.025	-19.2725	-216.71	1.11896	
1.94478	0.1783	0.025	-24.9597	232.625	0.0240242	
-1.49788	0.118208	0.025	-34.8851	-211.068	7.97605	
-1.07545	0.125581	0.025	18.6025	-216.34	-14.6028	
6.97676	0.266133	0.025	31.7553	236.971	-6.43748	
3.03617	0.19735	0.025	-37.8732	161.537	14.9063	
4.13738	0.216572	0.025	-19.3097	195.494	10.3205	
7.89663	0.28219	0.025	-8.48028	227.957	11.4085	
-5.21957	0.0532455	0.025	32.7431	-185.098	-1.40012	
1.05695	0.162802	0.025	0.00118187	216.479	10.3289	
6.2279	0.253062	0.025	30.7802	174.423	1.49136	
-0.214503	0.140609	0.025	-108.396	-89.7837	-4.18463	
8.9788	0.301079	0.025	-7.42141	234.373	2.05105	
3.61681	0.207485	0.025	18.4971	208.388	15.1271	
2.22213	0.183141	0.025	-13.7246	158.079	8.38009	
1.97376	0.178806	0.025	56.1599	127.714	3.9908	
8.70199	0.296247	0.025	-44.3672	200.939	5.73991	
10.0521	0.319813	0.025	-2.14563	232.295	-3.40399	
8.8218	0.298338	0.025	-17.6497	201.401	-14.726	
-3.22345	0.0880879	0.025	-87.5526	-164.532	4.54184	
-3.82843	0.0775279	0.025	59.2452	-160.168	1.89028	
10.0701	0.320128	0.025	1.79165	179.223	-0.4281	
-4.75447	0.0613639	0.025	0.662841	-186.882	-11.2659	
14.8636	0.403799	0.025	-54.6255	247.148	8.61205	
6.77257	0.262569	0.025	-30.54	180.675	-12.8913	
10.9806	0.336021	0.025	31.8885	184.553	3.9116	
7.52737	0.275744	0.025	-15.7086	227.194	4.2316	
-2.9211	0.0933654	0.025	65.5909	-175.034	-5.17165	
-0.000201666	0.14435	0.025	-29.1623	-148.463	-16.4564	
10.8606	0.333925	0.025	-10.4671	207.744	-1.39362	
0.468371	0.152529	0.025	-37.3025	216.996	-2.04939	
6.14929	0.25169	0.025	13.887	223.797	-6.08538	
5.03618	0.23226	0.025	-47.2002	211.561	15.7582	
8.58193	0.294151	0.025	-29.1156	200.755	-4.22355	
14.2142	0.392464	0.025	-4.16563	215.001	-3.06791	
3.11705	0.198762	0.025	-44.9747	185.364	2.77258	
6.55021	0.258688	0.025	-14.5789	218.574	2.87239	
8.52084	0.293085	0.025	-16.8028	192.023	-2.41845	
-0.26338	0.139756	0.025	-167.397	-177.12	12.9347	
10.2446	0.323174	0.025	32.3061	164.98	4.79069	
11.3094	0.341761	0.025	-35.24	230.774	-4.11681	
-4.18292	0.0713403	0.025	26.9135	-172.845	3.73518	
7.79609	0.280435	0.025	-8.02413	186.097	-4.59579	
-3.4637	0.0838943	0.025	-37.988	-194.051	-1.85019	
9.11987	0.303541	0.025	-48.7896	216.169	-9.80716	
1.10195	0.163588	0.025	-53.3103	181.638	-14.9914	
2.71357	0.191719	0.025	-30.4892	212.642	1.34853	
-2.82816	0.0949876	0.025	-19.009	-188.1	21.6032	
5.29993	0.236864	0.025	26.1685	213.974	0.631144	
0.238674	0.148519	0.025	-108.796	208.151	10.4559	
-2.00122	0.109422	0.025	-25.3857	-174.39	8.2507	
1.08392	0.163273	0.025	-2.42549	180.337	4.63046	
4.70581	0.226494	0.025	-38.5412	215.089	-9.93705	
1.34925	0.167905	0.025	-42.3046	191.652	23.4239	
4.91252	0.230102	0.025	-15.3416	188.623	-14.3775	
7.28263	0.271472	0.025	-10.7461	198.554	-3.13597	
7.18062	0.269692	0.025	-19.9631	199.425	2.99953	
9.48094	0.309844	0.025	-68.2812	198.008	0.416894	
-2.61135	0.098772	0.025	-11.3697	-198.622	-6.94624	
10.5461	0.328437	0.025	9.5137	201.397	-14.5268	
8.66723	0.29564	0.025	-35.1896	218.174	-9.00888	
1.36273	0.16814	0.025	-109.069	229.309	3.47597	
4.78287	0.227839	0.025	14.0244	151.646	1.07239	
3.25778	0.201218	0.025	-10.9047	192.622	-0.938449	
-2.64769	0.0981377	0.025	-63.5848	-244.487	9.20006	
1.66182	0.173361	0.025	27.5701	167.914	-0.675077	
0.59336	0.154711	0.025	50.7705	191.461	2.0018	
7.9809	0.28366	0.025	-45.9019	243.029	8.21706	
-0.368723	0.137917	0.025	0.823175	-292.879	-6.87414	
7.59284	0.276887	0.025	29.495	201.199	-1.07505	
2.0268	0.179731	0.025	56.7669	173.705	6.9031	
1.35759	0.16805	0.025	28.4731	197.151	12.1292	
11.035	0.336971	0.025	-40.7187	179.359	-7.70591	
4.44843	0.222001	0.025	20.8462	176.965	2.08693	
-2.61954	0.0986291	0.025	-68.0874	-208.315	-6.44008	
7.29313	0.271655	0.025	-42.2606	191.766	-9.17782	
8.79847	0.297931	0.025	20.0938	252.434	-3.04426	
0.60265	0.154873	0.025	-36.6785	118.872	-8.22465	
9.02546	0.301893	0.025	2.30336	203.695	8.80948	
-0.612022	0.133671	0.025	-56.5895	-253.527	24.4714	
13.1592	0.374047	0.025	-8.14754	210.541	-7.88564	
0.0250646	0.144791	0.025	-147.5	218.505	28.0079	
2.66369	0.190848	0.025	20.9803	191.692	-5.49169	
1.44203	0.169524	0.025	-48.2048	226.722	-24.6926	
9.05651	0.302435	0.025	-43.0986	218.113	0.89314	
1.37882	0.168421	0.025	16.7409	245.192	2.55112	
-0.530815	0.135088	0.025	49.2593	-259.468	-25.232	
9.54903	0.311032	0.025	-22.3508	243.423	3.59851	
11.315	0.341858	0.025	-22.3319	196.436	5.64884	
6.64502	0.260343	0.025	-49.9868	188.882	11.1313	
11.2724	0.341114	0.025	-24.6376	195.608	-5.77809	
-1.18017	0.123753	0.025	-55.3985	-191.101	14.4846	
10.724	0.331542	0.025	0.29112	240.576	2.24102	
-2.76336	0.0961188	0.025	0.801252	-216.437	-9.08813	
1.21696	0.165595	0.025	-23.1459	145.243	-12.2308	
10.9901	0.336186	0.025	-0.858985	235.28	0.481563	
0.802121	0.158354	0.025	-101.572	140.723	-4.34533	
0.985897	0.161562	0.025	-66.9037	199.36	-17.4754	
12.7951	0.367692	0.025	12.2034	237.495	2.80235	
9.62061	0.312282	0.025	-9.65122	222.036	-8.81542	
4.30726	0.219537	0.025	-53.9977	209.999	0.967668	
5.225	0.235556	0.025	30.7376	147.793	10.6441	
3.22298	0.200611	0.025	33.1303	169.607	8.47177	
6.97812	0.266157	0.025	-36.6669	212.06	-2.89867	
-0.110138	0.142431	0.025	-173.407	-150.918	-46.9769	
7.42875	0.274023	0.025	20.1002	147.658	8.79796	
5.82192	0.245975	0.025	-11.475	159.786	-12.8979	
10.1872	0.322172	0.025	-25.3369	193.545	1.86521	
1.7349	0.174636	0.025	-53.5695	189.86	7.81822	
7.10006	0.268285	0.025	-25.8162	207.517	-10.9852	
27.6594	0.627149	0.025	-8.50439	236.464	5.96952	
0.228512	0.148342	0.025	-3.91592	323.056	26.925	
7.85277	0.281424	0.025	-38.3238	235.56	-17.2404	
9.05022	0.302326	0.025	9.1001	188.653	4.34291	
7.15564	0.269256	0.025	10.5053	158.15	-2.16224	
11.0337	0.336948	0.025	-30.4239	211.865	-5.34493	
0.574155	0.154375	0.025	-154.833	113.154	0.496754	
4.04594	0.214976	0.025	4.02536	213.434	-4.24775	
5.9625	0.248429	0.025	31.7102	185.522	-14.5393	
3.05824	0.197735	0.025	-27.2654	184.287	4.22849	
2.97894	0.196351	0.025	-34.6886	185.579	-9.23126	
-0.51353	0.13539	0.025	22.1484	-174.95	-19.0812	
6.02442	0.24951	0.025	-56.9964	173.608	1.32446	
4.52263	0.223296	0.025	-30.8682	189.374	-12.3962	
0.251004	0.148735	0.025	-36.0628	208.906	3.87611	
12.3059	0.359153	0.025	-3.05801	231.229	-4.65168	
8.42851	0.291474	0.025	-10.3523	224.295	-0.800094	
-1.87472	0.11163	0.025	27.9089	-197.225	10.348	
6.30583	0.254422	0.025	-9.97627	173.931	-2.10346	
8.27767	0.288841	0.025	-54.1518	214.15	0.0824847	
3.59177	0.207048	0.025	36.6357	163.689	9.07512	
5.00562	0.231727	0.025	36.12	158.537	-15.2223	
9.78167	0.315093	0.025	5.79097	202.659	-12.9951	
8.12977	0.286259	0.025	-7.27354	202.432	8.96387	
4.63983	0.225342	0.025	-6.43157	221.791	-10.3122	
7.7897	0.280323	0.025	-16.0901	199.122	-7.04671	
0.0209806	0.14472	0.025	208.646	75.5743	28.3097	
3.96784	0.213612	0.025	-68.5502	195.522	-12.7833	
9.00359	0.301512	0.025	-19.7262	232.597	1.48608	
9.57498	0.311485	0.025	-2.50464	256.62	-9.61338	
0.501249	0.153103	0.025	-166.013	77.8133	-17.8759	
7.57341	0.276548	0.025	-45.8613	183.139	-7.39081	
7.87069	0.281737	0.025	-4.18013	216.269	2.23737	
10.756	0.3321	0.025	-15.9572	204.545	-10.0951	
13.3999	0.378249	0.025	1.69173	223.908	-1.7792	
14.4273	0.396184	0.025	13.846	204.21	-3.18095	
2.82161	0.193605	0.025	24.3511	242.391	3.44542	
0.174203	0.147394	0.025	-192.734	103.298	-15.3289	
2.71252	0.191701	0.025	-20.041	161.531	2.71785	
8.44104	0.291692	0.025	7.9902	196.542	3.57099	
-1.17936	0.123768	0.025	-66.0517	-202.448	-8.06445	
4.77176	0.227645	0.025	-46.2142	195.454	-9.45345	
-2.95161	0.0928329	0.025	8.56116	-155.482	-2.18877	
4.93769	0.230541	0.025	33.9916	196.705	-4.54011	
0.944399	0.160838	0.025	-113.936	242.706	-1.28841	
2.15844	0.182029	0.025	-25.8354	168.342	-1.33316	
12.7222	0.366421	0.025	-9.65691	191.212	9.49221	
4.57521	0.224214	0.025	22.8944	185.719	-5.16787	
0.472494	0.152601	0.025	-66.0173	269.813	18.69	
0.219081	0.148177	0.025	34.9193	148.038	23.0826	
6.62153	0.259933	0.025	-13.9636	204.9	1.32246	
3.16932	0.199674	0.025	-88.8189	217.284	-17.8084	
1.11218	0.163767	0.025	-89.6779	251.14	10.047	
6.77035	0.26253	0.025	-28.7401	203.925	4.64587	
2.2537	0.183692	0.025	56.0479	257.008	-0.69866	
-0.473882	0.136082	0.025	-70.2971	-159.539	20.6033	
0.125463	0.146543	0.025	-66.5862	239.233	-13.026	
-0.0667029	0.143189	0.025	-108.091	-210.61	-24.9443	
-0.266381	0.139704	0.025	-146.495	-162.021	3.37801	
10.8789	0.334245	0.025	-4.80228	200.682	4.00671	
0.155261	0.147063	0.025	-145.521	231.511	53.7396	
0.528926	0.153586	0.025	59.2653	147.489	-3.02437	
11.5655	0.346229	0.025	-69.0047	208.527	-4.43851	
6.0436	0.249845	0.025	-24.6567	227.011	-3.06887	
-0.3813	0.137698	0.025	30.0228	-215.585	21.1314	
-0.534928	0.135016	0.025	-50.8285	-205.621	-14.7044	
11.0665	0.33752	0.025	-24.676	194.86	-7.88411	
1.63679	0.172924	0.025	-32.9217	234.385	-1.75646	
0.288592	0.149391	0.025	-48.1885	144.374	21.7692	
-2.22137	0.105579	0.025	8.57041	-195.588	0.493936	
0.971664	0.161314	0.025	-88.9723	204.243	-4.46283	
6.62021	0.25991	0.025	2.0616	231.788	12.6013	
1.95775	0.178526	0.025	-95.4524	243.837	15.6162	
-1.48535	0.118426	0.025	-31.2626	-147.078	-9.11798	
1.32208	0.16743	0.025	46.0582	195.499	-18.1934	
0.9438	0.160827	0.025	41.5351	268.8	13.8338	
3.55368	0.206383	0.025	36.9365	181.461	13.0189	
5.69596	0.243777	0.025	-21.4116	169.97	-13.8991	
3.482	0.205132	0.025	-28.8231	214.77	4.71898	
9.79316	0.315294	0.025	16.3032	189.759	1.66889	
2.8209	0.193592	0.025	2.57484	162.256	0.366453	
10.9815	0.336035	0.025	5.53784	226.403	-3.12957	
8.07856	0.285365	0.025	7.55206	185.118	-14.0858	
4.31442	0.219662	0.025	3.41817	229.877	11.4216	
1.43992	0.169487	0.025	-45.3505	240.953	-10.8029	
1.63084	0.17282	0.025	26.9422	198.726	9.93953	
-1.8434	0.112177	0.025	-2.44521	-250.995	-15.9523	
1.15949	0.164592	0.025	-40.7143	240.749	11.3047	
-0.733036	0.131558	0.025	2.30011	-219.791	15.2085	
3.40716	0.203826	0.025	-33.1622	197.624	10.3396	
11.3486	0.342444	0.025	34.8479	210.842	5.87627	
-2.61305	0.0987424	0.025	-2.99956	-135.038	-9.45559	
-0.904474	0.128566	0.025	-28.2837	-213.054	-4.05807	
0.924835	0.160496	0.025	-56.9849	219.202	22.4491	
-1.14309	0.124401	0.025	69.0589	-261.476	2.17669	
8.63007	0.294992	0.025	-5.13612	219.636	-0.418271	
0.519811	0.153427	0.025	-50.1675	159.749	-3.41676	
8.78006	0.29761	0.025	-13.9536	175.93	1.72576	
0.547666	0.153913	0.025	-47.046	137.186	5.28354	
4.32336	0.219818	0.025	29.2001	216.931	8.25848	
15.2201	0.410022	0.025	-31.9427	236.421	-4.92081	
9.41025	0.30861	0.025	-0.400341	228.781	-6.89514	
5.13329	0.233955	0.025	-80.3957	233.521	-6.33123	
6.48931	0.257625	0.025	16.4783	206.113	-3.46315	
5.62775	0.242586	0.025	-5.42887	218.054	-12.2056	
5.62001	0.242451	0.025	23.2072	184.196	-14.1197	
0.467082	0.152506	0.025	7.1943	195.628	19.9035	
4.8398	0.228832	0.025	-8.80619	219.509	-1.7086	
1.76028	0.175079	0.025	-26.6949	186.321	-5.27412	
-0.409676	0.137202	0.025	-83.2919	-225.752	-21.4752	
8.38504	0.290715	0.025	-41.5283	212.879	-1.34296	
2.1366	0.181648	0.025	56.2647	227.507	3.81949	
3.71143	0.209137	0.025	-71.1153	181.189	-7.10062	
1.34043	0.167751	0.025	-16.1544	223.999	-6.83952	
8.46969	0.292192	0.025	22.2689	194.599	-3.04559	
3.04192	0.19745	0.025	-15.7603	192.217	-8.34004	
10.8737	0.334155	0.025	-9.47427	254.393	-4.90208	
-2.37493	0.102899	0.025	-37.1393	-187.428	7.71074	
2.54601	0.188794	0.025	-53.488	164.242	14.0301	
9.26736	0.306116	0.025	23.1393	211.318	-2.47531	
-0.555314	0.13466	0.025	-108.543	-271.698	-25.1313	
8.09602	0.28567	0.025	-47.4457	194.842	-10.5627	
4.67208	0.225905	0.025	37.9136	216.003	1.54607	
9.33115	0.307229	0.025	-15.9273	244.735	7.17065	
0.431281	0.151881	0.025	-71.4814	124.397	-3.00442	
10.7755	0.33244	0.025	-20.9824	200.966	-0.785318	
2.74076	0.192194	0.025	-16.0269	184.697	1.70881	
1.08802	0.163345	0.025	-134.084	158.039	1.11135	
1.44213	0.169526	0.025	-74.0679	222.854	-10.6037	
10.8767	0.334206	0.025	1.08772	214.824	2.76194	
3.85087	0.211571	0.025	38.5492	161.772	-8.53037	
-0.945796	0.127844	0.025	21.0465	-222.524	-5.19964	
11.3	0.341596	0.025	2.34489	226.214	-7.88839	
5.40612	0.238718	0.025	-11.2977	178.875	-2.68633	
2.7499	0.192353	0.025	24.7499	221.432	2.92743	
-6.25701	0.0351369	0.025	-10.3349	-149.974	-9.18209	
3.30479	0.202039	0.025	-17.8475	174.83	2.70343	
1.05532	0.162774	0.025	-82.8964	170.551	-19.0514	
7.60157	0.277039	0.025	-42.0555	203.862	-0.319087	
8.49248	0.29259	0.025	24.5666	215.707	-4.92192	
6.07371	0.25037	0.025	4.60193	195.756	6.67256	
0.326017	0.150044	0.025	-26.5591	119.821	-18.4192	
2.17009	0.182233	0.025	-54.3608	158.653	-10.1967	
5.24588	0.23592	0.025	-6.39422	150.431	-5.70237	
7.00218	0.266577	0.025	-22.9582	172.333	-4.09621	
6.34057	0.255029	0.025	-17.163	199.954	-1.66254	
-0.528829	0.135123	0.025	23.0544	-231.818	-24.5032	
8.35664	0.290219	0.025	6.27292	209.873	5.47195	
1.07306	0.163084	0.025	2.32491	222.003	23.4951	
2.823	0.193629	0.025	-29.6143	184.25	-4.88614	
3.72661	0.209402	0.025	-20.4836	185.133	13.0833	
6.26592	0.253725	0.025	39.3209	190.117	16.9429	
13.474	0.379542	0.025	8.46497	248.812	-0.67671	
-0.349532	0.138252	0.025	-66.2981	-320.299	-12.8182	
0.509221	0.153242	0.025	-37.983	74.8683	-6.96219	
-4.7684	0.0611207	0.025	11.9541	-162.183	-1.86305	
4.65716	0.225644	0.025	-7.3277	185.782	14.5634	
1.88419	0.177242	0.025	-19.6258	207.586	4.95689	
2.48964	0.18781	0.025	-41.8478	209.208	-12.892	
0.452275	0.152248	0.025	44.6078	234.767	30.3147	
0.315551	0.149861	0.025	-191.074	88.0476	0.57907	
9.15065	0.304079	0.025	-17.4573	243.362	-5.76607	
4.60956	0.224813	0.025	-21.3271	208.164	-22.4466	
4.26267	0.218759	0.025	-23.7704	194.452	-9.01125	
-0.610634	0.133695	0.025	-22.8077	-128.87	4.41027	
0.49644	0.153019	0.025	-134.056	165.799	19.6869	
5.27033	0.236347	0.025	-9.98887	185.231	-4.67259	
4.7972	0.228089	0.025	11.5167	210.829	6.58143	
-0.137803	0.141948	0.025	-90.7396	-215.617	-2.44527	
7.07393	0.267829	0.025	27.5557	211.181	-15.1659	
11.9291	0.352577	0.025	-47.1498	227.838	8.73066	
12.5557	0.363514	0.025	-36.5045	238.578	13.0461	
9.67983	0.313315	0.025	-42.7626	210.571	-2.61647	
0.900981	0.16008	0.025	-119.529	145.895	-1.67811	
0.993511	0.161695	0.025	-48.5146	240.988	15.0757	
10.9468	0.33543	0.025	-16.0501	215.044	0.681917	
6.51385	0.258053	0.025	14.7232	195.69	1.59859	
1.50687	0.170656	0.025	-37.7095	209.954	-17.9434	
1.00807	0.161949	0.025	-62.6996	192.612	5.60566	
4.18867	0.217467	0.025	40.7917	188.569	0.307656	
0.724949	0.157007	0.025	-90.006	283.853	-2.37763	
0.313545	0.149826	0.025	-39.8778	277.232	-9.85651	
7.6966	0.278698	0.025	-15.0184	198.432	2.67993	
8.56632	0.293879	0.025	-4.2382	212.655	0.545021	
2.77298	0.192756	0.025	41.6413	172.109	4.03779	
10.7771	0.332469	0.025	17.2285	230.768	-8.20633	
1.45689	0.169784	0.025	-121.861	216.081	4.05442	
7.51556	0.275538	0.025	7.35525	190.115	-8.0271	
0.567966	0.154267	0.025	-110.478	170.112	1.46438	
12.2059	0.357408	0.025	29.8633	212.072	-1.70762	
9.18934	0.304754	0.025	-17.4459	223.098	4.67471	
6.36297	0.255419	0.025	22.436	189.999	-0.0570943	
10.6122	0.32959	0.025	-47.794	211.477	2.35144	
0.0670823	0.145524	0.025	-142.77	32.5847	-7.2352	
-4.691	0.0624716	0.025	-15.6177	-184.525	0.652814	
12.4416	0.361522	0.025	-17.99	204.678	1.52271	
4.28921	0.219222	0.025	10.7115	166.479	6.11173	
-2.19313	0.106072	0.025	18.7685	-201.08	10.7047	
5.38979	0.238433	0.025	-44.035	205.092	21.3137	
7.63266	0.277582	0.025	-19.631	225.9	-10.4575	
7.0586	0.267562	0.025	36.9269	183.66	14.8194	
-2.12012	0.107347	0.025	9.36823	-215.276	-0.142722	
5.22064	0.23548	0.025	-38.4058	179.887	-16.1203	
4.60973	0.224816	0.025	-10.3461	166.882	-14.9551	
-5.05105	0.056187	0.025	-31.0059	-209.89	-8.28217	
0.995765	0.161735	0.025	-33.5931	222.037	-12.6737	
8.27028	0.288712	0.025	-17.6757	181.279	-1.79775	
1.59118	0.172128	0.025	0.422117	227.414	-1.80489	
10.1608	0.321711	0.025	-38.1451	198.049	-2.86561	
-3.8478	0.0771897	0.025	32.9917	-224.976	-0.788421	
-5.59725	0.046653	0.025	-22.4544	-144.874	0.401884	
0.980667	0.161471	0.025	-107.599	140.731	-8.13085	
1.3248	0.167478	0.025	-4.97362	302.1	-9.55831	
9.68573	0.313418	0.025	24.3273	200.11	6.5704	
9.49764	0.310135	0.025	-16.9449	231.456	-6.55068	
7.06047	0.267594	0.025	-15.8158	200.51	5.20918	
0.943787	0.160827	0.025	-11.0353	221.579	11.1209	
2.44264	0.18699	0.025	-15.889	189.155	7.57724	
-0.210836	0.140673	0.025	-128.186	-150.262	-1.33382	
7.08018	0.267938	0.025	8.79951	223.188	-4.97561	
14.6026	0.399243	0.025	27.201	197.147	-1.70313	
4.27509	0.218975	0.025	-64.2715	163.968	0.718178	
8.15181	0.286644	0.025	-5.72196	170.934	-8.49676	
10.7882	0.332663	0.025	-16.1014	243.414	-0.625412	
-0.895726	0.128718	0.025	77.9078	-190.659	-6.02976	
6.97269	0.266062	0.025	-28.66	176.309	4.17653	
5.13773	0.234033	0.025	27.2971	198.471	-5.08914	
1.19831	0.16527	0.025	17.8918	196.518	1.57344	
8.45801	0.291988	0.025	-30.5189	211.71	2.03841	
7.27095	0.271268	0.025	4.64295	179.334	0.895951	
-1.20612	0.1233	0.025	15.8365	-251.803	4.53373	
9.84483	0.316195	0.025	-94.8576	201.986	-6.82835	
3.38471	0.203434	0.025	-48.4345	179.753	5.13676	
-0.5082	0.135483	0.025	-144.772	-258.531	31.8104	
0.624203	0.155249	0.025	-49.218	240.204	7.9184	
0.138637	0.146773	0.025	-78.0783	30.438	0.489979	
9.71162	0.31387	0.025	0.323698	209.056	5.17981	
1.32339	0.167453	0.025	-79.0942	201.844	6.41145	
-5.72776	0.044375	0.025	22.1382	-212.627	-19.6514	
-1.12147	0.124778	0.025	-118.896	-199.075	3.11374	
5.25611	0.236099	0.025	-23.8157	187.192	-0.5255	
2.42469	0.186676	0.025	-48.2995	195.382	-14.9595	
3.52524	0.205887	0.025	-45.5465	173.776	-7.35732	
-0.106369	0.142497	0.025	-74.2656	-136.738	-9.79137	
6.65995	0.260603	0.025	-32.9384	168.147	-9.76028	
1.28254	0.16674	0.025	-16.5368	178.99	-17.706	
0.266388	0.149003	0.025	-189.353	27.4861	-24.2718	
14.706	0.401047	0.025	-15.1178	221.592	-8.79284	
0.363511	0.150698	0.025	-199.093	120.369	-12.5217	
2.00982	0.179435	0.025	-36.5799	223.941	5.35133	
2.66212	0.190821	0.025	-10.9948	165.089	15.2654	
16.166	0.426532	0.025	24.8342	222.916	-1.38367	
-0.418983	0.13704	0.025	-16.6479	-123.468	2.27012	
2.44395	0.187013	0.025	-32.2988	166.337	-9.95297	
11.7441	0.349347	0.025	22.6018	195.578	-11.159	
-1.68815	0.114887	0.025	-63.419	-209.965	1.41797	
0.634544	0.155429	0.025	-109.438	198.231	1.66215	
-5.02491	0.0566432	0.025	32.3521	-181.269	15.1505	
-1.48624	0.118411	0.025	-34.2904	-197.486	-2.97471	
8.38104	0.290645	0.025	-1.51175	214.119	2.38256	
12.9517	0.370425	0.025	-6.74096	198.945	-3.21947	
8.58945	0.294283	0.025	31.8737	208.89	-3.38038	
-0.821926	0.130007	0.025	-65.543	-211.46	4.87456	
7.71719	0.279057	0.025	-6.05171	168.624	-3.9584	
-6.66021	0.028099	0.025	3.28038	-208.631	1.53582	
1.21543	0.165569	0.025	-102.038	205.84	3.43534	
1.28137	0.16672	0.025	-110.683	177.054	-17.8092	
0.547608	0.153912	0.025	-105.279	151.58	-14.8981	
6.03255	0.249652	0.025	-15.8827	179.348	-14.5897	
7.45864	0.274544	0.025	5.13828	201.727	-10.042	
9.70555	0.313764	0.025	-29.2199	205.316	-9.19934	
11.1123	0.338319	0.025	-2.87557	249.631	-5.79385	
7.66061	0.27807	0.025	-4.39613	192.688	6.66256	
16.3206	0.42923	0.025	14.4579	227.452	2.33432	
9.60337	0.311981	0.025	10.7535	193.418	-1.08352	
3.33036	0.202485	0.025	-22.8243	191.895	19.7975	
1.44365	0.169552	0.025	1.70318	226.695	3.35145	
-0.563681	0.134514	0.025	-105.56	-183.953	4.91233	
-0.456622	0.136383	0.025	-118.377	-231.168	-6.75603	
9.60637	0.312033	0.025	-51.6031	178.573	15.0662	
9.45801	0.309444	0.025	-37.0886	201.406	2.11684	
-5.75104	0.0439685	0.025	6.74588	-121.027	10.709	
3.49692	0.205392	0.025	-64.781	159.63	-2.04581	
2.7008	0.191496	0.025	-5.03666	181.304	9.05503	
-3.60222	0.0814764	0.025	-2.59233	-210.237	-6.47163	
-0.914053	0.128399	0.025	-51.8067	-274.252	-0.602745	
-1.87513	0.111623	0.025	-49.3811	-225.386	-11.7044	
3.50039	0.205453	0.025	-58.0621	168.25	-0.545351	
-0.172062	0.14135	0.025	-59.8731	-118.583	-16.38	
9.14032	0.303898	0.025	8.70004	215.458	5.91872	
7.90274	0.282296	0.025	2.07785	188.351	-5.72822	
0.625144	0.155265	0.025	-30.452	232.362	5.53694	
10.3451	0.324928	0.025	-67.0944	195.044	2.06204	
4.18285	0.217365	0.025	-15.7814	160.143	3.48626	
8.90985	0.299875	0.025	15.8322	193.845	12.5553	
2.20807	0.182895	0.025	-82.1672	143.407	-4.32834	
13.3242	0.376928	0.025	17.6967	213.27	2.39162	
10.7001	0.331124	0.025	7.67863	236.301	4.01161	
2.00402	0.179334	0.025	38.5353	181.242	11.3757	
1.53366	0.171124	0.025	-23.1255	166.002	-8.32985	
1.5734	0.171817	0.025	8.70467	208.164	5.39341	
8.52343	0.29313	0.025	-15.1397	184.512	10.7973	
-4.55042	0.0649255	0.025	-35.8718	-146.878	-9.9914	
8.68459	0.295943	0.025	-36.7105	219.348	11.7434	
8.30321	0.289286	0.025	32.9679	211.968	8.72347	
13.7144	0.38374	0.025	-59.1547	225.821	-2.58882	
2.51961	0.188333	0.025	8.09642	257.732	-7.4311	
3.93843	0.213099	0.025	-20.38	179.537	1.65278	
6.47524	0.257379	0.025	11.4722	194.006	5.72356	
8.24542	0.288278	0.025	-28.4927	187.618	-0.149741	
6.85794	0.264059	0.025	-13.6509	229.032	4.34605	
3.12222	0.198852	0.025	-12.3686	213.502	-13.6922	
8.85656	0.298945	0.025	-13.2274	200.654	-3.37501	
4.6503	0.225525	0.025	-4.81348	162.761	-8.79505	
-0.0654289	0.143211	0.025	-201.057	86.7035	6.43626	
9.7484	0.314512	0.025	-23.0362	220.479	-11.7658	
7.11454	0.268538	0.025	-25.3127	218.39	-19.2217	
-3.46344	0.0838988	0.025	-3.01484	-166.815	-1.62576	
4.70616	0.2265	0.025	39.7563	194.426	-8.23452	
5.07025	0.232855	0.025	-4.37588	189.384	9.26069	
3.82065	0.211043	0.025	-7.41219	153.102	-0.301308	
11.1453	0.338895	0.025	29.9027	231.81	-3.96178	
-2.67127	0.0977263	0.025	61.1458	-186.978	10.4536	
9.36156	0.30776	0.025	-7.06532	164.586	-8.77587	
3.07104	0.197959	0.025	-51.4758	184.863	5.0232	
13.3176	0.376812	0.025	7.45699	235.542	-3.48855	
-0.196298	0.140927	0.025	-1.23763	-270.576	-13.3148	
5.06145	0.232701	0.025	-45.3928	187.101	-1.40411	
0.66839	0.15602	0.025	-59.205	98.1611	-0.254609	
4.55257	0.223819	0.025	-22.0931	204.002	-12.3166	
5.99003	0.24891	0.025	13.5206	188.305	14.6943	
-4.15787	0.0717775	0.025	-23.3384	-186.23	-3.83974	
0.173416	0.14738	0.025	-85.9153	193.395	-7.78802	
-6.04923	0.0387637	0.025	-5.6484	-163.338	2.27159	
7.80225	0.280542	0.025	-24.2372	231.823	7.38579	
8.11182	0.285946	0.025	-11.5449	240.724	4.39168	
11.2004	0.339857	0.025	-6.3588	219.694	-7.23699	
0.699234	0.156559	0.025	63.8522	270.512	8.8425	
4.89296	0.22976	0.025	16.9759	198.835	-3.67252	
-0.0282322	0.143861	0.025	-82.3493	-100.753	-44.3975	
2.10433	0.181085	0.025	4.02618	190.701	-4.4024	
3.51076	0.205634	0.025	-24.8963	180.048	0.894661	
-3.56911	0.0820543	0.025	27.3732	-197.338	-1.98682	
12.6742	0.365582	0.025	-22.9672	244.021	-4.96793	
-0.75251	0.131218	0.025	-51.8496	-247.968	-2.71126	
0.477681	0.152691	0.025	61.3046	300.632	-1.24885	
16.5179	0.432675	0.025	46.1175	213.931	5.91004	
6.34271	0.255066	0.025	6.3788	207.616	-6.95572	
-0.971688	0.127393	0.025	23.0643	-256.151	-5.28597	
6.80895	0.263204	0.025	40.8173	190.727	9.51081	
11.3318	0.34215	0.025	-9.34221	214.659	8.36065	
5.69889	0.243828	0.025	-68.1973	147.324	1.79199	
1.98481	0.178998	0.025	-71.1415	258.014	11.4913	
2.04303	0.180015	0.025	11.4264	177.906	-6.88124	
0.0632242	0.145457	0.025	-161.174	168.382	7.59411	
0.270081	0.149068	0.025	58.5448	150.358	5.21502	
14.1614	0.391541	0.025	11.4317	239.084	2.9869	
-1.47761	0.118562	0.025	-36.65	-180.842	-4.69324	
4.87557	0.229457	0.025	-58.6408	175.86	-3.17101	
-0.172709	0.141339	0.025	-106.2	-236.972	16.9992	
5.36683	0.238032	0.025	-0.0660055	192.951	-2.99145	
-0.772953	0.130861	0.025	-75.8686	-132.828	11.5141	
1.72268	0.174423	0.025	-70.6391	181.487	4.44856	
6.88207	0.26448	0.025	-11.3683	223.427	-12.8593	
0.794067	0.158214	0.025	-151.115	177.382	3.08825	
0.0491863	0.145212	0.025	-83.5109	103.648	22.2928	
0.0310925	0.144896	0.025	-216.099	258.124	27.384	
1.13709	0.164201	0.025	-59.6889	169.192	6.2708	
-0.279192	0.13948	0.025	-45.2416	-163.024	-1.50977	
11.5403	0.345791	0.025	-28.5396	216.841	5.57972	
3.32345	0.202364	0.025	0.559344	167.413	-2.84228	
9.16026	0.304246	0.025	35.976	208.768	-1.30691	
4.79866	0.228114	0.025	0.0816938	187.619	3.04679	
10.6397	0.33007	0.025	-44.2002	210.912	2.86136	
0.984526	0.161538	0.025	-92.7525	171.829	0.623232	
9.37387	0.307975	0.025	-16.1806	192.885	5.69415	
5.83967	0.246285	0.025	27.2371	166.415	13.409	
10.5706	0.328865	0.025	-18.5103	245.918	8.03405	
1.21539	0.165568	0.025	-17.4336	210.421	0.760014	
10.7281	0.331612	0.025	20.9561	223.581	-3.05777	
4.72416	0.226814	0.025	40.1805	215.164	-5.19432	
1.53982	0.171231	0.025	60.0925	157.855	-11.4752	
-1.02214	0.126512	0.025	-53.6482	-199.964	17.8041	
11.1601	0.339153	0.025	17.5545	187.899	-2.47661	
-4.65094	0.0631709	0.025	63.3411	-206.668	-6.97618	
8.08732	0.285518	0.025	3.59283	224.338	-11.2365	
0.446125	0.152141	0.025	-126.36	63.3187	-2.25977	
13.561	0.381062	0.025	-11.8573	217.867	-0.815459	
6.52798	0.2583	0.025	5.53477	168.95	8.77292	
2.45307	0.187172	0.025	-66.7968	214.701	13.617	
3.61896	0.207523	0.025	16.2313	211.123	-2.54964	
1.42491	0.169225	0.025	-27.63	216.447	-6.16061	
0.116478	0.146387	0.025	-131.265	164.558	-5.08783	
7.19075	0.269868	0.025	3.67697	178.156	-10.979	
5.22021	0.235472	0.025	-56.3248	190.854	2.98426	
-0.761297	0.131065	0.025	15.6758	-209.731	-12.5408	
-0.706473	0.132022	0.025	-17.3568	-181.316	9.15573	
1.09949	0.163545	0.025	3.67837	222.454	-3.14128	
7.44376	0.274285	0.025	43.4372	172.949	-14.8904	
2.67421	0.191032	0.025	-80.359	204.302	5.3096	
0.219679	0.148188	0.025	-34.5068	274.691	28.0166	
8.10718	0.285865	0.025	-25.7731	217.905	6.98772	
0.855921	0.159294	0.025	-148.371	264.395	3.38132	
2.27987	0.184149	0.025	-66.9226	175.468	-14.5815	
8.73816	0.296878	0.025	-13.3651	222.335	-10.1917	
-3.23317	0.0879183	0.025	22.477	-163.289	-9.93624	
16.2323	0.42769	0.025	18.8659	241.282	12.7229	
7.25643	0.271015	0.025	-10.7186	217.385	-6.16956	
15.961	0.422954	0.025	33.713	254.328	-2.88408	
11.0829	0.337805	0.025	-0.49511	221.721	13.2807	
13.5375	0.380651	0.025	-25.3047	235.104	5.82863	
-0.396437	0.137434	0.025	-58.4162	-207.567	-2.95837	
-4.50478	0.0657221	0.025	20.1757	-207.116	11.3551	
5.78058	0.245254	0.025	19.2949	151.552	-4.46356	
12.4475	0.361625	0.025	-6.5841	222.187	-11.5799	
-0.438544	0.136699	0.025	-41.125	-156.885	17.6184	
7.35577	0.272749	0.025	35.665	249.053	4.65615	
1.00182	0.16184	0.025	-50.4962	225.011	8.20895	
-3.09188	0.0903845	0.025	27.7456	-207.456	1.32273	
3.4687	0.2049	0.025	36.1884	185.185	-1.59303	
10.3087	0.324293	0.025	-36.472	204.775	10.3593	
-0.458966	0.136342	0.025	-36.1376	-185.832	3.84942	
2.84767	0.19406	0.025	25.454	156.28	-1.85474	
1.56594	0.171687	0.025	-17.623	106.19	-9.95924	
-1.52818	0.117679	0.025	-80.1075	-157.254	-10.9803	
10.7751	0.332434	0.025	-36.508	231.423	-19.4752	
9.97254	0.318425	0.025	-36.6045	235.629	3.6379	
11.0962	0.338038	0.025	21.2968	267.681	-1.67408	
11.3823	0.343031	0.025	-20.9169	209.854	1.64183	
-0.524514	0.135198	0.025	-9.67805	-280.399	-8.37791	
-0.00140357	0.144329	0.025	-173.647	263.281	48.4298	
5.65685	0.243094	0.025	-36.2808	178.296	-5.41642	
7.7305	0.27929	0.025	-35.9589	194.046	13.2153	
12.4659	0.361946	0.025	19.5777	196.558	7.16722	
19.0111	0.476193	0.025	19.9468	253.86	-4.44298	
7.41717	0.273821	0.025	-21.801	194.567	-14.4107	
10.1438	0.321415	0.025	1.78263	201.835	-0.0758341	
9.69113	0.313513	0.025	-51.791	202.797	-4.33657	
0.338608	0.150264	0.025	-116.315	260.138	-10.1642	
0.423816	0.151751	0.025	-3.26504	216.406	13.3446	
10.3189	0.324471	0.025	18.3275	223.599	2.60457	
9.42404	0.308851	0.025	-42.508	204.585	-4.37886	
-0.49185	0.135768	0.025	-168.336	-140.743	-9.8787	
0.514424	0.153333	0.025	95.1616	207.949	12.8322	
11.3092	0.341757	0.025	-14.8029	212.219	7.52666	
5.07992	0.233024	0.025	-52.2161	201.646	-3.57574	
6.38874	0.255869	0.025	-4.70602	187.383	-2.92684	
3.29247	0.201824	0.025	13.8992	167.39	7.64587	
11.8256	0.35077	0.025	-19.9419	249.552	7.38671	
5.06754	0.232808	0.025	-43.8702	167.024	3.9585	
15.8844	0.421616	0.025	-21.4313	236.834	-3.75558	
-3.44086	0.0842929	0.025	41.4349	-188.355	-10.2564	
1.90866	0.177669	0.025	-93.6231	185.711	-8.31207	
5.8775	0.246945	0.025	19.8538	199.92	2.69278	
-1.08206	0.125466	0.025	31.9591	-164.369	-15.0076	
1.97164	0.178768	0.025	5.98303	192.69	3.14509	
-0.602115	0.133843	0.025	4.24334	-254.082	22.0732	
12.092	0.35542	0.025	-13.6065	266.41	-0.860552	
7.85368	0.28144	0.025	-83.177	202.529	12.6776	
-1.09066	0.125316	0.025	14.5406	-207.588	12.1641	
6.87095	0.264286	0.025	-18.5911	225.681	-5.34158	
4.78636	0.2279	0.025	25.6226	203.586	-15.7628	
-0.667332	0.132705	0.025	-85.0198	-234.002	-2.65213	
-3.2237	0.0880835	0.025	-15.7927	-172.404	5.18121	
7.19817	0.269998	0.025	-48.3472	174.836	-0.90765	
9.36796	0.307872	0.025	0.608948	181.88	4.50383	
1.01171	0.162013	0.025	-10.3024	201.696	4.01493	
-0.466507	0.13621	0.025	-131.212	-163.981	-4.34414	
-3.42921	0.0844962	0.025	0.620736	-193.284	-7.04706	
-0.151005	0.141718	0.025	-69.0404	-157.5	-14.8085	
4.44808	0.221995	0.025	-23.2673	167.691	0.558387	
8.25546	0.288453	0.025	-63.1884	169.966	0.460536	
1.40041	0.168798	0.025	32.2117	113.802	-5.39882	
-3.03032	0.0914589	0.025	-36.9534	-192.946	-1.08264	
7.41282	0.273745	0.025	-26.1732	202.851	1.7542	
-1.92296	0.110788	0.025	-85.9797	-210.097	-5.19203	
0.245566	0.14864	0.025	-150.711	89.6843	-16.609	
0.826853	0.158786	0.025	-5.16188	211.676	4.87019	
3.7406	0.209646	0.025	32.3487	198.14	0.956127	
-6.42986	0.0321198	0.025	34.7566	-195.332	5.47786	
1.86944	0.176985	0.025	-65.8315	213.708	4.67386	
4.7568	0.227384	0.025	-51.7267	182.656	-9.82475	
7.42331	0.273928	0.025	-2.33471	183.1	-6.49029	
0.151896	0.147005	0.025	-195.154	77.3128	-1.9405	
8.38065	0.290638	0.025	-8.94274	257.919	5.58274	
2.84933	0.194089	0.025	51.7548	207.801	-12.4244	
3.7045	0.209016	0.025	23.2122	179.785	6.92028	
2.53009	0.188516	0.025	45.2316	188.498	10.1007	
6.46627	0.257223	0.025	-35.4244	159.696	6.85168	
11.9643	0.353191	0.025	-21.4093	191.729	-8.17314	
3.07973	0.19811	0.025	-9.23658	198.622	-4.99974	
-0.307285	0.13899	0.025	-95.172	-200.262	-9.72091	
1.50829	0.170681	0.025	-48.2113	250.592	-4.20766	
3.78983	0.210505	0.025	-40.2628	166.868	-10.9804	
0.304823	0.149674	0.025	102.814	232.707	9.17787	
-0.0892611	0.142795	0.025	123.514	-116.739	-19.3157	
7.62401	0.277431	0.025	1.79721	185.122	-10.6644	
2.46084	0.187308	0.025	-36.8981	260.293	-5.51461	
7.13212	0.268845	0.025	57.2632	196.504	-5.90646	
4.2474	0.218492	0.025	15.5138	184.033	4.06963	
4.7125	0.22661	0.025	-27.6252	168.27	-6.54893	
-0.943531	0.127884	0.025	-70.3019	-188.629	1.64359	
9.72905	0.314175	0.025	-29.668	232.572	-9.4345	
8.97675	0.301043	0.025	16.8653	197.28	-5.45999	
11.9583	0.353086	0.025	26.9874	199.01	5.05464	
9.90586	0.317261	0.025	-3.83271	199.192	1.94647	
7.23329	0.270611	0.025	-5.33082	221.748	5.19742	
6.40108	0.256085	0.025	-31.0344	155.003	7.31742	
0.379085	0.15097	0.025	-182.167	163.158	-36.0848	
10.2167	0.322687	0.025	-27.2593	229.837	3.18088	
6.31591	0.254598	0.025	-7.01016	210.036	1.03838	
6.37897	0.255699	0.025	-22.6478	229.328	9.54167	
9.21681	0.305233	0.025	10.7055	225.797	9.35314	
-4.01768	0.0742245	0.025	-25.6297	-200.509	8.71083	
10.6332	0.329956	0.025	-27.1094	221.573	4.17443	
-1.27219	0.122147	0.025	-39.1468	-166.002	4.61229	
6.65251	0.260473	0.025	11.0401	214.332	0.668694	
6.79113	0.262893	0.025	-9.66786	174.454	-0.569651	
-3.54458	0.0824824	0.025	-40.3334	-201.067	-2.92673	
4.59557	0.224569	0.025	-44.2132	164.601	6.48944	
3.26676	0.201375	0.025	25.5322	203.462	-9.1307	
10.5631	0.328733	0.025	-21.2107	189.027	9.55941	
-0.953177	0.127716	0.025	-25.7798	-245.87	-35.8505	
-1.48902	0.118362	0.025	-8.31234	-240.159	-0.0691536	
10.3873	0.325664	0.025	-3.727	206.703	-4.42295	
2.93913	0.195656	0.025	-55.7902	193.539	-4.01121	
-2.71487	0.0969652	0.025	-36.9492	-218.49	-1.64478	
2.08142	0.180685	0.025	-7.76697	232.436	-6.92228	
4.27188	0.218919	0.025	33.345	208.803	1.88061	
7.12612	0.26874	0.025	9.94603	172.618	-1.85022	
-1.1997	0.123412	0.025	-23.1737	-265.504	3.08922	
7.64143	0.277735	0.025	13.1951	183.412	-12.9908	
2.52865	0.188491	0.025	-19.3303	230.382	17.9453	
-2.65212	0.0980604	0.025	-48.5652	-153.322	13.3854	
10.2846	0.323871	0.025	-36.3851	184.668	-6.44304	
9.98237	0.318596	0.025	19.0542	250.317	-9.82291	
6.54916	0.258669	0.025	40.9948	167.1	-6.90262	
6.08639	0.250592	0.025	-22.721	209.435	-1.55725	
1.27888	0.166676	0.025	28.521	191.427	6.27054	
5.4317	0.239164	0.025	-9.00716	224.842	-11.7017	
5.26933	0.23633	0.025	-16.302	245.922	11.7631	
0.653041	0.155752	0.025	-53.3395	288.39	-20.2633	
-0.00381717	0.144287	0.025	-157.467	34.9672	60.8524	
8.04805	0.284833	0.025	-9.48115	227.7	-4.00648	
9.6529	0.312845	0.025	-51.7521	219.805	-10.1055	
0.99064	0.161645	0.025	-61.0771	223.939	16.978	
1.01542	0.162078	0.025	-62.0869	269.525	6.19632	
2.23918	0.183438	0.025	-1.83777	186.231	-5.24344	
0.132304	0.146663	0.025	-38.9137	216.825	35.6629	
2.50981	0.188162	0.025	48.341	171.951	-0.191062	
0.975857	0.161387	0.025	29.0307	252.186	16.5311	
-4.11098	0.072596	0.025	-29.6077	-199.725	11.9638	
0.474465	0.152635	0.025	99.5935	245.738	-14.4333	
5.48902	0.240165	0.025	-18.4592	197.211	-2.30502	
1.02391	0.162226	0.025	-43.7489	288.897	2.87892	
7.31598	0.272054	0.025	-40.0958	171.838	2.64608	
5.17685	0.234716	0.025	-17.9318	214.272	-1.99152	
-0.608352	0.133735	0.025	-193.81	-156.562	2.84506	
1.6698	0.1735	0.025	5.39055	202.519	10.3497	
8.72814	0.296704	0.025	18.779	200.851	-5.57984	
2.36836	0.185693	0.025	-22.9354	210.087	13.3083	
5.62845	0.242598	0.025	-13.6817	200.219	-13.5932	
6.97126	0.266037	0.025	6.84186	182.567	-0.222893	
9.50029	0.310182	0.025	-18.9906	236.14	10.0581	
14.8625	0.40378	0.025	-5.58388	222.526	9.00267	
6.35234	0.255234	0.025	-38.3175	223.112	-11.2599	
3.05935	0.197755	0.025	-34.5814	201.289	1.48484	
9.95196	0.318065	0.025	-29.2009	189.574	-1.44124	
-0.441589	0.136645	0.025	-103.924	-186.476	12.0322	
7.25273	0.27095	0.025	43.7411	179.527	1.09719	
0.918465	0.160385	0.025	-62.6161	182.315	12.2819	
1.98939	0.179078	0.025	-69.33	189.66	0.151614	
7.1736	0.269569	0.025	5.20352	193.969	-4.691	
16.5864	0.43387	0.025	47.6877	235.204	3.37296	
-1.60196	0.116391	0.025	-60.6174	-218.367	-7.49887	
4.46611	0.22231	0.025	-45.0829	191.307	-19.0319	
6.02117	0.249453	0.025	-13.4659	195.206	9.14993	
0.100713	0.146111	0.025	-154.306	-211.636	-37.9701	
1.72264	0.174422	0.025	26.3644	201.951	19.1199	
1.38127	0.168464	0.025	-49.3059	206.174	5.20089	
0.844825	0.1591	0.025	-79.2576	261.419	9.45439	
0.462508	0.152426	0.025	-86.2491	180.516	-8.88346	
3.93041	0.212959	0.025	-59.2009	180.278	-1.60354	
0.537403	0.153734	0.025	-138.938	148.813	19.5608	
12.5466	0.363355	0.025	-41.895	210.97	-3.37904	
8.64123	0.295187	0.025	16.8709	213.034	-3.43546	
5.02642	0.23209	0.025	-7.32759	178.367	-3.55796	
6.8187	0.263374	0.025	-12.4678	215.398	1.5909	
10.3937	0.325776	0.025	-4.32895	188.518	-2.97597	
6.6451	0.260344	0.025	-58.7885	197.226	-3.19354	
0.920057	0.160413	0.025	25.5703	173.583	1.86578	
-0.907648	0.12851	0.025	44.6834	-235.365	-9.63915	
-0.884276	0.128918	0.025	37.9231	-168.538	-2.10762	
-0.311217	0.138921	0.025	-194.394	-290.482	2.71076	
2.57624	0.189322	0.025	3.18558	173.736	4.61214	
-2.18278	0.106253	0.025	-41.0455	-190.454	9.43025	
10.44	0.326585	0.025	61.2488	210.391	6.87888	
9.76794	0.314853	0.025	-15.096	205.988	9.6654	
5.39958	0.238603	0.025	-34.3855	182.414	-4.23712	
0.683881	0.156291	0.025	-61.8835	279.429	0.605484	
9.7619	0.314748	0.025	-52.9581	180.899	4.45992	
1.07248	0.163074	0.025	-63.3081	173.609	-2.60689	
4.23059	0.218199	0.025	23.9109	174.965	14.398	
5.98855	0.248884	0.025	-8.20383	155.818	-6.78659	
7.68881	0.278562	0.025	35.7674	181.413	-11.1248	
13.4505	0.379133	0.025	-27.4785	210.886	-15.297	
7.89221	0.282112	0.025	-47.0533	211.99	-5.65488	
13.9256	0.387426	0.025	-10.3207	249.535	1.40032	
6.9804	0.266197	0.025	31.5023	163.175	1.90711	
6.97805	0.266156	0.025	0.514454	184.8	-15.1356	
4.13391	0.216511	0.025	-34.259	165.862	3.24269	
0.804756	0.1584	0.025	-64.5912	216.926	10.9121	
3.91346	0.212663	0.025	22.774	191.73	3.85237	
7.8497	0.28137	0.025	-38.7289	209.265	-2.36424	
3.6863	0.208698	0.025	52.9195	145.837	5.21596	
10.4252	0.326326	0.025	10.2301	214.758	3.89209	
-2.5944	0.0990679	0.025	21.678	-124.181	17.1553	
9.07118	0.302692	0.025	8.71341	201.358	13.8522	
7.27518	0.271342	0.025	-43.9597	175.865	1.83504	
7.87373	0.28179	0.025	36.7118	214.835	5.53081	
1.2797	0.166691	0.025	-193.217	200.02	-16.7041	
1.2202	0.165652	0.025	-35.5141	138.211	-0.338488	
-1.16896	0.123949	0.025	-18.9673	-175.871	17.0305	
13.3572	0.377504	0.025	5.51107	220.051	0.552462	
-2.03397	0.10885	0.025	25.2595	-191.613	-15.4247	
7.63721	0.277661	0.025	-64.8498	197.455	1.71625	
-0.932252	0.128081	0.025	-87.361	-231.335	-10.723	
4.87381	0.229426	0.025	57.6373	182.692	4.1905	
15.6274	0.417131	0.025	-25.3588	224.077	-1.6089	
8.55187	0.293627	0.025	-34.3934	219.631	4.35634	
0.575667	0.154402	0.025	33.0099	253.753	-1.11229	
-0.687968	0.132345	0.025	-96.7738	-153.727	-4.25523	
0.155343	0.147065	0.025	-48.457	78.0336	-1.4738	
-0.934247	0.128046	0.025	-3.63819	-235.185	-3.59833	
5.46426	0.239732	0.025	-7.87698	185.759	-2.63241	
-1.45726	0.118917	0.025	-33.2216	-229.323	2.05909	
1.23469	0.165905	0.025	-40.0303	157.088	-6.60971	
-0.598944	0.133899	0.025	-42.9752	-187.62	-12.1343	
5.28579	0.236617	0.025	5.16805	192.658	2.66811	
8.99879	0.301428	0.025	-4.45422	182.368	1.33679	
-0.0200496	0.144003	0.025	-167.917	-73.1569	-45.7676	
16.0387	0.424311	0.025	16.5209	247.272	-4.09707	
0.84579	0.159117	0.025	22.1029	199.627	-29.5121	
7.74544	0.279551	0.025	-30.3407	187.398	6.82916	
1.29618	0.166978	0.025	-11.7277	209.885	6.66524	
1.33378	0.167635	0.025	-23.6256	219.118	-7.67762	
5.05561	0.232599	0.025	17.5099	154.718	6.81691	
7.30752	0.271907	0.025	-26.2387	213.266	5.53257	
-0.547909	0.13479	0.025	-113.292	-158.709	4.65949	
-0.845217	0.1296	0.025	22.1052	-260.233	-9.47718	
3.1937	0.2001	0.025	-35.5681	166.567	-0.282184	
9.93228	0.317722	0.025	24.7219	222.818	-4.38278	
4.98048	0.231288	0.025	-6.19905	166.604	3.45005	
2.96472	0.196103	0.025	-6.29381	178.429	-9.92111	
-1.36038	0.120608	0.025	-36.4167	-196.844	-10.2922	
3.76408	0.210056	0.025	51.8938	172.6	7.52118	
7.71053	0.278941	0.025	41.584	250.159	-6.55133	
3.57029	0.206673	0.025	-5.84715	204.137	-5.26618	
-0.0880888	0.142816	0.025	-83.3002	-191.647	-29.6365	
2.66565	0.190883	0.025	-20.6308	202.856	7.54117	
3.78431	0.210409	0.025	25.1138	214.76	-1.25683	
0.397397	0.15129	0.025	-114.509	258.027	-24.2125	
8.37872	0.290605	0.025	-24.0287	177.638	-9.14811	
0.359477	0.150628	0.025	-98.3108	112.941	-5.37671	
-1.01261	0.126678	0.025	-7.97158	-209.463	-10.1469	
1.25818	0.166315	0.025	-42.067	168.661	-4.69457	
6.45597	0.257043	0.025	-15.3592	201.391	-5.68505	
-2.44137	0.101739	0.025	-69.9747	-175.242	-8.44016	
-0.424076	0.136951	0.025	63.717	-177.817	-26.5558	
-0.706918	0.132014	0.025	-132.364	-137.384	6.26642	
3.61863	0.207517	0.025	-5.16506	187.296	2.25897	
-0.340604	0.138408	0.025	-2.12297	-239.807	-3.66979	
-1.441	0.119201	0.025	48.2343	-287.284	3.56472	
-0.940769	0.127932	0.025	4.49088	-207.949	-7.85588	
9.83446	0.316014	0.025	-34.2121	202.764	-11.4424	
7.74341	0.279515	0.025	-11.6494	188.265	0.630751	
2.92535	0.195415	0.025	5.89135	152.878	3.79164	
0.837872	0.158978	0.025	-109.108	161.716	-0.740263	
0.463549	0.152445	0.025	-48.7339	266.164	3.78685	
-3.85775	0.0770162	0.025	-73.3775	-205.15	-4.70485	
4.65613	0.225626	0.025	-61.8151	231.293	-0.791086	
0.251918	0.148751	0.025	-175.337	203.458	2.05296	
7.46909	0.274727	0.025	-9.31373	188.108	-1.0401	
1.40268	0.168837	0.025	-33.289	233.347	-12.336	
4.82108	0.228506	0.025	-19.5547	157.24	1.31047	
8.20595	0.287589	0.025	-18.3121	215.17	-3.01407	
1.38235	0.168482	0.025	-101.709	231.544	11.3042	
6.8611	0.264114	0.025	15.0192	162.571	0.900035	
3.82588	0.211134	0.025	-34.4811	144.609	6.10875	
3.37225	0.203216	0.025	-23.319	208.408	-5.72482	
0.632519	0.155394	0.025	-146.627	89.4577	-0.292764	
5.98679	0.248853	0.025	-19.8511	178.249	0.376936	
-1.15214	0.124243	0.025	-72.2782	-243.776	13.4244	
4.0341	0.214769	0.025	11.3894	201.025	1.34198	
1.2336	0.165886	0.025	-1.99342	143.133	14.1603	
5.42338	0.239019	0.025	33.7667	210.306	-10.711	
9.06122	0.302518	0.025	9.09824	183.681	10.0826	
3.13845	0.199135	0.025	-25.972	186.664	-9.2215	
8.14522	0.286529	0.025	-62.4864	193.968	4.18231	
2.05448	0.180214	0.025	32.9771	157.309	9.6937	
0.701631	0.1566	0.025	54.0933	204.177	-0.593106	
0.174727	0.147403	0.025	-37.8071	244.028	9.51391	
-1.70753	0.114548	0.025	7.62165	-139.84	-8.47548	
5.71852	0.24417	0.025	6.88398	191.605	-13.1033	
6.3909	0.255907	0.025	16.6354	199.239	3.02993	
8.48317	0.292428	0.025	-18.8617	197.412	9.37664	
-1.29307	0.121783	0.025	-47.1136	-241.567	3.00532	
6.8454	0.26384	0.025	7.42093	209.063	10.5167	
1.87831	0.177139	0.025	78.505	191.365	6.60729	
15.5037	0.414971	0.025	41.0715	234.288	4.1803	
3.09558	0.198387	0.025	-51.8283	226.738	9.68267	
9.53684	0.31082	0.025	-0.71123	184.425	22.1728	
6.27468	0.253878	0.025	-28.5867	201.73	0.0651706	
-4.22371	0.0706283	0.025	23.2254	-202.414	9.08369	
10.7805	0.332527	0.025	30.702	217.102	9.57718	
6.0034	0.249143	0.025	-7.99466	211.647	11.6711	
0.130688	0.146635	0.025	-66.1355	220.519	16.9505	
-0.806804	0.130271	0.025	36.0077	-248.709	-13.393	
4.14385	0.216685	0.025	17.5696	176.62	6.85446	
-0.935267	0.128028	0.025	6.2117	-273.518	5.89951	
9.38834	0.308227	0.025	56.6376	229.543	-2.52192	
8.08622	0.285499	0.025	-27.4442	187.602	-11.2369	
13.3374	0.377159	0.025	-2.35351	231.854	11.8871	
8.67853	0.295838	0.025	-20.8455	186.627	-3.1182	
5.58748	0.241883	0.025	-49.127	168.444	-3.4966	
4.31678	0.219703	0.025	-25.8039	203.335	2.50976	
-6.4443	0.0318677	0.025	27.6592	-204.839	7.14074	
0.292967	0.149467	0.025	-148.692	152.934	25.7883	
7.0495	0.267403	0.025	-2.326	193.984	-0.323444	
1.42087	0.169155	0.025	-20.5974	280.931	-8.27443	
10.8844	0.334341	0.025	18.5474	226.38	-13.6462	
-0.706677	0.132018	0.025	-45.5562	-221.276	-24.8543	
8.46244	0.292066	0.025	23.5775	206.977	2.80535	
3.43592	0.204328	0.025	-41.4818	173.132	0.724335	
1.57916	0.171918	0.025	39.2804	234.015	9.82226	
5.82696	0.246063	0.025	-44.1649	183.107	-5.73255	
10.4059	0.32599	0.025	4.35331	212.409	-5.1695	
-1.46823	0.118725	0.025	-81.3519	-241.646	30.6083	
9.10173	0.303225	0.025	29.3648	200.6	-8.89873	
-1.50189	0.118138	0.025	-19.687	-216.233	14.4378	
1.07326	0.163087	0.025	-59.1976	200.055	0.00507754	
9.11092	0.303385	0.025	14.7357	178.164	1.74626	
8.39023	0.290805	0.025	-19.6684	197.115	6.20495	
11.3654	0.342737	0.025	16.7493	200.217	-0.407348	
-3.04478	0.0912065	0.025	-39.759	-177.509	-1.67528	
11.7242	0.349	0.025	-39.4523	225.886	3.33156	
0.708311	0.156717	0.025	-41.313	233.802	-1.31625	
8.49578	0.292648	0.025	-50.6279	210.359	-1.70091	
2.25294	0.183679	0.025	40.9692	163.059	-9.6826	
-4.2806	0.0696353	0.025	-24.9955	-172.694	-1.99911	
7.96445	0.283373	0.025	-10.9944	187.264	-3.15704	
3.53795	0.206109	0.025	-48.1961	197.82	-0.643603	
0.181289	0.147518	0.025	-162.933	120.478	-34.6997	
4.88777	0.22967	0.025	-62.9489	160.405	4.36754	
0.55617	0.154061	0.025	-9.84239	195.688	-12.9733	
0.959112	0.161095	0.025	-57.525	271.463	15.0316	
-2.71453	0.0969711	0.025	47.8206	-223.586	5.9832	
-0.370434	0.137887	0.025	-24.1356	-190.97	22.8703	
6.35536	0.255287	0.025	-22.7105	195.4	5.13489	
-1.65107	0.115534	0.025	-13.8673	-217.954	5.25833	
0.51331	0.153313	0.025	-195.593	182.272	1.59219	
9.07449	0.302749	0.025	-9.48955	166.388	-1.61511	
5.59796	0.242066	0.025	6.05998	176.309	2.29445	
11.012	0.336569	0.025	30.1656	223.506	-5.44189	
0.673697	0.156113	0.025	21.5371	161.104	-7.32332	
8.64064	0.295176	0.025	-1.7314	189.067	-2.12974	
9.83752	0.316068	0.025	-44.3264	169.958	8.19998	
2.73072	0.192018	0.025	-24.2788	203.926	1.22045	
1.53432	0.171135	0.025	0.432001	199.447	5.60511	
7.89213	0.282111	0.025	21.0299	183.185	-0.236771	
-1.06171	0.125821	0.025	-34.5391	-198.747	10.4393	
6.04557	0.249879	0.025	5.15857	165.46	4.72859	
8.67373	0.295754	0.025	-23.9718	167.914	10.3463	
10.0769	0.320247	0.025	-34.4773	209.187	4.11694	
7.07468	0.267842	0.025	5.46734	185.112	-2.10628	
5.70202	0.243883	0.025	-1.36165	198.867	7.45341	
3.73973	0.209631	0.025	-35.3434	199.735	9.27551	
-2.21055	0.105768	0.025	-82.0183	-166.701	-0.508967	
13.2014	0.374784	0.025	-9.1343	275.022	-3.14467	
12.5368	0.363185	0.025	-4.46537	251.752	-8.15343	
-1.11063	0.124967	0.025	38.0743	-196.825	-15.2885	
-0.36612	0.137963	0.025	-132.395	-185.904	-10.2136	
-1.17592	0.123828	0.025	25.867	-199.098	18.5679	
1.19202	0.16516	0.025	-47.412	200.282	-2.10798	
0.0550881	0.145315	0.025	-187.471	58.6617	61.9533	
0.909331	0.160226	0.025	21.3785	254.24	-9.48848	
16.2364	0.427761	0.025	-12.0342	230.582	6.09647	
7.65363	0.277948	0.025	16.2364	190.133	3.45126	
0.956026	0.161041	0.025	8.31249	187.265	-5.41405	
-1.09259	0.125282	0.025	102.66	-210.87	0.137002	
13.3504	0.377385	0.025	18.9053	216.899	1.12017	
-0.461455	0.136299	0.025	-91.2354	-141.54	-1.90196	
-1.24549	0.122613	0.025	95.5266	-149.216	8.03633	
-1.8127	0.112713	0.025	10.1904	-175.778	7.52798	
5.78453	0.245323	0.025	-19.8336	190.192	5.80093	
12.1159	0.355838	0.025	-10.2918	241.379	6.26384	
7.34047	0.272482	0.025	-24.7277	194.968	3.15097	
3.1206	0.198824	0.025	-72.1518	150.364	-4.11214	
12.8002	0.367782	0.025	-11.1138	227.213	-0.0310975	
1.80963	0.175941	0.025	0.954532	139.291	-7.86514	
10.9616	0.33569	0.025	-5.25099	281.601	-15.2397	
1.73403	0.174621	0.025	-61.721	169.154	-1.03315	
0.319733	0.149934	0.025	-123.215	83.7556	9.66259	
9.20709	0.305064	0.025	47.8456	226.263	10.7589	
7.0918	0.268141	0.025	-28.6675	233.985	2.96066	
4.62802	0.225136	0.025	-4.56713	169.893	2.73065	
8.20957	0.287652	0.025	9.16431	149.998	7.98222	
-1.3073	0.121534	0.025	80.8456	-189.955	-16.5056	
-0.321501	0.138742	0.025	-68.7184	-271.815	-32.3459	
0.425644	0.151783	0.025	-170.399	145.681	-16.8923	
-0.92273	0.128247	0.025	-56.5691	-256.654	16.739	
0.644851	0.155609	0.025	-44.6133	145.772	16.0376	
1.7778	0.175385	0.025	21.8963	175.044	-2.16295	
1.76637	0.175186	0.025	-60.1391	196.936	-10.0838	
8.29331	0.289114	0.025	-53.0236	206.737	-13.7835	
1.22375	0.165714	0.025	-62.5171	174.996	-6.03429	
1.56193	0.171617	0.025	-78.0085	157.339	-4.72886	
8.18142	0.287161	0.025	-49.0877	198.756	5.39288	
-1.33827	0.120994	0.025	-40.7445	-241.297	-5.06524	
1.99679	0.179208	0.025	14.1749	207.515	4.80611	
5.84164	0.24632	0.025	16.492	198.435	5.77199	
8.46332	0.292081	0.025	9.44275	163.727	-7.74224	
0.241439	0.148568	0.025	-179.714	115.825	-2.03567	
12.4563	0.36178	0.025	-26.4155	273.115	5.16823	
7.9428	0.282995	0.025	-19.3847	177.006	-17.5917	
9.96208	0.318242	0.025	-27.0701	242.476	9.67692	
13.2844	0.376234	0.025	-15.2511	220.285	6.07039	
4.60665	0.224763	0.025	-41.4146	240.54	-5.11534	
-1.12027	0.124799	0.025	-52.6245	-193.228	14.7626	
-2.32835	0.103712	0.025	-24.7899	-158.894	-3.04869	
5.2505	0.236001	0.025	19.4567	179.319	3.29434	
7.23546	0.270649	0.025	-22.7468	227.358	2.23062	
1.0201	0.162159	0.025	-132.112	229.169	2.79632	
6.60199	0.259592	0.025	-18.0634	192.906	2.94887	
4.57175	0.224154	0.025	3.06406	215.803	-12.19	
-2.88166	0.0940538	0.025	14.9444	-167.091	15.8647	
22.751	0.541473	0.025	-34.4464	220.894	1.23089	
6.39684	0.256011	0.025	6.04749	218.923	-4.49628	
3.55337	0.206378	0.025	4.75101	182.597	-11.1218	
1.38192	0.168475	0.025	-57.827	209.048	-16.6304	
6.32622	0.254778	0.025	-6.39817	194.354	-16.8042	
8.95854	0.300725	0.025	-17.4797	237.966	2.26543	
6.27462	0.253877	0.025	0.368792	157.186	0.83632	
-1.11507	0.12489	0.025	61.3398	-282.823	-16.9058	
8.61587	0.294744	0.025	-54.2562	187.959	12.4111	
1.63061	0.172816	0.025	-35.0603	196.416	-5.72934	
9.22503	0.305377	0.025	0.637414	181.366	-2.03055	
0.515317	0.153348	0.025	-102.159	223.676	-6.3786	
12.0618	0.354893	0.025	34.0049	214.738	-6.95906	
9.95442	0.318108	0.025	21.8165	180.476	-2.72944	
4.759	0.227422	0.025	-3.14748	213.872	2.05662	
6.24789	0.253411	0.025	-25.9736	151.659	-4.14269	
-2.69141	0.0973747	0.025	30.267	-186.039	-4.14326	
1.49811	0.170503	0.025	99.805	184.145	-3.20511	
11.4499	0.344211	0.025	-8.71735	199.171	2.64686	
10.7121	0.331333	0.025	-33.1105	210.592	4.5199	
12.9475	0.370353	0.025	6.47155	240.031	-2.25534	
-1.00433	0.126823	0.025	4.9291	-193.778	-0.0824883	
7.14087	0.268998	0.025	12.9097	225.572	4.11698	
5.20849	0.235268	0.025	-73.4469	195.934	-6.56829	
1.01181	0.162015	0.025	-34.8685	151.942	-4.80569	
5.64222	0.242839	0.025	71.9042	219.47	-5.70075	
-1.04761	0.126067	0.025	-40.144	-274.144	17.6166	
3.41822	0.204019	0.025	-8.55595	180.512	7.95783	
1.70566	0.174126	0.025	12.027	195.524	15.908	
-0.0794161	0.142967	0.025	-69.3993	-84.3213	-21.7215	
9.7732	0.314945	0.025	39.8255	211.887	2.58185	
15.4334	0.413744	0.025	-20.837	248.324	8.38905	
0.523902	0.153498	0.025	-193.198	214.644	-14.8779	
11.0685	0.337556	0.025	35.6417	209.438	5.56092	
-0.0439724	0.143586	0.025	-161.119	-19.8557	35.7184	
-1.16662	0.12399	0.025	-12.9913	-184.772	-8.61383	
5.30993	0.237039	0.025	-10.5358	184.745	17.5241	
9.52156	0.310553	0.025	-28.1514	233.77	1.707	
4.63218	0.225208	0.025	0.225513	186.726	4.33495	
2.40993	0.186419	0.025	-54.2813	185.078	-7.29993	
2.27295	0.184028	0.025	19.4443	213.083	-10.2776	
1.0578	0.162817	0.025	-7.24526	188.398	7.45125	
-0.563109	0.134524	0.025	-5.27986	-219.392	26.6657	
2.08974	0.18083	0.025	-5.18119	162.163	-12.4286	
10.3685	0.325336	0.025	-0.0166425	242.78	-3.11932	
10.5978	0.329338	0.025	-24.8818	223.984	4.44728	
-0.598338	0.133909	0.025	-59.2782	-140.348	-2.73805	
12.8006	0.367789	0.025	-12.3365	221.122	-6.355	
0.17123	0.147342	0.025	-227.476	18.4804	-8.44546	
9.82773	0.315897	0.025	-13.8531	220.812	3.15512	
5.20296	0.235171	0.025	13.595	181.437	-9.76375	
9.60864	0.312073	0.025	-43.9513	202.918	3.86806	
-3.02979	0.0914682	0.025	-1.44988	-200.743	2.52748	
-1.0642	0.125778	0.025	-19.4367	-195.028	4.88073	
-1.04952	0.126034	0.025	-27.56	-158.985	1.62902	
14.0301	0.38925	0.025	4.27279	241.536	1.51883	
4.46544	0.222298	0.025	-9.66439	178.735	-11.2218	
4.08528	0.215662	0.025	-53.3415	170.436	0.999323	
2.22034	0.18311	0.025	-56.2023	189.281	-8.92219	
6.93654	0.265431	0.025	16.7416	202.566	1.06739	
-5.37587	0.0505173	0.025	-86.6376	-186.411	-10.9206	
1.74946	0.17489	0.025	-36.3256	216.593	-4.01094	
3.84397	0.21145	0.025	18.2288	180.375	-10.3511	
7.73593	0.279385	0.025	-41.9619	184.312	13.2467	
9.98329	0.318612	0.025	-46.7545	196.649	5.05698	
-1.90993	0.111015	0.025	1.52412	-189.031	-16.9778	
5.57636	0.241689	0.025	29.911	199.489	4.97618	
10.1026	0.320695	0.025	-49.542	193.109	8.73647	
0.0813378	0.145773	0.025	-94.8894	185.164	26.631	
2.8626	0.19432	0.025	-13.5234	149.78	2.76754	
9.82984	0.315934	0.025	-1.22285	207.464	-1.43575	
9.59029	0.311753	0.025	2.84575	217.541	8.11394	
-2.25533	0.104987	0.025	-59.9926	-166.161	8.20156	
14.0838	0.390188	0.025	-6.78291	265.204	2.94878	
4.10539	0.216013	0.025	11.3855	174.076	-14.3181	
5.70521	0.243938	0.025	-28.7028	212.477	0.242123	
14.5267	0.397919	0.025	-12.6442	190.495	-3.20935	
-1.3302	0.121135	0.025	-61.4076	-154.23	14.0687	
6.09751	0.250786	0.025	23.6058	182.115	-7.24849	
-0.803425	0.13033	0.025	78.1464	-233.181	6.21283	
4.36325	0.220514	0.025	-18.3701	230.168	-1.76371	
8.73797	0.296875	0.025	11.6165	196.584	-7.59008	
4.91594	0.230161	0.025	42.1333	185.006	-5.00548	
12.2463	0.358114	0.025	-0.125727	170.72	3.00495	
8.68624	0.295972	0.025	-58.7882	208.357	2.22188	
-0.99362	0.12701	0.025	47.2133	-199.364	2.98772	
12.0794	0.355199	0.025	-55.5118	228.959	-6.09029	
6.51232	0.258026	0.025	-25.309	251.435	-14.4301	
-2.34135	0.103485	0.025	8.50841	-153.507	-3.71532	
4.38016	0.220809	0.025	-39.5384	189.776	-0.114931	
2.448	0.187083	0.025	-67.9247	177.665	2.90054	
4.25034	0.218543	0.025	-45.7184	144.738	11.3313	
-3.38469	0.0852734	0.025	-50.7437	-198.077	7.24448	
-0.0373283	0.143702	0.025	-209.605	23.5959	-0.00396207	
6.8102	0.263226	0.025	-10.3726	202.825	-2.13994	
8.31785	0.289542	0.025	6.584	194.989	-3.00995	
-0.594237	0.133981	0.025	-87.3269	-282.042	6.20351	
-2.55117	0.0998225	0.025	-34.8318	-117.585	-0.915762	
9.59885	0.311902	0.025	-5.56617	197.239	-2.8227	
-4.4244	0.0671253	0.025	15.2867	-171.025	-3.72262	
12.5931	0.364167	0.025	5.6613	243.606	-10.6531	
10.1563	0.321632	0.025	-22.9867	223.196	16.8931	
3.60754	0.207323	0.025	-25.7862	202.113	-12.9958	
0.481569	0.152759	0.025	-31.7733	231.772	3.84824	
9.58812	0.311715	0.025	53.0315	236.913	7.5089	
2.84982	0.194097	0.025	-37.5765	189.747	8.80161	
6.38596	0.255821	0.025	-7.32748	182.715	2.32261	
4.12775	0.216404	0.025	-2.54231	201.163	8.47683	
0.75587	0.157547	0.025	-205.84	171.203	-0.901066	
7.34181	0.272505	0.025	-72.4785	197.299	0.0455775	
-0.913919	0.128401	0.025	-79.4083	-183.976	18.509	
3.25655	0.201197	0.025	48.8187	197.043	1.1027	
0.162935	0.147197	0.025	-140.855	137.063	-9.24319	
4.59154	0.224499	0.025	-61.1221	174.185	11.4688	
-0.0333769	0.143771	0.025	-91.9195	-60.4013	21.9337	
5.77158	0.245097	0.025	-57.0643	182.351	9.59034	
1.82631	0.176232	0.025	-20.2885	188.53	0.653258	
8.85996	0.299005	0.025	-36.4899	188.852	1.02696	
0.949785	0.160932	0.025	-98.0353	241.23	-15.6889	
7.20049	0.270038	0.025	-3.86576	174.815	-16.403	
0.600029	0.154827	0.025	-94.8482	273.707	3.90142	
7.77533	0.280072	0.025	-12.3913	209.412	8.28526	
1.9159	0.177795	0.025	-16.7232	170.563	-6.92156	
8.37811	0.290594	0.025	-92.8157	214.039	6.71756	
-6.59404	0.029254	0.025	20.1262	-171.589	8.67439	
-0.118519	0.142285	0.025	-108.387	-151.761	10.2439	
3.48391	0.205165	0.025	10.9824	205.749	2.04534	
-2.15179	0.106794	0.025	4.54359	-212.053	6.91418	
0.157473	0.147102	0.025	-183.43	92.4323	-12.1042	
0.629801	0.155347	0.025	-79.4022	196.079	-20.9041	
7.4324	0.274086	0.025	19.9454	213.672	-12.6017	
3.87008	0.211906	0.025	-7.82645	199.932	8.27175	
9.41585	0.308708	0.025	6.87376	207.943	-4.81745	
0.634509	0.155429	0.025	3.75013	240.981	0.436042	
2.14797	0.181846	0.025	-10.7014	193.586	-6.40004	
6.16044	0.251884	0.025	14.1363	175.889	5.72908	
0.885799	0.159815	0.025	-97.7956	249.799	-30.7789	
2.28909	0.18431	0.025	-27.7142	146.957	-1.63465	
0.452459	0.152251	0.025	-154.492	202.118	5.43561	
4.59937	0.224636	0.025	-32.9152	187.557	0.455391	
0.566104	0.154235	0.025	-19.2336	256.223	13.7046	
4.12044	0.216276	0.025	-63.0747	203.975	-0.275332	
0.368158	0.15078	0.025	6.19286	162.679	17.0131	
0.429828	0.151856	0.025	58.1214	277.47	13.3786	
11.4076	0.343473	0.025	11.708	218.296	0.868475	
4.30266	0.219457	0.025	33.9307	170.489	-4.82449	
7.07835	0.267906	0.025	-27.3887	163.65	7.36963	
5.27614	0.236449	0.025	-50.4035	217.92	2.91262	
2.81037	0.193409	0.025	-56.9038	227.351	-4.26573	
8.35436	0.290179	0.025	23.3096	233.875	-2.72275	
2.34442	0.185275	0.025	4.09805	208.334	-14.134	
2.67416	0.191031	0.025	-90.129	208.069	0.482319	
1.16257	0.164646	0.025	13.5472	226.359	0.688281	
9.29841	0.306658	0.025	46.8297	181.153	-7.83516	
15.6382	0.417319	0.025	1.6403	236.402	-3.41324	
0.0568	0.145345	0.025	-282.921	46.9704	-5.45081	
-3.3324	0.0861861	0.025	-17.5716	-163.599	-0.574358	
0.187684	0.147629	0.025	-147.74	86.6678	-30.5581	
0.534386	0.153681	0.025	-77.0663	268.249	-17.4513	
9.69485	0.313578	0.025	40.8498	189.665	8.30791	
-0.42868	0.136871	0.025	-126.831	-226.049	2.9644	
12.6088	0.364441	0.025	-28.4588	228.701	6.93732	
10.203	0.322447	0.025	37.7373	210.732	-1.38532	
-0.054453	0.143403	0.025	32.3459	-66.1111	-25.4317	
0.68675	0.156341	0.025	-224.337	80.2808	19.9211	
12.1731	0.356835	0.025	-0.0384759	221.975	1.73791	
5.44836	0.239455	0.025	6.32202	178.146	-1.10269	
5.21947	0.23546	0.025	25.2008	161.89	9.09822	
5.65648	0.243088	0.025	-52.8984	184.745	-15.4062	
10.1455	0.321444	0.025	10.8499	249.674	-1.81506	
0.330634	0.150125	0.025	-17.6956	113.451	12.5133	
-1.39576	0.11999	0.025	-69.0599	-231.401	6.35273	
1.97235	0.178781	0.025	-23.0464	198.224	-11.9411	
7.79021	0.280332	0.025	-49.8336	210.715	-4.59102	
0.0138011	0.144594	0.025	-101.789	48.5779	9.73768	
-0.113874	0.142366	0.025	-64.7787	-134.487	-5.70482	
1.6649	0.173414	0.025	-87.2574	214.367	10.3303	
0.738993	0.157253	0.025	-9.17381	188.785	-14.5151	
1.8009	0.175788	0.025	-59.0212	204.839	4.66249	
10.2244	0.322821	0.025	-30.2459	187.776	-4.90596	
0.223393	0.148253	0.025	-194.583	194.95	-17.1949	
3.78197	0.210368	0.025	-6.79016	187.423	-3.00367	
6.15714	0.251827	0.025	8.39048	182.821	-5.18333	
11.1397	0.338797	0.025	-0.366433	210.144	-11.3639	
0.0441448	0.145124	0.025	-214.461	101.92	34.121	
4.31777	0.21972	0.025	-70.8013	189.291	-0.881217	
2.92445	0.1954	0.025	-29.8625	162.417	9.03632	
0.659131	0.155859	0.025	-94.513	246.046	4.88727	
11.571	0.346326	0.025	22.8	232.468	-3.97627	
9.46153	0.309505	0.025	-28.4753	200.457	-6.02289	
5.69362	0.243736	0.025	-8.84626	218.162	6.84909	
2.26161	0.18383	0.025	39.5691	203.184	12.7895	
6.59175	0.259413	0.025	-4.02467	211.463	-8.38653	
1.89222	0.177382	0.025	-11.6437	168.491	8.79191	
5.88746	0.247119	0.025	-2.64084	196.145	5.50968	
-1.54016	0.11747	0.025	10.4378	-153.407	-0.118502	
9.98958	0.318722	0.025	3.52036	217.938	12.7964	
0.205763	0.147945	0.025	0.130555	88.9755	2.5291	
8.07448	0.285294	0.025	-23.295	195.227	-13.1437	
1.9513	0.178413	0.025	8.33884	233.764	7.91165	
3.16094	0.199528	0.025	-38.3302	169.973	-5.49458	
9.42895	0.308936	0.025	-9.47674	193.445	0.370477	
2.18664	0.182521	0.025	15.3766	203.384	-6.5575	
-6.00391	0.0395548	0.025	12.6705	-187.507	-3.78623	
5.52754	0.240837	0.025	-36.9864	180.445	-10.6067	
-0.00437808	0.144277	0.025	-124.883	38.2757	1.21099	
3.18243	0.199903	0.025	-31.8799	235.658	-6.81412	
9.42394	0.308849	0.025	-34.3316	186.477	7.7011	
9.33631	0.307319	0.025	-6.80583	205.223	1.6729	
10.5313	0.328178	0.025	-24.3562	179.089	-1.54634	
4.41639	0.221442	0.025	-4.72739	208.66	8.56397	
7.19639	0.269967	0.025	-26.4731	186.954	9.77293	
1.32254	0.167438	0.025	20.3702	176.781	1.02718	
1.16754	0.164733	0.025	-100.33	205.471	15.8292	
6.1427	0.251575	0.025	-21.1029	198.939	-4.86583	
1.45385	0.16973	0.025	26.9301	167.032	-0.566725	
6.99755	0.266496	0.025	-46.2556	196.441	-4.36763	
12.8556	0.368748	0.025	27.6169	216.178	6.25323	
5.16809	0.234563	0.025	-70.8795	176.732	-1.1817	
4.19058	0.2175	0.025	-10.73	225.471	-7.42378	
3.75767	0.209944	0.025	-45.255	225.015	-5.8156	
-1.98063	0.109781	0.025	3.87108	-207.019	-15.3705	
0.568962	0.154285	0.025	-3.50748	112.381	3.37294	
-3.55421	0.0823144	0.025	-12.2916	-177.289	-5.44802	
1.95332	0.178449	0.025	-36.0882	223.389	-5.17915	
6.68504	0.261041	0.025	-62.0876	185.17	4.63852	
4.00276	0.214222	0.025	44.8649	130.458	-2.01249	
7.6653	0.278152	0.025	1.16108	223.364	-3.62398	
11.0085	0.336508	0.025	24.675	205.575	11.7767	
4.08682	0.215689	0.025	-30.5881	207.697	8.79292	
6.47911	0.257447	0.025	48.5828	193.044	-0.0258379	
9.48033	0.309833	0.025	17.3838	218.255	2.17174	
3.89786	0.212391	0.025	-49.7977	233.81	26.3705	
12.5737	0.363828	0.025	3.45048	228.673	-0.646929	
1.44195	0.169523	0.025	92.6141	183.183	-28.548	
13.0445	0.372046	0.025	-2.05176	225.927	-5.28972	
0.35276	0.150511	0.025	-54.6625	150.051	-9.4432	
0.396724	0.151278	0.025	120.013	189.587	13.3425	
-1.61184	0.116219	0.025	-65.4071	-179.006	-6.5029	
5.19371	0.23501	0.025	-21.8071	190.682	6.6121	
4.97944	0.23127	0.025	-29.8234	163.457	12.6671	
10.2472	0.323219	0.025	-63.0479	230.927	0.897115	
7.51564	0.275539	0.025	-37.741	209.512	-10.4478	
0.296808	0.149534	0.025	-114.831	146.18	18.2883	
-2.32877	0.103705	0.025	-39.4886	-194.985	-17.765	
7.10955	0.268451	0.025	23.6495	209.05	-6.04518	
1.28099	0.166713	0.025	-104.766	191.718	-0.0354764	
0.37247	0.150855	0.025	-175.395	210.064	5.59412	
4.01539	0.214442	0.025	-31.3778	209.238	-11.6121	
12.0406	0.354523	0.025	49.8819	202.688	-3.01818	
6.52978	0.258331	0.025	25.1702	214.278	-1.12663	
4.8126	0.228358	0.025	-33.393	158.535	1.87459	
11.5485	0.345933	0.025	-7.64057	233.763	-12.7969	
3.47809	0.205064	0.025	-53.3113	159.776	8.94246	
-1.6217	0.116046	0.025	13.5928	-200.868	-7.97866	
8.71552	0.296483	0.025	-48.8237	212.825	1.22935	
7.91743	0.282553	0.025	-6.75459	196.915	-0.43462	
0.797148	0.158268	0.025	19.085	176.506	-11.7945	
6.66563	0.260702	0.025	14.7127	211.603	-7.20225	
0.471043	0.152575	0.025	-14.3505	173.023	19.1556	
5.96579	0.248487	0.025	22.4737	222.167	-5.59176	
0.929418	0.160576	0.025	-102.363	120.876	3.98395	
3.51426	0.205695	0.025	20.5267	173.699	-3.08002	
1.49762	0.170494	0.025	-61.9925	239.358	13.8692	
8.76577	0.297361	0.025	5.6952	165.421	11.3568	
7.43379	0.274111	0.025	1.15523	227.142	1.87957	
9.56704	0.311347	0.025	42.2908	235.763	-2.42176	
-6.50692	0.0307747	0.025	-10.3111	-199.077	3.43747	
5.04555	0.232424	0.025	-33.5194	187.202	-7.93634	
8.35244	0.290146	0.025	1.66403	200.558	-4.75005	
5.54754	0.241186	0.025	29.5223	189.312	9.10731	
3.1542	0.19941	0.025	-5.92329	211.65	15.5178	
-2.78799	0.0956888	0.025	-21.053	-197.786	-9.87848	
-2.08432	0.107971	0.025	4.0808	-243.142	-5.22849	
11.3227	0.341992	0.025	5.67822	237.723	-9.1711	
8.13014	0.286266	0.025	-15.4906	233.195	4.68262	
7.03623	0.267171	0.025	23.7454	175.827	-14.2286	
8.11084	0.285929	0.025	-30.8354	214.707	3.10061	
19.9531	0.492636	0.025	-45.9913	219.405	4.66125	
10.1922	0.32226	0.025	5.80658	218.354	-9.84087	
13.784	0.384954	0.025	2.44256	223.505	10.9698	
5.89149	0.24719	0.025	72.5593	219.357	1.43296	
0.689405	0.156387	0.025	18.3875	225.758	-22.3859	
-1.5538	0.117232	0.025	10.4129	-195.1	-1.47469	
11.1264	0.338565	0.025	1.04679	239.048	3.31262	
-0.11238	0.142392	0.025	-65.3648	-148.249	-9.42145	
7.90122	0.28227	0.025	-37.5106	208.599	-9.45478	
0.228004	0.148333	0.025	-113.839	85.905	-1.01749	
3.10608	0.19857	0.025	-65.2372	188.012	8.26802	
12.3518	0.359954	0.025	4.89568	211.232	-3.02331	
1.50866	0.170687	0.025	-72.9424	191.085	-1.26134	
-0.436659	0.136731	0.025	-115.23	-281.378	-18.0548	
6.44448	0.256842	0.025	3.99863	197.445	-7.43923	
0.294306	0.149491	0.025	-88.4292	131.532	-20.6538	
5.08064	0.233036	0.025	-39.8053	180.624	-3.25481	
8.27713	0.288831	0.025	-16.9822	191.74	-5.66985	
3.42775	0.204185	0.025	-60.0219	200.904	12.9846	
1.64265	0.173026	0.025	-37.7747	183.3	0.353495	
0.9954	0.161728	0.025	2.25945	205.753	-11.8424	
-1.0908	0.125313	0.025	-59.6585	-178.835	16.4828	
-1.01083	0.126709	0.025	-50.3717	-197.333	14.703	
9.1745	0.304495	0.025	22.1871	213.907	-4.99061	
7.32211	0.272161	0.025	-1.59442	200.382	-9.20516	
15.4693	0.41437	0.025	-40.0423	210.815	-2.13216	
1.00427	0.161883	0.025	6.22514	170.929	7.33662	
1.59515	0.172197	0.025	117.811	211.769	-10.2586	
2.63815	0.190403	0.025	-4.26924	209.555	-2.72358	
-0.34303	0.138366	0.025	-102.902	-206.883	27.0185	
0.724498	0.157	0.025	-59.7446	218.629	3.0566	
10.6817	0.330803	0.025	1.32053	201.912	-7.87122	
10.92	0.334963	0.025	-32.5176	190.079	1.52574	
-1.99793	0.109479	0.025	5.08508	-160.863	1.29578	
2.03655	0.179902	0.025	11.4	209.93	-13.002	
-1.02868	0.126398	0.025	-41.4329	-228.242	14.1613	
9.19302	0.304818	0.025	-23.6997	241.902	-2.22981	
1.75697	0.175021	0.025	-22.9877	213.688	8.23746	
11.7908	0.350162	0.025	10.8957	246.616	2.50667	
1.8285	0.17627	0.025	72.3599	222.733	-3.00002	
10.5287	0.328132	0.025	-20.7767	191.506	3.74842	
-3.08312	0.0905374	0.025	18.8883	-186.983	-1.86422	
0.329044	0.150097	0.025	-103.811	257.794	-18.9663	
-0.822506	0.129996	0.025	-72.7956	-199.997	-8.94206	
3.21957	0.200551	0.025	18.5852	185.184	0.419179	
-0.185827	0.14111	0.025	-108.43	-232.405	-14.8765	
1.88854	0.177318	0.025	-57.7658	181.279	-5.43331	
8.65261	0.295385	0.025	-31.6896	183.549	-0.872085	
-0.405153	0.137281	0.025	37.3671	-270.256	-5.0307	
3.57715	0.206793	0.025	16.4923	159.172	-1.06345	
-2.26324	0.104848	0.025	18.4841	-191.846	-17.3389	
1.15428	0.164501	0.025	-92.4986	192.921	-5.88103	
4.35099	0.2203	0.025	-64.7417	176.822	-7.26615	
-0.609273	0.133718	0.025	-107.185	-170.825	-13.0135	
5.83165	0.246145	0.025	8.96587	183.729	-4.50588	
15.1586	0.408947	0.025	-41.9774	226.148	-1.56516	
-0.763425	0.131028	0.025	77.2063	-190.124	-5.74949	
9.59525	0.311839	0.025	-0.167948	204.735	4.9934	
-0.365091	0.137981	0.025	49.8139	-188.567	-22.2759	
-0.540561	0.134918	0.025	-3.88193	-205.715	3.55763	
-1.91042	0.111007	0.025	28.9116	-233.131	-9.90158	
9.14318	0.303948	0.025	5.82653	215.384	-5.34594	
3.06711	0.19789	0.025	15.9777	174.119	-5.09862	
4.8784	0.229506	0.025	4.71496	171.19	-9.69068	
-0.560772	0.134565	0.025	-78.1047	-252.829	-16.9618	
6.88887	0.264599	0.025	-18.8508	214.88	7.87057	
-1.29416	0.121764	0.025	38.1836	-240.478	14.4959	
3.08599	0.198219	0.025	-37.8333	198.871	7.42707	
2.59265	0.189608	0.025	2.9266	198.761	-8.36356	
2.79868	0.193204	0.025	-8.73439	211.353	-2.02164	
-1.5135	0.117935	0.025	-30.2148	-229.026	15.0809	
-3.82791	0.077537	0.025	3.53384	-233.391	-9.96985	
-0.527893	0.135139	0.025	-107.941	-233.472	8.07636	
2.613	0.189964	0.025	-54.1399	166.993	4.38157	
4.12685	0.216388	0.025	35.6964	189.905	-4.48291	
11.5864	0.346594	0.025	-1.85066	217.589	5.35997	
3.65885	0.208219	0.025	-8.86351	156.896	-9.64656	
8.05312	0.284921	0.025	-13.7314	165.826	-2.11978	
2.13225	0.181572	0.025	-31.9435	217.043	0.0638164	
8.15703	0.286735	0.025	4.70083	211.813	3.02687	
12.7439	0.366799	0.025	11.7862	243.298	-0.133083	
-0.371739	0.137865	0.025	-144.436	-148.84	-41.8358	
10.317	0.324438	0.025	39.5157	217.482	-3.3268	
0.282795	0.14929	0.025	-79.2458	173.646	-21.0789	
5.01064	0.231814	0.025	-60.4388	185.461	13.0497	
10.4665	0.327047	0.025	-42.327	202.816	0.732738	
-0.670555	0.132649	0.025	-45.9108	-229.931	1.34722	
13.7732	0.384766	0.025	-19.5863	243.001	-1.73606	
11.5942	0.346731	0.025	-31.2858	243.643	7.71646	
4.24479	0.218446	0.025	-20.5191	172.838	-3.96583	
0.763751	0.157685	0.025	-28.1708	175.838	-3.99454	
7.93981	0.282943	0.025	-13.7714	185.472	1.25225	
12.5647	0.363671	0.025	36.355	216.344	-4.76129	
7.58509	0.276752	0.025	-30.3469	217.352	2.36287	
1.28042	0.166703	0.025	66.1712	190.454	-6.74246	
25.7381	0.593614	0.025	-19.1463	217.191	3.65489	
1.80124	0.175794	0.025	2.41818	238.167	8.53572	
8.262	0.288567	0.025	-10.0803	210.447	1.09667	
1.89739	0.177472	0.025	29.6271	157.133	-2.04383	
1.25443	0.16625	0.025	31.4103	206.453	-11.7804	
8.2792	0.288867	0.025	-11.0998	154.451	-3.14156	
4.62569	0.225095	0.025	13.9686	204.987	-4.01432	
10.4046	0.325967	0.025	-15.5996	193.894	-3.63233	
-1.55867	0.117147	0.025	-72.3486	-185.677	-2.88704	
3.34649	0.202767	0.025	26.6448	186.95	-4.39964	
-1.42338	0.119508	0.025	-54.7542	-236.5	6.32943	
9.80671	0.31553	0.025	3.44817	214.796	-0.601665	
8.78561	0.297707	0.025	15.6537	193.714	-10.1123	
-0.858996	0.12936	0.025	65.0975	-211.149	-12.6295	
8.71562	0.296485	0.025	16.431	212.001	-6.81499	
0.0719624	0.145609	0.025	11.0302	-9.54097	5.16168	
10.5912	0.329224	0.025	-33.0647	190.272	8.25024	
1.47202	0.170048	0.025	-13.7145	230.617	-3.50242	
-0.43662	0.136732	0.025	-115.942	-261.658	41.1343	
10.0608	0.319966	0.025	-28.0991	212.69	4.19822	
-0.402132	0.137334	0.025	-126.699	-219.691	-7.11547	
1.50862	0.170686	0.025	-59.9747	182.804	11.4717	
12.9027	0.369571	0.025	-43.8555	233.424	-3.0908	
9.07694	0.302792	0.025	3.62941	259.138	9.98142	
11.6035	0.346894	0.025	-40.3135	197.018	3.00786	
0.10714	0.146224	0.025	-216.622	-7.8838	-21.6088	
6.96088	0.265856	0.025	23.2306	232.937	2.47437	
8.1082	0.285883	0.025	-12.2346	207.783	-9.67253	
14.6615	0.400271	0.025	-19.034	230.182	-3.91792	
1.28141	0.166721	0.025	-91.8439	172.556	-8.84032	
-0.540025	0.134927	0.025	-102.957	-156.141	-10.7943	
9.36107	0.307752	0.025	21.4369	212.493	0.78297	
7.96877	0.283449	0.025	-11.3549	199.248	3.35895	
13.7388	0.384166	0.025	8.91477	247.632	13.6253	
12.5239	0.362959	0.025	14.3634	195.47	-4.28272	
7.57735	0.276617	0.025	-39.1484	222.353	-4.15561	
-1.44711	0.119094	0.025	22.3875	-132.944	-20.4364	
5.60156	0.242129	0.025	-5.25919	150.285	-0.787237	
7.87242	0.281767	0.025	-2.07491	192.195	4.1763	
5.64054	0.242809	0.025	14.8851	227.07	2.01966	
7.32682	0.272243	0.025	-55.7806	205.971	8.08907	
10.7523	0.332035	0.025	-13.0398	223.174	-12.4476	
7.34141	0.272498	0.025	-27.7526	207.842	-0.918906	
-0.105892	0.142505	0.025	-256.761	-73.1134	27.4644	
7.46433	0.274644	0.025	-12.853	204.747	-6.21815	
4.84708	0.228959	0.025	49.9502	216.914	-6.88715	
3.02289	0.197118	0.025	-25.3461	161.143	17.0439	
2.79441	0.19313	0.025	-44.4866	188.236	-4.03619	
14.1806	0.391877	0.025	8.67639	181.454	6.98938	
9.59752	0.311879	0.025	-14.8737	242.961	0.753256	
2.40054	0.186255	0.025	2.41631	204.476	-12.8154	
7.69068	0.278595	0.025	-42.3547	202.848	-0.579073	
11.6671	0.348004	0.025	10.0467	190.181	2.08672	
-2.72801	0.0967358	0.025	-18.4548	-162.275	7.92937	
1.2525	0.166216	0.025	-37.4382	210.727	-2.70569	
-0.22759	0.140381	0.025	-68.34	-261.557	-45.7754	
5.7365	0.244484	0.025	-31.9756	167.344	-0.273937	
1.75834	0.175045	0.025	-24.7494	175.49	12.4844	
2.38843	0.186044	0.025	21.125	206.614	3.73227	
-1.69403	0.114784	0.025	31.675	-174.867	-5.68772	
9.59504	0.311836	0.025	-44.9934	220.664	-4.7005	
8.18485	0.287221	0.025	23.143	213.286	-1.17467	
4.60756	0.224779	0.025	-37.0442	176.259	14.5945	
-0.0347084	0.143748	0.025	-230.25	-43.0952	-3.12373	
-0.664089	0.132762	0.025	-147.48	-141.303	22.5036	
1.03591	0.162435	0.025	-49.5736	271.531	2.60439	
-0.956894	0.127651	0.025	-112.998	-164.414	7.64232	
-1.92831	0.110695	0.025	-12.5545	-230.223	15.0312	
12.5702	0.363767	0.025	-18.2447	212.316	-0.123154	
10.493	0.327509	0.025	-1.56799	237.745	3.53723	
-0.00783748	0.144217	0.025	-185.961	-52.3408	-25.5294	
0.418119	0.151652	0.025	-69.8031	180.99	15.9849	
5.20732	0.235247	0.025	-10.4303	176.971	-4.85674	
10.8394	0.333557	0.025	-12.7101	218.728	-10.7406	
5.80034	0.245599	0.025	35.7067	229.766	-20.7021	
8.65001	0.29534	0.025	-0.0264832	215.313	-6.89821	
2.32059	0.184859	0.025	-18.1753	202.24	9.61951	
7.87621	0.281833	0.025	24.7128	194.364	-12.8761	
5.1994	0.235109	0.025	-8.51671	153.148	-7.12226	
7.90064	0.28226	0.025	-41.1849	138.275	8.49637	
6.14187	0.25156	0.025	-23.5228	221.882	0.310307	
2.45962	0.187286	0.025	82.6639	181.257	9.7512	
4.20516	0.217755	0.025	-44.2055	190.424	10.0207	
4.02772	0.214658	0.025	-31.166	166.697	0.632177	
-0.574831	0.13432	0.025	-216.49	-180.37	-5.44387	
-0.44354	0.136611	0.025	-143.709	-116.532	7.0578	
8.02371	0.284408	0.025	-51.7274	180.02	8.54868	
6.34815	0.255161	0.025	-9.18797	189.788	6.27165	
-0.692656	0.132263	0.025	42.2768	-173.81	6.08987	
9.5333	0.310758	0.025	-41.0897	219.597	15.9673	
4.69159	0.226245	0.025	-20.1366	196.003	-8.12146	
6.79961	0.263041	0.025	-32.488	202.154	-20.6005	
14.7503	0.40182	0.025	4.76264	205.762	-0.54317	
4.54664	0.223715	0.025	45.8868	167.383	-4.58681	
8.96838	0.300897	0.025	-50.6512	201.521	5.12278	
7.00444	0.266616	0.025	-29.6981	194.615	2.82716	
1.75903	0.175057	0.025	-72.3328	221.423	-5.90236	
-5.53462	0.0477462	0.025	10.8406	-205.508	-11.5571	
9.40534	0.308524	0.025	-33.6833	203.62	1.66419	
-2.69559	0.0973018	0.025	-15.386	-138.899	12.767	
6.09929	0.250817	0.025	38.3448	162.376	1.49254	
14.7384	0.401613	0.025	11.2334	219.722	-9.35859	
10.6437	0.330139	0.025	21.543	207.942	-3.59137	
6.83431	0.263647	0.025	20.5613	206.899	-2.01168	
-3.73677	0.0791278	0.025	-2.25951	-150.5	8.36795	
0.315696	0.149864	0.025	-59.7756	220.795	26.5757	
10.2725	0.323661	0.025	57.0016	185.789	-8.86678	
3.87399	0.211974	0.025	-85.2823	163.062	-2.48309	
11.1343	0.338703	0.025	17.1166	207.924	-10.7249	
0.188648	0.147646	0.025	-63.0566	116.561	-29.8056	
5.32374	0.23728	0.025	-39.1263	187.994	7.46927	
0.617943	0.15514	0.025	-97.1908	189.721	-25.8623	
3.81901	0.211015	0.025	-63.5725	212.561	11.2854	
11.0554	0.337326	0.025	1.02135	229.721	-9.46691	
6.69645	0.26124	0.025	37.0248	175.953	5.90842	
1.64292	0.173031	0.025	-65.4987	193.737	-4.45025	
10.2326	0.322963	0.025	5.8055	235.233	-10.1448	
2.40225	0.186285	0.025	-17.8771	172.076	0.215526	
