10 15
0.899637	0.025	0.178583	-51.2222	-6.95967	217.326	
1.19956	0.025	3.03843	-102.842	-11.5073	189.962	
9.9626	0.025	0.0319411	18.4455	-12.8346	196.383	
12.0444	0.025	0.0294368	20.1895	-8.57423	248.074	
6.9227	0.025	0.0383038	-13.2052	12.8049	198.426	
9.60606	0.025	0.0324789	25.2222	3.34714	173.598	
5.13425	0.025	0.0455685	-10.0725	-18.5222	205.519	
4.52232	0.025	3.12713	-39.7942	-16.5495	209.191	
1.1923	0.025	0.138804	-75.369	-1.34613	186.98	
8.87607	0.025	0.0337147	16.6749	5.70799	208.427	
0.477684	0.025	0.324399	-30.2648	-1.22851	120.614	
4.85741	0.025	0.0471713	-33.1347	-6.44041	174.292	
0.35787	0.025	0.432581	-133.049	-13.2694	57.8448	
1.56045	0.025	3.06642	9.06366	-9.46862	192.199	
6.63486	0.025	0.0392085	-28.0387	-4.198	145.311	
0.28393	0.025	0.550702	-240.707	-21.7978	79.8251	
1.6964	0.025	3.07386	16.3773	-6.87771	230.084	
12.7524	0.025	0.0287715	-28.2742	-2.71583	216.86	
1.62036	0.025	0.106645	51.2028	-10.9075	233.969	
6.42823	0.025	0.0399079	6.70618	2.84442	179.109	
11.2978	0.025	0.0302288	7.58289	9.05895	225.397	
15.4434	0.025	0.0267993	-5.80808	10.6572	225.644	
3.85998	0.025	0.0548537	-52.8434	-6.59426	156.521	
2.98035	0.025	0.0659	-7.7167	-3.5147	196.924	
0.983636	0.025	0.164718	76.2662	-7.64606	237.653	
1.02911	0.025	3.01833	39.2702	-1.17347	211.342	
9.76308	0.025	0.0322372	1.12275	-7.58176	233.74	
8.04795	0.025	0.0353882	8.98144	-9.93417	217.392	
2.56225	0.025	0.0738131	8.70839	-10.3139	226.052	
9.03894	0.025	0.0334217	-8.68544	5.97804	194.951	
0.927683	0.025	0.17367	-60.1971	-7.70892	192.869	
9.17156	0.025	0.0331908	15.5007	-0.135945	205.062	
2.80068	0.025	0.0690106	0.92833	5.51764	142.197	
3.61422	0.025	3.1191	29.8446	-6.13298	183.752	
2.75675	0.025	0.0698329	-96.5663	-10.045	206.749	
5.54964	0.025	0.0434636	-30.5983	9.20511	143.193	
6.97605	0.025	0.0381443	-21.3568	19.2455	164.646	
9.86564	0.025	0.0320835	-7.83251	-9.86895	211.738	
0.222621	0.025	0.72284	57.0025	6.23856	88.4331	
0.441421	0.025	0.350548	-16.3527	-13.2	241.091	
6.86082	0.025	0.0384919	34.0891	6.93142	191.261	
4.74486	0.025	0.0478765	-39.5597	10.5455	197.523	
5.00929	0.025	0.04627	23.7377	5.14442	142.915	
6.4555	0.025	0.0398131	-5.50998	9.2996	180.727	
0.40534	0.025	0.381518	37.4129	-19.0733	232.309	
0.897017	0.025	2.99744	73.1679	12.9655	161.732	
10.0914	0.025	0.0317561	-33.3872	-6.07916	238.408	
0.283459	0.025	0.551684	90.8594	15.2895	135.905	
6.9328	0.025	0.0382734	14.522	1.7764	244.51	
2.14769	0.025	0.0847072	-25.3523	-1.2915	202.196	
8.23229	0.025	0.0349865	-19.5558	-0.948706	196.553	
1.51283	0.025	0.113004	-16.2746	-14.105	197.516	
1.66424	0.025	0.104287	30.0333	10.9094	211.825	
8.65948	0.025	0.0341215	-5.69594	4.86358	224.936	
2.97352	0.025	0.0660113	-42.4366	10.3837	236.899	
2.75261	0.025	3.10659	3.51572	-4.35177	159.851	
9.97675	0.025	0.0319206	27.6505	-2.7794	213.993	
0.590026	0.025	0.26458	-27.5007	-21.6098	196.258	
1.20041	0.025	0.13798	82.1545	-18.7151	170.843	
6.49656	0.025	0.0396717	1.64114	-2.9767	186.573	
1.55305	0.025	0.110522	-70.6122	-5.15632	209.953	
6.59011	0.025	0.0393563	-7.62841	9.62076	193.163	
0.163865	0.025	1.09499	-17.3651	8.95534	105.554	
2.57867	0.025	0.0734538	-31.0535	4.43223	201.074	
1.67897	0.025	3.07298	-27.21	-5.49854	215.686	
6.2606	0.025	0.0405093	16.7456	-9.47294	216.36	
7.24161	0.025	0.0373855	0.952782	0.137628	226.401	
7.11922	0.025	0.0377282	34.4465	8.82907	194.873	
8.36012	0.025	0.0347184	56.8413	5.50441	218.615	
1.08669	0.025	0.150664	-62.9785	-3.91768	226.901	
0.168908	0.025	1.04203	-41.6974	23.7748	211.447	
6.05403	0.025	0.0412961	-7.31347	-0.248032	210.253	
0.150665	0.025	1.87923	26.5583	4.64363	176.439	
0.570961	0.025	0.273013	96.12	35.0755	156.723	
1.6662	0.025	0.104185	-2.37064	-12.0488	257.803	
4.60787	0.025	0.0487812	-11.9866	-5.65992	173.716	
7.26479	0.025	0.0373219	35.3203	0.245378	208.155	
2.91709	0.025	0.0669514	0.395213	-6.0452	191.027	
7.99372	0.025	0.0355099	40.9168	13.9195	180.005	
5.9758	0.025	0.0416083	29.4354	10.034	180.599	
9.08914	0.025	0.0333335	45.2925	-12.541	184.111	
1.77818	0.025	0.0987107	95.4634	-1.85115	152.069	
5.73268	0.025	0.0426329	-12.787	-6.59983	223.1	
1.12621	0.025	0.145964	10.667	-19.6771	188.617	
3.94354	0.025	0.0540609	-19.9253	6.73777	230.851	
9.47869	0.025	0.0326808	-66.4859	-5.75819	228.853	
1.64112	0.025	0.105514	-12.4556	-11.4472	148.575	
4.6018	0.025	0.0488226	55.1032	-11.3389	201.913	
4.5644	0.025	0.0490796	64.1245	-3.71641	175.378	
4.83678	0.025	0.0472981	-3.30117	-1.03709	132.922	
0.18312	0.025	2.2512	-24.9225	-10.1501	151.361	
6.80063	0.025	0.0386781	-18.4033	-13.6096	202.703	
9.01229	0.025	0.0334689	-7.38805	6.27032	217.92	
2.12773	0.025	3.09116	97.1509	-5.9455	189.18	
12.7872	0.025	0.0287407	-42.8231	-2.41667	243.757	
9.56686	0.025	0.0325405	-38.0711	4.40253	206.766	
3.87451	0.025	0.0547134	-23.3109	-15.2425	164.195	
6.94831	0.025	0.0382269	-63.1812	5.26454	182.51	
1.32626	0.025	3.05	-75.8015	-7.02256	120.326	
6.79361	0.025	0.0387001	51.2736	7.38493	217.141	
0.628921	0.025	2.92749	-4.07293	-19.7546	166.618	
3.50436	0.025	0.0586512	33.2932	1.81822	216.09	
1.17043	0.025	0.141083	-27.2822	22.8063	228.775	
3.61798	0.025	0.0573567	-9.76723	13.8715	192.333	
0.17373	0.025	0.997961	-174.925	-33.4734	196.263	
6.16063	0.025	0.0408834	-41.9947	-8.64813	205.449	
0.740112	0.025	2.96278	-37.4628	-9.02443	203.228	
8.81373	0.025	0.0338298	41.1763	-7.78733	201.788	
4.02653	0.025	0.0533061	-13.254	9.57773	196.587	
3.10463	0.025	0.0639591	15.5705	-9.98334	182.282	
23.5278	0.025	0.0235878	-7.22034	-5.51603	265.555	
1.19528	0.025	3.038	45.9565	-12.2419	201.976	
7.43761	0.025	0.0368601	-21.9102	-13.1311	207.538	
11.7936	0.025	0.0296917	-18.8914	-1.47579	230.621	
5.40159	0.025	0.0441766	0.663372	-0.679635	198.235	
3.38266	0.025	0.0601343	-39.001	1.25765	208.374	
4.9977	0.025	0.0463369	28.7698	-4.12895	192.24	
5.4246	0.025	0.0440633	-54.3657	5.93843	160.132	
6.90472	0.025	0.0383581	28.078	-0.374854	220.112	
0.166671	0.025	2.11196	69.6011	10.1563	80.2571	
5.48622	0.025	0.0437643	-15.6705	-12.3063	205.17	
0.878002	0.025	0.182589	-137.181	-19.0514	184.181	
6.21359	0.025	0.0406837	-47.5235	-12.0124	192.805	
0.937194	0.025	0.172072	-20.3309	-2.91073	231.601	
1.06405	0.025	3.02298	-75.7994	-4.68882	251.915	
2.12941	0.025	0.0852852	10.7685	1.98726	188.449	
0.182835	0.025	0.9273	-28.4948	14.1796	144.435	
3.00377	0.025	3.11098	60.2769	-1.40717	192.394	
6.99226	0.025	0.0380963	-21.747	-6.82248	179.93	
8.2234	0.025	0.0350055	-40.5471	-15.9261	154.733	
8.70921	0.025	0.0340263	-12.2708	-3.45631	189.385	
1.63608	0.025	3.07071	-16.4521	3.36403	223.53	
7.98571	0.025	0.035528	-28.5635	0.123918	222.251	
19.8153	0.025	0.0247372	34.408	-5.39439	261.702	
0.318842	0.025	0.487214	-81.7898	-6.54428	75.6078	
13.0293	0.025	0.0285309	9.92632	1.01132	204.964	
9.98849	0.025	0.0319036	-48.0698	-9.05342	201.297	
0.662248	0.025	0.237158	90.2945	23.4749	259.472	
12.2292	0.025	0.0292557	-55.8798	15.3643	199.358	
2.29996	0.025	0.0802485	-26.6364	8.25213	172.242	
9.58526	0.025	0.0325115	21.0758	0.266112	233.527	
1.24912	0.025	0.133259	-39.9876	2.28471	139.572	
9.70953	0.025	0.0323188	8.73252	-13.4675	212.844	
6.10219	0.025	0.0411079	41.7738	-4.43215	203.252	
1.36657	0.025	0.123267	83.8686	0.709475	207.927	
0.651235	0.025	0.240936	-23.0508	15.2725	206.372	
3.85163	0.025	3.12156	12.3351	-1.05584	190.157	
8.07345	0.025	0.0353315	-4.35807	6.63028	201.473	
12.167	0.025	0.0293161	-4.30781	2.16619	185.901	
5.52605	0.025	3.13292	-52.0942	15.8304	192.505	
4.46862	0.025	0.0497578	-34.9882	4.1109	201.807	
1.07466	0.025	0.152164	135.958	7.20522	172.325	
5.2937	0.025	0.0447214	44.8956	-5.65398	159.436	
10.5601	0.025	0.0311214	4.41556	7.62081	204.913	
7.30976	0.025	0.0371996	25.0893	5.789	217.052	
5.22043	0.025	0.0451042	-37.6121	-4.46882	158.018	
0.378976	0.025	2.76834	50.8255	15.0679	182.975	
8.7605	0.025	0.0339293	-17.9301	-0.0832242	218.68	
4.85599	0.025	0.04718	-27.3213	-1.60694	233.909	
7.20516	0.025	0.0374863	17.5129	4.72268	205.729	
2.24654	0.025	3.09476	-60.337	-8.51152	169.074	
3.28442	0.025	0.0614117	45.9001	-10.934	214.889	
12.7299	0.025	0.0287915	20.8053	-2.13537	206.191	
5.28484	0.025	3.13173	-0.255826	-3.93504	169.087	
1.66293	0.025	3.07214	-25.8453	1.29111	149.806	
5.60093	0.025	0.0432253	-33.3872	-5.6348	242.204	
5.8365	0.025	0.0421849	-19.466	4.22752	225.39	
8.22755	0.025	0.0349967	-11.398	27.2907	193.171	
0.370369	0.025	0.417755	124.33	16.2645	136.199	
10.7696	0.025	0.0308554	-13.1221	10.1883	211.371	
0.502641	0.025	0.3087	-85.5873	22.8223	215.639	
4.17268	0.025	0.0520498	9.49778	-0.306652	179.733	
9.3935	0.025	0.0328189	58.0683	-3.4117	206.991	
12.7425	0.025	0.0287803	8.05427	-4.33104	228.634	
12.6791	0.025	0.0288369	10.1195	-6.85544	214.877	
5.15708	0.025	0.045444	-0.727502	-2.91969	227.854	
1.14148	0.025	3.03226	-61.7862	-3.23974	145.761	
5.90666	0.025	0.0418911	19.5919	-3.08704	199.165	
0.605942	0.025	0.257959	28.5863	-21.4748	275.463	
4.64861	0.025	0.0485066	-9.50669	9.17464	158.642	
4.82613	0.025	0.047364	-15.7248	8.81997	179.257	
0.251931	0.025	0.627493	23.6094	0.649701	242.705	
11.4212	0.025	0.0300908	24.135	9.12644	200.786	
3.00403	0.025	0.0655177	-8.7551	-7.91776	217.452	
0.192001	0.025	2.30838	95.2704	21.4221	117.517	
4.65902	0.025	0.0484372	17.9496	-4.61572	154.377	
13.3694	0.025	0.0282491	-19.7439	0.857371	209.223	
0.450836	0.025	0.343332	-69.1851	-9.2203	244.864	
3.76289	0.025	3.12068	-24.0658	6.71407	209.319	
1.96498	0.025	0.0909715	17.0283	-24.8663	199.268	
8.2728	0.025	0.0349007	22.1419	-0.038115	198.701	
10.7471	0.025	0.0308835	40.5435	0.378296	152.268	
11.5514	0.025	0.0299484	4.54265	-9.48102	220.602	
9.9631	0.025	0.0319404	7.07272	7.87838	215.664	
10.433	0.025	0.0312878	15.6659	4.5052	252.109	
9.55082	0.025	0.0325658	-5.15211	-2.46734	179.863	
12.8891	0.025	0.0286514	-8.43725	-8.50007	249.914	
8.7005	0.025	0.0340429	11.7949	-0.407855	160.89	
0.604025	0.025	0.258737	-96.7594	16.4885	268.332	
0.859088	0.025	2.99024	-33.0833	2.3776	229.563	
4.79569	0.025	0.0475539	-45.0013	4.38545	170.497	
1.34819	0.025	3.05178	-31.302	22.4006	155.108	
11.7178	0.025	0.0297709	14.5061	5.02131	201.455	
1.79688	0.025	0.0978632	-59.4603	-12.6101	211.252	
3.29569	0.025	3.11524	-33.856	6.23006	216.341	
1.94445	0.025	3.08475	32.7811	-6.03521	173.93	
9.66863	0.025	0.0323817	-3.88233	11.6341	187.747	
10.0761	0.025	0.0317778	8.422	-6.72487	261.885	
11.0409	0.025	0.0305261	8.26497	-0.563958	210.087	
5.18183	0.025	0.0453103	14.5789	3.41965	180.701	
9.19097	0.025	0.0331576	-24.3194	5.44762	179.376	
6.44071	0.025	3.13663	-22.271	10.7513	250.152	
3.51901	0.025	3.11802	6.0519	-10.5755	167.119	
14.8231	0.025	0.0271904	19.2198	5.55546	228.585	
6.3985	0.025	0.0400123	-24.4808	0.458214	202.413	
1.73292	0.025	0.100838	38.1481	-3.22227	235.401	
1.41891	0.025	0.119349	-23.4197	6.9079	192.999	
14.2453	0.025	0.0275853	2.5635	10.0148	227.149	
7.90526	0.025	0.035712	-27.3979	2.85362	192.121	
5.64964	0.025	0.0430031	-16.8501	-6.24065	173.451	
1.51222	0.025	3.06346	-28.2873	-3.94259	180.065	
0.566094	0.025	2.90124	15.7461	3.57052	224.64	
8.62682	0.025	0.0341846	23.3379	9.72806	174.56	
0.640224	0.025	0.244847	10.3861	12.0879	262.84	
3.11341	0.025	3.11267	-39.4069	3.60325	155.82	
0.551445	0.025	2.89423	84.2339	-15.814	206.49	
0.153687	0.025	1.93896	70.8014	17.8855	81.9349	
1.99153	0.025	0.0899894	-28.8996	-18.7987	188.16	
13.8819	0.025	0.0278506	14.072	-15.3154	208.249	
8.95556	0.025	0.0335704	40.4134	-16.5373	215.786	
15.193	0.025	0.0269533	-45.2067	-2.94878	207.372	
8.97397	0.025	0.0335373	-13.6782	4.68932	186.765	
1.23998	0.025	3.04238	-28.5515	4.73671	179.883	
0.583516	0.025	0.267395	-8.39179	-9.81268	308.508	
0.225653	0.025	2.46505	144.215	-15.6164	301.539	
15.8333	0.025	0.0265691	-14.0528	3.89055	217	
8.92102	0.025	0.0336328	-27.2903	-7.08851	180.631	
0.722314	0.025	0.218626	32.4796	-0.281309	132.632	
0.503596	0.025	2.86837	4.13416	-2.76404	276.708	
10.3075	0.025	0.0314564	-11.1208	3.83126	215.618	
12.1546	0.025	0.0293282	-20.2325	2.8423	201.968	
6.63015	0.025	0.039224	35.2387	-2.28528	175.373	
9.2277	0.025	0.033095	32.916	-16.7628	242.483	
5.04544	0.025	0.0460635	11.771	17.0717	177.024	
0.781062	0.025	0.20331	68.794	-0.697827	200.422	
1.63845	0.025	0.105658	27.9673	-2.34127	199.62	
7.08206	0.025	0.0378346	-65.9494	16.1604	202.764	
4.98051	0.025	0.0464366	-33.9083	2.70952	195.948	
10.395	0.025	0.0313385	1.20068	0.452863	239.831	
5.77671	0.025	0.0424409	31.9836	19.4668	200.009	
6.5486	0.025	0.0394951	-38.5015	9.4467	203.038	
7.33233	0.025	0.0371388	-14.4201	4.00237	177.497	
3.90565	0.025	0.0544163	20.4168	0.296761	141.096	
4.02224	0.025	3.12315	37.9324	7.9792	173.956	
11.2178	0.025	0.0303199	-2.46469	10.6022	242.274	
12.1994	0.025	0.0292846	28.1217	2.99482	254.246	
5.6683	0.025	0.042919	12.694	-7.93295	170.681	
6.6786	0.025	0.039066	-18.7886	-3.74421	178.916	
3.9656	0.025	0.0538571	-7.66702	1.33594	206.764	
10.8176	0.025	0.030796	2.90985	1.84401	200.287	
9.68309	0.025	0.0323594	9.28582	-0.818608	239.198	
0.550104	0.025	2.89357	-13.6095	12.1984	306.875	
8.21986	0.025	0.0350131	-29.4114	14.8571	193.803	
1.99703	0.025	0.0897892	-12.1054	18.1731	244.751	
5.53051	0.025	0.0435536	3.73054	-6.1426	175.835	
3.89405	0.025	0.0545263	61.9221	-12.152	187.701	
1.67812	0.025	3.07293	-4.37868	15.239	182.33	
6.43936	0.025	0.0398691	9.68184	8.93863	202.86	
2.57932	0.025	0.0734398	-14.1267	3.99247	216.944	
4.55536	0.025	0.0491425	10.3954	6.93519	133.103	
3.45494	0.025	3.11726	18.8686	-8.59323	206.19	
0.534319	0.025	0.290973	51.6662	-5.36786	183.282	
1.88525	0.025	0.0940864	69.9288	-7.09024	190.906	
8.76816	0.025	0.0339149	-32.132	-9.15173	225.566	
3.90865	0.025	0.0543879	22.545	-7.19031	216.821	
2.28641	0.025	3.09588	11.4311	4.5224	199.604	
3.26816	0.025	0.0616305	-27.4336	-10.9507	216.129	
0.556416	0.025	0.279849	-19.2637	-27.6951	160.029	
5.88092	0.025	3.1345	3.2025	2.0053	188.723	
10.1402	0.025	0.0316874	66.0512	-12.1279	198.839	
1.0785	0.025	0.151682	-73.7048	0.265068	255.413	
1.25836	0.025	0.132404	1.74711	-14.4279	299.2	
6.08302	0.025	0.0411824	27.1078	-0.254212	182.819	
8.68095	0.025	0.0340803	13.8779	-0.691791	207.333	
2.26693	0.025	0.0811646	16.0905	-4.54423	231.055	
1.41488	0.025	0.119641	38.3325	5.4791	183.029	
14.9383	0.025	0.0271153	6.36618	-7.77246	214.995	
10.7719	0.025	0.0308525	6.07489	-10.6418	237.836	
1.10805	0.025	3.02842	17.15	-15.3042	214.639	
6.20155	0.025	0.0407288	-12.4706	9.54209	183.975	
11.6284	0.025	0.0298656	-8.06913	-6.27386	243.908	
6.00452	0.025	0.0414927	-38.1274	-6.3703	190.158	
1.43998	0.025	0.117853	-18.4723	9.32561	225.282	
6.73879	0.025	0.0388729	10.3821	5.62056	173.25	
8.16636	0.025	0.0351281	34.4414	-4.54896	191.45	
9.03477	0.025	0.0334291	22.5246	-3.23366	241.806	
11.4773	0.025	0.030029	2.2684	0.515203	208.516	
7.8677	0.025	0.0357991	17.0662	4.57461	167.95	
0.3361	0.025	2.71518	33.0803	-2.94652	186.599	
5.97903	0.025	0.0415952	21.2402	-5.36733	159.463	
0.144388	0.025	1.5602	58.2421	37.8308	235.55	
3.1163	0.025	3.11271	-19.8749	7.53883	195.404	
0.917251	0.025	3.00104	-128.632	-0.295645	225.666	
0.77064	0.025	0.205854	-1.16269	-4.72302	201.873	
0.647649	0.025	0.242195	-43.5912	-6.90278	253.668	
0.763152	0.025	2.96877	-6.48134	2.72583	237.763	
5.41731	0.025	0.0440991	-20.9485	-1.39231	168.285	
3.85072	0.025	0.0549438	58.6136	6.55793	200.757	
7.37969	0.025	0.0370124	-1.8423	-19.4688	181.21	
6.51724	0.025	0.0396012	19.0086	-4.1901	219.086	
10.8016	0.025	0.0308158	-10.037	-1.10344	192.346	
0.154382	0.025	1.22543	-64.1908	-16.493	181.588	
1.11699	0.025	3.02947	56.8874	3.47713	220.481	
4.84996	0.025	0.047217	32.4383	16.9559	161.498	
0.172052	0.025	1.01268	-161.493	-22.518	79.5568	
1.20151	0.025	0.137869	18.4351	-8.42895	242.029	
13.9337	0.025	0.0278119	-71.9706	-9.90801	247.736	
5.02822	0.025	0.0461615	-19.1823	-5.64464	179.317	
1.7878	0.025	0.0982727	46.2747	-7.72192	178.934	
10.5889	0.025	0.0310841	-53.5286	3.22388	195.994	
6.79885	0.025	0.0386837	-9.63869	-12.8327	185.606	
0.832126	0.025	0.191784	-83.5953	-3.00942	274.735	
4.81942	0.025	0.0474057	-7.99422	7.29622	217.7	
0.403435	0.025	0.383318	-47.1584	7.73306	253.818	
3.42743	0.025	3.11692	-5.76187	0.956214	139.042	
6.92857	0.025	0.0382862	50.1247	4.73816	205.752	
14.3137	0.025	0.0275369	28.6097	4.68485	197.295	
5.30516	0.025	0.0446625	-4.67855	7.61861	226.932	
8.84338	0.025	0.0337749	-10.0115	10.6857	195.795	
1.45562	0.025	0.116771	-6.66609	2.65183	215.217	
1.50571	0.025	0.113457	-14.6406	-23.0884	228.866	
1.40339	0.025	3.05602	-32.1682	-1.11115	208.025	
0.222048	0.025	0.725039	57.4995	-3.92729	166.938	
5.71865	0.025	0.0426947	-41.8064	2.67001	179.084	
9.04409	0.025	0.0334126	-3.74027	-2.13656	236.427	
8.12019	0.025	0.0352286	3.75936	-6.22221	198.549	
4.48309	0.025	0.0496535	-26.991	7.02759	184.34	
1.33771	0.025	0.125558	-12.5878	-5.39177	200.463	
1.60415	0.025	3.06895	23.9048	7.69812	166.988	
5.66555	0.025	0.0429313	-1.81161	3.11664	194.355	
13.9485	0.025	0.0278009	-37.1968	-2.80066	198.421	
8.40695	0.025	0.0346222	36.3732	-4.49957	226.551	
10.5345	0.025	0.0311546	-58.3484	-3.43706	213.101	
9.20812	0.025	0.0331283	-32.613	-6.81983	226.168	
9.57626	0.025	0.0325257	-2.28029	-3.00498	196.954	
4.63491	0.025	0.0485984	-17.9524	-9.66917	175.154	
3.49671	0.025	0.0587414	-4.16151	7.66634	182.652	
1.11104	0.025	0.147728	-77.5656	23.0694	276.485	
9.20807	0.025	0.0331284	-6.47839	12.0204	240.133	
0.668387	0.025	0.235108	49.1384	-9.96897	272.742	
4.96231	0.025	0.0465429	11.943	2.06292	160.43	
10.2423	0.025	0.0315454	-0.178529	0.263506	206.769	
10.5097	0.025	0.0311869	-2.66982	-16.7627	228.753	
0.198969	0.025	2.34744	99.6942	28.7465	192.385	
13.3785	0.025	0.0282418	32.3397	2.67823	244.799	
3.7914	0.025	3.12097	-11.1215	-2.4286	166.428	
14.3343	0.025	0.0275224	-29.8116	-2.23336	242.444	
7.80516	0.025	0.0359461	46.2725	-3.42905	191.916	
0.194255	0.025	2.32151	85.6024	42.5314	179.857	
0.906514	0.025	0.17735	-29.3294	-8.24765	115.863	
10.6652	0.025	0.0309866	-18.6701	-3.04725	235.686	
1.32376	0.025	0.126702	-18.8335	-8.81005	203.687	
5.68543	0.025	0.0428422	31.7615	7.56417	222.181	
7.78824	0.025	0.0359863	-11.3289	-12.0608	180.685	
1.22526	0.025	0.135524	-39.8149	13.2404	226.17	
9.06435	0.025	0.0333769	4.27306	2.57821	195.41	
9.96993	0.025	0.0319305	6.74318	-2.4975	206.923	
1.86034	0.025	3.08138	37.3663	0.906498	174.204	
3.81157	0.025	0.055329	23.026	2.87057	196.757	
6.79045	0.025	0.0387099	-5.34083	-13.01	238.7	
6.27536	0.025	0.040455	4.98655	0.107645	135.623	
0.272215	0.025	2.6002	65.8253	-1.58177	194.57	
6.03266	0.025	0.0413806	-0.372887	8.7219	209.44	
5.39921	0.025	0.0441884	34.0849	10.2076	152.853	
1.9592	0.025	3.08531	30.1184	-13.9143	258.004	
8.22729	0.025	0.0349972	24.9742	17.4622	142.611	
10.4476	0.025	0.0312685	12.5014	-5.42113	226.873	
2.19716	0.025	0.0831906	-23.4741	-10.1341	162.379	
9.9428	0.025	0.03197	-26.4483	-13.2805	207.443	
1.0035	0.025	3.01472	143.018	-22.4501	247.333	
1.881	0.025	3.08224	28.409	-1.57513	207.485	
0.849252	0.025	2.98827	-65.5479	-10.4403	261.495	
2.4876	0.025	0.0755062	-57.4244	4.1298	156.015	
1.77563	0.025	0.0988275	-11.6964	-8.9438	231.617	
8.32968	0.025	0.0347815	14.8508	-3.41417	237.042	
0.442566	0.025	2.82685	20.1959	10.196	152.441	
5.71371	0.025	0.0427165	4.92931	0.00744637	200.597	
0.978476	0.025	0.1655	0.767275	-5.48928	212.828	
1.11826	0.025	0.146882	-35.1109	0.978942	221.88	
5.12678	0.025	0.0456095	-28.0326	5.97529	186.752	
4.21239	0.025	0.0517236	-1.73745	-5.61974	172.018	
6.68053	0.025	0.0390598	-2.28486	-5.31401	214.432	
0.477677	0.025	2.8521	54.4096	5.07192	175.736	
0.373621	0.025	2.76242	66.7902	7.46237	153.67	
0.433271	0.025	2.81943	50.5524	5.87475	203.755	
11.148	0.025	0.0304005	-44.057	-7.91835	178.281	
8.64467	0.025	0.0341501	6.61123	12.5709	222.266	
5.20086	0.025	0.0452083	-9.19363	0.995289	155.152	
10.0194	0.025	0.031859	45.306	-4.81945	165.656	
6.0557	0.025	0.0412895	-65.3955	-8.53775	185.788	
4.04172	0.025	0.0531713	19.0147	5.57615	198.658	
2.16146	0.025	0.084278	68.0298	-9.7011	193.675	
6.27959	0.025	3.13606	-22.3454	8.71686	203.062	
0.352569	0.025	0.439218	-10.7383	0.828426	188.297	
1.78734	0.025	3.07821	1.95754	-7.31603	153.276	
7.12612	0.025	0.0377085	33.3158	5.50481	231.175	
0.448067	0.025	0.345422	75.5011	-13.4764	249.367	
12.0495	0.025	0.0294318	-22.1808	5.67451	242.611	
11.5537	0.025	0.0299458	33.909	-6.49641	229.144	
0.968542	0.025	0.16703	1.05088	0.948189	130.45	
4.49309	0.025	3.12692	6.21941	-15.0006	189.51	
0.907185	0.025	2.99927	40.257	-4.43866	183.817	
3.37635	0.025	0.0602141	-70.6828	-2.72028	193.93	
3.05583	0.025	0.0647023	-24.568	-8.20197	123.927	
0.30638	0.025	0.507975	-37.6911	-11.5365	177.342	
11.948	0.025	0.0295336	9.60731	-0.0448132	203.679	
1.34411	0.025	0.125042	18.0867	-0.896491	203.126	
9.79693	0.025	0.0321861	27.1965	1.73524	220.706	
1.39883	0.025	3.05568	51.4454	7.85672	223.355	
0.857466	0.025	0.186582	29.1943	-3.06139	189.747	
4.05571	0.025	3.12345	44.5012	23.0544	175.159	
1.14159	0.025	0.144222	17.8818	6.17219	252.504	
0.897019	0.025	0.179057	48.876	9.58673	263.354	
8.99646	0.025	0.0334971	3.96319	-3.96048	247.024	
3.60811	0.025	3.11903	-6.13153	-0.752698	159.688	
2.82908	0.025	3.10801	-32.1354	9.88005	152.683	
1.23729	0.025	3.04213	-124.842	-18.203	202.997	
6.34868	0.025	0.0401893	16.8179	-4.57914	177.594	
3.09457	0.025	0.0641104	37.5173	3.08306	176.426	
0.891634	0.025	0.180042	33.5086	9.83143	222.705	
0.379268	0.025	0.407847	-135.316	16.7934	199.268	
6.75856	0.025	0.0388103	-4.28588	4.10316	209.408	
5.03639	0.025	3.13038	-24.8811	6.28564	205.98	
4.16941	0.025	0.052077	-10.5375	-8.34356	214.334	
4.76234	0.025	0.0477648	-15.941	14.0641	149.313	
11.0012	0.025	0.0305733	-13.2603	11.2018	180.167	
9.0205	0.025	0.0334544	48.8298	-3.28146	185.171	
14.2237	0.025	0.0276007	4.68034	2.74539	204.063	
10.3854	0.025	0.0313513	10.1565	6.33575	229.151	
0.393794	0.025	0.392714	18.4403	23.5135	209.576	
6.33772	0.025	0.0402286	-27.5508	5.24357	197.812	
2.95634	0.025	0.0662937	-1.38334	2.87121	186.151	
10.5194	0.025	0.0311742	11.6746	-16.3759	223.668	
8.91435	0.025	0.0336449	35.8723	-8.93679	225.893	
14.0049	0.025	0.0277593	-16.3952	1.66047	201.448	
0.585453	0.025	2.90995	66.8996	-7.61732	170.18	
1.16437	0.025	0.14173	-8.33237	14.3527	209.441	
10.3042	0.025	0.0314608	-5.21817	-16.6044	203.632	
1.11836	0.025	0.14687	-16.7653	15.3005	139.459	
2.34272	0.025	0.0791008	14.878	6.91839	179.249	
10.3799	0.025	0.0313587	-30.2637	1.55206	234.916	
7.20544	0.025	0.0374855	-0.166669	-1.80233	216.658	
7.21307	0.025	0.0374643	-21.0364	11.169	185.59	
3.59618	0.025	0.0575987	-23.5063	-2.60756	186.201	
0.254908	0.025	0.619352	99.6899	-18.7767	190.805	
8.65052	0.025	0.0341388	22.719	4.44887	211.007	
9.24935	0.025	0.0330584	15.0912	13.9337	237.909	
0.704186	0.025	0.223878	-23.3146	-7.30401	257.991	
7.04593	0.025	0.0379391	26.5165	1.3808	216.409	
0.986832	0.025	0.164237	29.7343	15.3408	262.927	
7.21167	0.025	0.0374682	-19.3635	-15.5895	215.108	
5.51374	0.025	0.043633	-56.76	-7.88718	189.864	
11.2132	0.025	0.0303252	34.3325	-3.118	219.959	
6.69869	0.025	0.0390012	-71.0113	-9.48291	203.514	
1.64531	0.025	0.105289	-41.4017	10.5809	191.945	
3.17476	0.025	0.0629311	-19.3019	2.47755	168.81	
4.16074	0.025	0.0521492	-0.0368064	-5.4495	180.9	
8.08794	0.025	0.0352995	-3.16792	-3.81223	220.744	
9.6945	0.025	0.0323418	-24.2584	-5.60564	194.818	
0.601471	0.025	0.259782	35.6506	13.7384	218.939	
6.53808	0.025	0.0395306	11.3612	12.1228	247.986	
1.92311	0.025	0.092575	0.990805	-3.85942	212.073	
0.934034	0.025	0.1726	-41.8766	1.9412	257.397	
12.3669	0.025	0.0291243	-11.4932	6.82693	235.363	
0.742358	0.025	2.96338	-77.1658	9.19561	140.234	
0.613375	0.025	0.254988	-21.6556	-18.3387	213.831	
9.80187	0.025	0.0321787	12.6331	-8.05255	226.417	
3.82692	0.025	3.12132	-4.74849	-17.765	209.261	
1.07571	0.025	3.02447	-18.7234	-0.363561	127.127	
1.46225	0.025	0.116319	-90.4346	10.2833	188.781	
3.06767	0.025	0.0645199	13.2495	-20.9532	177.215	
8.64889	0.025	0.0341419	-6.72586	6.15408	176.686	
2.63942	0.025	3.10434	-6.68156	-6.50648	181.531	
9.96812	0.025	0.0319331	-19.1015	-2.78239	207.647	
9.38178	0.025	0.0328381	-6.53387	4.99264	170.623	
13.9206	0.025	0.0278217	-21.9253	-4.94202	222.005	
10.1785	0.025	0.0316339	25.7051	0.355177	216.167	
8.94718	0.025	0.0335855	19.7923	-0.321592	184.058	
0.510675	0.025	0.303987	3.82037	-6.03134	187.837	
7.50189	0.025	0.0366938	39.4933	1.77694	220.74	
11.2724	0.025	0.0302576	15.5622	10.2487	243.938	
7.92551	0.025	0.0356653	-2.1294	-4.09674	208.588	
8.76211	0.025	0.0339263	-2.48284	6.94479	223.137	
9.23562	0.025	0.0330816	16.3078	-14.3194	221.75	
7.29236	0.025	0.0372467	-7.76817	-1.49533	182.182	
0.490732	0.025	0.315982	170.827	-9.27764	207.164	
9.81336	0.025	0.0321615	-5.28937	-4.78362	228.975	
6.98638	0.025	0.0381137	57.9827	3.34412	182.473	
11.5123	0.025	0.0299908	-16.0785	1.14947	218.406	
7.3913	0.025	0.0369817	18.8437	-3.80676	174.028	
7.20193	0.025	0.0374953	-15.3179	0.501831	182.817	
6.81796	0.025	0.0386242	21.514	1.16349	167.326	
0.303454	0.025	0.513133	-1.7484	-4.45437	201.028	
2.96579	0.025	0.0661379	16.9077	4.58706	188.119	
7.65473	0.025	0.0363096	6.36307	0.30754	200.088	
13.2724	0.025	0.0283281	-11.7166	-2.51231	206.032	
15.0168	0.025	0.0270648	8.38678	0.0426154	254.746	
9.35568	0.025	0.0328811	-8.8741	-5.98608	208.524	
1.38855	0.025	0.121585	-11.3055	-9.31729	198.401	
2.65734	0.025	0.0717943	51.9124	9.39605	173.581	
0.316669	0.025	2.6858	79.9194	30.6165	222.77	
4.42625	0.025	0.0500671	-26.1778	3.20958	218.972	
0.254845	0.025	0.619523	-50.2344	-15.1618	238.997	
0.390746	0.025	0.395788	-177.052	-20.3025	209.973	
1.71416	0.025	3.07475	17.5367	-12.1955	241.334	
5.86673	0.025	0.0420575	21.7359	6.16072	168.08	
3.34922	0.025	0.0605607	-15.9249	-1.97858	187.138	
4.1024	0.025	3.12386	-2.48444	-15.6354	192.391	
1.13111	0.025	0.145404	38.5551	8.40877	221.48	
8.69231	0.025	0.0340585	-6.31051	-6.82035	196.781	
0.75516	0.025	0.209764	41.3592	-5.63424	189.264	
0.420766	0.025	2.80892	96.9766	3.68628	161.149	
2.50389	0.025	0.0751281	-37.6036	8.03418	177.975	
9.16131	0.025	0.0332084	19.8624	-0.443592	195.497	
5.73078	0.025	0.0426412	11.9512	1.80697	195.186	
0.702404	0.025	2.95209	-95.6435	18.4748	168.054	
6.01416	0.025	0.0414542	-11.8368	-6.84686	201.823	
10.2732	0.025	0.0315031	-12.5231	6.83839	214.127	
4.05092	0.025	0.0530902	69.2749	-9.38464	220.236	
1.35127	0.025	0.124469	-3.99442	-15.9791	221.393	
11.0858	0.025	0.0304732	68.1283	-5.98188	235.33	
1.15397	0.025	3.03364	-75.9472	15.479	107.344	
9.54261	0.025	0.0325788	-42.1674	-11.2328	202.526	
4.54796	0.025	3.12731	-45.1595	-7.23767	178.692	
1.28326	0.025	0.130164	39.2341	-18.1192	144.903	
7.72768	0.025	0.0361316	23.3199	7.59943	213.311	
2.69512	0.025	0.0710318	-10.3593	-6.64518	210.989	
1.17645	0.025	3.03605	-29.6372	1.77225	211.92	
1.29251	0.025	0.129354	-27.4616	-5.91077	241.056	
5.71668	0.025	0.0427034	-26.5849	-0.441269	197.193	
6.05528	0.025	0.0412912	-37.2913	1.77943	207.741	
7.36062	0.025	0.0370631	-30.287	10.2021	219.542	
12.0883	0.025	0.0293933	-1.61563	-1.32403	203.154	
9.24481	0.025	0.0330661	18.4737	-8.06821	218.896	
0.587363	0.025	0.265724	-9.18969	-0.499445	219.656	
0.390484	0.025	0.396056	-22.9839	9.49478	155.163	
6.36471	0.025	0.0401321	-40.5758	14.1081	218.592	
0.242155	0.025	0.656001	-124.796	-1.85488	129.537	
2.63041	0.025	0.0723512	23.7762	-0.0573677	185.688	
6.90779	0.025	0.0383488	25.7887	0.687301	193.297	
4.50606	0.025	0.0494893	-6.13991	-3.65218	190.668	
1.64817	0.025	0.105136	-30.3221	-6.25332	174.021	
1.39033	0.025	0.121451	-55.2331	0.651828	203.245	
8.85395	0.025	0.0337554	-11.8177	1.78255	187.278	
0.629255	0.025	0.248882	-14.8283	9.18847	215.009	
4.42454	0.025	0.0500798	-5.53116	7.76245	164.191	
1.13452	0.025	3.03148	-17.3954	7.01167	208.67	
9.65257	0.025	0.0324065	14.3332	6.93167	210.182	
14.5201	0.025	0.0273935	-16.7609	-1.23768	216.767	
0.619507	0.025	2.92391	35.2139	2.33265	235.529	
9.57033	0.025	0.032535	-9.84246	-10.6523	183.296	
9.41328	0.025	0.0327866	-9.72377	-3.12866	223.571	
0.352385	0.025	2.73705	-9.42907	15.9949	243.537	
3.19987	0.025	0.062574	26.7152	-3.17305	192.504	
11.666	0.025	0.0298256	-0.936273	4.25628	226.133	
15.3526	0.025	0.0268546	50.2741	8.18418	225.744	
8.87654	0.025	0.0337139	-6.7012	11.2642	162.417	
5.85399	0.025	0.042111	-12.7695	4.31719	164.283	
2.98327	0.025	0.0658525	24.7191	2.02505	166.86	
0.610613	0.025	0.256083	-108.813	-18.5805	244.064	
5.46461	0.025	0.0438684	-19.672	-17.1415	199.281	
8.75495	0.025	0.0339397	-20.3335	1.83304	221.24	
4.34618	0.025	0.0506682	14.3298	13.9284	185.078	
0.392348	0.025	0.394166	-12.0891	26.5526	242.655	
9.74262	0.025	0.0322683	16.2179	-2.53638	217.781	
12.3811	0.025	0.0291109	4.60154	-1.52825	206.29	
1.00128	0.025	0.162105	-32.1588	12.7569	135.334	
10.4354	0.025	0.0312847	-29.8988	-0.37592	147.824	
19.3552	0.025	0.0249104	-18.0454	-3.92743	217.473	
0.161415	0.025	1.12402	80.984	-7.31982	98.6414	
0.861186	0.025	2.99066	54.9507	12.6793	69.0916	
1.01722	0.025	3.01668	30.0362	-0.0535088	236.311	
4.85858	0.025	0.0471642	2.346	-6.27064	166.269	
8.92045	0.025	0.0336338	-29.7004	-0.459889	188.465	
1.17749	0.025	3.03616	-22.3956	-6.7157	191.368	
4.41222	0.025	0.0501708	-40.5098	3.03444	181.484	
7.36551	0.025	0.0370501	10.7042	-11.049	182.034	
0.145235	0.025	1.47665	-112.659	-9.38708	219.949	
0.727547	0.025	0.217159	-84.9177	-18.9632	141.295	
6.65281	0.025	0.0391498	29.2367	9.96914	231.99	
3.227	0.025	0.0621944	15.8845	-3.68793	196.764	
7.10176	0.025	0.037778	27.5793	-7.84947	188.049	
0.852684	0.025	2.98896	-63.836	9.39239	155.982	
2.60103	0.025	3.10353	2.16811	1.92979	205.189	
1.90563	0.025	0.0932655	-2.54736	14.348	219.251	
1.98879	0.025	0.0900897	50.6164	-5.85532	226.291	
12.8035	0.025	0.0287263	10.4848	-4.83403	197.944	
2.37018	0.025	0.0783856	-79.7575	4.62057	190.82	
8.16054	0.025	0.0351407	60.5529	2.10281	220.143	
0.789394	0.025	0.201326	42.9243	-5.34018	193.493	
0.838024	0.025	0.190545	22.4282	-0.380767	248.253	
1.70587	0.025	0.102163	14.1656	-1.23235	231.987	
12.017	0.025	0.0294642	-3.93326	-7.10258	225.131	
4.53844	0.025	0.0492606	-25.6558	-11.1812	183.002	
6.36486	0.025	0.0401315	27.8568	-5.0237	166.065	
2.77942	0.025	3.10709	-7.46697	2.87111	169.359	
6.88629	0.025	3.13809	-8.2528	-0.70854	207.052	
0.66772	0.025	0.235329	44.1466	-4.81731	181.938	
4.66348	0.025	3.12809	24.6409	-9.60702	166.158	
10.5351	0.025	0.0311538	-13.8581	-11.1123	210.31	
0.896744	0.025	0.179107	-57.0495	15.5581	206.341	
5.6171	0.025	0.0431511	-15.3916	-3.2425	220.535	
9.3578	0.025	0.0328776	-26.4931	13.891	235.471	
8.19815	0.025	0.0350596	-20.4519	-2.55022	194.857	
9.05763	0.025	0.0333888	30.0059	-6.8115	202.223	
11.4462	0.025	0.0300632	-17.346	-3.23899	257.905	
2.23815	0.025	0.0819849	19.9124	4.43455	161.608	
0.834246	0.025	0.191336	93.3268	20.5847	98.8033	
6.36556	0.025	0.040129	8.99439	6.6959	164.857	
6.11824	0.025	0.0410458	11.4998	3.54466	207.192	
6.11369	0.025	0.0410634	-0.979269	-8.35582	189.271	
0.951099	0.025	3.00671	71.1178	23.0197	236.756	
0.457502	0.025	2.83809	-43.1956	-9.15758	193.449	
8.07307	0.025	0.0353324	-15.1896	-3.04102	246.431	
7.06558	0.025	0.0378821	-7.71623	-4.60504	169.058	
4.15364	0.025	0.0522084	31.7877	4.3044	198.36	
4.9995	0.025	0.0463265	-40.6686	1.47699	180.539	
4.75528	0.025	0.0478098	-40.0443	-3.55745	190.18	
8.04244	0.025	0.0354005	22.5839	-4.65381	214.215	
5.58816	0.025	0.0432842	-13.0042	2.26038	180.66	
5.39914	0.025	0.0441888	14.5232	9.08335	171.024	
0.678407	0.025	0.231842	-17.371	7.87688	127.967	
3.9211	0.025	0.0542705	28.8821	12.047	193.537	
6.27185	0.025	0.0404679	-0.839315	5.19536	214.161	
7.60048	0.025	0.0364442	1.26412	1.92543	159.998	
10.2225	0.025	0.0315727	29.0736	1.30423	195.488	
0.500708	0.025	0.309857	57.2977	30.829	241.167	
5.77836	0.025	0.0424338	-18.4086	6.07278	171.708	
11.5061	0.025	0.0299976	29.4245	-2.96166	216.366	
8.43676	0.025	0.0345616	-8.93368	2.41586	218.594	
2.76668	0.025	0.0696448	6.21498	5.15365	146.533	
5.03361	0.025	0.0461308	26.8514	2.43737	224.931	
4.95761	0.025	0.0465705	13.1973	0.00750127	186.051	
7.49814	0.025	0.0367034	43.8874	-12.7858	192.546	
2.61438	0.025	0.0726882	-64.4987	-4.25949	194.916	
4.60071	0.025	0.04883	-15.2718	5.06096	176.429	
0.377017	0.025	0.410305	31.6834	2.37214	195.412	
11.1261	0.025	0.030426	-10.0214	-8.68364	218.796	
2.38368	0.025	0.0780401	9.2459	-4.1342	202.143	
2.32398	0.025	3.0969	-13.9743	-5.00373	197.644	
4.80092	0.025	0.0475211	-14.3707	-2.15161	173.11	
11.5337	0.025	0.0299675	-60.1966	-0.191515	196.94	
1.70992	0.025	3.07454	-74.9045	-3.96212	186.303	
9.6873	0.025	0.0323529	9.56729	-0.766897	165.313	
0.594973	0.025	2.91402	-75.2581	17.1178	213.299	
6.48463	0.025	0.0397126	-15.7032	-9.91241	189.641	
8.04041	0.025	0.035405	-32.0279	1.71634	187.165	
8.50903	0.025	0.0344162	32.9047	-1.07561	244.471	
8.00843	0.025	0.0354767	1.76857	-4.54859	220.475	
11.3226	0.025	0.0302009	12.5425	-5.18162	244.904	
1.30208	0.025	3.04797	-1.73942	2.80189	175.102	
1.48756	0.025	0.114632	78.3954	-13.2802	230.57	
5.19829	0.025	0.0452221	-23.9432	-6.35068	207.691	
9.50012	0.025	0.0326465	17.7107	-6.91798	205.829	
10.1621	0.025	0.0316566	11.6075	4.35399	203.603	
0.639721	0.025	2.93147	92.1402	30.6359	199.713	
10.139	0.025	0.0316891	-37.7416	-11.4508	183.419	
5.90506	0.025	3.1346	-9.13221	6.67785	183.459	
3.81065	0.025	0.0553382	-5.86552	6.5673	165.44	
6.08508	0.025	0.0411744	-77.4079	9.98583	200.803	
10.4671	0.025	0.0312428	32.1027	-6.14746	225.647	
1.50125	0.025	0.113743	-19.0671	-3.65266	158.933	
4.17863	0.025	3.1245	-4.0797	9.82429	195.803	
3.97682	0.025	3.12274	63.8225	3.52848	194.608	
5.33246	0.025	0.0445232	63.1663	-2.69614	197.409	
0.249412	0.025	0.634572	-77.8989	-13.8269	235.332	
0.701966	0.025	2.95196	48.9686	-23.1754	200.434	
7.40038	0.025	0.0369578	19.5559	-1.30479	178.325	
1.30521	0.025	0.128261	-90.8691	0.857398	153.253	
9.29491	0.025	0.0329819	31.1328	-0.757858	227.634	
1.75795	0.025	0.099648	-16.667	3.8664	202.243	
8.40062	0.025	0.0346352	-26.821	-4.45632	180.301	
1.10795	0.025	0.148093	50.818	0.963972	80.8887	
10.1559	0.025	0.0316654	-11.9511	-4.06481	218.454	
5.13901	0.025	3.13096	3.01057	1.56967	206.161	
4.73689	0.025	3.12857	55.5021	8.77522	190.757	
2.34744	0.025	3.09752	28.4149	3.05493	233.496	
0.665644	0.025	0.236019	17.2234	8.1539	235.972	
5.51004	0.025	0.0436505	5.72682	7.78116	165.81	
14.2313	0.025	0.0275953	-12.2263	-0.677921	231.345	
2.12263	0.025	0.0855022	51.4184	-2.8934	158.79	
1.97625	0.025	0.0905515	115.753	12.0767	157.354	
2.41625	0.025	0.0772225	-26.029	-5.25636	219.534	
6.61276	0.025	0.0392812	8.89258	10.2803	210.337	
0.864031	0.025	0.185284	-64.5557	-15.6487	280.237	
6.87957	0.025	0.0384346	6.09667	9.24103	232.112	
9.30009	0.025	0.0329733	-35.3012	-2.10633	213.521	
0.613324	0.025	2.92149	11.8778	-13.0329	179.14	
1.38489	0.025	0.121862	-30.8956	18.9307	202.249	
10.8396	0.025	0.0307689	-15.3846	4.12245	185.194	
5.01956	0.025	0.046211	-4.07283	0.224531	191.975	
6.61789	0.025	0.0392643	-17.4483	10.3102	216.05	
14.9315	0.025	0.0271197	-1.59732	-12.5943	254.887	
4.76183	0.025	3.12873	-11.9185	20.3219	139.768	
7.83583	0.025	0.0358737	6.03578	11.8385	182.133	
0.287431	0.025	0.543528	-28.8853	-21.8705	188.671	
2.687	0.025	0.0711939	-15.8421	6.25274	195.413	
6.8612	0.025	0.0384907	18.8152	-6.01137	168.199	
2.33475	0.025	3.09719	51.4438	-5.05752	146.316	
0.172193	0.025	1.01142	32.1174	-15.7305	233.051	
2.59135	0.025	0.0731795	-13.1623	-3.00508	212.326	
8.86105	0.025	0.0337423	-33.3591	-0.770513	228.273	
10.9553	0.025	0.0306283	-35.025	12.2909	252.501	
0.217099	0.025	2.4318	54.0618	24.0249	184.468	
10.9695	0.025	0.0306112	-32.5754	-4.31274	195.845	
2.06113	0.025	0.0875359	-24.9787	-3.26832	181.476	
0.405244	0.025	0.381607	-36.6029	-2.85127	121.558	
9.54697	0.025	0.0325719	0.415841	4.85169	201.707	
0.811809	0.025	0.196193	176.405	11.8781	170.564	
4.41061	0.025	3.12632	19.7925	-8.44186	212.968	
1.08791	0.025	3.02598	-54.9225	-2.68917	240.635	
12.3998	0.025	0.0290934	-4.30612	-7.84701	204.787	
0.236838	0.025	0.67277	-115.125	-43.5183	177.436	
18.0496	0.025	0.0254498	8.95204	0.525139	211.224	
0.431346	0.025	2.81786	-61.4906	-24.2977	150.543	
5.81234	0.025	0.0422878	-39.6454	16.3898	195.437	
0.164094	0.025	2.0841	50.4558	29.0596	108.55	
2.47667	0.025	0.0757627	-38.8572	-6.63542	223.116	
0.148314	0.025	1.82053	-124.802	-9.90044	244.2	
9.54968	0.025	0.0325676	41.8317	-0.613137	229.94	
0.971918	0.025	3.00999	68.1855	17.8532	251.837	
3.6542	0.025	3.11954	19.6649	8.32474	201.814	
0.37385	0.025	0.413818	93.2193	21.9279	89.0542	
15.5142	0.025	0.0267566	-16.4927	2.27842	230.987	
7.45215	0.025	0.0368223	24.7098	-6.90807	160.107	
8.64411	0.025	0.0341511	34.7326	2.99927	185.409	
2.98554	0.025	0.0658156	-0.0224415	0.0968634	157.605	
8.69118	0.025	0.0340607	49.1487	2.32263	229.38	
1.55612	0.025	0.110338	-33.7321	-5.65114	166.492	
3.14812	0.025	0.0633163	22.9047	-7.90029	180.416	
2.97474	0.025	3.11051	-5.76534	4.17013	222.314	
5.25661	0.025	0.0449139	65.3045	9.893	189.932	
0.380577	0.025	2.77007	-132.443	-7.88833	218.874	
0.745152	0.025	0.212379	-3.79816	11.2773	258.586	
0.400676	0.025	0.385956	57.1335	-9.79381	248.814	
0.190849	0.025	2.30147	158.767	10.9164	208.516	
1.13029	0.025	0.145497	25.1255	1.96521	168.708	
2.43161	0.025	0.0768445	-13.3013	1.82503	231.119	
1.50364	0.025	0.113589	7.00158	-5.50779	156.213	
13.7664	0.025	0.0279378	2.9536	1.30918	189.568	
1.61504	0.025	3.06956	50.5102	18.142	134.723	
10.4257	0.025	0.0312975	-17.3241	-6.43082	217.148	
0.685411	0.025	2.94688	81.5882	23.1197	128.141	
3.75012	0.025	3.12055	-24.4469	4.89786	167.384	
0.145476	0.025	1.46272	41.922	32.9629	192.735	
12.5047	0.025	0.0289957	-0.553813	-2.65669	210.977	
0.822731	0.025	0.193795	-21.1439	3.32701	157.48	
6.51596	0.025	0.0396055	26.4879	2.47555	188.665	
0.233275	0.025	2.49194	-139.944	23.8343	173.884	
1.01764	0.025	0.159763	67.7941	9.59625	205.516	
1.25911	0.025	3.04416	40.8551	8.36361	202.871	
2.49264	0.025	0.0753887	33.4487	8.65976	201.485	
6.55255	0.025	0.0394818	-14.7147	-9.77258	192.716	
12.9698	0.025	0.0285818	-0.248173	5.4371	232.115	
4.96653	0.025	0.0465182	-19.5354	-7.09211	196.407	
2.96306	0.025	0.0661828	57.4191	-3.96763	211.068	
7.25966	0.025	0.0373359	-48.1592	5.87662	196.596	
9.78213	0.025	0.0322084	40.9784	9.71137	229.247	
5.06283	0.025	0.0459652	-20.8231	8.16289	170.832	
2.77927	0.025	0.069408	25.0953	2.91201	224.887	
0.839272	0.025	0.190285	-91.5147	-18.6637	233.971	
11.8696	0.025	0.0296134	16.1326	1.39368	202.157	
4.93596	0.025	0.0466983	-48.9056	-2.27482	212.196	
3.32562	0.025	3.11563	22.851	1.92121	146.623	
4.56134	0.025	0.0491009	-25.8314	10.4842	171.274	
7.4369	0.025	0.036862	-36.0459	-10.0618	164.606	
6.35072	0.025	0.040182	38.6103	6.20924	214.648	
8.11129	0.025	0.0352481	43.9363	-8.58838	217.864	
1.23663	0.025	0.134434	31.6537	-15.3893	205.736	
3.52413	0.025	0.0584199	10.2367	-3.22261	221.521	
0.845417	0.025	2.98748	98.6573	6.90703	213.067	
3.46532	0.025	0.0591156	-6.15363	11.3869	167.114	
0.766002	0.025	0.207008	34.3262	10.4578	283.245	
15.392	0.025	0.0268305	28.2907	-4.49468	248.477	
2.99101	0.025	0.065727	41.3875	19.0444	205.161	
8.60797	0.025	0.0342213	-44.7471	6.49469	208.516	
8.83245	0.025	0.0337951	-31.392	0.0833476	170.47	
1.08497	0.025	0.150876	-97.3184	-5.28985	224.43	
8.5088	0.025	0.0344167	30.0886	-0.3963	222.733	
5.27173	0.025	0.0448351	-3.78795	7.68278	185.642	
4.08745	0.025	0.0527715	-21.0014	1.93556	202.54	
7.61147	0.025	0.0364168	28.1022	0.490313	186.804	
1.04104	0.025	3.01996	59.6195	7.55411	219.69	
1.28948	0.025	3.04688	-28.5117	-10.9869	180.521	
7.08389	0.025	0.0378293	-24.8025	10.9223	178.23	
11.7142	0.025	0.0297747	8.15264	-2.01932	235.662	
12.6659	0.025	0.0288488	-1.933	10.519	189.269	
4.82923	0.025	0.0473448	0.689408	-15.8812	181.187	
14.2814	0.025	0.0275597	-15.7772	14.7258	220.72	
6.00122	0.025	3.13499	-55.0273	-9.87747	200.431	
6.95463	0.025	0.0382081	37.072	-1.35604	174.73	
0.965895	0.025	0.167443	70.4306	-9.51795	227.732	
0.543079	0.025	0.286451	93.0301	-15.4976	211.926	
1.27865	0.025	0.130573	30.9278	15.9367	192.722	
9.4408	0.025	0.0327419	27.2962	2.7616	221.386	
3.81909	0.025	0.0552543	7.31213	6.49561	151.004	
10.8553	0.025	0.0307496	-17.4638	14.1212	224.02	
0.794803	0.025	0.20006	-63.9811	-2.881	236.968	
11.8306	0.025	0.0296534	32.808	-0.816546	215.922	
9.04631	0.025	0.0334087	5.30407	-7.04122	221.385	
6.66737	0.025	0.0391024	-5.88969	5.34691	188.652	
6.82863	0.025	0.0385911	0.795277	10.332	195.884	
8.26569	0.025	0.0349157	-12.6094	9.24122	200.357	
0.760732	0.025	2.96816	-7.96239	-20.92	217.148	
7.78209	0.025	0.036001	-6.76723	-5.16384	197.638	
0.146915	0.025	1.77605	164.33	51.096	152.738	
2.74253	0.025	0.0701048	15.9139	18.6548	216.372	
0.902665	0.025	0.178037	52.1291	-5.6227	242.44	
0.766922	0.025	0.206778	157.269	-2.63059	158.888	
8.35634	0.025	0.0347262	10.3931	-5.47524	171.983	
4.03729	0.025	0.0532105	-26.0793	2.65943	185.438	
11.2016	0.025	0.0303386	26.916	-3.08198	174.135	
10.7147	0.025	0.0309242	14.4449	4.87083	203.934	
7.47459	0.025	0.0367641	-34.3599	8.89699	174.466	
2.42556	0.025	0.0769928	24.38	9.58532	182.729	
10.498	0.025	0.0312022	22.2016	5.36975	230.001	
4.31023	0.025	0.0509454	52.04	-12.2182	183.101	
6.38331	0.025	3.13643	18.8422	2.48382	127.416	
13.8516	0.025	0.0278734	-27.3487	1.13287	223.883	
8.73259	0.025	0.033982	-0.174813	-6.97089	177.458	
7.19817	0.025	0.0375057	-9.55616	1.20786	207.021	
0.985586	0.025	3.01208	33.7907	9.84169	236.408	
2.65747	0.025	0.0717916	39.2297	6.50646	210.64	
7.83692	0.025	0.0358712	54.168	4.37044	214.262	
1.4864	0.025	3.06179	25.334	6.93122	199.946	
9.05254	0.025	0.0333977	-11.7028	-2.53545	204.79	
3.3671	0.025	0.0603316	-60.466	3.22519	211.651	
11.3705	0.025	0.0301471	-4.75408	-0.35167	207.119	
5.25155	0.025	0.0449403	-2.67594	0.300273	216.385	
3.36959	0.025	3.1162	36.0946	6.31402	214.821	
9.90792	0.025	0.0320211	-15.8595	0.177755	231.034	
6.6805	0.025	0.0390599	0.429665	14.2072	187.885	
8.8977	0.025	0.0336752	73.2886	-6.34426	171.121	
13.1512	0.025	0.0284283	-39.3146	2.99269	233.386	
9.82034	0.025	0.032151	-26.2428	-11.5974	240.471	
6.96822	0.025	0.0381676	5.81237	-5.41733	171.119	
7.29474	0.025	0.0372403	12.3429	4.83449	192.05	
1.65642	0.025	0.104698	-18.6837	-6.52143	182.348	
9.82251	0.025	0.0321478	24.6621	9.59459	209.754	
12.7212	0.025	0.0287993	-18.5555	0.302364	233.464	
7.92877	0.025	0.0356578	3.38939	-3.68012	169.876	
0.385027	0.025	2.7748	-9.28635	32.1521	260.122	
1.21645	0.025	0.136383	30.0689	14.0126	189.772	
6.26179	0.025	0.0405049	9.8771	24.093	180.662	
9.54492	0.025	0.0325751	-4.32397	-5.24953	211.503	
4.70642	0.025	0.048125	8.18509	-5.17172	162.419	
11.1814	0.025	0.0303618	-16.505	-0.574321	234.692	
0.269329	0.025	2.59348	-60.5527	15.7051	187.722	
1.11264	0.025	3.02896	-1.81088	17.6462	214.241	
4.78034	0.025	0.0476506	-63.9735	10.9492	212.003	
6.48679	0.025	0.0397052	64.9694	10.5757	192.012	
0.22091	0.025	0.729455	49.0672	8.62786	272.949	
0.758459	0.025	0.208917	-21.8711	-10.8526	272.798	
0.626128	0.025	2.92644	-44.222	-18.0308	219.645	
3.81203	0.025	0.0553244	0.673909	-2.21112	217.695	
7.84735	0.025	0.0358467	25.4393	4.68993	179.869	
11.4175	0.025	0.0300949	-7.39177	-10.6853	218.435	
6.00533	0.025	0.0414895	-30.4601	-4.85182	187.163	
0.630833	0.025	2.92821	-104.301	-9.83983	211.452	
8.86998	0.025	0.0337259	42.2422	1.69496	228.593	
11.8341	0.025	0.0296499	45.5354	-0.918592	245.699	
1.04676	0.025	0.155778	-57.6115	-15.2565	137.05	
1.19742	0.025	3.03822	76.1147	4.21935	214.147	
2.94309	0.025	3.10999	1.36464	-8.0046	205.277	
1.00223	0.025	0.161965	21.6563	7.14943	222.406	
4.89847	0.025	0.0469222	-47.7314	7.39049	170.885	
0.221604	0.025	0.726752	210.467	14.3128	132.919	
3.16437	0.025	0.0630805	-0.231387	-14.4804	201.979	
7.45224	0.025	0.036822	-60.7026	13.118	191.541	
4.0461	0.025	0.0531326	45.4357	-2.32901	166.66	
2.20381	0.025	3.09351	5.52518	-0.00239225	202.954	
1.62803	0.025	0.106224	2.73566	0.665946	181.998	
0.368887	0.025	0.419456	87.6407	19.4921	239.905	
1.15924	0.025	0.142283	2.70312	-9.21197	201.714	
9.4806	0.025	0.0326778	-7.44335	12.7523	207.584	
5.44074	0.025	0.0439843	-42.5835	1.14815	186.929	
9.73601	0.025	0.0322783	16.4014	-3.98109	164.48	
5.61286	0.025	0.0431706	-16.6263	-5.51358	166.311	
2.66218	0.025	3.1048	41.8595	-7.46988	152.351	
14.0915	0.025	0.0276959	-6.84906	-5.15968	225.11	
3.66838	0.025	0.0568082	12.8137	-3.2055	166.17	
9.87394	0.025	0.0320712	20.6267	-9.79979	254.367	
6.44703	0.025	0.0398424	25.5487	5.37001	167.224	
1.66646	0.025	3.07233	26.2942	15.6013	186.201	
1.61681	0.025	0.106841	68.9167	5.39574	216.953	
0.878038	0.025	0.182582	-44.2003	-2.81736	205.959	
6.72814	0.025	0.0389069	-23.8397	11.9978	177.66	
0.204154	0.025	2.37384	-66.6316	-36.1153	194.073	
6.66715	0.025	0.0391031	17.3274	-0.616042	196.931	
9.28532	0.025	0.032998	6.91654	-2.35533	214.73	
0.898095	0.025	2.99764	-3.0244	-13.7619	209.93	
4.84545	0.025	0.0472447	-44.5016	-16.6435	193.765	
5.63252	0.025	0.0430808	-23.1329	2.42152	202.26	
1.027	0.025	0.158457	-73.7388	11.1553	231.377	
6.87282	0.025	0.0384551	12.1487	-13.2968	207.067	
1.81106	0.025	0.0972324	-66.2095	0.169886	176.079	
1.18289	0.025	3.03673	28.2901	-13.2771	230.733	
0.779442	0.025	0.203701	-61.3159	-16.7207	229.864	
9.3275	0.025	0.0329277	5.8165	9.09992	236.678	
1.27066	0.025	0.131287	-39.0665	-6.8686	247.652	
1.85935	0.025	3.08134	118.149	8.84412	166.295	
0.241605	0.025	0.657691	-181.104	-47.4332	151.036	
7.07839	0.025	0.0378451	76.7922	-10.4797	200.327	
12.5557	0.025	0.0289488	46.4346	-8.53545	239.025	
4.02464	0.025	0.053323	-26.7725	11.6495	157.128	
3.05031	0.025	0.064788	-49.954	-6.57995	209.794	
5.58199	0.025	0.0433128	29.1186	-0.447491	142.294	
7.87326	0.025	0.0357862	-19.1074	-7.23991	211.36	
0.657166	0.025	0.238886	72.754	13.061	235.372	
1.44817	0.025	0.117283	7.46591	-10.6558	148.734	
2.69438	0.025	3.10545	-46.5366	7.34139	191.762	
5.68933	0.025	0.0428248	-12.9637	11.8428	216.406	
0.330565	0.025	2.70721	124.797	6.87542	256.368	
3.83191	0.025	0.0551279	10.6806	1.89225	204.448	
0.318961	0.025	2.68947	-93.7186	-14.7874	121.82	
0.791866	0.025	2.97575	-0.964364	22.591	126.346	
2.77587	0.025	0.0694717	55.1397	11.7453	211.097	
9.00927	0.025	0.0334743	-55.7066	-3.74293	204.217	
15.3096	0.025	0.0268809	14.6189	2.7068	207.765	
3.27239	0.025	0.0615734	-13.5242	3.74292	221.389	
3.62261	0.025	0.0573057	-14.6755	2.5524	182.445	
1.28144	0.025	0.130325	-4.92724	14.5373	252.254	
13.0368	0.025	0.0285246	2.59626	-4.10923	262.165	
3.42011	0.025	3.11683	-52.187	-2.85625	177.567	
0.886098	0.025	0.181067	19.2071	8.18947	296.793	
9.50714	0.025	0.0326353	-8.22332	2.45927	191.022	
7.05216	0.025	0.037921	5.64489	3.14276	244.115	
13.253	0.025	0.028344	-0.355433	2.11777	242.771	
4.28729	0.025	0.0511246	-32.9749	-1.37633	164.442	
2.40273	0.025	0.0775592	-31.435	5.98458	172.887	
13.6724	0.025	0.0280099	-34.3266	-3.61476	222.758	
6.03005	0.025	0.0413909	24.8465	-8.55584	195.997	
2.94618	0.025	0.0664622	-31.8845	-0.436864	178.808	
0.321256	0.025	2.69309	6.33735	2.01798	199.09	
3.34629	0.025	0.0605985	31.6733	-5.1935	219.576	
0.260331	0.025	2.57139	8.24979	24.0825	111.235	
5.54702	0.025	0.0434759	32.2703	14.4375	196.34	
9.7935	0.025	0.0321913	-24.3972	7.46691	240.656	
2.80574	0.025	0.0689175	5.20005	1.20834	214.245	
7.76225	0.025	0.0360484	6.38777	-11.6628	212.219	
4.43526	0.025	0.0500008	39.3175	-0.115452	179.073	
2.79017	0.025	0.069205	-32.6072	-4.27643	148.767	
0.308744	0.025	2.67261	41.2639	6.14798	177.089	
6.31747	0.025	0.0403017	6.53029	1.4357	192.688	
13.0054	0.025	0.0285514	17.3071	7.37326	191.607	
6.60928	0.025	0.0392927	-32.627	-9.43879	185.7	
8.17545	0.025	0.0351084	25.1684	8.93859	229.328	
0.219071	0.025	2.43978	86.0232	18.2302	149.331	
4.9616	0.025	0.0465471	67.2325	7.91166	199.864	
2.04615	0.025	0.0880501	51.4665	-2.41381	177.397	
0.344326	0.025	0.449985	-4.29964	-20.5192	216.639	
0.580418	0.025	2.90774	29.3041	11.5511	248.106	
0.21668	0.025	0.746426	9.54049	26.899	281.688	
7.0601	0.025	0.037898	16.3116	-1.14587	192.978	
4.49532	0.025	0.0495658	-7.19039	-3.80711	204.327	
0.727211	0.025	2.95925	135.593	-4.07718	204.564	
5.12534	0.025	0.0456173	19.0777	18.6136	239.105	
0.77965	0.025	0.203651	-93.8635	-16.2668	76.6437	
2.67789	0.025	0.0713769	74.1697	-3.66363	199.243	
1.04606	0.025	0.155872	-29.1168	-9.27381	186.281	
0.252711	0.025	0.625338	73.9029	-31.5122	218.3	
8.79448	0.025	0.0338656	-38.4568	4.1454	227.145	
1.14418	0.025	0.143934	-7.36193	11.6028	203.918	
4.46456	0.025	3.12671	7.89665	-4.83825	222.65	
1.06985	0.025	0.152773	67.1433	13.5006	179.501	
0.411788	0.025	2.80094	-14.748	7.99575	102.909	
4.06581	0.025	0.0529595	33.2981	-18.3218	194.523	
7.94771	0.025	0.0356144	-11.2163	7.57513	197.533	
4.90898	0.025	0.046859	68.308	-12.9469	182.022	
2.51613	0.025	0.0748472	-17.7697	-12.6379	181.733	
2.03451	0.025	0.0884544	-5.22054	-3.66282	170.002	
10.1511	0.025	0.0316721	2.49487	-8.45187	219.824	
10.6139	0.025	0.031052	38.966	-4.54338	204.903	
3.17505	0.025	0.062927	-51.4977	10.9035	175.258	
11.2545	0.025	0.0302779	33.3812	1.6435	223.787	
0.175722	0.025	0.981246	-90.4555	-15.5145	161.191	
0.655749	0.025	2.93713	25.4775	-18.6814	220.204	
7.22796	0.025	0.0374231	9.97745	-4.8047	176.54	
0.889593	0.025	2.99608	-57.932	-8.15552	216.483	
6.60189	0.025	0.0393172	18.104	3.31255	197.205	
1.6746	0.025	3.07275	71.5929	6.58541	138.182	
6.74761	0.025	0.0388449	-57.949	1.18737	211.312	
9.80672	0.025	0.0321714	12.6931	4.2008	202.427	
0.879461	0.025	0.182313	-71.5809	6.30842	148.551	
0.606455	0.025	2.91875	71.6451	-18.832	236.358	
4.6445	0.025	0.0485341	-24.6701	-4.90289	202.882	
2.00796	0.025	0.0893948	-11.1316	6.51612	242.389	
11.6432	0.025	0.0298498	31.1117	-10.8598	203.268	
6.2131	0.025	0.0406856	-3.61538	3.71287	183.702	
7.74736	0.025	0.0360841	21.064	-13.5626	204.521	
0.302492	0.025	0.514853	34.2259	-8.87887	338.255	
11.8287	0.025	0.0296554	15.2774	-1.21527	227.949	
1.88949	0.025	0.093914	-33.7191	-17.9292	173.554	
4.92956	0.025	0.0467362	48.9895	-0.25047	205.102	
13.9657	0.025	0.0277882	10.3482	3.42886	255.824	
9.0898	0.025	0.0333324	25.684	-12.8569	194.15	
4.09862	0.025	0.0526752	11.5608	4.64039	187.898	
4.5657	0.025	0.0490707	-16.0686	-7.38254	202.806	
0.565575	0.025	0.275502	45.453	-10.2791	218.088	
13.3894	0.025	0.028233	-6.31279	7.69952	198.243	
8.42906	0.025	0.0345772	-8.01381	0.83776	211.572	
1.73684	0.025	3.07585	-39.9497	0.739592	217.925	
8.73864	0.025	0.0339705	-23.7966	16.2998	223.032	
0.65911	0.025	2.93828	76.5517	-6.87335	235.338	
4.44588	0.025	0.0499231	17.3658	0.571807	168.864	
2.52145	0.025	0.074726	24.3176	10.8866	225.338	
7.75622	0.025	0.0360628	10.7779	2.43492	203.792	
5.16565	0.025	0.0453975	6.03949	8.47461	190.218	
9.32254	0.025	0.0329359	25.1939	10.2522	222.656	
7.12429	0.025	0.0377137	-10.8512	-7.6057	190.287	
10.9349	0.025	0.0306528	50.7902	-2.2796	229.609	
0.411523	0.025	0.375799	-62.2297	-0.529391	260.673	
1.22381	0.025	0.135664	-27.9408	-13.9314	235.73	
1.03448	0.025	3.01907	-33.0902	-13.6618	251.464	
0.305126	0.025	0.510171	17.2709	3.10553	159.563	
7.46838	0.025	0.0367802	-61.3048	-1.09023	224.972	
11.2198	0.025	0.0303177	31.2742	0.396344	220.906	
10.8952	0.025	0.030701	-21.6463	13.2353	241.166	
7.9172	0.025	0.0356844	14.4249	19.9358	191.472	
0.68197	0.025	2.94579	-101.917	41.0296	252.236	
4.81779	0.025	3.12908	-72.8927	1.47534	183.918	
5.5625	0.025	0.0434034	-0.440624	-0.963321	191.244	
8.64213	0.025	0.034155	0.645143	6.03489	190.136	
0.387908	0.025	0.398698	-26.7238	-4.62646	189.115	
6.7291	0.025	0.0389038	73.2223	-8.47173	185.725	
8.23386	0.025	0.0349832	23.4964	-7.80093	159.771	
3.25114	0.025	0.061862	34.9797	-1.61308	248.756	
7.16857	0.025	0.0375886	29.0838	-9.06801	182.895	
3.39642	0.025	0.0599613	24.1484	6.85513	187.119	
1.21338	0.025	0.136685	66.0927	7.74913	183.674	
11.3767	0.025	0.0301402	0.412393	-3.52709	193.961	
3.86048	0.025	3.12165	35.0524	-5.77003	161.354	
5.56961	0.025	0.0433703	-5.36896	7.8346	189.971	
8.86243	0.025	0.0337398	2.1564	-9.47663	204.159	
9.33595	0.025	0.0329136	-39.1337	5.30965	222.416	
7.46798	0.025	0.0367812	-22.168	-13.8603	203.296	
8.70831	0.025	0.034028	8.40228	4.69794	219.786	
15.3993	0.025	0.026826	17.4455	11.3235	250.388	
3.4294	0.025	0.0595522	-35.0409	5.51485	204.972	
8.63622	0.025	0.0341664	43.0447	-9.80456	230.792	
4.07536	0.025	0.0528763	-24.7674	-11.9107	187.441	
4.12541	0.025	0.0524464	47.2502	1.44028	170.421	
0.402906	0.025	0.38382	-75.9263	0.395034	200.027	
7.56348	0.025	0.0365371	23.609	7.88552	212.385	
3.12804	0.025	0.0636108	42.5292	-11.531	227.017	
0.646693	0.025	2.93397	23.8503	9.06538	203.822	
5.3436	0.025	0.0444667	9.89818	-9.03294	165.555	
5.93875	0.025	0.041759	-31.1502	11.092	208.959	
12.4007	0.025	0.0290926	25.6002	0.462216	201.659	
8.12861	0.025	0.0352102	-7.81496	9.09846	202.148	
5.74569	0.025	0.0425759	34.5956	18.2223	209.887	
9.52546	0.025	0.032606	-16.0061	-2.4661	180.375	
3.18067	0.025	0.0628466	-16.7852	-5.51598	179.549	
9.65308	0.025	0.0324057	2.0069	-14.6871	198.112	
1.51567	0.025	0.112824	56.1591	-10.7442	184.879	
11.7934	0.025	0.0296919	-1.06847	1.91188	208.395	
0.225062	0.025	2.46286	47.5352	-2.78011	177.675	
3.01286	0.025	0.0653767	33.5848	-11.8061	204.485	
9.3594	0.025	0.0328749	-1.16326	4.03223	230.93	
0.209139	0.025	0.779109	13.8093	-5.26454	58.5936	
8.98563	0.025	0.0335165	-6.61979	18.1444	211.779	
0.557282	0.025	0.279431	36.5339	-0.149106	139.752	
6.30672	0.025	0.0403406	-7.5899	14.1641	182.115	
7.42362	0.025	0.0368967	0.680121	-3.91644	202.441	
4.40975	0.025	0.0501892	-8.31292	4.97036	211.992	
1.04843	0.025	3.02094	-25.3721	-15.0598	242.351	
16.7465	0.025	0.026072	12.385	-6.38623	242.325	
2.55838	0.025	0.0738983	-13.4863	-2.8149	194.131	
1.43959	0.025	3.05862	-20.9425	-7.03114	203.289	
0.821926	0.025	0.19397	26.7578	-2.27574	178.698	
16.2183	0.025	0.0263527	-44.9064	-4.35183	229.559	
1.03732	0.025	0.157045	-45.7282	-14.6266	234.883	
7.74753	0.025	0.0360837	12.8745	6.3384	228.038	
2.925	0.025	0.0668174	55.1009	-8.33366	220.043	
10.6329	0.025	0.0310277	5.84446	9.86648	230.813	
7.0254	0.025	0.037999	-10.0071	-1.47588	227.477	
7.13671	0.025	0.0376785	-35.7643	-9.74501	211.237	
3.89128	0.025	3.12195	0.315444	4.8104	225.882	
3.11856	0.025	0.0637513	69.447	5.72325	199.06	
0.716195	0.025	2.95613	9.03441	13.3819	240.221	
4.48455	0.025	0.049643	7.55765	9.01077	146.862	
2.33706	0.025	3.09725	12.5319	6.7727	209.153	
9.542	0.025	0.0325798	-20.6722	-0.529169	214.496	
7.29054	0.025	0.0372517	42.5961	10.563	189.394	
7.8593	0.025	0.0358187	-23.2611	-1.3203	186.63	
9.85466	0.025	0.0320998	17.1902	1.56446	210.169	
8.32804	0.025	0.0347849	-8.69495	11.3318	213.703	
4.06773	0.025	0.0529428	7.53043	5.03731	184.335	
1.08477	0.025	0.150902	-19.2055	7.74167	183.553	
11.5174	0.025	0.0299852	-4.80357	9.74986	230.81	
3.05744	0.025	0.0646775	21.6945	-10.6304	193.293	
4.38872	0.025	0.0503462	-41.2837	9.42559	197.147	
0.471742	0.025	2.84811	-81.9983	-1.35858	186.351	
0.175253	0.025	2.19138	109.895	25.6673	123.489	
6.68385	0.025	0.039049	31.3262	-5.11992	215.11	
0.820274	0.025	2.98217	2.79947	5.18711	122.708	
1.00343	0.025	0.161792	0.531948	12.6149	185.964	
5.04724	0.025	0.0460533	15.3443	4.16778	204.003	
7.16765	0.025	0.0375912	41.624	-2.63687	203.181	
3.72459	0.025	0.0562139	4.79651	-18.8131	194.526	
9.71432	0.025	0.0323114	-5.9189	-1.30336	235.239	
1.25732	0.025	0.1325	-63.7137	-2.68048	242.084	
2.4204	0.025	0.0771199	-76.7121	5.80789	219.562	
11.8696	0.025	0.0296133	-35.5349	1.05422	217.411	
12.5895	0.025	0.028918	-25.1754	-0.529868	228.931	
1.8097	0.025	0.0972924	-81.3197	-19.5154	235.292	
12.1723	0.025	0.0293109	-8.28561	0.516333	224.747	
8.23747	0.025	0.0349755	-11.4185	9.87416	186.292	
20.3873	0.025	0.0245328	-37.1474	4.61901	229.759	
6.04348	0.025	0.0413377	-51.115	11.3926	192.103	
6.17005	0.025	0.0408477	36.7313	5.46045	196.708	
7.52406	0.025	0.0366371	58.7753	5.82757	191.767	
5.10485	0.025	0.0457305	7.45097	-12.0887	201.674	
8.11599	0.025	0.0352378	-21.9924	-11.4718	227.481	
2.58073	0.025	0.073409	51.4782	8.54144	183.358	
10.0536	0.025	0.03181	19.8422	14.3296	247.981	
2.53493	0.025	3.10208	-16.2564	1.77018	187.913	
3.50709	0.025	3.11788	2.44741	2.00444	206.812	
8.78846	0.025	0.0338769	-52.6787	-2.49227	177.931	
1.4373	0.025	3.05846	-37.0823	6.03656	203.755	
2.37903	0.025	3.09834	-15.5024	6.64399	199.08	
10.9248	0.025	0.030665	-6.25566	1.89291	235.344	
0.491932	0.025	0.315232	-2.34088	5.81961	287.108	
0.834667	0.025	0.191248	-47.4037	9.26253	221.78	
5.41613	0.025	0.0441049	-22.682	2.20942	238.694	
10.591	0.025	0.0310814	-6.95446	12.985	216.219	
15.3599	0.025	0.0268501	-52.9013	-4.76963	216.768	
0.486247	0.025	0.318822	64.4806	9.73339	250.64	
8.18597	0.025	0.0350858	3.64991	-4.39516	215.12	
0.553683	0.025	0.281175	74.0416	-14.6493	211.4	
0.328835	0.025	2.70465	-4.1537	-15.6365	258.741	
12.0395	0.025	0.0294417	-0.0396062	7.07003	235.923	
0.364909	0.025	2.7524	-8.51331	-0.00933685	179.083	
4.51027	0.025	0.0494594	2.11954	9.52475	176.313	
1.50024	0.025	0.113808	0.341097	-0.949708	175.613	
1.30496	0.025	3.04822	-12.7581	12.3824	231.741	
9.54921	0.025	0.0325684	-0.575872	7.13957	242.438	
0.353634	0.025	0.437867	-24.2529	1.73257	236.117	
1.80836	0.025	0.0973519	-66.5658	2.64649	170.588	
10.5631	0.025	0.0311175	6.52271	15.7528	202.979	
13.6073	0.025	0.0280604	2.22067	-15.4029	230.754	
3.92074	0.025	0.0542739	-30.0104	10.4945	219.978	
6.94703	0.025	0.0382308	-15.6833	0.427259	200.38	
6.49406	0.025	0.0396803	35.504	0.453505	217.627	
2.35883	0.025	3.09782	8.85831	14.3055	190.163	
15.1181	0.025	0.0270004	-18.8167	-2.60992	232.939	
0.721537	0.025	2.95765	-104.088	-23.065	199.478	
0.530535	0.025	0.292975	-28.9375	-0.811791	188.331	
9.14136	0.025	0.0332428	7.06638	0.582981	210.88	
0.805261	0.025	0.197663	-27.9084	-10.1882	195.809	
11.5167	0.025	0.029986	47.0355	-2.83866	192.308	
0.569876	0.025	0.27351	8.47224	-8.31761	227.089	
7.70062	0.025	0.0361972	54.7894	11.0122	216.852	
1.74982	0.025	3.07647	-15.8752	-2.40509	225.36	
1.08269	0.025	3.02534	61.2803	10.5752	181.796	
0.620206	0.025	2.92418	42.4611	1.18436	64.1036	
4.70146	0.025	3.12834	-42.9352	1.78121	166.631	
1.39685	0.025	0.120964	-67.2972	-3.0765	171.077	
0.619298	0.025	0.252673	-41.2867	22.0699	172.178	
0.861861	0.025	2.99079	39.616	22.3334	211.687	
10.2772	0.025	0.0314975	-0.198656	-10.4885	247.917	
0.702841	0.025	2.95222	46.5614	6.72352	192.958	
0.219651	0.025	2.44209	-167.659	-29.7152	245.667	
5.13345	0.025	0.0455729	22.5131	-7.82808	241.46	
1.63614	0.025	0.105783	-21.6758	13.5626	214.461	
12.193	0.025	0.0292908	-59.4516	4.52583	205.797	
3.23181	0.025	0.0621278	-36.3993	-8.6474	196.478	
2.93748	0.025	0.0666075	-15.9288	0.955277	160.94	
0.771068	0.025	0.205748	-60.4149	4.31528	244.359	
0.170907	0.025	1.02309	25.1214	0.371085	218.938	
4.90791	0.025	0.0468655	18.03	-2.32186	165.044	
0.960621	0.025	3.00823	-11.842	-14.7241	145.186	
0.455594	0.025	0.339806	105.508	1.87255	270.211	
0.667534	0.025	0.23539	46.1029	9.44015	153.335	
12.3694	0.025	0.029122	11.286	-6.54155	245.353	
8.66359	0.025	0.0341136	-38.3113	-6.48018	220.655	
0.54829	0.025	2.89267	88.6023	-14.0793	263.166	
9.00468	0.025	0.0334825	25.5141	-7.00235	227.563	
9.33711	0.025	0.0329117	-37.2927	-4.98444	203.262	
2.5089	0.025	3.10149	65.9175	-2.94407	203.655	
0.433789	0.025	2.81986	-123.895	-8.71344	171.703	
0.722481	0.025	2.95792	4.66496	-6.93402	116.433	
9.98221	0.025	0.0319127	-34.1521	1.6368	223.651	
3.32277	0.025	0.060904	43.4341	10.9626	202.847	
10.3483	0.025	0.0314012	-16.6366	6.07467	198.015	
1.25245	0.025	0.132949	29.5873	-8.56016	178.194	
11.2201	0.025	0.0303173	15.0011	3.85617	208.315	
11.672	0.025	0.0298193	16.1681	7.3298	226.75	
9.003	0.025	0.0334855	43.0512	2.01746	224.508	
6.10758	0.025	0.041087	-22.7661	5.60338	224.717	
11.3705	0.025	0.0301471	-26.8251	4.49889	266.529	
7.06511	0.025	0.0378835	-29.9298	-4.75178	169.851	
2.03452	0.025	3.08805	22.0603	-8.94235	211.05	
1.17701	0.025	0.140388	-12.9978	-1.68279	220.766	
0.563728	0.025	2.90013	-117.63	-13.1117	127.705	
0.21877	0.025	0.737926	56.2626	-21.4176	307.475	
11.7762	0.025	0.0297098	-40.3888	11.0822	222.908	
0.552334	0.025	2.89466	69.6654	29.4431	199.146	
8.34803	0.025	0.0347434	26.3973	6.70333	196.631	
11.1943	0.025	0.0303469	10.7185	-2.26292	235.973	
5.17334	0.025	0.045356	-6.16988	-9.80238	186.531	
1.25168	0.025	0.133021	22.7453	6.01666	72.7789	
11.1065	0.025	0.0304489	13.0344	-1.88329	207.092	
12.6174	0.025	0.0288926	9.78617	1.02346	184.136	
8.47916	0.025	0.034476	34.0135	-10.8577	163.323	
6.8987	0.025	3.13812	-15.4317	2.0772	221.527	
5.21012	0.025	0.045159	17.8472	-9.03342	202.041	
13.2303	0.025	0.0283626	-4.84824	2.30859	211.417	
2.87284	0.025	3.10878	38.7973	18.9183	217.344	
1.39536	0.025	0.121076	-40.5441	-10.6795	217.959	
2.7887	0.025	0.0692321	-9.28074	-1.73814	236.375	
2.72776	0.025	0.0703901	36.7157	-8.44935	175.712	
0.180027	0.025	0.947619	46.7251	12.7773	150.276	
11.2164	0.025	0.0303215	3.24772	11.2937	187.1	
4.85319	0.025	0.0471972	4.035	-10.9357	212.775	
0.819084	0.025	2.98191	21.4967	-13.3776	254.136	
4.94977	0.025	0.0466166	9.11415	-6.281	210.906	
1.88267	0.025	0.0941915	87.8533	7.37492	255.486	
5.38015	0.025	0.0442832	0.942927	18.5279	202.244	
7.35167	0.025	0.037087	11.8693	19.4343	207.515	
14.996	0.025	0.0270781	12.3927	3.4059	225.167	
4.91323	0.025	0.0468336	41.7599	-4.08928	192.606	
8.43673	0.025	0.0345616	8.96786	-4.0316	185.639	
0.523577	0.025	2.87977	80.4729	8.13161	243.455	
9.46298	0.025	0.0327061	15.0275	6.89347	191.08	
1.30396	0.025	0.128368	-97.1073	-28.3041	234.284	
8.5424	0.025	0.03435	-3.6874	0.233717	190.688	
5.93869	0.025	0.0417593	-8.69698	6.93406	154.814	
5.10848	0.025	0.0457104	-44.9918	7.88548	203.96	
5.77323	0.025	0.042456	-16.5632	-4.12828	191.669	
1.02773	0.025	3.01814	16.2351	12.4709	156.342	
1.29155	0.025	0.129438	-0.26622	-6.17726	169.133	
1.23077	0.025	0.134993	-54.8264	2.40452	238.149	
14.8068	0.025	0.0272011	39.545	-1.32144	195.294	
3.17729	0.025	0.0628948	41.1736	0.62572	209.578	
1.11948	0.025	0.14674	-4.91697	-14.1818	185.446	
1.46562	0.025	3.06041	28.593	8.81934	204.676	
10.7384	0.025	0.0308944	22.9281	11.0707	202.967	
4.9651	0.025	0.0465266	-13.0448	-8.34991	181.753	
2.60591	0.025	0.0728678	-0.851788	-7.21095	226.328	
11.5479	0.025	0.0299521	-2.19813	6.38423	191.51	
4.93915	0.025	0.0466794	31.9296	3.86581	184.755	
13.1647	0.025	0.028417	27.3291	-3.63889	232.236	
9.85171	0.025	0.0321042	-24.9039	-2.51212	172.335	
4.81494	0.025	3.12907	0.22573	-5.18668	201.959	
3.95973	0.025	3.12259	-31.18	0.663447	145.726	
0.284097	0.025	0.550356	-24.5052	-5.47422	185.377	
8.27125	0.025	0.0349039	6.43901	5.8128	160.342	
0.146963	0.025	1.39873	-49.9529	-5.72094	186.851	
0.740559	0.025	0.213604	-87.2261	16.2479	252.706	
0.189404	0.025	2.29261	62.0895	-3.98033	152.892	
0.68248	0.025	0.230543	-8.65342	4.58741	242.75	
1.35955	0.025	0.123815	-89.4202	2.69655	218.983	
1.39087	0.025	0.121411	6.04432	-8.06234	176.588	
9.24649	0.025	0.0330632	6.15986	5.07811	225.412	
8.62301	0.025	0.034192	4.74728	4.35015	215.836	
1.49042	0.025	0.114445	-49.9201	-4.90796	214.421	
3.36829	0.025	3.11618	22.5084	5.9135	170.865	
2.9733	0.025	3.11048	-10.1651	19.2482	186.006	
10.3598	0.025	0.0313857	27.1702	-3.99964	198.83	
8.82307	0.025	0.0338124	27.0513	2.98736	212.614	
4.37742	0.025	3.12607	-13.7417	-10.3366	179.095	
3.85112	0.025	0.0549398	-31.5241	8.84906	162.384	
11.782	0.025	0.0297038	15.3532	-3.27602	194.924	
0.823657	0.025	0.193595	11.5767	9.66614	222.573	
7.18105	0.025	0.0375536	-24.5926	7.17012	207.553	
0.497375	0.025	0.311875	23.5188	-6.57295	174.774	
3.45873	0.025	0.059195	-55.8398	-14.8368	201.932	
11.1921	0.025	0.0303495	-28.1267	-7.442	197.801	
2.3599	0.025	0.0786513	14.9892	10.3453	211.002	
3.45786	0.025	0.0592055	0.470201	-7.97726	193.399	
12.4371	0.025	0.0290584	-25.4667	3.12838	248.248	
7.42524	0.025	0.0368925	4.88245	-2.77414	184.615	
6.38031	0.025	0.0400766	-0.759029	8.05125	178.552	
14.44	0.025	0.0274487	44.867	8.19356	234.068	
4.63864	0.025	0.0485733	-5.90956	4.34649	185.03	
0.500119	0.025	2.86629	-38.3585	4.04312	214.811	
9.1687	0.025	0.0331957	16.9232	-14.4529	236.134	
1.96092	0.025	3.08538	22.4295	4.43224	189.339	
4.38335	0.025	0.0503864	-14.8907	4.01718	228.25	
14.7741	0.025	0.0272227	12.1945	3.75133	248.504	
1.03401	0.025	0.157494	-40.7142	6.01703	223.527	
9.84928	0.025	0.0321078	-23.675	-3.6707	221.603	
7.21074	0.025	0.0374708	-20.8821	5.26664	196.284	
3.61354	0.025	0.0574058	-24.1117	9.26003	193.098	
9.18868	0.025	0.0331615	19.7199	0.0273353	191.974	
1.09274	0.025	0.149923	19.2469	-4.61846	248.436	
10.2674	0.025	0.0315111	22.0809	-15.7857	185.353	
11.2859	0.025	0.0302423	-2.65894	1.74108	204.137	
8.49646	0.025	0.0344414	-1.13041	19.9015	224.472	
1.59626	0.025	3.0685	-61.2094	0.812734	161.517	
0.25597	0.025	0.616506	76.0084	23.3564	131.507	
5.78146	0.025	3.13408	-3.18164	-3.65861	195.612	
5.81444	0.025	0.0422788	-5.45077	-0.129171	172.173	
1.96892	0.025	0.0908239	42.2424	-8.2441	218.608	
5.9713	0.025	0.0416265	45.1375	-4.45531	174.572	
4.0545	0.025	0.0530586	7.98208	9.2808	200.159	
5.281	0.025	0.044787	-9.80391	1.98113	198.643	
3.83032	0.025	0.0551435	13.6258	5.66552	169.503	
2.79861	0.025	0.0690487	-19.7962	-7.47774	236.537	
4.1957	0.025	0.0518599	38.0628	-5.2881	200.606	
5.10478	0.025	0.0457309	-24.9513	-2.82454	194.061	
8.51725	0.025	0.0343999	0.388848	4.23863	189.501	
4.34872	0.025	3.12585	-17.5955	-20.5903	197.155	
0.566083	0.025	0.275265	103.913	21.2977	283.178	
4.62614	0.025	0.0486575	-48.394	12.4323	173.077	
3.5413	0.025	0.0582212	50.473	2.38949	192.869	
10.0914	0.025	0.0317563	26.0498	11.161	214.027	
9.30029	0.025	0.0329729	1.41164	-7.19138	212.356	
0.227146	0.025	2.4705	-71.2729	-8.34113	160.866	
1.43988	0.025	0.117861	-12.8135	-8.81652	218.107	
11.77	0.025	0.0297162	-17.4128	0.765226	208.823	
11.5562	0.025	0.0299431	38.0101	-8.45498	187.399	
1.00988	0.025	3.01564	-81.1599	10.2429	220.916	
0.758637	0.025	2.96763	-116.5	-16.9875	182.262	
6.9841	0.025	0.0381205	31.3133	-6.23457	226.739	
0.214227	0.025	2.4198	-45.3734	11.595	156.029	
9.21136	0.025	0.0331228	26.1858	-4.48879	245.14	
9.22636	0.025	0.0330973	51.685	2.1965	206.879	
0.640556	0.025	2.93177	-82.5689	31.3848	253.631	
1.10697	0.025	0.148209	-6.3376	16.3169	230.767	
0.719153	0.025	0.219522	108.037	-1.10702	196.93	
7.1921	0.025	0.0375227	14.5117	14.7235	223.604	
4.1227	0.025	3.12403	-3.02691	-8.71009	201.56	
9.16634	0.025	0.0331997	-15.1815	10.3376	205.254	
6.82382	0.025	0.038606	21.2796	3.57534	169.222	
0.280584	0.025	2.61874	105.342	-12.5276	211.214	
3.69568	0.025	3.11998	21.1016	-9.57464	240.836	
2.31695	0.025	0.0797873	19.8597	5.97835	184.581	
3.01176	0.025	0.0653942	37.6489	5.87243	169.835	
6.9493	0.025	0.038224	-15.198	-6.27416	185.027	
8.82968	0.025	0.0338002	-15.0533	1.90219	218.639	
8.66468	0.025	0.0341115	36.2294	-2.88364	198.275	
7.9577	0.025	0.0355916	12.6395	-1.69653	252.175	
1.305	0.025	0.128279	14.8097	28.4268	167.765	
11.249	0.025	0.0302842	-14.3511	-0.571025	182.655	
1.15282	0.025	0.142981	-48.2242	7.14883	190.974	
3.02486	0.025	3.11131	10.5633	0.869491	174.892	
6.27146	0.025	0.0404693	-32.4686	6.50719	178.812	
16.0326	0.025	0.0264558	36.1234	4.73197	226.112	
3.64375	0.025	0.0570743	5.651	-5.49655	174.404	
3.34074	0.025	3.11583	18.492	-8.71076	191.077	
1.69011	0.025	3.07354	33.8187	3.82626	180.474	
0.308392	0.025	0.504494	62.8259	39.1855	200.358	
8.26439	0.025	0.0349184	-6.43269	7.9073	185.645	
11.358	0.025	0.0301611	-32.1633	5.6205	234.944	
13.5328	0.025	0.0281188	-42.9135	1.07092	189.209	
0.767483	0.025	2.96986	10.2908	-11.7739	233.882	
3.5749	0.025	0.0578378	-4.23207	0.840831	175.786	
7.68989	0.025	0.0362234	-3.48047	-2.13117	193.484	
0.191131	0.025	2.30317	77.2433	-5.71712	176.824	
4.29787	0.025	0.0510417	9.27645	13.0602	177.441	
1.49781	0.025	0.113965	46.6717	4.39488	176.308	
0.386643	0.025	0.40001	126.992	10.6001	19.493	
1.74326	0.025	0.100342	81.912	-10.2859	205.128	
8.8663	0.025	0.0337327	-1.16436	-1.42393	216.611	
6.1841	0.025	0.0407945	6.55771	12.0161	208.236	
8.54513	0.025	0.0343446	20.6392	7.92085	204.126	
6.18003	0.025	0.0408099	11.1809	-2.72093	202.114	
10.2262	0.025	0.0315676	0.945189	-6.83092	168.37	
0.605668	0.025	0.258069	15.7318	-1.5159	144.69	
1.6197	0.025	0.106682	12.7901	-7.50533	180.493	
7.75371	0.025	0.0360689	6.50111	6.30627	188.787	
0.72943	0.025	0.216636	30.5028	-2.8504	225.796	
0.217156	0.025	0.744469	69.3697	8.33206	135.343	
1.0232	0.025	0.158984	60.1888	22.9552	229.808	
5.99111	0.025	0.0415465	-27.4948	2.17063	232.248	
6.37867	0.025	0.0400824	41.658	1.44632	208.834	
5.30299	0.025	0.0446736	8.05639	-6.48824	178.693	
6.06995	0.025	0.0412335	-17.7603	-5.79595	171.086	
0.213469	0.025	0.759943	101.047	38.5268	243.015	
8.70812	0.025	0.0340284	-41.444	-8.77977	216.924	
7.8096	0.025	0.0359356	-15.5812	-5.10119	205.608	
12.0708	0.025	0.0294107	10.9318	4.71649	239.653	
6.28149	0.025	0.0404326	-21.5519	-10.7314	186.657	
0.992261	0.025	3.01307	13.1943	10.5816	182.35	
0.656599	0.025	0.23908	8.76778	11.5311	187.992	
1.74695	0.025	3.07633	-36.684	3.30708	181.193	
0.647909	0.025	0.242103	112.35	5.22262	227.572	
0.306429	0.025	0.507889	-27.1636	-12.4949	160.442	
8.60334	0.025	0.0342303	-43.2562	-14.5525	267.275	
2.29489	0.025	3.09611	15.5322	-0.552246	165.337	
1.63258	0.025	0.105976	30.1375	-10.5859	198.444	
7.65273	0.025	0.0363145	-58.4322	9.25757	177.66	
12.9722	0.025	0.0285797	33.9992	-9.53985	233.874	
11.044	0.025	0.0305224	10.5919	1.50237	196.464	
0.386269	0.025	0.4004	10.9582	-1.19854	306.949	
4.94236	0.025	0.0466604	-51.4157	-3.25917	134.827	
11.7554	0.025	0.0297315	-14.389	-3.87573	249.281	
5.26105	0.025	0.0448907	45.6974	-9.62175	197.5	
0.468941	0.025	0.330314	-56.247	3.38778	214.34	
1.43342	0.025	0.118315	9.43389	-13.5432	192.384	
15.1948	0.025	0.0269522	-15.8019	-5.25424	221.53	
13.8499	0.025	0.0278746	2.57457	-2.99014	231.501	
8.68575	0.025	0.0340711	-18.7347	-3.20899	192.089	
2.44763	0.025	3.10004	33.1611	9.97376	169.356	
4.6267	0.025	0.0486537	-23.8503	3.98948	177.805	
1.8229	0.025	3.07979	7.79046	2.78042	263.232	
4.1508	0.025	0.0522322	-17.5487	-7.18324	198.417	
5.40787	0.025	0.0441456	12.4641	1.27789	167.358	
3.39778	0.025	0.0599443	33.564	5.24494	179.619	
2.62475	0.025	0.0724697	46.2351	2.0824	215.633	
0.938953	0.025	0.17178	-4.87353	-5.80332	156.208	
0.306586	0.025	0.507616	150.675	13.7523	252.317	
0.435635	0.025	0.355148	-82.9074	3.38212	214.696	
11.8891	0.025	0.0295934	14.3531	-2.99617	222.004	
9.0395	0.025	0.0334207	-36.568	-7.65195	210.629	
0.201891	0.025	2.36257	-83.349	-33.4478	181.472	
2.70417	0.025	0.0708523	-2.29875	-10.614	212.628	
5.65135	0.025	0.0429953	4.39055	-3.79603	211.038	
7.62747	0.025	0.036377	7.81748	3.94154	214.566	
2.48049	0.025	0.0756729	13.5924	-2.37768	197.557	
7.29795	0.025	0.0372315	35.1074	-2.33292	209.418	
1.09169	0.025	0.15005	52.6065	-1.45242	196.529	
4.04521	0.025	0.0531404	-15.1463	-9.71083	188.667	
0.957787	0.025	0.168722	-1.34784	5.52434	205.426	
3.24209	0.025	3.11451	13.1204	-8.40285	193.895	
5.05807	0.025	0.0459921	-7.96705	15.4044	197.659	
0.991087	0.025	0.163602	-98.7212	1.16778	163.961	
12.2111	0.025	0.0292733	-17.5057	-0.812154	193.434	
27.3248	0.025	0.0227354	11.2395	6.79534	235.281	
11.1504	0.025	0.0303977	-11.7242	4.74394	251.695	
0.465613	0.025	2.84387	-94.2259	15.0949	239.16	
0.725853	0.025	0.217631	-87.7077	-15.1069	120.528	
5.06101	0.025	0.0459754	-23.0405	1.23543	208.043	
3.64679	0.025	0.0570413	24.963	-15.339	194.719	
10.248	0.025	0.0315376	-23.6616	-0.639125	200.431	
1.59516	0.025	0.108058	-81.0637	-2.0786	214.057	
9.76193	0.025	0.032239	34.5028	-8.6899	224.765	
4.87814	0.025	0.047045	-16.6849	-3.12682	138.744	
6.33563	0.025	0.0402362	-30.8079	-7.25347	170.133	
7.68407	0.025	0.0362376	58.4057	-0.508781	186.538	
0.758131	0.025	2.9675	44.5301	12.8317	215.048	
11.9888	0.025	0.0294925	0.989112	1.82888	202.054	
4.19021	0.025	0.051905	-8.01752	10.536	178.721	
0.416117	0.025	0.371667	67.026	-5.76449	152.125	
9.98344	0.025	0.0319109	-21.1234	-0.436443	216.561	
1.10028	0.025	3.02749	77.5772	-8.56086	237.73	
0.576933	0.025	0.270309	-59.439	-31.6763	228.986	
8.51997	0.025	0.0343945	-3.37445	8.84978	214.363	
0.890367	0.025	0.180275	12.3202	-18.0295	190.832	
5.53699	0.025	0.043523	-23.4017	-8.61493	147.233	
1.99178	0.025	0.0899805	58.6926	0.760226	197.255	
5.7708	0.025	0.0424665	38.7761	1.76161	197.483	
9.04353	0.025	0.0334136	33.3133	4.34222	218.212	
9.52428	0.025	0.0326079	-14.7603	-1.2885	211.029	
9.39174	0.025	0.0328218	-33.7096	-6.65928	221.878	
5.19021	0.025	0.0452653	42.0728	-5.63665	190.304	
0.18188	0.025	0.934076	-53.8046	-22.9479	77.9976	
5.19395	0.025	0.0452453	-11.0467	9.3676	178.885	
1.55506	0.025	0.110401	61.274	5.86238	181.487	
1.61131	0.025	0.107148	-32.4725	-0.00201295	228.076	
7.2181	0.025	0.0374504	-18.6709	-11.9263	170.961	
2.79628	0.025	0.0690917	-25.1306	14.864	193.844	
1.00295	0.025	3.01464	-14.6792	4.99847	219.841	
1.38395	0.025	0.121933	32.4559	-2.3386	241.297	
9.2897	0.025	0.0329906	38.7868	-0.155582	214.279	
2.75964	0.025	3.10672	26.0498	7.64271	186.994	
5.54926	0.025	0.0434654	-6.15321	14.2878	167.1	
7.74342	0.025	0.0360936	-35.0358	0.343296	227.951	
3.44602	0.025	0.059349	102.844	-18.4843	172.158	
13.5033	0.025	0.0281421	4.7894	1.1816	225.142	
9.23851	0.025	0.0330767	44.7635	-0.367997	195.633	
5.37921	0.025	0.0442879	7.29265	-10.0448	186.782	
7.98821	0.025	0.0355223	8.62968	2.37082	194.261	
10.0324	0.025	0.0318403	-24.8149	5.68051	215.345	
1.50212	0.025	0.113687	-30.3453	-4.84079	209.349	
0.89417	0.025	0.179576	88.4889	-12.677	232.343	
1.10525	0.025	0.148415	-5.36518	3.66073	221.604	
3.41869	0.025	0.0596842	-70.1407	-13.7796	165.66	
3.20864	0.025	3.11405	29.8664	6.60551	187.668	
9.11864	0.025	0.0332821	-3.0473	2.64335	197.862	
0.310596	0.025	0.50074	33.8587	25.7807	185.571	
8.89759	0.025	0.0336754	-29.7106	0.494198	220.817	
9.98909	0.025	0.0319027	-32.3259	-1.38959	184.51	
5.92953	0.025	0.0417968	50.844	16.813	193.68	
8.85607	0.025	0.0337515	-58.1699	0.353273	180.338	
7.55631	0.025	0.0365552	-20.7286	2.4933	223.122	
10.5468	0.025	0.0311386	38.2261	2.63302	205.717	
6.08163	0.025	0.0411879	45.7629	-12.4478	237.864	
0.737007	0.025	0.214562	-47.2789	3.065	192.351	
1.06283	0.025	3.02283	-0.116226	-7.43414	232.743	
0.207348	0.025	0.787383	-65.3295	0.938325	212.966	
12.7461	0.025	0.0287771	9.58608	8.03576	235.348	
4.61111	0.025	0.0487592	-38.2356	20.7189	193.256	
9.20697	0.025	0.0331302	-29.8176	4.60337	214.492	
0.613904	0.025	2.92172	-182.739	-27.3997	235.532	
15.2643	0.025	0.0269089	-35.4344	0.320706	208.771	
0.219566	0.025	2.44175	-26.0483	-18.8051	217.099	
0.91748	0.025	0.175422	-33.8859	10.5794	187.319	
0.150593	0.025	1.87763	55.6873	32.9052	257.484	
5.22036	0.025	0.0451046	-17.8929	2.96115	173.464	
1.84389	0.025	3.08069	-3.57865	-4.82339	222.325	
3.36629	0.025	0.0603419	-2.13958	1.53891	189.262	
2.66216	0.025	0.0716957	-20.9766	5.15628	208.337	
4.76669	0.025	0.0477371	57.4112	25.1864	207.4	
0.702203	0.025	0.22447	-12.7457	-16.6352	219.79	
8.51458	0.025	0.0344052	-19.0248	-10.3177	192.57	
9.47375	0.025	0.0326888	-31.2431	-10.5558	252.396	
5.10732	0.025	0.0457168	9.27126	-0.235597	148.597	
0.240464	0.025	2.51527	-59.4211	-45.6272	286.583	
8.85616	0.025	0.0337513	29.6885	-7.62213	210.081	
5.88907	0.025	0.0419641	-10.1372	2.78866	181.193	
1.28817	0.025	3.04677	-51.2029	1.93249	197.699	
2.76875	0.025	3.10689	12.5164	-3.61514	177.336	
0.931497	0.025	0.173026	-28.0054	-21.0168	245.015	
6.95109	0.025	0.0382186	10.4044	0.560738	234.572	
3.20913	0.025	0.0624437	-16.566	11.2302	194.307	
4.39977	0.025	0.0502635	1.912	-4.06322	145.741	
0.412415	0.025	2.80151	-67.6308	-15.8187	116.181	
10.9867	0.025	0.0305905	1.43459	-3.52969	247.955	
5.25771	0.025	0.0449081	14.6777	8.61159	195.77	
9.43027	0.025	0.032759	40.2649	-1.82955	220.734	
0.668952	0.025	2.94158	-110.213	-44.6146	230.579	
2.07906	0.025	3.08957	50.9405	9.75038	181.342	
1.05482	0.025	3.02179	-19.8684	3.29058	242.421	
11.7958	0.025	0.0296894	17.8523	-1.45305	226.746	
3.90052	0.025	0.0544649	-34.298	14.9264	195.764	
11.6277	0.025	0.0298663	-51.2766	-3.55967	223.625	
4.25332	0.025	0.0513936	8.98183	-0.909074	212.206	
0.629962	0.025	0.248618	-11.4232	26.4548	247.904	
8.4154	0.025	0.034605	-25.9854	1.84134	213.682	
7.12198	0.025	0.0377203	-24.2966	9.06126	193.911	
0.476888	0.025	2.85157	-119.005	-4.76698	240.129	
0.541354	0.025	0.287329	98.4665	-11.1749	241.695	
1.5427	0.025	3.06535	53.0776	-2.51689	213.716	
1.39558	0.025	0.121059	72.5263	-5.82089	245.948	
0.61718	0.025	2.923	53.2883	23.6808	254.756	
0.961413	0.025	0.168147	15.7111	-0.8228	272.529	
1.73484	0.025	0.100745	-40.4669	-22.7703	211.572	
4.25948	0.025	0.0513445	-1.91186	8.3545	160.932	
0.592089	0.025	0.263701	0.50082	10.0631	121.67	
8.21047	0.025	0.0350331	-15.5065	7.26143	194.587	
0.381326	0.025	2.77087	29.5431	1.25394	224.619	
2.96465	0.025	0.0661567	26.3348	6.30562	213.261	
9.40243	0.025	0.0328043	61.921	8.97275	206.189	
2.47029	0.025	0.0759135	-79.6093	-11.9279	163.554	
3.78699	0.025	0.0555749	-15.1373	2.45234	245.29	
2.35472	0.025	0.0787863	-11.2163	-10.9615	178.617	
5.35601	0.025	0.0444041	-23.3188	-9.08034	200.569	
4.87151	0.025	0.0470853	20.5683	0.503928	186.68	
2.33233	0.025	0.0793758	85.6143	2.67806	195.419	
1.46653	0.025	0.116029	10.1932	16.8474	189.255	
5.52903	0.025	0.0435606	50.036	3.11538	207.937	
12.886	0.025	0.0286542	31.9538	4.08535	219.047	
4.73023	0.025	0.0479706	-16.563	0.116733	199.088	
6.18899	0.025	0.0407761	17.7657	-9.04988	232.669	
5.84365	0.025	0.0421546	24.655	-18.4735	225.225	
6.46113	0.025	0.0397936	8.2033	5.25187	165.183	
8.04094	0.025	0.0354038	12.9246	0.494402	183.351	
13.5844	0.025	0.0280783	-32.3392	5.60538	228.41	
16.9759	0.025	0.0259555	-21.0635	-6.20309	242.469	
12.2624	0.025	0.0292238	-10.3444	10.9815	201.074	
0.796236	0.025	0.199728	-27.3803	-7.38284	194.738	
1.59428	0.025	3.06839	29.7064	6.39705	192.745	
11.1592	0.025	0.0303875	3.11226	8.99738	233.718	
3.89586	0.025	0.0545092	31.778	3.03889	189.13	
1.24435	0.025	3.04279	36.745	1.74396	256.823	
15.1588	0.025	0.0269747	44.6924	0.626973	198.234	
10.1219	0.025	0.031713	-8.44912	-6.14191	227.105	
5.85001	0.025	0.0421278	-17.9422	-10.8862	208.318	
0.656179	0.025	2.93728	-24.0186	9.96032	273.725	
8.2712	0.025	0.034904	9.88851	-1.73963	207.915	
1.23579	0.025	0.134513	30.8694	3.01894	134.275	
5.46417	0.025	0.0438705	42.9179	7.88066	174.764	
3.57981	0.025	0.0577824	-11.2923	0.286503	210.779	
2.95623	0.025	3.1102	41.4631	9.7697	182.766	
9.78784	0.025	0.0321998	-12.9103	20.3664	230.007	
7.92382	0.025	0.0356692	-29.3491	-16.7942	172.872	
12.882	0.025	0.0286576	19.1354	-6.7468	232.415	
6.74892	0.025	0.0388408	-9.03798	0.543657	168.223	
0.426035	0.025	0.363072	54.8673	-16.1444	251.904	
6.99423	0.025	0.0380905	-27.6128	-0.220682	177.273	
0.744675	0.025	2.96399	10.6264	-0.817046	131.078	
1.56058	0.025	3.06643	-14.8137	-2.26789	179.258	
0.561906	0.025	2.89927	-1.04965	9.06914	241.688	
10.6105	0.025	0.0310564	-34.7717	8.58896	230.839	
0.52875	0.025	0.293929	-83.3323	-29.3125	246.882	
5.35115	0.025	0.0444286	-33.7625	4.70146	169.625	
0.773885	0.025	0.205054	-38.7063	2.38719	232.686	
0.701302	0.025	0.224739	-32.0931	2.66333	184.448	
0.478641	0.025	2.85273	-13.2367	-1.01609	208.048	
4.67438	0.025	0.0483353	71.0288	-2.08313	177.686	
3.56287	0.025	0.0579742	9.80937	0.350438	177.257	
6.03047	0.025	0.0413893	53.7007	-2.78507	210.583	
10.2547	0.025	0.0315284	3.77747	5.86023	203.41	
0.148816	0.025	1.34212	-21.0863	33.8287	157.419	
2.06351	0.025	0.0874549	-6.21647	2.21509	195.736	
5.8226	0.025	0.042244	-7.79729	-6.47957	212.336	
1.70777	0.025	0.102069	7.01978	4.81377	202.713	
0.675895	0.025	0.232652	-69.711	11.4573	259.445	
5.71512	0.025	0.0427103	9.9806	4.05717	177.205	
12.0133	0.025	0.0294678	8.85172	10.633	231.258	
3.08352	0.025	0.0642778	21.061	-1.72203	211.031	
0.764531	0.025	0.207377	-22.4281	-8.87674	245.502	
1.2906	0.025	0.12952	-24.4408	-10.934	204.74	
2.78478	0.025	3.10719	-47.6461	-20.0404	175.021	
3.64343	0.025	3.11942	-54.2464	14.4664	198.74	
8.36212	0.025	0.0347143	28.9395	-13.8299	197.842	
4.87961	0.025	0.0470361	-20.0425	9.94987	184.834	
3.52307	0.025	0.0584322	-2.73932	15.8125	131.092	
0.605737	0.025	0.258042	-44.5442	4.00583	234.086	
3.47006	0.025	0.0590587	42.6238	11.0734	143.752	
3.16129	0.025	0.0631251	-35.5692	10.349	153.261	
16.4102	0.025	0.0262486	33.6479	3.13203	195.206	
10.2668	0.025	0.0315118	20.6904	7.64683	224.647	
13.1477	0.025	0.0284312	-54.9336	-9.25312	246.364	
0.243231	0.025	2.52378	4.81165	25.9282	167.719	
0.502674	0.025	0.30868	-69.3995	-7.30477	196.906	
7.79145	0.025	0.0359787	-3.28822	3.18868	211.348	
0.185975	0.025	2.27062	68.7403	-46.4063	338.352	
4.28887	0.025	0.0511122	-3.88476	5.39584	194.264	
4.87369	0.025	3.12943	-29.2116	8.72947	203.706	
9.94843	0.025	0.0319618	-12.6665	-6.17247	224.117	
5.99068	0.025	0.0415483	7.57946	-16.6113	180.984	
0.353562	0.025	0.437958	-81.979	-6.36896	239.933	
9.90905	0.025	0.0320194	47.5862	10.0102	209.118	
9.57685	0.025	0.0325247	5.61739	-12.2842	214.809	
3.59958	0.025	3.11894	-62.4624	-19.9738	193.549	
0.254736	0.025	0.619817	19.7519	21.7739	159.137	
3.78216	0.025	0.0556237	-14.3337	2.76641	193.284	
8.7879	0.025	0.0338779	10.5457	3.82711	224.36	
0.183527	0.025	0.922466	91.0128	4.95441	224.105	
11.711	0.025	0.029778	-1.16921	7.6253	201.178	
2.22991	0.025	0.0822237	61.4565	-15.58	227.825	
4.05757	0.025	0.0530317	-13.0276	8.49623	177.857	
9.62163	0.025	0.0324546	8.41611	5.31945	278.422	
2.31497	0.025	0.0798407	13.3101	-3.91702	163.387	
12.2328	0.025	0.0292523	-24.2796	4.92718	226.266	
14.1459	0.025	0.0276565	20.7187	-3.77996	223.486	
0.25078	0.025	0.630706	-10.4752	33.982	267.345	
9.45275	0.025	0.0327226	0.0761618	6.22811	219.934	
1.19535	0.025	0.138492	85.0636	-7.03242	180.424	
13.073	0.025	0.0284939	-21.5069	15.0259	224.561	
11.489	0.025	0.0300162	12.683	2.1664	203.703	
5.22447	0.025	0.0450828	-29.7812	1.32344	195.427	
0.146346	0.025	1.75437	-74.2044	-29.6375	102.462	
0.808297	0.025	0.196978	1.78583	2.3987	195.054	
3.75835	0.025	3.12063	-44.8891	0.398828	192.821	
2.07854	0.025	0.086948	-19.0054	2.89775	207.354	
11.817	0.025	0.0296675	-36.6622	-9.18364	212.431	
3.89337	0.025	0.0545328	-49.2119	-11.218	144.791	
0.395783	0.025	0.390735	-36.931	14.5671	214.16	
8.84757	0.025	0.0337671	23.8455	7.74534	245.67	
10.8337	0.025	0.0307761	0.87177	7.66796	234.562	
7.25638	0.025	0.0373449	15.5167	-1.92232	212.299	
0.498955	0.025	2.86558	-16.8283	-10.953	286.296	
1.28851	0.025	0.129703	28.8061	13.0766	229.992	
3.51001	0.025	0.0585849	-14.4019	4.71447	184.838	
12.2209	0.025	0.0292637	-27.8239	5.61421	233.231	
3.38324	0.025	0.060127	-24.9182	-0.400695	190.01	
10.4425	0.025	0.0312753	51.0511	-10.0834	191.374	
12.7415	0.025	0.0287812	25.4553	-3.43819	182.723	
13.5844	0.025	0.0280783	0.110386	11.0421	236.351	
5.64033	0.025	0.0430453	24.184	17.3245	169.704	
1.70178	0.025	3.07413	40.0137	20.7635	203.32	
5.6543	0.025	0.042982	31.1394	-0.873813	207.584	
14.1912	0.025	0.027624	71.9521	1.72631	214.543	
1.45321	0.025	3.05956	25.0305	-16.9696	227.544	
5.89904	0.025	0.0419227	0.00728737	-3.95103	222.175	
5.54932	0.025	0.0434651	-26.3619	-1.73352	189.635	
1.25575	0.025	0.132644	-7.87667	-8.46285	168.889	
2.47113	0.025	3.10061	-9.51928	14.5386	226.904	
6.9272	0.025	0.0382903	14.8636	-6.06104	183.47	
7.69139	0.025	0.0362197	15.8988	-4.04302	193.809	
9.98109	0.025	0.0319143	53.4889	-5.81654	185.148	
10.2289	0.025	0.031564	-23.257	-10.5999	181.424	
5.55432	0.025	0.0434417	12.6614	9.57181	172.45	
0.621407	0.025	0.25186	-146.626	-12.0179	207.933	
10.1383	0.025	0.03169	38.2195	12.1126	219.385	
1.163	0.025	3.03462	-43.4651	-2.42542	169.427	
0.315069	0.025	0.493304	226.136	24.6208	152.607	
2.50729	0.025	3.10145	38.8416	-7.72867	231.553	
2.93628	0.025	0.0666277	-1.48014	-7.96198	235.84	
4.11586	0.025	3.12397	-18.4986	4.54838	164.001	
0.86179	0.025	2.99077	-11.6054	-0.434539	121.535	
9.39223	0.025	0.032821	-40.1208	-12.5986	173.977	
3.58827	0.025	3.11881	24.1587	-2.41551	169.63	
5.56481	0.025	0.0433927	4.66947	2.8525	162.27	
2.52399	0.025	3.10183	20.3195	-1.5873	206.229	
5.40674	0.025	0.0441512	20.272	10.0219	233.596	
0.740405	0.025	0.213645	-45.6848	2.55026	109.981	
11.4945	0.025	0.0300102	-13.3605	0.472506	223.713	
13.2985	0.025	0.0283067	26.8888	-0.494895	199.57	
6.87513	0.025	0.0384481	-14.4382	5.08535	217.043	
3.28351	0.025	0.0614239	-9.58772	6.10897	176.381	
6.31013	0.025	0.0403283	-10.1019	6.36853	152.175	
6.17249	0.025	3.13566	31.8074	12.3743	197.43	
2.04002	0.025	0.0882626	68.3817	-4.47743	188.704	
2.6411	0.025	0.0721286	-35.6254	-17.7494	210.435	
1.82852	0.025	0.0964688	26.7494	4.43141	163.488	
0.421635	0.025	2.80967	-163.121	-13.5134	195.925	
0.732776	0.025	2.96078	63.071	15.1325	262.01	
3.2531	0.025	0.0618353	-37.1499	-3.13078	167.419	
0.529285	0.025	0.293642	-22.8753	12.0728	218.772	
0.568756	0.025	2.90247	-5.65124	3.16276	223.691	
6.18658	0.025	0.0407852	14.2881	-16.9206	172.96	
2.51001	0.025	0.0749874	36.5584	3.67023	186.665	
2.16667	0.025	3.09238	36.3434	-2.80463	191.634	
1.84136	0.025	3.08058	49.706	-2.51321	237.592	
8.40116	0.025	0.0346341	25.1893	-8.61991	186.566	
9.5231	0.025	0.0326098	-12.264	2.64874	190.974	
9.56342	0.025	0.0325459	13.2311	-4.99712	245.431	
11.4604	0.025	0.0300476	-9.31833	-1.39643	209.506	
12.2998	0.025	0.029188	2.88404	7.70779	201.79	
1.08307	0.025	0.151112	-25.639	11.2084	265.795	
4.21431	0.025	0.0517079	-21.7702	3.19429	189.423	
1.57371	0.025	0.109296	23.64	-4.93924	146.435	
2.88844	0.025	0.0674427	78.6751	13.4981	167.879	
6.77278	0.025	0.0387654	21.5784	15.9188	190.662	
7.47803	0.025	0.0367552	52.03	-6.74541	188.453	
0.355879	0.025	0.435049	-59.0926	5.21575	226.221	
6.31999	0.025	0.0402925	-2.19924	11.6337	161.344	
0.267433	0.025	0.587524	-120.45	19.4518	261.053	
7.23931	0.025	0.0373918	-33.1773	-11.5406	231.629	
12.567	0.025	0.0289385	-43.2754	20.3862	256.999	
12.0909	0.025	0.0293908	-16.1	-11.7925	242.652	
4.96659	0.025	0.0465178	5.69156	-16.4797	194.281	
11.2367	0.025	0.0302983	-19.9632	-6.03689	200.613	
0.704263	0.025	0.223855	3.88211	10.4082	160.179	
8.77969	0.025	0.0338933	21.6151	-2.7878	170.424	
6.67292	0.025	0.0390844	48.8151	0.576774	206.891	
0.581983	0.025	2.90843	-42.3969	0.5111	126.662	
1.21072	0.025	0.136948	-26.7894	4.63697	257.233	
8.81693	0.025	0.0338238	23.4819	2.57155	199.881	
0.576018	0.025	2.90578	98.2522	11.9069	220.832	
0.305393	0.025	2.6668	-139.825	8.70236	199.318	
5.44938	0.025	0.0439422	9.59639	3.64453	222.739	
1.75546	0.025	3.07673	14.7411	-3.40028	180.272	
4.0449	0.025	3.12336	4.35664	2.49366	200.782	
2.83994	0.025	3.1082	-58.5059	4.33932	194.027	
3.05026	0.025	0.0647888	-56.2195	6.61102	158.581	
7.3118	0.025	0.0371941	-55.411	-5.70045	181.165	
3.62485	0.025	0.057281	-65.7597	8.57864	172.774	
0.934366	0.025	0.172544	-66.1147	-0.575179	202.074	
0.55365	0.025	0.281191	-87.2572	9.24933	161.179	
1.74749	0.025	3.07636	-22.8162	-5.78693	184.969	
8.29313	0.025	0.0348579	41.3133	2.9527	198.979	
8.4627	0.025	0.0345091	3.28876	-0.531271	215.558	
5.5108	0.025	0.0436469	-21.3142	6.44764	190.115	
3.84855	0.025	0.0549649	-22.975	-7.60935	190.524	
1.2675	0.025	3.04493	36.8171	3.60533	212.369	
8.41162	0.025	0.0346127	-12.3499	-7.33599	216.595	
3.34542	0.025	0.0606096	13.9562	5.44489	215.295	
2.35966	0.025	0.0786578	-31.1865	1.29169	195.754	
11.0144	0.025	0.0305575	11.6369	5.36763	209.958	
7.61585	0.025	0.0364059	-42.9267	2.05135	159.718	
6.91498	0.025	0.0383271	-21.9317	-5.22208	217.822	
1.7239	0.025	0.101275	-19.2846	-16.578	237.178	
7.90267	0.025	0.0357179	21.3376	-4.49591	219.875	
1.54449	0.025	0.111039	12.555	-0.892058	207.272	
4.31003	0.025	3.12555	-38.5909	-8.88164	160.66	
12.7595	0.025	0.0287652	6.18945	5.79204	184.614	
7.07792	0.025	0.0378465	-36.6713	-1.02275	195.24	
8.64217	0.025	0.0341549	-3.55455	-2.51182	216.162	
2.22173	0.025	3.09404	37.3254	-9.01643	171.619	
18.4332	0.025	0.0252833	-12.3307	-1.75058	237.96	
0.835559	0.025	2.98544	-24.0667	-14.5126	259.55	
7.91127	0.025	0.0356981	-14.3253	7.03585	162.688	
3.25617	0.025	0.0617934	17.5723	2.51353	143.607	
2.6808	0.025	3.10518	-52.6529	2.68663	152.947	
1.84895	0.025	3.08091	-27.5182	0.500363	185.34	
6.10301	0.025	0.0411047	22.0024	1.82236	185.355	
0.58985	0.025	0.264655	40.628	13.1773	207.452	
5.64461	0.025	0.0430259	48.6061	5.77659	209.353	
0.4745	0.025	0.326526	-95.6234	-4.87947	177.279	
11.6115	0.025	0.0298837	19.4909	-2.62624	185.92	
0.439509	0.025	0.352054	8.50537	-18.8398	232.135	
4.04167	0.025	0.0531717	8.49596	-0.0512081	199.634	
6.31418	0.025	0.0403136	38.2838	-5.72524	226.698	
1.35754	0.025	0.123973	-98.4551	7.57059	147.219	
5.7586	0.025	0.0425195	16.9544	-13.7108	228.698	
3.38501	0.025	3.11639	10.6439	0.284942	180.433	
7.87319	0.025	0.0357863	32.2755	4.13105	187.455	
0.498081	0.025	0.311445	124.172	7.10776	189.217	
6.38755	0.025	0.040051	-37.9411	7.15437	220.864	
4.67001	0.025	0.0483642	38.5395	6.55821	159.386	
2.04999	0.025	0.0879174	-76.8808	-14.0965	192.5	
6.10277	0.025	3.13539	10.3199	-15.0092	199.009	
0.329695	0.025	0.470573	44.9761	-3.23587	175.614	
8.99198	0.025	0.0335051	-16.4389	1.8792	247.519	
1.25162	0.025	0.133026	-113.045	-25.3108	176.57	
8.22557	0.025	0.0350009	34.7729	11.3755	166.948	
7.68863	0.025	0.0362265	41.4838	-3.60127	181.539	
2.50384	0.025	0.0751292	22.4994	2.80094	182.304	
3.37398	0.025	0.0602441	29.5468	-21.7049	212.527	
2.05285	0.025	0.0878193	29.1341	9.94782	157.44	
10.7017	0.025	0.0309404	-43.7045	5.92447	241.217	
9.28384	0.025	0.0330004	67.8842	6.12325	256.069	
6.88097	0.025	0.0384303	5.31337	11.8965	192.88	
9.22704	0.025	0.0330962	-49.3481	-8.82695	211.368	
0.91346	0.025	3.00038	-25.5899	-10.3376	231.086	
0.80934	0.025	2.97975	4.20108	5.63772	264.189	
6.57625	0.025	0.0394024	-11.5397	-1.43648	208.456	
10.3023	0.025	0.0314634	30.3174	0.308977	200.617	
5.21156	0.025	0.0451513	-3.21274	-7.57436	199.183	
0.45872	0.025	0.33753	-3.75811	1.41882	180.399	
13.7688	0.025	0.027936	-23.7063	-6.92073	230.452	
0.540403	0.025	0.287816	41.097	4.0035	188.217	
1.51472	0.025	3.06362	-82.7879	-2.2749	240.412	
7.22275	0.025	0.0374375	-2.02232	-6.96032	230.292	
1.28452	0.025	0.130054	-45.6944	19.8369	222.059	
3.41558	0.025	0.0597227	102.504	0.512247	149.761	
7.029	0.025	0.0379884	-7.19867	-5.28728	179.792	
0.448142	0.025	0.345364	-112.848	6.46735	156.021	
0.837285	0.025	2.9858	22.4651	-5.93385	232.121	
5.93989	0.025	0.0417543	63.9424	0.614125	230.087	
5.84061	0.025	0.0421675	-27.6065	7.3692	177.466	
1.61755	0.025	0.106801	6.58968	1.93967	250.655	
0.606821	0.025	0.257603	3.55887	-7.09607	255.735	
5.66862	0.025	0.0429175	-10.5598	10.59	160.713	
1.4331	0.025	0.118337	-5.5099	-6.4876	203.133	
9.47072	0.025	0.0326936	51.9313	1.68436	214.65	
8.99518	0.025	0.0334994	18.3456	3.54263	234.256	
10.467	0.025	0.031243	-11.8791	9.79237	224.136	
4.58812	0.025	0.0489161	-1.22725	-10.8971	192.045	
2.99416	0.025	0.0656762	-17.8169	11.2307	172.135	
4.30672	0.025	0.0509726	-13.9528	-10.8785	152.911	
2.41026	0.025	0.0773711	-60.6871	-1.7791	206.555	
3.85719	0.025	0.0548808	-15.4827	3.32484	188.283	
4.26974	0.025	3.12524	-37.5291	9.58544	174.405	
3.77757	0.025	0.0556701	16.8398	3.50571	204.318	
7.79031	0.025	0.0359814	10.5377	-5.15306	203.939	
6.10922	0.025	0.0410807	-23.3489	-2.23958	176.163	
5.32324	0.025	0.0445701	-7.70616	-1.39261	173.509	
8.06788	0.025	0.0353439	23.8698	-18.6655	228.238	
4.87255	0.025	0.0470789	27.2477	-4.93518	217.112	
6.98501	0.025	0.0381178	27.8598	-0.580306	165.149	
2.03109	0.025	0.0885742	-30.328	-10.8547	236.475	
12.0432	0.025	0.0294381	0.950085	-10.2803	228.038	
5.5985	0.025	0.0432365	-8.42349	-0.680225	190.64	
11.6914	0.025	0.0297987	1.65505	4.50002	248.158	
1.98161	0.025	0.0903533	-4.42381	-7.37532	183.646	
11.62	0.025	0.0298746	-4.30509	1.07501	196.762	
13.076	0.025	0.0284914	3.76723	-2.99592	252.222	
0.155454	0.025	1.96882	82.9581	-20.875	201.686	
12.7344	0.025	0.0287875	33.6353	1.26547	248.784	
11.2446	0.025	0.0302892	-36.8051	1.32083	252.629	
8.09187	0.025	0.0352908	37.7152	-6.91862	187.818	
4.01742	0.025	3.12311	51.8803	-4.91006	182.757	
10.3029	0.025	0.0314626	-21.2291	6.66818	218.473	
0.917364	0.025	0.175443	-12.2519	5.09086	242.419	
0.317949	0.025	2.68786	54.0156	9.33191	262.461	
3.87731	0.025	0.0546865	13.3711	5.94454	157.498	
5.31841	0.025	0.0445947	39.518	-12.5015	232.689	
0.667649	0.025	2.94115	-6.29518	-10.4632	231.122	
4.47807	0.025	0.0496896	54.984	-17.2426	154.105	
0.960122	0.025	0.168351	-8.61788	-3.42256	234.526	
1.71531	0.025	0.101696	-3.49216	-7.1554	222.722	
0.168829	0.025	2.1337	-47.5315	-9.84607	79.66	
5.08885	0.025	0.0458194	1.31296	5.3001	206.046	
1.00846	0.025	3.01543	95.3434	-0.678329	234.525	
0.421118	0.025	0.367279	-0.500407	7.30366	269.437	
5.60473	0.025	0.0432078	31.274	-3.1798	194.664	
8.0262	0.025	0.0354368	-13.469	-4.82326	190.797	
9.449	0.025	0.0327287	-14.8952	-7.42809	195.147	
5.57272	0.025	0.0433558	-0.865942	-9.91331	205.07	
0.76909	0.025	0.206238	24.0395	29.0391	255.538	
12.6109	0.025	0.0288985	8.40229	0.121872	268.568	
0.412554	0.025	2.80164	-167.768	13.5305	205.709	
7.10911	0.025	0.037757	-19.5671	-0.930923	173.7	
2.15017	0.025	3.09187	-22.7609	17.2978	148.35	
0.232775	0.025	0.686256	-55.4137	13.9109	298.968	
10.1671	0.025	0.0316496	34.8315	-7.76819	210.936	
0.708683	0.025	0.22255	21.3488	22.2489	274.426	
11.5564	0.025	0.0299429	24.7032	0.450121	216.014	
6.55386	0.025	0.0394774	-14.151	-1.39729	166.327	
3.89716	0.025	0.0544968	17.2872	0.26514	174.769	
5.98833	0.025	0.0415577	40.7007	-5.50483	176.875	
5.8938	0.025	0.0419444	-12.2645	-17.2641	173.656	
5.94679	0.025	0.0417261	15.2986	-0.985556	181.738	
11.8286	0.025	0.0296555	-43.2738	4.03141	254.531	
6.70859	0.025	0.0389694	-7.83154	0.059901	202.04	
8.89648	0.025	0.0336774	-32.6891	-17.171	194.479	
8.19936	0.025	0.035057	-14.3811	5.0768	217.027	
0.145179	0.025	1.48014	-35.5174	-41.7909	249.71	
8.85197	0.025	0.033759	-2.30656	5.06388	208.977	
3.58973	0.025	3.11883	25.3706	11.3442	213.254	
0.537486	0.025	2.88718	-80.0732	-8.86954	115.327	
5.90186	0.025	0.041911	-13.9915	-3.18544	166.818	
12.1658	0.025	0.0293173	-1.93046	-4.05502	232.58	
8.45986	0.025	0.0345148	24.9692	-0.396372	175.908	
6.51122	0.025	0.0396217	32.5514	-3.42858	190.095	
3.77762	0.025	0.0556696	-22.9626	-0.402632	230.827	
9.00888	0.025	0.033475	-0.421568	3.76862	227.801	
10.431	0.025	0.0312905	-43.8844	2.71125	210.673	
1.23321	0.025	3.04174	44.2702	2.2854	234.382	
1.83358	0.025	0.0962506	-75.849	-3.26704	196.645	
5.36801	0.025	0.0443439	-37.9483	-7.84486	205.496	
4.37507	0.025	0.0504488	0.434785	7.91939	177.717	
1.11594	0.025	3.02935	-44.8232	5.99691	217.772	
0.808632	0.025	2.9796	-30.6695	6.95132	232.291	
7.24611	0.025	0.0373731	29.55	6.29181	187.971	
7.08197	0.025	0.0378348	9.7876	3.46965	199.36	
0.382273	0.025	0.404614	-4.29992	-0.985027	140.69	
0.825246	0.025	2.98325	-12.9688	6.95607	173.313	
12.5077	0.025	0.0289929	10.7574	3.03143	237.304	
12.46	0.025	0.0290371	-2.43905	-2.82382	216.13	
7.24193	0.025	0.0373846	-42.6326	-1.10328	205.091	
8.51352	0.025	0.0344073	-23.5181	14.7833	211.791	
1.60651	0.025	3.06908	-18.6737	-6.08088	260.271	
13.3386	0.025	0.0282741	-87.247	3.86695	234.225	
7.61066	0.025	0.0364188	-0.693486	-0.20596	179.48	
6.0949	0.025	0.0411362	-39.8183	14.8554	194.14	
6.55162	0.025	0.0394849	-3.05173	-3.86378	175.271	
6.14867	0.025	0.040929	-14.8336	3.78973	172.568	
7.43309	0.025	0.0368719	-11.891	7.32347	224.751	
3.72616	0.025	0.0561976	-30.2191	0.580942	211.206	
1.02123	0.025	3.01724	16.326	-9.39258	250.487	
14.5931	0.025	0.0273438	-22.7592	6.60981	232.45	
7.32708	0.025	0.0371529	4.48718	-14.9644	205.032	
3.06482	0.025	3.11194	-71.6831	-0.964932	176.616	
0.563917	0.025	0.276278	-6.88801	0.592743	226.398	
6.85189	0.025	0.0385193	-16.0541	3.36523	185.332	
2.04591	0.025	0.0880583	50.0978	16.9149	148.991	
7.25593	0.025	0.0373461	45.1805	-0.807466	215.693	
0.445549	0.025	0.347345	-126.488	-45.9173	220.207	
4.72855	0.025	0.0479814	24.2249	-10.1927	183.374	
17.1716	0.025	0.0258586	-21.1333	2.924	232.15	
5.52557	0.025	0.0435769	22.3803	-0.247533	224.182	
1.69827	0.025	0.102543	-20.9948	-2.74192	243.71	
0.579093	0.025	2.90715	95.8127	-6.59192	235.077	
8.54322	0.025	0.0343484	-26.0247	-4.68151	256.52	
0.503124	0.025	2.86809	-132.855	1.85097	148.064	
2.94314	0.025	0.0665129	-0.65642	5.04455	206.91	
12.227	0.025	0.0292579	-14.6414	11.3032	210.826	
0.164284	0.025	1.09027	-165.129	-7.51796	72.9134	
4.92127	0.025	3.12971	55.1227	-6.23761	142.872	
7.04586	0.025	0.0379393	-9.77606	4.9724	226.603	
1.38408	0.025	0.121923	-45.6924	7.21056	183.107	
9.30818	0.025	0.0329598	18.5016	-2.8068	222.17	
13.5737	0.025	0.0280866	-45.5971	3.91235	239.682	
7.55149	0.025	0.0365674	17.7372	-6.65466	199.616	
2.9028	0.025	0.0671952	-28.8631	-1.3784	169.607	
2.34757	0.025	0.0789732	17.852	6.45345	168.834	
2.93989	0.025	3.10993	-21.262	0.259967	199.689	
0.147085	0.025	1.78207	61.9425	-2.97285	130.526	
0.844858	0.025	0.18913	-40.5825	2.93684	211.602	
3.08574	0.025	0.0642441	-40.0276	-7.09595	201.86	
6.32217	0.025	0.0402847	9.33987	-0.900862	184.404	
7.21554	0.025	0.0374575	1.15188	1.57387	164.566	
14.2829	0.025	0.0275587	-4.81591	-4.52668	222.469	
6.15235	0.025	0.040915	5.06528	2.21385	213.219	
1.56029	0.025	0.110088	90.3088	0.438987	177.619	
1.15729	0.025	0.142494	-9.59898	22.8362	214.861	
11.7297	0.025	0.0297583	-12.3991	9.11968	216.4	
0.642465	0.025	0.24404	-2.32401	-3.8806	185.117	
0.760812	0.025	0.208317	80.6772	4.21725	118.046	
9.14878	0.025	0.03323	19.9824	2.18561	213.427	
14.7821	0.025	0.0272174	16.5929	4.96125	239.765	
0.222115	0.025	2.45172	35.1582	2.62875	126.829	
10.8463	0.025	0.0307607	-11.3326	-9.16388	236.089	
2.61365	0.025	0.0727036	33.6564	-7.03791	218.825	
5.05344	0.025	0.0460182	47.7214	14.7787	220.309	
5.56621	0.025	0.0433861	29.4057	11.0222	168.431	
0.528605	0.025	0.294007	-44.8577	5.61194	107.041	
0.494167	0.025	0.313844	57.6996	-23.462	225.797	
10.6836	0.025	0.0309633	2.53027	-4.26266	215.539	
1.04766	0.025	0.155658	-126.337	3.22363	248.625	
0.322261	0.025	2.69466	82.2659	3.1344	155	
6.59494	0.025	0.0393402	-27.8668	-8.82257	170.81	
12.029	0.025	0.0294522	-10.9979	8.1329	193.43	
0.201053	0.025	0.818204	71.5629	3.31322	174.263	
13.4626	0.025	0.0281744	20.4534	5.94503	236.216	
0.189593	0.025	0.882725	-242.474	-53.1423	177.445	
0.241541	0.025	2.51861	4.38281	6.824	271.948	
2.56913	0.025	3.10284	-22.1167	15.3866	221.756	
10.1311	0.025	0.0317002	4.88915	0.821025	194.553	
0.144967	0.025	1.68195	27.7733	25.48	121.464	
6.7049	0.025	0.0389812	-24.3022	6.57084	214.354	
9.07502	0.025	0.0333582	0.762179	13.0132	216.034	
9.73638	0.025	0.0322778	-9.79054	-25.3604	232.324	
0.822311	0.025	0.193886	115.955	5.08061	202.59	
9.59738	0.025	0.0324925	-29.8076	-0.695905	238.714	
7.65282	0.025	0.0363143	-44.2601	-6.5015	221.413	
2.89519	0.025	0.0673261	20.1873	2.91537	189.988	
0.784273	0.025	0.20254	-48.6174	4.01601	278.737	
1.8945	0.025	3.08279	1.30985	6.72849	229.809	
5.89466	0.025	0.0419408	13.4839	-3.82888	192.726	
1.1991	0.025	3.03839	9.0521	1.81728	218.555	
8.8385	0.025	0.0337839	-20.7428	-6.32088	202.333	
9.92877	0.025	0.0319905	13.0634	-11.3202	217.262	
8.61007	0.025	0.0342172	-6.43995	-5.18286	219.618	
7.62362	0.025	0.0363866	36.059	-4.9849	185.413	
10.0672	0.025	0.0317906	-24.2705	-0.334972	225.931	
7.34741	0.025	0.0370984	-20.9722	-4.72424	182.738	
0.713395	0.025	2.95532	-44.823	19.7516	152.776	
12.375	0.025	0.0291167	-73.0387	-2.05246	221.358	
0.330528	0.025	0.469345	10.9364	22.9179	215.729	
0.315488	0.025	2.68388	42.4361	44.9765	228.943	
9.10248	0.025	0.0333102	-3.79129	5.86373	199.036	
0.268102	0.025	0.585926	12.2757	-11.1987	219.208	
8.29903	0.025	0.0348455	26.8093	4.44736	210.333	
8.26447	0.025	0.0349183	-10.4761	-3.3239	216.214	
5.8373	0.025	0.0421815	-19.0551	-1.61946	204.281	
6.2372	0.025	0.0405958	2.26361	10.8067	197.434	
10.7771	0.025	0.0308461	55.1841	-14.7041	211.715	
0.821878	0.025	0.19398	-30.0269	-21.3289	230.608	
0.441996	0.025	2.8264	-55.7862	-29.1004	271.389	
0.404701	0.025	2.79438	-1.06736	15.4215	179.509	
1.01653	0.025	3.01658	7.70186	-5.59184	224.309	
0.264276	0.025	0.5952	-152.075	-9.13285	166.264	
6.37661	0.025	0.0400897	-27.4573	-14.3373	243.55	
4.02996	0.025	0.0532755	14.05	0.389024	189.634	
6.83598	0.025	0.0385683	-0.695303	0.203783	163.28	
1.47231	0.025	3.06086	44.8316	-3.08021	167.146	
1.74548	0.025	0.100237	57.977	7.17966	174.03	
12.1126	0.025	0.0293694	7.22951	3.14958	251.322	
7.87977	0.025	0.035771	26.9797	5.04284	159.47	
4.90172	0.025	3.1296	-13.39	0.289919	176.617	
0.793735	0.025	2.97619	-120.757	-5.78783	190.514	
3.70929	0.025	0.0563739	-25.2684	-2.4579	151.506	
4.20284	0.025	0.0518015	-3.05919	3.73639	240.25	
0.729442	0.025	0.216633	-73.9465	-2.68678	238.744	
0.463091	0.025	2.8421	-67.6505	2.26772	272.038	
3.45207	0.025	3.11722	29.8242	3.26568	203.414	
3.95963	0.025	0.0539121	10.6564	-7.60062	189.474	
2.79128	0.025	0.0691843	43.0296	3.11646	183.923	
0.178013	0.025	0.962956	-68.9342	-9.47125	77.4523	
5.14379	0.025	0.0455163	10.715	-0.788883	173.102	
7.3252	0.025	0.037158	2.57417	-10.7172	186.986	
0.262625	0.025	2.57719	104.745	37.4563	258.707	
15.4116	0.025	0.0268185	-23.0181	5.32714	206.536	
1.97961	0.025	3.08607	-51.0227	-1.29467	200.245	
2.78698	0.025	0.0692643	-33.099	0.426352	173.657	
4.6675	0.025	0.0483809	-69.7167	-10.0133	199.523	
0.342111	0.025	2.72352	-82.1302	-25.3774	139.018	
2.19059	0.025	0.083388	-17.4647	-2.73596	225.135	
2.3587	0.025	0.0786825	-38.6868	11.4198	176.467	
16.093	0.025	0.026422	-56.7008	3.62164	223.336	
1.9647	0.025	0.0909819	-23.4183	11.0974	227.171	
3.28671	0.025	0.0613811	50.0382	2.71313	189.837	
1.78183	0.025	0.0985441	-38.2432	-11.441	134.392	
0.40828	0.025	2.79772	-41.2843	15.6329	207.201	
3.30252	0.025	0.0611707	-0.344813	-1.27499	207.267	
1.44666	0.025	0.117388	6.52613	-11.0937	207.02	
3.53237	0.025	0.0583243	-21.4962	15.0738	196.254	
9.35451	0.025	0.032883	-12.7231	3.6779	195.034	
7.70381	0.025	0.0361895	-32.7172	0.0600324	197.605	
8.80877	0.025	0.033839	-18.2756	4.36012	205.563	
0.157935	0.025	1.17016	95.9234	14.6527	140.636	
3.07713	0.025	0.0643751	-26.9556	-1.36072	202.496	
1.7421	0.025	3.0761	-32.4535	-2.64294	178.365	
5.08888	0.025	0.0458192	1.58493	12.8863	218.896	
8.4206	0.025	0.0345944	5.92383	-9.7478	193.363	
0.800129	0.025	2.97767	-111.612	18.2585	182.279	
24.1122	0.025	0.0234392	42.9015	1.94001	255.055	
4.10112	0.025	0.0526538	-5.06349	-7.72694	169.374	
2.4673	0.025	0.0759845	-25.2947	1.0524	182.681	
8.2774	0.025	0.034891	-15.89	-2.27431	198.196	
1.37385	0.025	0.122704	26.7503	-1.65552	184.628	
2.83685	0.025	0.0683526	9.8916	-8.38887	184.32	
7.85175	0.025	0.0358364	-22.6852	8.44436	170.134	
15.1483	0.025	0.0269814	-15.0595	-2.71733	229.405	
2.49371	0.025	0.0753639	16.8585	4.90697	172.048	
11.8257	0.025	0.0296585	16.8499	9.18127	209.527	
1.98824	0.025	3.08639	8.35782	-4.86895	181.173	
3.76298	0.025	0.0558184	23.5483	-8.09668	197.142	
2.37123	0.025	3.09814	22.1997	-6.95744	202.945	
12.3667	0.025	0.0291245	17.9568	2.84246	209.895	
11.2534	0.025	0.0302793	-30.9644	6.98932	216.763	
7.18495	0.025	0.0375427	-1.5247	6.11832	193.102	
0.954862	0.025	0.169189	53.1691	12.2196	184.878	
0.788414	0.025	2.97494	78.7098	-0.818528	178.913	
8.89437	0.025	0.0336813	46.1861	-1.4505	173.943	
0.677941	0.025	0.231992	-25.4772	-16.4587	138.407	
2.33283	0.025	0.0793626	-23.5209	0.393328	156.151	
0.760847	0.025	0.208308	-119.271	12.0231	172.826	
13.5233	0.025	0.0281263	-0.0678462	4.51543	212.101	
7.25126	0.025	0.0373589	38.3737	-3.37438	192.415	
1.05018	0.025	0.155325	6.17495	12.3276	220.665	
1.35461	0.025	3.05229	107.762	-6.68226	199.845	
6.82953	0.025	0.0385883	9.93679	0.330284	229.645	
14.8931	0.025	0.0271446	-44.9492	0.236286	217.322	
1.51912	0.025	3.06389	78.002	-10.8741	221.431	
4.3716	0.025	0.050475	1.03406	6.53133	155.874	
14.8938	0.025	0.0271441	21.0886	11.0224	263.29	
1.16636	0.025	0.141517	-14.641	-0.133544	162.811	
7.75812	0.025	0.0360583	-9.42625	15.4906	211.738	
1.04097	0.025	3.01995	-9.24905	2.57665	151.064	
15.0753	0.025	0.0270275	-42.7801	1.594	237.962	
8.32231	0.025	0.0347969	-0.370469	-2.72789	176.746	
2.40864	0.025	3.09909	-115.532	-8.07612	138.386	
6.25629	0.025	0.0405252	30.9699	-3.57154	244.365	
4.0782	0.025	0.0528516	-6.63796	0.000784983	199.348	
3.32943	0.025	0.0608171	2.1901	0.776672	233.056	
3.49436	0.025	0.0587692	-17.6496	7.31305	195.913	
11.0552	0.025	0.0305091	28.9387	7.42131	191.575	
6.51137	0.025	0.0396212	-36.7165	-15.2374	222.097	
0.866906	0.025	2.99178	-24.1189	9.38644	204.348	
13.1055	0.025	0.0284665	-1.33102	0.0314671	240.148	
0.289896	0.025	0.538598	100.473	-2.98614	253.603	
7.8106	0.025	0.0359333	16.2547	-9.64269	220.507	
1.70668	0.025	0.102123	57.4573	0.733484	158.165	
13.4496	0.025	0.0281848	7.11172	1.21058	192.809	
6.96254	0.025	0.0381845	-0.0547289	-10.8317	193.439	
11.2254	0.025	0.0303112	14.9547	5.60329	224.596	
2.1726	0.025	0.0839349	-22.7732	9.24443	178.156	
2.51331	0.025	3.10159	-49.0691	-0.11175	174.677	
4.71369	0.025	0.0480777	52.2681	0.176086	195.701	
6.95877	0.025	0.0381957	-30.3411	5.64104	208.388	
5.88747	0.025	0.0419708	-32.0173	0.982307	188.441	
4.31942	0.025	0.0508741	45.764	2.79716	194.902	
3.00814	0.025	0.0654519	-39.8692	-6.30443	158.133	
12.019	0.025	0.0294621	-20.9109	-4.92228	210.115	
7.29749	0.025	0.0372328	-1.27639	2.26018	208.455	
0.612357	0.025	0.25539	6.20485	-18.8923	249.332	
6.32174	0.025	0.0402862	-34.2701	-7.89664	183.866	
5.07981	0.025	0.0458698	15.6769	2.59106	204.5	
6.90518	0.025	0.0383567	53.6434	-9.38371	192.687	
5.17737	0.025	0.0453343	4.26384	-7.10511	174.926	
7.3187	0.025	0.0371755	53.9713	6.10111	193.764	
4.98922	0.025	0.046386	-56.5192	-10.5739	166.937	
5.83015	0.025	0.0422118	28.4236	-7.75005	190.588	
5.78584	0.025	0.0424015	20.7474	3.35941	216.511	
7.11646	0.025	0.037736	38.9065	3.84625	196.762	
0.504459	0.025	2.86888	-139.159	-6.27138	170.952	
4.70994	0.025	3.1284	-21.5326	-1.24294	213.879	
0.562276	0.025	2.89945	-20.8459	23.221	271.567	
2.30404	0.025	0.0801372	-14.3567	-13.7192	212.581	
4.34508	0.025	0.0506766	19.2496	-7.28456	165.567	
0.603843	0.025	0.258811	101.601	-6.0891	227.521	
11.3366	0.025	0.0301851	-4.98399	0.646359	224.495	
10.3765	0.025	0.0313632	-36.1252	-1.75084	242.785	
7.17728	0.025	0.0375641	20.3392	3.59733	207.514	
1.93574	0.025	3.08442	-3.82125	-3.12073	194.477	
7.7947	0.025	0.035971	-29.993	4.57605	234.29	
4.40797	0.025	0.0502025	-50.5834	-4.44743	208.337	
8.85837	0.025	0.0337472	35.7639	1.31364	198.798	
6.4641	0.025	0.0397833	29.9304	1.58008	227.696	
10.7226	0.025	0.0309142	-12.1863	1.59663	200.184	
3.28408	0.025	0.0614162	-45.6921	1.16848	213.059	
2.28022	0.025	0.0807928	43.3831	5.41186	183.491	
10.6081	0.025	0.0310595	-35.3632	-1.31285	232.508	
11.7646	0.025	0.0297219	31.5558	1.87249	218.821	
10.5085	0.025	0.0311885	5.00634	-10.9532	198.776	
1.92609	0.025	3.08404	31.9422	5.44775	234.89	
10.8895	0.025	0.0307079	-6.5256	-5.45929	232.142	
1.23333	0.025	3.04175	29.8021	18.0511	266.22	
1.03325	0.025	0.157599	-43.1627	-2.28976	161.339	
0.842384	0.025	0.18964	75.1826	8.75994	192.383	
6.12892	0.025	0.0410047	19.9162	-1.27556	173.611	
0.742321	0.025	2.96337	-10.5991	-7.35726	163.247	
7.55575	0.025	0.0365566	-29.7903	12.7877	195.784	
4.57741	0.025	0.0489898	1.16332	1.37741	200.867	
8.58589	0.025	0.0342644	-23.3736	3.82801	222.553	
1.68556	0.025	0.103186	79.1584	-12.9009	189.504	
0.338727	0.025	0.45763	26.9931	0.868554	147.794	
9.13448	0.025	0.0332547	-32.5273	1.68631	160.62	
2.76999	0.025	0.0695823	18.48	13.6665	157.965	
4.44815	0.025	3.12659	-71.5374	7.37063	191.445	
8.36885	0.025	0.0347004	-41.0626	4.35475	238.975	
2.1248	0.025	0.0854328	-4.38822	-4.79893	208.691	
6.34229	0.025	0.0402122	-2.72198	9.79509	185.936	
1.74198	0.025	3.0761	14.1163	-19.6799	189.826	
4.48203	0.025	0.0496611	24.1305	-13.2323	174.882	
0.239431	0.025	2.51203	-23.0353	9.55997	150.627	
0.242437	0.025	0.655138	-12.1393	-20.0748	215.112	
1.08626	0.025	0.150718	-26.5517	-21.7784	259.001	
0.43801	0.025	2.82325	-110.113	21.5688	208.88	
7.4365	0.025	0.036863	-25.4208	-9.89933	201.139	
12.7169	0.025	0.0288031	19.8775	-1.27041	211.488	
3.07058	0.025	0.0644753	42.1054	-8.78374	159.106	
14.2598	0.025	0.027575	-4.69758	-4.59641	194.893	
11.8814	0.025	0.0296013	37.9607	5.77063	220.043	
11.365	0.025	0.0301533	-11.9088	2.2331	226.805	
0.228351	0.025	2.47484	66.3813	-10.1384	190.708	
0.78049	0.025	0.203448	10.4103	-1.94118	165.115	
0.609505	0.025	0.256525	20.3356	6.77125	177.353	
1.0653	0.025	0.153356	-16.9945	-16.2028	256.202	
6.06867	0.025	0.0412386	62.0794	2.7464	177.879	
11.5306	0.025	0.0299709	2.95717	-1.61267	193.216	
10.7613	0.025	0.0308657	22.9938	-6.40637	228.094	
7.27433	0.025	0.0372958	-4.56058	-2.959	202.932	
6.453	0.025	0.0398217	18.0743	8.43652	211.189	
0.953733	0.025	3.00713	-4.11811	12.3406	202.345	
0.927396	0.025	3.00278	12.5709	-8.92006	156.638	
3.6925	0.025	0.0565509	63.0052	-10.626	179.469	
0.215209	0.025	0.752549	63.6668	12.5214	151.707	
6.99136	0.025	0.038099	-21.8185	-2.46695	210.773	
3.272	0.025	3.11492	-38.3859	-5.77049	207.772	
7.6105	0.025	0.0364192	-27.5775	1.71577	219.759	
1.3978	0.025	3.05561	-46.2018	3.3132	142.146	
6.21414	0.025	0.0406817	3.89155	-3.15254	196.816	
9.97203	0.025	0.0319274	-13.1322	4.91863	188.398	
2.77291	0.025	0.0695274	7.80813	8.27202	182.154	
5.56231	0.025	0.0434043	46.493	6.17776	227.935	
4.04008	0.025	0.0531857	-24.2601	-8.34337	178.266	
0.205606	0.025	0.795629	42.357	-7.16791	115.632	
0.220528	0.025	2.44555	-37.9248	-16.09	216.376	
2.61088	0.025	3.10374	57.413	-17.8285	232.486	
4.1985	0.025	0.051837	-9.75151	-1.27786	181.5	
0.56846	0.025	2.90234	-24.1569	0.00737217	127.042	
10.9954	0.025	0.0305801	-17.2458	-6.22092	239.515	
11.963	0.025	0.0295184	59.3154	1.10615	229.781	
6.7551	0.025	0.0388212	19.5589	-1.33805	212.76	
3.34096	0.025	0.0606673	-11.6245	16.7061	182.575	
2.0958	0.025	0.0863747	-47.6527	-0.785234	196.057	
1.98961	0.025	0.0900596	-70.2613	7.61784	196.693	
0.771812	0.025	2.97094	21.0035	9.56699	239.257	
2.76707	0.025	0.0696373	37.4915	-11.6449	214.666	
4.86985	0.025	0.0470954	8.69744	-10.8655	184.089	
9.134	0.025	0.0332555	-28.3564	10.1652	198.578	
2.22759	0.025	0.0822913	62.7501	0.79728	229.179	
6.70483	0.025	0.0389814	-32.7569	5.17318	183.289	
0.259997	0.025	0.60597	-88.4465	-5.76807	24.0039	
3.11683	0.025	0.063777	-56.433	-5.82914	140.461	
7.41796	0.025	0.0369115	33.1135	-7.92812	192.549	
2.66403	0.025	0.0716576	-18.6371	-4.61574	200.853	
9.67531	0.025	0.0323713	-25.6115	9.08675	224.755	
3.50942	0.025	0.0585918	-59.216	4.24753	196.208	
9.65338	0.025	0.0324052	-2.26661	-4.06175	223.14	
7.85133	0.025	0.0358374	21.3328	4.20701	191.169	
4.3342	0.025	0.05076	-27.5349	-2.00609	164.841	
9.34639	0.025	0.0328964	15.5367	-8.18851	226.285	
2.95811	0.025	0.0662645	74.355	-1.78251	145.395	
3.17847	0.025	0.062878	20.938	0.945017	183.694	
0.173479	0.025	2.17637	-64.6061	-26.547	228.291	
6.80374	0.025	0.0386684	11.3616	-5.92579	149.279	
10.2327	0.025	0.0315587	-10.255	6.84834	222.572	
0.541097	0.025	0.287461	-83.7813	-34.3355	255.419	
3.34218	0.025	3.11585	-54.3123	9.07002	164.056	
1.27666	0.025	0.13075	-21.5075	3.98845	210.499	
1.62934	0.025	3.07035	-10.1675	8.08288	196.584	
0.487238	0.025	2.85831	32.9126	16.8565	270.375	
3.8399	0.025	3.12145	-57.6388	-5.16569	203.168	
0.730561	0.025	0.216324	68.7129	9.9508	174.175	
6.10137	0.025	0.0411111	-36.7823	-8.61278	146.36	
1.34597	0.025	0.124892	73.8733	22.4215	192.835	
12.9015	0.025	0.0286407	-43.9104	-1.89282	228.55	
4.7341	0.025	0.0479457	17.9502	-1.56979	171.637	
5.86593	0.025	0.0420608	-18.0475	11.6383	193.161	
7.84238	0.025	0.0358584	-30.5392	-5.37081	191.976	
11.472	0.025	0.0300348	-10.1401	22.9586	202.943	
7.06785	0.025	0.0378755	-16.5514	1.48722	209.505	
1.66104	0.025	3.07204	53.845	-3.61359	202.227	
1.00861	0.025	0.161045	-3.92194	0.629365	222.047	
1.16961	0.025	0.14117	-17.446	3.63144	176.714	
15.057	0.025	0.0270391	-25.2805	-2.56682	205.817	
7.46415	0.025	0.0367911	35.4245	8.14697	226.349	
0.377902	0.025	0.409335	-44.6647	-27.3389	338.651	
13.4899	0.025	0.0281527	16.1898	6.37762	204.191	
1.08076	0.025	0.151399	-40.4571	-13.394	192.252	
1.81949	0.025	0.0968619	16.6576	4.74116	233.009	
3.85052	0.025	3.12155	-48.1577	5.23988	236.838	
15.5565	0.025	0.0267313	-6.63817	-6.79459	244.321	
1.41956	0.025	0.119303	-11.3864	-19.0797	204.191	
7.81507	0.025	0.0359227	80.6539	1.98162	212.817	
8.01809	0.025	0.035455	-37.1979	2.8928	206.544	
3.45438	0.025	3.11725	15.1227	-14.1983	154.178	
4.4282	0.025	0.0500527	14.5603	14.1169	185.583	
3.49706	0.025	0.0587372	-76.9329	-18.0465	186.571	
1.15241	0.025	0.143026	-92.1685	25.1752	214.907	
7.64452	0.025	0.0363348	-19.407	-4.06522	197.764	
7.25731	0.025	0.0373423	21.7666	-1.25216	180.765	
8.67682	0.025	0.0340882	8.73456	-1.60452	204.09	
4.15786	0.025	0.0521732	5.2137	10.6244	146.332	
8.52374	0.025	0.034387	18.4301	0.913085	172.782	
5.11677	0.025	0.0456646	-4.60221	-7.69123	198.138	
0.506898	0.025	0.306183	-57.7895	-3.42607	268.097	
5.69011	0.025	0.0428213	19.5181	4.33636	185.277	
0.827141	0.025	2.98365	64.6619	10.3602	187.398	
3.1575	0.025	0.0631799	1.99328	-1.55515	215.995	
9.72936	0.025	0.0322885	12.6872	8.62398	225.222	
7.85773	0.025	0.0358224	48.4123	8.31777	150.723	
0.730973	0.025	0.21621	-64.0397	-7.63153	210.449	
1.30961	0.025	3.04861	-71.3502	2.42144	187.336	
7.6416	0.025	0.036342	-27.3807	5.35056	204.928	
8.31548	0.025	0.0348111	68.1063	2.44811	212.708	
1.81137	0.025	3.07928	-37.8305	4.47038	154.467	
1.12193	0.025	3.03004	6.92989	-27.8059	242.704	
10.1922	0.025	0.0316147	-34.3296	-4.7848	201.341	
7.49335	0.025	0.0367158	48.8568	-2.72179	220.608	
1.8185	0.025	0.0969051	36.5302	-6.19578	250.278	
4.71195	0.025	0.048089	-26.8426	-15.1908	188.406	
0.144408	0.025	1.62092	-115.04	-9.63843	115.265	
0.791555	0.025	0.200818	27.8162	9.50464	218.245	
2.29152	0.025	0.0804801	-32.4162	-0.0755557	247.051	
3.02628	0.025	0.0651641	-33.2821	-14.9596	209.677	
0.306831	0.025	0.50719	155.734	17.0327	188.172	
0.931964	0.025	3.00355	45.863	-13.5769	188.964	
1.91493	0.025	0.0928965	-52.6843	2.99568	232.339	
7.31157	0.025	0.0371947	5.73984	10.8904	201.674	
4.25757	0.025	0.0513597	13.3954	5.77345	192.065	
1.41034	0.025	0.119971	101.562	7.50303	149.865	
2.99773	0.025	3.11088	-10.3416	2.5187	191.576	
0.308309	0.025	0.504637	-10.6291	-8.70297	90.754	
5.77415	0.025	0.042452	26.4917	14.2709	214.482	
9.15392	0.025	0.0332211	-46.8434	-6.61858	220.346	
6.52542	0.025	0.0395734	-48.2762	7.66572	196.149	
0.898077	0.025	2.99763	-24.8	0.377978	184.687	
0.591055	0.025	0.264141	-45.5046	19.3124	272.863	
0.356903	0.025	2.74272	175.149	5.36222	209.828	
9.46482	0.025	0.0327031	5.68217	-2.7474	232.48	
0.74292	0.025	0.212973	37.6403	-3.47517	201.022	
3.6568	0.025	0.0569329	1.43862	-11.3761	148.504	
4.68641	0.025	0.048256	32.1341	9.19563	210.026	
6.17755	0.025	0.0408193	-16.4745	5.05981	204.146	
10.1358	0.025	0.0316935	24.8291	-9.51046	189.313	
0.700646	0.025	2.95156	-116.004	10.4259	220.103	
2.50924	0.025	0.0750051	-25.4012	-8.29606	203.358	
5.72727	0.025	0.0426567	40.1735	7.3623	191.81	
5.29067	0.025	3.13176	21.6481	-0.513259	180.496	
0.575133	0.025	0.271118	63.5432	12.9158	270.581	
13.5911	0.025	0.028073	-40.1185	-4.07859	217.46	
13.0888	0.025	0.0284806	39.3627	-11.0883	249.919	
6.58629	0.025	3.13713	-9.18959	-4.64158	179.145	
2.61678	0.025	3.10386	13.1355	-5.68971	185.198	
6.33099	0.025	0.0402529	13.3052	8.25763	215.671	
6.15361	0.025	0.0409102	-21.0708	-0.322165	207.829	
4.25589	0.025	0.0513731	-21.1775	9.93843	176.754	
5.11732	0.025	0.0456615	-2.07922	-19.5436	207.324	
0.859367	0.025	0.186204	-96.1012	2.5985	201.751	
11.563	0.025	0.0299358	-18.2752	4.30138	237.869	
6.8805	0.025	0.0384317	26.8381	14.7623	177.493	
3.24963	0.025	0.0618826	35.958	19.2476	221.964	
0.495258	0.025	0.313171	40.5766	-4.52353	215.312	
2.46598	0.025	0.0760158	-23.8984	2.14512	137.319	
1.51127	0.025	0.113103	-70.7664	-20.5219	219.57	
3.52593	0.025	0.058399	-72.0698	-9.67838	217.225	
4.61714	0.025	0.0487183	-11.6605	-3.45138	231.144	
8.31088	0.025	0.0348207	14.8796	-4.738	216.951	
4.09798	0.025	0.0526807	49.5124	14.0995	184.347	
13.7115	0.025	0.0279798	-16.6899	-9.11029	174.921	
2.5095	0.025	0.0749991	45.2857	3.70562	191.634	
3.98624	0.025	3.12283	6.11585	3.20328	152.386	
2.93127	0.025	0.0667117	-5.3851	14.13	248.863	
0.611262	0.025	2.92067	-42.4699	-7.78481	226.585	
9.77945	0.025	0.0322125	12.8221	-3.06281	234.325	
5.75781	0.025	0.042523	-21.0313	-6.3514	195.058	
4.83344	0.025	0.0473187	22.4025	-8.77579	184.994	
0.808776	0.025	0.196871	161.025	-9.35812	240.658	
0.880531	0.025	0.18211	-112.453	1.4555	141.155	
3.67452	0.025	3.11976	-33.1262	9.52968	198.889	
7.07517	0.025	0.0378544	-9.08223	5.57072	205.744	
5.74897	0.025	0.0425615	-18.7846	5.86689	192.159	
5.4415	0.025	0.0439806	-34.6638	4.07935	185.104	
4.52476	0.025	0.0493568	-4.20813	17.3274	151.906	
0.656633	0.025	0.239068	71.163	3.6818	158.181	
10.1864	0.025	0.0316228	-24.34	8.97449	239.487	
7.78433	0.025	0.0359956	-1.02712	-7.18021	205.656	
5.67493	0.025	0.0428892	49.5185	16.757	154.143	
0.582586	0.025	0.267803	-59.4135	3.0565	187.262	
9.25285	0.025	0.0330525	27.0106	-10.4881	224.912	
0.145055	0.025	1.48829	-112.64	-18.0589	148.198	
5.40103	0.025	0.0441794	1.43782	-4.06392	194.642	
12.5979	0.025	0.0289103	27.9725	-0.588471	226.214	
0.728336	0.025	0.21694	67.096	10.9382	169.105	
2.85548	0.025	0.0680202	-25.0631	-2.55013	153.858	
9.42559	0.025	0.0327666	11.9267	7.03429	214.841	
0.355855	0.025	2.74142	2.83325	-5.44726	234.814	
0.365933	0.025	2.75361	-50.0761	-3.80025	209.196	
1.42278	0.025	0.119071	-10.4724	-15.9667	195.171	
0.144563	0.025	1.6449	-42.9673	-11.3425	287.116	
2.41831	0.025	0.0771715	-50.5629	10.7239	183.981	
11.4551	0.025	0.0300534	-20.4618	12.594	219.386	
4.54441	0.025	0.0492188	10.7408	5.55908	190.955	
5.24841	0.025	0.0449568	11.6747	-19.5659	185.685	
25.7052	0.025	0.0230682	-23.3042	-3.69155	248.618	
1.45573	0.025	0.116764	-96.4371	11.7178	182.465	
0.720433	0.025	0.219158	92.0184	19.3808	201.735	
5.53782	0.025	0.0435191	-21.8162	-3.68242	206.388	
4.71056	0.025	0.048098	-27.0327	0.85593	205.877	
8.81918	0.025	0.0338196	-0.495926	9.85946	212.944	
5.31342	0.025	0.0446202	12.1047	-0.0624134	191.513	
0.700612	0.025	0.224946	-9.29509	2.01817	258.04	
1.16094	0.025	3.0344	-6.29668	12.3215	246.404	
2.67457	0.025	0.0714439	36.1641	10.6983	182.482	
10.094	0.025	0.0317526	-16.3345	5.97556	190.224	
5.26064	0.025	0.0448928	-38.774	-1.94416	234.626	
9.856	0.025	0.0320978	40.628	3.74629	201.099	
3.4545	0.025	0.0592462	-49.4619	1.32001	162.472	
0.843528	0.025	2.9871	4.17768	7.42335	212.202	
13.287	0.025	0.0283161	55.3222	7.50621	246.16	
2.94752	0.025	3.11006	46.806	-5.36741	203.651	
8.30456	0.025	0.0348339	-2.59012	5.57475	212.549	
8.91156	0.025	0.03365	25.5612	-8.16937	160.738	
11.7533	0.025	0.0297337	-17.6643	-3.84759	179.289	
0.181714	0.025	2.24123	-115.527	-9.6047	-155.718	
5.60431	0.025	0.0432098	7.74563	2.79121	173.35	
11.5402	0.025	0.0299605	-17.4995	-6.4942	206.142	
7.97764	0.025	0.0355463	28.034	-7.95505	196.007	
12.935	0.025	0.0286117	-24.8815	-4.9494	243.05	
8.1322	0.025	0.0352024	-9.02702	12.9665	173.75	
14.3388	0.025	0.0275193	13.1758	8.73345	232.157	
5.36476	0.025	0.0443602	21.6245	-1.54189	151.199	
4.71922	0.025	0.0480418	10.665	-6.82554	211.283	
1.56617	0.025	3.06676	-26.3367	11.6927	237.314	
4.65684	0.025	0.0484517	-27.6601	3.00359	159.268	
0.203733	0.025	0.80473	90.5935	15.3774	228.822	
2.02148	0.025	0.0889128	17.0558	3.63808	196.857	
2.53761	0.025	0.0743608	40.0732	-8.53339	219.737	
6.35542	0.025	0.0401652	34.4663	10.1894	202.765	
1.30378	0.025	3.04812	-44.8038	-7.97351	204.104	
1.08469	0.025	0.150912	-43.3698	-11.4959	239.965	
0.879665	0.025	2.99423	66.8787	1.81323	233.67	
6.31545	0.025	0.040309	46.4488	2.03004	147.208	
5.80322	0.025	0.0423268	20.5394	9.23989	181.515	
6.07561	0.025	0.0412114	77.1774	-6.20255	218.792	
5.80437	0.025	0.0423218	-2.13087	1.96162	183.337	
0.722699	0.025	2.95798	18.9466	15.2943	117.174	
7.77564	0.025	0.0360164	15.182	-3.50712	239.349	
5.50495	0.025	0.0436748	-23.3018	6.70627	181.822	
0.154219	0.025	1.94829	-98.9446	-13.7319	94.7398	
4.00818	0.025	3.12303	15.735	-5.87866	196.276	
5.43943	0.025	3.13251	-11.3571	12.3044	236.314	
3.60722	0.025	0.0574758	-3.11957	11.8234	163.607	
5.82714	0.025	0.0422246	-4.84554	2.66126	194.303	
3.52944	0.025	0.0583583	2.90356	5.92657	180.326	
4.03424	0.025	3.12326	35.9955	-8.14924	176.872	
0.553657	0.025	2.89531	83.9009	15.2876	301.975	
0.915128	0.025	0.175832	105.28	-8.39071	200.561	
0.27594	0.025	2.60862	18.7241	-17.6619	211.843	
8.91092	0.025	0.0336511	53.3837	-4.06155	232.679	
9.02216	0.025	0.0334514	-10.0148	8.94068	199.265	
1.62129	0.025	0.106594	58.635	5.50876	196.857	
5.63562	0.025	0.0430667	-2.96486	-7.88364	151.736	
7.30809	0.025	0.0372041	20.2353	-4.63178	243.831	
10.5839	0.025	0.0310906	-2.22719	4.57251	227.056	
12.921	0.025	0.0286238	-12.2617	-3.41402	255.252	
0.902456	0.025	2.99842	-0.265081	1.66656	233.296	
0.575484	0.025	0.27096	24.4344	7.36334	194.947	
3.803	0.025	3.12108	4.5485	11.0192	201.352	
1.62824	0.025	3.07029	-46.2157	-12.9233	202.346	
6.38452	0.025	0.0400617	-11.2769	-2.09144	199.544	
5.63608	0.025	0.0430646	-70.5036	1.9292	193.047	
1.45855	0.025	3.05993	16.8295	-10.2432	226.447	
0.460823	0.025	0.336018	-32.628	-1.83883	274.068	
1.9688	0.025	0.0908283	1.29628	-2.61177	209.636	
0.390242	0.025	0.396302	58.0358	15.1584	273.603	
8.32133	0.025	0.0347989	11.7489	14.0962	200.316	
9.13136	0.025	0.0332601	7.26989	3.19539	234.286	
3.15918	0.025	0.0631555	-2.87646	8.83284	178.126	
7.37047	0.025	0.0370369	1.03801	16.3879	187.708	
1.7092	0.025	0.101998	-38.9524	-19.6928	242.483	
0.710353	0.025	0.222061	23.1233	3.4903	155.219	
0.560607	0.025	2.89866	-36.753	-36.2482	301.067	
21.9699	0.025	0.0240229	-26.9112	0.349162	245.952	
1.78938	0.025	0.0982008	-12.7125	-3.58458	229.169	
14.8784	0.025	0.0271542	15.5121	-3.52065	213.085	
2.10107	0.025	0.0862016	70.7921	-2.03563	205.551	
3.05086	0.025	0.0647794	59.2686	-8.48909	199.2	
2.40223	0.025	0.0775718	-50.1844	0.376019	222.351	
5.68576	0.025	0.0428407	1.88128	-8.90288	184.813	
1.05293	0.025	0.154962	80.7615	7.30779	181.865	
4.38006	0.025	0.0504112	6.99598	-5.87198	187.995	
8.49433	0.025	0.0344456	0.586398	11.6781	169.059	
3.98551	0.025	0.0536752	-56.0602	-5.08312	168.843	
0.512098	0.025	2.87333	34.768	-11.5545	164.212	
11.4853	0.025	0.0300203	-25.8637	-5.1418	189.998	
6.84002	0.025	0.0385559	-16.9693	4.57255	235.5	
0.332847	0.025	2.71053	-40.6027	-0.267612	174.907	
0.249116	0.025	0.635414	-29.053	24.7234	200.322	
0.380916	0.025	0.406067	-13.2052	-7.1541	118.482	
1.3749	0.025	0.122623	-28.3235	-16.3696	207.819	
0.40388	0.025	2.7936	39.34	13.1985	239.225	
7.18847	0.025	0.0375328	31.6647	-8.51705	189.479	
2.83337	0.025	0.0684151	60.5423	3.42701	225.211	
11.2891	0.025	0.0302386	43.2373	6.21359	238.223	
0.275282	0.025	0.56935	95.2562	38.8503	207.27	
7.15601	0.025	0.0376239	37.301	-6.86801	228.231	
7.2208	0.025	0.0374429	-16.5868	-9.65638	234.13	
5.49193	0.025	0.043737	-22.0902	-4.32726	195.649	
7.87443	0.025	0.0357834	-5.35703	-11.2419	207.181	
10.631	0.025	0.0310302	-25.1594	-2.58189	179.131	
5.96122	0.025	0.0416674	10.1589	7.89238	209.542	
4.36947	0.025	0.0504911	-0.871124	4.2128	169.36	
3.18376	0.025	0.0628024	-13.063	-2.98305	137.104	
14.8903	0.025	0.0271464	6.71318	4.83436	208.628	
6.49875	0.025	0.0396642	-8.68993	0.456261	212.817	
0.686883	0.025	0.229156	16.8668	5.70543	201.477	
0.465001	0.025	0.333056	33.374	20.8655	283.033	
1.62884	0.025	0.106179	33.1833	-7.38455	211.968	
7.05827	0.025	0.0379033	-38.5781	-8.54697	181.676	
0.940281	0.025	3.00494	64.8058	4.64248	200.597	
1.32424	0.025	3.04984	48.6024	-19.6715	167.513	
6.71782	0.025	0.0389398	-2.589	-18.7873	231.569	
2.56533	0.025	0.0737453	-28.9448	7.7434	180.922	
0.380352	0.025	0.406674	-88.5401	4.28944	307.486	
5.42901	0.025	0.0440417	-14.4879	-6.76991	177.18	
0.218095	0.025	0.740648	77.1595	-0.943543	213.043	
11.4741	0.025	0.0300325	5.2566	-0.818599	218.603	
9.25736	0.025	0.0330449	-34.0163	4.50866	199.402	
1.3513	0.025	3.05203	-21.4359	-5.91929	211.83	
3.37615	0.025	0.0602166	8.33437	2.99475	213.072	
0.176961	0.025	0.971235	-69.845	2.74278	265.802	
16.6399	0.025	0.0261272	5.60511	-4.00348	224.914	
3.89959	0.025	0.0544737	-17.8749	-4.1206	165.058	
1.55458	0.025	0.11043	29.3171	2.40725	215.705	
5.48413	0.025	0.0437744	-34.2271	11.9391	169.495	
8.13843	0.025	0.0351888	-19.1971	3.16596	181.384	
0.356207	0.025	0.43464	67.7335	3.2061	192.144	
4.70844	0.025	0.0481119	-5.44979	-5.74492	204.195	
4.52223	0.025	0.0493747	-48.2712	-4.77452	177.573	
0.7383	0.025	2.96229	-19.5231	-14.0833	224.852	
0.537773	0.025	0.289172	-21.8629	-1.26318	154.235	
0.770694	0.025	2.97066	35.2767	-15.1141	205.877	
12.269	0.025	0.0292174	-34.885	10.3818	212.43	
0.660337	0.025	0.237804	90.6452	20.0288	197.201	
3.96041	0.025	0.0539049	17.5009	10.3074	190.854	
0.33172	0.025	0.467603	31.9233	-31.4032	277.767	
8.8938	0.025	0.0336823	26.4178	3.19765	225.634	
6.42533	0.025	0.0399181	32.758	-5.96243	196.348	
13.9734	0.025	0.0277825	14.652	4.33919	220.814	
6.98139	0.025	0.0381285	9.91867	6.15265	189.371	
9.17101	0.025	0.0331917	44.5045	-13.5679	224.963	
0.451865	0.025	0.342563	109.625	26.8257	137.709	
0.472227	0.025	0.328064	-112.974	19.9751	291.556	
6.10309	0.025	0.0411044	38.4138	6.66937	186.606	
7.42888	0.025	0.0368829	37.9397	-6.73724	215.08	
1.79483	0.025	0.0979554	-5.16635	5.13073	204.424	
2.87147	0.025	0.0677384	-47.5397	-4.47085	182.299	
14.7709	0.025	0.0272248	-43.4476	-1.61145	234.152	
8.37799	0.025	0.0346816	11.4939	-17.6249	201.502	
6.23603	0.025	0.0406001	53.9908	-1.74254	189.126	
4.27318	0.025	0.0512358	-15.2484	-1.27668	202.478	
8.95493	0.025	0.0335715	-26.1	-16.6407	233.397	
11.0342	0.025	0.030534	-76.8521	-12.9958	234.046	
5.70362	0.025	3.13374	0.550642	-9.85251	216.326	
0.229426	0.025	0.697845	-59.9431	-14.5318	14.1357	
3.65941	0.025	3.11959	-27.6066	5.97491	200.067	
9.00781	0.025	0.0334769	29.0129	13.0948	242.259	
0.298591	0.025	2.65454	38.1137	-12.4611	246.499	
0.967082	0.025	0.167257	41.8645	2.08951	225.81	
7.49477	0.025	0.0367121	18.5875	10.6213	208.818	
1.5388	0.025	0.111386	-93.6023	1.95509	126.487	
3.11099	0.025	3.11264	10.4538	6.52292	212.13	
12.627	0.025	0.028884	-16.995	-7.30043	221.794	
12.257	0.025	0.0292289	-5.2954	-3.12994	209.253	
2.07074	0.025	3.08929	-6.64317	-2.4049	200.918	
0.197936	0.025	0.834582	162.515	-16.1604	194.496	
1.19711	0.025	0.138314	-7.56371	-12.2819	129.067	
0.756297	0.025	0.209471	130.064	4.46049	141.748	
16.6992	0.025	0.0260964	46.4009	-3.25766	202.377	
4.3963	0.025	3.12621	11.0402	16.2911	191.813	
0.679056	0.025	2.94487	80.544	27.8491	219.804	
2.0691	0.025	3.08923	0.382033	12.7197	199.534	
4.397	0.025	0.0502842	-24.8628	-2.91829	228.497	
4.57096	0.025	0.0490343	4.40158	7.50479	154.332	
3.63474	0.025	0.0571726	43.0495	-2.07651	168.963	
7.70021	0.025	0.0361982	-26.5797	-6.19658	193.166	
5.47145	0.025	0.0438354	10.9809	-7.88367	161.837	
10.5885	0.025	0.0310846	24.1749	5.28725	201.325	
2.25188	0.025	0.0815911	21.7934	-16.6562	186.826	
0.603121	0.025	2.91739	-30.3004	-30.7159	246.755	
17.6251	0.025	0.0256423	22.3037	0.594314	239.634	
2.0064	0.025	0.089451	87.6884	16.6549	206.164	
6.9182	0.025	0.0383174	-27.0589	3.23057	210.347	
3.75869	0.025	3.12064	-35.4084	8.87476	183.759	
2.20442	0.025	0.0829739	48.9338	-2.65397	210.505	
3.3972	0.025	0.0599515	43.551	7.2106	193.169	
9.10051	0.025	0.0333137	-0.701518	4.82212	208.936	
1.44009	0.025	0.117846	0.291232	6.03353	131.194	
1.30048	0.025	0.128666	-28.7034	-9.10005	179.804	
8.88271	0.025	0.0337026	-34.7594	-7.19805	213.227	
2.47257	0.025	0.0758595	4.50108	6.53235	231.34	
7.98008	0.025	0.0355407	-17.6131	1.67223	182.694	
7.99178	0.025	0.0355143	20.1841	8.58443	184.587	
8.04448	0.025	0.0353959	27.8042	2.36346	203.823	
5.99885	0.025	0.0415155	43.5201	6.73719	158.383	
7.49422	0.025	0.0367135	-3.05776	15.3408	211.358	
2.1441	0.025	0.0848197	-43.7002	-8.51342	227.221	
4.91955	0.025	0.0467958	-5.47225	-6.38822	164.05	
6.40664	0.025	0.0399836	-9.2702	4.23532	174.265	
4.29187	0.025	0.0510886	-54.1887	-6.77242	196.9	
10.3585	0.025	0.0313874	-29.0177	-2.07505	220.484	
12.9754	0.025	0.028577	55.8371	-0.00553809	207.603	
2.28597	0.025	0.0806333	30.2219	13.2721	241.713	
4.32401	0.025	3.12566	-17.4086	-7.23111	225.228	
1.44369	0.025	0.117595	-43.1743	8.02631	210.573	
1.8529	0.025	0.095427	77.0254	12.2557	199.8	
1.71678	0.025	0.101624	67.0792	2.08168	218.967	
7.48377	0.025	0.0367404	-45.7726	-6.68123	201.109	
0.986528	0.025	0.164283	53.4605	-12.8446	269.765	
11.0335	0.025	0.0305349	-25.6943	2.90195	229.694	
5.81523	0.025	0.0422754	4.58344	-8.13491	160.94	
3.16381	0.025	0.0630886	-25.1365	4.05884	212.688	
7.23306	0.025	0.037409	10.6066	-4.14651	205.499	
11.0063	0.025	0.0305672	-27.3615	-4.50016	217.866	
1.58279	0.025	0.108768	53.6872	0.734108	189.265	
1.56505	0.025	3.06669	-26.247	-15.3345	221.728	
1.10253	0.025	0.14874	19.6611	11.5532	270.825	
7.47101	0.025	0.0367734	-6.2566	10.1373	188.378	
4.76897	0.025	0.0477226	2.97351	10.0745	219.291	
10.3491	0.025	0.0314	-26.764	18.2509	254.636	
0.624084	0.025	0.250835	14.2884	-11.2569	269.878	
0.891361	0.025	2.99641	-44.3029	26.8113	188.089	
8.19497	0.025	0.0350664	-1.09047	15.9417	201.909	
6.43844	0.025	0.0398723	3.3319	14.6678	211.011	
8.84238	0.025	0.0337767	47.0209	4.11908	211.473	
5.04094	0.025	0.0460891	-0.745512	1.16653	182.169	
1.49201	0.025	0.114341	5.0797	-2.81167	176.532	
3.42882	0.025	0.0595594	22.3385	4.14716	216.812	
10.27	0.025	0.0315075	3.61732	0.432324	192.781	
2.79834	0.025	3.10745	-68.1844	-0.114771	217.049	
6.28333	0.025	0.0404258	7.68934	1.14686	226.817	
1.73528	0.025	3.07577	0.951557	1.39544	188.367	
2.35577	0.025	3.09774	70.641	4.69687	135.691	
2.23713	0.025	0.0820145	37.117	7.10832	228.311	
12.4118	0.025	0.0290821	59.6867	2.61565	218.166	
4.61509	0.025	0.0487322	-13.6035	11.2244	222.905	
0.368274	0.025	2.75634	21.7856	-17.1813	201.684	
8.36606	0.025	0.0347062	3.27364	6.36891	195.374	
1.19635	0.025	3.03811	-70.7834	11.9873	150.265	
2.71933	0.025	3.10594	45.531	-12.6324	214.156	
5.22816	0.025	0.0450634	-16.6963	9.71469	226.588	
8.40111	0.025	0.0346342	-2.55733	3.31297	229.688	
0.146318	0.025	1.75323	-47.0862	-19.7992	219.527	
9.67651	0.025	0.0323695	-17.7201	-9.45344	204.392	
9.50069	0.025	0.0326455	43.7599	2.76703	222.453	
0.639054	0.025	0.24527	-44.9873	-34.8289	235.441	
0.395582	0.025	2.78557	91.3112	10.4959	236.446	
3.31292	0.025	3.11547	-11.5236	-17.0536	185.065	
12.5078	0.025	0.0289929	-48.4912	-12.1365	223.088	
9.27126	0.025	0.0330215	-26.1326	-4.17439	192.851	
5.5698	0.025	0.0433694	-5.0456	-1.99293	160.545	
0.16632	0.025	2.1083	28.3269	-3.57603	268.713	
14.04	0.025	0.0277335	12.2631	2.47241	232.881	
29.6009	0.025	0.0223292	-33.4774	0.0363966	229.215	
5.16349	0.025	3.13109	-10.3033	7.19093	214.723	
0.410471	0.025	0.376758	-21.3092	13.0037	314.258	
2.28832	0.025	3.09593	-0.391479	-2.26242	197.557	
0.71684	0.025	0.220183	89.2063	9.34329	245.971	
11.1801	0.025	0.0303633	9.4136	12.2843	231.865	
1.06775	0.025	0.153042	-6.25186	0.4587	267.949	
6.62749	0.025	0.0392327	-5.19078	4.2504	177.926	
4.70239	0.025	0.0481513	9.15129	-10.3424	151.031	
5.65504	0.025	0.0429787	14.0516	-8.59733	238.538	
5.55252	0.025	0.0434501	-3.76781	-10.2016	178.99	
1.09579	0.025	3.02695	15.5301	10.8665	207.454	
0.166853	0.025	1.06264	207.654	29.8242	21.3644	
0.312193	0.025	2.67844	171.493	41.6439	247.569	
6.88455	0.025	0.0384194	-64.5945	-0.391397	166.044	
6.56163	0.025	0.0394513	59.3183	-3.34353	199.424	
0.804723	0.025	2.97871	65.1659	-9.2674	231.553	
3.01633	0.025	0.0653216	-35.7433	-1.07245	237.387	
9.4297	0.025	0.0327599	-56.0304	-3.81578	182.944	
0.447796	0.025	0.345627	-1.27142	-2.59737	235.369	
10.1828	0.025	0.0316279	-28.9073	-21.4441	194.164	
43.4241	0.025	0.0207771	-6.21451	2.47795	269.529	
0.84795	0.025	0.188498	-43.0873	-9.05788	177.699	
1.31532	0.025	0.127406	76.7291	-5.55265	154.054	
1.6504	0.025	0.105018	-9.94393	1.9718	225.531	
7.34239	0.025	0.0371118	-6.16326	-3.71525	154.523	
1.50954	0.025	0.113212	-84.7494	-15.4721	227.719	
1.32052	0.025	3.04953	-134.826	3.11376	185.535	
7.07884	0.025	0.0378438	40.6011	-9.64232	211.574	
7.44833	0.025	0.0368322	-19.1753	-8.076	212.195	
5.65315	0.025	0.0429872	15.9392	14.5221	185.893	
2.51696	0.025	3.10167	-5.93165	5.12238	216.616	
0.305828	0.025	2.66756	-44.5114	3.07109	189.514	
7.47134	0.025	0.0367725	44.263	7.14567	207.56	
6.50024	0.025	0.0396591	7.15691	-4.01647	201.138	
0.253955	0.025	0.621933	172.794	17.5873	115.996	
7.31956	0.025	0.0371732	24.5585	2.07314	229.066	
5.88302	0.025	0.0419893	-10.8272	-4.01118	177.738	
6.33131	0.025	3.13625	1.59211	2.53691	236.448	
6.81084	0.025	0.0386463	-9.39628	-7.17543	187.079	
10.3158	0.025	0.0314451	2.20516	12.6375	196.307	
12.9377	0.025	0.0286094	22.6661	0.0848225	219.191	
8.59234	0.025	0.0342518	16.7469	3.32594	184.843	
5.72175	0.025	0.042681	0.744123	-4.97775	192.432	
2.21488	0.025	3.09384	-33.0205	-10.6007	205.9	
9.83286	0.025	0.0321323	-15.5816	-2.55513	175.996	
1.83102	0.025	0.0963608	56.9529	2.6852	240.688	
0.840707	0.025	0.189987	-16.1549	-25.0426	228.365	
6.10103	0.025	0.0411124	-25.358	-10.177	193.435	
1.79281	0.025	0.098046	63.5667	-19.7778	185.485	
2.40783	0.025	0.0774317	6.154	-0.325632	189.55	
5.27731	0.025	0.0448061	-7.46466	2.96159	179.459	
0.534241	0.025	0.291014	63.7417	1.42027	226.448	
12.908	0.025	0.0286351	-34.7354	4.52458	240.835	
7.40718	0.025	0.0369399	0.734431	0.881553	206.675	
1.83284	0.025	0.0962822	-6.70418	-2.05756	178.984	
0.334525	0.025	0.463555	57.3177	41.4494	285.071	
1.66115	0.025	0.104449	-34.6854	-1.89721	191.932	
3.56882	0.025	3.11859	56.6646	3.79234	207.012	
3.67294	0.025	0.0567593	-26.5569	-6.42574	205.045	
6.3638	0.025	0.0401353	37.883	-24.4579	171.034	
8.86409	0.025	0.0337367	-38.3561	-11.9036	191.812	
2.2408	0.025	0.0819086	-40.3398	9.13575	218.728	
3.118	0.025	0.0637596	49.4796	2.21927	184.341	
7.41226	0.025	0.0369265	9.03937	5.10991	164.338	
9.89812	0.025	0.0320355	11.5865	-2.69349	196.448	
1.36593	0.025	0.123316	-11.5072	9.52458	146.48	
0.214886	0.025	0.753909	-95.6868	-14.8258	196.404	
3.67928	0.025	0.0566915	-18.3727	-12.7525	163.513	
13.3096	0.025	0.0282976	-33.9808	-2.27466	201.712	
0.282555	0.025	0.553578	-121.66	-0.518401	253.652	
10.5578	0.025	0.0311243	-4.60468	-9.08297	219.231	
0.914869	0.025	3.00062	7.41533	10.6766	218.333	
8.21729	0.025	0.0350186	-13.3614	5.02718	173.695	
4.12407	0.025	3.12404	-1.25978	-9.55482	161.269	
2.94032	0.025	3.10994	-31.9592	-6.2799	222.142	
7.50532	0.025	0.036685	28.5167	-5.60459	204.561	
0.948167	0.025	3.00623	-29.9323	20.083	192.897	
8.10381	0.025	0.0352645	4.73892	2.13239	228.622	
3.64708	0.025	0.0570381	12.292	5.3935	224.445	
6.69876	0.025	0.039001	22.7143	-10.5459	192.319	
1.50411	0.025	0.113559	-29.4294	-12.549	217.992	
10.6185	0.025	0.0310461	-12.1235	-14.6356	240.402	
1.67883	0.025	0.103531	37.3001	-1.33542	193.572	
10.947	0.025	0.0306382	0.998399	-0.711284	177.748	
9.00804	0.025	0.0334765	38.5149	3.56494	169.708	
3.6838	0.025	0.0566434	12.2339	4.64695	198.201	
7.01671	0.025	0.0380244	-9.39558	20.237	220.036	
14.3708	0.025	0.0274969	8.14231	-7.56982	242.574	
8.30043	0.025	0.0348426	13.6259	-0.374291	186.452	
9.52802	0.025	0.032602	-1.4084	8.42385	179.026	
6.60841	0.025	0.0392956	-40.9867	-7.13779	187.754	
1.03365	0.025	0.157544	63.3398	-8.76532	183.149	
16.2043	0.025	0.0263604	37.8556	-3.74264	221.864	
10.0987	0.025	0.0317459	-3.82491	5.23098	208.001	
7.98672	0.025	0.0355257	-24.885	-10.3429	199.817	
1.14623	0.025	0.143707	-63.4598	-7.04217	220.661	
9.19897	0.025	0.0331439	36.3478	-4.33412	191.777	
12.9441	0.025	0.0286039	-18.9453	-0.0516378	236.421	
4.90827	0.025	0.0468633	-40.3665	4.44095	163.407	
13.6617	0.025	0.0280182	52.842	1.04754	235.576	
13.0086	0.025	0.0285486	16.9593	-3.00818	236.32	
0.422467	0.025	2.81039	-25.6418	-7.80748	218.639	
0.46603	0.025	2.84416	-32.3757	-15.6655	227.682	
10.0423	0.025	0.0318261	16.0875	1.35589	192.656	
4.99498	0.025	0.0463526	-4.5251	-3.07495	195.236	
0.414239	0.025	0.373344	158.224	4.25899	113.258	
8.32079	0.025	0.0348	16.3977	13.6783	173.866	
7.62548	0.025	0.036382	19.2998	8.41881	202.716	
0.4598	0.025	2.83975	-75.2375	21.918	126.224	
5.50531	0.025	0.0436731	-5.61741	-7.0423	215.068	
1.92206	0.025	3.08388	31.3029	-2.81987	188.164	
10.157	0.025	0.0316638	56.2021	-2.1918	226.005	
3.6261	0.025	0.0572673	32.4614	6.51757	196.85	
8.18933	0.025	0.0350785	1.40914	6.37891	189.222	
5.55041	0.025	0.04346	-51.7163	-8.21118	200.109	
12.738	0.025	0.0287844	-31.0397	-4.16197	186.491	
0.93737	0.025	3.00446	14.4307	9.61276	182.966	
6.32385	0.025	0.0402786	43.9831	9.34937	201.71	
5.02944	0.025	0.0461546	-2.76304	0.80178	200.669	
9.09432	0.025	0.0333245	27.689	12.464	217.071	
6.08344	0.025	0.0411808	64.5732	0.961647	171.463	
5.23184	0.025	0.0450439	13.8215	-1.78515	173.632	
1.60086	0.025	0.107734	12.497	-24.3581	210.399	
2.7814	0.025	0.0693683	-4.31527	-6.1277	179.507	
9.02208	0.025	0.0334516	3.48453	13.0235	199.506	
0.342163	0.025	0.452906	-49.4635	4.87748	159.323	
8.60581	0.025	0.0342255	35.125	0.0060129	168.44	
1.99413	0.025	0.0898947	55.7228	-11.4867	139.324	
0.377976	0.025	2.76725	3.85882	-17.3894	287.372	
6.79867	0.025	0.0386842	-22.6403	1.18525	244.587	
0.551135	0.025	2.89408	-25.3359	-1.15995	244.762	
1.98001	0.025	0.0904124	37.258	-20.0525	214.494	
3.66844	0.025	0.0568076	-40.3984	8.44014	199.669	
1.00434	0.025	3.01484	13.7726	-15.9398	187.36	
10.5002	0.025	0.0311993	21.8003	-0.341991	242.45	
4.00109	0.025	0.0535342	-61.527	-4.07933	158.039	
12.1401	0.025	0.0293424	12.5418	12.244	276.526	
1.14399	0.025	0.143955	64.182	9.71023	244.831	
4.20832	0.025	0.0517567	0.600198	4.10861	192.803	
5.94874	0.025	0.0417182	-13.4881	17.4994	206.612	
1.59014	0.025	0.108345	14.0229	-1.22069	185.134	
0.462025	0.025	2.84134	0.169496	-19.769	232.895	
6.085	0.025	0.0411747	14.3094	11.3919	199.23	
0.916102	0.025	3.00084	-52.5991	1.67018	220.627	
11.1041	0.025	0.0304517	-44.1183	-0.905578	226.262	
0.803507	0.025	0.19806	-93.6578	8.62842	149.881	
1.46616	0.025	3.06044	147.336	12.3869	149.441	
8.64844	0.025	0.0341428	30.5932	4.51813	202.059	
9.17042	0.025	0.0331927	-21.098	-2.97494	225.551	
2.10833	0.025	3.09053	33.7891	-20.0579	175.021	
3.28929	0.025	3.11515	33.9348	1.79341	176.614	
12.4958	0.025	0.0290039	-9.17675	3.10118	237.086	
2.31398	0.025	0.0798674	-54.2143	-12.0083	217.765	
7.20007	0.025	0.0375005	-50.4646	5.67981	218.663	
0.747209	0.025	0.211836	12.3172	-23.8451	196.652	
0.258166	0.025	2.56579	1.76914	-15.151	166.904	
0.393607	0.025	2.7836	70.193	8.42762	188.522	
2.66053	0.025	0.071729	15.7102	4.49603	203.85	
6.40959	0.025	0.0399732	27.1452	9.99713	219.327	
11.0386	0.025	0.0305288	-8.00896	-4.12754	223.657	
2.25134	0.025	0.0816064	-107.999	-19.8202	173.878	
14.1481	0.025	0.0276549	6.59739	-0.682781	238.425	
7.74047	0.025	0.0361007	34.5629	-1.65788	180.007	
0.554392	0.025	2.89567	145.514	3.61178	281.193	
2.25907	0.025	0.0813866	-0.330884	-7.46324	192.941	
5.01241	0.025	0.0462521	6.9114	-16.0856	223.951	
0.728489	0.025	0.216897	-44.9458	33.7963	246.798	
2.17288	0.025	3.09257	20.7084	3.6104	209.711	
0.220039	0.025	0.732873	99.3269	24.4556	294.44	
8.13271	0.025	0.0352012	-35.4361	11.8215	186.639	
2.1959	0.025	0.0832284	7.74272	2.93115	172.232	
8.92097	0.025	0.0336329	-0.330273	-4.9821	222.27	
3.88159	0.025	0.0546455	18.246	-1.38043	221.584	
10.8929	0.025	0.0307038	33.6364	2.9252	209.171	
21.2975	0.025	0.0242303	2.83456	5.64832	223.175	
9.97793	0.025	0.0319189	7.06467	-7.84349	240.566	
1.49086	0.025	0.114416	-32.2045	-0.736315	166.055	
0.477826	0.025	0.324305	142.059	-1.06854	233.484	
2.17466	0.025	0.0838719	20.7967	-11.6626	188.774	
1.4141	0.025	0.119697	22.4306	3.00195	238.89	
2.65022	0.025	0.0719404	6.57673	7.16074	196.257	
6.53272	0.025	0.0395487	12.5264	-1.88106	177.312	
9.01318	0.025	0.0334673	-15.6166	4.29208	220.603	
6.08221	0.025	0.0411856	26.134	-4.89299	214.846	
0.355964	0.025	2.74156	12.1044	-11.3973	103.646	
6.93981	0.025	0.0382524	19.5078	-4.86578	213.827	
0.623459	0.025	0.251074	117.815	-4.51625	194.155	
12.2088	0.025	0.0292755	-7.75969	-1.88826	211.578	
0.681394	0.025	2.94561	75.9445	2.41219	97.174	
7.83782	0.025	0.0358691	19.4313	13.7391	196.417	
0.981651	0.025	0.165018	107.43	9.5103	214.159	
7.95497	0.025	0.0355978	-37.4672	13.6688	192.789	
0.177789	0.025	2.2118	12.5046	2.5628	134.275	
9.68516	0.025	0.0323562	-12.8664	-4.59262	255.411	
7.73702	0.025	0.036109	36.0249	-2.0149	232.556	
11.9697	0.025	0.0295116	-5.44278	-13.6451	232.957	
1.10546	0.025	0.148389	-60.9187	-0.538574	250.25	
7.01224	0.025	0.0380375	-16.4811	-3.0825	204.043	
0.229031	0.025	0.699241	59.5188	19.9087	190.566	
0.650764	0.025	2.9354	-17.084	16.5314	120.94	
8.00443	0.025	0.0354857	21.2576	-5.36645	181.505	
4.25552	0.025	3.12512	-26.5841	-5.68033	213.818	
5.6792	0.025	0.0428701	17.9736	-5.97914	200.985	
9.35464	0.025	0.0328828	73.4209	-0.148443	235.603	
0.828503	0.025	0.192554	-50.6257	-2.29675	185.097	
0.253171	0.025	0.624073	-31.8374	2.5096	151.147	
5.61904	0.025	0.0431422	-38.6035	5.01558	151.157	
8.67928	0.025	0.0340835	5.44723	-3.40624	198.692	
1.40088	0.025	3.05583	-52.2042	-8.39872	212.736	
3.70737	0.025	0.0563941	-12.0993	-2.21365	192.896	
5.36813	0.025	0.0443432	7.55367	1.37527	217.462	
4.0043	0.025	3.12299	-12.6202	4.52502	182.09	
10.4335	0.025	0.0312872	8.34713	-1.31131	212.649	
12.9957	0.025	0.0285596	-13.9913	-2.10417	208.836	
9.04063	0.025	0.0334187	-24.5394	-2.18233	198.319	
15.5769	0.025	0.0267192	25.6549	0.216021	203.069	
6.06642	0.025	0.0412474	12.42	17.1039	214.922	
2.39984	0.025	3.09887	21.0795	-4.52324	189.735	
1.4157	0.025	0.119582	29.2492	1.38315	201.154	
0.496812	0.025	0.312218	154.139	39.1743	168.671	
3.83281	0.025	0.055119	-7.05257	-1.96735	223.347	
0.582943	0.025	2.90885	24.6581	-2.52365	224.182	
0.882088	0.025	0.181817	14.9376	16.6345	210.545	
0.145987	0.025	1.73898	-70.5615	-44.4309	192.5	
5.53508	0.025	0.043532	-6.63918	-10.3556	228.837	
0.478187	0.025	0.324065	155.456	19.8902	302.452	
8.52695	0.025	0.0343806	10.2058	-6.86798	210.782	
14.6554	0.025	0.0273018	28.0256	0.149783	241.469	
4.83919	0.025	3.12922	-7.59994	-3.32135	192.637	
0.531596	0.025	2.88409	-17.6329	8.59544	202.577	
4.39263	0.025	0.0503168	-7.42639	-11.4632	161.859	
7.73063	0.025	0.0361244	-16.2192	6.47558	212.106	
6.05867	0.025	0.0412778	19.8258	2.16445	158.216	
21.4311	0.025	0.024188	-17.0316	4.56683	229.558	
2.68883	0.025	0.0711572	-89.0998	3.08613	138.761	
8.46885	0.025	0.0344967	4.94972	-5.4229	215.358	
8.60787	0.025	0.0342215	21.6916	16.2492	189.393	
6.78954	0.025	0.0387128	5.84434	13.2228	188.391	
2.26161	0.025	3.09518	-37.7926	-10.1957	219.422	
3.74312	0.025	0.056022	-1.79123	13.2379	213.162	
4.97731	0.025	0.0464552	48.918	6.04098	198.427	
0.157418	0.025	1.17762	-96.0242	-24.6996	153.595	
5.79257	0.025	0.0423725	67.5995	-13.5241	205.213	
9.89347	0.025	0.0320424	-5.6141	5.52079	192.568	
2.93302	0.025	0.0666823	-19.7527	20.7995	225.854	
0.872207	0.025	0.183696	-21.4385	0.204196	170.807	
11.3254	0.025	0.0301976	-3.29366	-1.33188	220.522	
12.6705	0.025	0.0288447	6.13838	0.915782	223.572	
0.939194	0.025	3.00476	-84.6568	9.75141	197.295	
0.43142	0.025	2.81792	85.7088	7.1177	207.131	
1.75597	0.025	3.07676	-30.5121	-16.3723	199.564	
8.0186	0.025	0.0354539	-7.66618	-0.0817485	231.97	
0.854357	0.025	2.9893	56.0865	-1.51859	180.955	
5.00878	0.025	0.046273	-8.62484	-1.85164	188.426	
0.513624	0.025	0.302295	27.4993	-1.83215	156.795	
1.12463	0.025	3.03035	-10.257	6.92088	220.128	
8.10208	0.025	0.0352683	29.6012	-10.4353	180.636	
8.65214	0.025	0.0341357	-3.97853	-11.2069	214.601	
0.704079	0.025	2.95259	82.7551	17.0217	148.495	
5.50992	0.025	0.0436511	23.8922	-9.96889	227.208	
0.825854	0.025	2.98338	-41.3937	-2.10808	229.164	
5.19651	0.025	0.0452316	19.1173	1.23201	214.693	
0.478702	0.025	0.323725	28.4634	-1.23767	191.279	
0.474737	0.025	2.85013	-44.6052	-3.74772	244.269	
8.11793	0.025	0.0352336	-23.1567	-7.49838	166.701	
5.40938	0.025	0.0441382	41.7858	-5.60686	219.542	
0.343676	0.025	0.450859	25.5678	-32.1488	198.088	
6.39263	0.025	0.040033	28.7233	1.09356	183.779	
10.27	0.025	0.0315075	18.3464	-1.27918	234.765	
1.10671	0.025	0.148241	-114.771	-2.15412	192.277	
9.67522	0.025	0.0323715	-7.06258	5.21957	180.063	
1.05555	0.025	3.02188	-55.4238	-0.102912	186.387	
5.32782	0.025	3.13195	-1.06202	-11.5315	153.855	
0.587789	0.025	0.26554	189.2	15.2936	189.393	
2.57305	0.025	0.0735762	67.7316	-1.57125	213.333	
17.4102	0.025	0.0257435	11.0557	-2.3855	253.459	
9.87882	0.025	0.032064	-2.43795	-8.62762	244.462	
2.84789	0.025	0.0681552	22.819	-3.13516	218.038	
2.19196	0.025	0.0833466	16.5215	-11.151	247.781	
4.12898	0.025	0.0524161	21.6122	2.91845	187.017	
12.3451	0.025	0.0291449	19.5374	14.3077	255.657	
7.90668	0.025	0.0357087	-43.3254	-9.65581	207.459	
1.03658	0.025	0.157145	-26.8313	7.7566	231.072	
11.5919	0.025	0.0299047	-25.0714	-9.46598	155.258	
6.57416	0.025	0.0394094	11.9831	3.11402	215.021	
0.487841	0.025	2.85869	-5.79943	-7.56916	164.485	
1.04991	0.025	3.02114	-40.7203	4.97993	261.87	
0.75882	0.025	0.208824	79.1519	17.6374	232.783	
9.02292	0.025	0.0334501	-41.0667	3.69089	232.571	
10.5814	0.025	0.0310939	-63.7293	13.4669	223.079	
4.84123	0.025	0.0472706	76.2054	3.08322	182.247	
1.31843	0.025	3.04935	17.1579	-11.373	213.28	
9.76244	0.025	0.0322382	39.0581	-7.41806	167.378	
7.03788	0.025	0.0379625	-11.8331	-18.9619	142.726	
1.07489	0.025	3.02436	10.044	12.2803	205.029	
5.73582	0.025	0.0426191	12.2868	-18.9758	178.337	
11.278	0.025	0.0302513	7.61592	-4.87856	250.688	
1.19	0.025	0.139039	52.7021	4.05974	265.516	
0.75484	0.025	0.209846	101.001	2.09938	223.092	
4.44594	0.025	0.0499226	-34.952	6.0148	150.689	
11.7145	0.025	0.0297744	16.1392	-0.292536	264.775	
8.79	0.025	0.033874	16.0859	4.39389	221.932	
1.17202	0.025	0.140914	36.8393	0.435107	253.613	
1.84988	0.025	3.08094	-3.15353	6.66957	217.103	
4.34834	0.025	0.0506517	-1.36985	3.71297	182.706	
9.46944	0.025	0.0326957	8.44535	7.32712	180.681	
7.15379	0.025	0.0376302	-18.3833	6.53482	164.988	
7.02035	0.025	0.0380137	-34.1928	25.2958	208.046	
1.38853	0.025	3.05491	-84.1006	-3.51363	201.04	
1.2905	0.025	0.12953	39.3437	-2.22687	216.891	
0.623425	0.025	0.251087	-122.842	-7.30814	143.376	
0.240608	0.025	0.660781	-162.748	0.425197	189.911	
6.2219	0.025	0.0406527	-37.3911	-2.02652	172.496	
2.6035	0.025	0.0729191	26.7101	-2.11358	200.899	
0.308894	0.025	0.503634	-6.8852	-5.75308	161.377	
4.32136	0.025	0.0508591	-8.70835	4.72724	229.74	
2.45498	0.025	3.10022	57.8632	0.421938	217.114	
3.30884	0.025	3.11541	16.0199	-2.50805	149.64	
9.73595	0.025	0.0322784	-2.1502	5.07265	202.051	
13.8056	0.025	0.027908	-5.40446	-2.34539	212.565	
5.17371	0.025	0.045354	56.5426	-2.88775	236.432	
3.24919	0.025	3.11461	-9.12111	-0.467875	194.996	
6.25519	0.025	0.0405292	-18.0114	1.78581	178.071	
2.44806	0.025	0.0764449	35.9316	-0.957005	212.339	
1.52492	0.025	0.112244	25.1671	-10.6644	233.997	
10.7451	0.025	0.030886	21.6836	-4.00838	228.559	
13.5501	0.025	0.0281051	-41.4987	4.80312	227.544	
1.90819	0.025	3.08334	11.1788	-3.07157	245.374	
6.6954	0.025	0.0390118	22.0316	1.3172	165.514	
0.584094	0.025	0.267143	-5.89276	4.41474	229.97	
8.12092	0.025	0.035227	-5.30219	-11.1719	191.716	
0.157889	0.025	2.00568	-136.38	-14.5575	88.7212	
0.275663	0.025	2.608	63.9551	-18.5418	164.893	
6.82026	0.025	0.038617	16.9883	-7.42704	189.032	
0.63704	0.025	0.246004	128.387	-9.12156	238.374	
5.31019	0.025	3.13186	-29.6284	-3.35077	212.482	
8.77035	0.025	0.0339108	27.8445	-16.9751	177.233	
17.9727	0.025	0.025484	-14.0058	-13.6047	249.667	
10.7988	0.025	0.0308191	42.26	-7.33912	237.787	
1.40759	0.025	0.120172	-82.9278	-12.2016	193.812	
12.373	0.025	0.0291185	3.6529	0.416957	205.253	
8.14297	0.025	0.0351789	-2.12774	-12.5509	169.44	
0.871451	0.025	2.99266	-66.8239	-6.92229	199.097	
2.98108	0.025	0.065888	17.9373	-9.72638	175.009	
3.46854	0.025	0.0590769	22.0448	12.6994	187.598	
6.45178	0.025	3.13667	24.74	-0.892053	222	
8.73856	0.025	0.0339707	-5.549	16.4819	209.023	
3.8918	0.025	3.12195	-30.6887	3.87251	198.797	
6.53782	0.025	0.0395315	-0.0196514	7.20986	190.447	
7.51876	0.025	0.0366506	12.4061	1.78699	186.819	
3.55338	0.025	0.0580825	21.073	-8.70584	153.204	
4.91678	0.025	0.0468124	10.1332	3.33095	170.162	
12.3815	0.025	0.0291106	1.62603	-9.98036	239.041	
9.4069	0.025	0.032797	32.5401	2.35699	188.289	
2.67405	0.025	0.0714544	-0.088158	-2.07876	158.775	
0.355355	0.025	0.435702	151.086	6.03301	232.198	
2.38816	0.025	3.09857	-3.57109	-5.46432	189.172	
0.708083	0.025	2.95377	13.2558	-3.85628	192.382	
0.575999	0.025	2.90577	-49.9126	-2.45776	105.184	
13.8028	0.025	0.0279102	-9.16166	1.40213	198.042	
1.63552	0.025	0.105816	70.9838	-12.9076	196.612	
5.42145	0.025	0.0440787	-17.7966	-2.01544	195.456	
10.3956	0.025	0.0313376	-24.0777	4.52546	218.019	
9.5006	0.025	0.0326457	-6.05356	3.66003	220.855	
7.66891	0.025	0.0362747	-33.582	-5.27372	216.66	
12.5544	0.025	0.02895	20.832	-0.22262	225.139	
0.419648	0.025	2.80794	84.402	-19.264	278.437	
11.0971	0.025	0.0304599	16.022	-2.17526	183.519	
6.42568	0.025	0.0399169	-2.5339	-3.90272	215.199	
10.9725	0.025	0.0306076	-2.28119	-17.2095	219.631	
5.50534	0.025	0.0436729	25.9776	9.60716	188.096	
1.018	0.025	0.159712	26.5097	5.27495	194.396	
9.92204	0.025	0.0320004	43.8135	-8.46027	202.445	
18.4811	0.025	0.0252631	29.4347	4.3677	249.819	
9.67827	0.025	0.0323668	-3.72722	-2.48849	204.309	
1.69499	0.025	0.102708	-96.6621	-4.25145	165.946	
0.281177	0.025	0.556491	-72.4528	-0.967968	220.716	
6.18538	0.025	0.0407897	4.5712	-5.62698	193.312	
2.57452	0.025	3.10295	-57.8719	9.50375	202.873	
0.466499	0.025	0.332008	-69.6502	-9.25902	169.057	
1.01005	0.025	0.16084	-100.165	-10.9665	200.385	
7.70298	0.025	0.0361915	24.0837	3.43424	247.571	
11.7765	0.025	0.0297095	-5.72162	-3.18214	188.038	
11.6188	0.025	0.0298758	-51.9229	13.0523	228.87	
6.43184	0.025	0.0398953	3.61851	3.76201	189.671	
2.2646	0.025	0.0812304	-35.1554	9.39781	193.018	
8.09951	0.025	0.035274	-12.8798	0.528045	206.39	
12.4673	0.025	0.0290304	17.268	-5.37878	233.427	
14.3483	0.025	0.0275126	7.36806	-0.626367	233.018	
3.76597	0.025	0.0557879	-73.0946	10.3288	218.228	
0.288197	0.025	0.541985	7.12381	18.5727	154.176	
7.75795	0.025	3.14044	-40.4821	3.97642	224.818	
1.0179	0.025	0.159726	36.7943	0.859443	139.586	
12.0309	0.025	0.0294503	42.3702	-4.07505	230.903	
8.06783	0.025	0.035344	-6.70628	-4.36267	238.719	
1.7081	0.025	0.102052	11.1458	14.2997	205.285	
12.5828	0.025	0.028924	16.1951	9.09821	209.979	
6.15651	0.025	0.0408991	40.2346	1.07446	195.24	
8.56004	0.025	0.0343152	-12.7969	-14.1441	175.303	
3.48824	0.025	0.0588416	37.7307	-7.53918	191.699	
2.40135	0.025	3.09891	-8.03799	2.65063	243.772	
7.02089	0.025	0.0380122	46.6087	-7.27594	211.826	
14.9504	0.025	0.0271075	-22.2291	4.23303	219.553	
2.77428	0.025	0.0695016	28.5808	-9.85369	171.884	
4.15113	0.025	0.0522295	43.5187	-10.5885	209.724	
0.198538	0.025	0.831354	-157.923	-7.91176	195.466	
4.3996	0.025	0.0502648	-6.29656	-9.04776	204.416	
2.65123	0.025	3.10458	11.2984	2.46011	213.942	
0.29966	0.025	2.65651	32.3487	23.2988	111.754	
0.409424	0.025	2.79878	6.26854	-9.38237	213.911	
4.73964	0.025	0.04791	36.0795	1.69765	193.593	
14.3771	0.025	0.0274924	19.8261	-2.41966	209.143	
2.68993	0.025	0.0711353	23.8655	-4.4775	185.748	
3.29065	0.025	0.0613284	-20.1062	-4.54483	222.747	
7.68056	0.025	0.0362462	11.819	8.31814	226.083	
8.49699	0.025	0.0344403	-2.38434	7.86754	191.188	
13.8308	0.025	0.027889	37.3332	0.823725	227.622	
0.652295	0.025	2.93593	-11.2836	-13.4632	256.91	
15.2831	0.025	0.0268973	1.74555	8.19376	265.193	
14.1672	0.025	0.0276412	-14.906	6.03288	227.418	
8.86169	0.025	0.0337411	32.5539	4.16539	197.592	
3.93452	0.025	0.0541449	15.1906	-10.3904	169.377	
0.286981	0.025	2.63206	-14.8223	9.43314	-107.894	
1.00446	0.025	0.161642	32.5011	-1.41439	175.691	
0.388889	0.025	0.397688	-106.661	4.31357	154.447	
5.19357	0.025	0.0452473	-19.3866	1.83608	166.295	
9.47681	0.025	0.0326838	40.1717	-3.53925	235.225	
2.09169	0.025	0.0865105	31.1784	-0.553473	168.23	
5.09154	0.025	3.13069	-28.2238	8.40146	181.695	
0.39894	0.025	2.78886	-58.5774	-26.9976	258.035	
1.6094	0.025	0.107254	2.54237	-15.2588	235.839	
1.30597	0.025	0.128196	-14.1594	-14.5263	266.999	
4.53459	0.025	0.0492877	-3.39054	3.96787	193.141	
5.88309	0.025	0.041989	47.8302	-6.97968	139.824	
0.742937	0.025	2.96353	-25.7002	-8.34263	194.057	
7.51396	0.025	0.0366629	-16.4758	-1.97212	197.428	
3.07132	0.025	0.0644639	-25.8393	5.41154	181.945	
1.53603	0.025	0.111556	-13.7485	1.71474	287.448	
10.7503	0.025	0.0308795	-18.4673	7.10544	233.706	
2.48755	0.025	0.0755073	-4.08098	8.2615	174.307	
1.8966	0.025	3.08287	46.7105	-2.42942	232.63	
1.24727	0.025	3.04307	-7.44617	-1.1899	154.028	
1.42772	0.025	0.118718	-76.338	22.2997	168.809	
6.39856	0.025	0.040012	-16.1074	8.84355	194.105	
0.672084	0.025	0.233891	69.725	11.9616	122.667	
0.265217	0.025	2.58361	-25.3734	22.3268	239.596	
6.96647	0.025	0.0381728	42.3275	8.86435	214.547	
5.57159	0.025	0.0433611	-26.131	4.79644	225.212	
5.42819	0.025	0.0440456	-55.4788	2.56358	192.571	
15.7884	0.025	0.026595	10.8878	1.87132	244.93	
0.45834	0.025	0.337805	12.2704	2.41936	268.21	
7.28249	0.025	0.0372736	-15.6451	3.07457	209.891	
8.5654	0.025	0.0343046	-3.01806	-5.49074	225.291	
2.005	0.025	3.087	-27.3548	14.4375	210.913	
3.51408	0.025	0.0585372	-16.6241	5.82829	217.623	
6.53093	0.025	0.0395547	-5.15797	-8.17757	180.435	
1.0872	0.025	0.150602	39.4016	6.81608	183.874	
10.9973	0.025	0.030578	-51.44	2.62842	228.031	
1.2138	0.025	0.136644	74.5349	17.8503	209.361	
8.9628	0.025	0.0335574	23.8365	-1.40718	218.953	
2.24011	0.025	0.0819284	42.4286	-3.19089	180.726	
14.7226	0.025	0.0272569	25.8966	4.17103	234.505	
0.901657	0.025	0.178218	-14.9087	-10.1554	244.586	
11.7551	0.025	0.0297318	-68.5603	2.69877	229.512	
9.43666	0.025	0.0327486	1.9138	3.83711	196.041	
6.54868	0.025	0.0394948	19.7419	-11.0369	190.425	
1.03646	0.025	0.157162	-14.207	-2.99851	185.316	
14.7634	0.025	0.0272297	-21.6042	0.401527	207.123	
2.17152	0.025	3.09253	64.3568	1.92244	216.193	
0.692636	0.025	2.94913	-11.3182	-0.747755	222.545	
5.94213	0.025	0.0417452	4.24213	6.97453	196.942	
10.4832	0.025	0.0312216	15.0594	-4.19651	203.504	
4.23865	0.025	0.0515112	6.28307	6.52328	185.106	
0.480981	0.025	0.322227	37.3493	-22.8015	151.846	
5.51558	0.025	0.0436242	36.9433	-21.0706	173.199	
3.91327	0.025	0.0543442	-62.358	5.96093	173.752	
12.4283	0.025	0.0290667	-21.2775	8.73247	204.556	
0.265653	0.025	0.591825	-73.3569	-36.615	123.801	
4.73723	0.025	0.0479255	-22.0698	2.86112	188.981	
10.6396	0.025	0.0310192	-14.5562	-1.53981	199.796	
1.11105	0.025	3.02877	-6.49518	-1.83656	177.028	
7.50773	0.025	0.0366788	35.5124	-5.26526	171.496	
8.74183	0.025	0.0339645	33.3505	0.629957	170.287	
7.75918	0.025	0.0360557	26.0367	4.4286	201.47	
4.12416	0.025	0.052457	-2.55012	2.39378	202.559	
8.72437	0.025	0.0339975	4.73106	-2.04207	184.998	
10.0293	0.025	0.0318448	-0.482274	5.53618	193.683	
0.318661	0.025	2.689	98.8256	7.44484	225.949	
4.14887	0.025	0.0522484	-17.2203	11.7375	205.566	
3.19108	0.025	0.0626983	0.653646	3.95732	225.891	
11.9757	0.025	0.0295056	14.6618	11.468	215.262	
3.36018	0.025	0.06042	42.329	2.73979	205.375	
11.0284	0.025	0.030541	-29.1413	3.37384	176.055	
6.1281	0.025	0.0410079	18.447	-2.36505	201.361	
6.41683	0.025	0.0399478	-12.9273	7.48303	171.354	
10.6238	0.025	0.0310394	4.64985	3.01623	232.133	
0.27531	0.025	0.569287	-77.347	6.79573	198.357	
2.66308	0.025	0.0716771	-47.892	12.6941	199.091	
5.80909	0.025	0.0423016	-8.94946	-15.1535	211.016	
2.68294	0.025	0.0712753	-30.0452	2.89293	174.008	
9.2212	0.025	0.0331061	-22.0033	1.06279	198.116	
1.20924	0.025	0.137095	-60.0537	0.12723	151.831	
12.8785	0.025	0.0286607	36.5866	2.72324	217.845	
0.321564	0.025	0.482923	67.6531	13.9125	165.186	
10.71	0.025	0.03093	-8.07901	1.96215	224.973	
0.46566	0.025	0.332594	-64.0189	4.21609	127.543	
4.19939	0.025	3.12467	-6.70161	-10.4386	159.79	
9.49118	0.025	0.0326608	0.544599	13.0797	207.106	
10.2276	0.025	0.0315657	-23.6471	-6.08695	208.641	
4.35825	0.025	0.0505762	4.606	8.0893	204.488	
1.33718	0.025	0.125601	43.5496	-6.11704	165.241	
10.8446	0.025	0.0307627	29.329	-12.489	208.143	
1.1547	0.025	0.142776	-47.3928	-5.79641	255.968	
2.21665	0.025	0.0826118	51.6376	0.186199	176.43	
0.316767	0.025	2.68596	-35.5177	0.29917	274.385	
5.52475	0.025	0.0435808	-35.5317	2.26093	184.799	
1.5514	0.025	0.110621	14.2778	-8.70293	123.926	
0.818484	0.025	2.98178	-88.1689	2.76125	209.152	
5.59393	0.025	0.0432576	34.008	-3.44548	174.026	
2.1312	0.025	3.09127	22.7492	0.449611	190.947	
4.14982	0.025	0.0522405	-9.13923	1.69425	224.632	
11.4152	0.025	0.0300974	-25.0817	-0.0553031	235.937	
4.7774	0.025	0.0476692	5.17533	-6.86813	242.208	
0.293585	0.025	0.5314	-148.261	-2.12728	180.98	
0.885203	0.025	0.181233	70.8609	-19.1669	175.785	
6.04951	0.025	0.0413139	-42.3425	-9.86628	189.051	
2.41575	0.025	0.077235	-31.852	1.61161	227.085	
1.05397	0.025	0.154826	23.3261	22.7094	240.186	
1.4804	0.025	3.0614	121.331	14.0041	175.896	
1.83859	0.025	0.0960353	-36.6018	0.844781	223.086	
2.1131	0.025	3.09069	-3.85692	-6.08344	205.838	
2.92718	0.025	3.10972	14.1206	4.19801	166.541	
10.9734	0.025	0.0306065	-16.4474	-4.30578	235.039	
0.237281	0.025	0.671336	39.5723	12.7381	133.844	
9.08075	0.025	0.0333482	-16.0983	-2.75521	211.647	
1.36374	0.025	3.05301	106.359	-3.09225	197.142	
7.7744	0.025	0.0360193	-5.14685	11.1557	217.085	
1.96545	0.025	0.0909539	35.7201	-13.351	174.503	
11.7587	0.025	0.029728	-3.29766	-6.76505	224.911	
0.79165	0.025	0.200796	-61.9044	-3.52442	204.913	
4.64039	0.025	0.0485616	26.7811	-3.82354	162.909	
9.67102	0.025	0.032378	-13.6161	8.55184	190.429	
18.0583	0.025	0.0254459	-23.0778	1.44876	258.054	
3.13875	0.025	3.11305	21.8978	8.21682	239.331	
0.271532	0.025	0.577877	146.579	-18.8514	161.751	
5.31056	0.025	0.0446348	1.90276	-8.03979	160.917	
10.8979	0.025	0.0306976	-37.1538	0.0274605	195.651	
2.59296	0.025	0.073145	29.1406	6.55199	170.77	
1.23164	0.025	0.13491	-54.9706	5.61401	230.416	
2.57529	0.025	3.10297	29.8744	11.9883	188.95	
4.56644	0.025	0.0490655	33.6768	-9.88703	172.612	
1.05198	0.025	3.02141	-37.9376	-8.50783	175.078	
14.6357	0.025	0.027315	12.7326	-0.921548	238.548	
4.38385	0.025	0.0503827	-17.5833	9.64257	151.579	
11.4579	0.025	0.0300503	11.6868	2.10659	236.015	
2.44056	0.025	0.0766264	-5.40766	-1.7367	198.379	
0.483297	0.025	2.85578	-0.518111	0.68846	59.7837	
8.99095	0.025	0.0335069	-0.363484	-3.64987	191.695	
6.06499	0.025	0.041253	2.14929	11.9763	223.06	
7.08939	0.025	0.0378135	6.44119	-13.7578	221.648	
8.81867	0.025	0.0338206	-26.4975	0.0837962	164.265	
0.929709	0.025	0.173327	-100.863	-5.44897	162.808	
2.49849	0.025	0.0752528	9.26512	-14.817	153.66	
7.68007	0.025	0.0362474	-26.8452	1.05031	220.281	
0.679616	0.025	0.231455	-32.3654	-1.18264	127.343	
3.13888	0.025	0.0634513	14.4272	1.20023	181.581	
0.406091	0.025	0.380812	-175.306	8.66578	249.955	
1.41574	0.025	0.119579	-41.2685	0.0499638	187.63	
12.1385	0.025	0.029344	13.785	-9.99789	226.689	
11.2035	0.025	0.0303363	-9.4885	7.38905	199.783	
2.91376	0.025	3.10949	87.1033	4.29665	208.475	
9.00496	0.025	0.033482	-7.97322	4.89072	218.671	
3.77152	0.025	0.0557314	-36.0388	5.47591	160.713	
3.05384	0.025	3.11177	-34.4628	3.41095	227.483	
0.618615	0.025	2.92356	42.4937	-3.70674	269.909	
7.79671	0.025	0.0359662	1.51234	-1.14155	204.628	
0.636568	0.025	0.246176	-0.933134	7.04751	160.817	
9.50918	0.025	0.032632	10.2235	-1.11258	209.559	
1.54052	0.025	3.06522	-40.9162	0.479044	233.109	
26.5072	0.025	0.0228983	-3.59333	-0.851284	225.385	
0.532745	0.025	2.8847	-2.45297	8.35876	238.686	
0.789133	0.025	2.97511	-25.6976	-5.14045	236.436	
2.46798	0.025	3.10053	-53.9241	-6.36912	169.496	
0.866735	0.025	0.184756	19.4514	8.96646	196.916	
5.78111	0.025	0.0424219	33.236	7.54859	206.268	
10.1289	0.025	0.0317033	7.72967	2.27664	213.609	
5.35841	0.025	0.044392	8.31274	0.622821	213.123	
10.5516	0.025	0.0311324	12.109	9.91847	225.115	
8.48856	0.025	0.0344572	-26.7985	8.50963	210.621	
7.26714	0.025	0.0373154	15.8005	-16.3731	208.558	
4.03381	0.025	0.0532413	-66.939	-6.56518	213.17	
4.5039	0.025	0.0495047	-42.072	6.84206	228.928	
16.0397	0.025	0.0264518	-2.37503	2.67078	245.886	
0.434752	0.025	2.82064	13.899	18.1535	176.982	
5.92624	0.025	0.0418103	-31.2119	8.4619	156.402	
10.7438	0.025	0.0308877	-19.7899	-2.14615	220.864	
3.321	0.025	3.11557	8.33421	13.1225	207.223	
5.37176	0.025	0.0443251	20.5707	4.4292	162.876	
0.630588	0.025	0.248384	-54.8166	-32.6307	170.096	
9.24021	0.025	0.0330738	24.0324	4.03918	194.607	
5.30036	0.025	0.0446871	0.182336	7.92069	200.105	
4.75782	0.025	0.0477936	10.3225	-8.3294	157.02	
6.13592	0.025	0.0409778	33.0538	-0.75649	172.362	
0.983338	0.025	0.164762	18.0349	-8.23065	192.052	
13.4697	0.025	0.0281688	-4.10993	0.473373	214.297	
1.46955	0.025	0.115827	148.683	-13.5111	135.748	
1.34057	0.025	0.125327	10.5042	7.7353	140.141	
15.9902	0.025	0.0264797	1.15874	-0.981303	219.841	
3.26675	0.025	0.0616497	24.0908	-5.90597	180.995	
2.92522	0.025	0.0668137	29.1239	6.51871	205.41	
8.52429	0.025	0.0343859	9.47724	15.2028	201.215	
9.21384	0.025	0.0331186	17.6508	3.84281	178.394	
12.0648	0.025	0.0294166	19.7167	-10.3904	208.886	
2.75214	0.025	0.0699208	32.8366	-1.64784	238.563	
10.1892	0.025	0.0316189	-20.5682	5.85727	173.531	
8.02823	0.025	0.0354322	17.3046	-5.44333	180.279	
0.89457	0.025	2.997	-94.3178	-23.4968	256.382	
0.346248	0.025	2.72908	-36.4245	2.65753	156.47	
1.15938	0.025	0.142267	82.8942	-5.91869	214.707	
10.8232	0.025	0.030789	-14.4529	-2.92445	223.725	
6.4334	0.025	0.0398899	12.9896	5.10785	188.886	
6.35796	0.025	0.0401562	20.2194	8.7617	196.183	
0.875991	0.025	2.99353	-27.2028	2.12738	221.115	
10.2212	0.025	0.0315746	21.253	6.65089	213.926	
5.00233	0.025	0.0463101	5.51161	0.0498313	197.526	
7.65959	0.025	0.0362976	-5.31081	2.69298	180.661	
0.624342	0.025	0.250737	-91.237	7.86843	269.247	
8.02021	0.025	0.0354502	-4.28243	-2.28796	258.203	
1.53265	0.025	3.06473	70.0373	9.22628	152.514	
7.48468	0.025	0.0367381	-3.42236	1.09218	226.481	
13.0929	0.025	0.0284771	15.0524	9.0254	218.578	
0.657524	0.025	0.238763	3.4154	1.226	219.276	
7.53985	0.025	0.0365969	11.1867	9.90303	200.925	
8.07501	0.025	0.0353281	12.5856	-0.714071	204.616	
12.4741	0.025	0.029024	-3.07585	-7.84976	256.133	
0.466586	0.025	2.84455	-6.17856	22.3698	143.677	
9.20832	0.025	0.033128	2.21781	0.488335	200.857	
3.53243	0.025	0.0583236	9.33605	-11.6866	205.754	
5.0957	0.025	0.0457812	-19.5027	10.7352	179.587	
3.96135	0.025	0.0538962	0.317517	-10.6454	200.576	
2.02444	0.025	0.0888082	-66.804	-3.28012	166.208	
9.81543	0.025	0.0321584	-1.64078	1.25113	177.763	
0.367086	0.025	0.421542	6.34144	16.2548	197.385	
1.59379	0.025	0.108136	37.6124	-6.67382	222.998	
8.35062	0.025	0.0347381	8.98343	-3.92886	226.174	
4.5147	0.025	0.0494279	13.5531	-8.42233	208.38	
2.45851	0.025	0.0761939	26.5204	-1.47148	227.275	
9.56212	0.025	0.0325479	-11.2671	-9.6824	190.553	
6.63595	0.025	0.0392049	-35.4709	-4.80105	170.87	
2.15602	0.025	0.0844469	16.0899	10.8826	196.607	
0.623186	0.025	2.92532	93.0187	16.9311	195.929	
9.20299	0.025	0.033137	14.3385	-10.0326	208.566	
13.4496	0.025	0.0281848	-27.7481	2.23599	214.039	
0.196428	0.025	2.3337	-45.3257	-12.2056	116.288	
3.59424	0.025	0.0576203	-13.4409	-1.45831	205.705	
9.44129	0.025	0.0327411	-22.576	-10.4083	184.461	
3.84219	0.025	3.12147	-0.78089	1.63348	172.264	
7.95546	0.025	0.0355967	-11.4414	6.38304	183.006	
6.90487	0.025	0.0383576	-21.8167	-2.19509	218.969	
1.22994	0.025	0.135073	-42.8396	-12.1009	224.927	
0.346757	0.025	2.72975	116.433	-3.18897	132.796	
7.03879	0.025	0.0379599	5.98956	-0.411003	159.542	
4.14224	0.025	0.0523041	42.0739	11.298	182.135	
3.9209	0.025	0.0542724	3.81095	1.08293	162.403	
0.174163	0.025	0.99426	1.82199	-16.8875	130.964	
7.82548	0.025	0.0358981	32.4943	1.31064	213.589	
0.430137	0.025	0.359639	-91.0008	-18.2129	221.435	
7.1275	0.025	0.0377046	18.0109	9.06398	162.835	
12.0109	0.025	0.0294703	-17.0849	9.02911	222.639	
0.374858	0.025	2.76381	-69.9661	16.1625	235.061	
0.785091	0.025	2.97415	-27.4607	-3.85953	295.81	
7.55392	0.025	0.0365613	-48.7271	4.12175	173.578	
0.290703	0.025	2.63949	175.661	20.4899	210.015	
6.42363	0.025	0.039924	40.8981	9.73707	183.412	
7.03856	0.025	0.0379605	-1.39907	-18.1921	212.933	
1.78591	0.025	3.07814	-50.7954	0.814876	99.735	
15.5457	0.025	0.0267378	12.8722	3.11325	217.581	
10.4154	0.025	0.0313112	22.8706	3.41751	205.841	
1.6288	0.025	0.106182	-8.95191	8.12669	211.732	
8.8351	0.025	0.0337901	-5.11776	-14.7862	206.402	
4.44204	0.025	0.0499511	-48.5983	16.7311	191.457	
10.7523	0.025	0.0308769	-3.16491	-4.2804	198.279	
0.737856	0.025	2.96217	-22.4429	12.0469	281.096	
1.35946	0.025	0.123822	-41.1145	-1.97473	230.062	
13.0808	0.025	0.0284874	21.607	9.11269	263.525	
12.8668	0.025	0.0286708	-17.2221	13.755	205.523	
0.868773	0.025	0.18436	136.671	-2.61287	217.846	
6.35568	0.025	0.0401643	9.99849	2.4413	214.397	
0.526399	0.025	2.8813	-35.8625	27.6899	276.928	
9.13562	0.025	0.0332527	-45.1055	-0.595531	188.516	
23.0752	0.025	0.0237082	-7.68697	-5.28066	227.785	
1.91481	0.025	0.0929011	-2.00382	-1.51451	201.5	
5.1081	0.025	0.0457124	-8.57521	-8.3438	204.552	
0.8712	0.025	0.18389	-24.2873	-4.09252	154.031	
8.58043	0.025	0.0342751	52.2342	-12.21	245.802	
2.70246	0.025	0.070886	34.0665	12.1915	187.302	
4.40724	0.025	0.0502079	-42.8297	12.6711	172.637	
7.15239	0.025	0.0376341	-34.0666	-15.2698	191.794	
12.4142	0.025	0.0290798	23.9222	-5.67842	256.673	
7.04228	0.025	0.0379497	20.5306	-1.02711	203.479	
8.73156	0.025	0.0339839	15.0368	15.2836	193.701	
0.915081	0.025	3.00066	-39.1199	1.5473	137.977	
0.273998	0.025	2.60426	-189.385	25.8065	207.961	
5.71427	0.025	0.042714	26.7964	-2.43153	194.479	
1.01896	0.025	0.159577	-20.3701	1.31748	237.284	
0.790958	0.025	2.97554	113.717	17.8605	287.766	
9.52488	0.025	0.032607	-39.4328	3.51008	189.163	
14.8563	0.025	0.0271686	-39.2123	5.39086	239.646	
16.1073	0.025	0.026414	10.7492	6.87873	259.16	
6.66985	0.025	0.0390944	-20.9304	-1.15989	193.056	
6.30202	0.025	0.0403577	77.3106	-1.28928	173.299	
5.91387	0.025	0.0418613	-18.3792	-13.523	197.031	
10.6422	0.025	0.0310159	-69.2502	-7.53595	194.619	
12.6897	0.025	0.0288275	-4.27267	3.7412	209.923	
5.8493	0.025	0.0421308	-6.32577	15.3789	244.927	
9.71398	0.025	0.032312	-35.049	3.44936	253.735	
1.96118	0.025	0.0911141	21.6918	1.72399	223.651	
4.46728	0.025	0.0497674	-21.3965	14.1818	183.92	
10.0027	0.025	0.0318831	-8.41063	6.59081	212.936	
0.340398	0.025	2.72118	10.1976	-10.5834	257.984	
0.487511	0.025	0.318016	31.0117	0.972993	181.477	
6.61637	0.025	0.0392693	-6.08589	3.64593	188.971	
0.376518	0.025	0.410855	126.701	14.4019	223.507	
6.79664	0.025	0.0386906	-29.3927	8.68768	136.077	
0.580284	0.025	2.90768	-38.223	-16.6767	223.123	
4.27324	0.025	3.12526	-3.9556	1.93332	156.527	
1.77181	0.025	0.0990036	-3.43504	-16.1838	172.818	
2.02986	0.025	3.08788	89.5085	2.90822	198.204	
5.33463	0.025	0.0445122	35.7192	15.0005	198.811	
4.66	0.025	3.12807	13.234	11.3282	196.747	
3.79261	0.025	0.0555185	36.1015	2.46068	219.339	
11.1045	0.025	0.0304513	16.375	-9.55437	217.974	
7.71901	0.025	0.0361526	21.3726	-1.20074	173.309	
11.1209	0.025	0.030432	-17.1977	16.1376	192.669	
9.65199	0.025	0.0324074	13.1339	-3.01764	220.996	
7.97267	0.025	0.0355575	24.9138	13.808	244.168	
3.24041	0.025	0.0620092	-3.0296	6.42802	173.397	
3.68767	0.025	0.0566022	61.9445	7.59898	130.612	
0.483612	0.025	2.85598	-85.991	-11.664	132.621	
20.9643	0.025	0.024338	-6.44505	-2.07595	256.714	
14.2988	0.025	0.0275474	-22.836	-2.76486	260.421	
0.902174	0.025	2.99837	16.5768	12.2459	134.986	
5.52825	0.025	0.0435642	-27.1233	-10.5251	235.822	
4.76048	0.025	0.0477766	25.959	-5.38029	194.323	
9.68604	0.025	0.0323548	23.3886	-4.2109	238.862	
14.0626	0.025	0.027717	-0.133908	7.93659	183.693	
4.06387	0.025	0.0529766	-10.9617	-9.19861	145.158	
9.47307	0.025	0.0326899	-45.2919	3.61383	226.891	
1.47778	0.025	3.06122	14.0857	-3.85855	196.889	
10.1013	0.025	0.0317421	-17.7187	-12.434	222.786	
6.30874	0.025	0.0403333	-23.1129	3.15023	164.794	
0.151871	0.025	1.90467	86.9509	-35.0558	125.102	
10.6608	0.025	0.0309922	12.8669	-2.39001	220.277	
2.40895	0.025	3.0991	-29.6882	14.2683	184.183	
3.97327	0.025	0.0537869	-35.3362	-8.44506	178.003	
8.14914	0.025	0.0351655	9.84434	-4.38623	176.982	
3.41878	0.025	3.11682	14.1763	-1.71286	173.876	
0.235064	0.025	2.49792	-13.0889	-10.7884	83.8558	
7.84934	0.025	0.035842	17.9325	-1.67821	221.379	
3.43499	0.025	0.0594836	-20.214	7.08889	172.754	
0.190117	0.025	0.879495	59.6549	67.1695	193.176	
0.377206	0.025	2.7664	-151.655	-21.3207	240.327	
3.6986	0.025	0.0564864	27.7664	-14.8103	174.353	
5.34135	0.025	0.0444781	-30.4971	-6.01343	196.369	
12.1096	0.025	0.0293723	27.4762	3.15218	220.48	
9.22759	0.025	0.0330952	-14.9615	-1.33142	175.557	
0.191402	0.025	0.871699	16.3822	0.362178	-71.3379	
5.51029	0.025	0.0436494	23.2777	2.49212	193.25	
0.221075	0.025	0.72881	-160.465	-24.5214	-2.059	
6.91588	0.025	0.0383244	-10.6147	-17.3963	196.114	
4.87799	0.025	3.12945	-4.49509	2.5093	175.731	
10.3907	0.025	0.0313442	-9.49233	1.3423	226.687	
15.2598	0.025	0.0269117	35.4622	1.48961	260.083	
3.4898	0.025	0.0588231	33.5653	-0.039181	177.385	
9.23447	0.025	0.0330836	-25.138	-4.28582	211.251	
8.03635	0.025	0.0354141	-16.5999	-0.0723956	177.537	
9.73418	0.025	0.0322811	-36.3868	-1.26444	192.753	
1.4378	0.025	3.05849	54.9516	-27.5568	256.247	
6.31502	0.025	0.0403105	8.66482	-0.71779	159.479	
0.421406	0.025	0.367029	-36.6277	19.8087	171.242	
1.97914	0.025	0.0904444	-4.98017	-8.76205	190.556	
11.1559	0.025	0.0303913	53.9092	12.6709	211.97	
8.59987	0.025	0.034237	-33.5492	12.0229	190.976	
9.32099	0.025	0.0329385	17.1044	-1.32799	253.476	
9.15962	0.025	0.0332113	0.095447	12.0987	198.158	
5.66746	0.025	0.0429227	58.828	-13.5722	212.2	
4.28565	0.025	0.0511375	31.7667	-10.6485	211.264	
0.35033	0.025	0.442088	-25.6605	2.18059	46.3505	
8.30616	0.025	0.0348306	35.1184	-2.63864	220.063	
8.32751	0.025	0.034786	-17.5707	9.95283	207.457	
2.22442	0.025	0.082384	-11.6122	3.83603	172.035	
12.9437	0.025	0.0286042	-31.1184	4.3881	199.866	
8.76479	0.025	0.0339212	-27.1279	-1.7716	213.143	
0.744184	0.025	0.212636	106.113	13.4277	198.507	
2.33084	0.025	0.0794154	53.0466	5.48579	160.433	
12.7781	0.025	0.0287487	-24.0276	-4.51912	234.251	
9.96876	0.025	0.0319322	-61.14	-2.42312	202.166	
9.04524	0.025	0.0334106	-61.9259	11.8795	218.849	
1.70329	0.025	3.07421	5.83734	4.17975	236.306	
0.932179	0.025	0.172911	117.192	1.49615	216.232	
10.4825	0.025	0.0312225	57.2876	-1.30773	160.85	
9.85284	0.025	0.0321025	63.8312	8.29394	263.334	
7.18098	0.025	0.0375538	-3.36491	-8.53803	189.381	
10.7573	0.025	0.0308707	-0.992882	8.43717	242.742	
1.35671	0.025	0.124039	-10.0813	-16.3407	269.147	
11.3727	0.025	0.0301447	30.0601	-7.7847	213.972	
4.94769	0.025	0.0466289	-27.2983	-2.87097	179.413	
3.14649	0.025	0.06334	47.4944	-15.5535	174.844	
3.44048	0.025	0.0594166	-9.6318	-0.549863	152.4	
6.06548	0.025	0.0412511	16.2602	-11.941	193.089	
0.808489	0.025	0.196935	37.5911	-13.9295	210.161	
0.149048	0.025	1.33602	-24.2023	-30.7833	224.319	
6.01194	0.025	0.0414631	-0.449012	10.719	185.268	
2.06387	0.025	0.0874428	-5.98361	-6.73761	200.889	
5.02636	0.025	0.0461721	4.34915	-5.08064	186.737	
3.22695	0.025	0.0621951	10.1302	1.87143	203.43	
2.09045	0.025	3.08995	-12.1537	21.2181	193.593	
2.76477	0.025	3.10682	6.32095	-10.7147	174.937	
2.73222	0.025	0.0703036	11.0001	2.12071	202.521	
9.29538	0.025	0.0329811	-0.651207	-3.0629	195.746	
9.13051	0.025	0.0332615	6.38545	-0.138769	195.05	
2.02575	0.025	0.0887622	-16.5856	11.0829	201.229	
4.20766	0.025	3.12474	-16.8239	-7.38989	174.704	
1.43288	0.025	0.118353	-36.9863	-2.6371	220.696	
0.956837	0.025	0.168874	-57.7456	-1.02057	142.506	
10.1662	0.025	0.031651	7.36252	3.48676	259.114	
0.970536	0.025	3.00978	-19.3218	-12.2162	237.816	
5.05328	0.025	3.13048	-15.2148	-3.86901	181.245	
5.59425	0.025	0.0432561	9.34777	15.7509	167.387	
1.10687	0.025	0.148221	-52.1423	2.66586	206.201	
4.94199	0.025	0.0466626	26.0541	5.7921	200.769	
2.21758	0.025	0.0825844	-7.37269	9.70243	200.783	
0.907162	0.025	0.177234	-52.1932	-13.5297	176.818	
9.80754	0.025	0.0321702	30.9422	3.10741	204.731	
0.637298	0.025	2.93059	29.9692	1.63299	235.455	
0.714486	0.025	2.95564	-18.4862	-3.96821	165.752	
19.3747	0.025	0.0249029	-21.4848	4.87311	248.004	
10.8873	0.025	0.0307106	0.208205	-1.77013	217.11	
2.81547	0.025	0.0687395	-0.208821	-7.62801	157.726	
0.776015	0.025	0.204533	-86.3114	-20.9413	167.887	
0.751479	0.025	2.96578	-24.867	-16.6328	222.152	
3.86431	0.025	0.0548118	-73.9901	5.05188	181.876	
8.43337	0.025	0.0345684	-19.6264	-17.2719	191.591	
2.70209	0.025	3.10561	-33.3644	3.8217	164.257	
1.72219	0.025	3.07514	32.048	-4.95908	215.837	
9.59883	0.025	0.0324902	-6.26887	2.24126	187.997	
8.00189	0.025	0.0354914	-34.1685	-6.18262	204.92	
10.7074	0.025	0.0309333	37.4234	1.1584	236.261	
0.510309	0.025	0.304198	24.4502	17.2119	317.121	
4.069	0.025	0.0529317	-31.8609	-3.78777	206.802	
14.3443	0.025	0.0275154	-9.47644	1.47765	220.407	
3.30896	0.025	0.0610855	-14.1007	6.23867	204.573	
5.60859	0.025	0.0431901	13.3278	7.93726	222.972	
1.20123	0.025	3.0386	-25.5813	1.39588	184.863	
0.278424	0.025	2.61408	99.6684	19.1055	228.42	
5.90827	0.025	0.0418844	28.6368	3.79461	226.125	
4.25915	0.025	3.12515	5.53155	-4.0592	180.219	
6.34025	0.025	0.0402196	19.6822	-3.65806	190.525	
2.93801	0.025	3.1099	93.945	6.16787	147.343	
5.45969	0.025	0.0438922	-36.034	-2.66312	174.278	
4.33119	0.025	0.0507832	-21.2368	-2.98683	203.659	
11.7353	0.025	0.0297525	17.4533	-1.71868	231.563	
6.20115	0.025	0.0407303	-47.4164	5.20759	200.268	
4.1794	0.025	0.0519942	30.9791	19.1343	228.439	
15.3608	0.025	0.0268495	-11.5409	-6.18678	245.114	
11.0358	0.025	0.0305321	-38.5924	-0.256755	256.901	
2.21026	0.025	0.0828003	-7.81235	-7.45351	205.247	
2.40971	0.025	0.0773848	62.1215	3.38993	168.565	
0.513767	0.025	2.87429	114.139	-20.2728	205.034	
11.292	0.025	0.0302354	-6.17402	1.74542	202.502	
1.17252	0.025	0.140861	80.7137	-22.58	180.152	
10.1413	0.025	0.0316858	-26.0549	12.0424	202.424	
4.29607	0.025	0.0510558	39.0182	1.18013	143.925	
5.85956	0.025	0.0420876	10.7969	0.657891	210.321	
9.24655	0.025	0.0330631	13.9107	-6.5425	180.584	
7.38703	0.025	0.036993	-11.3468	7.00523	213.515	
1.85795	0.025	3.08128	-25.7043	-17.3173	194.542	
13.816	0.025	0.0279002	21.4039	-4.7845	218.633	
6.73962	0.025	0.0388703	3.71641	1.58803	160.461	
3.53755	0.025	0.0582645	-18.0931	-7.6199	169.081	
10.0784	0.025	0.0317747	14.6001	1.68005	225.694	
10.4181	0.025	0.0313077	-10.5035	0.965984	216.669	
6.08748	0.025	0.0411651	-6.05456	-5.35747	167.155	
5.02842	0.025	3.13034	26.5543	-5.57351	158.161	
6.63856	0.025	0.0391964	-14.8056	5.02124	153.946	
2.46852	0.025	0.0759556	-6.22137	-14.0391	220.549	
0.711197	0.025	0.221814	-5.25444	-4.61002	214.393	
8.08064	0.025	0.0353156	42.6873	-1.92796	182.336	
0.542048	0.025	0.286975	28.8807	-17.7694	244.848	
9.20871	0.025	0.0331273	-55.4585	-1.68937	222.912	
7.60768	0.025	0.0364262	-3.6725	0.0816474	243.021	
8.91536	0.025	0.0336431	1.39572	-14.0285	209.672	
3.95057	0.025	3.1225	12.8144	-4.10048	180.626	
3.53157	0.025	3.11817	-33.4323	-15.3409	143.799	
1.65754	0.025	0.104639	7.52844	-0.856796	219.278	
1.731	0.025	0.100931	8.85965	-2.17328	171.29	
0.728712	0.025	0.216835	47.9876	5.45251	213.368	
1.55484	0.025	0.110415	-32.2405	-8.45658	201.966	
8.59871	0.025	0.0342393	14.7752	11.572	212.872	
0.284379	0.025	2.62673	-151.958	6.03645	153.843	
7.75279	0.025	0.0360711	27.8369	14.417	178.619	
7.64177	0.025	0.0363416	4.30424	8.16268	186.585	
6.32125	0.025	0.040288	-53.9082	-4.05216	192.748	
4.62397	0.025	0.0486721	-8.13827	-7.91421	166.352	
13.2528	0.025	0.0283442	87.0412	-3.81358	244.559	
10.2886	0.025	0.031482	2.01764	-2.74715	221.165	
5.44351	0.025	0.0439708	-7.95382	-7.63534	165.717	
0.299722	0.025	2.65662	98.1025	26.3776	304.805	
4.13411	0.025	0.0523727	12.4814	7.70283	175.352	
6.75245	0.025	0.0388296	22.9578	14.8301	178.393	
4.172	0.025	0.0520554	17.5431	-2.09039	231.628	
1.01021	0.025	0.160816	145.317	2.8924	152.63	
7.76214	0.025	0.0360486	-24.0406	0.324507	193.22	
0.589015	0.025	0.265013	-52.2062	-14.7929	279.253	
3.55635	0.025	0.0580486	25.5652	-19.0361	195.258	
2.86843	0.025	3.10871	30.7025	12.846	166.251	
3.42809	0.025	0.0595683	-3.83659	-8.07449	130.962	
2.73989	0.025	0.0701556	-58.3464	-10.3675	190.731	
6.71145	0.025	0.0389602	4.39527	-7.5974	180.367	
10.3332	0.025	0.0314215	5.38232	-3.28542	219.321	
8.37324	0.025	0.0346914	14.2149	-3.92838	206.221	
8.6031	0.025	0.0342307	-29.4236	-2.23956	205.34	
8.14737	0.025	0.0351693	12.7647	-0.889316	237.552	
0.982742	0.025	0.164852	36.6384	3.91171	202.247	
9.27693	0.025	0.033012	-2.76735	4.15685	214.506	
7.47698	0.025	0.0367579	-12.0539	8.38123	173.129	
11.999	0.025	0.0294822	6.47785	4.50841	216.933	
8.49707	0.025	0.0344401	19.5978	0.0323526	202.759	
0.21213	0.025	2.41075	-220.578	2.7138	256.279	
8.62574	0.025	0.0341867	-21.0556	10.2756	196.55	
2.97789	0.025	3.11056	21.7285	-8.7109	176.803	
6.05896	0.025	0.0412767	96.7763	2.54259	203.16	
11.0913	0.025	0.0304667	19.7078	-2.74661	195.563	
4.33613	0.025	0.0507452	15.3896	-17.8709	192.1	
4.94012	0.025	3.12983	16.7212	1.11896	216.921	
1.95294	0.025	0.0914256	-3.61726	0.0240242	233.932	
1.50254	0.025	3.06284	18.1718	7.97605	213.159	
1.08276	0.025	3.02535	-43.5688	-14.6028	212.723	
6.98183	0.025	0.0381272	40.765	-6.43748	235.589	
3.04258	0.025	0.0649082	-27.3157	14.9063	163.654	
4.14304	0.025	0.0522974	-9.06418	10.3205	196.236	
7.90167	0.025	0.0357202	-0.333929	11.4085	228.114	
5.21984	0.025	3.13139	-34.6295	-1.40012	184.754	
1.06941	0.025	0.15283	32.9569	10.3289	213.955	
6.23304	0.025	0.0406112	37.8364	1.49136	173.029	
0.256481	0.025	2.56135	41.4333	-4.18463	134.514	
8.98385	0.025	0.0335196	0.437393	2.05105	234.49	
3.62276	0.025	0.057304	30.4017	15.1271	206.987	
2.22967	0.025	0.0822308	-0.693889	8.38009	158.672	
1.98184	0.025	0.0903446	67.4534	3.9908	122.127	
8.70703	0.025	0.0340305	-37.5048	5.73991	202.332	
10.0572	0.025	0.0318049	5.24233	-3.40399	232.246	
8.82684	0.025	0.0338054	-10.8324	-14.726	201.882	
3.22465	0.025	3.11427	83.0253	4.54184	166.862	
3.82922	0.025	3.12134	-62.4759	1.89028	158.936	
10.0752	0.025	0.0317792	7.48536	-0.4281	179.076	
4.75486	0.025	3.12869	-3.0746	-11.2659	186.858	
14.8691	0.025	0.0271602	-47.8936	8.61205	248.54	
6.77766	0.025	0.0387501	-23.5177	-12.8913	181.722	
10.9858	0.025	0.0305917	37.5185	3.9116	183.491	
7.53242	0.025	0.0366158	-7.38102	4.2316	227.617	
2.92259	0.025	3.10964	-71.1491	-5.17165	172.849	
0.14435	0.025	1.57219	-148.422	-16.4564	29.3697	
10.8657	0.025	0.0307369	-4.07775	-1.39362	207.968	
0.492581	0.025	0.314827	31.7241	-2.04939	217.881	
6.15444	0.025	0.040907	23.0277	-6.08538	223.042	
5.04153	0.025	0.0460857	-37.4036	15.7582	213.511	
8.58696	0.025	0.0342623	-22.2216	-4.22355	201.634	
14.2197	0.025	0.0276036	1.77	-3.06791	215.034	
3.12338	0.025	0.0636797	-33.0876	2.77258	187.85	
6.55532	0.025	0.0394725	-5.94207	2.87239	218.979	
8.52588	0.025	0.0343827	-10.1919	-2.41845	192.488	
0.298163	0.025	2.65375	64.8483	12.9347	234.921	
10.2497	0.025	0.0315352	37.4918	4.79069	163.879	
11.3146	0.025	0.0302098	-28.2533	-4.11681	231.733	
4.18353	0.025	3.12454	-29.8571	3.73518	172.361	
7.80114	0.025	0.0359557	-1.32915	-4.59579	186.265	
3.46471	0.025	3.11738	33.2781	-1.85019	194.914	
9.12492	0.025	0.0332712	-41.5717	-9.80716	217.673	
1.11403	0.025	0.147377	-26.06	-14.9914	187.497	
2.72034	0.025	0.0705347	-15.4272	1.34853	214.262	
2.82976	0.025	3.10802	12.6843	21.6032	188.632	
5.30522	0.025	0.0446622	35.6958	0.631144	212.592	
0.281111	0.025	0.556633	17.6005	10.4559	234.209	
2.00421	0.025	3.08697	15.8268	8.2507	175.516	
1.09615	0.025	0.149508	24.4631	4.63046	178.687	
4.71126	0.025	0.0480935	-28.1563	-9.93705	216.693	
1.35966	0.025	0.123806	-18.3136	23.4239	195.409	
4.91791	0.025	0.0468056	-6.49937	-14.3775	189.135	
7.28769	0.025	0.0372594	-3.34236	-3.13597	198.817	
7.18569	0.025	0.0375406	-12.4643	2.99953	200.034	
9.486	0.025	0.0326691	-61.7771	0.416894	200.132	
2.61322	0.025	3.10379	3.85426	-6.94624	198.91	
10.5513	0.025	0.0311328	15.7781	-14.5268	201.003	
8.67227	0.025	0.0340969	-27.7315	-9.00888	219.247	
1.37306	0.025	0.122764	-80.168	3.47597	240.94	
4.7883	0.025	0.0476004	21.2242	1.07239	150.807	
3.26399	0.025	0.061687	0.990832	-0.938449	192.928	
2.64951	0.025	3.10454	54.4854	9.20006	246.675	
1.67084	0.025	0.103944	44.8435	-0.675077	164.148	
0.613197	0.025	0.255058	97.4339	2.0018	172.458	
7.98593	0.025	0.0355275	-37.2405	8.21706	244.506	
0.393672	0.025	2.78366	-103.377	-6.87414	274.029	
7.59789	0.025	0.0364507	36.8076	-1.07505	199.991	
2.03475	0.025	0.0884461	71.8885	6.9031	168.012	
1.36795	0.025	0.123159	52.4771	12.1292	192.16	
11.0402	0.025	0.0305269	-35.2253	-7.70591	180.519	
4.45396	0.025	0.0498641	29.6409	2.08693	175.706	
2.6214	0.025	3.10396	60.2015	-6.44008	210.729	
7.29819	0.025	0.0372309	-35.0934	-9.17782	193.206	
8.80351	0.025	0.0338488	28.6253	-3.04426	251.61	
0.622232	0.025	0.251543	-5.93719	-8.22465	124.26	
9.0305	0.025	0.0334366	9.11168	8.80948	203.504	
0.626449	0.025	2.92656	1.18916	24.4714	259.763	
13.1645	0.025	0.0284172	-2.16207	-7.88564	210.688	
0.146944	0.025	1.39939	190.144	28.0079	182.609	
2.67052	0.025	0.0715258	34.6258	-5.49169	189.702	
1.45196	0.025	0.117022	-21.4041	-24.6926	230.8	
9.06156	0.025	0.0333818	-35.7949	0.89314	219.43	
1.38907	0.025	0.121546	46.3462	2.55112	241.354	
0.547735	0.025	2.89239	-111.73	-25.232	239.304	
9.55409	0.025	0.0325606	-14.4144	3.59851	244.021	
11.3202	0.025	0.0302035	-16.3895	5.64884	197.021	
6.65012	0.025	0.0391586	-42.5541	11.1313	190.694	
11.2776	0.025	0.0302517	-18.7097	-5.77809	196.263	
1.18665	0.025	3.03711	35.1669	14.4846	195.836	
10.7291	0.025	0.030906	7.72503	2.24102	240.452	
2.76503	0.025	3.10682	-8.3246	-9.08813	216.278	
1.22817	0.025	0.135243	-3.35126	-12.2308	147.038	
10.9952	0.025	0.0305804	6.33525	0.481563	235.196	
0.817603	0.025	0.194913	-72.393	-4.34533	157.731	
0.999047	0.025	0.16243	-33.7833	-17.4754	207.555	
12.8004	0.025	0.0287291	19.0204	2.80235	237.046	
9.62568	0.025	0.0324483	-2.44272	-8.81542	222.232	
4.31285	0.025	0.050925	-43.2381	0.967668	212.476	
5.23031	0.025	0.045052	37.3626	10.6441	146.258	
3.22921	0.025	0.0621637	43.6029	8.47177	167.221	
6.9832	0.025	0.0381231	-28.5578	-2.89867	213.304	
0.180047	0.025	2.22903	-13.3107	-46.9769	229.497	
7.4338	0.025	0.0368701	25.5295	8.79796	146.817	
5.82712	0.025	0.0422247	-4.71986	-12.8979	160.127	
10.1923	0.025	0.0316146	-19.2065	1.86521	194.249	
1.74367	0.025	0.100323	-34.2847	7.81822	194.271	
7.10513	0.025	0.0377684	-17.9621	-10.9852	208.344	
27.6665	0.025	0.0226702	-3.14198	5.96952	236.596	
0.272439	0.025	0.575789	172.619	26.925	273.1	
7.85781	0.025	0.0358222	-29.8627	-17.2404	236.782	
9.05527	0.025	0.0333929	15.3935	4.34291	188.244	
7.1607	0.025	0.0376107	16.4446	-2.16224	157.643	
11.0389	0.025	0.0305285	-23.9428	-5.34493	212.695	
0.594546	0.025	0.262662	-120.142	0.496754	149.476	
4.05165	0.025	0.0530837	15.3442	-4.24775	212.92	
5.96767	0.025	0.0416412	39.4058	-14.5393	184.041	
3.06463	0.025	0.0645666	-15.3181	4.22849	185.662	
2.9854	0.025	0.0658178	-22.408	-9.23126	187.458	
0.531077	0.025	2.88381	-66.0173	-19.0812	163.523	
6.02958	0.025	0.0413928	-49.7636	1.32446	175.818	
4.52814	0.025	0.049333	-21.492	-12.3962	190.666	
0.291762	0.025	0.53493	75.4711	3.87611	198.107	
12.3111	0.025	0.0291773	3.68896	-4.65168	231.22	
8.43355	0.025	0.0345681	-2.59418	-0.800094	224.519	
1.87804	0.025	3.08212	-39.5825	10.348	195.217	
6.31097	0.025	0.0403252	-2.95623	-2.10346	174.192	
8.28271	0.025	0.0348798	-46.6509	0.0824847	215.908	
3.59773	0.025	0.0575814	45.9952	9.07512	161.31	
5.01098	0.025	0.0462603	43.4127	-15.2223	156.697	
9.78674	0.025	0.0322015	12.3128	-12.9951	202.368	
8.13481	0.025	0.0351967	-0.145563	8.96387	202.563	
4.6453	0.025	0.0485287	4.33502	-10.3122	221.842	
7.79475	0.025	0.0359708	-8.91865	-7.04671	199.572	
0.146233	0.025	1.42683	104.728	28.3097	-195.644	
3.97358	0.025	0.053784	-57.9402	-12.7833	198.924	
9.00864	0.025	0.0334754	-11.9303	1.48608	233.127	
9.58004	0.025	0.0325197	5.84043	-9.61338	256.566	
0.524109	0.025	0.296443	-136.041	-17.8759	122.915	
7.57845	0.025	0.0364994	-39.1478	-7.39081	184.691	
7.87573	0.025	0.0357804	3.5591	2.23737	216.28	
10.7611	0.025	0.030866	-9.63715	-10.0951	204.94	
13.4052	0.025	0.0282203	8.00895	-1.7792	223.771	
14.4328	0.025	0.0274537	19.4464	-3.18095	203.753	
2.82824	0.025	0.0685077	40.8866	3.44542	240.156	
0.228192	0.025	0.70223	-80.411	-15.3289	203.349	
2.71928	0.025	0.0705552	-8.60369	2.71785	162.542	
8.44608	0.025	0.0345427	14.7732	3.57099	196.149	
1.18584	0.025	3.03703	44.5613	-8.06445	208.236	
4.77719	0.025	0.0476705	-36.8479	-9.45345	197.434	
2.95307	0.025	3.11015	-13.4447	-2.18877	155.137	
4.94307	0.025	0.0466562	43.1287	-4.54011	194.905	
0.957997	0.025	0.168689	-71.5713	-1.28841	258.389	
2.1661	0.025	0.0841345	-11.5973	-1.33316	169.918	
12.7275	0.025	0.0287937	-4.14796	9.49221	191.411	
4.5807	0.025	0.0489671	31.9574	-5.16787	184.375	
0.496526	0.025	0.312394	20.1014	18.69	277.044	
0.264486	0.025	0.594683	111.862	23.0826	103.061	
6.62663	0.025	0.0392355	-5.91561	1.32246	205.29	
3.17561	0.025	0.062919	-74.9808	-17.8084	222.439	
1.12417	0.025	0.146198	-52.1357	10.047	261.525	
6.77543	0.025	0.0387571	-20.817	4.64587	204.886	
2.26117	0.025	0.0813271	76.7413	-0.69866	251.605	
0.493034	0.025	2.86195	23.5324	20.6033	172.744	
0.192914	0.025	0.862743	138.424	-13.026	206.168	
0.157963	0.025	2.00674	-145.269	-24.9443	186.915	
0.300792	0.025	2.65858	54.4849	3.37801	211.525	
10.884	0.025	0.0307145	1.36285	4.00671	200.734	
0.213854	0.025	0.758289	53.5553	53.7396	268.152	
0.550774	0.025	0.282601	98.0423	-3.02437	125.112	
11.5706	0.025	0.0299276	-62.7341	-4.43851	210.498	
6.04876	0.025	0.0413169	-15.259	-3.06887	227.836	
0.405402	0.025	2.79504	-101.463	21.1314	192.571	
0.551704	0.025	2.89436	-1.03767	-14.7044	211.807	
11.0716	0.025	0.0304898	-18.7242	-7.88411	195.522	
1.6459	0.025	0.105258	-8.11418	-1.75646	236.547	
0.324966	0.025	0.47767	23.5756	21.7692	150.367	
2.22388	0.025	3.0941	-17.8463	0.493936	194.961	
0.984964	0.025	0.164518	-54.3208	-4.46283	216.056	
6.62531	0.025	0.0392399	11.153	12.6013	231.529	
1.96587	0.025	0.090938	-72.9145	15.6162	251.498	
1.49006	0.025	3.06203	19.4744	-9.11798	149.097	
1.33264	0.025	0.125971	70.2554	-18.1934	188.163	
0.957405	0.025	0.168783	86.0986	13.8338	258.003	
3.55966	0.025	0.0580108	47.3951	13.0189	179.014	
5.70118	0.025	0.0427721	-14.1243	-13.8991	170.73	
3.48804	0.025	0.058844	-16.1426	4.71898	216.094	
9.79823	0.025	0.0321842	22.4009	1.66889	189.136	
2.82754	0.025	0.0685204	13.6779	0.366453	161.699	
10.9866	0.025	0.0305907	12.46	-3.12957	226.128	
8.0836	0.025	0.0353091	14.0824	-14.0858	184.736	
4.32001	0.025	0.0508695	15.1024	11.4216	229.406	
1.44986	0.025	0.117167	-16.8724	-10.8029	244.602	
1.63997	0.025	0.105576	47.7339	9.93953	194.78	
1.84681	0.025	3.08081	-12.805	-15.9523	250.68	
1.17112	0.025	0.14101	-6.47449	11.3047	244.082	
0.744748	0.025	2.96401	-41.0895	15.2085	215.928	
3.41325	0.025	0.0597515	-21.3017	10.3396	199.251	
11.3538	0.025	0.0301658	41.1913	5.87627	209.695	
2.61492	0.025	3.10382	-2.10178	-9.45559	135.055	
0.913566	0.025	3.00039	-1.98079	-4.05807	214.914	
0.938658	0.025	0.171829	-18.6654	22.4491	225.718	
1.14984	0.025	3.03319	-96.9424	2.17669	252.47	
8.63511	0.025	0.0341686	2.37004	-0.418271	219.683	
0.541981	0.025	0.287009	-2.8927	-3.41676	167.417	
8.7851	0.025	0.0338831	-7.98563	1.72576	176.302	
0.568882	0.025	0.273968	-8.1752	5.28354	144.799	
4.32894	0.025	0.0508005	40.1779	8.25848	215.169	
15.2256	0.025	0.0269329	-25.5644	-4.92081	237.195	
9.41531	0.025	0.0327833	7.09874	-6.89514	228.671	
5.13862	0.025	0.0455446	-69.6804	-6.33123	236.939	
6.49442	0.025	0.039679	24.6415	-3.46315	205.297	
5.63298	0.025	0.0430787	3.96673	-12.2056	218.085	
5.62523	0.025	0.043114	31.1246	-14.1197	183.024	
0.491349	0.025	0.315596	67.5587	19.9035	183.734	
4.84521	0.025	0.0472462	1.57073	-1.7086	219.68	
1.76897	0.025	0.0991349	-8.12319	-5.27412	188.048	
0.43204	0.025	2.81843	7.28853	-21.4752	240.517	
8.39008	0.025	0.0346568	-34.1271	-1.34296	214.19	
2.14431	0.025	0.0848133	75.335	3.81949	221.923	
3.71731	0.025	0.0562899	-60.809	-7.10062	184.903	
1.35089	0.025	0.124499	11.7863	-6.83952	224.271	
8.47473	0.025	0.0344849	28.9651	-3.04559	193.716	
3.04832	0.025	0.0648188	-3.27666	-8.34004	192.834	
10.8789	0.025	0.0307208	-1.65588	-4.90208	254.564	
2.37716	0.025	3.09829	28.9914	7.71074	188.86	
2.553	0.025	0.0740175	-41.1959	14.0301	167.747	
9.27241	0.025	0.0330196	30.1031	-2.47531	210.439	
0.571408	0.025	2.90369	41.4569	-25.1313	289.625	
8.10106	0.025	0.0352706	-40.5454	-10.5627	196.394	
4.67754	0.025	0.0483145	48.3014	1.54607	213.919	
9.33621	0.025	0.0329132	-7.86516	7.17065	245.127	
0.457243	0.025	0.338601	-26.1021	-3.00442	141.077	
10.7806	0.025	0.0308418	-14.7752	-0.785318	201.517	
2.7475	0.025	0.0700095	-3.06771	1.70881	185.365	
1.10021	0.025	0.149018	-109.135	1.11135	176.194	
1.45206	0.025	0.117016	-47.5434	-10.6037	229.978	
10.8818	0.025	0.0307173	7.68498	2.76194	214.69	
3.85668	0.025	0.0548858	47.3657	-8.53037	159.413	
0.954397	0.025	3.00724	-50.6646	-5.19964	217.699	
11.3052	0.025	0.0302205	9.17906	-7.88839	226.039	
5.41139	0.025	0.0441282	-3.39585	-2.68633	179.199	
2.75662	0.025	0.0698354	40.1408	2.92743	219.165	
6.25711	0.025	3.13598	9.49256	-9.18209	150.03	
3.31096	0.025	0.0610591	-7.14589	2.70343	175.593	
1.0678	0.025	0.153036	-55.9289	-19.0514	181.195	
7.60662	0.025	0.0364289	-34.6028	-0.319087	205.259	
8.49752	0.025	0.0344392	31.9793	-4.92192	214.733	
6.07887	0.025	0.0411986	12.6606	6.67256	195.401	
0.358888	0.025	0.431331	25.9682	-18.4192	119.95	
2.17773	0.025	0.0837779	-40.8941	-10.1967	162.645	
5.25118	0.025	0.0449423	0.370659	-5.70237	150.566	
7.00725	0.025	0.0380522	-16.3855	-4.09621	173.082	
6.3457	0.025	0.0402	-9.11317	-1.66254	200.482	
0.545819	0.025	2.89143	-79.7254	-24.5032	218.894	
8.36167	0.025	0.0347152	13.5534	5.47195	209.528	
1.08538	0.025	0.150826	35.6556	23.4951	219.133	
2.82963	0.025	0.0684826	-16.9367	-4.88614	185.845	
3.73248	0.025	0.0561319	-10.065	13.0833	185.99	
6.27105	0.025	0.0404708	46.9808	16.9429	188.37	
13.4793	0.025	0.0281611	15.4675	-0.67671	248.475	
0.375881	0.025	2.76494	-56.1581	-12.8182	322.231	
0.531779	0.025	0.292313	-14.797	-6.96219	82.6379	
4.76879	0.025	3.12878	-14.0318	-1.86305	162.016	
4.66263	0.025	0.0484132	1.67167	14.5634	185.919	
1.89251	0.025	0.093792	-0.0981989	4.95689	208.512	
2.49671	0.025	0.0752941	-25.9919	-12.892	211.763	
0.477213	0.025	0.324712	117.176	30.3147	208.267	
0.349329	0.025	0.443383	-134.826	0.57907	161.504	
9.1557	0.025	0.033218	-9.36513	-5.76607	243.807	
4.61504	0.025	0.0487326	-11.1614	-22.4466	208.956	
4.26828	0.025	0.0512746	-13.7731	-9.01125	195.415	
0.625098	0.025	2.92605	-5.28248	4.41027	130.766	
0.519487	0.025	0.298992	-79.271	19.6869	197.93	
5.27562	0.025	0.0448149	-1.68052	-4.67259	185.492	
4.80262	0.025	0.0475105	21.5166	6.58143	210.044	
0.197835	0.025	2.34138	-91.5016	-2.44527	215.295	
7.07899	0.025	0.0378434	35.5259	-15.1659	209.988	
11.9343	0.025	0.0295474	-40.3982	8.73066	229.131	
12.561	0.025	0.028944	-29.5847	13.0461	239.535	
9.6849	0.025	0.0323566	-35.9281	-2.61647	211.844	
0.915091	0.025	0.175838	-92.1642	-1.67811	164.555	
1.00658	0.025	0.161337	-9.17273	15.0757	245.652	
10.9519	0.025	0.0306323	-9.45632	0.681917	215.435	
6.51896	0.025	0.0395954	22.458	1.59859	194.954	
1.5165	0.025	0.112771	-13.8434	-17.9434	212.863	
1.021	0.025	0.159291	-31.3539	5.60566	200.119	
4.19431	0.025	0.0518713	50.5138	0.307656	186.201	
0.741757	0.025	0.213283	-27.8834	-2.37763	296.473	
0.347503	0.025	0.445769	83.5478	-9.85651	267.334	
7.70165	0.025	0.0361947	-7.82793	2.67993	198.845	
8.57136	0.025	0.0342929	3.05541	0.545021	212.675	
2.77967	0.025	0.0694005	53.4759	4.03779	168.808	
10.7823	0.025	0.0308397	24.336	-8.20633	230.127	
1.46675	0.025	0.116015	-96.0292	4.05442	228.735	
7.52061	0.025	0.0366459	14.3157	-8.0271	189.718	
0.588544	0.025	0.265215	-62.0264	1.46438	193.123	
12.2111	0.025	0.0292732	36.0576	-1.70762	211.107	
9.1944	0.025	0.0331517	-10.0415	4.67471	223.554	
6.36809	0.025	0.04012	30.0387	-0.0570943	188.946	
10.6173	0.025	0.0310477	-41.2062	2.35144	212.859	
0.160242	0.025	1.13886	-30.1762	-7.2352	143.299	
4.69142	0.025	3.12828	13.1591	0.652814	184.716	
12.4468	0.025	0.0290494	-12.0374	1.52271	205.115	
4.29481	0.025	0.0510656	19.1952	6.11173	165.716	
2.19569	0.025	3.09326	-28.4606	10.7047	199.938	
5.39506	0.025	0.044209	-34.928	21.3137	206.838	
7.63771	0.025	0.0363516	-11.408	-10.4575	226.464	
7.06367	0.025	0.0378876	43.8572	14.8194	182.13	
2.12283	0.025	3.091	-20.2422	-0.142722	214.526	
5.22594	0.025	0.045075	-30.2611	-16.1203	181.435	
4.61521	0.025	0.0487314	-2.20467	-14.9551	167.188	
5.05136	0.025	3.13047	28.6693	-8.28217	210.222	
1.00881	0.025	0.161016	2.43876	-12.6737	224.551	
8.27532	0.025	0.0348954	-11.3404	-1.79775	181.786	
1.60046	0.025	0.107757	24.8777	-1.80489	226.05	
10.1659	0.025	0.0316514	-31.8585	-2.86561	199.157	
3.84858	0.025	3.12153	-37.4973	-0.788421	224.269	
5.59745	0.025	3.13326	21.2461	0.401884	145.056	
0.993872	0.025	0.16319	-83.3054	-8.13085	156.342	
1.33535	0.025	0.12575	32.9548	-9.55831	300.338	
9.6908	0.025	0.0323475	30.7865	6.5704	199.219	
9.5027	0.025	0.0326423	-9.38201	-6.55068	231.885	
7.06554	0.025	0.0378822	-8.21048	5.20918	200.965	
0.957392	0.025	0.168785	26.3434	11.1209	220.284	
2.44978	0.025	0.0764034	-1.40461	7.57724	189.816	
0.253458	0.025	2.55321	23.2317	-1.33382	196.139	
7.08525	0.025	0.0378254	17.2334	-4.97561	222.696	
14.6081	0.025	0.0273337	32.5789	-1.70313	196.33	
4.28069	0.025	0.0511765	-55.7997	0.718178	167.041	
8.15685	0.025	0.0351487	0.288439	-8.49676	171.029	
10.7933	0.025	0.0308259	-8.59143	-0.625412	243.795	
0.904927	0.025	2.99887	-104.235	-6.02976	177.639	
6.97776	0.025	0.0381392	-21.9164	4.17653	177.274	
5.14306	0.025	0.0455203	36.3002	-5.08914	197.024	
1.20966	0.025	0.137054	44.5734	1.57344	192.23	
8.46305	0.025	0.0345084	-23.1964	2.03841	212.637	
7.27601	0.025	0.0372912	11.3258	0.895951	179.036	
1.21241	0.025	3.03972	-41.3626	4.53373	248.887	
9.8499	0.025	0.0321069	-88.3247	-6.82835	204.927	
3.39082	0.025	0.0600315	-37.5629	5.13676	182.335	
0.525949	0.025	2.88106	73.2895	31.8104	287.099	
0.64322	0.025	0.243769	10.2134	7.9184	244.982	
0.201897	0.025	0.813898	-31.4865	0.489979	77.6614	
9.71669	0.025	0.0323078	7.07649	5.17981	208.936	
1.33394	0.025	0.125865	-53.1305	6.41145	210.176	
5.72793	0.025	3.13385	-23.7848	-19.6514	212.449	
1.12839	0.025	3.03079	96.1531	3.11374	211.002	
5.26141	0.025	0.0448888	-15.3917	-0.5255	188.072	
2.43186	0.025	0.0768384	-33.1589	-14.9595	198.514	
3.53125	0.025	0.0583373	-35.3371	-7.35732	176.136	
0.177819	0.025	2.21203	-65.1509	-9.79137	141.308	
6.66505	0.025	0.0391099	-26.3387	-9.76028	169.306	
1.29333	0.025	0.129283	6.67713	-17.706	179.628	
0.305229	0.025	0.50999	-151.84	-24.2718	116.424	
14.7114	0.025	0.0272643	-9.07142	-8.79284	221.922	
0.39351	0.025	0.392998	-137.819	-12.5217	187.437	
2.01782	0.025	0.0890429	-16.521	5.35133	226.307	
2.66895	0.025	0.0715576	0.836631	15.2654	165.453	
16.1717	0.025	0.0263784	30.705	-1.38367	222.183	
0.440825	0.025	2.82548	-22.5598	2.27012	122.526	
2.4511	0.025	0.0763718	-19.5135	-9.95297	168.316	
11.7493	0.025	0.0297379	28.407	-11.159	194.82	
1.69205	0.025	3.07364	49.0165	1.41797	213.786	
0.653303	0.025	0.240217	-59.1342	1.66215	218.576	
5.02523	0.025	3.13032	-34.3933	15.1505	180.893	
1.49095	0.025	3.06209	18.4977	-2.97471	199.586	
8.38608	0.025	0.034665	5.91009	2.38256	214.043	
12.957	0.025	0.0285928	-1.05058	-3.21947	199.056	
8.59449	0.025	0.0342476	39.0076	-3.38038	207.676	
0.832144	0.025	2.98472	31.7015	4.87456	219.104	
7.72223	0.025	0.0361448	0.0457783	-3.9584	168.732	
6.66027	0.025	3.13737	-4.16055	1.53582	208.615	
1.22665	0.025	0.135389	-73.3205	3.43534	217.729	
1.29218	0.025	0.129383	-86.9135	-17.8092	189.855	
0.568826	0.025	0.273994	-60.3376	-14.8981	174.412	
6.03771	0.025	0.0413606	-8.45335	-14.5897	179.851	
7.46369	0.025	0.0367923	12.5551	-10.042	201.402	
9.71062	0.025	0.0323171	-22.5705	-9.19934	206.153	
11.1174	0.025	0.0304361	4.72238	-5.79385	249.603	
7.66566	0.025	0.0362827	2.59648	6.66256	192.721	
16.3262	0.025	0.0262939	20.4328	2.33432	226.994	
9.60844	0.025	0.0324752	17.028	-1.08352	192.967	
3.33651	0.025	0.060725	-11.1366	19.7975	192.926	
1.45357	0.025	0.116912	28.1345	3.35145	224.949	
0.579508	0.025	2.90734	59.9785	4.91233	203.431	
0.476555	0.025	2.85135	47.2692	-6.75603	255.377	
9.61143	0.025	0.0324705	-45.7785	15.0662	180.154	
9.46307	0.025	0.032706	-30.4827	2.11684	202.511	
5.75121	0.025	3.13395	-7.67095	10.709	120.972	
3.50294	0.025	0.0586679	-55.3098	-2.04581	163.154	
2.70758	0.025	0.0707849	7.79885	9.05503	181.207	
3.60314	0.025	3.11898	-2.16235	-6.47163	210.242	
0.923027	0.025	3.00203	13.1529	-0.602745	278.792	
1.87845	0.025	3.08213	35.9008	-11.7044	227.922	
3.50642	0.025	0.058627	-48.104	-0.545351	171.362	
0.222678	0.025	2.45388	-29.0099	-16.38	129.635	
9.14537	0.025	0.0332359	15.8549	5.91872	215.05	
7.90778	0.025	0.0357061	8.80038	-5.72822	188.157	
0.644136	0.025	0.243442	26.4553	5.53694	232.85	
10.3502	0.025	0.0313985	-60.9383	2.06204	197.054	
4.18849	0.025	0.0519191	-7.4494	3.48626	160.746	
8.91489	0.025	0.0336439	22.3437	12.5553	193.203	
2.21563	0.025	0.0826419	-70.0489	-4.32834	149.7	
13.3295	0.025	0.0282814	23.7204	2.39162	212.685	
10.7052	0.025	0.0309361	14.984	4.01161	235.95	
2.01202	0.025	0.0892494	54.5362	11.3757	177.086	
1.54318	0.025	0.111119	-4.57489	-8.32985	167.542	
1.58275	0.025	0.10877	31.2507	5.39341	205.989	
8.52846	0.025	0.0343776	-8.78895	10.7973	184.923	
4.55089	0.025	3.12733	33.7727	-9.9914	147.375	
8.68963	0.025	0.0340637	-29.2189	11.7434	220.471	
8.30825	0.025	0.0348262	40.3285	8.72347	210.692	
13.7198	0.025	0.0279734	-52.8154	-2.58882	227.387	
2.52664	0.025	0.0746082	27.285	-7.4311	256.412	
3.94419	0.025	0.0540549	-10.6501	1.65278	180.376	
6.48035	0.025	0.0397273	19.1685	5.72356	193.397	
8.25046	0.025	0.0349479	-21.9198	-0.149741	188.499	
6.86303	0.025	0.0384851	-4.82859	4.34605	229.388	
3.12855	0.025	0.0636034	1.22669	-13.6922	213.857	
8.8616	0.025	0.0337413	-6.45085	-3.37501	200.986	
4.65576	0.025	0.0484589	3.07631	-8.79505	162.803	
0.15745	0.025	1.99935	162.413	6.43626	146.845	
9.75348	0.025	0.0322518	-15.9146	-11.7658	221.108	
7.11961	0.025	0.0377271	-17.0574	-19.2217	219.189	
3.46446	0.025	3.11737	-1.02581	-1.62576	166.839	
4.71161	0.025	0.0480912	49.0569	-8.23452	192.29	
5.0756	0.025	0.0458935	4.31715	9.26069	189.385	
3.82647	0.025	0.0551814	1.04321	-0.301308	153.278	
11.1504	0.025	0.0303977	36.9343	-3.96178	230.794	
2.67305	0.025	3.10502	-67.9408	10.4536	184.617	
9.36662	0.025	0.032863	-1.65367	-8.77587	164.73	
3.07742	0.025	0.0643707	-39.4776	5.0232	187.792	
13.3229	0.025	0.0282868	14.1159	-3.48855	235.237	
0.241647	0.025	2.51894	-156.793	-13.3148	220.52	
5.06679	0.025	0.0459429	-36.752	-1.40411	188.988	
0.686358	0.025	0.229321	-35.3415	-0.254609	109.05	
4.55807	0.025	0.0491236	-12.0491	-12.3166	204.841	
5.99519	0.025	0.0415301	21.327	14.6943	187.581	
4.15849	0.025	3.12433	20.1205	-3.83974	186.605	
0.227583	0.025	0.704417	59.7739	-7.78802	203.002	
6.04936	0.025	3.13518	4.60163	2.27159	163.371	
7.8073	0.025	0.0359411	-15.8914	7.38579	232.545	
8.11686	0.025	0.0352359	-3.05737	4.39168	240.981	
11.2056	0.025	0.030334	0.307287	-7.23699	219.785	
0.716546	0.025	0.220267	121.414	8.8425	250.025	
4.89836	0.025	0.0469228	26.2837	-3.67252	197.82	
0.146605	0.025	1.76458	-83.009	-44.3975	100.21	
2.11211	0.025	0.0858419	20.3614	-4.4024	189.654	
3.51678	0.025	0.0585056	-14.3258	0.894661	181.196	
3.57006	0.025	3.11861	-31.9016	-1.98682	196.657	
12.6794	0.025	0.0288367	-15.9219	-4.96793	244.582	
0.763865	0.025	2.96895	8.4825	-2.71126	253.188	
0.501492	0.025	0.309387	149.929	-1.24885	267.692	
16.5236	0.025	0.0261883	51.7035	5.91004	212.65	
6.34783	0.025	0.0401924	14.716	-6.95572	207.192	
0.980003	0.025	3.01123	-56.1662	-5.28597	250.98	
6.81404	0.025	0.0386364	48.1541	9.51081	189.008	
11.3369	0.025	0.0301847	-2.8595	8.36065	214.844	
5.70411	0.025	0.0427591	-61.8374	1.79199	150.104	
1.99287	0.025	0.0899408	-47.6793	11.4913	263.361	
2.05094	0.025	0.0878846	26.9973	-6.88124	176.216	
0.158603	0.025	1.16077	90.1765	7.59411	214.937	
0.308488	0.025	0.504329	123.912	5.21502	103.349	
14.1668	0.025	0.0276415	18.0352	2.9869	238.677	
1.48236	0.025	3.06153	22.0685	-4.69324	183.194	
4.88097	0.025	0.0470278	-50.3086	-3.17101	178.423	
0.22317	0.025	2.45575	-67.8925	16.9992	250.649	
5.37211	0.025	0.0443233	8.48348	-2.99145	192.764	
0.783953	0.025	2.97388	52.6318	11.5141	143.629	
1.73149	0.025	0.100907	-51.9976	4.44856	187.68	
6.88715	0.025	0.0384114	-2.77988	-12.8593	223.698	
0.809675	0.025	0.19667	-113.541	3.08825	203.491	
0.153316	0.025	1.24421	71.378	22.2928	112.349	
0.148195	0.025	1.35942	207.04	27.384	265.445	
1.14889	0.025	0.143413	-34.895	6.2708	175.986	
0.312095	0.025	2.67828	-32.3859	-1.50977	166.056	
11.5455	0.025	0.0299547	-22.0323	5.57972	217.598	
3.32961	0.025	0.0608147	10.7332	-2.84228	167.07	
9.16531	0.025	0.0332015	42.8864	-1.30691	207.459	
4.80408	0.025	0.0475013	8.99038	3.04679	187.403	
10.6448	0.025	0.0310125	-37.6391	2.86136	212.181	
0.997691	0.025	0.162628	-63.7075	0.623232	184.579	
9.37893	0.025	0.0328428	-9.83811	5.69415	193.312	
5.84486	0.025	0.0421495	34.2251	13.409	165.12	
10.5758	0.025	0.0311011	-10.8543	8.03405	246.374	
1.22661	0.025	0.135393	11.1285	0.760014	210.848	
10.7332	0.025	0.0309009	27.8538	-3.05777	222.826	
4.7296	0.025	0.0479746	50.4527	-5.19432	212.99	
1.54932	0.025	0.110747	77.1707	-11.4752	150.247	
1.02994	0.025	3.01845	28.6794	17.8041	205.04	
11.1652	0.025	0.0303805	23.254	-2.47661	187.279	
4.65137	0.025	3.12801	-66.142	-6.97618	205.788	
8.09236	0.025	0.0352898	11.5058	-11.2365	224.071	
0.471353	0.025	0.328659	-99.1592	-2.25977	100.715	
13.5664	0.025	0.0280924	-5.73307	-0.815459	218.114	
6.53309	0.025	0.0395475	12.2102	8.77292	168.599	
2.4602	0.025	0.0761535	-50.2687	13.617	219.161	
3.6249	0.025	0.0572805	28.2913	-2.54964	209.848	
1.43493	0.025	0.118208	-1.91085	-6.16061	218.195	
0.187073	0.025	0.89869	47.0382	-5.08783	205.176	
7.19581	0.025	0.0375123	10.3559	-10.979	177.893	
5.22552	0.025	0.0450773	-47.6673	2.98426	193.198	
0.772497	0.025	2.9711	-51.0324	-12.5408	204.031	
0.718703	0.025	2.95685	-16.2453	9.15573	181.419	
1.11159	0.025	0.147664	36.3674	-3.14128	219.491	
7.44881	0.025	0.0368309	49.7762	-14.8904	171.232	
2.68103	0.025	0.0713137	-65.5976	5.3096	209.508	
0.264988	0.025	0.593452	125.008	28.0166	247.02	
8.11222	0.025	0.0352461	-18.0784	6.98772	218.678	
0.870617	0.025	0.184003	-97.4905	3.38132	287.079	
2.28729	0.025	0.0805967	-52.5784	-14.5815	180.287	
8.7432	0.025	0.0339619	-5.8079	-10.1917	222.661	
3.23436	0.025	3.11441	-26.9073	-9.93624	162.618	
16.238	0.025	0.0263419	25.2145	12.7229	240.701	
7.26149	0.025	0.0373309	-2.59785	-6.16956	217.634	
15.9666	0.025	0.026493	40.4383	-2.88408	253.345	
11.088	0.025	0.0304706	6.26002	13.2807	221.633	
13.5428	0.025	0.0281109	-18.6866	5.82863	235.723	
0.419583	0.025	2.80789	-12.7946	-2.95837	215.251	
4.50526	0.025	3.127	-23.1949	11.3551	206.8	
5.78578	0.025	0.0424018	25.7017	-4.46356	150.598	
12.4528	0.025	0.0290439	-0.12906	-11.5799	222.285	
0.459355	0.025	2.83943	-7.42541	17.6184	162.016	
7.36083	0.025	0.0370626	44.869	4.65615	247.56	
1.0148	0.025	0.160163	-13.9652	8.20895	230.185	
3.0932	0.025	3.11237	-33.7957	1.32273	206.556	
3.47475	0.025	0.0590025	47.0455	-1.59303	182.729	
10.3138	0.025	0.0314477	-30.0153	10.3593	205.821	
0.47879	0.025	2.85283	-18.2769	3.84942	188.429	
2.85427	0.025	0.0680416	36.0204	-1.85474	154.188	
1.57532	0.025	0.109202	-5.94489	-9.95924	107.478	
1.53271	0.025	3.06474	67.7973	-10.9803	162.941	
10.7803	0.025	0.0308422	-29.3542	-19.4752	232.438	
9.97762	0.025	0.0319193	-29.066	3.6379	236.677	
11.1013	0.025	0.0304549	29.4379	-1.67408	266.908	
11.3874	0.025	0.0301283	-14.5859	1.64183	210.389	
0.541658	0.025	2.88933	-60.616	-8.37791	273.94	
0.144336	0.025	1.58052	264.958	48.4298	171.079	
5.66207	0.025	0.042947	-28.5924	-5.41642	179.69	
7.73555	0.025	0.0361126	-28.9295	13.2153	195.218	
12.4711	0.025	0.0290268	25.274	7.16722	195.907	
19.0171	0.025	0.0250429	26.2973	-4.44298	253.281	
7.42222	0.025	0.0369004	-14.6082	-14.4107	195.239	
10.1489	0.025	0.0316751	8.17382	-0.0758341	201.677	
9.6962	0.025	0.0323392	-45.2068	-4.33657	204.365	
0.370451	0.025	0.417661	-0.798297	-10.1642	284.957	
0.450165	0.025	0.343836	69.8767	13.3446	204.84	
10.324	0.025	0.0314339	25.3459	2.60457	222.912	
9.4291	0.025	0.0327609	-35.784	-4.37886	205.868	
0.510244	0.025	2.87226	124.818	-9.8787	180.46	
0.536789	0.025	0.289682	150.597	12.8322	172.102	
11.3144	0.025	0.0302101	-8.386	7.52666	212.569	
5.08526	0.025	0.0458394	-42.9211	-3.57574	203.827	
6.39386	0.025	0.0400286	2.79643	-2.92684	187.421	
3.29865	0.025	0.0612219	24.1147	7.64587	166.226	
11.8308	0.025	0.0296532	-12.5342	7.38671	250.034	
5.07288	0.025	0.0459087	-36.1588	3.9585	168.861	
15.89	0.025	0.0265366	-15.1397	-3.75558	237.319	
3.4419	0.025	3.1171	-46.0354	-10.2564	187.284	
1.91691	0.025	0.0928185	-76.0074	-8.31207	193.589	
5.88268	0.025	0.0419907	28.2287	2.69278	198.91	
1.08931	0.025	3.02616	-50.6782	-15.0076	159.594	
1.97973	0.025	0.0904227	23.3584	3.14509	191.363	
0.616812	0.025	2.92286	-59.2762	22.0732	247.108	
12.0972	0.025	0.0293845	-5.77338	-0.860552	266.695	
7.85873	0.025	0.0358201	-75.8706	12.6776	205.378	
1.09784	0.025	3.0272	-38.1413	12.1641	204.572	
6.87603	0.025	0.0384454	-9.9031	-5.34158	226.228	
4.79179	0.025	0.0475784	35.2762	-15.7628	202.137	
0.680399	0.025	2.94529	37.7471	-2.65213	246.091	
3.2249	0.025	3.11428	11.0778	5.18121	172.771	
7.20323	0.025	0.0374917	-41.7599	-0.90765	176.525	
9.37302	0.025	0.0328525	6.58275	4.50383	181.762	
1.0246	0.025	0.158789	21.72	4.01493	200.787	
0.485986	0.025	2.85751	79.9932	-4.34414	194.184	
3.43026	0.025	3.11696	-5.38165	-7.04706	193.211	
0.20709	0.025	2.38791	-57.4387	-14.8085	162.091	
4.45362	0.025	0.0498666	-14.8797	0.558387	168.643	
8.26049	0.025	0.0349267	-57.2147	0.460536	172.069	
1.41055	0.025	0.119955	45.5987	-5.39882	109.13	
3.0317	0.025	3.11142	31.1159	-1.08264	193.973	
7.41787	0.025	0.0369118	-18.6694	1.7542	203.679	
1.92614	0.025	3.08404	73.7529	-5.19203	214.695	
0.287048	0.025	0.544303	-82.491	-16.609	154.765	
0.841961	0.025	0.189727	34.8508	4.87019	208.851	
3.74647	0.025	0.0559875	43.3855	0.956127	196.019	
6.42994	0.025	3.1366	-35.7319	5.47786	195.156	
1.8778	0.025	0.0943912	-45.3962	4.67386	218.962	
4.76223	0.025	0.0477655	-42.9464	-9.82475	184.917	
7.42836	0.025	0.0368843	4.41885	-6.49029	183.061	
0.211383	0.025	0.769034	-86.4675	-1.9405	191.274	
8.38568	0.025	0.0346658	0.00182086	5.58274	258.074	
2.85594	0.025	0.0680122	65.7572	-12.4244	203.803	
3.71039	0.025	0.0563623	33.3031	6.92028	178.192	
2.5371	0.025	0.0743723	59.1127	10.1007	184.616	
6.47138	0.025	0.0397582	-29.0488	6.85168	160.978	
11.9695	0.025	0.0295118	-15.7425	-8.17314	192.278	
3.0861	0.025	0.0642386	3.5329	-4.99974	198.805	
0.337257	0.025	2.71682	4.18281	-9.72091	221.686	
1.51792	0.025	0.112682	-19.7281	-4.20766	254.424	
3.79567	0.025	0.0554877	-30.9465	-10.9804	168.844	
0.339587	0.025	0.456437	194.855	9.17787	163.569	
0.168399	0.025	2.12947	-164.46	-19.3157	-42.8568	
7.62906	0.025	0.0363731	8.52801	-10.6644	184.935	
2.46796	0.025	0.0759687	-17.0366	-5.51461	262.342	
7.13719	0.025	0.0376771	64.6245	-5.90646	194.208	
4.25301	0.025	0.0513961	24.9477	4.06963	182.993	
4.71794	0.025	0.0480501	-19.5111	-6.54893	169.403	
0.952158	0.025	3.00688	44.3302	1.64359	196.362	
9.73412	0.025	0.0322812	-22.1461	-9.4345	233.408	
8.9818	0.025	0.0335233	23.468	-5.45999	196.604	
11.9635	0.025	0.0295179	32.8491	5.05464	198.127	
9.91094	0.025	0.0320166	2.54563	1.94647	199.213	
7.23835	0.025	0.0373944	2.96311	5.19742	221.792	
6.4062	0.025	0.0399852	-24.8134	7.31742	156.119	
0.408041	0.025	0.378996	-108.873	-36.0848	218.979	
10.2218	0.025	0.0315737	-19.9901	3.18088	230.583	
6.32104	0.025	0.0402888	1.45532	1.03838	210.148	
6.38409	0.025	0.0400632	-13.4445	9.54167	230.051	
9.22186	0.025	0.0331049	18.1733	9.35314	225.319	
4.01837	0.025	3.12312	21.9216	8.71083	200.948	
10.6383	0.025	0.0310209	-20.2241	4.17443	222.307	
1.27804	0.025	3.04587	23.1022	4.61229	168.983	
6.65761	0.025	0.0391342	19.4172	0.668694	213.736	
6.79622	0.025	0.0386919	-2.91236	-0.569651	174.697	
3.54554	0.025	3.11833	35.645	-2.92673	201.951	
4.60105	0.025	0.0488277	-36.1266	6.48944	166.563	
3.27296	0.025	0.0615657	38.0022	-9.1307	201.505	
10.5682	0.025	0.0311109	-15.3206	9.55941	189.595	
0.961695	0.025	3.0084	-7.10062	-35.8505	247.115	
1.49372	0.025	3.06227	-10.744	-0.0691536	240.063	
10.3924	0.025	0.0313419	2.75223	-4.42295	206.718	
2.94564	0.025	0.0664713	-42.8116	-4.01121	196.818	
2.7166	0.025	3.10589	29.127	-1.64478	219.669	
2.08925	0.025	0.0865912	12.3639	-6.92228	232.237	
4.27749	0.025	0.0512018	43.9877	1.88061	206.823	
7.13118	0.025	0.0376942	16.4441	-1.85022	172.12	
1.20603	0.025	3.03908	-4.11671	3.08922	266.482	
7.64647	0.025	0.03633	19.8483	-12.9908	182.812	
2.53566	0.025	0.0744047	-2.15116	17.9453	231.182	
2.65393	0.025	3.10464	42.8669	13.3854	155.011	
10.2897	0.025	0.0314806	-30.5545	-6.44304	185.721	
9.98745	0.025	0.0319051	27.0295	-9.82291	249.581	
6.55426	0.025	0.0394761	47.5576	-6.90262	165.352	
6.09155	0.025	0.0411492	-14.086	-1.55725	210.193	
1.2897	0.025	0.129599	53.0213	6.27054	186.136	
5.43696	0.025	0.0440028	0.892054	-11.7017	225.021	
5.27463	0.025	0.0448201	-5.26711	11.7631	246.406	
0.671358	0.025	0.234129	15.021	-20.2633	292.896	
0.144337	0.025	1.59725	39.1194	60.8524	156.488	
8.05309	0.025	0.0353767	-1.42161	-4.00648	227.893	
9.65797	0.025	0.0323981	-44.6049	-10.1055	221.366	
1.00374	0.025	0.161747	-24.2161	16.978	230.852	
1.02827	0.025	0.158281	-18.8279	6.19632	275.942	
2.24668	0.025	0.0817396	13.3738	-5.24344	185.759	
0.19752	0.025	0.836825	134.932	35.6629	174.129	
2.51685	0.025	0.0748308	61.0609	-0.191062	167.855	
0.989112	0.025	0.163896	69.7892	16.5311	244.069	
4.11162	0.025	3.12394	26.0767	11.9638	200.217	
0.498412	0.025	0.311244	170.064	-14.4333	203.432	
5.49427	0.025	0.0437257	-9.82107	-2.30502	197.83	
1.03668	0.025	0.157131	1.99825	2.87892	292.184	
7.32104	0.025	0.0371692	-33.6825	2.64608	173.209	
5.18217	0.025	0.0453084	-8.20841	-1.99152	214.864	
0.622878	0.025	2.9252	155.676	2.84506	194.522	
1.67879	0.025	0.103533	26.2916	10.3497	200.877	
8.73318	0.025	0.0339808	25.5919	-5.57984	200.097	
2.37563	0.025	0.0782456	-6.44358	13.3083	211.237	
5.63368	0.025	0.0430755	-5.04714	-13.5932	200.623	
6.97633	0.025	0.0381435	13.7989	-0.222893	182.173	
9.50535	0.025	0.0326381	-11.2747	10.0581	236.634	
14.868	0.025	0.0271609	0.461455	9.00267	222.596	
6.35747	0.025	0.0401579	-29.3293	-11.2599	224.471	
3.06573	0.025	0.0645496	-21.5252	1.48484	203.1	
9.95704	0.025	0.0319492	-23.1303	-1.44124	190.41	
0.462248	0.025	2.8415	44.1553	12.0322	208.863	
7.25779	0.025	0.037341	50.4128	1.09719	177.769	
0.932363	0.025	0.17288	-30.3209	12.2819	190.368	
1.99743	0.025	0.0897748	-52.047	0.151614	195.112	
7.17867	0.025	0.0375602	12.4837	-4.691	193.637	
16.5921	0.025	0.0261522	53.8218	3.37296	233.876	
1.60618	0.025	3.06906	44.6342	-7.49887	222.185	
4.47164	0.025	0.049736	-35.5162	-19.0319	193.312	
6.02634	0.025	0.0414057	-5.37405	9.14993	195.596	
0.177459	0.025	0.967293	-261.824	-37.9701	6.93869	
1.73145	0.025	0.100909	46.5744	19.1199	198.268	
1.39151	0.025	0.121363	-23.9826	5.20089	210.627	
0.859676	0.025	0.186143	-29.5078	9.45439	271.571	
0.486978	0.025	0.318355	-25.4129	-8.88346	198.441	
3.93618	0.025	0.0541294	-49.3607	-1.60354	183.217	
0.55896	0.025	0.278627	-92.6507	19.5608	181.286	
12.5518	0.025	0.0289524	-35.7702	-3.37904	212.094	
8.64627	0.025	0.034147	24.1341	-3.43546	212.334	
5.03178	0.025	0.0461412	0.907368	-3.55796	178.515	
6.82378	0.025	0.0386061	-4.14486	1.5909	215.718	
10.3988	0.025	0.0313334	1.5791	-2.97597	188.561	
6.6502	0.025	0.0391583	-51.0223	-3.19354	199.376	
0.933936	0.025	0.172616	55.0049	1.86578	166.611	
0.916701	0.025	3.00094	-77.2374	-9.63915	226.776	
0.893624	0.025	2.99682	-61.8404	-2.10762	161.304	
0.340815	0.025	2.72175	59.1066	2.71076	344.492	
2.58318	0.025	0.0733559	15.9102	4.61214	173.036	
2.18536	0.025	3.09295	31.737	9.43025	192.225	
10.4452	0.025	0.0312718	67.7971	6.87888	208.373	
9.77301	0.025	0.0322222	-8.45196	9.6654	206.367	
5.40485	0.025	0.0441605	-26.2991	-4.23712	183.754	
0.701513	0.025	0.224676	1.92605	0.605484	286.193	
9.76697	0.025	0.0322313	-47.101	4.45992	182.512	
1.08481	0.025	0.150897	-36.4909	-2.60689	181.153	
4.23621	0.025	0.0515308	32.8912	14.398	173.501	
5.99372	0.025	0.0415361	-1.72653	-6.78659	156.025	
7.69386	0.025	0.0362137	42.3121	-11.1248	179.999	
13.4559	0.025	0.0281798	-21.5256	-15.297	211.576	
7.89725	0.025	0.0357305	-39.4504	-5.65488	213.535	
13.931	0.025	0.0278139	-3.37705	1.40032	249.725	
6.98548	0.025	0.0381164	37.6975	1.90711	161.856	
6.98313	0.025	0.0381234	7.55756	-15.1356	184.646	
4.13957	0.025	0.0523266	-25.5371	3.24269	167.427	
0.820197	0.025	0.194346	-21.4814	10.9121	225.316	
3.91923	0.025	0.0542881	33.1439	3.85237	190.211	
7.85474	0.025	0.0358294	-31.2078	-2.36424	210.518	
3.6922	0.025	0.0565541	61.0782	5.21596	142.613	
10.4303	0.025	0.0312914	16.9441	3.89209	214.333	
2.5963	0.025	3.10343	-26.4006	17.1553	123.263	
9.07623	0.025	0.0333561	15.4238	13.8522	200.955	
7.28024	0.025	0.0372797	-37.3744	1.83504	177.382	
7.87877	0.025	0.0357733	44.372	5.53081	213.385	
1.29051	0.025	0.129528	-165.763	-16.7041	223.302	
1.23139	0.025	0.134933	-16.5986	-0.338488	141.732	
1.17551	0.025	3.03595	0.317205	17.0305	176.891	
13.3625	0.025	0.0282547	11.7255	0.552462	219.807	
2.03688	0.025	3.08813	-35.4632	-15.4247	189.99	
7.64226	0.025	0.0363404	-57.633	1.71625	199.681	
0.941009	0.025	3.00506	55.0609	-10.723	241.073	
4.8792	0.025	0.0470385	66.1639	4.1905	179.78	
15.633	0.025	0.0266859	-19.3707	-1.6089	224.674	
8.55691	0.025	0.0343213	-26.8366	4.35634	220.682	
0.596014	0.025	0.262046	97.6197	-1.11229	236.539	
0.700582	0.025	2.95154	65.9913	-4.25523	169.241	
0.213915	0.025	0.758032	18.4586	-1.4738	89.9811	
0.942981	0.025	3.00538	-28.3309	-3.59833	233.5	
5.46951	0.025	0.0438447	0.272516	-2.63241	185.925	
1.4621	0.025	3.06017	14.4601	2.05909	231.266	
1.24578	0.025	0.13357	-18.7539	-6.60971	161.02	
0.613729	0.025	2.92165	1.00638	-12.1343	192.477	
5.29109	0.025	0.0447349	13.7785	2.66811	192.234	
9.00384	0.025	0.033484	1.65353	1.33679	182.415	
0.145392	0.025	1.70914	-49.3022	-45.7676	176.402	
16.0443	0.025	0.0264492	23.0545	-4.09707	246.748	
0.860627	0.025	0.185955	58.6298	-29.5121	192.099	
7.75048	0.025	0.0360766	-23.5618	6.82916	188.37	
1.30689	0.025	0.128118	15.1848	6.66524	209.663	
1.34428	0.025	0.125028	3.88343	-7.67762	220.354	
5.06096	0.025	0.0459758	24.6022	6.81691	153.75	
7.31258	0.025	0.037192	-18.2906	5.53257	214.094	
0.564246	0.025	2.90038	72.0989	4.65949	181.178	
0.855095	0.025	2.98944	-61.2913	-9.47718	253.876	
3.19996	0.025	0.0625727	-25.0828	-0.282184	168.465	
9.93736	0.025	0.0319779	31.8333	-4.38278	221.914	
4.98585	0.025	0.0464056	1.53622	3.45005	166.713	
2.9712	0.025	0.0660493	5.49644	-9.92111	178.455	
1.36572	0.025	3.05317	18.8909	-10.2922	199.291	
3.76994	0.025	0.0557475	61.4302	7.52118	169.441	
7.71558	0.025	0.0361609	50.6008	-6.55133	248.492	
3.57627	0.025	0.0578224	5.95977	-5.26618	204.134	
0.167797	0.025	2.12348	-119.384	-29.6365	171.507	
2.67248	0.025	0.0714861	-6.08912	7.54117	203.811	
3.79016	0.025	0.0555431	36.9973	-1.25683	213.034	
0.425221	0.025	0.36376	-15.2123	-24.2125	281.885	
8.38376	0.025	0.0346697	-17.8569	-9.14811	178.364	
0.389759	0.025	0.396795	-47.025	-5.37671	142.159	
1.02051	0.025	3.01714	-18.0912	-10.1469	208.832	
1.26912	0.025	0.131425	-19.6016	-4.69457	172.72	
6.46109	0.025	0.0397937	-7.33507	-5.68505	201.842	
2.44348	0.025	3.09994	62.6175	-8.44016	178.004	
0.445641	0.025	2.82922	-115.279	-26.5558	149.631	
0.719139	0.025	2.95697	104.895	6.26642	159.348	
3.62457	0.025	0.0572841	5.56663	2.25897	187.285	
0.367652	0.025	2.75562	-88.312	-3.66979	222.963	
1.44592	0.025	3.05906	-71.7536	3.56472	282.329	
0.949427	0.025	3.00643	-32.4704	-7.85588	205.448	
9.83953	0.025	0.0321223	-27.6823	-11.4424	203.759	
7.74845	0.025	0.0360815	-4.8504	0.630751	188.562	
2.93187	0.025	0.0667017	16.0679	3.79164	152.145	
0.852821	0.025	0.187512	-77.049	-0.740263	179.22	
0.487972	0.025	0.317723	36.8562	3.78685	268.067	
3.85851	0.025	3.12163	69.268	-4.70485	206.573	
4.6616	0.025	0.04842	-50.5478	-0.791086	234.013	
0.292557	0.025	0.533384	-47.5327	2.05296	264.346	
7.47415	0.025	0.0367653	-2.39314	-1.0401	188.324	
1.4128	0.025	0.119792	-5.16427	-12.336	235.653	
4.82649	0.025	0.0473617	-12.0884	1.31047	157.989	
8.21099	0.025	0.035032	-10.7646	-3.01407	215.68	
1.39258	0.025	0.121283	-72.9484	11.3042	242.148	
6.86618	0.025	0.0384755	21.2616	0.900035	161.873	
3.8317	0.025	0.0551299	-26.4604	6.10875	146.289	
3.37836	0.025	0.0601886	-10.7406	-5.72482	209.433	
0.651327	0.025	0.240904	-121.05	-0.292764	121.857	
5.99196	0.025	0.0415431	-12.4311	0.376936	178.92	
1.15882	0.025	3.03417	45.7252	13.4244	250.12	
4.03982	0.025	0.0531881	22.0604	1.34198	200.136	
1.2447	0.025	0.133671	17.1003	14.1603	142.122	
5.42864	0.025	0.0440435	42.9936	-10.711	208.616	
9.06627	0.025	0.0333736	15.2221	10.0826	183.275	
3.14476	0.025	0.0633653	-14.0998	-9.2215	187.934	
8.15026	0.025	0.035163	-55.6287	4.18231	196.044	
2.06237	0.025	0.0874939	46.5969	9.6937	153.826	
0.718895	0.025	0.219596	97.2713	-0.593106	187.491	
0.228599	0.025	0.700778	128.455	9.51391	210.899	
1.71137	0.025	3.07461	-16.9646	-8.47548	139.016	
5.72373	0.025	0.0426723	15.0514	-13.1033	191.137	
6.39602	0.025	0.040021	24.5938	3.02993	198.414	
8.48821	0.025	0.0344579	-12.0494	9.37664	197.945	
1.29879	0.025	3.04769	24.255	3.00532	244.921	
6.85048	0.025	0.0385237	15.4673	10.5167	208.622	
1.88664	0.025	0.0940299	96.1258	6.60729	183.149	
15.5093	0.025	0.0267596	47.3255	4.1803	233.106	
3.10194	0.025	0.0639996	-37.2209	9.68267	229.589	
9.54191	0.025	0.0325799	5.29664	22.1728	184.35	
6.27982	0.025	0.0404387	-20.4078	0.0651706	202.721	
4.2243	0.025	3.12487	-26.6065	9.08369	201.997	
10.7856	0.025	0.0308356	37.3808	9.57718	216.053	
6.00857	0.025	0.0414765	0.788102	11.6711	211.797	
0.19642	0.025	0.842838	120.622	16.9505	196.094	
0.817254	0.025	2.98151	-75.1917	-13.393	239.79	
4.14952	0.025	0.052243	26.7686	6.85446	175.461	
0.943989	0.025	3.00555	-43.2501	5.89951	270.148	
9.39339	0.025	0.0328191	64.1392	-2.52192	227.561	
8.09126	0.025	0.0352922	-20.8076	-11.2369	188.453	
13.3428	0.025	0.0282707	4.20123	11.8871	231.828	
8.68357	0.025	0.0340753	-14.4753	-3.1182	187.229	
5.59271	0.025	0.0432632	-41.7958	-3.4966	170.411	
4.32236	0.025	0.0508513	-15.4352	2.50976	204.384	
6.44438	0.025	3.13665	-28.6718	7.14074	204.7	
0.328892	0.025	0.471762	-62.948	25.7883	203.803	
7.05457	0.025	0.037914	5.02861	-0.323444	193.933	
1.4309	0.025	0.118492	12.7574	-8.27443	281.396	
10.8895	0.025	0.0307079	25.4892	-13.6462	225.704	
0.718903	0.025	2.95691	4.14659	-24.8543	225.879	
8.46748	0.025	0.0344995	30.7027	2.80535	206.04	
3.44199	0.025	0.0593981	-31.131	0.724335	175.289	
1.58849	0.025	0.10844	64.3765	9.82226	228.39	
5.83215	0.025	0.0422034	-36.4001	-5.73255	184.808	
10.411	0.025	0.031317	11.0021	-5.1695	212.168	
1.47303	0.025	3.06091	61.6107	30.6083	247.416	
9.10678	0.025	0.0333027	36.0278	-8.89873	199.511	
1.50653	0.025	3.0631	2.67005	14.4378	217.111	
1.08558	0.025	0.150801	-28.4714	0.00507754	206.678	
9.11597	0.025	0.0332868	20.6569	1.74626	177.575	
8.39527	0.025	0.0346461	-12.8287	6.20495	197.678	
11.3706	0.025	0.030147	22.7767	-0.407348	199.621	
3.04615	0.025	3.11165	34.4263	-1.67528	178.62	
11.7294	0.025	0.0297587	-32.7138	3.33156	226.96	
0.725441	0.025	0.217747	10.1706	-1.31625	237.206	
8.50082	0.025	0.0344326	-43.3561	-1.70091	211.977	
2.26042	0.025	0.0813484	54.0837	-9.6826	159.191	
4.28116	0.025	3.12533	22.1833	-1.99911	173.077	
7.96949	0.025	0.0355648	-4.3288	-3.15704	187.537	
3.54395	0.025	0.0581907	-36.6098	-0.643603	200.288	
0.233725	0.025	0.683048	-50.3391	-34.6997	196.286	
4.89316	0.025	0.0469541	-55.3506	4.36754	163.183	
0.577114	0.025	0.270228	42.754	-12.9733	191.214	
0.972547	0.025	0.166409	-11.7646	15.0316	277.242	
2.71626	0.025	3.10588	-55.7722	5.9832	221.736	
0.395264	0.025	2.78525	-44.0003	22.8703	187.393	
6.36049	0.025	0.0401471	-14.8495	5.13489	196.154	
1.6551	0.025	3.07173	-1.38066	5.25833	218.39	
0.535716	0.025	0.290242	-135.249	1.59219	230.624	
9.07953	0.025	0.0333503	-3.93621	-1.61511	166.612	
5.60319	0.025	0.0432149	13.6711	2.29445	175.882	
11.0172	0.025	0.0305543	36.9796	-5.44189	222.48	
0.691548	0.025	0.227707	57.3495	-7.32332	152.084	
8.64568	0.025	0.0341481	4.72465	-2.12974	189.016	
9.8426	0.025	0.0321178	-38.8458	8.19998	171.294	
2.73746	0.025	0.0702023	-9.91466	1.22045	205.127	
1.54383	0.025	0.111079	22.5381	5.60511	198.17	
7.89717	0.025	0.0357307	27.5604	-0.236771	182.316	
1.06914	0.025	3.02363	10.9095	10.4393	201.431	
6.05073	0.025	0.0413091	11.9872	4.72859	165.105	
8.67877	0.025	0.0340844	-18.2357	10.3463	168.633	
10.082	0.025	0.0317695	-27.8152	4.11694	210.176	
7.07975	0.025	0.0378412	12.4666	-2.10628	184.773	
5.70723	0.025	0.0427452	7.13761	7.45341	198.743	
3.7456	0.025	0.0559964	-24.1094	9.27551	201.4	
2.21308	0.025	3.09378	73.9575	-0.508967	170.43	
13.2067	0.025	0.0283822	-1.32595	-3.14467	275.17	
12.5421	0.025	0.0289613	2.82653	-8.15343	251.775	
1.11764	0.025	3.02954	-59.8433	-15.2885	191.333	
0.391252	0.025	2.78122	58.3374	-10.2136	220.647	
1.18242	0.025	3.03668	-46.5751	18.5679	195.294	
1.20341	0.025	0.137678	-19.4759	-2.10798	204.894	
0.155406	0.025	1.20844	-11.6017	61.9533	196.091	
0.92334	0.025	0.174412	65.1721	-9.48848	246.673	
16.242	0.025	0.0263397	-5.95726	6.09647	230.819	
7.65867	0.025	0.0362999	23.1259	3.45126	189.418	
0.969495	0.025	0.166882	39.3033	-5.41405	183.283	
1.09975	0.025	3.02743	-126.014	0.137002	197.802	
13.3557	0.025	0.0282602	25.0265	1.12017	216.278	
0.481164	0.025	2.85439	47.4044	-1.90196	161.587	
1.25151	0.025	3.04346	-109.686	8.03633	139.139	
1.8162	0.025	3.07949	-21.0795	7.52798	174.807	
5.78973	0.025	0.0423847	-11.757	5.80093	190.861	
12.1212	0.025	0.029361	-3.20124	6.26384	241.577	
7.34552	0.025	0.0371035	-17.4784	3.15097	195.751	
3.12692	0.025	0.0636273	-62.445	-4.11214	154.648	
12.8055	0.025	0.0287246	-4.58354	-0.0310975	227.439	
1.81816	0.025	0.0969202	14.4291	-7.86514	138.545	
10.9668	0.025	0.0306145	3.37118	-15.2397	281.63	
1.7428	0.025	0.100364	-44.4619	-1.03315	174.487	
0.353142	0.025	0.438489	-75.9982	9.66259	128.146	
9.21214	0.025	0.0331215	55.3122	10.7589	224.554	
7.09687	0.025	0.037792	-19.8064	2.96066	234.901	
4.63349	0.025	0.0486079	3.69316	2.73065	169.914	
8.21461	0.025	0.0350243	14.4112	7.98222	149.585	
1.31294	0.025	3.04889	-98.0819	-16.5056	181.655	
0.35016	0.025	2.73419	-44.6054	-32.3459	276.796	
0.451897	0.025	0.342539	-111.569	-16.8923	194.451	
0.931599	0.025	3.00349	20.6987	16.739	261.997	
0.66336	0.025	0.236784	-9.17362	16.0376	152.17	
1.78643	0.025	0.0983348	38.9757	-2.16295	172.049	
1.77504	0.025	0.0988549	-40.409	-10.0838	201.91	
8.29835	0.025	0.034847	-45.7887	-13.7835	208.459	
1.23492	0.025	0.134596	-38.469	-6.03429	181.803	
1.57133	0.025	0.109436	-60.3576	-4.72886	164.918	
8.18646	0.025	0.0350847	-42.0856	5.39288	200.356	
1.34373	0.025	3.05143	18.8518	-5.06524	243.985	
2.00482	0.025	0.0895078	32.6676	4.80611	205.417	
5.84683	0.025	0.0421412	24.8372	5.77199	197.564	
8.46836	0.025	0.0344977	15.0842	-7.74224	163.304	
0.283487	0.025	0.551625	-92.3573	-2.03567	192.828	
12.4616	0.025	0.0290356	-18.4754	5.16823	273.767	
7.94784	0.025	0.0356141	-13.0698	-17.5917	177.584	
9.96716	0.025	0.0319345	-19.3143	9.67692	243.216	
13.2898	0.025	0.0283138	-9.00876	6.07039	220.628	
4.61213	0.025	0.0487522	-29.6432	-5.11534	242.272	
1.1272	0.025	3.03065	30.9076	14.7626	197.866	
2.33066	0.025	3.09708	17.6947	-3.04869	159.84	
5.2558	0.025	0.0449181	27.489	3.29434	178.265	
7.24052	0.025	0.0373885	-14.2323	2.23062	228.049	
1.03291	0.025	0.157645	-94.4963	2.79632	247.068	
6.60709	0.025	0.0392999	-10.4702	2.94887	193.467	
4.57724	0.025	0.0489909	13.6285	-12.19	215.394	
2.88319	0.025	3.10897	-20.3872	15.8647	166.514	
22.7574	0.025	0.0237955	-29.1809	1.23089	221.651	
6.40196	0.025	0.0400001	14.7972	-4.49628	218.506	
3.55936	0.025	0.0580142	15.3303	-11.1218	182.014	
1.39215	0.025	0.121315	-32.1035	-16.6304	214.51	
6.33135	0.025	0.0402516	1.42796	-16.8042	194.454	
8.96358	0.025	0.033556	-9.4862	2.26543	238.418	
6.27975	0.025	0.0404389	6.7232	0.83632	157.043	
1.12204	0.025	3.03006	-92.4386	-16.9058	274.238	
8.62091	0.025	0.0341961	-47.7983	12.4111	189.704	
1.63974	0.025	0.105588	-14.1643	-5.72934	199.017	
9.23008	0.025	0.033091	6.63756	-2.03055	181.246	
0.53765	0.025	0.289235	-34.1187	-6.3786	243.523	
12.067	0.025	0.0294144	40.3057	-6.95906	213.645	
9.9595	0.025	0.0319456	27.5698	-2.72944	179.687	
4.76443	0.025	0.0477515	7.06494	2.05662	213.779	
6.25303	0.025	0.0405372	-19.8061	-4.14269	152.587	
2.69317	0.025	3.10543	-36.9737	-4.14326	184.823	
1.50778	0.025	0.113324	119.988	-3.20511	171.678	
11.455	0.025	0.0300535	-2.72853	2.64686	199.343	
10.7172	0.025	0.030921	-26.584	4.5199	211.515	
12.9528	0.025	0.0285964	13.332	-2.25534	239.748	
1.01231	0.025	3.01598	-29.1669	-0.0824883	191.633	
7.14593	0.025	0.0376524	21.3919	4.11698	224.926	
5.2138	0.025	0.0451394	-64.5308	-6.56829	199.049	
1.0247	0.025	0.158776	-10.4064	-4.80569	155.544	
5.64745	0.025	0.043013	81.2749	-5.70075	216.175	
1.05517	0.025	3.02183	7.10275	17.6166	276.977	
3.42431	0.025	0.0596149	2.21407	7.95783	180.701	
1.71452	0.025	0.101735	31.8221	15.908	193.292	
0.163544	0.025	2.07784	-40.0123	-21.7215	101.614	
9.77827	0.025	0.0322143	46.6295	2.58185	210.494	
15.4389	0.025	0.026802	-14.1747	8.38905	248.793	
0.545926	0.025	0.285013	-125.053	-14.8779	260.306	
11.0737	0.025	0.0304874	42.0094	5.56092	208.254	
0.150168	0.025	1.86797	28.1936	35.7184	159.871	
1.17319	0.025	3.03571	-6.60926	-8.61383	185.11	
5.31522	0.025	0.044611	-2.28643	17.5241	185.031	
9.52662	0.025	0.0326042	-20.516	1.707	234.563	
4.63765	0.025	0.04858	9.29281	4.33495	186.494	
2.41713	0.025	0.0772007	-39.8457	-7.29993	188.713	
2.28039	0.025	0.080788	36.5767	-10.2776	210.819	
1.07026	0.025	0.152722	21.4999	7.45125	187.307	
0.578954	0.025	2.90709	-45.842	26.6657	214.614	
2.09755	0.025	0.0863171	8.81812	-12.4286	162.005	
10.3736	0.025	0.0313671	7.59742	-3.11932	242.661	
10.6029	0.025	0.0310662	-17.9125	4.44728	224.649	
0.61314	0.025	2.92142	27.1953	-2.73805	149.906	
12.8059	0.025	0.0287243	-5.98072	-6.355	221.385	
0.225897	0.025	0.710553	-160.373	-8.44546	162.38	
9.8328	0.025	0.0321324	-6.75192	3.15512	221.143	
5.20827	0.025	0.0451688	21.7736	-9.76375	180.638	
9.6137	0.025	0.0324669	-37.3412	3.86806	204.238	
3.03117	0.025	3.11141	-4.60836	2.52748	200.695	
1.0716	0.025	3.02395	-3.5887	4.88073	195.961	
1.05706	0.025	3.02208	8.40765	1.62902	161.136	
14.0355	0.025	0.0277368	10.9697	1.51883	241.324	
4.47097	0.025	0.0497408	-0.765675	-11.2218	178.995	
4.09097	0.025	0.0527411	-44.2825	0.999323	173.011	
2.22788	0.025	0.0822828	-40.4551	-8.92219	193.26	
6.94162	0.025	0.038247	24.475	1.06739	201.778	
5.3761	0.025	3.1322	84.8821	-10.9206	187.217	
1.75818	0.025	0.0996374	-14.6004	-4.01094	219.132	
3.84978	0.025	0.0549529	28.1084	-10.3511	179.101	
7.74097	0.025	0.0360995	-35.2824	13.2467	185.707	
9.98838	0.025	0.0319037	-40.4579	5.05698	198.041	
1.91316	0.025	3.08353	-12.4905	-16.9778	188.624	
5.5816	0.025	0.0433146	38.521	4.97618	198.007	
10.1077	0.025	0.0317331	-43.3902	8.73647	194.584	
0.16693	0.025	1.06185	115.46	26.631	173.085	
2.86918	0.025	0.0677785	-3.3483	2.76754	150.352	
9.83491	0.025	0.0321292	5.44229	-1.43575	207.396	
9.59535	0.025	0.0324957	9.91215	8.11394	217.334	
2.25777	0.025	3.09508	52.2012	8.20156	168.771	
14.0892	0.025	0.0276976	0.564246	2.94878	265.29	
4.11107	0.025	0.0525685	20.5165	-14.3181	173.238	
5.71042	0.025	0.0427311	-19.6	0.242123	213.509	
14.5322	0.025	0.0273853	-7.42332	-3.20935	190.77	
1.33571	0.025	3.05078	47.1675	14.0687	159.163	
6.10266	0.025	0.0411061	31.0698	-7.24849	180.991	
0.813927	0.025	2.98078	-114.476	6.21283	217.659	
4.36882	0.025	0.050496	-6.72904	-1.76371	230.802	
8.74301	0.025	0.0339622	18.285	-7.59008	196.076	
4.92133	0.025	0.0467852	50.7396	-5.00548	182.833	
12.2516	0.025	0.0292342	4.86448	3.00495	170.651	
8.69128	0.025	0.0340605	-51.6587	2.22188	210.238	
1.0017	0.025	3.01446	-72.1103	2.98772	191.769	
12.0846	0.025	0.029397	-48.7581	-6.09029	230.492	
6.51743	0.025	0.0396006	-15.3348	-14.4301	252.239	
2.34364	0.025	3.09742	-15.2783	-3.71532	152.981	
4.38572	0.025	0.0503686	-29.9336	-0.114931	191.526	
2.45514	0.025	0.0762746	-54.189	2.90054	182.324	
4.25595	0.025	0.0513726	-38.2258	11.3313	146.895	
3.38576	0.025	3.1164	45.7389	7.24448	199.292	
0.148471	0.025	1.82494	75.5364	-0.00396207	196.939	
6.81529	0.025	0.0386325	-2.53113	-2.13994	203.075	
8.32289	0.025	0.0347957	13.3634	-3.00995	194.642	
0.609154	0.025	2.91983	23.1543	6.20351	294.343	
2.55312	0.025	3.10248	30.2078	-0.915762	118.857	
9.60392	0.025	0.0324822	0.842404	-2.8227	197.316	
4.42491	0.025	3.12642	-17.8794	-3.72262	170.773	
12.5984	0.025	0.0289099	12.7006	-10.6531	243.34	
10.1614	0.025	0.0316577	-15.9105	16.8931	223.812	
3.61349	0.025	0.0574063	-14.1476	-12.9958	203.259	
0.505217	0.025	0.307172	39.7933	3.84824	230.53	
9.59318	0.025	0.0324991	60.7017	7.5089	235.065	
2.85642	0.025	0.0680036	-24.5961	8.80161	191.862	
6.39108	0.025	0.0400385	-0.00792543	2.32261	182.862	
4.13342	0.025	0.0523785	7.99297	8.47683	201.02	
0.772114	0.025	0.20549	-166.576	-0.901066	209.602	
7.34686	0.025	0.0370999	-65.1105	0.0455775	199.851	
0.922895	0.025	3.00201	53.0397	18.509	193.235	
3.26276	0.025	0.0617037	60.8764	1.1027	193.658	
0.219579	0.025	0.734698	-12.6372	-9.24319	196.129	
4.59703	0.025	0.0488551	-52.5427	11.4688	176.962	
0.147594	0.025	1.79891	-38.05	21.9337	103.197	
5.77678	0.025	0.0424406	-49.2762	9.59034	184.608	
1.8348	0.025	0.0961981	-2.0865	0.653258	189.607	
8.865	0.025	0.033735	-30.0994	1.02696	189.976	
0.963323	0.025	0.167846	-56.358	-15.6889	254.217	
7.20556	0.025	0.0374852	2.68839	-16.403	174.837	
0.619682	0.025	0.252524	-23.4545	3.90142	288.724	
7.78037	0.025	0.0360051	-4.84503	8.28526	209.723	
1.92413	0.025	0.0925351	-0.891162	-6.92156	171.378	
8.38315	0.025	0.034671	-85.3404	6.71756	217.128	
6.5941	0.025	3.13716	-20.8872	8.67439	171.498	
0.18518	0.025	2.26532	-47.2367	10.2439	180.41	
3.48995	0.025	0.0588214	23.0589	2.04534	204.747	
2.15444	0.025	3.092	-15.0493	6.91418	211.567	
0.215492	0.025	0.751362	-70.9456	-12.1042	192.761	
0.648677	0.025	0.241833	-30.1343	-20.9041	209.388	
7.43745	0.025	0.0368605	27.8061	-12.6017	212.792	
3.87588	0.025	0.0547003	3.11612	8.27175	200.06	
9.42091	0.025	0.0327742	13.684	-4.81745	207.606	
0.653268	0.025	0.240229	60.9778	0.436042	233.169	
2.15566	0.025	0.0844581	5.66721	-6.40004	193.799	
6.16559	0.025	0.0408646	21.3101	5.72908	175.165	
0.9001	0.025	0.178499	-51.8893	-30.7789	263.194	
2.2965	0.025	0.0803432	-15.8305	-1.63465	148.707	
0.477388	0.025	0.324595	-81.9643	5.43561	240.835	
4.60485	0.025	0.0488017	-23.7266	0.455391	188.94	
0.586738	0.025	0.265994	48.7958	13.7046	252.268	
4.12611	0.025	0.0524404	-52.2963	-0.275332	207.001	
0.397838	0.025	0.388713	67.3856	17.0131	148.195	
0.455865	0.025	0.339607	147.232	13.3786	242.262	
11.4127	0.025	0.0301001	18.2725	0.868475	217.845	
4.30826	0.025	0.0509607	42.5711	-4.82449	168.539	
7.08342	0.025	0.0378307	-21.1796	7.36963	164.568	
5.28143	0.025	0.0447848	-40.5967	2.91262	219.959	
2.81702	0.025	0.0687112	-41.1602	-4.26573	230.721	
8.35939	0.025	0.0347199	31.414	-2.72275	232.925	
2.35173	0.025	0.0788644	20.4984	-14.134	207.364	
2.68098	0.025	0.0713147	-75.0741	0.482319	213.962	
1.17417	0.025	0.140687	45.1542	0.688281	222.223	
9.30346	0.025	0.0329676	52.7754	-7.83516	179.511	
15.6437	0.025	0.0266796	7.94606	-3.41324	236.274	
0.156049	0.025	1.19825	-59.2314	-5.45081	280.611	
3.33352	0.025	3.11574	13.336	-0.574358	163.999	
0.238788	0.025	0.666508	-62.5397	-30.5581	159.459	
0.556045	0.025	0.280028	0.0749272	-17.4513	279.1	
9.69992	0.025	0.0323335	46.9599	8.30791	188.245	
0.45	0.025	2.83254	52.0672	2.9644	253.916	
12.6141	0.025	0.0288957	-21.8394	6.93732	229.428	
10.2081	0.025	0.0315927	44.3749	-1.38532	209.435	
0.153393	0.025	1.9337	-73.2877	-25.4317	-6.7705	
0.704321	0.025	0.223838	-200.921	19.9211	128.075	
12.1783	0.025	0.0293051	6.4656	1.73791	221.881	
5.45362	0.025	0.0439216	14.1379	-1.10269	177.697	
5.22478	0.025	0.0450812	32.4709	9.09822	160.59	
5.6617	0.025	0.0429487	-44.9175	-15.4062	186.846	
10.1506	0.025	0.0316727	18.751	-1.81506	249.205	
0.36312	0.025	0.426217	30.7915	12.5133	110.617	
1.40091	0.025	3.05584	48.9861	6.35273	236.466	
1.98043	0.025	0.0903966	-5.05795	-11.9411	199.495	
7.79526	0.025	0.0359696	-42.2237	-4.59102	212.371	
0.145251	0.025	1.47564	38.6867	9.73768	105.944	
0.182305	0.025	2.24546	-64.5602	-5.70482	134.592	
1.67391	0.025	0.103785	-64.5798	10.3303	222.253	
0.755539	0.025	0.209666	30.3195	-14.5151	186.56	
1.80946	0.025	0.0973032	-38.842	4.66249	209.604	
10.2295	0.025	0.0315631	-24.305	-4.90596	188.637	
0.268111	0.025	0.585904	-54.3304	-17.1949	270.03	
3.78782	0.025	0.0555666	3.62945	-3.00367	187.511	
6.16228	0.025	0.0408772	15.8546	-5.18333	182.326	
11.1448	0.025	0.0304042	6.02201	-11.3639	210.058	
0.15169	0.025	1.2755	35.0964	34.121	234.84	
4.32336	0.025	0.0508436	-61.0897	-0.881217	192.644	
2.93097	0.025	0.0667168	-18.9682	9.03632	164.047	
0.677307	0.025	0.232196	-35.3578	4.88727	261.192	
11.5762	0.025	0.0299216	29.7446	-3.97627	231.682	
9.46659	0.025	0.0327003	-21.9062	-6.02289	201.281	
5.69883	0.025	0.0427825	0.492499	6.84909	218.341	
2.26907	0.025	0.0811045	55.9001	12.7895	199.31	
6.59686	0.025	0.0393339	4.29397	-8.38653	211.458	
1.90052	0.025	0.0934698	4.133	8.79191	168.842	
5.89264	0.025	0.0419492	5.58722	5.50968	196.084	
1.54464	0.025	3.06547	-22.0742	-0.118502	152.169	
9.99467	0.025	0.0318946	10.4684	12.7964	217.715	
0.253429	0.025	0.623369	52.0476	2.5291	72.1645	
8.07952	0.025	0.0353181	-16.3869	-13.1437	195.928	
1.95944	0.025	0.0911797	29.5892	7.91165	232.034	
3.16723	0.025	0.0630393	-27.5462	-5.49458	172.05	
9.43401	0.025	0.0327529	-3.13689	0.370477	193.652	
2.19424	0.025	0.0832781	32.2412	-6.5575	201.4	
6.00404	0.025	3.135	-13.9056	-3.78623	187.419	
5.53278	0.025	0.0435428	-29.0967	-10.6067	181.884	
0.144343	0.025	1.60113	42.0459	1.21099	123.664	
3.18871	0.025	0.0627321	-17.0435	-6.81412	237.193	
9.429	0.025	0.0327611	-28.2051	7.7011	187.502	
9.34137	0.025	0.0329047	-0.050574	1.6729	205.336	
10.5364	0.025	0.0311521	-18.7663	-1.54634	179.761	
4.42194	0.025	0.050099	5.7278	8.56397	208.635	
7.20145	0.025	0.0374966	-19.446	9.77293	187.815	
1.3331	0.025	0.125934	42.4127	1.02718	172.822	
1.17911	0.025	0.140169	-70.6395	15.8292	217.473	
6.14785	0.025	0.0409322	-12.9445	-4.86583	199.635	
1.46372	0.025	0.116219	46.1171	-0.566725	162.782	
7.00263	0.025	0.0380658	-38.7462	-4.36763	198.059	
12.8608	0.025	0.0286761	33.8038	6.25323	215.297	
5.17341	0.025	0.0453556	-62.7936	-1.1817	179.764	
4.19622	0.025	0.0518557	0.971114	-7.42378	225.724	
3.76353	0.025	0.0558127	-32.6323	-5.8156	227.189	
1.98367	0.025	3.08622	-15.3221	-15.3705	206.487	
0.589509	0.025	0.264801	26.0268	3.37294	109.382	
3.55517	0.025	3.11844	8.18341	-5.44802	177.526	
1.96145	0.025	0.0911039	-15.6151	-5.17915	225.746	
6.69014	0.025	0.0390287	-54.8152	4.63852	187.451	
4.00849	0.025	0.0534675	51.7727	-2.01249	127.874	
7.67034	0.025	0.0362712	9.2602	-3.62398	223.174	
11.0136	0.025	0.0305584	30.9445	11.7767	204.726	
4.0925	0.025	0.0527279	-19.5993	8.79292	209.021	
6.48422	0.025	0.039714	56.2091	-0.0258379	190.963	
9.48539	0.025	0.0326701	24.5036	2.17174	217.571	
3.90364	0.025	0.0544352	-37.0028	26.3705	236.173	
12.5789	0.025	0.0289276	10.0631	-0.646929	228.478	
1.45188	0.025	0.117028	113.369	-28.548	171.117	
13.0498	0.025	0.0285135	4.39018	-5.28972	225.893	
0.383527	0.025	0.403281	8.60846	-9.4432	159.465	
0.424588	0.025	0.364299	179.685	13.3425	134.385	
1.61602	0.025	3.06961	52.3643	-6.5029	183.246	
5.19902	0.025	0.0452181	-13.1654	6.6121	191.472	
4.98481	0.025	0.0464116	-22.2077	12.6671	164.665	
10.2523	0.025	0.0315317	-55.7362	0.897115	232.8	
7.52068	0.025	0.0366457	-30.0396	-10.4478	210.754	
0.332349	0.025	0.466689	-36.7805	18.2883	182.214	
2.33108	0.025	3.09709	30.775	-17.765	196.549	
7.11462	0.025	0.0377413	31.5206	-6.04518	208.009	
1.29179	0.025	0.129416	-79.1476	-0.0354764	203.636	
0.40186	0.025	0.38482	-83.7117	5.59412	260.543	
4.02111	0.025	0.0533544	-20.1747	-11.6121	210.613	
12.0458	0.025	0.0294355	55.8257	-3.01818	201.132	
6.53489	0.025	0.0395414	33.6211	-1.12663	213.115	
4.81802	0.025	0.0474144	-25.8415	1.87459	159.939	
11.5537	0.025	0.0299459	-0.637954	-12.7969	233.887	
3.48413	0.025	0.0588905	-43.8151	8.94246	162.637	
1.62585	0.025	3.07016	-27.8953	-7.97866	199.386	
8.72056	0.025	0.0340048	-41.5598	1.22935	214.362	
7.92247	0.025	0.0356723	0.272605	-0.43462	197.03	
0.812708	0.025	0.195994	53.0926	-11.7945	169.41	
6.67072	0.025	0.0390915	22.9713	-7.20225	210.866	
0.495137	0.025	0.313246	39.6644	19.1556	169.025	
5.97096	0.025	0.0416279	31.6999	-5.59176	221.04	
0.943187	0.025	0.171082	-80.2897	3.98395	136.539	
3.52027	0.025	0.0584649	30.6412	-3.08002	172.203	
1.50729	0.025	0.113356	-34.5201	13.8692	244.834	
8.77082	0.025	0.0339099	11.3002	11.3568	165.133	
7.43885	0.025	0.0368569	9.52431	1.87957	226.945	
9.57211	0.025	0.0325322	49.9369	-2.42176	234.262	
6.50699	0.025	3.13686	9.36944	3.43747	199.124	
5.05091	0.025	0.0460325	-24.8695	-7.93634	188.546	
8.35747	0.025	0.0347239	8.6258	-4.75005	200.38	
5.55278	0.025	0.0434488	37.7172	9.10731	187.851	
3.1605	0.025	0.0631365	7.44245	15.5178	211.602	
2.78963	0.025	3.10728	14.2563	-9.87848	198.392	
2.08711	0.025	3.08984	-16.6537	-5.22849	242.605	
11.3279	0.025	0.0301949	12.8526	-9.1711	237.443	
8.13518	0.025	0.0351959	-7.27519	4.68262	233.595	
7.0413	0.025	0.0379526	30.3997	-14.2286	174.799	
8.11588	0.025	0.0352381	-23.2519	3.10061	215.661	
19.9592	0.025	0.0246847	-40.5619	4.66125	220.474	
10.1973	0.025	0.0316076	12.7042	-9.84087	218.062	
13.7894	0.025	0.0279203	8.68114	10.9698	223.35	
5.89668	0.025	0.0419325	81.691	1.43296	216.122	
0.70692	0.025	0.223068	67.8749	-22.3859	216.097	
1.55822	0.025	3.06629	-25.0617	-1.47469	193.764	
11.1315	0.025	0.0304196	8.31693	3.31262	238.905	
0.181397	0.025	2.23894	-75.8763	-9.42145	143.154	
7.90626	0.025	0.0357096	-30.0392	-9.45478	209.805	
0.272009	0.025	0.576778	-48.5768	-1.01749	134.087	
3.11243	0.025	0.0638426	-53.1093	8.26802	191.791	
12.357	0.025	0.0291337	11.0467	-3.02331	210.999	
1.51829	0.025	0.112659	-50.998	-1.26134	198.074	
0.457566	0.025	2.83813	25.8827	-18.0548	302.954	
6.44959	0.025	0.0398335	11.8583	-7.43923	197.129	
0.330097	0.025	0.469981	-19.2746	-20.6538	157.318	
5.08598	0.025	0.0458354	-31.4875	-3.25481	182.258	
8.28217	0.025	0.0348809	-10.2851	-5.66985	192.216	
3.43383	0.025	0.0594979	-47.9694	12.9846	204.118	
1.65174	0.025	0.104946	-18.3656	0.353495	186.248	
1.00845	0.025	0.161068	35.2274	-11.8424	202.728	
1.09798	0.025	3.02721	38.858	16.4828	184.475	
1.01874	0.025	3.01689	25.4367	14.703	202.066	
9.17955	0.025	0.0331771	29.2704	-4.99061	213.054	
7.32717	0.025	0.0371527	5.84971	-9.20516	200.303	
15.4748	0.025	0.0267803	-34.3829	-2.13216	211.811	
1.01724	0.025	0.159819	33.3473	7.33662	167.76	
1.60442	0.025	0.107534	139.859	-10.2586	197.901	
2.64502	0.025	0.0720477	10.8267	-2.72358	209.318	
0.369885	0.025	2.75819	18.0409	27.0185	230.356	
0.741314	0.025	0.213402	-12.0868	3.0566	226.323	
10.6868	0.025	0.0309592	7.56993	-7.87122	201.774	
10.9252	0.025	0.0306646	-26.6745	1.52574	190.986	
2.00093	0.025	3.08685	-13.879	1.29578	160.344	
2.04448	0.025	0.0881076	29.8283	-13.002	208.112	
1.03642	0.025	3.01933	13.2882	14.1613	231.591	
9.19807	0.025	0.0331454	-15.6702	-2.22981	242.555	
1.76567	0.025	0.0992877	-1.69273	8.23746	214.914	
11.796	0.025	0.0296893	18.2117	2.50667	246.184	
1.83698	0.025	0.0961043	93.3987	-3.00002	214.762	
10.5338	0.025	0.0311555	-14.8011	3.74842	192.061	
3.08445	0.025	3.11224	-24.3687	-1.86422	186.348	
0.361662	0.025	0.427965	12.5413	-18.9663	277.628	
0.832716	0.025	2.98484	40.6812	-8.94206	208.91	
3.22581	0.025	0.0622109	30.0622	0.419179	183.67	
0.233331	0.025	2.49213	-54.1952	-14.8765	250.663	
1.89684	0.025	0.0936172	-40.5668	-5.43331	185.885	
8.65765	0.025	0.034125	-25.4088	-0.872085	184.524	
0.42778	0.025	2.8149	-122.12	-5.0307	243.97	
3.58312	0.025	0.0577451	25.6511	-1.06345	157.955	
2.26567	0.025	3.0953	-27.3424	-17.3389	190.785	
1.16595	0.025	0.141561	-64.3544	-5.88103	204.042	
4.35657	0.025	0.050589	-55.7174	-7.26615	179.869	
0.623774	0.025	2.92555	68.0732	-13.0135	189.831	
5.83684	0.025	0.0421835	16.7059	-4.50588	183.187	
15.1641	0.025	0.0269714	-35.8633	-1.56516	227.198	
0.774588	0.025	2.97162	-108.255	-5.74949	174.324	
9.60032	0.025	0.0324879	6.48237	4.9934	204.632	
0.390295	0.025	2.78025	-113.261	-22.2759	158.779	
0.557144	0.025	2.897	-46.0496	3.55763	200.533	
1.91365	0.025	3.08355	-42.3864	-9.90158	231.061	
9.14823	0.025	0.0332309	12.9794	-5.34594	215.071	
3.07349	0.025	0.0644307	27.1555	-5.09862	172.729	
4.88379	0.025	0.0470107	12.7546	-9.69068	170.779	
0.576692	0.025	2.90608	16.9535	-16.9618	264.075	
6.89395	0.025	0.0383908	-10.5895	7.87057	215.446	
1.29987	0.025	3.04778	-60.5422	14.4959	235.844	
3.09235	0.025	0.064144	-25.0079	7.42707	200.887	
2.59958	0.025	0.073003	17.416	-8.36356	198.018	
2.80534	0.025	0.0689249	5.84227	-2.02164	211.452	
1.51809	0.025	3.06383	12.3313	15.0809	230.681	
3.8287	0.025	3.12134	-8.25964	-9.96985	233.271	
0.544916	0.025	2.89098	46.6681	8.07636	252.948	
2.6199	0.025	0.0725716	-41.8891	4.38157	170.479	
4.13252	0.025	0.0523862	45.5912	-4.48291	187.775	
11.5915	0.025	0.0299051	4.65621	5.35997	217.547	
3.66477	0.025	0.056847	0.06508	-9.64656	157.146	
8.05816	0.025	0.0353655	-7.85948	-2.11978	166.208	
2.13997	0.025	0.0849502	-13.4126	0.0638164	218.971	
8.16207	0.025	0.0351374	12.139	3.02687	211.517	
12.7492	0.025	0.0287744	18.7811	-0.133083	242.859	
0.39648	0.025	2.78645	83.6679	-41.8358	189.776	
10.3221	0.025	0.0314365	46.3319	-3.3268	216.133	
0.319782	0.025	0.485724	10.9862	-21.0789	190.557	
5.016	0.025	0.0462315	-51.8032	13.0497	188.056	
10.4716	0.025	0.0312369	-35.972	0.732738	204.039	
0.683549	0.025	2.94629	0.417837	1.34722	234.469	
13.7786	0.025	0.0279285	-12.7929	-1.73606	243.453	
11.5994	0.025	0.0298966	-23.9888	7.71646	244.469	
4.25041	0.025	0.0514169	-11.6091	-3.96583	173.664	
0.779859	0.025	0.2036	7.96481	-3.99454	177.902	
7.94485	0.025	0.035621	-7.15734	1.25225	185.845	
12.5699	0.025	0.0289358	42.599	-4.76129	215.201	
7.59014	0.025	0.0364701	-22.4016	2.36287	218.314	
1.29123	0.025	0.129466	90.2059	-6.74246	180.317	
25.745	0.025	0.0230595	-14.1333	3.65489	217.574	
1.8098	0.025	0.097288	25.541	8.53572	236.806	
8.26704	0.025	0.0349128	-2.72837	1.09667	210.67	
1.90567	0.025	0.0932638	44.1319	-2.04383	153.691	
1.2654	0.025	0.131762	58.262	-11.7804	200.536	
8.28424	0.025	0.0348766	-5.70746	-3.14156	154.744	
4.63116	0.025	0.0486236	23.9154	-4.01432	204.066	
10.4097	0.025	0.0313188	-9.52048	-3.63233	194.287	
1.56307	0.025	3.06658	58.2292	-2.88704	190.577	
3.35263	0.025	0.0605169	37.9027	-4.39964	184.996	
1.42839	0.025	3.05783	34.775	6.32943	240.252	
9.81179	0.025	0.0321638	10.3539	-0.601665	214.574	
8.79066	0.025	0.0338728	22.205	-10.1123	193.072	
0.868682	0.025	2.99212	-95.8149	-12.6295	199.101	
8.72066	0.025	0.0340046	23.6291	-6.81499	211.32	
0.162421	0.025	1.11179	-3.66635	5.16168	-14.1157	
10.5964	0.025	0.0310746	-27.1371	8.25024	191.208	
1.48181	0.025	0.11501	12.841	-3.50242	230.668	
0.457529	0.025	2.83811	32.4473	41.1343	284.349	
10.0659	0.025	0.0317924	-21.3241	4.19822	213.476	
0.424936	0.025	2.8125	48.8981	-7.11547	248.849	
1.51825	0.025	0.112662	-39.0431	11.4717	188.388	
12.908	0.025	0.0286351	-37.1544	-3.0908	234.584	
9.08199	0.025	0.033346	12.267	9.98142	258.873	
11.6087	0.025	0.0298866	-34.4082	3.00786	198.134	
0.181274	0.025	0.93845	-134.392	-21.6088	170.077	
6.96596	0.025	0.0381743	32.1037	2.47437	231.881	
8.11324	0.025	0.0352438	-4.90549	-9.67253	208.085	
14.667	0.025	0.027294	-12.7451	-3.91792	230.616	
1.29221	0.025	0.12938	-68.8132	-8.84032	182.964	
0.556626	0.025	2.89675	62.0371	-10.7943	176.441	
9.36613	0.025	0.0328638	28.4074	0.78297	211.674	
7.97381	0.025	0.035555	-4.26501	3.35895	199.525	
13.7442	0.025	0.0279547	15.8329	13.6253	247.286	
12.5292	0.025	0.0289732	20.02	-4.28272	194.972	
7.5824	0.025	0.0364895	-31.0105	-4.15561	223.634	
1.45201	0.025	3.05948	-33.2162	-20.4364	130.66	
5.6068	0.025	0.0431984	1.23575	-0.787237	150.372	
7.87746	0.025	0.0357764	4.80099	4.1763	192.146	
5.64576	0.025	0.0430206	24.637	2.01966	226.22	
7.33188	0.025	0.03714	-48.0941	8.08907	207.9	
10.7574	0.025	0.0308706	-6.14514	-12.4476	223.47	
7.34647	0.025	0.0371009	-20.0241	-0.918906	208.728	
0.177541	0.025	2.20985	94.4561	27.4644	249.7	
7.46938	0.025	0.0367776	-5.31594	-6.21815	205.081	
4.85249	0.025	0.0472015	60.1294	-6.88715	214.316	
3.02931	0.025	0.0651164	-14.8067	17.0439	162.451	
2.80108	0.025	0.0690033	-31.4021	-4.03619	190.855	
14.186	0.025	0.0276276	13.6856	6.98938	181.145	
9.60258	0.025	0.0324843	-6.97484	0.753256	243.316	
2.40775	0.025	0.0774337	18.2266	-12.8154	203.677	
7.69572	0.025	0.0362091	-34.9836	-0.579073	204.248	
11.6723	0.025	0.0298189	15.7123	2.08672	189.797	
2.72972	0.025	3.10615	12.6925	7.92937	162.827	
1.26348	0.025	0.131937	-9.39081	-2.70569	213.821	
0.267403	0.025	2.5889	-79.1467	-45.7754	258.492	
5.7417	0.025	0.0425933	-24.8211	-0.273937	168.553	
1.76703	0.025	0.0992244	-7.24329	12.4844	177.078	
2.39566	0.025	0.0777368	37.1066	3.73227	204.349	
1.69791	0.025	3.07394	-43.424	-5.68772	172.325	
9.60011	0.025	0.0324882	-37.8019	-4.7005	222.01	
8.18989	0.025	0.0350773	30.6088	-1.17467	212.343	
4.61304	0.025	0.0487461	-28.4116	14.5945	177.855	
0.147878	0.025	1.80772	12.1502	-3.12373	233.933	
0.677229	0.025	2.94428	116.918	22.5036	167.473	
1.04857	0.025	0.155538	-6.91179	2.60439	275.933	
0.965371	0.025	3.00897	90.2651	7.64232	177.912	
1.93149	0.025	3.08425	-0.660321	15.0312	230.564	
12.5755	0.025	0.0289307	-12.0954	-0.123154	212.755	
10.4981	0.025	0.031202	5.84971	3.53723	237.678	
0.144429	0.025	1.62509	-42.1724	-25.5294	188.527	
0.444771	0.025	0.347944	-3.90881	15.9849	193.945	
5.21263	0.025	0.0451456	-2.43289	-4.85674	177.262	
10.8446	0.025	0.0307628	-5.97643	-10.7406	219.015	
5.80553	0.025	0.0423169	45.3948	-20.7021	228.05	
8.65505	0.025	0.03413	7.32076	-6.89821	215.189	
2.32794	0.025	0.0794927	-2.05826	9.61951	203.044	
7.88125	0.025	0.0357676	31.6474	-12.8761	193.356	
5.20472	0.025	0.0451877	-1.58997	-7.12226	153.376	
7.90568	0.025	0.035711	-36.2218	8.49637	139.658	
6.14702	0.025	0.0409353	-14.4228	0.310307	222.659	
2.46674	0.025	0.0759977	96.1872	9.7512	174.458	
4.2108	0.025	0.0517365	-34.2989	10.0207	192.455	
4.03344	0.025	0.0532446	-22.2503	0.632177	168.12	
0.590315	0.025	2.91204	169.77	-5.44387	224.899	
0.464102	0.025	2.84281	103.041	7.0578	153.671	
8.02875	0.025	0.0354311	-45.318	8.54868	181.74	
6.35328	0.025	0.0401729	-1.55829	6.27165	190.003	
0.705171	0.025	2.95291	-74.1266	6.08987	162.796	
9.53836	0.025	0.0325855	-33.9134	15.9673	220.819	
4.69705	0.025	0.0481863	-10.6723	-8.12146	196.745	
6.80469	0.025	0.0386654	-24.6493	-20.6005	203.258	
14.7557	0.025	0.0272348	10.3641	-0.54317	205.556	
4.55214	0.025	0.0491649	54.0574	-4.58681	164.926	
8.97343	0.025	0.0335383	-43.8653	5.12278	203.106	
7.00951	0.025	0.0380455	-22.2742	2.82716	195.604	
1.76772	0.025	0.0991928	-50.0497	-5.90236	227.497	
5.53483	0.025	3.13297	-12.613	-11.5571	205.407	
9.4104	0.025	0.0327913	-26.9894	1.66419	204.615	
2.69734	0.025	3.10551	10.3654	12.767	139.364	
6.10444	0.025	0.0410992	44.9841	1.49254	160.664	
14.7439	0.025	0.0272427	17.2143	-9.35859	219.334	
10.6488	0.025	0.0310075	27.9793	-3.59137	207.174	
6.8394	0.025	0.0385578	28.5216	-2.01168	205.953	
3.73761	0.025	3.12042	-0.92719	8.36795	150.514	
0.349461	0.025	0.443211	40.6864	26.5757	225.096	
10.2776	0.025	0.031497	62.8242	-8.86678	183.902	
3.87979	0.025	0.0546627	-76.246	-2.48309	167.478	
11.1394	0.025	0.0304105	23.4308	-10.7249	207.307	
0.239557	0.025	0.664074	22.1836	-29.8056	130.654	
5.32902	0.025	0.0445406	-30.7169	7.46927	189.549	
0.63712	0.025	0.245974	-48.0681	-25.8623	207.677	
3.82484	0.025	0.0551975	-51.7488	11.2854	215.744	
11.0605	0.025	0.0305029	8.02693	-9.46691	229.583	
6.70154	0.025	0.038992	43.8557	5.90842	174.376	
1.652	0.025	0.104932	-44.8464	-4.45025	199.532	
10.2376	0.025	0.0315519	13.2234	-10.1448	234.933	
2.40946	0.025	0.0773911	-4.51971	0.215526	172.943	
