10 15
3.07663	0	0.124021	-15.6913	192.196	3.71491	
-3.68366	-0	0.0650243	43.4355	-136.971	1.36469	
11.8904	0	0.200937	-36.4962	195.503	-12.6529	
0.137932	0	0.0983749	-53.7057	81.0018	-36.2786	
8.25781	0	0.169236	22.8743	213.101	-0.547677	
-0.158653	-0	0.0957867	149.088	31.5327	-127.587	
15.5713	0	0.23306	-4.41206	230.523	15.0047	
-4.55619	-0	0.05741	3.36818	-150.678	-7.16354	
2.50161	0	0.119002	-25.5611	226.84	3.64918	
10.4643	0	0.188491	-19.1665	205.606	-0.964753	
1.528	0	0.110506	-10.6519	185.605	-4.39817	
9.81859	0	0.182857	-11.0285	215.15	6.17216	
-2.00828	-0	0.0796452	39.0309	-173.674	-2.44155	
-1.66874	-0	0.0826084	4.62871	-193.185	8.17627	
-0.549494	-0	0.0923758	-98.4715	-195.821	25.6889	
-1.72913	-0	0.0820813	40.1911	-181.86	-11.1249	
-1.00525	-0	0.0883985	-3.22072	-273.296	13.2936	
8.93854	0	0.175177	-51.6564	199.907	0.501719	
13.108	0	0.211563	-19.7803	255.05	-5.75655	
5.70323	0	0.146942	2.20272	186.227	-4.83763	
12.7737	0	0.208646	-45.738	239.882	-3.74513	
13.0196	0	0.210792	-42.0675	254.354	-1.23297	
8.30042	0	0.169608	-28.0738	187.105	9.99509	
-3.56859	-0	0.0660286	19.1913	-202.167	11.5386	
8.87021	0	0.17458	25.4336	243.782	-9.57804	
-0.837893	-0	0.089859	69.5379	-278.455	-5.60367	
11.7809	0	0.199981	-10.5487	253.998	11.2971	
0.935492	0	0.105335	140.055	194.255	12.1618	
13.8736	0	0.218244	9.0428	220.881	-11.1267	
7.04227	0	0.158628	31.8398	206.793	-0.0390798	
7.49632	0	0.162591	6.29482	196.654	0.142788	
2.26244	0	0.116915	63.0294	188.847	6.50537	
-1.94835	-0	0.0801682	-58.0442	-201.737	18.5074	
-4.91323	-0	0.0542941	29.8456	-178.645	13.1027	
3.48807	0	0.127611	-23.2877	206.468	0.752971	
1.05262	0	0.106357	-13.5616	168.03	2.63651	
7.49847	0	0.162609	32.8126	191.298	2.39509	
14.0329	0	0.219635	-0.784426	206.68	-3.24615	
-0.946613	-0	0.0889102	-4.37966	-254.055	-12.8428	
-3.99356	-0	0.0623199	-54.854	-196.335	-16.0433	
3.6688	0	0.129188	-20.4332	211.424	-4.47799	
1.76387	0	0.112564	-39.5057	184.535	-7.74964	
-1.53383	-0	0.0837856	14.6189	-211.973	9.33865	
0.340264	0	0.100141	50.1838	19.6844	29.433	
-4.35741	-0	0.0591446	-7.45803	-208.957	2.31477	
1.79413	0	0.112828	-53.9129	247.479	5.92436	
12.4609	0	0.205916	38.4932	247.702	1.53398	
2.50368	0	0.11902	-3.51269	160.56	10.3707	
0.635544	0	0.102718	29.5503	224.818	-16.9173	
2.75796	0	0.12124	-69.1086	164.369	8.63415	
14.1093	0	0.220301	-29.4746	235.331	0.660233	
2.06816	0	0.11522	52.6042	146.605	3.41861	
8.37327	0	0.170244	10.8293	167.167	-1.14107	
5.64445	0	0.14643	1.61481	222.731	-2.56534	
-1.09749	-0	0.0875936	-32.6762	-190.878	5.33529	
-2.29396	-0	0.0771521	36.5654	-236.932	5.81883	
15.0064	0	0.22813	21.8915	223.515	-4.094	
2.34284	0	0.117617	37.9868	177.402	5.60659	
7.17314	0	0.15977	18.0852	179.105	-7.02702	
4.07707	0	0.132751	5.33015	186.713	-2.80249	
8.85136	0	0.174416	2.62673	209.998	0.868915	
8.05193	0	0.167439	10.0705	236.734	-2.65169	
-2.21331	-0	0.077856	-44.3029	-238.919	-3.79007	
1.21923	0	0.107811	36.2579	177.169	2.29846	
7.12919	0	0.159387	-8.40701	150.438	3.59655	
12.8783	0	0.209559	-9.23758	204.178	-5.55532	
6.07719	0	0.150206	-0.0855456	125.924	-11.7253	
5.4248	0	0.144513	-18.2583	196.951	-12.2465	
6.19144	0	0.151203	48.3271	191.06	3.77283	
16.5873	0	0.241926	-3.1363	253.443	0.253363	
-1.88553	-0	0.0807164	33.3063	-193.202	-6.80715	
2.35998	0	0.117766	-23.7304	215.419	-11.3261	
-0.162601	-0	0.0957522	-60.161	-44.894	60.9741	
9.85299	0	0.183157	-3.0571	166.545	7.93366	
-2.06104	-0	0.0791848	5.0967	-195.561	-15.4992	
8.65096	0	0.172667	-16.5146	197.147	7.78995	
8.85528	0	0.17445	-32.2467	199.386	-2.3721	
-3.09519	-0	0.0701599	48.6696	-189.001	2.27629	
3.2	0	0.125097	23.6535	158.036	11.9526	
0.0810135	0	0.0978782	132.626	26.8295	111.047	
0.933061	0	0.105314	7.75852	187.389	-17.6496	
2.50649	0	0.119045	11.3889	189.245	-9.06973	
13.7845	0	0.217467	-16.4182	239.588	-5.06524	
2.5024	0	0.119009	13.7523	171.268	11.018	
-1.04657	-0	0.088038	66.0158	-183.742	16.5288	
13.6173	0	0.216008	-27.6596	250.94	0.276772	
-0.569031	-0	0.0922053	7.8582	-193.922	2.03013	
0.708641	0	0.103355	-67.1254	213.033	-14.2689	
3.17969	0	0.12492	-19.8409	161.32	-3.71856	
19.7569	0	0.269587	-16.0353	274.955	5.67524	
-1.30356	-0	0.0857952	-107.637	-174.095	5.27098	
13.566	0	0.21556	-13.547	223.758	-2.33968	
6.04723	0	0.149945	-5.63378	198.758	-7.56377	
6.36669	0	0.152732	6.13931	150.647	-9.94885	
-0.131293	-0	0.0960254	-27.5819	-80.0406	38.1512	
11.5716	0	0.198155	37.7139	223.129	9.69441	
8.08945	0	0.167767	10.4838	203.23	5.56229	
4.63914	0	0.137656	36.6633	173.032	-2.99852	
-5.09486	-0	0.052709	28.5417	-185.847	4.33033	
1.72042	0	0.112185	50.6981	201.694	10.9047	
-1.48649	-0	0.0841988	-13.2018	-238.751	5.12543	
4.49584	0	0.136406	21.2316	165.035	-8.81422	
0.681822	0	0.103121	53.6151	177.05	4.88085	
5.47942	0	0.144989	40.2458	231.435	-1.55231	
8.42778	0	0.170719	-9.93892	244.183	3.10068	
9.90737	0	0.183631	4.74367	209.347	2.94684	
-3.82855	-0	0.06376	-32.0254	-164.045	-8.65594	
10.6248	0	0.189893	79.4852	190.595	-4.66788	
7.78721	0	0.165129	22.5816	224.506	-5.62061	
9.07232	0	0.176344	-38.5521	198.098	1.77627	
-0.328846	-0	0.0943014	-23.9151	-34.9889	6.54272	
0.962151	0	0.105568	-11.7325	149.301	-1.1849	
14.5957	0	0.224546	-16.4123	237.856	-0.909952	
5.6569	0	0.146538	-68.9289	183.037	3.84436	
0.17385	0	0.0986884	-236.962	-58.9784	-134.534	
6.19227	0	0.15121	40.6963	184.906	1.87881	
17.5006	0	0.249897	21.2784	231.019	-7.92706	
5.20524	0	0.142597	-18.8268	161.005	2.12187	
3.39199	0	0.126773	51.1318	187.806	2.09876	
-0.610835	-0	0.0918405	-14.3297	-271.759	-16.7455	
12.6661	0	0.207707	-19.1005	232.249	-5.7971	
6.60543	0	0.154816	2.89362	223.998	0.0845806	
8.72049	0	0.173274	7.68609	216.518	1.63459	
-3.25159	-0	0.068795	-31.9045	-214.133	19.786	
-1.23103	-0	0.0864282	46.2	-221.054	-9.62849	
-0.251238	-0	0.0949787	80.7	-39.0478	-36.2138	
0.341662	0	0.100153	-76.7784	160.198	-32.7979	
2.67623	0	0.120526	-24.209	143.434	-1.54017	
7.04717	0	0.158671	10.2798	199.118	4.77492	
6.33933	0	0.152494	-16.2144	162.79	-2.36117	
10.1059	0	0.185364	7.82165	216.981	7.7789	
-1.0935	-0	0.0876283	-62.6602	-142.263	8.95257	
10.273	0	0.186823	20.3424	216.84	-8.04881	
0.228303	0	0.0991636	-38.6992	103.345	-23.5669	
-2.00734	-0	0.0796534	38.9778	-136.39	-10.605	
6.585	0	0.154638	-2.41111	217.852	-1.57273	
2.44333	0	0.118494	17.2207	201.56	5.27161	
6.68086	0	0.155474	-31.8821	229.726	-6.15396	
-2.39126	-0	0.076303	22.5206	-193.328	-3.31004	
0.174403	0	0.0986932	-127.816	43.949	-83.1849	
9.71613	0	0.181963	47.1779	235.348	0.359566	
3.81148	0	0.130433	-10.4208	184.903	5.04821	
14.8618	0	0.226868	1.15505	221.838	-9.21277	
2.50138	0	0.119	49.3119	188.374	-4.34417	
8.1135	0	0.167977	-43.8529	221.615	-8.48319	
3.12883	0	0.124476	12.1271	189.693	-6.87246	
-7.29864	-0	0.0334769	-20.8015	-203.723	-4.05843	
6.8282	0	0.15676	5.93103	219.373	7.85336	
11.2464	0	0.195317	-4.86622	175.661	7.75772	
-3.48167	-0	0.0667871	11.3195	-142.439	-6.27634	
11.9503	0	0.20146	18.3097	192.241	0.694014	
3.82809	0	0.130578	-75.4672	164.559	-18.1895	
3.70643	0	0.129517	-15.3353	156.58	-5.35963	
6.78132	0	0.156351	-1.28105	203.052	-2.97482	
6.22016	0	0.151454	-14.3776	227.24	-5.72391	
6.8481	0	0.156934	-9.28466	165.895	1.78809	
1.90912	0	0.113832	-51.9034	242.4	-1.39622	
13.8144	0	0.217727	-33.4284	224.657	1.47486	
12.5601	0	0.206782	19.9022	258.987	3.75284	
9.64651	0	0.181355	-23.9531	194.096	-2.98419	
-2.95703	-0	0.0713656	18.0772	-178.915	5.11059	
5.9544	0	0.149134	-43.1026	192.594	-11.4749	
1.66042	0	0.111661	-64.4666	226.833	-2.05273	
-6.74372	-0	0.0383196	-12.592	-202.489	-1.41944	
0.380207	0	0.100489	-0.585223	72.2728	11.4058	
0.942611	0	0.105397	-3.45911	255.164	4.00591	
10.5725	0	0.189436	31.3569	222.616	-10.1445	
14.2469	0	0.221502	7.49344	240.514	8.2093	
6.72168	0	0.15583	-4.85179	166.683	9.36068	
14.0951	0	0.220177	7.33971	207.437	-4.51325	
2.76691	0	0.121318	10.3305	207.778	2.55114	
4.80624	0	0.139115	-20.2138	190.601	7.56981	
2.85563	0	0.122092	59.0048	182.328	-1.3172	
0.872181	0	0.104783	-68.7876	215.166	11.634	
12.0836	0	0.202623	51.2455	195.028	-2.47991	
2.4325	0	0.118399	-36.5961	188.92	-5.57919	
-4.91851	-0	0.054248	31.6518	-182.141	7.86194	
12.1941	0	0.203587	11.7203	195.886	-9.97532	
-2.06518	-0	0.0791487	-93.7716	-186.264	-7.26407	
3.99145	0	0.132004	29.2288	196.886	0.853552	
8.63911	0	0.172564	30.8002	219.388	4.13265	
-3.35257	-0	0.0679138	-23.8071	-216.539	-5.7023	
5.88966	0	0.148569	7.67919	229.925	-5.61786	
4.41218	0	0.135676	-46.338	181.09	5.62771	
0.640553	0	0.102761	111.537	214.517	16.446	
-2.16659	-0	0.0782637	-73.4149	-200.564	13.3776	
14.1579	0	0.220725	-3.10258	206.762	1.39032	
2.02937	0	0.114881	-99.8165	192.16	8.23967	
-0.966729	-0	0.0887347	8.0178	-189.718	-1.42683	
16.3536	0	0.239887	3.80407	231.992	-6.52647	
15.6915	0	0.234109	23.5012	216.318	-1.54883	
1.47019	0	0.110001	12.8007	186.695	3.57183	
15.7672	0	0.23477	5.17301	255.026	-5.3711	
7.79298	0	0.165179	-5.21327	193.764	9.98562	
1.28849	0	0.108416	34.891	198.127	9.2993	
5.85917	0	0.148303	-4.92048	188.405	7.62712	
-0.299425	-0	0.0945582	-45.6538	-86.2672	22.9573	
3.57851	0	0.1284	-25.2158	193.974	1.04541	
19.4226	0	0.266669	-4.90726	225.708	3.2256	
-2.44306	-0	0.075851	-10.0274	-244.198	5.75045	
3.35393	0	0.12644	-19.7304	180.666	0.362089	
-3.9116	-0	0.0630352	-14.8521	-182.182	9.35066	
15.832	0	0.235335	7.34261	208.25	3.36858	
2.9055	0	0.122527	-22.9314	197.11	12.7441	
-0.732046	-0	0.0907827	-32.3097	-155.949	0.814117	
-4.56112	-0	0.0573669	20.0925	-184.374	-0.0902145	
0.109751	0	0.098129	176.222	-42.4339	127.418	
10.3051	0	0.187102	3.01325	233.205	5.25707	
8.72683	0	0.173329	-41.49	203.786	7.65403	
-0.30121	-0	0.0945426	182.042	-60.7883	-43.1117	
9.17221	0	0.177216	34.886	218.393	3.43163	
-6.0722	-0	0.0441799	64.5422	-256.296	-13.4346	
-2.59992	-0	0.074482	17.0902	-232.988	24.6481	
8.32184	0	0.169795	-6.657	223.736	-0.89039	
11.4873	0	0.197419	18.4502	237.942	2.91987	
-3.73342	-0	0.0645902	-16.1443	-208.311	3.40131	
4.08095	0	0.132785	22.2499	188.578	-8.81896	
27.1339	0	0.333966	-11.8403	264.533	-5.92677	
5.92234	0	0.148855	20.975	203.727	-3.96767	
8.4305	0	0.170743	22.5377	212.919	10.7816	
-1.81865	-0	0.0813001	-20.115	-182.722	3.83344	
-1.54661	-0	0.0836741	23.4786	-178.376	-0.425208	
-0.183235	-0	0.0955721	60.9002	-35.9137	-17.4023	
-4.17931	-0	0.0606989	-32.5028	-212.959	-0.353197	
-2.78544	-0	0.072863	-31.7462	-185.061	9.84997	
5.99888	0	0.149523	-13.0893	145.291	-2.9419	
-0.855728	-0	0.0897034	-38.2575	-256.299	-0.987517	
7.04391	0	0.158642	34.4235	168.535	5.8102	
14.0337	0	0.219641	27.3332	261.285	-6.91246	
0.498344	0	0.10152	-56.9156	200.327	-11.9121	
13.0608	0	0.211151	40.1739	260.06	-1.67307	
8.77849	0	0.17378	12.5271	197.468	5.14691	
-0.489455	-0	0.0928998	23.5604	-106.197	4.34314	
-2.54828	-0	0.0749327	6.24722	-192.621	-9.85473	
1.77109	0	0.112627	-16.8881	238.767	7.79427	
12.2007	0	0.203645	-8.53993	238.026	7.14352	
6.48999	0	0.153808	-19.5378	219.379	7.14478	
6.74512	0	0.156035	-23.9284	188.948	-10.9159	
1.474	0	0.110035	20.3312	232.783	7.8946	
9.04863	0	0.176137	30.5866	194.667	-1.72062	
11.7973	0	0.200125	-1.85051	227.885	0.450177	
2.26873	0	0.11697	-17.0406	162.078	-8.44369	
8.96791	0	0.175433	9.60209	240.569	2.52901	
-0.139372	-0	0.0959549	75.1586	-69.4754	-88.0383	
6.75881	0	0.156154	59.1279	187.808	-8.23643	
5.88904	0	0.148564	-38.7928	160.132	5.25782	
5.26038	0	0.143078	39.6994	159.774	-0.0781444	
10.2426	0	0.186557	17.329	218.496	-2.74226	
13.9618	0	0.219014	59.1929	197.934	2.19498	
7.82153	0	0.165429	-15.4846	219.069	-6.52526	
14.9119	0	0.227305	15.5397	194.145	5.20086	
5.56121	0	0.145703	25.2999	190.266	8.51284	
-1.63706	-0	0.0828848	41.4562	-219.565	4.49023	
-1.99434	-0	0.0797669	4.4687	-175.39	-5.00537	
0.376037	0	0.100453	-203.202	36.7282	-67.9637	
11.9803	0	0.201722	-69.883	244.945	-4.6371	
10.526	0	0.18903	-14.2243	204.567	1.52618	
9.84779	0	0.183112	14.4426	218.422	6.11955	
1.70931	0	0.112088	-11.0745	191.834	-2.317	
6.75014	0	0.156079	-6.6395	199.597	-1.80895	
26.1785	0	0.325628	5.02962	249.273	3.96138	
1.23187	0	0.107922	-4.73651	211.852	9.2466	
8.91139	0	0.17494	32.4534	202.993	-7.21488	
9.06736	0	0.176301	-42.8732	211.102	19.511	
8.31242	0	0.169713	4.67987	183.275	-4.69669	
6.65248	0	0.155227	63.3477	204.896	-10.4825	
-1.86997	-0	0.0808522	-41.5255	-233.326	3.98193	
6.41163	0	0.153125	12.3624	203.176	-5.79031	
2.74287	0	0.121108	14.2164	190.169	-0.873602	
11.6757	0	0.199063	30.8548	281.761	10.7125	
-2.6351	-0	0.074175	10.3708	-244.236	11.9599	
0.646534	0	0.102813	-3.80631	157.087	-9.49173	
1.85141	0	0.113328	59.8313	215.069	-1.11226	
12.2394	0	0.203983	12.4623	221.755	3.43502	
8.53641	0	0.171667	38.7882	192.826	3.93608	
-1.40606	-0	0.0849007	24.8807	-164.364	-2.72908	
5.28104	0	0.143258	46.556	155.289	1.79937	
-3.41747	-0	0.0673474	18.4052	-202.109	1.78665	
-4.91347	-0	0.054292	4.43147	-254.568	-9.6285	
3.09819	0	0.124209	-39.5686	193.911	-8.10544	
22.079	0	0.289852	-17.2779	235.936	-1.54289	
-1.43861	-0	0.0846166	7.44978	-222.576	-11.3781	
6.60044	0	0.154772	-25.3417	201.468	3.80625	
11.7657	0	0.199849	26.642	212.876	-5.01399	
1.26769	0	0.108234	-51.6417	175.901	3.29568	
8.89562	0	0.174802	7.84082	174.758	4.77459	
13.6593	0	0.216374	0.771505	258.547	-12.8189	
17.3448	0	0.248537	13.0013	248.744	-0.481814	
-0.898099	-0	0.0893336	108.162	-222.831	-5.79979	
10.5781	0	0.189484	25.1581	213.973	4.94865	
-0.326294	-0	0.0943237	33.455	-94.9054	-6.15683	
3.40388	0	0.126876	23.7925	192.313	3.87318	
6.21093	0	0.151373	19.5974	185.216	-2.01757	
-0.0348614	-0	0.096867	82.8849	-10.571	-170.823	
12.4626	0	0.205931	17.691	221.652	-3.53424	
0.707945	0	0.103349	-32.2458	191.391	-0.729937	
9.50276	0	0.180101	-4.63741	196.201	-3.61005	
-0.0732346	-0	0.0965321	-100.031	-25.6858	115.717	
-3.70517	-0	0.0648367	11.2914	-173.854	11.8024	
6.44893	0	0.15345	-34.2132	212.461	4.22656	
8.08863	0	0.16776	-10.5179	235.971	2.0737	
-0.675044	-0	0.0912802	-77.0612	-129.991	20.0175	
-3.76665	-0	0.0643001	73.9988	-187.229	-2.01432	
-5.54143	-0	0.0488119	9.43519	-194.699	2.00141	
-1.18849	-0	0.0867994	-72.0576	-190.633	-3.92476	
-0.532703	-0	0.0925224	-14.4865	-236.681	-27.1928	
3.91625	0	0.131348	-17.8576	194.982	3.88734	
4.00707	0	0.13214	53.3995	191.315	11.8909	
2.15212	0	0.115952	9.1088	158.46	2.7909	
10.9116	0	0.192395	-12.4191	196.773	-11.4745	
3.91071	0	0.131299	-43.3202	202.706	2.42261	
5.82534	0	0.148008	4.46073	193.645	1.03753	
-3.08477	-0	0.0702508	-15.7532	-179.419	-2.34969	
5.992	0	0.149463	-33.9273	182.82	20.232	
-1.64956	-0	0.0827757	79.3075	-171.712	-0.596235	
-5.29539	-0	0.050959	-45.0068	-216.462	-15.713	
1.45138	0	0.109837	-8.12221	250.031	-7.87319	
10.3163	0	0.1872	-16.5233	230.129	7.04318	
7.69749	0	0.164346	-14.3393	176.553	-7.18714	
7.55405	0	0.163094	36.1843	132.258	-3.54402	
2.55162	0	0.119439	20.9456	176.246	10.2639	
6.79999	0	0.156514	14.6087	247.444	5.22991	
10.4024	0	0.187952	18.6204	190.486	-6.82608	
-1.95901	-0	0.0800752	-21.9627	-210.259	-15.1805	
0.26239	0	0.099461	217.848	97.1656	75.7412	
2.82967	0	0.121865	46.4813	222.45	9.36508	
9.70403	0	0.181857	7.80188	208.426	-1.50642	
2.86121	0	0.122141	-13.066	213.749	-1.05081	
5.74067	0	0.147269	28.4414	231.169	-6.7744	
-3.77104	-0	0.0642618	15.5433	-195.961	2.05176	
10.9718	0	0.192921	-3.28633	221.36	8.21607	
5.04485	0	0.141197	2.57954	149.622	4.38313	
6.25088	0	0.151722	-28.5437	185.803	-5.21444	
6.20554	0	0.151326	-17.0659	178.528	6.59244	
14.7364	0	0.225774	14.9152	256.508	3.3108	
5.40752	0	0.144362	-1.74964	195.606	-4.57305	
5.37875	0	0.144111	25.975	205.633	1.09033	
8.2629	0	0.16928	36.8335	182.568	4.39551	
3.79631	0	0.130301	29.5743	243.585	-19.9127	
2.71315	0	0.120849	10.6369	194.7	-9.46303	
1.65283	0	0.111595	-62.5124	202.189	3.27262	
13.5254	0	0.215206	34.3388	224.877	-4.12727	
9.94721	0	0.183979	7.07831	229.043	2.23917	
14.7545	0	0.225932	-30.5686	221.873	6.08625	
9.90792	0	0.183636	-1.56208	203.166	9.68969	
5.17511	0	0.142334	22.8676	208.519	9.61114	
1.17086	0	0.107389	5.74759	169.944	-0.771941	
21.7263	0	0.286773	18.2712	230.551	-0.267248	
-2.0948	-0	0.0788902	54.0511	-197.344	6.84066	
-3.15532	-0	0.0696352	-36.8194	-189.529	-19.5911	
0.201826	0	0.0989325	-100.172	68.9883	-56.0274	
0.705078	0	0.103324	-12.9374	95.0463	1.47133	
16.2331	0	0.238836	-0.289916	195.156	-1.96181	
-1.04351	-0	0.0880646	-69.746	-172.812	17.437	
-0.0346437	-0	0.0968689	21.3943	1.18539	36.2786	
-5.76112	-0	0.0468947	65.0542	-191.499	9.22759	
0.152544	0	0.0985024	39.0102	88.5676	13.2389	
5.55853	0	0.14568	57.4165	215.047	-5.47427	
-1.73494	-0	0.0820306	-12.358	-171.68	-0.568939	
7.61311	0	0.16361	-11.7617	182.536	-5.14258	
13.546	0	0.215386	11.4185	248.391	8.57875	
1.269	0	0.108246	92.5917	154.628	4.32204	
7.7556	0	0.164853	-30.7073	189.525	-0.0677802	
5.25841	0	0.143061	17.7059	166.971	14.5797	
10.5536	0	0.189271	14.7215	186.272	-0.296782	
5.24615	0	0.142954	0.39571	192.047	5.04324	
10.6572	0	0.190175	-1.29048	211.722	1.52238	
1.02208	0	0.106091	-54.9902	244.245	-16.3826	
9.14828	0	0.177007	-27.2206	215.993	-3.33975	
12.7315	0	0.208278	33.6348	248.78	1.26545	
1.20227	0	0.107663	-28.5951	279.463	25.3207	
3.78932	0	0.13024	-21.4982	149.904	-6.51744	
1.99047	0	0.114542	-26.9621	194.566	-9.28766	
7.32286	0	0.161077	29.7699	170.601	6.57083	
2.09238	0	0.115431	-5.41852	237.225	25.8215	
3.0795	0	0.124046	37.9108	179.707	18.2595	
14.8056	0	0.226377	-28.8664	226.858	-4.98926	
6.15114	0	0.150851	18.1769	202.959	2.26034	
13.3779	0	0.213918	-38.1853	237.805	-8.41144	
1.67579	0	0.111796	34.2423	232.596	-1.22893	
-0.861389	-0	0.089654	36.1592	-272.404	-26.9084	
-3.99525	-0	0.0623052	101.703	-204.37	-4.79769	
4.92746	0	0.140172	-10.1623	168.999	2.49125	
-4.03174	-0	0.0619868	-23.1392	-217.639	0.387541	
14.0702	0	0.21996	4.33573	253.175	3.13426	
3.28001	0	0.125795	-11.2618	244.49	7.18236	
2.60799	0	0.119931	33.6559	218.822	-7.03781	
-2.01009	-0	0.0796294	29.3348	-199.885	6.4938	
5.70799	0	0.146984	19.0122	188.296	-11.4542	
7.31612	0	0.161018	28.9751	198.322	1.71515	
3.86948	0	0.13094	-3.75606	185.392	-5.42048	
4.60767	0	0.137382	9.37147	191.652	-16.4447	
2.76534	0	0.121304	-50.808	240.05	1.61011	
1.47934	0	0.110081	-124.111	227.163	-21.3653	
-2.06138	-0	0.0791818	-6.68295	-167.983	-18.7759	
2.85799	0	0.122112	-20.2391	209.997	-11.5852	
8.41226	0	0.170584	8.29808	214.817	-11.0546	
-1.7607	-0	0.0818058	-97.1415	-183.435	2.54667	
3.00167	0	0.123366	-19.5647	183.978	-6.74113	
7.3415	0	0.161239	4.96418	193.857	3.91277	
8.95227	0	0.175296	-14.5557	204.587	-6.88188	
5.79549	0	0.147748	65.3262	203.499	-5.92665	
-7.21726	-0	0.0341871	1.93341	-178.806	8.11225	
0.147887	0	0.0984618	-97.607	-24.894	-80.0623	
-0.632082	-0	0.0916551	49.5412	-233.858	3.74146	
15.341	0	0.23105	71.7339	219.622	1.43882	
10.5406	0	0.189157	5.67811	244.41	-13.9598	
-0.102914	-0	0.0962731	-5.2013	-10.0583	-20.3528	
13.1894	0	0.212273	-44.4279	208.926	14.0796	
1.21999	0	0.107818	-12.186	280.912	5.64703	
-5.73795	-0	0.0470968	26.3321	-204.615	5.26386	
-2.3192	-0	0.0769318	16.2962	-177.434	-22.0412	
3.06558	0	0.123924	-16.2545	190.784	1.5029	
7.42849	0	0.161999	-16.7649	189.979	-2.99294	
6.08238	0	0.150251	-11.0898	189.055	0.441426	
12.7666	0	0.208583	-46.4204	206.139	5.64323	
1.74199	0	0.112373	-65.3011	162.933	8.94863	
3.97447	0	0.131856	-37.4939	200.866	-7.76397	
-1.53621	-0	0.0837649	-14.4284	-172.655	-1.46823	
1.0017	0	0.105913	-89.3546	151.038	5.42378	
-3.52554	-0	0.0664043	-3.87425	-168.728	4.39709	
-2.0518	-0	0.0792654	-19.5043	-217.3	-4.88469	
-1.78774	-0	0.0815698	-11.4153	-226.833	-1.80988	
8.73955	0	0.17344	5.16803	234.171	1.99754	
-3.21717	-0	0.0690954	-8.31626	-170.785	8.4831	
-2.27169	-0	0.0773464	-28.3173	-160.816	2.03883	
-0.952765	-0	0.0888565	-15.8122	-241.214	25.794	
5.95552	0	0.149144	-10.3224	192.194	0.753604	
5.90111	0	0.148669	9.19101	171.009	10.0433	
1.918	0	0.113909	12.4361	180.572	-3.75435	
23.0255	0	0.298112	-0.479271	237.222	-3.69132	
8.44873	0	0.170902	-3.36461	216.282	11.3552	
-4.21258	-0	0.0604085	-5.9373	-150.363	6.21846	
12.8433	0	0.209253	-19.8255	211.06	-2.21947	
-0.658973	-0	0.0914204	6.15375	-211.277	2.60975	
12.4395	0	0.205729	-11.8101	178.196	8.53663	
1.28219	0	0.108361	82.2453	190.33	-12.0942	
3.74747	0	0.129875	-6.09778	191.917	-4.21485	
8.06292	0	0.167535	12.5506	209.983	-11.6386	
5.05719	0	0.141305	6.44589	209.064	-7.99948	
16.1096	0	0.237757	23.0208	225.822	3.61619	
-1.45771	-0	0.08445	29.6561	-171.585	-29.1555	
16.1838	0	0.238405	0.0962359	237.802	-2.50909	
12.5268	0	0.206491	11.8888	205.675	-3.0298	
15.8882	0	0.235825	-3.43203	206.617	-1.52796	
-1.98752	-0	0.0798264	26.6109	-184.167	-7.37403	
16.3506	0	0.239861	1.06626	215.717	5.62386	
11.0152	0	0.193299	-4.14162	234.961	5.53731	
-4.71248	-0	0.056046	-50.411	-191.271	3.43534	
-0.139881	-0	0.0959505	-138.458	-8.50988	116.205	
-1.79534	-0	0.0815035	25.6883	-204.423	-13.2556	
-0.901817	-0	0.0893012	-35.5854	-100.626	7.15468	
6.90227	0	0.157406	43.6057	226.114	2.99059	
7.62694	0	0.16373	-15.0686	214.453	9.26862	
8.46523	0	0.171046	-7.18519	201.45	3.68792	
7.94347	0	0.166493	-23.2539	202.444	-5.99402	
18.7967	0	0.261208	3.55971	270.786	0.645946	
-1.58275	-0	0.0833587	-40.042	-189.004	-0.528466	
7.17706	0	0.159804	-11.35	214.335	-6.50622	
-1.84817	-0	0.0810425	-32.8777	-208.653	-8.35413	
12.7797	0	0.208698	-15.91	234.182	-0.316567	
3.28718	0	0.125858	11.0659	208.603	21.146	
7.22327	0	0.160208	78.9389	223.139	-0.803594	
1.96401	0	0.114311	-32.2329	216.897	5.47844	
0.353204	0	0.100254	-88.2804	100.279	-11.2114	
-0.108233	-0	0.0962267	123.161	-0.0741934	-125.592	
5.48526	0	0.14504	6.76052	186.319	1.12823	
5.769	0	0.147516	-4.48992	195.303	-5.63459	
12.4349	0	0.205689	14.5126	230.281	8.414	
3.05289	0	0.123813	29.6217	181.407	-12.3537	
1.03243	0	0.106181	-40.7492	205.681	-0.833158	
-4.46999	-0	0.0581622	28.3287	-205.411	3.21059	
-2.1102	-0	0.0787557	-21.6497	-211.773	-3.60834	
10.9715	0	0.192918	-3.85325	227.531	-3.04302	
-3.57222	-0	0.0659969	-24.0902	-188.935	3.29636	
3.51944	0	0.127885	47.1875	181.207	6.83938	
13.0513	0	0.211068	-21.7336	230.224	-10.5208	
-4.16274	-0	0.0608435	11.3037	-148.755	-5.43701	
-3.46193	-0	0.0669594	-24.4466	-168.6	7.93722	
11.2657	0	0.195486	-39.9327	250.801	2.97379	
3.49384	0	0.127662	19.1129	187.569	4.53972	
5.16503	0	0.142246	25.0677	199.447	9.20884	
-2.364	-0	0.0765409	-20.1987	-174.972	15.8116	
13.264	0	0.212924	-16.8464	203.968	2.03101	
5.05791	0	0.141311	-5.26054	181.871	-0.534439	
2.25469	0	0.116848	-46.3521	190.206	3.20726	
8.01149	0	0.167086	-17.908	211.324	-7.10565	
9.91993	0	0.183741	-12.7788	195.188	0.312536	
-1.59489	-0	0.0832528	47.5489	-150.747	-18.8898	
7.47835	0	0.162434	-26.9147	201.458	-4.9426	
18.5272	0	0.258855	-55.8545	243.476	5.61174	
9.49466	0	0.18003	-3.32516	216.178	-3.83651	
10.5132	0	0.188919	2.2725	201.963	11.0993	
12.176	0	0.203429	-24.1093	203.081	-5.48795	
4.23515	0	0.134131	-4.13229	185.282	-1.90004	
8.38641	0	0.170358	10.97	250.087	-5.07677	
1.92281	0	0.113951	32.3893	213.409	-11.2444	
10.3376	0	0.187386	39.0659	187.922	3.86122	
11.8733	0	0.200788	-10.068	217.33	-2.24768	
8.59272	0	0.172159	-28.2	203.943	2.25364	
4.48978	0	0.136353	35.9364	188.059	4.61356	
0.0287083	0	0.0974217	61.6355	-34.3468	134.665	
-3.67347	-0	0.0651133	36.7484	-187.755	4.93378	
-0.141405	-0	0.0959372	94.4739	-38.2589	-64.6905	
9.07565	0	0.176373	3.66051	192.211	8.45223	
4.18266	0	0.133673	-69.2563	196.983	4.90893	
-0.161657	-0	0.0957604	-10.5947	16.2277	-16.328	
14.6947	0	0.22541	-29.9158	229.124	-7.62014	
4.36142	0	0.135233	45.1738	174.299	6.97157	
2.69063	0	0.120652	5.51319	183.625	17.8065	
-1.10865	-0	0.0874962	13.5924	-236.515	-19.1438	
13.5175	0	0.215137	18.828	227.553	4.27281	
6.93782	0	0.157717	-49.7173	255.567	6.69224	
0.941419	0	0.105387	-122.478	172.343	-8.45559	
1.84755	0	0.113295	8.83464	238.249	-11.8516	
-0.0816368	-0	0.0964588	-83.4861	-35.1996	125.991	
9.16879	0	0.177186	11.9309	210.651	4.67297	
-1.94365	-0	0.0802092	4.48218	-186.834	2.35256	
2.54103	0	0.119346	17.5502	185.425	-3.10843	
6.68963	0	0.155551	0.748804	218.255	16.1802	
5.6011	0	0.146051	43.1586	188.924	-8.26343	
9.30966	0	0.178415	-49.3884	241.916	-7.54031	
2.10575	0	0.115548	-13.3152	163.397	7.33968	
11.152	0	0.194493	14.0116	200.204	-7.36123	
10.5885	0	0.189576	-30.7543	197.818	-8.77575	
-3.78454	-0	0.064144	36.0235	-181.203	14.6802	
11.3044	0	0.195824	-30.4376	212.84	-4.47055	
10.3819	0	0.187773	16.065	227.292	-3.18734	
3.65395	0	0.129059	-56.8181	197.167	-11.8424	
16.0604	0	0.237328	-1.43849	224.703	-2.25731	
1.59904	0	0.111126	3.34302	251.236	-2.35247	
-3.36922	-0	0.0677684	-28.656	-167.656	4.99649	
9.44713	0	0.179615	7.2005	211.467	5.34215	
-3.2345	-0	0.0689441	-2.71997	-182.188	2.30022	
11.1635	0	0.194594	-5.26875	171.881	-3.78041	
6.76675	0	0.156224	-19.7236	193.964	-10.0649	
7.1348	0	0.159436	93.2394	163.576	3.38986	
-1.12855	-0	0.0873225	-65.7364	-170.323	19.5065	
-1.71712	-0	0.0821861	-22.8954	-200.337	-21.8395	
11.3314	0	0.196059	28.7599	195.619	8.35399	
5.39907	0	0.144288	10.5147	205.704	-0.064629	
8.22732	0	0.16897	13.7727	228.408	-0.494841	
3.09652	0	0.124194	87.5963	171.67	4.45404	
14.0655	0	0.219919	-25.5143	224.457	-2.26949	
-3.75896	-0	0.0643673	18.4065	-191.037	2.89552	
-0.0318016	-0	0.0968937	28.7461	-17.6447	-54.6457	
16.2082	0	0.238618	18.5403	216.844	0.196962	
7.35586	0	0.161365	-34.3562	182.673	-2.79443	
6.78292	0	0.156365	-21.5002	218.051	3.86505	
9.82588	0	0.18292	-38.3955	209.895	-5.78561	
7.19159	0	0.159931	-7.24142	184.405	2.89908	
5.67031	0	0.146655	29.0304	188.9	5.24283	
3.4253	0	0.127063	58.1151	166.199	-0.151445	
9.62001	0	0.181124	33.0638	218.105	0.0621661	
7.72891	0	0.16462	22.4094	181.826	-4.1942	
0.0205922	0	0.0973509	29.4876	7.0624	226.253	
-1.64442	-0	0.0828206	-53.9822	-165.686	12.7106	
7.46305	0	0.1623	17.4948	230.489	-7.82528	
0.676472	0	0.103075	143.748	163.354	10.9447	
-1.22252	-0	0.0865025	68.1792	-224.625	-12.5747	
0.103165	0	0.0980715	159.117	48.4196	151.713	
4.86474	0	0.139625	-11.288	204.89	13.7542	
-4.09246	-0	0.0614568	-28.2432	-196.103	2.49282	
8.04538	0	0.167382	-40	178.438	-14.1294	
14.4031	0	0.222866	-10.9624	242.9	-4.14992	
-0.117908	-0	0.0961422	-127.034	-20.5654	108.684	
-0.0537385	-0	0.0967022	-107.138	-2.9805	160.861	
5.02563	0	0.141029	22.6263	206.55	1.75204	
-0.20444	-0	0.0953871	74.2117	17.0092	-40.9519	
19.3191	0	0.265766	-4.01764	209.135	-0.0188361	
14.863	0	0.226879	-19.3181	239.113	-0.273761	
11.0644	0	0.193728	17.0982	210.878	3.27081	
0.113188	0	0.098159	28.7341	-9.05394	4.50832	
-2.55437	-0	0.0748795	-11.6731	-218.923	-8.1239	
12.4083	0	0.205457	17.8676	230.371	-8.3923	
13.6606	0	0.216385	-79.4574	215.619	1.60711	
5.87354	0	0.148429	-25.614	175.418	0.528737	
1.81588	0	0.113018	-34.5367	176.245	-4.69519	
-2.80118	-0	0.0727257	-0.93712	-152.681	-2.8984	
2.47385	0	0.11876	21.2615	166.806	-1.5043	
-6.6137	-0	0.0394543	32.9818	-157.059	-10.8631	
-1.48593	-0	0.0842037	25.8632	-242.43	12.0088	
8.76389	0	0.173652	-0.808143	186.576	8.86678	
7.80764	0	0.165307	11.7447	224.606	10.4248	
-0.938319	-0	0.0889826	-72.6503	-153.622	-7.77727	
2.78613	0	0.121485	-26.0551	162.589	3.8467	
4.79771	0	0.13904	23.9993	177.64	3.2054	
6.46024	0	0.153549	-7.52436	243.989	3.0035	
3.30941	0	0.126052	-31.6251	167.747	-2.55019	
17.7971	0	0.252484	46.5045	223.887	4.05127	
4.23321	0	0.134114	-33.8763	164.867	-8.49405	
5.17544	0	0.142337	-31.7707	201.407	7.2415	
-2.92796	-0	0.0716193	-20.4771	-180.675	1.66299	
-2.27777	-0	0.0772934	-26.5971	-161.326	-2.30525	
12.6127	0	0.207241	7.6341	207.712	8.32307	
14.2839	0	0.221825	-26.9059	271.587	-0.103511	
15.7229	0	0.234383	-51.296	223.35	-3.1531	
6.73467	0	0.155944	-35.33	161.822	-1.00717	
6.71854	0	0.155803	82.3739	203.34	4.63189	
9.37096	0	0.17895	48.3436	219.204	-5.25637	
-2.98643	-0	0.071109	-25.1651	-195.831	-0.155183	
-2.28383	-0	0.0772405	-11.389	-191.68	4.74589	
18.4686	0	0.258344	-11.3912	241.61	-4.01309	
6.60582	0	0.154819	-10.8786	219.214	9.26952	
8.40514	0	0.170522	-31.1662	213.879	4.80663	
0.124827	0	0.0982605	181.764	41.4725	184.387	
-6.37852	-0	0.0415067	-18.8142	-182.687	-5.36119	
1.78948	0	0.112788	7.78171	161.526	-13.0246	
-7.0106	-0	0.0359906	-0.888399	-226.826	-13.3696	
15.0552	0	0.228556	-23.7229	229.15	-3.99856	
1.77767	0	0.112685	-57.7144	155.754	-1.92297	
12.8051	0	0.20892	-23.5528	218.085	6.60377	
-2.81311	-0	0.0726216	10.2798	-226.506	-3.57121	
12.7501	0	0.20844	13.0759	196.324	7.78214	
11.8037	0	0.20018	12.9611	220.191	-4.13635	
-0.134001	-0	0.0960018	32.8284	-55.1662	22.7344	
-0.135158	-0	0.0959917	117.378	-44.8263	-64.5854	
5.87553	0	0.148446	-3.42608	166.018	11.6782	
0.209035	0	0.0989954	64.2151	-2.4339	1.82779	
8.81915	0	0.174135	-16.7133	217.299	-9.62422	
1.47913	0	0.110079	-2.55893	175.186	1.56247	
-2.01755	-0	0.0795643	74.0849	-178.394	-11.0382	
-2.29382	-0	0.0771534	-32.3118	-162.266	-9.7799	
8.69001	0	0.173008	26.2762	232.134	10.1329	
8.28762	0	0.169496	-13.3096	201.309	7.57509	
10.0944	0	0.185264	-32.5963	199.812	-7.92623	
3.7332	0	0.12975	-10.9953	176.225	7.48468	
6.71734	0	0.155793	0.559238	216.856	0.426942	
14.8294	0	0.226585	11.0951	234.417	-6.68324	
4.28803	0	0.134592	30.4873	225.062	11.6786	
0.0587687	0	0.0976841	72.1826	1.3883	105.809	
17.8366	0	0.252829	-31.3251	273.553	5.87142	
7.07392	0	0.158904	19.0166	202.511	-8.65571	
2.53837	0	0.119323	20.069	194.313	-8.42205	
10.6428	0	0.190049	3.03294	186.06	7.54802	
5.6563	0	0.146533	-13.6377	199.312	-11.4129	
8.58242	0	0.172069	-1.63216	238.959	2.14818	
5.96032	0	0.149186	10.5546	201.1	0.95757	
11.5637	0	0.198086	-46.1317	231.084	5.39386	
7.29709	0	0.160852	16.3312	202.427	-22.8267	
-2.95305	-0	0.0714003	19.4437	-222.207	6.56774	
8.48778	0	0.171243	-20.5711	220.899	-2.85213	
0.141592	0	0.0984068	101.048	-22.9575	38.9154	
9.46358	0	0.179759	-51.5075	200.146	-5.29517	
2.59203	0	0.119792	-27.3066	215.828	13.4803	
8.88434	0	0.174704	21.649	203.065	3.54183	
6.10872	0	0.150481	23.3832	179.052	-3.49851	
7.73235	0	0.16465	-48.0676	211.265	1.50509	
7.99215	0	0.166918	-36.2222	167.637	0.578668	
-2.98446	-0	0.0711262	-43.4934	-163.747	-1.2308	
9.56888	0	0.180678	17.9403	201.309	9.20478	
14.4918	0	0.223639	35.5441	239.803	-3.60781	
7.30782	0	0.160946	15.1308	152.585	-0.434634	
3.96991	0	0.131816	-35.6379	211.678	10.2313	
-1.27478	-0	0.0860463	36.2822	-148.878	22.3207	
7.95958	0	0.166633	11.6137	216.387	10.6952	
0.137768	0	0.0983735	-40.3179	-33.0175	-53.212	
9.20444	0	0.177497	29.1078	231.712	5.73705	
8.63595	0	0.172536	-11.4834	198.178	13.814	
0.316566	0	0.0999338	24.3622	32.4593	18.4337	
-1.22212	-0	0.086506	-17.4836	-235.47	14.4797	
9.28934	0	0.178238	22.8473	243.2	-2.24606	
11.5527	0	0.19799	-29.1575	235.313	2.83859	
11.9091	0	0.201101	20.414	218.705	-8.14356	
9.82005	0	0.182869	-17.8374	204.368	-10.5036	
-3.95455	-0	0.0626603	-25.0132	-180.405	-1.16284	
2.35287	0	0.117704	-25.5909	156.491	-16.6705	
-7.39974	-0	0.0325947	4.5943	-221.716	-10.2039	
0.559093	0	0.10205	-130.667	101.12	-24.9852	
6.38954	0	0.152932	41.883	167.267	-0.16209	
16.6591	0	0.242553	30.1842	225.035	-4.98853	
10.0909	0	0.185233	21.2644	219.957	0.28259	
-1.11092	-0	0.0874763	-14.8422	-148.452	8.77121	
-4.45127	-0	0.0583255	10.3776	-153.525	-0.883708	
2.95078	0	0.122922	65.1858	209.989	-1.17567	
1.04456	0	0.106287	-125.831	192.436	-39.9005	
4.95053	0	0.140374	17.3808	150.988	7.95525	
5.54504	0	0.145562	-35.2824	193.755	2.95459	
6.13489	0	0.15071	-15.8639	177.128	5.48484	
11.1632	0	0.194591	23.9719	215.079	-0.317337	
4.63058	0	0.137582	15.9503	175.505	-10.0122	
5.79647	0	0.147756	27.8342	208.386	14.5018	
-1.67374	-0	0.0825647	-34.3967	-241.905	-11.8832	
11.973	0	0.201658	-9.74076	222.162	5.64136	
-3.33771	-0	0.0680435	-6.41691	-163.236	0.80896	
-2.471	-0	0.0756071	-4.54931	-148.445	-13.3834	
-2.21316	-0	0.0778572	12.3329	-236.584	-8.53927	
-3.50654	-0	0.0665701	-2.48014	-193.173	2.42099	
13.9911	0	0.21927	26.795	249.758	-4.44211	
1.029	0	0.106151	115.924	192.501	7.75903	
8.0547	0	0.167463	4.81959	176.227	-7.62595	
3.74964	0	0.129894	-60.7496	146.668	-3.24287	
1.8484	0	0.113302	35.3176	152.815	7.4506	
3.65434	0	0.129062	6.56989	214.861	-11.2358	
2.02233	0	0.11482	-94.1826	170.106	8.74778	
11.1331	0	0.194328	16.2752	250.553	6.82428	
15.395	0	0.231522	-25.1705	229.21	1.58958	
-3.04171	-0	0.0706266	70.5499	-222.801	13.1283	
0.805439	0	0.1042	42.3332	129.16	2.29451	
11.0011	0	0.193176	-2.937	189.157	-2.3454	
1.79302	0	0.112819	-6.88753	201.116	-11.0441	
9.92039	0	0.183745	26.0366	197.168	-4.17603	
-0.127383	-0	0.0960595	3.58822	-78.5361	-28.5942	
-7.04092	-0	0.035726	-37.9126	-206.946	3.99364	
0.476087	0	0.101326	71.9153	63.9326	16.558	
0.368783	0	0.10039	48.2048	182.551	16.7896	
6.53578	0	0.154208	25.1552	182.057	-7.64193	
8.64452	0	0.172611	-14.6496	193.084	2.8122	
-2.53567	-0	0.0750428	24.8141	-166.975	-11.4705	
-1.22595	-0	0.0864725	-23.1564	-200.39	5.55051	
6.05739	0	0.150033	39.3449	154.23	3.43169	
14.9571	0	0.2277	-14.7409	214.727	1.96528	
-0.0851029	-0	0.0964285	173.289	-48.8732	-150.536	
-2.97582	-0	0.0712016	-88.0367	-165.86	9.30776	
9.9203	0	0.183744	-44.8467	216.132	6.57015	
5.97488	0	0.149313	19.1623	201.189	1.31972	
4.49813	0	0.136426	-22.9334	168.712	-4.87339	
7.45847	0	0.16226	-2.33757	219.646	-6.26898	
-2.45312	-0	0.0757631	40.6503	-175.556	-11.7043	
-2.39209	-0	0.0762957	-6.14004	-154.172	4.60655	
-0.415675	-0	0.0935437	50.4149	-205.213	-23.9568	
18.3909	0	0.257666	-1.75251	250.913	-1.28265	
7.92056	0	0.166293	-6.51134	228.814	4.24259	
-3.21284	-0	0.0691332	-4.99533	-156.462	-3.4074	
-4.87817	-0	0.0546001	28.1281	-168.471	0.113203	
3.15719	0	0.124724	-34.8301	158.254	-3.04022	
7.49289	0	0.162561	-43.968	176.439	21.4195	
2.70285	0	0.120759	62.1989	176.471	0.0635889	
9.53128	0	0.180349	7.84376	254.455	2.95952	
12.0362	0	0.20221	36.1885	264.422	10.6824	
-2.94752	-0	0.0714486	10.8617	-219.295	-1.32388	
-5.21111	-0	0.0516945	27.6034	-186.778	-3.8105	
0.271635	0	0.0995417	-52.4101	77.6269	-15.7213	
14.6066	0	0.224641	-3.4978	214.149	3.00308	
9.21451	0	0.177585	-40.2138	226.608	2.47339	
0.0835188	0	0.0979001	81.5324	58.0841	50.9615	
-2.46071	-0	0.0756969	26.5794	-200.126	9.52392	
15.8851	0	0.235799	-1.05872	259.667	0.529295	
6.47523	0	0.15368	-17.2864	184.143	-6.45202	
7.6143	0	0.16362	-37.7745	200.234	8.0484	
-0.825661	-0	0.0899658	-101.07	-145.94	13.7357	
5.98681	0	0.149417	48.3251	204.589	7.36216	
-1.38255	-0	0.0851059	75.3035	-217.679	-5.13464	
-3.12914	-0	0.0698636	0.287195	-193.78	-7.36063	
10.0775	0	0.185116	23.8989	240.212	-1.96342	
-3.10261	-0	0.0700951	9.04991	-208.741	-7.77683	
-0.243416	-0	0.0950469	-59.5366	22.1051	4.01341	
2.47716	0	0.118789	8.64524	171.257	-5.59375	
-5.18221	-0	0.0519468	-43.6086	-193.799	11.8494	
10.9266	0	0.192526	20.0935	186.689	-4.64605	
0.621323	0	0.102593	-98.6128	242.048	-3.26419	
13.9126	0	0.218585	-36.8346	218.368	6.46544	
6.52429	0	0.154108	61.0515	239.867	24.4899	
-5.55343	-0	0.0487071	-3.06263	-204.497	-9.74544	
-1.64099	-0	0.0828505	15.9664	-210.457	-1.17365	
12.9303	0	0.210013	6.23098	241.653	-7.18343	
-0.0875807	-0	0.0964069	86.3403	-47.9131	-118.56	
0.213084	0	0.0990308	-168.897	41.4677	-43.7584	
-1.93066	-0	0.0803226	-24.8497	-135.977	16.0119	
4.14143	0	0.133313	45.18	224.992	8.37275	
-3.7736	-0	0.0642395	-33.8639	-183.163	-10.9081	
4.24389	0	0.134207	13.0066	175.498	-3.94329	
11.8065	0	0.200205	-13.0679	239.659	-2.59744	
11.453	0	0.19712	-4.20077	247.833	-1.75464	
14.0527	0	0.219807	-22.2005	226.719	1.01144	
8.31976	0	0.169777	63.0958	184.875	-2.83619	
2.01709	0	0.114774	50.0908	145.379	-2.50359	
10.9811	0	0.193002	51.4692	228.797	0.229745	
3.53102	0	0.127986	31.8312	214.297	4.38323	
5.56641	0	0.145749	18.3704	167.135	-9.46893	
18.7872	0	0.261124	-5.94604	214.342	-1.25994	
6.47264	0	0.153657	8.30529	210.783	-2.64497	
2.62524	0	0.120081	-25.967	225.299	7.77951	
2.02508	0	0.114844	-6.43582	249.233	11.0654	
-0.108884	-0	0.096221	16.9846	28.0249	-13.8734	
4.61519	0	0.137447	-18.939	170.016	-14.8223	
9.595	0	0.180906	-25.2488	214.269	-1.00162	
4.80733	0	0.139124	45.1792	198.634	-7.99731	
3.95737	0	0.131707	-33.0205	153.704	-7.32148	
3.21455	0	0.125224	27.3939	193.064	-5.13684	
-1.50822	-0	0.0840092	-63.2991	-225.697	-7.72958	
0.291487	0	0.099715	-150.31	80.9363	-62.3223	
-2.07344	-0	0.0790766	-17.5441	-194.858	-6.94865	
0.0723051	0	0.0978022	34.3991	62.2637	30.7954	
-5.05061	-0	0.0530952	18.5349	-218.575	-1.74712	
1.7202	0	0.112183	55.1355	162.595	-3.76929	
4.53293	0	0.136729	19.1252	210.914	5.05759	
8.67946	0	0.172916	3.25464	244.86	2.45389	
11.6962	0	0.199242	20.8604	201.212	-1.59082	
6.91074	0	0.15748	1.9928	186.551	2.28307	
12.0333	0	0.202184	31.2747	228.598	1.51343	
-0.261935	-0	0.0948853	191.567	77.9043	-65.4024	
-3.8108	-0	0.0639148	-6.74553	-175.033	-7.45027	
-2.0176	-0	0.0795638	-13.4472	-169.448	2.72384	
9.61652	0	0.181093	18.684	201.85	3.0216	
10.6419	0	0.190042	-51.8895	235.648	3.29206	
11.1731	0	0.194677	-5.89268	189.66	11.0734	
3.71376	0	0.129581	9.69734	159.044	5.25402	
12.2673	0	0.204226	-6.23081	195.748	5.87635	
-6.67365	-0	0.0389311	11.5077	-182.361	2.59787	
8.79762	0	0.173947	6.28335	172.657	-13.5895	
12.85	0	0.209312	-1.1702	241.702	-0.855449	
15.3293	0	0.230948	-41.6885	244.911	-0.924197	
3.67987	0	0.129285	16.2989	185.748	-4.42791	
7.09886	0	0.159122	-31.8836	211.45	-1.90994	
-2.52854	-0	0.075105	5.0484	-210.427	2.92203	
12.7697	0	0.208611	-4.0889	197.09	2.74524	
8.64478	0	0.172613	17.4746	261.131	2.15416	
13.3176	0	0.213392	46.595	223.391	-4.98504	
4.98754	0	0.140697	8.74462	208.337	8.76521	
7.54745	0	0.163037	-4.75082	166.004	-0.39408	
3.5251	0	0.127934	29.0475	233.37	-3.10481	
8.84051	0	0.174321	28.8671	221.875	-7.82019	
-2.23862	-0	0.0776351	4.90621	-190.923	8.31757	
7.42796	0	0.161994	-1.4544	226.995	-2.45484	
-1.949	-0	0.0801625	41.9561	-180.662	-5.80211	
7.98253	0	0.166834	11.6032	223.464	-11.8063	
7.90155	0	0.166127	9.47497	271.715	-4.82945	
9.72273	0	0.18202	-6.37039	227.981	1.34841	
7.14193	0	0.159498	-14.4525	229.497	1.48871	
8.84893	0	0.174395	36.0833	213.589	0.847018	
14.0818	0	0.220061	8.50309	176.477	-8.52467	
6.2468	0	0.151686	-15.3981	213.191	-4.85791	
2.0254	0	0.114847	-23.788	167.134	4.63217	
-0.129452	-0	0.0960415	-20.4462	-22.3799	51.6534	
5.43533	0	0.144605	-25.7976	197.93	-9.11429	
2.41077	0	0.11821	-17.2634	156.459	-22.4211	
-1.5496	-0	0.083648	79.5578	-45.1827	6.49543	
15.0857	0	0.228822	-5.60853	220.297	-2.04833	
4.01969	0	0.13225	-5.75666	188.729	4.54318	
1.61587	0	0.111273	24.2262	220.638	-5.52535	
-1.89904	-0	0.0805985	32.2335	-236.297	-21.261	
4.10483	0	0.132994	19.2414	189.792	-9.54799	
9.90903	0	0.183646	56.8818	198.797	14.4343	
-3.63049	-0	0.0654884	-13.9545	-176.049	-1.72644	
11.4362	0	0.196974	-14.3772	193.557	6.4365	
6.89188	0	0.157316	-46.0545	167.846	-17.1055	
16.452	0	0.240745	7.69909	236.307	-3.28057	
2.82682	0	0.121841	22.1295	208.402	-0.512677	
-2.00205	-0	0.0796996	-11.3585	-159.288	-4.81453	
13.7604	0	0.217257	20.008	236.211	2.65177	
20.2453	0	0.273849	24.7031	254.72	-5.14926	
5.95969	0	0.149181	-3.36154	167.665	-10.9076	
12.7071	0	0.208064	9.69033	225.708	-0.527924	
6.49359	0	0.15384	35.0418	229.955	9.07777	
6.03953	0	0.149877	5.57489	176.97	-2.87251	
10.0986	0	0.1853	-19.7226	202.781	-4.47269	
9.67523	0	0.181606	30.6987	197.823	12.2492	
7.84813	0	0.165661	-9.40751	192.13	-3.86063	
16.4334	0	0.240584	-4.25678	218.743	0.445576	
10.1241	0	0.185522	-3.47614	182.575	-0.161032	
-0.390516	-0	0.0937632	-31.8722	-190.147	3.47636	
2.63862	0	0.120198	24.5558	174.423	-3.95296	
0.302426	0	0.0998104	162.557	-42.3256	29.5551	
7.60479	0	0.163537	3.47731	201.765	4.93193	
3.61632	0	0.12873	-36.701	190.431	6.62372	
3.85897	0	0.130848	-49.9826	186.874	0.332295	
-1.48706	-0	0.0841938	70.6746	-158.638	3.37964	
16.0851	0	0.237544	1.22819	156.377	4.01456	
1.4824	0	0.110108	48.8946	155.304	-6.7273	
0.610775	0	0.102501	43.9604	193.324	12.9952	
-2.96752	-0	0.071274	-32.9175	-200.688	-4.44898	
-2.98841	-0	0.0710917	-48.9682	-205.827	-13.8969	
4.16937	0	0.133557	-21.7301	152.354	6.5872	
0.690482	0	0.103197	-56.6202	95.2939	-10.8453	
0.178153	0	0.0987259	78.5147	56.9742	62.8234	
13.7003	0	0.216732	-17.8232	249.609	-5.82389	
10.0347	0	0.184742	-9.27568	205.376	4.15621	
-1.41855	-0	0.0847917	-43.9127	-254.163	8.11777	
13.7952	0	0.21756	58.4076	213.226	4.98549	
0.0505188	0	0.0976121	22.8242	47	0.289081	
6.896	0	0.157352	-17.5642	185.259	-0.483128	
-3.67887	-0	0.0650662	-1.55082	-158.006	-13.5113	
-1.7461	-0	0.0819332	7.07238	-217.73	18.311	
3.79674	0	0.130305	19.1397	187.465	-16.8074	
6.64114	0	0.155128	-14.7304	188.945	3.11425	
-1.18494	-0	0.0868304	100.032	-137.191	-18.7721	
11.3914	0	0.196582	-7.27395	202.612	-7.41143	
4.14111	0	0.13331	41.329	150.461	-1.29378	
6.80179	0	0.156529	-10.2264	172.175	-10.4113	
-2.11806	-0	0.0786872	67.1159	-250.17	-10.9208	
-2.73661	-0	0.0732892	73.6566	-172.637	-1.71162	
10.2442	0	0.186571	-32.101	230.579	11.0689	
-3.95525	-0	0.0626543	7.96537	-201.709	7.93871	
16.2503	0	0.238985	9.27828	196.329	10.2245	
1.70571	0	0.112057	-56.8356	155.516	-6.8781	
3.79749	0	0.130311	-26.7629	191.286	-8.74274	
7.07117	0	0.15888	-25.3203	192.505	4.31276	
-3.25814	-0	0.0687379	13.5183	-179.564	-1.49059	
1.3041	0	0.108552	102.436	175.364	37.6516	
3.62106	0	0.128772	-25.0332	205.363	2.17372	
1.39497	0	0.109345	13.2141	214.697	22.4757	
0.0528847	0	0.0976327	57.2641	-9.23193	40.4761	
2.88877	0	0.122381	-17.3811	247.816	0.953678	
9.40825	0	0.179276	-57.5025	186.841	-2.43091	
2.97532	0	0.123136	-28.0309	191.429	11.7939	
6.70525	0	0.155687	10.7378	204.099	1.01725	
3.09563	0	0.124186	4.35595	142.652	-6.77786	
10.8955	0	0.192254	10.7984	216.608	-1.79945	
8.37268	0	0.170238	-15.2488	216.444	-18.4546	
-1.02669	-0	0.0882114	-16.1523	-208.879	21.4777	
1.83994	0	0.113228	29.1258	200.368	11.0137	
11.1741	0	0.194686	43.7136	219.936	0.655231	
21.6514	0	0.28612	-17.8583	219.222	-1.06639	
11.5554	0	0.198014	7.16929	195.146	-8.47076	
2.01942	0	0.114794	-33.6369	181.844	7.60677	
-2.169	-0	0.0782427	62.9438	-243.755	6.09659	
13.2123	0	0.212473	-24.2471	252.555	3.81044	
13.2787	0	0.213052	15.0082	241.307	2.54627	
-2.77249	-0	0.0729761	-58.873	-187.039	-0.909415	
-1.35333	-0	0.0853609	-36.6342	-166.139	2.09957	
-1.51846	-0	0.0839198	31.3165	-142.918	-3.31181	
3.80026	0	0.130336	51.2505	186.233	-4.05864	
0.258754	0	0.0994293	-10.1875	41.7918	-4.64665	
6.05521	0	0.150014	23.3785	197.078	7.51039	
7.9684	0	0.16671	5.72076	204.121	5.35939	
7.51121	0	0.162721	-19.5278	175.087	-0.487995	
14.1658	0	0.220794	-16.4063	204.083	1.95831	
9.56793	0	0.180669	-30.7517	233.377	0.0713243	
-0.480996	-0	0.0929736	-124.868	-145.542	30.7258	
-2.5953	-0	0.0745223	57.6713	-164.442	2.7656	
7.91472	0	0.166242	25.6558	217.402	-3.22055	
-1.84066	-0	0.081108	118.48	-170.091	-4.50394	
7.12829	0	0.159379	-8.85691	207.649	-6.25131	
-2.44343	-0	0.0758477	14.5628	-178.171	9.81944	
-1.0121	-0	0.0883387	-52.8107	-227.268	7.55761	
3.6684	0	0.129185	-73.9958	183.676	-7.09374	
2.55772	0	0.119492	12.0411	212.887	3.20867	
8.83541	0	0.174277	8.83515	203.289	-1.73422	
4.64806	0	0.137734	38.6886	154.074	8.10146	
7.22628	0	0.160234	13.7713	193.26	4.06152	
-2.02477	-0	0.0795013	-29.1873	-214.973	-0.846989	
0.565112	0	0.102103	-18.2357	49.26	-3.70138	
-3.74588	-0	0.0644814	11.256	-183.372	1.46731	
-2.33142	-0	0.0768252	-15.3484	-190.77	-2.9406	
5.59429	0	0.145992	6.70399	210.415	13.7206	
0.833007	0	0.104441	-24.2374	194.645	-1.38497	
0.0373669	0	0.0974973	3.4782	-26.9882	-70.0931	
9.99723	0	0.184416	-25.3307	178.159	-2.86304	
0.0399618	0	0.0975199	-54.6932	17.4934	-136.091	
8.67226	0	0.172853	-45.5823	196.844	9.17052	
3.51138	0	0.127815	52.8644	198.275	0.806931	
9.31583	0	0.178469	36.9242	198.003	4.33426	
-2.76053	-0	0.0730804	-0.66258	-167.596	-11.924	
7.75697	0	0.164865	-39.0539	186.007	6.11047	
-1.36673	-0	0.085244	-1.42108	-191.115	-6.00148	
4.83433	0	0.13936	17.0243	213.289	-14.3285	
1.13518	0	0.107078	-24.0816	226.839	-6.14293	
-2.76594	-0	0.0730332	8.19092	-206.106	7.04727	
16.3758	0	0.240081	0.684693	211.578	-3.04017	
2.54262	0	0.11936	-23.0894	183.157	-5.20947	
6.23213	0	0.151558	-25.1275	179.023	-0.345794	
0.964056	0	0.105584	-101.532	236.426	0.50255	
1.95646	0	0.114245	-20.9988	214.93	-8.16113	
5.33989	0	0.143772	6.53228	198.56	-2.73733	
7.12718	0	0.159369	-32.7717	214.536	15.9645	
7.85075	0	0.165684	-26.0794	205.976	-5.13874	
9.5374	0	0.180403	52.0487	247.373	-3.8286	
8.96951	0	0.175447	-51.1708	191.139	-4.98977	
0.947076	0	0.105436	6.47176	162.572	-9.04641	
11.4024	0	0.196678	-2.40083	219.893	4.4967	
-2.83705	-0	0.0724126	28.3705	-197.457	-1.17137	
-1.83901	-0	0.0811224	-29.2535	-216.949	-3.54684	
11.7395	0	0.19962	19.2645	235.442	-7.15257	
1.66056	0	0.111663	20.675	209.497	-9.05415	
1.80677	0	0.112939	-24.3255	234.192	-8.66697	
15.8307	0	0.235324	69.0036	218.011	9.91812	
-2.3337	-0	0.0768053	61.5668	-168.572	-0.342841	
3.0582	0	0.12386	53.6758	185.206	-11.236	
8.53821	0	0.171683	29.5536	215.013	2.01998	
-1.00352	-0	0.0884136	13.898	-196.473	-0.309763	
4.75045	0	0.138628	36.7328	214.698	-5.48077	
10.5992	0	0.189669	19.9624	234.115	-3.53024	
-2.67316	-0	0.0738429	-0.0826134	-189.377	3.01988	
5.20304	0	0.142577	-50.0531	188.649	-9.71686	
-5.87866	-0	0.0458689	36.3909	-150.925	-6.75715	
12.2971	0	0.204486	-26.6143	225.642	-3.98366	
5.65426	0	0.146515	11.5781	191.881	-1.54773	
3.64492	0	0.12898	38.1623	193.468	-8.29257	
6.52866	0	0.154146	36.2419	207.439	6.11762	
0.923197	0	0.105228	-6.78043	181.149	-2.21679	
8.2281	0	0.168977	6.30903	224.308	-13.1616	
13.3868	0	0.213996	27.3774	223.938	-0.132454	
6.19261	0	0.151213	-18.2864	158.623	0.885359	
6.95814	0	0.157894	10.0699	221.782	-3.82795	
8.01331	0	0.167102	-14.7671	183.392	-8.47072	
-1.54637	-0	0.0836763	19.0587	-253.174	-0.106657	
8.4083	0	0.170549	-22.5345	208.103	-3.92932	
2.90424	0	0.122516	-0.181273	153.293	0.036791	
10.4225	0	0.188127	-13.1794	209.643	-4.82935	
8.72591	0	0.173321	69.1435	236.052	-0.130827	
2.53692	0	0.119311	47.6661	161.047	-6.22245	
6.00785	0	0.149601	-18.6318	208.658	-10.2178	
7.67147	0	0.164119	-28.6984	184.617	1.91924	
2.07703	0	0.115297	28.2803	230.207	5.33813	
11.5213	0	0.197716	-37.5607	236.698	2.96327	
4.34447	0	0.135085	-40.7171	208.02	-18.4305	
10.9418	0	0.192659	-44.1736	198.675	2.31152	
4.58273	0	0.137164	-7.02416	190.627	3.13633	
15.5044	0	0.232476	-13.0428	199.174	-5.59331	
-1.65629	-0	0.082717	-39.4461	-203.06	-15.148	
11.4234	0	0.196861	-40.1131	201.291	3.45002	
2.12282	0	0.115697	83.338	156.385	-11.4342	
10.449	0	0.188358	45.2434	211.911	-8.70506	
-0.118211	-0	0.0961396	31.0534	35.114	1.63817	
15.6794	0	0.234004	-18.1433	223.535	-7.85608	
0.0301777	0	0.0974346	-39.1594	48.2507	-147.558	
11.4844	0	0.197394	-33.7553	228.52	-6.0689	
3.21952	0	0.125268	-42.9402	186.501	-13.8478	
11.574	0	0.198176	-25.6801	246.597	-6.87586	
5.75896	0	0.147429	-3.08007	201.374	6.40321	
-0.92995	-0	0.0890556	-47.4101	-116.738	9.95945	
9.16352	0	0.17714	28.6352	226.917	-5.53959	
1.62652	0	0.111366	-13.4224	234.647	-6.09012	
0.104499	0	0.0980831	28.2242	16.2046	15.7849	
6.99711	0	0.158234	14.6603	170.585	-2.22734	
8.27407	0	0.169378	-15.012	225.499	-4.54513	
13.8379	0	0.217933	30.6459	244.591	-1.38669	
7.75819	0	0.164876	-11.0367	200.135	-3.31183	
9.59144	0	0.180874	-21.9769	216.447	0.307362	
11.3705	0	0.1964	4.83448	250.638	-0.513091	
6.70881	0	0.155718	-18.1295	241.468	0.521395	
-3.74249	-0	0.064511	-9.92795	-216.575	6.83879	
-4.96387	-0	0.0538522	-20.6956	-208.438	-7.27735	
-0.384759	-0	0.0938135	157.646	-72.1892	-37.3824	
14.3176	0	0.222119	-20.9354	259.856	1.15523	
17.0295	0	0.245785	5.2591	204.359	1.70132	
0.14446	0	0.0984319	7.14845	23.6538	-38.2394	
4.05454	0	0.132555	37.6799	231.895	-6.13638	
2.53835	0	0.119323	6.06026	206.89	2.40105	
-3.12099	-0	0.0699348	2.96155	-152.143	-8.59597	
3.9415	0	0.131568	9.99988	128.236	7.01636	
9.61366	0	0.181068	-1.90365	187.087	3.24505	
6.45342	0	0.153489	38.8728	177.916	3.55881	
2.70869	0	0.12081	55.3874	198.077	-0.450066	
4.34737	0	0.13511	-29.7964	193.547	-11.1122	
30.2173	0	0.360874	-9.633	239.568	-2.68932	
5.96842	0	0.149257	-20.5284	218.214	5.37449	
-0.183612	-0	0.0955688	-127.229	28.347	75.5151	
1.86716	0	0.113466	84.0523	193.14	29.741	
19.7919	0	0.269893	7.20825	256.321	-9.01605	
-4.85704	-0	0.0547845	1.36423	-164.941	1.7886	
0.327682	0	0.100031	-32.1571	-25.6575	-23.9104	
5.13211	0	0.141958	-0.335985	204.988	-2.71184	
10.0389	0	0.184779	22.4184	204.471	-0.90067	
11.664	0	0.198962	-11.3335	205.672	-0.621508	
4.73963	0	0.138533	-6.16187	210.773	-9.59116	
0.175823	0	0.0987056	-13.5584	7.44956	17.4107	
0.915175	0	0.105158	23.9645	182.869	-15.8191	
12.4273	0	0.205623	3.8455	248.746	7.80364	
6.55039	0	0.154336	15.4993	203.537	9.97831	
5.57904	0	0.145859	6.39206	164.764	13.0336	
3.0666	0	0.123933	-60.9167	175.769	-6.81325	
5.00622	0	0.14086	-26.5734	190.463	-8.23056	
6.98532	0	0.158131	-41.1963	179.904	-1.53741	
-4.60859	-0	0.0569526	-10.1931	-188.545	-1.07191	
6.39194	0	0.152953	-11.8353	206.152	1.52123	
5.25562	0	0.143036	30.0772	191.369	-3.5064	
9.13245	0	0.176869	4.699	211.811	-3.55954	
11.9907	0	0.201812	1.28865	224.418	4.43301	
5.20247	0	0.142572	10.656	199.994	-6.85117	
9.46502	0	0.179771	13.2435	230.634	9.65116	
7.76135	0	0.164903	34.7247	217.873	5.27214	
1.37183	0	0.109143	90.8589	219.774	10.3492	
8.77467	0	0.173747	45.887	225.121	-1.36769	
16.4527	0	0.240752	-20.9725	248.753	-7.31787	
-3.86483	-0	0.0634433	10.8736	-165.138	-5.54838	
0.661752	0	0.102946	-114.537	127.821	1.00529	
5.70247	0	0.146936	-9.76323	197.872	-10.478	
-1.86322	-0	0.0809112	39.472	-239.759	-4.81007	
4.86349	0	0.139614	30.54	232.319	-2.72918	
3.75965	0	0.129981	-2.48094	172.374	-9.24011	
0.283762	0	0.0996475	-117.234	69.3738	-27.7201	
8.00005	0	0.166987	-6.76306	217.06	7.24366	
1.80046	0	0.112884	-14.7449	218.308	-20.1459	
-0.63037	-0	0.09167	84.8993	-182.28	-1.00396	
0.0332993	0	0.0974618	-18.4911	45.5122	-32.39	
8.85216	0	0.174423	38.75	172.01	7.6058	
-4.69741	-0	0.0561775	-40.4369	-160.424	-3.30117	
9.01825	0	0.175872	-25.3108	201.763	8.1906	
2.44391	0	0.118499	-56.0037	216.54	0.0517274	
12.6429	0	0.207504	-10.538	255.426	7.25552	
7.15482	0	0.15961	9.51198	221.202	-8.87324	
2.16619	0	0.116075	-44.6096	205.337	-10.6385	
10.376	0	0.187721	35.0528	233.68	-6.45268	
7.47831	0	0.162433	0.0613317	201.91	2.55374	
15.7824	0	0.234902	-13.4482	230.035	7.87692	
-3.07944	-0	0.0702973	-6.01835	-174.79	2.75845	
1.65451	0	0.11161	80.0973	203.86	4.65355	
-1.01753	-0	0.0882914	14.9751	-123.113	-6.97579	
-1.5738	-0	0.0834368	32.3698	-196.877	13.1276	
-5.26664	-0	0.05121	23.6988	-183.712	-8.58066	
12.5339	0	0.206552	26.8932	198.883	4.31368	
4.21687	0	0.133971	-70.7326	190.321	-6.86475	
9.54134	0	0.180437	11.3413	205.299	7.98497	
7.11798	0	0.159289	-17.3986	202.167	-6.82764	
12.7448	0	0.208393	1.79778	221.519	5.75848	
-0.142829	-0	0.0959247	141.426	-68.3941	-102.124	
0.115338	0	0.0981777	-69.9628	3.46097	-23.407	
14.3537	0	0.222434	-32.4182	253.233	-1.49458	
0.769243	0	0.103884	-30.8969	124.414	0.515154	
6.68705	0	0.155528	41.2386	172.405	-0.346256	
-3.3154	-0	0.0682381	-90.183	-166.867	-8.7739	
1.3287	0	0.108767	-3.90211	186.284	19.8254	
14.7697	0	0.226064	18.2085	218.119	-1.03381	
-2.50972	-0	0.0752692	-2.62808	-204.184	-2.79528	
15.8559	0	0.235544	4.73753	244.313	-0.589462	
8.74893	0	0.173522	-30.9812	197.557	-4.87589	
7.19988	0	0.160004	53.9614	185.66	-3.98922	
5.68533	0	0.146786	63.2343	224.491	12.0638	
10.8083	0	0.191494	14.8182	248.466	13.175	
9.03989	0	0.176061	13.3731	256.476	0.31048	
1.77362	0	0.112649	27.9977	201.791	8.99318	
15.8638	0	0.235613	-7.78491	221.221	1.78362	
6.77208	0	0.15627	-54.2796	191.224	2.22644	
18.1635	0	0.255682	12.6703	236.955	-4.88842	
10.7836	0	0.191279	6.11978	201.345	4.78118	
9.85145	0	0.183143	14.6529	216.339	0.833698	
-3.34737	-0	0.0679592	0.0262346	-171.688	-4.21262	
2.51232	0	0.119096	25.2641	144.281	-20.4033	
6.49256	0	0.153831	-18.1307	217.913	-2.47777	
5.19715	0	0.142526	68.1351	214.821	5.94754	
13.8778	0	0.218281	-0.441873	218.603	-1.95125	
15.7155	0	0.234319	-17.5341	213.276	-3.00761	
1.1504	0	0.107211	20.2992	169.68	23.9139	
0.980681	0	0.105729	15.8715	193.285	7.99262	
-0.110727	-0	0.0962049	-181.384	-25.2768	170.975	
-4.27799	-0	0.0598378	17.6246	-172.731	-4.79069	
3.31851	0	0.126131	-23.1203	187.073	2.51792	
-0.23685	-0	0.0951042	-47.9364	-175.428	13.394	
-1.90838	-0	0.080517	-40.2497	-186.387	6.37121	
11.716	0	0.199415	4.04501	212.465	2.98496	
-1.26166	-0	0.0861609	1.87395	-216.566	-6.82475	
3.33922	0	0.126312	-75.9495	155.122	-7.43124	
-4.75808	-0	0.0556481	2.82825	-207.717	-0.238444	
11.0907	0	0.193958	-4.34714	207.069	10.2042	
13.3234	0	0.213442	9.25973	246.44	-5.73512	
10.6775	0	0.190353	-8.65425	234.43	-1.45679	
10.4615	0	0.188467	-4.97642	228.07	-5.00879	
3.75132	0	0.129908	91.6735	203.508	-0.527499	
1.86499	0	0.113447	8.91612	229.177	-5.58146	
13.4958	0	0.214947	-20.348	271.175	-1.9919	
-2.99675	-0	0.0710189	-15.5103	-172.119	12.1522	
-0.219383	-0	0.0952567	-177.965	-98.5104	56.1151	
-4.44905	-0	0.0583449	30.9348	-207.982	6.9206	
-1.04648	-0	0.0880387	-36.2516	-237.028	-12.0083	
1.41226	0	0.109496	29.8681	218.467	13.1301	
-2.59866	-0	0.074493	-30.9166	-203.864	12.3875	
6.50953	0	0.153979	-16.1683	171.747	0.111576	
3.65346	0	0.129054	1.28784	199.411	-5.67152	
11.6893	0	0.199182	13.5394	244.425	-1.1866	
11.8797	0	0.200843	10.1957	206.773	1.51795	
6.72192	0	0.155833	10.6421	210.264	-0.973373	
8.34489	0	0.169996	-15.5616	197.714	-8.44824	
-2.29704	-0	0.0771253	-0.857152	-234.679	8.90162	
7.60243	0	0.163517	-47.2005	203.312	2.36929	
-3.40506	-0	0.0674557	39.4178	-185.377	1.34173	
9.64507	0	0.181342	14.7241	219.311	1.04794	
6.8898	0	0.157298	-3.47175	208.484	9.7869	
3.73807	0	0.129793	33.8008	172.249	6.7554	
13.0725	0	0.211253	10.0352	248.82	-6.19023	
3.85773	0	0.130837	-42.4023	182.785	3.97107	
8.03455	0	0.167288	-55.5751	193.229	-8.86779	
-5.30728	-0	0.0508553	55.1992	-181.407	-6.12772	
-0.559119	-0	0.0922918	-97.5209	-128.265	14.1642	
-5.55283	-0	0.0487124	-68.7603	-164.596	2.94745	
-2.12324	-0	0.078642	5.89733	-182.557	5.96336	
9.57097	0	0.180696	-33.1875	186.59	-5.52231	
5.24909	0	0.142979	-30.8868	168.583	-13.5179	
-3.05379	-0	0.0705211	-12.3015	-161.208	-3.10845	
0.705641	0	0.103329	-10.7344	206.069	-13.5803	
-1.97716	-0	0.0799168	-42.138	-159.773	7.50766	
-5.33917	-0	0.050577	48.443	-221.514	-5.13988	
1.12652	0	0.107002	-36.4005	251.705	-28.246	
1.90788	0	0.113821	12.3587	188.338	-7.67907	
-0.783892	-0	0.0903303	27.5015	-200.71	-17.6988	
0.428981	0	0.100915	56.2006	129.87	7.76955	
-0.00897621	-0	0.0970929	32.4117	-2.03438	-146.825	
19.0356	0	0.263292	10.05	237.195	0.775036	
8.85641	0	0.17446	32.8705	184.017	-1.55954	
5.64636	0	0.146446	-21.9652	193.076	1.30268	
-2.47583	-0	0.075565	42.5329	-233.046	5.44814	
5.45443	0	0.144771	-30.0764	238.955	-11.9585	
3.34614	0	0.126373	25.5578	179.192	4.51362	
0.164484	0	0.0986066	10.7386	55.2903	13.1707	
15.0621	0	0.228616	-15.3419	217.073	11.6844	
1.0535	0	0.106365	-24.7992	234.597	1.70505	
11.9434	0	0.2014	34.1583	203.887	-1.56145	
13.3269	0	0.213473	-20.1181	222.735	6.64163	
5.25538	0	0.143034	-9.65771	148.764	-7.50658	
-2.91481	-0	0.071734	-69.0991	-163.561	-18.0834	
-1.02396	-0	0.0882353	40.0653	-235.558	2.47315	
15.4343	0	0.231865	27.5801	221.704	2.5998	
0.92931	0	0.105281	-74.3478	217.659	-8.01536	
9.83653	0	0.183013	21.1813	204.854	-0.0313508	
8.64776	0	0.172639	-10.453	208.061	1.93918	
8.07434	0	0.167635	7.62351	216.213	-0.687864	
9.89757	0	0.183546	-3.88778	224.661	-0.0362142	
7.94951	0	0.166545	-28.476	200.169	-0.477059	
5.02204	0	0.140998	24.9299	217.386	-3.37026	
0.267811	0	0.0995083	-206.064	50.7889	-85.4541	
4.43617	0	0.135885	12.6816	209.897	5.95621	
-1.48954	-0	0.0841722	7.99289	-245.936	-4.42846	
2.36237	0	0.117787	-42.0727	176.772	3.50329	
-3.51246	-0	0.0665184	8.89579	-180.523	8.71875	
-2.04838	-0	0.0792952	-101.232	-197.7	-2.67796	
14.5036	0	0.223742	-6.48416	211.872	1.499	
-1.41957	-0	0.0847828	-52.3093	-140.823	2.51609	
4.93195	0	0.140212	-23.6603	195.431	-6.72135	
5.34331	0	0.143802	-43.674	197.405	8.63445	
5.3538	0	0.143893	21.2855	176.363	1.0725	
-1.4865	-0	0.0841987	-60.1757	-237.097	-3.65185	
10.0864	0	0.185194	-53.6689	226.032	-5.12541	
11.6852	0	0.199147	9.08954	174.262	2.48985	
3.50474	0	0.127757	-4.82667	165.735	-16.388	
-5.79646	-0	0.0465862	-24.3861	-165.556	0.680198	
12.8273	0	0.209113	-27.1337	236.695	-6.88049	
16.325	0	0.239637	5.20237	232.452	3.13158	
-2.90107	-0	0.071854	16.8786	-184.071	-2.94088	
1.76999	0	0.112618	80.6619	167.978	2.95558	
5.87047	0	0.148402	14.5208	134.08	9.97239	
4.87537	0	0.139718	-18.6104	164.997	-2.69959	
1.90858	0	0.113827	33.7071	180.898	1.37796	
11.0132	0	0.193282	-4.05246	172.703	-4.73306	
11.3738	0	0.196429	0.412388	193.959	-3.52704	
1.75937	0	0.112525	-25.3809	239.258	-8.61428	
11.009	0	0.193245	-16.0756	214.479	-2.93581	
4.50489	0	0.136485	-26.6221	230.818	10.5466	
8.13984	0	0.168207	10.0117	227.387	-12.513	
5.1152	0	0.141811	2.25998	193.348	-2.41848	
9.84627	0	0.183098	8.9955	222.661	-4.65753	
4.15686	0	0.133448	58.9428	218.426	-1.70344	
9.66421	0	0.181509	-15.7846	222.322	4.09392	
-0.659198	-0	0.0914185	14.8423	-202.795	-2.0528	
6.28974	0	0.152061	16.7994	211.721	-7.60496	
3.06449	0	0.123915	87.6955	180.909	-6.89263	
10.2854	0	0.186931	6.26345	179.293	0.827411	
-4.64646	-0	0.0566221	-73.5704	-193.158	10.5665	
0.268314	0	0.0995127	-38.6237	129.611	-15.9491	
11.2645	0	0.195475	16.3729	198.706	13.9774	
7.45987	0	0.162273	84.6073	245.437	5.0116	
1.62556	0	0.111357	-3.77881	158.501	-0.242231	
18.172	0	0.255756	11.6335	236.534	13.6689	
11.8979	0	0.201002	25.5557	240.562	-2.22668	
2.3657	0	0.117816	25.5778	188.105	-14.7779	
0.219654	0	0.0990881	176.066	29.506	107.661	
-2.49709	-0	0.0753794	17.4611	-176.487	-4.38013	
7.72196	0	0.16456	18.1926	195.302	-9.04945	
10.1956	0	0.186147	-13.2301	231.175	6.94442	
-2.50588	-0	0.0753027	17.0879	-211.282	2.53867	
12.2318	0	0.203916	-6.83053	253.04	-4.23729	
0.211599	0	0.0990178	52.5614	-5.53504	49.9705	
1.06314	0	0.106449	-66.8476	229.101	-6.05848	
10.2452	0	0.186579	18.5593	192.274	8.26805	
-5.09156	-0	0.0527379	1.67853	-185.128	-0.864417	
-4.68344	-0	0.0562994	-2.47379	-185.848	-5.46243	
6.981	0	0.158093	22.598	194.249	6.87791	
0.108422	0	0.0981174	-103.229	38.1811	-132.529	
2.25294	0	0.116832	25.0123	194.74	4.04796	
19.7004	0	0.269094	-5.59095	234.639	-5.17644	
-1.6503	-0	0.0827693	33.7154	-186.366	-9.16882	
-2.18438	-0	0.0781084	5.60871	-191.622	-23.4626	
2.3548	0	0.117721	19.501	222.626	4.15752	
5.69665	0	0.146885	11.6515	166.018	6.73328	
6.38522	0	0.152894	-3.01951	193.95	9.46402	
3.82521	0	0.130553	-10.9567	226.071	14.1319	
3.10665	0	0.124283	-23.9554	205.503	12.2277	
0.928874	0	0.105277	99.0584	240.857	36.3392	
-2.65063	-0	0.0740395	-11.6957	-231.795	6.29959	
0.903753	0	0.105058	54.2276	200.608	6.91813	
7.2615	0	0.160541	-29.8803	209.002	-0.415189	
-5.71433	-0	0.047303	-18.8378	-217.067	0.646285	
6.62023	0	0.154945	-7.6764	181.044	7.00409	
10.9796	0	0.192989	-45.3684	229.242	-5.61857	
4.99601	0	0.140771	28.63	159.468	-10.9736	
5.22046	0	0.142729	24.8666	213.163	-4.10151	
8.66509	0	0.17279	-24.5322	212.642	8.1876	
2.45264	0	0.118575	-35.7395	196.402	6.41178	
2.84711	0	0.122018	-43.4025	188.88	7.23846	
3.80656	0	0.130391	15.7915	172.756	-6.89754	
-2.87381	-0	0.0720919	17.2006	-197.139	2.79238	
0.297203	0	0.0997648	20.0691	-22.0479	-16.7976	
8.21257	0	0.168841	-4.20326	189.768	1.22433	
6.98803	0	0.158155	2.76965	171.812	3.49529	
8.3386	0	0.169941	-6.36811	207.173	-4.29651	
1.70657	0	0.112064	-3.10042	181.716	-2.23314	
-0.386732	-0	0.0937962	-31.9033	-132.879	9.35443	
15.36	0	0.231216	9.41208	252.687	2.55217	
6.2716	0	0.151903	-1.44263	246.716	5.15333	
12.5318	0	0.206535	20.3261	214.017	7.98881	
13.9552	0	0.218956	-65.7088	238.824	-5.71362	
8.33966	0	0.16995	38.2673	167.296	5.21468	
13.7078	0	0.216797	41.8607	214.336	7.89982	
4.65646	0	0.137808	26.4101	197.246	-5.36602	
12.1405	0	0.203119	12.1783	220.075	3.12327	
7.57839	0	0.163307	-40.6224	220.653	-0.387575	
-1.16498	-0	0.0870046	-80.099	-177.551	-16.2762	
7.42681	0	0.161984	-25.1246	197.897	6.219	
13.5553	0	0.215467	2.39312	205.698	1.34518	
5.91308	0	0.148774	8.17541	239.737	-0.570788	
-4.50498	-0	0.0578568	-10.1274	-181.108	4.24632	
8.65688	0	0.172719	-12.2945	185.865	23.0055	
-5.62935	-0	0.0480446	0.616286	-183.993	5.84832	
4.57565	0	0.137102	-2.3221	175.674	-1.12718	
9.97273	0	0.184202	-45.0979	179.457	1.23209	
4.71872	0	0.138351	1.98756	188.852	-9.59567	
7.3276	0	0.161118	1.05607	210.71	-1.97222	
14.7696	0	0.226063	25.3344	223.7	5.60236	
0.134642	0	0.0983462	56.3427	-1.32588	31.8241	
-2.56424	-0	0.0747934	-29.6718	-220.119	1.27014	
11.8376	0	0.200477	18.1354	206.977	-2.51214	
11.3408	0	0.196141	-32.3094	223.235	5.4046	
0.801731	0	0.104168	32.7452	173.015	18.4855	
7.57788	0	0.163302	-28.3509	272.569	-6.07052	
9.74886	0	0.182248	-35.7515	234.711	-3.75923	
7.58208	0	0.163339	-32.0983	177.373	2.57726	
3.16815	0	0.124819	63.5675	201.504	4.40092	
7.03007	0	0.158522	-26.7383	189.857	-14.052	
7.4177	0	0.161904	-0.371841	227.631	-5.02662	
-2.22366	-0	0.0777656	30.7699	-185.691	9.00406	
1.22735	0	0.107882	85.3748	167.439	8.20855	
11.2682	0	0.195507	7.86126	205.149	-0.346878	
11.2577	0	0.195415	50.1571	256.603	-0.684067	
-0.721461	-0	0.0908751	-43.7736	-230.481	-16.9182	
-1.5892	-0	0.0833024	-66.8166	-153.299	-10.0744	
2.95963	0	0.123	74.2591	191.155	5.09476	
-3.18773	-0	0.0693523	-20.7922	-167.695	2.07258	
7.58734	0	0.163385	26.9775	233.104	10.993	
6.03934	0	0.149876	-60.8178	183.95	-4.45751	
2.36797	0	0.117836	-5.34995	194.053	-4.00693	
12.3958	0	0.205348	2.36656	240.694	8.68694	
5.49212	0	0.1451	-1.74782	226.853	1.02748	
9.96938	0	0.184173	1.57682	240.625	-2.74305	
-2.5214	-0	0.0751672	-7.59034	-180.294	-2.71355	
3.94648	0	0.131612	22.9359	190.376	-1.31629	
-0.078297	-0	0.0964879	101.555	-6.26148	-78.995	
1.18603	0	0.107522	-14.0443	151.758	-10.4544	
-6.44685	-0	0.0409104	-1.43037	-161.729	8.2144	
-0.313966	-0	0.0944313	87.7504	-79.9303	-17.3426	
4.97035	0	0.140547	25.3662	183.669	8.67808	
3.57508	0	0.12837	-25.1643	216.223	4.07894	
8.12834	0	0.168106	16.811	222.887	-4.67856	
7.74785	0	0.164786	49.1125	185.568	6.00858	
1.38121	0	0.109225	21.2833	223.36	10.3629	
15.6655	0	0.233882	47.258	241.236	-7.58058	
12.673	0	0.207767	-18.8018	182.418	-5.65634	
3.91455	0	0.131333	-50.2598	171.937	-2.70984	
3.13317	0	0.124514	-19.9392	248.317	-16.9692	
0.0482614	0	0.0975924	-40.6988	-18.0707	-45.4446	
4.48395	0	0.136302	7.69682	194.793	-3.83728	
4.40352	0	0.1356	-0.566578	165.134	-6.07083	
-1.84927	-0	0.0810329	82.9354	-229.084	17.2426	
6.86813	0	0.157108	51.4552	236.197	1.15937	
-2.86808	-0	0.0721419	33.9938	-219.271	-2.02968	
0.247223	0	0.0993287	32.753	29.4076	38.5982	
17.1623	0	0.246944	-1.13117	215.928	-0.466801	
-1.49719	-0	0.0841054	34.5599	-218.427	-1.08705	
-2.28835	-0	0.0772011	0.308171	-226.57	2.58954	
5.27911	0	0.143241	1.63355	181.557	6.709	
10.3238	0	0.187266	-3.11531	230.026	14.3259	
1.44877	0	0.109814	14.9103	152.935	-0.84966	
10.7693	0	0.191154	6.29317	250.341	-5.15558	
5.96541	0	0.149231	24.1605	187.516	6.00207	
0.429982	0	0.100924	23.1392	99.6058	-1.28387	
2.31588	0	0.117382	57.7384	199.593	-10.7326	
-0.325816	-0	0.0943278	-27.7481	-109.143	35.9365	
8.17276	0	0.168494	10.9032	213.286	-14.8622	
8.92919	0	0.175095	-15.7326	216.77	-1.29852	
13.8213	0	0.217788	8.09436	200.623	-7.63021	
6.48928	0	0.153802	-4.09015	185.997	-1.49036	
-1.69984	-0	0.082337	-63.3923	-210.619	11.5464	
6.54504	0	0.154289	-38.4713	220.287	8.69814	
2.98077	0	0.123184	4.69636	180.09	0.832299	
2.80907	0	0.121686	-35.0138	171.842	8.35359	
6.46445	0	0.153586	-9.41337	173.925	21.958	
18.7371	0	0.260687	-9.76403	272.505	4.14859	
-3.56441	-0	0.066065	6.03487	-191.839	-3.75954	
7.4798	0	0.162446	-53.2187	194.573	-1.88369	
6.31344	0	0.152268	-19.9405	191.262	7.60795	
8.67052	0	0.172838	17.7795	197.133	15.6364	
7.56413	0	0.163182	-25.6602	232.868	-2.68661	
14.5175	0	0.223863	-21.5396	235.822	2.65435	
11.6031	0	0.19843	11.253	212.153	1.0195	
10.0158	0	0.184577	-7.17061	229.264	-5.66666	
6.96398	0	0.157945	8.59349	204.618	6.97638	
4.8703	0	0.139674	-8.67551	247.865	-2.13128	
-0.12879	-0	0.0960473	-173.265	24.4994	120.506	
-2.83351	-0	0.0724436	-4.01665	-174.51	16.1257	
8.3044	0	0.169643	-2.25477	231.979	-1.29147	
4.61945	0	0.137485	25.7759	195.095	8.54947	
10.2239	0	0.186394	17.159	239.062	5.64058	
-3.18448	-0	0.0693806	19.505	-175.78	11.2951	
0.215626	0	0.0990529	-44.713	159.518	9.21919	
7.26283	0	0.160553	-13.0705	181.816	7.42828	
13.2514	0	0.212815	-42.3797	189.551	-5.05148	
11.9434	0	0.201399	5.20709	202.34	4.99405	
-3.64064	-0	0.0653998	6.42154	-201.52	-12.8859	
3.24535	0	0.125493	-22.184	178.971	9.42035	
-0.356836	-0	0.0940571	-48.976	-98.344	12.303	
10.2472	0	0.186597	-41.6164	214.424	-10.2618	
4.0209	0	0.132261	-85.1549	160.498	-3.1773	
13.1762	0	0.212158	3.55565	239.308	-6.63873	
6.80046	0	0.156518	-74.8896	196.74	9.98795	
17.0941	0	0.246349	5.89621	267.386	-7.66885	
11.0316	0	0.193443	-28.9583	220.127	1.35255	
1.11191	0	0.106875	76.3327	260.188	13.1677	
10.4948	0	0.188758	25.3643	196.577	3.08284	
-2.18457	-0	0.0781067	13.3228	-212.047	-6.91054	
12.177	0	0.203438	-36.8527	225.482	2.56801	
0.125903	0	0.0982699	65.3446	8.74811	96.8145	
-0.215852	-0	0.0952875	47.5273	-48.8332	-23.9993	
6.54894	0	0.154323	-72.9759	202.773	-0.242525	
3.82176	0	0.130523	-1.7566	168.873	-0.225214	
10.5003	0	0.188806	-27.4987	237.847	-0.0981344	
9.09241	0	0.176519	32.0402	163.776	-9.40073	
11.3526	0	0.196244	50.5043	222.017	-3.86707	
12.3561	0	0.205001	-35.8558	212.666	5.19282	
-4.26018	-0	0.0599931	-44.8038	-175.969	-18.6885	
13.9195	0	0.218644	-0.978204	198.03	10.6046	
1.58385	0	0.110993	-16.7471	218.421	-4.80695	
3.56732	0	0.128303	10.613	201.814	13.7884	
2.64018	0	0.120212	-40.2513	158.701	-7.62777	
14.9332	0	0.227491	29.5867	237.083	-1.82809	
4.36092	0	0.135228	58.2187	217.487	-9.20904	
9.979	0	0.184257	-16.9629	203.618	2.42874	
-4.57708	-0	0.0572276	81.8777	-211.579	10.5527	
-0.840721	-0	0.0898343	47.2629	-304.75	-16.2282	
13.5885	0	0.215756	-6.85655	231.322	7.19601	
16.1306	0	0.237941	-18.1992	262.317	6.71939	
7.24893	0	0.160432	-43.4078	202.248	7.58291	
-3.97106	-0	0.0625163	2.30183	-172.859	-7.65161	
-0.248741	-0	0.0950005	11.856	-91.3375	-10.633	
2.13188	0	0.115776	3.72967	202.817	-9.04865	
5.90825	0	0.148732	-20.2234	173.153	-2.01841	
5.87053	0	0.148403	32.5386	225.348	-4.61584	
11.9325	0	0.201305	-39.8562	225.511	-0.250262	
14.8662	0	0.226906	-32.3976	238.803	0.0267568	
7.85332	0	0.165706	8.13205	208.268	0.0654259	
11.2895	0	0.195694	25.873	218.376	-12.1773	
-0.949646	-0	0.0888838	-91.8933	-200.272	5.38698	
10.2148	0	0.186315	-16.2602	205.871	8.71291	
5.65748	0	0.146543	60.3188	194.661	-4.12211	
-2.33877	-0	0.076761	-19.664	-173.695	-18.7054	
13.1602	0	0.212019	-42.6222	244.02	-5.86107	
0.362893	0	0.100338	73.8154	-32.8154	9.85558	
4.93208	0	0.140213	2.11631	176.326	-11.2512	
11.8206	0	0.200328	-26.4219	205.35	1.46669	
2.2884	0	0.117142	-4.53112	237.809	-6.18936	
-5.51742	-0	0.0490214	20.0036	-226.605	-3.18913	
10.3331	0	0.187347	1.85033	218.892	5.09273	
11.0044	0	0.193205	13.0493	213.488	-13.8032	
-1.59342	-0	0.0832657	-50.9122	-216.743	8.31666	
5.22127	0	0.142737	-61.5423	192.485	-5.36157	
5.36297	0	0.143973	-19.5804	201.73	-0.193501	
8.30746	0	0.169669	-16.0723	216.156	-4.54646	
11.0198	0	0.19334	-14.7368	232.454	3.33718	
11.6443	0	0.19879	-15.4908	198.598	2.66424	
7.83356	0	0.165534	75.5282	212.491	-5.06699	
-0.846498	-0	0.0897839	-84.8126	-227.313	-28.0025	
7.96772	0	0.166704	30.6033	220.407	3.15595	
3.36187	0	0.12651	-68.0549	206.557	-10.9891	
1.88407	0	0.113613	34.6514	166.677	3.81278	
5.55276	0	0.145629	-33.0423	211.666	13.7156	
6.27761	0	0.151955	23.928	162.119	-12.1232	
-1.31986	-0	0.085653	-45.9676	-136.803	5.39155	
-5.18977	-0	0.0518808	-52.5814	-203.645	-2.80358	
12.3104	0	0.204603	43.7703	233.327	-8.08493	
4.55031	0	0.136881	-6.84091	254.553	-4.73017	
0.2455	0	0.0993136	60.9772	-15.2224	7.0072	
15.3825	0	0.231413	23.9427	222.306	2.35928	
6.86641	0	0.157093	-6.76426	210.652	3.99735	
6.50218	0	0.153915	-6.98079	210.356	-0.971924	
9.73118	0	0.182094	42.6839	193.592	-15.6941	
4.8426	0	0.139432	28.5987	165.135	7.27896	
8.43059	0	0.170744	0.464094	207.337	2.46965	
12.766	0	0.208579	40.1275	230.857	9.78644	
0.690429	0	0.103196	82.1103	161.185	6.09735	
9.6655	0	0.181521	-4.89723	266.324	-1.69105	
-0.442275	-0	0.0933115	39.8522	-198.928	4.46129	
7.92916	0	0.166368	-16.2058	165.969	-7.49362	
6.07323	0	0.150172	-1.60493	245.513	-15.2013	
3.18869	0	0.124998	22.9159	202.806	-11.4215	
0.158926	0	0.0985581	-86.9537	97.6321	-36.6693	
14.9269	0	0.227437	27.0035	230.813	3.08121	
5.57121	0	0.14579	9.48231	221.178	5.39855	
3.5803	0	0.128416	-81.2283	174.752	-6.97354	
3.28041	0	0.125799	-26.7444	170.796	4.45047	
11.0697	0	0.193775	37.9957	211.297	6.1581	
9.62955	0	0.181207	-11.6566	205.094	-1.0005	
7.08042	0	0.158961	-11.4002	247.725	-5.39604	
0.867643	0	0.104743	-108.382	149.477	-24.4828	
-2.84795	-0	0.0723176	12.156	-201.468	16.4987	
1.69708	0	0.111981	-90.6735	167.133	-6.89951	
11.7244	0	0.199489	8.83756	218.096	3.27289	
-3.90174	-0	0.0631212	18.4556	-202.618	-12.0245	
7.1334	0	0.159423	31.5311	211.974	-8.16406	
-1.54411	-0	0.083696	46.5291	-220.495	-28.6692	
13.549	0	0.215411	-5.55192	213.544	-2.71674	
4.2942	0	0.134646	6.25975	155.495	-6.42065	
-0.0975769	-0	0.0963197	118.426	-40.6146	-138.357	
6.05864	0	0.150044	-9.90706	239.123	-9.47528	
6.45576	0	0.15351	29.1642	189.006	1.15253	
-1.45395	-0	0.0844828	-14.0516	-217.426	19.9224	
-1.22419	-0	0.0864879	36.8876	-157.994	-12.2747	
4.67453	0	0.137965	18.8119	167.25	-8.26589	
-1.9152	-0	0.0804575	26.4095	-207.799	-6.4136	
11.586	0	0.198281	-3.74981	237.779	7.12341	
13.0751	0	0.211276	-21.5488	199.705	-1.51673	
7.46345	0	0.162304	9.25233	239.461	19.1848	
-1.61344	-0	0.0830909	-55.1636	-219.549	0.930918	
-1.85531	-0	0.0809801	64.2716	-212.66	-7.94783	
14.6472	0	0.224996	14.8353	235.473	-1.31946	
4.93403	0	0.14023	27.259	214.653	5.68217	
-4.13906	-0	0.0610502	36.5058	-155.805	10.0208	
-3.93583	-0	0.0628237	5.92614	-160.049	7.76233	
-1.25089	-0	0.0862548	-19.7499	-210.042	-2.94722	
12.657	0	0.207627	48.1323	229.098	3.28485	
3.60686	0	0.128648	10.1916	184.779	-1.61904	
7.67025	0	0.164108	-1.27004	167.49	0.348193	
-3.53194	-0	0.0663484	13.4038	-186.711	1.07345	
-0.0893451	-0	0.0963915	-24.0495	-45.9338	18.33	
7.7241	0	0.164578	29.8141	208.385	-9.78812	
6.96245	0	0.157932	52.6588	209.867	3.2798	
-4.26158	-0	0.059981	46.2614	-200.086	-7.83336	
7.41069	0	0.161843	48.1533	241.284	1.70353	
1.46703	0	0.109974	1.84271	212.708	-0.409018	
14.7079	0	0.225525	-59.2942	218.641	-0.896493	
8.77013	0	0.173707	37.3547	206.734	-10.8577	
16.8489	0	0.244209	23.5389	258.38	-2.60728	
2.39508	0	0.118073	-20.3298	198.027	-5.48299	
-3.63497	-0	0.0654493	-23.5626	-192.814	-2.52763	
8.0874	0	0.167749	36.3128	211.849	-3.21302	
3.88825	0	0.131103	36.6433	189.018	-6.40233	
-0.271454	-0	0.0948023	102.191	-165.126	-36.3274	
9.0129	0	0.175826	-27.6053	247.163	-11.6729	
3.78304	0	0.130185	-22.8899	143.501	11.8618	
9.36017	0	0.178856	-30.4896	241.467	-1.02729	
-2.54158	-0	0.0749912	57.9794	-216.508	-9.94197	
-3.65087	-0	0.0653105	-59.2168	-190.429	-6.19883	
-2.17379	-0	0.0782008	30.2841	-209.947	-19.3245	
0.468012	0	0.101255	86.0138	71.5512	16.686	
1.12271	0	0.106969	-144.239	237.092	-22.4697	
9.29199	0	0.178261	15.1186	201.808	-2.49885	
-3.48175	-0	0.0667864	7.16863	-183.664	-5.555	
7.24392	0	0.160388	16.928	189.275	-2.18433	
3.91907	0	0.131372	-61.3595	182.152	-0.6957	
6.14943	0	0.150836	-15.3719	181.801	-4.18019	
1.21393	0	0.107765	23.1318	241.918	-5.33165	
7.70508	0	0.164412	33.2856	195.559	3.44426	
10.8392	0	0.191763	-26.2592	200.425	3.53248	
0.183471	0	0.0987723	94.6984	-42.5145	83.8678	
7.20816	0	0.160076	-40.3529	198.206	-3.09695	
-0.120045	-0	0.0961236	50.0354	-51.7296	-86.6796	
3.99934	0	0.132073	-47.6259	212.483	-4.91949	
12.6186	0	0.207292	1.01874	210.377	0.46679	
12.3103	0	0.204602	29.7992	218.992	4.64601	
13.8775	0	0.218278	31.5075	244.141	11.4965	
13.2679	0	0.212958	-13.569	236.093	-6.76278	
0.150922	0	0.0984883	-87.1049	45.6591	-55.2094	
0.0712208	0	0.0977927	-88.7128	-20.8442	-127.798	
14.4454	0	0.223234	-9.36617	237.946	3.67309	
-0.145465	-0	0.0959017	-11.089	-74.4305	-15.0984	
15.8964	0	0.235897	-23.565	257.342	-3.22746	
0.568039	0	0.102128	89.7577	111.891	16.2088	
-5.31122	-0	0.0508209	-16.777	-180.005	-20.0542	
19.7634	0	0.269643	-10.6584	241.758	-3.88584	
9.63313	0	0.181238	-21.2758	204.79	-2.41279	
-0.505728	-0	0.0927578	95.8024	-191.916	-27.7583	
-0.223013	-0	0.095225	-94.7262	-29.9307	35.1241	
5.62154	0	0.14623	-0.488628	212.264	10.5933	
14.1056	0	0.220269	-38.1262	225.434	-8.9033	
1.12817	0	0.107017	1.66565	193.079	5.28271	
5.80949	0	0.14787	5.63748	216.591	13.7258	
3.20009	0	0.125098	15.236	171.031	10.0742	
9.21023	0	0.177548	5.41945	169.857	15.8763	
11.6702	0	0.199016	24.3551	202.247	5.70844	
12.4264	0	0.205614	48.8502	246.162	10.6262	
11.4306	0	0.196924	3.46309	223.192	5.88908	
9.36222	0	0.178874	-18.508	216.551	8.43881	
14.8592	0	0.226846	52.8668	219.423	-3.07529	
0.228843	0	0.0991683	-79.7522	-51.8507	-32.5254	
8.61977	0	0.172395	-21.4479	241.507	3.86124	
3.56925	0	0.12832	-29.8671	209.393	13.2374	
-3.94475	-0	0.0627459	25.4332	-180.313	6.46208	
-5.22158	-0	0.0516031	-11.8309	-169.863	1.38148	
-1.20101	-0	0.0866902	-17.7416	-190.707	2.92866	
-1.72483	-0	0.0821188	5.35978	-217.311	-5.00417	
7.59822	0	0.16348	-27.0805	244.481	6.56041	
9.77223	0	0.182452	-21.8991	184.705	3.59265	
-3.92247	-0	0.0629403	-13.4799	-212.849	10.8163	
0.207694	0	0.0989837	-95.6253	59.0627	-30.4977	
-1.56758	-0	0.0834911	-33.8383	-162.809	-9.75485	
7.40354	0	0.161781	59.7193	222.284	-0.54876	
0.0254484	0	0.0973933	28.9209	-21.0982	42.9571	
1.54077	0	0.110617	45.4361	201.141	-5.02648	
5.69534	0	0.146874	4.50698	217.769	5.17006	
-3.55396	-0	0.0661563	13.7688	-193.556	2.10525	
-1.36218	-0	0.0852837	72.2469	-203.245	5.22998	
2.82685	0	0.121841	-7.20288	224.495	-14.3672	
-3.64709	-0	0.0653435	62.0512	-205.347	0.647836	
18.3246	0	0.257087	-13.3008	221.548	11.1126	
0.121051	0	0.0982276	16.9888	2.6679	29.285	
18.7768	0	0.261034	-22.1442	243.418	-1.66016	
3.46007	0	0.127367	-36.5171	142.885	1.1272	
-3.38791	-0	0.0676053	-22.7506	-192.003	-5.89319	
0.866718	0	0.104735	93.6273	157.197	21.8376	
-2.38618	-0	0.0763473	23.3947	-179.958	2.16632	
-1.33374	-0	0.0855318	-41.2347	-185.877	10.2238	
16.5607	0	0.241694	-28.8803	214.174	-0.653946	
-0.0962452	-0	0.0963313	106.506	47.5422	-68.2322	
1.54961	0	0.110694	20.468	281.133	5.23455	
-1.85976	-0	0.0809413	-14.2678	-208.923	13.5913	
1.37276	0	0.109151	27.8646	174.089	6.78695	
7.9372	0	0.166438	-10.9288	178.758	5.99165	
14.6725	0	0.225216	3.4168	224.088	1.86944	
3.91485	0	0.131336	-28.5262	190.876	-6.72209	
2.67063	0	0.120477	-4.73201	250.713	4.2132	
-3.36849	-0	0.0677748	-0.0300983	-214.401	-8.53433	
2.73003	0	0.120996	6.43421	210.836	18.8683	
9.92356	0	0.183773	-6.66313	197.243	-7.32045	
-5.00155	-0	0.0535233	3.9403	-234.195	-10.2505	
3.3575	0	0.126472	-38.8421	204.905	-10.3649	
-1.74305	-0	0.0819599	22.6477	-94.3343	6.1454	
12.7254	0	0.208224	-36.493	233.996	-7.9718	
3.56008	0	0.12824	24.4466	171.996	2.29301	
19.2163	0	0.264869	21.4879	240.058	-0.489776	
1.35199	0	0.10897	-42.3589	204.609	-4.95955	
9.8169	0	0.182842	49.3689	229.684	3.22491	
-0.95643	-0	0.0888246	-33.5038	-154.521	-22.0907	
16.4538	0	0.240762	23.4329	245.913	-7.0569	
13.0264	0	0.210851	15.3105	197.06	5.63906	
5.2893	0	0.14333	-33.1414	201.645	-4.80599	
8.64365	0	0.172603	-18.9434	232.402	-1.01045	
15.1023	0	0.228967	-14.0511	252.389	-3.22792	
18.3836	0	0.257602	-10.5568	252.372	8.67324	
5.79825	0	0.147772	17.4777	209.292	5.43865	
-1.16782	-0	0.0869798	-2.43393	-205.508	-7.94105	
4.411	0	0.135665	-25.7343	196.704	8.25795	
14.6804	0	0.225285	10.2934	239.402	-1.93764	
13.6538	0	0.216326	-40.5214	201.879	-0.353606	
-5.53083	-0	0.0489044	-14.6944	-219.342	-2.15762	
10.2234	0	0.186389	5.77036	196.766	-7.83566	
9.01572	0	0.17585	-4.09461	205.956	3.94606	
16.7629	0	0.243459	7.10285	228.371	-5.85587	
5.28734	0	0.143313	-1.67565	192.735	-0.674235	
9.49089	0	0.179997	21.0759	193.129	-2.94055	
4.00338	0	0.132108	-10.3575	185.837	-0.473632	
-2.99344	-0	0.0710479	50.0289	-197.442	13.9154	
-3.16521	-0	0.0695488	12.9839	-135.399	-0.866427	
1.69193	0	0.111936	38.7187	124.967	1.29911	
2.55831	0	0.119497	-58.7029	189.369	2.20593	
6.16862	0	0.151004	-29.3692	185.267	-7.37489	
7.38291	0	0.161601	36.2091	175.778	0.924467	
0.929491	0	0.105283	35.6564	221.071	-11.0348	
19.6787	0	0.268904	-36.1811	253.984	-6.07756	
1.57467	0	0.110913	81.2692	214.426	4.26828	
-2.40183	-0	0.0762107	39.094	-192.672	-6.22573	
-1.5616	-0	0.0835433	-7.23776	-211.636	2.73099	
-0.0664969	-0	0.0965909	47.5818	24.3865	-26.7928	
15.3327	0	0.230978	-6.15762	219.754	-2.14605	
2.37213	0	0.117872	59.9207	167.993	22.2652	
2.64175	0	0.120225	69.0575	217.961	-4.26626	
12.2437	0	0.20402	-22.7852	187.635	-9.73526	
13.3982	0	0.214096	-27.7092	240.594	-10.3185	
-0.140848	-0	0.095942	127.52	57.108	-54.7567	
-4.33214	-0	0.0593652	-21.7371	-177.741	-6.37913	
13.7914	0	0.217527	32.7798	233.298	-0.318268	
-0.183838	-0	0.0955669	-81.7306	-51.6571	9.19131	
-1.09324	-0	0.0876307	41.2683	-244.357	-20.3936	
3.05003	0	0.123788	32.5929	202.067	-0.41231	
15.5523	0	0.232894	-12.1751	239.682	5.11933	
1.33748	0	0.108843	32.9455	175.832	5.15956	
-1.89024	-0	0.0806753	-11.0894	-192.109	21.9539	
8.12527	0	0.168079	-23.4351	226.1	3.44152	
13.074	0	0.211267	17.3653	236.227	-10.6103	
9.1712	0	0.177207	40.8421	193.939	-11.6404	
8.77603	0	0.173758	14.4866	199.625	11.165	
-0.0461308	-0	0.0967686	51.8576	-60.372	-89.5261	
10.5443	0	0.18919	-13.1613	256.561	5.5683	
3.93647	0	0.131524	-19.3327	226.228	-1.88573	
-3.38945	-0	0.0675919	18.9152	-178.888	1.1169	
-0.489308	-0	0.0929011	50.5947	-109.861	-7.34163	
-0.781024	-0	0.0903553	-113.129	-223.22	18.3412	
-1.7031	-0	0.0823084	-10.8341	-216.138	1.71162	
-6.07513	-0	0.0441543	40.1219	-206.69	6.92074	
-4.95275	-0	0.0539492	-23.3865	-184.122	13.6935	
3.63171	0	0.128865	-29.1786	172.466	-8.37074	
-1.9063	-0	0.0805352	6.90576	-185.854	9.00494	
9.15027	0	0.177024	-2.56641	180.99	1.80584	
-0.545679	-0	0.0924091	176.736	-208.738	-31.2559	
11.8331	0	0.200437	57.4398	192.646	11.7004	
5.3	0	0.143424	-13.3237	174.042	1.25424	
16.1502	0	0.238112	-7.0892	228.713	-4.49815	
13.1967	0	0.212337	58.3897	202.564	-3.93327	
10.2799	0	0.186882	13.3166	207.641	-1.64066	
0.140549	0	0.0983977	-101.226	5.41205	-11.8352	
-4.49103	-0	0.0579786	27.1142	-197.883	0.575098	
-5.90464	-0	0.0456421	9.13208	-183.456	6.67776	
7.37249	0	0.16151	-49.583	212.114	-10.9282	
6.51641	0	0.154039	43.2615	181.703	4.68866	
-0.367424	-0	0.0939647	101.135	69.3921	-21.4358	
-1.22956	-0	0.086441	82.1061	-189.448	-13.3335	
-2.11053	-0	0.0787528	47.8047	-204.375	-2.31861	
4.68831	0	0.138085	-9.35437	179.239	5.08292	
9.8597	0	0.183215	45.3764	173.655	3.03301	
-1.68067	-0	0.0825042	-32.9175	-169.857	7.8985	
4.93315	0	0.140222	20.9313	178.749	8.74556	
-0.231463	-0	0.0951512	1.99946	49.7099	-0.16618	
-0.910372	-0	0.0892265	-2.2065	-288.229	0.0312931	
1.05915	0	0.106414	24.3205	233.317	-5.34771	
6.57302	0	0.154533	-36.0064	215.292	-3.22102	
7.7345	0	0.164669	26.5918	193.144	-9.63653	
4.27834	0	0.134508	7.12102	235.284	1.20671	
1.07716	0	0.106571	101.571	178.585	14.3868	
11.1141	0	0.194163	-22.6293	243.925	-3.05561	
-1.40773	-0	0.0848861	-34.5799	-226.994	-9.46423	
9.43103	0	0.179475	23.1022	201.81	2.02857	
-1.25275	-0	0.0862386	-69.9526	-184.68	19.858	
2.14214	0	0.115865	-7.40445	177.197	22.153	
5.97326	0	0.149299	12.4022	211.853	-6.8931	
1.33652	0	0.108835	61.3402	203.087	-5.03438	
2.13462	0	0.1158	37.1327	196.568	4.41939	
0.291022	0	0.0997109	144.805	73.2131	56.3094	
20.3894	0	0.275107	-3.39378	214.68	-1.96922	
11.93	0	0.201282	23.3784	246.346	4.63047	
-0.0955473	-0	0.0963374	117.532	-13.945	-176.766	
-0.257475	-0	0.0949242	-33.0214	-92.1946	17.2397	
14.2599	0	0.221615	2.64518	228.767	-7.26716	
6.11721	0	0.150555	-42.7983	202.397	16.9749	
0.297419	0	0.0997667	119.033	15.0644	8.96494	
10.6729	0	0.190313	-36.2013	207.875	-6.53224	
2.66028	0	0.120387	51.3442	203.678	12.3177	
-2.37953	-0	0.0764054	-18.5932	-177.265	11.5875	
-0.904542	-0	0.0892774	-24.3952	-203.623	-3.04726	
10.4264	0	0.188161	-41.1267	214.836	-4.555	
-1.23997	-0	0.0863502	79.2679	-174.749	-1.30064	
3.34827	0	0.126391	5.24883	206.649	-2.28421	
1.89654	0	0.113722	38.3099	220.266	-2.29365	
-4.53282	-0	0.0576139	15.7905	-180.774	8.95195	
-2.60293	-0	0.0744558	6.62693	-150.306	2.5481	
-2.11363	-0	0.0787258	41.786	-167.716	6.35631	
7.81773	0	0.165395	-13.6257	187.02	5.1255	
3.16703	0	0.124809	-18.6168	167.524	-0.00649815	
3.74781	0	0.129878	-25.2208	177.588	7.422	
2.90129	0	0.12249	-19.6876	207.902	4.3009	
2.35083	0	0.117687	-33.0186	167.145	2.81652	
-2.66209	-0	0.0739395	-13.1909	-180.859	7.51844	
8.49397	0	0.171297	67.0385	189.563	0.938827	
6.25563	0	0.151763	-0.179714	198.6	-13.4536	
12.0691	0	0.202496	18.5455	222.319	5.2531	
12.0511	0	0.202339	18.9348	237.881	12.4596	
-3.03438	-0	0.0706906	-23.781	-186.815	-8.99778	
12.7417	0	0.208367	-25.0281	225.134	-4.47447	
6.83873	0	0.156852	26.4494	163.529	-5.01584	
8.96309	0	0.175391	54.8507	179.786	17.8148	
6.12312	0	0.150607	7.10867	223.283	-3.10471	
5.72366	0	0.147121	-5.94398	160.113	6.70905	
10.9665	0	0.192874	-39.1661	203.732	6.18336	
-0.931511	-0	0.089042	-25.6906	-226.477	19.3178	
11.0035	0	0.193197	24.525	226.672	-3.16859	
1.14069	0	0.107126	-57.4554	179.33	6.77774	
-6.14325	-0	0.0435598	77.4401	-180.268	-6.12393	
11.6379	0	0.198734	10.3993	186.726	11.4211	
14.2001	0	0.221094	-11.3791	212.356	6.05457	
4.66339	0	0.137868	-6.16163	200.582	-10.6466	
-2.64337	-0	0.0741029	23.593	-183.649	-0.337256	
-2.87279	-0	0.0721007	7.06186	-149.914	-0.887011	
-3.67819	-0	0.0650721	63.8032	-194.107	-0.545272	
6.6492	0	0.155198	18.7309	227.742	0.396777	
-1.11906	-0	0.0874053	-92.0881	-180.442	0.364642	
-3.48222	-0	0.0667823	-15.6687	-181.368	10.8821	
-0.00923062	-0	0.0970906	23.9528	14.7117	293.47	
-0.0187793	-0	0.0970073	-44.3448	-17.6094	92.377	
1.16831	0	0.107367	-81.5997	212.26	-5.93371	
3.04327	0	0.123729	73.8855	185.554	11.9777	
9.82923	0	0.18295	8.08477	195.794	3.50742	
11.5248	0	0.197746	-4.4258	185.576	-7.92716	
-1.30396	-0	0.0857917	-12.6434	-202.052	9.27463	
2.33104	0	0.117514	-16.6072	225.389	-9.70927	
3.46667	0	0.127424	44.3755	208.073	3.45313	
6.12288	0	0.150605	-10.7518	189.625	7.61632	
13.5818	0	0.215697	-28.1894	239.174	-9.42314	
1.49962	0	0.110258	41.3151	249.444	25.8363	
-0.0517915	-0	0.0967192	-28.8788	20.3793	10.3804	
2.57378	0	0.119632	-43.7806	136.225	-5.01316	
8.19422	0	0.168681	14.1517	202.247	-1.77663	
8.18417	0	0.168593	21.254	163.316	0.308564	
6.33174	0	0.152427	5.03384	197.52	0.297287	
-6.41544	-0	0.0411845	13.165	-164.025	3.73282	
8.25189	0	0.169184	-6.20845	181.434	-6.55447	
1.40508	0	0.109433	19.9943	199.614	-12.1786	
9.35054	0	0.178772	-2.57229	193.47	0.577737	
1.9575	0	0.114254	29.9507	175.417	4.06214	
7.82378	0	0.165448	-2.36139	187.17	-15.2506	
-0.287729	-0	0.0946602	-134.36	-67.4524	40.8779	
3.62392	0	0.128797	-59.3596	161.884	8.87025	
-0.240873	-0	0.0950691	157.41	-65.7813	-83.1384	
-2.73738	-0	0.0732824	-52.4057	-198.636	-1.14619	
22.7952	0	0.296102	11.6053	215.894	4.63843	
9.57689	0	0.180747	5.21138	198.032	-6.52402	
2.64198	0	0.120227	-15.1854	201.707	4.50427	
-1.90411	-0	0.0805543	-70.1742	-249.149	17.9146	
-1.79119	-0	0.0815397	-40.9349	-214.874	7.14298	
15.2013	0	0.229831	-19.7756	232.465	0.0852648	
9.33204	0	0.178611	-22.8303	228.613	-1.1152	
1.70559	0	0.112056	29.2114	193.044	-19.545	
-0.213094	-0	0.0953116	69.681	-88.0714	-23.6944	
1.1946	0	0.107596	-60.2661	203.663	0.745686	
3.36896	0	0.126572	74.0934	183.016	25.6631	
-1.74957	-0	0.0819029	44.1271	-190.302	-0.464174	
9.65607	0	0.181438	-9.06356	225.635	10.542	
-1.2143	-0	0.0865742	31.1339	-199.859	-5.47669	
4.91851	0	0.140094	-11.0396	183.672	12.6784	
7.6186	0	0.163658	-9.39183	201.354	7.1077	
11.5359	0	0.197843	-14.6494	251.397	3.57249	
-1.19119	-0	0.0867758	32.2746	-243.925	2.95258	
12.9397	0	0.210094	-17.1966	260.065	3.04199	
9.96913	0	0.18417	41.2092	214.508	7.26897	
-1.38333	-0	0.0850991	3.35363	-227.785	-6.12595	
-4.93948	-0	0.054065	3.06284	-209.748	-4.36879	
0.228546	0	0.0991657	218.078	19.7064	90.4403	
-1.73073	-0	0.0820674	84.5828	-211.079	2.5246	
4.7357	0	0.138499	45.3942	188.966	1.66646	
13.4951	0	0.214941	53.7692	232.541	0.541727	
5.81755	0	0.14794	30.7667	210.747	-7.02497	
12.8275	0	0.209115	-1.69031	218.163	-9.01882	
0.0987531	0	0.098033	-55.5043	-1.05493	-29.4431	
-2.02838	-0	0.0794698	33.8423	-204.571	8.14275	
1.54483	0	0.110653	32.3912	189.404	0.777117	
8.46762	0	0.171067	34.964	197.651	7.71299	
-4.76798	-0	0.0555617	-2.41327	-175.943	2.84226	
9.40648	0	0.17926	-16.5233	195.733	-3.26961	
12.0285	0	0.202143	-24.7996	221.456	-8.93506	
7.86408	0	0.1658	-27.9403	216.697	17.5646	
3.70404	0	0.129496	0.531555	176.66	-8.44232	
11.441	0	0.197015	-13.1104	215.874	-3.36568	
13.819	0	0.217768	41.0639	211.299	-3.41542	
10.2959	0	0.187022	-35.4768	208.239	4.4774	
-2.48331	-0	0.0754997	-22.6733	-199.188	15.0241	
10.7591	0	0.191064	47.3498	241.69	-0.793703	
5.26464	0	0.143115	7.9035	185.095	2.4763	
-0.0304537	-0	0.0969054	14.8626	21.113	78.5636	
3.21031	0	0.125187	-4.64673	174.57	-0.945753	
11.9972	0	0.201869	0.950258	203.187	0.135018	
0.305901	0	0.0998408	67.3688	76.4382	25.0154	
5.04564	0	0.141204	-55.7979	193.423	-4.57649	
-0.303774	-0	0.0945202	-38.5516	-28.2518	-7.73224	
-0.00221914	-0	0.0971518	5.97732	-5.38588	29.0249	
4.0398	0	0.132426	73.5129	192.697	-3.79294	
-2.37026	-0	0.0764862	-1.5422	-178.854	7.25838	
13.4347	0	0.214414	32.0274	227.741	6.05072	
-2.57985	-0	0.0746572	-25.2914	-225.635	-0.154611	
-1.26551	-0	0.0861273	50.5273	-201.499	-12.5835	
0.14257	0	0.0984154	-82.3487	56.4314	-77.8406	
13.4947	0	0.214938	19.1094	254.189	8.24752	
-2.17804	-0	0.0781637	3.61309	-221.061	20.1956	
6.0922	0	0.150337	-15.1808	183.026	-10.8452	
-3.60066	-0	0.0657487	-33.9756	-200.684	4.03092	
-0.699169	-0	0.0910696	38.9691	-210.424	9.86539	
-1.0101	-0	0.0883562	-15.1041	-240.819	-16.7508	
1.92645	0	0.113983	-36.0366	199.464	-6.88767	
3.34468	0	0.12636	35.2704	234.07	7.67929	
-5.4483	-0	0.0496246	-3.94747	-199.749	-9.88771	
13.9058	0	0.218525	18.7242	204.594	-4.21817	
16.2922	0	0.239351	-31.4233	203.125	3.0955	
10.9422	0	0.192662	-27.324	200.954	-4.78354	
2.59095	0	0.119782	-3.17044	191.141	-15.0025	
-2.24989	-0	0.0775367	-22.4059	-202.214	-6.57574	
8.21396	0	0.168853	-30.4348	242.095	-6.37769	
1.30609	0	0.108569	-7.6346	201.404	-2.94419	
6.77136	0	0.156264	15.378	203.296	15.1344	
0.767507	0	0.103869	-127.295	87.6541	-25.1088	
-1.77251	-0	0.0817027	-13.5061	-191.625	-6.52974	
1.71805	0	0.112164	40.7393	196.763	1.39194	
-2.85027	-0	0.0722973	-18.1786	-210.446	-4.12843	
10.6563	0	0.190168	5.3274	206.536	-4.63394	
8.54121	0	0.171709	-8.79563	197.093	5.02888	
0.154122	0	0.0985162	77.5007	-44.4744	54.735	
4.39323	0	0.13551	-33.1498	181.49	-0.524653	
0.282815	0	0.0996393	170.718	79.0881	55.2096	
6.65618	0	0.155259	-31.9925	215.299	9.74343	
-0.298393	-0	0.0945672	-13.8073	-106.664	9.9297	
10.0629	0	0.184989	3.11686	214.425	-7.44218	
14.9232	0	0.227404	-33.5783	204.223	-6.7142	
12.9619	0	0.210288	19.9468	229.341	7.62957	
1.37826	0	0.109199	-9.43581	242.085	2.84613	
9.99654	0	0.18441	-5.83058	190.896	-8.54134	
-2.50947	-0	0.0752714	-10.0425	-171.829	-0.384663	
-1.10311	-0	0.0875445	13.1906	-189.457	1.58801	
7.28396	0	0.160737	15.2205	208.501	10.0022	
15.1176	0	0.2291	-0.478925	241.511	-4.3439	
7.96033	0	0.16664	-18.4822	212.075	6.56692	
5.28345	0	0.143279	68.8073	194.575	8.17833	
16.1802	0	0.238374	9.37297	261.258	1.10815	
4.08458	0	0.132817	-4.81329	200.993	-8.64653	
9.7377	0	0.182151	47.917	172.353	-4.24042	
-2.31333	-0	0.0769831	-63.6271	-232.063	-0.779777	
2.73426	0	0.121033	34.1411	227.465	2.38634	
12.9511	0	0.210194	-25.8487	207.808	0.971056	
5.33613	0	0.143739	-3.52062	187.803	0.714122	
-3.48483	-0	0.0667595	44.7941	-176.323	0.909705	
-1.3716	-0	0.0852015	-17.4091	-233.566	-8.83667	
0.116204	0	0.0981853	85.5177	43.6295	117.204	
7.30691	0	0.160938	-17.3553	200.031	-3.06814	
11.5349	0	0.197835	58.1406	175.226	-2.89231	
0.247065	0	0.0993273	-232.307	75.2369	-80.3979	
9.72328	0	0.182025	-9.48374	208.838	-3.85005	
11.3701	0	0.196397	-7.34387	247.015	-5.32346	
2.52894	0	0.119241	29.4589	189.861	12.6979	
10.6099	0	0.189763	17.2397	216.002	-0.85083	
-3.69279	-0	0.0649447	59.1007	-192.541	-3.81683	
1.27947	0	0.108337	13.9573	269.37	-2.98247	
-2.14227	-0	0.0784758	11.0135	-215.93	0.989168	
4.82468	0	0.139276	27.1671	139.918	-8.0405	
3.85612	0	0.130823	2.8251	163.885	-5.16454	
-0.050099	-0	0.096734	41.4689	42.1964	-69.5212	
8.12565	0	0.168083	11.535	231.127	-3.32186	
7.34154	0	0.16124	32.3071	199.004	-1.7538	
3.17959	0	0.124919	6.76571	195.139	1.98913	
13.5892	0	0.215762	-6.58105	233.379	-0.512255	
12.9053	0	0.209794	9.05226	200.002	-10.2256	
-0.570402	-0	0.0921934	-28.1913	-160.332	7.62331	
-0.569488	-0	0.0922013	49.7497	-190.056	2.45796	
3.93123	0	0.131479	21.5067	198.988	5.28957	
3.52363	0	0.127921	26.972	169.323	3.12285	
1.70175	0	0.112022	75.3223	193.131	-0.390293	
7.18655	0	0.159887	-25.2717	240.845	5.30924	
10.3581	0	0.187565	-28.7564	212.318	2.31588	
11.7102	0	0.199365	-3.34453	231.732	-0.682602	
2.85558	0	0.122091	50.7678	195.265	4.18455	
0.97989	0	0.105723	-72.6218	176.997	-30.6032	
1.73827	0	0.112341	2.647	226.128	6.84618	
0.491057	0	0.101457	0.930896	207.569	10.8464	
-3.51082	-0	0.0665328	44.0429	-183.458	8.24301	
-2.81742	-0	0.0725839	37.9024	-189.849	14.7981	
11.1406	0	0.194394	-5.05867	209.555	2.21468	
-1.32113	-0	0.0856419	84.9959	-130.966	-4.87353	
-5.31908	-0	0.0507523	-2.68365	-173.102	3.97327	
9.35432	0	0.178805	-5.50239	220.952	8.36365	
8.81504	0	0.174099	-5.95141	189.023	13.9041	
12.8402	0	0.209226	18.8942	223.518	-10.1768	
-0.0668774	-0	0.0965876	11.5401	21.9724	7.8667	
13.4738	0	0.214755	-11.2701	211.138	-7.36864	
6.93039	0	0.157652	31.8625	208.6	7.80142	
-0.442031	-0	0.0933137	-50.0157	-49.6442	19.7088	
-3.97511	-0	0.0624809	-40.2199	-168.177	11.5873	
6.1658	0	0.150979	26.0444	172.63	-11.0125	
2.22419	0	0.116581	20.983	185.425	-6.39337	
9.54661	0	0.180483	2.01537	202.834	0.390184	
10.3002	0	0.18706	-23.559	212.656	-2.926	
-2.40814	-0	0.0761557	20.5888	-213.351	6.5369	
15.7919	0	0.234985	9.68034	209.186	-1.60856	
2.344	0	0.117627	26.9282	198.342	-5.5987	
1.44545	0	0.109785	-71.077	169.311	-15.845	
14.3799	0	0.222663	3.69847	223.544	6.29365	
10.9629	0	0.192843	-7.21084	202.101	-3.32063	
-1.40076	-0	0.084947	70.3075	-153.407	-7.29413	
7.16805	0	0.159726	-8.70085	189.94	10.777	
8.9446	0	0.17523	-21.8732	209.774	-13.4257	
6.71071	0	0.155735	5.00208	213.299	-3.08871	
1.30395	0	0.108551	-143.577	204.43	14.7892	
1.21003	0	0.107731	-76.0822	176.125	20.9168	
8.08656	0	0.167742	-39.3354	171.135	10.0107	
1.29873	0	0.108505	-84.7102	200.145	-9.27556	
-0.0792046	-0	0.09648	-73.8182	-59.3477	96.1106	
6.9826	0	0.158107	-27.6792	179.583	9.11913	
12.2529	0	0.2041	-12.6652	244.8	-11.5915	
5.5083	0	0.145241	-1.20712	206.137	7.10329	
21.9897	0	0.289073	-8.28681	232.932	0.721969	
8.34061	0	0.169959	52.0371	242.559	-7.5913	
8.28054	0	0.169434	12.7257	207.901	5.48766	
11.9456	0	0.201419	-4.1047	220.679	-0.828927	
6.60848	0	0.154843	14.5931	181.095	4.05406	
15.0088	0	0.228151	2.54358	222.538	0.29179	
-0.358581	-0	0.0940419	122.158	-138.872	-26.9999	
-3.82631	-0	0.0637795	-5.93671	-194.391	0.103178	
-0.526198	-0	0.0925791	-72.0852	-169.247	13.1576	
8.35586	0	0.170092	-0.712693	194.417	-9.74882	
3.10204	0	0.124242	-38.1775	172.566	16.8999	
6.01921	0	0.1497	27.6519	202.114	-6.82284	
3.57024	0	0.128328	2.09143	235.203	-9.16172	
15.3645	0	0.231255	8.20796	249.824	1.35846	
14.574	0	0.224357	-11.5473	243.791	0.806771	
13.4921	0	0.214915	2.41913	261.075	1.96014	
10.3274	0	0.187297	8.92777	208.692	3.51737	
6.48893	0	0.153799	29.7106	170.773	-7.92553	
-2.68672	-0	0.0737245	-13.5705	-220.833	-11.7007	
-4.22053	-0	0.0603392	22.2442	-143.811	-7.7996	
9.85208	0	0.183149	47.883	196.256	0.237449	
-3.88408	-0	0.0632753	18.997	-186.409	-15.8256	
13.8871	0	0.218362	23.2854	234.352	10.7963	
12.5504	0	0.206697	-14.4132	234.185	-12.7596	
5.05029	0	0.141244	4.9612	225.816	10.273	
7.11556	0	0.159268	-12.2946	194.442	-1.21344	
11.6376	0	0.198731	-33.5123	190.243	1.72029	
7.3133	0	0.160993	36.9462	203.686	15.8546	
-1.45031	-0	0.0845145	-22.3552	-167.02	19.8496	
14.8465	0	0.226735	10.776	242.766	-2.93624	
7.61924	0	0.163663	13.9457	219.908	-17.0012	
-1.85572	-0	0.0809765	2.01146	-152.436	8.98934	
5.0301	0	0.141068	-11.0296	209.808	-15.3885	
6.19476	0	0.151232	-44.4428	174.814	3.54697	
5.8833	0	0.148514	-23.4224	197.451	-6.16017	
12.5214	0	0.206444	18.0535	237.106	8.42078	
11.6923	0	0.199208	-16.4953	230.17	0.500832	
7.23206	0	0.160284	3.36569	217.009	-13.2781	
18.0259	0	0.254481	27.9266	244.227	-0.12507	
-1.99252	-0	0.0797828	-41.1885	-216.427	12.2947	
-1.31658	-0	0.0856816	99.078	-178.146	-9.84526	
-2.37103	-0	0.0764795	-4.29948	-237.013	17.3778	
-1.17247	-0	0.0869392	6.93452	-257.641	14.0298	
3.75166	0	0.129911	-9.63756	225.891	3.47477	
0.847488	0	0.104567	44.0438	252.548	3.74734	
0.116615	0	0.0981889	53.974	19.4877	70.4662	
-1.94101	-0	0.0802323	27.4824	-192.574	0.0164595	
-2.30568	-0	0.0770498	10.1877	-184.755	-6.95758	
6.29932	0	0.152145	5.04469	173.678	8.62503	
0.517166	0	0.101684	-7.02871	-2.49999	3.49061	
-0.113761	-0	0.0961784	88.359	-57.0484	-50.5651	
-5.6174	-0	0.0481489	-39.5512	-200.981	-3.14728	
2.07139	0	0.115248	-24.1987	145.3	-0.413318	
-0.963486	-0	0.088763	28.9912	-193.587	24.5799	
-3.81037	-0	0.0639186	15.4993	-212.782	-8.87191	
22.4102	0	0.292742	16.6313	237.202	-3.1581	
2.30419	0	0.11728	3.00632	213.799	1.88652	
-5.30479	-0	0.050877	-31.6173	-163.153	-0.513127	
8.66184	0	0.172762	-26.2595	218.623	9.79846	
5.86277	0	0.148335	30.7326	174.92	5.2825	
-1.70051	-0	0.0823311	-14.6574	-250.018	-2.52392	
8.58541	0	0.172095	-35.1457	192.081	9.23319	
6.59242	0	0.154702	26.811	176.188	9.44959	
-5.10949	-0	0.0525813	34.8477	-188.586	-6.54021	
13.388	0	0.214007	6.30148	227.407	-4.09706	
4.33858	0	0.135033	-0.161012	150.688	-1.93235	
-0.0477157	-0	0.0967548	46.8908	4.2226	-158.008	
1.57915	0	0.110952	32.947	194.095	1.18747	
-3.55737	-0	0.0661265	19.9152	-183.55	2.95472	
2.08817	0	0.115394	48.3245	174.72	7.13566	
5.67169	0	0.146667	-12.3831	181.037	7.3147	
-3.24074	-0	0.0688897	16.9313	-214.888	-10.144	
9.44657	0	0.17961	19.1169	179.543	-3.94171	
3.23356	0	0.12539	-54.6817	191.064	-8.09704	
7.48962	0	0.162532	-17.4463	177.488	-0.799908	
-1.60233	-0	0.0831879	46.8952	-177.185	15.6728	
4.23819	0	0.134157	16.3428	129.961	8.77229	
11.968	0	0.201614	-4.41798	224.023	-5.76555	
8.70026	0	0.173097	14.4049	202.718	-1.17472	
8.96246	0	0.175385	31.3981	226.452	-2.13023	
11.8094	0	0.20023	29.124	198.233	3.28939	
13.5965	0	0.215826	38.1842	224.485	2.93881	
4.10499	0	0.132995	-5.92691	173.767	12.4561	
5.64323	0	0.146419	35.5039	155.032	4.16706	
-3.48933	-0	0.0667203	-6.65741	-184.967	15.3551	
6.10407	0	0.150441	2.74049	225.747	-8.7742	
10.8909	0	0.192215	0.464298	218.621	-6.97502	
-2.93525	-0	0.0715557	68.7154	-140.766	2.66465	
-0.181361	-0	0.0955885	41.0438	-5.5102	2.12892	
4.12282	0	0.13315	29.238	173.417	13.1711	
-0.0584557	-0	0.0966611	35.4845	38.2592	-1.3017	
14.3195	0	0.222135	-16.1868	236.309	0.29221	
8.04359	0	0.167367	-12.2578	202.977	3.06804	
8.44215	0	0.170845	-29.8395	194.11	7.25115	
8.09251	0	0.167793	32.3468	200.34	5.06411	
7.0062	0	0.158313	-50.7313	191.046	11.5388	
-0.244438	-0	0.095038	63.8456	-65.7474	-47.6979	
8.40641	0	0.170533	5.85535	206.127	-1.96772	
-2.42587	-0	0.0760009	16.4214	-183.38	-2.64236	
11.1787	0	0.194726	36.785	235.015	-9.65632	
-1.86549	-0	0.0808913	10.9676	-242.316	2.07974	
6.4453	0	0.153419	6.78971	224.735	-1.10802	
11.1026	0	0.194062	-5.93097	197.758	-2.93114	
7.67492	0	0.164149	-0.280162	197.754	-12.7638	
1.93174	0	0.114029	-73.5735	190.223	-5.33702	
4.06911	0	0.132682	-10.0846	147.922	-0.0127336	
5.81303	0	0.147901	-21.6456	183.695	-5.82668	
12.1174	0	0.202918	-20.1497	182.607	-1.0467	
0.21403	0	0.099039	-105.766	36.9312	-17.8745	
19.4066	0	0.26653	-29.0743	262.627	3.71236	
12.5138	0	0.206378	-17.1136	247.136	-0.41607	
5.90311	0	0.148687	51.4622	200.64	-15.8677	
7.08968	0	0.159042	2.13389	198.373	-5.61133	
8.39424	0	0.170427	9.61236	147.732	-3.98024	
4.09176	0	0.132879	-2.56019	206.647	9.07138	
-3.84151	-0	0.0636469	11.6508	-197.276	-10.9183	
6.58887	0	0.154671	8.79591	153.626	18.5412	
8.32699	0	0.16984	0.278579	187.625	-1.1067	
17.1384	0	0.246736	-61.1527	254.684	-9.22854	
5.54661	0	0.145576	27.581	224.348	6.29717	
11.0533	0	0.193632	3.36151	203.882	6.22773	
0.300083	0	0.09979	-273.743	71.4523	-81.3154	
0.310696	0	0.0998826	-202.45	30.4893	-51.6887	
8.51528	0	0.171483	6.57999	181.947	2.25547	
-3.71275	-0	0.0647705	12.8392	-177.528	9.96879	
0.774544	0	0.103931	49.8055	262.242	6.90946	
2.78093	0	0.12144	-24.1071	220.667	-9.15323	
-2.72322	-0	0.073406	-36.1629	-228.169	1.95381	
3.76484	0	0.130026	30.7934	158.825	-5.20755	
10.4779	0	0.188611	9.24433	227.345	-5.65717	
12.5163	0	0.206399	-27.807	234.664	-4.40997	
-0.496776	-0	0.0928359	-31.8855	-126.796	8.82948	
15.01	0	0.228161	-3.9834	218.985	1.84943	
9.9141	0	0.18369	34.643	253.639	-1.69026	
12.4688	0	0.205985	-11.6214	219.184	-1.49149	
3.58591	0	0.128465	16.9923	168.456	9.10745	
5.66467	0	0.146606	-3.94552	211.178	2.4657	
11.3015	0	0.195798	-0.498678	208.732	9.81456	
5.04563	0	0.141204	7.63324	207.099	-2.10751	
0.00184743	0	0.0971873	-4.13829	13.0169	-13.409	
-5.32597	-0	0.0506922	19.2484	-187.04	3.67205	
9.93684	0	0.183889	48.6979	225.531	12.1789	
11.7624	0	0.19982	33.7676	233.134	4.16841	
7.51744	0	0.162775	23.1359	211.861	-2.69516	
9.18564	0	0.177333	53.0329	183.54	0.436764	
6.95364	0	0.157855	-32.6452	173.913	-10.2736	
4.78792	0	0.138955	-45.8537	187.747	7.11637	
8.24725	0	0.169144	-1.64982	219.446	3.16587	
-1.82772	-0	0.0812209	-13.9834	-214.337	-9.88297	
3.95812	0	0.131713	24.535	216.554	10.4279	
6.03597	0	0.149846	-13.4148	206.381	-2.40474	
3.84199	0	0.1307	72.4501	191.612	-4.79734	
9.59045	0	0.180866	3.10904	190.427	5.72098	
3.74385	0	0.129843	52.478	210.459	8.27825	
8.6985	0	0.173082	-22.7516	183.651	-13.9357	
12.0502	0	0.202331	11.4867	212.383	-5.79699	
7.20396	0	0.160039	-30.5492	201.638	-10.3292	
8.20765	0	0.168798	-20.2136	210.231	-3.38171	
-0.855863	-0	0.0897022	-74.1833	-125.438	-7.25621	
-2.92605	-0	0.071636	-7.02163	-190.572	1.60358	
-1.46878	-0	0.0843533	-17.3143	-224.287	1.72819	
2.03444	0	0.114926	-65.3102	173.092	9.07251	
6.68419	0	0.155503	-14.7928	205.28	-2.82442	
10.2419	0	0.186551	-10.939	253.615	-5.0212	
14.0944	0	0.220171	4.11585	216.914	3.74891	
6.36051	0	0.152678	23.6139	232.373	5.43935	
7.02529	0	0.15848	-16.5806	200.506	-12.2606	
6.61362	0	0.154887	23.9414	149.45	2.39033	
-1.92098	-0	0.0804071	95.4675	-175.321	1.52569	
2.84077	0	0.121962	-11.6414	204.834	9.643	
10.1755	0	0.185971	-13.0519	217.295	-0.360755	
3.62286	0	0.128787	-16.9481	198.074	-4.52289	
7.45613	0	0.16224	24.0217	191.637	-6.45505	
0.825382	0	0.104374	42.7958	121.381	-6.13055	
8.86802	0	0.174561	17.9216	180.848	13.7848	
22.1987	0	0.290897	34.2597	261.941	0.788077	
9.25952	0	0.177978	8.95132	205.44	-4.49653	
17.8735	0	0.253151	8.10038	212.504	-8.33095	
-2.13341	-0	0.0785532	27.7114	-231.032	-9.84475	
12.8084	0	0.208948	4.55507	210.986	-1.46355	
-1.70165	-0	0.0823211	23.0223	-210.281	-13.0469	
3.06568	0	0.123925	-27.7922	160.596	0.978806	
2.08162	0	0.115337	-53.0971	193.198	-0.875631	
4.50542	0	0.136489	-16.5119	193.71	6.46459	
-3.45118	-0	0.0670532	-22.8467	-168.239	0.11731	
5.76697	0	0.147499	29.9048	194.603	-2.60552	
-0.864752	-0	0.0896246	-69.9508	-85.0428	5.64635	
7.82948	0	0.165498	29.5095	203.794	-7.05899	
1.67289	0	0.11177	48.5191	209.088	-3.81439	
-4.39093	-0	0.0588521	-55.3666	-210.211	7.43509	
3.43487	0	0.127147	-23.1214	187.035	7.97943	
-0.209762	-0	0.0953406	-103.498	-73.0976	48.082	
-2.00363	-0	0.0796857	-7.31798	-120.773	12.6595	
0.659865	0	0.10293	-18.6441	219.903	-11.9501	
-1.01735	-0	0.0882929	67.9303	-189.564	12.8358	
0.447737	0	0.101079	-115.507	79.3913	-27.8338	
-5.29807	-0	0.0509356	2.5505	-194.515	4.65324	
7.06843	0	0.158856	-35.665	198.903	6.33965	
0.290619	0	0.0997074	6.39839	62.2463	7.38262	
14.8729	0	0.226965	-5.46907	235.356	6.77955	
-4.24624	-0	0.0601148	-54.8549	-215.626	-5.10805	
-1.2127	-0	0.0865882	-46.7039	-277.715	12.9161	
11.0008	0	0.193174	27.5174	210.411	13.2097	
-0.258028	-0	0.0949194	-96.3295	-64.2745	45.0576	
6.40234	0	0.153044	-6.90545	184.813	-12.3214	
13.0136	0	0.210739	5.98853	222.65	-0.824735	
8.54201	0	0.171716	-6.97217	205.103	-6.27588	
16.0548	0	0.237279	-6.20008	223.536	-6.12865	
3.57117	0	0.128336	-21.9109	147.589	3.48369	
8.59595	0	0.172187	-19.0168	197.402	2.30506	
-0.305696	-0	0.0945034	-71.2702	-32.2265	27.5298	
-2.034	-0	0.0794207	-35.4608	-223.276	-11.7333	
2.85916	0	0.122123	11.826	166.998	17.5351	
10.127	0	0.185548	-46.3114	233.864	7.59274	
11.0231	0	0.193368	-52.8438	200.576	-5.5636	
10.6071	0	0.189738	-8.04117	205.552	-9.99521	
8.86109	0	0.174501	13.746	197.018	-8.14827	
-1.94319	-0	0.0802132	17.8142	-143.422	-10.8948	
-1.2925	-0	0.0858918	2.40402	-167.487	-8.811	
1.20857	0	0.107718	8.12088	185.999	-10.5152	
7.08782	0	0.159026	16.2776	184.755	16.8753	
13.4447	0	0.214502	-18.6953	235.46	-1.14392	
-5.50745	-0	0.0491084	57.9	-175.78	-4.65005	
15.2319	0	0.230098	24.6389	234.913	9.4436	
-1.1468	-0	0.0871632	-2.67425	-168.618	20.4106	
3.45431	0	0.127316	15.4902	209.276	-1.93407	
3.91127	0	0.131304	35.6573	210.295	5.6601	
12.7148	0	0.208132	3.54622	253.537	-3.24657	
12.1526	0	0.203225	-3.42571	244.015	4.52935	
8.04659	0	0.167393	-13.9977	198.787	7.56914	
3.8204	0	0.130511	-9.89416	180.157	-8.53743	
4.08727	0	0.13284	-9.01978	143.452	14.9208	
5.61281	0	0.146153	-1.77521	184.573	1.2507	
7.13456	0	0.159434	19.9699	192.876	14.4135	
0.692158	0	0.103212	-129.181	94.2377	-14.4628	
1.52317	0	0.110464	-45.5024	209.981	0.250412	
-0.119235	-0	0.0961307	-61.7785	-50.3769	5.25666	
5.52479	0	0.145385	58.1359	202.983	1.02055	
0.393228	0	0.100603	-41.2859	29.0805	-20.515	
4.96697	0	0.140517	1.08485	207.776	0.597319	
2.01163	0	0.114726	39.4294	174.867	-6.10977	
-0.639903	-0	0.0915868	165.048	-169.495	-24.4795	
1.03302	0	0.106186	-47.4845	160.918	4.58132	
7.28492	0	0.160746	16.5569	170.897	3.8583	
9.11329	0	0.176702	16.2628	214.023	-2.83211	
15.2726	0	0.230453	-0.0684564	250.341	5.04475	
9.20878	0	0.177535	18.5587	203.918	3.71363	
-2.21089	-0	0.0778771	44.7545	-177.926	-2.86633	
8.39012	0	0.170391	-29.2524	178.747	-10.0116	
11.4251	0	0.196877	25.4915	209.533	-9.3658	
4.55427	0	0.136916	36.406	168.639	9.80299	
5.99267	0	0.149468	39.9632	216.557	-4.92413	
1.28103	0	0.108351	-78.0341	169.343	-12.3943	
10.1921	0	0.186116	-4.90855	205.83	-7.32496	
9.25862	0	0.17797	-24.459	193.954	-9.68203	
9.57837	0	0.18076	21.4969	228.457	0.338031	
11.6347	0	0.198706	-17.3665	240.172	-0.11481	
6.6551	0	0.155249	27.1296	177.367	-1.10933	
-0.18875	-0	0.095524	84.6707	-53.9188	-48.2526	
11.0259	0	0.193393	-28.1028	246.69	9.19244	
-1.2357	-0	0.0863874	-85.2628	-203.121	5.74253	
5.15945	0	0.142197	20.6829	209.792	-6.86909	
0.5522	0	0.10199	-85.0609	180.978	-25.6733	
-4.27837	-0	0.0598345	-28.1605	-174.237	12.2431	
3.17603	0	0.124888	77.2209	166.332	6.49528	
-2.39448	-0	0.0762749	-37.2812	-141.632	0.511393	
-2.18772	-0	0.0780792	41.669	-194.523	-3.88437	
-1.16322	-0	0.0870199	26.1877	-150.697	-0.785742	
8.77988	0	0.173792	4.74768	173.88	7.76505	
9.00272	0	0.175737	-29.6856	169.772	-1.32253	
1.60854	0	0.111209	-81.4144	177.367	-9.45133	
3.02535	0	0.123573	-58.6426	219.907	2.22053	
10.3776	0	0.187735	-35.3983	222.245	3.15544	
7.24901	0	0.160432	24.3851	190.342	-6.18339	
11.4137	0	0.196777	-14.6737	225.38	2.35659	
17.7093	0	0.251718	-7.81004	248.842	-3.28597	
11.6929	0	0.199213	20.4717	221.69	7.30252	
9.31342	0	0.178448	-22.711	148.837	-6.56059	
-4.06694	-0	0.0616795	38.3766	-191.494	11.3879	
0.231426	0	0.0991908	-99.8499	0.123319	-66.6345	
3.01844	0	0.123513	-38.393	190.156	0.387122	
6.49292	0	0.153834	-15.3717	203.811	-7.83019	
-4.86431	-0	0.054721	-65.8763	-206.926	-2.2824	
9.36968	0	0.178939	5.19522	201.96	-1.34009	
3.88063	0	0.131037	5.64964	218.045	3.96674	
-1.62022	-0	0.0830318	-26.1376	-196.776	16.5691	
-5.82535	-0	0.0463341	8.43885	-160.846	-4.93339	
-0.178359	-0	0.0956147	48.0784	-90.4415	-15.2487	
11.1902	0	0.194827	-2.99358	213.036	-14.146	
6.52136	0	0.154082	-53.5067	183.686	-5.80127	
6.23566	0	0.151589	20.6203	198.424	-3.31152	
-5.51206	-0	0.0490682	11.386	-175.565	4.27085	
-0.054295	-0	0.0966974	-22.8278	10.851	12.6	
10.4718	0	0.188557	3.23672	214.557	0.400789	
2.15786	0	0.116003	29.0653	198.57	20.4467	
17.4581	0	0.249526	-10.0068	196.694	6.20031	
8.24081	0	0.169088	-23.1037	199.146	4.45045	
7.52513	0	0.162842	2.01517	204.368	-10.303	
-2.05332	-0	0.0792522	-32.6583	-202.111	27.1277	
0.12729	0	0.098282	24.2056	-1.52144	19.7344	
2.01696	0	0.114773	22.281	204.7	-8.84016	
0.581713	0	0.102248	-93.8606	179.847	-9.83205	
-0.0333459	-0	0.0968802	-63.456	12.9589	141.965	
-1.51447	-0	0.0839546	-29.0262	-165.413	-3.78732	
1.89187	0	0.113681	16.3531	132.248	-0.344028	
8.09558	0	0.16782	21.5156	194.677	-13.1566	
0.434014	0	0.100959	19.9612	167.534	25.5475	
2.62532	0	0.120082	-23.9458	222.787	11.7399	
-3.41715	-0	0.0673502	34.7716	-167.253	2.83259	
14.5285	0	0.223959	31.4417	225.023	1.55646	
1.89971	0	0.11375	45.5212	188.857	11.108	
-3.79269	-0	0.0640729	-10.4016	-168.155	4.98289	
3.50463	0	0.127756	8.77655	207.074	-1.38317	
13.2717	0	0.212992	-25.3738	209.984	1.21008	
5.84625	0	0.148191	47.2335	202.44	-2.11182	
0.797965	0	0.104135	41.3345	223.724	22.9492	
7.12051	0	0.159311	27.3864	222.491	20.1246	
-0.901902	-0	0.0893004	58.1347	-141.208	-6.31888	
7.07004	0	0.158871	24.093	187.878	-11.4566	
0.786073	0	0.104031	-34.0772	231.503	-5.19118	
0.345661	0	0.100188	60.0167	122.175	11.456	
10.3971	0	0.187905	-15.5037	231.619	2.24227	
4.58903	0	0.137219	-23.0813	154.567	3.82161	
2.19678	0	0.116342	39.6861	208.091	9.9936	
9.77826	0	0.182505	32.0703	230.262	-0.551071	
3.90317	0	0.131234	13.1089	206.152	-5.43134	
3.80318	0	0.130361	10.9387	183.866	12.4018	
-4.89609	-0	0.0544437	-44.5555	-175.997	1.78655	
-1.24538	-0	0.086303	-101.75	-240.973	-10.8681	
8.62501	0	0.172441	10.554	194.363	-5.93859	
2.60776	0	0.119929	-27.3201	212.45	1.64394	
2.2067	0	0.116429	-46.3702	149.712	-0.553691	
0.202383	0	0.0989374	-6.97853	77.8525	11.9061	
-2.1528	-0	0.078384	-20.0033	-212.714	-7.50056	
-1.09268	-0	0.0876355	107.844	-183.161	-4.59431	
13.627	0	0.216092	13.705	243.553	1.1751	
0.775612	0	0.10394	-36.0814	128.604	2.39747	
-1.65641	-0	0.0827159	-78.1806	-197.668	2.43045	
6.5207	0	0.154076	-14.6665	204.046	-11.7628	
11.8619	0	0.200689	14.8116	234.415	1.02488	
13.7432	0	0.217107	41.7679	235.71	-1.93715	
1.97908	0	0.114442	-2.7903	217.658	8.75508	
2.71751	0	0.120887	70.882	170.769	6.73483	
2.36374	0	0.117799	-43.2304	196.746	-5.49359	
-6.14115	-0	0.0435782	-5.56149	-226.341	-3.74245	
10.521	0	0.188987	-9.32335	233.021	15.2792	
4.50765	0	0.136509	-44.6127	208.073	4.31406	
0.241738	0	0.0992808	35.1686	55.9708	-2.67193	
-6.42266	-0	0.0411215	47.8887	-230.627	2.81234	
-3.51748	-0	0.0664746	12.3001	-166.376	-2.21105	
10.5473	0	0.189216	12.0796	221.276	-4.05794	
13.0675	0	0.211209	8.93956	200.265	5.74523	
10.7465	0	0.190954	36.8419	192.936	0.406727	
14.0033	0	0.219376	-2.88476	212.233	4.90523	
12.0366	0	0.202213	-25.1057	241.345	4.2043	
13.6873	0	0.216619	-5.99924	238.469	1.96732	
0.180253	0	0.0987442	114.694	-3.91901	56.1141	
5.21703	0	0.1427	29.9743	179.343	-2.18974	
5.52644	0	0.1454	-48.0153	153.474	4.40995	
-1.4365	-0	0.084635	-52.5222	-207.702	11.6554	
3.25086	0	0.125541	-1.09558	219.318	14.9795	
2.617	0	0.120009	8.71152	194.304	16.8932	
16.5139	0	0.241286	24.0031	223.3	2.56314	
11.2805	0	0.195614	22.0813	237.1	-6.30941	
5.13854	0	0.142015	-45.4355	208.831	-7.10454	
11.1885	0	0.194811	-31.1549	179.938	5.12735	
6.35768	0	0.152654	-72.8907	193.816	-1.32727	
-6.32933	-0	0.0419359	13.0908	-205.338	-5.07309	
25.0843	0	0.316079	15.1035	238.813	2.63831	
-3.68187	-0	0.06504	-40.4742	-158.341	-6.408	
10.9908	0	0.193087	22.8753	249.529	1.66021	
17.5509	0	0.250335	-22.789	211.911	3.19775	
8.30432	0	0.169642	-23.6916	217.8	1.3483	
10.0822	0	0.185157	14.3426	243.008	-1.91149	
7.02357	0	0.158465	-10.9	162.323	8.91572	
-4.64624	-0	0.0566241	-35.9639	-175.171	4.00965	
7.73984	0	0.164716	43.8124	223.831	-3.86779	
10.9449	0	0.192686	20.995	227.199	3.0556	
5.74382	0	0.147297	41.3032	217.422	9.97741	
-0.890324	-0	0.0894015	-63.9151	-204.068	12.9718	
7.90759	0	0.16618	17.5065	180.392	2.28271	
-3.00776	-0	0.0709228	15.1175	-211.93	-13.2349	
9.52296	0	0.180277	4.19739	218.335	8.50589	
5.88025	0	0.148487	31.0622	164.084	0.488827	
0.779012	0	0.10397	33.1349	144.028	-1.46961	
14.5005	0	0.223715	26.5428	205.875	-2.85165	
2.60711	0	0.119923	-10.0604	168.424	-0.355911	
1.86679	0	0.113462	4.68241	209.227	-13.2951	
2.19971	0	0.116368	46.5024	231.664	-4.45891	
4.34128	0	0.135057	13.7112	170.904	0.313581	
-3.32341	-0	0.0681682	5.13652	-198.148	0.811262	
5.04509	0	0.141199	9.57169	190.764	-8.67443	
-1.94135	-0	0.0802293	5.99462	-207.319	12.8457	
4.80604	0	0.139113	-1.37729	147.816	5.32412	
15.2814	0	0.23053	-4.16851	213.531	4.50557	
-0.830876	-0	0.0899203	-48.022	-225.618	-6.16531	
5.44076	0	0.144652	-64.7045	147.739	-2.99007	
14.9868	0	0.227959	-4.19892	229.819	1.69121	
3.53886	0	0.128054	17.2281	194.214	-8.27433	
2.80319	0	0.121634	23.8583	169.626	6.13062	
-0.303814	-0	0.0945199	34.3092	-91.9598	2.66627	
17.889	0	0.253286	-25.4628	254.107	2.95537	
6.18316	0	0.151131	-44.9369	215.551	-8.2973	
14.5834	0	0.224439	-15.3351	227.3	3.14192	
6.6705	0	0.155384	31.9596	225.363	-3.86328	
10.7186	0	0.190711	3.05081	197.995	5.34561	
13.1468	0	0.211902	40.1943	225.025	-8.23367	
-3.5246	-0	0.0664125	1.60983	-210.679	-3.5337	
-2.91198	-0	0.0717588	-28.5445	-218.529	0.953928	
6.49794	0	0.153878	21.2023	171.562	4.24717	
8.31347	0	0.169722	29.2496	198.735	2.73799	
10.7793	0	0.19124	3.70013	250.244	3.68397	
9.86672	0	0.183277	-39.9147	188.021	-7.81622	
8.49184	0	0.171278	-21.6803	189.777	0.347057	
-3.85638	-0	0.063517	14.5792	-154.92	-14.333	
1.01496	0	0.106029	9.93944	253.179	13.7109	
2.05776	0	0.115129	-9.44229	143.748	-16.2871	
10.0421	0	0.184807	-0.735486	206.485	5.18707	
7.27858	0	0.16069	-20.1881	224.94	3.82039	
10.9686	0	0.192893	29.8209	181.619	5.20284	
-0.42772	-0	0.0934385	55.3842	-120.136	-12.2609	
5.08107	0	0.141513	-0.0121731	174.265	-2.9809	
1.94463	0	0.114142	-43.4399	200.484	9.89728	
15.7637	0	0.234739	13.9533	209.666	-3.27699	
-0.270713	-0	0.0948087	13.2793	-37.6123	15.8432	
0.361774	0	0.100328	146.257	36.2155	25.9989	
5.20302	0	0.142577	6.07618	195.15	-1.32326	
-2.68982	-0	0.0736975	-41.32	-185.807	19.4804	
15.8555	0	0.23554	-42.8072	236.357	-12.798	
-3.34547	-0	0.0679757	-70.7547	-232.92	14.486	
-0.0842446	-0	0.096436	50.7099	19.5387	-59.8759	
4.83236	0	0.139343	-16.2985	238.689	-3.93892	
9.29013	0	0.178245	12.0116	181.085	-9.93719	
3.05267	0	0.123811	-43.4609	142.08	-2.17031	
8.07656	0	0.167654	-19.5615	224.145	-3.64216	
4.67739	0	0.13799	-1.5463	151.722	6.92093	
-0.901045	-0	0.0893079	-106.121	-182.248	-3.8321	
-3.89624	-0	0.0631692	7.46608	-197.689	-6.36081	
4.50402	0	0.136477	19.3567	188.135	2.13416	
-0.125762	-0	0.0960737	73.1274	-50.7647	-39.3404	
21.6561	0	0.286161	-45.2702	257.855	0.451954	
5.59568	0	0.146004	1.71112	181.328	5.40994	
1.10688	0	0.106831	-88.1343	225.256	-2.45563	
14.799	0	0.22632	2.68278	266.686	13.576	
10.7041	0	0.190585	19.3586	221.22	6.24345	
-1.80079	-0	0.0814559	53.987	-152.399	-3.51897	
-3.74301	-0	0.0645065	-14.7413	-152.292	8.29296	
-5.97077	-0	0.0450651	-37.7492	-175.025	3.83174	
0.314231	0	0.0999135	-120.856	108.421	-56.5964	
1.72374	0	0.112214	37.4976	197.286	-10.2254	
4.88632	0	0.139813	0.801397	187.726	-4.86084	
-3.72039	-0	0.0647038	5.0847	-190.254	-3.76893	
-1.4406	-0	0.0845993	55.4914	-197.458	-6.27363	
6.61934	0	0.154937	-9.74182	207.502	2.96661	
-1.06678	-0	0.0878615	85.4682	-225.739	-1.65273	
22.2415	0	0.291269	-2.87818	246.235	-0.62014	
5.54307	0	0.145545	11.9198	195.603	-3.1268	
2.13348	0	0.11579	81.3641	215.721	10.6477	
-2.26016	-0	0.0774471	-58.0221	-184.31	4.09855	
1.17845	0	0.107455	39.4926	223.169	0.532141	
9.6719	0	0.181577	2.15887	229.01	2.72954	
-0.248945	-0	0.0949987	-1.5585	-36.0915	11.7455	
-1.52595	-0	0.0838544	-6.13651	-222.296	18.7003	
2.73943	0	0.121078	26.5396	172.158	-17.5228	
1.92754	0	0.113993	-12.9168	108.302	-7.80706	
6.18247	0	0.151125	4.7812	142.168	-2.05377	
11.3716	0	0.19641	-23.4613	198.007	3.04592	
5.01072	0	0.140899	74.4307	164.569	-5.74925	
-1.20143	-0	0.0866865	105.795	-278.943	7.48391	
-2.55936	-0	0.074836	-27.033	-194.301	-4.6691	
-2.15259	-0	0.0783859	15.5966	-229.671	2.0213	
6.33717	0	0.152475	-27.5188	237.641	4.10873	
7.51019	0	0.162712	0.754203	220.865	-14.496	
11.9798	0	0.201718	50.2511	235.264	4.66189	
0.49743	0	0.101512	-103.651	53.4193	-29.0664	
0.277435	0	0.0995923	35.0071	-31.2506	5.89267	
2.02973	0	0.114884	51.4357	197.388	24.9383	
-3.11481	-0	0.0699886	6.15786	-193.179	2.66349	
-0.513433	-0	0.0926905	69.4323	-195.025	-16.3776	
0.188012	0	0.098812	7.71168	-14.4213	-24.4818	
4.74988	0	0.138623	38.7614	165.107	11.6032	
12.2971	0	0.204486	-51.646	218.646	-8.66921	
4.31872	0	0.13486	66.0656	179.511	-0.682722	
1.59031	0	0.11105	90.2152	209.568	-6.64666	
0.884693	0	0.104892	-88.6384	105.476	-14.5801	
1.31025	0	0.108606	29.8211	183.574	1.98221	
1.33492	0	0.108821	42.8716	205.496	9.64228	
7.22326	0	0.160208	-7.24289	190.816	1.38717	
0.330404	0	0.100055	131.358	69.2471	43.1283	
6.50266	0	0.153919	-21.9135	159.342	-1.06221	
-3.56727	-0	0.0660401	11.0148	-180.078	-2.82585	
4.90583	0	0.139984	-57.4965	203.455	7.61806	
-2.04637	-0	0.0793128	41.8762	-216.417	-0.113859	
-3.2635	-0	0.0686911	35.3845	-186.846	0.21152	
3.28498	0	0.125839	60.9202	177.422	1.76477	
1.13989	0	0.107119	-12.9782	277.071	12.0414	
2.76831	0	0.12133	41.5096	173.991	13.5052	
-2.73566	-0	0.0732974	94.8158	-181.216	-0.34601	
11.3548	0	0.196263	37.9004	215.171	-5.52691	
12.585	0	0.206999	-35.8632	244.139	4.99711	
9.3449	0	0.178723	34.3416	245.094	-0.769907	
2.18077	0	0.116203	-42.8113	163.279	-2.72796	
17.4491	0	0.249447	11.403	223.464	-2.57383	
11.5815	0	0.198242	16.7005	244.235	7.36514	
16.5069	0	0.241225	-32.1488	216.28	0.759215	
15.1473	0	0.22936	-0.0128089	209.837	2.2772	
3.83898	0	0.130673	-26.8543	189.626	18.8597	
8.37817	0	0.170286	30.0179	227.893	-13.4025	
9.05962	0	0.176233	-6.23706	163.739	2.97973	
-1.11462	-0	0.0874441	-115.084	-198.677	10.7823	
9.41957	0	0.179375	-8.64827	201.623	-0.325228	
2.54259	0	0.11936	-21.1195	189.748	-14.1691	
5.90552	0	0.148708	16.8444	158.424	-7.5419	
-2.65537	-0	0.0739981	-29.3514	-220.862	-6.74664	
1.21191	0	0.107747	-25.4894	126.35	3.19613	
2.83879	0	0.121945	-28.6379	179.269	6.35551	
-0.396974	-0	0.0937069	-4.63354	-180.492	-18.7307	
-1.39277	-0	0.0850167	7.13818	-165.243	-7.03952	
11.3022	0	0.195804	37.9447	250.14	13.575	
-0.0748925	-0	0.0965176	40.1525	-49.4456	-43.5725	
22.3901	0	0.292566	-33.8098	234.248	6.74083	
10.5325	0	0.189087	14.5168	226.19	6.14458	
6.64615	0	0.155171	57.4611	194.013	-10.3751	
3.60895	0	0.128666	-75.2002	186.019	1.24706	
11.4476	0	0.197073	16.8895	195.473	2.75221	
-2.38556	-0	0.0763528	61.6701	-162.76	10.6758	
-2.02871	-0	0.0794669	30.5653	-198.902	1.07245	
23.5283	0	0.3025	-11.1537	240.856	5.28891	
1.81312	0	0.112994	-46.6288	220.66	8.49955	
6.29142	0	0.152076	-23.5972	200.124	17.2847	
1.10651	0	0.106828	12.4647	171.244	-4.54982	
6.84587	0	0.156914	-19.8656	176.932	4.58273	
9.05426	0	0.176187	33.5951	226.806	3.9272	
2.54223	0	0.119357	-83.1702	207.875	-15.0541	
1.85476	0	0.113357	-32.5779	214.106	-7.20428	
5.61579	0	0.146179	-12.0829	187.966	-1.50196	
3.49879	0	0.127705	-20.7066	148.14	4.25656	
-3.83329	-0	0.0637186	2.1958	-218.041	1.73586	
-0.629071	-0	0.0916814	-73.8425	-249.816	21.9516	
12.9235	0	0.209953	10.9346	229.198	-1.7622	
4.74039	0	0.13854	-48.0139	186.758	-2.52564	
8.38284	0	0.170327	18.8544	216.277	-8.30128	
-2.29084	-0	0.0771793	-54.2502	-197.574	-8.61319	
4.26334	0	0.134377	-14.9304	218.68	-1.50565	
13.1752	0	0.212149	15.694	209.955	-4.19671	
9.40036	0	0.179207	-3.22375	200.241	-0.783077	
0.1558	0	0.0985308	126.958	33.5084	100.5	
4.38162	0	0.135409	-64.4852	186.087	-0.847527	
5.92677	0	0.148893	-4.43696	186.197	20.6052	
18.1424	0	0.255498	-21.4828	202.921	-0.339224	
8.05215	0	0.167441	33.2131	182.988	2.77021	
11.4222	0	0.196852	28.6335	191.188	-0.99962	
-2.55757	-0	0.0748516	66.4718	-181.752	1.59508	
4.44219	0	0.135938	-30.8627	188.306	-1.27344	
2.09662	0	0.115468	-70.038	199.603	2.31074	
13.6182	0	0.216015	0.725797	197.41	-6.43848	
8.19501	0	0.168688	-50.9203	186.427	-13.1959	
11.1411	0	0.194398	-19.6671	228.475	4.41233	
10.8862	0	0.192173	8.55189	241.942	1.70706	
3.1674	0	0.124813	-35.8163	243.128	6.61824	
-6.96756	-0	0.0363662	3.80213	-170.913	5.44374	
-0.328478	-0	0.0943046	87.8503	-117.677	-7.04188	
-3.46616	-0	0.0669225	-56.8798	-170.7	6.61275	
0.885009	0	0.104895	2.80535	200.895	21.3445	
2.19994	0	0.11637	4.01423	209.793	-7.37309	
6.57457	0	0.154547	18.7951	185.898	-12.3035	
5.84504	0	0.14818	11.2685	201.453	-5.00935	
7.68574	0	0.164244	-32.473	171.134	6.43025	
-1.91165	-0	0.0804885	-24.0533	-172.43	-5.23663	
3.39852	0	0.12683	-45.9569	186.863	10.7558	
13.9616	0	0.219012	8.5263	230.865	-0.640964	
-1.69341	-0	0.082393	-63.1026	-165.673	-1.52814	
7.33423	0	0.161176	47.6501	244.935	-3.26335	
16.25	0	0.238983	-3.63073	274.018	-11.2742	
1.85419	0	0.113352	-39.2378	184.435	-16.2233	
17.0572	0	0.246027	29.6707	249.838	-1.7353	
-2.31171	-0	0.0769972	16.872	-146.344	-2.376	
-1.4432	-0	0.0845766	-11.211	-239.07	-8.25034	
-3.11386	-0	0.069997	-14.5019	-152.399	4.22155	
12.6305	0	0.207396	-12.3986	229.461	2.98733	
-4.63923	-0	0.0566853	20.5399	-210.041	0.812271	
3.47732	0	0.127517	3.64196	162.435	-7.18687	
10.7619	0	0.191089	-25.7248	222.783	2.50534	
8.90848	0	0.174914	-26.0295	198.003	8.31902	
9.70619	0	0.181876	-31.6495	209.032	-8.71853	
5.50604	0	0.145222	-32.3583	191.35	12.128	
2.39982	0	0.118114	-3.09613	211.332	-2.12012	
5.63825	0	0.146375	8.735	205.499	-4.96293	
2.8584	0	0.122116	62.1581	193.901	16.0756	
9.72589	0	0.182048	20.9238	229.901	-2.38355	
-5.68897	-0	0.0475243	36.7476	-216.042	5.9997	
1.3787	0	0.109203	56.9269	187.235	-6.84413	
2.82766	0	0.121848	-66.3727	208.412	-11.3869	
2.89696	0	0.122453	19.7719	205.493	-0.139085	
11.9559	0	0.201509	6.44603	286.733	-5.142	
10.0844	0	0.185176	26.5392	215.606	4.85572	
16.5871	0	0.241925	-21.5096	219.332	9.24134	
-1.83655	-0	0.0811439	52.6855	-214.109	13.0975	
6.76167	0	0.156179	29.8196	206.833	8.49851	
0.127983	0	0.0982881	72.5444	48.2648	26.4008	
5.21628	0	0.142693	-31.2998	205.043	-1.65482	
5.63082	0	0.146311	26.68	185.399	8.51191	
12.4873	0	0.206146	3.13133	197.852	9.71903	
1.17751	0	0.107447	40.8858	109.297	3.3775	
1.04442	0	0.106286	27.1128	164.123	16.9361	
10.6379	0	0.190007	12.9896	213.397	2.24566	
1.68402	0	0.111867	-37.8841	225.95	3.29853	
13.677	0	0.216529	-10.5656	220.406	4.5979	
15.6166	0	0.233456	7.44386	256.519	-5.71519	
6.7192	0	0.155809	-39.2038	199.636	-16.7157	
-2.91564	-0	0.0717268	-21.6576	-149.697	4.48091	
1.34025	0	0.108867	-38.9535	168.881	-1.162	
0.755292	0	0.103763	86.986	186.156	1.10057	
6.19704	0	0.151252	-54.3328	195.169	-7.21621	
2.24114	0	0.116729	-13.3293	202.138	4.76472	
8.93556	0	0.175151	22.4017	246.382	13.5948	
13.4547	0	0.214588	-6.98404	237.44	3.51894	
8.98994	0	0.175625	11.3387	190.017	1.64298	
1.13945	0	0.107115	55.573	161.953	16.1686	
15.0139	0	0.228196	20.1174	217.518	-0.771505	
9.37008	0	0.178943	-60.7091	220.468	4.44283	
8.08002	0	0.167684	40.694	209.506	9.6414	
1.37529	0	0.109173	11.9845	144.988	13.6578	
-1.13646	-0	0.0872535	-26.1262	-204.278	-5.37864	
0.409248	0	0.100743	-97.1761	79.1848	-20.1755	
2.05516	0	0.115106	12.8784	192.801	-23.3558	
1.19021	0	0.107558	33.7718	219.105	-1.47579	
-1.64319	-0	0.0828313	-40.0977	-209.341	-2.63826	
-2.84097	-0	0.0723785	38.7801	-135.056	6.53664	
12.9834	0	0.210475	6.15889	204.008	6.67245	
9.83221	0	0.182976	3.92376	237.842	-4.66162	
2.25838	0	0.11688	46.1119	213.602	0.0874686	
-3.22749	-0	0.0690053	11.3094	-198.333	5.35468	
-0.457685	-0	0.093177	62.0022	-119.664	-42.6506	
2.87618	0	0.122271	11.6501	160.461	-2.12652	
5.26779	0	0.143143	0.538367	208.125	1.97456	
-3.35306	-0	0.0679095	52.1804	-156.708	9.52608	
2.02847	0	0.114873	30.9566	221.778	-16.1436	
-2.8087	-0	0.07266	-3.71497	-192.744	-17.8647	
2.01823	0	0.114784	75.096	233.629	-11.3067	
8.59049	0	0.172139	9.21619	181.047	-4.96643	
-0.249245	-0	0.0949961	-78.6222	-59.1587	23.2162	
7.67704	0	0.164168	15.3966	209.379	-4.28162	
-0.810474	-0	0.0900983	21.1601	-297.826	12.5099	
9.61574	0	0.181087	-4.87064	226.016	-11.9578	
0.231279	0	0.0991895	-0.33061	87.6375	4.74367	
2.95085	0	0.122923	10.224	148.802	-17.2916	
8.49355	0	0.171293	25.979	198.986	-0.686397	
6.56141	0	0.154432	-1.40859	197.857	16.358	
-1.8256	-0	0.0812394	12.1153	-216.723	-3.65757	
12.5251	0	0.206476	-13.6566	213.765	-3.24643	
6.19143	0	0.151203	-8.78344	193.446	-4.2351	
10.4613	0	0.188466	-14.9572	245.315	12.4289	
-3.30928	-0	0.0682915	23.0531	-204.108	-0.317862	
-2.00175	-0	0.0797022	3.38278	-231.74	13.3523	
12.3061	0	0.204565	14.0039	258.724	-4.58482	
13.1566	0	0.211987	-22.0577	233.615	1.68939	
4.38089	0	0.135403	4.26143	176.7	4.5583	
-2.09369	-0	0.0788998	-44.2554	-220.816	-7.54676	
7.38195	0	0.161592	-7.48994	200.509	-4.63639	
-4.98015	-0	0.0537101	-0.396703	-170.099	-8.13483	
-3.18713	-0	0.0693575	9.64333	-144.88	5.5157	
-5.12242	-0	0.0524686	-11.436	-198.145	-9.16818	
-5.45914	-0	0.04953	-2.57854	-197.558	5.2433	
10.6765	0	0.190344	-34.8366	233.815	6.08572	
14.5155	0	0.223846	-13.4004	249.099	-9.70224	
-4.02858	-0	0.0620143	1.38288	-220.343	-7.4388	
5.60804	0	0.146112	7.07251	159.234	-2.41646	
-1.66056	-0	0.0826797	20.644	-228.598	9.26661	
11.627	0	0.198638	14.4156	250.405	6.67389	
7.46665	0	0.162332	27.6729	171.977	8.54822	
-4.68087	-0	0.0563218	-24.7699	-173.743	-6.9155	
0.108278	0	0.0981161	10.7923	52.9643	-27.6744	
-2.83239	-0	0.0724533	53.4527	-202.079	-10.1046	
8.60593	0	0.172274	-18.4282	183.653	1.24138	
8.5914	0	0.172147	50.6323	219.4	-11.0231	
3.07548	0	0.12401	-11.2526	141.947	3.50986	
-1.13251	-0	0.087288	-21.7121	-212.329	5.20121	
8.61988	0	0.172396	5.46184	231.134	0.778144	
-3.71646	-0	0.0647381	-21.8218	-195.845	7.66788	
12.4791	0	0.206075	-19.9182	224.28	-5.45236	
34.0172	0	0.394035	-38.3782	247.489	-0.273924	
10.1567	0	0.185807	-21.5511	188.77	-14.8875	
7.59758	0	0.163474	9.2984	168.865	-7.55019	
-1.31579	-0	0.0856885	38.6971	-188.559	17.1736	
4.63977	0	0.137662	1.85829	178.993	-0.354425	
1.20454	0	0.107683	-117.765	203.018	-4.21658	
-4.11096	-0	0.0612954	46.6536	-163.919	14.7314	
8.34569	0	0.170003	61.8711	191.362	11.4865	
14.7435	0	0.225836	-30.1029	214.996	-5.59031	
-0.0697713	-0	0.0965623	45.9642	-67.1316	-96.0068	
-1.40026	-0	0.0849513	-54.2341	-154.74	12.3756	
-4.49545	-0	0.05794	36.2221	-154.612	3.47791	
5.57796	0	0.145849	40.9072	201.254	11.3325	
8.15629	0	0.16835	-2.34297	196.846	-6.38535	
0.385133	0	0.100532	-44.0566	68.7449	-11.003	
7.20117	0	0.160015	-32.3265	193.304	-1.93966	
5.11084	0	0.141773	-16.9445	206.838	13.142	
-5.77702	-0	0.0467559	17.677	-187.331	-19.0252	
5.76431	0	0.147476	-14.5133	195.508	8.16616	
8.41988	0	0.17065	0.723402	198.384	-1.01625	
7.6413	0	0.163856	6.61954	198.626	-2.58597	
0.123679	0	0.0982505	135.132	69.9006	96.8868	
3.16041	0	0.124752	23.3845	199.833	-7.1128	
-1.89622	-0	0.0806232	-53.4848	-174.978	-8.566	
9.28809	0	0.178227	-19.4963	190.095	15.9035	
7.88925	0	0.16602	9.97003	234.719	9.33922	
15.3794	0	0.231385	-5.72127	200.973	8.60846	
11.3631	0	0.196335	11.4895	235.426	7.85309	
10.5725	0	0.189436	-42.49	211.287	-3.97521	
-0.960365	-0	0.0887902	40.53	-155.721	-7.04364	
5.65767	0	0.146545	5.81444	172.488	0.536956	
14.7806	0	0.22616	-1.2922	246.037	2.42354	
-0.443271	-0	0.0933028	-6.44558	-107.987	11.775	
0.711005	0	0.103376	14.348	125.465	0.261438	
2.2714	0	0.116993	3.02515	185.029	-5.26676	
9.54276	0	0.18045	-2.99522	238.711	-0.146265	
6.13941	0	0.150749	38.3019	130.324	11.1912	
-0.896188	-0	0.0893503	-18.6919	-164.885	-9.24868	
12.9126	0	0.209857	30.5695	212.355	3.19354	
12.0815	0	0.202605	8.67856	180.889	3.98061	
2.2844	0	0.117107	-22.6944	190.943	3.24875	
5.26916	0	0.143154	32.2191	185.707	-6.9515	
6.66551	0	0.15534	16.0553	175.172	10.6	
-0.0326721	-0	0.0968861	40.1459	-34.7616	-23.6769	
12.0006	0	0.201899	39.966	236.149	-7.14318	
-2.05029	-0	0.0792786	-96.6608	-179.055	2.74468	
8.03363	0	0.16728	-7.11106	202.747	6.75753	
5.2749	0	0.143205	-28.1797	227.918	13.6478	
2.87888	0	0.122295	-48.2477	212.227	6.26616	
1.80707	0	0.112941	-118.323	170.452	-3.15175	
9.47114	0	0.179825	7.83107	222.343	10.0921	
-4.03798	-0	0.0619323	-12.8907	-132.228	-2.5193	
10.0654	0	0.185011	15.3804	204.083	2.9501	
-6.01478	-0	0.044681	-50.1116	-202.818	2.89933	
-2.82005	-0	0.072561	-51.2229	-155.123	-20.7084	
11.6731	0	0.199041	21.2094	223.353	-0.0602261	
-2.40545	-0	0.0761792	-37.1899	-179.251	2.39967	
5.13448	0	0.141979	-1.82438	217.798	-9.90027	
8.66835	0	0.172819	15.6705	207.895	-11.2837	
17.7704	0	0.252251	-24.7153	236.825	-4.4552	
3.44933	0	0.127273	35.1073	179.187	6.17788	
16.3445	0	0.239808	10.0494	266.979	7.22143	
2.32023	0	0.11742	-34.0705	162.875	6.26965	
11.1845	0	0.194777	2.61437	179.892	-0.690175	
4.00322	0	0.132107	7.7759	158.955	8.6747	
4.20801	0	0.133894	-37.4694	204.871	-11.3233	
14.0244	0	0.21956	7.35063	218.643	7.3791	
0.0929456	0	0.0979823	-28.6784	34.489	4.34637	
5.55506	0	0.145649	-26.878	210.41	-2.89715	
3.66774	0	0.129179	1.75384	177.454	5.43561	
1.43902	0	0.109729	24.5341	210.676	5.35701	
8.78262	0	0.173816	39.7462	191.95	-10.1913	
16.8212	0	0.243968	45.7157	215.427	-3.71107	
7.6094	0	0.163577	-2.71865	214.481	-6.6349	
11.5722	0	0.19816	-18.4633	227.673	-5.93957	
3.10779	0	0.124292	-24.131	211.962	0.557941	
1.89447	0	0.113704	51.5349	183.872	8.9281	
7.75894	0	0.164882	-46.8351	190.065	3.21194	
3.93046	0	0.131472	-17.0569	186.848	2.08077	
0.678502	0	0.103092	16.5834	242.575	-0.192955	
15.9166	0	0.236073	-48.4885	226.781	-9.07614	
5.42033	0	0.144474	-2.92905	145.287	-16.1107	
2.88504	0	0.122349	12.6259	141.499	6.06104	
6.82356	0	0.15672	-8.66527	212.316	-6.1653	
2.28847	0	0.117142	32.4158	192.352	-13.9896	
0.114438	0	0.0981699	-26.1536	73.4195	-4.30651	
0.161129	0	0.0985774	45.3236	34.1279	20.8085	
4.03884	0	0.132418	-31.3091	195.834	-13.5449	
-3.05432	-0	0.0705165	-22.5619	-163.621	4.23882	
1.53426	0	0.11056	2.97748	198.417	-13.8505	
-3.05212	-0	0.0705358	9.74155	-170.374	6.47811	
15.9009	0	0.235936	-27.5717	244.12	0.148987	
9.93682	0	0.183889	-32.6033	213.668	-10.1715	
8.11374	0	0.167979	2.38786	184.36	4.68688	
2.15126	0	0.115945	-28.6402	220.449	1.97682	
11.2994	0	0.19578	-14.0338	167.87	10.0972	
1.81925	0	0.113048	-47.4526	256.435	-1.62166	
10.2648	0	0.186751	-43.0484	205.017	-3.99881	
2.38776	0	0.118009	36.0285	193.161	-4.45937	
3.69888	0	0.129451	28.098	207.876	-14.7886	
7.44412	0	0.162135	9.41659	188.248	6.21807	
9.28025	0	0.178159	-32.9632	196.263	6.09662	
1.35193	0	0.108969	103.006	217.961	0.531259	
1.85843	0	0.113389	4.15366	179.428	-6.85343	
8.41274	0	0.170588	6.06755	196.254	-17.3782	
4.29918	0	0.13469	-16.0687	187.614	1.0691	
8.47843	0	0.171161	26.7978	175.162	2.88723	
7.57289	0	0.163259	-15.415	167.318	-6.36078	
2.35802	0	0.117749	-4.10852	200.169	-0.0727769	
1.40714	0	0.109451	-20.5899	222.313	7.42093	
-1.50249	-0	0.0840591	60.6571	-207.817	-8.93697	
3.22945	0	0.125354	-37.8735	180.77	2.56014	
4.19715	0	0.133799	32.5729	163.365	-0.936098	
-1.76349	-0	0.0817814	31.7661	-237.053	15.8061	
10.5558	0	0.18929	23.0828	238.557	6.35393	
9.23488	0	0.177763	-18.7477	186.623	-4.18923	
-4.09909	-0	0.061399	-3.39719	-226.855	-5.55428	
6.86522	0	0.157083	-44.0419	230.63	1.79414	
2.62102	0	0.120044	33.9107	213.764	-16.9195	
10.3289	0	0.187311	5.8153	236.243	-3.39349	
3.53708	0	0.128039	-24.9104	197.825	4.50754	
-3.11803	-0	0.0699606	4.11812	-215.726	12.5293	
8.39538	0	0.170437	10.8808	193.248	-4.77634	
-1.59713	-0	0.0832333	49.6596	-183.805	8.55433	
1.79842	0	0.112866	-70.2059	191.916	6.24436	
2.99508	0	0.123309	-11.4243	180.896	3.89138	
-2.25973	-0	0.0774508	-43.3587	-182.416	1.68768	
8.64533	0	0.172618	-22.084	203.103	-6.66835	
11.9169	0	0.201168	-12.1193	203.409	5.64604	
-2.94543	-0	0.0714668	23.2586	-180.89	-11.4618	
4.89148	0	0.139859	-1.54796	255.938	13.6142	
13.1108	0	0.211587	-4.07259	220.913	0.388582	
9.52243	0	0.180272	5.31114	222.578	0.818301	
1.24795	0	0.108062	59.5469	158.384	-1.45471	
13.1631	0	0.212044	-1.72414	233.08	-6.99476	
-1.29782	-0	0.0858453	25.8025	-231.505	-5.78755	
-4.76871	-0	0.0555553	-19.441	-176.573	-11.4661	
5.3598	0	0.143945	14.6855	183.851	-8.57032	
4.05748	0	0.13258	-33.3661	222.864	-5.38594	
10.8321	0	0.191702	2.19286	207.211	-0.415442	
7.92011	0	0.166289	3.13057	195.506	0.645184	
2.22695	0	0.116605	-49.9408	230.303	11.7033	
8.71727	0	0.173246	-38.79	215.899	6.46349	
-3.2452	-0	0.0688508	36.5937	-200.586	-13.0895	
-1.34589	-0	0.0854258	17.0456	-228.537	4.34625	
13.726	0	0.216956	-0.776226	234.345	-5.85696	
19.0472	0	0.263393	-17.3818	225.865	1.99652	
-1.70077	-0	0.0823288	13.2676	-186.908	-14.5921	
7.96605	0	0.16669	-45.3109	231.611	-1.42734	
9.78241	0	0.182541	-22.0472	175.059	3.93468	
2.02346	0	0.11483	-4.16954	178.728	-0.169026	
6.94297	0	0.157762	-3.45632	198.994	10.9512	
15.2849	0	0.230561	26.8799	229.73	-0.684138	
5.63239	0	0.146324	3.67655	202.961	-2.31364	
-4.73728	-0	0.0558296	1.40838	-169.705	0.0410314	
12.9908	0	0.21054	3.69318	242.1	4.24588	
8.90764	0	0.174907	23.425	205.097	0.162526	
10.338	0	0.18739	16.3442	246.006	-5.37665	
4.20092	0	0.133832	-40.3717	208.984	7.44173	
-1.03935	-0	0.0881009	-12.1984	-224.873	4.18799	
8.02221	0	0.16718	5.47894	196.772	-8.6682	
10.659	0	0.190191	-16.6933	229.475	2.58504	
13.3275	0	0.213479	19.7983	235.843	3.27714	
5.37913	0	0.144114	67.5896	210.856	10.557	
-3.79476	-0	0.0640549	-31.9587	-231.624	-9.50673	
12.591	0	0.207051	37.7984	221.31	-2.96958	
10.4093	0	0.188012	-2.207	224.449	0.595493	
11.63	0	0.198665	9.67629	211.55	-1.01781	
7.98675	0	0.16687	-51.4007	256.253	-12.8735	
6.54763	0	0.154311	-31.4843	219.348	-17.2895	
19.6365	0	0.268536	-17.0028	242.694	5.44987	
8.41535	0	0.170611	-40.4925	185.001	-2.62646	
0.901334	0	0.105037	157.375	238.529	0.0432247	
1.03394	0	0.106194	-39.823	211.169	-3.83102	
12.5224	0	0.206453	15.1716	252.754	12.1924	
14.1016	0	0.220234	-1.06226	262.686	-4.00584	
0.451136	0	0.101108	-104.76	203.296	-6.26889	
11.9858	0	0.20177	-28.2492	203.942	5.66169	
6.13447	0	0.150706	-70.7285	190.24	-3.14417	
-0.0323701	-0	0.0968887	-122.88	0.984617	213.733	
7.5678	0	0.163214	-11.2099	196.041	-1.98112	
-0.396817	-0	0.0937082	-17.0487	-138.176	13.795	
16.8551	0	0.244264	15.2199	236.818	-0.375375	
10.0063	0	0.184495	-25.6952	243.118	-3.92574	
3.3714	0	0.126593	22.2648	222.186	10.8781	
8.06676	0	0.167569	-29.8322	187.849	11.0572	
5.37782	0	0.144103	-22.5015	182.232	5.95644	
7.87651	0	0.165908	0.27191	191.377	8.19657	
-4.49648	-0	0.0579311	-36.9176	-173.662	-6.30346	
12.063	0	0.202443	-33.1897	193.219	1.20351	
1.81045	0	0.112971	-3.16956	230.677	-12.5404	
-6.56849	-0	0.0398488	23.0818	-218.213	3.24637	
4.00979	0	0.132164	-1.82912	209.289	4.76653	
8.54845	0	0.171772	-42.2601	190.083	7.02141	
13.2283	0	0.212613	-21.2028	226.71	4.24112	
15.0849	0	0.228815	6.3677	216.675	6.35175	
5.55368	0	0.145637	7.24882	204.125	-7.53954	
-4.27596	-0	0.0598554	11.5304	-183.879	4.95441	
5.12571	0	0.141903	31.7043	184.458	-1.20251	
18.0083	0	0.254327	-4.34258	245.134	4.40415	
2.44858	0	0.11854	-22.3406	225.235	-15.9266	
-0.653111	-0	0.0914716	123.029	-226.396	4.45488	
10.4997	0	0.188801	9.09758	232.967	-2.73423	
-1.29935	-0	0.0858319	22.3644	-213.349	-7.04013	
13.7549	0	0.217208	-1.36255	232.937	-2.18457	
10.2274	0	0.186424	-10.9395	238.012	11.7552	
16.5569	0	0.241661	-13.0114	233.81	-10.817	
15.7924	0	0.234989	-57.111	244.249	6.88154	
-2.15883	-0	0.0783314	1.25379	-179.91	-2.7986	
-0.254018	-0	0.0949544	-47.8529	-105.027	19.116	
7.87308	0	0.165879	21.8551	185.585	2.20871	
5.07632	0	0.141472	13.8363	225.184	-4.72039	
-0.030892	-0	0.0969016	-12.9177	33.079	122.097	
-3.9412	-0	0.0627769	-8.84964	-187.415	1.86204	
1.13718	0	0.107095	-18.5601	161.487	6.51233	
6.19844	0	0.151264	3.79326	211.414	6.94971	
10.5846	0	0.189541	-9.46936	207.104	-8.52781	
21.2164	0	0.282324	19.5319	243.289	-0.0781604	
5.38137	0	0.144134	-0.273874	144.253	4.18404	
14.1432	0	0.220597	-8.52011	237.171	15.7592	
9.62688	0	0.181184	67.1923	191.318	2.929	
8.58887	0	0.172125	-23.5971	188.67	-5.90806	
2.68306	0	0.120586	-51.1194	196.736	-0.496259	
10.6912	0	0.190472	-2.43705	221.206	-3.30338	
17.1184	0	0.246561	6.48143	230.409	7.97067	
0.0783273	0	0.0978547	-34.5551	36.537	-73.0835	
3.67796	0	0.129268	101.6	189.416	0.113366	
10.5653	0	0.189373	-7.91962	215.604	-4.28082	
-3.04079	-0	0.0706347	40.3063	-132.771	0.883632	
-4.10159	-0	0.0613772	-14.5953	-188.473	-0.42332	
3.68978	0	0.129371	16.5341	150.175	-6.19419	
16.5158	0	0.241302	38.7797	243.333	6.03241	
-1.34289	-0	0.085452	23.3687	-160.574	-3.54096	
9.59709	0	0.180924	4.28168	183.49	6.51943	
3.95626	0	0.131697	-11.9477	208.433	1.69671	
-1.19589	-0	0.0867348	-33.2568	-160.539	4.53586	
9.18177	0	0.177299	-34.5548	192.826	-2.48816	
10.8001	0	0.191422	-0.783607	214.69	-12.7002	
1.15305	0	0.107234	-71.8669	261.885	-10.3475	
13.4279	0	0.214355	-17.6108	217.743	-4.81068	
-0.730874	-0	0.090793	-76.6987	-231.636	4.54197	
9.16104	0	0.177118	-38.0724	218.1	-4.23815	
9.70832	0	0.181894	-46.9523	160.568	6.24859	
-2.48209	-0	0.0755103	49.5673	-188.636	-9.55479	
5.49765	0	0.145148	28.7218	214.914	5.99512	
12.685	0	0.207871	11.1545	223.536	-1.80966	
-3.5138	-0	0.0665068	-7.8788	-210.569	4.47169	
-0.100302	-0	0.0962959	-58.9766	5.30517	96.5025	
15.9334	0	0.23622	27.2082	248.017	9.96721	
9.15193	0	0.177039	-9.75259	230.737	0.00439001	
6.38022	0	0.152851	5.35425	169.243	-3.33697	
-2.94025	-0	0.071512	-36.0264	-178.464	-8.48368	
-7.15428	-0	0.0347367	39.1929	-198.977	7.77599	
-0.548375	-0	0.0923856	41.7178	-116.486	-10.8307	
10.4583	0	0.18844	49.7232	220.361	-6.59843	
0.223446	0	0.0991212	9.94424	69.4234	25.6388	
9.69202	0	0.181752	39.6139	236.242	7.05657	
2.08797	0	0.115393	-53.9484	144.098	-6.42787	
7.5445	0	0.163011	47.985	231.438	-19.9385	
0.0560619	0	0.0976604	102.9	15.3214	111.222	
11.6411	0	0.198762	-65.8351	233.738	-2.73199	
1.5873	0	0.111023	-16.6316	192.832	13.9969	
-2.18082	-0	0.0781395	-7.95463	-217.942	4.52154	
12.9753	0	0.210404	-0.0821817	189.133	6.17869	
7.29358	0	0.160821	-19.1111	194.513	-0.980768	
-1.89162	-0	0.0806633	23.1411	-233.105	5.26162	
2.27252	0	0.117003	3.04065	201.313	-2.77747	
6.27903	0	0.151967	-11.9855	238.149	2.98772	
-1.97397	-0	0.0799446	9.14211	-204.459	-8.53647	
3.2689	0	0.125698	23.6711	191.449	2.48793	
8.69144	0	0.17302	54.1653	222.869	6.89918	
-0.799705	-0	0.0901923	-48.1216	-267.271	11.4707	
4.12186	0	0.133142	0.277265	172.64	-13.164	
-1.34106	-0	0.0854679	6.46676	-214.73	6.27088	
-5.13735	-0	0.0523383	23.4507	-153.918	-6.59419	
8.63777	0	0.172552	26.8137	173.925	5.91648	
0.394735	0	0.100616	20.8756	93.6259	0.646999	
7.59001	0	0.163408	-10.8092	239.313	7.71391	
10.5835	0	0.189532	-11.5449	236.502	-3.52909	
5.11158	0	0.141779	-17.9683	179.809	12.4723	
0.313698	0	0.0999088	-65.2336	86.3198	-24.1566	
4.60715	0	0.137377	-14.0565	197.987	-0.718889	
-2.83808	-0	0.0724037	-34.0328	-223.772	-6.79992	
-3.49521	-0	0.066669	-6.21397	-201.252	23.4407	
3.03355	0	0.123645	-7.56455	169.319	2.57713	
0.0752345	0	0.0978278	43.165	54.5389	40.3979	
5.0702	0	0.141418	36.8315	217.586	6.03294	
-2.28404	-0	0.0772386	21.8422	-226.152	-3.63629	
-3.0839	-0	0.0702584	-46.5706	-120.885	-6.26012	
1.72224	0	0.112201	-52.5355	178.236	5.83174	
3.78442	0	0.130197	-13.1094	171.157	-9.54462	
19.8799	0	0.27066	-11.8781	221.36	5.3869	
6.96313	0	0.157938	-6.57435	177.422	6.06401	
5.07891	0	0.141494	-48.138	177.5	-2.79079	
9.09607	0	0.176551	17.2664	192.213	3.98381	
2.96536	0	0.123049	17.7616	210.058	-6.85943	
-3.29502	-0	0.068416	-23.1301	-179.234	-0.0351176	
-2.21265	-0	0.0778617	30.7262	-182.374	1.73705	
4.24652	0	0.13423	1.23692	194.443	3.66368	
11.0699	0	0.193777	5.28449	231.266	-2.75336	
10.2668	0	0.186768	-18.3997	263.303	-1.4443	
-1.30541	-0	0.0857791	-43.6409	-177.848	-9.6012	
8.4313	0	0.17075	27.0064	208.434	0.488867	
5.46739	0	0.144884	-47.3327	167.769	3.68986	
-4.65897	-0	0.056513	-8.67882	-205.718	5.19154	
6.84743	0	0.156928	49.0779	194.911	8.06901	
10.9773	0	0.192968	4.53619	240.661	-1.04911	
0.689723	0	0.10319	-31.8351	232.36	-2.25591	
0.0752674	0	0.097828	68.3277	-25.7604	67.3851	
-2.02454	-0	0.0795033	14.9763	-228.684	9.56809	
12.6493	0	0.20756	-2.59864	229.031	5.64361	
-2.89516	-0	0.0719055	48.224	-168.296	-3.15303	
-1.12063	-0	0.0873916	6.92975	-175.053	-8.85317	
4.47516	0	0.136225	-10.0395	204.555	-2.53199	
9.4442	0	0.179589	5.36207	244.476	-2.31313	
-2.3917	-0	0.0762991	4.50695	-260.351	-1.92964	
6.35636	0	0.152642	-11.7394	194.664	1.54254	
-0.198002	-0	0.0954433	51.5819	-64.066	-36.9149	
0.163703	0	0.0985998	-13.2422	40.5368	34.3051	
3.07975	0	0.124048	24.7481	192.161	6.83817	
9.80007	0	0.182695	-4.51726	207.296	2.47767	
7.62088	0	0.163678	21.8136	161.888	5.50644	
1.81768	0	0.113034	3.19374	138.588	-5.84004	
4.53986	0	0.13679	-20.4549	191.929	2.42848	
-0.118675	-0	0.0961355	-8.95867	-2.50519	35.4614	
-6.35233	-0	0.0417353	-4.20033	-183.429	15.3344	
13.1001	0	0.211494	2.20285	201.371	2.89058	
-2.77404	-0	0.0729625	12.6852	-248.981	-2.45221	
5.12352	0	0.141884	1.50195	182.11	3.67597	
0.221745	0	0.0991063	64.5219	7.90215	68.6999	
-1.74933	-0	0.081905	-40.6612	-210.468	10.4214	
0.208859	0	0.0989939	-143.052	74.7919	-49.3214	
17.2013	0	0.247285	27.7331	240.013	-5.14946	
5.77751	0	0.147591	-25.2119	207.184	-12.0752	
-1.98239	-0	0.0798712	54.5412	-147.181	-6.30845	
5.52359	0	0.145375	-6.00052	240.64	-8.49024	
-0.412811	-0	0.0935686	-92.8121	-212.727	34.4791	
-1.31252	-0	0.0857171	19.6148	-246.231	18.2983	
-2.81958	-0	0.0725651	15.755	-186.013	4.51724	
16.3674	0	0.240007	-5.42306	228.354	5.29614	
2.12781	0	0.11574	39.2492	191.322	-0.742698	
13.0847	0	0.21136	-15.8438	228.274	12.0422	
11.0995	0	0.194035	20.0847	198.145	2.29279	
4.03073	0	0.132347	-2.67404	192.867	3.08156	
12.1069	0	0.202827	-17.0251	226.634	3.08955	
17.2343	0	0.247573	-44.3428	207.011	18.1926	
0.909486	0	0.105108	18.5255	235.471	-8.63695	
13.8474	0	0.218016	-8.54211	179.429	-6.61035	
10.3894	0	0.187838	-2.24074	198.183	2.80809	
20.1144	0	0.272707	-32.899	245.929	-2.71249	
-0.0836397	-0	0.0964413	101.023	16.5658	-142.526	
2.82641	0	0.121837	27.5688	169.054	-7.30554	
2.06976	0	0.115234	49.85	189.089	-12.5997	
13.3097	0	0.213323	-53.8986	248.627	14.2303	
2.14749	0	0.115912	-20.0912	190.364	-11.9335	
9.86538	0	0.183265	-4.77405	210.625	3.621	
15.971	0	0.236548	-20.9173	245.614	5.38066	
2.48925	0	0.118895	-23.4161	190.917	-22.5194	
-2.7667	-0	0.0730265	61.2988	-171.773	0.401389	
8.46896	0	0.171079	-22.8768	174.281	8.62015	
8.93206	0	0.17512	-0.0808979	217.959	0.0392001	
1.38476	0	0.109256	-12.1149	199.378	-13.1528	
12.1715	0	0.20339	3.04654	184.31	-12.4675	
-2.22894	-0	0.0777195	30.4191	-204.094	-1.51497	
7.09562	0	0.159094	1.09817	179.972	-2.64788	
5.14657	0	0.142085	37.9584	176.563	13.7865	
8.39459	0	0.17043	10.8901	200.889	-1.21544	
10.9256	0	0.192517	41.4406	206.017	-5.78234	
1.85743	0	0.113381	-74.347	220.298	1.73167	
4.95238	0	0.14039	46.7163	154.653	-6.63759	
-1.54986	-0	0.0836458	-42.7548	-199.062	11.5049	
-5.94691	-0	0.0452733	14.717	-170.058	-7.59992	
5.02654	0	0.141037	27.7782	170.776	7.99172	
-0.177281	-0	0.0956241	-146.695	83.3121	83.0917	
14.7257	0	0.22568	6.76456	263.504	5.19582	
10.4279	0	0.188174	1.05024	194.254	-6.07993	
11.8678	0	0.20074	3.37102	211.741	2.7888	
3.97872	0	0.131893	45.804	197.969	2.58246	
0.172655	0	0.0986779	172.407	19.3915	134.398	
5.10431	0	0.141716	-56.2253	198.515	-16.4038	
-6.75747	-0	0.0381996	-25.7927	-163.369	12.9129	
2.35137	0	0.117691	74.0169	193.732	-13.8332	
11.735	0	0.199581	4.97737	207.828	-0.108834	
4.88296	0	0.139784	-18.839	213.806	2.65649	
4.48306	0	0.136294	-49.1426	211.126	-1.54656	
0.50001	0	0.101535	-110.288	179.576	-30.9899	
11.9819	0	0.201736	-2.62447	196.902	5.2494	
-4.1711	-0	0.0607706	-0.644003	-170.87	-8.70713	
7.91376	0	0.166234	-56.6657	242.602	-3.14344	
-1.74589	-0	0.0819351	2.58234	-204.675	9.36314	
9.25468	0	0.177936	-17.1786	220.684	-6.56383	
11.0776	0	0.193844	54.7984	222.403	-6.18925	
3.7681	0	0.130055	-14.6724	203.987	3.49693	
2.15745	0	0.115999	-40.4517	143.943	11.0326	
4.68451	0	0.138052	9.02887	218.591	-7.39326	
9.17016	0	0.177198	-12.7157	199.168	14.2532	
9.24061	0	0.177813	4.13467	204.184	-0.119763	
2.78013	0	0.121433	4.38927	198.028	7.07598	
17.3172	0	0.248296	53.2545	245.815	-1.518	
10.9277	0	0.192536	-7.16109	195.851	2.62693	
6.8568	0	0.15701	-14.604	198.646	-12.793	
8.54442	0	0.171737	-37.6038	201.12	-1.67089	
-5.65543	-0	0.047817	-21.2008	-240.491	4.84061	
10.1582	0	0.18582	-27.7221	189.768	4.52613	
4.24861	0	0.134248	-13.1054	184.188	4.11466	
10.7253	0	0.190769	32.1587	223.989	7.20453	
16.1021	0	0.237692	0.541929	249.114	2.31258	
7.15948	0	0.159651	-34.4995	190.057	0.132627	
-5.88242	-0	0.0458361	-28.1526	-191.208	-1.17171	
-1.41417	-0	0.0848299	91.9191	-191.254	-17.2825	
-3.29436	-0	0.0684218	-36.7565	-199.075	2.90376	
-1.33113	-0	0.0855546	-10.4333	-205.841	-1.07146	
1.82243	0	0.113075	28.7336	229.446	-2.21004	
3.47233	0	0.127474	-8.94391	169.366	-10.0056	
4.84851	0	0.139484	-10.5295	154.43	0.786038	
16.497	0	0.241138	-22.9198	219.373	4.21349	
0.189429	0	0.0988243	-144.123	41.3141	-43.8961	
-2.00765	-0	0.0796507	3.62597	-214.775	-4.49864	
-2.34465	-0	0.0767098	53.6225	-185.921	6.5574	
0.392626	0	0.100598	-117.872	77.3554	-33.8162	
4.18728	0	0.133713	-27.2521	150.344	11.3279	
-4.98594	-0	0.0536595	-30.0567	-163.482	10.5723	
5.38983	0	0.144208	-17.807	158.617	12.9106	
6.95509	0	0.157867	40.815	216.291	-4.92598	
7.39419	0	0.161699	-6.23735	184.95	8.64991	
3.5022	0	0.127734	-2.2054	197.251	-3.23591	
2.99206	0	0.123283	-47.539	190.366	-4.39268	
13.9289	0	0.218727	16.1029	230.821	0.164403	
3.04382	0	0.123734	63.4625	171.592	-10.7286	
14.8226	0	0.226526	-48.7507	236.693	2.69532	
-1.7957	-0	0.0815004	2.63603	-197.039	-12.503	
11.4646	0	0.197221	27.1771	209.349	0.282883	
9.61787	0	0.181105	-3.47717	197.309	5.50224	
-2.35162	-0	0.076649	-62.1825	-177.209	5.60805	
16.376	0	0.240082	46.1015	233.286	4.23921	
0.0849987	0	0.097913	160.588	-32.599	155.274	
3.99225	0	0.132011	2.16511	172.537	15.7502	
-1.6143	-0	0.0830834	15.8542	-193.692	-0.992854	
4.77326	0	0.138827	-43.1197	202.572	-2.94088	
13.0968	0	0.211465	16.9985	196.464	-8.8737	
3.58775	0	0.128481	-29.1526	169.306	-15.6284	
9.85901	0	0.183209	5.22097	229.843	-2.53766	
-1.56671	-0	0.0834987	-117.366	-159.475	-0.184461	
-1.14476	-0	0.087181	30.105	-216.251	-8.61582	
4.42846	0	0.135818	4.2547	200.399	4.42979	
11.2348	0	0.195216	-27.4354	219.041	-0.531314	
6.78735	0	0.156404	19.9817	203.957	2.62428	
12.4526	0	0.205843	-4.92159	218.366	-4.6466	
-3.00088	-0	0.070983	-23.4897	-189.165	-5.03909	
-4.03308	-0	0.0619751	-35.995	-176.87	-8.14913	
2.44457	0	0.118505	15.5618	214.133	-3.29493	
6.51104	0	0.153992	45.1054	202.769	1.15346	
9.36474	0	0.178896	2.40437	181.193	-7.31988	
11.1966	0	0.194882	13.9935	170.704	5.46738	
11.7285	0	0.199524	-6.34086	187.467	-10.4496	
8.27321	0	0.16937	-31.5793	169.629	0.122876	
13.1496	0	0.211926	-8.87522	223.526	-2.19588	
1.97022	0	0.114365	69.4379	146.337	-4.38579	
10.6349	0	0.18998	29.0633	221.201	0.649133	
14.9988	0	0.228063	-14.9139	237.079	-1.86008	
-0.628563	-0	0.0916858	-8.75757	-167.171	22.9448	
10.4293	0	0.188186	-23.1919	187.87	-1.0049	
-0.098922	-0	0.0963079	-48.5782	30.4856	30.7877	
10.6764	0	0.190343	-11.5274	217.034	-8.65735	
1.59352	0	0.111078	10.819	221.82	-7.6561	
5.91526	0	0.148793	4.92892	183.07	4.77244	
10.2453	0	0.18658	2.24386	222.369	5.54314	
-1.87062	-0	0.0808465	53.6398	-207.082	-18.4383	
9.1453	0	0.176981	25.3117	210.318	-0.900824	
-3.36564	-0	0.0677997	80.2167	-216.134	10.4473	
6.29812	0	0.152134	-6.02502	225.509	-1.98618	
1.35702	0	0.109014	-78.2809	201.117	-11.4999	
10.9183	0	0.192454	9.98643	169.27	-4.40251	
2.29406	0	0.117191	67.3031	216.225	8.19498	
8.29675	0	0.169576	10.9912	225.966	2.93353	
21.9709	0	0.288909	15.6015	272.773	4.18276	
0.821038	0	0.104336	-61.6276	165.559	-17.1126	
4.38029	0	0.135397	54.9875	181.289	-1.4657	
14.3736	0	0.222608	-1.33999	218.025	-1.99887	
0.171184	0	0.0986651	-77.3256	-1.85718	-36.2718	
12.4205	0	0.205564	31.7143	209.775	8.32555	
1.82071	0	0.11306	-4.01994	179.816	8.22069	
5.99327	0	0.149474	2.15709	216.641	-1.27841	
5.48101	0	0.145003	15.5416	185.96	9.07792	
6.37602	0	0.152814	3.62205	200.599	10.8689	
3.84346	0	0.130713	-30.4393	170.835	7.77113	
-5.67886	-0	0.0476125	-7.1466	-192.044	-10.1794	
3.97522	0	0.131862	5.26162	229.253	-14.0292	
16.9159	0	0.244794	-24.7462	217.392	3.2961	
2.63769	0	0.12019	7.77065	200.556	-8.61659	
8.2131	0	0.168846	-10.6186	185.829	-15.7479	
13.9295	0	0.218732	-52.9088	221.769	-1.79503	
-1.95692	-0	0.0800934	-74.7387	-215.119	-1.77598	
4.3047	0	0.134738	20.5946	177.675	5.74835	
0.722133	0	0.103473	-0.580251	228.62	6.85627	
10.0087	0	0.184515	18.3873	191.716	5.95678	
-0.538656	-0	0.0924704	75.7568	24.6741	-8.28085	
-1.5011	-0	0.0840713	52.5501	-179.055	0.300599	
8.38905	0	0.170381	-39.2439	203.799	5.70955	
-3.22943	-0	0.0689884	-19.7402	-172.336	-2.4508	
3.09442	0	0.124176	-9.6987	211.144	-4.30597	
2.60371	0	0.119893	-46.2659	190.954	6.45202	
0.535118	0	0.101841	45.3335	248.775	11.5631	
10.8829	0	0.192145	-31.559	269.386	3.36276	
3.64772	0	0.129004	-10.524	174.985	-16.9325	
5.43776	0	0.144626	10.2386	219.983	2.57999	
1.80852	0	0.112954	72.0573	171.245	17.2554	
-2.32879	-0	0.0768482	-42.4796	-220.624	-1.95795	
-3.62083	-0	0.0655727	-9.64514	-164.926	-5.45135	
2.58877	0	0.119763	34.1068	164.371	3.18367	
-2.46102	-0	0.0756942	-3.47164	-194.732	11.9661	
0.812042	0	0.104258	72.3413	237.384	18.2352	
4.45959	0	0.136089	-57.7919	212.134	3.00267	
3.59969	0	0.128585	18.4283	182	7.97363	
14.311	0	0.222062	-22.5072	230.599	2.97529	
0.508653	0	0.10161	1.77017	146.54	9.6555	
5.11845	0	0.141839	1.7815	235.003	-1.30531	
4.82187	0	0.139251	-16.3229	169.783	-2.67393	
13.6584	0	0.216366	-6.20717	260.556	-9.19212	
1.89283	0	0.11369	-12.8635	199.516	13.4989	
10.328	0	0.187302	-14.5674	204.535	0.262544	
9.6491	0	0.181378	22.8284	219.236	-4.31229	
0.0605144	0	0.0976993	14.1957	-4.29141	-3.99136	
-1.10111	-0	0.087562	22.2094	-239.172	-0.796313	
4.5546	0	0.136919	-4.1689	198.286	0.992745	
5.82262	0	0.147984	10.1522	185.769	5.17825	
13.5422	0	0.215352	7.97577	226.881	-1.31304	
-0.160956	-0	0.0957666	-164.593	55.7719	74.6398	
1.98175	0	0.114466	31.3729	228.589	21.2218	
-1.24929	-0	0.0862688	31.2318	-173.686	-6.0332	
2.42848	0	0.118364	-24.0015	175.82	-9.26661	
-2.40535	-0	0.0761801	14.1942	-169.143	4.06316	
1.76729	0	0.112594	74.6459	228.957	-2.21336	
-2.40462	-0	0.0761864	-72.6153	-191.811	9.48362	
3.73745	0	0.129787	-8.10198	204.531	-2.38582	
-1.84793	-0	0.0810445	42.3173	-224.545	0.802883	
-4.9303	-0	0.0541451	22.1145	-231.221	3.63605	
5.92288	0	0.148859	-2.21281	204.057	-16.8805	
6.96538	0	0.157957	42.652	232.613	-13.4604	
15.3344	0	0.230992	0.10964	226.019	-5.66426	
9.19963	0	0.177455	20.9715	212.396	0.904354	
8.79408	0	0.173916	-1.76257	207.967	0.0653981	
-3.29718	-0	0.0683971	-46.9226	-206.345	9.78645	
15.1551	0	0.229428	23.9234	234.977	0.276408	
5.22883	0	0.142803	-27.088	176.782	-6.97153	
-0.166218	-0	0.0957206	-23.1656	-28.5217	31.6299	
18.9121	0	0.262215	-2.3961	239.066	-3.15067	
2.26774	0	0.116961	42.0013	181.391	-1.21856	
11.4766	0	0.197326	58.1501	208.486	-2.77202	
17.5045	0	0.249931	-1.67933	232.754	0.112519	
-3.66685	-0	0.0651711	-10.5996	-187.099	-2.38517	
8.46226	0	0.17102	-5.56531	211.545	-10.6387	
4.25731	0	0.134324	-22.6571	166.313	5.77609	
-0.986843	-0	0.0885591	-36.7769	-159.017	1.17743	
0.955754	0	0.105512	-0.918956	237.925	-24.276	
0.669817	0	0.103017	-31.5131	107.106	12.9749	
-1.30065	-0	0.0858206	76.6215	-146.915	-9.01478	
6.88612	0	0.157265	7.44532	222.014	-11.2561	
-3.2642	-0	0.068685	-3.1301	-231.833	-1.25945	
-3.8048	-0	0.0639672	4.71846	-188.891	-2.3219	
-1.63939	-0	0.0828644	17.5038	-122.797	-14.6072	
-0.697692	-0	0.0910825	-127.133	-229.864	16.9344	
-4.50457	-0	0.0578604	31.5811	-176.007	6.67	
5.26686	0	0.143134	17.9999	188.076	-9.315	
5.88121	0	0.148496	-17.5711	195.811	-0.841236	
10.1136	0	0.185432	0.0369765	228.232	4.27091	
3.35304	0	0.126433	-20.0491	198.316	-5.35921	
4.64051	0	0.137668	12.688	203.97	-5.26053	
13.6917	0	0.216657	29.5991	207.427	3.39298	
13.483	0	0.214835	6.5474	237.676	-12.9486	
10.6343	0	0.189975	8.43175	225.234	4.24074	
-5.05309	-0	0.0530736	40.7247	-191.668	11.2773	
-0.18381	-0	0.0955671	2.5381	-81.6623	10.6268	
-4.51952	-0	0.05773	-8.34468	-204.558	-14.5399	
4.39117	0	0.135492	-19.3441	184.966	1.64851	
11.9621	0	0.201563	-23.2003	230.567	2.90405	
-2.13733	-0	0.078519	-27.5398	-148.575	4.82282	
-0.0923104	-0	0.0963656	-101.345	-42.4557	51.8212	
10.8592	0	0.191938	3.55979	190.837	-7.48788	
6.40615	0	0.153077	-13.2949	220.532	-11.3292	
2.84079	0	0.121962	-27.5242	190.305	-12.8286	
6.68156	0	0.15548	-19.8903	192.144	2.4178	
10.1788	0	0.186	-19.4536	219.954	-4.62633	
2.21983	0	0.116543	-44.2334	163.773	8.64399	
10.9445	0	0.192682	1.61583	192.491	0.55976	
-6.08484	-0	0.0440696	-4.02964	-208.502	4.77431	
-2.51264	-0	0.0752437	33.8394	-222.723	1.72643	
3.16365	0	0.12478	-69.3919	186.043	17.5478	
9.76405	0	0.182381	-15.9519	218.2	4.60273	
6.59936	0	0.154763	23.5228	184.92	-2.69662	
7.22356	0	0.16021	0.0381915	227.142	-5.79534	
-0.428903	-0	0.0934282	71.6966	-47.4883	-29.4344	
12.0519	0	0.202346	-51.0209	215.505	14.7837	
-1.28219	-0	0.0859817	-26.7671	-206.696	6.59969	
8.91426	0	0.174965	16.2428	205.054	4.72033	
7.66104	0	0.164028	-17.5603	194.349	0.930004	
-1.00198	-0	0.088427	65.5089	-200.157	-6.79894	
-4.07848	-0	0.0615788	-19.3759	-177.658	3.7322	
4.36572	0	0.13527	53.5456	191.155	-3.51379	
10.4686	0	0.18853	-42.576	196.828	3.50813	
-0.14377	-0	0.0959165	70.2348	-38.5207	-48.8863	
10.6553	0	0.190159	11.645	195.738	-5.10847	
-3.80154	-0	0.0639957	-61.8736	-178.945	16.9811	
6.91418	0	0.15751	-19.2498	216.976	-1.56005	
2.03217	0	0.114906	-30.0612	210.03	-3.48999	
3.24871	0	0.125522	-2.84583	177.421	-1.74842	
23.2051	0	0.299679	-5.14	235.559	-4.17753	
7.46683	0	0.162333	20.0202	234.084	0.610323	
17.6896	0	0.251546	50.0817	251.511	8.75644	
7.713	0	0.164482	4.79512	210.493	10.1274	
7.69013	0	0.164282	-10.9116	224.165	-0.852927	
-2.80222	-0	0.0727166	33.0326	-200.172	23.3972	
10.2568	0	0.186681	10.5187	210.667	-8.28249	
15.4737	0	0.232208	23.0099	224.145	-1.09509	
-0.347946	-0	0.0941347	-9.55291	-65.5088	10.4938	
-1.34059	-0	0.085472	-70.9888	-227.224	5.55041	
0.387696	0	0.100555	18.3287	127.9	-4.4874	
13.2971	0	0.213213	4.00297	211.881	-4.47995	
8.57015	0	0.171962	29.6562	205.603	10.32	
12.5877	0	0.207023	5.64907	231.482	-11.028	
6.44788	0	0.153441	-8.00702	179.512	-6.09105	
-4.70019	-0	0.0561533	37.3426	-197.049	7.6387	
7.58691	0	0.163381	4.68855	219.301	-7.23142	
2.20418	0	0.116407	-35.7145	162.019	1.65974	
8.07026	0	0.167599	7.48995	204.602	13.5743	
14.1362	0	0.220536	-32.2719	218.115	-4.75497	
3.80865	0	0.130409	-46.6001	166.57	5.88186	
11.6213	0	0.198589	-39.1547	220.17	-2.66586	
2.97179	0	0.123106	-25.4777	177.291	-1.34359	
4.32546	0	0.134919	34.1732	173.578	-4.71258	
-1.51724	-0	0.0839304	-41.6402	-146.941	6.63331	
13.2962	0	0.213205	-14.5491	207.106	-2.1143	
11.7106	0	0.199368	-2.50611	221.896	-2.25987	
-2.2989	-0	0.077109	28.0237	-170.056	10.3575	
12.081	0	0.202601	-27.0389	236.915	9.14163	
8.09021	0	0.167773	-11.4274	198.073	7.78196	
-6.48992	-0	0.0405345	60.9192	-219.33	-6.65051	
9.65822	0	0.181457	26.4686	195.225	2.69108	
11.1571	0	0.194538	-21.4985	216.069	1.78699	
3.10599	0	0.124277	-61.88	138.965	0.323192	
-4.85835	-0	0.054773	28.9182	-179.139	-5.76669	
3.94306	0	0.131582	1.24154	190.049	-5.22103	
7.71711	0	0.164517	28.6999	185.919	11.4925	
4.12452	0	0.133165	-4.94015	179.461	-0.67311	
16.8817	0	0.244496	12.2591	287.079	4.65503	
4.91697	0	0.140081	-10.9249	210.378	-2.09888	
30.5936	0	0.364158	-43.644	242.065	9.24935	
-0.0380596	-0	0.0968391	-23.7972	-12.1139	75.5364	
12.4636	0	0.205939	7.32539	217.451	-6.56927	
1.904	0	0.113787	-7.69254	208.45	-1.58499	
-1.81806	-0	0.0813053	92.6191	-179.258	-16.4125	
5.99571	0	0.149495	-9.49904	182.415	1.07007	
-3.20307	-0	0.0692184	37.1806	-192.315	-9.76493	
2.95208	0	0.122934	14.3244	169.187	2.88638	
10.971	0	0.192913	-0.363861	224.681	7.76389	
-5.38997	-0	0.0501336	25.6128	-231.218	13.7767	
7.39522	0	0.161708	3.22221	227.291	-2.34385	
5.19659	0	0.142521	-27.2355	213.624	-1.69679	
4.45724	0	0.136069	28.8099	180.7	-1.37338	
10.8162	0	0.191563	-2.276	223.614	3.35665	
4.68314	0	0.13804	36.6609	156.199	-1.64965	
2.87103	0	0.122226	-7.35033	196.586	-22.15	
2.9446	0	0.122868	-1.03562	199.448	2.88025	
-3.9016	-0	0.0631224	-8.63605	-212.145	0.32787	
-0.178318	-0	0.095615	-82.8171	-26.6197	-0.463782	
11.4375	0	0.196984	10.6825	227.827	-0.513486	
10.6032	0	0.189704	-17.374	243.769	-3.49558	
2.01979	0	0.114798	19.6744	199.032	-8.93196	
1.47118	0	0.11001	8.48908	198.553	0.403478	
2.92286	0	0.122679	-24.6328	214.36	9.29149	
-1.50401	-0	0.0840459	-0.66314	-145.822	-2.16665	
-0.944977	-0	0.0889245	19.385	-216.688	10.3635	
10.7783	0	0.191232	-13.8799	225.203	-1.6581	
-2.42134	-0	0.0760405	-72.615	-181.63	0.0613916	
9.0251	0	0.175932	19.2097	253.966	-3.27694	
-0.129982	-0	0.0960369	-102.314	-55.9912	81.3506	
9.03531	0	0.176021	-21.9147	182.612	5.59294	
13.8358	0	0.217914	-25.0188	221.522	-4.74915	
0.264438	0	0.0994789	-44.5487	69.7235	-28.8362	
2.02053	0	0.114804	61.3728	214.253	10.9222	
6.65917	0	0.155285	6.87649	196.405	-6.88879	
0.141556	0	0.0984065	-4.88114	71.1032	-8.77888	
0.937363	0	0.105351	-5.7823	208.678	-7.00858	
15.7904	0	0.234972	19.836	203.051	-7.87847	
-3.14691	-0	0.0697085	-9.42418	-214.719	1.12064	
-4.95407	-0	0.0539376	66.6251	-201.274	-4.44504	
4.60324	0	0.137343	-45.0734	184.69	-13.6132	
-0.00759029	-0	0.097105	-16.5288	15.9226	-123.082	
-0.0439178	-0	0.0967879	22.9771	4.55216	23.5467	
13.2356	0	0.212677	-20.6803	231.303	12.2649	
1.68043	0	0.111836	-20.3586	161.196	-7.43456	
11.865	0	0.200715	-24.5802	233.326	-2.35353	
1.66052	0	0.111662	-10.8105	216.154	14.4917	
14.1085	0	0.220295	6.73031	222.948	3.21535	
0.775582	0	0.10394	33.7788	258.981	5.38714	
1.43134	0	0.109662	-26.0055	201.354	1.37515	
2.50823	0	0.11906	11.186	163.46	-5.65947	
9.3193	0	0.178499	26.2393	191.604	9.71236	
4.42191	0	0.135761	33.5453	214.19	-4.86941	
2.0151	0	0.114757	0.912215	221.892	2.78439	
-0.218457	-0	0.0952648	147.188	-46.5266	-70.4966	
6.78529	0	0.156385	6.18084	165.416	2.7309	
8.96023	0	0.175366	-15.7025	234.644	-6.32685	
9.4671	0	0.179789	-15.9087	156.48	6.74005	
6.44822	0	0.153444	-15.1613	154.549	-7.79775	
-6.76609	-0	0.0381244	-31.4472	-191.379	-7.8382	
5.56026	0	0.145695	29.0195	188.196	2.9903	
-3.7806	-0	0.0641784	-0.0577821	-182.989	-18.8748	
7.44777	0	0.162167	-8.3799	215.541	-8.34822	
-4.44275	-0	0.0583999	-0.000882049	-153.347	-6.90215	
6.7714	0	0.156264	-9.65865	194.93	-9.15517	
1.16344	0	0.107324	-73.8487	223.981	-10.0209	
6.78026	0	0.156342	-28.3318	211.616	5.11266	
12.1579	0	0.203272	-4.44894	194.058	3.60742	
11.4523	0	0.197114	21.0576	227.641	-1.5512	
0.623368	0	0.102611	-14.4648	224.719	-16.903	
-3.32183	-0	0.068182	39.9759	-144.691	-7.14961	
6.58194	0	0.154611	-10.8982	177.131	11.2102	
-4.19236	-0	0.060585	31.4873	-176.329	11.2877	
-0.118667	-0	0.0961356	13.812	-56.8922	-11.0214	
-0.157758	-0	0.0957945	-11.4508	-66.4792	-18.4458	
1.80453	0	0.112919	-8.62858	244.155	-22.6307	
11.7428	0	0.199649	32.084	250.95	11.4245	
14.5628	0	0.224259	33.6266	231.778	-0.147198	
12.4729	0	0.20602	8.11975	266.965	11.8495	
15.1138	0	0.229067	23.1437	172.524	2.74848	
-0.899903	-0	0.0893179	-49.3661	-221.629	7.37884	
1.28589	0	0.108393	-67.8689	150.997	-15.9858	
-1.04019	-0	0.0880936	63.2743	-232.274	-35.7202	
11.8885	0	0.20092	-31.9732	218.267	-0.709428	
4.37233	0	0.135328	22.4461	219.86	5.00228	
5.7657	0	0.147488	18.4424	181.912	-4.46998	
12.2303	0	0.203904	24.0878	216.196	-0.769666	
-0.447667	-0	0.0932645	4.17947	-40.6235	13.5919	
3.47973	0	0.127538	-9.46966	183.133	-0.848123	
10.1544	0	0.185788	-37.7193	197.018	1.37993	
-2.76727	-0	0.0730216	28.8012	-183.943	-1.43062	
-6.79255	-0	0.0378935	-40.0817	-176.542	-15.8173	
13.2256	0	0.212589	15.5351	224.345	-0.577963	
0.119731	0	0.0982161	-94.2535	14.2703	-45.0793	
-3.13417	-0	0.0698197	-30.4685	-214.192	4.03111	
-2.56683	-0	0.0747708	-4.69206	-200.587	-2.84619	
9.93958	0	0.183913	-20.0566	213.455	-4.3557	
12.1525	0	0.203224	-27.0153	224.343	1.99659	
8.87875	0	0.174655	-0.828929	214.252	-0.540023	
9.39015	0	0.179118	21.4513	219.477	11.2556	
-0.925786	-0	0.089092	58.7933	-171.638	-13.268	
5.89226	0	0.148592	-17.1249	203.26	-7.49317	
-0.68131	-0	0.0912255	107.162	-129.973	-5.71863	
12.1591	0	0.203282	-2.49604	207.628	-6.55416	
-6.89461	-0	0.0370029	3.01449	-211.056	0.696106	
7.85821	0	0.165749	-11.9481	223.656	-12.8497	
16.4345	0	0.240593	72.2831	264.075	-2.96228	
8.10888	0	0.167936	-12.9668	218.131	0.0922658	
10.896	0	0.192259	-9.87838	208.315	4.98829	
9.27973	0	0.178154	15.3137	221.451	6.52485	
13.9708	0	0.219092	-37.633	225.322	0.810018	
1.97479	0	0.114405	8.90007	232.421	-3.27591	
3.6311	0	0.128859	-34.6619	216.869	3.99352	
3.47703	0	0.127515	-39.1252	185.506	-17.3528	
5.79727	0	0.147763	27.9568	167.787	0.310064	
-0.147016	-0	0.0958882	-25.979	4.29107	1.24467	
12.2374	0	0.203966	33.9805	206.576	1.52183	
8.21084	0	0.168826	24.5233	233.283	0.026381	
5.4359	0	0.14461	0.0458352	194.001	-1.23424	
4.13115	0	0.133223	-38.7917	191.123	-5.88381	
12.102	0	0.202783	23.1817	214.223	-3.70646	
-1.80299	-0	0.0814367	4.61604	-261.827	-11.9454	
11.6232	0	0.198606	-13.9701	231.267	-6.32793	
8.57915	0	0.17204	38.4648	219.965	-3.84724	
0.0351208	0	0.0974777	-45.2774	21.2525	-73.4373	
14.218	0	0.22125	11.0161	230.472	-0.594116	
13.1828	0	0.212216	-22.5058	219.487	3.39483	
5.95936	0	0.149178	-62.8583	170.168	-12.4346	
6.08967	0	0.150315	8.94371	180.877	8.30639	
1.86995	0	0.11349	-75.2165	207.986	4.553	
1.75283	0	0.112468	20.9533	216.633	0.618048	
0.918358	0	0.105186	-56.1346	110.887	-20.5157	
-2.58187	-0	0.0746395	-34.0122	-229.272	-2.73687	
7.63285	0	0.163782	-13.1552	231.375	0.830385	
8.31296	0	0.169717	10.3382	180.108	-11.6381	
6.98277	0	0.158109	-21.4256	237.324	-14.361	
5.40825	0	0.144368	-3.37665	189.176	6.3094	
1.37274	0	0.109151	-13.5074	220.676	-3.30924	
-2.0076	-0	0.0796512	-66.8054	-214.108	-0.269754	
7.7481	0	0.164788	-67.744	228.718	-0.372491	
5.29869	0	0.143412	29.861	209.812	12.8952	
9.08438	0	0.176449	-32.2174	180.317	-4.96952	
-2.29328	-0	0.077158	-66.4232	-217.502	5.38277	
13.7834	0	0.217457	-14.0464	219.514	-1.43526	
4.32744	0	0.134936	-48.9774	154.513	9.62928	
14.1034	0	0.22025	-0.0793128	239.988	-11.6378	
0.309228	0	0.0998698	-102.494	50.3118	-15.8765	
-2.46377	-0	0.0756702	18.2803	-195.141	6.17584	
9.66681	0	0.181532	5.79141	179.023	5.72814	
3.17795	0	0.124905	10.0759	162.387	-2.55746	
-0.900902	-0	0.0893091	-7.38714	-195.322	12.9299	
-3.38032	-0	0.0676716	42.8418	-236.296	-2.02706	
3.49855	0	0.127703	12.8036	165.658	-3.07224	
4.15328	0	0.133416	-6.31444	207.451	6.5163	
8.81167	0	0.174069	-5.18186	211.831	6.25533	
7.00793	0	0.158328	9.80885	178.103	-4.42732	
-5.89534	-0	0.0457233	-41.19	-189.342	-3.64987	
0.826754	0	0.104386	70.1111	138.852	19.829	
1.93477	0	0.114056	-25.9142	161.177	-10.1484	
0.722656	0	0.103478	21.9821	226.628	1.0542	
-1.11298	-0	0.0874583	-17.6503	-245.953	1.53283	
-5.58612	-0	0.0484218	-8.64882	-195.66	11.5511	
0.327528	0	0.100029	76.5921	27.256	1.84955	
1.20044	0	0.107647	69.2951	177.806	-1.60891	
9.36309	0	0.178882	-17.6086	212.84	-0.9714	
15.6941	0	0.234132	2.4495	217.668	4.44118	
2.36888	0	0.117844	-15.2871	177.793	-6.64235	
6.09034	0	0.150321	-37.8702	213.969	-4.91066	
-1.67475	-0	0.0825559	12.0057	-233.838	-0.623165	
-0.773067	-0	0.0904247	-13.8457	-158.823	15.2254	
-0.100873	-0	0.0962909	158.946	13.4234	-176.425	
21.1451	0	0.281702	2.29096	253.66	-2.59279	
2.29116	0	0.117166	0.747752	172.374	5.04147	
6.77892	0	0.15633	-17.2565	177.22	-2.16003	
2.15619	0	0.115988	-13.187	155.003	-4.22664	
0.383282	0	0.100516	-98.4271	105.009	-13.3842	
12.2223	0	0.203834	-41.5805	226.733	-8.95986	
-0.497703	-0	0.0928278	-14.4909	-162.624	14.5167	
-0.859184	-0	0.0896732	117.78	-249.731	-4.4369	
3.75782	0	0.129965	-3.98544	177.229	-2.76114	
13.485	0	0.214853	-39.9604	227.94	4.48499	
13.3283	0	0.213486	48.4325	206.619	9.17446	
-0.885743	-0	0.0894414	-30.3684	-220.083	-11.9823	
14.4242	0	0.223049	-16.5741	218.511	1.51783	
12.021	0	0.202077	8.65229	240.273	4.01255	
5.87992	0	0.148485	53.1865	170.798	5.39495	
7.61722	0	0.163646	27.9841	195.165	-11.8204	
0.265478	0	0.099488	-209.63	-52.8106	-87.6535	
-1.49757	-0	0.0841021	80.9974	-202.787	-11.3108	
4.09825	0	0.132936	-20.0994	197.203	-3.46069	
-6.24036	-0	0.0427124	-15.8939	-224.731	-13.448	
17.2567	0	0.247768	23.0529	222.537	-1.25439	
2.49048	0	0.118905	76.5043	238.399	-6.08369	
3.5806	0	0.128419	-18.0021	177.532	3.05336	
10.7778	0	0.191227	-18.3266	222.619	2.6245	
13.0551	0	0.211101	49.5175	205.828	-0.742298	
1.46435	0	0.10995	-86.2085	153.261	-12.0388	
5.78857	0	0.147687	28.4428	200.813	-12.2532	
-0.139289	-0	0.0959556	-38.1696	-75.9321	27.8765	
-0.178726	-0	0.0956115	-46.1518	-89.0744	13.5396	
2.18248	0	0.116217	38.7737	186.686	3.14723	
2.56939	0	0.119594	11.9734	173.386	21.3313	
2.37083	0	0.117861	19.3719	136.462	7.66533	
11.8151	0	0.20028	-1.61034	204.182	0.237051	
1.11555	0	0.106906	-44.8351	192.364	-12.5808	
10.2191	0	0.186352	36.174	190.97	-0.458578	
4.36406	0	0.135256	15.2128	178.158	2.98532	
7.20675	0	0.160064	-8.74232	204.416	-5.90143	
7.88268	0	0.165962	-40.6832	224.244	-4.95825	
8.45952	0	0.170996	30.3344	208.903	-2.18859	
4.85978	0	0.139582	16.397	142.822	-19.4895	
13.9274	0	0.218714	-49.789	189.645	-9.63404	
7.38858	0	0.16165	-5.40103	180.422	-4.95533	
3.54479	0	0.128106	-11.6258	211.059	6.1954	
9.10853	0	0.17666	-22.6681	226.583	-2.46962	
4.67517	0	0.137971	9.21045	209.031	13.9953	
7.5415	0	0.162985	-8.27678	187.311	-1.30347	
-6.01914	-0	0.044643	-25.7303	-200.312	10.8986	
-3.24907	-0	0.068817	18.8357	-209.604	13.1557	
14.979	0	0.227891	-3.37567	224.107	5.34473	
-1.89668	-0	0.0806191	96.0424	-181.412	6.9345	
4.65252	0	0.137773	-15.6723	181.689	-3.76301	
-2.2427	-0	0.0775994	-57.2946	-216.964	-6.49113	
3.01781	0	0.123507	21.267	217.822	5.04571	
0.771608	0	0.103905	-39.0193	204.371	5.75807	
9.31035	0	0.178421	64.3949	225.356	1.08068	
-5.88359	-0	0.0458259	48.5464	-223.923	-9.93315	
-4.24343	-0	0.0601393	-27.0183	-165.309	6.73999	
-2.7326	-0	0.0733241	49.6766	-212.972	1.20135	
8.80485	0	0.17401	-31.6604	192.075	2.08209	
2.89293	0	0.122417	74.1034	215.668	13.4697	
5.74563	0	0.147313	53.405	175.11	10.5112	
9.80897	0	0.182773	10.5253	218.987	-4.80767	
-3.8811	-0	0.0633013	67.1419	-170.471	3.84744	
-0.0832434	-0	0.0964447	-49.3116	32.8401	66.2451	
13.0734	0	0.211261	9.76921	247.405	-8.8502	
2.39609	0	0.118082	-13.5283	213.874	5.84448	
6.47371	0	0.153666	16.1446	205.135	10.3533	
1.67603	0	0.111798	-21.1003	251.927	-8.58016	
5.32102	0	0.143607	-15.4025	220.208	-20.853	
5.44988	0	0.144732	-21.3113	222.102	9.19383	
-3.41489	-0	0.0673699	56.3262	-205.344	-3.56365	
0.136314	0	0.0983608	113.347	25.5156	72.4676	
-0.233838	-0	0.0951305	69.3892	7.66965	-15.3584	
21.0278	0	0.280678	40.5956	264.475	4.55485	
2.70724	0	0.120797	-43.9775	180.973	-1.79248	
12.507	0	0.206318	43.7105	227.975	10.1395	
-2.89335	-0	0.0719213	-22.1885	-226.725	-5.96498	
14.6275	0	0.224824	-24.9501	232.592	-3.60948	
-0.57109	-0	0.0921874	-213.375	-151.535	25.6518	
0.89013	0	0.104939	-30.3454	284.721	-1.35517	
2.81019	0	0.121695	-1.45866	198.566	13.2251	
8.09737	0	0.167836	-2.87072	180.188	-0.896671	
6.92427	0	0.157598	-1.96364	221.359	-8.64116	
12.7607	0	0.208532	37.4115	228.152	-1.90684	
13.0783	0	0.211304	-10.523	226.825	3.8557	
12.4942	0	0.206207	5.08883	246.917	5.90722	
4.7253	0	0.138408	17.1322	159.59	-3.00572	
9.06126	0	0.176248	-0.418896	193.525	6.0621	
7.40684	0	0.16181	28.3236	199.798	5.46554	
5.46564	0	0.144869	-5.53422	212.094	-2.98736	
3.97871	0	0.131893	-22.5019	206.23	-13.6556	
3.13011	0	0.124487	-8.06668	196.295	2.91125	
5.361	0	0.143956	17.6776	194.257	-1.62513	
-4.5012	-0	0.0578898	18.3863	-169.212	-10.3369	
4.20206	0	0.133842	-56.4173	149.545	-4.56891	
5.77228	0	0.147545	56.263	228.681	-10.8576	
14.4968	0	0.223682	1.81832	221.427	-2.98364	
-4.04259	-0	0.0618921	0.627312	-182.806	4.53297	
-2.04614	-0	0.0793148	-37.7743	-219.89	8.94742	
-2.35209	-0	0.0766448	-27.5173	-185.09	-14.6583	
-0.643002	-0	0.0915598	36.3309	-132.481	3.98544	
10.9151	0	0.192426	39.6841	258.278	7.10351	
0.153215	0	0.0985083	-0.66698	-37.627	-11.0425	
11.097	0	0.194014	2.37093	232.251	5.28534	
11.3566	0	0.196279	15.5618	217.331	18.6124	
-5.95858	-0	0.0451714	-25.3769	-194.843	11.6427	
3.05101	0	0.123797	26.9648	177.783	-16.3213	
2.73652	0	0.121052	24.1698	184.107	7.07362	
-3.64558	-0	0.0653567	10.4617	-185.113	-10.0242	
17.356	0	0.248635	20.7431	243.085	12.406	
8.21981	0	0.168904	11.1316	203.328	-10.519	
0.257877	0	0.0994217	-105.951	39.5945	-34.94	
4.2173	0	0.133975	-1.2556	167.921	10.3693	
8.14601	0	0.16826	36.3118	227.376	-0.60691	
18.3895	0	0.257654	-4.06898	263.368	5.90572	
12.3038	0	0.204545	-0.0128065	219.404	-5.20281	
2.73366	0	0.121027	-49.8177	239.608	-8.65427	
-4.22378	-0	0.0603109	-0.330408	-169.351	7.42116	
6.15753	0	0.150907	3.11066	179.957	1.33765	
-5.83157	-0	0.0462798	13.4513	-212.017	0.401234	
0.238067	0	0.0992488	-149.951	103.22	-64.6374	
8.15814	0	0.168366	-31.5474	212.723	7.02429	
2.61273	0	0.119972	-36.1352	204.809	-3.86007	
5.57213	0	0.145798	-7.77954	191.97	-12.5803	
-2.24431	-0	0.0775854	12.7719	-183.186	16.5224	
-3.33	-0	0.0681107	42.4953	-181.093	-5.1957	
1.06457	0	0.106462	143.438	155.764	19.1051	
9.4858	0	0.179952	-42.1982	176.192	1.93369	
2.90321	0	0.122507	71.6695	209.908	2.98636	
7.53728	0	0.162948	17.1759	214.221	-6.7049	
15.5788	0	0.233125	-32.6528	223.089	7.09169	
16.7104	0	0.243	15.2501	257.727	-3.12163	
0.0471678	0	0.0975828	-17.4825	27.2699	-35.8746	
4.28672	0	0.134581	9.52978	199.13	-14.7723	
12.3857	0	0.20526	15.6953	206.754	0.524956	
-4.83666	-0	0.0549623	33.4342	-198.065	-7.64436	
4.29033	0	0.134612	21.9531	187.375	1.72976	
8.14556	0	0.168256	-67.9094	196.281	0.91802	
-5.7675	-0	0.046839	0.196676	-191.852	-20.6181	
6.25045	0	0.151718	-1.01567	186.457	7.57406	
-0.647515	-0	0.0915204	73.3541	-260.775	-24.0123	
12.2011	0	0.203649	-20.4319	207.958	7.75282	
6.4532	0	0.153487	30.7605	197.349	7.54381	
1.88249	0	0.113599	31.8873	159.742	7.02099	
-2.21578	-0	0.0778343	-2.35544	-221.2	-4.91255	
8.19417	0	0.168681	-18.9729	192.182	-9.11085	
-1.17958	-0	0.0868771	-15.1573	-194.164	7.83834	
2.73061	0	0.121001	-38.8883	261.628	-9.44572	
-0.170747	-0	0.0956811	102.252	-60.0222	-35.9585	
11.3903	0	0.196573	-32.6853	201.494	2.25777	
17.9964	0	0.254224	0.351756	223.005	2.62588	
9.20737	0	0.177523	30.5202	179.633	11.6176	
4.05356	0	0.132546	4.61339	202.89	6.73795	
15.9211	0	0.236112	12.6299	225.82	0.806344	
2.89266	0	0.122415	59.663	132.566	-1.34038	
-1.9208	-0	0.0804086	1.05624	-192.759	5.31399	
15.6702	0	0.233923	-35.7774	209.347	-6.86093	
15.1117	0	0.229049	19.9781	227.105	8.60412	
18.8345	0	0.261538	-10.4221	223.123	-1.67548	
-2.3415	-0	0.0767372	-38.8351	-193.521	4.6278	
-0.751191	-0	0.0906156	180.339	-144.424	-28.488	
-5.67538	-0	0.0476429	-12.3503	-190.391	-1.05714	
1.81151	0	0.11298	-13.0664	168.156	-13.1812	
4.4871	0	0.136329	-42.4977	147.094	-13.1753	
-1.36867	-0	0.085227	-73.798	-187.498	-8.75173	
-1.52806	-0	0.083836	-3.78911	-191.947	-2.8918	
16.5835	0	0.241893	11.2928	216.647	-1.60721	
2.71119	0	0.120831	6.22854	181.443	14.4568	
9.46945	0	0.17981	-70.6667	215.304	-3.95253	
3.06775	0	0.123943	-32.3619	217.879	-4.40237	
0.0762009	0	0.0978362	-48.8251	-3.6545	-106.785	
2.95644	0	0.122972	18.5653	149.219	-5.0254	
16.7682	0	0.243505	-26.4064	222.75	2.84573	
1.35635	0	0.109008	-4.40397	214.077	12.1483	
11.6696	0	0.19901	10.5115	282.229	-6.20491	
8.24392	0	0.169115	-18.7369	197.012	-9.19913	
-2.81714	-0	0.0725864	-11.8821	-191.754	9.45102	
15.18	0	0.229645	-9.19176	251.542	-1.83935	
0.146012	0	0.0984454	17.4992	77.5575	-19.2319	
8.1435	0	0.168238	-51.319	170.044	5.16199	
-2.2702	-0	0.0773595	-16.4015	-215.343	1.41456	
8.42072	0	0.170658	28.77	197.98	-2.41985	
-2.41144	-0	0.0761269	-19.2741	-204.533	-8.35688	
-4.68076	-0	0.0563228	-8.00344	-223.191	-5.16957	
-1.73638	-0	0.0820181	-55.2987	-210.711	-17.18	
13.7534	0	0.217196	-2.77167	195.726	-0.129923	
3.35104	0	0.126415	35.9128	165.219	-6.75006	
2.48278	0	0.118838	-46.4703	198.886	7.78933	
-2.18827	-0	0.0780745	-3.43619	-180.35	-10.6549	
15.1901	0	0.229733	11.9869	247.974	3.1591	
-4.76711	-0	0.0555693	-6.47109	-220.122	11.2716	
-3.39164	-0	0.0675728	29.1755	-207.145	8.38807	
4.4847	0	0.136309	-5.20173	196.653	-2.44848	
4.54986	0	0.136877	-9.73824	174.459	-2.0626	
1.9104	0	0.113843	80.9467	123.586	5.94094	
10.7398	0	0.190896	6.78716	219.99	-1.77704	
8.53393	0	0.171646	-1.91539	202.503	4.54652	
3.16248	0	0.12477	-57.2916	170.848	-1.34981	
6.42955	0	0.153281	6.78106	163.281	4.2899	
5.4038	0	0.144329	6.67361	187.48	6.77648	
15.0506	0	0.228516	20.0044	197.462	5.32426	
-1.59725	-0	0.0832322	-24.0537	-192.816	6.04031	
-2.07478	-0	0.0790649	-76.7472	-186.361	2.58694	
1.55974	0	0.110783	25.6775	186.978	11.638	
12.8588	0	0.209388	39.6739	230.665	9.98142	
5.62818	0	0.146288	46.5919	157.068	6.45777	
17.2388	0	0.247612	-15.5468	216.81	-2.55692	
-1.48782	-0	0.0841872	7.22394	-184.673	2.6478	
6.0855	0	0.150279	-0.547343	231.889	9.48874	
15.66	0	0.233834	17.0798	250.842	0.915812	
0.0821098	0	0.0978878	98.1688	8.32078	133.148	
6.35676	0	0.152646	-39.6482	214.939	3.95225	
5.73189	0	0.147193	-54.7297	198.779	11.8215	
11.0376	0	0.193495	-13.2862	255.255	2.14664	
14.4592	0	0.223355	13.647	194.553	-5.48689	
3.25218	0	0.125553	-12.1185	173.208	-15.849	
0.138149	0	0.0983768	-24.5468	9.91304	-38.0934	
10.267	0	0.18677	34.1631	188.31	1.70702	
-1.65812	-0	0.082701	3.01537	-159.557	16.4044	
9.91371	0	0.183687	-17.7244	183.466	8.13206	
12.5785	0	0.206942	-28.0771	216.517	-2.36429	
1.98088	0	0.114458	58.2178	200.815	1.62503	
15.3351	0	0.230999	18.7434	254.515	-0.179276	
4.4825	0	0.136289	-5.81661	134.376	-1.91372	
-5.4024	-0	0.0500252	-32.6438	-173.368	19.0779	
5.36892	0	0.144025	2.496	178.911	-0.605024	
3.41335	0	0.126959	-31.6834	130.195	-7.27696	
9.06489	0	0.176279	15.7522	184.076	14.6477	
4.62846	0	0.137563	-0.373318	173.049	-8.78066	
17.5416	0	0.250254	5.30629	238.328	-8.99584	
5.61903	0	0.146208	-0.621577	197.853	2.17601	
15.5681	0	0.233032	2.41121	196.974	-7.68704	
15.1054	0	0.228994	-20.8056	214.816	-2.98287	
-0.0977388	-0	0.0963182	14.4362	-74.131	-62.3601	
1.85568	0	0.113365	-18.5161	226.817	0.258466	
-2.29063	-0	0.0771812	53.3124	-206.595	4.54505	
9.27795	0	0.178139	24.6521	235.982	6.76633	
-0.645358	-0	0.0915392	60.3781	-158.548	-0.958438	
5.04204	0	0.141172	-29.0135	182.322	-16.1664	
7.79186	0	0.16517	10.0472	191.485	11.1079	
14.5791	0	0.224401	-6.96283	260.166	-1.12983	
5.71073	0	0.147008	-43.3754	200.986	4.91154	
10.8327	0	0.191706	-49.8694	210.306	3.49981	
1.05554	0	0.106383	-38.1129	241.986	6.2453	
3.36215	0	0.126512	-32.2904	193.398	9.27036	
0.193397	0	0.0988589	-86.6498	-3.75784	-22.9342	
10.1019	0	0.185329	-21.1257	193.799	-15.1847	
3.86819	0	0.130928	17.4355	138.921	3.75132	
15.1239	0	0.229155	10.0548	233.099	9.32829	
-3.07063	-0	0.0703742	-8.4441	-185.604	12.002	
6.26382	0	0.151835	55.3576	193.372	-11.6882	
0.859376	0	0.104671	-94.4903	183.593	10.0875	
4.48389	0	0.136302	31.7679	218.229	3.80277	
11.4829	0	0.197381	-32.7246	263.324	-7.46334	
5.88091	0	0.148493	-13.7794	197.913	-2.1919	
-2.1874	-0	0.0780821	-16.11	-201.869	-1.48433	
0.157158	0	0.0985427	-38.1518	59.0879	-10.0433	
5.84501	0	0.14818	-11.2925	193.434	12.9305	
10.93	0	0.192556	-15.5337	257.333	3.32439	
19.817	0	0.270111	-4.69422	233.825	1.28639	
5.94807	0	0.149079	29.7995	226.575	-10.3237	
10.5235	0	0.189008	-8.13261	246.736	0.555597	
5.7434	0	0.147293	-26.6576	247.518	-2.69079	
9.6751	0	0.181605	7.60963	260.299	7.86516	
12.1559	0	0.203254	-34.2052	247.791	2.3817	
-0.516511	-0	0.0926637	-19.9374	-185.039	-24.5468	
16.2967	0	0.239391	-30.6463	255.496	-4.93162	
1.34928	0	0.108946	-35.1932	248.163	19.405	
0.524941	0	0.101752	29.3612	168.225	-3.02579	
15.3975	0	0.231543	39.226	244.084	-6.17385	
10.8713	0	0.192044	10.3642	192.158	6.46135	
-2.49284	-0	0.0754165	43.1707	-154.015	4.91404	
-3.15678	-0	0.0696224	-10.0112	-229.88	11.6727	
0.639925	0	0.102756	94.9835	188.386	29.7634	
-4.26126	-0	0.0599837	-35.1604	-212.658	3.83362	
0.310045	0	0.0998769	65.6405	86.9899	33.4879	
-1.81121	-0	0.081365	-43.3533	-164.352	1.7856	
1.92908	0	0.114006	24.8695	199.236	5.78025	
18.0585	0	0.254766	10.9769	252.068	2.83539	
20.8043	0	0.278727	12.5162	233.79	8.43144	
-1.80742	-0	0.0813981	21.0116	-160.985	1.40864	
7.68036	0	0.164197	-45.7142	220.851	-5.76011	
8.73058	0	0.173362	-41.4444	237.597	2.15874	
6.94867	0	0.157811	23.0992	186.082	12.3444	
8.63717	0	0.172547	-12.0284	200.379	6.76957	
2.60042	0	0.119865	25.1773	167.888	-9.31806	
0.150624	0	0.0984857	88.7803	64.2456	30.0871	
-0.320358	-0	0.0943755	61.66	-39.7844	-18.0044	
12.9169	0	0.209895	-59.36	195.651	-4.10106	
5.89911	0	0.148652	26.3555	179.994	4.18936	
9.95404	0	0.184039	9.67968	191.42	-7.52703	
1.08165	0	0.106611	18.4075	262.557	24.5549	
8.01952	0	0.167156	-40.9575	198.991	-6.10537	
0.468045	0	0.101256	-5.53953	206.564	3.68335	
-3.40998	-0	0.0674128	-36.4718	-198.936	-2.57189	
-3.10994	-0	0.0700312	-25.74	-150.475	18.4839	
2.28453	0	0.117108	27.3135	177.767	-5.24164	
8.43977	0	0.170824	-3.989	191.017	-0.739643	
-1.22131	-0	0.086513	75.9994	-221.156	2.37403	
-3.43312	-0	0.0672108	-1.8688	-200.729	5.32832	
12.8008	0	0.208882	5.32847	226.97	11.0941	
2.35197	0	0.117696	1.3633	212.333	-5.4663	
-0.494239	-0	0.092858	207.13	-109.177	-41.3629	
-2.37264	-0	0.0764654	32.7587	-166.484	-19.1765	
3.05123	0	0.123799	0.955001	188.394	4.21086	
-2.15664	-0	0.0783505	5.25861	-202.255	4.66766	
3.81113	0	0.13043	-23.3843	228.977	-7.53471	
7.20746	0	0.16007	-50.1331	198.103	7.62329	
9.21589	0	0.177597	-1.81671	211.915	-12.7975	
9.16243	0	0.177131	-38.9037	240.485	0.694767	
15.2231	0	0.230021	18.1069	196.099	-2.12892	
11.6656	0	0.198975	5.94188	192.645	-7.50529	
8.14169	0	0.168223	-27.1647	190.693	-2.51967	
4.56479	0	0.137007	-42.1434	186.409	-2.12215	
5.02666	0	0.141038	15.263	128.831	-4.63892	
3.86964	0	0.130941	23.6215	192.742	3.03832	
1.11075	0	0.106865	-5.26242	231.32	8.01467	
13.1163	0	0.211635	-10.514	207.543	5.07512	
14.2983	0	0.22195	-10.087	252.931	3.82961	
2.37199	0	0.117871	-35.54	211.813	2.07952	
6.65379	0	0.155238	-34.0811	152.231	5.90921	
13.9908	0	0.219267	13.9944	213.99	-8.61443	
-0.945401	-0	0.0889208	48.0773	-208.156	5.47938	
-0.173795	-0	0.0956545	23.6318	-83.4658	-14.7948	
-4.18746	-0	0.0606278	16.7411	-171.926	-12.2147	
8.53453	0	0.171651	-12.6937	175.128	6.51227	
1.63163	0	0.11141	55.5256	187.503	3.42645	
2.25681	0	0.116866	9.99391	233.455	1.4556	
2.33203	0	0.117523	37.0613	200.877	14.0163	
2.5587	0	0.119501	-45.8273	190.354	-6.14378	
0.822035	0	0.104345	-31.2862	208.903	-11.4265	
-3.02747	-0	0.0707509	-45.413	-190.69	5.58562	
1.59386	0	0.111081	-79.2189	183.984	2.50988	
1.15708	0	0.107269	-4.81207	189.402	-3.50865	
13.5595	0	0.215504	-32.2491	239.204	2.69881	
13.0336	0	0.210913	-18.5951	251.098	0.935643	
5.18131	0	0.142388	-2.31019	226.639	-0.332436	
9.47003	0	0.179815	-2.96709	190.371	-8.99915	
-3.92464	-0	0.0629214	39.463	-165.366	-14.1426	
11.5922	0	0.198335	38.9475	189.082	-8.7532	
4.65624	0	0.137806	-1.19833	174.171	-3.03342	
7.78562	0	0.165115	21.7852	156.188	-8.39911	
-6.40009	-0	0.0413185	-18.3754	-231.173	-2.26741	
3.48937	0	0.127623	7.46341	180.516	3.77703	
4.96409	0	0.140492	-31.5117	176.989	-12.6631	
11.259	0	0.195427	-33.8018	207.002	0.27324	
11.2008	0	0.194919	42.2467	227.841	-7.83792	
4.48305	0	0.136294	20.562	222.855	-19.5197	
12.1414	0	0.203128	-2.98633	161.99	-5.84804	
3.46095	0	0.127374	-22.0563	173.956	-5.79207	
-0.637291	-0	0.0916096	-88.1401	-194.809	4.20064	
5.61674	0	0.146188	-31.8379	192.623	7.35726	
2.80972	0	0.121691	27.0911	219.786	-12.2121	
-1.79393	-0	0.0815158	-59.3234	-258.741	12.0944	
8.25556	0	0.169216	-16.5847	202.015	-16.3896	
9.45771	0	0.179707	35.353	186.719	-9.08467	
5.03586	0	0.141119	20.7404	194.677	6.04229	
0.386812	0	0.100547	-87.8432	35.0467	-18.3663	
4.26876	0	0.134424	-87.3745	193.51	-9.3637	
-0.0780771	-0	0.0964898	-2.80366	-61.5696	44.1633	
-1.29896	-0	0.0858354	97.9915	-193.292	-5.78048	
-1.02747	-0	0.0882046	47.208	-248.748	-6.69547	
-6.50175	-0	0.0404313	22.9956	-212.844	2.54558	
-0.176245	-0	0.0956331	-188.39	-20.5326	89.3438	
-3.38621	-0	0.0676202	15.4805	-195.701	6.11977	
2.55728	0	0.119488	-43.8854	168.423	3.04777	
13.3051	0	0.213283	-18.2707	252.755	2.88791	
27.4963	0	0.337128	-32.487	240.368	5.21124	
7.29083	0	0.160797	16.3706	239.068	1.17017	
11.2924	0	0.195718	-6.29652	215.243	7.7319	
11.1273	0	0.194278	-29.3728	237.904	-0.51716	
-0.224172	-0	0.0952149	235.046	-9.17137	-92.9265	
7.9967	0	0.166957	65.005	157.755	-3.96994	
7.42483	0	0.161967	-3.38627	186.913	6.48565	
4.28622	0	0.134577	-19.2106	205.434	-4.2145	
-0.503781	-0	0.0927748	-35.2981	-276.048	37.2631	
11.3398	0	0.196132	-17.2303	212.864	-0.542443	
13.8793	0	0.218294	-5.14399	224.297	-3.07057	
0.0852394	0	0.0979151	17.0427	-68.2529	-0.92582	
13.3674	0	0.213827	-9.74283	229.687	9.02141	
3.8042	0	0.13037	-16.6354	169.456	-8.7828	
-1.72652	-0	0.0821041	-37.2829	-205.014	-0.39867	
12.3587	0	0.205024	7.46061	217.164	2.93411	
10.341	0	0.187416	-30.3898	199.207	-3.21032	
12.5902	0	0.207044	-6.69331	211.152	-9.36028	
3.55289	0	0.128177	6.3532	176.226	-5.96284	
8.44969	0	0.170911	84.3624	215.235	9.39766	
-1.46548	-0	0.0843822	-54.8515	-197.986	-1.06267	
9.7583	0	0.182331	-12.6576	246.706	-1.12485	
5.39904	0	0.144288	14.9653	197.432	17.3776	
2.2766	0	0.117039	-20.6549	205.596	-1.99593	
3.12805	0	0.124469	10.9993	187.914	4.58086	
12.7945	0	0.208827	47.9571	208.858	-0.574012	
19.7034	0	0.26912	-35.913	226.183	-3.2998	
8.25431	0	0.169205	-13.6019	213.301	5.28939	
5.0442	0	0.141191	31.7212	167.903	-11.3152	
15.0773	0	0.228749	-44.2078	219.744	9.82559	
5.84296	0	0.148162	29.3836	190.73	-9.01718	
5.4274	0	0.144535	54.9859	184.26	9.62325	
7.16225	0	0.159675	29.7701	205.202	-2.43793	
10.4829	0	0.188654	-10.4679	172.995	-2.54125	
-6.09772	-0	0.0439572	37.5707	-197.57	-0.846173	
14.7988	0	0.226318	-5.66417	237.344	2.77932	
-0.138205	-0	0.0959651	187.171	-61.3864	-115.306	
-5.06665	-0	0.0529552	-40.1854	-181.654	11.4126	
4.68218	0	0.138032	40.0451	217.692	-14.0077	
13.1272	0	0.211731	-12.7857	230.572	-3.31181	
7.40805	0	0.16182	5.67774	174.114	12.8759	
4.04291	0	0.132453	-2.989	154.377	5.05675	
9.49324	0	0.180017	28.1379	222.209	13.1582	
2.87187	0	0.122234	16.6745	182.251	7.01187	
36.4122	0	0.414936	21.3817	224.572	1.07676	
9.15296	0	0.177048	74.4432	225.984	0.772383	
4.05073	0	0.132521	-13.3418	205.383	7.92561	
6.23088	0	0.151547	-39.3045	184.941	6.35226	
14.2651	0	0.221661	10.7149	204.88	6.12008	
-2.78284	-0	0.0728857	-52.0741	-244.152	-2.1506	
-7.38988	-0	0.0326807	35.6498	-213.481	7.60094	
1.08823	0	0.106668	-12.8767	184.792	-6.16019	
-4.57523	-0	0.0572438	-55.1419	-193.373	-1.29613	
8.04664	0	0.167393	-10.4697	207.848	-3.78006	
11.3775	0	0.196461	11.1056	244.837	5.64559	
3.60576	0	0.128638	-0.95558	202.845	12.0327	
7.80146	0	0.165253	20.5235	184.608	-1.21611	
3.02238	0	0.123547	-4.28077	179.354	-2.78587	
-0.453735	-0	0.0932115	106.767	-218.719	-24.6563	
11.1989	0	0.194903	31.6033	220.952	-5.79798	
11.2873	0	0.195674	-68.4416	188.526	-11.5867	
6.91344	0	0.157504	-34.5435	177.628	4.86688	
7.22513	0	0.160224	35.7567	185.456	2.20059	
-0.367226	-0	0.0939665	38.0481	-98.6784	-4.57691	
-4.37612	-0	0.0589814	-38.7388	-171.919	-23.1904	
0.103132	0	0.0980712	-52.5123	-68.1315	-41.2571	
2.45442	0	0.118591	67.6836	180.341	7.45597	
7.4665	0	0.16233	60.5214	217.432	2.91378	
17.7527	0	0.252097	21.5232	232.787	4.01999	
0.0453622	0	0.0975671	29.8359	-13.7451	131.71	
1.91449	0	0.113879	-7.96283	224.794	7.27802	
10.1646	0	0.185876	9.293	211.931	0.128125	
7.19539	0	0.159964	-32.5013	171.683	3.81386	
-3.20188	-0	0.0692288	18.2398	-218.664	-9.7304	
-5.40494	-0	0.050003	-17.1817	-206.506	-15.4375	
-1.0663	-0	0.0878657	61.6854	-251.264	-15.1171	
4.64097	0	0.137672	1.70942	206.339	3.91523	
2.60296	0	0.119887	47.518	179.454	-5.19398	
-5.91937	-0	0.0455136	-29.1096	-172.854	6.71672	
-0.92233	-0	0.0891221	65.761	-228.132	-7.20397	
5.1395	0	0.142023	8.17098	192.352	6.27539	
3.232	0	0.125376	-44.4757	176.572	1.86282	
7.86509	0	0.165809	-28.7206	174.101	-4.5091	
4.02602	0	0.132306	-26.4677	166.115	-0.606742	
6.9376	0	0.157715	-10.8653	194.707	4.53928	
2.5681	0	0.119583	9.39679	185.988	2.78525	
-2.14831	-0	0.0784232	46.5901	-170.396	-6.7896	
1.14151	0	0.107133	-68.4964	181.571	5.88082	
15.3025	0	0.230714	-12.7058	242.409	4.80696	
2.98411	0	0.123213	17.5913	169.498	-0.435237	
-0.13924	-0	0.0959561	-153.333	-86.3042	88.8554	
0.819938	0	0.104327	-98.8354	211.704	-5.6257	
-0.476875	-0	0.0930096	-27.9344	-86.6471	0.93746	
7.89531	0	0.166072	24.3508	191.082	9.66632	
11.3751	0	0.19644	-38.2244	190.577	-5.77388	
-0.278219	-0	0.0947432	-57.055	-113.588	7.22235	
5.07565	0	0.141466	-44.5253	181.107	-1.43755	
-4.43866	-0	0.0584356	4.48492	-182.372	-4.64314	
-1.15215	-0	0.0871165	47.2496	-250.885	7.99199	
7.29834	0	0.160863	-2.6327	214.175	-8.93626	
12.7527	0	0.208462	-4.26922	256.645	-8.08938	
13.3846	0	0.213977	20.6163	235.565	-3.05465	
-3.49178	-0	0.0666989	-28.5452	-157.331	-8.53613	
2.49036	0	0.118904	-3.49853	183.835	1.79875	
-6.46323	-0	0.0407674	6.01944	-185.916	-13.5173	
6.35156	0	0.1526	44.6011	180.159	-0.286947	
2.58783	0	0.119755	-17.4177	192.228	4.48723	
10.1698	0	0.185922	-31.4722	188.235	5.63504	
5.23474	0	0.142854	15.5877	188.463	3.10936	
14.8441	0	0.226714	-23.1009	234.221	-1.82641	
13.9679	0	0.219067	-16.3406	217.657	4.73673	
0.211379	0	0.0990159	-19.7747	87.5442	-2.13109	
8.52191	0	0.171541	-1.10001	196.537	-4.12419	
12.9097	0	0.209833	8.13658	235.741	7.21557	
14.0421	0	0.219715	15.3711	228.864	-1.79395	
13.1097	0	0.211578	2.36881	226.313	2.40656	
6.28557	0	0.152025	13.4109	175.76	-7.22651	
-2.17444	-0	0.0781951	-23.6309	-173.229	-4.86456	
0.468736	0	0.101262	-36.6337	232.663	-15.3687	
5.52345	0	0.145374	-19.356	183.732	0.754449	
12.1169	0	0.202914	41.1576	235.464	0.80546	
-7.54989	-0	0.0312843	-11.7693	-210.12	-3.31026	
4.62237	0	0.13751	-30.269	168.263	1.76067	
14.9968	0	0.228046	28.8477	248.92	-8.11434	
-1.32759	-0	0.0855855	4.64029	-200.231	5.62294	
2.60862	0	0.119936	-6.08132	205.537	-7.37571	
-1.14228	-0	0.0872027	96.9411	-252.466	2.17666	
7.64423	0	0.163881	-18.7986	158.892	-2.24939	
-4.20891	-0	0.0604406	25.6258	-188.57	1.31112	
7.56562	0	0.163195	-13.9285	190.976	-4.84046	
9.47839	0	0.179888	-40.0675	218.287	-6.42063	
-1.38268	-0	0.0851047	-9.53217	-200.866	5.9721	
2.47309	0	0.118754	-33.5911	128.07	-7.02409	
6.70082	0	0.155648	16.7483	213.714	0.748842	
6.31597	0	0.15229	13.4444	207.605	-11.166	
3.26865	0	0.125696	-17.1197	189.491	-1.86716	
9.99252	0	0.184375	-3.25611	224.591	-2.29542	
14.3879	0	0.222732	50.2679	205.527	4.89574	
1.93286	0	0.114039	7.79906	171.924	27.87	
5.04781	0	0.141223	15.8373	165.31	5.66356	
7.4743	0	0.162398	23.187	179.611	-6.64256	
0.263826	0	0.0994736	-72.7247	-16.6404	-24.4056	
-4.09819	-0	0.0614068	-5.70405	-176.987	-2.15017	
10.2832	0	0.186911	18.1533	194.069	-1.2358	
10.0321	0	0.18472	-14.519	208.647	-0.404589	
13.2704	0	0.21298	6.42732	257.791	-2.77815	
24.1528	0	0.307949	-2.31749	237.931	5.05859	
7.56007	0	0.163147	33.2262	209.688	4.89044	
7.64052	0	0.163849	-16.4063	201.33	-11.1215	
9.45564	0	0.179689	-18.3845	199.834	9.21029	
9.39622	0	0.179171	10.2208	212.398	11.348	
2.51544	0	0.119123	56.4492	225.981	5.03211	
4.27785	0	0.134503	-4.85369	200.511	14.1691	
3.63651	0	0.128907	17.8455	184.736	2.05153	
0.217165	0	0.0990664	4.20557	66.2943	-27.4521	
12.5375	0	0.206585	-39.6659	228.453	-1.99305	
10.9937	0	0.193112	-1.64939	216.809	-3.99721	
-1.83659	-0	0.0811435	-22.0917	-231.734	20.163	
9.60131	0	0.180961	47.2586	203.168	-2.84989	
-0.306977	-0	0.0944922	-155.517	-98.7086	75.5761	
0.170098	0	0.0986556	-12.5048	147.367	-56.1409	
8.69147	0	0.173021	-54.8219	228.365	-10.7579	
-3.02738	-0	0.0707517	43.6179	-178.833	10.6861	
4.23647	0	0.134142	18.5119	180.834	1.39481	
7.47287	0	0.162386	-52.2822	182.586	-5.34872	
10.813	0	0.191534	-49.2618	193.802	8.06059	
-2.11959	-0	0.0786738	-5.07838	-224.273	-0.997382	
13.4342	0	0.214409	19.4598	206.17	8.27747	
7.56129	0	0.163158	-9.52217	158.304	8.15817	
11.9916	0	0.20182	-1.41702	217.771	6.46935	
0.0474128	0	0.097585	37.004	31.3059	78.0767	
-5.81696	-0	0.0464074	-8.72513	-227.694	1.72663	
3.19746	0	0.125075	44.4764	187.02	-2.33898	
-5.64006	-0	0.0479511	52.3856	-228.776	1.47019	
-4.88126	-0	0.0545731	15.5917	-199.581	-12.1471	
-1.38941	-0	0.085046	72.5943	-198.074	1.18729	
15.058	0	0.228581	15.6414	256.502	-5.52054	
7.51283	0	0.162735	-1.57126	232.632	5.44282	
11.0253	0	0.193387	21.439	211.205	-1.18493	
12.8917	0	0.209676	-30.6455	177.788	-1.0295	
6.89711	0	0.157361	-21.873	200.199	1.2876	
8.06802	0	0.16758	14.1886	191.661	3.02792	
-4.35729	-0	0.0591457	-60.879	-171.484	-0.258626	
-0.184915	-0	0.0955575	-18.2643	-45.0736	20.0438	
1.54458	0	0.110651	25.9454	233.197	-3.76436	
7.31164	0	0.160979	-25.7886	250.209	-10.3129	
-0.387017	-0	0.0937938	-24.1556	-19.2386	5.98507	
12.2849	0	0.20438	-16.4104	213.478	-8.0769	
-2.63632	-0	0.0741644	96.85	-201.358	-10.6277	
1.5487	0	0.110687	72.9281	182.026	11.5379	
15.2858	0	0.230568	-16.7414	243.623	-4.91859	
2.51876	0	0.119152	-23.5072	183.105	10.0229	
1.86384	0	0.113437	-44.1059	210.749	-23.4721	
9.74473	0	0.182212	-31.1968	188.527	6.23197	
12.7987	0	0.208864	-0.924441	243.346	6.92873	
0.360847	0	0.10032	-15.6271	61.3311	-9.05859	
11.7743	0	0.199924	2.82818	234.238	1.3132	
-2.51708	-0	0.075205	28.3843	-176.531	-2.45476	
3.88562	0	0.13108	-22.746	183.046	-1.83483	
2.61271	0	0.119972	-2.18462	193.655	3.44622	
2.74166	0	0.121097	-17.6985	204.305	-2.73869	
-0.192302	-0	0.095493	-228.075	-73.9657	125.883	
6.30855	0	0.152225	-52.5197	170.737	-1.46357	
11.5956	0	0.198365	-10.7617	218.413	-11.5853	
22.3909	0	0.292573	-38.3881	241.238	4.54466	
3.58412	0	0.128449	-5.82738	179.8	7.20952	
8.88997	0	0.174753	-41.4146	234.11	-1.81847	
8.60324	0	0.172251	-27.4846	163.567	8.22675	
-3.7525	-0	0.0644236	-11.4646	-188.982	3.77057	
12.4389	0	0.205724	4.98152	236.323	-3.84834	
6.94031	0	0.157738	-32.8493	205.105	9.67648	
3.06698	0	0.123936	40.3058	187.807	-11.5846	
0.229483	0	0.0991739	-113.227	113.294	-57.9908	
13.1457	0	0.211892	18.7407	213.791	6.87038	
8.49503	0	0.171306	-60.234	173.173	-8.0877	
5.0432	0	0.141183	36.297	203.069	-2.33335	
6.57999	0	0.154594	22.3968	165.1	8.3121	
-1.09515	-0	0.087614	-60.7267	-199.938	-3.27786	
7.66316	0	0.164047	24.9311	161.417	-7.06251	
12.7122	0	0.208109	15.4032	217.41	-13.7406	
6.63852	0	0.155105	-43.2317	221.918	-9.11398	
2.53928	0	0.119331	14.7875	172.388	-7.57934	
-2.93316	-0	0.0715739	-17.896	-180.075	-0.892326	
13.304	0	0.213274	-23.2131	185.483	2.22366	
-5.34512	-0	0.0505251	-15.4621	-141.083	-7.18376	
12.1946	0	0.203592	-18.722	213.791	-11.4626	
5.13191	0	0.141957	-21.3645	176.073	-9.27297	
16.7597	0	0.243431	5.02419	234.006	-4.66396	
0.155516	0	0.0985284	29.6514	52.8446	44.3311	
6.55085	0	0.15434	47.557	165.349	-6.90252	
10.8482	0	0.191842	11.711	192.923	-5.04901	
-4.06634	-0	0.0616848	35.4787	-204.491	4.67839	
4.07029	0	0.132692	41.9161	192.279	-6.82719	
4.80891	0	0.139138	13.6245	161.531	8.38105	
3.58298	0	0.128439	24.3409	126.649	-11.3676	
-4.40738	-0	0.0587085	43.9093	-152.444	-9.32894	
-0.180041	-0	0.0956	229.736	-31.4195	-120.195	
5.22772	0	0.142793	-37.2835	153.117	1.20056	
6.77067	0	0.156258	10.2468	163.791	-13.8987	
0.884001	0	0.104886	-64.2436	144.449	-12.861	
10.2781	0	0.186866	-44.3246	236.013	-9.2534	
17.9872	0	0.254143	35.987	232.691	4.14204	
18.5982	0	0.259475	9.57917	236.281	0.572195	
6.73453	0	0.155943	-15.8635	186.423	3.74994	
14.8741	0	0.226976	-5.55261	203.313	6.63948	
-3.27103	-0	0.0686254	-33.7515	-183.616	4.25482	
0.00470854	0	0.0972123	-5.98209	4.10346	52.3879	
5.28471	0	0.14329	13.9258	218.259	17.7778	
-0.0472537	-0	0.0967588	17.4348	-25.4996	16.0623	
18.5792	0	0.25931	-9.42495	257.914	-9.15605	
13.4543	0	0.214585	-3.59969	220.647	-0.547555	
-3.76709	-0	0.0642963	34.703	-125.495	-9.2207	
-3.7725	-0	0.0642491	-4.90228	-172.544	2.01162	
-3.43264	-0	0.067215	-65.1406	-195.32	9.83563	
14.846	0	0.226731	-18.9306	266.633	-1.64812	
-0.610665	-0	0.091842	-91.7094	-213.871	20.44	
1.19687	0	0.107616	21.6961	190.563	17.2151	
2.39446	0	0.118067	35.9064	153.366	13.838	
-2.3789	-0	0.0764108	-40.8149	-163.071	6.40478	
3.97966	0	0.131901	-21.4554	160.322	-4.32709	
11.6467	0	0.198811	34.3871	196.478	10.8639	
0.0510505	0	0.0976167	119.893	38.1861	218.993	
4.07898	0	0.132768	5.62748	187.839	-16.7636	
-0.733669	-0	0.0907686	18.2267	-195.24	-20.0064	
-3.05997	-0	0.0704672	14.6665	-174.076	-16.8865	
2.38108	0	0.117951	-51.8417	184.333	19.3441	
-1.44878	-0	0.0845279	29.4938	-218.782	-5.46715	
0.243862	0	0.0992993	44.9491	59.5853	2.29848	
10.8438	0	0.191804	-6.23671	228.584	-1.92042	
-0.893328	-0	0.0893752	46.9785	-212.375	-15.7371	
-2.96948	-0	0.071257	36.3098	-182.226	-1.69999	
6.47436	0	0.153672	-14.6541	200.476	8.3015	
10.0587	0	0.184952	36.1553	214.915	-4.79105	
17.3405	0	0.248499	5.40288	233.052	1.18708	
0.248113	0	0.0993364	-9.87322	55.0754	4.80178	
13.0491	0	0.211049	-16.2918	222.852	-2.35478	
5.31748	0	0.143576	6.24243	205.812	10.9548	
1.97532	0	0.11441	-2.23978	214.004	15.1973	
-2.20584	-0	0.0779211	5.15236	-228.563	-8.29719	
4.30771	0	0.134764	64.0203	206.974	3.52549	
6.3564	0	0.152643	-31.4701	199.076	-18.5216	
17.4772	0	0.249692	-15.6073	227.945	6.53679	
6.75696	0	0.156138	-12.934	151.81	3.37424	
2.05733	0	0.115125	-49.9524	172.742	-9.70336	
11.944	0	0.201405	-3.89191	191.811	-1.82971	
3.34231	0	0.126339	25.9034	218.445	18.4002	
6.7024	0	0.155662	5.55016	186.568	-1.43697	
-0.145315	-0	0.0959031	-91.9498	1.94189	69.0824	
-0.290438	-0	0.0946366	32.9918	-53.5878	11.3343	
6.30183	0	0.152166	-12.628	177.157	12.5202	
2.4764	0	0.118782	-64.3444	199.113	4.78294	
-3.79043	-0	0.0640926	-46.2442	-180.134	-3.03089	
3.33446	0	0.126271	-19.8463	206.653	2.4446	
6.27133	0	0.1519	-20.4014	190.696	-0.517145	
-1.66593	-0	0.0826328	21.9668	-172.353	11.0994	
4.12795	0	0.133195	26.9289	181.386	-4.21758	
1.79597	0	0.112844	6.55196	204.927	3.54532	
-0.11788	-0	0.0961425	-25.6282	-44.6173	5.01474	
3.69135	0	0.129385	44.5455	161.507	-8.21433	
-3.03671	-0	0.0706703	-43.8395	-170.213	9.2533	
11.1383	0	0.194374	-25.663	203.345	-6.71006	
15.0164	0	0.228218	-18.8871	193.555	-2.25461	
1.17762	0	0.107448	-29.6699	231.981	14.9355	
1.20613	0	0.107697	85.701	233.668	13.7235	
3.72834	0	0.129708	-23.0891	162.502	-5.33408	
8.57785	0	0.172029	2.55697	170.052	6.97774	
2.40906	0	0.118195	32.4137	183.149	-7.15246	
6.12658	0	0.150637	-14.1983	155.332	-5.42756	
-2.99944	-0	0.0709955	-5.73129	-216.631	6.04644	
-2.35282	-0	0.0766384	6.55509	-159.278	4.95348	
5.99671	0	0.149504	35.5629	201.73	2.96452	
7.96136	0	0.166649	-18.3787	170.975	3.53518	
6.27218	0	0.151908	22.5604	187.338	-0.405437	
-1.43078	-0	0.0846849	59.192	-243.518	-13.1393	
11.7628	0	0.199824	39.3564	236.029	4.02834	
1.27814	0	0.108325	20.4568	154.031	3.40141	
3.726	0	0.129688	-20.5056	159.527	-4.00044	
3.12218	0	0.124418	18.4919	182.769	-3.02647	
8.9338	0	0.175135	-91.6146	208.846	-13.191	
-5.76235	-0	0.046884	-2.11904	-183.726	8.47805	
8.39328	0	0.170418	44.2313	183.65	-4.53677	
9.72396	0	0.182031	-19.1473	156.849	-6.16369	
2.68905	0	0.120638	-6.56495	189.811	-2.80958	
1.81139	0	0.112979	32.6031	223.25	1.63661	
0.734987	0	0.103585	-13.2223	193.523	2.171	
8.45463	0	0.170954	51.9434	204.999	-11.8794	
-0.171426	-0	0.0956752	99.7329	-77.344	-54.2455	
3.17547	0	0.124883	46.7768	200.426	5.43599	
7.26721	0	0.160591	28.8704	223.029	6.78669	
1.83133	0	0.113153	-51.6075	199.377	10.1154	
-1.25708	-0	0.0862009	18.4087	-219.222	1.49603	
-4.74268	-0	0.0557825	3.79392	-200.871	6.85778	
3.64904	0	0.129016	38.9974	199.158	19.1494	
4.97183	0	0.14056	30.3788	200.188	13.7844	
-2.56929	-0	0.0747493	42.1651	-163.815	-8.45562	
-1.33884	-0	0.0854873	45.7844	-164.193	-7.98609	
3.87073	0	0.130951	29.0998	181.077	7.12335	
10.9224	0	0.192489	42.4757	229.472	-18.7129	
1.59419	0	0.111084	62.896	181.848	-3.53919	
-0.176399	-0	0.0956318	160.788	-60.4466	-63.8688	
7.74557	0	0.164766	-25.3735	199.339	11.6424	
-3.64028	-0	0.065403	-27.11	-171.543	-12.4559	
12.1596	0	0.203286	20.5504	259.698	5.69405	
8.33311	0	0.169893	40.1042	189.11	1.57714	
14.424	0	0.223048	7.66719	223.426	2.46493	
10.1218	0	0.185503	-4.81604	212.376	8.66641	
9.23051	0	0.177725	-12.335	210.66	-12.6304	
0.194341	0	0.0988672	-62.5033	-14.6085	-12.9342	
9.1054	0	0.176633	-28.1569	244.324	5.34066	
13.8501	0	0.21804	26.3132	215.741	1.54092	
1.51969	0	0.110433	-16.0942	113.432	7.36434	
10.6519	0	0.190129	33.5535	201.025	-10.248	
5.46976	0	0.144905	15.4357	204.008	-6.08342	
-5.01192	-0	0.0534328	2.35671	-144.372	-1.54989	
9.92362	0	0.183773	37.0464	203.086	-1.06416	
5.2767	0	0.14322	29.9609	241.151	4.71733	
5.86671	0	0.148369	-25.0779	212.782	-0.368433	
8.77493	0	0.173749	-4.44878	184.099	-2.91559	
-1.42677	-0	0.08472	66.2958	-271.337	2.10193	
7.98978	0	0.166897	-26.644	178.834	1.71326	
5.73032	0	0.147179	-35.1474	178.906	8.76921	
8.50168	0	0.171364	35.6694	224.818	9.55027	
2.58342	0	0.119716	0.720725	214.222	-0.555897	
-0.483998	-0	0.0929474	-114.502	-228.113	26.3617	
9.53803	0	0.180408	-5.43943	213.866	6.11446	
2.00558	0	0.114674	25.3716	193.376	6.52324	
-1.41238	-0	0.0848456	23.2952	-245.949	2.45427	
-1.36234	-0	0.0852822	-30.1158	-199.281	2.4552	
4.70454	0	0.138227	40.594	191.015	5.58281	
7.23373	0	0.160299	-32.7414	227.225	0.982974	
1.66949	0	0.111741	3.73122	208.617	3.69282	
4.63639	0	0.137632	-27.1556	201.092	3.877	
-2.11739	-0	0.078693	-20.9597	-205.065	3.70601	
1.08721	0	0.106659	55.1469	240.744	-1.96432	
7.7811	0	0.165076	12.1863	198.234	11.7757	
4.2348	0	0.134128	19.2148	231.368	9.4158	
9.55971	0	0.180597	-11.4901	178.074	-13.0613	
11.7745	0	0.199925	-12.9078	211.686	0.780728	
8.66592	0	0.172798	54.0059	218.651	2.31229	
11.3016	0	0.195799	-0.0699024	200.152	-5.50665	
0.947663	0	0.105441	17.0794	250.578	6.04146	
-1.94675	-0	0.0801822	-23.7277	-228.76	-1.99829	
-1.59763	-0	0.0832289	16.9771	-195.579	4.79692	
7.53977	0	0.16297	-0.805864	213.667	1.27918	
2.83093	0	0.121876	11.0111	193.058	7.08637	
-1.4811	-0	0.0842458	-16.8103	-190.612	5.64868	
-1.67702	-0	0.0825361	-32.3638	-228.912	-4.82904	
6.92588	0	0.157612	-34.6146	221.533	4.59841	
4.88421	0	0.139795	-34.9669	150.935	-3.31589	
0.328381	0	0.100037	-9.63867	161.108	-29.6905	
9.30482	0	0.178373	-34.4457	235.845	0.0374493	
-3.31615	-0	0.0682316	20.0058	-153.527	-7.52394	
10.7492	0	0.190978	32.3915	266.378	4.64561	
11.3987	0	0.196646	39.0019	217.017	2.45545	
-1.18026	-0	0.0868712	9.37413	-223.914	-11.9362	
8.00301	0	0.167012	26.5984	228.784	3.66635	
3.10667	0	0.124283	-37.2978	192.245	-7.89045	
-4.05522	-0	0.0617818	8.85026	-195.795	-6.95962	
1.65593	0	0.111622	22.7456	183.051	-7.02642	
14.3867	0	0.222722	20.0892	227.762	-9.39899	
14.3327	0	0.222251	6.33171	199.909	12.4457	
15.2889	0	0.230595	-0.0421678	232.916	-1.93203	
6.07235	0	0.150164	-22.4411	200.281	0.0498445	
-2.8251	-0	0.0725169	63.586	-202.804	10.1276	
11.6159	0	0.198541	-11.4668	241.33	-3.22348	
11.018	0	0.193324	-37.927	221.361	7.4208	
4.22087	0	0.134006	44.2746	176.723	0.217729	
16.3956	0	0.240253	16.7256	196.937	0.904773	
-1.1781	-0	0.0868901	-12.1224	-163.789	-2.1394	
6.14922	0	0.150835	19.2204	165.503	3.50787	
5.00749	0	0.140871	42.1835	164.321	10.2549	
2.0537	0	0.115094	-61.6875	172.114	-22.5681	
11.629	0	0.198656	20.6825	208.698	-6.86442	
-0.226915	-0	0.0951909	-94.6242	3.71248	12.8775	
4.32573	0	0.134921	-10.9336	152.468	-5.40798	
-2.68643	-0	0.073727	30.3922	-209.138	-6.43976	
8.42411	0	0.170687	41.5971	233.546	-4.79485	
-0.828269	-0	0.089943	62.9665	-169.779	-8.18109	
4.27844	0	0.134509	-50.3361	189.318	-3.12782	
3.49296	0	0.127654	32.8673	181.292	-5.68533	
-4.78255	-0	0.0554345	-29.8357	-210.919	-0.250712	
1.95285	0	0.114213	44.8482	178.223	8.66712	
4.74751	0	0.138602	-20.4262	175.046	-0.0939921	
13.847	0	0.218012	-17.5625	243.595	12.8871	
4.66788	0	0.137907	-53.4873	184.293	0.797701	
12.7861	0	0.208754	21.7564	215.426	-6.47019	
7.34319	0	0.161254	3.80089	170.086	1.46052	
8.1119	0	0.167963	12.675	214.232	21.2934	
6.8298	0	0.156774	-0.660193	187.967	3.46531	
3.15267	0	0.124684	-11.6355	208.731	7.05095	
4.88951	0	0.139841	2.08628	176.937	9.20131	
-0.711939	-0	0.0909582	-22.1226	-272.723	22.4114	
-3.63102	-0	0.0654837	19.266	-186.818	11.9591	
-4.65416	-0	0.056555	-12.7335	-235.346	-9.37347	
-0.120001	-0	0.096124	-43.9536	64.3704	42.4977	
-4.57188	-0	0.057273	17.3122	-180.819	-9.95516	
1.82917	0	0.113134	39.0697	189.818	11.1439	
11.584	0	0.198263	4.24532	229.196	4.72151	
7.64251	0	0.163866	17.8549	228.909	9.89638	
-4.45691	-0	0.0582764	4.33257	-200.892	-12.7524	
9.09807	0	0.176569	-16.7951	179.936	5.70533	
5.25249	0	0.143009	-12.9031	186.91	-0.888043	
0.476005	0	0.101325	54.304	151.241	24.9358	
-1.35385	-0	0.0853564	-55.8463	-194.215	8.16078	
9.26074	0	0.177988	-19.4971	179.862	-7.6303	
5.21139	0	0.14265	-43.782	190.282	3.31149	
13.8455	0	0.217999	38.5813	228.386	3.77552	
0.118379	0	0.0982043	14.3299	-27.9187	-24.6072	
5.52988	0	0.14543	22.252	173.348	10.6095	
8.56883	0	0.17195	24.2762	181.662	0.443985	
6.10571	0	0.150455	17.6259	218.219	1.69065	
8.04894	0	0.167413	28.8262	166.291	-3.23476	
8.14207	0	0.168226	-10.179	197.303	-2.59375	
15.4494	0	0.231996	-19.5579	232.009	4.33306	
5.56218	0	0.145712	13.4791	179.197	7.36286	
9.25512	0	0.177939	-25.9594	207.196	-3.58693	
-4.61629	-0	0.0568854	-12.256	-189.237	0.826021	
5.47175	0	0.144922	20.9401	195.442	-10.4136	
5.42607	0	0.144524	-26.1996	174.518	4.91668	
4.1625	0	0.133497	-38.6811	190.109	-6.34015	
4.21882	0	0.133988	97.203	197.123	-4.50523	
-0.863205	-0	0.0896381	-110.083	-187.564	26.935	
-4.5791	-0	0.05721	-0.493232	-209.652	-11.0163	
13.0717	0	0.211246	7.18931	203.038	1.63822	
5.22913	0	0.142805	2.26024	156.681	8.41929	
6.61588	0	0.154907	56.4576	158.311	-9.2123	
1.22788	0	0.107887	-3.96149	236.963	0.983243	
8.65265	0	0.172682	-40.9363	196.653	-0.604767	
7.00165	0	0.158274	-46.4702	222.482	5.3333	
12.8741	0	0.209522	15.4203	220.541	3.09855	
7.34932	0	0.161308	-7.26669	242.982	-5.70593	
-0.776727	-0	0.0903928	23.235	-187.538	-23.5214	
-1.16851	-0	0.0869738	-27.7902	-241.614	-13.5053	
-1.87669	-0	0.0807935	-67.3035	-236.655	6.77773	
3.59699	0	0.128562	6.45844	170.445	-0.950024	
-1.76731	-0	0.0817481	79.2766	-217.855	-22.0838	
8.56693	0	0.171934	37.5517	191.233	3.00442	
-2.67122	-0	0.0738598	1.22098	-204.907	6.37179	
10.1783	0	0.185996	-40.8836	211.872	-3.13214	
-3.88139	-0	0.0632988	23.5903	-204.27	1.14939	
1.04438	0	0.106285	59.625	112.706	-2.92774	
0.308117	0	0.0998601	27.0033	78.7337	10.6734	
-4.46629	-0	0.0581945	38.7672	-208.731	-4.19232	
5.09503	0	0.141635	30.7686	188.857	7.34376	
2.78187	0	0.121448	15.9943	183.37	-1.72234	
-1.98456	-0	0.0798522	40.7045	-192.482	7.00333	
-4.82889	-0	0.0550301	-50.1292	-206.369	2.21655	
16.9495	0	0.245087	27.2109	198.457	1.90048	
-2.69937	-0	0.0736141	-9.01493	-160.447	-10.1419	
-5.05995	-0	0.0530137	-9.44163	-214.257	-3.01825	
3.94436	0	0.131593	11.0419	191.317	3.77965	
11.9061	0	0.201074	20.1342	204.618	-0.980006	
5.03482	0	0.141109	-0.918059	164.915	-2.99779	
6.53707	0	0.154219	13.1077	186.744	2.26859	
-1.22341	-0	0.0864946	27.4585	-253.291	-27.6406	
2.88185	0	0.122321	26.8437	163.86	10.0424	
7.01225	0	0.158366	-3.66622	245.343	-9.62488	
1.69384	0	0.111953	-26.3032	222.296	-3.82386	
9.07882	0	0.176401	6.86949	224.173	1.64692	
-5.14215	-0	0.0522964	26.6917	-222.764	0.0768755	
10.0093	0	0.184521	47.9178	208.93	1.99432	
-1.63276	-0	0.0829223	-95.1452	-167.808	-3.51462	
8.19628	0	0.168699	20.1924	227.062	7.17115	
9.13721	0	0.17691	-18.2522	186.809	10.1354	
6.00901	0	0.149611	27.8551	149.35	-3.8864	
9.95558	0	0.184052	17.712	225.639	6.01754	
9.73156	0	0.182097	-5.27994	204.621	10.2995	
-4.05219	-0	0.0618083	5.08791	-164.128	-22.8313	
-0.987686	-0	0.0885518	5.94886	-178.547	18.5703	
14.1725	0	0.220853	70.4383	237.791	3.47715	
7.16387	0	0.159689	2.44167	173.755	0.0523359	
-0.787261	-0	0.0903009	-64.8244	-238.182	16.6554	
1.85495	0	0.113359	0.130168	220.01	4.64036	
-3.97449	-0	0.0624863	-37.6796	-171.851	-5.64998	
11.3091	0	0.195864	21.4714	225.744	9.82752	
7.10917	0	0.159212	8.66272	190.143	-0.334591	
-2.7631	-0	0.073058	21.5782	-195.637	1.49761	
7.26898	0	0.160607	7.41145	204.955	0.899784	
-1.06622	-0	0.0878664	-25.1337	-219.851	-1.42127	
-0.783016	-0	0.0903379	7.42214	-141.5	4.40561	
16.4358	0	0.240604	-7.22842	260.569	2.52055	
-2.16648	-0	0.0782646	-31.3415	-192.016	-10.0982	
5.02329	0	0.141009	7.16004	185.943	-3.0484	
-0.475726	-0	0.0930196	-18.7308	-224.098	2.83369	
7.0785	0	0.158944	20.453	227.154	7.94557	
11.3632	0	0.196336	-18.6449	203.487	0.357938	
20.5354	0	0.276381	14.2078	214.916	6.13651	
0.141179	0	0.0984032	157.657	15.8119	64.9709	
-3.96419	-0	0.0625762	-56.7857	-182.568	6.34189	
3.69347	0	0.129404	43.6932	184.529	7.97779	
5.85712	0	0.148285	-10.8772	185.621	-8.89829	
7.9626	0	0.16666	13.9489	210.412	3.245	
-0.456148	-0	0.0931905	146.166	-168.477	-29.368	
4.91963	0	0.140104	-33.5344	216.84	-0.63055	
-4.18119	-0	0.0606825	-43.2689	-187.067	5.26385	
2.1142	0	0.115622	-44.5035	209.75	-10.7624	
0.00236987	0	0.0971919	20.4343	9.30794	1.88905	
7.68666	0	0.164252	24.3756	195.51	7.46614	
5.73554	0	0.147225	-37.2095	181.363	-1.29548	
2.58726	0	0.11975	29.1402	170.768	6.5519	
10.3991	0	0.187923	-7.61569	208.202	4.93079	
8.33697	0	0.169927	-9.10321	231.932	-10.8714	
-2.05925	-0	0.0792004	-12.9713	-183.569	6.53129	
11.7502	0	0.199714	-8.2516	208.871	-7.21402	
10.7329	0	0.190836	-24.752	214.012	-9.24229	
6.53157	0	0.154171	15.4528	210.896	-2.15581	
-1.90618	-0	0.0805362	14.8974	-220.564	-5.71679	
6.23628	0	0.151594	28.8527	191.627	-14.3572	
9.57453	0	0.180727	-34.3654	177.878	-9.54274	
-0.144376	-0	0.0959112	-79.3662	-32.4406	14.1535	
-5.13658	-0	0.052345	-20.2695	-193.192	3.02428	
14.5623	0	0.224254	6.37618	242.283	-4.92448	
4.31243	0	0.134805	24.0809	210.201	-1.53682	
-0.575122	-0	0.0921522	8.18869	-139.85	-14.47	
10.8125	0	0.19153	7.50256	228.722	2.7312	
7.63319	0	0.163785	3.94778	203.286	-10.9899	
4.35911	0	0.135213	-36.9505	151.734	-5.04756	
-1.5141	-0	0.0839579	74.804	-179.389	-3.30015	
0.203408	0	0.0989463	62.6307	39.2848	59.6693	
1.56248	0	0.110807	0.0420856	216.763	-1.71077	
13.8055	0	0.21765	-14.8687	242.323	-0.39776	
8.85445	0	0.174443	-18.4639	206.507	8.01348	
13.2654	0	0.212937	-10.5458	250.234	-5.80263	
7.55725	0	0.163122	-17.2952	206.037	13.7911	
6.02166	0	0.149721	-12.5137	168.262	-4.99998	
10.0034	0	0.184469	36.9071	216.223	-2.76408	
-6.14668	-0	0.0435299	-4.67267	-169.672	-1.47214	
4.53355	0	0.136735	35.8664	161.951	-16.413	
5.11462	0	0.141806	-4.70488	190.932	11.5064	
-2.47457	-0	0.075576	-46.5717	-209.541	-9.15437	
11.4936	0	0.197474	-40.6507	194.181	7.06688	
-3.90871	-0	0.0630604	2.70548	-206.097	8.47368	
3.89819	0	0.13119	-28.8309	218.173	-6.6024	
0.071833	0	0.0977981	-65.8109	-14.3889	-15.3404	
20.3255	0	0.27455	-42.4135	246.855	2.28085	
0.75355	0	0.103747	-19.415	167.566	0.150018	
13.4469	0	0.214521	-22.4516	221.658	-9.8003	
-2.32163	-0	0.0769107	16.2263	-198.384	-11.0431	
12.7882	0	0.208772	26.073	200.623	-11.5381	
-4.64392	-0	0.0566443	-11.6638	-137.756	14.9642	
4.13821	0	0.133285	29.7479	148.02	10.6505	
-0.0952142	-0	0.0963403	-49.6362	60.6186	41.4714	
8.5277	0	0.171591	16.8665	225.257	-5.74856	
13.5519	0	0.215437	-44.5132	193.085	9.18125	
-2.24849	-0	0.0775489	19.7795	-178.818	0.738051	
16.1755	0	0.238333	7.8283	219.462	-5.12782	
-2.62387	-0	0.074273	-40.2335	-212.186	12.0989	
7.48098	0	0.162457	6.3908	226.469	3.01947	
1.978	0	0.114433	-9.19652	176.707	-9.35957	
-6.00222	-0	0.0447906	-25.0274	-213.973	15.7514	
8.10803	0	0.167929	2.5069	186.84	8.78488	
13.4708	0	0.214729	11.7835	226.486	5.37497	
-2.93853	-0	0.0715271	10.4399	-214.025	-1.78721	
3.14905	0	0.124653	-13.2182	181.778	5.07133	
6.62197	0	0.15496	-44.0788	202.483	-12.252	
-3.10384	-0	0.0700844	-26.8182	-191.722	-4.37797	
-4.25503	-0	0.0600381	41.5059	-179.442	1.2357	
-2.76272	-0	0.0730613	66.0669	-177.141	4.46926	
6.41741	0	0.153175	15.3161	197.819	-0.650653	
-2.94643	-0	0.0714581	-0.120407	-218.683	3.44498	
21.5844	0	0.285536	-20.0518	233.224	0.640456	
6.11344	0	0.150522	5.34751	161.426	0.84698	
-0.207407	-0	0.0953612	134.912	-51.8494	-37.9261	
1.20266	0	0.107667	-54.5255	230.608	-4.76928	
2.81383	0	0.121727	8.38166	185.643	-11.8509	
3.26694	0	0.125681	-4.46601	186.286	5.79907	
4.82012	0	0.139236	-31.3185	178.259	5.58085	
-1.76971	-0	0.0817272	45.0593	-223.887	6.04809	
10.4622	0	0.188473	17.0932	188.159	-1.48507	
9.10513	0	0.17663	-28.9877	229.585	11.9548	
-2.84311	-0	0.0723598	21.3864	-184.685	-6.4387	
-0.0912481	-0	0.0963749	-74.029	-47.919	63.7693	
5.77298	0	0.147551	42.9315	220.615	8.80266	
15.3095	0	0.230775	14.7384	238.468	4.19295	
8.2884	0	0.169503	-21.5568	194.954	1.04209	
7.62572	0	0.16372	12.1811	240.589	-9.15643	
9.19391	0	0.177405	22.2886	222.063	-7.20487	
-3.08749	-0	0.0702271	32.4249	-178.41	-7.73292	
-3.20094	-0	0.069237	-5.05219	-224.544	-5.36512	
0.0675818	0	0.097761	0.0702869	28.7305	19.3642	
-0.670265	-0	0.0913219	-74.9111	-171.749	-2.63499	
3.83281	0	0.13062	11.1119	150.255	4.00688	
-5.14545	-0	0.0522675	56.8416	-171.407	2.8656	
2.29864	0	0.117231	-37.2553	148.716	5.87276	
-2.57002	-0	0.074743	-25.9293	-226.341	0.798605	
7.72972	0	0.164627	38.5851	239.461	1.96405	
16.6397	0	0.242383	-44.5843	239.309	-0.253927	
-0.0536868	-0	0.0967027	53.8322	-2.40111	-68.4626	
6.63285	0	0.155055	-32.2898	175.376	-4.38233	
-1.96637	-0	0.080011	-4.93423	-239.883	-5.64633	
12.7384	0	0.208338	6.32779	224.879	4.7717	
-3.81997	-0	0.0638348	16.9539	-179.898	-12.0728	
-3.9474	-0	0.0627228	-17.154	-168.788	4.72531	
-0.0630078	-0	0.0966213	1.81968	-29.3257	3.82795	
7.99529	0	0.166945	18.0797	204.477	-2.77257	
0.0522973	0	0.0976276	32.7127	8.40818	-2.68017	
10.4377	0	0.188259	22.1932	196.122	-3.72617	
5.51733	0	0.14532	-32.0424	171.206	-0.524824	
12.4145	0	0.205511	6.53211	191.641	-0.133312	
-2.05679	-0	0.0792219	-47.9865	-212.666	0.378704	
-3.05684	-0	0.0704945	-0.939869	-192.21	-3.88235	
1.59875	0	0.111123	-29.7945	173.143	-10.5139	
7.12504	0	0.15935	-20.5474	181.198	11.3969	
2.65479	0	0.120339	41.5141	187.004	8.3343	
-3.61442	-0	0.0656286	4.60435	-206.93	-3.27523	
4.97202	0	0.140561	33.7339	176.956	23.41	
-2.99263	-0	0.0710549	-54.1541	-193.357	0.410902	
-4.62551	-0	0.056805	-40.9071	-182.34	-16.0809	
-5.02447	-0	0.0533233	45.012	-195.163	-7.71829	
7.8395	0	0.165585	-7.79654	207.596	0.844523	
-2.86085	-0	0.0722049	26.0753	-216.133	-4.95564	
-1.2096	-0	0.0866152	-46.5708	-207.642	34.6649	
4.43584	0	0.135882	-17.5377	179.013	-12.05	
3.3808	0	0.126675	-34.8604	200.483	6.28743	
7.72938	0	0.164624	7.64128	202.395	5.09339	
2.3369	0	0.117565	-27.4456	184.925	-3.22034	
3.86577	0	0.130907	-14.2109	172.171	-5.8296	
4.4442	0	0.135955	40.7138	179.315	-7.89401	
2.45566	0	0.118601	-37.1009	229.383	-8.7793	
6.32586	0	0.152376	24.1478	178.753	-4.00893	
5.87851	0	0.148472	-13.6419	205.121	-7.32384	
7.93618	0	0.166429	-11.8084	214.054	1.44274	
4.76497	0	0.138754	-3.7957	191.559	0.995211	
-2.54003	-0	0.0750047	-3.54414	-221.019	-10.1411	
5.499	0	0.14516	12.0406	171.57	3.53892	
1.21691	0	0.107791	-10.7756	197.214	-1.81634	
14.8142	0	0.226453	-7.56793	240.955	-2.95267	
0.791139	0	0.104075	13.5797	249.773	12.5079	
-5.53909	-0	0.0488323	10.5156	-179.023	-7.99548	
-0.682204	-0	0.0912177	14.6319	-178.041	-5.45938	
0.111944	0	0.0981481	98.4426	4.08673	54.9258	
10.5862	0	0.189555	21.7343	230.194	-3.37602	
18.8115	0	0.261337	10.9101	216.685	-6.88249	
8.29114	0	0.169527	29.5223	199.779	-2.61181	
16.425	0	0.24051	-14.7129	222.84	-6.03074	
-0.563184	-0	0.0922564	-57.0992	-89.8307	13.2039	
-3.1027	-0	0.0700943	-3.00872	-173.268	-7.40386	
4.30033	0	0.1347	44.1714	211.501	0.471918	
5.0474	0	0.141219	-37.8229	210.769	14.6983	
4.1733	0	0.133591	54.5749	161.512	2.35965	
13.8708	0	0.21822	6.15468	224.243	-6.45081	
-2.39158	-0	0.0763002	10.8671	-196.877	-4.6933	
5.43243	0	0.144579	7.28366	161.962	-3.17251	
-5.40153	-0	0.0500328	-7.6904	-201.97	-5.30432	
6.82038	0	0.156692	42.4915	163.189	-6.52541	
7.96479	0	0.166679	41.4189	185.289	0.0971317	
4.81725	0	0.139211	-6.74354	165.115	-0.149717	
-0.402324	-0	0.0936602	-83.4588	-186.777	-6.84983	
0.884644	0	0.104891	-62.975	227.59	-8.35796	
6.98168	0	0.158099	-28.8271	204.142	0.600454	
1.49213	0	0.110193	24.4136	192.874	-5.11039	
-1.38708	-0	0.0850663	-123.785	-168.05	0.793019	
-2.4652	-0	0.0756577	30.9326	-185.766	18.2061	
4.57089	0	0.137061	-8.16767	196.316	3.98173	
12.2248	0	0.203856	10.1664	230.626	3.16073	
12.4329	0	0.205671	15.1821	222.07	1.80029	
7.98713	0	0.166874	59.7746	227.57	-0.862931	
-0.593199	-0	0.0919944	-26.0613	-124.8	-6.28551	
6.19361	0	0.151222	-22.8664	200.516	-5.60021	
1.88428	0	0.113615	29.972	200.678	6.10343	
-0.913311	-0	0.0892009	-46.2001	-187.555	10.6245	
4.02982	0	0.132339	46.8235	210.088	-5.26208	
-0.665632	-0	0.0913623	-27.7106	-207.565	14.2511	
-1.24129	-0	0.0863387	74.46	-165.781	-3.26655	
4.58246	0	0.137162	20.9019	177.496	-5.26923	
-2.17161	-0	0.0782198	-2.96536	-244.715	-2.18438	
8.48093	0	0.171183	-52.5737	207.333	-1.46492	
-0.0144008	-0	0.0970455	-9.27364	-0.968661	-65.668	
9.85886	0	0.183208	-28.5781	240.734	7.40988	
-0.193658	-0	0.0954812	-95.3203	-85.3902	30.9403	
-3.93541	-0	0.0628274	15.9447	-207.379	6.63099	
-2.20133	-0	0.0779605	-13.3661	-239.19	5.23686	
0.452561	0	0.101121	-82.1758	24.0486	-19.5523	
-4.93439	-0	0.0541094	31.041	-207.952	-1.2121	
-0.0711821	-0	0.09655	-44.6748	1.60019	79.1892	
2.56719	0	0.119575	-29.3196	208.861	7.51113	
3.76643	0	0.13004	-58.8404	176.582	3.77447	
-0.122549	-0	0.0961017	74.7672	-63.1305	-74.1095	
-2.44896	-0	0.0757995	52.8469	-166.817	9.8991	
8.77714	0	0.173768	19.4472	183.221	5.04466	
8.49763	0	0.171329	10.8476	240.787	2.55409	
10.999	0	0.193158	20.1551	197.597	1.59765	
-1.52655	-0	0.0838492	2.45886	-161.921	20.0329	
15.586	0	0.233188	-0.414351	270.394	-2.48785	
9.59881	0	0.180939	-5.68186	230.731	2.30331	
2.469	0	0.118718	10.418	196.752	-3.83202	
9.99876	0	0.184429	-28.6327	214.244	6.58208	
11.7396	0	0.199621	15.5286	218.627	5.49545	
-2.10201	-0	0.0788272	-80.6078	-165.409	13.872	
-2.07043	-0	0.0791029	-10.6151	-203.666	24.4799	
1.8619	0	0.11342	18.6727	251.462	2.05773	
0.161779	0	0.098583	-9.06469	-8.88123	23.5128	
6.02816	0	0.149778	31.5975	176.705	10.6509	
5.69041	0	0.146831	-27.3007	182.153	6.16484	
3.41798	0	0.126999	20.7735	223.145	0.669536	
10.5236	0	0.189009	-29.4112	223.658	-3.82062	
-0.820295	-0	0.0900126	-24.2738	-151.322	6.48761	
0.984175	0	0.10576	-75.007	170.642	2.62558	
5.0413	0	0.141166	-33.0317	198.087	0.00721389	
1.74632	0	0.112411	-20.3485	168.046	0.187021	
7.61602	0	0.163635	45.6587	180.244	-0.27581	
-1.79503	-0	0.0815062	-72.2243	-227.012	8.48633	
10.5438	0	0.189186	-35.5453	206.153	-4.92006	
1.34576	0	0.108915	-70.8044	146.402	-16.5551	
0.502291	0	0.101555	-54.0728	167.362	-9.35182	
13.7579	0	0.217234	-46.4418	180.581	-17.5257	
5.35154	0	0.143873	9.16164	223.988	-9.75286	
10.6975	0	0.190527	14.0703	229.291	-8.82039	
15.703	0	0.234209	52.8428	236.206	10.7243	
0.030374	0	0.0974363	-21.4536	-24.3088	4.81667	
7.52436	0	0.162835	-24.5205	206.166	6.94197	
9.02246	0	0.175909	29.8825	189.316	-4.17659	
2.35198	0	0.117697	28.6016	219.691	-28.9342	
1.23972	0	0.10799	-65.7761	245.552	9.99146	
6.78802	0	0.156409	-29.6734	195.34	5.57432	
3.40386	0	0.126876	-6.7972	203.244	6.80526	
1.59796	0	0.111116	-25.2458	198.599	-20.5596	
11.727	0	0.199511	-10.5339	225.398	-7.67131	
6.7142	0	0.155765	11.7611	173.258	-11.8452	
11.0484	0	0.193589	-18.7389	173.071	6.8637	
3.94259	0	0.131578	-43.1976	179.938	-4.78378	
-2.25053	-0	0.0775311	40.5735	-109.062	4.93504	
13.7556	0	0.217215	29.7872	250.266	-9.15156	
1.25875	0	0.108156	-31.2992	220.209	1.58636	
-0.840856	-0	0.0898332	-21.9534	-188.42	9.49306	
12.6441	0	0.207515	-31.4908	211.855	3.43013	
7.31496	0	0.161008	-25.1128	185.853	2.01772	
4.68658	0	0.13807	-20.8229	189.113	11.5404	
-3.81239	-0	0.0639009	-59.5952	-161.06	4.16748	
5.3523	0	0.14388	52.3246	212.865	-0.823685	
5.47419	0	0.144944	-1.21854	216.656	5.69026	
17.1526	0	0.246859	-16.6633	224.431	-12.7203	
-2.24302	-0	0.0775966	72.8853	-213.375	-1.43441	
-1.74334	-0	0.0819573	21.0783	-179.53	-19.1142	
5.15786	0	0.142183	-6.01076	198.443	-23.0109	
-5.79767	-0	0.0465757	-1.20146	-207.965	5.83533	
0.486969	0	0.101421	18.9927	53.1265	8.84356	
10.0729	0	0.185076	37.4283	231.401	-9.04046	
11.0289	0	0.193419	-15.7333	238.23	-0.709777	
-1.54561	-0	0.0836829	-42.5934	-225.919	7.6462	
3.63183	0	0.128866	-28.5982	232.571	-6.24416	
7.0847	0	0.158998	31.754	161.308	8.26067	
4.58653	0	0.137197	-2.99401	183.203	3.68089	
5.98232	0	0.149378	1.62782	217.781	-3.61666	
7.82177	0	0.165431	-16.548	248.017	2.98198	
4.0077	0	0.132146	53.9131	172.936	-5.90434	
-4.96204	-0	0.0538682	-37.1822	-162.27	3.19976	
2.4781	0	0.118797	67.6035	188.531	16.3201	
0.437586	0	0.10099	129.248	139.187	13.6715	
6.37522	0	0.152807	-1.18046	172.487	8.44882	
1.32359	0	0.108722	56.5964	273.428	-7.36447	
8.19294	0	0.16867	36.7715	184.219	-6.34636	
-2.84134	-0	0.0723752	26.907	-219.175	4.29442	
9.44635	0	0.179608	30.2026	201.871	-1.87811	
9.78007	0	0.182521	15.5021	241.262	10.4038	
5.16413	0	0.142238	25.0236	185.283	7.92755	
-2.47701	-0	0.0755547	-20.0261	-221.184	-5.38252	
6.27568	0	0.151938	-9.84379	207.599	18.1023	
-0.846633	-0	0.0897827	45.6864	-128.145	-26.2031	
6.74335	0	0.15602	38.7234	154.306	-6.0484	
-5.62645	-0	0.0480699	25.3216	-179.772	-10.1866	
-2.41928	-0	0.0760585	-6.90971	-169.099	10.6894	
8.93119	0	0.175113	11.1189	189.784	-10.4068	
-1.85414	-0	0.0809903	-34.237	-151.696	0.817612	
3.3529	0	0.126432	19.1308	218.038	1.68982	
4.82784	0	0.139303	25.1502	127.82	8.10486	
12.6876	0	0.207894	-22.3281	225.451	-10.3725	
3.11238	0	0.124333	35.7399	208.37	-6.10859	
1.95437	0	0.114227	67.5303	203.994	0.141589	
11.9064	0	0.201077	-21.1416	261.819	1.96442	
-1.62133	-0	0.0830221	39.6087	-203.002	8.0494	
0.0891012	0	0.0979488	-68.1565	38.2949	-42.8253	
6.78047	0	0.156343	29.5648	254.744	3.36996	
-1.30751	-0	0.0857607	-106.087	-167.847	12.3753	
21.1595	0	0.281827	-31.547	233.974	-1.56249	
7.79476	0	0.165195	28.7082	215.034	1.26621	
8.48911	0	0.171255	-22.1781	233.915	9.03883	
3.4356	0	0.127153	-10.1153	205.469	7.96824	
2.90005	0	0.12248	13.411	158.953	4.86425	
5.25059	0	0.142992	-4.236	236.668	8.73096	
3.79611	0	0.130299	-3.12841	195.985	-1.73433	
1.60876	0	0.111211	-18.9237	179.37	-3.90677	
7.90632	0	0.166169	20.41	221.998	5.31468	
12.6311	0	0.207401	11.9382	224.065	1.64051	
-4.50679	-0	0.057841	-19.3766	-209.578	0.952959	
13.3445	0	0.213627	2.67752	245.282	3.61588	
4.8054	0	0.139107	-38.4245	187.029	-3.8214	
5.61811	0	0.1462	41.427	172.998	-6.27369	
2.41195	0	0.11822	-65.6433	193.125	-5.15133	
9.68089	0	0.181655	-1.20791	189.463	-12.5083	
8.0525	0	0.167444	-63.2287	215.892	0.820971	
8.89681	0	0.174812	-5.75694	241.501	4.17185	
-2.33541	-0	0.0767904	9.29331	-186.941	12.4068	
12.0457	0	0.202292	-2.24879	185.743	3.16463	
-2.50911	-0	0.0752745	-55.2386	-185.263	-5.85589	
8.61725	0	0.172373	44.5773	219.681	15.1443	
-4.72594	-0	0.0559286	19.4883	-214.795	-10.9181	
11.8259	0	0.200374	6.53568	237.379	-4.54895	
2.47233	0	0.118747	63.3644	189.163	-7.89244	
-0.2462	-0	0.0950226	64.8206	-113.08	-26.7508	
-1.30961	-0	0.0857424	-148.681	-135.746	-13.5109	
10.5742	0	0.189451	-9.48229	195.445	-0.915201	
4.15983	0	0.133473	-37.2944	202.474	-2.77742	
5.73751	0	0.147242	2.14547	175.708	9.80873	
3.05	0	0.123788	27.3084	190.16	0.86848	
10.3663	0	0.187637	23.0079	234.412	3.23404	
7.92364	0	0.16632	12.0077	177.746	11.1248	
-3.56453	-0	0.066064	30.6913	-197.928	-8.48003	
11.9209	0	0.201203	-10.6234	230.58	-11.0244	
3.2089	0	0.125175	39.0997	217.616	1.60387	
-1.68396	-0	0.0824755	-21.5645	-240.75	-1.66732	
2.77517	0	0.12139	-20.0741	168.143	-3.69247	
3.12385	0	0.124433	-34.561	174.283	-6.22209	
4.5507	0	0.136885	-34.7201	215.388	9.11987	
5.89791	0	0.148641	9.60239	188.005	-3.20783	
10.7358	0	0.190862	-11.5314	214.582	1.75898	
1.33763	0	0.108844	-113.491	188.955	4.67226	
8.01965	0	0.167158	-6.66604	159.336	-1.99837	
9.70664	0	0.18188	-13.2631	214.944	-0.545868	
16.0709	0	0.237419	25.7571	242.963	-0.482324	
-1.11024	-0	0.0874823	18.1921	-203.065	-7.56199	
1.5482	0	0.110682	28.6887	217.805	0.883676	
0.222171	0	0.0991101	-17.2986	-15.8637	-40.0686	
-3.29984	-0	0.0683739	-16.0565	-198.416	-4.74657	
-0.327381	-0	0.0943142	-72.2326	-69.9962	21.8114	
16.8753	0	0.244439	33.2841	230.703	7.72538	
1.86979	0	0.113489	14.6514	227.901	-15.2255	
1.18794	0	0.107538	-68.7918	212.49	-11.3222	
10.2974	0	0.187035	-2.47721	200.155	-8.97721	
0.30171	0	0.0998042	97.7229	62.1701	55.2813	
2.19404	0	0.116318	20.1234	210.922	-5.74879	
-2.37557	-0	0.0764399	-22.1794	-188.707	9.17732	
10.4058	0	0.187981	1.05396	191.864	-3.54617	
-0.680499	-0	0.0912326	165.977	-230.362	-31.1256	
11.4392	0	0.196999	-35.9873	209.165	-1.29334	
-4.41224	-0	0.0586661	-1.98645	-194.979	0.504278	
7.07575	0	0.15892	31.0518	227.237	4.65825	
10.2841	0	0.18692	6.90458	202.674	-15.674	
1.23871	0	0.107981	-79.4506	157.389	1.92112	
-6.00111	-0	0.0448003	-7.57156	-179.496	-7.50131	
7.74513	0	0.164762	-19.6065	217.207	10.8711	
8.2187	0	0.168895	32.9784	175.782	4.77809	
-4.24497	-0	0.0601259	-12.018	-204.231	3.40495	
10.4122	0	0.188037	27.8524	220.962	9.30581	
0.653847	0	0.102877	-8.26202	90.8164	8.77746	
5.30521	0	0.143469	22.8742	196.899	10.1108	
9.60447	0	0.180988	0.47592	191.132	-6.87892	
0.137754	0	0.0983734	-53.5685	-51.3963	-0.400941	
5.19377	0	0.142497	9.61406	189.577	0.858005	
0.829889	0	0.104414	-58.6232	160.333	-23.359	
14.2073	0	0.221156	-21.204	237.858	2.35252	
6.14477	0	0.150796	-5.45627	175.057	-8.25402	
16.863	0	0.244333	-25.8292	228.186	6.09592	
8.65194	0	0.172676	7.32066	215.186	-6.89812	
5.32387	0	0.143632	-19.1376	188.87	-8.05619	
1.48516	0	0.110132	-19.5454	214.21	-3.36583	
14.1937	0	0.221038	-40.6757	227.058	1.04505	
-2.0789	-0	0.0790289	-4.92315	-221.082	11.5978	
-1.00665	-0	0.0883863	-21.3433	-250.583	-0.225051	
-2.30843	-0	0.0770258	30.9257	-176.062	6.11356	
5.81897	0	0.147953	43.0283	169.566	1.87556	
0.701349	0	0.103292	73.8048	175.109	-7.82636	
4.6724	0	0.137947	2.5579	165.281	-9.99243	
2.58383	0	0.11972	-32.5016	219.785	-0.154114	
5.97387	0	0.149304	9.67994	220.219	-0.391346	
9.34755	0	0.178746	18.9618	194.302	-5.3237	
8.92406	0	0.17505	41.7739	208.469	-0.537378	
5.93218	0	0.148941	-30.4295	219.604	-8.94743	
-3.16907	-0	0.0695151	40.1903	-217.466	16.3937	
7.77953	0	0.165062	-47.348	236.331	7.69036	
8.25509	0	0.169212	-6.5711	209.375	5.41312	
11.8521	0	0.200603	33.3804	255.781	-1.69654	
4.49046	0	0.136359	31.4266	185.232	5.88489	
0.300175	0	0.0997908	-39.0451	55.6399	-18.2851	
-4.67769	-0	0.0563496	4.92995	-179.742	-16.5654	
4.44327	0	0.135947	32.7976	197.195	-6.93755	
8.33257	0	0.169888	25.2257	218.724	7.35013	
1.47365	0	0.110032	29.8048	196.093	11.4149	
13.9685	0	0.219072	-36.5717	232.135	5.73086	
3.12758	0	0.124465	-32.1025	183.088	-18.1129	
-1.05424	-0	0.087971	-100.939	-229.246	28.005	
12.0066	0	0.201951	29.9446	231.5	-0.908112	
8.60142	0	0.172235	3.80545	216.905	3.03504	
21.8916	0	0.288216	-13.1749	240.358	0.502177	
12.3684	0	0.205108	-14.2237	227.99	-1.46057	
29.3572	0	0.353368	33.4388	254.902	-4.24741	
10.8106	0	0.191514	35.2669	216.64	-5.47468	
7.33871	0	0.161215	10.5432	207.555	3.82039	
12.9056	0	0.209796	-0.166273	248.437	-3.61479	
5.47462	0	0.144947	-11.4763	166.19	11.1659	
-3.88231	-0	0.0632908	31.4077	-145.77	-3.56922	
11.2627	0	0.195459	15.811	213.812	4.40043	
1.21428	0	0.107768	5.21466	136.237	6.26403	
4.40386	0	0.135603	4.269	173.454	-11.6664	
8.89822	0	0.174825	72.3435	198.195	4.00717	
4.46796	0	0.136163	30.7697	142.809	13.364	
13.965	0	0.219042	12.3068	214.124	-0.981043	
3.43983	0	0.12719	-20.4757	171.3	6.44431	
4.37713	0	0.13537	-27.9621	189.839	6.37052	
28.3077	0	0.344209	-4.6658	234.103	1.06929	
0.370821	0	0.100407	99.4517	46.335	33.2301	
8.44578	0	0.170876	5.09415	211.284	8.84291	
12.6476	0	0.207545	-23.2895	252.532	-2.76894	
-5.65726	-0	0.0478011	-8.36995	-182.525	10.2543	
3.76672	0	0.130043	-28.2938	202.513	19.73	
12.5805	0	0.20696	-30.6001	192.008	-11.082	
2.32595	0	0.117469	-49.4935	197.721	-7.52579	
7.75893	0	0.164882	9.0859	194.258	-9.59018	
-1.37102	-0	0.0852065	13.2093	-270.831	10.9277	
-0.949929	-0	0.0888813	86.7667	-176.048	-26.7481	
10.0288	0	0.184692	-54.0765	229.328	-1.56363	
-1.89703	-0	0.0806161	4.51976	-197.999	-0.847705	
6.83715	0	0.156838	-27.7927	221.455	1.32643	
9.84536	0	0.18309	11.3923	225.627	-2.01735	
-1.62533	-0	0.0829872	3.76754	-165.095	6.36922	
11.1842	0	0.194774	-37.1896	233.48	-1.95077	
17.088	0	0.246296	-26.0471	244.408	-4.68251	
7.46092	0	0.162282	55.6191	213.186	13.5168	
9.02248	0	0.175909	-41.1333	188.109	-8.86852	
-1.15997	-0	0.0870483	-46.8318	-171.494	-2.60813	
4.94532	0	0.140328	-9.6418	230.554	-4.9745	
5.53869	0	0.145507	-14.4192	160.594	-1.68611	
14.3687	0	0.222565	-36.7788	236.821	1.46601	
5.14256	0	0.14205	-27.5155	165.367	2.10685	
2.46974	0	0.118724	70.8803	166.884	-10.699	
11.8603	0	0.200674	-51.3921	216.971	6.32371	
2.3641	0	0.117802	27.5703	218.84	0.383275	
1.53336	0	0.110553	-18.7046	237.275	-3.70837	
10.8638	0	0.191978	-23.1291	216.961	-16.928	
4.66455	0	0.137878	13.1037	174.533	8.73799	
7.67668	0	0.164165	-31.2949	217.476	4.30334	
15.6198	0	0.233483	-21.8832	210.006	-1.31383	
7.57095	0	0.163242	34.9053	172.182	-6.10899	
-0.0854809	-0	0.0964252	6.6324	-15.4358	-39.8036	
5.85679	0	0.148283	-63.7236	139.464	-7.81464	
2.41367	0	0.118235	64.3776	247.399	-10.2306	
-3.60128	-0	0.0657433	27.817	-183.753	-6.20903	
14.537	0	0.224034	11.4025	227.916	-2.29499	
12.0273	0	0.202132	-5.25508	218.904	-15.9179	
0.98498	0	0.105767	-38.2632	187.758	15.6344	
5.06219	0	0.141348	14.1862	173.055	0.482148	
6.47465	0	0.153675	-3.76628	241.468	10.365	
6.31493	0	0.152281	-54.3125	174.751	-1.65337	
-3.98992	-0	0.0623517	8.95254	-145.671	-1.48341	
8.51583	0	0.171488	14.3567	182.085	-5.23878	
10.7627	0	0.191096	1.22299	194.828	-2.05182	
12.0806	0	0.202597	-7.07348	232.54	5.08538	
0.223024	0	0.0991175	-10.544	100.679	-6.58468	
2.7497	0	0.121167	-50.0298	155.614	4.93917	
-0.707037	-0	0.091001	-4.47252	-129.149	-5.72275	
0.943754	0	0.105407	0.217573	226.816	11.7066	
-0.685184	-0	0.0911917	64.5834	-193.796	10.9698	
10.8379	0	0.191752	52.859	237.604	-5.03921	
15.5168	0	0.232584	-8.77002	241.991	0.807016	
5.81963	0	0.147958	38.9542	209.855	-11.5169	
-2.24023	-0	0.077621	-25.5713	-164.776	3.97432	
-1.55092	-0	0.0836365	-47.6535	-212.218	-2.43221	
4.79484	0	0.139015	11.1771	154.838	-8.47993	
-0.195068	-0	0.0954689	-86.3936	-87.4015	43.0601	
-1.32916	-0	0.0855718	42.8901	-195.648	-22.5327	
3.95204	0	0.13166	-13.5215	180.428	4.39937	
8.69985	0	0.173094	-26.1409	200.67	9.26004	
-1.60776	-0	0.0831405	54.0954	-208.738	-4.11586	
9.96553	0	0.184139	-32.3134	197.112	7.15162	
4.55014	0	0.13688	16.7797	153.512	3.56632	
2.76829	0	0.12133	15.8073	191.615	7.34971	
7.01165	0	0.158361	-9.71377	167.823	-1.70792	
6.02483	0	0.149749	26.1795	153.36	0.341367	
6.99551	0	0.15822	-27.5879	212.712	0.81053	
1.04971	0	0.106332	-69.6284	219.175	7.8181	
3.86339	0	0.130887	-4.38998	141.003	-3.21348	
7.90339	0	0.166143	-2.24921	218.934	-4.05599	
-4.04191	-0	0.061898	-54.6936	-137.773	-3.29728	
-0.898617	-0	0.0893291	-68.1554	-158.886	31.1459	
-0.596846	-0	0.0919626	-73.1518	-275.835	1.64712	
13.2248	0	0.212582	33.2993	204.173	-3.9808	
5.21794	0	0.142707	-17.141	205.783	5.37082	
9.70259	0	0.181844	-35.3369	215.25	2.4985	
1.63725	0	0.111459	2.79917	199.254	4.94047	
5.5923	0	0.145974	39.889	207.1	-2.38089	
2.20965	0	0.116454	1.26154	210.727	9.56677	
4.09722	0	0.132927	52.6034	182.407	13.556	
2.29451	0	0.117195	-29.7684	147.132	4.08473	
-1.356	-0	0.0853376	43.8411	-195.108	8.03572	
-3.74037	-0	0.0645295	-25.0142	-132.208	4.37917	
-5.91591	-0	0.0455439	-93.1924	-164.926	-2.52327	
-1.17796	-0	0.0868913	36.6956	-201.673	-2.45417	
4.64257	0	0.137686	-14.522	167.84	9.50083	
2.28603	0	0.117121	52.2228	223.817	-10.5811	
20.194	0	0.273402	-10.8243	248.987	-0.612356	
6.81735	0	0.156665	13.4568	164.104	1.11137	
3.54938	0	0.128146	6.52569	183.924	-5.8663	
1.98749	0	0.114516	62.7556	169.026	2.68124	
3.91812	0	0.131364	-13.8788	192.616	-7.91363	
0.0462906	0	0.0975752	-12.2759	30.6741	3.07196	
1.13301	0	0.107059	-18.0827	146.211	-6.53537	
2.4039	0	0.11815	71.233	200.277	-0.205992	
15.0328	0	0.228361	4.3291	213.155	-5.89179	
4.2491	0	0.134253	-38.2236	172.278	-5.75919	
6.73889	0	0.155981	35.8013	196.84	-7.93876	
-1.18866	-0	0.086798	19.0137	-153.792	9.45084	
-0.217999	-0	0.0952687	-25.0201	-85.5342	22.878	
-0.275869	-0	0.0947637	16.0409	-85.6874	-4.94732	
8.22111	0	0.168916	25.7749	222.593	3.14526	
4.79298	0	0.138999	-43.0238	224.959	0.805842	
0.477666	0	0.10134	-1.4429	180.33	5.5751	
17.905	0	0.253426	2.46096	254.159	-0.936089	
6.39703	0	0.152997	22.8002	190.591	-9.08173	
4.97237	0	0.140564	-3.21122	195.404	3.11125	
-1.65672	-0	0.0827133	2.44223	-189.362	-0.333558	
-3.41988	-0	0.0673264	-14.7192	-203.551	4.53151	
9.19629	0	0.177426	9.84503	207.892	10.5467	
9.82864	0	0.182944	-18.3834	184.709	-8.91514	
3.10963	0	0.124309	-46.101	207.966	-9.81646	
6.23538	0	0.151587	-0.243687	176.255	-0.359236	
14.2727	0	0.221727	20.489	227.399	-3.0846	
13.1169	0	0.211641	8.45303	196.786	6.79313	
4.90202	0	0.13995	-1.50265	189.298	0.498368	
1.44697	0	0.109799	16.6098	156.652	-17.5328	
-3.31598	-0	0.0682331	16.5409	-203.151	-7.01867	
5.64549	0	0.146439	-16.06	190.392	-21.8175	
12.3041	0	0.204548	-17.9344	238.918	-2.49869	
-3.93736	-0	0.0628103	-60.1151	-142.333	-12.2592	
13.6304	0	0.216121	17.5126	196.768	-4.21958	
-1.31249	-0	0.0857173	-131.217	-114.089	19.9496	
9.54054	0	0.18043	41.8974	219.525	-5.70686	
4.83374	0	0.139355	-55.6607	167.412	2.40178	
-2.90611	-0	0.0718099	-22.7407	-197.04	8.10059	
9.7885	0	0.182594	36.8868	206.279	-4.35288	
2.54663	0	0.119395	4.32193	232.434	13.4292	
5.32611	0	0.143651	67.3301	169.411	-0.869279	
1.38413	0	0.10925	-45.9446	201.129	1.41052	
0.659812	0	0.102929	12.6707	226.388	-5.2744	
17.3775	0	0.248822	-4.31546	213.127	-0.747722	
9.29872	0	0.17832	-4.06051	210.464	2.28924	
12.265	0	0.204206	10.8764	265.014	4.6781	
10.7786	0	0.191235	-9.44163	212.486	-9.50482	
6.4385	0	0.153359	-39.3257	201.919	12.8478	
1.92946	0	0.114009	27.3644	190.724	1.54365	
-4.21716	-0	0.0603686	13.4511	-171.657	-4.869	
8.54482	0	0.171741	-15.2477	192.799	-3.11339	
8.12343	0	0.168063	-0.30525	210.16	-5.20462	
10.8923	0	0.192227	-78.1902	238.391	-3.47778	
11.0901	0	0.193953	47.8276	194.035	-2.60407	
16.9774	0	0.245331	-36.2066	229.329	7.47235	
-3.54946	-0	0.0661956	-19.4215	-180.063	5.63558	
0.19953	0	0.0989125	23.8001	149.076	35.4865	
8.32951	0	0.169862	-0.541348	201.966	-11.825	
7.35664	0	0.161372	-12.8914	209.638	-7.86806	
9.67999	0	0.181647	-62.0342	180.216	-3.31421	
12.6503	0	0.207568	-0.959051	202.227	1.48694	
11.8643	0	0.200709	-20.5372	215.576	3.08448	
6.61104	0	0.154865	-20.31	237.399	4.2811	
5.04506	0	0.141199	9.88725	204.476	18.4864	
5.23252	0	0.142835	-44.7277	220.825	-15.736	
0.33508	0	0.100095	-118.46	-66.5691	-21.6978	
1.03082	0	0.106167	112.252	136.172	24.1028	
13.9779	0	0.219155	6.69146	172.348	12.8812	
0.967885	0	0.105618	14.7158	229.889	12.5818	
5.80241	0	0.147808	-46.5046	176.318	2.34214	
16.3718	0	0.240045	-17.5741	224.742	5.0548	
10.8609	0	0.191953	2.78658	178.753	3.40208	
2.0862	0	0.115377	44.221	242.923	-3.64724	
-0.608341	-0	0.0918623	45.5538	-215.425	4.33954	
-2.84599	-0	0.0723346	-7.23449	-207.434	-0.843546	
5.65164	0	0.146492	-16.1148	203.733	14.4894	
0.261413	0	0.0994525	79.1283	-4.34889	51.1714	
2.12668	0	0.11573	18.7873	162.907	-2.6219	
-3.07125	-0	0.0703688	18.822	-157.099	1.8423	
17.2926	0	0.248081	-25.6037	203.047	-1.36075	
14.4423	0	0.223207	42.1897	233.619	-5.31608	
4.23727	0	0.134149	10.8422	206.294	3.56542	
-4.22037	-0	0.0603406	-20.1006	-201.951	1.13216	
-2.22786	-0	0.0777289	-25.6234	-185.152	-15.396	
-1.79996	-0	0.0814631	2.66491	-201.464	-3.66289	
-3.1891	-0	0.0693404	-59.0943	-148.371	7.61962	
-3.96149	-0	0.0625998	-6.94187	-202.348	10.1144	
7.61459	0	0.163623	-53.6308	198.078	0.0123008	
13.435	0	0.214417	51.6302	227.5	2.1006	
-4.70905	-0	0.0560759	37.5667	-211.769	-5.56149	
12.1709	0	0.203385	0.612065	200.792	2.3378	
7.62905	0	0.163749	-8.25111	183.299	0.746396	
17.0587	0	0.24604	-2.02352	249.502	-6.70108	
-0.355568	-0	0.0940682	39.7404	-217.155	-10.8155	
7.80561	0	0.16529	-1.17223	203.611	-12.2	
-4.73363	-0	0.0558614	11.9119	-201.952	8.56075	
12.6347	0	0.207433	16.6471	200.732	-3.01472	
4.39682	0	0.135542	-0.457718	179.724	-0.149295	
3.66081	0	0.129119	-31.0783	185.498	9.77855	
9.87555	0	0.183354	29.9921	224.568	-4.47235	
3.56661	0	0.128297	-37.9159	176.744	-0.633017	
14.18	0	0.220918	29.595	224.56	4.02587	
5.69137	0	0.146839	26.8335	196.033	7.58582	
2.47299	0	0.118753	-0.231661	233.485	-3.76519	
0.888651	0	0.104926	-77.8023	257.812	-18.1206	
3.20764	0	0.125164	-16.5132	159.711	12.3249	
8.16303	0	0.168409	-7.19761	187.993	-3.65822	
-3.12159	-0	0.0699295	-9.5748	-159.293	6.14249	
9.42211	0	0.179397	18.1227	211.755	-3.68194	
11.7832	0	0.200002	-21.8203	220.295	-2.29114	
11.4359	0	0.196971	-12.0706	233.448	-3.52018	
12.8492	0	0.209305	49.4282	228.853	-6.66625	
6.60501	0	0.154812	6.04436	157.533	-7.32832	
4.86973	0	0.139669	-53.8143	174.631	-17.0633	
11.4438	0	0.19704	29.2379	232.687	5.73589	
12.2086	0	0.203714	-44.1517	243.861	5.28969	
-2.96219	-0	0.0713206	-22.0566	-134.856	-4.86983	
10.6985	0	0.190536	22.8244	224.894	-2.13046	
-5.09476	-0	0.0527099	-3.31746	-206.881	-11.8156	
8.92128	0	0.175026	11.0951	184.976	5.16706	
15.4039	0	0.231599	-54.9544	218.163	-2.45196	
13.7364	0	0.217047	14.1075	211.995	-2.75548	
16.5579	0	0.24167	20.8829	211.325	-1.80915	
-0.958177	-0	0.0888093	-23.0938	-232.426	15.1892	
-3.37866	-0	0.0676861	23.7685	-196.03	-5.19898	
1.31609	0	0.108657	54.9482	206.441	-1.48037	
6.04769	0	0.149949	-22.2355	171.936	-4.43666	
12.2624	0	0.204183	-51.8719	225.389	-1.60074	
-3.75184	-0	0.0644294	29.7115	-225.861	7.74844	
15.2167	0	0.229965	20.9662	239.783	1.78277	
-1.28246	-0	0.0859794	37.573	-221.216	-1.03651	
2.90999	0	0.122566	-61.8722	174.626	-14.8085	
14.9212	0	0.227386	0.315862	243.814	-2.52953	
5.30783	0	0.143492	18.3443	173.995	1.10774	
3.79931	0	0.130327	2.76465	205.119	1.42235	
27.4621	0	0.336829	0.886326	241.912	2.43663	
3.00464	0	0.123392	-6.47071	180.199	-5.44994	
