10 15
3.07663	0.124021	0	-15.6913	3.71491	192.196	
3.68366	0.0650243	3.14159	-43.4355	1.36469	136.971	
11.8904	0.200937	0	-36.4962	-12.6529	195.503	
0.137932	0.0983749	0	-53.7057	-36.2786	81.0018	
8.25781	0.169236	0	22.8743	-0.547677	213.101	
0.158653	0.0957867	3.14159	-149.088	-127.587	-31.5327	
15.5713	0.23306	0	-4.41206	15.0047	230.523	
4.55619	0.05741	3.14159	-3.36818	-7.16354	150.678	
2.50161	0.119002	0	-25.5611	3.64918	226.84	
10.4643	0.188491	0	-19.1665	-0.964753	205.606	
1.528	0.110506	0	-10.6519	-4.39817	185.605	
9.81859	0.182857	0	-11.0285	6.17216	215.15	
2.00828	0.0796452	3.14159	-39.0309	-2.44155	173.674	
1.66874	0.0826084	3.14159	-4.62871	8.17627	193.185	
0.549494	0.0923758	3.14159	98.4715	25.6889	195.821	
1.72913	0.0820813	3.14159	-40.1911	-11.1249	181.86	
1.00525	0.0883985	3.14159	3.22072	13.2936	273.296	
8.93854	0.175177	0	-51.6564	0.501719	199.907	
13.108	0.211563	0	-19.7803	-5.75655	255.05	
5.70323	0.146942	0	2.20272	-4.83763	186.227	
12.7737	0.208646	0	-45.738	-3.74513	239.882	
13.0196	0.210792	0	-42.0675	-1.23297	254.354	
8.30042	0.169608	0	-28.0738	9.99509	187.105	
3.56859	0.0660286	3.14159	-19.1913	11.5386	202.167	
8.87021	0.17458	0	25.4336	-9.57804	243.782	
0.837893	0.089859	3.14159	-69.5379	-5.60367	278.455	
11.7809	0.199981	0	-10.5487	11.2971	253.998	
0.935492	0.105335	0	140.055	12.1618	194.255	
13.8736	0.218244	0	9.0428	-11.1267	220.881	
7.04227	0.158628	0	31.8398	-0.0390798	206.793	
7.49632	0.162591	0	6.29482	0.142788	196.654	
2.26244	0.116915	0	63.0294	6.50537	188.847	
1.94835	0.0801682	3.14159	58.0442	18.5074	201.737	
4.91323	0.0542941	3.14159	-29.8456	13.1027	178.645	
3.48807	0.127611	0	-23.2877	0.752971	206.468	
1.05262	0.106357	0	-13.5616	2.63651	168.03	
7.49847	0.162609	0	32.8126	2.39509	191.298	
14.0329	0.219635	0	-0.784426	-3.24615	206.68	
0.946613	0.0889102	3.14159	4.37966	-12.8428	254.055	
3.99356	0.0623199	3.14159	54.854	-16.0433	196.335	
3.6688	0.129188	0	-20.4332	-4.47799	211.424	
1.76387	0.112564	0	-39.5057	-7.74964	184.535	
1.53383	0.0837856	3.14159	-14.6189	9.33865	211.973	
0.340264	0.100141	0	50.1838	29.433	19.6844	
4.35741	0.0591446	3.14159	7.45803	2.31477	208.957	
1.79413	0.112828	0	-53.9129	5.92436	247.479	
12.4609	0.205916	0	38.4932	1.53398	247.702	
2.50368	0.11902	0	-3.51269	10.3707	160.56	
0.635544	0.102718	0	29.5503	-16.9173	224.818	
2.75796	0.12124	0	-69.1086	8.63415	164.369	
14.1093	0.220301	0	-29.4746	0.660233	235.331	
2.06816	0.11522	0	52.6042	3.41861	146.605	
8.37327	0.170244	0	10.8293	-1.14107	167.167	
5.64445	0.14643	0	1.61481	-2.56534	222.731	
1.09749	0.0875936	3.14159	32.6762	5.33529	190.878	
2.29396	0.0771521	3.14159	-36.5654	5.81883	236.932	
15.0064	0.22813	0	21.8915	-4.094	223.515	
2.34284	0.117617	0	37.9868	5.60659	177.402	
7.17314	0.15977	0	18.0852	-7.02702	179.105	
4.07707	0.132751	0	5.33015	-2.80249	186.713	
8.85136	0.174416	0	2.62673	0.868915	209.998	
8.05193	0.167439	0	10.0705	-2.65169	236.734	
2.21331	0.077856	3.14159	44.3029	-3.79007	238.919	
1.21923	0.107811	0	36.2579	2.29846	177.169	
7.12919	0.159387	0	-8.40701	3.59655	150.438	
12.8783	0.209559	0	-9.23758	-5.55532	204.178	
6.07719	0.150206	0	-0.0855456	-11.7253	125.924	
5.4248	0.144513	0	-18.2583	-12.2465	196.951	
6.19144	0.151203	0	48.3271	3.77283	191.06	
16.5873	0.241926	0	-3.1363	0.253363	253.443	
1.88553	0.0807164	3.14159	-33.3063	-6.80715	193.202	
2.35998	0.117766	0	-23.7304	-11.3261	215.419	
0.162601	0.0957522	3.14159	60.161	60.9741	44.894	
9.85299	0.183157	0	-3.0571	7.93366	166.545	
2.06104	0.0791848	3.14159	-5.0967	-15.4992	195.561	
8.65096	0.172667	0	-16.5146	7.78995	197.147	
8.85528	0.17445	0	-32.2467	-2.3721	199.386	
3.09519	0.0701599	3.14159	-48.6696	2.27629	189.001	
3.2	0.125097	0	23.6535	11.9526	158.036	
0.0810135	0.0978782	0	132.626	111.047	26.8295	
0.933061	0.105314	0	7.75852	-17.6496	187.389	
2.50649	0.119045	0	11.3889	-9.06973	189.245	
13.7845	0.217467	0	-16.4182	-5.06524	239.588	
2.5024	0.119009	0	13.7523	11.018	171.268	
1.04657	0.088038	3.14159	-66.0158	16.5288	183.742	
13.6173	0.216008	0	-27.6596	0.276772	250.94	
0.569031	0.0922053	3.14159	-7.8582	2.03013	193.922	
0.708641	0.103355	0	-67.1254	-14.2689	213.033	
3.17969	0.12492	0	-19.8409	-3.71856	161.32	
19.7569	0.269587	0	-16.0353	5.67524	274.955	
1.30356	0.0857952	3.14159	107.637	5.27098	174.095	
13.566	0.21556	0	-13.547	-2.33968	223.758	
6.04723	0.149945	0	-5.63378	-7.56377	198.758	
6.36669	0.152732	0	6.13931	-9.94885	150.647	
0.131293	0.0960254	3.14159	27.5819	38.1512	80.0406	
11.5716	0.198155	0	37.7139	9.69441	223.129	
8.08945	0.167767	0	10.4838	5.56229	203.23	
4.63914	0.137656	0	36.6633	-2.99852	173.032	
5.09486	0.052709	3.14159	-28.5417	4.33033	185.847	
1.72042	0.112185	0	50.6981	10.9047	201.694	
1.48649	0.0841988	3.14159	13.2018	5.12543	238.751	
4.49584	0.136406	0	21.2316	-8.81422	165.035	
0.681822	0.103121	0	53.6151	4.88085	177.05	
5.47942	0.144989	0	40.2458	-1.55231	231.435	
8.42778	0.170719	0	-9.93892	3.10068	244.183	
9.90737	0.183631	0	4.74367	2.94684	209.347	
3.82855	0.06376	3.14159	32.0254	-8.65594	164.045	
10.6248	0.189893	0	79.4852	-4.66788	190.595	
7.78721	0.165129	0	22.5816	-5.62061	224.506	
9.07232	0.176344	0	-38.5521	1.77627	198.098	
0.328846	0.0943014	3.14159	23.9151	6.54272	34.9889	
0.962151	0.105568	0	-11.7325	-1.1849	149.301	
14.5957	0.224546	0	-16.4123	-0.909952	237.856	
5.6569	0.146538	0	-68.9289	3.84436	183.037	
0.17385	0.0986884	0	-236.962	-134.534	-58.9784	
6.19227	0.15121	0	40.6963	1.87881	184.906	
17.5006	0.249897	0	21.2784	-7.92706	231.019	
5.20524	0.142597	0	-18.8268	2.12187	161.005	
3.39199	0.126773	0	51.1318	2.09876	187.806	
0.610835	0.0918405	3.14159	14.3297	-16.7455	271.759	
12.6661	0.207707	0	-19.1005	-5.7971	232.249	
6.60543	0.154816	0	2.89362	0.0845806	223.998	
8.72049	0.173274	0	7.68609	1.63459	216.518	
3.25159	0.068795	3.14159	31.9045	19.786	214.133	
1.23103	0.0864282	3.14159	-46.2	-9.62849	221.054	
0.251238	0.0949787	3.14159	-80.7	-36.2138	39.0478	
0.341662	0.100153	0	-76.7784	-32.7979	160.198	
2.67623	0.120526	0	-24.209	-1.54017	143.434	
7.04717	0.158671	0	10.2798	4.77492	199.118	
6.33933	0.152494	0	-16.2144	-2.36117	162.79	
10.1059	0.185364	0	7.82165	7.7789	216.981	
1.0935	0.0876283	3.14159	62.6602	8.95257	142.263	
10.273	0.186823	0	20.3424	-8.04881	216.84	
0.228303	0.0991636	0	-38.6992	-23.5669	103.345	
2.00734	0.0796534	3.14159	-38.9778	-10.605	136.39	
6.585	0.154638	0	-2.41111	-1.57273	217.852	
2.44333	0.118494	0	17.2207	5.27161	201.56	
6.68086	0.155474	0	-31.8821	-6.15396	229.726	
2.39126	0.076303	3.14159	-22.5206	-3.31004	193.328	
0.174403	0.0986932	0	-127.816	-83.1849	43.949	
9.71613	0.181963	0	47.1779	0.359566	235.348	
3.81148	0.130433	0	-10.4208	5.04821	184.903	
14.8618	0.226868	0	1.15505	-9.21277	221.838	
2.50138	0.119	0	49.3119	-4.34417	188.374	
8.1135	0.167977	0	-43.8529	-8.48319	221.615	
3.12883	0.124476	0	12.1271	-6.87246	189.693	
7.29864	0.0334769	3.14159	20.8015	-4.05843	203.723	
6.8282	0.15676	0	5.93103	7.85336	219.373	
11.2464	0.195317	0	-4.86622	7.75772	175.661	
3.48167	0.0667871	3.14159	-11.3195	-6.27634	142.439	
11.9503	0.20146	0	18.3097	0.694014	192.241	
3.82809	0.130578	0	-75.4672	-18.1895	164.559	
3.70643	0.129517	0	-15.3353	-5.35963	156.58	
6.78132	0.156351	0	-1.28105	-2.97482	203.052	
6.22016	0.151454	0	-14.3776	-5.72391	227.24	
6.8481	0.156934	0	-9.28466	1.78809	165.895	
1.90912	0.113832	0	-51.9034	-1.39622	242.4	
13.8144	0.217727	0	-33.4284	1.47486	224.657	
12.5601	0.206782	0	19.9022	3.75284	258.987	
9.64651	0.181355	0	-23.9531	-2.98419	194.096	
2.95703	0.0713656	3.14159	-18.0772	5.11059	178.915	
5.9544	0.149134	0	-43.1026	-11.4749	192.594	
1.66042	0.111661	0	-64.4666	-2.05273	226.833	
6.74372	0.0383196	3.14159	12.592	-1.41944	202.489	
0.380207	0.100489	0	-0.585223	11.4058	72.2728	
0.942611	0.105397	0	-3.45911	4.00591	255.164	
10.5725	0.189436	0	31.3569	-10.1445	222.616	
14.2469	0.221502	0	7.49344	8.2093	240.514	
6.72168	0.15583	0	-4.85179	9.36068	166.683	
14.0951	0.220177	0	7.33971	-4.51325	207.437	
2.76691	0.121318	0	10.3305	2.55114	207.778	
4.80624	0.139115	0	-20.2138	7.56981	190.601	
2.85563	0.122092	0	59.0048	-1.3172	182.328	
0.872181	0.104783	0	-68.7876	11.634	215.166	
12.0836	0.202623	0	51.2455	-2.47991	195.028	
2.4325	0.118399	0	-36.5961	-5.57919	188.92	
4.91851	0.054248	3.14159	-31.6518	7.86194	182.141	
12.1941	0.203587	0	11.7203	-9.97532	195.886	
2.06518	0.0791487	3.14159	93.7716	-7.26407	186.264	
3.99145	0.132004	0	29.2288	0.853552	196.886	
8.63911	0.172564	0	30.8002	4.13265	219.388	
3.35257	0.0679138	3.14159	23.8071	-5.7023	216.539	
5.88966	0.148569	0	7.67919	-5.61786	229.925	
4.41218	0.135676	0	-46.338	5.62771	181.09	
0.640553	0.102761	0	111.537	16.446	214.517	
2.16659	0.0782637	3.14159	73.4149	13.3776	200.564	
14.1579	0.220725	0	-3.10258	1.39032	206.762	
2.02937	0.114881	0	-99.8165	8.23967	192.16	
0.966729	0.0887347	3.14159	-8.0178	-1.42683	189.718	
16.3536	0.239887	0	3.80407	-6.52647	231.992	
15.6915	0.234109	0	23.5012	-1.54883	216.318	
1.47019	0.110001	0	12.8007	3.57183	186.695	
15.7672	0.23477	0	5.17301	-5.3711	255.026	
7.79298	0.165179	0	-5.21327	9.98562	193.764	
1.28849	0.108416	0	34.891	9.2993	198.127	
5.85917	0.148303	0	-4.92048	7.62712	188.405	
0.299425	0.0945582	3.14159	45.6538	22.9573	86.2672	
3.57851	0.1284	0	-25.2158	1.04541	193.974	
19.4226	0.266669	0	-4.90726	3.2256	225.708	
2.44306	0.075851	3.14159	10.0274	5.75045	244.198	
3.35393	0.12644	0	-19.7304	0.362089	180.666	
3.9116	0.0630352	3.14159	14.8521	9.35066	182.182	
15.832	0.235335	0	7.34261	3.36858	208.25	
2.9055	0.122527	0	-22.9314	12.7441	197.11	
0.732046	0.0907827	3.14159	32.3097	0.814117	155.949	
4.56112	0.0573669	3.14159	-20.0925	-0.0902145	184.374	
0.109751	0.098129	0	176.222	127.418	-42.4339	
10.3051	0.187102	0	3.01325	5.25707	233.205	
8.72683	0.173329	0	-41.49	7.65403	203.786	
0.30121	0.0945426	3.14159	-182.042	-43.1117	60.7883	
9.17221	0.177216	0	34.886	3.43163	218.393	
6.0722	0.0441799	3.14159	-64.5422	-13.4346	256.296	
2.59992	0.074482	3.14159	-17.0902	24.6481	232.988	
8.32184	0.169795	0	-6.657	-0.89039	223.736	
11.4873	0.197419	0	18.4502	2.91987	237.942	
3.73342	0.0645902	3.14159	16.1443	3.40131	208.311	
4.08095	0.132785	0	22.2499	-8.81896	188.578	
27.1339	0.333966	0	-11.8403	-5.92677	264.533	
5.92234	0.148855	0	20.975	-3.96767	203.727	
8.4305	0.170743	0	22.5377	10.7816	212.919	
1.81865	0.0813001	3.14159	20.115	3.83344	182.722	
1.54661	0.0836741	3.14159	-23.4786	-0.425208	178.376	
0.183235	0.0955721	3.14159	-60.9002	-17.4023	35.9137	
4.17931	0.0606989	3.14159	32.5028	-0.353197	212.959	
2.78544	0.072863	3.14159	31.7462	9.84997	185.061	
5.99888	0.149523	0	-13.0893	-2.9419	145.291	
0.855728	0.0897034	3.14159	38.2575	-0.987517	256.299	
7.04391	0.158642	0	34.4235	5.8102	168.535	
14.0337	0.219641	0	27.3332	-6.91246	261.285	
0.498344	0.10152	0	-56.9156	-11.9121	200.327	
13.0608	0.211151	0	40.1739	-1.67307	260.06	
8.77849	0.17378	0	12.5271	5.14691	197.468	
0.489455	0.0928998	3.14159	-23.5604	4.34314	106.197	
2.54828	0.0749327	3.14159	-6.24722	-9.85473	192.621	
1.77109	0.112627	0	-16.8881	7.79427	238.767	
12.2007	0.203645	0	-8.53993	7.14352	238.026	
6.48999	0.153808	0	-19.5378	7.14478	219.379	
6.74512	0.156035	0	-23.9284	-10.9159	188.948	
1.474	0.110035	0	20.3312	7.8946	232.783	
9.04863	0.176137	0	30.5866	-1.72062	194.667	
11.7973	0.200125	0	-1.85051	0.450177	227.885	
2.26873	0.11697	0	-17.0406	-8.44369	162.078	
8.96791	0.175433	0	9.60209	2.52901	240.569	
0.139372	0.0959549	3.14159	-75.1586	-88.0383	69.4754	
6.75881	0.156154	0	59.1279	-8.23643	187.808	
5.88904	0.148564	0	-38.7928	5.25782	160.132	
5.26038	0.143078	0	39.6994	-0.0781444	159.774	
10.2426	0.186557	0	17.329	-2.74226	218.496	
13.9618	0.219014	0	59.1929	2.19498	197.934	
7.82153	0.165429	0	-15.4846	-6.52526	219.069	
14.9119	0.227305	0	15.5397	5.20086	194.145	
5.56121	0.145703	0	25.2999	8.51284	190.266	
1.63706	0.0828848	3.14159	-41.4562	4.49023	219.565	
1.99434	0.0797669	3.14159	-4.4687	-5.00537	175.39	
0.376037	0.100453	0	-203.202	-67.9637	36.7282	
11.9803	0.201722	0	-69.883	-4.6371	244.945	
10.526	0.18903	0	-14.2243	1.52618	204.567	
9.84779	0.183112	0	14.4426	6.11955	218.422	
1.70931	0.112088	0	-11.0745	-2.317	191.834	
6.75014	0.156079	0	-6.6395	-1.80895	199.597	
26.1785	0.325628	0	5.02962	3.96138	249.273	
1.23187	0.107922	0	-4.73651	9.2466	211.852	
8.91139	0.17494	0	32.4534	-7.21488	202.993	
9.06736	0.176301	0	-42.8732	19.511	211.102	
8.31242	0.169713	0	4.67987	-4.69669	183.275	
6.65248	0.155227	0	63.3477	-10.4825	204.896	
1.86997	0.0808522	3.14159	41.5255	3.98193	233.326	
6.41163	0.153125	0	12.3624	-5.79031	203.176	
2.74287	0.121108	0	14.2164	-0.873602	190.169	
11.6757	0.199063	0	30.8548	10.7125	281.761	
2.6351	0.074175	3.14159	-10.3708	11.9599	244.236	
0.646534	0.102813	0	-3.80631	-9.49173	157.087	
1.85141	0.113328	0	59.8313	-1.11226	215.069	
12.2394	0.203983	0	12.4623	3.43502	221.755	
8.53641	0.171667	0	38.7882	3.93608	192.826	
1.40606	0.0849007	3.14159	-24.8807	-2.72908	164.364	
5.28104	0.143258	0	46.556	1.79937	155.289	
3.41747	0.0673474	3.14159	-18.4052	1.78665	202.109	
4.91347	0.054292	3.14159	-4.43147	-9.6285	254.568	
3.09819	0.124209	0	-39.5686	-8.10544	193.911	
22.079	0.289852	0	-17.2779	-1.54289	235.936	
1.43861	0.0846166	3.14159	-7.44978	-11.3781	222.576	
6.60044	0.154772	0	-25.3417	3.80625	201.468	
11.7657	0.199849	0	26.642	-5.01399	212.876	
1.26769	0.108234	0	-51.6417	3.29568	175.901	
8.89562	0.174802	0	7.84082	4.77459	174.758	
13.6593	0.216374	0	0.771505	-12.8189	258.547	
17.3448	0.248537	0	13.0013	-0.481814	248.744	
0.898099	0.0893336	3.14159	-108.162	-5.79979	222.831	
10.5781	0.189484	0	25.1581	4.94865	213.973	
0.326294	0.0943237	3.14159	-33.455	-6.15683	94.9054	
3.40388	0.126876	0	23.7925	3.87318	192.313	
6.21093	0.151373	0	19.5974	-2.01757	185.216	
0.0348614	0.096867	3.14159	-82.8849	-170.823	10.571	
12.4626	0.205931	0	17.691	-3.53424	221.652	
0.707945	0.103349	0	-32.2458	-0.729937	191.391	
9.50276	0.180101	0	-4.63741	-3.61005	196.201	
0.0732346	0.0965321	3.14159	100.031	115.717	25.6858	
3.70517	0.0648367	3.14159	-11.2914	11.8024	173.854	
6.44893	0.15345	0	-34.2132	4.22656	212.461	
8.08863	0.16776	0	-10.5179	2.0737	235.971	
0.675044	0.0912802	3.14159	77.0612	20.0175	129.991	
3.76665	0.0643001	3.14159	-73.9988	-2.01432	187.229	
5.54143	0.0488119	3.14159	-9.43519	2.00141	194.699	
1.18849	0.0867994	3.14159	72.0576	-3.92476	190.633	
0.532703	0.0925224	3.14159	14.4865	-27.1928	236.681	
3.91625	0.131348	0	-17.8576	3.88734	194.982	
4.00707	0.13214	0	53.3995	11.8909	191.315	
2.15212	0.115952	0	9.1088	2.7909	158.46	
10.9116	0.192395	0	-12.4191	-11.4745	196.773	
3.91071	0.131299	0	-43.3202	2.42261	202.706	
5.82534	0.148008	0	4.46073	1.03753	193.645	
3.08477	0.0702508	3.14159	15.7532	-2.34969	179.419	
5.992	0.149463	0	-33.9273	20.232	182.82	
1.64956	0.0827757	3.14159	-79.3075	-0.596235	171.712	
5.29539	0.050959	3.14159	45.0068	-15.713	216.462	
1.45138	0.109837	0	-8.12221	-7.87319	250.031	
10.3163	0.1872	0	-16.5233	7.04318	230.129	
7.69749	0.164346	0	-14.3393	-7.18714	176.553	
7.55405	0.163094	0	36.1843	-3.54402	132.258	
2.55162	0.119439	0	20.9456	10.2639	176.246	
6.79999	0.156514	0	14.6087	5.22991	247.444	
10.4024	0.187952	0	18.6204	-6.82608	190.486	
1.95901	0.0800752	3.14159	21.9627	-15.1805	210.259	
0.26239	0.099461	0	217.848	75.7412	97.1656	
2.82967	0.121865	0	46.4813	9.36508	222.45	
9.70403	0.181857	0	7.80188	-1.50642	208.426	
2.86121	0.122141	0	-13.066	-1.05081	213.749	
5.74067	0.147269	0	28.4414	-6.7744	231.169	
3.77104	0.0642618	3.14159	-15.5433	2.05176	195.961	
10.9718	0.192921	0	-3.28633	8.21607	221.36	
5.04485	0.141197	0	2.57954	4.38313	149.622	
6.25088	0.151722	0	-28.5437	-5.21444	185.803	
6.20554	0.151326	0	-17.0659	6.59244	178.528	
14.7364	0.225774	0	14.9152	3.3108	256.508	
5.40752	0.144362	0	-1.74964	-4.57305	195.606	
5.37875	0.144111	0	25.975	1.09033	205.633	
8.2629	0.16928	0	36.8335	4.39551	182.568	
3.79631	0.130301	0	29.5743	-19.9127	243.585	
2.71315	0.120849	0	10.6369	-9.46303	194.7	
1.65283	0.111595	0	-62.5124	3.27262	202.189	
13.5254	0.215206	0	34.3388	-4.12727	224.877	
9.94721	0.183979	0	7.07831	2.23917	229.043	
14.7545	0.225932	0	-30.5686	6.08625	221.873	
9.90792	0.183636	0	-1.56208	9.68969	203.166	
5.17511	0.142334	0	22.8676	9.61114	208.519	
1.17086	0.107389	0	5.74759	-0.771941	169.944	
21.7263	0.286773	0	18.2712	-0.267248	230.551	
2.0948	0.0788902	3.14159	-54.0511	6.84066	197.344	
3.15532	0.0696352	3.14159	36.8194	-19.5911	189.529	
0.201826	0.0989325	0	-100.172	-56.0274	68.9883	
0.705078	0.103324	0	-12.9374	1.47133	95.0463	
16.2331	0.238836	0	-0.289916	-1.96181	195.156	
1.04351	0.0880646	3.14159	69.746	17.437	172.812	
0.0346437	0.0968689	3.14159	-21.3943	36.2786	-1.18539	
5.76112	0.0468947	3.14159	-65.0542	9.22759	191.499	
0.152544	0.0985024	0	39.0102	13.2389	88.5676	
5.55853	0.14568	0	57.4165	-5.47427	215.047	
1.73494	0.0820306	3.14159	12.358	-0.568939	171.68	
7.61311	0.16361	0	-11.7617	-5.14258	182.536	
13.546	0.215386	0	11.4185	8.57875	248.391	
1.269	0.108246	0	92.5917	4.32204	154.628	
7.7556	0.164853	0	-30.7073	-0.0677802	189.525	
5.25841	0.143061	0	17.7059	14.5797	166.971	
10.5536	0.189271	0	14.7215	-0.296782	186.272	
5.24615	0.142954	0	0.39571	5.04324	192.047	
10.6572	0.190175	0	-1.29048	1.52238	211.722	
1.02208	0.106091	0	-54.9902	-16.3826	244.245	
9.14828	0.177007	0	-27.2206	-3.33975	215.993	
12.7315	0.208278	0	33.6348	1.26545	248.78	
1.20227	0.107663	0	-28.5951	25.3207	279.463	
3.78932	0.13024	0	-21.4982	-6.51744	149.904	
1.99047	0.114542	0	-26.9621	-9.28766	194.566	
7.32286	0.161077	0	29.7699	6.57083	170.601	
2.09238	0.115431	0	-5.41852	25.8215	237.225	
3.0795	0.124046	0	37.9108	18.2595	179.707	
14.8056	0.226377	0	-28.8664	-4.98926	226.858	
6.15114	0.150851	0	18.1769	2.26034	202.959	
13.3779	0.213918	0	-38.1853	-8.41144	237.805	
1.67579	0.111796	0	34.2423	-1.22893	232.596	
0.861389	0.089654	3.14159	-36.1592	-26.9084	272.404	
3.99525	0.0623052	3.14159	-101.703	-4.79769	204.37	
4.92746	0.140172	0	-10.1623	2.49125	168.999	
4.03174	0.0619868	3.14159	23.1392	0.387541	217.639	
14.0702	0.21996	0	4.33573	3.13426	253.175	
3.28001	0.125795	0	-11.2618	7.18236	244.49	
2.60799	0.119931	0	33.6559	-7.03781	218.822	
2.01009	0.0796294	3.14159	-29.3348	6.4938	199.885	
5.70799	0.146984	0	19.0122	-11.4542	188.296	
7.31612	0.161018	0	28.9751	1.71515	198.322	
3.86948	0.13094	0	-3.75606	-5.42048	185.392	
4.60767	0.137382	0	9.37147	-16.4447	191.652	
2.76534	0.121304	0	-50.808	1.61011	240.05	
1.47934	0.110081	0	-124.111	-21.3653	227.163	
2.06138	0.0791818	3.14159	6.68295	-18.7759	167.983	
2.85799	0.122112	0	-20.2391	-11.5852	209.997	
8.41226	0.170584	0	8.29808	-11.0546	214.817	
1.7607	0.0818058	3.14159	97.1415	2.54667	183.435	
3.00167	0.123366	0	-19.5647	-6.74113	183.978	
7.3415	0.161239	0	4.96418	3.91277	193.857	
8.95227	0.175296	0	-14.5557	-6.88188	204.587	
5.79549	0.147748	0	65.3262	-5.92665	203.499	
7.21726	0.0341871	3.14159	-1.93341	8.11225	178.806	
0.147887	0.0984618	0	-97.607	-80.0623	-24.894	
0.632082	0.0916551	3.14159	-49.5412	3.74146	233.858	
15.341	0.23105	0	71.7339	1.43882	219.622	
10.5406	0.189157	0	5.67811	-13.9598	244.41	
0.102914	0.0962731	3.14159	5.2013	-20.3528	10.0583	
13.1894	0.212273	0	-44.4279	14.0796	208.926	
1.21999	0.107818	0	-12.186	5.64703	280.912	
5.73795	0.0470968	3.14159	-26.3321	5.26386	204.615	
2.3192	0.0769318	3.14159	-16.2962	-22.0412	177.434	
3.06558	0.123924	0	-16.2545	1.5029	190.784	
7.42849	0.161999	0	-16.7649	-2.99294	189.979	
6.08238	0.150251	0	-11.0898	0.441426	189.055	
12.7666	0.208583	0	-46.4204	5.64323	206.139	
1.74199	0.112373	0	-65.3011	8.94863	162.933	
3.97447	0.131856	0	-37.4939	-7.76397	200.866	
1.53621	0.0837649	3.14159	14.4284	-1.46823	172.655	
1.0017	0.105913	0	-89.3546	5.42378	151.038	
3.52554	0.0664043	3.14159	3.87425	4.39709	168.728	
2.0518	0.0792654	3.14159	19.5043	-4.88469	217.3	
1.78774	0.0815698	3.14159	11.4153	-1.80988	226.833	
8.73955	0.17344	0	5.16803	1.99754	234.171	
3.21717	0.0690954	3.14159	8.31626	8.4831	170.785	
2.27169	0.0773464	3.14159	28.3173	2.03883	160.816	
0.952765	0.0888565	3.14159	15.8122	25.794	241.214	
5.95552	0.149144	0	-10.3224	0.753604	192.194	
5.90111	0.148669	0	9.19101	10.0433	171.009	
1.918	0.113909	0	12.4361	-3.75435	180.572	
23.0255	0.298112	0	-0.479271	-3.69132	237.222	
8.44873	0.170902	0	-3.36461	11.3552	216.282	
4.21258	0.0604085	3.14159	5.9373	6.21846	150.363	
12.8433	0.209253	0	-19.8255	-2.21947	211.06	
0.658973	0.0914204	3.14159	-6.15375	2.60975	211.277	
12.4395	0.205729	0	-11.8101	8.53663	178.196	
1.28219	0.108361	0	82.2453	-12.0942	190.33	
3.74747	0.129875	0	-6.09778	-4.21485	191.917	
8.06292	0.167535	0	12.5506	-11.6386	209.983	
5.05719	0.141305	0	6.44589	-7.99948	209.064	
16.1096	0.237757	0	23.0208	3.61619	225.822	
1.45771	0.08445	3.14159	-29.6561	-29.1555	171.585	
16.1838	0.238405	0	0.0962359	-2.50909	237.802	
12.5268	0.206491	0	11.8888	-3.0298	205.675	
15.8882	0.235825	0	-3.43203	-1.52796	206.617	
1.98752	0.0798264	3.14159	-26.6109	-7.37403	184.167	
16.3506	0.239861	0	1.06626	5.62386	215.717	
11.0152	0.193299	0	-4.14162	5.53731	234.961	
4.71248	0.056046	3.14159	50.411	3.43534	191.271	
0.139881	0.0959505	3.14159	138.458	116.205	8.50988	
1.79534	0.0815035	3.14159	-25.6883	-13.2556	204.423	
0.901817	0.0893012	3.14159	35.5854	7.15468	100.626	
6.90227	0.157406	0	43.6057	2.99059	226.114	
7.62694	0.16373	0	-15.0686	9.26862	214.453	
8.46523	0.171046	0	-7.18519	3.68792	201.45	
7.94347	0.166493	0	-23.2539	-5.99402	202.444	
18.7967	0.261208	0	3.55971	0.645946	270.786	
1.58275	0.0833587	3.14159	40.042	-0.528466	189.004	
7.17706	0.159804	0	-11.35	-6.50622	214.335	
1.84817	0.0810425	3.14159	32.8777	-8.35413	208.653	
12.7797	0.208698	0	-15.91	-0.316567	234.182	
3.28718	0.125858	0	11.0659	21.146	208.603	
7.22327	0.160208	0	78.9389	-0.803594	223.139	
1.96401	0.114311	0	-32.2329	5.47844	216.897	
0.353204	0.100254	0	-88.2804	-11.2114	100.279	
0.108233	0.0962267	3.14159	-123.161	-125.592	0.0741934	
5.48526	0.14504	0	6.76052	1.12823	186.319	
5.769	0.147516	0	-4.48992	-5.63459	195.303	
12.4349	0.205689	0	14.5126	8.414	230.281	
3.05289	0.123813	0	29.6217	-12.3537	181.407	
1.03243	0.106181	0	-40.7492	-0.833158	205.681	
4.46999	0.0581622	3.14159	-28.3287	3.21059	205.411	
2.1102	0.0787557	3.14159	21.6497	-3.60834	211.773	
10.9715	0.192918	0	-3.85325	-3.04302	227.531	
3.57222	0.0659969	3.14159	24.0902	3.29636	188.935	
3.51944	0.127885	0	47.1875	6.83938	181.207	
13.0513	0.211068	0	-21.7336	-10.5208	230.224	
4.16274	0.0608435	3.14159	-11.3037	-5.43701	148.755	
3.46193	0.0669594	3.14159	24.4466	7.93722	168.6	
11.2657	0.195486	0	-39.9327	2.97379	250.801	
3.49384	0.127662	0	19.1129	4.53972	187.569	
5.16503	0.142246	0	25.0677	9.20884	199.447	
2.364	0.0765409	3.14159	20.1987	15.8116	174.972	
13.264	0.212924	0	-16.8464	2.03101	203.968	
5.05791	0.141311	0	-5.26054	-0.534439	181.871	
2.25469	0.116848	0	-46.3521	3.20726	190.206	
8.01149	0.167086	0	-17.908	-7.10565	211.324	
9.91993	0.183741	0	-12.7788	0.312536	195.188	
1.59489	0.0832528	3.14159	-47.5489	-18.8898	150.747	
7.47835	0.162434	0	-26.9147	-4.9426	201.458	
18.5272	0.258855	0	-55.8545	5.61174	243.476	
9.49466	0.18003	0	-3.32516	-3.83651	216.178	
10.5132	0.188919	0	2.2725	11.0993	201.963	
12.176	0.203429	0	-24.1093	-5.48795	203.081	
4.23515	0.134131	0	-4.13229	-1.90004	185.282	
8.38641	0.170358	0	10.97	-5.07677	250.087	
1.92281	0.113951	0	32.3893	-11.2444	213.409	
10.3376	0.187386	0	39.0659	3.86122	187.922	
11.8733	0.200788	0	-10.068	-2.24768	217.33	
8.59272	0.172159	0	-28.2	2.25364	203.943	
4.48978	0.136353	0	35.9364	4.61356	188.059	
0.0287083	0.0974217	0	61.6355	134.665	-34.3468	
3.67347	0.0651133	3.14159	-36.7484	4.93378	187.755	
0.141405	0.0959372	3.14159	-94.4739	-64.6905	38.2589	
9.07565	0.176373	0	3.66051	8.45223	192.211	
4.18266	0.133673	0	-69.2563	4.90893	196.983	
0.161657	0.0957604	3.14159	10.5947	-16.328	-16.2277	
14.6947	0.22541	0	-29.9158	-7.62014	229.124	
4.36142	0.135233	0	45.1738	6.97157	174.299	
2.69063	0.120652	0	5.51319	17.8065	183.625	
1.10865	0.0874962	3.14159	-13.5924	-19.1438	236.515	
13.5175	0.215137	0	18.828	4.27281	227.553	
6.93782	0.157717	0	-49.7173	6.69224	255.567	
0.941419	0.105387	0	-122.478	-8.45559	172.343	
1.84755	0.113295	0	8.83464	-11.8516	238.249	
0.0816368	0.0964588	3.14159	83.4861	125.991	35.1996	
9.16879	0.177186	0	11.9309	4.67297	210.651	
1.94365	0.0802092	3.14159	-4.48218	2.35256	186.834	
2.54103	0.119346	0	17.5502	-3.10843	185.425	
6.68963	0.155551	0	0.748804	16.1802	218.255	
5.6011	0.146051	0	43.1586	-8.26343	188.924	
9.30966	0.178415	0	-49.3884	-7.54031	241.916	
2.10575	0.115548	0	-13.3152	7.33968	163.397	
11.152	0.194493	0	14.0116	-7.36123	200.204	
10.5885	0.189576	0	-30.7543	-8.77575	197.818	
3.78454	0.064144	3.14159	-36.0235	14.6802	181.203	
11.3044	0.195824	0	-30.4376	-4.47055	212.84	
10.3819	0.187773	0	16.065	-3.18734	227.292	
3.65395	0.129059	0	-56.8181	-11.8424	197.167	
16.0604	0.237328	0	-1.43849	-2.25731	224.703	
1.59904	0.111126	0	3.34302	-2.35247	251.236	
3.36922	0.0677684	3.14159	28.656	4.99649	167.656	
9.44713	0.179615	0	7.2005	5.34215	211.467	
3.2345	0.0689441	3.14159	2.71997	2.30022	182.188	
11.1635	0.194594	0	-5.26875	-3.78041	171.881	
6.76675	0.156224	0	-19.7236	-10.0649	193.964	
7.1348	0.159436	0	93.2394	3.38986	163.576	
1.12855	0.0873225	3.14159	65.7364	19.5065	170.323	
1.71712	0.0821861	3.14159	22.8954	-21.8395	200.337	
11.3314	0.196059	0	28.7599	8.35399	195.619	
5.39907	0.144288	0	10.5147	-0.064629	205.704	
8.22732	0.16897	0	13.7727	-0.494841	228.408	
3.09652	0.124194	0	87.5963	4.45404	171.67	
14.0655	0.219919	0	-25.5143	-2.26949	224.457	
3.75896	0.0643673	3.14159	-18.4065	2.89552	191.037	
0.0318016	0.0968937	3.14159	-28.7461	-54.6457	17.6447	
16.2082	0.238618	0	18.5403	0.196962	216.844	
7.35586	0.161365	0	-34.3562	-2.79443	182.673	
6.78292	0.156365	0	-21.5002	3.86505	218.051	
9.82588	0.18292	0	-38.3955	-5.78561	209.895	
7.19159	0.159931	0	-7.24142	2.89908	184.405	
5.67031	0.146655	0	29.0304	5.24283	188.9	
3.4253	0.127063	0	58.1151	-0.151445	166.199	
9.62001	0.181124	0	33.0638	0.0621661	218.105	
7.72891	0.16462	0	22.4094	-4.1942	181.826	
0.0205922	0.0973509	0	29.4876	226.253	7.0624	
1.64442	0.0828206	3.14159	53.9822	12.7106	165.686	
7.46305	0.1623	0	17.4948	-7.82528	230.489	
0.676472	0.103075	0	143.748	10.9447	163.354	
1.22252	0.0865025	3.14159	-68.1792	-12.5747	224.625	
0.103165	0.0980715	0	159.117	151.713	48.4196	
4.86474	0.139625	0	-11.288	13.7542	204.89	
4.09246	0.0614568	3.14159	28.2432	2.49282	196.103	
8.04538	0.167382	0	-40	-14.1294	178.438	
14.4031	0.222866	0	-10.9624	-4.14992	242.9	
0.117908	0.0961422	3.14159	127.034	108.684	20.5654	
0.0537385	0.0967022	3.14159	107.138	160.861	2.9805	
5.02563	0.141029	0	22.6263	1.75204	206.55	
0.20444	0.0953871	3.14159	-74.2117	-40.9519	-17.0092	
19.3191	0.265766	0	-4.01764	-0.0188361	209.135	
14.863	0.226879	0	-19.3181	-0.273761	239.113	
11.0644	0.193728	0	17.0982	3.27081	210.878	
0.113188	0.098159	0	28.7341	4.50832	-9.05394	
2.55437	0.0748795	3.14159	11.6731	-8.1239	218.923	
12.4083	0.205457	0	17.8676	-8.3923	230.371	
13.6606	0.216385	0	-79.4574	1.60711	215.619	
5.87354	0.148429	0	-25.614	0.528737	175.418	
1.81588	0.113018	0	-34.5367	-4.69519	176.245	
2.80118	0.0727257	3.14159	0.93712	-2.8984	152.681	
2.47385	0.11876	0	21.2615	-1.5043	166.806	
6.6137	0.0394543	3.14159	-32.9818	-10.8631	157.059	
1.48593	0.0842037	3.14159	-25.8632	12.0088	242.43	
8.76389	0.173652	0	-0.808143	8.86678	186.576	
7.80764	0.165307	0	11.7447	10.4248	224.606	
0.938319	0.0889826	3.14159	72.6503	-7.77727	153.622	
2.78613	0.121485	0	-26.0551	3.8467	162.589	
4.79771	0.13904	0	23.9993	3.2054	177.64	
6.46024	0.153549	0	-7.52436	3.0035	243.989	
3.30941	0.126052	0	-31.6251	-2.55019	167.747	
17.7971	0.252484	0	46.5045	4.05127	223.887	
4.23321	0.134114	0	-33.8763	-8.49405	164.867	
5.17544	0.142337	0	-31.7707	7.2415	201.407	
2.92796	0.0716193	3.14159	20.4771	1.66299	180.675	
2.27777	0.0772934	3.14159	26.5971	-2.30525	161.326	
12.6127	0.207241	0	7.6341	8.32307	207.712	
14.2839	0.221825	0	-26.9059	-0.103511	271.587	
15.7229	0.234383	0	-51.296	-3.1531	223.35	
6.73467	0.155944	0	-35.33	-1.00717	161.822	
6.71854	0.155803	0	82.3739	4.63189	203.34	
9.37096	0.17895	0	48.3436	-5.25637	219.204	
2.98643	0.071109	3.14159	25.1651	-0.155183	195.831	
2.28383	0.0772405	3.14159	11.389	4.74589	191.68	
18.4686	0.258344	0	-11.3912	-4.01309	241.61	
6.60582	0.154819	0	-10.8786	9.26952	219.214	
8.40514	0.170522	0	-31.1662	4.80663	213.879	
0.124827	0.0982605	0	181.764	184.387	41.4725	
6.37852	0.0415067	3.14159	18.8142	-5.36119	182.687	
1.78948	0.112788	0	7.78171	-13.0246	161.526	
7.0106	0.0359906	3.14159	0.888399	-13.3696	226.826	
15.0552	0.228556	0	-23.7229	-3.99856	229.15	
1.77767	0.112685	0	-57.7144	-1.92297	155.754	
12.8051	0.20892	0	-23.5528	6.60377	218.085	
2.81311	0.0726216	3.14159	-10.2798	-3.57121	226.506	
12.7501	0.20844	0	13.0759	7.78214	196.324	
11.8037	0.20018	0	12.9611	-4.13635	220.191	
0.134001	0.0960018	3.14159	-32.8284	22.7344	55.1662	
0.135158	0.0959917	3.14159	-117.378	-64.5854	44.8263	
5.87553	0.148446	0	-3.42608	11.6782	166.018	
0.209035	0.0989954	0	64.2151	1.82779	-2.4339	
8.81915	0.174135	0	-16.7133	-9.62422	217.299	
1.47913	0.110079	0	-2.55893	1.56247	175.186	
2.01755	0.0795643	3.14159	-74.0849	-11.0382	178.394	
2.29382	0.0771534	3.14159	32.3118	-9.7799	162.266	
8.69001	0.173008	0	26.2762	10.1329	232.134	
8.28762	0.169496	0	-13.3096	7.57509	201.309	
10.0944	0.185264	0	-32.5963	-7.92623	199.812	
3.7332	0.12975	0	-10.9953	7.48468	176.225	
6.71734	0.155793	0	0.559238	0.426942	216.856	
14.8294	0.226585	0	11.0951	-6.68324	234.417	
4.28803	0.134592	0	30.4873	11.6786	225.062	
0.0587687	0.0976841	0	72.1826	105.809	1.3883	
17.8366	0.252829	0	-31.3251	5.87142	273.553	
7.07392	0.158904	0	19.0166	-8.65571	202.511	
2.53837	0.119323	0	20.069	-8.42205	194.313	
10.6428	0.190049	0	3.03294	7.54802	186.06	
5.6563	0.146533	0	-13.6377	-11.4129	199.312	
8.58242	0.172069	0	-1.63216	2.14818	238.959	
5.96032	0.149186	0	10.5546	0.95757	201.1	
11.5637	0.198086	0	-46.1317	5.39386	231.084	
7.29709	0.160852	0	16.3312	-22.8267	202.427	
2.95305	0.0714003	3.14159	-19.4437	6.56774	222.207	
8.48778	0.171243	0	-20.5711	-2.85213	220.899	
0.141592	0.0984068	0	101.048	38.9154	-22.9575	
9.46358	0.179759	0	-51.5075	-5.29517	200.146	
2.59203	0.119792	0	-27.3066	13.4803	215.828	
8.88434	0.174704	0	21.649	3.54183	203.065	
6.10872	0.150481	0	23.3832	-3.49851	179.052	
7.73235	0.16465	0	-48.0676	1.50509	211.265	
7.99215	0.166918	0	-36.2222	0.578668	167.637	
2.98446	0.0711262	3.14159	43.4934	-1.2308	163.747	
9.56888	0.180678	0	17.9403	9.20478	201.309	
14.4918	0.223639	0	35.5441	-3.60781	239.803	
7.30782	0.160946	0	15.1308	-0.434634	152.585	
3.96991	0.131816	0	-35.6379	10.2313	211.678	
1.27478	0.0860463	3.14159	-36.2822	22.3207	148.878	
7.95958	0.166633	0	11.6137	10.6952	216.387	
0.137768	0.0983735	0	-40.3179	-53.212	-33.0175	
9.20444	0.177497	0	29.1078	5.73705	231.712	
8.63595	0.172536	0	-11.4834	13.814	198.178	
0.316566	0.0999338	0	24.3622	18.4337	32.4593	
1.22212	0.086506	3.14159	17.4836	14.4797	235.47	
9.28934	0.178238	0	22.8473	-2.24606	243.2	
11.5527	0.19799	0	-29.1575	2.83859	235.313	
11.9091	0.201101	0	20.414	-8.14356	218.705	
9.82005	0.182869	0	-17.8374	-10.5036	204.368	
3.95455	0.0626603	3.14159	25.0132	-1.16284	180.405	
2.35287	0.117704	0	-25.5909	-16.6705	156.491	
7.39974	0.0325947	3.14159	-4.5943	-10.2039	221.716	
0.559093	0.10205	0	-130.667	-24.9852	101.12	
6.38954	0.152932	0	41.883	-0.16209	167.267	
16.6591	0.242553	0	30.1842	-4.98853	225.035	
10.0909	0.185233	0	21.2644	0.28259	219.957	
1.11092	0.0874763	3.14159	14.8422	8.77121	148.452	
4.45127	0.0583255	3.14159	-10.3776	-0.883708	153.525	
2.95078	0.122922	0	65.1858	-1.17567	209.989	
1.04456	0.106287	0	-125.831	-39.9005	192.436	
4.95053	0.140374	0	17.3808	7.95525	150.988	
5.54504	0.145562	0	-35.2824	2.95459	193.755	
6.13489	0.15071	0	-15.8639	5.48484	177.128	
11.1632	0.194591	0	23.9719	-0.317337	215.079	
4.63058	0.137582	0	15.9503	-10.0122	175.505	
5.79647	0.147756	0	27.8342	14.5018	208.386	
1.67374	0.0825647	3.14159	34.3967	-11.8832	241.905	
11.973	0.201658	0	-9.74076	5.64136	222.162	
3.33771	0.0680435	3.14159	6.41691	0.80896	163.236	
2.471	0.0756071	3.14159	4.54931	-13.3834	148.445	
2.21316	0.0778572	3.14159	-12.3329	-8.53927	236.584	
3.50654	0.0665701	3.14159	2.48014	2.42099	193.173	
13.9911	0.21927	0	26.795	-4.44211	249.758	
1.029	0.106151	0	115.924	7.75903	192.501	
8.0547	0.167463	0	4.81959	-7.62595	176.227	
3.74964	0.129894	0	-60.7496	-3.24287	146.668	
1.8484	0.113302	0	35.3176	7.4506	152.815	
3.65434	0.129062	0	6.56989	-11.2358	214.861	
2.02233	0.11482	0	-94.1826	8.74778	170.106	
11.1331	0.194328	0	16.2752	6.82428	250.553	
15.395	0.231522	0	-25.1705	1.58958	229.21	
3.04171	0.0706266	3.14159	-70.5499	13.1283	222.801	
0.805439	0.1042	0	42.3332	2.29451	129.16	
11.0011	0.193176	0	-2.937	-2.3454	189.157	
1.79302	0.112819	0	-6.88753	-11.0441	201.116	
9.92039	0.183745	0	26.0366	-4.17603	197.168	
0.127383	0.0960595	3.14159	-3.58822	-28.5942	78.5361	
7.04092	0.035726	3.14159	37.9126	3.99364	206.946	
0.476087	0.101326	0	71.9153	16.558	63.9326	
0.368783	0.10039	0	48.2048	16.7896	182.551	
6.53578	0.154208	0	25.1552	-7.64193	182.057	
8.64452	0.172611	0	-14.6496	2.8122	193.084	
2.53567	0.0750428	3.14159	-24.8141	-11.4705	166.975	
1.22595	0.0864725	3.14159	23.1564	5.55051	200.39	
6.05739	0.150033	0	39.3449	3.43169	154.23	
14.9571	0.2277	0	-14.7409	1.96528	214.727	
0.0851029	0.0964285	3.14159	-173.289	-150.536	48.8732	
2.97582	0.0712016	3.14159	88.0367	9.30776	165.86	
9.9203	0.183744	0	-44.8467	6.57015	216.132	
5.97488	0.149313	0	19.1623	1.31972	201.189	
4.49813	0.136426	0	-22.9334	-4.87339	168.712	
7.45847	0.16226	0	-2.33757	-6.26898	219.646	
2.45312	0.0757631	3.14159	-40.6503	-11.7043	175.556	
2.39209	0.0762957	3.14159	6.14004	4.60655	154.172	
0.415675	0.0935437	3.14159	-50.4149	-23.9568	205.213	
18.3909	0.257666	0	-1.75251	-1.28265	250.913	
7.92056	0.166293	0	-6.51134	4.24259	228.814	
3.21284	0.0691332	3.14159	4.99533	-3.4074	156.462	
4.87817	0.0546001	3.14159	-28.1281	0.113203	168.471	
3.15719	0.124724	0	-34.8301	-3.04022	158.254	
7.49289	0.162561	0	-43.968	21.4195	176.439	
2.70285	0.120759	0	62.1989	0.0635889	176.471	
9.53128	0.180349	0	7.84376	2.95952	254.455	
12.0362	0.20221	0	36.1885	10.6824	264.422	
2.94752	0.0714486	3.14159	-10.8617	-1.32388	219.295	
5.21111	0.0516945	3.14159	-27.6034	-3.8105	186.778	
0.271635	0.0995417	0	-52.4101	-15.7213	77.6269	
14.6066	0.224641	0	-3.4978	3.00308	214.149	
9.21451	0.177585	0	-40.2138	2.47339	226.608	
0.0835188	0.0979001	0	81.5324	50.9615	58.0841	
2.46071	0.0756969	3.14159	-26.5794	9.52392	200.126	
15.8851	0.235799	0	-1.05872	0.529295	259.667	
6.47523	0.15368	0	-17.2864	-6.45202	184.143	
7.6143	0.16362	0	-37.7745	8.0484	200.234	
0.825661	0.0899658	3.14159	101.07	13.7357	145.94	
5.98681	0.149417	0	48.3251	7.36216	204.589	
1.38255	0.0851059	3.14159	-75.3035	-5.13464	217.679	
3.12914	0.0698636	3.14159	-0.287195	-7.36063	193.78	
10.0775	0.185116	0	23.8989	-1.96342	240.212	
3.10261	0.0700951	3.14159	-9.04991	-7.77683	208.741	
0.243416	0.0950469	3.14159	59.5366	4.01341	-22.1051	
2.47716	0.118789	0	8.64524	-5.59375	171.257	
5.18221	0.0519468	3.14159	43.6086	11.8494	193.799	
10.9266	0.192526	0	20.0935	-4.64605	186.689	
0.621323	0.102593	0	-98.6128	-3.26419	242.048	
13.9126	0.218585	0	-36.8346	6.46544	218.368	
6.52429	0.154108	0	61.0515	24.4899	239.867	
5.55343	0.0487071	3.14159	3.06263	-9.74544	204.497	
1.64099	0.0828505	3.14159	-15.9664	-1.17365	210.457	
12.9303	0.210013	0	6.23098	-7.18343	241.653	
0.0875807	0.0964069	3.14159	-86.3403	-118.56	47.9131	
0.213084	0.0990308	0	-168.897	-43.7584	41.4677	
1.93066	0.0803226	3.14159	24.8497	16.0119	135.977	
4.14143	0.133313	0	45.18	8.37275	224.992	
3.7736	0.0642395	3.14159	33.8639	-10.9081	183.163	
4.24389	0.134207	0	13.0066	-3.94329	175.498	
11.8065	0.200205	0	-13.0679	-2.59744	239.659	
11.453	0.19712	0	-4.20077	-1.75464	247.833	
14.0527	0.219807	0	-22.2005	1.01144	226.719	
8.31976	0.169777	0	63.0958	-2.83619	184.875	
2.01709	0.114774	0	50.0908	-2.50359	145.379	
10.9811	0.193002	0	51.4692	0.229745	228.797	
3.53102	0.127986	0	31.8312	4.38323	214.297	
5.56641	0.145749	0	18.3704	-9.46893	167.135	
18.7872	0.261124	0	-5.94604	-1.25994	214.342	
6.47264	0.153657	0	8.30529	-2.64497	210.783	
2.62524	0.120081	0	-25.967	7.77951	225.299	
2.02508	0.114844	0	-6.43582	11.0654	249.233	
0.108884	0.096221	3.14159	-16.9846	-13.8734	-28.0249	
4.61519	0.137447	0	-18.939	-14.8223	170.016	
9.595	0.180906	0	-25.2488	-1.00162	214.269	
4.80733	0.139124	0	45.1792	-7.99731	198.634	
3.95737	0.131707	0	-33.0205	-7.32148	153.704	
3.21455	0.125224	0	27.3939	-5.13684	193.064	
1.50822	0.0840092	3.14159	63.2991	-7.72958	225.697	
0.291487	0.099715	0	-150.31	-62.3223	80.9363	
2.07344	0.0790766	3.14159	17.5441	-6.94865	194.858	
0.0723051	0.0978022	0	34.3991	30.7954	62.2637	
5.05061	0.0530952	3.14159	-18.5349	-1.74712	218.575	
1.7202	0.112183	0	55.1355	-3.76929	162.595	
4.53293	0.136729	0	19.1252	5.05759	210.914	
8.67946	0.172916	0	3.25464	2.45389	244.86	
11.6962	0.199242	0	20.8604	-1.59082	201.212	
6.91074	0.15748	0	1.9928	2.28307	186.551	
12.0333	0.202184	0	31.2747	1.51343	228.598	
0.261935	0.0948853	3.14159	-191.567	-65.4024	-77.9043	
3.8108	0.0639148	3.14159	6.74553	-7.45027	175.033	
2.0176	0.0795638	3.14159	13.4472	2.72384	169.448	
9.61652	0.181093	0	18.684	3.0216	201.85	
10.6419	0.190042	0	-51.8895	3.29206	235.648	
11.1731	0.194677	0	-5.89268	11.0734	189.66	
3.71376	0.129581	0	9.69734	5.25402	159.044	
12.2673	0.204226	0	-6.23081	5.87635	195.748	
6.67365	0.0389311	3.14159	-11.5077	2.59787	182.361	
8.79762	0.173947	0	6.28335	-13.5895	172.657	
12.85	0.209312	0	-1.1702	-0.855449	241.702	
15.3293	0.230948	0	-41.6885	-0.924197	244.911	
3.67987	0.129285	0	16.2989	-4.42791	185.748	
7.09886	0.159122	0	-31.8836	-1.90994	211.45	
2.52854	0.075105	3.14159	-5.0484	2.92203	210.427	
12.7697	0.208611	0	-4.0889	2.74524	197.09	
8.64478	0.172613	0	17.4746	2.15416	261.131	
13.3176	0.213392	0	46.595	-4.98504	223.391	
4.98754	0.140697	0	8.74462	8.76521	208.337	
7.54745	0.163037	0	-4.75082	-0.39408	166.004	
3.5251	0.127934	0	29.0475	-3.10481	233.37	
8.84051	0.174321	0	28.8671	-7.82019	221.875	
2.23862	0.0776351	3.14159	-4.90621	8.31757	190.923	
7.42796	0.161994	0	-1.4544	-2.45484	226.995	
1.949	0.0801625	3.14159	-41.9561	-5.80211	180.662	
7.98253	0.166834	0	11.6032	-11.8063	223.464	
7.90155	0.166127	0	9.47497	-4.82945	271.715	
9.72273	0.18202	0	-6.37039	1.34841	227.981	
7.14193	0.159498	0	-14.4525	1.48871	229.497	
8.84893	0.174395	0	36.0833	0.847018	213.589	
14.0818	0.220061	0	8.50309	-8.52467	176.477	
6.2468	0.151686	0	-15.3981	-4.85791	213.191	
2.0254	0.114847	0	-23.788	4.63217	167.134	
0.129452	0.0960415	3.14159	20.4462	51.6534	22.3799	
5.43533	0.144605	0	-25.7976	-9.11429	197.93	
2.41077	0.11821	0	-17.2634	-22.4211	156.459	
1.5496	0.083648	3.14159	-79.5578	6.49543	45.1827	
15.0857	0.228822	0	-5.60853	-2.04833	220.297	
4.01969	0.13225	0	-5.75666	4.54318	188.729	
1.61587	0.111273	0	24.2262	-5.52535	220.638	
1.89904	0.0805985	3.14159	-32.2335	-21.261	236.297	
4.10483	0.132994	0	19.2414	-9.54799	189.792	
9.90903	0.183646	0	56.8818	14.4343	198.797	
3.63049	0.0654884	3.14159	13.9545	-1.72644	176.049	
11.4362	0.196974	0	-14.3772	6.4365	193.557	
6.89188	0.157316	0	-46.0545	-17.1055	167.846	
16.452	0.240745	0	7.69909	-3.28057	236.307	
2.82682	0.121841	0	22.1295	-0.512677	208.402	
2.00205	0.0796996	3.14159	11.3585	-4.81453	159.288	
13.7604	0.217257	0	20.008	2.65177	236.211	
20.2453	0.273849	0	24.7031	-5.14926	254.72	
5.95969	0.149181	0	-3.36154	-10.9076	167.665	
12.7071	0.208064	0	9.69033	-0.527924	225.708	
6.49359	0.15384	0	35.0418	9.07777	229.955	
6.03953	0.149877	0	5.57489	-2.87251	176.97	
10.0986	0.1853	0	-19.7226	-4.47269	202.781	
9.67523	0.181606	0	30.6987	12.2492	197.823	
7.84813	0.165661	0	-9.40751	-3.86063	192.13	
16.4334	0.240584	0	-4.25678	0.445576	218.743	
10.1241	0.185522	0	-3.47614	-0.161032	182.575	
0.390516	0.0937632	3.14159	31.8722	3.47636	190.147	
2.63862	0.120198	0	24.5558	-3.95296	174.423	
0.302426	0.0998104	0	162.557	29.5551	-42.3256	
7.60479	0.163537	0	3.47731	4.93193	201.765	
3.61632	0.12873	0	-36.701	6.62372	190.431	
3.85897	0.130848	0	-49.9826	0.332295	186.874	
1.48706	0.0841938	3.14159	-70.6746	3.37964	158.638	
16.0851	0.237544	0	1.22819	4.01456	156.377	
1.4824	0.110108	0	48.8946	-6.7273	155.304	
0.610775	0.102501	0	43.9604	12.9952	193.324	
2.96752	0.071274	3.14159	32.9175	-4.44898	200.688	
2.98841	0.0710917	3.14159	48.9682	-13.8969	205.827	
4.16937	0.133557	0	-21.7301	6.5872	152.354	
0.690482	0.103197	0	-56.6202	-10.8453	95.2939	
0.178153	0.0987259	0	78.5147	62.8234	56.9742	
13.7003	0.216732	0	-17.8232	-5.82389	249.609	
10.0347	0.184742	0	-9.27568	4.15621	205.376	
1.41855	0.0847917	3.14159	43.9127	8.11777	254.163	
13.7952	0.21756	0	58.4076	4.98549	213.226	
0.0505188	0.0976121	0	22.8242	0.289081	47	
6.896	0.157352	0	-17.5642	-0.483128	185.259	
3.67887	0.0650662	3.14159	1.55082	-13.5113	158.006	
1.7461	0.0819332	3.14159	-7.07238	18.311	217.73	
3.79674	0.130305	0	19.1397	-16.8074	187.465	
6.64114	0.155128	0	-14.7304	3.11425	188.945	
1.18494	0.0868304	3.14159	-100.032	-18.7721	137.191	
11.3914	0.196582	0	-7.27395	-7.41143	202.612	
4.14111	0.13331	0	41.329	-1.29378	150.461	
6.80179	0.156529	0	-10.2264	-10.4113	172.175	
2.11806	0.0786872	3.14159	-67.1159	-10.9208	250.17	
2.73661	0.0732892	3.14159	-73.6566	-1.71162	172.637	
10.2442	0.186571	0	-32.101	11.0689	230.579	
3.95525	0.0626543	3.14159	-7.96537	7.93871	201.709	
16.2503	0.238985	0	9.27828	10.2245	196.329	
1.70571	0.112057	0	-56.8356	-6.8781	155.516	
3.79749	0.130311	0	-26.7629	-8.74274	191.286	
7.07117	0.15888	0	-25.3203	4.31276	192.505	
3.25814	0.0687379	3.14159	-13.5183	-1.49059	179.564	
1.3041	0.108552	0	102.436	37.6516	175.364	
3.62106	0.128772	0	-25.0332	2.17372	205.363	
1.39497	0.109345	0	13.2141	22.4757	214.697	
0.0528847	0.0976327	0	57.2641	40.4761	-9.23193	
2.88877	0.122381	0	-17.3811	0.953678	247.816	
9.40825	0.179276	0	-57.5025	-2.43091	186.841	
2.97532	0.123136	0	-28.0309	11.7939	191.429	
6.70525	0.155687	0	10.7378	1.01725	204.099	
3.09563	0.124186	0	4.35595	-6.77786	142.652	
10.8955	0.192254	0	10.7984	-1.79945	216.608	
8.37268	0.170238	0	-15.2488	-18.4546	216.444	
1.02669	0.0882114	3.14159	16.1523	21.4777	208.879	
1.83994	0.113228	0	29.1258	11.0137	200.368	
11.1741	0.194686	0	43.7136	0.655231	219.936	
21.6514	0.28612	0	-17.8583	-1.06639	219.222	
11.5554	0.198014	0	7.16929	-8.47076	195.146	
2.01942	0.114794	0	-33.6369	7.60677	181.844	
2.169	0.0782427	3.14159	-62.9438	6.09659	243.755	
13.2123	0.212473	0	-24.2471	3.81044	252.555	
13.2787	0.213052	0	15.0082	2.54627	241.307	
2.77249	0.0729761	3.14159	58.873	-0.909415	187.039	
1.35333	0.0853609	3.14159	36.6342	2.09957	166.139	
1.51846	0.0839198	3.14159	-31.3165	-3.31181	142.918	
3.80026	0.130336	0	51.2505	-4.05864	186.233	
0.258754	0.0994293	0	-10.1875	-4.64665	41.7918	
6.05521	0.150014	0	23.3785	7.51039	197.078	
7.9684	0.16671	0	5.72076	5.35939	204.121	
7.51121	0.162721	0	-19.5278	-0.487995	175.087	
14.1658	0.220794	0	-16.4063	1.95831	204.083	
9.56793	0.180669	0	-30.7517	0.0713243	233.377	
0.480996	0.0929736	3.14159	124.868	30.7258	145.542	
2.5953	0.0745223	3.14159	-57.6713	2.7656	164.442	
7.91472	0.166242	0	25.6558	-3.22055	217.402	
1.84066	0.081108	3.14159	-118.48	-4.50394	170.091	
7.12829	0.159379	0	-8.85691	-6.25131	207.649	
2.44343	0.0758477	3.14159	-14.5628	9.81944	178.171	
1.0121	0.0883387	3.14159	52.8107	7.55761	227.268	
3.6684	0.129185	0	-73.9958	-7.09374	183.676	
2.55772	0.119492	0	12.0411	3.20867	212.887	
8.83541	0.174277	0	8.83515	-1.73422	203.289	
4.64806	0.137734	0	38.6886	8.10146	154.074	
7.22628	0.160234	0	13.7713	4.06152	193.26	
2.02477	0.0795013	3.14159	29.1873	-0.846989	214.973	
0.565112	0.102103	0	-18.2357	-3.70138	49.26	
3.74588	0.0644814	3.14159	-11.256	1.46731	183.372	
2.33142	0.0768252	3.14159	15.3484	-2.9406	190.77	
5.59429	0.145992	0	6.70399	13.7206	210.415	
0.833007	0.104441	0	-24.2374	-1.38497	194.645	
0.0373669	0.0974973	0	3.4782	-70.0931	-26.9882	
9.99723	0.184416	0	-25.3307	-2.86304	178.159	
0.0399618	0.0975199	0	-54.6932	-136.091	17.4934	
8.67226	0.172853	0	-45.5823	9.17052	196.844	
3.51138	0.127815	0	52.8644	0.806931	198.275	
9.31583	0.178469	0	36.9242	4.33426	198.003	
2.76053	0.0730804	3.14159	0.66258	-11.924	167.596	
7.75697	0.164865	0	-39.0539	6.11047	186.007	
1.36673	0.085244	3.14159	1.42108	-6.00148	191.115	
4.83433	0.13936	0	17.0243	-14.3285	213.289	
1.13518	0.107078	0	-24.0816	-6.14293	226.839	
2.76594	0.0730332	3.14159	-8.19092	7.04727	206.106	
16.3758	0.240081	0	0.684693	-3.04017	211.578	
2.54262	0.11936	0	-23.0894	-5.20947	183.157	
6.23213	0.151558	0	-25.1275	-0.345794	179.023	
0.964056	0.105584	0	-101.532	0.50255	236.426	
1.95646	0.114245	0	-20.9988	-8.16113	214.93	
5.33989	0.143772	0	6.53228	-2.73733	198.56	
7.12718	0.159369	0	-32.7717	15.9645	214.536	
7.85075	0.165684	0	-26.0794	-5.13874	205.976	
9.5374	0.180403	0	52.0487	-3.8286	247.373	
8.96951	0.175447	0	-51.1708	-4.98977	191.139	
0.947076	0.105436	0	6.47176	-9.04641	162.572	
11.4024	0.196678	0	-2.40083	4.4967	219.893	
2.83705	0.0724126	3.14159	-28.3705	-1.17137	197.457	
1.83901	0.0811224	3.14159	29.2535	-3.54684	216.949	
11.7395	0.19962	0	19.2645	-7.15257	235.442	
1.66056	0.111663	0	20.675	-9.05415	209.497	
1.80677	0.112939	0	-24.3255	-8.66697	234.192	
15.8307	0.235324	0	69.0036	9.91812	218.011	
2.3337	0.0768053	3.14159	-61.5668	-0.342841	168.572	
3.0582	0.12386	0	53.6758	-11.236	185.206	
8.53821	0.171683	0	29.5536	2.01998	215.013	
1.00352	0.0884136	3.14159	-13.898	-0.309763	196.473	
4.75045	0.138628	0	36.7328	-5.48077	214.698	
10.5992	0.189669	0	19.9624	-3.53024	234.115	
2.67316	0.0738429	3.14159	0.0826134	3.01988	189.377	
5.20304	0.142577	0	-50.0531	-9.71686	188.649	
5.87866	0.0458689	3.14159	-36.3909	-6.75715	150.925	
12.2971	0.204486	0	-26.6143	-3.98366	225.642	
5.65426	0.146515	0	11.5781	-1.54773	191.881	
3.64492	0.12898	0	38.1623	-8.29257	193.468	
6.52866	0.154146	0	36.2419	6.11762	207.439	
0.923197	0.105228	0	-6.78043	-2.21679	181.149	
8.2281	0.168977	0	6.30903	-13.1616	224.308	
13.3868	0.213996	0	27.3774	-0.132454	223.938	
6.19261	0.151213	0	-18.2864	0.885359	158.623	
6.95814	0.157894	0	10.0699	-3.82795	221.782	
8.01331	0.167102	0	-14.7671	-8.47072	183.392	
1.54637	0.0836763	3.14159	-19.0587	-0.106657	253.174	
8.4083	0.170549	0	-22.5345	-3.92932	208.103	
2.90424	0.122516	0	-0.181273	0.036791	153.293	
10.4225	0.188127	0	-13.1794	-4.82935	209.643	
8.72591	0.173321	0	69.1435	-0.130827	236.052	
2.53692	0.119311	0	47.6661	-6.22245	161.047	
6.00785	0.149601	0	-18.6318	-10.2178	208.658	
7.67147	0.164119	0	-28.6984	1.91924	184.617	
2.07703	0.115297	0	28.2803	5.33813	230.207	
11.5213	0.197716	0	-37.5607	2.96327	236.698	
4.34447	0.135085	0	-40.7171	-18.4305	208.02	
10.9418	0.192659	0	-44.1736	2.31152	198.675	
4.58273	0.137164	0	-7.02416	3.13633	190.627	
15.5044	0.232476	0	-13.0428	-5.59331	199.174	
1.65629	0.082717	3.14159	39.4461	-15.148	203.06	
11.4234	0.196861	0	-40.1131	3.45002	201.291	
2.12282	0.115697	0	83.338	-11.4342	156.385	
10.449	0.188358	0	45.2434	-8.70506	211.911	
0.118211	0.0961396	3.14159	-31.0534	1.63817	-35.114	
15.6794	0.234004	0	-18.1433	-7.85608	223.535	
0.0301777	0.0974346	0	-39.1594	-147.558	48.2507	
11.4844	0.197394	0	-33.7553	-6.0689	228.52	
3.21952	0.125268	0	-42.9402	-13.8478	186.501	
11.574	0.198176	0	-25.6801	-6.87586	246.597	
5.75896	0.147429	0	-3.08007	6.40321	201.374	
0.92995	0.0890556	3.14159	47.4101	9.95945	116.738	
9.16352	0.17714	0	28.6352	-5.53959	226.917	
1.62652	0.111366	0	-13.4224	-6.09012	234.647	
0.104499	0.0980831	0	28.2242	15.7849	16.2046	
6.99711	0.158234	0	14.6603	-2.22734	170.585	
8.27407	0.169378	0	-15.012	-4.54513	225.499	
13.8379	0.217933	0	30.6459	-1.38669	244.591	
7.75819	0.164876	0	-11.0367	-3.31183	200.135	
9.59144	0.180874	0	-21.9769	0.307362	216.447	
11.3705	0.1964	0	4.83448	-0.513091	250.638	
6.70881	0.155718	0	-18.1295	0.521395	241.468	
3.74249	0.064511	3.14159	9.92795	6.83879	216.575	
4.96387	0.0538522	3.14159	20.6956	-7.27735	208.438	
0.384759	0.0938135	3.14159	-157.646	-37.3824	72.1892	
14.3176	0.222119	0	-20.9354	1.15523	259.856	
17.0295	0.245785	0	5.2591	1.70132	204.359	
0.14446	0.0984319	0	7.14845	-38.2394	23.6538	
4.05454	0.132555	0	37.6799	-6.13638	231.895	
2.53835	0.119323	0	6.06026	2.40105	206.89	
3.12099	0.0699348	3.14159	-2.96155	-8.59597	152.143	
3.9415	0.131568	0	9.99988	7.01636	128.236	
9.61366	0.181068	0	-1.90365	3.24505	187.087	
6.45342	0.153489	0	38.8728	3.55881	177.916	
2.70869	0.12081	0	55.3874	-0.450066	198.077	
4.34737	0.13511	0	-29.7964	-11.1122	193.547	
30.2173	0.360874	0	-9.633	-2.68932	239.568	
5.96842	0.149257	0	-20.5284	5.37449	218.214	
0.183612	0.0955688	3.14159	127.229	75.5151	-28.347	
1.86716	0.113466	0	84.0523	29.741	193.14	
19.7919	0.269893	0	7.20825	-9.01605	256.321	
4.85704	0.0547845	3.14159	-1.36423	1.7886	164.941	
0.327682	0.100031	0	-32.1571	-23.9104	-25.6575	
5.13211	0.141958	0	-0.335985	-2.71184	204.988	
10.0389	0.184779	0	22.4184	-0.90067	204.471	
11.664	0.198962	0	-11.3335	-0.621508	205.672	
4.73963	0.138533	0	-6.16187	-9.59116	210.773	
0.175823	0.0987056	0	-13.5584	17.4107	7.44956	
0.915175	0.105158	0	23.9645	-15.8191	182.869	
12.4273	0.205623	0	3.8455	7.80364	248.746	
6.55039	0.154336	0	15.4993	9.97831	203.537	
5.57904	0.145859	0	6.39206	13.0336	164.764	
3.0666	0.123933	0	-60.9167	-6.81325	175.769	
5.00622	0.14086	0	-26.5734	-8.23056	190.463	
6.98532	0.158131	0	-41.1963	-1.53741	179.904	
4.60859	0.0569526	3.14159	10.1931	-1.07191	188.545	
6.39194	0.152953	0	-11.8353	1.52123	206.152	
5.25562	0.143036	0	30.0772	-3.5064	191.369	
9.13245	0.176869	0	4.699	-3.55954	211.811	
11.9907	0.201812	0	1.28865	4.43301	224.418	
5.20247	0.142572	0	10.656	-6.85117	199.994	
9.46502	0.179771	0	13.2435	9.65116	230.634	
7.76135	0.164903	0	34.7247	5.27214	217.873	
1.37183	0.109143	0	90.8589	10.3492	219.774	
8.77467	0.173747	0	45.887	-1.36769	225.121	
16.4527	0.240752	0	-20.9725	-7.31787	248.753	
3.86483	0.0634433	3.14159	-10.8736	-5.54838	165.138	
0.661752	0.102946	0	-114.537	1.00529	127.821	
5.70247	0.146936	0	-9.76323	-10.478	197.872	
1.86322	0.0809112	3.14159	-39.472	-4.81007	239.759	
4.86349	0.139614	0	30.54	-2.72918	232.319	
3.75965	0.129981	0	-2.48094	-9.24011	172.374	
0.283762	0.0996475	0	-117.234	-27.7201	69.3738	
8.00005	0.166987	0	-6.76306	7.24366	217.06	
1.80046	0.112884	0	-14.7449	-20.1459	218.308	
0.63037	0.09167	3.14159	-84.8993	-1.00396	182.28	
0.0332993	0.0974618	0	-18.4911	-32.39	45.5122	
8.85216	0.174423	0	38.75	7.6058	172.01	
4.69741	0.0561775	3.14159	40.4369	-3.30117	160.424	
9.01825	0.175872	0	-25.3108	8.1906	201.763	
2.44391	0.118499	0	-56.0037	0.0517274	216.54	
12.6429	0.207504	0	-10.538	7.25552	255.426	
7.15482	0.15961	0	9.51198	-8.87324	221.202	
2.16619	0.116075	0	-44.6096	-10.6385	205.337	
10.376	0.187721	0	35.0528	-6.45268	233.68	
7.47831	0.162433	0	0.0613317	2.55374	201.91	
15.7824	0.234902	0	-13.4482	7.87692	230.035	
3.07944	0.0702973	3.14159	6.01835	2.75845	174.79	
1.65451	0.11161	0	80.0973	4.65355	203.86	
1.01753	0.0882914	3.14159	-14.9751	-6.97579	123.113	
1.5738	0.0834368	3.14159	-32.3698	13.1276	196.877	
5.26664	0.05121	3.14159	-23.6988	-8.58066	183.712	
12.5339	0.206552	0	26.8932	4.31368	198.883	
4.21687	0.133971	0	-70.7326	-6.86475	190.321	
9.54134	0.180437	0	11.3413	7.98497	205.299	
7.11798	0.159289	0	-17.3986	-6.82764	202.167	
12.7448	0.208393	0	1.79778	5.75848	221.519	
0.142829	0.0959247	3.14159	-141.426	-102.124	68.3941	
0.115338	0.0981777	0	-69.9628	-23.407	3.46097	
14.3537	0.222434	0	-32.4182	-1.49458	253.233	
0.769243	0.103884	0	-30.8969	0.515154	124.414	
6.68705	0.155528	0	41.2386	-0.346256	172.405	
3.3154	0.0682381	3.14159	90.183	-8.7739	166.867	
1.3287	0.108767	0	-3.90211	19.8254	186.284	
14.7697	0.226064	0	18.2085	-1.03381	218.119	
2.50972	0.0752692	3.14159	2.62808	-2.79528	204.184	
15.8559	0.235544	0	4.73753	-0.589462	244.313	
8.74893	0.173522	0	-30.9812	-4.87589	197.557	
7.19988	0.160004	0	53.9614	-3.98922	185.66	
5.68533	0.146786	0	63.2343	12.0638	224.491	
10.8083	0.191494	0	14.8182	13.175	248.466	
9.03989	0.176061	0	13.3731	0.31048	256.476	
1.77362	0.112649	0	27.9977	8.99318	201.791	
15.8638	0.235613	0	-7.78491	1.78362	221.221	
6.77208	0.15627	0	-54.2796	2.22644	191.224	
18.1635	0.255682	0	12.6703	-4.88842	236.955	
10.7836	0.191279	0	6.11978	4.78118	201.345	
9.85145	0.183143	0	14.6529	0.833698	216.339	
3.34737	0.0679592	3.14159	-0.0262346	-4.21262	171.688	
2.51232	0.119096	0	25.2641	-20.4033	144.281	
6.49256	0.153831	0	-18.1307	-2.47777	217.913	
5.19715	0.142526	0	68.1351	5.94754	214.821	
13.8778	0.218281	0	-0.441873	-1.95125	218.603	
15.7155	0.234319	0	-17.5341	-3.00761	213.276	
1.1504	0.107211	0	20.2992	23.9139	169.68	
0.980681	0.105729	0	15.8715	7.99262	193.285	
0.110727	0.0962049	3.14159	181.384	170.975	25.2768	
4.27799	0.0598378	3.14159	-17.6246	-4.79069	172.731	
3.31851	0.126131	0	-23.1203	2.51792	187.073	
0.23685	0.0951042	3.14159	47.9364	13.394	175.428	
1.90838	0.080517	3.14159	40.2497	6.37121	186.387	
11.716	0.199415	0	4.04501	2.98496	212.465	
1.26166	0.0861609	3.14159	-1.87395	-6.82475	216.566	
3.33922	0.126312	0	-75.9495	-7.43124	155.122	
4.75808	0.0556481	3.14159	-2.82825	-0.238444	207.717	
11.0907	0.193958	0	-4.34714	10.2042	207.069	
13.3234	0.213442	0	9.25973	-5.73512	246.44	
10.6775	0.190353	0	-8.65425	-1.45679	234.43	
10.4615	0.188467	0	-4.97642	-5.00879	228.07	
3.75132	0.129908	0	91.6735	-0.527499	203.508	
1.86499	0.113447	0	8.91612	-5.58146	229.177	
13.4958	0.214947	0	-20.348	-1.9919	271.175	
2.99675	0.0710189	3.14159	15.5103	12.1522	172.119	
0.219383	0.0952567	3.14159	177.965	56.1151	98.5104	
4.44905	0.0583449	3.14159	-30.9348	6.9206	207.982	
1.04648	0.0880387	3.14159	36.2516	-12.0083	237.028	
1.41226	0.109496	0	29.8681	13.1301	218.467	
2.59866	0.074493	3.14159	30.9166	12.3875	203.864	
6.50953	0.153979	0	-16.1683	0.111576	171.747	
3.65346	0.129054	0	1.28784	-5.67152	199.411	
11.6893	0.199182	0	13.5394	-1.1866	244.425	
11.8797	0.200843	0	10.1957	1.51795	206.773	
6.72192	0.155833	0	10.6421	-0.973373	210.264	
8.34489	0.169996	0	-15.5616	-8.44824	197.714	
2.29704	0.0771253	3.14159	0.857152	8.90162	234.679	
7.60243	0.163517	0	-47.2005	2.36929	203.312	
3.40506	0.0674557	3.14159	-39.4178	1.34173	185.377	
9.64507	0.181342	0	14.7241	1.04794	219.311	
6.8898	0.157298	0	-3.47175	9.7869	208.484	
3.73807	0.129793	0	33.8008	6.7554	172.249	
13.0725	0.211253	0	10.0352	-6.19023	248.82	
3.85773	0.130837	0	-42.4023	3.97107	182.785	
8.03455	0.167288	0	-55.5751	-8.86779	193.229	
5.30728	0.0508553	3.14159	-55.1992	-6.12772	181.407	
0.559119	0.0922918	3.14159	97.5209	14.1642	128.265	
5.55283	0.0487124	3.14159	68.7603	2.94745	164.596	
2.12324	0.078642	3.14159	-5.89733	5.96336	182.557	
9.57097	0.180696	0	-33.1875	-5.52231	186.59	
5.24909	0.142979	0	-30.8868	-13.5179	168.583	
3.05379	0.0705211	3.14159	12.3015	-3.10845	161.208	
0.705641	0.103329	0	-10.7344	-13.5803	206.069	
1.97716	0.0799168	3.14159	42.138	7.50766	159.773	
5.33917	0.050577	3.14159	-48.443	-5.13988	221.514	
1.12652	0.107002	0	-36.4005	-28.246	251.705	
1.90788	0.113821	0	12.3587	-7.67907	188.338	
0.783892	0.0903303	3.14159	-27.5015	-17.6988	200.71	
0.428981	0.100915	0	56.2006	7.76955	129.87	
0.00897621	0.0970929	3.14159	-32.4117	-146.825	2.03438	
19.0356	0.263292	0	10.05	0.775036	237.195	
8.85641	0.17446	0	32.8705	-1.55954	184.017	
5.64636	0.146446	0	-21.9652	1.30268	193.076	
2.47583	0.075565	3.14159	-42.5329	5.44814	233.046	
5.45443	0.144771	0	-30.0764	-11.9585	238.955	
3.34614	0.126373	0	25.5578	4.51362	179.192	
0.164484	0.0986066	0	10.7386	13.1707	55.2903	
15.0621	0.228616	0	-15.3419	11.6844	217.073	
1.0535	0.106365	0	-24.7992	1.70505	234.597	
11.9434	0.2014	0	34.1583	-1.56145	203.887	
13.3269	0.213473	0	-20.1181	6.64163	222.735	
5.25538	0.143034	0	-9.65771	-7.50658	148.764	
2.91481	0.071734	3.14159	69.0991	-18.0834	163.561	
1.02396	0.0882353	3.14159	-40.0653	2.47315	235.558	
15.4343	0.231865	0	27.5801	2.5998	221.704	
0.92931	0.105281	0	-74.3478	-8.01536	217.659	
9.83653	0.183013	0	21.1813	-0.0313508	204.854	
8.64776	0.172639	0	-10.453	1.93918	208.061	
8.07434	0.167635	0	7.62351	-0.687864	216.213	
9.89757	0.183546	0	-3.88778	-0.0362142	224.661	
7.94951	0.166545	0	-28.476	-0.477059	200.169	
5.02204	0.140998	0	24.9299	-3.37026	217.386	
0.267811	0.0995083	0	-206.064	-85.4541	50.7889	
4.43617	0.135885	0	12.6816	5.95621	209.897	
1.48954	0.0841722	3.14159	-7.99289	-4.42846	245.936	
2.36237	0.117787	0	-42.0727	3.50329	176.772	
3.51246	0.0665184	3.14159	-8.89579	8.71875	180.523	
2.04838	0.0792952	3.14159	101.232	-2.67796	197.7	
14.5036	0.223742	0	-6.48416	1.499	211.872	
1.41957	0.0847828	3.14159	52.3093	2.51609	140.823	
4.93195	0.140212	0	-23.6603	-6.72135	195.431	
5.34331	0.143802	0	-43.674	8.63445	197.405	
5.3538	0.143893	0	21.2855	1.0725	176.363	
1.4865	0.0841987	3.14159	60.1757	-3.65185	237.097	
10.0864	0.185194	0	-53.6689	-5.12541	226.032	
11.6852	0.199147	0	9.08954	2.48985	174.262	
3.50474	0.127757	0	-4.82667	-16.388	165.735	
5.79646	0.0465862	3.14159	24.3861	0.680198	165.556	
12.8273	0.209113	0	-27.1337	-6.88049	236.695	
16.325	0.239637	0	5.20237	3.13158	232.452	
2.90107	0.071854	3.14159	-16.8786	-2.94088	184.071	
1.76999	0.112618	0	80.6619	2.95558	167.978	
5.87047	0.148402	0	14.5208	9.97239	134.08	
4.87537	0.139718	0	-18.6104	-2.69959	164.997	
1.90858	0.113827	0	33.7071	1.37796	180.898	
11.0132	0.193282	0	-4.05246	-4.73306	172.703	
11.3738	0.196429	0	0.412388	-3.52704	193.959	
1.75937	0.112525	0	-25.3809	-8.61428	239.258	
11.009	0.193245	0	-16.0756	-2.93581	214.479	
4.50489	0.136485	0	-26.6221	10.5466	230.818	
8.13984	0.168207	0	10.0117	-12.513	227.387	
5.1152	0.141811	0	2.25998	-2.41848	193.348	
9.84627	0.183098	0	8.9955	-4.65753	222.661	
4.15686	0.133448	0	58.9428	-1.70344	218.426	
9.66421	0.181509	0	-15.7846	4.09392	222.322	
0.659198	0.0914185	3.14159	-14.8423	-2.0528	202.795	
6.28974	0.152061	0	16.7994	-7.60496	211.721	
3.06449	0.123915	0	87.6955	-6.89263	180.909	
10.2854	0.186931	0	6.26345	0.827411	179.293	
4.64646	0.0566221	3.14159	73.5704	10.5665	193.158	
0.268314	0.0995127	0	-38.6237	-15.9491	129.611	
11.2645	0.195475	0	16.3729	13.9774	198.706	
7.45987	0.162273	0	84.6073	5.0116	245.437	
1.62556	0.111357	0	-3.77881	-0.242231	158.501	
18.172	0.255756	0	11.6335	13.6689	236.534	
11.8979	0.201002	0	25.5557	-2.22668	240.562	
2.3657	0.117816	0	25.5778	-14.7779	188.105	
0.219654	0.0990881	0	176.066	107.661	29.506	
2.49709	0.0753794	3.14159	-17.4611	-4.38013	176.487	
7.72196	0.16456	0	18.1926	-9.04945	195.302	
10.1956	0.186147	0	-13.2301	6.94442	231.175	
2.50588	0.0753027	3.14159	-17.0879	2.53867	211.282	
12.2318	0.203916	0	-6.83053	-4.23729	253.04	
0.211599	0.0990178	0	52.5614	49.9705	-5.53504	
1.06314	0.106449	0	-66.8476	-6.05848	229.101	
10.2452	0.186579	0	18.5593	8.26805	192.274	
5.09156	0.0527379	3.14159	-1.67853	-0.864417	185.128	
4.68344	0.0562994	3.14159	2.47379	-5.46243	185.848	
6.981	0.158093	0	22.598	6.87791	194.249	
0.108422	0.0981174	0	-103.229	-132.529	38.1811	
2.25294	0.116832	0	25.0123	4.04796	194.74	
19.7004	0.269094	0	-5.59095	-5.17644	234.639	
1.6503	0.0827693	3.14159	-33.7154	-9.16882	186.366	
2.18438	0.0781084	3.14159	-5.60871	-23.4626	191.622	
2.3548	0.117721	0	19.501	4.15752	222.626	
5.69665	0.146885	0	11.6515	6.73328	166.018	
6.38522	0.152894	0	-3.01951	9.46402	193.95	
3.82521	0.130553	0	-10.9567	14.1319	226.071	
3.10665	0.124283	0	-23.9554	12.2277	205.503	
0.928874	0.105277	0	99.0584	36.3392	240.857	
2.65063	0.0740395	3.14159	11.6957	6.29959	231.795	
0.903753	0.105058	0	54.2276	6.91813	200.608	
7.2615	0.160541	0	-29.8803	-0.415189	209.002	
5.71433	0.047303	3.14159	18.8378	0.646285	217.067	
6.62023	0.154945	0	-7.6764	7.00409	181.044	
10.9796	0.192989	0	-45.3684	-5.61857	229.242	
4.99601	0.140771	0	28.63	-10.9736	159.468	
5.22046	0.142729	0	24.8666	-4.10151	213.163	
8.66509	0.17279	0	-24.5322	8.1876	212.642	
2.45264	0.118575	0	-35.7395	6.41178	196.402	
2.84711	0.122018	0	-43.4025	7.23846	188.88	
3.80656	0.130391	0	15.7915	-6.89754	172.756	
2.87381	0.0720919	3.14159	-17.2006	2.79238	197.139	
0.297203	0.0997648	0	20.0691	-16.7976	-22.0479	
8.21257	0.168841	0	-4.20326	1.22433	189.768	
6.98803	0.158155	0	2.76965	3.49529	171.812	
8.3386	0.169941	0	-6.36811	-4.29651	207.173	
1.70657	0.112064	0	-3.10042	-2.23314	181.716	
0.386732	0.0937962	3.14159	31.9033	9.35443	132.879	
15.36	0.231216	0	9.41208	2.55217	252.687	
6.2716	0.151903	0	-1.44263	5.15333	246.716	
12.5318	0.206535	0	20.3261	7.98881	214.017	
13.9552	0.218956	0	-65.7088	-5.71362	238.824	
8.33966	0.16995	0	38.2673	5.21468	167.296	
13.7078	0.216797	0	41.8607	7.89982	214.336	
4.65646	0.137808	0	26.4101	-5.36602	197.246	
12.1405	0.203119	0	12.1783	3.12327	220.075	
7.57839	0.163307	0	-40.6224	-0.387575	220.653	
1.16498	0.0870046	3.14159	80.099	-16.2762	177.551	
7.42681	0.161984	0	-25.1246	6.219	197.897	
13.5553	0.215467	0	2.39312	1.34518	205.698	
5.91308	0.148774	0	8.17541	-0.570788	239.737	
4.50498	0.0578568	3.14159	10.1274	4.24632	181.108	
8.65688	0.172719	0	-12.2945	23.0055	185.865	
5.62935	0.0480446	3.14159	-0.616286	5.84832	183.993	
4.57565	0.137102	0	-2.3221	-1.12718	175.674	
9.97273	0.184202	0	-45.0979	1.23209	179.457	
4.71872	0.138351	0	1.98756	-9.59567	188.852	
7.3276	0.161118	0	1.05607	-1.97222	210.71	
14.7696	0.226063	0	25.3344	5.60236	223.7	
0.134642	0.0983462	0	56.3427	31.8241	-1.32588	
2.56424	0.0747934	3.14159	29.6718	1.27014	220.119	
11.8376	0.200477	0	18.1354	-2.51214	206.977	
11.3408	0.196141	0	-32.3094	5.4046	223.235	
0.801731	0.104168	0	32.7452	18.4855	173.015	
7.57788	0.163302	0	-28.3509	-6.07052	272.569	
9.74886	0.182248	0	-35.7515	-3.75923	234.711	
7.58208	0.163339	0	-32.0983	2.57726	177.373	
3.16815	0.124819	0	63.5675	4.40092	201.504	
7.03007	0.158522	0	-26.7383	-14.052	189.857	
7.4177	0.161904	0	-0.371841	-5.02662	227.631	
2.22366	0.0777656	3.14159	-30.7699	9.00406	185.691	
1.22735	0.107882	0	85.3748	8.20855	167.439	
11.2682	0.195507	0	7.86126	-0.346878	205.149	
11.2577	0.195415	0	50.1571	-0.684067	256.603	
0.721461	0.0908751	3.14159	43.7736	-16.9182	230.481	
1.5892	0.0833024	3.14159	66.8166	-10.0744	153.299	
2.95963	0.123	0	74.2591	5.09476	191.155	
3.18773	0.0693523	3.14159	20.7922	2.07258	167.695	
7.58734	0.163385	0	26.9775	10.993	233.104	
6.03934	0.149876	0	-60.8178	-4.45751	183.95	
2.36797	0.117836	0	-5.34995	-4.00693	194.053	
12.3958	0.205348	0	2.36656	8.68694	240.694	
5.49212	0.1451	0	-1.74782	1.02748	226.853	
9.96938	0.184173	0	1.57682	-2.74305	240.625	
2.5214	0.0751672	3.14159	7.59034	-2.71355	180.294	
3.94648	0.131612	0	22.9359	-1.31629	190.376	
0.078297	0.0964879	3.14159	-101.555	-78.995	6.26148	
1.18603	0.107522	0	-14.0443	-10.4544	151.758	
6.44685	0.0409104	3.14159	1.43037	8.2144	161.729	
0.313966	0.0944313	3.14159	-87.7504	-17.3426	79.9303	
4.97035	0.140547	0	25.3662	8.67808	183.669	
3.57508	0.12837	0	-25.1643	4.07894	216.223	
8.12834	0.168106	0	16.811	-4.67856	222.887	
7.74785	0.164786	0	49.1125	6.00858	185.568	
1.38121	0.109225	0	21.2833	10.3629	223.36	
15.6655	0.233882	0	47.258	-7.58058	241.236	
12.673	0.207767	0	-18.8018	-5.65634	182.418	
3.91455	0.131333	0	-50.2598	-2.70984	171.937	
3.13317	0.124514	0	-19.9392	-16.9692	248.317	
0.0482614	0.0975924	0	-40.6988	-45.4446	-18.0707	
4.48395	0.136302	0	7.69682	-3.83728	194.793	
4.40352	0.1356	0	-0.566578	-6.07083	165.134	
1.84927	0.0810329	3.14159	-82.9354	17.2426	229.084	
6.86813	0.157108	0	51.4552	1.15937	236.197	
2.86808	0.0721419	3.14159	-33.9938	-2.02968	219.271	
0.247223	0.0993287	0	32.753	38.5982	29.4076	
17.1623	0.246944	0	-1.13117	-0.466801	215.928	
1.49719	0.0841054	3.14159	-34.5599	-1.08705	218.427	
2.28835	0.0772011	3.14159	-0.308171	2.58954	226.57	
5.27911	0.143241	0	1.63355	6.709	181.557	
10.3238	0.187266	0	-3.11531	14.3259	230.026	
1.44877	0.109814	0	14.9103	-0.84966	152.935	
10.7693	0.191154	0	6.29317	-5.15558	250.341	
5.96541	0.149231	0	24.1605	6.00207	187.516	
0.429982	0.100924	0	23.1392	-1.28387	99.6058	
2.31588	0.117382	0	57.7384	-10.7326	199.593	
0.325816	0.0943278	3.14159	27.7481	35.9365	109.143	
8.17276	0.168494	0	10.9032	-14.8622	213.286	
8.92919	0.175095	0	-15.7326	-1.29852	216.77	
13.8213	0.217788	0	8.09436	-7.63021	200.623	
6.48928	0.153802	0	-4.09015	-1.49036	185.997	
1.69984	0.082337	3.14159	63.3923	11.5464	210.619	
6.54504	0.154289	0	-38.4713	8.69814	220.287	
2.98077	0.123184	0	4.69636	0.832299	180.09	
2.80907	0.121686	0	-35.0138	8.35359	171.842	
6.46445	0.153586	0	-9.41337	21.958	173.925	
18.7371	0.260687	0	-9.76403	4.14859	272.505	
3.56441	0.066065	3.14159	-6.03487	-3.75954	191.839	
7.4798	0.162446	0	-53.2187	-1.88369	194.573	
6.31344	0.152268	0	-19.9405	7.60795	191.262	
8.67052	0.172838	0	17.7795	15.6364	197.133	
7.56413	0.163182	0	-25.6602	-2.68661	232.868	
14.5175	0.223863	0	-21.5396	2.65435	235.822	
11.6031	0.19843	0	11.253	1.0195	212.153	
10.0158	0.184577	0	-7.17061	-5.66666	229.264	
6.96398	0.157945	0	8.59349	6.97638	204.618	
4.8703	0.139674	0	-8.67551	-2.13128	247.865	
0.12879	0.0960473	3.14159	173.265	120.506	-24.4994	
2.83351	0.0724436	3.14159	4.01665	16.1257	174.51	
8.3044	0.169643	0	-2.25477	-1.29147	231.979	
4.61945	0.137485	0	25.7759	8.54947	195.095	
10.2239	0.186394	0	17.159	5.64058	239.062	
3.18448	0.0693806	3.14159	-19.505	11.2951	175.78	
0.215626	0.0990529	0	-44.713	9.21919	159.518	
7.26283	0.160553	0	-13.0705	7.42828	181.816	
13.2514	0.212815	0	-42.3797	-5.05148	189.551	
11.9434	0.201399	0	5.20709	4.99405	202.34	
3.64064	0.0653998	3.14159	-6.42154	-12.8859	201.52	
3.24535	0.125493	0	-22.184	9.42035	178.971	
0.356836	0.0940571	3.14159	48.976	12.303	98.344	
10.2472	0.186597	0	-41.6164	-10.2618	214.424	
4.0209	0.132261	0	-85.1549	-3.1773	160.498	
13.1762	0.212158	0	3.55565	-6.63873	239.308	
6.80046	0.156518	0	-74.8896	9.98795	196.74	
17.0941	0.246349	0	5.89621	-7.66885	267.386	
11.0316	0.193443	0	-28.9583	1.35255	220.127	
1.11191	0.106875	0	76.3327	13.1677	260.188	
10.4948	0.188758	0	25.3643	3.08284	196.577	
2.18457	0.0781067	3.14159	-13.3228	-6.91054	212.047	
12.177	0.203438	0	-36.8527	2.56801	225.482	
0.125903	0.0982699	0	65.3446	96.8145	8.74811	
0.215852	0.0952875	3.14159	-47.5273	-23.9993	48.8332	
6.54894	0.154323	0	-72.9759	-0.242525	202.773	
3.82176	0.130523	0	-1.7566	-0.225214	168.873	
10.5003	0.188806	0	-27.4987	-0.0981344	237.847	
9.09241	0.176519	0	32.0402	-9.40073	163.776	
11.3526	0.196244	0	50.5043	-3.86707	222.017	
12.3561	0.205001	0	-35.8558	5.19282	212.666	
4.26018	0.0599931	3.14159	44.8038	-18.6885	175.969	
13.9195	0.218644	0	-0.978204	10.6046	198.03	
1.58385	0.110993	0	-16.7471	-4.80695	218.421	
3.56732	0.128303	0	10.613	13.7884	201.814	
2.64018	0.120212	0	-40.2513	-7.62777	158.701	
14.9332	0.227491	0	29.5867	-1.82809	237.083	
4.36092	0.135228	0	58.2187	-9.20904	217.487	
9.979	0.184257	0	-16.9629	2.42874	203.618	
4.57708	0.0572276	3.14159	-81.8777	10.5527	211.579	
0.840721	0.0898343	3.14159	-47.2629	-16.2282	304.75	
13.5885	0.215756	0	-6.85655	7.19601	231.322	
16.1306	0.237941	0	-18.1992	6.71939	262.317	
7.24893	0.160432	0	-43.4078	7.58291	202.248	
3.97106	0.0625163	3.14159	-2.30183	-7.65161	172.859	
0.248741	0.0950005	3.14159	-11.856	-10.633	91.3375	
2.13188	0.115776	0	3.72967	-9.04865	202.817	
5.90825	0.148732	0	-20.2234	-2.01841	173.153	
5.87053	0.148403	0	32.5386	-4.61584	225.348	
11.9325	0.201305	0	-39.8562	-0.250262	225.511	
14.8662	0.226906	0	-32.3976	0.0267568	238.803	
7.85332	0.165706	0	8.13205	0.0654259	208.268	
11.2895	0.195694	0	25.873	-12.1773	218.376	
0.949646	0.0888838	3.14159	91.8933	5.38698	200.272	
10.2148	0.186315	0	-16.2602	8.71291	205.871	
5.65748	0.146543	0	60.3188	-4.12211	194.661	
2.33877	0.076761	3.14159	19.664	-18.7054	173.695	
13.1602	0.212019	0	-42.6222	-5.86107	244.02	
0.362893	0.100338	0	73.8154	9.85558	-32.8154	
4.93208	0.140213	0	2.11631	-11.2512	176.326	
11.8206	0.200328	0	-26.4219	1.46669	205.35	
2.2884	0.117142	0	-4.53112	-6.18936	237.809	
5.51742	0.0490214	3.14159	-20.0036	-3.18913	226.605	
10.3331	0.187347	0	1.85033	5.09273	218.892	
11.0044	0.193205	0	13.0493	-13.8032	213.488	
1.59342	0.0832657	3.14159	50.9122	8.31666	216.743	
5.22127	0.142737	0	-61.5423	-5.36157	192.485	
5.36297	0.143973	0	-19.5804	-0.193501	201.73	
8.30746	0.169669	0	-16.0723	-4.54646	216.156	
11.0198	0.19334	0	-14.7368	3.33718	232.454	
11.6443	0.19879	0	-15.4908	2.66424	198.598	
7.83356	0.165534	0	75.5282	-5.06699	212.491	
0.846498	0.0897839	3.14159	84.8126	-28.0025	227.313	
7.96772	0.166704	0	30.6033	3.15595	220.407	
3.36187	0.12651	0	-68.0549	-10.9891	206.557	
1.88407	0.113613	0	34.6514	3.81278	166.677	
5.55276	0.145629	0	-33.0423	13.7156	211.666	
6.27761	0.151955	0	23.928	-12.1232	162.119	
1.31986	0.085653	3.14159	45.9676	5.39155	136.803	
5.18977	0.0518808	3.14159	52.5814	-2.80358	203.645	
12.3104	0.204603	0	43.7703	-8.08493	233.327	
4.55031	0.136881	0	-6.84091	-4.73017	254.553	
0.2455	0.0993136	0	60.9772	7.0072	-15.2224	
15.3825	0.231413	0	23.9427	2.35928	222.306	
6.86641	0.157093	0	-6.76426	3.99735	210.652	
6.50218	0.153915	0	-6.98079	-0.971924	210.356	
9.73118	0.182094	0	42.6839	-15.6941	193.592	
4.8426	0.139432	0	28.5987	7.27896	165.135	
8.43059	0.170744	0	0.464094	2.46965	207.337	
12.766	0.208579	0	40.1275	9.78644	230.857	
0.690429	0.103196	0	82.1103	6.09735	161.185	
9.6655	0.181521	0	-4.89723	-1.69105	266.324	
0.442275	0.0933115	3.14159	-39.8522	4.46129	198.928	
7.92916	0.166368	0	-16.2058	-7.49362	165.969	
6.07323	0.150172	0	-1.60493	-15.2013	245.513	
3.18869	0.124998	0	22.9159	-11.4215	202.806	
0.158926	0.0985581	0	-86.9537	-36.6693	97.6321	
14.9269	0.227437	0	27.0035	3.08121	230.813	
5.57121	0.14579	0	9.48231	5.39855	221.178	
3.5803	0.128416	0	-81.2283	-6.97354	174.752	
3.28041	0.125799	0	-26.7444	4.45047	170.796	
11.0697	0.193775	0	37.9957	6.1581	211.297	
9.62955	0.181207	0	-11.6566	-1.0005	205.094	
7.08042	0.158961	0	-11.4002	-5.39604	247.725	
0.867643	0.104743	0	-108.382	-24.4828	149.477	
2.84795	0.0723176	3.14159	-12.156	16.4987	201.468	
1.69708	0.111981	0	-90.6735	-6.89951	167.133	
11.7244	0.199489	0	8.83756	3.27289	218.096	
3.90174	0.0631212	3.14159	-18.4556	-12.0245	202.618	
7.1334	0.159423	0	31.5311	-8.16406	211.974	
1.54411	0.083696	3.14159	-46.5291	-28.6692	220.495	
13.549	0.215411	0	-5.55192	-2.71674	213.544	
4.2942	0.134646	0	6.25975	-6.42065	155.495	
0.0975769	0.0963197	3.14159	-118.426	-138.357	40.6146	
6.05864	0.150044	0	-9.90706	-9.47528	239.123	
6.45576	0.15351	0	29.1642	1.15253	189.006	
1.45395	0.0844828	3.14159	14.0516	19.9224	217.426	
1.22419	0.0864879	3.14159	-36.8876	-12.2747	157.994	
4.67453	0.137965	0	18.8119	-8.26589	167.25	
1.9152	0.0804575	3.14159	-26.4095	-6.4136	207.799	
11.586	0.198281	0	-3.74981	7.12341	237.779	
13.0751	0.211276	0	-21.5488	-1.51673	199.705	
7.46345	0.162304	0	9.25233	19.1848	239.461	
1.61344	0.0830909	3.14159	55.1636	0.930918	219.549	
1.85531	0.0809801	3.14159	-64.2716	-7.94783	212.66	
14.6472	0.224996	0	14.8353	-1.31946	235.473	
4.93403	0.14023	0	27.259	5.68217	214.653	
4.13906	0.0610502	3.14159	-36.5058	10.0208	155.805	
3.93583	0.0628237	3.14159	-5.92614	7.76233	160.049	
1.25089	0.0862548	3.14159	19.7499	-2.94722	210.042	
12.657	0.207627	0	48.1323	3.28485	229.098	
3.60686	0.128648	0	10.1916	-1.61904	184.779	
7.67025	0.164108	0	-1.27004	0.348193	167.49	
3.53194	0.0663484	3.14159	-13.4038	1.07345	186.711	
0.0893451	0.0963915	3.14159	24.0495	18.33	45.9338	
7.7241	0.164578	0	29.8141	-9.78812	208.385	
6.96245	0.157932	0	52.6588	3.2798	209.867	
4.26158	0.059981	3.14159	-46.2614	-7.83336	200.086	
7.41069	0.161843	0	48.1533	1.70353	241.284	
1.46703	0.109974	0	1.84271	-0.409018	212.708	
14.7079	0.225525	0	-59.2942	-0.896493	218.641	
8.77013	0.173707	0	37.3547	-10.8577	206.734	
16.8489	0.244209	0	23.5389	-2.60728	258.38	
2.39508	0.118073	0	-20.3298	-5.48299	198.027	
3.63497	0.0654493	3.14159	23.5626	-2.52763	192.814	
8.0874	0.167749	0	36.3128	-3.21302	211.849	
3.88825	0.131103	0	36.6433	-6.40233	189.018	
0.271454	0.0948023	3.14159	-102.191	-36.3274	165.126	
9.0129	0.175826	0	-27.6053	-11.6729	247.163	
3.78304	0.130185	0	-22.8899	11.8618	143.501	
9.36017	0.178856	0	-30.4896	-1.02729	241.467	
2.54158	0.0749912	3.14159	-57.9794	-9.94197	216.508	
3.65087	0.0653105	3.14159	59.2168	-6.19883	190.429	
2.17379	0.0782008	3.14159	-30.2841	-19.3245	209.947	
0.468012	0.101255	0	86.0138	16.686	71.5512	
1.12271	0.106969	0	-144.239	-22.4697	237.092	
9.29199	0.178261	0	15.1186	-2.49885	201.808	
3.48175	0.0667864	3.14159	-7.16863	-5.555	183.664	
7.24392	0.160388	0	16.928	-2.18433	189.275	
3.91907	0.131372	0	-61.3595	-0.6957	182.152	
6.14943	0.150836	0	-15.3719	-4.18019	181.801	
1.21393	0.107765	0	23.1318	-5.33165	241.918	
7.70508	0.164412	0	33.2856	3.44426	195.559	
10.8392	0.191763	0	-26.2592	3.53248	200.425	
0.183471	0.0987723	0	94.6984	83.8678	-42.5145	
7.20816	0.160076	0	-40.3529	-3.09695	198.206	
0.120045	0.0961236	3.14159	-50.0354	-86.6796	51.7296	
3.99934	0.132073	0	-47.6259	-4.91949	212.483	
12.6186	0.207292	0	1.01874	0.46679	210.377	
12.3103	0.204602	0	29.7992	4.64601	218.992	
13.8775	0.218278	0	31.5075	11.4965	244.141	
13.2679	0.212958	0	-13.569	-6.76278	236.093	
0.150922	0.0984883	0	-87.1049	-55.2094	45.6591	
0.0712208	0.0977927	0	-88.7128	-127.798	-20.8442	
14.4454	0.223234	0	-9.36617	3.67309	237.946	
0.145465	0.0959017	3.14159	11.089	-15.0984	74.4305	
15.8964	0.235897	0	-23.565	-3.22746	257.342	
0.568039	0.102128	0	89.7577	16.2088	111.891	
5.31122	0.0508209	3.14159	16.777	-20.0542	180.005	
19.7634	0.269643	0	-10.6584	-3.88584	241.758	
9.63313	0.181238	0	-21.2758	-2.41279	204.79	
0.505728	0.0927578	3.14159	-95.8024	-27.7583	191.916	
0.223013	0.095225	3.14159	94.7262	35.1241	29.9307	
5.62154	0.14623	0	-0.488628	10.5933	212.264	
14.1056	0.220269	0	-38.1262	-8.9033	225.434	
1.12817	0.107017	0	1.66565	5.28271	193.079	
5.80949	0.14787	0	5.63748	13.7258	216.591	
3.20009	0.125098	0	15.236	10.0742	171.031	
9.21023	0.177548	0	5.41945	15.8763	169.857	
11.6702	0.199016	0	24.3551	5.70844	202.247	
12.4264	0.205614	0	48.8502	10.6262	246.162	
11.4306	0.196924	0	3.46309	5.88908	223.192	
9.36222	0.178874	0	-18.508	8.43881	216.551	
14.8592	0.226846	0	52.8668	-3.07529	219.423	
0.228843	0.0991683	0	-79.7522	-32.5254	-51.8507	
8.61977	0.172395	0	-21.4479	3.86124	241.507	
3.56925	0.12832	0	-29.8671	13.2374	209.393	
3.94475	0.0627459	3.14159	-25.4332	6.46208	180.313	
5.22158	0.0516031	3.14159	11.8309	1.38148	169.863	
1.20101	0.0866902	3.14159	17.7416	2.92866	190.707	
1.72483	0.0821188	3.14159	-5.35978	-5.00417	217.311	
7.59822	0.16348	0	-27.0805	6.56041	244.481	
9.77223	0.182452	0	-21.8991	3.59265	184.705	
3.92247	0.0629403	3.14159	13.4799	10.8163	212.849	
0.207694	0.0989837	0	-95.6253	-30.4977	59.0627	
1.56758	0.0834911	3.14159	33.8383	-9.75485	162.809	
7.40354	0.161781	0	59.7193	-0.54876	222.284	
0.0254484	0.0973933	0	28.9209	42.9571	-21.0982	
1.54077	0.110617	0	45.4361	-5.02648	201.141	
5.69534	0.146874	0	4.50698	5.17006	217.769	
3.55396	0.0661563	3.14159	-13.7688	2.10525	193.556	
1.36218	0.0852837	3.14159	-72.2469	5.22998	203.245	
2.82685	0.121841	0	-7.20288	-14.3672	224.495	
3.64709	0.0653435	3.14159	-62.0512	0.647836	205.347	
18.3246	0.257087	0	-13.3008	11.1126	221.548	
0.121051	0.0982276	0	16.9888	29.285	2.6679	
18.7768	0.261034	0	-22.1442	-1.66016	243.418	
3.46007	0.127367	0	-36.5171	1.1272	142.885	
3.38791	0.0676053	3.14159	22.7506	-5.89319	192.003	
0.866718	0.104735	0	93.6273	21.8376	157.197	
2.38618	0.0763473	3.14159	-23.3947	2.16632	179.958	
1.33374	0.0855318	3.14159	41.2347	10.2238	185.877	
16.5607	0.241694	0	-28.8803	-0.653946	214.174	
0.0962452	0.0963313	3.14159	-106.506	-68.2322	-47.5422	
1.54961	0.110694	0	20.468	5.23455	281.133	
1.85976	0.0809413	3.14159	14.2678	13.5913	208.923	
1.37276	0.109151	0	27.8646	6.78695	174.089	
7.9372	0.166438	0	-10.9288	5.99165	178.758	
14.6725	0.225216	0	3.4168	1.86944	224.088	
3.91485	0.131336	0	-28.5262	-6.72209	190.876	
2.67063	0.120477	0	-4.73201	4.2132	250.713	
3.36849	0.0677748	3.14159	0.0300983	-8.53433	214.401	
2.73003	0.120996	0	6.43421	18.8683	210.836	
9.92356	0.183773	0	-6.66313	-7.32045	197.243	
5.00155	0.0535233	3.14159	-3.9403	-10.2505	234.195	
3.3575	0.126472	0	-38.8421	-10.3649	204.905	
1.74305	0.0819599	3.14159	-22.6477	6.1454	94.3343	
12.7254	0.208224	0	-36.493	-7.9718	233.996	
3.56008	0.12824	0	24.4466	2.29301	171.996	
19.2163	0.264869	0	21.4879	-0.489776	240.058	
1.35199	0.10897	0	-42.3589	-4.95955	204.609	
9.8169	0.182842	0	49.3689	3.22491	229.684	
0.95643	0.0888246	3.14159	33.5038	-22.0907	154.521	
16.4538	0.240762	0	23.4329	-7.0569	245.913	
13.0264	0.210851	0	15.3105	5.63906	197.06	
5.2893	0.14333	0	-33.1414	-4.80599	201.645	
8.64365	0.172603	0	-18.9434	-1.01045	232.402	
15.1023	0.228967	0	-14.0511	-3.22792	252.389	
18.3836	0.257602	0	-10.5568	8.67324	252.372	
5.79825	0.147772	0	17.4777	5.43865	209.292	
1.16782	0.0869798	3.14159	2.43393	-7.94105	205.508	
4.411	0.135665	0	-25.7343	8.25795	196.704	
14.6804	0.225285	0	10.2934	-1.93764	239.402	
13.6538	0.216326	0	-40.5214	-0.353606	201.879	
5.53083	0.0489044	3.14159	14.6944	-2.15762	219.342	
10.2234	0.186389	0	5.77036	-7.83566	196.766	
9.01572	0.17585	0	-4.09461	3.94606	205.956	
16.7629	0.243459	0	7.10285	-5.85587	228.371	
5.28734	0.143313	0	-1.67565	-0.674235	192.735	
9.49089	0.179997	0	21.0759	-2.94055	193.129	
4.00338	0.132108	0	-10.3575	-0.473632	185.837	
2.99344	0.0710479	3.14159	-50.0289	13.9154	197.442	
3.16521	0.0695488	3.14159	-12.9839	-0.866427	135.399	
1.69193	0.111936	0	38.7187	1.29911	124.967	
2.55831	0.119497	0	-58.7029	2.20593	189.369	
6.16862	0.151004	0	-29.3692	-7.37489	185.267	
7.38291	0.161601	0	36.2091	0.924467	175.778	
0.929491	0.105283	0	35.6564	-11.0348	221.071	
19.6787	0.268904	0	-36.1811	-6.07756	253.984	
1.57467	0.110913	0	81.2692	4.26828	214.426	
2.40183	0.0762107	3.14159	-39.094	-6.22573	192.672	
1.5616	0.0835433	3.14159	7.23776	2.73099	211.636	
0.0664969	0.0965909	3.14159	-47.5818	-26.7928	-24.3865	
15.3327	0.230978	0	-6.15762	-2.14605	219.754	
2.37213	0.117872	0	59.9207	22.2652	167.993	
2.64175	0.120225	0	69.0575	-4.26626	217.961	
12.2437	0.20402	0	-22.7852	-9.73526	187.635	
13.3982	0.214096	0	-27.7092	-10.3185	240.594	
0.140848	0.095942	3.14159	-127.52	-54.7567	-57.108	
4.33214	0.0593652	3.14159	21.7371	-6.37913	177.741	
13.7914	0.217527	0	32.7798	-0.318268	233.298	
0.183838	0.0955669	3.14159	81.7306	9.19131	51.6571	
1.09324	0.0876307	3.14159	-41.2683	-20.3936	244.357	
3.05003	0.123788	0	32.5929	-0.41231	202.067	
15.5523	0.232894	0	-12.1751	5.11933	239.682	
1.33748	0.108843	0	32.9455	5.15956	175.832	
1.89024	0.0806753	3.14159	11.0894	21.9539	192.109	
8.12527	0.168079	0	-23.4351	3.44152	226.1	
13.074	0.211267	0	17.3653	-10.6103	236.227	
9.1712	0.177207	0	40.8421	-11.6404	193.939	
8.77603	0.173758	0	14.4866	11.165	199.625	
0.0461308	0.0967686	3.14159	-51.8576	-89.5261	60.372	
10.5443	0.18919	0	-13.1613	5.5683	256.561	
3.93647	0.131524	0	-19.3327	-1.88573	226.228	
3.38945	0.0675919	3.14159	-18.9152	1.1169	178.888	
0.489308	0.0929011	3.14159	-50.5947	-7.34163	109.861	
0.781024	0.0903553	3.14159	113.129	18.3412	223.22	
1.7031	0.0823084	3.14159	10.8341	1.71162	216.138	
6.07513	0.0441543	3.14159	-40.1219	6.92074	206.69	
4.95275	0.0539492	3.14159	23.3865	13.6935	184.122	
3.63171	0.128865	0	-29.1786	-8.37074	172.466	
1.9063	0.0805352	3.14159	-6.90576	9.00494	185.854	
9.15027	0.177024	0	-2.56641	1.80584	180.99	
0.545679	0.0924091	3.14159	-176.736	-31.2559	208.738	
11.8331	0.200437	0	57.4398	11.7004	192.646	
5.3	0.143424	0	-13.3237	1.25424	174.042	
16.1502	0.238112	0	-7.0892	-4.49815	228.713	
13.1967	0.212337	0	58.3897	-3.93327	202.564	
10.2799	0.186882	0	13.3166	-1.64066	207.641	
0.140549	0.0983977	0	-101.226	-11.8352	5.41205	
4.49103	0.0579786	3.14159	-27.1142	0.575098	197.883	
5.90464	0.0456421	3.14159	-9.13208	6.67776	183.456	
7.37249	0.16151	0	-49.583	-10.9282	212.114	
6.51641	0.154039	0	43.2615	4.68866	181.703	
0.367424	0.0939647	3.14159	-101.135	-21.4358	-69.3921	
1.22956	0.086441	3.14159	-82.1061	-13.3335	189.448	
2.11053	0.0787528	3.14159	-47.8047	-2.31861	204.375	
4.68831	0.138085	0	-9.35437	5.08292	179.239	
9.8597	0.183215	0	45.3764	3.03301	173.655	
1.68067	0.0825042	3.14159	32.9175	7.8985	169.857	
4.93315	0.140222	0	20.9313	8.74556	178.749	
0.231463	0.0951512	3.14159	-1.99946	-0.16618	-49.7099	
0.910372	0.0892265	3.14159	2.2065	0.0312931	288.229	
1.05915	0.106414	0	24.3205	-5.34771	233.317	
6.57302	0.154533	0	-36.0064	-3.22102	215.292	
7.7345	0.164669	0	26.5918	-9.63653	193.144	
4.27834	0.134508	0	7.12102	1.20671	235.284	
1.07716	0.106571	0	101.571	14.3868	178.585	
11.1141	0.194163	0	-22.6293	-3.05561	243.925	
1.40773	0.0848861	3.14159	34.5799	-9.46423	226.994	
9.43103	0.179475	0	23.1022	2.02857	201.81	
1.25275	0.0862386	3.14159	69.9526	19.858	184.68	
2.14214	0.115865	0	-7.40445	22.153	177.197	
5.97326	0.149299	0	12.4022	-6.8931	211.853	
1.33652	0.108835	0	61.3402	-5.03438	203.087	
2.13462	0.1158	0	37.1327	4.41939	196.568	
0.291022	0.0997109	0	144.805	56.3094	73.2131	
20.3894	0.275107	0	-3.39378	-1.96922	214.68	
11.93	0.201282	0	23.3784	4.63047	246.346	
0.0955473	0.0963374	3.14159	-117.532	-176.766	13.945	
0.257475	0.0949242	3.14159	33.0214	17.2397	92.1946	
14.2599	0.221615	0	2.64518	-7.26716	228.767	
6.11721	0.150555	0	-42.7983	16.9749	202.397	
0.297419	0.0997667	0	119.033	8.96494	15.0644	
10.6729	0.190313	0	-36.2013	-6.53224	207.875	
2.66028	0.120387	0	51.3442	12.3177	203.678	
2.37953	0.0764054	3.14159	18.5932	11.5875	177.265	
0.904542	0.0892774	3.14159	24.3952	-3.04726	203.623	
10.4264	0.188161	0	-41.1267	-4.555	214.836	
1.23997	0.0863502	3.14159	-79.2679	-1.30064	174.749	
3.34827	0.126391	0	5.24883	-2.28421	206.649	
1.89654	0.113722	0	38.3099	-2.29365	220.266	
4.53282	0.0576139	3.14159	-15.7905	8.95195	180.774	
2.60293	0.0744558	3.14159	-6.62693	2.5481	150.306	
2.11363	0.0787258	3.14159	-41.786	6.35631	167.716	
7.81773	0.165395	0	-13.6257	5.1255	187.02	
3.16703	0.124809	0	-18.6168	-0.00649815	167.524	
3.74781	0.129878	0	-25.2208	7.422	177.588	
2.90129	0.12249	0	-19.6876	4.3009	207.902	
2.35083	0.117687	0	-33.0186	2.81652	167.145	
2.66209	0.0739395	3.14159	13.1909	7.51844	180.859	
8.49397	0.171297	0	67.0385	0.938827	189.563	
6.25563	0.151763	0	-0.179714	-13.4536	198.6	
12.0691	0.202496	0	18.5455	5.2531	222.319	
12.0511	0.202339	0	18.9348	12.4596	237.881	
3.03438	0.0706906	3.14159	23.781	-8.99778	186.815	
12.7417	0.208367	0	-25.0281	-4.47447	225.134	
6.83873	0.156852	0	26.4494	-5.01584	163.529	
8.96309	0.175391	0	54.8507	17.8148	179.786	
6.12312	0.150607	0	7.10867	-3.10471	223.283	
5.72366	0.147121	0	-5.94398	6.70905	160.113	
10.9665	0.192874	0	-39.1661	6.18336	203.732	
0.931511	0.089042	3.14159	25.6906	19.3178	226.477	
11.0035	0.193197	0	24.525	-3.16859	226.672	
1.14069	0.107126	0	-57.4554	6.77774	179.33	
6.14325	0.0435598	3.14159	-77.4401	-6.12393	180.268	
11.6379	0.198734	0	10.3993	11.4211	186.726	
14.2001	0.221094	0	-11.3791	6.05457	212.356	
4.66339	0.137868	0	-6.16163	-10.6466	200.582	
2.64337	0.0741029	3.14159	-23.593	-0.337256	183.649	
2.87279	0.0721007	3.14159	-7.06186	-0.887011	149.914	
3.67819	0.0650721	3.14159	-63.8032	-0.545272	194.107	
6.6492	0.155198	0	18.7309	0.396777	227.742	
1.11906	0.0874053	3.14159	92.0881	0.364642	180.442	
3.48222	0.0667823	3.14159	15.6687	10.8821	181.368	
0.00923062	0.0970906	3.14159	-23.9528	293.47	-14.7117	
0.0187793	0.0970073	3.14159	44.3448	92.377	17.6094	
1.16831	0.107367	0	-81.5997	-5.93371	212.26	
3.04327	0.123729	0	73.8855	11.9777	185.554	
9.82923	0.18295	0	8.08477	3.50742	195.794	
11.5248	0.197746	0	-4.4258	-7.92716	185.576	
1.30396	0.0857917	3.14159	12.6434	9.27463	202.052	
2.33104	0.117514	0	-16.6072	-9.70927	225.389	
3.46667	0.127424	0	44.3755	3.45313	208.073	
6.12288	0.150605	0	-10.7518	7.61632	189.625	
13.5818	0.215697	0	-28.1894	-9.42314	239.174	
1.49962	0.110258	0	41.3151	25.8363	249.444	
0.0517915	0.0967192	3.14159	28.8788	10.3804	-20.3793	
2.57378	0.119632	0	-43.7806	-5.01316	136.225	
8.19422	0.168681	0	14.1517	-1.77663	202.247	
8.18417	0.168593	0	21.254	0.308564	163.316	
6.33174	0.152427	0	5.03384	0.297287	197.52	
6.41544	0.0411845	3.14159	-13.165	3.73282	164.025	
8.25189	0.169184	0	-6.20845	-6.55447	181.434	
1.40508	0.109433	0	19.9943	-12.1786	199.614	
9.35054	0.178772	0	-2.57229	0.577737	193.47	
1.9575	0.114254	0	29.9507	4.06214	175.417	
7.82378	0.165448	0	-2.36139	-15.2506	187.17	
0.287729	0.0946602	3.14159	134.36	40.8779	67.4524	
3.62392	0.128797	0	-59.3596	8.87025	161.884	
0.240873	0.0950691	3.14159	-157.41	-83.1384	65.7813	
2.73738	0.0732824	3.14159	52.4057	-1.14619	198.636	
22.7952	0.296102	0	11.6053	4.63843	215.894	
9.57689	0.180747	0	5.21138	-6.52402	198.032	
2.64198	0.120227	0	-15.1854	4.50427	201.707	
1.90411	0.0805543	3.14159	70.1742	17.9146	249.149	
1.79119	0.0815397	3.14159	40.9349	7.14298	214.874	
15.2013	0.229831	0	-19.7756	0.0852648	232.465	
9.33204	0.178611	0	-22.8303	-1.1152	228.613	
1.70559	0.112056	0	29.2114	-19.545	193.044	
0.213094	0.0953116	3.14159	-69.681	-23.6944	88.0714	
1.1946	0.107596	0	-60.2661	0.745686	203.663	
3.36896	0.126572	0	74.0934	25.6631	183.016	
1.74957	0.0819029	3.14159	-44.1271	-0.464174	190.302	
9.65607	0.181438	0	-9.06356	10.542	225.635	
1.2143	0.0865742	3.14159	-31.1339	-5.47669	199.859	
4.91851	0.140094	0	-11.0396	12.6784	183.672	
7.6186	0.163658	0	-9.39183	7.1077	201.354	
11.5359	0.197843	0	-14.6494	3.57249	251.397	
1.19119	0.0867758	3.14159	-32.2746	2.95258	243.925	
12.9397	0.210094	0	-17.1966	3.04199	260.065	
9.96913	0.18417	0	41.2092	7.26897	214.508	
1.38333	0.0850991	3.14159	-3.35363	-6.12595	227.785	
4.93948	0.054065	3.14159	-3.06284	-4.36879	209.748	
0.228546	0.0991657	0	218.078	90.4403	19.7064	
1.73073	0.0820674	3.14159	-84.5828	2.5246	211.079	
4.7357	0.138499	0	45.3942	1.66646	188.966	
13.4951	0.214941	0	53.7692	0.541727	232.541	
5.81755	0.14794	0	30.7667	-7.02497	210.747	
12.8275	0.209115	0	-1.69031	-9.01882	218.163	
0.0987531	0.098033	0	-55.5043	-29.4431	-1.05493	
2.02838	0.0794698	3.14159	-33.8423	8.14275	204.571	
1.54483	0.110653	0	32.3912	0.777117	189.404	
8.46762	0.171067	0	34.964	7.71299	197.651	
4.76798	0.0555617	3.14159	2.41327	2.84226	175.943	
9.40648	0.17926	0	-16.5233	-3.26961	195.733	
12.0285	0.202143	0	-24.7996	-8.93506	221.456	
7.86408	0.1658	0	-27.9403	17.5646	216.697	
3.70404	0.129496	0	0.531555	-8.44232	176.66	
11.441	0.197015	0	-13.1104	-3.36568	215.874	
13.819	0.217768	0	41.0639	-3.41542	211.299	
10.2959	0.187022	0	-35.4768	4.4774	208.239	
2.48331	0.0754997	3.14159	22.6733	15.0241	199.188	
10.7591	0.191064	0	47.3498	-0.793703	241.69	
5.26464	0.143115	0	7.9035	2.4763	185.095	
0.0304537	0.0969054	3.14159	-14.8626	78.5636	-21.113	
3.21031	0.125187	0	-4.64673	-0.945753	174.57	
11.9972	0.201869	0	0.950258	0.135018	203.187	
0.305901	0.0998408	0	67.3688	25.0154	76.4382	
5.04564	0.141204	0	-55.7979	-4.57649	193.423	
0.303774	0.0945202	3.14159	38.5516	-7.73224	28.2518	
0.00221914	0.0971518	3.14159	-5.97732	29.0249	5.38588	
4.0398	0.132426	0	73.5129	-3.79294	192.697	
2.37026	0.0764862	3.14159	1.5422	7.25838	178.854	
13.4347	0.214414	0	32.0274	6.05072	227.741	
2.57985	0.0746572	3.14159	25.2914	-0.154611	225.635	
1.26551	0.0861273	3.14159	-50.5273	-12.5835	201.499	
0.14257	0.0984154	0	-82.3487	-77.8406	56.4314	
13.4947	0.214938	0	19.1094	8.24752	254.189	
2.17804	0.0781637	3.14159	-3.61309	20.1956	221.061	
6.0922	0.150337	0	-15.1808	-10.8452	183.026	
3.60066	0.0657487	3.14159	33.9756	4.03092	200.684	
0.699169	0.0910696	3.14159	-38.9691	9.86539	210.424	
1.0101	0.0883562	3.14159	15.1041	-16.7508	240.819	
1.92645	0.113983	0	-36.0366	-6.88767	199.464	
3.34468	0.12636	0	35.2704	7.67929	234.07	
5.4483	0.0496246	3.14159	3.94747	-9.88771	199.749	
13.9058	0.218525	0	18.7242	-4.21817	204.594	
16.2922	0.239351	0	-31.4233	3.0955	203.125	
10.9422	0.192662	0	-27.324	-4.78354	200.954	
2.59095	0.119782	0	-3.17044	-15.0025	191.141	
2.24989	0.0775367	3.14159	22.4059	-6.57574	202.214	
8.21396	0.168853	0	-30.4348	-6.37769	242.095	
1.30609	0.108569	0	-7.6346	-2.94419	201.404	
6.77136	0.156264	0	15.378	15.1344	203.296	
0.767507	0.103869	0	-127.295	-25.1088	87.6541	
1.77251	0.0817027	3.14159	13.5061	-6.52974	191.625	
1.71805	0.112164	0	40.7393	1.39194	196.763	
2.85027	0.0722973	3.14159	18.1786	-4.12843	210.446	
10.6563	0.190168	0	5.3274	-4.63394	206.536	
8.54121	0.171709	0	-8.79563	5.02888	197.093	
0.154122	0.0985162	0	77.5007	54.735	-44.4744	
4.39323	0.13551	0	-33.1498	-0.524653	181.49	
0.282815	0.0996393	0	170.718	55.2096	79.0881	
6.65618	0.155259	0	-31.9925	9.74343	215.299	
0.298393	0.0945672	3.14159	13.8073	9.9297	106.664	
10.0629	0.184989	0	3.11686	-7.44218	214.425	
14.9232	0.227404	0	-33.5783	-6.7142	204.223	
12.9619	0.210288	0	19.9468	7.62957	229.341	
1.37826	0.109199	0	-9.43581	2.84613	242.085	
9.99654	0.18441	0	-5.83058	-8.54134	190.896	
2.50947	0.0752714	3.14159	10.0425	-0.384663	171.829	
1.10311	0.0875445	3.14159	-13.1906	1.58801	189.457	
7.28396	0.160737	0	15.2205	10.0022	208.501	
15.1176	0.2291	0	-0.478925	-4.3439	241.511	
7.96033	0.16664	0	-18.4822	6.56692	212.075	
5.28345	0.143279	0	68.8073	8.17833	194.575	
16.1802	0.238374	0	9.37297	1.10815	261.258	
4.08458	0.132817	0	-4.81329	-8.64653	200.993	
9.7377	0.182151	0	47.917	-4.24042	172.353	
2.31333	0.0769831	3.14159	63.6271	-0.779777	232.063	
2.73426	0.121033	0	34.1411	2.38634	227.465	
12.9511	0.210194	0	-25.8487	0.971056	207.808	
5.33613	0.143739	0	-3.52062	0.714122	187.803	
3.48483	0.0667595	3.14159	-44.7941	0.909705	176.323	
1.3716	0.0852015	3.14159	17.4091	-8.83667	233.566	
0.116204	0.0981853	0	85.5177	117.204	43.6295	
7.30691	0.160938	0	-17.3553	-3.06814	200.031	
11.5349	0.197835	0	58.1406	-2.89231	175.226	
0.247065	0.0993273	0	-232.307	-80.3979	75.2369	
9.72328	0.182025	0	-9.48374	-3.85005	208.838	
11.3701	0.196397	0	-7.34387	-5.32346	247.015	
2.52894	0.119241	0	29.4589	12.6979	189.861	
10.6099	0.189763	0	17.2397	-0.85083	216.002	
3.69279	0.0649447	3.14159	-59.1007	-3.81683	192.541	
1.27947	0.108337	0	13.9573	-2.98247	269.37	
2.14227	0.0784758	3.14159	-11.0135	0.989168	215.93	
4.82468	0.139276	0	27.1671	-8.0405	139.918	
3.85612	0.130823	0	2.8251	-5.16454	163.885	
0.050099	0.096734	3.14159	-41.4689	-69.5212	-42.1964	
8.12565	0.168083	0	11.535	-3.32186	231.127	
7.34154	0.16124	0	32.3071	-1.7538	199.004	
3.17959	0.124919	0	6.76571	1.98913	195.139	
13.5892	0.215762	0	-6.58105	-0.512255	233.379	
12.9053	0.209794	0	9.05226	-10.2256	200.002	
0.570402	0.0921934	3.14159	28.1913	7.62331	160.332	
0.569488	0.0922013	3.14159	-49.7497	2.45796	190.056	
3.93123	0.131479	0	21.5067	5.28957	198.988	
3.52363	0.127921	0	26.972	3.12285	169.323	
1.70175	0.112022	0	75.3223	-0.390293	193.131	
7.18655	0.159887	0	-25.2717	5.30924	240.845	
10.3581	0.187565	0	-28.7564	2.31588	212.318	
11.7102	0.199365	0	-3.34453	-0.682602	231.732	
2.85558	0.122091	0	50.7678	4.18455	195.265	
0.97989	0.105723	0	-72.6218	-30.6032	176.997	
1.73827	0.112341	0	2.647	6.84618	226.128	
0.491057	0.101457	0	0.930896	10.8464	207.569	
3.51082	0.0665328	3.14159	-44.0429	8.24301	183.458	
2.81742	0.0725839	3.14159	-37.9024	14.7981	189.849	
11.1406	0.194394	0	-5.05867	2.21468	209.555	
1.32113	0.0856419	3.14159	-84.9959	-4.87353	130.966	
5.31908	0.0507523	3.14159	2.68365	3.97327	173.102	
9.35432	0.178805	0	-5.50239	8.36365	220.952	
8.81504	0.174099	0	-5.95141	13.9041	189.023	
12.8402	0.209226	0	18.8942	-10.1768	223.518	
0.0668774	0.0965876	3.14159	-11.5401	7.8667	-21.9724	
13.4738	0.214755	0	-11.2701	-7.36864	211.138	
6.93039	0.157652	0	31.8625	7.80142	208.6	
0.442031	0.0933137	3.14159	50.0157	19.7088	49.6442	
3.97511	0.0624809	3.14159	40.2199	11.5873	168.177	
6.1658	0.150979	0	26.0444	-11.0125	172.63	
2.22419	0.116581	0	20.983	-6.39337	185.425	
9.54661	0.180483	0	2.01537	0.390184	202.834	
10.3002	0.18706	0	-23.559	-2.926	212.656	
2.40814	0.0761557	3.14159	-20.5888	6.5369	213.351	
15.7919	0.234985	0	9.68034	-1.60856	209.186	
2.344	0.117627	0	26.9282	-5.5987	198.342	
1.44545	0.109785	0	-71.077	-15.845	169.311	
14.3799	0.222663	0	3.69847	6.29365	223.544	
10.9629	0.192843	0	-7.21084	-3.32063	202.101	
1.40076	0.084947	3.14159	-70.3075	-7.29413	153.407	
7.16805	0.159726	0	-8.70085	10.777	189.94	
8.9446	0.17523	0	-21.8732	-13.4257	209.774	
6.71071	0.155735	0	5.00208	-3.08871	213.299	
1.30395	0.108551	0	-143.577	14.7892	204.43	
1.21003	0.107731	0	-76.0822	20.9168	176.125	
8.08656	0.167742	0	-39.3354	10.0107	171.135	
1.29873	0.108505	0	-84.7102	-9.27556	200.145	
0.0792046	0.09648	3.14159	73.8182	96.1106	59.3477	
6.9826	0.158107	0	-27.6792	9.11913	179.583	
12.2529	0.2041	0	-12.6652	-11.5915	244.8	
5.5083	0.145241	0	-1.20712	7.10329	206.137	
21.9897	0.289073	0	-8.28681	0.721969	232.932	
8.34061	0.169959	0	52.0371	-7.5913	242.559	
8.28054	0.169434	0	12.7257	5.48766	207.901	
11.9456	0.201419	0	-4.1047	-0.828927	220.679	
6.60848	0.154843	0	14.5931	4.05406	181.095	
15.0088	0.228151	0	2.54358	0.29179	222.538	
0.358581	0.0940419	3.14159	-122.158	-26.9999	138.872	
3.82631	0.0637795	3.14159	5.93671	0.103178	194.391	
0.526198	0.0925791	3.14159	72.0852	13.1576	169.247	
8.35586	0.170092	0	-0.712693	-9.74882	194.417	
3.10204	0.124242	0	-38.1775	16.8999	172.566	
6.01921	0.1497	0	27.6519	-6.82284	202.114	
3.57024	0.128328	0	2.09143	-9.16172	235.203	
15.3645	0.231255	0	8.20796	1.35846	249.824	
14.574	0.224357	0	-11.5473	0.806771	243.791	
13.4921	0.214915	0	2.41913	1.96014	261.075	
10.3274	0.187297	0	8.92777	3.51737	208.692	
6.48893	0.153799	0	29.7106	-7.92553	170.773	
2.68672	0.0737245	3.14159	13.5705	-11.7007	220.833	
4.22053	0.0603392	3.14159	-22.2442	-7.7996	143.811	
9.85208	0.183149	0	47.883	0.237449	196.256	
3.88408	0.0632753	3.14159	-18.997	-15.8256	186.409	
13.8871	0.218362	0	23.2854	10.7963	234.352	
12.5504	0.206697	0	-14.4132	-12.7596	234.185	
5.05029	0.141244	0	4.9612	10.273	225.816	
7.11556	0.159268	0	-12.2946	-1.21344	194.442	
11.6376	0.198731	0	-33.5123	1.72029	190.243	
7.3133	0.160993	0	36.9462	15.8546	203.686	
1.45031	0.0845145	3.14159	22.3552	19.8496	167.02	
14.8465	0.226735	0	10.776	-2.93624	242.766	
7.61924	0.163663	0	13.9457	-17.0012	219.908	
1.85572	0.0809765	3.14159	-2.01146	8.98934	152.436	
5.0301	0.141068	0	-11.0296	-15.3885	209.808	
6.19476	0.151232	0	-44.4428	3.54697	174.814	
5.8833	0.148514	0	-23.4224	-6.16017	197.451	
12.5214	0.206444	0	18.0535	8.42078	237.106	
11.6923	0.199208	0	-16.4953	0.500832	230.17	
7.23206	0.160284	0	3.36569	-13.2781	217.009	
18.0259	0.254481	0	27.9266	-0.12507	244.227	
1.99252	0.0797828	3.14159	41.1885	12.2947	216.427	
1.31658	0.0856816	3.14159	-99.078	-9.84526	178.146	
2.37103	0.0764795	3.14159	4.29948	17.3778	237.013	
1.17247	0.0869392	3.14159	-6.93452	14.0298	257.641	
3.75166	0.129911	0	-9.63756	3.47477	225.891	
0.847488	0.104567	0	44.0438	3.74734	252.548	
0.116615	0.0981889	0	53.974	70.4662	19.4877	
1.94101	0.0802323	3.14159	-27.4824	0.0164595	192.574	
2.30568	0.0770498	3.14159	-10.1877	-6.95758	184.755	
6.29932	0.152145	0	5.04469	8.62503	173.678	
0.517166	0.101684	0	-7.02871	3.49061	-2.49999	
0.113761	0.0961784	3.14159	-88.359	-50.5651	57.0484	
5.6174	0.0481489	3.14159	39.5512	-3.14728	200.981	
2.07139	0.115248	0	-24.1987	-0.413318	145.3	
0.963486	0.088763	3.14159	-28.9912	24.5799	193.587	
3.81037	0.0639186	3.14159	-15.4993	-8.87191	212.782	
22.4102	0.292742	0	16.6313	-3.1581	237.202	
2.30419	0.11728	0	3.00632	1.88652	213.799	
5.30479	0.050877	3.14159	31.6173	-0.513127	163.153	
8.66184	0.172762	0	-26.2595	9.79846	218.623	
5.86277	0.148335	0	30.7326	5.2825	174.92	
1.70051	0.0823311	3.14159	14.6574	-2.52392	250.018	
8.58541	0.172095	0	-35.1457	9.23319	192.081	
6.59242	0.154702	0	26.811	9.44959	176.188	
5.10949	0.0525813	3.14159	-34.8477	-6.54021	188.586	
13.388	0.214007	0	6.30148	-4.09706	227.407	
4.33858	0.135033	0	-0.161012	-1.93235	150.688	
0.0477157	0.0967548	3.14159	-46.8908	-158.008	-4.2226	
1.57915	0.110952	0	32.947	1.18747	194.095	
3.55737	0.0661265	3.14159	-19.9152	2.95472	183.55	
2.08817	0.115394	0	48.3245	7.13566	174.72	
5.67169	0.146667	0	-12.3831	7.3147	181.037	
3.24074	0.0688897	3.14159	-16.9313	-10.144	214.888	
9.44657	0.17961	0	19.1169	-3.94171	179.543	
3.23356	0.12539	0	-54.6817	-8.09704	191.064	
7.48962	0.162532	0	-17.4463	-0.799908	177.488	
1.60233	0.0831879	3.14159	-46.8952	15.6728	177.185	
4.23819	0.134157	0	16.3428	8.77229	129.961	
11.968	0.201614	0	-4.41798	-5.76555	224.023	
8.70026	0.173097	0	14.4049	-1.17472	202.718	
8.96246	0.175385	0	31.3981	-2.13023	226.452	
11.8094	0.20023	0	29.124	3.28939	198.233	
13.5965	0.215826	0	38.1842	2.93881	224.485	
4.10499	0.132995	0	-5.92691	12.4561	173.767	
5.64323	0.146419	0	35.5039	4.16706	155.032	
3.48933	0.0667203	3.14159	6.65741	15.3551	184.967	
6.10407	0.150441	0	2.74049	-8.7742	225.747	
10.8909	0.192215	0	0.464298	-6.97502	218.621	
2.93525	0.0715557	3.14159	-68.7154	2.66465	140.766	
0.181361	0.0955885	3.14159	-41.0438	2.12892	5.5102	
4.12282	0.13315	0	29.238	13.1711	173.417	
0.0584557	0.0966611	3.14159	-35.4845	-1.3017	-38.2592	
14.3195	0.222135	0	-16.1868	0.29221	236.309	
8.04359	0.167367	0	-12.2578	3.06804	202.977	
8.44215	0.170845	0	-29.8395	7.25115	194.11	
8.09251	0.167793	0	32.3468	5.06411	200.34	
7.0062	0.158313	0	-50.7313	11.5388	191.046	
0.244438	0.095038	3.14159	-63.8456	-47.6979	65.7474	
8.40641	0.170533	0	5.85535	-1.96772	206.127	
2.42587	0.0760009	3.14159	-16.4214	-2.64236	183.38	
11.1787	0.194726	0	36.785	-9.65632	235.015	
1.86549	0.0808913	3.14159	-10.9676	2.07974	242.316	
6.4453	0.153419	0	6.78971	-1.10802	224.735	
11.1026	0.194062	0	-5.93097	-2.93114	197.758	
7.67492	0.164149	0	-0.280162	-12.7638	197.754	
1.93174	0.114029	0	-73.5735	-5.33702	190.223	
4.06911	0.132682	0	-10.0846	-0.0127336	147.922	
5.81303	0.147901	0	-21.6456	-5.82668	183.695	
12.1174	0.202918	0	-20.1497	-1.0467	182.607	
0.21403	0.099039	0	-105.766	-17.8745	36.9312	
19.4066	0.26653	0	-29.0743	3.71236	262.627	
12.5138	0.206378	0	-17.1136	-0.41607	247.136	
5.90311	0.148687	0	51.4622	-15.8677	200.64	
7.08968	0.159042	0	2.13389	-5.61133	198.373	
8.39424	0.170427	0	9.61236	-3.98024	147.732	
4.09176	0.132879	0	-2.56019	9.07138	206.647	
3.84151	0.0636469	3.14159	-11.6508	-10.9183	197.276	
6.58887	0.154671	0	8.79591	18.5412	153.626	
8.32699	0.16984	0	0.278579	-1.1067	187.625	
17.1384	0.246736	0	-61.1527	-9.22854	254.684	
5.54661	0.145576	0	27.581	6.29717	224.348	
11.0533	0.193632	0	3.36151	6.22773	203.882	
0.300083	0.09979	0	-273.743	-81.3154	71.4523	
0.310696	0.0998826	0	-202.45	-51.6887	30.4893	
8.51528	0.171483	0	6.57999	2.25547	181.947	
3.71275	0.0647705	3.14159	-12.8392	9.96879	177.528	
0.774544	0.103931	0	49.8055	6.90946	262.242	
2.78093	0.12144	0	-24.1071	-9.15323	220.667	
2.72322	0.073406	3.14159	36.1629	1.95381	228.169	
3.76484	0.130026	0	30.7934	-5.20755	158.825	
10.4779	0.188611	0	9.24433	-5.65717	227.345	
12.5163	0.206399	0	-27.807	-4.40997	234.664	
0.496776	0.0928359	3.14159	31.8855	8.82948	126.796	
15.01	0.228161	0	-3.9834	1.84943	218.985	
9.9141	0.18369	0	34.643	-1.69026	253.639	
12.4688	0.205985	0	-11.6214	-1.49149	219.184	
3.58591	0.128465	0	16.9923	9.10745	168.456	
5.66467	0.146606	0	-3.94552	2.4657	211.178	
11.3015	0.195798	0	-0.498678	9.81456	208.732	
5.04563	0.141204	0	7.63324	-2.10751	207.099	
0.00184743	0.0971873	0	-4.13829	-13.409	13.0169	
5.32597	0.0506922	3.14159	-19.2484	3.67205	187.04	
9.93684	0.183889	0	48.6979	12.1789	225.531	
11.7624	0.19982	0	33.7676	4.16841	233.134	
7.51744	0.162775	0	23.1359	-2.69516	211.861	
9.18564	0.177333	0	53.0329	0.436764	183.54	
6.95364	0.157855	0	-32.6452	-10.2736	173.913	
4.78792	0.138955	0	-45.8537	7.11637	187.747	
8.24725	0.169144	0	-1.64982	3.16587	219.446	
1.82772	0.0812209	3.14159	13.9834	-9.88297	214.337	
3.95812	0.131713	0	24.535	10.4279	216.554	
6.03597	0.149846	0	-13.4148	-2.40474	206.381	
3.84199	0.1307	0	72.4501	-4.79734	191.612	
9.59045	0.180866	0	3.10904	5.72098	190.427	
3.74385	0.129843	0	52.478	8.27825	210.459	
8.6985	0.173082	0	-22.7516	-13.9357	183.651	
12.0502	0.202331	0	11.4867	-5.79699	212.383	
7.20396	0.160039	0	-30.5492	-10.3292	201.638	
8.20765	0.168798	0	-20.2136	-3.38171	210.231	
0.855863	0.0897022	3.14159	74.1833	-7.25621	125.438	
2.92605	0.071636	3.14159	7.02163	1.60358	190.572	
1.46878	0.0843533	3.14159	17.3143	1.72819	224.287	
2.03444	0.114926	0	-65.3102	9.07251	173.092	
6.68419	0.155503	0	-14.7928	-2.82442	205.28	
10.2419	0.186551	0	-10.939	-5.0212	253.615	
14.0944	0.220171	0	4.11585	3.74891	216.914	
6.36051	0.152678	0	23.6139	5.43935	232.373	
7.02529	0.15848	0	-16.5806	-12.2606	200.506	
6.61362	0.154887	0	23.9414	2.39033	149.45	
1.92098	0.0804071	3.14159	-95.4675	1.52569	175.321	
2.84077	0.121962	0	-11.6414	9.643	204.834	
10.1755	0.185971	0	-13.0519	-0.360755	217.295	
3.62286	0.128787	0	-16.9481	-4.52289	198.074	
7.45613	0.16224	0	24.0217	-6.45505	191.637	
0.825382	0.104374	0	42.7958	-6.13055	121.381	
8.86802	0.174561	0	17.9216	13.7848	180.848	
22.1987	0.290897	0	34.2597	0.788077	261.941	
9.25952	0.177978	0	8.95132	-4.49653	205.44	
17.8735	0.253151	0	8.10038	-8.33095	212.504	
2.13341	0.0785532	3.14159	-27.7114	-9.84475	231.032	
12.8084	0.208948	0	4.55507	-1.46355	210.986	
1.70165	0.0823211	3.14159	-23.0223	-13.0469	210.281	
3.06568	0.123925	0	-27.7922	0.978806	160.596	
2.08162	0.115337	0	-53.0971	-0.875631	193.198	
4.50542	0.136489	0	-16.5119	6.46459	193.71	
3.45118	0.0670532	3.14159	22.8467	0.11731	168.239	
5.76697	0.147499	0	29.9048	-2.60552	194.603	
0.864752	0.0896246	3.14159	69.9508	5.64635	85.0428	
7.82948	0.165498	0	29.5095	-7.05899	203.794	
1.67289	0.11177	0	48.5191	-3.81439	209.088	
4.39093	0.0588521	3.14159	55.3666	7.43509	210.211	
3.43487	0.127147	0	-23.1214	7.97943	187.035	
0.209762	0.0953406	3.14159	103.498	48.082	73.0976	
2.00363	0.0796857	3.14159	7.31798	12.6595	120.773	
0.659865	0.10293	0	-18.6441	-11.9501	219.903	
1.01735	0.0882929	3.14159	-67.9303	12.8358	189.564	
0.447737	0.101079	0	-115.507	-27.8338	79.3913	
5.29807	0.0509356	3.14159	-2.5505	4.65324	194.515	
7.06843	0.158856	0	-35.665	6.33965	198.903	
0.290619	0.0997074	0	6.39839	7.38262	62.2463	
14.8729	0.226965	0	-5.46907	6.77955	235.356	
4.24624	0.0601148	3.14159	54.8549	-5.10805	215.626	
1.2127	0.0865882	3.14159	46.7039	12.9161	277.715	
11.0008	0.193174	0	27.5174	13.2097	210.411	
0.258028	0.0949194	3.14159	96.3295	45.0576	64.2745	
6.40234	0.153044	0	-6.90545	-12.3214	184.813	
13.0136	0.210739	0	5.98853	-0.824735	222.65	
8.54201	0.171716	0	-6.97217	-6.27588	205.103	
16.0548	0.237279	0	-6.20008	-6.12865	223.536	
3.57117	0.128336	0	-21.9109	3.48369	147.589	
8.59595	0.172187	0	-19.0168	2.30506	197.402	
0.305696	0.0945034	3.14159	71.2702	27.5298	32.2265	
2.034	0.0794207	3.14159	35.4608	-11.7333	223.276	
2.85916	0.122123	0	11.826	17.5351	166.998	
10.127	0.185548	0	-46.3114	7.59274	233.864	
11.0231	0.193368	0	-52.8438	-5.5636	200.576	
10.6071	0.189738	0	-8.04117	-9.99521	205.552	
8.86109	0.174501	0	13.746	-8.14827	197.018	
1.94319	0.0802132	3.14159	-17.8142	-10.8948	143.422	
1.2925	0.0858918	3.14159	-2.40402	-8.811	167.487	
1.20857	0.107718	0	8.12088	-10.5152	185.999	
7.08782	0.159026	0	16.2776	16.8753	184.755	
13.4447	0.214502	0	-18.6953	-1.14392	235.46	
5.50745	0.0491084	3.14159	-57.9	-4.65005	175.78	
15.2319	0.230098	0	24.6389	9.4436	234.913	
1.1468	0.0871632	3.14159	2.67425	20.4106	168.618	
3.45431	0.127316	0	15.4902	-1.93407	209.276	
3.91127	0.131304	0	35.6573	5.6601	210.295	
12.7148	0.208132	0	3.54622	-3.24657	253.537	
12.1526	0.203225	0	-3.42571	4.52935	244.015	
8.04659	0.167393	0	-13.9977	7.56914	198.787	
3.8204	0.130511	0	-9.89416	-8.53743	180.157	
4.08727	0.13284	0	-9.01978	14.9208	143.452	
5.61281	0.146153	0	-1.77521	1.2507	184.573	
7.13456	0.159434	0	19.9699	14.4135	192.876	
0.692158	0.103212	0	-129.181	-14.4628	94.2377	
1.52317	0.110464	0	-45.5024	0.250412	209.981	
0.119235	0.0961307	3.14159	61.7785	5.25666	50.3769	
5.52479	0.145385	0	58.1359	1.02055	202.983	
0.393228	0.100603	0	-41.2859	-20.515	29.0805	
4.96697	0.140517	0	1.08485	0.597319	207.776	
2.01163	0.114726	0	39.4294	-6.10977	174.867	
0.639903	0.0915868	3.14159	-165.048	-24.4795	169.495	
1.03302	0.106186	0	-47.4845	4.58132	160.918	
7.28492	0.160746	0	16.5569	3.8583	170.897	
9.11329	0.176702	0	16.2628	-2.83211	214.023	
15.2726	0.230453	0	-0.0684564	5.04475	250.341	
9.20878	0.177535	0	18.5587	3.71363	203.918	
2.21089	0.0778771	3.14159	-44.7545	-2.86633	177.926	
8.39012	0.170391	0	-29.2524	-10.0116	178.747	
11.4251	0.196877	0	25.4915	-9.3658	209.533	
4.55427	0.136916	0	36.406	9.80299	168.639	
5.99267	0.149468	0	39.9632	-4.92413	216.557	
1.28103	0.108351	0	-78.0341	-12.3943	169.343	
10.1921	0.186116	0	-4.90855	-7.32496	205.83	
9.25862	0.17797	0	-24.459	-9.68203	193.954	
9.57837	0.18076	0	21.4969	0.338031	228.457	
11.6347	0.198706	0	-17.3665	-0.11481	240.172	
6.6551	0.155249	0	27.1296	-1.10933	177.367	
0.18875	0.095524	3.14159	-84.6707	-48.2526	53.9188	
11.0259	0.193393	0	-28.1028	9.19244	246.69	
1.2357	0.0863874	3.14159	85.2628	5.74253	203.121	
5.15945	0.142197	0	20.6829	-6.86909	209.792	
0.5522	0.10199	0	-85.0609	-25.6733	180.978	
4.27837	0.0598345	3.14159	28.1605	12.2431	174.237	
3.17603	0.124888	0	77.2209	6.49528	166.332	
2.39448	0.0762749	3.14159	37.2812	0.511393	141.632	
2.18772	0.0780792	3.14159	-41.669	-3.88437	194.523	
1.16322	0.0870199	3.14159	-26.1877	-0.785742	150.697	
8.77988	0.173792	0	4.74768	7.76505	173.88	
9.00272	0.175737	0	-29.6856	-1.32253	169.772	
1.60854	0.111209	0	-81.4144	-9.45133	177.367	
3.02535	0.123573	0	-58.6426	2.22053	219.907	
10.3776	0.187735	0	-35.3983	3.15544	222.245	
7.24901	0.160432	0	24.3851	-6.18339	190.342	
11.4137	0.196777	0	-14.6737	2.35659	225.38	
17.7093	0.251718	0	-7.81004	-3.28597	248.842	
11.6929	0.199213	0	20.4717	7.30252	221.69	
9.31342	0.178448	0	-22.711	-6.56059	148.837	
4.06694	0.0616795	3.14159	-38.3766	11.3879	191.494	
0.231426	0.0991908	0	-99.8499	-66.6345	0.123319	
3.01844	0.123513	0	-38.393	0.387122	190.156	
6.49292	0.153834	0	-15.3717	-7.83019	203.811	
4.86431	0.054721	3.14159	65.8763	-2.2824	206.926	
9.36968	0.178939	0	5.19522	-1.34009	201.96	
3.88063	0.131037	0	5.64964	3.96674	218.045	
1.62022	0.0830318	3.14159	26.1376	16.5691	196.776	
5.82535	0.0463341	3.14159	-8.43885	-4.93339	160.846	
0.178359	0.0956147	3.14159	-48.0784	-15.2487	90.4415	
11.1902	0.194827	0	-2.99358	-14.146	213.036	
6.52136	0.154082	0	-53.5067	-5.80127	183.686	
6.23566	0.151589	0	20.6203	-3.31152	198.424	
5.51206	0.0490682	3.14159	-11.386	4.27085	175.565	
0.054295	0.0966974	3.14159	22.8278	12.6	-10.851	
10.4718	0.188557	0	3.23672	0.400789	214.557	
2.15786	0.116003	0	29.0653	20.4467	198.57	
17.4581	0.249526	0	-10.0068	6.20031	196.694	
8.24081	0.169088	0	-23.1037	4.45045	199.146	
7.52513	0.162842	0	2.01517	-10.303	204.368	
2.05332	0.0792522	3.14159	32.6583	27.1277	202.111	
0.12729	0.098282	0	24.2056	19.7344	-1.52144	
2.01696	0.114773	0	22.281	-8.84016	204.7	
0.581713	0.102248	0	-93.8606	-9.83205	179.847	
0.0333459	0.0968802	3.14159	63.456	141.965	-12.9589	
1.51447	0.0839546	3.14159	29.0262	-3.78732	165.413	
1.89187	0.113681	0	16.3531	-0.344028	132.248	
8.09558	0.16782	0	21.5156	-13.1566	194.677	
0.434014	0.100959	0	19.9612	25.5475	167.534	
2.62532	0.120082	0	-23.9458	11.7399	222.787	
3.41715	0.0673502	3.14159	-34.7716	2.83259	167.253	
14.5285	0.223959	0	31.4417	1.55646	225.023	
1.89971	0.11375	0	45.5212	11.108	188.857	
3.79269	0.0640729	3.14159	10.4016	4.98289	168.155	
3.50463	0.127756	0	8.77655	-1.38317	207.074	
13.2717	0.212992	0	-25.3738	1.21008	209.984	
5.84625	0.148191	0	47.2335	-2.11182	202.44	
0.797965	0.104135	0	41.3345	22.9492	223.724	
7.12051	0.159311	0	27.3864	20.1246	222.491	
0.901902	0.0893004	3.14159	-58.1347	-6.31888	141.208	
7.07004	0.158871	0	24.093	-11.4566	187.878	
0.786073	0.104031	0	-34.0772	-5.19118	231.503	
0.345661	0.100188	0	60.0167	11.456	122.175	
10.3971	0.187905	0	-15.5037	2.24227	231.619	
4.58903	0.137219	0	-23.0813	3.82161	154.567	
2.19678	0.116342	0	39.6861	9.9936	208.091	
9.77826	0.182505	0	32.0703	-0.551071	230.262	
3.90317	0.131234	0	13.1089	-5.43134	206.152	
3.80318	0.130361	0	10.9387	12.4018	183.866	
4.89609	0.0544437	3.14159	44.5555	1.78655	175.997	
1.24538	0.086303	3.14159	101.75	-10.8681	240.973	
8.62501	0.172441	0	10.554	-5.93859	194.363	
2.60776	0.119929	0	-27.3201	1.64394	212.45	
2.2067	0.116429	0	-46.3702	-0.553691	149.712	
0.202383	0.0989374	0	-6.97853	11.9061	77.8525	
2.1528	0.078384	3.14159	20.0033	-7.50056	212.714	
1.09268	0.0876355	3.14159	-107.844	-4.59431	183.161	
13.627	0.216092	0	13.705	1.1751	243.553	
0.775612	0.10394	0	-36.0814	2.39747	128.604	
1.65641	0.0827159	3.14159	78.1806	2.43045	197.668	
6.5207	0.154076	0	-14.6665	-11.7628	204.046	
11.8619	0.200689	0	14.8116	1.02488	234.415	
13.7432	0.217107	0	41.7679	-1.93715	235.71	
1.97908	0.114442	0	-2.7903	8.75508	217.658	
2.71751	0.120887	0	70.882	6.73483	170.769	
2.36374	0.117799	0	-43.2304	-5.49359	196.746	
6.14115	0.0435782	3.14159	5.56149	-3.74245	226.341	
10.521	0.188987	0	-9.32335	15.2792	233.021	
4.50765	0.136509	0	-44.6127	4.31406	208.073	
0.241738	0.0992808	0	35.1686	-2.67193	55.9708	
6.42266	0.0411215	3.14159	-47.8887	2.81234	230.627	
3.51748	0.0664746	3.14159	-12.3001	-2.21105	166.376	
10.5473	0.189216	0	12.0796	-4.05794	221.276	
13.0675	0.211209	0	8.93956	5.74523	200.265	
10.7465	0.190954	0	36.8419	0.406727	192.936	
14.0033	0.219376	0	-2.88476	4.90523	212.233	
12.0366	0.202213	0	-25.1057	4.2043	241.345	
13.6873	0.216619	0	-5.99924	1.96732	238.469	
0.180253	0.0987442	0	114.694	56.1141	-3.91901	
5.21703	0.1427	0	29.9743	-2.18974	179.343	
5.52644	0.1454	0	-48.0153	4.40995	153.474	
1.4365	0.084635	3.14159	52.5222	11.6554	207.702	
3.25086	0.125541	0	-1.09558	14.9795	219.318	
2.617	0.120009	0	8.71152	16.8932	194.304	
16.5139	0.241286	0	24.0031	2.56314	223.3	
11.2805	0.195614	0	22.0813	-6.30941	237.1	
5.13854	0.142015	0	-45.4355	-7.10454	208.831	
11.1885	0.194811	0	-31.1549	5.12735	179.938	
6.35768	0.152654	0	-72.8907	-1.32727	193.816	
6.32933	0.0419359	3.14159	-13.0908	-5.07309	205.338	
25.0843	0.316079	0	15.1035	2.63831	238.813	
3.68187	0.06504	3.14159	40.4742	-6.408	158.341	
10.9908	0.193087	0	22.8753	1.66021	249.529	
17.5509	0.250335	0	-22.789	3.19775	211.911	
8.30432	0.169642	0	-23.6916	1.3483	217.8	
10.0822	0.185157	0	14.3426	-1.91149	243.008	
7.02357	0.158465	0	-10.9	8.91572	162.323	
4.64624	0.0566241	3.14159	35.9639	4.00965	175.171	
7.73984	0.164716	0	43.8124	-3.86779	223.831	
10.9449	0.192686	0	20.995	3.0556	227.199	
5.74382	0.147297	0	41.3032	9.97741	217.422	
0.890324	0.0894015	3.14159	63.9151	12.9718	204.068	
7.90759	0.16618	0	17.5065	2.28271	180.392	
3.00776	0.0709228	3.14159	-15.1175	-13.2349	211.93	
9.52296	0.180277	0	4.19739	8.50589	218.335	
5.88025	0.148487	0	31.0622	0.488827	164.084	
0.779012	0.10397	0	33.1349	-1.46961	144.028	
14.5005	0.223715	0	26.5428	-2.85165	205.875	
2.60711	0.119923	0	-10.0604	-0.355911	168.424	
1.86679	0.113462	0	4.68241	-13.2951	209.227	
2.19971	0.116368	0	46.5024	-4.45891	231.664	
4.34128	0.135057	0	13.7112	0.313581	170.904	
3.32341	0.0681682	3.14159	-5.13652	0.811262	198.148	
5.04509	0.141199	0	9.57169	-8.67443	190.764	
1.94135	0.0802293	3.14159	-5.99462	12.8457	207.319	
4.80604	0.139113	0	-1.37729	5.32412	147.816	
15.2814	0.23053	0	-4.16851	4.50557	213.531	
0.830876	0.0899203	3.14159	48.022	-6.16531	225.618	
5.44076	0.144652	0	-64.7045	-2.99007	147.739	
14.9868	0.227959	0	-4.19892	1.69121	229.819	
3.53886	0.128054	0	17.2281	-8.27433	194.214	
2.80319	0.121634	0	23.8583	6.13062	169.626	
0.303814	0.0945199	3.14159	-34.3092	2.66627	91.9598	
17.889	0.253286	0	-25.4628	2.95537	254.107	
6.18316	0.151131	0	-44.9369	-8.2973	215.551	
14.5834	0.224439	0	-15.3351	3.14192	227.3	
6.6705	0.155384	0	31.9596	-3.86328	225.363	
10.7186	0.190711	0	3.05081	5.34561	197.995	
13.1468	0.211902	0	40.1943	-8.23367	225.025	
3.5246	0.0664125	3.14159	-1.60983	-3.5337	210.679	
2.91198	0.0717588	3.14159	28.5445	0.953928	218.529	
6.49794	0.153878	0	21.2023	4.24717	171.562	
8.31347	0.169722	0	29.2496	2.73799	198.735	
10.7793	0.19124	0	3.70013	3.68397	250.244	
9.86672	0.183277	0	-39.9147	-7.81622	188.021	
8.49184	0.171278	0	-21.6803	0.347057	189.777	
3.85638	0.063517	3.14159	-14.5792	-14.333	154.92	
1.01496	0.106029	0	9.93944	13.7109	253.179	
2.05776	0.115129	0	-9.44229	-16.2871	143.748	
10.0421	0.184807	0	-0.735486	5.18707	206.485	
7.27858	0.16069	0	-20.1881	3.82039	224.94	
10.9686	0.192893	0	29.8209	5.20284	181.619	
0.42772	0.0934385	3.14159	-55.3842	-12.2609	120.136	
5.08107	0.141513	0	-0.0121731	-2.9809	174.265	
1.94463	0.114142	0	-43.4399	9.89728	200.484	
15.7637	0.234739	0	13.9533	-3.27699	209.666	
0.270713	0.0948087	3.14159	-13.2793	15.8432	37.6123	
0.361774	0.100328	0	146.257	25.9989	36.2155	
5.20302	0.142577	0	6.07618	-1.32326	195.15	
2.68982	0.0736975	3.14159	41.32	19.4804	185.807	
15.8555	0.23554	0	-42.8072	-12.798	236.357	
3.34547	0.0679757	3.14159	70.7547	14.486	232.92	
0.0842446	0.096436	3.14159	-50.7099	-59.8759	-19.5387	
4.83236	0.139343	0	-16.2985	-3.93892	238.689	
9.29013	0.178245	0	12.0116	-9.93719	181.085	
3.05267	0.123811	0	-43.4609	-2.17031	142.08	
8.07656	0.167654	0	-19.5615	-3.64216	224.145	
4.67739	0.13799	0	-1.5463	6.92093	151.722	
0.901045	0.0893079	3.14159	106.121	-3.8321	182.248	
3.89624	0.0631692	3.14159	-7.46608	-6.36081	197.689	
4.50402	0.136477	0	19.3567	2.13416	188.135	
0.125762	0.0960737	3.14159	-73.1274	-39.3404	50.7647	
21.6561	0.286161	0	-45.2702	0.451954	257.855	
5.59568	0.146004	0	1.71112	5.40994	181.328	
1.10688	0.106831	0	-88.1343	-2.45563	225.256	
14.799	0.22632	0	2.68278	13.576	266.686	
10.7041	0.190585	0	19.3586	6.24345	221.22	
1.80079	0.0814559	3.14159	-53.987	-3.51897	152.399	
3.74301	0.0645065	3.14159	14.7413	8.29296	152.292	
5.97077	0.0450651	3.14159	37.7492	3.83174	175.025	
0.314231	0.0999135	0	-120.856	-56.5964	108.421	
1.72374	0.112214	0	37.4976	-10.2254	197.286	
4.88632	0.139813	0	0.801397	-4.86084	187.726	
3.72039	0.0647038	3.14159	-5.0847	-3.76893	190.254	
1.4406	0.0845993	3.14159	-55.4914	-6.27363	197.458	
6.61934	0.154937	0	-9.74182	2.96661	207.502	
1.06678	0.0878615	3.14159	-85.4682	-1.65273	225.739	
22.2415	0.291269	0	-2.87818	-0.62014	246.235	
5.54307	0.145545	0	11.9198	-3.1268	195.603	
2.13348	0.11579	0	81.3641	10.6477	215.721	
2.26016	0.0774471	3.14159	58.0221	4.09855	184.31	
1.17845	0.107455	0	39.4926	0.532141	223.169	
9.6719	0.181577	0	2.15887	2.72954	229.01	
0.248945	0.0949987	3.14159	1.5585	11.7455	36.0915	
1.52595	0.0838544	3.14159	6.13651	18.7003	222.296	
2.73943	0.121078	0	26.5396	-17.5228	172.158	
1.92754	0.113993	0	-12.9168	-7.80706	108.302	
6.18247	0.151125	0	4.7812	-2.05377	142.168	
11.3716	0.19641	0	-23.4613	3.04592	198.007	
5.01072	0.140899	0	74.4307	-5.74925	164.569	
1.20143	0.0866865	3.14159	-105.795	7.48391	278.943	
2.55936	0.074836	3.14159	27.033	-4.6691	194.301	
2.15259	0.0783859	3.14159	-15.5966	2.0213	229.671	
6.33717	0.152475	0	-27.5188	4.10873	237.641	
7.51019	0.162712	0	0.754203	-14.496	220.865	
11.9798	0.201718	0	50.2511	4.66189	235.264	
0.49743	0.101512	0	-103.651	-29.0664	53.4193	
0.277435	0.0995923	0	35.0071	5.89267	-31.2506	
2.02973	0.114884	0	51.4357	24.9383	197.388	
3.11481	0.0699886	3.14159	-6.15786	2.66349	193.179	
0.513433	0.0926905	3.14159	-69.4323	-16.3776	195.025	
0.188012	0.098812	0	7.71168	-24.4818	-14.4213	
4.74988	0.138623	0	38.7614	11.6032	165.107	
12.2971	0.204486	0	-51.646	-8.66921	218.646	
4.31872	0.13486	0	66.0656	-0.682722	179.511	
1.59031	0.11105	0	90.2152	-6.64666	209.568	
0.884693	0.104892	0	-88.6384	-14.5801	105.476	
1.31025	0.108606	0	29.8211	1.98221	183.574	
1.33492	0.108821	0	42.8716	9.64228	205.496	
7.22326	0.160208	0	-7.24289	1.38717	190.816	
0.330404	0.100055	0	131.358	43.1283	69.2471	
6.50266	0.153919	0	-21.9135	-1.06221	159.342	
3.56727	0.0660401	3.14159	-11.0148	-2.82585	180.078	
4.90583	0.139984	0	-57.4965	7.61806	203.455	
2.04637	0.0793128	3.14159	-41.8762	-0.113859	216.417	
3.2635	0.0686911	3.14159	-35.3845	0.21152	186.846	
3.28498	0.125839	0	60.9202	1.76477	177.422	
1.13989	0.107119	0	-12.9782	12.0414	277.071	
2.76831	0.12133	0	41.5096	13.5052	173.991	
2.73566	0.0732974	3.14159	-94.8158	-0.34601	181.216	
11.3548	0.196263	0	37.9004	-5.52691	215.171	
12.585	0.206999	0	-35.8632	4.99711	244.139	
9.3449	0.178723	0	34.3416	-0.769907	245.094	
2.18077	0.116203	0	-42.8113	-2.72796	163.279	
17.4491	0.249447	0	11.403	-2.57383	223.464	
11.5815	0.198242	0	16.7005	7.36514	244.235	
16.5069	0.241225	0	-32.1488	0.759215	216.28	
15.1473	0.22936	0	-0.0128089	2.2772	209.837	
3.83898	0.130673	0	-26.8543	18.8597	189.626	
8.37817	0.170286	0	30.0179	-13.4025	227.893	
9.05962	0.176233	0	-6.23706	2.97973	163.739	
1.11462	0.0874441	3.14159	115.084	10.7823	198.677	
9.41957	0.179375	0	-8.64827	-0.325228	201.623	
2.54259	0.11936	0	-21.1195	-14.1691	189.748	
5.90552	0.148708	0	16.8444	-7.5419	158.424	
2.65537	0.0739981	3.14159	29.3514	-6.74664	220.862	
1.21191	0.107747	0	-25.4894	3.19613	126.35	
2.83879	0.121945	0	-28.6379	6.35551	179.269	
0.396974	0.0937069	3.14159	4.63354	-18.7307	180.492	
1.39277	0.0850167	3.14159	-7.13818	-7.03952	165.243	
11.3022	0.195804	0	37.9447	13.575	250.14	
0.0748925	0.0965176	3.14159	-40.1525	-43.5725	49.4456	
22.3901	0.292566	0	-33.8098	6.74083	234.248	
10.5325	0.189087	0	14.5168	6.14458	226.19	
6.64615	0.155171	0	57.4611	-10.3751	194.013	
3.60895	0.128666	0	-75.2002	1.24706	186.019	
11.4476	0.197073	0	16.8895	2.75221	195.473	
2.38556	0.0763528	3.14159	-61.6701	10.6758	162.76	
2.02871	0.0794669	3.14159	-30.5653	1.07245	198.902	
23.5283	0.3025	0	-11.1537	5.28891	240.856	
1.81312	0.112994	0	-46.6288	8.49955	220.66	
6.29142	0.152076	0	-23.5972	17.2847	200.124	
1.10651	0.106828	0	12.4647	-4.54982	171.244	
6.84587	0.156914	0	-19.8656	4.58273	176.932	
9.05426	0.176187	0	33.5951	3.9272	226.806	
2.54223	0.119357	0	-83.1702	-15.0541	207.875	
1.85476	0.113357	0	-32.5779	-7.20428	214.106	
5.61579	0.146179	0	-12.0829	-1.50196	187.966	
3.49879	0.127705	0	-20.7066	4.25656	148.14	
3.83329	0.0637186	3.14159	-2.1958	1.73586	218.041	
0.629071	0.0916814	3.14159	73.8425	21.9516	249.816	
12.9235	0.209953	0	10.9346	-1.7622	229.198	
4.74039	0.13854	0	-48.0139	-2.52564	186.758	
8.38284	0.170327	0	18.8544	-8.30128	216.277	
2.29084	0.0771793	3.14159	54.2502	-8.61319	197.574	
4.26334	0.134377	0	-14.9304	-1.50565	218.68	
13.1752	0.212149	0	15.694	-4.19671	209.955	
9.40036	0.179207	0	-3.22375	-0.783077	200.241	
0.1558	0.0985308	0	126.958	100.5	33.5084	
4.38162	0.135409	0	-64.4852	-0.847527	186.087	
5.92677	0.148893	0	-4.43696	20.6052	186.197	
18.1424	0.255498	0	-21.4828	-0.339224	202.921	
8.05215	0.167441	0	33.2131	2.77021	182.988	
11.4222	0.196852	0	28.6335	-0.99962	191.188	
2.55757	0.0748516	3.14159	-66.4718	1.59508	181.752	
4.44219	0.135938	0	-30.8627	-1.27344	188.306	
2.09662	0.115468	0	-70.038	2.31074	199.603	
13.6182	0.216015	0	0.725797	-6.43848	197.41	
8.19501	0.168688	0	-50.9203	-13.1959	186.427	
11.1411	0.194398	0	-19.6671	4.41233	228.475	
10.8862	0.192173	0	8.55189	1.70706	241.942	
3.1674	0.124813	0	-35.8163	6.61824	243.128	
6.96756	0.0363662	3.14159	-3.80213	5.44374	170.913	
0.328478	0.0943046	3.14159	-87.8503	-7.04188	117.677	
3.46616	0.0669225	3.14159	56.8798	6.61275	170.7	
0.885009	0.104895	0	2.80535	21.3445	200.895	
2.19994	0.11637	0	4.01423	-7.37309	209.793	
6.57457	0.154547	0	18.7951	-12.3035	185.898	
5.84504	0.14818	0	11.2685	-5.00935	201.453	
7.68574	0.164244	0	-32.473	6.43025	171.134	
1.91165	0.0804885	3.14159	24.0533	-5.23663	172.43	
3.39852	0.12683	0	-45.9569	10.7558	186.863	
13.9616	0.219012	0	8.5263	-0.640964	230.865	
1.69341	0.082393	3.14159	63.1026	-1.52814	165.673	
7.33423	0.161176	0	47.6501	-3.26335	244.935	
16.25	0.238983	0	-3.63073	-11.2742	274.018	
1.85419	0.113352	0	-39.2378	-16.2233	184.435	
17.0572	0.246027	0	29.6707	-1.7353	249.838	
2.31171	0.0769972	3.14159	-16.872	-2.376	146.344	
1.4432	0.0845766	3.14159	11.211	-8.25034	239.07	
3.11386	0.069997	3.14159	14.5019	4.22155	152.399	
12.6305	0.207396	0	-12.3986	2.98733	229.461	
4.63923	0.0566853	3.14159	-20.5399	0.812271	210.041	
3.47732	0.127517	0	3.64196	-7.18687	162.435	
10.7619	0.191089	0	-25.7248	2.50534	222.783	
8.90848	0.174914	0	-26.0295	8.31902	198.003	
9.70619	0.181876	0	-31.6495	-8.71853	209.032	
5.50604	0.145222	0	-32.3583	12.128	191.35	
2.39982	0.118114	0	-3.09613	-2.12012	211.332	
5.63825	0.146375	0	8.735	-4.96293	205.499	
2.8584	0.122116	0	62.1581	16.0756	193.901	
9.72589	0.182048	0	20.9238	-2.38355	229.901	
5.68897	0.0475243	3.14159	-36.7476	5.9997	216.042	
1.3787	0.109203	0	56.9269	-6.84413	187.235	
2.82766	0.121848	0	-66.3727	-11.3869	208.412	
2.89696	0.122453	0	19.7719	-0.139085	205.493	
11.9559	0.201509	0	6.44603	-5.142	286.733	
10.0844	0.185176	0	26.5392	4.85572	215.606	
16.5871	0.241925	0	-21.5096	9.24134	219.332	
1.83655	0.0811439	3.14159	-52.6855	13.0975	214.109	
6.76167	0.156179	0	29.8196	8.49851	206.833	
0.127983	0.0982881	0	72.5444	26.4008	48.2648	
5.21628	0.142693	0	-31.2998	-1.65482	205.043	
5.63082	0.146311	0	26.68	8.51191	185.399	
12.4873	0.206146	0	3.13133	9.71903	197.852	
1.17751	0.107447	0	40.8858	3.3775	109.297	
1.04442	0.106286	0	27.1128	16.9361	164.123	
10.6379	0.190007	0	12.9896	2.24566	213.397	
1.68402	0.111867	0	-37.8841	3.29853	225.95	
13.677	0.216529	0	-10.5656	4.5979	220.406	
15.6166	0.233456	0	7.44386	-5.71519	256.519	
6.7192	0.155809	0	-39.2038	-16.7157	199.636	
2.91564	0.0717268	3.14159	21.6576	4.48091	149.697	
1.34025	0.108867	0	-38.9535	-1.162	168.881	
0.755292	0.103763	0	86.986	1.10057	186.156	
6.19704	0.151252	0	-54.3328	-7.21621	195.169	
2.24114	0.116729	0	-13.3293	4.76472	202.138	
8.93556	0.175151	0	22.4017	13.5948	246.382	
13.4547	0.214588	0	-6.98404	3.51894	237.44	
8.98994	0.175625	0	11.3387	1.64298	190.017	
1.13945	0.107115	0	55.573	16.1686	161.953	
15.0139	0.228196	0	20.1174	-0.771505	217.518	
9.37008	0.178943	0	-60.7091	4.44283	220.468	
8.08002	0.167684	0	40.694	9.6414	209.506	
1.37529	0.109173	0	11.9845	13.6578	144.988	
1.13646	0.0872535	3.14159	26.1262	-5.37864	204.278	
0.409248	0.100743	0	-97.1761	-20.1755	79.1848	
2.05516	0.115106	0	12.8784	-23.3558	192.801	
1.19021	0.107558	0	33.7718	-1.47579	219.105	
1.64319	0.0828313	3.14159	40.0977	-2.63826	209.341	
2.84097	0.0723785	3.14159	-38.7801	6.53664	135.056	
12.9834	0.210475	0	6.15889	6.67245	204.008	
9.83221	0.182976	0	3.92376	-4.66162	237.842	
2.25838	0.11688	0	46.1119	0.0874686	213.602	
3.22749	0.0690053	3.14159	-11.3094	5.35468	198.333	
0.457685	0.093177	3.14159	-62.0022	-42.6506	119.664	
2.87618	0.122271	0	11.6501	-2.12652	160.461	
5.26779	0.143143	0	0.538367	1.97456	208.125	
3.35306	0.0679095	3.14159	-52.1804	9.52608	156.708	
2.02847	0.114873	0	30.9566	-16.1436	221.778	
2.8087	0.07266	3.14159	3.71497	-17.8647	192.744	
2.01823	0.114784	0	75.096	-11.3067	233.629	
8.59049	0.172139	0	9.21619	-4.96643	181.047	
0.249245	0.0949961	3.14159	78.6222	23.2162	59.1587	
7.67704	0.164168	0	15.3966	-4.28162	209.379	
0.810474	0.0900983	3.14159	-21.1601	12.5099	297.826	
9.61574	0.181087	0	-4.87064	-11.9578	226.016	
0.231279	0.0991895	0	-0.33061	4.74367	87.6375	
2.95085	0.122923	0	10.224	-17.2916	148.802	
8.49355	0.171293	0	25.979	-0.686397	198.986	
6.56141	0.154432	0	-1.40859	16.358	197.857	
1.8256	0.0812394	3.14159	-12.1153	-3.65757	216.723	
12.5251	0.206476	0	-13.6566	-3.24643	213.765	
6.19143	0.151203	0	-8.78344	-4.2351	193.446	
10.4613	0.188466	0	-14.9572	12.4289	245.315	
3.30928	0.0682915	3.14159	-23.0531	-0.317862	204.108	
2.00175	0.0797022	3.14159	-3.38278	13.3523	231.74	
12.3061	0.204565	0	14.0039	-4.58482	258.724	
13.1566	0.211987	0	-22.0577	1.68939	233.615	
4.38089	0.135403	0	4.26143	4.5583	176.7	
2.09369	0.0788998	3.14159	44.2554	-7.54676	220.816	
7.38195	0.161592	0	-7.48994	-4.63639	200.509	
4.98015	0.0537101	3.14159	0.396703	-8.13483	170.099	
3.18713	0.0693575	3.14159	-9.64333	5.5157	144.88	
5.12242	0.0524686	3.14159	11.436	-9.16818	198.145	
5.45914	0.04953	3.14159	2.57854	5.2433	197.558	
10.6765	0.190344	0	-34.8366	6.08572	233.815	
14.5155	0.223846	0	-13.4004	-9.70224	249.099	
4.02858	0.0620143	3.14159	-1.38288	-7.4388	220.343	
5.60804	0.146112	0	7.07251	-2.41646	159.234	
1.66056	0.0826797	3.14159	-20.644	9.26661	228.598	
11.627	0.198638	0	14.4156	6.67389	250.405	
7.46665	0.162332	0	27.6729	8.54822	171.977	
4.68087	0.0563218	3.14159	24.7699	-6.9155	173.743	
0.108278	0.0981161	0	10.7923	-27.6744	52.9643	
2.83239	0.0724533	3.14159	-53.4527	-10.1046	202.079	
8.60593	0.172274	0	-18.4282	1.24138	183.653	
8.5914	0.172147	0	50.6323	-11.0231	219.4	
3.07548	0.12401	0	-11.2526	3.50986	141.947	
1.13251	0.087288	3.14159	21.7121	5.20121	212.329	
8.61988	0.172396	0	5.46184	0.778144	231.134	
3.71646	0.0647381	3.14159	21.8218	7.66788	195.845	
12.4791	0.206075	0	-19.9182	-5.45236	224.28	
34.0172	0.394035	0	-38.3782	-0.273924	247.489	
10.1567	0.185807	0	-21.5511	-14.8875	188.77	
7.59758	0.163474	0	9.2984	-7.55019	168.865	
1.31579	0.0856885	3.14159	-38.6971	17.1736	188.559	
4.63977	0.137662	0	1.85829	-0.354425	178.993	
1.20454	0.107683	0	-117.765	-4.21658	203.018	
4.11096	0.0612954	3.14159	-46.6536	14.7314	163.919	
8.34569	0.170003	0	61.8711	11.4865	191.362	
14.7435	0.225836	0	-30.1029	-5.59031	214.996	
0.0697713	0.0965623	3.14159	-45.9642	-96.0068	67.1316	
1.40026	0.0849513	3.14159	54.2341	12.3756	154.74	
4.49545	0.05794	3.14159	-36.2221	3.47791	154.612	
5.57796	0.145849	0	40.9072	11.3325	201.254	
8.15629	0.16835	0	-2.34297	-6.38535	196.846	
0.385133	0.100532	0	-44.0566	-11.003	68.7449	
7.20117	0.160015	0	-32.3265	-1.93966	193.304	
5.11084	0.141773	0	-16.9445	13.142	206.838	
5.77702	0.0467559	3.14159	-17.677	-19.0252	187.331	
5.76431	0.147476	0	-14.5133	8.16616	195.508	
8.41988	0.17065	0	0.723402	-1.01625	198.384	
7.6413	0.163856	0	6.61954	-2.58597	198.626	
0.123679	0.0982505	0	135.132	96.8868	69.9006	
3.16041	0.124752	0	23.3845	-7.1128	199.833	
1.89622	0.0806232	3.14159	53.4848	-8.566	174.978	
9.28809	0.178227	0	-19.4963	15.9035	190.095	
7.88925	0.16602	0	9.97003	9.33922	234.719	
15.3794	0.231385	0	-5.72127	8.60846	200.973	
11.3631	0.196335	0	11.4895	7.85309	235.426	
10.5725	0.189436	0	-42.49	-3.97521	211.287	
0.960365	0.0887902	3.14159	-40.53	-7.04364	155.721	
5.65767	0.146545	0	5.81444	0.536956	172.488	
14.7806	0.22616	0	-1.2922	2.42354	246.037	
0.443271	0.0933028	3.14159	6.44558	11.775	107.987	
0.711005	0.103376	0	14.348	0.261438	125.465	
2.2714	0.116993	0	3.02515	-5.26676	185.029	
9.54276	0.18045	0	-2.99522	-0.146265	238.711	
6.13941	0.150749	0	38.3019	11.1912	130.324	
0.896188	0.0893503	3.14159	18.6919	-9.24868	164.885	
12.9126	0.209857	0	30.5695	3.19354	212.355	
12.0815	0.202605	0	8.67856	3.98061	180.889	
2.2844	0.117107	0	-22.6944	3.24875	190.943	
5.26916	0.143154	0	32.2191	-6.9515	185.707	
6.66551	0.15534	0	16.0553	10.6	175.172	
0.0326721	0.0968861	3.14159	-40.1459	-23.6769	34.7616	
12.0006	0.201899	0	39.966	-7.14318	236.149	
2.05029	0.0792786	3.14159	96.6608	2.74468	179.055	
8.03363	0.16728	0	-7.11106	6.75753	202.747	
5.2749	0.143205	0	-28.1797	13.6478	227.918	
2.87888	0.122295	0	-48.2477	6.26616	212.227	
1.80707	0.112941	0	-118.323	-3.15175	170.452	
9.47114	0.179825	0	7.83107	10.0921	222.343	
4.03798	0.0619323	3.14159	12.8907	-2.5193	132.228	
10.0654	0.185011	0	15.3804	2.9501	204.083	
6.01478	0.044681	3.14159	50.1116	2.89933	202.818	
2.82005	0.072561	3.14159	51.2229	-20.7084	155.123	
11.6731	0.199041	0	21.2094	-0.0602261	223.353	
2.40545	0.0761792	3.14159	37.1899	2.39967	179.251	
5.13448	0.141979	0	-1.82438	-9.90027	217.798	
8.66835	0.172819	0	15.6705	-11.2837	207.895	
17.7704	0.252251	0	-24.7153	-4.4552	236.825	
3.44933	0.127273	0	35.1073	6.17788	179.187	
16.3445	0.239808	0	10.0494	7.22143	266.979	
2.32023	0.11742	0	-34.0705	6.26965	162.875	
11.1845	0.194777	0	2.61437	-0.690175	179.892	
4.00322	0.132107	0	7.7759	8.6747	158.955	
4.20801	0.133894	0	-37.4694	-11.3233	204.871	
14.0244	0.21956	0	7.35063	7.3791	218.643	
0.0929456	0.0979823	0	-28.6784	4.34637	34.489	
5.55506	0.145649	0	-26.878	-2.89715	210.41	
3.66774	0.129179	0	1.75384	5.43561	177.454	
1.43902	0.109729	0	24.5341	5.35701	210.676	
8.78262	0.173816	0	39.7462	-10.1913	191.95	
16.8212	0.243968	0	45.7157	-3.71107	215.427	
7.6094	0.163577	0	-2.71865	-6.6349	214.481	
11.5722	0.19816	0	-18.4633	-5.93957	227.673	
3.10779	0.124292	0	-24.131	0.557941	211.962	
1.89447	0.113704	0	51.5349	8.9281	183.872	
7.75894	0.164882	0	-46.8351	3.21194	190.065	
3.93046	0.131472	0	-17.0569	2.08077	186.848	
0.678502	0.103092	0	16.5834	-0.192955	242.575	
15.9166	0.236073	0	-48.4885	-9.07614	226.781	
5.42033	0.144474	0	-2.92905	-16.1107	145.287	
2.88504	0.122349	0	12.6259	6.06104	141.499	
6.82356	0.15672	0	-8.66527	-6.1653	212.316	
2.28847	0.117142	0	32.4158	-13.9896	192.352	
0.114438	0.0981699	0	-26.1536	-4.30651	73.4195	
0.161129	0.0985774	0	45.3236	20.8085	34.1279	
4.03884	0.132418	0	-31.3091	-13.5449	195.834	
3.05432	0.0705165	3.14159	22.5619	4.23882	163.621	
1.53426	0.11056	0	2.97748	-13.8505	198.417	
3.05212	0.0705358	3.14159	-9.74155	6.47811	170.374	
15.9009	0.235936	0	-27.5717	0.148987	244.12	
9.93682	0.183889	0	-32.6033	-10.1715	213.668	
8.11374	0.167979	0	2.38786	4.68688	184.36	
2.15126	0.115945	0	-28.6402	1.97682	220.449	
11.2994	0.19578	0	-14.0338	10.0972	167.87	
1.81925	0.113048	0	-47.4526	-1.62166	256.435	
10.2648	0.186751	0	-43.0484	-3.99881	205.017	
2.38776	0.118009	0	36.0285	-4.45937	193.161	
3.69888	0.129451	0	28.098	-14.7886	207.876	
7.44412	0.162135	0	9.41659	6.21807	188.248	
9.28025	0.178159	0	-32.9632	6.09662	196.263	
1.35193	0.108969	0	103.006	0.531259	217.961	
1.85843	0.113389	0	4.15366	-6.85343	179.428	
8.41274	0.170588	0	6.06755	-17.3782	196.254	
4.29918	0.13469	0	-16.0687	1.0691	187.614	
8.47843	0.171161	0	26.7978	2.88723	175.162	
7.57289	0.163259	0	-15.415	-6.36078	167.318	
2.35802	0.117749	0	-4.10852	-0.0727769	200.169	
1.40714	0.109451	0	-20.5899	7.42093	222.313	
1.50249	0.0840591	3.14159	-60.6571	-8.93697	207.817	
3.22945	0.125354	0	-37.8735	2.56014	180.77	
4.19715	0.133799	0	32.5729	-0.936098	163.365	
1.76349	0.0817814	3.14159	-31.7661	15.8061	237.053	
10.5558	0.18929	0	23.0828	6.35393	238.557	
9.23488	0.177763	0	-18.7477	-4.18923	186.623	
4.09909	0.061399	3.14159	3.39719	-5.55428	226.855	
6.86522	0.157083	0	-44.0419	1.79414	230.63	
2.62102	0.120044	0	33.9107	-16.9195	213.764	
10.3289	0.187311	0	5.8153	-3.39349	236.243	
3.53708	0.128039	0	-24.9104	4.50754	197.825	
3.11803	0.0699606	3.14159	-4.11812	12.5293	215.726	
8.39538	0.170437	0	10.8808	-4.77634	193.248	
1.59713	0.0832333	3.14159	-49.6596	8.55433	183.805	
1.79842	0.112866	0	-70.2059	6.24436	191.916	
2.99508	0.123309	0	-11.4243	3.89138	180.896	
2.25973	0.0774508	3.14159	43.3587	1.68768	182.416	
8.64533	0.172618	0	-22.084	-6.66835	203.103	
11.9169	0.201168	0	-12.1193	5.64604	203.409	
2.94543	0.0714668	3.14159	-23.2586	-11.4618	180.89	
4.89148	0.139859	0	-1.54796	13.6142	255.938	
13.1108	0.211587	0	-4.07259	0.388582	220.913	
9.52243	0.180272	0	5.31114	0.818301	222.578	
1.24795	0.108062	0	59.5469	-1.45471	158.384	
13.1631	0.212044	0	-1.72414	-6.99476	233.08	
1.29782	0.0858453	3.14159	-25.8025	-5.78755	231.505	
4.76871	0.0555553	3.14159	19.441	-11.4661	176.573	
5.3598	0.143945	0	14.6855	-8.57032	183.851	
4.05748	0.13258	0	-33.3661	-5.38594	222.864	
10.8321	0.191702	0	2.19286	-0.415442	207.211	
7.92011	0.166289	0	3.13057	0.645184	195.506	
2.22695	0.116605	0	-49.9408	11.7033	230.303	
8.71727	0.173246	0	-38.79	6.46349	215.899	
3.2452	0.0688508	3.14159	-36.5937	-13.0895	200.586	
1.34589	0.0854258	3.14159	-17.0456	4.34625	228.537	
13.726	0.216956	0	-0.776226	-5.85696	234.345	
19.0472	0.263393	0	-17.3818	1.99652	225.865	
1.70077	0.0823288	3.14159	-13.2676	-14.5921	186.908	
7.96605	0.16669	0	-45.3109	-1.42734	231.611	
9.78241	0.182541	0	-22.0472	3.93468	175.059	
2.02346	0.11483	0	-4.16954	-0.169026	178.728	
6.94297	0.157762	0	-3.45632	10.9512	198.994	
15.2849	0.230561	0	26.8799	-0.684138	229.73	
5.63239	0.146324	0	3.67655	-2.31364	202.961	
4.73728	0.0558296	3.14159	-1.40838	0.0410314	169.705	
12.9908	0.21054	0	3.69318	4.24588	242.1	
8.90764	0.174907	0	23.425	0.162526	205.097	
10.338	0.18739	0	16.3442	-5.37665	246.006	
4.20092	0.133832	0	-40.3717	7.44173	208.984	
1.03935	0.0881009	3.14159	12.1984	4.18799	224.873	
8.02221	0.16718	0	5.47894	-8.6682	196.772	
10.659	0.190191	0	-16.6933	2.58504	229.475	
13.3275	0.213479	0	19.7983	3.27714	235.843	
5.37913	0.144114	0	67.5896	10.557	210.856	
3.79476	0.0640549	3.14159	31.9587	-9.50673	231.624	
12.591	0.207051	0	37.7984	-2.96958	221.31	
10.4093	0.188012	0	-2.207	0.595493	224.449	
11.63	0.198665	0	9.67629	-1.01781	211.55	
7.98675	0.16687	0	-51.4007	-12.8735	256.253	
6.54763	0.154311	0	-31.4843	-17.2895	219.348	
19.6365	0.268536	0	-17.0028	5.44987	242.694	
8.41535	0.170611	0	-40.4925	-2.62646	185.001	
0.901334	0.105037	0	157.375	0.0432247	238.529	
1.03394	0.106194	0	-39.823	-3.83102	211.169	
12.5224	0.206453	0	15.1716	12.1924	252.754	
14.1016	0.220234	0	-1.06226	-4.00584	262.686	
0.451136	0.101108	0	-104.76	-6.26889	203.296	
11.9858	0.20177	0	-28.2492	5.66169	203.942	
6.13447	0.150706	0	-70.7285	-3.14417	190.24	
0.0323701	0.0968887	3.14159	122.88	213.733	-0.984617	
7.5678	0.163214	0	-11.2099	-1.98112	196.041	
0.396817	0.0937082	3.14159	17.0487	13.795	138.176	
16.8551	0.244264	0	15.2199	-0.375375	236.818	
10.0063	0.184495	0	-25.6952	-3.92574	243.118	
3.3714	0.126593	0	22.2648	10.8781	222.186	
8.06676	0.167569	0	-29.8322	11.0572	187.849	
5.37782	0.144103	0	-22.5015	5.95644	182.232	
7.87651	0.165908	0	0.27191	8.19657	191.377	
4.49648	0.0579311	3.14159	36.9176	-6.30346	173.662	
12.063	0.202443	0	-33.1897	1.20351	193.219	
1.81045	0.112971	0	-3.16956	-12.5404	230.677	
6.56849	0.0398488	3.14159	-23.0818	3.24637	218.213	
4.00979	0.132164	0	-1.82912	4.76653	209.289	
8.54845	0.171772	0	-42.2601	7.02141	190.083	
13.2283	0.212613	0	-21.2028	4.24112	226.71	
15.0849	0.228815	0	6.3677	6.35175	216.675	
5.55368	0.145637	0	7.24882	-7.53954	204.125	
4.27596	0.0598554	3.14159	-11.5304	4.95441	183.879	
5.12571	0.141903	0	31.7043	-1.20251	184.458	
18.0083	0.254327	0	-4.34258	4.40415	245.134	
2.44858	0.11854	0	-22.3406	-15.9266	225.235	
0.653111	0.0914716	3.14159	-123.029	4.45488	226.396	
10.4997	0.188801	0	9.09758	-2.73423	232.967	
1.29935	0.0858319	3.14159	-22.3644	-7.04013	213.349	
13.7549	0.217208	0	-1.36255	-2.18457	232.937	
10.2274	0.186424	0	-10.9395	11.7552	238.012	
16.5569	0.241661	0	-13.0114	-10.817	233.81	
15.7924	0.234989	0	-57.111	6.88154	244.249	
2.15883	0.0783314	3.14159	-1.25379	-2.7986	179.91	
0.254018	0.0949544	3.14159	47.8529	19.116	105.027	
7.87308	0.165879	0	21.8551	2.20871	185.585	
5.07632	0.141472	0	13.8363	-4.72039	225.184	
0.030892	0.0969016	3.14159	12.9177	122.097	-33.079	
3.9412	0.0627769	3.14159	8.84964	1.86204	187.415	
1.13718	0.107095	0	-18.5601	6.51233	161.487	
6.19844	0.151264	0	3.79326	6.94971	211.414	
10.5846	0.189541	0	-9.46936	-8.52781	207.104	
21.2164	0.282324	0	19.5319	-0.0781604	243.289	
5.38137	0.144134	0	-0.273874	4.18404	144.253	
14.1432	0.220597	0	-8.52011	15.7592	237.171	
9.62688	0.181184	0	67.1923	2.929	191.318	
8.58887	0.172125	0	-23.5971	-5.90806	188.67	
2.68306	0.120586	0	-51.1194	-0.496259	196.736	
10.6912	0.190472	0	-2.43705	-3.30338	221.206	
17.1184	0.246561	0	6.48143	7.97067	230.409	
0.0783273	0.0978547	0	-34.5551	-73.0835	36.537	
3.67796	0.129268	0	101.6	0.113366	189.416	
10.5653	0.189373	0	-7.91962	-4.28082	215.604	
3.04079	0.0706347	3.14159	-40.3063	0.883632	132.771	
4.10159	0.0613772	3.14159	14.5953	-0.42332	188.473	
3.68978	0.129371	0	16.5341	-6.19419	150.175	
16.5158	0.241302	0	38.7797	6.03241	243.333	
1.34289	0.085452	3.14159	-23.3687	-3.54096	160.574	
9.59709	0.180924	0	4.28168	6.51943	183.49	
3.95626	0.131697	0	-11.9477	1.69671	208.433	
1.19589	0.0867348	3.14159	33.2568	4.53586	160.539	
9.18177	0.177299	0	-34.5548	-2.48816	192.826	
10.8001	0.191422	0	-0.783607	-12.7002	214.69	
1.15305	0.107234	0	-71.8669	-10.3475	261.885	
13.4279	0.214355	0	-17.6108	-4.81068	217.743	
0.730874	0.090793	3.14159	76.6987	4.54197	231.636	
9.16104	0.177118	0	-38.0724	-4.23815	218.1	
9.70832	0.181894	0	-46.9523	6.24859	160.568	
2.48209	0.0755103	3.14159	-49.5673	-9.55479	188.636	
5.49765	0.145148	0	28.7218	5.99512	214.914	
12.685	0.207871	0	11.1545	-1.80966	223.536	
3.5138	0.0665068	3.14159	7.8788	4.47169	210.569	
0.100302	0.0962959	3.14159	58.9766	96.5025	-5.30517	
15.9334	0.23622	0	27.2082	9.96721	248.017	
9.15193	0.177039	0	-9.75259	0.00439001	230.737	
6.38022	0.152851	0	5.35425	-3.33697	169.243	
2.94025	0.071512	3.14159	36.0264	-8.48368	178.464	
7.15428	0.0347367	3.14159	-39.1929	7.77599	198.977	
0.548375	0.0923856	3.14159	-41.7178	-10.8307	116.486	
10.4583	0.18844	0	49.7232	-6.59843	220.361	
0.223446	0.0991212	0	9.94424	25.6388	69.4234	
9.69202	0.181752	0	39.6139	7.05657	236.242	
2.08797	0.115393	0	-53.9484	-6.42787	144.098	
7.5445	0.163011	0	47.985	-19.9385	231.438	
0.0560619	0.0976604	0	102.9	111.222	15.3214	
11.6411	0.198762	0	-65.8351	-2.73199	233.738	
1.5873	0.111023	0	-16.6316	13.9969	192.832	
2.18082	0.0781395	3.14159	7.95463	4.52154	217.942	
12.9753	0.210404	0	-0.0821817	6.17869	189.133	
7.29358	0.160821	0	-19.1111	-0.980768	194.513	
1.89162	0.0806633	3.14159	-23.1411	5.26162	233.105	
2.27252	0.117003	0	3.04065	-2.77747	201.313	
6.27903	0.151967	0	-11.9855	2.98772	238.149	
1.97397	0.0799446	3.14159	-9.14211	-8.53647	204.459	
3.2689	0.125698	0	23.6711	2.48793	191.449	
8.69144	0.17302	0	54.1653	6.89918	222.869	
0.799705	0.0901923	3.14159	48.1216	11.4707	267.271	
4.12186	0.133142	0	0.277265	-13.164	172.64	
1.34106	0.0854679	3.14159	-6.46676	6.27088	214.73	
5.13735	0.0523383	3.14159	-23.4507	-6.59419	153.918	
8.63777	0.172552	0	26.8137	5.91648	173.925	
0.394735	0.100616	0	20.8756	0.646999	93.6259	
7.59001	0.163408	0	-10.8092	7.71391	239.313	
10.5835	0.189532	0	-11.5449	-3.52909	236.502	
5.11158	0.141779	0	-17.9683	12.4723	179.809	
0.313698	0.0999088	0	-65.2336	-24.1566	86.3198	
4.60715	0.137377	0	-14.0565	-0.718889	197.987	
2.83808	0.0724037	3.14159	34.0328	-6.79992	223.772	
3.49521	0.066669	3.14159	6.21397	23.4407	201.252	
3.03355	0.123645	0	-7.56455	2.57713	169.319	
0.0752345	0.0978278	0	43.165	40.3979	54.5389	
5.0702	0.141418	0	36.8315	6.03294	217.586	
2.28404	0.0772386	3.14159	-21.8422	-3.63629	226.152	
3.0839	0.0702584	3.14159	46.5706	-6.26012	120.885	
1.72224	0.112201	0	-52.5355	5.83174	178.236	
3.78442	0.130197	0	-13.1094	-9.54462	171.157	
19.8799	0.27066	0	-11.8781	5.3869	221.36	
6.96313	0.157938	0	-6.57435	6.06401	177.422	
5.07891	0.141494	0	-48.138	-2.79079	177.5	
9.09607	0.176551	0	17.2664	3.98381	192.213	
2.96536	0.123049	0	17.7616	-6.85943	210.058	
3.29502	0.068416	3.14159	23.1301	-0.0351176	179.234	
2.21265	0.0778617	3.14159	-30.7262	1.73705	182.374	
4.24652	0.13423	0	1.23692	3.66368	194.443	
11.0699	0.193777	0	5.28449	-2.75336	231.266	
10.2668	0.186768	0	-18.3997	-1.4443	263.303	
1.30541	0.0857791	3.14159	43.6409	-9.6012	177.848	
8.4313	0.17075	0	27.0064	0.488867	208.434	
5.46739	0.144884	0	-47.3327	3.68986	167.769	
4.65897	0.056513	3.14159	8.67882	5.19154	205.718	
6.84743	0.156928	0	49.0779	8.06901	194.911	
10.9773	0.192968	0	4.53619	-1.04911	240.661	
0.689723	0.10319	0	-31.8351	-2.25591	232.36	
0.0752674	0.097828	0	68.3277	67.3851	-25.7604	
2.02454	0.0795033	3.14159	-14.9763	9.56809	228.684	
12.6493	0.20756	0	-2.59864	5.64361	229.031	
2.89516	0.0719055	3.14159	-48.224	-3.15303	168.296	
1.12063	0.0873916	3.14159	-6.92975	-8.85317	175.053	
4.47516	0.136225	0	-10.0395	-2.53199	204.555	
9.4442	0.179589	0	5.36207	-2.31313	244.476	
2.3917	0.0762991	3.14159	-4.50695	-1.92964	260.351	
6.35636	0.152642	0	-11.7394	1.54254	194.664	
0.198002	0.0954433	3.14159	-51.5819	-36.9149	64.066	
0.163703	0.0985998	0	-13.2422	34.3051	40.5368	
3.07975	0.124048	0	24.7481	6.83817	192.161	
9.80007	0.182695	0	-4.51726	2.47767	207.296	
7.62088	0.163678	0	21.8136	5.50644	161.888	
1.81768	0.113034	0	3.19374	-5.84004	138.588	
4.53986	0.13679	0	-20.4549	2.42848	191.929	
0.118675	0.0961355	3.14159	8.95867	35.4614	2.50519	
6.35233	0.0417353	3.14159	4.20033	15.3344	183.429	
13.1001	0.211494	0	2.20285	2.89058	201.371	
2.77404	0.0729625	3.14159	-12.6852	-2.45221	248.981	
5.12352	0.141884	0	1.50195	3.67597	182.11	
0.221745	0.0991063	0	64.5219	68.6999	7.90215	
1.74933	0.081905	3.14159	40.6612	10.4214	210.468	
0.208859	0.0989939	0	-143.052	-49.3214	74.7919	
17.2013	0.247285	0	27.7331	-5.14946	240.013	
5.77751	0.147591	0	-25.2119	-12.0752	207.184	
1.98239	0.0798712	3.14159	-54.5412	-6.30845	147.181	
5.52359	0.145375	0	-6.00052	-8.49024	240.64	
0.412811	0.0935686	3.14159	92.8121	34.4791	212.727	
1.31252	0.0857171	3.14159	-19.6148	18.2983	246.231	
2.81958	0.0725651	3.14159	-15.755	4.51724	186.013	
16.3674	0.240007	0	-5.42306	5.29614	228.354	
2.12781	0.11574	0	39.2492	-0.742698	191.322	
13.0847	0.21136	0	-15.8438	12.0422	228.274	
11.0995	0.194035	0	20.0847	2.29279	198.145	
4.03073	0.132347	0	-2.67404	3.08156	192.867	
12.1069	0.202827	0	-17.0251	3.08955	226.634	
17.2343	0.247573	0	-44.3428	18.1926	207.011	
0.909486	0.105108	0	18.5255	-8.63695	235.471	
13.8474	0.218016	0	-8.54211	-6.61035	179.429	
10.3894	0.187838	0	-2.24074	2.80809	198.183	
20.1144	0.272707	0	-32.899	-2.71249	245.929	
0.0836397	0.0964413	3.14159	-101.023	-142.526	-16.5658	
2.82641	0.121837	0	27.5688	-7.30554	169.054	
2.06976	0.115234	0	49.85	-12.5997	189.089	
13.3097	0.213323	0	-53.8986	14.2303	248.627	
2.14749	0.115912	0	-20.0912	-11.9335	190.364	
9.86538	0.183265	0	-4.77405	3.621	210.625	
15.971	0.236548	0	-20.9173	5.38066	245.614	
2.48925	0.118895	0	-23.4161	-22.5194	190.917	
2.7667	0.0730265	3.14159	-61.2988	0.401389	171.773	
8.46896	0.171079	0	-22.8768	8.62015	174.281	
8.93206	0.17512	0	-0.0808979	0.0392001	217.959	
1.38476	0.109256	0	-12.1149	-13.1528	199.378	
12.1715	0.20339	0	3.04654	-12.4675	184.31	
2.22894	0.0777195	3.14159	-30.4191	-1.51497	204.094	
7.09562	0.159094	0	1.09817	-2.64788	179.972	
5.14657	0.142085	0	37.9584	13.7865	176.563	
8.39459	0.17043	0	10.8901	-1.21544	200.889	
10.9256	0.192517	0	41.4406	-5.78234	206.017	
1.85743	0.113381	0	-74.347	1.73167	220.298	
4.95238	0.14039	0	46.7163	-6.63759	154.653	
1.54986	0.0836458	3.14159	42.7548	11.5049	199.062	
5.94691	0.0452733	3.14159	-14.717	-7.59992	170.058	
5.02654	0.141037	0	27.7782	7.99172	170.776	
0.177281	0.0956241	3.14159	146.695	83.0917	-83.3121	
14.7257	0.22568	0	6.76456	5.19582	263.504	
10.4279	0.188174	0	1.05024	-6.07993	194.254	
11.8678	0.20074	0	3.37102	2.7888	211.741	
3.97872	0.131893	0	45.804	2.58246	197.969	
0.172655	0.0986779	0	172.407	134.398	19.3915	
5.10431	0.141716	0	-56.2253	-16.4038	198.515	
6.75747	0.0381996	3.14159	25.7927	12.9129	163.369	
2.35137	0.117691	0	74.0169	-13.8332	193.732	
11.735	0.199581	0	4.97737	-0.108834	207.828	
4.88296	0.139784	0	-18.839	2.65649	213.806	
4.48306	0.136294	0	-49.1426	-1.54656	211.126	
0.50001	0.101535	0	-110.288	-30.9899	179.576	
11.9819	0.201736	0	-2.62447	5.2494	196.902	
4.1711	0.0607706	3.14159	0.644003	-8.70713	170.87	
7.91376	0.166234	0	-56.6657	-3.14344	242.602	
1.74589	0.0819351	3.14159	-2.58234	9.36314	204.675	
9.25468	0.177936	0	-17.1786	-6.56383	220.684	
11.0776	0.193844	0	54.7984	-6.18925	222.403	
3.7681	0.130055	0	-14.6724	3.49693	203.987	
2.15745	0.115999	0	-40.4517	11.0326	143.943	
4.68451	0.138052	0	9.02887	-7.39326	218.591	
9.17016	0.177198	0	-12.7157	14.2532	199.168	
9.24061	0.177813	0	4.13467	-0.119763	204.184	
2.78013	0.121433	0	4.38927	7.07598	198.028	
17.3172	0.248296	0	53.2545	-1.518	245.815	
10.9277	0.192536	0	-7.16109	2.62693	195.851	
6.8568	0.15701	0	-14.604	-12.793	198.646	
8.54442	0.171737	0	-37.6038	-1.67089	201.12	
5.65543	0.047817	3.14159	21.2008	4.84061	240.491	
10.1582	0.18582	0	-27.7221	4.52613	189.768	
4.24861	0.134248	0	-13.1054	4.11466	184.188	
10.7253	0.190769	0	32.1587	7.20453	223.989	
16.1021	0.237692	0	0.541929	2.31258	249.114	
7.15948	0.159651	0	-34.4995	0.132627	190.057	
5.88242	0.0458361	3.14159	28.1526	-1.17171	191.208	
1.41417	0.0848299	3.14159	-91.9191	-17.2825	191.254	
3.29436	0.0684218	3.14159	36.7565	2.90376	199.075	
1.33113	0.0855546	3.14159	10.4333	-1.07146	205.841	
1.82243	0.113075	0	28.7336	-2.21004	229.446	
3.47233	0.127474	0	-8.94391	-10.0056	169.366	
4.84851	0.139484	0	-10.5295	0.786038	154.43	
16.497	0.241138	0	-22.9198	4.21349	219.373	
0.189429	0.0988243	0	-144.123	-43.8961	41.3141	
2.00765	0.0796507	3.14159	-3.62597	-4.49864	214.775	
2.34465	0.0767098	3.14159	-53.6225	6.5574	185.921	
0.392626	0.100598	0	-117.872	-33.8162	77.3554	
4.18728	0.133713	0	-27.2521	11.3279	150.344	
4.98594	0.0536595	3.14159	30.0567	10.5723	163.482	
5.38983	0.144208	0	-17.807	12.9106	158.617	
6.95509	0.157867	0	40.815	-4.92598	216.291	
7.39419	0.161699	0	-6.23735	8.64991	184.95	
3.5022	0.127734	0	-2.2054	-3.23591	197.251	
2.99206	0.123283	0	-47.539	-4.39268	190.366	
13.9289	0.218727	0	16.1029	0.164403	230.821	
3.04382	0.123734	0	63.4625	-10.7286	171.592	
14.8226	0.226526	0	-48.7507	2.69532	236.693	
1.7957	0.0815004	3.14159	-2.63603	-12.503	197.039	
11.4646	0.197221	0	27.1771	0.282883	209.349	
9.61787	0.181105	0	-3.47717	5.50224	197.309	
2.35162	0.076649	3.14159	62.1825	5.60805	177.209	
16.376	0.240082	0	46.1015	4.23921	233.286	
0.0849987	0.097913	0	160.588	155.274	-32.599	
3.99225	0.132011	0	2.16511	15.7502	172.537	
1.6143	0.0830834	3.14159	-15.8542	-0.992854	193.692	
4.77326	0.138827	0	-43.1197	-2.94088	202.572	
13.0968	0.211465	0	16.9985	-8.8737	196.464	
3.58775	0.128481	0	-29.1526	-15.6284	169.306	
9.85901	0.183209	0	5.22097	-2.53766	229.843	
1.56671	0.0834987	3.14159	117.366	-0.184461	159.475	
1.14476	0.087181	3.14159	-30.105	-8.61582	216.251	
4.42846	0.135818	0	4.2547	4.42979	200.399	
11.2348	0.195216	0	-27.4354	-0.531314	219.041	
6.78735	0.156404	0	19.9817	2.62428	203.957	
12.4526	0.205843	0	-4.92159	-4.6466	218.366	
3.00088	0.070983	3.14159	23.4897	-5.03909	189.165	
4.03308	0.0619751	3.14159	35.995	-8.14913	176.87	
2.44457	0.118505	0	15.5618	-3.29493	214.133	
6.51104	0.153992	0	45.1054	1.15346	202.769	
9.36474	0.178896	0	2.40437	-7.31988	181.193	
11.1966	0.194882	0	13.9935	5.46738	170.704	
11.7285	0.199524	0	-6.34086	-10.4496	187.467	
8.27321	0.16937	0	-31.5793	0.122876	169.629	
13.1496	0.211926	0	-8.87522	-2.19588	223.526	
1.97022	0.114365	0	69.4379	-4.38579	146.337	
10.6349	0.18998	0	29.0633	0.649133	221.201	
14.9988	0.228063	0	-14.9139	-1.86008	237.079	
0.628563	0.0916858	3.14159	8.75757	22.9448	167.171	
10.4293	0.188186	0	-23.1919	-1.0049	187.87	
0.098922	0.0963079	3.14159	48.5782	30.7877	-30.4856	
10.6764	0.190343	0	-11.5274	-8.65735	217.034	
1.59352	0.111078	0	10.819	-7.6561	221.82	
5.91526	0.148793	0	4.92892	4.77244	183.07	
10.2453	0.18658	0	2.24386	5.54314	222.369	
1.87062	0.0808465	3.14159	-53.6398	-18.4383	207.082	
9.1453	0.176981	0	25.3117	-0.900824	210.318	
3.36564	0.0677997	3.14159	-80.2167	10.4473	216.134	
6.29812	0.152134	0	-6.02502	-1.98618	225.509	
1.35702	0.109014	0	-78.2809	-11.4999	201.117	
10.9183	0.192454	0	9.98643	-4.40251	169.27	
2.29406	0.117191	0	67.3031	8.19498	216.225	
8.29675	0.169576	0	10.9912	2.93353	225.966	
21.9709	0.288909	0	15.6015	4.18276	272.773	
0.821038	0.104336	0	-61.6276	-17.1126	165.559	
4.38029	0.135397	0	54.9875	-1.4657	181.289	
14.3736	0.222608	0	-1.33999	-1.99887	218.025	
0.171184	0.0986651	0	-77.3256	-36.2718	-1.85718	
12.4205	0.205564	0	31.7143	8.32555	209.775	
1.82071	0.11306	0	-4.01994	8.22069	179.816	
5.99327	0.149474	0	2.15709	-1.27841	216.641	
5.48101	0.145003	0	15.5416	9.07792	185.96	
6.37602	0.152814	0	3.62205	10.8689	200.599	
3.84346	0.130713	0	-30.4393	7.77113	170.835	
5.67886	0.0476125	3.14159	7.1466	-10.1794	192.044	
3.97522	0.131862	0	5.26162	-14.0292	229.253	
16.9159	0.244794	0	-24.7462	3.2961	217.392	
2.63769	0.12019	0	7.77065	-8.61659	200.556	
8.2131	0.168846	0	-10.6186	-15.7479	185.829	
13.9295	0.218732	0	-52.9088	-1.79503	221.769	
1.95692	0.0800934	3.14159	74.7387	-1.77598	215.119	
4.3047	0.134738	0	20.5946	5.74835	177.675	
0.722133	0.103473	0	-0.580251	6.85627	228.62	
10.0087	0.184515	0	18.3873	5.95678	191.716	
0.538656	0.0924704	3.14159	-75.7568	-8.28085	-24.6741	
1.5011	0.0840713	3.14159	-52.5501	0.300599	179.055	
8.38905	0.170381	0	-39.2439	5.70955	203.799	
3.22943	0.0689884	3.14159	19.7402	-2.4508	172.336	
3.09442	0.124176	0	-9.6987	-4.30597	211.144	
2.60371	0.119893	0	-46.2659	6.45202	190.954	
0.535118	0.101841	0	45.3335	11.5631	248.775	
10.8829	0.192145	0	-31.559	3.36276	269.386	
3.64772	0.129004	0	-10.524	-16.9325	174.985	
5.43776	0.144626	0	10.2386	2.57999	219.983	
1.80852	0.112954	0	72.0573	17.2554	171.245	
2.32879	0.0768482	3.14159	42.4796	-1.95795	220.624	
3.62083	0.0655727	3.14159	9.64514	-5.45135	164.926	
2.58877	0.119763	0	34.1068	3.18367	164.371	
2.46102	0.0756942	3.14159	3.47164	11.9661	194.732	
0.812042	0.104258	0	72.3413	18.2352	237.384	
4.45959	0.136089	0	-57.7919	3.00267	212.134	
3.59969	0.128585	0	18.4283	7.97363	182	
14.311	0.222062	0	-22.5072	2.97529	230.599	
0.508653	0.10161	0	1.77017	9.6555	146.54	
5.11845	0.141839	0	1.7815	-1.30531	235.003	
4.82187	0.139251	0	-16.3229	-2.67393	169.783	
13.6584	0.216366	0	-6.20717	-9.19212	260.556	
1.89283	0.11369	0	-12.8635	13.4989	199.516	
10.328	0.187302	0	-14.5674	0.262544	204.535	
9.6491	0.181378	0	22.8284	-4.31229	219.236	
0.0605144	0.0976993	0	14.1957	-3.99136	-4.29141	
1.10111	0.087562	3.14159	-22.2094	-0.796313	239.172	
4.5546	0.136919	0	-4.1689	0.992745	198.286	
5.82262	0.147984	0	10.1522	5.17825	185.769	
13.5422	0.215352	0	7.97577	-1.31304	226.881	
0.160956	0.0957666	3.14159	164.593	74.6398	-55.7719	
1.98175	0.114466	0	31.3729	21.2218	228.589	
1.24929	0.0862688	3.14159	-31.2318	-6.0332	173.686	
2.42848	0.118364	0	-24.0015	-9.26661	175.82	
2.40535	0.0761801	3.14159	-14.1942	4.06316	169.143	
1.76729	0.112594	0	74.6459	-2.21336	228.957	
2.40462	0.0761864	3.14159	72.6153	9.48362	191.811	
3.73745	0.129787	0	-8.10198	-2.38582	204.531	
1.84793	0.0810445	3.14159	-42.3173	0.802883	224.545	
4.9303	0.0541451	3.14159	-22.1145	3.63605	231.221	
5.92288	0.148859	0	-2.21281	-16.8805	204.057	
6.96538	0.157957	0	42.652	-13.4604	232.613	
15.3344	0.230992	0	0.10964	-5.66426	226.019	
9.19963	0.177455	0	20.9715	0.904354	212.396	
8.79408	0.173916	0	-1.76257	0.0653981	207.967	
3.29718	0.0683971	3.14159	46.9226	9.78645	206.345	
15.1551	0.229428	0	23.9234	0.276408	234.977	
5.22883	0.142803	0	-27.088	-6.97153	176.782	
0.166218	0.0957206	3.14159	23.1656	31.6299	28.5217	
18.9121	0.262215	0	-2.3961	-3.15067	239.066	
2.26774	0.116961	0	42.0013	-1.21856	181.391	
11.4766	0.197326	0	58.1501	-2.77202	208.486	
17.5045	0.249931	0	-1.67933	0.112519	232.754	
3.66685	0.0651711	3.14159	10.5996	-2.38517	187.099	
8.46226	0.17102	0	-5.56531	-10.6387	211.545	
4.25731	0.134324	0	-22.6571	5.77609	166.313	
0.986843	0.0885591	3.14159	36.7769	1.17743	159.017	
0.955754	0.105512	0	-0.918956	-24.276	237.925	
0.669817	0.103017	0	-31.5131	12.9749	107.106	
1.30065	0.0858206	3.14159	-76.6215	-9.01478	146.915	
6.88612	0.157265	0	7.44532	-11.2561	222.014	
3.2642	0.068685	3.14159	3.1301	-1.25945	231.833	
3.8048	0.0639672	3.14159	-4.71846	-2.3219	188.891	
1.63939	0.0828644	3.14159	-17.5038	-14.6072	122.797	
0.697692	0.0910825	3.14159	127.133	16.9344	229.864	
4.50457	0.0578604	3.14159	-31.5811	6.67	176.007	
5.26686	0.143134	0	17.9999	-9.315	188.076	
5.88121	0.148496	0	-17.5711	-0.841236	195.811	
10.1136	0.185432	0	0.0369765	4.27091	228.232	
3.35304	0.126433	0	-20.0491	-5.35921	198.316	
4.64051	0.137668	0	12.688	-5.26053	203.97	
13.6917	0.216657	0	29.5991	3.39298	207.427	
13.483	0.214835	0	6.5474	-12.9486	237.676	
10.6343	0.189975	0	8.43175	4.24074	225.234	
5.05309	0.0530736	3.14159	-40.7247	11.2773	191.668	
0.18381	0.0955671	3.14159	-2.5381	10.6268	81.6623	
4.51952	0.05773	3.14159	8.34468	-14.5399	204.558	
4.39117	0.135492	0	-19.3441	1.64851	184.966	
11.9621	0.201563	0	-23.2003	2.90405	230.567	
2.13733	0.078519	3.14159	27.5398	4.82282	148.575	
0.0923104	0.0963656	3.14159	101.345	51.8212	42.4557	
10.8592	0.191938	0	3.55979	-7.48788	190.837	
6.40615	0.153077	0	-13.2949	-11.3292	220.532	
2.84079	0.121962	0	-27.5242	-12.8286	190.305	
6.68156	0.15548	0	-19.8903	2.4178	192.144	
10.1788	0.186	0	-19.4536	-4.62633	219.954	
2.21983	0.116543	0	-44.2334	8.64399	163.773	
10.9445	0.192682	0	1.61583	0.55976	192.491	
6.08484	0.0440696	3.14159	4.02964	4.77431	208.502	
2.51264	0.0752437	3.14159	-33.8394	1.72643	222.723	
3.16365	0.12478	0	-69.3919	17.5478	186.043	
9.76405	0.182381	0	-15.9519	4.60273	218.2	
6.59936	0.154763	0	23.5228	-2.69662	184.92	
7.22356	0.16021	0	0.0381915	-5.79534	227.142	
0.428903	0.0934282	3.14159	-71.6966	-29.4344	47.4883	
12.0519	0.202346	0	-51.0209	14.7837	215.505	
1.28219	0.0859817	3.14159	26.7671	6.59969	206.696	
8.91426	0.174965	0	16.2428	4.72033	205.054	
7.66104	0.164028	0	-17.5603	0.930004	194.349	
1.00198	0.088427	3.14159	-65.5089	-6.79894	200.157	
4.07848	0.0615788	3.14159	19.3759	3.7322	177.658	
4.36572	0.13527	0	53.5456	-3.51379	191.155	
10.4686	0.18853	0	-42.576	3.50813	196.828	
0.14377	0.0959165	3.14159	-70.2348	-48.8863	38.5207	
10.6553	0.190159	0	11.645	-5.10847	195.738	
3.80154	0.0639957	3.14159	61.8736	16.9811	178.945	
6.91418	0.15751	0	-19.2498	-1.56005	216.976	
2.03217	0.114906	0	-30.0612	-3.48999	210.03	
3.24871	0.125522	0	-2.84583	-1.74842	177.421	
23.2051	0.299679	0	-5.14	-4.17753	235.559	
7.46683	0.162333	0	20.0202	0.610323	234.084	
17.6896	0.251546	0	50.0817	8.75644	251.511	
7.713	0.164482	0	4.79512	10.1274	210.493	
7.69013	0.164282	0	-10.9116	-0.852927	224.165	
2.80222	0.0727166	3.14159	-33.0326	23.3972	200.172	
10.2568	0.186681	0	10.5187	-8.28249	210.667	
15.4737	0.232208	0	23.0099	-1.09509	224.145	
0.347946	0.0941347	3.14159	9.55291	10.4938	65.5088	
1.34059	0.085472	3.14159	70.9888	5.55041	227.224	
0.387696	0.100555	0	18.3287	-4.4874	127.9	
13.2971	0.213213	0	4.00297	-4.47995	211.881	
8.57015	0.171962	0	29.6562	10.32	205.603	
12.5877	0.207023	0	5.64907	-11.028	231.482	
6.44788	0.153441	0	-8.00702	-6.09105	179.512	
4.70019	0.0561533	3.14159	-37.3426	7.6387	197.049	
7.58691	0.163381	0	4.68855	-7.23142	219.301	
2.20418	0.116407	0	-35.7145	1.65974	162.019	
8.07026	0.167599	0	7.48995	13.5743	204.602	
14.1362	0.220536	0	-32.2719	-4.75497	218.115	
3.80865	0.130409	0	-46.6001	5.88186	166.57	
11.6213	0.198589	0	-39.1547	-2.66586	220.17	
2.97179	0.123106	0	-25.4777	-1.34359	177.291	
4.32546	0.134919	0	34.1732	-4.71258	173.578	
1.51724	0.0839304	3.14159	41.6402	6.63331	146.941	
13.2962	0.213205	0	-14.5491	-2.1143	207.106	
11.7106	0.199368	0	-2.50611	-2.25987	221.896	
2.2989	0.077109	3.14159	-28.0237	10.3575	170.056	
12.081	0.202601	0	-27.0389	9.14163	236.915	
8.09021	0.167773	0	-11.4274	7.78196	198.073	
6.48992	0.0405345	3.14159	-60.9192	-6.65051	219.33	
9.65822	0.181457	0	26.4686	2.69108	195.225	
11.1571	0.194538	0	-21.4985	1.78699	216.069	
3.10599	0.124277	0	-61.88	0.323192	138.965	
4.85835	0.054773	3.14159	-28.9182	-5.76669	179.139	
3.94306	0.131582	0	1.24154	-5.22103	190.049	
7.71711	0.164517	0	28.6999	11.4925	185.919	
4.12452	0.133165	0	-4.94015	-0.67311	179.461	
16.8817	0.244496	0	12.2591	4.65503	287.079	
4.91697	0.140081	0	-10.9249	-2.09888	210.378	
30.5936	0.364158	0	-43.644	9.24935	242.065	
0.0380596	0.0968391	3.14159	23.7972	75.5364	12.1139	
12.4636	0.205939	0	7.32539	-6.56927	217.451	
1.904	0.113787	0	-7.69254	-1.58499	208.45	
1.81806	0.0813053	3.14159	-92.6191	-16.4125	179.258	
5.99571	0.149495	0	-9.49904	1.07007	182.415	
3.20307	0.0692184	3.14159	-37.1806	-9.76493	192.315	
2.95208	0.122934	0	14.3244	2.88638	169.187	
10.971	0.192913	0	-0.363861	7.76389	224.681	
5.38997	0.0501336	3.14159	-25.6128	13.7767	231.218	
7.39522	0.161708	0	3.22221	-2.34385	227.291	
5.19659	0.142521	0	-27.2355	-1.69679	213.624	
4.45724	0.136069	0	28.8099	-1.37338	180.7	
10.8162	0.191563	0	-2.276	3.35665	223.614	
4.68314	0.13804	0	36.6609	-1.64965	156.199	
2.87103	0.122226	0	-7.35033	-22.15	196.586	
2.9446	0.122868	0	-1.03562	2.88025	199.448	
3.9016	0.0631224	3.14159	8.63605	0.32787	212.145	
0.178318	0.095615	3.14159	82.8171	-0.463782	26.6197	
11.4375	0.196984	0	10.6825	-0.513486	227.827	
10.6032	0.189704	0	-17.374	-3.49558	243.769	
2.01979	0.114798	0	19.6744	-8.93196	199.032	
1.47118	0.11001	0	8.48908	0.403478	198.553	
2.92286	0.122679	0	-24.6328	9.29149	214.36	
1.50401	0.0840459	3.14159	0.66314	-2.16665	145.822	
0.944977	0.0889245	3.14159	-19.385	10.3635	216.688	
10.7783	0.191232	0	-13.8799	-1.6581	225.203	
2.42134	0.0760405	3.14159	72.615	0.0613916	181.63	
9.0251	0.175932	0	19.2097	-3.27694	253.966	
0.129982	0.0960369	3.14159	102.314	81.3506	55.9912	
9.03531	0.176021	0	-21.9147	5.59294	182.612	
13.8358	0.217914	0	-25.0188	-4.74915	221.522	
0.264438	0.0994789	0	-44.5487	-28.8362	69.7235	
2.02053	0.114804	0	61.3728	10.9222	214.253	
6.65917	0.155285	0	6.87649	-6.88879	196.405	
0.141556	0.0984065	0	-4.88114	-8.77888	71.1032	
0.937363	0.105351	0	-5.7823	-7.00858	208.678	
15.7904	0.234972	0	19.836	-7.87847	203.051	
3.14691	0.0697085	3.14159	9.42418	1.12064	214.719	
4.95407	0.0539376	3.14159	-66.6251	-4.44504	201.274	
4.60324	0.137343	0	-45.0734	-13.6132	184.69	
0.00759029	0.097105	3.14159	16.5288	-123.082	-15.9226	
0.0439178	0.0967879	3.14159	-22.9771	23.5467	-4.55216	
13.2356	0.212677	0	-20.6803	12.2649	231.303	
1.68043	0.111836	0	-20.3586	-7.43456	161.196	
11.865	0.200715	0	-24.5802	-2.35353	233.326	
1.66052	0.111662	0	-10.8105	14.4917	216.154	
14.1085	0.220295	0	6.73031	3.21535	222.948	
0.775582	0.10394	0	33.7788	5.38714	258.981	
1.43134	0.109662	0	-26.0055	1.37515	201.354	
2.50823	0.11906	0	11.186	-5.65947	163.46	
9.3193	0.178499	0	26.2393	9.71236	191.604	
4.42191	0.135761	0	33.5453	-4.86941	214.19	
2.0151	0.114757	0	0.912215	2.78439	221.892	
0.218457	0.0952648	3.14159	-147.188	-70.4966	46.5266	
6.78529	0.156385	0	6.18084	2.7309	165.416	
8.96023	0.175366	0	-15.7025	-6.32685	234.644	
9.4671	0.179789	0	-15.9087	6.74005	156.48	
6.44822	0.153444	0	-15.1613	-7.79775	154.549	
6.76609	0.0381244	3.14159	31.4472	-7.8382	191.379	
5.56026	0.145695	0	29.0195	2.9903	188.196	
3.7806	0.0641784	3.14159	0.0577821	-18.8748	182.989	
7.44777	0.162167	0	-8.3799	-8.34822	215.541	
4.44275	0.0583999	3.14159	0.000882049	-6.90215	153.347	
6.7714	0.156264	0	-9.65865	-9.15517	194.93	
1.16344	0.107324	0	-73.8487	-10.0209	223.981	
6.78026	0.156342	0	-28.3318	5.11266	211.616	
12.1579	0.203272	0	-4.44894	3.60742	194.058	
11.4523	0.197114	0	21.0576	-1.5512	227.641	
0.623368	0.102611	0	-14.4648	-16.903	224.719	
3.32183	0.068182	3.14159	-39.9759	-7.14961	144.691	
6.58194	0.154611	0	-10.8982	11.2102	177.131	
4.19236	0.060585	3.14159	-31.4873	11.2877	176.329	
0.118667	0.0961356	3.14159	-13.812	-11.0214	56.8922	
0.157758	0.0957945	3.14159	11.4508	-18.4458	66.4792	
1.80453	0.112919	0	-8.62858	-22.6307	244.155	
11.7428	0.199649	0	32.084	11.4245	250.95	
14.5628	0.224259	0	33.6266	-0.147198	231.778	
12.4729	0.20602	0	8.11975	11.8495	266.965	
15.1138	0.229067	0	23.1437	2.74848	172.524	
0.899903	0.0893179	3.14159	49.3661	7.37884	221.629	
1.28589	0.108393	0	-67.8689	-15.9858	150.997	
1.04019	0.0880936	3.14159	-63.2743	-35.7202	232.274	
11.8885	0.20092	0	-31.9732	-0.709428	218.267	
4.37233	0.135328	0	22.4461	5.00228	219.86	
5.7657	0.147488	0	18.4424	-4.46998	181.912	
12.2303	0.203904	0	24.0878	-0.769666	216.196	
0.447667	0.0932645	3.14159	-4.17947	13.5919	40.6235	
3.47973	0.127538	0	-9.46966	-0.848123	183.133	
10.1544	0.185788	0	-37.7193	1.37993	197.018	
2.76727	0.0730216	3.14159	-28.8012	-1.43062	183.943	
6.79255	0.0378935	3.14159	40.0817	-15.8173	176.542	
13.2256	0.212589	0	15.5351	-0.577963	224.345	
0.119731	0.0982161	0	-94.2535	-45.0793	14.2703	
3.13417	0.0698197	3.14159	30.4685	4.03111	214.192	
2.56683	0.0747708	3.14159	4.69206	-2.84619	200.587	
9.93958	0.183913	0	-20.0566	-4.3557	213.455	
12.1525	0.203224	0	-27.0153	1.99659	224.343	
8.87875	0.174655	0	-0.828929	-0.540023	214.252	
9.39015	0.179118	0	21.4513	11.2556	219.477	
0.925786	0.089092	3.14159	-58.7933	-13.268	171.638	
5.89226	0.148592	0	-17.1249	-7.49317	203.26	
0.68131	0.0912255	3.14159	-107.162	-5.71863	129.973	
12.1591	0.203282	0	-2.49604	-6.55416	207.628	
6.89461	0.0370029	3.14159	-3.01449	0.696106	211.056	
7.85821	0.165749	0	-11.9481	-12.8497	223.656	
16.4345	0.240593	0	72.2831	-2.96228	264.075	
8.10888	0.167936	0	-12.9668	0.0922658	218.131	
10.896	0.192259	0	-9.87838	4.98829	208.315	
9.27973	0.178154	0	15.3137	6.52485	221.451	
13.9708	0.219092	0	-37.633	0.810018	225.322	
1.97479	0.114405	0	8.90007	-3.27591	232.421	
3.6311	0.128859	0	-34.6619	3.99352	216.869	
3.47703	0.127515	0	-39.1252	-17.3528	185.506	
5.79727	0.147763	0	27.9568	0.310064	167.787	
0.147016	0.0958882	3.14159	25.979	1.24467	-4.29107	
12.2374	0.203966	0	33.9805	1.52183	206.576	
8.21084	0.168826	0	24.5233	0.026381	233.283	
5.4359	0.14461	0	0.0458352	-1.23424	194.001	
4.13115	0.133223	0	-38.7917	-5.88381	191.123	
12.102	0.202783	0	23.1817	-3.70646	214.223	
1.80299	0.0814367	3.14159	-4.61604	-11.9454	261.827	
11.6232	0.198606	0	-13.9701	-6.32793	231.267	
8.57915	0.17204	0	38.4648	-3.84724	219.965	
0.0351208	0.0974777	0	-45.2774	-73.4373	21.2525	
14.218	0.22125	0	11.0161	-0.594116	230.472	
13.1828	0.212216	0	-22.5058	3.39483	219.487	
5.95936	0.149178	0	-62.8583	-12.4346	170.168	
6.08967	0.150315	0	8.94371	8.30639	180.877	
1.86995	0.11349	0	-75.2165	4.553	207.986	
1.75283	0.112468	0	20.9533	0.618048	216.633	
0.918358	0.105186	0	-56.1346	-20.5157	110.887	
2.58187	0.0746395	3.14159	34.0122	-2.73687	229.272	
7.63285	0.163782	0	-13.1552	0.830385	231.375	
8.31296	0.169717	0	10.3382	-11.6381	180.108	
6.98277	0.158109	0	-21.4256	-14.361	237.324	
5.40825	0.144368	0	-3.37665	6.3094	189.176	
1.37274	0.109151	0	-13.5074	-3.30924	220.676	
2.0076	0.0796512	3.14159	66.8054	-0.269754	214.108	
7.7481	0.164788	0	-67.744	-0.372491	228.718	
5.29869	0.143412	0	29.861	12.8952	209.812	
9.08438	0.176449	0	-32.2174	-4.96952	180.317	
2.29328	0.077158	3.14159	66.4232	5.38277	217.502	
13.7834	0.217457	0	-14.0464	-1.43526	219.514	
4.32744	0.134936	0	-48.9774	9.62928	154.513	
14.1034	0.22025	0	-0.0793128	-11.6378	239.988	
0.309228	0.0998698	0	-102.494	-15.8765	50.3118	
2.46377	0.0756702	3.14159	-18.2803	6.17584	195.141	
9.66681	0.181532	0	5.79141	5.72814	179.023	
3.17795	0.124905	0	10.0759	-2.55746	162.387	
0.900902	0.0893091	3.14159	7.38714	12.9299	195.322	
3.38032	0.0676716	3.14159	-42.8418	-2.02706	236.296	
3.49855	0.127703	0	12.8036	-3.07224	165.658	
4.15328	0.133416	0	-6.31444	6.5163	207.451	
8.81167	0.174069	0	-5.18186	6.25533	211.831	
7.00793	0.158328	0	9.80885	-4.42732	178.103	
5.89534	0.0457233	3.14159	41.19	-3.64987	189.342	
0.826754	0.104386	0	70.1111	19.829	138.852	
1.93477	0.114056	0	-25.9142	-10.1484	161.177	
0.722656	0.103478	0	21.9821	1.0542	226.628	
1.11298	0.0874583	3.14159	17.6503	1.53283	245.953	
5.58612	0.0484218	3.14159	8.64882	11.5511	195.66	
0.327528	0.100029	0	76.5921	1.84955	27.256	
1.20044	0.107647	0	69.2951	-1.60891	177.806	
9.36309	0.178882	0	-17.6086	-0.9714	212.84	
15.6941	0.234132	0	2.4495	4.44118	217.668	
2.36888	0.117844	0	-15.2871	-6.64235	177.793	
6.09034	0.150321	0	-37.8702	-4.91066	213.969	
1.67475	0.0825559	3.14159	-12.0057	-0.623165	233.838	
0.773067	0.0904247	3.14159	13.8457	15.2254	158.823	
0.100873	0.0962909	3.14159	-158.946	-176.425	-13.4234	
21.1451	0.281702	0	2.29096	-2.59279	253.66	
2.29116	0.117166	0	0.747752	5.04147	172.374	
6.77892	0.15633	0	-17.2565	-2.16003	177.22	
2.15619	0.115988	0	-13.187	-4.22664	155.003	
0.383282	0.100516	0	-98.4271	-13.3842	105.009	
12.2223	0.203834	0	-41.5805	-8.95986	226.733	
0.497703	0.0928278	3.14159	14.4909	14.5167	162.624	
0.859184	0.0896732	3.14159	-117.78	-4.4369	249.731	
3.75782	0.129965	0	-3.98544	-2.76114	177.229	
13.485	0.214853	0	-39.9604	4.48499	227.94	
13.3283	0.213486	0	48.4325	9.17446	206.619	
0.885743	0.0894414	3.14159	30.3684	-11.9823	220.083	
14.4242	0.223049	0	-16.5741	1.51783	218.511	
12.021	0.202077	0	8.65229	4.01255	240.273	
5.87992	0.148485	0	53.1865	5.39495	170.798	
7.61722	0.163646	0	27.9841	-11.8204	195.165	
0.265478	0.099488	0	-209.63	-87.6535	-52.8106	
1.49757	0.0841021	3.14159	-80.9974	-11.3108	202.787	
4.09825	0.132936	0	-20.0994	-3.46069	197.203	
6.24036	0.0427124	3.14159	15.8939	-13.448	224.731	
17.2567	0.247768	0	23.0529	-1.25439	222.537	
2.49048	0.118905	0	76.5043	-6.08369	238.399	
3.5806	0.128419	0	-18.0021	3.05336	177.532	
10.7778	0.191227	0	-18.3266	2.6245	222.619	
13.0551	0.211101	0	49.5175	-0.742298	205.828	
1.46435	0.10995	0	-86.2085	-12.0388	153.261	
5.78857	0.147687	0	28.4428	-12.2532	200.813	
0.139289	0.0959556	3.14159	38.1696	27.8765	75.9321	
0.178726	0.0956115	3.14159	46.1518	13.5396	89.0744	
2.18248	0.116217	0	38.7737	3.14723	186.686	
2.56939	0.119594	0	11.9734	21.3313	173.386	
2.37083	0.117861	0	19.3719	7.66533	136.462	
11.8151	0.20028	0	-1.61034	0.237051	204.182	
1.11555	0.106906	0	-44.8351	-12.5808	192.364	
10.2191	0.186352	0	36.174	-0.458578	190.97	
4.36406	0.135256	0	15.2128	2.98532	178.158	
7.20675	0.160064	0	-8.74232	-5.90143	204.416	
7.88268	0.165962	0	-40.6832	-4.95825	224.244	
8.45952	0.170996	0	30.3344	-2.18859	208.903	
4.85978	0.139582	0	16.397	-19.4895	142.822	
13.9274	0.218714	0	-49.789	-9.63404	189.645	
7.38858	0.16165	0	-5.40103	-4.95533	180.422	
3.54479	0.128106	0	-11.6258	6.1954	211.059	
9.10853	0.17666	0	-22.6681	-2.46962	226.583	
4.67517	0.137971	0	9.21045	13.9953	209.031	
7.5415	0.162985	0	-8.27678	-1.30347	187.311	
6.01914	0.044643	3.14159	25.7303	10.8986	200.312	
3.24907	0.068817	3.14159	-18.8357	13.1557	209.604	
14.979	0.227891	0	-3.37567	5.34473	224.107	
1.89668	0.0806191	3.14159	-96.0424	6.9345	181.412	
4.65252	0.137773	0	-15.6723	-3.76301	181.689	
2.2427	0.0775994	3.14159	57.2946	-6.49113	216.964	
3.01781	0.123507	0	21.267	5.04571	217.822	
0.771608	0.103905	0	-39.0193	5.75807	204.371	
9.31035	0.178421	0	64.3949	1.08068	225.356	
5.88359	0.0458259	3.14159	-48.5464	-9.93315	223.923	
4.24343	0.0601393	3.14159	27.0183	6.73999	165.309	
2.7326	0.0733241	3.14159	-49.6766	1.20135	212.972	
8.80485	0.17401	0	-31.6604	2.08209	192.075	
2.89293	0.122417	0	74.1034	13.4697	215.668	
5.74563	0.147313	0	53.405	10.5112	175.11	
9.80897	0.182773	0	10.5253	-4.80767	218.987	
3.8811	0.0633013	3.14159	-67.1419	3.84744	170.471	
0.0832434	0.0964447	3.14159	49.3116	66.2451	-32.8401	
13.0734	0.211261	0	9.76921	-8.8502	247.405	
2.39609	0.118082	0	-13.5283	5.84448	213.874	
6.47371	0.153666	0	16.1446	10.3533	205.135	
1.67603	0.111798	0	-21.1003	-8.58016	251.927	
5.32102	0.143607	0	-15.4025	-20.853	220.208	
5.44988	0.144732	0	-21.3113	9.19383	222.102	
3.41489	0.0673699	3.14159	-56.3262	-3.56365	205.344	
0.136314	0.0983608	0	113.347	72.4676	25.5156	
0.233838	0.0951305	3.14159	-69.3892	-15.3584	-7.66965	
21.0278	0.280678	0	40.5956	4.55485	264.475	
2.70724	0.120797	0	-43.9775	-1.79248	180.973	
12.507	0.206318	0	43.7105	10.1395	227.975	
2.89335	0.0719213	3.14159	22.1885	-5.96498	226.725	
14.6275	0.224824	0	-24.9501	-3.60948	232.592	
0.57109	0.0921874	3.14159	213.375	25.6518	151.535	
0.89013	0.104939	0	-30.3454	-1.35517	284.721	
2.81019	0.121695	0	-1.45866	13.2251	198.566	
8.09737	0.167836	0	-2.87072	-0.896671	180.188	
6.92427	0.157598	0	-1.96364	-8.64116	221.359	
12.7607	0.208532	0	37.4115	-1.90684	228.152	
13.0783	0.211304	0	-10.523	3.8557	226.825	
12.4942	0.206207	0	5.08883	5.90722	246.917	
4.7253	0.138408	0	17.1322	-3.00572	159.59	
9.06126	0.176248	0	-0.418896	6.0621	193.525	
7.40684	0.16181	0	28.3236	5.46554	199.798	
5.46564	0.144869	0	-5.53422	-2.98736	212.094	
3.97871	0.131893	0	-22.5019	-13.6556	206.23	
3.13011	0.124487	0	-8.06668	2.91125	196.295	
5.361	0.143956	0	17.6776	-1.62513	194.257	
4.5012	0.0578898	3.14159	-18.3863	-10.3369	169.212	
4.20206	0.133842	0	-56.4173	-4.56891	149.545	
5.77228	0.147545	0	56.263	-10.8576	228.681	
14.4968	0.223682	0	1.81832	-2.98364	221.427	
4.04259	0.0618921	3.14159	-0.627312	4.53297	182.806	
2.04614	0.0793148	3.14159	37.7743	8.94742	219.89	
2.35209	0.0766448	3.14159	27.5173	-14.6583	185.09	
0.643002	0.0915598	3.14159	-36.3309	3.98544	132.481	
10.9151	0.192426	0	39.6841	7.10351	258.278	
0.153215	0.0985083	0	-0.66698	-11.0425	-37.627	
11.097	0.194014	0	2.37093	5.28534	232.251	
11.3566	0.196279	0	15.5618	18.6124	217.331	
5.95858	0.0451714	3.14159	25.3769	11.6427	194.843	
3.05101	0.123797	0	26.9648	-16.3213	177.783	
2.73652	0.121052	0	24.1698	7.07362	184.107	
3.64558	0.0653567	3.14159	-10.4617	-10.0242	185.113	
17.356	0.248635	0	20.7431	12.406	243.085	
8.21981	0.168904	0	11.1316	-10.519	203.328	
0.257877	0.0994217	0	-105.951	-34.94	39.5945	
4.2173	0.133975	0	-1.2556	10.3693	167.921	
8.14601	0.16826	0	36.3118	-0.60691	227.376	
18.3895	0.257654	0	-4.06898	5.90572	263.368	
12.3038	0.204545	0	-0.0128065	-5.20281	219.404	
2.73366	0.121027	0	-49.8177	-8.65427	239.608	
4.22378	0.0603109	3.14159	0.330408	7.42116	169.351	
6.15753	0.150907	0	3.11066	1.33765	179.957	
5.83157	0.0462798	3.14159	-13.4513	0.401234	212.017	
0.238067	0.0992488	0	-149.951	-64.6374	103.22	
8.15814	0.168366	0	-31.5474	7.02429	212.723	
2.61273	0.119972	0	-36.1352	-3.86007	204.809	
5.57213	0.145798	0	-7.77954	-12.5803	191.97	
2.24431	0.0775854	3.14159	-12.7719	16.5224	183.186	
3.33	0.0681107	3.14159	-42.4953	-5.1957	181.093	
1.06457	0.106462	0	143.438	19.1051	155.764	
9.4858	0.179952	0	-42.1982	1.93369	176.192	
2.90321	0.122507	0	71.6695	2.98636	209.908	
7.53728	0.162948	0	17.1759	-6.7049	214.221	
15.5788	0.233125	0	-32.6528	7.09169	223.089	
16.7104	0.243	0	15.2501	-3.12163	257.727	
0.0471678	0.0975828	0	-17.4825	-35.8746	27.2699	
4.28672	0.134581	0	9.52978	-14.7723	199.13	
12.3857	0.20526	0	15.6953	0.524956	206.754	
4.83666	0.0549623	3.14159	-33.4342	-7.64436	198.065	
4.29033	0.134612	0	21.9531	1.72976	187.375	
8.14556	0.168256	0	-67.9094	0.91802	196.281	
5.7675	0.046839	3.14159	-0.196676	-20.6181	191.852	
6.25045	0.151718	0	-1.01567	7.57406	186.457	
0.647515	0.0915204	3.14159	-73.3541	-24.0123	260.775	
12.2011	0.203649	0	-20.4319	7.75282	207.958	
6.4532	0.153487	0	30.7605	7.54381	197.349	
1.88249	0.113599	0	31.8873	7.02099	159.742	
2.21578	0.0778343	3.14159	2.35544	-4.91255	221.2	
8.19417	0.168681	0	-18.9729	-9.11085	192.182	
1.17958	0.0868771	3.14159	15.1573	7.83834	194.164	
2.73061	0.121001	0	-38.8883	-9.44572	261.628	
0.170747	0.0956811	3.14159	-102.252	-35.9585	60.0222	
11.3903	0.196573	0	-32.6853	2.25777	201.494	
17.9964	0.254224	0	0.351756	2.62588	223.005	
9.20737	0.177523	0	30.5202	11.6176	179.633	
4.05356	0.132546	0	4.61339	6.73795	202.89	
15.9211	0.236112	0	12.6299	0.806344	225.82	
2.89266	0.122415	0	59.663	-1.34038	132.566	
1.9208	0.0804086	3.14159	-1.05624	5.31399	192.759	
15.6702	0.233923	0	-35.7774	-6.86093	209.347	
15.1117	0.229049	0	19.9781	8.60412	227.105	
18.8345	0.261538	0	-10.4221	-1.67548	223.123	
2.3415	0.0767372	3.14159	38.8351	4.6278	193.521	
0.751191	0.0906156	3.14159	-180.339	-28.488	144.424	
5.67538	0.0476429	3.14159	12.3503	-1.05714	190.391	
1.81151	0.11298	0	-13.0664	-13.1812	168.156	
4.4871	0.136329	0	-42.4977	-13.1753	147.094	
1.36867	0.085227	3.14159	73.798	-8.75173	187.498	
1.52806	0.083836	3.14159	3.78911	-2.8918	191.947	
16.5835	0.241893	0	11.2928	-1.60721	216.647	
2.71119	0.120831	0	6.22854	14.4568	181.443	
9.46945	0.17981	0	-70.6667	-3.95253	215.304	
3.06775	0.123943	0	-32.3619	-4.40237	217.879	
0.0762009	0.0978362	0	-48.8251	-106.785	-3.6545	
2.95644	0.122972	0	18.5653	-5.0254	149.219	
16.7682	0.243505	0	-26.4064	2.84573	222.75	
1.35635	0.109008	0	-4.40397	12.1483	214.077	
11.6696	0.19901	0	10.5115	-6.20491	282.229	
8.24392	0.169115	0	-18.7369	-9.19913	197.012	
2.81714	0.0725864	3.14159	11.8821	9.45102	191.754	
15.18	0.229645	0	-9.19176	-1.83935	251.542	
0.146012	0.0984454	0	17.4992	-19.2319	77.5575	
8.1435	0.168238	0	-51.319	5.16199	170.044	
2.2702	0.0773595	3.14159	16.4015	1.41456	215.343	
8.42072	0.170658	0	28.77	-2.41985	197.98	
2.41144	0.0761269	3.14159	19.2741	-8.35688	204.533	
4.68076	0.0563228	3.14159	8.00344	-5.16957	223.191	
1.73638	0.0820181	3.14159	55.2987	-17.18	210.711	
13.7534	0.217196	0	-2.77167	-0.129923	195.726	
3.35104	0.126415	0	35.9128	-6.75006	165.219	
2.48278	0.118838	0	-46.4703	7.78933	198.886	
2.18827	0.0780745	3.14159	3.43619	-10.6549	180.35	
15.1901	0.229733	0	11.9869	3.1591	247.974	
4.76711	0.0555693	3.14159	6.47109	11.2716	220.122	
3.39164	0.0675728	3.14159	-29.1755	8.38807	207.145	
4.4847	0.136309	0	-5.20173	-2.44848	196.653	
4.54986	0.136877	0	-9.73824	-2.0626	174.459	
1.9104	0.113843	0	80.9467	5.94094	123.586	
10.7398	0.190896	0	6.78716	-1.77704	219.99	
8.53393	0.171646	0	-1.91539	4.54652	202.503	
3.16248	0.12477	0	-57.2916	-1.34981	170.848	
6.42955	0.153281	0	6.78106	4.2899	163.281	
5.4038	0.144329	0	6.67361	6.77648	187.48	
15.0506	0.228516	0	20.0044	5.32426	197.462	
1.59725	0.0832322	3.14159	24.0537	6.04031	192.816	
2.07478	0.0790649	3.14159	76.7472	2.58694	186.361	
1.55974	0.110783	0	25.6775	11.638	186.978	
12.8588	0.209388	0	39.6739	9.98142	230.665	
5.62818	0.146288	0	46.5919	6.45777	157.068	
17.2388	0.247612	0	-15.5468	-2.55692	216.81	
1.48782	0.0841872	3.14159	-7.22394	2.6478	184.673	
6.0855	0.150279	0	-0.547343	9.48874	231.889	
15.66	0.233834	0	17.0798	0.915812	250.842	
0.0821098	0.0978878	0	98.1688	133.148	8.32078	
6.35676	0.152646	0	-39.6482	3.95225	214.939	
5.73189	0.147193	0	-54.7297	11.8215	198.779	
11.0376	0.193495	0	-13.2862	2.14664	255.255	
14.4592	0.223355	0	13.647	-5.48689	194.553	
3.25218	0.125553	0	-12.1185	-15.849	173.208	
0.138149	0.0983768	0	-24.5468	-38.0934	9.91304	
10.267	0.18677	0	34.1631	1.70702	188.31	
1.65812	0.082701	3.14159	-3.01537	16.4044	159.557	
9.91371	0.183687	0	-17.7244	8.13206	183.466	
12.5785	0.206942	0	-28.0771	-2.36429	216.517	
1.98088	0.114458	0	58.2178	1.62503	200.815	
15.3351	0.230999	0	18.7434	-0.179276	254.515	
4.4825	0.136289	0	-5.81661	-1.91372	134.376	
5.4024	0.0500252	3.14159	32.6438	19.0779	173.368	
5.36892	0.144025	0	2.496	-0.605024	178.911	
3.41335	0.126959	0	-31.6834	-7.27696	130.195	
9.06489	0.176279	0	15.7522	14.6477	184.076	
4.62846	0.137563	0	-0.373318	-8.78066	173.049	
17.5416	0.250254	0	5.30629	-8.99584	238.328	
5.61903	0.146208	0	-0.621577	2.17601	197.853	
15.5681	0.233032	0	2.41121	-7.68704	196.974	
15.1054	0.228994	0	-20.8056	-2.98287	214.816	
0.0977388	0.0963182	3.14159	-14.4362	-62.3601	74.131	
1.85568	0.113365	0	-18.5161	0.258466	226.817	
2.29063	0.0771812	3.14159	-53.3124	4.54505	206.595	
9.27795	0.178139	0	24.6521	6.76633	235.982	
0.645358	0.0915392	3.14159	-60.3781	-0.958438	158.548	
5.04204	0.141172	0	-29.0135	-16.1664	182.322	
7.79186	0.16517	0	10.0472	11.1079	191.485	
14.5791	0.224401	0	-6.96283	-1.12983	260.166	
5.71073	0.147008	0	-43.3754	4.91154	200.986	
10.8327	0.191706	0	-49.8694	3.49981	210.306	
1.05554	0.106383	0	-38.1129	6.2453	241.986	
3.36215	0.126512	0	-32.2904	9.27036	193.398	
0.193397	0.0988589	0	-86.6498	-22.9342	-3.75784	
10.1019	0.185329	0	-21.1257	-15.1847	193.799	
3.86819	0.130928	0	17.4355	3.75132	138.921	
15.1239	0.229155	0	10.0548	9.32829	233.099	
3.07063	0.0703742	3.14159	8.4441	12.002	185.604	
6.26382	0.151835	0	55.3576	-11.6882	193.372	
0.859376	0.104671	0	-94.4903	10.0875	183.593	
4.48389	0.136302	0	31.7679	3.80277	218.229	
11.4829	0.197381	0	-32.7246	-7.46334	263.324	
5.88091	0.148493	0	-13.7794	-2.1919	197.913	
2.1874	0.0780821	3.14159	16.11	-1.48433	201.869	
0.157158	0.0985427	0	-38.1518	-10.0433	59.0879	
5.84501	0.14818	0	-11.2925	12.9305	193.434	
10.93	0.192556	0	-15.5337	3.32439	257.333	
19.817	0.270111	0	-4.69422	1.28639	233.825	
5.94807	0.149079	0	29.7995	-10.3237	226.575	
10.5235	0.189008	0	-8.13261	0.555597	246.736	
5.7434	0.147293	0	-26.6576	-2.69079	247.518	
9.6751	0.181605	0	7.60963	7.86516	260.299	
12.1559	0.203254	0	-34.2052	2.3817	247.791	
0.516511	0.0926637	3.14159	19.9374	-24.5468	185.039	
16.2967	0.239391	0	-30.6463	-4.93162	255.496	
1.34928	0.108946	0	-35.1932	19.405	248.163	
0.524941	0.101752	0	29.3612	-3.02579	168.225	
15.3975	0.231543	0	39.226	-6.17385	244.084	
10.8713	0.192044	0	10.3642	6.46135	192.158	
2.49284	0.0754165	3.14159	-43.1707	4.91404	154.015	
3.15678	0.0696224	3.14159	10.0112	11.6727	229.88	
0.639925	0.102756	0	94.9835	29.7634	188.386	
4.26126	0.0599837	3.14159	35.1604	3.83362	212.658	
0.310045	0.0998769	0	65.6405	33.4879	86.9899	
1.81121	0.081365	3.14159	43.3533	1.7856	164.352	
1.92908	0.114006	0	24.8695	5.78025	199.236	
18.0585	0.254766	0	10.9769	2.83539	252.068	
20.8043	0.278727	0	12.5162	8.43144	233.79	
1.80742	0.0813981	3.14159	-21.0116	1.40864	160.985	
7.68036	0.164197	0	-45.7142	-5.76011	220.851	
8.73058	0.173362	0	-41.4444	2.15874	237.597	
6.94867	0.157811	0	23.0992	12.3444	186.082	
8.63717	0.172547	0	-12.0284	6.76957	200.379	
2.60042	0.119865	0	25.1773	-9.31806	167.888	
0.150624	0.0984857	0	88.7803	30.0871	64.2456	
0.320358	0.0943755	3.14159	-61.66	-18.0044	39.7844	
12.9169	0.209895	0	-59.36	-4.10106	195.651	
5.89911	0.148652	0	26.3555	4.18936	179.994	
9.95404	0.184039	0	9.67968	-7.52703	191.42	
1.08165	0.106611	0	18.4075	24.5549	262.557	
8.01952	0.167156	0	-40.9575	-6.10537	198.991	
0.468045	0.101256	0	-5.53953	3.68335	206.564	
3.40998	0.0674128	3.14159	36.4718	-2.57189	198.936	
3.10994	0.0700312	3.14159	25.74	18.4839	150.475	
2.28453	0.117108	0	27.3135	-5.24164	177.767	
8.43977	0.170824	0	-3.989	-0.739643	191.017	
1.22131	0.086513	3.14159	-75.9994	2.37403	221.156	
3.43312	0.0672108	3.14159	1.8688	5.32832	200.729	
12.8008	0.208882	0	5.32847	11.0941	226.97	
2.35197	0.117696	0	1.3633	-5.4663	212.333	
0.494239	0.092858	3.14159	-207.13	-41.3629	109.177	
2.37264	0.0764654	3.14159	-32.7587	-19.1765	166.484	
3.05123	0.123799	0	0.955001	4.21086	188.394	
2.15664	0.0783505	3.14159	-5.25861	4.66766	202.255	
3.81113	0.13043	0	-23.3843	-7.53471	228.977	
7.20746	0.16007	0	-50.1331	7.62329	198.103	
9.21589	0.177597	0	-1.81671	-12.7975	211.915	
9.16243	0.177131	0	-38.9037	0.694767	240.485	
15.2231	0.230021	0	18.1069	-2.12892	196.099	
11.6656	0.198975	0	5.94188	-7.50529	192.645	
8.14169	0.168223	0	-27.1647	-2.51967	190.693	
4.56479	0.137007	0	-42.1434	-2.12215	186.409	
5.02666	0.141038	0	15.263	-4.63892	128.831	
3.86964	0.130941	0	23.6215	3.03832	192.742	
1.11075	0.106865	0	-5.26242	8.01467	231.32	
13.1163	0.211635	0	-10.514	5.07512	207.543	
14.2983	0.22195	0	-10.087	3.82961	252.931	
2.37199	0.117871	0	-35.54	2.07952	211.813	
6.65379	0.155238	0	-34.0811	5.90921	152.231	
13.9908	0.219267	0	13.9944	-8.61443	213.99	
0.945401	0.0889208	3.14159	-48.0773	5.47938	208.156	
0.173795	0.0956545	3.14159	-23.6318	-14.7948	83.4658	
4.18746	0.0606278	3.14159	-16.7411	-12.2147	171.926	
8.53453	0.171651	0	-12.6937	6.51227	175.128	
1.63163	0.11141	0	55.5256	3.42645	187.503	
2.25681	0.116866	0	9.99391	1.4556	233.455	
2.33203	0.117523	0	37.0613	14.0163	200.877	
2.5587	0.119501	0	-45.8273	-6.14378	190.354	
0.822035	0.104345	0	-31.2862	-11.4265	208.903	
3.02747	0.0707509	3.14159	45.413	5.58562	190.69	
1.59386	0.111081	0	-79.2189	2.50988	183.984	
1.15708	0.107269	0	-4.81207	-3.50865	189.402	
13.5595	0.215504	0	-32.2491	2.69881	239.204	
13.0336	0.210913	0	-18.5951	0.935643	251.098	
5.18131	0.142388	0	-2.31019	-0.332436	226.639	
9.47003	0.179815	0	-2.96709	-8.99915	190.371	
3.92464	0.0629214	3.14159	-39.463	-14.1426	165.366	
11.5922	0.198335	0	38.9475	-8.7532	189.082	
4.65624	0.137806	0	-1.19833	-3.03342	174.171	
7.78562	0.165115	0	21.7852	-8.39911	156.188	
6.40009	0.0413185	3.14159	18.3754	-2.26741	231.173	
3.48937	0.127623	0	7.46341	3.77703	180.516	
4.96409	0.140492	0	-31.5117	-12.6631	176.989	
11.259	0.195427	0	-33.8018	0.27324	207.002	
11.2008	0.194919	0	42.2467	-7.83792	227.841	
4.48305	0.136294	0	20.562	-19.5197	222.855	
12.1414	0.203128	0	-2.98633	-5.84804	161.99	
3.46095	0.127374	0	-22.0563	-5.79207	173.956	
0.637291	0.0916096	3.14159	88.1401	4.20064	194.809	
5.61674	0.146188	0	-31.8379	7.35726	192.623	
2.80972	0.121691	0	27.0911	-12.2121	219.786	
1.79393	0.0815158	3.14159	59.3234	12.0944	258.741	
8.25556	0.169216	0	-16.5847	-16.3896	202.015	
9.45771	0.179707	0	35.353	-9.08467	186.719	
5.03586	0.141119	0	20.7404	6.04229	194.677	
0.386812	0.100547	0	-87.8432	-18.3663	35.0467	
4.26876	0.134424	0	-87.3745	-9.3637	193.51	
0.0780771	0.0964898	3.14159	2.80366	44.1633	61.5696	
1.29896	0.0858354	3.14159	-97.9915	-5.78048	193.292	
1.02747	0.0882046	3.14159	-47.208	-6.69547	248.748	
6.50175	0.0404313	3.14159	-22.9956	2.54558	212.844	
0.176245	0.0956331	3.14159	188.39	89.3438	20.5326	
3.38621	0.0676202	3.14159	-15.4805	6.11977	195.701	
2.55728	0.119488	0	-43.8854	3.04777	168.423	
13.3051	0.213283	0	-18.2707	2.88791	252.755	
27.4963	0.337128	0	-32.487	5.21124	240.368	
7.29083	0.160797	0	16.3706	1.17017	239.068	
11.2924	0.195718	0	-6.29652	7.7319	215.243	
11.1273	0.194278	0	-29.3728	-0.51716	237.904	
0.224172	0.0952149	3.14159	-235.046	-92.9265	9.17137	
7.9967	0.166957	0	65.005	-3.96994	157.755	
7.42483	0.161967	0	-3.38627	6.48565	186.913	
4.28622	0.134577	0	-19.2106	-4.2145	205.434	
0.503781	0.0927748	3.14159	35.2981	37.2631	276.048	
11.3398	0.196132	0	-17.2303	-0.542443	212.864	
13.8793	0.218294	0	-5.14399	-3.07057	224.297	
0.0852394	0.0979151	0	17.0427	-0.92582	-68.2529	
13.3674	0.213827	0	-9.74283	9.02141	229.687	
3.8042	0.13037	0	-16.6354	-8.7828	169.456	
1.72652	0.0821041	3.14159	37.2829	-0.39867	205.014	
12.3587	0.205024	0	7.46061	2.93411	217.164	
10.341	0.187416	0	-30.3898	-3.21032	199.207	
12.5902	0.207044	0	-6.69331	-9.36028	211.152	
3.55289	0.128177	0	6.3532	-5.96284	176.226	
8.44969	0.170911	0	84.3624	9.39766	215.235	
1.46548	0.0843822	3.14159	54.8515	-1.06267	197.986	
9.7583	0.182331	0	-12.6576	-1.12485	246.706	
5.39904	0.144288	0	14.9653	17.3776	197.432	
2.2766	0.117039	0	-20.6549	-1.99593	205.596	
3.12805	0.124469	0	10.9993	4.58086	187.914	
12.7945	0.208827	0	47.9571	-0.574012	208.858	
19.7034	0.26912	0	-35.913	-3.2998	226.183	
8.25431	0.169205	0	-13.6019	5.28939	213.301	
5.0442	0.141191	0	31.7212	-11.3152	167.903	
15.0773	0.228749	0	-44.2078	9.82559	219.744	
5.84296	0.148162	0	29.3836	-9.01718	190.73	
5.4274	0.144535	0	54.9859	9.62325	184.26	
7.16225	0.159675	0	29.7701	-2.43793	205.202	
10.4829	0.188654	0	-10.4679	-2.54125	172.995	
6.09772	0.0439572	3.14159	-37.5707	-0.846173	197.57	
14.7988	0.226318	0	-5.66417	2.77932	237.344	
0.138205	0.0959651	3.14159	-187.171	-115.306	61.3864	
5.06665	0.0529552	3.14159	40.1854	11.4126	181.654	
4.68218	0.138032	0	40.0451	-14.0077	217.692	
13.1272	0.211731	0	-12.7857	-3.31181	230.572	
7.40805	0.16182	0	5.67774	12.8759	174.114	
4.04291	0.132453	0	-2.989	5.05675	154.377	
9.49324	0.180017	0	28.1379	13.1582	222.209	
2.87187	0.122234	0	16.6745	7.01187	182.251	
36.4122	0.414936	0	21.3817	1.07676	224.572	
9.15296	0.177048	0	74.4432	0.772383	225.984	
4.05073	0.132521	0	-13.3418	7.92561	205.383	
6.23088	0.151547	0	-39.3045	6.35226	184.941	
14.2651	0.221661	0	10.7149	6.12008	204.88	
2.78284	0.0728857	3.14159	52.0741	-2.1506	244.152	
7.38988	0.0326807	3.14159	-35.6498	7.60094	213.481	
1.08823	0.106668	0	-12.8767	-6.16019	184.792	
4.57523	0.0572438	3.14159	55.1419	-1.29613	193.373	
8.04664	0.167393	0	-10.4697	-3.78006	207.848	
11.3775	0.196461	0	11.1056	5.64559	244.837	
3.60576	0.128638	0	-0.95558	12.0327	202.845	
7.80146	0.165253	0	20.5235	-1.21611	184.608	
3.02238	0.123547	0	-4.28077	-2.78587	179.354	
0.453735	0.0932115	3.14159	-106.767	-24.6563	218.719	
11.1989	0.194903	0	31.6033	-5.79798	220.952	
11.2873	0.195674	0	-68.4416	-11.5867	188.526	
6.91344	0.157504	0	-34.5435	4.86688	177.628	
7.22513	0.160224	0	35.7567	2.20059	185.456	
0.367226	0.0939665	3.14159	-38.0481	-4.57691	98.6784	
4.37612	0.0589814	3.14159	38.7388	-23.1904	171.919	
0.103132	0.0980712	0	-52.5123	-41.2571	-68.1315	
2.45442	0.118591	0	67.6836	7.45597	180.341	
7.4665	0.16233	0	60.5214	2.91378	217.432	
17.7527	0.252097	0	21.5232	4.01999	232.787	
0.0453622	0.0975671	0	29.8359	131.71	-13.7451	
1.91449	0.113879	0	-7.96283	7.27802	224.794	
10.1646	0.185876	0	9.293	0.128125	211.931	
7.19539	0.159964	0	-32.5013	3.81386	171.683	
3.20188	0.0692288	3.14159	-18.2398	-9.7304	218.664	
5.40494	0.050003	3.14159	17.1817	-15.4375	206.506	
1.0663	0.0878657	3.14159	-61.6854	-15.1171	251.264	
4.64097	0.137672	0	1.70942	3.91523	206.339	
2.60296	0.119887	0	47.518	-5.19398	179.454	
5.91937	0.0455136	3.14159	29.1096	6.71672	172.854	
0.92233	0.0891221	3.14159	-65.761	-7.20397	228.132	
5.1395	0.142023	0	8.17098	6.27539	192.352	
3.232	0.125376	0	-44.4757	1.86282	176.572	
7.86509	0.165809	0	-28.7206	-4.5091	174.101	
4.02602	0.132306	0	-26.4677	-0.606742	166.115	
6.9376	0.157715	0	-10.8653	4.53928	194.707	
2.5681	0.119583	0	9.39679	2.78525	185.988	
2.14831	0.0784232	3.14159	-46.5901	-6.7896	170.396	
1.14151	0.107133	0	-68.4964	5.88082	181.571	
15.3025	0.230714	0	-12.7058	4.80696	242.409	
2.98411	0.123213	0	17.5913	-0.435237	169.498	
0.13924	0.0959561	3.14159	153.333	88.8554	86.3042	
0.819938	0.104327	0	-98.8354	-5.6257	211.704	
0.476875	0.0930096	3.14159	27.9344	0.93746	86.6471	
7.89531	0.166072	0	24.3508	9.66632	191.082	
11.3751	0.19644	0	-38.2244	-5.77388	190.577	
0.278219	0.0947432	3.14159	57.055	7.22235	113.588	
5.07565	0.141466	0	-44.5253	-1.43755	181.107	
4.43866	0.0584356	3.14159	-4.48492	-4.64314	182.372	
1.15215	0.0871165	3.14159	-47.2496	7.99199	250.885	
7.29834	0.160863	0	-2.6327	-8.93626	214.175	
12.7527	0.208462	0	-4.26922	-8.08938	256.645	
13.3846	0.213977	0	20.6163	-3.05465	235.565	
3.49178	0.0666989	3.14159	28.5452	-8.53613	157.331	
2.49036	0.118904	0	-3.49853	1.79875	183.835	
6.46323	0.0407674	3.14159	-6.01944	-13.5173	185.916	
6.35156	0.1526	0	44.6011	-0.286947	180.159	
2.58783	0.119755	0	-17.4177	4.48723	192.228	
10.1698	0.185922	0	-31.4722	5.63504	188.235	
5.23474	0.142854	0	15.5877	3.10936	188.463	
14.8441	0.226714	0	-23.1009	-1.82641	234.221	
13.9679	0.219067	0	-16.3406	4.73673	217.657	
0.211379	0.0990159	0	-19.7747	-2.13109	87.5442	
8.52191	0.171541	0	-1.10001	-4.12419	196.537	
12.9097	0.209833	0	8.13658	7.21557	235.741	
14.0421	0.219715	0	15.3711	-1.79395	228.864	
13.1097	0.211578	0	2.36881	2.40656	226.313	
6.28557	0.152025	0	13.4109	-7.22651	175.76	
2.17444	0.0781951	3.14159	23.6309	-4.86456	173.229	
0.468736	0.101262	0	-36.6337	-15.3687	232.663	
5.52345	0.145374	0	-19.356	0.754449	183.732	
12.1169	0.202914	0	41.1576	0.80546	235.464	
7.54989	0.0312843	3.14159	11.7693	-3.31026	210.12	
4.62237	0.13751	0	-30.269	1.76067	168.263	
14.9968	0.228046	0	28.8477	-8.11434	248.92	
1.32759	0.0855855	3.14159	-4.64029	5.62294	200.231	
2.60862	0.119936	0	-6.08132	-7.37571	205.537	
1.14228	0.0872027	3.14159	-96.9411	2.17666	252.466	
7.64423	0.163881	0	-18.7986	-2.24939	158.892	
4.20891	0.0604406	3.14159	-25.6258	1.31112	188.57	
7.56562	0.163195	0	-13.9285	-4.84046	190.976	
9.47839	0.179888	0	-40.0675	-6.42063	218.287	
1.38268	0.0851047	3.14159	9.53217	5.9721	200.866	
2.47309	0.118754	0	-33.5911	-7.02409	128.07	
6.70082	0.155648	0	16.7483	0.748842	213.714	
6.31597	0.15229	0	13.4444	-11.166	207.605	
3.26865	0.125696	0	-17.1197	-1.86716	189.491	
9.99252	0.184375	0	-3.25611	-2.29542	224.591	
14.3879	0.222732	0	50.2679	4.89574	205.527	
1.93286	0.114039	0	7.79906	27.87	171.924	
5.04781	0.141223	0	15.8373	5.66356	165.31	
7.4743	0.162398	0	23.187	-6.64256	179.611	
0.263826	0.0994736	0	-72.7247	-24.4056	-16.6404	
4.09819	0.0614068	3.14159	5.70405	-2.15017	176.987	
10.2832	0.186911	0	18.1533	-1.2358	194.069	
10.0321	0.18472	0	-14.519	-0.404589	208.647	
13.2704	0.21298	0	6.42732	-2.77815	257.791	
24.1528	0.307949	0	-2.31749	5.05859	237.931	
7.56007	0.163147	0	33.2262	4.89044	209.688	
7.64052	0.163849	0	-16.4063	-11.1215	201.33	
9.45564	0.179689	0	-18.3845	9.21029	199.834	
9.39622	0.179171	0	10.2208	11.348	212.398	
2.51544	0.119123	0	56.4492	5.03211	225.981	
4.27785	0.134503	0	-4.85369	14.1691	200.511	
3.63651	0.128907	0	17.8455	2.05153	184.736	
0.217165	0.0990664	0	4.20557	-27.4521	66.2943	
12.5375	0.206585	0	-39.6659	-1.99305	228.453	
10.9937	0.193112	0	-1.64939	-3.99721	216.809	
1.83659	0.0811435	3.14159	22.0917	20.163	231.734	
9.60131	0.180961	0	47.2586	-2.84989	203.168	
0.306977	0.0944922	3.14159	155.517	75.5761	98.7086	
0.170098	0.0986556	0	-12.5048	-56.1409	147.367	
8.69147	0.173021	0	-54.8219	-10.7579	228.365	
3.02738	0.0707517	3.14159	-43.6179	10.6861	178.833	
4.23647	0.134142	0	18.5119	1.39481	180.834	
7.47287	0.162386	0	-52.2822	-5.34872	182.586	
10.813	0.191534	0	-49.2618	8.06059	193.802	
2.11959	0.0786738	3.14159	5.07838	-0.997382	224.273	
13.4342	0.214409	0	19.4598	8.27747	206.17	
7.56129	0.163158	0	-9.52217	8.15817	158.304	
11.9916	0.20182	0	-1.41702	6.46935	217.771	
0.0474128	0.097585	0	37.004	78.0767	31.3059	
5.81696	0.0464074	3.14159	8.72513	1.72663	227.694	
3.19746	0.125075	0	44.4764	-2.33898	187.02	
5.64006	0.0479511	3.14159	-52.3856	1.47019	228.776	
4.88126	0.0545731	3.14159	-15.5917	-12.1471	199.581	
1.38941	0.085046	3.14159	-72.5943	1.18729	198.074	
15.058	0.228581	0	15.6414	-5.52054	256.502	
7.51283	0.162735	0	-1.57126	5.44282	232.632	
11.0253	0.193387	0	21.439	-1.18493	211.205	
12.8917	0.209676	0	-30.6455	-1.0295	177.788	
6.89711	0.157361	0	-21.873	1.2876	200.199	
8.06802	0.16758	0	14.1886	3.02792	191.661	
4.35729	0.0591457	3.14159	60.879	-0.258626	171.484	
0.184915	0.0955575	3.14159	18.2643	20.0438	45.0736	
1.54458	0.110651	0	25.9454	-3.76436	233.197	
7.31164	0.160979	0	-25.7886	-10.3129	250.209	
0.387017	0.0937938	3.14159	24.1556	5.98507	19.2386	
12.2849	0.20438	0	-16.4104	-8.0769	213.478	
2.63632	0.0741644	3.14159	-96.85	-10.6277	201.358	
1.5487	0.110687	0	72.9281	11.5379	182.026	
15.2858	0.230568	0	-16.7414	-4.91859	243.623	
2.51876	0.119152	0	-23.5072	10.0229	183.105	
1.86384	0.113437	0	-44.1059	-23.4721	210.749	
9.74473	0.182212	0	-31.1968	6.23197	188.527	
12.7987	0.208864	0	-0.924441	6.92873	243.346	
0.360847	0.10032	0	-15.6271	-9.05859	61.3311	
11.7743	0.199924	0	2.82818	1.3132	234.238	
2.51708	0.075205	3.14159	-28.3843	-2.45476	176.531	
3.88562	0.13108	0	-22.746	-1.83483	183.046	
2.61271	0.119972	0	-2.18462	3.44622	193.655	
2.74166	0.121097	0	-17.6985	-2.73869	204.305	
0.192302	0.095493	3.14159	228.075	125.883	73.9657	
6.30855	0.152225	0	-52.5197	-1.46357	170.737	
11.5956	0.198365	0	-10.7617	-11.5853	218.413	
22.3909	0.292573	0	-38.3881	4.54466	241.238	
3.58412	0.128449	0	-5.82738	7.20952	179.8	
8.88997	0.174753	0	-41.4146	-1.81847	234.11	
8.60324	0.172251	0	-27.4846	8.22675	163.567	
3.7525	0.0644236	3.14159	11.4646	3.77057	188.982	
12.4389	0.205724	0	4.98152	-3.84834	236.323	
6.94031	0.157738	0	-32.8493	9.67648	205.105	
3.06698	0.123936	0	40.3058	-11.5846	187.807	
0.229483	0.0991739	0	-113.227	-57.9908	113.294	
13.1457	0.211892	0	18.7407	6.87038	213.791	
8.49503	0.171306	0	-60.234	-8.0877	173.173	
5.0432	0.141183	0	36.297	-2.33335	203.069	
6.57999	0.154594	0	22.3968	8.3121	165.1	
1.09515	0.087614	3.14159	60.7267	-3.27786	199.938	
7.66316	0.164047	0	24.9311	-7.06251	161.417	
12.7122	0.208109	0	15.4032	-13.7406	217.41	
6.63852	0.155105	0	-43.2317	-9.11398	221.918	
2.53928	0.119331	0	14.7875	-7.57934	172.388	
2.93316	0.0715739	3.14159	17.896	-0.892326	180.075	
13.304	0.213274	0	-23.2131	2.22366	185.483	
5.34512	0.0505251	3.14159	15.4621	-7.18376	141.083	
12.1946	0.203592	0	-18.722	-11.4626	213.791	
5.13191	0.141957	0	-21.3645	-9.27297	176.073	
16.7597	0.243431	0	5.02419	-4.66396	234.006	
0.155516	0.0985284	0	29.6514	44.3311	52.8446	
6.55085	0.15434	0	47.557	-6.90252	165.349	
10.8482	0.191842	0	11.711	-5.04901	192.923	
4.06634	0.0616848	3.14159	-35.4787	4.67839	204.491	
4.07029	0.132692	0	41.9161	-6.82719	192.279	
4.80891	0.139138	0	13.6245	8.38105	161.531	
3.58298	0.128439	0	24.3409	-11.3676	126.649	
4.40738	0.0587085	3.14159	-43.9093	-9.32894	152.444	
0.180041	0.0956	3.14159	-229.736	-120.195	31.4195	
5.22772	0.142793	0	-37.2835	1.20056	153.117	
6.77067	0.156258	0	10.2468	-13.8987	163.791	
0.884001	0.104886	0	-64.2436	-12.861	144.449	
10.2781	0.186866	0	-44.3246	-9.2534	236.013	
17.9872	0.254143	0	35.987	4.14204	232.691	
18.5982	0.259475	0	9.57917	0.572195	236.281	
6.73453	0.155943	0	-15.8635	3.74994	186.423	
14.8741	0.226976	0	-5.55261	6.63948	203.313	
3.27103	0.0686254	3.14159	33.7515	4.25482	183.616	
0.00470854	0.0972123	0	-5.98209	52.3879	4.10346	
5.28471	0.14329	0	13.9258	17.7778	218.259	
0.0472537	0.0967588	3.14159	-17.4348	16.0623	25.4996	
18.5792	0.25931	0	-9.42495	-9.15605	257.914	
13.4543	0.214585	0	-3.59969	-0.547555	220.647	
3.76709	0.0642963	3.14159	-34.703	-9.2207	125.495	
3.7725	0.0642491	3.14159	4.90228	2.01162	172.544	
3.43264	0.067215	3.14159	65.1406	9.83563	195.32	
14.846	0.226731	0	-18.9306	-1.64812	266.633	
0.610665	0.091842	3.14159	91.7094	20.44	213.871	
1.19687	0.107616	0	21.6961	17.2151	190.563	
2.39446	0.118067	0	35.9064	13.838	153.366	
2.3789	0.0764108	3.14159	40.8149	6.40478	163.071	
3.97966	0.131901	0	-21.4554	-4.32709	160.322	
11.6467	0.198811	0	34.3871	10.8639	196.478	
0.0510505	0.0976167	0	119.893	218.993	38.1861	
4.07898	0.132768	0	5.62748	-16.7636	187.839	
0.733669	0.0907686	3.14159	-18.2267	-20.0064	195.24	
3.05997	0.0704672	3.14159	-14.6665	-16.8865	174.076	
2.38108	0.117951	0	-51.8417	19.3441	184.333	
1.44878	0.0845279	3.14159	-29.4938	-5.46715	218.782	
0.243862	0.0992993	0	44.9491	2.29848	59.5853	
10.8438	0.191804	0	-6.23671	-1.92042	228.584	
0.893328	0.0893752	3.14159	-46.9785	-15.7371	212.375	
2.96948	0.071257	3.14159	-36.3098	-1.69999	182.226	
6.47436	0.153672	0	-14.6541	8.3015	200.476	
10.0587	0.184952	0	36.1553	-4.79105	214.915	
17.3405	0.248499	0	5.40288	1.18708	233.052	
0.248113	0.0993364	0	-9.87322	4.80178	55.0754	
13.0491	0.211049	0	-16.2918	-2.35478	222.852	
5.31748	0.143576	0	6.24243	10.9548	205.812	
1.97532	0.11441	0	-2.23978	15.1973	214.004	
2.20584	0.0779211	3.14159	-5.15236	-8.29719	228.563	
4.30771	0.134764	0	64.0203	3.52549	206.974	
6.3564	0.152643	0	-31.4701	-18.5216	199.076	
17.4772	0.249692	0	-15.6073	6.53679	227.945	
6.75696	0.156138	0	-12.934	3.37424	151.81	
2.05733	0.115125	0	-49.9524	-9.70336	172.742	
11.944	0.201405	0	-3.89191	-1.82971	191.811	
3.34231	0.126339	0	25.9034	18.4002	218.445	
6.7024	0.155662	0	5.55016	-1.43697	186.568	
0.145315	0.0959031	3.14159	91.9498	69.0824	-1.94189	
0.290438	0.0946366	3.14159	-32.9918	11.3343	53.5878	
6.30183	0.152166	0	-12.628	12.5202	177.157	
2.4764	0.118782	0	-64.3444	4.78294	199.113	
3.79043	0.0640926	3.14159	46.2442	-3.03089	180.134	
3.33446	0.126271	0	-19.8463	2.4446	206.653	
6.27133	0.1519	0	-20.4014	-0.517145	190.696	
1.66593	0.0826328	3.14159	-21.9668	11.0994	172.353	
4.12795	0.133195	0	26.9289	-4.21758	181.386	
1.79597	0.112844	0	6.55196	3.54532	204.927	
0.11788	0.0961425	3.14159	25.6282	5.01474	44.6173	
3.69135	0.129385	0	44.5455	-8.21433	161.507	
3.03671	0.0706703	3.14159	43.8395	9.2533	170.213	
11.1383	0.194374	0	-25.663	-6.71006	203.345	
15.0164	0.228218	0	-18.8871	-2.25461	193.555	
1.17762	0.107448	0	-29.6699	14.9355	231.981	
1.20613	0.107697	0	85.701	13.7235	233.668	
3.72834	0.129708	0	-23.0891	-5.33408	162.502	
8.57785	0.172029	0	2.55697	6.97774	170.052	
2.40906	0.118195	0	32.4137	-7.15246	183.149	
6.12658	0.150637	0	-14.1983	-5.42756	155.332	
2.99944	0.0709955	3.14159	5.73129	6.04644	216.631	
2.35282	0.0766384	3.14159	-6.55509	4.95348	159.278	
5.99671	0.149504	0	35.5629	2.96452	201.73	
7.96136	0.166649	0	-18.3787	3.53518	170.975	
6.27218	0.151908	0	22.5604	-0.405437	187.338	
1.43078	0.0846849	3.14159	-59.192	-13.1393	243.518	
11.7628	0.199824	0	39.3564	4.02834	236.029	
1.27814	0.108325	0	20.4568	3.40141	154.031	
3.726	0.129688	0	-20.5056	-4.00044	159.527	
3.12218	0.124418	0	18.4919	-3.02647	182.769	
8.9338	0.175135	0	-91.6146	-13.191	208.846	
5.76235	0.046884	3.14159	2.11904	8.47805	183.726	
8.39328	0.170418	0	44.2313	-4.53677	183.65	
9.72396	0.182031	0	-19.1473	-6.16369	156.849	
2.68905	0.120638	0	-6.56495	-2.80958	189.811	
1.81139	0.112979	0	32.6031	1.63661	223.25	
0.734987	0.103585	0	-13.2223	2.171	193.523	
8.45463	0.170954	0	51.9434	-11.8794	204.999	
0.171426	0.0956752	3.14159	-99.7329	-54.2455	77.344	
3.17547	0.124883	0	46.7768	5.43599	200.426	
7.26721	0.160591	0	28.8704	6.78669	223.029	
1.83133	0.113153	0	-51.6075	10.1154	199.377	
1.25708	0.0862009	3.14159	-18.4087	1.49603	219.222	
4.74268	0.0557825	3.14159	-3.79392	6.85778	200.871	
3.64904	0.129016	0	38.9974	19.1494	199.158	
4.97183	0.14056	0	30.3788	13.7844	200.188	
2.56929	0.0747493	3.14159	-42.1651	-8.45562	163.815	
1.33884	0.0854873	3.14159	-45.7844	-7.98609	164.193	
3.87073	0.130951	0	29.0998	7.12335	181.077	
10.9224	0.192489	0	42.4757	-18.7129	229.472	
1.59419	0.111084	0	62.896	-3.53919	181.848	
0.176399	0.0956318	3.14159	-160.788	-63.8688	60.4466	
7.74557	0.164766	0	-25.3735	11.6424	199.339	
3.64028	0.065403	3.14159	27.11	-12.4559	171.543	
12.1596	0.203286	0	20.5504	5.69405	259.698	
8.33311	0.169893	0	40.1042	1.57714	189.11	
14.424	0.223048	0	7.66719	2.46493	223.426	
10.1218	0.185503	0	-4.81604	8.66641	212.376	
9.23051	0.177725	0	-12.335	-12.6304	210.66	
0.194341	0.0988672	0	-62.5033	-12.9342	-14.6085	
9.1054	0.176633	0	-28.1569	5.34066	244.324	
13.8501	0.21804	0	26.3132	1.54092	215.741	
1.51969	0.110433	0	-16.0942	7.36434	113.432	
10.6519	0.190129	0	33.5535	-10.248	201.025	
5.46976	0.144905	0	15.4357	-6.08342	204.008	
5.01192	0.0534328	3.14159	-2.35671	-1.54989	144.372	
9.92362	0.183773	0	37.0464	-1.06416	203.086	
5.2767	0.14322	0	29.9609	4.71733	241.151	
5.86671	0.148369	0	-25.0779	-0.368433	212.782	
8.77493	0.173749	0	-4.44878	-2.91559	184.099	
1.42677	0.08472	3.14159	-66.2958	2.10193	271.337	
7.98978	0.166897	0	-26.644	1.71326	178.834	
5.73032	0.147179	0	-35.1474	8.76921	178.906	
8.50168	0.171364	0	35.6694	9.55027	224.818	
2.58342	0.119716	0	0.720725	-0.555897	214.222	
0.483998	0.0929474	3.14159	114.502	26.3617	228.113	
9.53803	0.180408	0	-5.43943	6.11446	213.866	
2.00558	0.114674	0	25.3716	6.52324	193.376	
1.41238	0.0848456	3.14159	-23.2952	2.45427	245.949	
1.36234	0.0852822	3.14159	30.1158	2.4552	199.281	
4.70454	0.138227	0	40.594	5.58281	191.015	
7.23373	0.160299	0	-32.7414	0.982974	227.225	
1.66949	0.111741	0	3.73122	3.69282	208.617	
4.63639	0.137632	0	-27.1556	3.877	201.092	
2.11739	0.078693	3.14159	20.9597	3.70601	205.065	
1.08721	0.106659	0	55.1469	-1.96432	240.744	
7.7811	0.165076	0	12.1863	11.7757	198.234	
4.2348	0.134128	0	19.2148	9.4158	231.368	
9.55971	0.180597	0	-11.4901	-13.0613	178.074	
11.7745	0.199925	0	-12.9078	0.780728	211.686	
8.66592	0.172798	0	54.0059	2.31229	218.651	
11.3016	0.195799	0	-0.0699024	-5.50665	200.152	
0.947663	0.105441	0	17.0794	6.04146	250.578	
1.94675	0.0801822	3.14159	23.7277	-1.99829	228.76	
1.59763	0.0832289	3.14159	-16.9771	4.79692	195.579	
7.53977	0.16297	0	-0.805864	1.27918	213.667	
2.83093	0.121876	0	11.0111	7.08637	193.058	
1.4811	0.0842458	3.14159	16.8103	5.64868	190.612	
1.67702	0.0825361	3.14159	32.3638	-4.82904	228.912	
6.92588	0.157612	0	-34.6146	4.59841	221.533	
4.88421	0.139795	0	-34.9669	-3.31589	150.935	
0.328381	0.100037	0	-9.63867	-29.6905	161.108	
9.30482	0.178373	0	-34.4457	0.0374493	235.845	
3.31615	0.0682316	3.14159	-20.0058	-7.52394	153.527	
10.7492	0.190978	0	32.3915	4.64561	266.378	
11.3987	0.196646	0	39.0019	2.45545	217.017	
1.18026	0.0868712	3.14159	-9.37413	-11.9362	223.914	
8.00301	0.167012	0	26.5984	3.66635	228.784	
3.10667	0.124283	0	-37.2978	-7.89045	192.245	
4.05522	0.0617818	3.14159	-8.85026	-6.95962	195.795	
1.65593	0.111622	0	22.7456	-7.02642	183.051	
14.3867	0.222722	0	20.0892	-9.39899	227.762	
14.3327	0.222251	0	6.33171	12.4457	199.909	
15.2889	0.230595	0	-0.0421678	-1.93203	232.916	
6.07235	0.150164	0	-22.4411	0.0498445	200.281	
2.8251	0.0725169	3.14159	-63.586	10.1276	202.804	
11.6159	0.198541	0	-11.4668	-3.22348	241.33	
11.018	0.193324	0	-37.927	7.4208	221.361	
4.22087	0.134006	0	44.2746	0.217729	176.723	
16.3956	0.240253	0	16.7256	0.904773	196.937	
1.1781	0.0868901	3.14159	12.1224	-2.1394	163.789	
6.14922	0.150835	0	19.2204	3.50787	165.503	
5.00749	0.140871	0	42.1835	10.2549	164.321	
2.0537	0.115094	0	-61.6875	-22.5681	172.114	
11.629	0.198656	0	20.6825	-6.86442	208.698	
0.226915	0.0951909	3.14159	94.6242	12.8775	-3.71248	
4.32573	0.134921	0	-10.9336	-5.40798	152.468	
2.68643	0.073727	3.14159	-30.3922	-6.43976	209.138	
8.42411	0.170687	0	41.5971	-4.79485	233.546	
0.828269	0.089943	3.14159	-62.9665	-8.18109	169.779	
4.27844	0.134509	0	-50.3361	-3.12782	189.318	
3.49296	0.127654	0	32.8673	-5.68533	181.292	
4.78255	0.0554345	3.14159	29.8357	-0.250712	210.919	
1.95285	0.114213	0	44.8482	8.66712	178.223	
4.74751	0.138602	0	-20.4262	-0.0939921	175.046	
13.847	0.218012	0	-17.5625	12.8871	243.595	
4.66788	0.137907	0	-53.4873	0.797701	184.293	
12.7861	0.208754	0	21.7564	-6.47019	215.426	
7.34319	0.161254	0	3.80089	1.46052	170.086	
8.1119	0.167963	0	12.675	21.2934	214.232	
6.8298	0.156774	0	-0.660193	3.46531	187.967	
3.15267	0.124684	0	-11.6355	7.05095	208.731	
4.88951	0.139841	0	2.08628	9.20131	176.937	
0.711939	0.0909582	3.14159	22.1226	22.4114	272.723	
3.63102	0.0654837	3.14159	-19.266	11.9591	186.818	
4.65416	0.056555	3.14159	12.7335	-9.37347	235.346	
0.120001	0.096124	3.14159	43.9536	42.4977	-64.3704	
4.57188	0.057273	3.14159	-17.3122	-9.95516	180.819	
1.82917	0.113134	0	39.0697	11.1439	189.818	
11.584	0.198263	0	4.24532	4.72151	229.196	
7.64251	0.163866	0	17.8549	9.89638	228.909	
4.45691	0.0582764	3.14159	-4.33257	-12.7524	200.892	
9.09807	0.176569	0	-16.7951	5.70533	179.936	
5.25249	0.143009	0	-12.9031	-0.888043	186.91	
0.476005	0.101325	0	54.304	24.9358	151.241	
1.35385	0.0853564	3.14159	55.8463	8.16078	194.215	
9.26074	0.177988	0	-19.4971	-7.6303	179.862	
5.21139	0.14265	0	-43.782	3.31149	190.282	
13.8455	0.217999	0	38.5813	3.77552	228.386	
0.118379	0.0982043	0	14.3299	-24.6072	-27.9187	
5.52988	0.14543	0	22.252	10.6095	173.348	
8.56883	0.17195	0	24.2762	0.443985	181.662	
6.10571	0.150455	0	17.6259	1.69065	218.219	
8.04894	0.167413	0	28.8262	-3.23476	166.291	
8.14207	0.168226	0	-10.179	-2.59375	197.303	
15.4494	0.231996	0	-19.5579	4.33306	232.009	
5.56218	0.145712	0	13.4791	7.36286	179.197	
9.25512	0.177939	0	-25.9594	-3.58693	207.196	
4.61629	0.0568854	3.14159	12.256	0.826021	189.237	
5.47175	0.144922	0	20.9401	-10.4136	195.442	
5.42607	0.144524	0	-26.1996	4.91668	174.518	
4.1625	0.133497	0	-38.6811	-6.34015	190.109	
4.21882	0.133988	0	97.203	-4.50523	197.123	
0.863205	0.0896381	3.14159	110.083	26.935	187.564	
4.5791	0.05721	3.14159	0.493232	-11.0163	209.652	
13.0717	0.211246	0	7.18931	1.63822	203.038	
5.22913	0.142805	0	2.26024	8.41929	156.681	
6.61588	0.154907	0	56.4576	-9.2123	158.311	
1.22788	0.107887	0	-3.96149	0.983243	236.963	
8.65265	0.172682	0	-40.9363	-0.604767	196.653	
7.00165	0.158274	0	-46.4702	5.3333	222.482	
12.8741	0.209522	0	15.4203	3.09855	220.541	
7.34932	0.161308	0	-7.26669	-5.70593	242.982	
0.776727	0.0903928	3.14159	-23.235	-23.5214	187.538	
1.16851	0.0869738	3.14159	27.7902	-13.5053	241.614	
1.87669	0.0807935	3.14159	67.3035	6.77773	236.655	
3.59699	0.128562	0	6.45844	-0.950024	170.445	
1.76731	0.0817481	3.14159	-79.2766	-22.0838	217.855	
8.56693	0.171934	0	37.5517	3.00442	191.233	
2.67122	0.0738598	3.14159	-1.22098	6.37179	204.907	
10.1783	0.185996	0	-40.8836	-3.13214	211.872	
3.88139	0.0632988	3.14159	-23.5903	1.14939	204.27	
1.04438	0.106285	0	59.625	-2.92774	112.706	
0.308117	0.0998601	0	27.0033	10.6734	78.7337	
4.46629	0.0581945	3.14159	-38.7672	-4.19232	208.731	
5.09503	0.141635	0	30.7686	7.34376	188.857	
2.78187	0.121448	0	15.9943	-1.72234	183.37	
1.98456	0.0798522	3.14159	-40.7045	7.00333	192.482	
4.82889	0.0550301	3.14159	50.1292	2.21655	206.369	
16.9495	0.245087	0	27.2109	1.90048	198.457	
2.69937	0.0736141	3.14159	9.01493	-10.1419	160.447	
5.05995	0.0530137	3.14159	9.44163	-3.01825	214.257	
3.94436	0.131593	0	11.0419	3.77965	191.317	
11.9061	0.201074	0	20.1342	-0.980006	204.618	
5.03482	0.141109	0	-0.918059	-2.99779	164.915	
6.53707	0.154219	0	13.1077	2.26859	186.744	
1.22341	0.0864946	3.14159	-27.4585	-27.6406	253.291	
2.88185	0.122321	0	26.8437	10.0424	163.86	
7.01225	0.158366	0	-3.66622	-9.62488	245.343	
1.69384	0.111953	0	-26.3032	-3.82386	222.296	
9.07882	0.176401	0	6.86949	1.64692	224.173	
5.14215	0.0522964	3.14159	-26.6917	0.0768755	222.764	
10.0093	0.184521	0	47.9178	1.99432	208.93	
1.63276	0.0829223	3.14159	95.1452	-3.51462	167.808	
8.19628	0.168699	0	20.1924	7.17115	227.062	
9.13721	0.17691	0	-18.2522	10.1354	186.809	
6.00901	0.149611	0	27.8551	-3.8864	149.35	
9.95558	0.184052	0	17.712	6.01754	225.639	
9.73156	0.182097	0	-5.27994	10.2995	204.621	
4.05219	0.0618083	3.14159	-5.08791	-22.8313	164.128	
0.987686	0.0885518	3.14159	-5.94886	18.5703	178.547	
14.1725	0.220853	0	70.4383	3.47715	237.791	
7.16387	0.159689	0	2.44167	0.0523359	173.755	
0.787261	0.0903009	3.14159	64.8244	16.6554	238.182	
1.85495	0.113359	0	0.130168	4.64036	220.01	
3.97449	0.0624863	3.14159	37.6796	-5.64998	171.851	
11.3091	0.195864	0	21.4714	9.82752	225.744	
7.10917	0.159212	0	8.66272	-0.334591	190.143	
2.7631	0.073058	3.14159	-21.5782	1.49761	195.637	
7.26898	0.160607	0	7.41145	0.899784	204.955	
1.06622	0.0878664	3.14159	25.1337	-1.42127	219.851	
0.783016	0.0903379	3.14159	-7.42214	4.40561	141.5	
16.4358	0.240604	0	-7.22842	2.52055	260.569	
2.16648	0.0782646	3.14159	31.3415	-10.0982	192.016	
5.02329	0.141009	0	7.16004	-3.0484	185.943	
0.475726	0.0930196	3.14159	18.7308	2.83369	224.098	
7.0785	0.158944	0	20.453	7.94557	227.154	
11.3632	0.196336	0	-18.6449	0.357938	203.487	
20.5354	0.276381	0	14.2078	6.13651	214.916	
0.141179	0.0984032	0	157.657	64.9709	15.8119	
3.96419	0.0625762	3.14159	56.7857	6.34189	182.568	
3.69347	0.129404	0	43.6932	7.97779	184.529	
5.85712	0.148285	0	-10.8772	-8.89829	185.621	
7.9626	0.16666	0	13.9489	3.245	210.412	
0.456148	0.0931905	3.14159	-146.166	-29.368	168.477	
4.91963	0.140104	0	-33.5344	-0.63055	216.84	
4.18119	0.0606825	3.14159	43.2689	5.26385	187.067	
2.1142	0.115622	0	-44.5035	-10.7624	209.75	
0.00236987	0.0971919	0	20.4343	1.88905	9.30794	
7.68666	0.164252	0	24.3756	7.46614	195.51	
5.73554	0.147225	0	-37.2095	-1.29548	181.363	
2.58726	0.11975	0	29.1402	6.5519	170.768	
10.3991	0.187923	0	-7.61569	4.93079	208.202	
8.33697	0.169927	0	-9.10321	-10.8714	231.932	
2.05925	0.0792004	3.14159	12.9713	6.53129	183.569	
11.7502	0.199714	0	-8.2516	-7.21402	208.871	
10.7329	0.190836	0	-24.752	-9.24229	214.012	
6.53157	0.154171	0	15.4528	-2.15581	210.896	
1.90618	0.0805362	3.14159	-14.8974	-5.71679	220.564	
6.23628	0.151594	0	28.8527	-14.3572	191.627	
9.57453	0.180727	0	-34.3654	-9.54274	177.878	
0.144376	0.0959112	3.14159	79.3662	14.1535	32.4406	
5.13658	0.052345	3.14159	20.2695	3.02428	193.192	
14.5623	0.224254	0	6.37618	-4.92448	242.283	
4.31243	0.134805	0	24.0809	-1.53682	210.201	
0.575122	0.0921522	3.14159	-8.18869	-14.47	139.85	
10.8125	0.19153	0	7.50256	2.7312	228.722	
7.63319	0.163785	0	3.94778	-10.9899	203.286	
4.35911	0.135213	0	-36.9505	-5.04756	151.734	
1.5141	0.0839579	3.14159	-74.804	-3.30015	179.389	
0.203408	0.0989463	0	62.6307	59.6693	39.2848	
1.56248	0.110807	0	0.0420856	-1.71077	216.763	
13.8055	0.21765	0	-14.8687	-0.39776	242.323	
8.85445	0.174443	0	-18.4639	8.01348	206.507	
13.2654	0.212937	0	-10.5458	-5.80263	250.234	
7.55725	0.163122	0	-17.2952	13.7911	206.037	
6.02166	0.149721	0	-12.5137	-4.99998	168.262	
10.0034	0.184469	0	36.9071	-2.76408	216.223	
6.14668	0.0435299	3.14159	4.67267	-1.47214	169.672	
4.53355	0.136735	0	35.8664	-16.413	161.951	
5.11462	0.141806	0	-4.70488	11.5064	190.932	
2.47457	0.075576	3.14159	46.5717	-9.15437	209.541	
11.4936	0.197474	0	-40.6507	7.06688	194.181	
3.90871	0.0630604	3.14159	-2.70548	8.47368	206.097	
3.89819	0.13119	0	-28.8309	-6.6024	218.173	
0.071833	0.0977981	0	-65.8109	-15.3404	-14.3889	
20.3255	0.27455	0	-42.4135	2.28085	246.855	
0.75355	0.103747	0	-19.415	0.150018	167.566	
13.4469	0.214521	0	-22.4516	-9.8003	221.658	
2.32163	0.0769107	3.14159	-16.2263	-11.0431	198.384	
12.7882	0.208772	0	26.073	-11.5381	200.623	
4.64392	0.0566443	3.14159	11.6638	14.9642	137.756	
4.13821	0.133285	0	29.7479	10.6505	148.02	
0.0952142	0.0963403	3.14159	49.6362	41.4714	-60.6186	
8.5277	0.171591	0	16.8665	-5.74856	225.257	
13.5519	0.215437	0	-44.5132	9.18125	193.085	
2.24849	0.0775489	3.14159	-19.7795	0.738051	178.818	
16.1755	0.238333	0	7.8283	-5.12782	219.462	
2.62387	0.074273	3.14159	40.2335	12.0989	212.186	
7.48098	0.162457	0	6.3908	3.01947	226.469	
1.978	0.114433	0	-9.19652	-9.35957	176.707	
6.00222	0.0447906	3.14159	25.0274	15.7514	213.973	
8.10803	0.167929	0	2.5069	8.78488	186.84	
13.4708	0.214729	0	11.7835	5.37497	226.486	
2.93853	0.0715271	3.14159	-10.4399	-1.78721	214.025	
3.14905	0.124653	0	-13.2182	5.07133	181.778	
6.62197	0.15496	0	-44.0788	-12.252	202.483	
3.10384	0.0700844	3.14159	26.8182	-4.37797	191.722	
4.25503	0.0600381	3.14159	-41.5059	1.2357	179.442	
2.76272	0.0730613	3.14159	-66.0669	4.46926	177.141	
6.41741	0.153175	0	15.3161	-0.650653	197.819	
2.94643	0.0714581	3.14159	0.120407	3.44498	218.683	
21.5844	0.285536	0	-20.0518	0.640456	233.224	
6.11344	0.150522	0	5.34751	0.84698	161.426	
0.207407	0.0953612	3.14159	-134.912	-37.9261	51.8494	
1.20266	0.107667	0	-54.5255	-4.76928	230.608	
2.81383	0.121727	0	8.38166	-11.8509	185.643	
3.26694	0.125681	0	-4.46601	5.79907	186.286	
4.82012	0.139236	0	-31.3185	5.58085	178.259	
1.76971	0.0817272	3.14159	-45.0593	6.04809	223.887	
10.4622	0.188473	0	17.0932	-1.48507	188.159	
9.10513	0.17663	0	-28.9877	11.9548	229.585	
2.84311	0.0723598	3.14159	-21.3864	-6.4387	184.685	
0.0912481	0.0963749	3.14159	74.029	63.7693	47.919	
5.77298	0.147551	0	42.9315	8.80266	220.615	
15.3095	0.230775	0	14.7384	4.19295	238.468	
8.2884	0.169503	0	-21.5568	1.04209	194.954	
7.62572	0.16372	0	12.1811	-9.15643	240.589	
9.19391	0.177405	0	22.2886	-7.20487	222.063	
3.08749	0.0702271	3.14159	-32.4249	-7.73292	178.41	
3.20094	0.069237	3.14159	5.05219	-5.36512	224.544	
0.0675818	0.097761	0	0.0702869	19.3642	28.7305	
0.670265	0.0913219	3.14159	74.9111	-2.63499	171.749	
3.83281	0.13062	0	11.1119	4.00688	150.255	
5.14545	0.0522675	3.14159	-56.8416	2.8656	171.407	
2.29864	0.117231	0	-37.2553	5.87276	148.716	
2.57002	0.074743	3.14159	25.9293	0.798605	226.341	
7.72972	0.164627	0	38.5851	1.96405	239.461	
16.6397	0.242383	0	-44.5843	-0.253927	239.309	
0.0536868	0.0967027	3.14159	-53.8322	-68.4626	2.40111	
6.63285	0.155055	0	-32.2898	-4.38233	175.376	
1.96637	0.080011	3.14159	4.93423	-5.64633	239.883	
12.7384	0.208338	0	6.32779	4.7717	224.879	
3.81997	0.0638348	3.14159	-16.9539	-12.0728	179.898	
3.9474	0.0627228	3.14159	17.154	4.72531	168.788	
0.0630078	0.0966213	3.14159	-1.81968	3.82795	29.3257	
7.99529	0.166945	0	18.0797	-2.77257	204.477	
0.0522973	0.0976276	0	32.7127	-2.68017	8.40818	
10.4377	0.188259	0	22.1932	-3.72617	196.122	
5.51733	0.14532	0	-32.0424	-0.524824	171.206	
12.4145	0.205511	0	6.53211	-0.133312	191.641	
2.05679	0.0792219	3.14159	47.9865	0.378704	212.666	
3.05684	0.0704945	3.14159	0.939869	-3.88235	192.21	
1.59875	0.111123	0	-29.7945	-10.5139	173.143	
7.12504	0.15935	0	-20.5474	11.3969	181.198	
2.65479	0.120339	0	41.5141	8.3343	187.004	
3.61442	0.0656286	3.14159	-4.60435	-3.27523	206.93	
4.97202	0.140561	0	33.7339	23.41	176.956	
2.99263	0.0710549	3.14159	54.1541	0.410902	193.357	
4.62551	0.056805	3.14159	40.9071	-16.0809	182.34	
5.02447	0.0533233	3.14159	-45.012	-7.71829	195.163	
7.8395	0.165585	0	-7.79654	0.844523	207.596	
2.86085	0.0722049	3.14159	-26.0753	-4.95564	216.133	
1.2096	0.0866152	3.14159	46.5708	34.6649	207.642	
4.43584	0.135882	0	-17.5377	-12.05	179.013	
3.3808	0.126675	0	-34.8604	6.28743	200.483	
7.72938	0.164624	0	7.64128	5.09339	202.395	
2.3369	0.117565	0	-27.4456	-3.22034	184.925	
3.86577	0.130907	0	-14.2109	-5.8296	172.171	
4.4442	0.135955	0	40.7138	-7.89401	179.315	
2.45566	0.118601	0	-37.1009	-8.7793	229.383	
6.32586	0.152376	0	24.1478	-4.00893	178.753	
5.87851	0.148472	0	-13.6419	-7.32384	205.121	
7.93618	0.166429	0	-11.8084	1.44274	214.054	
4.76497	0.138754	0	-3.7957	0.995211	191.559	
2.54003	0.0750047	3.14159	3.54414	-10.1411	221.019	
5.499	0.14516	0	12.0406	3.53892	171.57	
1.21691	0.107791	0	-10.7756	-1.81634	197.214	
14.8142	0.226453	0	-7.56793	-2.95267	240.955	
0.791139	0.104075	0	13.5797	12.5079	249.773	
5.53909	0.0488323	3.14159	-10.5156	-7.99548	179.023	
0.682204	0.0912177	3.14159	-14.6319	-5.45938	178.041	
0.111944	0.0981481	0	98.4426	54.9258	4.08673	
10.5862	0.189555	0	21.7343	-3.37602	230.194	
18.8115	0.261337	0	10.9101	-6.88249	216.685	
8.29114	0.169527	0	29.5223	-2.61181	199.779	
16.425	0.24051	0	-14.7129	-6.03074	222.84	
0.563184	0.0922564	3.14159	57.0992	13.2039	89.8307	
3.1027	0.0700943	3.14159	3.00872	-7.40386	173.268	
4.30033	0.1347	0	44.1714	0.471918	211.501	
5.0474	0.141219	0	-37.8229	14.6983	210.769	
4.1733	0.133591	0	54.5749	2.35965	161.512	
13.8708	0.21822	0	6.15468	-6.45081	224.243	
2.39158	0.0763002	3.14159	-10.8671	-4.6933	196.877	
5.43243	0.144579	0	7.28366	-3.17251	161.962	
5.40153	0.0500328	3.14159	7.6904	-5.30432	201.97	
6.82038	0.156692	0	42.4915	-6.52541	163.189	
7.96479	0.166679	0	41.4189	0.0971317	185.289	
4.81725	0.139211	0	-6.74354	-0.149717	165.115	
0.402324	0.0936602	3.14159	83.4588	-6.84983	186.777	
0.884644	0.104891	0	-62.975	-8.35796	227.59	
6.98168	0.158099	0	-28.8271	0.600454	204.142	
1.49213	0.110193	0	24.4136	-5.11039	192.874	
1.38708	0.0850663	3.14159	123.785	0.793019	168.05	
2.4652	0.0756577	3.14159	-30.9326	18.2061	185.766	
4.57089	0.137061	0	-8.16767	3.98173	196.316	
12.2248	0.203856	0	10.1664	3.16073	230.626	
12.4329	0.205671	0	15.1821	1.80029	222.07	
7.98713	0.166874	0	59.7746	-0.862931	227.57	
0.593199	0.0919944	3.14159	26.0613	-6.28551	124.8	
6.19361	0.151222	0	-22.8664	-5.60021	200.516	
1.88428	0.113615	0	29.972	6.10343	200.678	
0.913311	0.0892009	3.14159	46.2001	10.6245	187.555	
4.02982	0.132339	0	46.8235	-5.26208	210.088	
0.665632	0.0913623	3.14159	27.7106	14.2511	207.565	
1.24129	0.0863387	3.14159	-74.46	-3.26655	165.781	
4.58246	0.137162	0	20.9019	-5.26923	177.496	
2.17161	0.0782198	3.14159	2.96536	-2.18438	244.715	
8.48093	0.171183	0	-52.5737	-1.46492	207.333	
0.0144008	0.0970455	3.14159	9.27364	-65.668	0.968661	
9.85886	0.183208	0	-28.5781	7.40988	240.734	
0.193658	0.0954812	3.14159	95.3203	30.9403	85.3902	
3.93541	0.0628274	3.14159	-15.9447	6.63099	207.379	
2.20133	0.0779605	3.14159	13.3661	5.23686	239.19	
0.452561	0.101121	0	-82.1758	-19.5523	24.0486	
4.93439	0.0541094	3.14159	-31.041	-1.2121	207.952	
0.0711821	0.09655	3.14159	44.6748	79.1892	-1.60019	
2.56719	0.119575	0	-29.3196	7.51113	208.861	
3.76643	0.13004	0	-58.8404	3.77447	176.582	
0.122549	0.0961017	3.14159	-74.7672	-74.1095	63.1305	
2.44896	0.0757995	3.14159	-52.8469	9.8991	166.817	
8.77714	0.173768	0	19.4472	5.04466	183.221	
8.49763	0.171329	0	10.8476	2.55409	240.787	
10.999	0.193158	0	20.1551	1.59765	197.597	
1.52655	0.0838492	3.14159	-2.45886	20.0329	161.921	
15.586	0.233188	0	-0.414351	-2.48785	270.394	
9.59881	0.180939	0	-5.68186	2.30331	230.731	
2.469	0.118718	0	10.418	-3.83202	196.752	
9.99876	0.184429	0	-28.6327	6.58208	214.244	
11.7396	0.199621	0	15.5286	5.49545	218.627	
2.10201	0.0788272	3.14159	80.6078	13.872	165.409	
2.07043	0.0791029	3.14159	10.6151	24.4799	203.666	
1.8619	0.11342	0	18.6727	2.05773	251.462	
0.161779	0.098583	0	-9.06469	23.5128	-8.88123	
6.02816	0.149778	0	31.5975	10.6509	176.705	
5.69041	0.146831	0	-27.3007	6.16484	182.153	
3.41798	0.126999	0	20.7735	0.669536	223.145	
10.5236	0.189009	0	-29.4112	-3.82062	223.658	
0.820295	0.0900126	3.14159	24.2738	6.48761	151.322	
0.984175	0.10576	0	-75.007	2.62558	170.642	
5.0413	0.141166	0	-33.0317	0.00721389	198.087	
1.74632	0.112411	0	-20.3485	0.187021	168.046	
7.61602	0.163635	0	45.6587	-0.27581	180.244	
1.79503	0.0815062	3.14159	72.2243	8.48633	227.012	
10.5438	0.189186	0	-35.5453	-4.92006	206.153	
1.34576	0.108915	0	-70.8044	-16.5551	146.402	
0.502291	0.101555	0	-54.0728	-9.35182	167.362	
13.7579	0.217234	0	-46.4418	-17.5257	180.581	
5.35154	0.143873	0	9.16164	-9.75286	223.988	
10.6975	0.190527	0	14.0703	-8.82039	229.291	
15.703	0.234209	0	52.8428	10.7243	236.206	
0.030374	0.0974363	0	-21.4536	4.81667	-24.3088	
7.52436	0.162835	0	-24.5205	6.94197	206.166	
9.02246	0.175909	0	29.8825	-4.17659	189.316	
2.35198	0.117697	0	28.6016	-28.9342	219.691	
1.23972	0.10799	0	-65.7761	9.99146	245.552	
6.78802	0.156409	0	-29.6734	5.57432	195.34	
3.40386	0.126876	0	-6.7972	6.80526	203.244	
1.59796	0.111116	0	-25.2458	-20.5596	198.599	
11.727	0.199511	0	-10.5339	-7.67131	225.398	
6.7142	0.155765	0	11.7611	-11.8452	173.258	
11.0484	0.193589	0	-18.7389	6.8637	173.071	
3.94259	0.131578	0	-43.1976	-4.78378	179.938	
2.25053	0.0775311	3.14159	-40.5735	4.93504	109.062	
13.7556	0.217215	0	29.7872	-9.15156	250.266	
1.25875	0.108156	0	-31.2992	1.58636	220.209	
0.840856	0.0898332	3.14159	21.9534	9.49306	188.42	
12.6441	0.207515	0	-31.4908	3.43013	211.855	
7.31496	0.161008	0	-25.1128	2.01772	185.853	
4.68658	0.13807	0	-20.8229	11.5404	189.113	
3.81239	0.0639009	3.14159	59.5952	4.16748	161.06	
5.3523	0.14388	0	52.3246	-0.823685	212.865	
5.47419	0.144944	0	-1.21854	5.69026	216.656	
17.1526	0.246859	0	-16.6633	-12.7203	224.431	
2.24302	0.0775966	3.14159	-72.8853	-1.43441	213.375	
1.74334	0.0819573	3.14159	-21.0783	-19.1142	179.53	
5.15786	0.142183	0	-6.01076	-23.0109	198.443	
5.79767	0.0465757	3.14159	1.20146	5.83533	207.965	
0.486969	0.101421	0	18.9927	8.84356	53.1265	
10.0729	0.185076	0	37.4283	-9.04046	231.401	
11.0289	0.193419	0	-15.7333	-0.709777	238.23	
1.54561	0.0836829	3.14159	42.5934	7.6462	225.919	
3.63183	0.128866	0	-28.5982	-6.24416	232.571	
7.0847	0.158998	0	31.754	8.26067	161.308	
4.58653	0.137197	0	-2.99401	3.68089	183.203	
5.98232	0.149378	0	1.62782	-3.61666	217.781	
7.82177	0.165431	0	-16.548	2.98198	248.017	
4.0077	0.132146	0	53.9131	-5.90434	172.936	
4.96204	0.0538682	3.14159	37.1822	3.19976	162.27	
2.4781	0.118797	0	67.6035	16.3201	188.531	
0.437586	0.10099	0	129.248	13.6715	139.187	
6.37522	0.152807	0	-1.18046	8.44882	172.487	
1.32359	0.108722	0	56.5964	-7.36447	273.428	
8.19294	0.16867	0	36.7715	-6.34636	184.219	
2.84134	0.0723752	3.14159	-26.907	4.29442	219.175	
9.44635	0.179608	0	30.2026	-1.87811	201.871	
9.78007	0.182521	0	15.5021	10.4038	241.262	
5.16413	0.142238	0	25.0236	7.92755	185.283	
2.47701	0.0755547	3.14159	20.0261	-5.38252	221.184	
6.27568	0.151938	0	-9.84379	18.1023	207.599	
0.846633	0.0897827	3.14159	-45.6864	-26.2031	128.145	
6.74335	0.15602	0	38.7234	-6.0484	154.306	
5.62645	0.0480699	3.14159	-25.3216	-10.1866	179.772	
2.41928	0.0760585	3.14159	6.90971	10.6894	169.099	
8.93119	0.175113	0	11.1189	-10.4068	189.784	
1.85414	0.0809903	3.14159	34.237	0.817612	151.696	
3.3529	0.126432	0	19.1308	1.68982	218.038	
4.82784	0.139303	0	25.1502	8.10486	127.82	
12.6876	0.207894	0	-22.3281	-10.3725	225.451	
3.11238	0.124333	0	35.7399	-6.10859	208.37	
1.95437	0.114227	0	67.5303	0.141589	203.994	
11.9064	0.201077	0	-21.1416	1.96442	261.819	
1.62133	0.0830221	3.14159	-39.6087	8.0494	203.002	
0.0891012	0.0979488	0	-68.1565	-42.8253	38.2949	
6.78047	0.156343	0	29.5648	3.36996	254.744	
1.30751	0.0857607	3.14159	106.087	12.3753	167.847	
21.1595	0.281827	0	-31.547	-1.56249	233.974	
7.79476	0.165195	0	28.7082	1.26621	215.034	
8.48911	0.171255	0	-22.1781	9.03883	233.915	
3.4356	0.127153	0	-10.1153	7.96824	205.469	
2.90005	0.12248	0	13.411	4.86425	158.953	
5.25059	0.142992	0	-4.236	8.73096	236.668	
3.79611	0.130299	0	-3.12841	-1.73433	195.985	
1.60876	0.111211	0	-18.9237	-3.90677	179.37	
7.90632	0.166169	0	20.41	5.31468	221.998	
12.6311	0.207401	0	11.9382	1.64051	224.065	
4.50679	0.057841	3.14159	19.3766	0.952959	209.578	
13.3445	0.213627	0	2.67752	3.61588	245.282	
4.8054	0.139107	0	-38.4245	-3.8214	187.029	
5.61811	0.1462	0	41.427	-6.27369	172.998	
2.41195	0.11822	0	-65.6433	-5.15133	193.125	
9.68089	0.181655	0	-1.20791	-12.5083	189.463	
8.0525	0.167444	0	-63.2287	0.820971	215.892	
8.89681	0.174812	0	-5.75694	4.17185	241.501	
2.33541	0.0767904	3.14159	-9.29331	12.4068	186.941	
12.0457	0.202292	0	-2.24879	3.16463	185.743	
2.50911	0.0752745	3.14159	55.2386	-5.85589	185.263	
8.61725	0.172373	0	44.5773	15.1443	219.681	
4.72594	0.0559286	3.14159	-19.4883	-10.9181	214.795	
11.8259	0.200374	0	6.53568	-4.54895	237.379	
2.47233	0.118747	0	63.3644	-7.89244	189.163	
0.2462	0.0950226	3.14159	-64.8206	-26.7508	113.08	
1.30961	0.0857424	3.14159	148.681	-13.5109	135.746	
10.5742	0.189451	0	-9.48229	-0.915201	195.445	
4.15983	0.133473	0	-37.2944	-2.77742	202.474	
5.73751	0.147242	0	2.14547	9.80873	175.708	
3.05	0.123788	0	27.3084	0.86848	190.16	
10.3663	0.187637	0	23.0079	3.23404	234.412	
7.92364	0.16632	0	12.0077	11.1248	177.746	
3.56453	0.066064	3.14159	-30.6913	-8.48003	197.928	
11.9209	0.201203	0	-10.6234	-11.0244	230.58	
3.2089	0.125175	0	39.0997	1.60387	217.616	
1.68396	0.0824755	3.14159	21.5645	-1.66732	240.75	
2.77517	0.12139	0	-20.0741	-3.69247	168.143	
3.12385	0.124433	0	-34.561	-6.22209	174.283	
4.5507	0.136885	0	-34.7201	9.11987	215.388	
5.89791	0.148641	0	9.60239	-3.20783	188.005	
10.7358	0.190862	0	-11.5314	1.75898	214.582	
1.33763	0.108844	0	-113.491	4.67226	188.955	
8.01965	0.167158	0	-6.66604	-1.99837	159.336	
9.70664	0.18188	0	-13.2631	-0.545868	214.944	
16.0709	0.237419	0	25.7571	-0.482324	242.963	
1.11024	0.0874823	3.14159	-18.1921	-7.56199	203.065	
1.5482	0.110682	0	28.6887	0.883676	217.805	
0.222171	0.0991101	0	-17.2986	-40.0686	-15.8637	
3.29984	0.0683739	3.14159	16.0565	-4.74657	198.416	
0.327381	0.0943142	3.14159	72.2326	21.8114	69.9962	
16.8753	0.244439	0	33.2841	7.72538	230.703	
1.86979	0.113489	0	14.6514	-15.2255	227.901	
1.18794	0.107538	0	-68.7918	-11.3222	212.49	
10.2974	0.187035	0	-2.47721	-8.97721	200.155	
0.30171	0.0998042	0	97.7229	55.2813	62.1701	
2.19404	0.116318	0	20.1234	-5.74879	210.922	
2.37557	0.0764399	3.14159	22.1794	9.17732	188.707	
10.4058	0.187981	0	1.05396	-3.54617	191.864	
0.680499	0.0912326	3.14159	-165.977	-31.1256	230.362	
11.4392	0.196999	0	-35.9873	-1.29334	209.165	
4.41224	0.0586661	3.14159	1.98645	0.504278	194.979	
7.07575	0.15892	0	31.0518	4.65825	227.237	
10.2841	0.18692	0	6.90458	-15.674	202.674	
1.23871	0.107981	0	-79.4506	1.92112	157.389	
6.00111	0.0448003	3.14159	7.57156	-7.50131	179.496	
7.74513	0.164762	0	-19.6065	10.8711	217.207	
8.2187	0.168895	0	32.9784	4.77809	175.782	
4.24497	0.0601259	3.14159	12.018	3.40495	204.231	
10.4122	0.188037	0	27.8524	9.30581	220.962	
0.653847	0.102877	0	-8.26202	8.77746	90.8164	
5.30521	0.143469	0	22.8742	10.1108	196.899	
9.60447	0.180988	0	0.47592	-6.87892	191.132	
0.137754	0.0983734	0	-53.5685	-0.400941	-51.3963	
5.19377	0.142497	0	9.61406	0.858005	189.577	
0.829889	0.104414	0	-58.6232	-23.359	160.333	
14.2073	0.221156	0	-21.204	2.35252	237.858	
6.14477	0.150796	0	-5.45627	-8.25402	175.057	
16.863	0.244333	0	-25.8292	6.09592	228.186	
8.65194	0.172676	0	7.32066	-6.89812	215.186	
5.32387	0.143632	0	-19.1376	-8.05619	188.87	
1.48516	0.110132	0	-19.5454	-3.36583	214.21	
14.1937	0.221038	0	-40.6757	1.04505	227.058	
2.0789	0.0790289	3.14159	4.92315	11.5978	221.082	
1.00665	0.0883863	3.14159	21.3433	-0.225051	250.583	
2.30843	0.0770258	3.14159	-30.9257	6.11356	176.062	
5.81897	0.147953	0	43.0283	1.87556	169.566	
0.701349	0.103292	0	73.8048	-7.82636	175.109	
4.6724	0.137947	0	2.5579	-9.99243	165.281	
2.58383	0.11972	0	-32.5016	-0.154114	219.785	
5.97387	0.149304	0	9.67994	-0.391346	220.219	
9.34755	0.178746	0	18.9618	-5.3237	194.302	
8.92406	0.17505	0	41.7739	-0.537378	208.469	
5.93218	0.148941	0	-30.4295	-8.94743	219.604	
3.16907	0.0695151	3.14159	-40.1903	16.3937	217.466	
7.77953	0.165062	0	-47.348	7.69036	236.331	
8.25509	0.169212	0	-6.5711	5.41312	209.375	
11.8521	0.200603	0	33.3804	-1.69654	255.781	
4.49046	0.136359	0	31.4266	5.88489	185.232	
0.300175	0.0997908	0	-39.0451	-18.2851	55.6399	
4.67769	0.0563496	3.14159	-4.92995	-16.5654	179.742	
4.44327	0.135947	0	32.7976	-6.93755	197.195	
8.33257	0.169888	0	25.2257	7.35013	218.724	
1.47365	0.110032	0	29.8048	11.4149	196.093	
13.9685	0.219072	0	-36.5717	5.73086	232.135	
3.12758	0.124465	0	-32.1025	-18.1129	183.088	
1.05424	0.087971	3.14159	100.939	28.005	229.246	
12.0066	0.201951	0	29.9446	-0.908112	231.5	
8.60142	0.172235	0	3.80545	3.03504	216.905	
21.8916	0.288216	0	-13.1749	0.502177	240.358	
12.3684	0.205108	0	-14.2237	-1.46057	227.99	
29.3572	0.353368	0	33.4388	-4.24741	254.902	
10.8106	0.191514	0	35.2669	-5.47468	216.64	
7.33871	0.161215	0	10.5432	3.82039	207.555	
12.9056	0.209796	0	-0.166273	-3.61479	248.437	
5.47462	0.144947	0	-11.4763	11.1659	166.19	
3.88231	0.0632908	3.14159	-31.4077	-3.56922	145.77	
11.2627	0.195459	0	15.811	4.40043	213.812	
1.21428	0.107768	0	5.21466	6.26403	136.237	
4.40386	0.135603	0	4.269	-11.6664	173.454	
8.89822	0.174825	0	72.3435	4.00717	198.195	
4.46796	0.136163	0	30.7697	13.364	142.809	
13.965	0.219042	0	12.3068	-0.981043	214.124	
3.43983	0.12719	0	-20.4757	6.44431	171.3	
4.37713	0.13537	0	-27.9621	6.37052	189.839	
28.3077	0.344209	0	-4.6658	1.06929	234.103	
0.370821	0.100407	0	99.4517	33.2301	46.335	
8.44578	0.170876	0	5.09415	8.84291	211.284	
12.6476	0.207545	0	-23.2895	-2.76894	252.532	
5.65726	0.0478011	3.14159	8.36995	10.2543	182.525	
3.76672	0.130043	0	-28.2938	19.73	202.513	
12.5805	0.20696	0	-30.6001	-11.082	192.008	
2.32595	0.117469	0	-49.4935	-7.52579	197.721	
7.75893	0.164882	0	9.0859	-9.59018	194.258	
1.37102	0.0852065	3.14159	-13.2093	10.9277	270.831	
0.949929	0.0888813	3.14159	-86.7667	-26.7481	176.048	
10.0288	0.184692	0	-54.0765	-1.56363	229.328	
1.89703	0.0806161	3.14159	-4.51976	-0.847705	197.999	
6.83715	0.156838	0	-27.7927	1.32643	221.455	
9.84536	0.18309	0	11.3923	-2.01735	225.627	
1.62533	0.0829872	3.14159	-3.76754	6.36922	165.095	
11.1842	0.194774	0	-37.1896	-1.95077	233.48	
17.088	0.246296	0	-26.0471	-4.68251	244.408	
7.46092	0.162282	0	55.6191	13.5168	213.186	
9.02248	0.175909	0	-41.1333	-8.86852	188.109	
1.15997	0.0870483	3.14159	46.8318	-2.60813	171.494	
4.94532	0.140328	0	-9.6418	-4.9745	230.554	
5.53869	0.145507	0	-14.4192	-1.68611	160.594	
14.3687	0.222565	0	-36.7788	1.46601	236.821	
5.14256	0.14205	0	-27.5155	2.10685	165.367	
2.46974	0.118724	0	70.8803	-10.699	166.884	
11.8603	0.200674	0	-51.3921	6.32371	216.971	
2.3641	0.117802	0	27.5703	0.383275	218.84	
1.53336	0.110553	0	-18.7046	-3.70837	237.275	
10.8638	0.191978	0	-23.1291	-16.928	216.961	
4.66455	0.137878	0	13.1037	8.73799	174.533	
7.67668	0.164165	0	-31.2949	4.30334	217.476	
15.6198	0.233483	0	-21.8832	-1.31383	210.006	
7.57095	0.163242	0	34.9053	-6.10899	172.182	
0.0854809	0.0964252	3.14159	-6.6324	-39.8036	15.4358	
5.85679	0.148283	0	-63.7236	-7.81464	139.464	
2.41367	0.118235	0	64.3776	-10.2306	247.399	
3.60128	0.0657433	3.14159	-27.817	-6.20903	183.753	
14.537	0.224034	0	11.4025	-2.29499	227.916	
12.0273	0.202132	0	-5.25508	-15.9179	218.904	
0.98498	0.105767	0	-38.2632	15.6344	187.758	
5.06219	0.141348	0	14.1862	0.482148	173.055	
6.47465	0.153675	0	-3.76628	10.365	241.468	
6.31493	0.152281	0	-54.3125	-1.65337	174.751	
3.98992	0.0623517	3.14159	-8.95254	-1.48341	145.671	
8.51583	0.171488	0	14.3567	-5.23878	182.085	
10.7627	0.191096	0	1.22299	-2.05182	194.828	
12.0806	0.202597	0	-7.07348	5.08538	232.54	
0.223024	0.0991175	0	-10.544	-6.58468	100.679	
2.7497	0.121167	0	-50.0298	4.93917	155.614	
0.707037	0.091001	3.14159	4.47252	-5.72275	129.149	
0.943754	0.105407	0	0.217573	11.7066	226.816	
0.685184	0.0911917	3.14159	-64.5834	10.9698	193.796	
10.8379	0.191752	0	52.859	-5.03921	237.604	
15.5168	0.232584	0	-8.77002	0.807016	241.991	
5.81963	0.147958	0	38.9542	-11.5169	209.855	
2.24023	0.077621	3.14159	25.5713	3.97432	164.776	
1.55092	0.0836365	3.14159	47.6535	-2.43221	212.218	
4.79484	0.139015	0	11.1771	-8.47993	154.838	
0.195068	0.0954689	3.14159	86.3936	43.0601	87.4015	
1.32916	0.0855718	3.14159	-42.8901	-22.5327	195.648	
3.95204	0.13166	0	-13.5215	4.39937	180.428	
8.69985	0.173094	0	-26.1409	9.26004	200.67	
1.60776	0.0831405	3.14159	-54.0954	-4.11586	208.738	
9.96553	0.184139	0	-32.3134	7.15162	197.112	
4.55014	0.13688	0	16.7797	3.56632	153.512	
2.76829	0.12133	0	15.8073	7.34971	191.615	
7.01165	0.158361	0	-9.71377	-1.70792	167.823	
6.02483	0.149749	0	26.1795	0.341367	153.36	
6.99551	0.15822	0	-27.5879	0.81053	212.712	
1.04971	0.106332	0	-69.6284	7.8181	219.175	
3.86339	0.130887	0	-4.38998	-3.21348	141.003	
7.90339	0.166143	0	-2.24921	-4.05599	218.934	
4.04191	0.061898	3.14159	54.6936	-3.29728	137.773	
0.898617	0.0893291	3.14159	68.1554	31.1459	158.886	
0.596846	0.0919626	3.14159	73.1518	1.64712	275.835	
13.2248	0.212582	0	33.2993	-3.9808	204.173	
5.21794	0.142707	0	-17.141	5.37082	205.783	
9.70259	0.181844	0	-35.3369	2.4985	215.25	
1.63725	0.111459	0	2.79917	4.94047	199.254	
5.5923	0.145974	0	39.889	-2.38089	207.1	
2.20965	0.116454	0	1.26154	9.56677	210.727	
4.09722	0.132927	0	52.6034	13.556	182.407	
2.29451	0.117195	0	-29.7684	4.08473	147.132	
1.356	0.0853376	3.14159	-43.8411	8.03572	195.108	
3.74037	0.0645295	3.14159	25.0142	4.37917	132.208	
5.91591	0.0455439	3.14159	93.1924	-2.52327	164.926	
1.17796	0.0868913	3.14159	-36.6956	-2.45417	201.673	
4.64257	0.137686	0	-14.522	9.50083	167.84	
2.28603	0.117121	0	52.2228	-10.5811	223.817	
20.194	0.273402	0	-10.8243	-0.612356	248.987	
6.81735	0.156665	0	13.4568	1.11137	164.104	
3.54938	0.128146	0	6.52569	-5.8663	183.924	
1.98749	0.114516	0	62.7556	2.68124	169.026	
3.91812	0.131364	0	-13.8788	-7.91363	192.616	
0.0462906	0.0975752	0	-12.2759	3.07196	30.6741	
1.13301	0.107059	0	-18.0827	-6.53537	146.211	
2.4039	0.11815	0	71.233	-0.205992	200.277	
15.0328	0.228361	0	4.3291	-5.89179	213.155	
4.2491	0.134253	0	-38.2236	-5.75919	172.278	
6.73889	0.155981	0	35.8013	-7.93876	196.84	
1.18866	0.086798	3.14159	-19.0137	9.45084	153.792	
0.217999	0.0952687	3.14159	25.0201	22.878	85.5342	
0.275869	0.0947637	3.14159	-16.0409	-4.94732	85.6874	
8.22111	0.168916	0	25.7749	3.14526	222.593	
4.79298	0.138999	0	-43.0238	0.805842	224.959	
0.477666	0.10134	0	-1.4429	5.5751	180.33	
17.905	0.253426	0	2.46096	-0.936089	254.159	
6.39703	0.152997	0	22.8002	-9.08173	190.591	
4.97237	0.140564	0	-3.21122	3.11125	195.404	
1.65672	0.0827133	3.14159	-2.44223	-0.333558	189.362	
3.41988	0.0673264	3.14159	14.7192	4.53151	203.551	
9.19629	0.177426	0	9.84503	10.5467	207.892	
9.82864	0.182944	0	-18.3834	-8.91514	184.709	
3.10963	0.124309	0	-46.101	-9.81646	207.966	
6.23538	0.151587	0	-0.243687	-0.359236	176.255	
14.2727	0.221727	0	20.489	-3.0846	227.399	
13.1169	0.211641	0	8.45303	6.79313	196.786	
4.90202	0.13995	0	-1.50265	0.498368	189.298	
1.44697	0.109799	0	16.6098	-17.5328	156.652	
3.31598	0.0682331	3.14159	-16.5409	-7.01867	203.151	
5.64549	0.146439	0	-16.06	-21.8175	190.392	
12.3041	0.204548	0	-17.9344	-2.49869	238.918	
3.93736	0.0628103	3.14159	60.1151	-12.2592	142.333	
13.6304	0.216121	0	17.5126	-4.21958	196.768	
1.31249	0.0857173	3.14159	131.217	19.9496	114.089	
9.54054	0.18043	0	41.8974	-5.70686	219.525	
4.83374	0.139355	0	-55.6607	2.40178	167.412	
2.90611	0.0718099	3.14159	22.7407	8.10059	197.04	
9.7885	0.182594	0	36.8868	-4.35288	206.279	
2.54663	0.119395	0	4.32193	13.4292	232.434	
5.32611	0.143651	0	67.3301	-0.869279	169.411	
1.38413	0.10925	0	-45.9446	1.41052	201.129	
0.659812	0.102929	0	12.6707	-5.2744	226.388	
17.3775	0.248822	0	-4.31546	-0.747722	213.127	
9.29872	0.17832	0	-4.06051	2.28924	210.464	
12.265	0.204206	0	10.8764	4.6781	265.014	
10.7786	0.191235	0	-9.44163	-9.50482	212.486	
6.4385	0.153359	0	-39.3257	12.8478	201.919	
1.92946	0.114009	0	27.3644	1.54365	190.724	
4.21716	0.0603686	3.14159	-13.4511	-4.869	171.657	
8.54482	0.171741	0	-15.2477	-3.11339	192.799	
8.12343	0.168063	0	-0.30525	-5.20462	210.16	
10.8923	0.192227	0	-78.1902	-3.47778	238.391	
11.0901	0.193953	0	47.8276	-2.60407	194.035	
16.9774	0.245331	0	-36.2066	7.47235	229.329	
3.54946	0.0661956	3.14159	19.4215	5.63558	180.063	
0.19953	0.0989125	0	23.8001	35.4865	149.076	
8.32951	0.169862	0	-0.541348	-11.825	201.966	
7.35664	0.161372	0	-12.8914	-7.86806	209.638	
9.67999	0.181647	0	-62.0342	-3.31421	180.216	
12.6503	0.207568	0	-0.959051	1.48694	202.227	
11.8643	0.200709	0	-20.5372	3.08448	215.576	
6.61104	0.154865	0	-20.31	4.2811	237.399	
5.04506	0.141199	0	9.88725	18.4864	204.476	
5.23252	0.142835	0	-44.7277	-15.736	220.825	
0.33508	0.100095	0	-118.46	-21.6978	-66.5691	
1.03082	0.106167	0	112.252	24.1028	136.172	
13.9779	0.219155	0	6.69146	12.8812	172.348	
0.967885	0.105618	0	14.7158	12.5818	229.889	
5.80241	0.147808	0	-46.5046	2.34214	176.318	
16.3718	0.240045	0	-17.5741	5.0548	224.742	
10.8609	0.191953	0	2.78658	3.40208	178.753	
2.0862	0.115377	0	44.221	-3.64724	242.923	
0.608341	0.0918623	3.14159	-45.5538	4.33954	215.425	
2.84599	0.0723346	3.14159	7.23449	-0.843546	207.434	
5.65164	0.146492	0	-16.1148	14.4894	203.733	
0.261413	0.0994525	0	79.1283	51.1714	-4.34889	
2.12668	0.11573	0	18.7873	-2.6219	162.907	
3.07125	0.0703688	3.14159	-18.822	1.8423	157.099	
17.2926	0.248081	0	-25.6037	-1.36075	203.047	
14.4423	0.223207	0	42.1897	-5.31608	233.619	
4.23727	0.134149	0	10.8422	3.56542	206.294	
4.22037	0.0603406	3.14159	20.1006	1.13216	201.951	
2.22786	0.0777289	3.14159	25.6234	-15.396	185.152	
1.79996	0.0814631	3.14159	-2.66491	-3.66289	201.464	
3.1891	0.0693404	3.14159	59.0943	7.61962	148.371	
3.96149	0.0625998	3.14159	6.94187	10.1144	202.348	
7.61459	0.163623	0	-53.6308	0.0123008	198.078	
13.435	0.214417	0	51.6302	2.1006	227.5	
4.70905	0.0560759	3.14159	-37.5667	-5.56149	211.769	
12.1709	0.203385	0	0.612065	2.3378	200.792	
7.62905	0.163749	0	-8.25111	0.746396	183.299	
17.0587	0.24604	0	-2.02352	-6.70108	249.502	
0.355568	0.0940682	3.14159	-39.7404	-10.8155	217.155	
7.80561	0.16529	0	-1.17223	-12.2	203.611	
4.73363	0.0558614	3.14159	-11.9119	8.56075	201.952	
12.6347	0.207433	0	16.6471	-3.01472	200.732	
4.39682	0.135542	0	-0.457718	-0.149295	179.724	
3.66081	0.129119	0	-31.0783	9.77855	185.498	
9.87555	0.183354	0	29.9921	-4.47235	224.568	
3.56661	0.128297	0	-37.9159	-0.633017	176.744	
14.18	0.220918	0	29.595	4.02587	224.56	
5.69137	0.146839	0	26.8335	7.58582	196.033	
2.47299	0.118753	0	-0.231661	-3.76519	233.485	
0.888651	0.104926	0	-77.8023	-18.1206	257.812	
3.20764	0.125164	0	-16.5132	12.3249	159.711	
8.16303	0.168409	0	-7.19761	-3.65822	187.993	
3.12159	0.0699295	3.14159	9.5748	6.14249	159.293	
9.42211	0.179397	0	18.1227	-3.68194	211.755	
11.7832	0.200002	0	-21.8203	-2.29114	220.295	
11.4359	0.196971	0	-12.0706	-3.52018	233.448	
12.8492	0.209305	0	49.4282	-6.66625	228.853	
6.60501	0.154812	0	6.04436	-7.32832	157.533	
4.86973	0.139669	0	-53.8143	-17.0633	174.631	
11.4438	0.19704	0	29.2379	5.73589	232.687	
12.2086	0.203714	0	-44.1517	5.28969	243.861	
2.96219	0.0713206	3.14159	22.0566	-4.86983	134.856	
10.6985	0.190536	0	22.8244	-2.13046	224.894	
5.09476	0.0527099	3.14159	3.31746	-11.8156	206.881	
8.92128	0.175026	0	11.0951	5.16706	184.976	
15.4039	0.231599	0	-54.9544	-2.45196	218.163	
13.7364	0.217047	0	14.1075	-2.75548	211.995	
16.5579	0.24167	0	20.8829	-1.80915	211.325	
0.958177	0.0888093	3.14159	23.0938	15.1892	232.426	
3.37866	0.0676861	3.14159	-23.7685	-5.19898	196.03	
1.31609	0.108657	0	54.9482	-1.48037	206.441	
6.04769	0.149949	0	-22.2355	-4.43666	171.936	
12.2624	0.204183	0	-51.8719	-1.60074	225.389	
3.75184	0.0644294	3.14159	-29.7115	7.74844	225.861	
15.2167	0.229965	0	20.9662	1.78277	239.783	
1.28246	0.0859794	3.14159	-37.573	-1.03651	221.216	
2.90999	0.122566	0	-61.8722	-14.8085	174.626	
14.9212	0.227386	0	0.315862	-2.52953	243.814	
5.30783	0.143492	0	18.3443	1.10774	173.995	
3.79931	0.130327	0	2.76465	1.42235	205.119	
27.4621	0.336829	0	0.886326	2.43663	241.912	
3.00464	0.123392	0	-6.47071	-5.44994	180.199	
